,0,1
0,ENSG00000000003,TSPAN6
1,ENSG00000000005,TNMD
2,ENSG00000000419,DPM1
3,ENSG00000000457,SCYL3
4,ENSG00000000938,FGR
5,ENSG00000000971,CFH
6,ENSG00000001036,FUCA2
7,ENSG00000001084,GCLC
8,ENSG00000001167,NFYA
9,ENSG00000001460,STPG1
10,ENSG00000001461,NIPAL3
11,ENSG00000001497,LAS1L
12,ENSG00000001561,ENPP4
13,ENSG00000001617,SEMA3F
14,ENSG00000001626,CFTR
15,ENSG00000001629,ANKIB1
16,ENSG00000001630,CYP51A1
17,ENSG00000001631,KRIT1
18,ENSG00000002016,RAD52
19,ENSG00000002330,BAD
20,ENSG00000002549,LAP3
21,ENSG00000002586,CD99
22,ENSG00000002587,HS3ST1
23,ENSG00000002726,AOC1
24,ENSG00000002745,WNT16
25,ENSG00000002746,HECW1
26,ENSG00000002822,MAD1L1
27,ENSG00000002834,LASP1
28,ENSG00000002919,SNX11
29,ENSG00000002933,TMEM176A
30,ENSG00000003056,M6PR
31,ENSG00000003096,KLHL13
32,ENSG00000003137,CYP26B1
33,ENSG00000003147,ICA1
34,ENSG00000003249,DBNDD1
35,ENSG00000003393,ALS2
36,ENSG00000003400,CASP10
37,ENSG00000003402,CFLAR
38,ENSG00000003436,TFPI
39,ENSG00000003509,NDUFAF7
40,ENSG00000003756,RBM5
41,ENSG00000003987,MTMR7
42,ENSG00000003989,SLC7A2
43,ENSG00000004059,ARF5
44,ENSG00000004139,SARM1
45,ENSG00000004142,POLDIP2
46,ENSG00000004399,PLXND1
47,ENSG00000004455,AK2
48,ENSG00000004468,CD38
49,ENSG00000004478,FKBP4
50,ENSG00000004487,KDM1A
51,ENSG00000004534,RBM6
52,ENSG00000004660,CAMKK1
53,ENSG00000004700,RECQL
54,ENSG00000004766,VPS50
55,ENSG00000004776,HSPB6
56,ENSG00000004777,ARHGAP33
57,ENSG00000004779,NDUFAB1
58,ENSG00000004799,PDK4
59,ENSG00000004809,SLC22A16
60,ENSG00000004838,ZMYND10
61,ENSG00000004846,ABCB5
62,ENSG00000004848,ARX
63,ENSG00000004864,SLC25A13
64,ENSG00000004866,ST7
65,ENSG00000004897,CDC27
66,ENSG00000004939,SLC4A1
67,ENSG00000004948,CALCR
68,ENSG00000004961,HCCS
69,ENSG00000004975,DVL2
70,ENSG00000005007,UPF1
71,ENSG00000005020,SKAP2
72,ENSG00000005022,SLC25A5
73,ENSG00000005073,HOXA11
74,ENSG00000005075,POLR2J
75,ENSG00000005100,DHX33
76,ENSG00000005102,MEOX1
77,ENSG00000005108,THSD7A
78,ENSG00000005156,LIG3
79,ENSG00000005175,RPAP3
80,ENSG00000005187,ACSM3
81,ENSG00000005194,CIAPIN1
82,ENSG00000005206,SPPL2B
83,ENSG00000005243,COPZ2
84,ENSG00000005249,PRKAR2B
85,ENSG00000005302,MSL3
86,ENSG00000005339,CREBBP
87,ENSG00000005381,MPO
88,ENSG00000005421,PON1
89,ENSG00000005436,GCFC2
90,ENSG00000005448,WDR54
91,ENSG00000005469,CROT
92,ENSG00000005471,ABCB4
93,ENSG00000005483,KMT2E
94,ENSG00000005486,RHBDD2
95,ENSG00000005513,SOX8
96,ENSG00000005700,IBTK
97,ENSG00000005801,ZNF195
98,ENSG00000005810,MYCBP2
99,ENSG00000005812,FBXL3
100,ENSG00000005844,ITGAL
101,ENSG00000005882,PDK2
102,ENSG00000005884,ITGA3
103,ENSG00000005889,ZFX
104,ENSG00000005893,LAMP2
105,ENSG00000005961,ITGA2B
106,ENSG00000005981,ASB4
107,ENSG00000006007,GDE1
108,ENSG00000006016,CRLF1
109,ENSG00000006025,OSBPL7
110,ENSG00000006042,TMEM98
111,ENSG00000006062,MAP3K14
112,ENSG00000006071,ABCC8
113,ENSG00000006116,CACNG3
114,ENSG00000006118,TMEM132A
115,ENSG00000006125,AP2B1
116,ENSG00000006128,TAC1
117,ENSG00000006194,ZNF263
118,ENSG00000006210,CX3CL1
119,ENSG00000006282,SPATA20
120,ENSG00000006283,CACNA1G
121,ENSG00000006327,TNFRSF12A
122,ENSG00000006377,DLX6
123,ENSG00000006432,MAP3K9
124,ENSG00000006451,RALA
125,ENSG00000006453,BAIAP2L1
126,ENSG00000006459,KDM7A
127,ENSG00000006468,ETV1
128,ENSG00000006530,AGK
129,ENSG00000006534,ALDH3B1
130,ENSG00000006555,TTC22
131,ENSG00000006576,PHTF2
132,ENSG00000006606,CCL26
133,ENSG00000006607,FARP2
134,ENSG00000006611,USH1C
135,ENSG00000006625,GGCT
136,ENSG00000006634,DBF4
137,ENSG00000006638,TBXA2R
138,ENSG00000006652,IFRD1
139,ENSG00000006659,LGALS14
140,ENSG00000006695,COX10
141,ENSG00000006704,GTF2IRD1
142,ENSG00000006712,PAF1
143,ENSG00000006715,VPS41
144,ENSG00000006740,ARHGAP44
145,ENSG00000006744,ELAC2
146,ENSG00000006747,SCIN
147,ENSG00000006756,ARSD
148,ENSG00000006757,PNPLA4
149,ENSG00000006788,MYH13
150,ENSG00000006837,CDKL3
151,ENSG00000007001,UPP2
152,ENSG00000007038,PRSS21
153,ENSG00000007047,MARK4
154,ENSG00000007062,PROM1
155,ENSG00000007080,CCDC124
156,ENSG00000007168,PAFAH1B1
157,ENSG00000007171,NOS2
158,ENSG00000007174,DNAH9
159,ENSG00000007216,SLC13A2
160,ENSG00000007237,GAS7
161,ENSG00000007255,TRAPPC6A
162,ENSG00000007264,MATK
163,ENSG00000007312,CD79B
164,ENSG00000007314,SCN4A
165,ENSG00000007341,ST7L
166,ENSG00000007350,TKTL1
167,ENSG00000007372,PAX6
168,ENSG00000007376,RPUSD1
169,ENSG00000007384,RHBDF1
170,ENSG00000007392,LUC7L
171,ENSG00000007402,CACNA2D2
172,ENSG00000007516,BAIAP3
173,ENSG00000007520,TSR3
174,ENSG00000007541,PIGQ
175,ENSG00000007545,CRAMP1
176,ENSG00000007866,TEAD3
177,ENSG00000007908,SELE
178,ENSG00000007923,DNAJC11
179,ENSG00000007933,FMO3
180,ENSG00000007944,MYLIP
181,ENSG00000007952,NOX1
182,ENSG00000008018,PSMB1
183,ENSG00000008056,SYN1
184,ENSG00000008083,JARID2
185,ENSG00000008086,CDKL5
186,ENSG00000008118,CAMK1G
187,ENSG00000008128,CDK11A
188,ENSG00000008130,NADK
189,ENSG00000008196,TFAP2B
190,ENSG00000008197,TFAP2D
191,ENSG00000008226,DLEC1
192,ENSG00000008256,CYTH3
193,ENSG00000008277,ADAM22
194,ENSG00000008282,SYPL1
195,ENSG00000008283,CYB561
196,ENSG00000008294,SPAG9
197,ENSG00000008300,CELSR3
198,ENSG00000008311,AASS
199,ENSG00000008323,PLEKHG6
200,ENSG00000008324,SS18L2
201,ENSG00000008382,MPND
202,ENSG00000008394,MGST1
203,ENSG00000008405,CRY1
204,ENSG00000008438,PGLYRP1
205,ENSG00000008441,NFIX
206,ENSG00000008513,ST3GAL1
207,ENSG00000008516,MMP25
208,ENSG00000008517,IL32
209,ENSG00000008710,PKD1
210,ENSG00000008735,MAPK8IP2
211,ENSG00000008838,MED24
212,ENSG00000008853,RHOBTB2
213,ENSG00000008869,HEATR5B
214,ENSG00000008952,SEC62
215,ENSG00000008988,RPS20
216,ENSG00000009307,CSDE1
217,ENSG00000009335,UBE3C
218,ENSG00000009413,REV3L
219,ENSG00000009694,TENM1
220,ENSG00000009709,PAX7
221,ENSG00000009724,MASP2
222,ENSG00000009765,IYD
223,ENSG00000009780,FAM76A
224,ENSG00000009790,TRAF3IP3
225,ENSG00000009830,POMT2
226,ENSG00000009844,VTA1
227,ENSG00000009950,MLXIPL
228,ENSG00000009954,BAZ1B
229,ENSG00000010017,RANBP9
230,ENSG00000010030,ETV7
231,ENSG00000010072,SPRTN
232,ENSG00000010165,METTL13
233,ENSG00000010219,DYRK4
234,ENSG00000010244,ZNF207
235,ENSG00000010256,UQCRC1
236,ENSG00000010270,STARD3NL
237,ENSG00000010278,CD9
238,ENSG00000010282,HHATL
239,ENSG00000010292,NCAPD2
240,ENSG00000010295,IFFO1
241,ENSG00000010310,GIPR
242,ENSG00000010318,PHF7
243,ENSG00000010319,SEMA3G
244,ENSG00000010322,NISCH
245,ENSG00000010327,STAB1
246,ENSG00000010361,FUZ
247,ENSG00000010379,SLC6A13
248,ENSG00000010404,IDS
249,ENSG00000010438,PRSS3
250,ENSG00000010539,ZNF200
251,ENSG00000010610,CD4
252,ENSG00000010626,LRRC23
253,ENSG00000010671,BTK
254,ENSG00000010704,HFE
255,ENSG00000010803,SCMH1
256,ENSG00000010810,FYN
257,ENSG00000010818,HIVEP2
258,ENSG00000010932,FMO1
259,ENSG00000011009,LYPLA2
260,ENSG00000011021,CLCN6
261,ENSG00000011028,MRC2
262,ENSG00000011052,NME1-NME2
263,ENSG00000011083,SLC6A7
264,ENSG00000011105,TSPAN9
265,ENSG00000011132,APBA3
266,ENSG00000011143,MKS1
267,ENSG00000011198,ABHD5
268,ENSG00000011201,ANOS1
269,ENSG00000011243,AKAP8L
270,ENSG00000011258,MBTD1
271,ENSG00000011260,UTP18
272,ENSG00000011275,RNF216
273,ENSG00000011295,TTC19
274,ENSG00000011304,PTBP1
275,ENSG00000011332,DPF1
276,ENSG00000011347,SYT7
277,ENSG00000011376,LARS2
278,ENSG00000011405,PIK3C2A
279,ENSG00000011422,PLAUR
280,ENSG00000011426,ANLN
281,ENSG00000011451,WIZ
282,ENSG00000011454,RABGAP1
283,ENSG00000011465,DCN
284,ENSG00000011478,QPCTL
285,ENSG00000011485,PPP5C
286,ENSG00000011523,CEP68
287,ENSG00000011566,MAP4K3
288,ENSG00000011590,ZBTB32
289,ENSG00000011600,TYROBP
290,ENSG00000011677,GABRA3
291,ENSG00000012048,BRCA1
292,ENSG00000012061,ERCC1
293,ENSG00000012124,CD22
294,ENSG00000012171,SEMA3B
295,ENSG00000012174,MBTPS2
296,ENSG00000012211,PRICKLE3
297,ENSG00000012223,LTF
298,ENSG00000012232,EXTL3
299,ENSG00000012504,NR1H4
300,ENSG00000012660,ELOVL5
301,ENSG00000012817,KDM5D
302,ENSG00000012822,CALCOCO1
303,ENSG00000012963,UBR7
304,ENSG00000012983,MAP4K5
305,ENSG00000013016,EHD3
306,ENSG00000013288,MAN2B2
307,ENSG00000013293,SLC7A14
308,ENSG00000013297,CLDN11
309,ENSG00000013306,SLC25A39
310,ENSG00000013364,MVP
311,ENSG00000013374,NUB1
312,ENSG00000013375,PGM3
313,ENSG00000013392,RWDD2A
314,ENSG00000013441,CLK1
315,ENSG00000013503,POLR3B
316,ENSG00000013523,ANGEL1
317,ENSG00000013561,RNF14
318,ENSG00000013563,DNASE1L1
319,ENSG00000013573,DDX11
320,ENSG00000013583,HEBP1
321,ENSG00000013588,GPRC5A
322,ENSG00000013619,MAMLD1
323,ENSG00000013725,CD6
324,ENSG00000013810,TACC3
325,ENSG00000014123,UFL1
326,ENSG00000014138,POLA2
327,ENSG00000014164,ZC3H3
328,ENSG00000014216,CAPN1
329,ENSG00000014641,MDH1
330,ENSG00000014824,SLC30A9
331,ENSG00000014914,MTMR11
332,ENSG00000014919,COX15
333,ENSG00000015133,CCDC88C
334,ENSG00000015153,YAF2
335,ENSG00000015171,ZMYND11
336,ENSG00000015285,WAS
337,ENSG00000015413,DPEP1
338,ENSG00000015475,BID
339,ENSG00000015479,MATR3
340,ENSG00000015520,NPC1L1
341,ENSG00000015532,XYLT2
342,ENSG00000015568,RGPD5
343,ENSG00000015592,STMN4
344,ENSG00000015676,NUDCD3
345,ENSG00000016082,ISL1
346,ENSG00000016391,CHDH
347,ENSG00000016402,IL20RA
348,ENSG00000016490,CLCA1
349,ENSG00000016602,CLCA4
350,ENSG00000016864,GLT8D1
351,ENSG00000017260,ATP2C1
352,ENSG00000017427,IGF1
353,ENSG00000017483,SLC38A5
354,ENSG00000017797,RALBP1
355,ENSG00000018189,RUFY3
356,ENSG00000018236,CNTN1
357,ENSG00000018280,SLC11A1
358,ENSG00000018408,WWTR1
359,ENSG00000018510,AGPS
360,ENSG00000018625,ATP1A2
361,ENSG00000018699,TTC27
362,ENSG00000018869,ZNF582
363,ENSG00000019102,VSIG2
364,ENSG00000019144,PHLDB1
365,ENSG00000019169,MARCO
366,ENSG00000019186,CYP24A1
367,ENSG00000019485,PRDM11
368,ENSG00000019505,SYT13
369,ENSG00000019549,SNAI2
370,ENSG00000019582,CD74
371,ENSG00000019991,HGF
372,ENSG00000019995,ZRANB1
373,ENSG00000020129,NCDN
374,ENSG00000020181,ADGRA2
375,ENSG00000020256,ZFP64
376,ENSG00000020426,MNAT1
377,ENSG00000020577,SAMD4A
378,ENSG00000020633,RUNX3
379,ENSG00000021300,PLEKHB1
380,ENSG00000021355,SERPINB1
381,ENSG00000021461,CYP3A43
382,ENSG00000021488,SLC7A9
383,ENSG00000021574,SPAST
384,ENSG00000021645,NRXN3
385,ENSG00000021762,OSBPL5
386,ENSG00000021776,AQR
387,ENSG00000021826,CPS1
388,ENSG00000021852,C8B
389,ENSG00000022267,FHL1
390,ENSG00000022355,GABRA1
391,ENSG00000022556,NLRP2
392,ENSG00000022567,SLC45A4
393,ENSG00000022840,RNF10
394,ENSG00000022976,ZNF839
395,ENSG00000023041,ZDHHC6
396,ENSG00000023171,GRAMD1B
397,ENSG00000023191,RNH1
398,ENSG00000023228,NDUFS1
399,ENSG00000023287,RB1CC1
400,ENSG00000023318,ERP44
401,ENSG00000023330,ALAS1
402,ENSG00000023445,BIRC3
403,ENSG00000023516,AKAP11
404,ENSG00000023572,GLRX2
405,ENSG00000023608,SNAPC1
406,ENSG00000023697,DERA
407,ENSG00000023734,STRAP
408,ENSG00000023839,ABCC2
409,ENSG00000023892,DEF6
410,ENSG00000023902,PLEKHO1
411,ENSG00000023909,GCLM
412,ENSG00000024048,UBR2
413,ENSG00000024422,EHD2
414,ENSG00000024526,DEPDC1
415,ENSG00000024862,CCDC28A
416,ENSG00000025039,RRAGD
417,ENSG00000025156,HSF2
418,ENSG00000025293,PHF20
419,ENSG00000025423,HSD17B6
420,ENSG00000025434,NR1H3
421,ENSG00000025708,TYMP
422,ENSG00000025770,NCAPH2
423,ENSG00000025772,TOMM34
424,ENSG00000025796,SEC63
425,ENSG00000025800,KPNA6
426,ENSG00000026025,VIM
427,ENSG00000026036,RTEL1-TNFRSF6B
428,ENSG00000026103,FAS
429,ENSG00000026297,RNASET2
430,ENSG00000026508,CD44
431,ENSG00000026559,KCNG1
432,ENSG00000026652,AGPAT4
433,ENSG00000026751,SLAMF7
434,ENSG00000026950,BTN3A1
435,ENSG00000027001,MIPEP
436,ENSG00000027075,PRKCH
437,ENSG00000027644,INSRR
438,ENSG00000027697,IFNGR1
439,ENSG00000027847,B4GALT7
440,ENSG00000027869,SH2D2A
441,ENSG00000028116,VRK2
442,ENSG00000028137,TNFRSF1B
443,ENSG00000028203,VEZT
444,ENSG00000028277,POU2F2
445,ENSG00000028310,BRD9
446,ENSG00000028528,SNX1
447,ENSG00000028839,TBPL1
448,ENSG00000029363,BCLAF1
449,ENSG00000029364,SLC39A9
450,ENSG00000029534,ANK1
451,ENSG00000029559,IBSP
452,ENSG00000029639,TFB1M
453,ENSG00000029725,RABEP1
454,ENSG00000029993,HMGB3
455,ENSG00000030066,NUP160
456,ENSG00000030110,BAK1
457,ENSG00000030304,MUSK
458,ENSG00000030419,IKZF2
459,ENSG00000030582,GRN
460,ENSG00000031003,FAM13B
461,ENSG00000031081,ARHGAP31
462,ENSG00000031691,CENPQ
463,ENSG00000031823,RANBP3
464,ENSG00000032219,ARID4A
465,ENSG00000032444,PNPLA6
466,ENSG00000032742,IFT88
467,ENSG00000033011,ALG1
468,ENSG00000033030,ZCCHC8
469,ENSG00000033050,ABCF2
470,ENSG00000033100,CHPF2
471,ENSG00000033122,LRRC7
472,ENSG00000033170,FUT8
473,ENSG00000033178,UBA6
474,ENSG00000033327,GAB2
475,ENSG00000033627,ATP6V0A1
476,ENSG00000033800,PIAS1
477,ENSG00000033867,SLC4A7
478,ENSG00000034053,APBA2
479,ENSG00000034152,MAP2K3
480,ENSG00000034510,TMSB10
481,ENSG00000034533,ASTE1
482,ENSG00000034677,RNF19A
483,ENSG00000034693,PEX3
484,ENSG00000034713,GABARAPL2
485,ENSG00000034971,MYOC
486,ENSG00000035115,SH3YL1
487,ENSG00000035141,FAM136A
488,ENSG00000035403,VCL
489,ENSG00000035499,DEPDC1B
490,ENSG00000035664,DAPK2
491,ENSG00000035681,NSMAF
492,ENSG00000035720,STAP1
493,ENSG00000035862,TIMP2
494,ENSG00000035928,RFC1
495,ENSG00000036054,TBC1D23
496,ENSG00000036257,CUL3
497,ENSG00000036448,MYOM2
498,ENSG00000036473,OTC
499,ENSG00000036530,CYP46A1
500,ENSG00000036549,ZZZ3
501,ENSG00000036565,SLC18A1
502,ENSG00000036672,USP2
503,ENSG00000036828,CASR
504,ENSG00000037042,TUBG2
505,ENSG00000037241,RPL26L1
506,ENSG00000037280,FLT4
507,ENSG00000037474,NSUN2
508,ENSG00000037749,MFAP3
509,ENSG00000037757,MRI1
510,ENSG00000037897,METTL1
511,ENSG00000037965,HOXC8
512,ENSG00000038002,AGA
513,ENSG00000038210,PI4K2B
514,ENSG00000038219,BOD1L1
515,ENSG00000038274,MAT2B
516,ENSG00000038295,TLL1
517,ENSG00000038358,EDC4
518,ENSG00000038382,TRIO
519,ENSG00000038427,VCAN
520,ENSG00000038532,CLEC16A
521,ENSG00000038945,MSR1
522,ENSG00000039068,CDH1
523,ENSG00000039139,DNAH5
524,ENSG00000039319,ZFYVE16
525,ENSG00000039537,C6
526,ENSG00000039560,RAI14
527,ENSG00000039600,SOX30
528,ENSG00000039650,PNKP
529,ENSG00000039987,BEST2
530,ENSG00000040199,PHLPP2
531,ENSG00000040275,SPDL1
532,ENSG00000040341,STAU2
533,ENSG00000040531,CTNS
534,ENSG00000040608,RTN4R
535,ENSG00000040633,PHF23
536,ENSG00000040731,CDH10
537,ENSG00000040933,INPP4A
538,ENSG00000041353,RAB27B
539,ENSG00000041357,PSMA4
540,ENSG00000041515,MYO16
541,ENSG00000041802,LSG1
542,ENSG00000041880,PARP3
543,ENSG00000041982,TNC
544,ENSG00000041988,THAP3
545,ENSG00000042088,TDP1
546,ENSG00000042286,AIFM2
547,ENSG00000042317,SPATA7
548,ENSG00000042429,MED17
549,ENSG00000042445,RETSAT
550,ENSG00000042493,CAPG
551,ENSG00000042753,AP2S1
552,ENSG00000042781,USH2A
553,ENSG00000042813,ZPBP
554,ENSG00000042832,TG
555,ENSG00000042980,ADAM28
556,ENSG00000043039,BARX2
557,ENSG00000043093,DCUN1D1
558,ENSG00000043143,JADE2
559,ENSG00000043355,ZIC2
560,ENSG00000043462,LCP2
561,ENSG00000043514,TRIT1
562,ENSG00000043591,ADRB1
563,ENSG00000044012,GUCA2B
564,ENSG00000044090,CUL7
565,ENSG00000044115,CTNNA1
566,ENSG00000044446,PHKA2
567,ENSG00000044459,CNTLN
568,ENSG00000044524,EPHA3
569,ENSG00000044574,HSPA5
570,ENSG00000046604,DSG2
571,ENSG00000046647,GEMIN8
572,ENSG00000046651,OFD1
573,ENSG00000046653,GPM6B
574,ENSG00000046774,MAGEC2
575,ENSG00000046889,PREX2
576,ENSG00000047056,WDR37
577,ENSG00000047188,YTHDC2
578,ENSG00000047230,CTPS2
579,ENSG00000047249,ATP6V1H
580,ENSG00000047315,POLR2B
581,ENSG00000047365,ARAP2
582,ENSG00000047410,TPR
583,ENSG00000047457,CP
584,ENSG00000047579,DTNBP1
585,ENSG00000047597,XK
586,ENSG00000047617,ANO2
587,ENSG00000047634,SCML1
588,ENSG00000047644,WWC3
589,ENSG00000047648,ARHGAP6
590,ENSG00000047662,FAM184B
591,ENSG00000047849,MAP4
592,ENSG00000047932,GOPC
593,ENSG00000047936,ROS1
594,ENSG00000048028,USP28
595,ENSG00000048052,HDAC9
596,ENSG00000048140,TSPAN17
597,ENSG00000048162,NOP16
598,ENSG00000048342,CC2D2A
599,ENSG00000048392,RRM2B
600,ENSG00000048405,ZNF800
601,ENSG00000048462,TNFRSF17
602,ENSG00000048471,SNX29
603,ENSG00000048540,LMO3
604,ENSG00000048544,MRPS10
605,ENSG00000048545,GUCA1A
606,ENSG00000048649,RSF1
607,ENSG00000048707,VPS13D
608,ENSG00000048740,CELF2
609,ENSG00000048828,FAM120A
610,ENSG00000048991,R3HDM1
611,ENSG00000049089,COL9A2
612,ENSG00000049130,KITLG
613,ENSG00000049167,ERCC8
614,ENSG00000049192,ADAMTS6
615,ENSG00000049239,H6PD
616,ENSG00000049245,VAMP3
617,ENSG00000049246,PER3
618,ENSG00000049247,UTS2
619,ENSG00000049249,TNFRSF9
620,ENSG00000049283,EPN3
621,ENSG00000049323,LTBP1
622,ENSG00000049449,RCN1
623,ENSG00000049540,ELN
624,ENSG00000049541,RFC2
625,ENSG00000049618,ARID1B
626,ENSG00000049656,CLPTM1L
627,ENSG00000049759,NEDD4L
628,ENSG00000049768,FOXP3
629,ENSG00000049769,PPP1R3F
630,ENSG00000049860,HEXB
631,ENSG00000049883,PTCD2
632,ENSG00000050130,JKAMP
633,ENSG00000050165,DKK3
634,ENSG00000050327,ARHGEF5
635,ENSG00000050344,NFE2L3
636,ENSG00000050393,MCUR1
637,ENSG00000050405,LIMA1
638,ENSG00000050426,LETMD1
639,ENSG00000050438,SLC4A8
640,ENSG00000050555,LAMC3
641,ENSG00000050628,PTGER3
642,ENSG00000050730,TNIP3
643,ENSG00000050748,MAPK9
644,ENSG00000050767,COL23A1
645,ENSG00000050820,BCAR1
646,ENSG00000051108,HERPUD1
647,ENSG00000051128,HOMER3
648,ENSG00000051180,RAD51
649,ENSG00000051341,POLQ
650,ENSG00000051382,PIK3CB
651,ENSG00000051523,CYBA
652,ENSG00000051596,THOC3
653,ENSG00000051620,HEBP2
654,ENSG00000051825,MPHOSPH9
655,ENSG00000052126,PLEKHA5
656,ENSG00000052344,PRSS8
657,ENSG00000052723,SIKE1
658,ENSG00000052749,RRP12
659,ENSG00000052795,FNIP2
660,ENSG00000052802,MSMO1
661,ENSG00000052841,TTC17
662,ENSG00000052850,ALX4
663,ENSG00000053108,FSTL4
664,ENSG00000053254,FOXN3
665,ENSG00000053328,METTL24
666,ENSG00000053371,AKR7A2
667,ENSG00000053372,MRTO4
668,ENSG00000053438,NNAT
669,ENSG00000053501,USE1
670,ENSG00000053524,MCF2L2
671,ENSG00000053702,NRIP2
672,ENSG00000053747,LAMA3
673,ENSG00000053770,AP5M1
674,ENSG00000053900,ANAPC4
675,ENSG00000053918,KCNQ1
676,ENSG00000054116,TRAPPC3
677,ENSG00000054118,THRAP3
678,ENSG00000054148,PHPT1
679,ENSG00000054179,ENTPD2
680,ENSG00000054219,LY75
681,ENSG00000054267,ARID4B
682,ENSG00000054277,OPN3
683,ENSG00000054356,PTPRN
684,ENSG00000054392,HHAT
685,ENSG00000054523,KIF1B
686,ENSG00000054598,FOXC1
687,ENSG00000054611,TBC1D22A
688,ENSG00000054654,SYNE2
689,ENSG00000054690,PLEKHH1
690,ENSG00000054793,ATP9A
691,ENSG00000054803,CBLN4
692,ENSG00000054938,CHRDL2
693,ENSG00000054965,FAM168A
694,ENSG00000054967,RELT
695,ENSG00000054983,GALC
696,ENSG00000055044,NOP58
697,ENSG00000055118,KCNH2
698,ENSG00000055130,CUL1
699,ENSG00000055147,FAM114A2
700,ENSG00000055163,CYFIP2
701,ENSG00000055208,TAB2
702,ENSG00000055211,GINM1
703,ENSG00000055332,EIF2AK2
704,ENSG00000055483,USP36
705,ENSG00000055609,KMT2C
706,ENSG00000055732,MCOLN3
707,ENSG00000055813,CCDC85A
708,ENSG00000055917,PUM2
709,ENSG00000055950,MRPL43
710,ENSG00000055955,ITIH4
711,ENSG00000055957,ITIH1
712,ENSG00000056097,ZFR
713,ENSG00000056277,ZNF280C
714,ENSG00000056291,NPFFR2
715,ENSG00000056487,PHF21B
716,ENSG00000056558,TRAF1
717,ENSG00000056586,RC3H2
718,ENSG00000056736,IL17RB
719,ENSG00000056972,TRAF3IP2
720,ENSG00000056998,GYG2
721,ENSG00000057019,DCBLD2
722,ENSG00000057149,SERPINB3
723,ENSG00000057252,SOAT1
724,ENSG00000057294,PKP2
725,ENSG00000057468,MSH4
726,ENSG00000057593,F7
727,ENSG00000057608,GDI2
728,ENSG00000057657,PRDM1
729,ENSG00000057663,ATG5
730,ENSG00000057704,TMCC3
731,ENSG00000057757,PITHD1
732,ENSG00000057935,MTA3
733,ENSG00000058056,USP13
734,ENSG00000058063,ATP11B
735,ENSG00000058085,LAMC2
736,ENSG00000058091,CDK14
737,ENSG00000058262,SEC61A1
738,ENSG00000058272,PPP1R12A
739,ENSG00000058335,RASGRF1
740,ENSG00000058404,CAMK2B
741,ENSG00000058453,CROCC
742,ENSG00000058600,POLR3E
743,ENSG00000058668,ATP2B4
744,ENSG00000058673,ZC3H11A
745,ENSG00000058729,RIOK2
746,ENSG00000058799,YIPF1
747,ENSG00000058804,NDC1
748,ENSG00000058866,DGKG
749,ENSG00000059122,FLYWCH1
750,ENSG00000059145,UNKL
751,ENSG00000059377,TBXAS1
752,ENSG00000059378,PARP12
753,ENSG00000059573,ALDH18A1
754,ENSG00000059588,TARBP1
755,ENSG00000059691,GATB
756,ENSG00000059728,MXD1
757,ENSG00000059758,CDK17
758,ENSG00000059769,DNAJC25
759,ENSG00000059804,SLC2A3
760,ENSG00000059915,PSD
761,ENSG00000060069,CTDP1
762,ENSG00000060138,YBX3
763,ENSG00000060140,STYK1
764,ENSG00000060237,WNK1
765,ENSG00000060339,CCAR1
766,ENSG00000060491,OGFR
767,ENSG00000060558,GNA15
768,ENSG00000060566,CREB3L3
769,ENSG00000060642,PIGV
770,ENSG00000060656,PTPRU
771,ENSG00000060688,SNRNP40
772,ENSG00000060709,RIMBP2
773,ENSG00000060718,COL11A1
774,ENSG00000060749,QSER1
775,ENSG00000060762,MPC1
776,ENSG00000060971,ACAA1
777,ENSG00000060982,BCAT1
778,ENSG00000061273,HDAC7
779,ENSG00000061337,LZTS1
780,ENSG00000061455,PRDM6
781,ENSG00000061656,SPAG4
782,ENSG00000061676,NCKAP1
783,ENSG00000061794,MRPS35
784,ENSG00000061936,SFSWAP
785,ENSG00000061938,TNK2
786,ENSG00000061987,MON2
787,ENSG00000062038,CDH3
788,ENSG00000062096,ARSF
789,ENSG00000062194,GPBP1
790,ENSG00000062282,DGAT2
791,ENSG00000062370,ZNF112
792,ENSG00000062485,CS
793,ENSG00000062524,LTK
794,ENSG00000062582,MRPS24
795,ENSG00000062598,ELMO2
796,ENSG00000062650,WAPL
797,ENSG00000062716,VMP1
798,ENSG00000062725,APPBP2
799,ENSG00000062822,POLD1
800,ENSG00000063015,SEZ6
801,ENSG00000063046,EIF4B
802,ENSG00000063127,SLC6A16
803,ENSG00000063176,SPHK2
804,ENSG00000063177,RPL18
805,ENSG00000063180,CA11
806,ENSG00000063241,ISOC2
807,ENSG00000063244,U2AF2
808,ENSG00000063245,EPN1
809,ENSG00000063322,MED29
810,ENSG00000063438,AHRR
811,ENSG00000063587,ZNF275
812,ENSG00000063601,MTMR1
813,ENSG00000063660,GPC1
814,ENSG00000063761,ADCK1
815,ENSG00000063854,HAGH
816,ENSG00000063978,RNF4
817,ENSG00000064012,CASP8
818,ENSG00000064042,LIMCH1
819,ENSG00000064115,TM7SF3
820,ENSG00000064195,DLX3
821,ENSG00000064199,SPA17
822,ENSG00000064201,TSPAN32
823,ENSG00000064218,DMRT3
824,ENSG00000064225,ST3GAL6
825,ENSG00000064270,ATP2C2
826,ENSG00000064300,NGFR
827,ENSG00000064309,CDON
828,ENSG00000064313,TAF2
829,ENSG00000064393,HIPK2
830,ENSG00000064419,TNPO3
831,ENSG00000064490,RFXANK
832,ENSG00000064545,TMEM161A
833,ENSG00000064547,LPAR2
834,ENSG00000064601,CTSA
835,ENSG00000064607,SUGP2
836,ENSG00000064651,SLC12A2
837,ENSG00000064652,SNX24
838,ENSG00000064655,EYA2
839,ENSG00000064666,CNN2
840,ENSG00000064687,ABCA7
841,ENSG00000064692,SNCAIP
842,ENSG00000064703,DDX20
843,ENSG00000064726,BTBD1
844,ENSG00000064763,FAR2
845,ENSG00000064787,BCAS1
846,ENSG00000064835,POU1F1
847,ENSG00000064886,CHI3L2
848,ENSG00000064932,SBNO2
849,ENSG00000064933,PMS1
850,ENSG00000064961,HMG20B
851,ENSG00000064989,CALCRL
852,ENSG00000064995,TAF11
853,ENSG00000064999,ANKS1A
854,ENSG00000065000,AP3D1
855,ENSG00000065029,ZNF76
856,ENSG00000065057,NTHL1
857,ENSG00000065135,GNAI3
858,ENSG00000065150,IPO5
859,ENSG00000065154,OAT
860,ENSG00000065183,WDR3
861,ENSG00000065243,PKN2
862,ENSG00000065268,WDR18
863,ENSG00000065308,TRAM2
864,ENSG00000065320,NTN1
865,ENSG00000065325,GLP2R
866,ENSG00000065328,MCM10
867,ENSG00000065357,DGKA
868,ENSG00000065361,ERBB3
869,ENSG00000065371,ROPN1
870,ENSG00000065413,ANKRD44
871,ENSG00000065457,ADAT1
872,ENSG00000065485,PDIA5
873,ENSG00000065491,TBC1D22B
874,ENSG00000065518,NDUFB4
875,ENSG00000065526,SPEN
876,ENSG00000065534,MYLK
877,ENSG00000065548,ZC3H15
878,ENSG00000065559,MAP2K4
879,ENSG00000065609,SNAP91
880,ENSG00000065613,SLK
881,ENSG00000065615,CYB5R4
882,ENSG00000065618,COL17A1
883,ENSG00000065621,GSTO2
884,ENSG00000065665,SEC61A2
885,ENSG00000065675,PRKCQ
886,ENSG00000065717,TLE2
887,ENSG00000065802,ASB1
888,ENSG00000065809,FAM107B
889,ENSG00000065833,ME1
890,ENSG00000065882,TBC1D1
891,ENSG00000065883,CDK13
892,ENSG00000065911,MTHFD2
893,ENSG00000065923,SLC9A7
894,ENSG00000065970,FOXJ2
895,ENSG00000065978,YBX1
896,ENSG00000065989,PDE4A
897,ENSG00000066027,PPP2R5A
898,ENSG00000066032,CTNNA2
899,ENSG00000066044,ELAVL1
900,ENSG00000066056,TIE1
901,ENSG00000066084,DIP2B
902,ENSG00000066117,SMARCD1
903,ENSG00000066135,KDM4A
904,ENSG00000066136,NFYC
905,ENSG00000066185,ZMYND12
906,ENSG00000066248,NGEF
907,ENSG00000066279,ASPM
908,ENSG00000066294,CD84
909,ENSG00000066322,ELOVL1
910,ENSG00000066336,SPI1
911,ENSG00000066382,MPPED2
912,ENSG00000066405,CLDN18
913,ENSG00000066422,ZBTB11
914,ENSG00000066427,ATXN3
915,ENSG00000066455,GOLGA5
916,ENSG00000066468,FGFR2
917,ENSG00000066557,LRRC40
918,ENSG00000066583,ISOC1
919,ENSG00000066629,EML1
920,ENSG00000066651,TRMT11
921,ENSG00000066654,THUMPD1
922,ENSG00000066697,MSANTD3
923,ENSG00000066735,KIF26A
924,ENSG00000066739,ATG2B
925,ENSG00000066777,ARFGEF1
926,ENSG00000066813,ACSM2B
927,ENSG00000066827,ZFAT
928,ENSG00000066855,MTFR1
929,ENSG00000066923,STAG3
930,ENSG00000066926,FECH
931,ENSG00000066933,MYO9A
932,ENSG00000067048,DDX3Y
933,ENSG00000067057,PFKP
934,ENSG00000067064,IDI1
935,ENSG00000067066,SP100
936,ENSG00000067082,KLF6
937,ENSG00000067113,PLPP1
938,ENSG00000067141,NEO1
939,ENSG00000067167,TRAM1
940,ENSG00000067177,PHKA1
941,ENSG00000067182,TNFRSF1A
942,ENSG00000067191,CACNB1
943,ENSG00000067208,EVI5
944,ENSG00000067221,STOML1
945,ENSG00000067225,PKM
946,ENSG00000067248,DHX29
947,ENSG00000067334,DNTTIP2
948,ENSG00000067365,METTL22
949,ENSG00000067369,TP53BP1
950,ENSG00000067445,TRO
951,ENSG00000067533,RRP15
952,ENSG00000067560,RHOA
953,ENSG00000067596,DHX8
954,ENSG00000067606,PRKCZ
955,ENSG00000067646,ZFY
956,ENSG00000067704,IARS2
957,ENSG00000067715,SYT1
958,ENSG00000067798,NAV3
959,ENSG00000067829,IDH3G
960,ENSG00000067836,ROGDI
961,ENSG00000067840,PDZD4
962,ENSG00000067842,ATP2B3
963,ENSG00000067900,ROCK1
964,ENSG00000067955,CBFB
965,ENSG00000067992,PDK3
966,ENSG00000068001,HYAL2
967,ENSG00000068024,HDAC4
968,ENSG00000068028,RASSF1
969,ENSG00000068078,FGFR3
970,ENSG00000068079,IFI35
971,ENSG00000068097,HEATR6
972,ENSG00000068120,COASY
973,ENSG00000068137,PLEKHH3
974,ENSG00000068305,MEF2A
975,ENSG00000068308,OTUD5
976,ENSG00000068323,TFE3
977,ENSG00000068354,TBC1D25
978,ENSG00000068366,ACSL4
979,ENSG00000068383,INPP5A
980,ENSG00000068394,GPKOW
981,ENSG00000068438,FTSJ1
982,ENSG00000068489,PRR11
983,ENSG00000068615,REEP1
984,ENSG00000068650,ATP11A
985,ENSG00000068654,POLR1A
986,ENSG00000068697,LAPTM4A
987,ENSG00000068724,TTC7A
988,ENSG00000068745,IP6K2
989,ENSG00000068781,STON1-GTF2A1L
990,ENSG00000068784,SRBD1
991,ENSG00000068796,KIF2A
992,ENSG00000068831,RASGRP2
993,ENSG00000068878,PSME4
994,ENSG00000068885,IFT80
995,ENSG00000068903,SIRT2
996,ENSG00000068912,ERLEC1
997,ENSG00000068971,PPP2R5B
998,ENSG00000068976,PYGM
999,ENSG00000068985,PAGE1
1000,ENSG00000069011,PITX1
1001,ENSG00000069020,MAST4
1002,ENSG00000069122,ADGRF5
1003,ENSG00000069188,SDK2
1004,ENSG00000069248,NUP133
1005,ENSG00000069275,NUCKS1
1006,ENSG00000069329,VPS35
1007,ENSG00000069345,DNAJA2
1008,ENSG00000069399,BCL3
1009,ENSG00000069424,KCNAB2
1010,ENSG00000069431,ABCC9
1011,ENSG00000069482,GAL
1012,ENSG00000069493,CLEC2D
1013,ENSG00000069509,FUNDC1
1014,ENSG00000069535,MAOB
1015,ENSG00000069667,RORA
1016,ENSG00000069696,DRD4
1017,ENSG00000069702,TGFBR3
1018,ENSG00000069812,HES2
1019,ENSG00000069849,ATP1B3
1020,ENSG00000069869,NEDD4
1021,ENSG00000069943,PIGB
1022,ENSG00000069956,MAPK6
1023,ENSG00000069966,GNB5
1024,ENSG00000069974,RAB27A
1025,ENSG00000070018,LRP6
1026,ENSG00000070019,GUCY2C
1027,ENSG00000070081,NUCB2
1028,ENSG00000070087,PFN2
1029,ENSG00000070159,PTPN3
1030,ENSG00000070182,SPTB
1031,ENSG00000070190,DAPP1
1032,ENSG00000070193,FGF10
1033,ENSG00000070214,SLC44A1
1034,ENSG00000070269,TMEM260
1035,ENSG00000070366,SMG6
1036,ENSG00000070367,EXOC5
1037,ENSG00000070371,CLTCL1
1038,ENSG00000070388,FGF22
1039,ENSG00000070404,FSTL3
1040,ENSG00000070413,DGCR2
1041,ENSG00000070423,RNF126
1042,ENSG00000070444,MNT
1043,ENSG00000070476,ZXDC
1044,ENSG00000070495,JMJD6
1045,ENSG00000070501,POLB
1046,ENSG00000070526,ST6GALNAC1
1047,ENSG00000070540,WIPI1
1048,ENSG00000070601,FRMPD1
1049,ENSG00000070610,GBA2
1050,ENSG00000070614,NDST1
1051,ENSG00000070669,ASNS
1052,ENSG00000070718,AP3M2
1053,ENSG00000070729,CNGB1
1054,ENSG00000070731,ST6GALNAC2
1055,ENSG00000070748,CHAT
1056,ENSG00000070756,PABPC1
1057,ENSG00000070759,TESK2
1058,ENSG00000070761,CFAP20
1059,ENSG00000070770,CSNK2A2
1060,ENSG00000070778,PTPN21
1061,ENSG00000070785,EIF2B3
1062,ENSG00000070808,CAMK2A
1063,ENSG00000070814,TCOF1
1064,ENSG00000070831,CDC42
1065,ENSG00000070882,OSBPL3
1066,ENSG00000070886,EPHA8
1067,ENSG00000070915,SLC12A3
1068,ENSG00000070950,RAD18
1069,ENSG00000070961,ATP2B1
1070,ENSG00000070985,TRPM5
1071,ENSG00000071051,NCK2
1072,ENSG00000071054,MAP4K4
1073,ENSG00000071073,MGAT4A
1074,ENSG00000071082,RPL31
1075,ENSG00000071127,WDR1
1076,ENSG00000071189,SNX13
1077,ENSG00000071203,MS4A12
1078,ENSG00000071205,ARHGAP10
1079,ENSG00000071242,RPS6KA2
1080,ENSG00000071243,ING3
1081,ENSG00000071246,VASH1
1082,ENSG00000071282,LMCD1
1083,ENSG00000071537,SEL1L
1084,ENSG00000071539,TRIP13
1085,ENSG00000071553,ATP6AP1
1086,ENSG00000071564,TCF3
1087,ENSG00000071575,TRIB2
1088,ENSG00000071626,DAZAP1
1089,ENSG00000071655,MBD3
1090,ENSG00000071677,PRLH
1091,ENSG00000071794,HLTF
1092,ENSG00000071859,FAM50A
1093,ENSG00000071889,FAM3A
1094,ENSG00000071909,MYO3B
1095,ENSG00000071967,CYBRD1
1096,ENSG00000071991,CDH19
1097,ENSG00000071994,PDCD2
1098,ENSG00000072041,SLC6A15
1099,ENSG00000072042,RDH11
1100,ENSG00000072071,ADGRL1
1101,ENSG00000072080,SPP2
1102,ENSG00000072110,ACTN1
1103,ENSG00000072121,ZFYVE26
1104,ENSG00000072133,RPS6KA6
1105,ENSG00000072134,EPN2
1106,ENSG00000072135,PTPN18
1107,ENSG00000072163,LIMS2
1108,ENSG00000072182,ASIC4
1109,ENSG00000072195,SPEG
1110,ENSG00000072201,LNX1
1111,ENSG00000072210,ALDH3A2
1112,ENSG00000072274,TFRC
1113,ENSG00000072310,SREBF1
1114,ENSG00000072364,AFF4
1115,ENSG00000072401,UBE2D1
1116,ENSG00000072422,RHOBTB1
1117,ENSG00000072501,SMC1A
1118,ENSG00000072506,HSD17B10
1119,ENSG00000072518,MARK2
1120,ENSG00000072571,HMMR
1121,ENSG00000072609,CHFR
1122,ENSG00000072657,TRHDE
1123,ENSG00000072682,P4HA2
1124,ENSG00000072694,FCGR2B
1125,ENSG00000072736,NFATC3
1126,ENSG00000072756,TRNT1
1127,ENSG00000072778,ACADVL
1128,ENSG00000072786,STK10
1129,ENSG00000072803,FBXW11
1130,ENSG00000072818,ACAP1
1131,ENSG00000072832,CRMP1
1132,ENSG00000072840,EVC
1133,ENSG00000072849,DERL2
1134,ENSG00000072858,SIDT1
1135,ENSG00000072954,TMEM38A
1136,ENSG00000072958,AP1M1
1137,ENSG00000073008,PVR
1138,ENSG00000073050,XRCC1
1139,ENSG00000073060,SCARB1
1140,ENSG00000073067,CYP2W1
1141,ENSG00000073111,MCM2
1142,ENSG00000073146,MOV10L1
1143,ENSG00000073150,PANX2
1144,ENSG00000073282,TP63
1145,ENSG00000073331,ALPK1
1146,ENSG00000073350,LLGL2
1147,ENSG00000073417,PDE8A
1148,ENSG00000073464,CLCN4
1149,ENSG00000073536,NLE1
1150,ENSG00000073578,SDHA
1151,ENSG00000073584,SMARCE1
1152,ENSG00000073598,FNDC8
1153,ENSG00000073605,GSDMB
1154,ENSG00000073614,KDM5A
1155,ENSG00000073670,ADAM11
1156,ENSG00000073711,PPP2R3A
1157,ENSG00000073712,FERMT2
1158,ENSG00000073737,DHRS9
1159,ENSG00000073754,CD5L
1160,ENSG00000073756,PTGS2
1161,ENSG00000073792,IGF2BP2
1162,ENSG00000073803,MAP3K13
1163,ENSG00000073849,ST6GAL1
1164,ENSG00000073861,TBX21
1165,ENSG00000073910,FRY
1166,ENSG00000073921,PICALM
1167,ENSG00000074047,GLI2
1168,ENSG00000074054,CLASP1
1169,ENSG00000074071,MRPS34
1170,ENSG00000074181,NOTCH3
1171,ENSG00000074201,CLNS1A
1172,ENSG00000074211,PPP2R2C
1173,ENSG00000074219,TEAD2
1174,ENSG00000074266,EED
1175,ENSG00000074276,CDHR2
1176,ENSG00000074317,SNCB
1177,ENSG00000074319,TSG101
1178,ENSG00000074356,NCBP3
1179,ENSG00000074370,ATP2A3
1180,ENSG00000074410,CA12
1181,ENSG00000074416,MGLL
1182,ENSG00000074527,NTN4
1183,ENSG00000074582,BCS1L
1184,ENSG00000074590,NUAK1
1185,ENSG00000074603,DPP8
1186,ENSG00000074621,SLC24A1
1187,ENSG00000074657,ZNF532
1188,ENSG00000074660,SCARF1
1189,ENSG00000074695,LMAN1
1190,ENSG00000074696,HACD3
1191,ENSG00000074706,IPCEF1
1192,ENSG00000074755,ZZEF1
1193,ENSG00000074771,NOX3
1194,ENSG00000074800,ENO1
1195,ENSG00000074803,SLC12A1
1196,ENSG00000074842,MYDGF
1197,ENSG00000074855,ANO8
1198,ENSG00000074935,TUBE1
1199,ENSG00000074964,ARHGEF10L
1200,ENSG00000074966,TXK
1201,ENSG00000075035,WSCD2
1202,ENSG00000075073,TACR2
1203,ENSG00000075089,ACTR6
1204,ENSG00000075131,TIPIN
1205,ENSG00000075142,SRI
1206,ENSG00000075151,EIF4G3
1207,ENSG00000075188,NUP37
1208,ENSG00000075213,SEMA3A
1209,ENSG00000075218,GTSE1
1210,ENSG00000075223,SEMA3C
1211,ENSG00000075234,TTC38
1212,ENSG00000075239,ACAT1
1213,ENSG00000075240,GRAMD4
1214,ENSG00000075275,CELSR1
1215,ENSG00000075290,WNT8B
1216,ENSG00000075292,ZNF638
1217,ENSG00000075303,SLC25A40
1218,ENSG00000075336,TIMM21
1219,ENSG00000075340,ADD2
1220,ENSG00000075391,RASAL2
1221,ENSG00000075399,VPS9D1
1222,ENSG00000075407,ZNF37A
1223,ENSG00000075413,MARK3
1224,ENSG00000075415,SLC25A3
1225,ENSG00000075420,FNDC3B
1226,ENSG00000075426,FOSL2
1227,ENSG00000075461,CACNG4
1228,ENSG00000075539,FRYL
1229,ENSG00000075568,TMEM131
1230,ENSG00000075618,FSCN1
1231,ENSG00000075624,ACTB
1232,ENSG00000075643,MOCOS
1233,ENSG00000075651,PLD1
1234,ENSG00000075673,ATP12A
1235,ENSG00000075702,WDR62
1236,ENSG00000075711,DLG1
1237,ENSG00000075785,RAB7A
1238,ENSG00000075790,BCAP29
1239,ENSG00000075826,SEC31B
1240,ENSG00000075856,SART3
1241,ENSG00000075884,ARHGAP15
1242,ENSG00000075886,TUBA3D
1243,ENSG00000075891,PAX2
1244,ENSG00000075914,EXOSC7
1245,ENSG00000075945,KIFAP3
1246,ENSG00000075975,MKRN2
1247,ENSG00000076003,MCM6
1248,ENSG00000076043,REXO2
1249,ENSG00000076053,RBM7
1250,ENSG00000076067,RBMS2
1251,ENSG00000076108,BAZ2A
1252,ENSG00000076201,PTPN23
1253,ENSG00000076242,MLH1
1254,ENSG00000076248,UNG
1255,ENSG00000076258,FMO4
1256,ENSG00000076321,KLHL20
1257,ENSG00000076344,RGS11
1258,ENSG00000076351,SLC46A1
1259,ENSG00000076356,PLXNA2
1260,ENSG00000076382,SPAG5
1261,ENSG00000076513,ANKRD13A
1262,ENSG00000076554,TPD52
1263,ENSG00000076555,ACACB
1264,ENSG00000076604,TRAF4
1265,ENSG00000076641,PAG1
1266,ENSG00000076650,GPATCH1
1267,ENSG00000076662,ICAM3
1268,ENSG00000076685,NT5C2
1269,ENSG00000076706,MCAM
1270,ENSG00000076716,GPC4
1271,ENSG00000076770,MBNL3
1272,ENSG00000076826,CAMSAP3
1273,ENSG00000076864,RAP1GAP
1274,ENSG00000076924,XAB2
1275,ENSG00000076928,ARHGEF1
1276,ENSG00000076944,STXBP2
1277,ENSG00000076984,MAP2K7
1278,ENSG00000077009,NMRK2
1279,ENSG00000077044,DGKD
1280,ENSG00000077063,CTTNBP2
1281,ENSG00000077080,ACTL6B
1282,ENSG00000077092,RARB
1283,ENSG00000077097,TOP2B
1284,ENSG00000077147,TM9SF3
1285,ENSG00000077150,NFKB2
1286,ENSG00000077152,UBE2T
1287,ENSG00000077157,PPP1R12B
1288,ENSG00000077232,DNAJC10
1289,ENSG00000077235,GTF3C1
1290,ENSG00000077238,IL4R
1291,ENSG00000077254,USP33
1292,ENSG00000077264,PAK3
1293,ENSG00000077274,CAPN6
1294,ENSG00000077279,DCX
1295,ENSG00000077312,SNRPA
1296,ENSG00000077327,SPAG6
1297,ENSG00000077348,EXOSC5
1298,ENSG00000077420,APBB1IP
1299,ENSG00000077454,LRCH4
1300,ENSG00000077458,FAM76B
1301,ENSG00000077463,SIRT6
1302,ENSG00000077498,TYR
1303,ENSG00000077514,POLD3
1304,ENSG00000077522,ACTN2
1305,ENSG00000077549,CAPZB
1306,ENSG00000077585,GPR137B
1307,ENSG00000077684,JADE1
1308,ENSG00000077713,SLC25A43
1309,ENSG00000077721,UBE2A
1310,ENSG00000077782,FGFR1
1311,ENSG00000077800,FKBP6
1312,ENSG00000077935,SMC1B
1313,ENSG00000077942,FBLN1
1314,ENSG00000077943,ITGA8
1315,ENSG00000077984,CST7
1316,ENSG00000078018,MAP2
1317,ENSG00000078043,PIAS2
1318,ENSG00000078053,AMPH
1319,ENSG00000078061,ARAF
1320,ENSG00000078070,MCCC1
1321,ENSG00000078081,LAMP3
1322,ENSG00000078098,FAP
1323,ENSG00000078114,NEBL
1324,ENSG00000078124,ACER3
1325,ENSG00000078140,UBE2K
1326,ENSG00000078142,PIK3C3
1327,ENSG00000078177,N4BP2
1328,ENSG00000078237,TIGAR
1329,ENSG00000078246,TULP3
1330,ENSG00000078269,SYNJ2
1331,ENSG00000078295,ADCY2
1332,ENSG00000078304,PPP2R5C
1333,ENSG00000078328,RBFOX1
1334,ENSG00000078369,GNB1
1335,ENSG00000078399,HOXA9
1336,ENSG00000078401,EDN1
1337,ENSG00000078403,MLLT10
1338,ENSG00000078487,ZCWPW1
1339,ENSG00000078549,ADCYAP1R1
1340,ENSG00000078579,FGF20
1341,ENSG00000078589,P2RY10
1342,ENSG00000078596,ITM2A
1343,ENSG00000078618,NRDC
1344,ENSG00000078668,VDAC3
1345,ENSG00000078674,PCM1
1346,ENSG00000078687,TNRC6C
1347,ENSG00000078699,CBFA2T2
1348,ENSG00000078725,BRINP1
1349,ENSG00000078747,ITCH
1350,ENSG00000078795,PKD2L2
1351,ENSG00000078804,TP53INP2
1352,ENSG00000078808,SDF4
1353,ENSG00000078814,MYH7B
1354,ENSG00000078898,BPIFB2
1355,ENSG00000078900,TP73
1356,ENSG00000078902,TOLLIP
1357,ENSG00000078967,UBE2D4
1358,ENSG00000079101,CLUL1
1359,ENSG00000079102,RUNX1T1
1360,ENSG00000079112,CDH17
1361,ENSG00000079134,THOC1
1362,ENSG00000079150,FKBP7
1363,ENSG00000079156,OSBPL6
1364,ENSG00000079215,SLC1A3
1365,ENSG00000079246,XRCC5
1366,ENSG00000079257,LXN
1367,ENSG00000079263,SP140
1368,ENSG00000079277,MKNK1
1369,ENSG00000079308,TNS1
1370,ENSG00000079313,REXO1
1371,ENSG00000079332,SAR1A
1372,ENSG00000079335,CDC14A
1373,ENSG00000079337,RAPGEF3
1374,ENSG00000079385,CEACAM1
1375,ENSG00000079387,SENP1
1376,ENSG00000079432,CIC
1377,ENSG00000079435,LIPE
1378,ENSG00000079459,FDFT1
1379,ENSG00000079462,PAFAH1B3
1380,ENSG00000079482,OPHN1
1381,ENSG00000079557,AFM
1382,ENSG00000079616,KIF22
1383,ENSG00000079689,SCGN
1384,ENSG00000079739,PGM1
1385,ENSG00000079785,DDX1
1386,ENSG00000079805,DNM2
1387,ENSG00000079819,EPB41L2
1388,ENSG00000079841,RIMS1
1389,ENSG00000079931,MOXD1
1390,ENSG00000079950,STX7
1391,ENSG00000079974,RABL2B
1392,ENSG00000079999,KEAP1
1393,ENSG00000080007,DDX43
1394,ENSG00000080031,PTPRH
1395,ENSG00000080166,DCT
1396,ENSG00000080200,CRYBG3
1397,ENSG00000080224,EPHA6
1398,ENSG00000080293,SCTR
1399,ENSG00000080298,RFX3
1400,ENSG00000080345,RIF1
1401,ENSG00000080371,RAB21
1402,ENSG00000080493,SLC4A4
1403,ENSG00000080503,SMARCA2
1404,ENSG00000080511,RDH8
1405,ENSG00000080546,SESN1
1406,ENSG00000080561,MID2
1407,ENSG00000080573,COL5A3
1408,ENSG00000080603,SRCAP
1409,ENSG00000080608,PUM3
1410,ENSG00000080618,CPB2
1411,ENSG00000080644,CHRNA3
1412,ENSG00000080709,KCNN2
1413,ENSG00000080802,CNOT4
1414,ENSG00000080815,PSEN1
1415,ENSG00000080819,CPOX
1416,ENSG00000080822,CLDND1
1417,ENSG00000080823,MOK
1418,ENSG00000080824,HSP90AA1
1419,ENSG00000080839,RBL1
1420,ENSG00000080845,DLGAP4
1421,ENSG00000080854,IGSF9B
1422,ENSG00000080986,NDC80
1423,ENSG00000081014,AP4E1
1424,ENSG00000081019,RSBN1
1425,ENSG00000081026,MAGI3
1426,ENSG00000081041,CXCL2
1427,ENSG00000081051,AFP
1428,ENSG00000081052,COL4A4
1429,ENSG00000081059,TCF7
1430,ENSG00000081087,OSTM1
1431,ENSG00000081138,CDH7
1432,ENSG00000081148,IMPG2
1433,ENSG00000081154,PCNP
1434,ENSG00000081177,EXD2
1435,ENSG00000081181,ARG2
1436,ENSG00000081189,MEF2C
1437,ENSG00000081248,CACNA1S
1438,ENSG00000081277,PKP1
1439,ENSG00000081307,UBA5
1440,ENSG00000081320,STK17B
1441,ENSG00000081377,CDC14B
1442,ENSG00000081386,ZNF510
1443,ENSG00000081479,LRP2
1444,ENSG00000081665,ZNF506
1445,ENSG00000081692,JMJD4
1446,ENSG00000081721,DUSP12
1447,ENSG00000081760,AACS
1448,ENSG00000081800,SLC13A1
1449,ENSG00000081803,CADPS2
1450,ENSG00000081853,PCDHGA2
1451,ENSG00000081913,PHLPP1
1452,ENSG00000081923,ATP8B1
1453,ENSG00000081985,IL12RB2
1454,ENSG00000082014,SMARCD3
1455,ENSG00000082068,WDR70
1456,ENSG00000082126,MPP4
1457,ENSG00000082146,STRADB
1458,ENSG00000082153,BZW1
1459,ENSG00000082175,PGR
1460,ENSG00000082196,C1QTNF3
1461,ENSG00000082212,ME2
1462,ENSG00000082213,C5orf22
1463,ENSG00000082258,CCNT2
1464,ENSG00000082269,FAM135A
1465,ENSG00000082293,COL19A1
1466,ENSG00000082397,EPB41L3
1467,ENSG00000082438,COBLL1
1468,ENSG00000082458,DLG3
1469,ENSG00000082482,KCNK2
1470,ENSG00000082497,SERTAD4
1471,ENSG00000082512,TRAF5
1472,ENSG00000082515,MRPL22
1473,ENSG00000082516,GEMIN5
1474,ENSG00000082556,OPRK1
1475,ENSG00000082641,NFE2L1
1476,ENSG00000082684,SEMA5B
1477,ENSG00000082701,GSK3B
1478,ENSG00000082781,ITGB5
1479,ENSG00000082805,ERC1
1480,ENSG00000082898,XPO1
1481,ENSG00000082996,RNF13
1482,ENSG00000083067,TRPM3
1483,ENSG00000083093,PALB2
1484,ENSG00000083099,LYRM2
1485,ENSG00000083123,BCKDHB
1486,ENSG00000083168,KAT6A
1487,ENSG00000083290,ULK2
1488,ENSG00000083307,GRHL2
1489,ENSG00000083312,TNPO1
1490,ENSG00000083444,PLOD1
1491,ENSG00000083454,P2RX5
1492,ENSG00000083457,ITGAE
1493,ENSG00000083520,DIS3
1494,ENSG00000083535,PIBF1
1495,ENSG00000083544,TDRD3
1496,ENSG00000083635,NUFIP1
1497,ENSG00000083642,PDS5B
1498,ENSG00000083720,OXCT1
1499,ENSG00000083750,RRAGB
1500,ENSG00000083782,EPYC
1501,ENSG00000083799,CYLD
1502,ENSG00000083807,SLC27A5
1503,ENSG00000083812,ZNF324
1504,ENSG00000083814,ZNF671
1505,ENSG00000083817,ZNF416
1506,ENSG00000083828,ZNF586
1507,ENSG00000083838,ZNF446
1508,ENSG00000083844,ZNF264
1509,ENSG00000083845,RPS5
1510,ENSG00000083857,FAT1
1511,ENSG00000083937,CHMP2B
1512,ENSG00000084070,SMAP2
1513,ENSG00000084072,PPIE
1514,ENSG00000084073,ZMPSTE24
1515,ENSG00000084090,STARD7
1516,ENSG00000084092,NOA1
1517,ENSG00000084093,REST
1518,ENSG00000084110,HAL
1519,ENSG00000084112,SSH1
1520,ENSG00000084207,GSTP1
1521,ENSG00000084234,APLP2
1522,ENSG00000084444,FAM234B
1523,ENSG00000084453,SLCO1A2
1524,ENSG00000084463,WBP11
1525,ENSG00000084623,EIF3I
1526,ENSG00000084628,NKAIN1
1527,ENSG00000084636,COL16A1
1528,ENSG00000084652,TXLNA
1529,ENSG00000084676,NCOA1
1530,ENSG00000084693,AGBL5
1531,ENSG00000084710,EFR3B
1532,ENSG00000084731,KIF3C
1533,ENSG00000084733,RAB10
1534,ENSG00000084734,GCKR
1535,ENSG00000084754,HADHA
1536,ENSG00000084764,MAPRE3
1537,ENSG00000084774,CAD
1538,ENSG00000085063,CD59
1539,ENSG00000085117,CD82
1540,ENSG00000085185,BCORL1
1541,ENSG00000085224,ATRX
1542,ENSG00000085265,FCN1
1543,ENSG00000085274,MYNN
1544,ENSG00000085276,MECOM
1545,ENSG00000085365,SCAMP1
1546,ENSG00000085377,PREP
1547,ENSG00000085382,HACE1
1548,ENSG00000085415,SEH1L
1549,ENSG00000085433,WDR47
1550,ENSG00000085449,WDFY1
1551,ENSG00000085465,OVGP1
1552,ENSG00000085491,SLC25A24
1553,ENSG00000085511,MAP3K4
1554,ENSG00000085514,PILRA
1555,ENSG00000085552,IGSF9
1556,ENSG00000085563,ABCB1
1557,ENSG00000085644,ZNF213
1558,ENSG00000085662,AKR1B1
1559,ENSG00000085719,CPNE3
1560,ENSG00000085721,RRN3
1561,ENSG00000085733,CTTN
1562,ENSG00000085741,WNT11
1563,ENSG00000085760,MTIF2
1564,ENSG00000085788,DDHD2
1565,ENSG00000085831,TTC39A
1566,ENSG00000085832,EPS15
1567,ENSG00000085840,ORC1
1568,ENSG00000085871,MGST2
1569,ENSG00000085872,CHERP
1570,ENSG00000085982,USP40
1571,ENSG00000085998,POMGNT1
1572,ENSG00000085999,RAD54L
1573,ENSG00000086015,MAST2
1574,ENSG00000086061,DNAJA1
1575,ENSG00000086062,B4GALT1
1576,ENSG00000086065,CHMP5
1577,ENSG00000086102,NFX1
1578,ENSG00000086159,AQP6
1579,ENSG00000086189,DIMT1
1580,ENSG00000086200,IPO11
1581,ENSG00000086205,FOLH1
1582,ENSG00000086232,EIF2AK1
1583,ENSG00000086288,NME8
1584,ENSG00000086289,EPDR1
1585,ENSG00000086300,SNX10
1586,ENSG00000086475,SEPHS1
1587,ENSG00000086504,MRPL28
1588,ENSG00000086506,HBQ1
1589,ENSG00000086544,ITPKC
1590,ENSG00000086548,CEACAM6
1591,ENSG00000086570,FAT2
1592,ENSG00000086589,RBM22
1593,ENSG00000086598,TMED2
1594,ENSG00000086619,ERO1B
1595,ENSG00000086666,ZFAND6
1596,ENSG00000086696,HSD17B2
1597,ENSG00000086712,TXLNG
1598,ENSG00000086717,PPEF1
1599,ENSG00000086730,LAT2
1600,ENSG00000086758,HUWE1
1601,ENSG00000086827,ZW10
1602,ENSG00000086848,ALG9
1603,ENSG00000086967,MYBPC2
1604,ENSG00000086991,NOX4
1605,ENSG00000087008,ACOX3
1606,ENSG00000087053,MTMR2
1607,ENSG00000087074,PPP1R15A
1608,ENSG00000087076,HSD17B14
1609,ENSG00000087077,TRIP6
1610,ENSG00000087085,ACHE
1611,ENSG00000087086,FTL
1612,ENSG00000087087,SRRT
1613,ENSG00000087088,BAX
1614,ENSG00000087095,NLK
1615,ENSG00000087111,PIGS
1616,ENSG00000087116,ADAMTS2
1617,ENSG00000087152,ATXN7L3
1618,ENSG00000087157,PGS1
1619,ENSG00000087191,PSMC5
1620,ENSG00000087206,UIMC1
1621,ENSG00000087237,CETP
1622,ENSG00000087245,MMP2
1623,ENSG00000087250,MT3
1624,ENSG00000087253,LPCAT2
1625,ENSG00000087258,GNAO1
1626,ENSG00000087263,OGFOD1
1627,ENSG00000087266,SH3BP2
1628,ENSG00000087269,NOP14
1629,ENSG00000087274,ADD1
1630,ENSG00000087299,L2HGDH
1631,ENSG00000087301,TXNDC16
1632,ENSG00000087303,NID2
1633,ENSG00000087338,GMCL1
1634,ENSG00000087365,SF3B2
1635,ENSG00000087448,KLHL42
1636,ENSG00000087460,GNAS
1637,ENSG00000087470,DNM1L
1638,ENSG00000087494,PTHLH
1639,ENSG00000087495,PHACTR3
1640,ENSG00000087502,ERGIC2
1641,ENSG00000087510,TFAP2C
1642,ENSG00000087586,AURKA
1643,ENSG00000087589,CASS4
1644,ENSG00000087842,PIR
1645,ENSG00000087884,AAMDC
1646,ENSG00000087903,RFX2
1647,ENSG00000087995,METTL2A
1648,ENSG00000088002,SULT2B1
1649,ENSG00000088035,ALG6
1650,ENSG00000088179,PTPN4
1651,ENSG00000088205,DDX18
1652,ENSG00000088247,KHSRP
1653,ENSG00000088256,GNA11
1654,ENSG00000088298,EDEM2
1655,ENSG00000088305,DNMT3B
1656,ENSG00000088320,REM1
1657,ENSG00000088325,TPX2
1658,ENSG00000088356,PDRG1
1659,ENSG00000088367,EPB41L1
1660,ENSG00000088386,SLC15A1
1661,ENSG00000088387,DOCK9
1662,ENSG00000088448,ANKRD10
1663,ENSG00000088451,TGDS
1664,ENSG00000088538,DOCK3
1665,ENSG00000088543,C3orf18
1666,ENSG00000088682,COQ9
1667,ENSG00000088726,TMEM40
1668,ENSG00000088727,KIF9
1669,ENSG00000088756,ARHGAP28
1670,ENSG00000088766,CRLS1
1671,ENSG00000088782,DEFB127
1672,ENSG00000088808,PPP1R13B
1673,ENSG00000088812,ATRN
1674,ENSG00000088826,SMOX
1675,ENSG00000088827,SIGLEC1
1676,ENSG00000088832,FKBP1A
1677,ENSG00000088833,NSFL1C
1678,ENSG00000088836,SLC4A11
1679,ENSG00000088876,ZNF343
1680,ENSG00000088881,EBF4
1681,ENSG00000088882,CPXM1
1682,ENSG00000088888,MAVS
1683,ENSG00000088926,F11
1684,ENSG00000088930,XRN2
1685,ENSG00000088970,KIZ
1686,ENSG00000088986,DYNLL1
1687,ENSG00000088992,TESC
1688,ENSG00000089006,SNX5
1689,ENSG00000089009,RPL6
1690,ENSG00000089012,SIRPG
1691,ENSG00000089022,MAPKAPK5
1692,ENSG00000089041,P2RX7
1693,ENSG00000089048,ESF1
1694,ENSG00000089050,RBBP9
1695,ENSG00000089053,ANAPC5
1696,ENSG00000089057,SLC23A2
1697,ENSG00000089060,SLC8B1
1698,ENSG00000089063,TMEM230
1699,ENSG00000089091,DZANK1
1700,ENSG00000089094,KDM2B
1701,ENSG00000089101,CFAP61
1702,ENSG00000089116,LHX5
1703,ENSG00000089123,TASP1
1704,ENSG00000089127,OAS1
1705,ENSG00000089154,GCN1
1706,ENSG00000089157,RPLP0
1707,ENSG00000089159,PXN
1708,ENSG00000089163,SIRT4
1709,ENSG00000089169,RPH3A
1710,ENSG00000089177,KIF16B
1711,ENSG00000089195,TRMT6
1712,ENSG00000089199,CHGB
1713,ENSG00000089220,PEBP1
1714,ENSG00000089225,TBX5
1715,ENSG00000089234,BRAP
1716,ENSG00000089248,ERP29
1717,ENSG00000089250,NOS1
1718,ENSG00000089280,FUS
1719,ENSG00000089289,IGBP1
1720,ENSG00000089327,FXYD5
1721,ENSG00000089335,ZNF302
1722,ENSG00000089351,GRAMD1A
1723,ENSG00000089356,FXYD3
1724,ENSG00000089472,HEPH
1725,ENSG00000089486,CDIP1
1726,ENSG00000089505,CMTM1
1727,ENSG00000089558,KCNH4
1728,ENSG00000089597,GANAB
1729,ENSG00000089639,GMIP
1730,ENSG00000089682,RBM41
1731,ENSG00000089685,BIRC5
1732,ENSG00000089692,LAG3
1733,ENSG00000089693,MLF2
1734,ENSG00000089723,OTUB2
1735,ENSG00000089737,DDX24
1736,ENSG00000089775,ZBTB25
1737,ENSG00000089818,NECAP1
1738,ENSG00000089820,ARHGAP4
1739,ENSG00000089847,ANKRD24
1740,ENSG00000089876,DHX32
1741,ENSG00000089902,RCOR1
1742,ENSG00000089916,GPATCH2L
1743,ENSG00000090006,LTBP4
1744,ENSG00000090013,BLVRB
1745,ENSG00000090020,SLC9A1
1746,ENSG00000090054,SPTLC1
1747,ENSG00000090060,PAPOLA
1748,ENSG00000090061,CCNK
1749,ENSG00000090097,PCBP4
1750,ENSG00000090104,RGS1
1751,ENSG00000090238,YPEL3
1752,ENSG00000090263,MRPS33
1753,ENSG00000090266,NDUFB2
1754,ENSG00000090273,NUDC
1755,ENSG00000090316,MAEA
1756,ENSG00000090339,ICAM1
1757,ENSG00000090372,STRN4
1758,ENSG00000090376,IRAK3
1759,ENSG00000090382,LYZ
1760,ENSG00000090402,SI
1761,ENSG00000090432,MUL1
1762,ENSG00000090447,TFAP4
1763,ENSG00000090470,PDCD7
1764,ENSG00000090487,SPG21
1765,ENSG00000090512,FETUB
1766,ENSG00000090520,DNAJB11
1767,ENSG00000090530,P3H2
1768,ENSG00000090534,THPO
1769,ENSG00000090539,CHRD
1770,ENSG00000090554,FLT3LG
1771,ENSG00000090581,GNPTG
1772,ENSG00000090612,ZNF268
1773,ENSG00000090615,GOLGA3
1774,ENSG00000090621,PABPC4
1775,ENSG00000090659,CD209
1776,ENSG00000090661,CERS4
1777,ENSG00000090674,MCOLN1
1778,ENSG00000090686,USP48
1779,ENSG00000090776,EFNB1
1780,ENSG00000090857,PDPR
1781,ENSG00000090863,GLG1
1782,ENSG00000090889,KIF4A
1783,ENSG00000090905,TNRC6A
1784,ENSG00000090924,PLEKHG2
1785,ENSG00000090932,DLL3
1786,ENSG00000090971,NAT14
1787,ENSG00000090975,PITPNM2
1788,ENSG00000090989,EXOC1
1789,ENSG00000091009,RBM27
1790,ENSG00000091039,OSBPL8
1791,ENSG00000091106,NLRC4
1792,ENSG00000091127,PUS7
1793,ENSG00000091128,LAMB4
1794,ENSG00000091129,NRCAM
1795,ENSG00000091136,LAMB1
1796,ENSG00000091137,SLC26A4
1797,ENSG00000091138,SLC26A3
1798,ENSG00000091140,DLD
1799,ENSG00000091157,WDR7
1800,ENSG00000091164,TXNL1
1801,ENSG00000091181,IL5RA
1802,ENSG00000091262,ABCC6
1803,ENSG00000091317,CMTM6
1804,ENSG00000091409,ITGA6
1805,ENSG00000091428,RAPGEF4
1806,ENSG00000091482,SMPX
1807,ENSG00000091483,FH
1808,ENSG00000091490,SEL1L3
1809,ENSG00000091513,TF
1810,ENSG00000091527,CDV3
1811,ENSG00000091536,MYO15A
1812,ENSG00000091542,ALKBH5
1813,ENSG00000091583,APOH
1814,ENSG00000091592,NLRP1
1815,ENSG00000091622,PITPNM3
1816,ENSG00000091640,SPAG7
1817,ENSG00000091651,ORC6
1818,ENSG00000091656,ZFHX4
1819,ENSG00000091704,CPA1
1820,ENSG00000091732,ZC3HC1
1821,ENSG00000091831,ESR1
1822,ENSG00000091844,RGS17
1823,ENSG00000091879,ANGPT2
1824,ENSG00000091947,TMEM101
1825,ENSG00000091972,CD200
1826,ENSG00000091986,CCDC80
1827,ENSG00000092009,CMA1
1828,ENSG00000092020,PPP2R3C
1829,ENSG00000092036,HAUS4
1830,ENSG00000092051,JPH4
1831,ENSG00000092054,MYH7
1832,ENSG00000092067,CEBPE
1833,ENSG00000092068,SLC7A8
1834,ENSG00000092096,SLC22A17
1835,ENSG00000092098,RNF31
1836,ENSG00000092108,SCFD1
1837,ENSG00000092140,G2E3
1838,ENSG00000092148,HECTD1
1839,ENSG00000092199,HNRNPC
1840,ENSG00000092200,RPGRIP1
1841,ENSG00000092201,SUPT16H
1842,ENSG00000092203,TOX4
1843,ENSG00000092208,GEMIN2
1844,ENSG00000092345,DAZL
1845,ENSG00000092377,TBL1Y
1846,ENSG00000092421,SEMA6A
1847,ENSG00000092439,TRPM7
1848,ENSG00000092445,TYRO3
1849,ENSG00000092470,WDR76
1850,ENSG00000092529,CAPN3
1851,ENSG00000092531,SNAP23
1852,ENSG00000092607,TBX15
1853,ENSG00000092621,PHGDH
1854,ENSG00000092758,COL9A3
1855,ENSG00000092820,EZR
1856,ENSG00000092841,MYL6
1857,ENSG00000092847,AGO1
1858,ENSG00000092850,TEKT2
1859,ENSG00000092853,CLSPN
1860,ENSG00000092871,RFFL
1861,ENSG00000092929,UNC13D
1862,ENSG00000092931,MFSD11
1863,ENSG00000092964,DPYSL2
1864,ENSG00000092969,TGFB2
1865,ENSG00000092978,GPATCH2
1866,ENSG00000093000,NUP50
1867,ENSG00000093009,CDC45
1868,ENSG00000093010,COMT
1869,ENSG00000093144,ECHDC1
1870,ENSG00000093167,LRRFIP2
1871,ENSG00000093183,SEC22C
1872,ENSG00000093217,XYLB
1873,ENSG00000094631,HDAC6
1874,ENSG00000094755,GABRP
1875,ENSG00000094804,CDC6
1876,ENSG00000094841,UPRT
1877,ENSG00000094880,CDC23
1878,ENSG00000094916,CBX5
1879,ENSG00000094963,FMO2
1880,ENSG00000094975,SUCO
1881,ENSG00000095002,MSH2
1882,ENSG00000095015,MAP3K1
1883,ENSG00000095059,DHPS
1884,ENSG00000095066,HOOK2
1885,ENSG00000095110,NXPE1
1886,ENSG00000095139,ARCN1
1887,ENSG00000095203,EPB41L4B
1888,ENSG00000095209,TMEM38B
1889,ENSG00000095261,PSMD5
1890,ENSG00000095303,PTGS1
1891,ENSG00000095319,NUP188
1892,ENSG00000095321,CRAT
1893,ENSG00000095370,SH2D3C
1894,ENSG00000095380,NANS
1895,ENSG00000095383,TBC1D2
1896,ENSG00000095464,PDE6C
1897,ENSG00000095485,CWF19L1
1898,ENSG00000095539,SEMA4G
1899,ENSG00000095564,BTAF1
1900,ENSG00000095574,IKZF5
1901,ENSG00000095585,BLNK
1902,ENSG00000095587,TLL2
1903,ENSG00000095596,CYP26A1
1904,ENSG00000095627,TDRD1
1905,ENSG00000095637,SORBS1
1906,ENSG00000095713,CRTAC1
1907,ENSG00000095739,BAMBI
1908,ENSG00000095752,IL11
1909,ENSG00000095777,MYO3A
1910,ENSG00000095787,WAC
1911,ENSG00000095794,CREM
1912,ENSG00000095906,NUBP2
1913,ENSG00000095917,TPSD1
1914,ENSG00000095932,SMIM24
1915,ENSG00000095951,HIVEP1
1916,ENSG00000095970,TREM2
1917,ENSG00000095981,KCNK16
1918,ENSG00000096006,CRISP3
1919,ENSG00000096060,FKBP5
1920,ENSG00000096063,SRPK1
1921,ENSG00000096070,BRPF3
1922,ENSG00000096080,MRPS18A
1923,ENSG00000096088,PGC
1924,ENSG00000096092,TMEM14A
1925,ENSG00000096093,EFHC1
1926,ENSG00000096264,NCR2
1927,ENSG00000096384,HSP90AB1
1928,ENSG00000096401,CDC5L
1929,ENSG00000096433,ITPR3
1930,ENSG00000096654,ZNF184
1931,ENSG00000096696,DSP
1932,ENSG00000096717,SIRT1
1933,ENSG00000096746,HNRNPH3
1934,ENSG00000096872,IFT74
1935,ENSG00000096968,JAK2
1936,ENSG00000096996,IL12RB1
1937,ENSG00000097007,ABL1
1938,ENSG00000097021,ACOT7
1939,ENSG00000097033,SH3GLB1
1940,ENSG00000097046,CDC7
1941,ENSG00000097096,SYDE2
1942,ENSG00000099139,PCSK5
1943,ENSG00000099194,SCD
1944,ENSG00000099203,TMED1
1945,ENSG00000099204,ABLIM1
1946,ENSG00000099219,ERMP1
1947,ENSG00000099246,RAB18
1948,ENSG00000099250,NRP1
1949,ENSG00000099256,PRTFDC1
1950,ENSG00000099260,PALMD
1951,ENSG00000099282,TSPAN15
1952,ENSG00000099308,MAST3
1953,ENSG00000099326,MZF1
1954,ENSG00000099330,OCEL1
1955,ENSG00000099331,MYO9B
1956,ENSG00000099337,KCNK6
1957,ENSG00000099338,CATSPERG
1958,ENSG00000099341,PSMD8
1959,ENSG00000099364,FBXL19
1960,ENSG00000099365,STX1B
1961,ENSG00000099377,HSD3B7
1962,ENSG00000099381,SETD1A
1963,ENSG00000099385,BCL7C
1964,ENSG00000099399,MAGEB2
1965,ENSG00000099617,EFNA2
1966,ENSG00000099622,CIRBP
1967,ENSG00000099625,CBARP
1968,ENSG00000099715,PCDH11Y
1969,ENSG00000099721,AMELY
1970,ENSG00000099769,IGFALS
1971,ENSG00000099783,HNRNPM
1972,ENSG00000099795,NDUFB7
1973,ENSG00000099797,TECR
1974,ENSG00000099800,TIMM13
1975,ENSG00000099804,CDC34
1976,ENSG00000099810,MTAP
1977,ENSG00000099812,MISP
1978,ENSG00000099814,CEP170B
1979,ENSG00000099817,POLR2E
1980,ENSG00000099821,POLRMT
1981,ENSG00000099822,HCN2
1982,ENSG00000099840,IZUMO4
1983,ENSG00000099849,RASSF7
1984,ENSG00000099860,GADD45B
1985,ENSG00000099864,PALM
1986,ENSG00000099866,MADCAM1
1987,ENSG00000099869,IGF2-AS
1988,ENSG00000099875,MKNK2
1989,ENSG00000099889,ARVCF
1990,ENSG00000099899,TRMT2A
1991,ENSG00000099901,RANBP1
1992,ENSG00000099904,ZDHHC8
1993,ENSG00000099910,KLHL22
1994,ENSG00000099917,MED15
1995,ENSG00000099937,SERPIND1
1996,ENSG00000099940,SNAP29
1997,ENSG00000099942,CRKL
1998,ENSG00000099949,LZTR1
1999,ENSG00000099953,MMP11
2000,ENSG00000099954,CECR2
2001,ENSG00000099956,SMARCB1
2002,ENSG00000099957,P2RX6
2003,ENSG00000099958,DERL3
2004,ENSG00000099960,SLC7A4
2005,ENSG00000099968,BCL2L13
2006,ENSG00000099974,DDTL
2007,ENSG00000099985,OSM
2008,ENSG00000099991,CABIN1
2009,ENSG00000099992,TBC1D10A
2010,ENSG00000099994,SUSD2
2011,ENSG00000099995,SF3A1
2012,ENSG00000099998,GGT5
2013,ENSG00000099999,RNF215
2014,ENSG00000100003,SEC14L2
2015,ENSG00000100012,SEC14L3
2016,ENSG00000100014,SPECC1L
2017,ENSG00000100023,PPIL2
2018,ENSG00000100024,UPB1
2019,ENSG00000100027,YPEL1
2020,ENSG00000100028,SNRPD3
2021,ENSG00000100029,PES1
2022,ENSG00000100030,MAPK1
2023,ENSG00000100031,GGT1
2024,ENSG00000100033,PRODH
2025,ENSG00000100034,PPM1F
2026,ENSG00000100036,SLC35E4
2027,ENSG00000100038,TOP3B
2028,ENSG00000100053,CRYBB3
2029,ENSG00000100055,CYTH4
2030,ENSG00000100060,MFNG
2031,ENSG00000100065,CARD10
2032,ENSG00000100075,SLC25A1
2033,ENSG00000100078,PLA2G3
2034,ENSG00000100079,LGALS2
2035,ENSG00000100083,GGA1
2036,ENSG00000100084,HIRA
2037,ENSG00000100092,SH3BP1
2038,ENSG00000100095,SEZ6L
2039,ENSG00000100097,LGALS1
2040,ENSG00000100099,HPS4
2041,ENSG00000100100,PIK3IP1
2042,ENSG00000100104,SRRD
2043,ENSG00000100105,PATZ1
2044,ENSG00000100106,TRIOBP
2045,ENSG00000100109,TFIP11
2046,ENSG00000100116,GCAT
2047,ENSG00000100121,GGTLC2
2048,ENSG00000100122,CRYBB1
2049,ENSG00000100124,ANKRD54
2050,ENSG00000100129,EIF3L
2051,ENSG00000100138,SNU13
2052,ENSG00000100139,MICALL1
2053,ENSG00000100142,POLR2F
2054,ENSG00000100146,SOX10
2055,ENSG00000100147,CCDC134
2056,ENSG00000100150,DEPDC5
2057,ENSG00000100151,PICK1
2058,ENSG00000100154,TTC28
2059,ENSG00000100156,SLC16A8
2060,ENSG00000100162,CENPM
2061,ENSG00000100170,SLC5A1
2062,ENSG00000100181,TPTEP1
2063,ENSG00000100191,SLC5A4
2064,ENSG00000100196,KDELR3
2065,ENSG00000100201,DDX17
2066,ENSG00000100206,DMC1
2067,ENSG00000100209,HSCB
2068,ENSG00000100211,CBY1
2069,ENSG00000100216,TOMM22
2070,ENSG00000100218,RSPH14
2071,ENSG00000100219,XBP1
2072,ENSG00000100220,RTCB
2073,ENSG00000100221,JOSD1
2074,ENSG00000100225,FBXO7
2075,ENSG00000100226,GTPBP1
2076,ENSG00000100227,POLDIP3
2077,ENSG00000100228,RAB36
2078,ENSG00000100234,TIMP3
2079,ENSG00000100239,PPP6R2
2080,ENSG00000100241,SBF1
2081,ENSG00000100242,SUN2
2082,ENSG00000100243,CYB5R3
2083,ENSG00000100246,DNAL4
2084,ENSG00000100249,C22orf31
2085,ENSG00000100253,MIOX
2086,ENSG00000100258,LMF2
2087,ENSG00000100263,RHBDD3
2088,ENSG00000100266,PACSIN2
2089,ENSG00000100271,TTLL1
2090,ENSG00000100276,RASL10A
2091,ENSG00000100280,AP1B1
2092,ENSG00000100281,HMGXB4
2093,ENSG00000100284,TOM1
2094,ENSG00000100285,NEFH
2095,ENSG00000100288,CHKB
2096,ENSG00000100290,BIK
2097,ENSG00000100292,HMOX1
2098,ENSG00000100294,MCAT
2099,ENSG00000100296,THOC5
2100,ENSG00000100297,MCM5
2101,ENSG00000100298,APOBEC3H
2102,ENSG00000100299,ARSA
2103,ENSG00000100300,TSPO
2104,ENSG00000100302,RASD2
2105,ENSG00000100304,TTLL12
2106,ENSG00000100307,CBX7
2107,ENSG00000100311,PDGFB
2108,ENSG00000100314,CABP7
2109,ENSG00000100316,RPL3
2110,ENSG00000100319,ZMAT5
2111,ENSG00000100321,SYNGR1
2112,ENSG00000100324,TAB1
2113,ENSG00000100325,ASCC2
2114,ENSG00000100330,MTMR3
2115,ENSG00000100335,MIEF1
2116,ENSG00000100336,APOL4
2117,ENSG00000100341,PNPLA5
2118,ENSG00000100342,APOL1
2119,ENSG00000100344,PNPLA3
2120,ENSG00000100345,MYH9
2121,ENSG00000100346,CACNA1I
2122,ENSG00000100347,SAMM50
2123,ENSG00000100348,TXN2
2124,ENSG00000100350,FOXRED2
2125,ENSG00000100351,GRAP2
2126,ENSG00000100353,EIF3D
2127,ENSG00000100354,TNRC6B
2128,ENSG00000100359,SGSM3
2129,ENSG00000100360,IFT27
2130,ENSG00000100362,PVALB
2131,ENSG00000100364,KIAA0930
2132,ENSG00000100365,NCF4
2133,ENSG00000100368,CSF2RB
2134,ENSG00000100372,SLC25A17
2135,ENSG00000100373,UPK3A
2136,ENSG00000100376,FAM118A
2137,ENSG00000100379,KCTD17
2138,ENSG00000100380,ST13
2139,ENSG00000100385,IL2RB
2140,ENSG00000100387,RBX1
2141,ENSG00000100393,EP300
2142,ENSG00000100395,L3MBTL2
2143,ENSG00000100399,CHADL
2144,ENSG00000100401,RANGAP1
2145,ENSG00000100403,ZC3H7B
2146,ENSG00000100410,PHF5A
2147,ENSG00000100412,ACO2
2148,ENSG00000100413,POLR3H
2149,ENSG00000100416,TRMU
2150,ENSG00000100417,PMM1
2151,ENSG00000100418,DESI1
2152,ENSG00000100422,CERK
2153,ENSG00000100425,BRD1
2154,ENSG00000100426,ZBED4
2155,ENSG00000100427,MLC1
2156,ENSG00000100429,HDAC10
2157,ENSG00000100433,KCNK10
2158,ENSG00000100439,ABHD4
2159,ENSG00000100441,KHNYN
2160,ENSG00000100442,FKBP3
2161,ENSG00000100445,SDR39U1
2162,ENSG00000100448,CTSG
2163,ENSG00000100450,GZMH
2164,ENSG00000100453,GZMB
2165,ENSG00000100461,RBM23
2166,ENSG00000100462,PRMT5
2167,ENSG00000100473,COCH
2168,ENSG00000100478,AP4S1
2169,ENSG00000100479,POLE2
2170,ENSG00000100483,VCPKMT
2171,ENSG00000100485,SOS2
2172,ENSG00000100490,CDKL1
2173,ENSG00000100503,NIN
2174,ENSG00000100504,PYGL
2175,ENSG00000100505,TRIM9
2176,ENSG00000100519,PSMC6
2177,ENSG00000100522,GNPNAT1
2178,ENSG00000100523,DDHD1
2179,ENSG00000100526,CDKN3
2180,ENSG00000100528,CNIH1
2181,ENSG00000100532,CGRRF1
2182,ENSG00000100554,ATP6V1D
2183,ENSG00000100558,PLEK2
2184,ENSG00000100564,PIGH
2185,ENSG00000100565,LRRC74A
2186,ENSG00000100567,PSMA3
2187,ENSG00000100568,VTI1B
2188,ENSG00000100575,TIMM9
2189,ENSG00000100577,GSTZ1
2190,ENSG00000100578,KIAA0586
2191,ENSG00000100580,TMED8
2192,ENSG00000100583,SAMD15
2193,ENSG00000100591,AHSA1
2194,ENSG00000100592,DAAM1
2195,ENSG00000100593,ISM2
2196,ENSG00000100596,SPTLC2
2197,ENSG00000100599,RIN3
2198,ENSG00000100600,LGMN
2199,ENSG00000100601,ALKBH1
2200,ENSG00000100603,SNW1
2201,ENSG00000100605,ITPK1
2202,ENSG00000100612,DHRS7
2203,ENSG00000100614,PPM1A
2204,ENSG00000100625,SIX4
2205,ENSG00000100626,GALNT16
2206,ENSG00000100629,CEP128
2207,ENSG00000100632,ERH
2208,ENSG00000100644,HIF1A
2209,ENSG00000100647,SUSD6
2210,ENSG00000100650,SRSF5
2211,ENSG00000100652,SLC10A1
2212,ENSG00000100664,EIF5
2213,ENSG00000100665,SERPINA4
2214,ENSG00000100678,SLC8A3
2215,ENSG00000100697,DICER1
2216,ENSG00000100711,ZFYVE21
2217,ENSG00000100714,MTHFD1
2218,ENSG00000100721,TCL1A
2219,ENSG00000100722,ZC3H14
2220,ENSG00000100726,TELO2
2221,ENSG00000100739,BDKRB1
2222,ENSG00000100744,GSKIP
2223,ENSG00000100749,VRK1
2224,ENSG00000100764,PSMC1
2225,ENSG00000100767,PAPLN
2226,ENSG00000100784,RPS6KA5
2227,ENSG00000100796,PPP4R3A
2228,ENSG00000100802,C14orf93
2229,ENSG00000100804,PSMB5
2230,ENSG00000100811,YY1
2231,ENSG00000100813,ACIN1
2232,ENSG00000100815,TRIP11
2233,ENSG00000100836,PABPN1
2234,ENSG00000100842,EFS
2235,ENSG00000100852,ARHGAP5
2236,ENSG00000100865,CINP
2237,ENSG00000100867,DHRS2
2238,ENSG00000100883,SRP54
2239,ENSG00000100884,CPNE6
2240,ENSG00000100888,CHD8
2241,ENSG00000100897,DCAF11
2242,ENSG00000100902,PSMA6
2243,ENSG00000100906,NFKBIA
2244,ENSG00000100908,EMC9
2245,ENSG00000100916,BRMS1L
2246,ENSG00000100926,TM9SF1
2247,ENSG00000100934,SEC23A
2248,ENSG00000100938,GMPR2
2249,ENSG00000100941,PNN
2250,ENSG00000100949,RABGGTA
2251,ENSG00000100979,PLTP
2252,ENSG00000100982,PCIF1
2253,ENSG00000100983,GSS
2254,ENSG00000100985,MMP9
2255,ENSG00000100987,VSX1
2256,ENSG00000100991,TRPC4AP
2257,ENSG00000100994,PYGB
2258,ENSG00000100997,ABHD12
2259,ENSG00000101000,PROCR
2260,ENSG00000101003,GINS1
2261,ENSG00000101004,NINL
2262,ENSG00000101017,CD40
2263,ENSG00000101019,UQCC1
2264,ENSG00000101040,ZMYND8
2265,ENSG00000101049,SGK2
2266,ENSG00000101052,IFT52
2267,ENSG00000101057,MYBL2
2268,ENSG00000101074,R3HDML
2269,ENSG00000101076,HNF4A
2270,ENSG00000101079,NDRG3
2271,ENSG00000101082,SLA2
2272,ENSG00000101096,NFATC2
2273,ENSG00000101098,RIMS4
2274,ENSG00000101104,PABPC1L
2275,ENSG00000101109,STK4
2276,ENSG00000101115,SALL4
2277,ENSG00000101126,ADNP
2278,ENSG00000101132,PFDN4
2279,ENSG00000101134,DOK5
2280,ENSG00000101138,CSTF1
2281,ENSG00000101144,BMP7
2282,ENSG00000101146,RAE1
2283,ENSG00000101150,TPD52L2
2284,ENSG00000101152,DNAJC5
2285,ENSG00000101158,NELFCD
2286,ENSG00000101160,CTSZ
2287,ENSG00000101161,PRPF6
2288,ENSG00000101162,TUBB1
2289,ENSG00000101166,PRELID3B
2290,ENSG00000101180,HRH3
2291,ENSG00000101181,MTG2
2292,ENSG00000101182,PSMA7
2293,ENSG00000101187,SLCO4A1
2294,ENSG00000101188,NTSR1
2295,ENSG00000101189,MRGBP
2296,ENSG00000101190,TCFL5
2297,ENSG00000101191,DIDO1
2298,ENSG00000101193,GID8
2299,ENSG00000101194,SLC17A9
2300,ENSG00000101197,BIRC7
2301,ENSG00000101198,NKAIN4
2302,ENSG00000101199,ARFGAP1
2303,ENSG00000101200,AVP
2304,ENSG00000101203,COL20A1
2305,ENSG00000101204,CHRNA4
2306,ENSG00000101210,EEF1A2
2307,ENSG00000101213,PTK6
2308,ENSG00000101216,GMEB2
2309,ENSG00000101222,SPEF1
2310,ENSG00000101224,CDC25B
2311,ENSG00000101230,ISM1
2312,ENSG00000101236,RNF24
2313,ENSG00000101246,ARFRP1
2314,ENSG00000101247,NDUFAF5
2315,ENSG00000101251,SEL1L2
2316,ENSG00000101255,TRIB3
2317,ENSG00000101265,RASSF2
2318,ENSG00000101266,CSNK2A1
2319,ENSG00000101276,SLC52A3
2320,ENSG00000101280,ANGPT4
2321,ENSG00000101282,RSPO4
2322,ENSG00000101290,CDS2
2323,ENSG00000101294,HM13
2324,ENSG00000101298,SNPH
2325,ENSG00000101306,MYLK2
2326,ENSG00000101307,SIRPB1
2327,ENSG00000101310,SEC23B
2328,ENSG00000101311,FERMT1
2329,ENSG00000101323,HAO1
2330,ENSG00000101327,PDYN
2331,ENSG00000101331,CCM2L
2332,ENSG00000101333,PLCB4
2333,ENSG00000101335,MYL9
2334,ENSG00000101336,HCK
2335,ENSG00000101337,TM9SF4
2336,ENSG00000101342,TLDC2
2337,ENSG00000101343,CRNKL1
2338,ENSG00000101346,POFUT1
2339,ENSG00000101347,SAMHD1
2340,ENSG00000101350,KIF3B
2341,ENSG00000101361,NOP56
2342,ENSG00000101363,MANBAL
2343,ENSG00000101365,IDH3B
2344,ENSG00000101367,MAPRE1
2345,ENSG00000101384,JAG1
2346,ENSG00000101391,CDK5RAP1
2347,ENSG00000101400,SNTA1
2348,ENSG00000101405,OXT
2349,ENSG00000101407,TTI1
2350,ENSG00000101412,E2F1
2351,ENSG00000101413,RPRD1B
2352,ENSG00000101417,PXMP4
2353,ENSG00000101421,CHMP4B
2354,ENSG00000101425,BPI
2355,ENSG00000101435,CST9L
2356,ENSG00000101438,SLC32A1
2357,ENSG00000101439,CST3
2358,ENSG00000101440,ASIP
2359,ENSG00000101441,CST4
2360,ENSG00000101442,ACTR5
2361,ENSG00000101443,WFDC2
2362,ENSG00000101444,AHCY
2363,ENSG00000101445,PPP1R16B
2364,ENSG00000101446,SPINT3
2365,ENSG00000101447,FAM83D
2366,ENSG00000101448,EPPIN
2367,ENSG00000101452,DHX35
2368,ENSG00000101457,DNTTIP1
2369,ENSG00000101460,MAP1LC3A
2370,ENSG00000101463,SYNDIG1
2371,ENSG00000101464,PIGU
2372,ENSG00000101470,TNNC2
2373,ENSG00000101473,ACOT8
2374,ENSG00000101474,APMAP
2375,ENSG00000101489,CELF4
2376,ENSG00000101493,ZNF516
2377,ENSG00000101542,CDH20
2378,ENSG00000101544,ADNP2
2379,ENSG00000101546,RBFA
2380,ENSG00000101557,USP14
2381,ENSG00000101558,VAPA
2382,ENSG00000101574,METTL4
2383,ENSG00000101577,LPIN2
2384,ENSG00000101596,SMCHD1
2385,ENSG00000101605,MYOM1
2386,ENSG00000101608,MYL12A
2387,ENSG00000101624,CEP76
2388,ENSG00000101638,ST8SIA5
2389,ENSG00000101639,CEP192
2390,ENSG00000101654,RNMT
2391,ENSG00000101665,SMAD7
2392,ENSG00000101670,LIPG
2393,ENSG00000101680,LAMA1
2394,ENSG00000101695,RNF125
2395,ENSG00000101745,ANKRD12
2396,ENSG00000101746,NOL4
2397,ENSG00000101751,POLI
2398,ENSG00000101752,MIB1
2399,ENSG00000101773,RBBP8
2400,ENSG00000101782,RIOK3
2401,ENSG00000101811,CSTF2
2402,ENSG00000101825,MXRA5
2403,ENSG00000101842,VSIG1
2404,ENSG00000101843,PSMD10
2405,ENSG00000101844,ATG4A
2406,ENSG00000101846,STS
2407,ENSG00000101849,TBL1X
2408,ENSG00000101850,GPR143
2409,ENSG00000101856,PGRMC1
2410,ENSG00000101868,POLA1
2411,ENSG00000101871,MID1
2412,ENSG00000101882,NKAP
2413,ENSG00000101883,RHOXF1
2414,ENSG00000101888,NXT2
2415,ENSG00000101890,GUCY2F
2416,ENSG00000101892,ATP1B4
2417,ENSG00000101901,ALG13
2418,ENSG00000101911,PRPS2
2419,ENSG00000101916,TLR8
2420,ENSG00000101928,MOSPD1
2421,ENSG00000101935,AMMECR1
2422,ENSG00000101938,CHRDL1
2423,ENSG00000101940,WDR13
2424,ENSG00000101945,SUV39H1
2425,ENSG00000101951,PAGE4
2426,ENSG00000101955,SRPX
2427,ENSG00000101958,GLRA2
2428,ENSG00000101966,XIAP
2429,ENSG00000101972,STAG2
2430,ENSG00000101974,ATP11C
2431,ENSG00000101977,MCF2
2432,ENSG00000101986,ABCD1
2433,ENSG00000101997,CCDC22
2434,ENSG00000102001,CACNA1F
2435,ENSG00000102003,SYP
2436,ENSG00000102007,PLP2
2437,ENSG00000102010,BMX
2438,ENSG00000102021,LUZP4
2439,ENSG00000102024,PLS3
2440,ENSG00000102030,NAA10
2441,ENSG00000102032,RENBP
2442,ENSG00000102034,ELF4
2443,ENSG00000102038,SMARCA1
2444,ENSG00000102043,MTMR8
2445,ENSG00000102048,ASB9
2446,ENSG00000102053,ZC3H12B
2447,ENSG00000102054,RBBP7
2448,ENSG00000102057,KCND1
2449,ENSG00000102076,OPN1LW
2450,ENSG00000102078,SLC25A14
2451,ENSG00000102081,FMR1
2452,ENSG00000102096,PIM2
2453,ENSG00000102098,SCML2
2454,ENSG00000102103,PQBP1
2455,ENSG00000102104,RS1
2456,ENSG00000102109,PCSK1N
2457,ENSG00000102119,EMD
2458,ENSG00000102128,RAB40AL
2459,ENSG00000102144,PGK1
2460,ENSG00000102145,GATA1
2461,ENSG00000102158,MAGT1
2462,ENSG00000102172,SMS
2463,ENSG00000102174,PHEX
2464,ENSG00000102178,UBL4A
2465,ENSG00000102181,CD99L2
2466,ENSG00000102189,EEA1
2467,ENSG00000102195,GPR50
2468,ENSG00000102218,RP2
2469,ENSG00000102221,JADE3
2470,ENSG00000102225,CDK16
2471,ENSG00000102226,USP11
2472,ENSG00000102230,PCYT1B
2473,ENSG00000102239,BRS3
2474,ENSG00000102241,HTATSF1
2475,ENSG00000102243,VGLL1
2476,ENSG00000102245,CD40LG
2477,ENSG00000102265,TIMP1
2478,ENSG00000102271,KLHL4
2479,ENSG00000102287,GABRE
2480,ENSG00000102290,PCDH11X
2481,ENSG00000102302,FGD1
2482,ENSG00000102309,PIN4
2483,ENSG00000102312,PORCN
2484,ENSG00000102313,ITIH6
2485,ENSG00000102316,MAGED2
2486,ENSG00000102317,RBM3
2487,ENSG00000102349,KLF8
2488,ENSG00000102359,SRPX2
2489,ENSG00000102362,SYTL4
2490,ENSG00000102383,ZDHHC15
2491,ENSG00000102384,CENPI
2492,ENSG00000102385,DRP2
2493,ENSG00000102387,TAF7L
2494,ENSG00000102390,PBDC1
2495,ENSG00000102393,GLA
2496,ENSG00000102401,ARMCX3
2497,ENSG00000102409,BEX4
2498,ENSG00000102452,NALCN
2499,ENSG00000102466,FGF14
2500,ENSG00000102468,HTR2A
2501,ENSG00000102471,NDFIP2
2502,ENSG00000102524,TNFSF13B
2503,ENSG00000102531,FNDC3A
2504,ENSG00000102539,MLNR
2505,ENSG00000102543,CDADC1
2506,ENSG00000102547,CAB39L
2507,ENSG00000102554,KLF5
2508,ENSG00000102572,STK24
2509,ENSG00000102575,ACP5
2510,ENSG00000102580,DNAJC3
2511,ENSG00000102595,UGGT2
2512,ENSG00000102606,ARHGEF7
2513,ENSG00000102678,FGF9
2514,ENSG00000102683,SGCG
2515,ENSG00000102699,PARP4
2516,ENSG00000102710,SUPT20H
2517,ENSG00000102738,MRPS31
2518,ENSG00000102743,SLC25A15
2519,ENSG00000102753,KPNA3
2520,ENSG00000102755,FLT1
2521,ENSG00000102760,RGCC
2522,ENSG00000102763,VWA8
2523,ENSG00000102780,DGKH
2524,ENSG00000102781,KATNAL1
2525,ENSG00000102786,INTS6
2526,ENSG00000102796,DHRS12
2527,ENSG00000102802,MEDAG
2528,ENSG00000102804,TSC22D1
2529,ENSG00000102805,CLN5
2530,ENSG00000102837,OLFM4
2531,ENSG00000102854,MSLN
2532,ENSG00000102858,MGRN1
2533,ENSG00000102870,ZNF629
2534,ENSG00000102871,TRADD
2535,ENSG00000102878,HSF4
2536,ENSG00000102879,CORO1A
2537,ENSG00000102882,MAPK3
2538,ENSG00000102886,GDPD3
2539,ENSG00000102890,ELMO3
2540,ENSG00000102893,PHKB
2541,ENSG00000102897,LYRM1
2542,ENSG00000102898,NUTF2
2543,ENSG00000102900,NUP93
2544,ENSG00000102901,CENPT
2545,ENSG00000102904,TSNAXIP1
2546,ENSG00000102908,NFAT5
2547,ENSG00000102910,LONP2
2548,ENSG00000102921,N4BP1
2549,ENSG00000102924,CBLN1
2550,ENSG00000102931,ARL2BP
2551,ENSG00000102934,PLLP
2552,ENSG00000102935,ZNF423
2553,ENSG00000102962,CCL22
2554,ENSG00000102967,DHODH
2555,ENSG00000102970,CCL17
2556,ENSG00000102974,CTCF
2557,ENSG00000102977,ACD
2558,ENSG00000102978,POLR2C
2559,ENSG00000102981,PARD6A
2560,ENSG00000102984,ZNF821
2561,ENSG00000102996,MMP15
2562,ENSG00000103005,USB1
2563,ENSG00000103018,CYB5B
2564,ENSG00000103023,PRSS54
2565,ENSG00000103024,NME3
2566,ENSG00000103034,NDRG4
2567,ENSG00000103035,PSMD7
2568,ENSG00000103037,SETD6
2569,ENSG00000103042,SLC38A7
2570,ENSG00000103043,VAC14
2571,ENSG00000103044,HAS3
2572,ENSG00000103047,TANGO6
2573,ENSG00000103051,COG4
2574,ENSG00000103056,SMPD3
2575,ENSG00000103061,SLC7A6OS
2576,ENSG00000103064,SLC7A6
2577,ENSG00000103066,PLA2G15
2578,ENSG00000103067,ESRP2
2579,ENSG00000103089,FA2H
2580,ENSG00000103091,WDR59
2581,ENSG00000103111,MON1B
2582,ENSG00000103126,AXIN1
2583,ENSG00000103145,HCFC1R1
2584,ENSG00000103148,NPRL3
2585,ENSG00000103150,MLYCD
2586,ENSG00000103152,MPG
2587,ENSG00000103154,NECAB2
2588,ENSG00000103160,HSDL1
2589,ENSG00000103168,TAF1C
2590,ENSG00000103174,NAGPA
2591,ENSG00000103175,WFDC1
2592,ENSG00000103184,SEC14L5
2593,ENSG00000103187,COTL1
2594,ENSG00000103194,USP10
2595,ENSG00000103196,CRISPLD2
2596,ENSG00000103197,TSC2
2597,ENSG00000103199,ZNF500
2598,ENSG00000103202,NME4
2599,ENSG00000103222,ABCC1
2600,ENSG00000103226,NOMO3
2601,ENSG00000103227,LMF1
2602,ENSG00000103241,FOXF1
2603,ENSG00000103248,MTHFSD
2604,ENSG00000103249,CLCN7
2605,ENSG00000103253,HAGHL
2606,ENSG00000103257,SLC7A5
2607,ENSG00000103260,METRN
2608,ENSG00000103264,FBXO31
2609,ENSG00000103266,STUB1
2610,ENSG00000103269,RHBDL1
2611,ENSG00000103274,NUBP1
2612,ENSG00000103275,UBE2I
2613,ENSG00000103313,MEFV
2614,ENSG00000103316,CRYM
2615,ENSG00000103319,EEF2K
2616,ENSG00000103326,CAPN15
2617,ENSG00000103335,PIEZO1
2618,ENSG00000103342,GSPT1
2619,ENSG00000103343,ZNF174
2620,ENSG00000103351,CLUAP1
2621,ENSG00000103353,UBFD1
2622,ENSG00000103355,PRSS33
2623,ENSG00000103356,EARS2
2624,ENSG00000103365,GGA2
2625,ENSG00000103375,AQP8
2626,ENSG00000103381,CPPED1
2627,ENSG00000103404,USP31
2628,ENSG00000103415,HMOX2
2629,ENSG00000103449,SALL1
2630,ENSG00000103460,TOX3
2631,ENSG00000103479,RBL2
2632,ENSG00000103485,QPRT
2633,ENSG00000103489,XYLT1
2634,ENSG00000103490,PYCARD
2635,ENSG00000103494,RPGRIP1L
2636,ENSG00000103495,MAZ
2637,ENSG00000103496,STX4
2638,ENSG00000103502,CDIPT
2639,ENSG00000103507,BCKDK
2640,ENSG00000103510,KAT8
2641,ENSG00000103512,NOMO1
2642,ENSG00000103522,IL21R
2643,ENSG00000103528,SYT17
2644,ENSG00000103534,TMC5
2645,ENSG00000103540,CCP110
2646,ENSG00000103546,SLC6A2
2647,ENSG00000103549,RNF40
2648,ENSG00000103550,KNOP1
2649,ENSG00000103569,AQP9
2650,ENSG00000103591,AAGAB
2651,ENSG00000103599,IQCH
2652,ENSG00000103642,LACTB
2653,ENSG00000103647,CORO2B
2654,ENSG00000103653,CSK
2655,ENSG00000103657,HERC1
2656,ENSG00000103671,TRIP4
2657,ENSG00000103707,MTFMT
2658,ENSG00000103710,RASL12
2659,ENSG00000103723,AP3B2
2660,ENSG00000103740,ACSBG1
2661,ENSG00000103742,IGDCC4
2662,ENSG00000103769,RAB11A
2663,ENSG00000103811,CTSH
2664,ENSG00000103852,TTC23
2665,ENSG00000103855,CD276
2666,ENSG00000103876,FAH
2667,ENSG00000103888,CEMIP
2668,ENSG00000103932,RPAP1
2669,ENSG00000103942,HOMER2
2670,ENSG00000103966,EHD4
2671,ENSG00000103978,TMEM87A
2672,ENSG00000103994,ZNF106
2673,ENSG00000103995,CEP152
2674,ENSG00000104043,ATP8B4
2675,ENSG00000104044,OCA2
2676,ENSG00000104047,DTWD1
2677,ENSG00000104055,TGM5
2678,ENSG00000104064,GABPB1
2679,ENSG00000104081,BMF
2680,ENSG00000104093,DMXL2
2681,ENSG00000104112,SCG3
2682,ENSG00000104129,DNAJC17
2683,ENSG00000104131,EIF3J
2684,ENSG00000104133,SPG11
2685,ENSG00000104140,RHOV
2686,ENSG00000104142,VPS18
2687,ENSG00000104147,OIP5
2688,ENSG00000104154,SLC30A4
2689,ENSG00000104164,BLOC1S6
2690,ENSG00000104177,MYEF2
2691,ENSG00000104205,SGK3
2692,ENSG00000104213,PDGFRL
2693,ENSG00000104218,CSPP1
2694,ENSG00000104219,ZDHHC2
2695,ENSG00000104221,BRF2
2696,ENSG00000104228,TRIM35
2697,ENSG00000104231,ZFAND1
2698,ENSG00000104237,RP1
2699,ENSG00000104267,CA2
2700,ENSG00000104290,FZD3
2701,ENSG00000104299,INTS9
2702,ENSG00000104312,RIPK2
2703,ENSG00000104313,EYA1
2704,ENSG00000104320,NBN
2705,ENSG00000104321,TRPA1
2706,ENSG00000104324,CPQ
2707,ENSG00000104325,DECR1
2708,ENSG00000104327,CALB1
2709,ENSG00000104332,SFRP1
2710,ENSG00000104341,LAPTM4B
2711,ENSG00000104343,UBE2W
2712,ENSG00000104356,POP1
2713,ENSG00000104361,NIPAL2
2714,ENSG00000104365,IKBKB
2715,ENSG00000104368,PLAT
2716,ENSG00000104369,JPH1
2717,ENSG00000104371,DKK4
2718,ENSG00000104375,STK3
2719,ENSG00000104381,GDAP1
2720,ENSG00000104388,RAB2A
2721,ENSG00000104408,EIF3E
2722,ENSG00000104412,EMC2
2723,ENSG00000104413,ESRP1
2724,ENSG00000104419,NDRG1
2725,ENSG00000104427,ZC2HC1A
2726,ENSG00000104432,IL7
2727,ENSG00000104435,STMN2
2728,ENSG00000104442,ARMC1
2729,ENSG00000104447,TRPS1
2730,ENSG00000104450,SPAG1
2731,ENSG00000104472,CHRAC1
2732,ENSG00000104490,NCALD
2733,ENSG00000104497,SNX16
2734,ENSG00000104499,GML
2735,ENSG00000104517,UBR5
2736,ENSG00000104518,GSDMD
2737,ENSG00000104529,EEF1D
2738,ENSG00000104537,ANXA13
2739,ENSG00000104549,SQLE
2740,ENSG00000104611,SH2D4A
2741,ENSG00000104613,INTS10
2742,ENSG00000104626,ERI1
2743,ENSG00000104635,SLC39A14
2744,ENSG00000104643,MTMR9
2745,ENSG00000104660,LEPROTL1
2746,ENSG00000104671,DCTN6
2747,ENSG00000104679,R3HCC1
2748,ENSG00000104687,GSR
2749,ENSG00000104689,TNFRSF10A
2750,ENSG00000104691,UBXN8
2751,ENSG00000104695,PPP2CB
2752,ENSG00000104722,NEFM
2753,ENSG00000104723,TUSC3
2754,ENSG00000104728,ARHGEF10
2755,ENSG00000104731,KLHDC4
2756,ENSG00000104738,MCM4
2757,ENSG00000104755,ADAM2
2758,ENSG00000104756,KCTD9
2759,ENSG00000104760,FGL1
2760,ENSG00000104763,ASAH1
2761,ENSG00000104765,BNIP3L
2762,ENSG00000104774,MAN2B1
2763,ENSG00000104783,KCNN4
2764,ENSG00000104804,TULP2
2765,ENSG00000104805,NUCB1
2766,ENSG00000104808,DHDH
2767,ENSG00000104812,GYS1
2768,ENSG00000104814,MAP4K1
2769,ENSG00000104818,CGB2
2770,ENSG00000104823,ECH1
2771,ENSG00000104826,LHB
2772,ENSG00000104833,TUBB4A
2773,ENSG00000104848,KCNA7
2774,ENSG00000104852,SNRNP70
2775,ENSG00000104853,CLPTM1
2776,ENSG00000104856,RELB
2777,ENSG00000104859,CLASRP
2778,ENSG00000104863,LIN7B
2779,ENSG00000104866,PPP1R37
2780,ENSG00000104870,FCGRT
2781,ENSG00000104872,PIH1D1
2782,ENSG00000104879,CKM
2783,ENSG00000104880,ARHGEF18
2784,ENSG00000104881,PPP1R13L
2785,ENSG00000104883,PEX11G
2786,ENSG00000104884,ERCC2
2787,ENSG00000104885,DOT1L
2788,ENSG00000104886,PLEKHJ1
2789,ENSG00000104888,SLC17A7
2790,ENSG00000104889,RNASEH2A
2791,ENSG00000104892,KLC3
2792,ENSG00000104894,CD37
2793,ENSG00000104897,SF3A2
2794,ENSG00000104899,AMH
2795,ENSG00000104901,DKKL1
2796,ENSG00000104903,LYL1
2797,ENSG00000104904,OAZ1
2798,ENSG00000104907,TRMT1
2799,ENSG00000104915,STX10
2800,ENSG00000104918,RETN
2801,ENSG00000104921,FCER2
2802,ENSG00000104936,DMPK
2803,ENSG00000104938,CLEC4M
2804,ENSG00000104941,RSPH6A
2805,ENSG00000104946,TBC1D17
2806,ENSG00000104951,IL4I1
2807,ENSG00000104953,TLE6
2808,ENSG00000104960,PTOV1
2809,ENSG00000104967,NOVA2
2810,ENSG00000104969,SGTA
2811,ENSG00000104973,MED25
2812,ENSG00000104976,SNAPC2
2813,ENSG00000104979,C19orf53
2814,ENSG00000104980,TIMM44
2815,ENSG00000104983,CCDC61
2816,ENSG00000105048,TNNT1
2817,ENSG00000105053,VRK3
2818,ENSG00000105058,FAM32A
2819,ENSG00000105063,PPP6R1
2820,ENSG00000105072,C19orf44
2821,ENSG00000105085,MED26
2822,ENSG00000105088,OLFM2
2823,ENSG00000105122,RASAL3
2824,ENSG00000105127,AKAP8
2825,ENSG00000105131,EPHX3
2826,ENSG00000105136,ZNF419
2827,ENSG00000105137,SYDE1
2828,ENSG00000105141,CASP14
2829,ENSG00000105143,SLC1A6
2830,ENSG00000105146,AURKC
2831,ENSG00000105171,POP4
2832,ENSG00000105173,CCNE1
2833,ENSG00000105176,URI1
2834,ENSG00000105185,PDCD5
2835,ENSG00000105186,ANKRD27
2836,ENSG00000105193,RPS16
2837,ENSG00000105197,TIMM50
2838,ENSG00000105198,LGALS13
2839,ENSG00000105204,DYRK1B
2840,ENSG00000105205,CLC
2841,ENSG00000105220,GPI
2842,ENSG00000105221,AKT2
2843,ENSG00000105223,PLD3
2844,ENSG00000105227,PRX
2845,ENSG00000105229,PIAS4
2846,ENSG00000105245,NUMBL
2847,ENSG00000105246,EBI3
2848,ENSG00000105251,SHD
2849,ENSG00000105254,TBCB
2850,ENSG00000105255,FSD1
2851,ENSG00000105258,POLR2I
2852,ENSG00000105261,OVOL3
2853,ENSG00000105270,CLIP3
2854,ENSG00000105278,ZFR2
2855,ENSG00000105281,SLC1A5
2856,ENSG00000105287,PRKD2
2857,ENSG00000105289,TJP3
2858,ENSG00000105290,APLP1
2859,ENSG00000105298,CACTIN
2860,ENSG00000105321,CCDC9
2861,ENSG00000105323,HNRNPUL1
2862,ENSG00000105325,FZR1
2863,ENSG00000105327,BBC3
2864,ENSG00000105329,TGFB1
2865,ENSG00000105339,DENND3
2866,ENSG00000105355,PLIN3
2867,ENSG00000105357,MYH14
2868,ENSG00000105364,MRPL4
2869,ENSG00000105366,SIGLEC8
2870,ENSG00000105369,CD79A
2871,ENSG00000105370,LIM2
2872,ENSG00000105371,ICAM4
2873,ENSG00000105372,RPS19
2874,ENSG00000105374,NKG7
2875,ENSG00000105376,ICAM5
2876,ENSG00000105379,ETFB
2877,ENSG00000105383,CD33
2878,ENSG00000105388,CEACAM5
2879,ENSG00000105392,CRX
2880,ENSG00000105393,BABAM1
2881,ENSG00000105397,TYK2
2882,ENSG00000105398,SULT2A1
2883,ENSG00000105401,CDC37
2884,ENSG00000105402,NAPA
2885,ENSG00000105404,RABAC1
2886,ENSG00000105409,ATP1A3
2887,ENSG00000105419,MEIS3
2888,ENSG00000105426,PTPRS
2889,ENSG00000105427,CNFN
2890,ENSG00000105428,ZNRF4
2891,ENSG00000105429,MEGF8
2892,ENSG00000105438,KDELR1
2893,ENSG00000105443,CYTH2
2894,ENSG00000105447,GRWD1
2895,ENSG00000105464,GRIN2D
2896,ENSG00000105467,SYNGR4
2897,ENSG00000105472,CLEC11A
2898,ENSG00000105483,CARD8
2899,ENSG00000105486,LIG1
2900,ENSG00000105492,SIGLEC6
2901,ENSG00000105497,ZNF175
2902,ENSG00000105499,PLA2G4C
2903,ENSG00000105507,CABP5
2904,ENSG00000105509,HAS1
2905,ENSG00000105514,RAB3D
2906,ENSG00000105516,DBP
2907,ENSG00000105518,TMEM205
2908,ENSG00000105519,CAPS
2909,ENSG00000105520,PLPPR2
2910,ENSG00000105523,FAM83E
2911,ENSG00000105538,RASIP1
2912,ENSG00000105550,FGF21
2913,ENSG00000105552,BCAT2
2914,ENSG00000105556,MIER2
2915,ENSG00000105559,PLEKHA4
2916,ENSG00000105568,PPP2R1A
2917,ENSG00000105576,TNPO2
2918,ENSG00000105583,WDR83OS
2919,ENSG00000105605,CACNG7
2920,ENSG00000105607,GCDH
2921,ENSG00000105610,KLF1
2922,ENSG00000105612,DNASE2
2923,ENSG00000105613,MAST1
2924,ENSG00000105619,TFPT
2925,ENSG00000105639,JAK3
2926,ENSG00000105640,RPL18A
2927,ENSG00000105641,SLC5A5
2928,ENSG00000105642,KCNN1
2929,ENSG00000105643,ARRDC2
2930,ENSG00000105647,PIK3R2
2931,ENSG00000105649,RAB3A
2932,ENSG00000105650,PDE4C
2933,ENSG00000105655,ISYNA1
2934,ENSG00000105656,ELL
2935,ENSG00000105662,CRTC1
2936,ENSG00000105664,COMP
2937,ENSG00000105668,UPK1A
2938,ENSG00000105669,COPE
2939,ENSG00000105671,DDX49
2940,ENSG00000105672,ETV2
2941,ENSG00000105675,ATP4A
2942,ENSG00000105676,ARMC6
2943,ENSG00000105677,TMEM147
2944,ENSG00000105679,GAPDHS
2945,ENSG00000105695,MAG
2946,ENSG00000105696,TMEM59L
2947,ENSG00000105697,HAMP
2948,ENSG00000105698,USF2
2949,ENSG00000105699,LSR
2950,ENSG00000105700,KXD1
2951,ENSG00000105701,FKBP8
2952,ENSG00000105705,SUGP1
2953,ENSG00000105707,HPN
2954,ENSG00000105708,ZNF14
2955,ENSG00000105711,SCN1B
2956,ENSG00000105717,PBX4
2957,ENSG00000105722,ERF
2958,ENSG00000105723,GSK3A
2959,ENSG00000105726,ATP13A1
2960,ENSG00000105732,ZNF574
2961,ENSG00000105737,GRIK5
2962,ENSG00000105738,SIPA1L3
2963,ENSG00000105750,ZNF85
2964,ENSG00000105755,ETHE1
2965,ENSG00000105767,CADM4
2966,ENSG00000105771,SMG9
2967,ENSG00000105778,AVL9
2968,ENSG00000105784,RUNDC3B
2969,ENSG00000105792,CFAP69
2970,ENSG00000105793,GTPBP10
2971,ENSG00000105808,RASA4
2972,ENSG00000105810,CDK6
2973,ENSG00000105819,PMPCB
2974,ENSG00000105821,DNAJC2
2975,ENSG00000105825,TFPI2
2976,ENSG00000105829,BET1
2977,ENSG00000105835,NAMPT
2978,ENSG00000105851,PIK3CG
2979,ENSG00000105852,PON3
2980,ENSG00000105854,PON2
2981,ENSG00000105855,ITGB8
2982,ENSG00000105856,HBP1
2983,ENSG00000105866,SP4
2984,ENSG00000105875,WDR91
2985,ENSG00000105877,DNAH11
2986,ENSG00000105879,CBLL1
2987,ENSG00000105880,DLX5
2988,ENSG00000105887,MTPN
2989,ENSG00000105889,STEAP1B
2990,ENSG00000105894,PTN
2991,ENSG00000105929,ATP6V0A4
2992,ENSG00000105939,ZC3HAV1
2993,ENSG00000105953,OGDH
2994,ENSG00000105963,ADAP1
2995,ENSG00000105967,TFEC
2996,ENSG00000105971,CAV2
2997,ENSG00000105974,CAV1
2998,ENSG00000105976,MET
2999,ENSG00000105982,RNF32
3000,ENSG00000105983,LMBR1
3001,ENSG00000105989,WNT2
3002,ENSG00000105991,HOXA1
3003,ENSG00000105993,DNAJB6
3004,ENSG00000105996,HOXA2
3005,ENSG00000105997,HOXA3
3006,ENSG00000106003,LFNG
3007,ENSG00000106004,HOXA5
3008,ENSG00000106006,HOXA6
3009,ENSG00000106009,BRAT1
3010,ENSG00000106012,IQCE
3011,ENSG00000106013,ANKRD7
3012,ENSG00000106018,VIPR2
3013,ENSG00000106025,TSPAN12
3014,ENSG00000106031,HOXA13
3015,ENSG00000106034,CPED1
3016,ENSG00000106038,EVX1
3017,ENSG00000106049,HIBADH
3018,ENSG00000106052,TAX1BP1
3019,ENSG00000106066,CPVL
3020,ENSG00000106069,CHN2
3021,ENSG00000106070,GRB10
3022,ENSG00000106077,ABHD11
3023,ENSG00000106078,COBL
3024,ENSG00000106080,FKBP14
3025,ENSG00000106086,PLEKHA8
3026,ENSG00000106089,STX1A
3027,ENSG00000106100,NOD1
3028,ENSG00000106113,CRHR2
3029,ENSG00000106128,GHRHR
3030,ENSG00000106144,CASP2
3031,ENSG00000106153,CHCHD2
3032,ENSG00000106178,CCL24
3033,ENSG00000106211,HSPB1
3034,ENSG00000106236,NPTX2
3035,ENSG00000106244,PDAP1
3036,ENSG00000106245,BUD31
3037,ENSG00000106246,PTCD1
3038,ENSG00000106258,CYP3A5
3039,ENSG00000106261,ZKSCAN1
3040,ENSG00000106263,EIF3B
3041,ENSG00000106266,SNX8
3042,ENSG00000106268,NUDT1
3043,ENSG00000106278,PTPRZ1
3044,ENSG00000106290,TAF6
3045,ENSG00000106299,WASL
3046,ENSG00000106302,HYAL4
3047,ENSG00000106304,SPAM1
3048,ENSG00000106305,AIMP2
3049,ENSG00000106327,TFR2
3050,ENSG00000106328,FSCN3
3051,ENSG00000106330,MOSPD3
3052,ENSG00000106333,PCOLCE
3053,ENSG00000106336,FBXO24
3054,ENSG00000106341,PPP1R17
3055,ENSG00000106344,RBM28
3056,ENSG00000106346,USP42
3057,ENSG00000106348,IMPDH1
3058,ENSG00000106351,AGFG2
3059,ENSG00000106355,LSM5
3060,ENSG00000106366,SERPINE1
3061,ENSG00000106367,AP1S1
3062,ENSG00000106384,MOGAT3
3063,ENSG00000106392,C1GALT1
3064,ENSG00000106397,PLOD3
3065,ENSG00000106399,RPA3
3066,ENSG00000106400,ZNHIT1
3067,ENSG00000106404,CLDN15
3068,ENSG00000106415,GLCCI1
3069,ENSG00000106436,MYL10
3070,ENSG00000106443,PHF14
3071,ENSG00000106459,NRF1
3072,ENSG00000106460,TMEM106B
3073,ENSG00000106462,EZH2
3074,ENSG00000106477,CEP41
3075,ENSG00000106479,ZNF862
3076,ENSG00000106483,SFRP4
3077,ENSG00000106484,MEST
3078,ENSG00000106511,MEOX2
3079,ENSG00000106524,ANKMY2
3080,ENSG00000106526,ACTR3C
3081,ENSG00000106536,POU6F2
3082,ENSG00000106537,TSPAN13
3083,ENSG00000106538,RARRES2
3084,ENSG00000106541,AGR2
3085,ENSG00000106546,AHR
3086,ENSG00000106554,CHCHD3
3087,ENSG00000106560,GIMAP2
3088,ENSG00000106565,TMEM176B
3089,ENSG00000106571,GLI3
3090,ENSG00000106588,PSMA2
3091,ENSG00000106591,MRPL32
3092,ENSG00000106603,COA1
3093,ENSG00000106605,BLVRA
3094,ENSG00000106608,URGCP
3095,ENSG00000106609,TMEM248
3096,ENSG00000106615,RHEB
3097,ENSG00000106617,PRKAG2
3098,ENSG00000106624,AEBP1
3099,ENSG00000106628,POLD2
3100,ENSG00000106631,MYL7
3101,ENSG00000106633,GCK
3102,ENSG00000106635,BCL7B
3103,ENSG00000106636,YKT6
3104,ENSG00000106638,TBL2
3105,ENSG00000106648,GALNTL5
3106,ENSG00000106665,CLIP2
3107,ENSG00000106682,EIF4H
3108,ENSG00000106683,LIMK1
3109,ENSG00000106686,SPATA6L
3110,ENSG00000106688,SLC1A1
3111,ENSG00000106689,LHX2
3112,ENSG00000106692,FKTN
3113,ENSG00000106701,FSD1L
3114,ENSG00000106714,CNTNAP3
3115,ENSG00000106723,SPIN1
3116,ENSG00000106733,NMRK1
3117,ENSG00000106771,TMEM245
3118,ENSG00000106772,PRUNE2
3119,ENSG00000106780,MEGF9
3120,ENSG00000106785,TRIM14
3121,ENSG00000106789,CORO2A
3122,ENSG00000106799,TGFBR1
3123,ENSG00000106803,SEC61B
3124,ENSG00000106804,C5
3125,ENSG00000106819,ASPN
3126,ENSG00000106829,TLE4
3127,ENSG00000106852,LHX6
3128,ENSG00000106853,PTGR1
3129,ENSG00000106868,SUSD1
3130,ENSG00000106927,AMBP
3131,ENSG00000106948,AKNA
3132,ENSG00000106952,TNFSF8
3133,ENSG00000106976,DNM1
3134,ENSG00000106991,ENG
3135,ENSG00000106992,AK1
3136,ENSG00000106993,CDC37L1
3137,ENSG00000107014,RLN2
3138,ENSG00000107018,RLN1
3139,ENSG00000107020,PLGRKT
3140,ENSG00000107021,TBC1D13
3141,ENSG00000107036,RIC1
3142,ENSG00000107077,KDM4C
3143,ENSG00000107099,DOCK8
3144,ENSG00000107104,KANK1
3145,ENSG00000107105,ELAVL2
3146,ENSG00000107130,NCS1
3147,ENSG00000107140,TESK1
3148,ENSG00000107147,KCNT1
3149,ENSG00000107159,CA9
3150,ENSG00000107164,FUBP3
3151,ENSG00000107165,TYRP1
3152,ENSG00000107175,CREB3
3153,ENSG00000107185,RGP1
3154,ENSG00000107186,MPDZ
3155,ENSG00000107187,LHX3
3156,ENSG00000107223,EDF1
3157,ENSG00000107242,PIP5K1B
3158,ENSG00000107249,GLIS3
3159,ENSG00000107262,BAG1
3160,ENSG00000107263,RAPGEF1
3161,ENSG00000107281,NPDC1
3162,ENSG00000107290,SETX
3163,ENSG00000107295,SH3GL2
3164,ENSG00000107317,PTGDS
3165,ENSG00000107331,ABCA2
3166,ENSG00000107338,SHB
3167,ENSG00000107341,UBE2R2
3168,ENSG00000107362,ABHD17B
3169,ENSG00000107371,EXOSC3
3170,ENSG00000107372,ZFAND5
3171,ENSG00000107404,DVL1
3172,ENSG00000107438,PDLIM1
3173,ENSG00000107443,CCNJ
3174,ENSG00000107447,DNTT
3175,ENSG00000107485,GATA3
3176,ENSG00000107518,ATRNL1
3177,ENSG00000107521,HPS1
3178,ENSG00000107537,PHYH
3179,ENSG00000107551,RASSF4
3180,ENSG00000107554,DNMBP
3181,ENSG00000107560,RAB11FIP2
3182,ENSG00000107562,CXCL12
3183,ENSG00000107566,ERLIN1
3184,ENSG00000107581,EIF3A
3185,ENSG00000107593,PKD2L1
3186,ENSG00000107611,CUBN
3187,ENSG00000107614,TRDMT1
3188,ENSG00000107625,DDX50
3189,ENSG00000107643,MAPK8
3190,ENSG00000107651,SEC23IP
3191,ENSG00000107669,ATE1
3192,ENSG00000107672,NSMCE4A
3193,ENSG00000107679,PLEKHA1
3194,ENSG00000107719,PALD1
3195,ENSG00000107731,UNC5B
3196,ENSG00000107736,CDH23
3197,ENSG00000107742,SPOCK2
3198,ENSG00000107745,MICU1
3199,ENSG00000107758,PPP3CB
3200,ENSG00000107771,CCSER2
3201,ENSG00000107779,BMPR1A
3202,ENSG00000107789,MINPP1
3203,ENSG00000107796,ACTA2
3204,ENSG00000107798,LIPA
3205,ENSG00000107807,TLX1
3206,ENSG00000107816,LZTS2
3207,ENSG00000107819,SFXN3
3208,ENSG00000107821,KAZALD1
3209,ENSG00000107829,FBXW4
3210,ENSG00000107831,FGF8
3211,ENSG00000107833,NPM3
3212,ENSG00000107854,TNKS2
3213,ENSG00000107859,PITX3
3214,ENSG00000107862,GBF1
3215,ENSG00000107863,ARHGAP21
3216,ENSG00000107864,CPEB3
3217,ENSG00000107872,FBXL15
3218,ENSG00000107874,CUEDC2
3219,ENSG00000107882,SUFU
3220,ENSG00000107890,ANKRD26
3221,ENSG00000107897,ACBD5
3222,ENSG00000107902,LHPP
3223,ENSG00000107929,LARP4B
3224,ENSG00000107937,GTPBP4
3225,ENSG00000107938,EDRF1
3226,ENSG00000107949,BCCIP
3227,ENSG00000107951,MTPAP
3228,ENSG00000107954,NEURL1
3229,ENSG00000107957,SH3PXD2A
3230,ENSG00000107959,PITRM1
3231,ENSG00000107968,MAP3K8
3232,ENSG00000107984,DKK1
3233,ENSG00000108001,EBF3
3234,ENSG00000108010,GLRX3
3235,ENSG00000108018,SORCS1
3236,ENSG00000108039,XPNPEP1
3237,ENSG00000108055,SMC3
3238,ENSG00000108061,SHOC2
3239,ENSG00000108064,TFAM
3240,ENSG00000108091,CCDC6
3241,ENSG00000108094,CUL2
3242,ENSG00000108100,CCNY
3243,ENSG00000108106,UBE2S
3244,ENSG00000108107,RPL28
3245,ENSG00000108175,ZMIZ1
3246,ENSG00000108176,DNAJC12
3247,ENSG00000108179,PPIF
3248,ENSG00000108187,PBLD
3249,ENSG00000108219,TSPAN14
3250,ENSG00000108231,LGI1
3251,ENSG00000108239,TBC1D12
3252,ENSG00000108242,CYP2C18
3253,ENSG00000108255,CRYBA1
3254,ENSG00000108256,NUFIP2
3255,ENSG00000108262,GIT1
3256,ENSG00000108298,RPL19
3257,ENSG00000108306,FBXL20
3258,ENSG00000108309,RUNDC3A
3259,ENSG00000108312,UBTF
3260,ENSG00000108342,CSF3
3261,ENSG00000108344,PSMD3
3262,ENSG00000108349,CASC3
3263,ENSG00000108352,RAPGEFL1
3264,ENSG00000108370,RGS9
3265,ENSG00000108375,RNF43
3266,ENSG00000108381,ASPA
3267,ENSG00000108384,RAD51C
3268,ENSG00000108389,MTMR4
3269,ENSG00000108395,TRIM37
3270,ENSG00000108405,P2RX1
3271,ENSG00000108406,DHX40
3272,ENSG00000108423,TUBD1
3273,ENSG00000108424,KPNB1
3274,ENSG00000108433,GOSR2
3275,ENSG00000108439,PNPO
3276,ENSG00000108443,RPS6KB1
3277,ENSG00000108465,CDK5RAP3
3278,ENSG00000108468,CBX1
3279,ENSG00000108469,RECQL5
3280,ENSG00000108474,PIGL
3281,ENSG00000108479,GALK1
3282,ENSG00000108506,INTS2
3283,ENSG00000108509,CAMTA2
3284,ENSG00000108510,MED13
3285,ENSG00000108511,HOXB6
3286,ENSG00000108515,ENO3
3287,ENSG00000108518,PFN1
3288,ENSG00000108523,RNF167
3289,ENSG00000108528,SLC25A11
3290,ENSG00000108551,RASD1
3291,ENSG00000108556,CHRNE
3292,ENSG00000108557,RAI1
3293,ENSG00000108559,NUP88
3294,ENSG00000108561,C1QBP
3295,ENSG00000108576,SLC6A4
3296,ENSG00000108578,BLMH
3297,ENSG00000108582,CPD
3298,ENSG00000108587,GOSR1
3299,ENSG00000108588,CCDC47
3300,ENSG00000108590,MED31
3301,ENSG00000108591,DRG2
3302,ENSG00000108592,FTSJ3
3303,ENSG00000108599,AKAP10
3304,ENSG00000108602,ALDH3A1
3305,ENSG00000108604,SMARCD2
3306,ENSG00000108622,ICAM2
3307,ENSG00000108639,SYNGR2
3308,ENSG00000108641,B9D1
3309,ENSG00000108651,UTP6
3310,ENSG00000108654,DDX5
3311,ENSG00000108666,C17orf75
3312,ENSG00000108669,CYTH1
3313,ENSG00000108671,PSMD11
3314,ENSG00000108679,LGALS3BP
3315,ENSG00000108684,ASIC2
3316,ENSG00000108688,CCL7
3317,ENSG00000108691,CCL2
3318,ENSG00000108700,CCL8
3319,ENSG00000108702,CCL1
3320,ENSG00000108733,PEX12
3321,ENSG00000108759,KRT32
3322,ENSG00000108771,DHX58
3323,ENSG00000108773,KAT2A
3324,ENSG00000108774,RAB5C
3325,ENSG00000108784,NAGLU
3326,ENSG00000108786,HSD17B1
3327,ENSG00000108788,MLX
3328,ENSG00000108797,CNTNAP1
3329,ENSG00000108798,ABI3
3330,ENSG00000108799,EZH1
3331,ENSG00000108813,DLX4
3332,ENSG00000108819,PPP1R9B
3333,ENSG00000108821,COL1A1
3334,ENSG00000108823,SGCA
3335,ENSG00000108825,PTGES3L-AARSD1
3336,ENSG00000108826,MRPL27
3337,ENSG00000108828,VAT1
3338,ENSG00000108829,LRRC59
3339,ENSG00000108830,RND2
3340,ENSG00000108839,ALOX12
3341,ENSG00000108840,HDAC5
3342,ENSG00000108846,ABCC3
3343,ENSG00000108848,LUC7L3
3344,ENSG00000108849,PPY
3345,ENSG00000108852,MPP2
3346,ENSG00000108854,SMURF2
3347,ENSG00000108861,DUSP3
3348,ENSG00000108878,CACNG1
3349,ENSG00000108883,EFTUD2
3350,ENSG00000108924,HLF
3351,ENSG00000108932,SLC16A6
3352,ENSG00000108946,PRKAR1A
3353,ENSG00000108947,EFNB3
3354,ENSG00000108950,FAM20A
3355,ENSG00000108960,MMD
3356,ENSG00000108961,RANGRF
3357,ENSG00000108963,DPH1
3358,ENSG00000108984,MAP2K6
3359,ENSG00000109016,DHRS7B
3360,ENSG00000109046,WSB1
3361,ENSG00000109047,RCVRN
3362,ENSG00000109061,MYH1
3363,ENSG00000109063,MYH3
3364,ENSG00000109065,NAT9
3365,ENSG00000109072,VTN
3366,ENSG00000109079,TNFAIP1
3367,ENSG00000109083,IFT20
3368,ENSG00000109084,TMEM97
3369,ENSG00000109089,CDR2L
3370,ENSG00000109099,PMP22
3371,ENSG00000109101,FOXN1
3372,ENSG00000109103,UNC119
3373,ENSG00000109107,ALDOC
3374,ENSG00000109111,SUPT6H
3375,ENSG00000109113,RAB34
3376,ENSG00000109118,PHF12
3377,ENSG00000109132,PHOX2B
3378,ENSG00000109133,TMEM33
3379,ENSG00000109158,GABRA4
3380,ENSG00000109171,SLAIN2
3381,ENSG00000109180,OCIAD1
3382,ENSG00000109182,CWH43
3383,ENSG00000109184,DCUN1D4
3384,ENSG00000109189,USP46
3385,ENSG00000109193,SULT1E1
3386,ENSG00000109205,ODAM
3387,ENSG00000109208,SMR3A
3388,ENSG00000109220,CHIC2
3389,ENSG00000109255,NMU
3390,ENSG00000109270,LAMTOR3
3391,ENSG00000109272,PF4V1
3392,ENSG00000109320,NFKB1
3393,ENSG00000109321,AREG
3394,ENSG00000109323,MANBA
3395,ENSG00000109332,UBE2D3
3396,ENSG00000109339,MAPK10
3397,ENSG00000109381,ELF2
3398,ENSG00000109390,NDUFC1
3399,ENSG00000109424,UCP1
3400,ENSG00000109436,TBC1D9
3401,ENSG00000109445,ZNF330
3402,ENSG00000109452,INPP4B
3403,ENSG00000109458,GAB1
3404,ENSG00000109466,KLHL2
3405,ENSG00000109471,IL2
3406,ENSG00000109472,CPE
3407,ENSG00000109475,RPL34
3408,ENSG00000109501,WFS1
3409,ENSG00000109511,ANXA10
3410,ENSG00000109519,GRPEL1
3411,ENSG00000109534,GAR1
3412,ENSG00000109572,CLCN3
3413,ENSG00000109576,AADAT
3414,ENSG00000109586,GALNT7
3415,ENSG00000109606,DHX15
3416,ENSG00000109610,SOD3
3417,ENSG00000109618,SEPSECS
3418,ENSG00000109625,CPZ
3419,ENSG00000109654,TRIM2
3420,ENSG00000109667,SLC2A9
3421,ENSG00000109670,FBXW7
3422,ENSG00000109674,NEIL3
3423,ENSG00000109680,TBC1D19
3424,ENSG00000109684,CLNK
3425,ENSG00000109686,SH3D19
3426,ENSG00000109689,STIM2
3427,ENSG00000109705,NKX3-2
3428,ENSG00000109738,GLRB
3429,ENSG00000109743,BST1
3430,ENSG00000109756,RAPGEF2
3431,ENSG00000109758,HGFAC
3432,ENSG00000109762,SNX25
3433,ENSG00000109771,LRP2BP
3434,ENSG00000109775,UFSP2
3435,ENSG00000109787,KLF3
3436,ENSG00000109790,KLHL5
3437,ENSG00000109794,FAM149A
3438,ENSG00000109805,NCAPG
3439,ENSG00000109814,UGDH
3440,ENSG00000109819,PPARGC1A
3441,ENSG00000109832,DDX25
3442,ENSG00000109846,CRYAB
3443,ENSG00000109851,DBX1
3444,ENSG00000109854,HTATIP2
3445,ENSG00000109861,CTSC
3446,ENSG00000109881,CCDC34
3447,ENSG00000109906,ZBTB16
3448,ENSG00000109911,ELP4
3449,ENSG00000109917,ZPR1
3450,ENSG00000109919,MTCH2
3451,ENSG00000109927,TECTA
3452,ENSG00000109929,SC5D
3453,ENSG00000109943,CRTAM
3454,ENSG00000109956,B3GAT1
3455,ENSG00000109971,HSPA8
3456,ENSG00000109991,P2RX3
3457,ENSG00000110002,VWA5A
3458,ENSG00000110011,DNAJC4
3459,ENSG00000110013,SIAE
3460,ENSG00000110025,SNX15
3461,ENSG00000110031,LPXN
3462,ENSG00000110042,DTX4
3463,ENSG00000110046,ATG2A
3464,ENSG00000110047,EHD1
3465,ENSG00000110048,OSBP
3466,ENSG00000110057,UNC93B1
3467,ENSG00000110060,PUS3
3468,ENSG00000110063,DCPS
3469,ENSG00000110066,KMT5B
3470,ENSG00000110074,FOXRED1
3471,ENSG00000110075,PPP6R3
3472,ENSG00000110076,NRXN2
3473,ENSG00000110077,MS4A6A
3474,ENSG00000110079,MS4A4A
3475,ENSG00000110080,ST3GAL4
3476,ENSG00000110090,CPT1A
3477,ENSG00000110092,CCND1
3478,ENSG00000110104,CCDC86
3479,ENSG00000110107,PRPF19
3480,ENSG00000110108,TMEM109
3481,ENSG00000110148,CCKBR
3482,ENSG00000110169,HPX
3483,ENSG00000110171,TRIM3
3484,ENSG00000110195,FOLR1
3485,ENSG00000110200,ANAPC15
3486,ENSG00000110203,FOLR3
3487,ENSG00000110218,PANX1
3488,ENSG00000110237,ARHGEF17
3489,ENSG00000110243,APOA5
3490,ENSG00000110244,APOA4
3491,ENSG00000110245,APOC3
3492,ENSG00000110274,CEP164
3493,ENSG00000110315,RNF141
3494,ENSG00000110318,CEP126
3495,ENSG00000110321,EIF4G2
3496,ENSG00000110324,IL10RA
3497,ENSG00000110328,GALNT18
3498,ENSG00000110330,BIRC2
3499,ENSG00000110344,UBE4A
3500,ENSG00000110367,DDX6
3501,ENSG00000110375,UPK2
3502,ENSG00000110395,CBL
3503,ENSG00000110422,HIPK3
3504,ENSG00000110427,KIAA1549L
3505,ENSG00000110429,FBXO3
3506,ENSG00000110435,PDHX
3507,ENSG00000110436,SLC1A2
3508,ENSG00000110442,COMMD9
3509,ENSG00000110446,SLC15A3
3510,ENSG00000110448,CD5
3511,ENSG00000110455,ACCS
3512,ENSG00000110484,SCGB2A2
3513,ENSG00000110492,MDK
3514,ENSG00000110497,AMBRA1
3515,ENSG00000110514,MADD
3516,ENSG00000110536,PTPMT1
3517,ENSG00000110583,NAA40
3518,ENSG00000110651,CD81
3519,ENSG00000110660,SLC35F2
3520,ENSG00000110665,C11orf21
3521,ENSG00000110675,ELMOD1
3522,ENSG00000110680,CALCA
3523,ENSG00000110693,SOX6
3524,ENSG00000110696,C11orf58
3525,ENSG00000110697,PITPNM1
3526,ENSG00000110700,RPS13
3527,ENSG00000110711,AIP
3528,ENSG00000110713,NUP98
3529,ENSG00000110717,NDUFS8
3530,ENSG00000110719,TCIRG1
3531,ENSG00000110721,CHKA
3532,ENSG00000110723,EXPH5
3533,ENSG00000110756,HPS5
3534,ENSG00000110777,POU2AF1
3535,ENSG00000110786,PTPN5
3536,ENSG00000110799,VWF
3537,ENSG00000110801,PSMD9
3538,ENSG00000110811,P3H3
3539,ENSG00000110841,PPFIBP1
3540,ENSG00000110844,PRPF40B
3541,ENSG00000110848,CD69
3542,ENSG00000110851,PRDM4
3543,ENSG00000110852,CLEC2B
3544,ENSG00000110871,COQ5
3545,ENSG00000110876,SELPLG
3546,ENSG00000110880,CORO1C
3547,ENSG00000110881,ASIC1
3548,ENSG00000110887,DAO
3549,ENSG00000110888,CAPRIN2
3550,ENSG00000110900,TSPAN11
3551,ENSG00000110906,KCTD10
3552,ENSG00000110911,SLC11A2
3553,ENSG00000110917,MLEC
3554,ENSG00000110921,MVK
3555,ENSG00000110925,CSRNP2
3556,ENSG00000110931,CAMKK2
3557,ENSG00000110934,BIN2
3558,ENSG00000110944,IL23A
3559,ENSG00000110958,PTGES3
3560,ENSG00000110975,SYT10
3561,ENSG00000110987,BCL7A
3562,ENSG00000111011,RSRC2
3563,ENSG00000111012,CYP27B1
3564,ENSG00000111046,MYF6
3565,ENSG00000111052,LIN7A
3566,ENSG00000111057,KRT18
3567,ENSG00000111058,ACSS3
3568,ENSG00000111077,TNS2
3569,ENSG00000111087,GLI1
3570,ENSG00000111110,PPM1H
3571,ENSG00000111142,METAP2
3572,ENSG00000111144,LTA4H
3573,ENSG00000111145,ELK3
3574,ENSG00000111181,SLC6A12
3575,ENSG00000111186,WNT5B
3576,ENSG00000111196,MAGOHB
3577,ENSG00000111199,TRPV4
3578,ENSG00000111203,ITFG2
3579,ENSG00000111206,FOXM1
3580,ENSG00000111215,PRR4
3581,ENSG00000111218,PRMT8
3582,ENSG00000111224,PARP11
3583,ENSG00000111229,ARPC3
3584,ENSG00000111231,GPN3
3585,ENSG00000111237,VPS29
3586,ENSG00000111245,MYL2
3587,ENSG00000111247,RAD51AP1
3588,ENSG00000111249,CUX2
3589,ENSG00000111252,SH2B3
3590,ENSG00000111254,AKAP3
3591,ENSG00000111262,KCNA1
3592,ENSG00000111266,DUSP16
3593,ENSG00000111269,CREBL2
3594,ENSG00000111271,ACAD10
3595,ENSG00000111275,ALDH2
3596,ENSG00000111276,CDKN1B
3597,ENSG00000111291,GPRC5D
3598,ENSG00000111300,NAA25
3599,ENSG00000111305,GSG1
3600,ENSG00000111319,SCNN1A
3601,ENSG00000111321,LTBR
3602,ENSG00000111325,OGFOD2
3603,ENSG00000111328,CDK2AP1
3604,ENSG00000111331,OAS3
3605,ENSG00000111335,OAS2
3606,ENSG00000111339,ART4
3607,ENSG00000111341,MGP
3608,ENSG00000111344,RASAL1
3609,ENSG00000111348,ARHGDIB
3610,ENSG00000111358,GTF2H3
3611,ENSG00000111361,EIF2B1
3612,ENSG00000111364,DDX55
3613,ENSG00000111371,SLC38A1
3614,ENSG00000111404,RERGL
3615,ENSG00000111405,ENDOU
3616,ENSG00000111424,VDR
3617,ENSG00000111432,FZD10
3618,ENSG00000111445,RFC5
3619,ENSG00000111450,STX2
3620,ENSG00000111452,ADGRD1
3621,ENSG00000111481,COPZ1
3622,ENSG00000111490,TBC1D30
3623,ENSG00000111530,CAND1
3624,ENSG00000111536,IL26
3625,ENSG00000111537,IFNG
3626,ENSG00000111540,RAB5B
3627,ENSG00000111554,MDM1
3628,ENSG00000111581,NUP107
3629,ENSG00000111596,CNOT2
3630,ENSG00000111602,TIMELESS
3631,ENSG00000111605,CPSF6
3632,ENSG00000111615,KRR1
3633,ENSG00000111639,MRPL51
3634,ENSG00000111640,GAPDH
3635,ENSG00000111641,NOP2
3636,ENSG00000111642,CHD4
3637,ENSG00000111644,ACRBP
3638,ENSG00000111652,COPS7A
3639,ENSG00000111653,ING4
3640,ENSG00000111664,GNB3
3641,ENSG00000111665,CDCA3
3642,ENSG00000111666,CHPT1
3643,ENSG00000111667,USP5
3644,ENSG00000111669,TPI1
3645,ENSG00000111670,GNPTAB
3646,ENSG00000111671,SPSB2
3647,ENSG00000111674,ENO2
3648,ENSG00000111676,ATN1
3649,ENSG00000111678,C12orf57
3650,ENSG00000111679,PTPN6
3651,ENSG00000111684,LPCAT3
3652,ENSG00000111696,NT5DC3
3653,ENSG00000111700,SLCO1B3
3654,ENSG00000111701,APOBEC1
3655,ENSG00000111704,NANOG
3656,ENSG00000111707,SUDS3
3657,ENSG00000111711,GOLT1B
3658,ENSG00000111713,GYS2
3659,ENSG00000111716,LDHB
3660,ENSG00000111725,PRKAB1
3661,ENSG00000111726,CMAS
3662,ENSG00000111727,HCFC2
3663,ENSG00000111728,ST8SIA1
3664,ENSG00000111729,CLEC4A
3665,ENSG00000111731,C2CD5
3666,ENSG00000111732,AICDA
3667,ENSG00000111737,RAB35
3668,ENSG00000111752,PHC1
3669,ENSG00000111775,COX6A1
3670,ENSG00000111783,RFX4
3671,ENSG00000111785,RIC8B
3672,ENSG00000111786,SRSF9
3673,ENSG00000111790,FGFR1OP2
3674,ENSG00000111796,KLRB1
3675,ENSG00000111799,COL12A1
3676,ENSG00000111801,BTN3A3
3677,ENSG00000111802,TDP2
3678,ENSG00000111816,FRK
3679,ENSG00000111817,DSE
3680,ENSG00000111832,RWDD1
3681,ENSG00000111834,RSPH4A
3682,ENSG00000111837,MAK
3683,ENSG00000111843,TMEM14C
3684,ENSG00000111845,PAK1IP1
3685,ENSG00000111846,GCNT2
3686,ENSG00000111850,SMIM8
3687,ENSG00000111859,NEDD9
3688,ENSG00000111860,CEP85L
3689,ENSG00000111863,ADTRP
3690,ENSG00000111875,ASF1A
3691,ENSG00000111877,MCM9
3692,ENSG00000111879,FAM184A
3693,ENSG00000111880,RNGTT
3694,ENSG00000111885,MAN1A1
3695,ENSG00000111886,GABRR2
3696,ENSG00000111897,SERINC1
3697,ENSG00000111906,HDDC2
3698,ENSG00000111907,TPD52L1
3699,ENSG00000111911,HINT3
3700,ENSG00000111912,NCOA7
3701,ENSG00000111961,SASH1
3702,ENSG00000111962,UST
3703,ENSG00000111981,ULBP1
3704,ENSG00000112029,FBXO5
3705,ENSG00000112031,MTRF1L
3706,ENSG00000112033,PPARD
3707,ENSG00000112038,OPRM1
3708,ENSG00000112039,FANCE
3709,ENSG00000112041,TULP1
3710,ENSG00000112053,SLC26A8
3711,ENSG00000112062,MAPK14
3712,ENSG00000112077,RHAG
3713,ENSG00000112078,KCTD20
3714,ENSG00000112079,STK38
3715,ENSG00000112081,SRSF3
3716,ENSG00000112110,MRPL18
3717,ENSG00000112115,IL17A
3718,ENSG00000112116,IL17F
3719,ENSG00000112118,MCM3
3720,ENSG00000112130,RNF8
3721,ENSG00000112137,PHACTR1
3722,ENSG00000112139,MDGA1
3723,ENSG00000112146,FBXO9
3724,ENSG00000112149,CD83
3725,ENSG00000112159,MDN1
3726,ENSG00000112164,GLP1R
3727,ENSG00000112167,SAYSD1
3728,ENSG00000112175,BMP5
3729,ENSG00000112182,BACH2
3730,ENSG00000112183,RBM24
3731,ENSG00000112186,CAP2
3732,ENSG00000112195,TREML2
3733,ENSG00000112200,ZNF451
3734,ENSG00000112208,BAG2
3735,ENSG00000112210,RAB23
3736,ENSG00000112212,TSPO2
3737,ENSG00000112214,FHL5
3738,ENSG00000112218,GPR63
3739,ENSG00000112232,KHDRBS2
3740,ENSG00000112234,FBXL4
3741,ENSG00000112237,CCNC
3742,ENSG00000112238,PRDM13
3743,ENSG00000112242,E2F3
3744,ENSG00000112245,PTP4A1
3745,ENSG00000112246,SIM1
3746,ENSG00000112249,ASCC3
3747,ENSG00000112273,HDGFL1
3748,ENSG00000112280,COL9A1
3749,ENSG00000112282,MED23
3750,ENSG00000112290,WASF1
3751,ENSG00000112293,GPLD1
3752,ENSG00000112294,ALDH5A1
3753,ENSG00000112299,VNN1
3754,ENSG00000112303,VNN2
3755,ENSG00000112304,ACOT13
3756,ENSG00000112305,SMAP1
3757,ENSG00000112306,RPS12
3758,ENSG00000112308,C6orf62
3759,ENSG00000112309,B3GAT2
3760,ENSG00000112312,GMNN
3761,ENSG00000112319,EYA4
3762,ENSG00000112320,SOBP
3763,ENSG00000112333,NR2E1
3764,ENSG00000112335,SNX3
3765,ENSG00000112339,HBS1L
3766,ENSG00000112343,TRIM38
3767,ENSG00000112357,PEX7
3768,ENSG00000112365,ZBTB24
3769,ENSG00000112367,FIG4
3770,ENSG00000112378,PERP
3771,ENSG00000112379,ARFGEF3
3772,ENSG00000112394,SLC16A10
3773,ENSG00000112406,HECA
3774,ENSG00000112414,ADGRG6
3775,ENSG00000112419,PHACTR2
3776,ENSG00000112425,EPM2A
3777,ENSG00000112486,CCR6
3778,ENSG00000112494,UNC93A
3779,ENSG00000112499,SLC22A2
3780,ENSG00000112511,PHF1
3781,ENSG00000112514,CUTA
3782,ENSG00000112530,PACRG
3783,ENSG00000112531,QKI
3784,ENSG00000112539,C6orf118
3785,ENSG00000112541,PDE10A
3786,ENSG00000112559,MDFI
3787,ENSG00000112561,TFEB
3788,ENSG00000112562,SMOC2
3789,ENSG00000112576,CCND3
3790,ENSG00000112578,BYSL
3791,ENSG00000112592,TBP
3792,ENSG00000112599,GUCA1B
3793,ENSG00000112619,PRPH2
3794,ENSG00000112640,PPP2R5D
3795,ENSG00000112651,MRPL2
3796,ENSG00000112655,PTK7
3797,ENSG00000112658,SRF
3798,ENSG00000112659,CUL9
3799,ENSG00000112667,DNPH1
3800,ENSG00000112679,DUSP22
3801,ENSG00000112685,EXOC2
3802,ENSG00000112695,COX7A2
3803,ENSG00000112697,TMEM30A
3804,ENSG00000112699,GMDS
3805,ENSG00000112701,SENP6
3806,ENSG00000112706,IMPG1
3807,ENSG00000112715,VEGFA
3808,ENSG00000112742,TTK
3809,ENSG00000112759,SLC29A1
3810,ENSG00000112769,LAMA4
3811,ENSG00000112782,CLIC5
3812,ENSG00000112787,FBRSL1
3813,ENSG00000112796,ENPP5
3814,ENSG00000112799,LY86
3815,ENSG00000112812,PRSS16
3816,ENSG00000112818,MEP1A
3817,ENSG00000112837,TBX18
3818,ENSG00000112855,HARS2
3819,ENSG00000112874,NUDT12
3820,ENSG00000112877,CEP72
3821,ENSG00000112893,MAN2A1
3822,ENSG00000112902,SEMA5A
3823,ENSG00000112936,C7
3824,ENSG00000112964,GHR
3825,ENSG00000112972,HMGCS1
3826,ENSG00000112977,DAP
3827,ENSG00000112981,NME5
3828,ENSG00000112983,BRD8
3829,ENSG00000112984,KIF20A
3830,ENSG00000112992,NNT
3831,ENSG00000112996,MRPS30
3832,ENSG00000113013,HSPA9
3833,ENSG00000113048,MRPS27
3834,ENSG00000113068,PFDN1
3835,ENSG00000113070,HBEGF
3836,ENSG00000113073,SLC4A9
3837,ENSG00000113083,LOX
3838,ENSG00000113088,GZMK
3839,ENSG00000113100,CDH9
3840,ENSG00000113108,APBB3
3841,ENSG00000113119,TMCO6
3842,ENSG00000113140,SPARC
3843,ENSG00000113141,IK
3844,ENSG00000113161,HMGCR
3845,ENSG00000113194,FAF2
3846,ENSG00000113196,HAND1
3847,ENSG00000113209,PCDHB5
3848,ENSG00000113212,PCDHB7
3849,ENSG00000113240,CLK4
3850,ENSG00000113248,PCDHB15
3851,ENSG00000113249,HAVCR1
3852,ENSG00000113262,GRM6
3853,ENSG00000113263,ITK
3854,ENSG00000113269,RNF130
3855,ENSG00000113272,THG1L
3856,ENSG00000113273,ARSB
3857,ENSG00000113282,CLINT1
3858,ENSG00000113296,THBS4
3859,ENSG00000113300,CNOT6
3860,ENSG00000113302,IL12B
3861,ENSG00000113303,BTNL8
3862,ENSG00000113312,TTC1
3863,ENSG00000113318,MSH3
3864,ENSG00000113319,RASGRF2
3865,ENSG00000113327,GABRG2
3866,ENSG00000113328,CCNG1
3867,ENSG00000113356,POLR3G
3868,ENSG00000113360,DROSHA
3869,ENSG00000113361,CDH6
3870,ENSG00000113368,LMNB1
3871,ENSG00000113369,ARRDC3
3872,ENSG00000113384,GOLPH3
3873,ENSG00000113387,SUB1
3874,ENSG00000113389,NPR3
3875,ENSG00000113396,SLC27A6
3876,ENSG00000113430,IRX4
3877,ENSG00000113441,LNPEP
3878,ENSG00000113448,PDE4D
3879,ENSG00000113456,RAD1
3880,ENSG00000113460,BRIX1
3881,ENSG00000113492,AGXT2
3882,ENSG00000113494,PRLR
3883,ENSG00000113520,IL4
3884,ENSG00000113522,RAD50
3885,ENSG00000113525,IL5
3886,ENSG00000113532,ST8SIA4
3887,ENSG00000113552,GNPDA1
3888,ENSG00000113555,PCDH12
3889,ENSG00000113558,SKP1
3890,ENSG00000113569,NUP155
3891,ENSG00000113575,PPP2CA
3892,ENSG00000113578,FGF1
3893,ENSG00000113580,NR3C1
3894,ENSG00000113583,C5orf15
3895,ENSG00000113593,PPWD1
3896,ENSG00000113594,LIFR
3897,ENSG00000113595,TRIM23
3898,ENSG00000113597,TRAPPC13
3899,ENSG00000113600,C9
3900,ENSG00000113615,SEC24A
3901,ENSG00000113621,TXNDC15
3902,ENSG00000113638,TTC33
3903,ENSG00000113645,WWC1
3904,ENSG00000113649,TCERG1
3905,ENSG00000113657,DPYSL3
3906,ENSG00000113658,SMAD5
3907,ENSG00000113712,CSNK1A1
3908,ENSG00000113716,HMGXB3
3909,ENSG00000113719,ERGIC1
3910,ENSG00000113721,PDGFRB
3911,ENSG00000113722,CDX1
3912,ENSG00000113732,ATP6V0E1
3913,ENSG00000113734,BNIP1
3914,ENSG00000113739,STC2
3915,ENSG00000113742,CPEB4
3916,ENSG00000113749,HRH2
3917,ENSG00000113758,DBN1
3918,ENSG00000113761,ZNF346
3919,ENSG00000113763,UNC5A
3920,ENSG00000113790,EHHADH
3921,ENSG00000113805,CNTN3
3922,ENSG00000113810,SMC4
3923,ENSG00000113812,ACTR8
3924,ENSG00000113838,TBCCD1
3925,ENSG00000113845,TIMMDC1
3926,ENSG00000113851,CRBN
3927,ENSG00000113889,KNG1
3928,ENSG00000113905,HRG
3929,ENSG00000113916,BCL6
3930,ENSG00000113924,HGD
3931,ENSG00000113946,CLDN16
3932,ENSG00000113966,ARL6
3933,ENSG00000113971,NPHP3
3934,ENSG00000114013,CD86
3935,ENSG00000114019,AMOTL2
3936,ENSG00000114021,NIT2
3937,ENSG00000114023,FAM162A
3938,ENSG00000114026,OGG1
3939,ENSG00000114030,KPNA1
3940,ENSG00000114054,PCCB
3941,ENSG00000114062,UBE3A
3942,ENSG00000114098,ARMC8
3943,ENSG00000114107,CEP70
3944,ENSG00000114113,RBP2
3945,ENSG00000114115,RBP1
3946,ENSG00000114120,SLC25A36
3947,ENSG00000114124,GRK7
3948,ENSG00000114125,RNF7
3949,ENSG00000114126,TFDP2
3950,ENSG00000114127,XRN1
3951,ENSG00000114166,KAT2B
3952,ENSG00000114200,BCHE
3953,ENSG00000114204,SERPINI2
3954,ENSG00000114209,PDCD10
3955,ENSG00000114248,LRRC31
3956,ENSG00000114251,WNT5A
3957,ENSG00000114268,PFKFB4
3958,ENSG00000114270,COL7A1
3959,ENSG00000114279,FGF12
3960,ENSG00000114302,PRKAR2A
3961,ENSG00000114315,HES1
3962,ENSG00000114316,USP4
3963,ENSG00000114331,ACAP2
3964,ENSG00000114346,ECT2
3965,ENSG00000114349,GNAT1
3966,ENSG00000114353,GNAI2
3967,ENSG00000114354,TFG
3968,ENSG00000114374,USP9Y
3969,ENSG00000114378,HYAL1
3970,ENSG00000114383,TUSC2
3971,ENSG00000114388,NPRL2
3972,ENSG00000114391,RPL24
3973,ENSG00000114395,CYB561D2
3974,ENSG00000114416,FXR1
3975,ENSG00000114423,CBLB
3976,ENSG00000114439,BBX
3977,ENSG00000114446,IFT57
3978,ENSG00000114450,GNB4
3979,ENSG00000114455,HHLA2
3980,ENSG00000114480,GBE1
3981,ENSG00000114487,MORC1
3982,ENSG00000114491,UMPS
3983,ENSG00000114503,NCBP2
3984,ENSG00000114520,SNX4
3985,ENSG00000114529,C3orf52
3986,ENSG00000114541,FRMD4B
3987,ENSG00000114544,SLC41A3
3988,ENSG00000114547,ROPN1B
3989,ENSG00000114554,PLXNA1
3990,ENSG00000114573,ATP6V1A
3991,ENSG00000114626,ABTB1
3992,ENSG00000114631,PODXL2
3993,ENSG00000114638,UPK1B
3994,ENSG00000114646,CSPG5
3995,ENSG00000114648,KLHL18
3996,ENSG00000114650,SCAP
3997,ENSG00000114654,EFCC1
3998,ENSG00000114670,NEK11
3999,ENSG00000114686,MRPL3
4000,ENSG00000114698,PLSCR4
4001,ENSG00000114735,HEMK1
4002,ENSG00000114737,CISH
4003,ENSG00000114738,MAPKAPK3
4004,ENSG00000114739,ACVR2B
4005,ENSG00000114742,WDR48
4006,ENSG00000114744,COMMD2
4007,ENSG00000114745,GORASP1
4008,ENSG00000114757,PEX5L
4009,ENSG00000114767,RRP9
4010,ENSG00000114770,ABCC5
4011,ENSG00000114771,AADAC
4012,ENSG00000114779,ABHD14B
4013,ENSG00000114784,EIF1B
4014,ENSG00000114786,ABHD14A-ACY1
4015,ENSG00000114796,KLHL24
4016,ENSG00000114805,PLCH1
4017,ENSG00000114812,VIPR1
4018,ENSG00000114841,DNAH1
4019,ENSG00000114850,SSR3
4020,ENSG00000114853,ZBTB47
4021,ENSG00000114854,TNNC1
4022,ENSG00000114857,NKTR
4023,ENSG00000114859,CLCN2
4024,ENSG00000114861,FOXP1
4025,ENSG00000114867,EIF4G1
4026,ENSG00000114902,SPCS1
4027,ENSG00000114904,NEK4
4028,ENSG00000114923,SLC4A3
4029,ENSG00000114942,EEF1B2
4030,ENSG00000114948,ADAM23
4031,ENSG00000114956,DGUOK
4032,ENSG00000114978,MOB1A
4033,ENSG00000114982,KANSL3
4034,ENSG00000114988,LMAN2L
4035,ENSG00000114993,RTKN
4036,ENSG00000114999,TTL
4037,ENSG00000115008,IL1A
4038,ENSG00000115009,CCL20
4039,ENSG00000115020,PIKFYVE
4040,ENSG00000115041,KCNIP3
4041,ENSG00000115053,NCL
4042,ENSG00000115084,SLC35F5
4043,ENSG00000115085,ZAP70
4044,ENSG00000115091,ACTR3
4045,ENSG00000115107,STEAP3
4046,ENSG00000115109,EPB41L5
4047,ENSG00000115112,TFCP2L1
4048,ENSG00000115128,SF3B6
4049,ENSG00000115129,TP53I3
4050,ENSG00000115137,DNAJC27
4051,ENSG00000115138,POMC
4052,ENSG00000115145,STAM2
4053,ENSG00000115155,OTOF
4054,ENSG00000115159,GPD2
4055,ENSG00000115163,CENPA
4056,ENSG00000115165,CYTIP
4057,ENSG00000115170,ACVR1
4058,ENSG00000115183,TANC1
4059,ENSG00000115194,SLC30A3
4060,ENSG00000115204,MPV17
4061,ENSG00000115207,GTF3C2
4062,ENSG00000115211,EIF2B4
4063,ENSG00000115216,NRBP1
4064,ENSG00000115221,ITGB6
4065,ENSG00000115226,FNDC4
4066,ENSG00000115232,ITGA4
4067,ENSG00000115233,PSMD14
4068,ENSG00000115234,SNX17
4069,ENSG00000115239,ASB3
4070,ENSG00000115241,PPM1G
4071,ENSG00000115252,PDE1A
4072,ENSG00000115255,REEP6
4073,ENSG00000115257,PCSK4
4074,ENSG00000115263,GCG
4075,ENSG00000115266,APC2
4076,ENSG00000115267,IFIH1
4077,ENSG00000115268,RPS15
4078,ENSG00000115271,GCA
4079,ENSG00000115274,INO80B
4080,ENSG00000115275,MOGS
4081,ENSG00000115282,TTC31
4082,ENSG00000115286,NDUFS7
4083,ENSG00000115289,PCGF1
4084,ENSG00000115290,GRB14
4085,ENSG00000115295,CLIP4
4086,ENSG00000115297,TLX2
4087,ENSG00000115306,SPTBN1
4088,ENSG00000115307,AUP1
4089,ENSG00000115310,RTN4
4090,ENSG00000115317,HTRA2
4091,ENSG00000115318,LOXL3
4092,ENSG00000115325,DOK1
4093,ENSG00000115339,GALNT3
4094,ENSG00000115350,POLE4
4095,ENSG00000115353,TACR1
4096,ENSG00000115355,CCDC88A
4097,ENSG00000115361,ACADL
4098,ENSG00000115363,EVA1A
4099,ENSG00000115364,MRPL19
4100,ENSG00000115365,LANCL1
4101,ENSG00000115368,WDR75
4102,ENSG00000115380,EFEMP1
4103,ENSG00000115386,REG1A
4104,ENSG00000115392,FANCL
4105,ENSG00000115414,FN1
4106,ENSG00000115415,STAT1
4107,ENSG00000115419,GLS
4108,ENSG00000115421,PAPOLG
4109,ENSG00000115423,DNAH6
4110,ENSG00000115425,PECR
4111,ENSG00000115446,UNC50
4112,ENSG00000115457,IGFBP2
4113,ENSG00000115459,ELMOD3
4114,ENSG00000115461,IGFBP5
4115,ENSG00000115464,USP34
4116,ENSG00000115468,EFHD1
4117,ENSG00000115474,KCNJ13
4118,ENSG00000115484,CCT4
4119,ENSG00000115486,GGCX
4120,ENSG00000115488,NEU2
4121,ENSG00000115504,EHBP1
4122,ENSG00000115507,OTX1
4123,ENSG00000115514,TXNDC9
4124,ENSG00000115520,COQ10B
4125,ENSG00000115523,GNLY
4126,ENSG00000115524,SF3B1
4127,ENSG00000115525,ST3GAL5
4128,ENSG00000115526,CHST10
4129,ENSG00000115539,PDCL3
4130,ENSG00000115540,MOB4
4131,ENSG00000115541,HSPE1
4132,ENSG00000115548,KDM3A
4133,ENSG00000115556,PLCD4
4134,ENSG00000115561,CHMP3
4135,ENSG00000115568,ZNF142
4136,ENSG00000115590,IL1R2
4137,ENSG00000115592,PRKAG3
4138,ENSG00000115593,SMYD1
4139,ENSG00000115594,IL1R1
4140,ENSG00000115596,WNT6
4141,ENSG00000115598,IL1RL2
4142,ENSG00000115602,IL1RL1
4143,ENSG00000115604,IL18R1
4144,ENSG00000115607,IL18RAP
4145,ENSG00000115616,SLC9A2
4146,ENSG00000115641,FHL2
4147,ENSG00000115648,MLPH
4148,ENSG00000115649,CNPPD1
4149,ENSG00000115652,UXS1
4150,ENSG00000115657,ABCB6
4151,ENSG00000115661,STK16
4152,ENSG00000115665,SLC5A7
4153,ENSG00000115677,HDLBP
4154,ENSG00000115685,PPP1R7
4155,ENSG00000115687,PASK
4156,ENSG00000115694,STK25
4157,ENSG00000115705,TPO
4158,ENSG00000115718,PROC
4159,ENSG00000115738,ID2
4160,ENSG00000115750,TAF1B
4161,ENSG00000115756,HPCAL1
4162,ENSG00000115758,ODC1
4163,ENSG00000115760,BIRC6
4164,ENSG00000115761,NOL10
4165,ENSG00000115762,PLEKHB2
4166,ENSG00000115806,GORASP2
4167,ENSG00000115808,STRN
4168,ENSG00000115816,CEBPZ
4169,ENSG00000115825,PRKD3
4170,ENSG00000115827,DCAF17
4171,ENSG00000115828,QPCT
4172,ENSG00000115839,RAB3GAP1
4173,ENSG00000115840,SLC25A12
4174,ENSG00000115841,RMDN2
4175,ENSG00000115844,DLX2
4176,ENSG00000115850,LCT
4177,ENSG00000115875,SRSF7
4178,ENSG00000115884,SDC1
4179,ENSG00000115896,PLCL1
4180,ENSG00000115902,SLC1A4
4181,ENSG00000115904,SOS1
4182,ENSG00000115919,KYNU
4183,ENSG00000115935,WIPF1
4184,ENSG00000115942,ORC2
4185,ENSG00000115944,COX7A2L
4186,ENSG00000115946,PNO1
4187,ENSG00000115947,ORC4
4188,ENSG00000115956,PLEK
4189,ENSG00000115963,RND3
4190,ENSG00000115966,ATF2
4191,ENSG00000115970,THADA
4192,ENSG00000115977,AAK1
4193,ENSG00000115993,TRAK2
4194,ENSG00000115998,C2orf42
4195,ENSG00000116001,TIA1
4196,ENSG00000116005,PCYOX1
4197,ENSG00000116014,KISS1R
4198,ENSG00000116016,EPAS1
4199,ENSG00000116017,ARID3A
4200,ENSG00000116030,SUMO1
4201,ENSG00000116031,CD207
4202,ENSG00000116032,GRIN3B
4203,ENSG00000116035,VAX2
4204,ENSG00000116039,ATP6V1B1
4205,ENSG00000116044,NFE2L2
4206,ENSG00000116062,MSH6
4207,ENSG00000116095,PLEKHA3
4208,ENSG00000116096,SPR
4209,ENSG00000116106,EPHA4
4210,ENSG00000116117,PARD3B
4211,ENSG00000116120,FARSB
4212,ENSG00000116127,ALMS1
4213,ENSG00000116128,BCL9
4214,ENSG00000116132,PRRX1
4215,ENSG00000116133,DHCR24
4216,ENSG00000116138,DNAJC16
4217,ENSG00000116141,MARK1
4218,ENSG00000116147,TNR
4219,ENSG00000116151,MORN1
4220,ENSG00000116157,GPX7
4221,ENSG00000116161,CACYBP
4222,ENSG00000116171,SCP2
4223,ENSG00000116176,TPSG1
4224,ENSG00000116183,PAPPA2
4225,ENSG00000116191,RALGPS2
4226,ENSG00000116194,ANGPTL1
4227,ENSG00000116198,CEP104
4228,ENSG00000116199,FAM20B
4229,ENSG00000116205,TCEANC2
4230,ENSG00000116209,TMEM59
4231,ENSG00000116212,LRRC42
4232,ENSG00000116213,WRAP73
4233,ENSG00000116221,MRPL37
4234,ENSG00000116237,ICMT
4235,ENSG00000116251,RPL22
4236,ENSG00000116254,CHD5
4237,ENSG00000116260,QSOX1
4238,ENSG00000116266,STXBP3
4239,ENSG00000116273,PHF13
4240,ENSG00000116285,ERRFI1
4241,ENSG00000116288,PARK7
4242,ENSG00000116329,OPRD1
4243,ENSG00000116337,AMPD2
4244,ENSG00000116350,SRSF4
4245,ENSG00000116353,MECR
4246,ENSG00000116396,KCNC4
4247,ENSG00000116406,EDEM3
4248,ENSG00000116455,WDR77
4249,ENSG00000116473,RAP1A
4250,ENSG00000116478,HDAC1
4251,ENSG00000116489,CAPZA1
4252,ENSG00000116497,S100PBP
4253,ENSG00000116514,RNF19B
4254,ENSG00000116521,SCAMP3
4255,ENSG00000116525,TRIM62
4256,ENSG00000116539,ASH1L
4257,ENSG00000116544,DLGAP3
4258,ENSG00000116560,SFPQ
4259,ENSG00000116574,RHOU
4260,ENSG00000116580,GON4L
4261,ENSG00000116584,ARHGEF2
4262,ENSG00000116586,LAMTOR2
4263,ENSG00000116641,DOCK7
4264,ENSG00000116649,SRM
4265,ENSG00000116661,FBXO2
4266,ENSG00000116663,FBXO6
4267,ENSG00000116667,C1orf21
4268,ENSG00000116668,SWT1
4269,ENSG00000116670,MAD2L2
4270,ENSG00000116675,DNAJC6
4271,ENSG00000116678,LEPR
4272,ENSG00000116679,IVNS1ABP
4273,ENSG00000116685,KIAA2013
4274,ENSG00000116688,MFN2
4275,ENSG00000116690,PRG4
4276,ENSG00000116691,MIIP
4277,ENSG00000116698,SMG7
4278,ENSG00000116701,NCF2
4279,ENSG00000116703,PDC
4280,ENSG00000116704,SLC35D1
4281,ENSG00000116711,PLA2G4A
4282,ENSG00000116717,GADD45A
4283,ENSG00000116729,WLS
4284,ENSG00000116731,PRDM2
4285,ENSG00000116741,RGS2
4286,ENSG00000116745,RPE65
4287,ENSG00000116748,AMPD1
4288,ENSG00000116750,UCHL5
4289,ENSG00000116752,BCAS2
4290,ENSG00000116754,SRSF11
4291,ENSG00000116761,CTH
4292,ENSG00000116771,AGMAT
4293,ENSG00000116774,OLFML3
4294,ENSG00000116783,TNNI3K
4295,ENSG00000116785,CFHR3
4296,ENSG00000116786,PLEKHM2
4297,ENSG00000116791,CRYZ
4298,ENSG00000116793,PHTF1
4299,ENSG00000116809,ZBTB17
4300,ENSG00000116815,CD58
4301,ENSG00000116819,TFAP2E
4302,ENSG00000116824,CD2
4303,ENSG00000116830,TTF2
4304,ENSG00000116833,NR5A2
4305,ENSG00000116852,KIF21B
4306,ENSG00000116857,TMEM9
4307,ENSG00000116871,MAP7D1
4308,ENSG00000116874,WARS2
4309,ENSG00000116882,HAO2
4310,ENSG00000116885,OSCP1
4311,ENSG00000116898,MRPS15
4312,ENSG00000116903,EXOC8
4313,ENSG00000116906,GNPAT
4314,ENSG00000116918,TSNAX
4315,ENSG00000116954,RRAGC
4316,ENSG00000116962,NID1
4317,ENSG00000116977,LGALS8
4318,ENSG00000116981,NT5C1A
4319,ENSG00000116983,HPCAL4
4320,ENSG00000116984,MTR
4321,ENSG00000116985,BMP8B
4322,ENSG00000116990,MYCL
4323,ENSG00000116991,SIPA1L2
4324,ENSG00000117000,RLF
4325,ENSG00000117009,KMO
4326,ENSG00000117010,ZNF684
4327,ENSG00000117013,KCNQ4
4328,ENSG00000117016,RIMS3
4329,ENSG00000117020,AKT3
4330,ENSG00000117036,ETV3
4331,ENSG00000117054,ACADM
4332,ENSG00000117069,ST6GALNAC5
4333,ENSG00000117090,SLAMF1
4334,ENSG00000117091,CD48
4335,ENSG00000117114,ADGRL2
4336,ENSG00000117115,PADI2
4337,ENSG00000117118,SDHB
4338,ENSG00000117122,MFAP2
4339,ENSG00000117133,RPF1
4340,ENSG00000117139,KDM5B
4341,ENSG00000117143,UAP1
4342,ENSG00000117148,ACTL8
4343,ENSG00000117151,CTBS
4344,ENSG00000117152,RGS4
4345,ENSG00000117153,KLHL12
4346,ENSG00000117154,IGSF21
4347,ENSG00000117155,SSX2IP
4348,ENSG00000117174,ZNHIT6
4349,ENSG00000117215,PLA2G2D
4350,ENSG00000117222,RBBP5
4351,ENSG00000117226,GBP3
4352,ENSG00000117228,GBP1
4353,ENSG00000117242,PINK1-AS
4354,ENSG00000117245,KIF17
4355,ENSG00000117262,GPR89A
4356,ENSG00000117266,CDK18
4357,ENSG00000117280,RAB29
4358,ENSG00000117281,CD160
4359,ENSG00000117298,ECE1
4360,ENSG00000117305,HMGCL
4361,ENSG00000117308,GALE
4362,ENSG00000117318,ID3
4363,ENSG00000117322,CR2
4364,ENSG00000117335,CD46
4365,ENSG00000117360,PRPF3
4366,ENSG00000117362,APH1A
4367,ENSG00000117385,P3H1
4368,ENSG00000117394,SLC2A1
4369,ENSG00000117395,EBNA1BP2
4370,ENSG00000117399,CDC20
4371,ENSG00000117400,MPL
4372,ENSG00000117407,ARTN
4373,ENSG00000117408,IPO13
4374,ENSG00000117410,ATP6V0B
4375,ENSG00000117411,B4GALT2
4376,ENSG00000117419,ERI3
4377,ENSG00000117425,PTCH2
4378,ENSG00000117448,AKR1A1
4379,ENSG00000117450,PRDX1
4380,ENSG00000117461,PIK3R3
4381,ENSG00000117472,TSPAN1
4382,ENSG00000117475,BLZF1
4383,ENSG00000117477,CCDC181
4384,ENSG00000117479,SLC19A2
4385,ENSG00000117480,FAAH
4386,ENSG00000117481,NSUN4
4387,ENSG00000117500,TMED5
4388,ENSG00000117501,MROH9
4389,ENSG00000117505,DR1
4390,ENSG00000117519,CNN3
4391,ENSG00000117523,PRRC2C
4392,ENSG00000117525,F3
4393,ENSG00000117528,ABCD3
4394,ENSG00000117533,VAMP4
4395,ENSG00000117543,DPH5
4396,ENSG00000117560,FASLG
4397,ENSG00000117569,PTBP2
4398,ENSG00000117586,TNFSF4
4399,ENSG00000117592,PRDX6
4400,ENSG00000117593,DARS2
4401,ENSG00000117594,HSD11B1
4402,ENSG00000117595,IRF6
4403,ENSG00000117598,PLPPR5
4404,ENSG00000117600,PLPPR4
4405,ENSG00000117601,SERPINC1
4406,ENSG00000117602,RCAN3
4407,ENSG00000117614,SYF2
4408,ENSG00000117616,RSRP1
4409,ENSG00000117620,SLC35A3
4410,ENSG00000117625,RCOR3
4411,ENSG00000117632,STMN1
4412,ENSG00000117640,MTFR1L
4413,ENSG00000117643,MAN1C1
4414,ENSG00000117650,NEK2
4415,ENSG00000117682,DHDDS
4416,ENSG00000117691,NENF
4417,ENSG00000117697,NSL1
4418,ENSG00000117707,PROX1
4419,ENSG00000117713,ARID1A
4420,ENSG00000117724,CENPF
4421,ENSG00000117748,RPA2
4422,ENSG00000117751,PPP1R8
4423,ENSG00000117758,STX12
4424,ENSG00000117834,SLC5A9
4425,ENSG00000117859,OSBPL9
4426,ENSG00000117862,TXNDC12
4427,ENSG00000117868,ESYT2
4428,ENSG00000117906,RCN2
4429,ENSG00000117971,CHRNB4
4430,ENSG00000117983,MUC5B
4431,ENSG00000117984,CTSD
4432,ENSG00000118004,COLEC11
4433,ENSG00000118007,STAG1
4434,ENSG00000118017,A4GNT
4435,ENSG00000118046,STK11
4436,ENSG00000118058,KMT2A
4437,ENSG00000118094,TREH
4438,ENSG00000118096,IFT46
4439,ENSG00000118113,MMP8
4440,ENSG00000118137,APOA1
4441,ENSG00000118156,ZNF541
4442,ENSG00000118160,SLC8A2
4443,ENSG00000118162,KPTN
4444,ENSG00000118181,RPS25
4445,ENSG00000118193,KIF14
4446,ENSG00000118194,TNNT2
4447,ENSG00000118197,DDX59
4448,ENSG00000118200,CAMSAP2
4449,ENSG00000118217,ATF6
4450,ENSG00000118231,CRYGD
4451,ENSG00000118242,MREG
4452,ENSG00000118246,FASTKD2
4453,ENSG00000118257,NRP2
4454,ENSG00000118260,CREB1
4455,ENSG00000118263,KLF7
4456,ENSG00000118271,TTR
4457,ENSG00000118276,B4GALT6
4458,ENSG00000118292,C1orf54
4459,ENSG00000118298,CA14
4460,ENSG00000118322,ATP10B
4461,ENSG00000118363,SPCS2
4462,ENSG00000118369,USP35
4463,ENSG00000118402,ELOVL4
4464,ENSG00000118407,FILIP1
4465,ENSG00000118418,HMGN3
4466,ENSG00000118420,UBE3D
4467,ENSG00000118432,CNR1
4468,ENSG00000118434,SPACA1
4469,ENSG00000118454,ANKRD13C
4470,ENSG00000118473,SGIP1
4471,ENSG00000118482,PHF3
4472,ENSG00000118492,ADGB
4473,ENSG00000118495,PLAGL1
4474,ENSG00000118496,FBXO30
4475,ENSG00000118503,TNFAIP3
4476,ENSG00000118507,AKAP7
4477,ENSG00000118508,RAB32
4478,ENSG00000118513,MYB
4479,ENSG00000118514,ALDH8A1
4480,ENSG00000118515,SGK1
4481,ENSG00000118518,RNF146
4482,ENSG00000118520,ARG1
4483,ENSG00000118526,TCF21
4484,ENSG00000118557,PMFBP1
4485,ENSG00000118564,FBXL5
4486,ENSG00000118579,MED28
4487,ENSG00000118596,SLC16A7
4488,ENSG00000118640,VAMP8
4489,ENSG00000118655,DCLRE1B
4490,ENSG00000118680,MYL12B
4491,ENSG00000118689,FOXO3
4492,ENSG00000118690,ARMC2
4493,ENSG00000118702,GHRH
4494,ENSG00000118707,TGIF2
4495,ENSG00000118729,CASQ2
4496,ENSG00000118733,OLFM3
4497,ENSG00000118762,PKD2
4498,ENSG00000118777,ABCG2
4499,ENSG00000118785,SPP1
4500,ENSG00000118804,STBD1
4501,ENSG00000118816,CCNI
4502,ENSG00000118849,RARRES1
4503,ENSG00000118855,MFSD1
4504,ENSG00000118873,RAB3GAP2
4505,ENSG00000118894,EEF2KMT
4506,ENSG00000118898,PPL
4507,ENSG00000118900,UBN1
4508,ENSG00000118922,KLF12
4509,ENSG00000118939,UCHL3
4510,ENSG00000118946,PCDH17
4511,ENSG00000118960,HS1BP3
4512,ENSG00000118961,LDAH
4513,ENSG00000118965,WDR35
4514,ENSG00000118971,CCND2
4515,ENSG00000118972,FGF23
4516,ENSG00000118985,ELL2
4517,ENSG00000118997,DNAH7
4518,ENSG00000119004,CYP20A1
4519,ENSG00000119013,NDUFB3
4520,ENSG00000119041,GTF3C3
4521,ENSG00000119042,SATB2
4522,ENSG00000119048,UBE2B
4523,ENSG00000119121,TRPM6
4524,ENSG00000119125,GDA
4525,ENSG00000119138,KLF9
4526,ENSG00000119139,TJP2
4527,ENSG00000119185,ITGB1BP1
4528,ENSG00000119203,CPSF3
4529,ENSG00000119227,PIGZ
4530,ENSG00000119231,SENP5
4531,ENSG00000119242,CCDC92
4532,ENSG00000119280,C1orf198
4533,ENSG00000119283,TRIM67
4534,ENSG00000119285,HEATR1
4535,ENSG00000119314,PTBP3
4536,ENSG00000119318,RAD23B
4537,ENSG00000119321,FKBP15
4538,ENSG00000119326,CTNNAL1
4539,ENSG00000119335,SET
4540,ENSG00000119392,GLE1
4541,ENSG00000119396,RAB14
4542,ENSG00000119397,CNTRL
4543,ENSG00000119401,TRIM32
4544,ENSG00000119402,FBXW2
4545,ENSG00000119403,PHF19
4546,ENSG00000119408,NEK6
4547,ENSG00000119411,BSPRY
4548,ENSG00000119414,PPP6C
4549,ENSG00000119421,NDUFA8
4550,ENSG00000119431,HDHD3
4551,ENSG00000119446,RBM18
4552,ENSG00000119457,SLC46A2
4553,ENSG00000119471,HSDL2
4554,ENSG00000119487,MAPKAP1
4555,ENSG00000119508,NR4A3
4556,ENSG00000119509,INVS
4557,ENSG00000119514,GALNT12
4558,ENSG00000119522,DENND1A
4559,ENSG00000119523,ALG2
4560,ENSG00000119535,CSF3R
4561,ENSG00000119537,KDSR
4562,ENSG00000119541,VPS4B
4563,ENSG00000119547,ONECUT2
4564,ENSG00000119559,C19orf25
4565,ENSG00000119574,ZBTB45
4566,ENSG00000119596,YLPM1
4567,ENSG00000119599,DCAF4
4568,ENSG00000119608,PROX2
4569,ENSG00000119614,VSX2
4570,ENSG00000119616,FCF1
4571,ENSG00000119630,PGF
4572,ENSG00000119632,IFI27L2
4573,ENSG00000119636,BBOF1
4574,ENSG00000119638,NEK9
4575,ENSG00000119640,ACYP1
4576,ENSG00000119650,IFT43
4577,ENSG00000119655,NPC2
4578,ENSG00000119661,DNAL1
4579,ENSG00000119669,IRF2BPL
4580,ENSG00000119673,ACOT2
4581,ENSG00000119681,LTBP2
4582,ENSG00000119682,AREL1
4583,ENSG00000119684,MLH3
4584,ENSG00000119685,TTLL5
4585,ENSG00000119686,FLVCR2
4586,ENSG00000119688,ABCD4
4587,ENSG00000119689,DLST
4588,ENSG00000119698,PPP4R4
4589,ENSG00000119699,TGFB3
4590,ENSG00000119703,ZC2HC1C
4591,ENSG00000119705,SLIRP
4592,ENSG00000119707,RBM25
4593,ENSG00000119711,ALDH6A1
4594,ENSG00000119714,GPR68
4595,ENSG00000119715,ESRRB
4596,ENSG00000119718,EIF2B2
4597,ENSG00000119720,NRDE2
4598,ENSG00000119723,COQ6
4599,ENSG00000119725,ZNF410
4600,ENSG00000119729,RHOQ
4601,ENSG00000119737,GPR75
4602,ENSG00000119760,SUPT7L
4603,ENSG00000119771,KLHL29
4604,ENSG00000119772,DNMT3A
4605,ENSG00000119777,TMEM214
4606,ENSG00000119778,ATAD2B
4607,ENSG00000119782,FKBP1B
4608,ENSG00000119787,ATL2
4609,ENSG00000119801,YPEL5
4610,ENSG00000119812,FAM98A
4611,ENSG00000119820,YIPF4
4612,ENSG00000119844,AFTPH
4613,ENSG00000119862,LGALSL
4614,ENSG00000119865,CNRIP1
4615,ENSG00000119866,BCL11A
4616,ENSG00000119878,CRIPT
4617,ENSG00000119888,EPCAM
4618,ENSG00000119899,SLC17A5
4619,ENSG00000119900,OGFRL1
4620,ENSG00000119906,SLF2
4621,ENSG00000119912,IDE
4622,ENSG00000119913,TECTB
4623,ENSG00000119915,ELOVL3
4624,ENSG00000119917,IFIT3
4625,ENSG00000119919,NKX2-3
4626,ENSG00000119922,IFIT2
4627,ENSG00000119927,GPAM
4628,ENSG00000119929,CUTC
4629,ENSG00000119938,PPP1R3C
4630,ENSG00000119943,PYROXD2
4631,ENSG00000119946,CNNM1
4632,ENSG00000119950,MXI1
4633,ENSG00000119953,SMNDC1
4634,ENSG00000119965,C10orf88
4635,ENSG00000119969,HELLS
4636,ENSG00000119973,PRLHR
4637,ENSG00000119977,TCTN3
4638,ENSG00000119986,AVPI1
4639,ENSG00000120008,WDR11
4640,ENSG00000120049,KCNIP2
4641,ENSG00000120051,CFAP58
4642,ENSG00000120053,GOT1
4643,ENSG00000120054,CPN1
4644,ENSG00000120055,C10orf95
4645,ENSG00000120057,SFRP5
4646,ENSG00000120063,GNA13
4647,ENSG00000120068,HOXB8
4648,ENSG00000120075,HOXB5
4649,ENSG00000120093,HOXB3
4650,ENSG00000120094,HOXB1
4651,ENSG00000120129,DUSP1
4652,ENSG00000120137,PANK3
4653,ENSG00000120149,MSX2
4654,ENSG00000120156,TEK
4655,ENSG00000120158,RCL1
4656,ENSG00000120159,CAAP1
4657,ENSG00000120160,EQTN
4658,ENSG00000120162,MOB3B
4659,ENSG00000120210,INSL6
4660,ENSG00000120211,INSL4
4661,ENSG00000120215,MLANA
4662,ENSG00000120217,CD274
4663,ENSG00000120235,IFNA6
4664,ENSG00000120251,GRIA2
4665,ENSG00000120253,NUP43
4666,ENSG00000120254,MTHFD1L
4667,ENSG00000120256,LRP11
4668,ENSG00000120262,CCDC170
4669,ENSG00000120265,PCMT1
4670,ENSG00000120278,PLEKHG1
4671,ENSG00000120279,MYCT1
4672,ENSG00000120289,MAGEB4
4673,ENSG00000120306,CYSTM1
4674,ENSG00000120314,WDR55
4675,ENSG00000120318,ARAP3
4676,ENSG00000120322,PCDHB8
4677,ENSG00000120324,PCDHB10
4678,ENSG00000120327,PCDHB14
4679,ENSG00000120329,SLC25A2
4680,ENSG00000120332,TNN
4681,ENSG00000120333,MRPS14
4682,ENSG00000120334,CENPL
4683,ENSG00000120337,TNFSF18
4684,ENSG00000120341,SEC16B
4685,ENSG00000120370,GORAB
4686,ENSG00000120436,GPR31
4687,ENSG00000120437,ACAT2
4688,ENSG00000120438,TCP1
4689,ENSG00000120440,TTLL2
4690,ENSG00000120451,SNX19
4691,ENSG00000120457,KCNJ5
4692,ENSG00000120458,MSANTD2
4693,ENSG00000120471,TP53AIP1
4694,ENSG00000120498,TEX11
4695,ENSG00000120509,PDZD11
4696,ENSG00000120519,SLC10A7
4697,ENSG00000120526,NUDCD1
4698,ENSG00000120533,ENY2
4699,ENSG00000120539,MASTL
4700,ENSG00000120549,KIAA1217
4701,ENSG00000120563,LYZL1
4702,ENSG00000120594,PLXDC2
4703,ENSG00000120616,EPC1
4704,ENSG00000120645,IQSEC3
4705,ENSG00000120647,CCDC77
4706,ENSG00000120656,TAF12
4707,ENSG00000120658,ENOX1
4708,ENSG00000120659,TNFSF11
4709,ENSG00000120662,MTRF1
4710,ENSG00000120669,SOHLH2
4711,ENSG00000120675,DNAJC15
4712,ENSG00000120685,PROSER1
4713,ENSG00000120686,UFM1
4714,ENSG00000120688,WBP4
4715,ENSG00000120690,ELF1
4716,ENSG00000120693,SMAD9
4717,ENSG00000120694,HSPH1
4718,ENSG00000120696,KBTBD7
4719,ENSG00000120697,ALG5
4720,ENSG00000120699,EXOSC8
4721,ENSG00000120705,ETF1
4722,ENSG00000120708,TGFBI
4723,ENSG00000120709,FAM53C
4724,ENSG00000120725,SIL1
4725,ENSG00000120727,PAIP2
4726,ENSG00000120729,MYOT
4727,ENSG00000120733,KDM3B
4728,ENSG00000120738,EGR1
4729,ENSG00000120742,SERP1
4730,ENSG00000120756,PLS1
4731,ENSG00000120784,ZFP30
4732,ENSG00000120798,NR2C1
4733,ENSG00000120800,UTP20
4734,ENSG00000120802,TMPO
4735,ENSG00000120805,ARL1
4736,ENSG00000120820,GLT8D2
4737,ENSG00000120832,MTERF2
4738,ENSG00000120833,SOCS2
4739,ENSG00000120837,NFYB
4740,ENSG00000120868,APAF1
4741,ENSG00000120875,DUSP4
4742,ENSG00000120885,CLU
4743,ENSG00000120889,TNFRSF10B
4744,ENSG00000120896,SORBS3
4745,ENSG00000120899,PTK2B
4746,ENSG00000120903,CHRNA2
4747,ENSG00000120907,ADRA1A
4748,ENSG00000120910,PPP3CC
4749,ENSG00000120913,PDLIM2
4750,ENSG00000120915,EPHX2
4751,ENSG00000120925,RNF170
4752,ENSG00000120937,NPPB
4753,ENSG00000120942,UBIAD1
4754,ENSG00000120948,TARDBP
4755,ENSG00000120949,TNFRSF8
4756,ENSG00000120963,ZNF706
4757,ENSG00000120992,LYPLA1
4758,ENSG00000121005,CRISPLD1
4759,ENSG00000121022,COPS5
4760,ENSG00000121039,RDH10
4761,ENSG00000121053,EPX
4762,ENSG00000121057,AKAP1
4763,ENSG00000121058,COIL
4764,ENSG00000121060,TRIM25
4765,ENSG00000121064,SCPEP1
4766,ENSG00000121067,SPOP
4767,ENSG00000121068,TBX2
4768,ENSG00000121073,SLC35B1
4769,ENSG00000121075,TBX4
4770,ENSG00000121101,TEX14
4771,ENSG00000121104,FAM117A
4772,ENSG00000121152,NCAPH
4773,ENSG00000121207,LRAT
4774,ENSG00000121211,MND1
4775,ENSG00000121236,TRIM6
4776,ENSG00000121270,ABCC11
4777,ENSG00000121281,ADCY7
4778,ENSG00000121289,CEP89
4779,ENSG00000121297,TSHZ3
4780,ENSG00000121310,ECHDC2
4781,ENSG00000121316,PLBD1
4782,ENSG00000121335,PRB2
4783,ENSG00000121350,PYROXD1
4784,ENSG00000121351,IAPP
4785,ENSG00000121361,KCNJ8
4786,ENSG00000121380,BCL2L14
4787,ENSG00000121390,PSPC1
4788,ENSG00000121406,ZNF549
4789,ENSG00000121410,A1BG
4790,ENSG00000121413,ZSCAN18
4791,ENSG00000121417,ZNF211
4792,ENSG00000121440,PDZRN3
4793,ENSG00000121446,RGSL1
4794,ENSG00000121454,LHX4
4795,ENSG00000121481,RNF2
4796,ENSG00000121486,TRMT1L
4797,ENSG00000121542,SEC22A
4798,ENSG00000121552,CSTA
4799,ENSG00000121570,DPPA4
4800,ENSG00000121577,POPDC2
4801,ENSG00000121578,B4GALT4
4802,ENSG00000121579,NAA50
4803,ENSG00000121594,CD80
4804,ENSG00000121621,KIF18A
4805,ENSG00000121634,GJA8
4806,ENSG00000121644,DESI2
4807,ENSG00000121653,MAPK8IP1
4808,ENSG00000121671,CRY2
4809,ENSG00000121680,PEX16
4810,ENSG00000121690,DEPDC7
4811,ENSG00000121691,CAT
4812,ENSG00000121716,PILRB
4813,ENSG00000121741,ZMYM2
4814,ENSG00000121742,GJB6
4815,ENSG00000121743,GJA3
4816,ENSG00000121749,TBC1D15
4817,ENSG00000121753,ADGRB2
4818,ENSG00000121764,HCRTR1
4819,ENSG00000121766,ZCCHC17
4820,ENSG00000121769,FABP3
4821,ENSG00000121774,KHDRBS1
4822,ENSG00000121775,TMEM39B
4823,ENSG00000121797,CCRL2
4824,ENSG00000121807,CCR2
4825,ENSG00000121851,POLR3GL
4826,ENSG00000121853,GHSR
4827,ENSG00000121858,TNFSF10
4828,ENSG00000121864,ZNF639
4829,ENSG00000121871,SLITRK3
4830,ENSG00000121879,PIK3CA
4831,ENSG00000121892,PDS5A
4832,ENSG00000121895,TMEM156
4833,ENSG00000121897,LIAS
4834,ENSG00000121898,CPXM2
4835,ENSG00000121900,TMEM54
4836,ENSG00000121903,ZSCAN20
4837,ENSG00000121904,CSMD2
4838,ENSG00000121905,HPCA
4839,ENSG00000121931,LRIF1
4840,ENSG00000121933,TMIGD3
4841,ENSG00000121940,CLCC1
4842,ENSG00000121957,GPSM2
4843,ENSG00000121966,CXCR4
4844,ENSG00000121988,ZRANB3
4845,ENSG00000121989,ACVR2A
4846,ENSG00000122008,POLK
4847,ENSG00000122012,SV2C
4848,ENSG00000122025,FLT3
4849,ENSG00000122026,RPL21
4850,ENSG00000122033,MTIF3
4851,ENSG00000122034,GTF3A
4852,ENSG00000122035,RASL11A
4853,ENSG00000122042,UBL3
4854,ENSG00000122068,FYTTD1
4855,ENSG00000122085,MTERF4
4856,ENSG00000122121,XPNPEP2
4857,ENSG00000122122,SASH3
4858,ENSG00000122126,OCRL
4859,ENSG00000122133,PAEP
4860,ENSG00000122136,OBP2A
4861,ENSG00000122140,MRPS2
4862,ENSG00000122176,FMOD
4863,ENSG00000122180,MYOG
4864,ENSG00000122188,LAX1
4865,ENSG00000122194,PLG
4866,ENSG00000122203,KIAA1191
4867,ENSG00000122218,COPA
4868,ENSG00000122223,CD244
4869,ENSG00000122224,LY9
4870,ENSG00000122254,HS3ST2
4871,ENSG00000122257,RBBP6
4872,ENSG00000122299,ZC3H7A
4873,ENSG00000122304,PRM2
4874,ENSG00000122335,SERAC1
4875,ENSG00000122359,ANXA11
4876,ENSG00000122367,LDB3
4877,ENSG00000122375,OPN4
4878,ENSG00000122386,ZNF205
4879,ENSG00000122390,NAA60
4880,ENSG00000122406,RPL5
4881,ENSG00000122417,ODF2L
4882,ENSG00000122420,PTGFR
4883,ENSG00000122435,TRMT13
4884,ENSG00000122477,LRRC39
4885,ENSG00000122481,RWDD3
4886,ENSG00000122482,ZNF644
4887,ENSG00000122483,CCDC18
4888,ENSG00000122484,RPAP2
4889,ENSG00000122507,BBS9
4890,ENSG00000122512,PMS2
4891,ENSG00000122515,ZMIZ2
4892,ENSG00000122543,OCM
4893,ENSG00000122547,EEPD1
4894,ENSG00000122548,KIAA0087
4895,ENSG00000122550,KLHL7
4896,ENSG00000122557,HERPUD2
4897,ENSG00000122565,CBX3
4898,ENSG00000122566,HNRNPA2B1
4899,ENSG00000122574,WIPF3
4900,ENSG00000122584,NXPH1
4901,ENSG00000122585,NPY
4902,ENSG00000122592,HOXA7
4903,ENSG00000122641,INHBA
4904,ENSG00000122642,FKBP9
4905,ENSG00000122643,NT5C3A
4906,ENSG00000122644,ARL4A
4907,ENSG00000122674,CCZ1
4908,ENSG00000122678,POLM
4909,ENSG00000122679,RAMP3
4910,ENSG00000122691,TWIST1
4911,ENSG00000122692,SMU1
4912,ENSG00000122694,GLIPR2
4913,ENSG00000122696,SLC25A51
4914,ENSG00000122705,CLTA
4915,ENSG00000122707,RECK
4916,ENSG00000122711,SPINK4
4917,ENSG00000122728,TAF1L
4918,ENSG00000122729,ACO1
4919,ENSG00000122733,PHF24
4920,ENSG00000122735,DNAI1
4921,ENSG00000122741,DCAF10
4922,ENSG00000122756,CNTFR
4923,ENSG00000122778,KIAA1549
4924,ENSG00000122779,TRIM24
4925,ENSG00000122786,CALD1
4926,ENSG00000122787,AKR1D1
4927,ENSG00000122824,NUDT10
4928,ENSG00000122852,SFTPA1
4929,ENSG00000122859,NEUROG3
4930,ENSG00000122861,PLAU
4931,ENSG00000122862,SRGN
4932,ENSG00000122863,CHST3
4933,ENSG00000122870,BICC1
4934,ENSG00000122873,CISD1
4935,ENSG00000122877,EGR2
4936,ENSG00000122882,ECD
4937,ENSG00000122884,P4HA1
4938,ENSG00000122912,SLC25A16
4939,ENSG00000122952,ZWINT
4940,ENSG00000122958,VPS26A
4941,ENSG00000122965,RBM19
4942,ENSG00000122966,CIT
4943,ENSG00000122970,IFT81
4944,ENSG00000122971,ACADS
4945,ENSG00000122986,HVCN1
4946,ENSG00000123064,DDX54
4947,ENSG00000123066,MED13L
4948,ENSG00000123080,CDKN2C
4949,ENSG00000123091,RNF11
4950,ENSG00000123094,RASSF8
4951,ENSG00000123095,BHLHE41
4952,ENSG00000123096,SSPN
4953,ENSG00000123104,ITPR2
4954,ENSG00000123106,CCDC91
4955,ENSG00000123119,NECAB1
4956,ENSG00000123124,WWP1
4957,ENSG00000123130,ACOT9
4958,ENSG00000123131,PRDX4
4959,ENSG00000123136,DDX39A
4960,ENSG00000123143,PKN1
4961,ENSG00000123146,ADGRE5
4962,ENSG00000123154,WDR83
4963,ENSG00000123159,GIPC1
4964,ENSG00000123165,ACTRT1
4965,ENSG00000123171,CCDC70
4966,ENSG00000123178,SPRYD7
4967,ENSG00000123179,EBPL
4968,ENSG00000123191,ATP7B
4969,ENSG00000123200,ZC3H13
4970,ENSG00000123213,NLN
4971,ENSG00000123219,CENPK
4972,ENSG00000123240,OPTN
4973,ENSG00000123243,ITIH5
4974,ENSG00000123268,ATF1
4975,ENSG00000123297,TSFM
4976,ENSG00000123307,NEUROD4
4977,ENSG00000123329,ARHGAP9
4978,ENSG00000123338,NCKAP1L
4979,ENSG00000123342,MMP19
4980,ENSG00000123349,PFDN5
4981,ENSG00000123352,SPATS2
4982,ENSG00000123353,ORMDL2
4983,ENSG00000123358,NR4A1
4984,ENSG00000123360,PDE1B
4985,ENSG00000123364,HOXC13
4986,ENSG00000123374,CDK2
4987,ENSG00000123384,LRP1
4988,ENSG00000123388,HOXC11
4989,ENSG00000123395,ATG101
4990,ENSG00000123405,NFE2
4991,ENSG00000123407,HOXC12
4992,ENSG00000123411,IKZF4
4993,ENSG00000123415,SMUG1
4994,ENSG00000123416,TUBA1B
4995,ENSG00000123444,KBTBD4
4996,ENSG00000123453,SARDH
4997,ENSG00000123454,DBH
4998,ENSG00000123472,ATPAF1
4999,ENSG00000123473,STIL
5000,ENSG00000123485,HJURP
5001,ENSG00000123496,IL13RA2
5002,ENSG00000123500,COL10A1
5003,ENSG00000123505,AMD1
5004,ENSG00000123545,NDUFAF4
5005,ENSG00000123552,USP45
5006,ENSG00000123560,PLP1
5007,ENSG00000123561,SERPINA7
5008,ENSG00000123562,MORF4L2
5009,ENSG00000123570,RAB9B
5010,ENSG00000123572,NRK
5011,ENSG00000123575,FAM199X
5012,ENSG00000123576,ESX1
5013,ENSG00000123584,MAGEA9
5014,ENSG00000123595,RAB9A
5015,ENSG00000123600,METTL8
5016,ENSG00000123607,TTC21B
5017,ENSG00000123609,NMI
5018,ENSG00000123610,TNFAIP6
5019,ENSG00000123612,ACVR1C
5020,ENSG00000123636,BAZ2B
5021,ENSG00000123643,SLC36A1
5022,ENSG00000123684,LPGAT1
5023,ENSG00000123685,BATF3
5024,ENSG00000123689,G0S2
5025,ENSG00000123700,KCNJ2
5026,ENSG00000123728,RAP2C
5027,ENSG00000123737,EXOSC9
5028,ENSG00000123739,PLA2G12A
5029,ENSG00000123810,B9D2
5030,ENSG00000123836,PFKFB2
5031,ENSG00000123838,C4BPA
5032,ENSG00000123843,C4BPB
5033,ENSG00000123892,RAB38
5034,ENSG00000123901,GPR83
5035,ENSG00000123908,AGO2
5036,ENSG00000123933,MXD4
5037,ENSG00000123975,CKS2
5038,ENSG00000123977,DAW1
5039,ENSG00000123983,ACSL3
5040,ENSG00000123989,CHPF
5041,ENSG00000123992,DNPEP
5042,ENSG00000123999,INHA
5043,ENSG00000124003,MOGAT1
5044,ENSG00000124006,OBSL1
5045,ENSG00000124019,FAM124B
5046,ENSG00000124067,SLC12A4
5047,ENSG00000124074,ENKD1
5048,ENSG00000124089,MC3R
5049,ENSG00000124091,GCNT7
5050,ENSG00000124092,CTCFL
5051,ENSG00000124098,FAM210B
5052,ENSG00000124102,PI3
5053,ENSG00000124103,FAM209A
5054,ENSG00000124104,SNX21
5055,ENSG00000124107,SLPI
5056,ENSG00000124116,WFDC3
5057,ENSG00000124120,TTPAL
5058,ENSG00000124126,PREX1
5059,ENSG00000124134,KCNS1
5060,ENSG00000124140,SLC12A5
5061,ENSG00000124143,ARHGAP40
5062,ENSG00000124145,SDC4
5063,ENSG00000124151,NCOA3
5064,ENSG00000124155,PIGT
5065,ENSG00000124157,SEMG2
5066,ENSG00000124159,MATN4
5067,ENSG00000124160,NCOA5
5068,ENSG00000124164,VAPB
5069,ENSG00000124171,PARD6B
5070,ENSG00000124177,CHD6
5071,ENSG00000124181,PLCG1
5072,ENSG00000124191,TOX2
5073,ENSG00000124193,SRSF6
5074,ENSG00000124194,GDAP1L1
5075,ENSG00000124196,GTSF1L
5076,ENSG00000124198,ARFGEF2
5077,ENSG00000124201,ZNFX1
5078,ENSG00000124203,ZNF831
5079,ENSG00000124205,EDN3
5080,ENSG00000124207,CSE1L
5081,ENSG00000124209,RAB22A
5082,ENSG00000124212,PTGIS
5083,ENSG00000124214,STAU1
5084,ENSG00000124215,CDH26
5085,ENSG00000124216,SNAI1
5086,ENSG00000124217,MOCS3
5087,ENSG00000124222,STX16
5088,ENSG00000124225,PMEPA1
5089,ENSG00000124226,RNF114
5090,ENSG00000124227,ANKRD60
5091,ENSG00000124228,DDX27
5092,ENSG00000124232,RBPJL
5093,ENSG00000124233,SEMG1
5094,ENSG00000124243,BCAS4
5095,ENSG00000124249,KCNK15
5096,ENSG00000124251,TP53TG5
5097,ENSG00000124253,PCK1
5098,ENSG00000124256,ZBP1
5099,ENSG00000124257,NEURL2
5100,ENSG00000124260,MAGEA10
5101,ENSG00000124275,MTRR
5102,ENSG00000124279,FASTKD3
5103,ENSG00000124299,PEPD
5104,ENSG00000124302,CHST8
5105,ENSG00000124313,IQSEC2
5106,ENSG00000124333,VAMP7
5107,ENSG00000124343,XG
5108,ENSG00000124356,STAMBP
5109,ENSG00000124357,NAGK
5110,ENSG00000124370,MCEE
5111,ENSG00000124374,PAIP2B
5112,ENSG00000124380,SNRNP27
5113,ENSG00000124383,MPHOSPH10
5114,ENSG00000124391,IL17C
5115,ENSG00000124406,ATP8A1
5116,ENSG00000124422,USP22
5117,ENSG00000124429,POF1B
5118,ENSG00000124440,HIF3A
5119,ENSG00000124444,ZNF576
5120,ENSG00000124449,IRGC
5121,ENSG00000124459,ZNF45
5122,ENSG00000124466,LYPD3
5123,ENSG00000124467,PSG8
5124,ENSG00000124469,CEACAM8
5125,ENSG00000124479,NDP
5126,ENSG00000124486,USP9X
5127,ENSG00000124490,CRISP2
5128,ENSG00000124491,F13A1
5129,ENSG00000124493,GRM4
5130,ENSG00000124496,TRERF1
5131,ENSG00000124507,PACSIN1
5132,ENSG00000124508,BTN2A2
5133,ENSG00000124523,SIRT5
5134,ENSG00000124532,MRS2
5135,ENSG00000124535,WRNIP1
5136,ENSG00000124541,RRP36
5137,ENSG00000124562,SNRPC
5138,ENSG00000124564,SLC17A3
5139,ENSG00000124568,SLC17A1
5140,ENSG00000124570,SERPINB6
5141,ENSG00000124571,XPO5
5142,ENSG00000124574,ABCC10
5143,ENSG00000124587,PEX6
5144,ENSG00000124588,NQO2
5145,ENSG00000124596,OARD1
5146,ENSG00000124602,UNC5CL
5147,ENSG00000124608,AARS2
5148,ENSG00000124613,ZNF391
5149,ENSG00000124614,RPS10
5150,ENSG00000124615,MOCS1
5151,ENSG00000124641,MED20
5152,ENSG00000124657,OR2B6
5153,ENSG00000124659,TBCC
5154,ENSG00000124664,SPDEF
5155,ENSG00000124678,TCP11
5156,ENSG00000124688,MAD2L1BP
5157,ENSG00000124701,APOBEC2
5158,ENSG00000124702,KLHDC3
5159,ENSG00000124713,GNMT
5160,ENSG00000124721,DNAH8
5161,ENSG00000124731,TREM1
5162,ENSG00000124733,MEA1
5163,ENSG00000124743,KLHL31
5164,ENSG00000124749,COL21A1
5165,ENSG00000124762,CDKN1A
5166,ENSG00000124766,SOX4
5167,ENSG00000124767,GLO1
5168,ENSG00000124772,CPNE5
5169,ENSG00000124780,KCNK17
5170,ENSG00000124782,RREB1
5171,ENSG00000124783,SSR1
5172,ENSG00000124784,RIOK1
5173,ENSG00000124785,NRN1
5174,ENSG00000124786,SLC35B3
5175,ENSG00000124787,RPP40
5176,ENSG00000124788,ATXN1
5177,ENSG00000124789,NUP153
5178,ENSG00000124795,DEK
5179,ENSG00000124802,EEF1E1
5180,ENSG00000124812,CRISP1
5181,ENSG00000124813,RUNX2
5182,ENSG00000124818,OPN5
5183,ENSG00000124827,GCM2
5184,ENSG00000124831,LRRFIP1
5185,ENSG00000124839,RAB17
5186,ENSG00000124875,CXCL6
5187,ENSG00000124882,EREG
5188,ENSG00000124900,TRIM51
5189,ENSG00000124920,MYRF
5190,ENSG00000124935,SCGB1D2
5191,ENSG00000124939,SCGB2A1
5192,ENSG00000124942,AHNAK
5193,ENSG00000125037,EMC3
5194,ENSG00000125046,SSUH2
5195,ENSG00000125084,WNT1
5196,ENSG00000125089,SH3TC1
5197,ENSG00000125107,CNOT1
5198,ENSG00000125124,BBS2
5199,ENSG00000125144,MT1G
5200,ENSG00000125148,MT2A
5201,ENSG00000125166,GOT2
5202,ENSG00000125170,DOK4
5203,ENSG00000125207,PIWIL1
5204,ENSG00000125245,GPR18
5205,ENSG00000125246,CLYBL
5206,ENSG00000125247,TMTC4
5207,ENSG00000125249,RAP2A
5208,ENSG00000125255,SLC10A2
5209,ENSG00000125257,ABCC4
5210,ENSG00000125266,EFNB2
5211,ENSG00000125285,SOX21
5212,ENSG00000125304,TM9SF2
5213,ENSG00000125337,KIF25
5214,ENSG00000125347,IRF1
5215,ENSG00000125351,UPF3B
5216,ENSG00000125352,RNF113A
5217,ENSG00000125355,TMEM255A
5218,ENSG00000125356,NDUFA1
5219,ENSG00000125363,AMELX
5220,ENSG00000125378,BMP4
5221,ENSG00000125384,PTGER2
5222,ENSG00000125386,FAM193A
5223,ENSG00000125388,GRK4
5224,ENSG00000125398,SOX9
5225,ENSG00000125409,TEKT3
5226,ENSG00000125414,MYH2
5227,ENSG00000125430,HS3ST3B1
5228,ENSG00000125434,SLC25A35
5229,ENSG00000125445,MRPS7
5230,ENSG00000125447,GGA3
5231,ENSG00000125449,ARMC7
5232,ENSG00000125450,NUP85
5233,ENSG00000125454,SLC25A19
5234,ENSG00000125457,MIF4GD
5235,ENSG00000125458,NT5C
5236,ENSG00000125459,MSTO1
5237,ENSG00000125482,TTF1
5238,ENSG00000125484,GTF3C4
5239,ENSG00000125485,DDX31
5240,ENSG00000125492,BARHL1
5241,ENSG00000125503,PPP1R12C
5242,ENSG00000125508,SRMS
5243,ENSG00000125520,SLC2A4RG
5244,ENSG00000125533,BHLHE23
5245,ENSG00000125534,PPDPF
5246,ENSG00000125538,IL1B
5247,ENSG00000125551,PLGLB2
5248,ENSG00000125571,IL37
5249,ENSG00000125611,CHCHD5
5250,ENSG00000125618,PAX8
5251,ENSG00000125629,INSIG2
5252,ENSG00000125630,POLR1B
5253,ENSG00000125633,CCDC93
5254,ENSG00000125637,PSD4
5255,ENSG00000125648,SLC25A23
5256,ENSG00000125650,PSPN
5257,ENSG00000125651,GTF2F1
5258,ENSG00000125652,ALKBH7
5259,ENSG00000125656,CLPP
5260,ENSG00000125657,TNFSF9
5261,ENSG00000125675,GRIA3
5262,ENSG00000125676,THOC2
5263,ENSG00000125686,MED1
5264,ENSG00000125691,RPL23
5265,ENSG00000125703,ATG4C
5266,ENSG00000125726,CD70
5267,ENSG00000125730,C3
5268,ENSG00000125731,SH2D3A
5269,ENSG00000125733,TRIP10
5270,ENSG00000125734,GPR108
5271,ENSG00000125735,TNFSF14
5272,ENSG00000125740,FOSB
5273,ENSG00000125741,OPA3
5274,ENSG00000125743,SNRPD2
5275,ENSG00000125744,RTN2
5276,ENSG00000125746,EML2
5277,ENSG00000125753,VASP
5278,ENSG00000125755,SYMPK
5279,ENSG00000125772,GPCPD1
5280,ENSG00000125775,SDCBP2
5281,ENSG00000125779,PANK2
5282,ENSG00000125780,TGM3
5283,ENSG00000125787,GNRH2
5284,ENSG00000125788,DEFB126
5285,ENSG00000125798,FOXA2
5286,ENSG00000125810,CD93
5287,ENSG00000125812,GZF1
5288,ENSG00000125813,PAX1
5289,ENSG00000125814,NAPB
5290,ENSG00000125815,CST8
5291,ENSG00000125816,NKX2-4
5292,ENSG00000125817,CENPB
5293,ENSG00000125818,PSMF1
5294,ENSG00000125820,NKX2-2
5295,ENSG00000125821,DTD1
5296,ENSG00000125823,CSTL1
5297,ENSG00000125826,RBCK1
5298,ENSG00000125827,TMX4
5299,ENSG00000125831,CST11
5300,ENSG00000125834,STK35
5301,ENSG00000125835,SNRPB
5302,ENSG00000125841,NRSN2
5303,ENSG00000125843,AP5S1
5304,ENSG00000125844,RRBP1
5305,ENSG00000125845,BMP2
5306,ENSG00000125846,ZNF133
5307,ENSG00000125848,FLRT3
5308,ENSG00000125850,OVOL2
5309,ENSG00000125851,PCSK2
5310,ENSG00000125861,GFRA4
5311,ENSG00000125863,MKKS
5312,ENSG00000125864,BFSP1
5313,ENSG00000125868,DSTN
5314,ENSG00000125869,LAMP5
5315,ENSG00000125870,SNRPB2
5316,ENSG00000125871,MGME1
5317,ENSG00000125872,LRRN4
5318,ENSG00000125875,TBC1D20
5319,ENSG00000125877,ITPA
5320,ENSG00000125878,TCF15
5321,ENSG00000125879,OTOR
5322,ENSG00000125885,MCM8
5323,ENSG00000125888,BANF2
5324,ENSG00000125895,TMEM74B
5325,ENSG00000125898,FAM110A
5326,ENSG00000125900,SIRPD
5327,ENSG00000125901,MRPS26
5328,ENSG00000125910,S1PR4
5329,ENSG00000125912,NCLN
5330,ENSG00000125931,CITED1
5331,ENSG00000125945,ZNF436
5332,ENSG00000125952,MAX
5333,ENSG00000125954,CHURC1-FNTB
5334,ENSG00000125962,ARMCX5
5335,ENSG00000125965,GDF5
5336,ENSG00000125966,MMP24
5337,ENSG00000125967,NECAB3
5338,ENSG00000125968,ID1
5339,ENSG00000125970,RALY
5340,ENSG00000125971,DYNLRB1
5341,ENSG00000125977,EIF2S2
5342,ENSG00000125991,ERGIC3
5343,ENSG00000125995,ROMO1
5344,ENSG00000125998,FAM83C
5345,ENSG00000125999,BPIFB1
5346,ENSG00000126001,CEP250
5347,ENSG00000126003,PLAGL2
5348,ENSG00000126010,GRPR
5349,ENSG00000126012,KDM5C
5350,ENSG00000126016,AMOT
5351,ENSG00000126062,TMEM115
5352,ENSG00000126067,PSMB2
5353,ENSG00000126070,AGO3
5354,ENSG00000126088,UROD
5355,ENSG00000126091,ST3GAL3
5356,ENSG00000126106,TMEM53
5357,ENSG00000126107,HECTD3
5358,ENSG00000126214,KLC1
5359,ENSG00000126215,XRCC3
5360,ENSG00000126216,TUBGCP3
5361,ENSG00000126217,MCF2L
5362,ENSG00000126218,F10
5363,ENSG00000126226,PCID2
5364,ENSG00000126231,PROZ
5365,ENSG00000126233,SLURP1
5366,ENSG00000126243,LRFN3
5367,ENSG00000126246,IGFLR1
5368,ENSG00000126247,CAPNS1
5369,ENSG00000126249,PDCD2L
5370,ENSG00000126251,GPR42
5371,ENSG00000126254,RBM42
5372,ENSG00000126259,KIRREL2
5373,ENSG00000126261,UBA2
5374,ENSG00000126262,FFAR2
5375,ENSG00000126264,HCST
5376,ENSG00000126266,FFAR1
5377,ENSG00000126267,COX6B1
5378,ENSG00000126337,KRT36
5379,ENSG00000126351,THRA
5380,ENSG00000126353,CCR7
5381,ENSG00000126368,NR1D1
5382,ENSG00000126391,FRMD8
5383,ENSG00000126432,PRDX5
5384,ENSG00000126453,BCL2L12
5385,ENSG00000126456,IRF3
5386,ENSG00000126457,PRMT1
5387,ENSG00000126458,RRAS
5388,ENSG00000126460,PRRG2
5389,ENSG00000126461,SCAF1
5390,ENSG00000126464,PRR12
5391,ENSG00000126467,TSKS
5392,ENSG00000126500,FLRT1
5393,ENSG00000126522,ASL
5394,ENSG00000126524,SBDS
5395,ENSG00000126545,CSN1S1
5396,ENSG00000126550,HTN1
5397,ENSG00000126561,STAT5A
5398,ENSG00000126562,WNK4
5399,ENSG00000126581,BECN1
5400,ENSG00000126583,PRKCG
5401,ENSG00000126602,TRAP1
5402,ENSG00000126603,GLIS2
5403,ENSG00000126653,NSRP1
5404,ENSG00000126698,DNAJC8
5405,ENSG00000126705,AHDC1
5406,ENSG00000126709,IFI6
5407,ENSG00000126733,DACH2
5408,ENSG00000126746,ZNF384
5409,ENSG00000126749,EMG1
5410,ENSG00000126752,SSX1
5411,ENSG00000126756,UXT
5412,ENSG00000126759,CFP
5413,ENSG00000126767,ELK1
5414,ENSG00000126775,ATG14
5415,ENSG00000126777,KTN1
5416,ENSG00000126778,SIX1
5417,ENSG00000126785,RHOJ
5418,ENSG00000126787,DLGAP5
5419,ENSG00000126790,L3HYPDH
5420,ENSG00000126803,HSPA2
5421,ENSG00000126804,ZBTB1
5422,ENSG00000126814,TRMT5
5423,ENSG00000126822,PLEKHG3
5424,ENSG00000126838,PZP
5425,ENSG00000126856,PRDM7
5426,ENSG00000126858,RHOT1
5427,ENSG00000126860,EVI2A
5428,ENSG00000126878,AIF1L
5429,ENSG00000126882,FAM78A
5430,ENSG00000126883,NUP214
5431,ENSG00000126890,CTAG2
5432,ENSG00000126895,AVPR2
5433,ENSG00000126903,SLC10A3
5434,ENSG00000126934,MAP2K2
5435,ENSG00000126945,HNRNPH2
5436,ENSG00000126947,ARMCX1
5437,ENSG00000126952,NXF5
5438,ENSG00000126953,TIMM8A
5439,ENSG00000126970,ZC4H2
5440,ENSG00000127074,RGS13
5441,ENSG00000127080,IPPK
5442,ENSG00000127081,ZNF484
5443,ENSG00000127083,OMD
5444,ENSG00000127084,FGD3
5445,ENSG00000127124,HIVEP3
5446,ENSG00000127125,PPCS
5447,ENSG00000127129,EDN2
5448,ENSG00000127152,BCL11B
5449,ENSG00000127184,COX7C
5450,ENSG00000127191,TRAF2
5451,ENSG00000127220,ABHD8
5452,ENSG00000127241,MASP1
5453,ENSG00000127249,ATP13A4
5454,ENSG00000127311,HELB
5455,ENSG00000127314,RAP1B
5456,ENSG00000127318,IL22
5457,ENSG00000127324,TSPAN8
5458,ENSG00000127325,BEST3
5459,ENSG00000127328,RAB3IP
5460,ENSG00000127329,PTPRB
5461,ENSG00000127334,DYRK2
5462,ENSG00000127337,YEATS4
5463,ENSG00000127362,TAS2R3
5464,ENSG00000127364,TAS2R4
5465,ENSG00000127366,TAS2R5
5466,ENSG00000127377,CRYGN
5467,ENSG00000127399,LRRC61
5468,ENSG00000127412,TRPV5
5469,ENSG00000127415,IDUA
5470,ENSG00000127418,FGFRL1
5471,ENSG00000127419,TMEM175
5472,ENSG00000127423,AUNIP
5473,ENSG00000127445,PIN1
5474,ENSG00000127452,FBXL12
5475,ENSG00000127463,EMC1
5476,ENSG00000127472,PLA2G5
5477,ENSG00000127481,UBR4
5478,ENSG00000127483,HP1BP3
5479,ENSG00000127507,ADGRE2
5480,ENSG00000127511,SIN3B
5481,ENSG00000127526,SLC35E1
5482,ENSG00000127527,EPS15L1
5483,ENSG00000127528,KLF2
5484,ENSG00000127530,OR7C1
5485,ENSG00000127533,F2RL3
5486,ENSG00000127540,UQCR11
5487,ENSG00000127554,GFER
5488,ENSG00000127561,SYNGR3
5489,ENSG00000127564,PKMYT1
5490,ENSG00000127578,WFIKKN1
5491,ENSG00000127580,WDR24
5492,ENSG00000127585,FBXL16
5493,ENSG00000127586,CHTF18
5494,ENSG00000127588,GNG13
5495,ENSG00000127603,MACF1
5496,ENSG00000127616,SMARCA4
5497,ENSG00000127663,KDM4B
5498,ENSG00000127666,TICAM1
5499,ENSG00000127720,METTL25
5500,ENSG00000127743,IL17B
5501,ENSG00000127774,EMC6
5502,ENSG00000127804,METTL16
5503,ENSG00000127824,TUBA4A
5504,ENSG00000127831,VIL1
5505,ENSG00000127837,AAMP
5506,ENSG00000127838,PNKD
5507,ENSG00000127863,TNFRSF19
5508,ENSG00000127870,RNF6
5509,ENSG00000127884,ECHS1
5510,ENSG00000127903,ZNF835
5511,ENSG00000127914,AKAP9
5512,ENSG00000127920,GNG11
5513,ENSG00000127928,GNGT1
5514,ENSG00000127946,HIP1
5515,ENSG00000127947,PTPN12
5516,ENSG00000127948,POR
5517,ENSG00000127951,FGL2
5518,ENSG00000127952,STYXL1
5519,ENSG00000127954,STEAP4
5520,ENSG00000127955,GNAI1
5521,ENSG00000127980,PEX1
5522,ENSG00000127989,MTERF1
5523,ENSG00000127990,SGCE
5524,ENSG00000127993,RBM48
5525,ENSG00000127995,CASD1
5526,ENSG00000128011,LRFN1
5527,ENSG00000128016,ZFP36
5528,ENSG00000128039,SRD5A3
5529,ENSG00000128040,SPINK2
5530,ENSG00000128045,RASL11B
5531,ENSG00000128050,PAICS
5532,ENSG00000128052,KDR
5533,ENSG00000128059,PPAT
5534,ENSG00000128159,TUBGCP6
5535,ENSG00000128165,ADM2
5536,ENSG00000128185,DGCR6L
5537,ENSG00000128191,DGCR8
5538,ENSG00000128203,ASPHD2
5539,ENSG00000128218,VPREB3
5540,ENSG00000128228,SDF2L1
5541,ENSG00000128242,GAL3ST1
5542,ENSG00000128245,YWHAH
5543,ENSG00000128250,RFPL1
5544,ENSG00000128253,RFPL2
5545,ENSG00000128266,GNAZ
5546,ENSG00000128268,MGAT3
5547,ENSG00000128271,ADORA2A
5548,ENSG00000128272,ATF4
5549,ENSG00000128274,A4GALT
5550,ENSG00000128276,RFPL3
5551,ENSG00000128283,CDC42EP1
5552,ENSG00000128284,APOL3
5553,ENSG00000128285,MCHR1
5554,ENSG00000128294,TPST2
5555,ENSG00000128298,BAIAP2L2
5556,ENSG00000128309,MPST
5557,ENSG00000128310,GALR3
5558,ENSG00000128311,TST
5559,ENSG00000128322,IGLL1
5560,ENSG00000128335,APOL2
5561,ENSG00000128340,RAC2
5562,ENSG00000128342,LIF
5563,ENSG00000128346,C22orf23
5564,ENSG00000128394,APOBEC3F
5565,ENSG00000128408,RIBC2
5566,ENSG00000128422,KRT17
5567,ENSG00000128463,EMC4
5568,ENSG00000128482,RNF112
5569,ENSG00000128487,SPECC1
5570,ENSG00000128510,CPA4
5571,ENSG00000128512,DOCK4
5572,ENSG00000128513,POT1
5573,ENSG00000128524,ATP6V1F
5574,ENSG00000128534,LSM8
5575,ENSG00000128536,CDHR3
5576,ENSG00000128563,PRKRIP1
5577,ENSG00000128564,VGF
5578,ENSG00000128567,PODXL
5579,ENSG00000128573,FOXP2
5580,ENSG00000128578,STRIP2
5581,ENSG00000128581,IFT22
5582,ENSG00000128585,MKLN1
5583,ENSG00000128590,DNAJB9
5584,ENSG00000128591,FLNC
5585,ENSG00000128594,LRRC4
5586,ENSG00000128595,CALU
5587,ENSG00000128596,CCDC136
5588,ENSG00000128602,SMO
5589,ENSG00000128604,IRF5
5590,ENSG00000128606,LRRC17
5591,ENSG00000128607,KLHDC10
5592,ENSG00000128609,NDUFA5
5593,ENSG00000128610,FEZF1
5594,ENSG00000128617,OPN1SW
5595,ENSG00000128626,MRPS12
5596,ENSG00000128641,MYO1B
5597,ENSG00000128645,HOXD1
5598,ENSG00000128652,HOXD3
5599,ENSG00000128654,MTX2
5600,ENSG00000128655,PDE11A
5601,ENSG00000128656,CHN1
5602,ENSG00000128683,GAD1
5603,ENSG00000128694,OSGEPL1
5604,ENSG00000128699,ORMDL1
5605,ENSG00000128709,HOXD9
5606,ENSG00000128710,HOXD10
5607,ENSG00000128713,HOXD11
5608,ENSG00000128714,HOXD13
5609,ENSG00000128739,SNRPN
5610,ENSG00000128789,PSMG2
5611,ENSG00000128791,TWSG1
5612,ENSG00000128805,ARHGAP22
5613,ENSG00000128815,WDFY4
5614,ENSG00000128829,EIF2AK4
5615,ENSG00000128833,MYO5C
5616,ENSG00000128849,CGNL1
5617,ENSG00000128872,TMOD2
5618,ENSG00000128881,TTBK2
5619,ENSG00000128886,ELL3
5620,ENSG00000128908,INO80
5621,ENSG00000128915,ICE2
5622,ENSG00000128917,DLL4
5623,ENSG00000128918,ALDH1A2
5624,ENSG00000128928,IVD
5625,ENSG00000128944,KNSTRN
5626,ENSG00000128951,DUT
5627,ENSG00000128965,CHAC1
5628,ENSG00000128973,CLN6
5629,ENSG00000128989,ARPP19
5630,ENSG00000129003,VPS13C
5631,ENSG00000129007,CALML4
5632,ENSG00000129009,ISLR
5633,ENSG00000129028,THAP10
5634,ENSG00000129038,LOXL1
5635,ENSG00000129048,ACKR4
5636,ENSG00000129055,ANAPC13
5637,ENSG00000129071,MBD4
5638,ENSG00000129083,COPB1
5639,ENSG00000129084,PSMA1
5640,ENSG00000129103,SUMF2
5641,ENSG00000129116,PALLD
5642,ENSG00000129128,SPCS3
5643,ENSG00000129151,BBOX1
5644,ENSG00000129152,MYOD1
5645,ENSG00000129158,SERGEF
5646,ENSG00000129159,KCNC1
5647,ENSG00000129167,TPH1
5648,ENSG00000129170,CSRP3
5649,ENSG00000129173,E2F8
5650,ENSG00000129187,DCTD
5651,ENSG00000129194,SOX15
5652,ENSG00000129197,RPAIN
5653,ENSG00000129204,USP6
5654,ENSG00000129214,SHBG
5655,ENSG00000129219,PLD2
5656,ENSG00000129221,AIPL1
5657,ENSG00000129226,CD68
5658,ENSG00000129235,TXNDC17
5659,ENSG00000129244,ATP1B2
5660,ENSG00000129245,FXR2
5661,ENSG00000129250,KIF1C
5662,ENSG00000129255,MPDU1
5663,ENSG00000129292,PHF20L1
5664,ENSG00000129315,CCNT1
5665,ENSG00000129317,PUS7L
5666,ENSG00000129347,KRI1
5667,ENSG00000129351,ILF3
5668,ENSG00000129353,SLC44A2
5669,ENSG00000129354,AP1M2
5670,ENSG00000129355,CDKN2D
5671,ENSG00000129422,MTUS1
5672,ENSG00000129437,KLK14
5673,ENSG00000129450,SIGLEC9
5674,ENSG00000129451,KLK10
5675,ENSG00000129455,KLK8
5676,ENSG00000129460,NGDN
5677,ENSG00000129467,ADCY4
5678,ENSG00000129472,RAB2B
5679,ENSG00000129473,BCL2L2
5680,ENSG00000129474,AJUBA
5681,ENSG00000129480,DTD2
5682,ENSG00000129493,HEATR5A
5683,ENSG00000129514,FOXA1
5684,ENSG00000129515,SNX6
5685,ENSG00000129518,EAPP
5686,ENSG00000129521,EGLN3
5687,ENSG00000129534,MIS18BP1
5688,ENSG00000129538,RNASE1
5689,ENSG00000129562,DAD1
5690,ENSG00000129595,EPB41L4A
5691,ENSG00000129596,CDO1
5692,ENSG00000129625,REEP5
5693,ENSG00000129636,ITFG1
5694,ENSG00000129646,QRICH2
5695,ENSG00000129654,FOXJ1
5696,ENSG00000129657,SEC14L1
5697,ENSG00000129667,RHBDF2
5698,ENSG00000129673,AANAT
5699,ENSG00000129675,ARHGEF6
5700,ENSG00000129680,MAP7D3
5701,ENSG00000129682,FGF13
5702,ENSG00000129691,ASH2L
5703,ENSG00000129696,TTI2
5704,ENSG00000129744,ART1
5705,ENSG00000129749,CHRNA10
5706,ENSG00000129824,RPS4Y1
5707,ENSG00000129910,CDH15
5708,ENSG00000129911,KLF16
5709,ENSG00000129932,DOHH
5710,ENSG00000129933,MAU2
5711,ENSG00000129946,SHC2
5712,ENSG00000129965,INS-IGF2
5713,ENSG00000129968,ABHD17A
5714,ENSG00000129988,LBP
5715,ENSG00000129990,SYT5
5716,ENSG00000129991,TNNI3
5717,ENSG00000129993,CBFA2T3
5718,ENSG00000130005,GAMT
5719,ENSG00000130021,PUDP
5720,ENSG00000130023,ERMARD
5721,ENSG00000130024,PHF10
5722,ENSG00000130032,PRRG3
5723,ENSG00000130035,GALNT8
5724,ENSG00000130037,KCNA5
5725,ENSG00000130038,CRACR2A
5726,ENSG00000130045,NXNL2
5727,ENSG00000130052,STARD8
5728,ENSG00000130055,GDPD2
5729,ENSG00000130066,SAT1
5730,ENSG00000130119,GNL3L
5731,ENSG00000130147,SH3BP4
5732,ENSG00000130150,MOSPD2
5733,ENSG00000130158,DOCK6
5734,ENSG00000130159,ECSIT
5735,ENSG00000130164,LDLR
5736,ENSG00000130165,ELOF1
5737,ENSG00000130167,TSPAN16
5738,ENSG00000130173,ANGPTL8
5739,ENSG00000130175,PRKCSH
5740,ENSG00000130176,CNN1
5741,ENSG00000130177,CDC16
5742,ENSG00000130182,ZSCAN10
5743,ENSG00000130193,THEM6
5744,ENSG00000130203,APOE
5745,ENSG00000130204,TOMM40
5746,ENSG00000130208,APOC1
5747,ENSG00000130222,GADD45G
5748,ENSG00000130224,LRCH2
5749,ENSG00000130226,DPP6
5750,ENSG00000130227,XPO7
5751,ENSG00000130234,ACE2
5752,ENSG00000130244,FAM98C
5753,ENSG00000130254,SAFB2
5754,ENSG00000130255,RPL36
5755,ENSG00000130270,ATP8B3
5756,ENSG00000130287,NCAN
5757,ENSG00000130294,KIF1A
5758,ENSG00000130299,GTPBP3
5759,ENSG00000130300,PLVAP
5760,ENSG00000130303,BST2
5761,ENSG00000130304,SLC27A1
5762,ENSG00000130305,NSUN5
5763,ENSG00000130307,USHBP1
5764,ENSG00000130309,COLGALT1
5765,ENSG00000130311,DDA1
5766,ENSG00000130312,MRPL34
5767,ENSG00000130313,PGLS
5768,ENSG00000130332,LSM7
5769,ENSG00000130338,TULP4
5770,ENSG00000130340,SNX9
5771,ENSG00000130347,RTN4IP1
5772,ENSG00000130348,QRSL1
5773,ENSG00000130363,RSPH3
5774,ENSG00000130368,MAS1
5775,ENSG00000130377,ACSBG2
5776,ENSG00000130382,MLLT1
5777,ENSG00000130383,FUT5
5778,ENSG00000130385,BMP15
5779,ENSG00000130413,STK33
5780,ENSG00000130414,NDUFA10
5781,ENSG00000130427,EPO
5782,ENSG00000130429,ARPC1B
5783,ENSG00000130433,CACNG6
5784,ENSG00000130449,ZSWIM6
5785,ENSG00000130475,FCHO1
5786,ENSG00000130477,UNC13A
5787,ENSG00000130479,MAP1S
5788,ENSG00000130487,KLHDC7B
5789,ENSG00000130508,PXDN
5790,ENSG00000130511,SSBP4
5791,ENSG00000130513,GDF15
5792,ENSG00000130517,PGPEP1
5793,ENSG00000130520,LSM4
5794,ENSG00000130522,JUND
5795,ENSG00000130528,HRC
5796,ENSG00000130529,TRPM4
5797,ENSG00000130538,OR11H1
5798,ENSG00000130540,SULT4A1
5799,ENSG00000130544,ZNF557
5800,ENSG00000130545,CRB3
5801,ENSG00000130558,OLFM1
5802,ENSG00000130559,CAMSAP1
5803,ENSG00000130560,UBAC1
5804,ENSG00000130561,SAG
5805,ENSG00000130584,ZBTB46
5806,ENSG00000130589,HELZ2
5807,ENSG00000130590,SAMD10
5808,ENSG00000130592,LSP1
5809,ENSG00000130598,TNNI2
5810,ENSG00000130635,COL5A1
5811,ENSG00000130638,ATXN10
5812,ENSG00000130640,TUBGCP2
5813,ENSG00000130643,CALY
5814,ENSG00000130649,CYP2E1
5815,ENSG00000130653,PNPLA7
5816,ENSG00000130656,HBZ
5817,ENSG00000130669,PAK4
5818,ENSG00000130675,MNX1
5819,ENSG00000130684,ZNF337
5820,ENSG00000130695,CEP85
5821,ENSG00000130700,GATA5
5822,ENSG00000130701,RBBP8NL
5823,ENSG00000130702,LAMA5
5824,ENSG00000130703,OSBPL2
5825,ENSG00000130706,ADRM1
5826,ENSG00000130707,ASS1
5827,ENSG00000130711,PRDM12
5828,ENSG00000130713,EXOSC2
5829,ENSG00000130714,POMT1
5830,ENSG00000130717,UCK1
5831,ENSG00000130720,FIBCD1
5832,ENSG00000130724,CHMP2A
5833,ENSG00000130725,UBE2M
5834,ENSG00000130726,TRIM28
5835,ENSG00000130733,YIPF2
5836,ENSG00000130734,ATG4D
5837,ENSG00000130741,EIF2S3
5838,ENSG00000130748,TMEM160
5839,ENSG00000130749,ZC3H4
5840,ENSG00000130751,NPAS1
5841,ENSG00000130758,MAP3K10
5842,ENSG00000130762,ARHGEF16
5843,ENSG00000130764,LRRC47
5844,ENSG00000130768,SMPDL3B
5845,ENSG00000130772,MED18
5846,ENSG00000130775,THEMIS2
5847,ENSG00000130779,CLIP1
5848,ENSG00000130783,CCDC62
5849,ENSG00000130787,HIP1R
5850,ENSG00000130803,ZNF317
5851,ENSG00000130810,PPAN
5852,ENSG00000130811,EIF3G
5853,ENSG00000130812,ANGPTL6
5854,ENSG00000130816,DNMT1
5855,ENSG00000130818,ZNF426
5856,ENSG00000130821,SLC6A8
5857,ENSG00000130822,PNCK
5858,ENSG00000130826,DKC1
5859,ENSG00000130827,PLXNA3
5860,ENSG00000130829,DUSP9
5861,ENSG00000130830,MPP1
5862,ENSG00000130844,ZNF331
5863,ENSG00000130856,ZNF236
5864,ENSG00000130876,SLC7A10
5865,ENSG00000130881,LRP3
5866,ENSG00000130935,NOL11
5867,ENSG00000130939,UBE4B
5868,ENSG00000130940,CASZ1
5869,ENSG00000130943,PKDREJ
5870,ENSG00000130948,HSD17B3
5871,ENSG00000130950,NUTM2F
5872,ENSG00000130956,HABP4
5873,ENSG00000130957,FBP2
5874,ENSG00000130958,SLC35D2
5875,ENSG00000130962,PRRG1
5876,ENSG00000130985,UBA1
5877,ENSG00000130988,RGN
5878,ENSG00000130997,POLN
5879,ENSG00000131007,TTTY9B
5880,ENSG00000131013,PPIL4
5881,ENSG00000131015,ULBP2
5882,ENSG00000131016,AKAP12
5883,ENSG00000131018,SYNE1
5884,ENSG00000131019,ULBP3
5885,ENSG00000131023,LATS1
5886,ENSG00000131037,EPS8L1
5887,ENSG00000131043,AAR2
5888,ENSG00000131044,TTLL9
5889,ENSG00000131050,BPIFA2
5890,ENSG00000131051,RBM39
5891,ENSG00000131055,COX4I2
5892,ENSG00000131059,BPIFA3
5893,ENSG00000131061,ZNF341
5894,ENSG00000131067,GGT7
5895,ENSG00000131068,DEFB118
5896,ENSG00000131069,ACSS2
5897,ENSG00000131080,EDA2R
5898,ENSG00000131089,ARHGEF9
5899,ENSG00000131094,C1QL1
5900,ENSG00000131095,GFAP
5901,ENSG00000131096,PYY
5902,ENSG00000131097,HIGD1B
5903,ENSG00000131100,ATP6V1E1
5904,ENSG00000131115,ZNF227
5905,ENSG00000131116,ZNF428
5906,ENSG00000131126,TEX101
5907,ENSG00000131127,ZNF141
5908,ENSG00000131142,CCL25
5909,ENSG00000131143,COX4I1
5910,ENSG00000131148,EMC8
5911,ENSG00000131149,GSE1
5912,ENSG00000131153,GINS2
5913,ENSG00000131165,CHMP1A
5914,ENSG00000131171,SH3BGRL
5915,ENSG00000131174,COX7B
5916,ENSG00000131183,SLC34A1
5917,ENSG00000131187,F12
5918,ENSG00000131188,PRR7
5919,ENSG00000131196,NFATC1
5920,ENSG00000131203,IDO1
5921,ENSG00000131233,GJA9
5922,ENSG00000131236,CAP1
5923,ENSG00000131238,PPT1
5924,ENSG00000131242,RAB11FIP4
5925,ENSG00000131263,RLIM
5926,ENSG00000131269,ABCB7
5927,ENSG00000131323,TRAF3
5928,ENSG00000131351,HAUS8
5929,ENSG00000131355,ADGRE3
5930,ENSG00000131368,MRPS25
5931,ENSG00000131370,SH3BP5
5932,ENSG00000131373,HACL1
5933,ENSG00000131374,TBC1D5
5934,ENSG00000131375,CAPN7
5935,ENSG00000131378,RFTN1
5936,ENSG00000131379,C3orf20
5937,ENSG00000131381,RBSN
5938,ENSG00000131386,GALNT15
5939,ENSG00000131389,SLC6A6
5940,ENSG00000131398,KCNC3
5941,ENSG00000131400,NAPSA
5942,ENSG00000131408,NR1H2
5943,ENSG00000131409,LRRC4B
5944,ENSG00000131435,PDLIM4
5945,ENSG00000131437,KIF3A
5946,ENSG00000131446,MGAT1
5947,ENSG00000131459,GFPT2
5948,ENSG00000131462,TUBG1
5949,ENSG00000131467,PSME3
5950,ENSG00000131469,RPL27
5951,ENSG00000131470,PSMC3IP
5952,ENSG00000131471,AOC3
5953,ENSG00000131473,ACLY
5954,ENSG00000131475,VPS25
5955,ENSG00000131477,RAMP2
5956,ENSG00000131480,AOC2
5957,ENSG00000131495,NDUFA2
5958,ENSG00000131503,ANKHD1
5959,ENSG00000131504,DIAPH1
5960,ENSG00000131507,NDFIP1
5961,ENSG00000131508,UBE2D2
5962,ENSG00000131558,EXOC4
5963,ENSG00000131584,ACAP3
5964,ENSG00000131591,C1orf159
5965,ENSG00000131620,ANO1
5966,ENSG00000131634,TMEM204
5967,ENSG00000131650,KREMEN2
5968,ENSG00000131652,THOC6
5969,ENSG00000131653,TRAF7
5970,ENSG00000131668,BARX1
5971,ENSG00000131669,NINJ1
5972,ENSG00000131686,CA6
5973,ENSG00000131697,NPHP4
5974,ENSG00000131711,MAP1B
5975,ENSG00000131721,RHOXF2
5976,ENSG00000131724,IL13RA1
5977,ENSG00000131725,WDR44
5978,ENSG00000131730,CKMT2
5979,ENSG00000131732,ZCCHC9
5980,ENSG00000131738,KRT33B
5981,ENSG00000131746,TNS4
5982,ENSG00000131747,TOP2A
5983,ENSG00000131748,STARD3
5984,ENSG00000131759,RARA
5985,ENSG00000131771,PPP1R1B
5986,ENSG00000131773,KHDRBS3
5987,ENSG00000131778,CHD1L
5988,ENSG00000131779,PEX11B
5989,ENSG00000131781,FMO5
5990,ENSG00000131788,PIAS3
5991,ENSG00000131791,PRKAB2
5992,ENSG00000131828,PDHA1
5993,ENSG00000131831,RAI2
5994,ENSG00000131845,ZNF304
5995,ENSG00000131848,ZSCAN5A
5996,ENSG00000131849,ZNF132
5997,ENSG00000131864,USP29
5998,ENSG00000131873,CHSY1
5999,ENSG00000131876,SNRPA1
6000,ENSG00000131899,LLGL1
6001,ENSG00000131910,NR0B2
6002,ENSG00000131914,LIN28A
6003,ENSG00000131931,THAP1
6004,ENSG00000131941,RHPN2
6005,ENSG00000131943,C19orf12
6006,ENSG00000131944,FAAP24
6007,ENSG00000131951,LRRC9
6008,ENSG00000131966,ACTR10
6009,ENSG00000131969,ABHD12B
6010,ENSG00000131979,GCH1
6011,ENSG00000131981,LGALS3
6012,ENSG00000132002,DNAJB1
6013,ENSG00000132003,ZSWIM4
6014,ENSG00000132004,FBXW9
6015,ENSG00000132010,ZNF20
6016,ENSG00000132017,DCAF15
6017,ENSG00000132026,RTBDN
6018,ENSG00000132031,MATN3
6019,ENSG00000132109,TRIM21
6020,ENSG00000132122,SPATA6
6021,ENSG00000132128,LRRC41
6022,ENSG00000132141,CCT6B
6023,ENSG00000132153,DHX30
6024,ENSG00000132155,RAF1
6025,ENSG00000132164,SLC6A11
6026,ENSG00000132170,PPARG
6027,ENSG00000132182,NUP210
6028,ENSG00000132185,FCRLA
6029,ENSG00000132196,HSD17B7
6030,ENSG00000132199,ENOSF1
6031,ENSG00000132205,EMILIN2
6032,ENSG00000132207,SLX1A
6033,ENSG00000132254,ARFIP2
6034,ENSG00000132256,TRIM5
6035,ENSG00000132259,CNGA4
6036,ENSG00000132274,TRIM22
6037,ENSG00000132275,RRP8
6038,ENSG00000132286,TIMM10B
6039,ENSG00000132294,EFR3A
6040,ENSG00000132297,HHLA1
6041,ENSG00000132300,PTCD3
6042,ENSG00000132305,IMMT
6043,ENSG00000132313,MRPL35
6044,ENSG00000132323,ILKAP
6045,ENSG00000132326,PER2
6046,ENSG00000132329,RAMP1
6047,ENSG00000132330,SCLY
6048,ENSG00000132334,PTPRE
6049,ENSG00000132341,RAN
6050,ENSG00000132356,PRKAA1
6051,ENSG00000132357,CARD6
6052,ENSG00000132359,RAP1GAP2
6053,ENSG00000132361,CLUH
6054,ENSG00000132376,INPP5K
6055,ENSG00000132382,MYBBP1A
6056,ENSG00000132383,RPA1
6057,ENSG00000132388,UBE2G1
6058,ENSG00000132405,TBC1D14
6059,ENSG00000132406,TMEM128
6060,ENSG00000132423,COQ3
6061,ENSG00000132424,PNISR
6062,ENSG00000132429,POPDC3
6063,ENSG00000132432,SEC61G
6064,ENSG00000132434,LANCL2
6065,ENSG00000132436,FIGNL1
6066,ENSG00000132437,DDC
6067,ENSG00000132446,FTHL17
6068,ENSG00000132463,GRSF1
6069,ENSG00000132464,ENAM
6070,ENSG00000132465,JCHAIN
6071,ENSG00000132466,ANKRD17
6072,ENSG00000132467,UTP3
6073,ENSG00000132470,ITGB4
6074,ENSG00000132471,WBP2
6075,ENSG00000132478,UNK
6076,ENSG00000132481,TRIM47
6077,ENSG00000132485,ZRANB2
6078,ENSG00000132507,EIF5A
6079,ENSG00000132510,KDM6B
6080,ENSG00000132514,CLEC10A
6081,ENSG00000132517,SLC52A1
6082,ENSG00000132518,GUCY2D
6083,ENSG00000132530,XAF1
6084,ENSG00000132535,DLG4
6085,ENSG00000132549,VPS13B
6086,ENSG00000132554,RGS22
6087,ENSG00000132561,MATN2
6088,ENSG00000132563,REEP2
6089,ENSG00000132570,PCBD2
6090,ENSG00000132581,SDF2
6091,ENSG00000132589,FLOT2
6092,ENSG00000132591,ERAL1
6093,ENSG00000132600,PRMT7
6094,ENSG00000132603,NIP7
6095,ENSG00000132604,TERF2
6096,ENSG00000132612,VPS4A
6097,ENSG00000132622,HSPA12B
6098,ENSG00000132623,ANKEF1
6099,ENSG00000132635,PCED1A
6100,ENSG00000132639,SNAP25
6101,ENSG00000132640,BTBD3
6102,ENSG00000132646,PCNA
6103,ENSG00000132661,NXT1
6104,ENSG00000132664,POLR3F
6105,ENSG00000132669,RIN2
6106,ENSG00000132670,PTPRA
6107,ENSG00000132676,DAP3
6108,ENSG00000132677,RHBG
6109,ENSG00000132681,ATP1A4
6110,ENSG00000132688,NES
6111,ENSG00000132692,BCAN
6112,ENSG00000132693,CRP
6113,ENSG00000132694,ARHGEF11
6114,ENSG00000132698,RAB25
6115,ENSG00000132703,APCS
6116,ENSG00000132704,FCRL2
6117,ENSG00000132716,DCAF8
6118,ENSG00000132718,SYT11
6119,ENSG00000132740,IGHMBP2
6120,ENSG00000132744,ACY3
6121,ENSG00000132746,ALDH3B2
6122,ENSG00000132763,MMACHC
6123,ENSG00000132768,DPH2
6124,ENSG00000132773,TOE1
6125,ENSG00000132780,NASP
6126,ENSG00000132781,MUTYH
6127,ENSG00000132792,CTNNBL1
6128,ENSG00000132793,LPIN3
6129,ENSG00000132801,ZSWIM3
6130,ENSG00000132819,RBM38
6131,ENSG00000132821,VSTM2L
6132,ENSG00000132823,OSER1
6133,ENSG00000132824,SERINC3
6134,ENSG00000132825,PPP1R3D
6135,ENSG00000132837,DMGDH
6136,ENSG00000132840,BHMT2
6137,ENSG00000132842,AP3B1
6138,ENSG00000132846,ZBED3
6139,ENSG00000132854,KANK4
6140,ENSG00000132855,ANGPTL3
6141,ENSG00000132872,SYT4
6142,ENSG00000132874,SLC14A2
6143,ENSG00000132879,FBXO44
6144,ENSG00000132906,CASP9
6145,ENSG00000132911,NMUR2
6146,ENSG00000132912,DCTN4
6147,ENSG00000132915,PDE6A
6148,ENSG00000132932,ATP8A2
6149,ENSG00000132938,MTUS2
6150,ENSG00000132950,ZMYM5
6151,ENSG00000132952,USPL1
6152,ENSG00000132953,XPO4
6153,ENSG00000132958,TPTE2
6154,ENSG00000132963,POMP
6155,ENSG00000132964,CDK8
6156,ENSG00000132965,ALOX5AP
6157,ENSG00000132970,WASF3
6158,ENSG00000132972,RNF17
6159,ENSG00000132975,GPR12
6160,ENSG00000133019,CHRM3
6161,ENSG00000133020,MYH8
6162,ENSG00000133026,MYH10
6163,ENSG00000133027,PEMT
6164,ENSG00000133028,SCO1
6165,ENSG00000133030,MPRIP
6166,ENSG00000133048,CHI3L1
6167,ENSG00000133055,MYBPH
6168,ENSG00000133056,PIK3C2B
6169,ENSG00000133059,DSTYK
6170,ENSG00000133063,CHIT1
6171,ENSG00000133065,SLC41A1
6172,ENSG00000133067,LGR6
6173,ENSG00000133069,TMCC2
6174,ENSG00000133083,DCLK1
6175,ENSG00000133101,CCNA1
6176,ENSG00000133103,COG6
6177,ENSG00000133105,RXFP2
6178,ENSG00000133106,EPSTI1
6179,ENSG00000133107,TRPC4
6180,ENSG00000133110,POSTN
6181,ENSG00000133111,RFXAP
6182,ENSG00000133112,TPT1
6183,ENSG00000133114,GPALPP1
6184,ENSG00000133115,STOML3
6185,ENSG00000133116,KL
6186,ENSG00000133119,RFC3
6187,ENSG00000133121,STARD13
6188,ENSG00000133124,IRS4
6189,ENSG00000133131,MORC4
6190,ENSG00000133134,BEX2
6191,ENSG00000133135,RNF128
6192,ENSG00000133138,TBC1D8B
6193,ENSG00000133142,TCEAL4
6194,ENSG00000133169,BEX1
6195,ENSG00000133195,SLC39A11
6196,ENSG00000133216,EPHB2
6197,ENSG00000133226,SRRM1
6198,ENSG00000133243,BTBD2
6199,ENSG00000133246,PRAM1
6200,ENSG00000133247,KMT5C
6201,ENSG00000133250,ZNF414
6202,ENSG00000133256,PDE6B
6203,ENSG00000133265,HSPBP1
6204,ENSG00000133275,CSNK1G2
6205,ENSG00000133302,SLF1
6206,ENSG00000133313,CNDP2
6207,ENSG00000133315,MACROD1
6208,ENSG00000133316,WDR74
6209,ENSG00000133317,LGALS12
6210,ENSG00000133318,RTN3
6211,ENSG00000133392,MYH11
6212,ENSG00000133401,PDZD2
6213,ENSG00000133422,MORC2
6214,ENSG00000133454,MYO18B
6215,ENSG00000133466,C1QTNF6
6216,ENSG00000133477,FAM83F
6217,ENSG00000133488,SEC14L4
6218,ENSG00000133561,GIMAP6
6219,ENSG00000133574,GIMAP4
6220,ENSG00000133597,ADCK2
6221,ENSG00000133606,MKRN1
6222,ENSG00000133612,AGAP3
6223,ENSG00000133627,ACTR3B
6224,ENSG00000133636,NTS
6225,ENSG00000133639,BTG1
6226,ENSG00000133640,LRRIQ1
6227,ENSG00000133657,ATP13A3
6228,ENSG00000133661,SFTPD
6229,ENSG00000133665,DYDC2
6230,ENSG00000133678,TMEM254
6231,ENSG00000133687,TMTC1
6232,ENSG00000133703,KRAS
6233,ENSG00000133704,IPO8
6234,ENSG00000133710,SPINK5
6235,ENSG00000133731,IMPA1
6236,ENSG00000133739,LRRCC1
6237,ENSG00000133740,E2F5
6238,ENSG00000133742,CA1
6239,ENSG00000133773,CCDC59
6240,ENSG00000133789,SWAP70
6241,ENSG00000133800,LYVE1
6242,ENSG00000133805,AMPD3
6243,ENSG00000133812,SBF2
6244,ENSG00000133816,MICAL2
6245,ENSG00000133818,RRAS2
6246,ENSG00000133835,HSD17B4
6247,ENSG00000133858,ZFC3H1
6248,ENSG00000133863,TEX15
6249,ENSG00000133872,SARAF
6250,ENSG00000133874,RNF122
6251,ENSG00000133878,DUSP26
6252,ENSG00000133884,DPF2
6253,ENSG00000133895,MEN1
6254,ENSG00000133937,GSC
6255,ENSG00000133958,UNC79
6256,ENSG00000133961,NUMB
6257,ENSG00000133962,CATSPERB
6258,ENSG00000133980,VRTN
6259,ENSG00000133983,COX16
6260,ENSG00000133985,TTC9
6261,ENSG00000133997,MED6
6262,ENSG00000134001,EIF2S1
6263,ENSG00000134007,ADAM20
6264,ENSG00000134013,LOXL2
6265,ENSG00000134014,ELP3
6266,ENSG00000134020,PEBP4
6267,ENSG00000134028,ADAMDEC1
6268,ENSG00000134030,CTIF
6269,ENSG00000134042,MRO
6270,ENSG00000134046,MBD2
6271,ENSG00000134049,IER3IP1
6272,ENSG00000134057,CCNB1
6273,ENSG00000134061,CD180
6274,ENSG00000134070,IRAK2
6275,ENSG00000134072,CAMK1
6276,ENSG00000134077,THUMPD3
6277,ENSG00000134086,VHL
6278,ENSG00000134107,BHLHE40
6279,ENSG00000134108,ARL8B
6280,ENSG00000134109,EDEM1
6281,ENSG00000134115,CNTN6
6282,ENSG00000134121,CHL1
6283,ENSG00000134138,MEIS2
6284,ENSG00000134146,DPH6
6285,ENSG00000134152,KATNBL1
6286,ENSG00000134153,EMC7
6287,ENSG00000134183,GNAT2
6288,ENSG00000134184,GSTM1
6289,ENSG00000134186,PRPF38B
6290,ENSG00000134193,REG4
6291,ENSG00000134198,TSPAN2
6292,ENSG00000134201,GSTM5
6293,ENSG00000134202,GSTM3
6294,ENSG00000134207,SYT6
6295,ENSG00000134215,VAV3
6296,ENSG00000134216,CHIA
6297,ENSG00000134222,PSRC1
6298,ENSG00000134240,HMGCS2
6299,ENSG00000134242,PTPN22
6300,ENSG00000134243,SORT1
6301,ENSG00000134245,WNT2B
6302,ENSG00000134247,PTGFRN
6303,ENSG00000134248,LAMTOR5
6304,ENSG00000134249,ADAM30
6305,ENSG00000134250,NOTCH2
6306,ENSG00000134253,TRIM45
6307,ENSG00000134255,CEPT1
6308,ENSG00000134256,CD101
6309,ENSG00000134258,VTCN1
6310,ENSG00000134259,NGF
6311,ENSG00000134262,AP4B1
6312,ENSG00000134265,NAPG
6313,ENSG00000134278,SPIRE1
6314,ENSG00000134283,PPHLN1
6315,ENSG00000134285,FKBP11
6316,ENSG00000134287,ARF3
6317,ENSG00000134291,TMEM106C
6318,ENSG00000134294,SLC38A2
6319,ENSG00000134308,YWHAQ
6320,ENSG00000134313,KIDINS220
6321,ENSG00000134317,GRHL1
6322,ENSG00000134318,ROCK2
6323,ENSG00000134321,RSAD2
6324,ENSG00000134323,MYCN
6325,ENSG00000134324,LPIN1
6326,ENSG00000134326,CMPK2
6327,ENSG00000134330,IAH1
6328,ENSG00000134333,LDHA
6329,ENSG00000134339,SAA2
6330,ENSG00000134343,ANO3
6331,ENSG00000134352,IL6ST
6332,ENSG00000134363,FST
6333,ENSG00000134365,CFHR4
6334,ENSG00000134369,NAV1
6335,ENSG00000134371,CDC73
6336,ENSG00000134375,TIMM17A
6337,ENSG00000134376,CRB1
6338,ENSG00000134389,CFHR5
6339,ENSG00000134398,ERN2
6340,ENSG00000134419,RPS15A
6341,ENSG00000134438,RAX
6342,ENSG00000134443,GRP
6343,ENSG00000134453,RBM17
6344,ENSG00000134460,IL2RA
6345,ENSG00000134461,ANKRD16
6346,ENSG00000134463,ECHDC3
6347,ENSG00000134470,IL15RA
6348,ENSG00000134480,CCNH
6349,ENSG00000134489,HRH4
6350,ENSG00000134504,KCTD1
6351,ENSG00000134508,CABLES1
6352,ENSG00000134516,DOCK2
6353,ENSG00000134531,EMP1
6354,ENSG00000134532,SOX5
6355,ENSG00000134533,RERG
6356,ENSG00000134538,SLCO1B1
6357,ENSG00000134539,KLRD1
6358,ENSG00000134545,KLRC1
6359,ENSG00000134548,SPX
6360,ENSG00000134569,LRP4
6361,ENSG00000134571,MYBPC3
6362,ENSG00000134574,DDB2
6363,ENSG00000134575,ACP2
6364,ENSG00000134588,USP26
6365,ENSG00000134594,RAB33A
6366,ENSG00000134595,SOX3
6367,ENSG00000134597,RBMX2
6368,ENSG00000134602,STK26
6369,ENSG00000134627,PIWIL4
6370,ENSG00000134644,PUM1
6371,ENSG00000134668,SPOCD1
6372,ENSG00000134686,PHC2
6373,ENSG00000134690,CDCA8
6374,ENSG00000134697,GNL2
6375,ENSG00000134698,AGO4
6376,ENSG00000134709,HOOK1
6377,ENSG00000134716,CYP2J2
6378,ENSG00000134717,BTF3L4
6379,ENSG00000134748,PRPF38A
6380,ENSG00000134755,DSC2
6381,ENSG00000134757,DSG3
6382,ENSG00000134758,RNF138
6383,ENSG00000134759,ELP2
6384,ENSG00000134760,DSG1
6385,ENSG00000134762,DSC3
6386,ENSG00000134765,DSC1
6387,ENSG00000134769,DTNA
6388,ENSG00000134775,FHOD3
6389,ENSG00000134779,TPGS2
6390,ENSG00000134780,DAGLA
6391,ENSG00000134802,SLC43A3
6392,ENSG00000134809,TIMM10
6393,ENSG00000134815,DHX34
6394,ENSG00000134817,APLNR
6395,ENSG00000134824,FADS2
6396,ENSG00000134825,TMEM258
6397,ENSG00000134827,TCN1
6398,ENSG00000134830,C5AR2
6399,ENSG00000134851,TMEM165
6400,ENSG00000134852,CLOCK
6401,ENSG00000134853,PDGFRA
6402,ENSG00000134864,GGACT
6403,ENSG00000134871,COL4A2
6404,ENSG00000134873,CLDN10
6405,ENSG00000134874,DZIP1
6406,ENSG00000134882,UBAC2
6407,ENSG00000134884,ARGLU1
6408,ENSG00000134897,BIVM
6409,ENSG00000134899,ERCC5
6410,ENSG00000134900,TPP2
6411,ENSG00000134905,CARS2
6412,ENSG00000134909,ARHGAP32
6413,ENSG00000134910,STT3A
6414,ENSG00000134917,ADAMTS8
6415,ENSG00000134940,ACRV1
6416,ENSG00000134954,ETS1
6417,ENSG00000134955,SLC37A2
6418,ENSG00000134962,KLB
6419,ENSG00000134970,TMED7
6420,ENSG00000134982,APC
6421,ENSG00000134986,NREP
6422,ENSG00000134987,WDR36
6423,ENSG00000134996,OSTF1
6424,ENSG00000135002,RFK
6425,ENSG00000135018,UBQLN1
6426,ENSG00000135040,NAA35
6427,ENSG00000135045,C9orf40
6428,ENSG00000135046,ANXA1
6429,ENSG00000135047,CTSL
6430,ENSG00000135049,AGTPBP1
6431,ENSG00000135052,GOLM1
6432,ENSG00000135069,PSAT1
6433,ENSG00000135070,ISCA1
6434,ENSG00000135074,ADAM19
6435,ENSG00000135077,HAVCR2
6436,ENSG00000135083,CCNJL
6437,ENSG00000135090,TAOK3
6438,ENSG00000135093,USP30
6439,ENSG00000135094,SDS
6440,ENSG00000135097,MSI1
6441,ENSG00000135100,HNF1A
6442,ENSG00000135108,FBXO21
6443,ENSG00000135111,TBX3
6444,ENSG00000135114,OASL
6445,ENSG00000135116,HRK
6446,ENSG00000135119,RNFT2
6447,ENSG00000135124,P2RX4
6448,ENSG00000135144,DTX1
6449,ENSG00000135148,TRAFD1
6450,ENSG00000135164,DMTF1
6451,ENSG00000135175,OCM2
6452,ENSG00000135185,TMEM243
6453,ENSG00000135205,CCDC146
6454,ENSG00000135211,TMEM60
6455,ENSG00000135218,CD36
6456,ENSG00000135222,CSN2
6457,ENSG00000135226,UGT2B28
6458,ENSG00000135241,PNPLA8
6459,ENSG00000135245,HILPDA
6460,ENSG00000135249,RINT1
6461,ENSG00000135250,SRPK2
6462,ENSG00000135253,KCP
6463,ENSG00000135269,TES
6464,ENSG00000135272,MDFIC
6465,ENSG00000135297,MTO1
6466,ENSG00000135298,ADGRB3
6467,ENSG00000135299,ANKRD6
6468,ENSG00000135312,HTR1B
6469,ENSG00000135314,KHDC1
6470,ENSG00000135315,CEP162
6471,ENSG00000135317,SNX14
6472,ENSG00000135318,NT5E
6473,ENSG00000135324,MRAP2
6474,ENSG00000135333,EPHA7
6475,ENSG00000135334,AKIRIN2
6476,ENSG00000135336,ORC3
6477,ENSG00000135338,LCA5
6478,ENSG00000135341,MAP3K7
6479,ENSG00000135346,CGA
6480,ENSG00000135362,PRR5L
6481,ENSG00000135363,LMO2
6482,ENSG00000135365,PHF21A
6483,ENSG00000135372,NAT10
6484,ENSG00000135373,EHF
6485,ENSG00000135374,ELF5
6486,ENSG00000135378,PRRG4
6487,ENSG00000135387,CAPRIN1
6488,ENSG00000135392,DNAJC14
6489,ENSG00000135404,CD63
6490,ENSG00000135406,PRPH
6491,ENSG00000135407,AVIL
6492,ENSG00000135409,AMHR2
6493,ENSG00000135413,LACRT
6494,ENSG00000135414,GDF11
6495,ENSG00000135423,GLS2
6496,ENSG00000135424,ITGA7
6497,ENSG00000135426,TESPA1
6498,ENSG00000135436,FAM186B
6499,ENSG00000135437,RDH5
6500,ENSG00000135439,AGAP2
6501,ENSG00000135441,BLOC1S1
6502,ENSG00000135443,KRT85
6503,ENSG00000135446,CDK4
6504,ENSG00000135447,PPP1R1A
6505,ENSG00000135451,TROAP
6506,ENSG00000135452,TSPAN31
6507,ENSG00000135454,B4GALNT1
6508,ENSG00000135457,TFCP2
6509,ENSG00000135469,COQ10A
6510,ENSG00000135472,FAIM2
6511,ENSG00000135473,PAN2
6512,ENSG00000135476,ESPL1
6513,ENSG00000135480,KRT7
6514,ENSG00000135482,ZC3H10
6515,ENSG00000135486,HNRNPA1
6516,ENSG00000135503,ACVR1B
6517,ENSG00000135506,OS9
6518,ENSG00000135517,MIP
6519,ENSG00000135519,KCNH3
6520,ENSG00000135521,LTV1
6521,ENSG00000135525,MAP7
6522,ENSG00000135535,CD164
6523,ENSG00000135540,NHSL1
6524,ENSG00000135541,AHI1
6525,ENSG00000135547,HEY2
6526,ENSG00000135549,PKIB
6527,ENSG00000135577,NMBR
6528,ENSG00000135587,SMPD2
6529,ENSG00000135596,MICAL1
6530,ENSG00000135597,REPS1
6531,ENSG00000135604,STX11
6532,ENSG00000135617,PRADC1
6533,ENSG00000135622,SEMA4F
6534,ENSG00000135624,CCT7
6535,ENSG00000135625,EGR4
6536,ENSG00000135631,RAB11FIP5
6537,ENSG00000135632,SMYD5
6538,ENSG00000135636,DYSF
6539,ENSG00000135637,CCDC142
6540,ENSG00000135638,EMX1
6541,ENSG00000135643,KCNMB4
6542,ENSG00000135655,USP15
6543,ENSG00000135677,GNS
6544,ENSG00000135678,CPM
6545,ENSG00000135679,MDM2
6546,ENSG00000135686,KLHL36
6547,ENSG00000135697,BCO1
6548,ENSG00000135698,MPHOSPH6
6549,ENSG00000135702,CHST5
6550,ENSG00000135709,KIAA0513
6551,ENSG00000135720,DYNC1LI2
6552,ENSG00000135722,FBXL8
6553,ENSG00000135723,FHOD1
6554,ENSG00000135736,CCDC102A
6555,ENSG00000135740,SLC9A5
6556,ENSG00000135744,AGT
6557,ENSG00000135747,ZNF670-ZNF695
6558,ENSG00000135750,KCNK1
6559,ENSG00000135763,URB2
6560,ENSG00000135766,EGLN1
6561,ENSG00000135773,CAPN9
6562,ENSG00000135775,COG2
6563,ENSG00000135776,ABCB10
6564,ENSG00000135778,NTPCR
6565,ENSG00000135801,TAF5L
6566,ENSG00000135821,GLUL
6567,ENSG00000135823,STX6
6568,ENSG00000135824,RGS8
6569,ENSG00000135828,RNASEL
6570,ENSG00000135829,DHX9
6571,ENSG00000135835,KIAA1614
6572,ENSG00000135837,CEP350
6573,ENSG00000135838,NPL
6574,ENSG00000135845,PIGC
6575,ENSG00000135862,LAMC1
6576,ENSG00000135870,RC3H1
6577,ENSG00000135898,GPR55
6578,ENSG00000135899,SP110
6579,ENSG00000135900,MRPL44
6580,ENSG00000135902,CHRND
6581,ENSG00000135903,PAX3
6582,ENSG00000135905,DOCK10
6583,ENSG00000135912,TTLL4
6584,ENSG00000135913,USP37
6585,ENSG00000135914,HTR2B
6586,ENSG00000135916,ITM2C
6587,ENSG00000135917,SLC19A3
6588,ENSG00000135919,SERPINE2
6589,ENSG00000135924,DNAJB2
6590,ENSG00000135925,WNT10A
6591,ENSG00000135926,TMBIM1
6592,ENSG00000135929,CYP27A1
6593,ENSG00000135930,EIF4E2
6594,ENSG00000135931,ARMC9
6595,ENSG00000135932,CAB39
6596,ENSG00000135940,COX5B
6597,ENSG00000135945,REV1
6598,ENSG00000135951,TSGA10
6599,ENSG00000135956,TMEM127
6600,ENSG00000135960,EDAR
6601,ENSG00000135966,TGFBRAP1
6602,ENSG00000135968,GCC2
6603,ENSG00000135972,MRPS9
6604,ENSG00000135974,C2orf49
6605,ENSG00000135999,EPC2
6606,ENSG00000136002,ARHGEF4
6607,ENSG00000136003,ISCU
6608,ENSG00000136010,ALDH1L2
6609,ENSG00000136011,STAB2
6610,ENSG00000136014,USP44
6611,ENSG00000136021,SCYL2
6612,ENSG00000136026,CKAP4
6613,ENSG00000136040,PLXNC1
6614,ENSG00000136044,APPL2
6615,ENSG00000136045,PWP1
6616,ENSG00000136048,DRAM1
6617,ENSG00000136052,SLC41A2
6618,ENSG00000136059,VILL
6619,ENSG00000136068,FLNB
6620,ENSG00000136098,NEK3
6621,ENSG00000136099,PCDH8
6622,ENSG00000136100,VPS36
6623,ENSG00000136104,RNASEH2B
6624,ENSG00000136108,CKAP2
6625,ENSG00000136111,TBC1D4
6626,ENSG00000136114,THSD1
6627,ENSG00000136122,BORA
6628,ENSG00000136141,LRCH1
6629,ENSG00000136143,SUCLA2
6630,ENSG00000136144,RCBTB1
6631,ENSG00000136146,MED4
6632,ENSG00000136147,PHF11
6633,ENSG00000136152,COG3
6634,ENSG00000136153,LMO7
6635,ENSG00000136155,SCEL
6636,ENSG00000136156,ITM2B
6637,ENSG00000136158,SPRY2
6638,ENSG00000136159,NUDT15
6639,ENSG00000136160,EDNRB
6640,ENSG00000136161,RCBTB2
6641,ENSG00000136167,LCP1
6642,ENSG00000136169,SETDB2
6643,ENSG00000136193,SCRN1
6644,ENSG00000136197,C7orf25
6645,ENSG00000136205,TNS3
6646,ENSG00000136206,SPDYE1
6647,ENSG00000136213,CHST12
6648,ENSG00000136231,IGF2BP3
6649,ENSG00000136235,GPNMB
6650,ENSG00000136237,RAPGEF5
6651,ENSG00000136238,RAC1
6652,ENSG00000136240,KDELR2
6653,ENSG00000136244,IL6
6654,ENSG00000136247,ZDHHC4
6655,ENSG00000136250,AOAH
6656,ENSG00000136261,BZW2
6657,ENSG00000136267,DGKB
6658,ENSG00000136270,TBRG4
6659,ENSG00000136271,DDX56
6660,ENSG00000136273,HUS1
6661,ENSG00000136274,NACAD
6662,ENSG00000136279,DBNL
6663,ENSG00000136280,CCM2
6664,ENSG00000136286,MYO1G
6665,ENSG00000136295,TTYH3
6666,ENSG00000136319,TTC5
6667,ENSG00000136327,NKX2-8
6668,ENSG00000136352,NKX2-1
6669,ENSG00000136367,ZFHX2
6670,ENSG00000136371,MTHFS
6671,ENSG00000136378,ADAMTS7
6672,ENSG00000136379,ABHD17C
6673,ENSG00000136381,IREB2
6674,ENSG00000136383,ALPK3
6675,ENSG00000136404,TM6SF1
6676,ENSG00000136425,CIB2
6677,ENSG00000136436,CALCOCO2
6678,ENSG00000136444,RSAD1
6679,ENSG00000136448,NMT1
6680,ENSG00000136449,MYCBPAP
6681,ENSG00000136450,SRSF1
6682,ENSG00000136451,VEZF1
6683,ENSG00000136457,CHAD
6684,ENSG00000136463,TACO1
6685,ENSG00000136478,TEX2
6686,ENSG00000136485,DCAF7
6687,ENSG00000136487,GH2
6688,ENSG00000136488,CSH1
6689,ENSG00000136490,LIMD2
6690,ENSG00000136492,BRIP1
6691,ENSG00000136504,KAT7
6692,ENSG00000136514,RTP4
6693,ENSG00000136518,ACTL6A
6694,ENSG00000136521,NDUFB5
6695,ENSG00000136522,MRPL47
6696,ENSG00000136527,TRA2B
6697,ENSG00000136531,SCN2A
6698,ENSG00000136535,TBR1
6699,ENSG00000136541,ERMN
6700,ENSG00000136542,GALNT5
6701,ENSG00000136546,SCN7A
6702,ENSG00000136560,TANK
6703,ENSG00000136573,BLK
6704,ENSG00000136603,SKIL
6705,ENSG00000136630,HLX
6706,ENSG00000136631,VPS45
6707,ENSG00000136634,IL10
6708,ENSG00000136636,KCTD3
6709,ENSG00000136643,RPS6KC1
6710,ENSG00000136688,IL36G
6711,ENSG00000136689,IL1RN
6712,ENSG00000136695,IL36RN
6713,ENSG00000136696,IL36B
6714,ENSG00000136697,IL1F10
6715,ENSG00000136698,CFC1
6716,ENSG00000136699,SMPD4
6717,ENSG00000136709,WDR33
6718,ENSG00000136715,SAP130
6719,ENSG00000136717,BIN1
6720,ENSG00000136718,IMP4
6721,ENSG00000136720,HS6ST1
6722,ENSG00000136731,UGGT1
6723,ENSG00000136732,GYPC
6724,ENSG00000136738,STAM
6725,ENSG00000136750,GAD2
6726,ENSG00000136754,ABI1
6727,ENSG00000136758,YME1L1
6728,ENSG00000136770,DNAJC1
6729,ENSG00000136783,NIPSNAP3A
6730,ENSG00000136802,LRRC8A
6731,ENSG00000136807,CDK9
6732,ENSG00000136810,TXN
6733,ENSG00000136811,ODF2
6734,ENSG00000136816,TOR1B
6735,ENSG00000136819,C9orf78
6736,ENSG00000136824,SMC2
6737,ENSG00000136826,KLF4
6738,ENSG00000136827,TOR1A
6739,ENSG00000136828,RALGPS1
6740,ENSG00000136834,OR1J1
6741,ENSG00000136840,ST6GALNAC4
6742,ENSG00000136842,TMOD1
6743,ENSG00000136848,DAB2IP
6744,ENSG00000136854,STXBP1
6745,ENSG00000136856,SLC2A8
6746,ENSG00000136859,ANGPTL2
6747,ENSG00000136861,CDK5RAP2
6748,ENSG00000136866,ZFP37
6749,ENSG00000136867,SLC31A2
6750,ENSG00000136868,SLC31A1
6751,ENSG00000136869,TLR4
6752,ENSG00000136870,ZNF189
6753,ENSG00000136872,ALDOB
6754,ENSG00000136874,STX17
6755,ENSG00000136875,PRPF4
6756,ENSG00000136877,FPGS
6757,ENSG00000136878,USP20
6758,ENSG00000136883,KIF12
6759,ENSG00000136888,ATP6V1G1
6760,ENSG00000136891,TEX10
6761,ENSG00000136895,GARNL3
6762,ENSG00000136897,MRPL50
6763,ENSG00000136908,DPM2
6764,ENSG00000136918,WDR38
6765,ENSG00000136925,TSTD2
6766,ENSG00000136928,GABBR2
6767,ENSG00000136929,HEMGN
6768,ENSG00000136930,PSMB7
6769,ENSG00000136931,NR5A1
6770,ENSG00000136932,TRMO
6771,ENSG00000136933,RABEPK
6772,ENSG00000136935,GOLGA1
6773,ENSG00000136936,XPA
6774,ENSG00000136937,NCBP1
6775,ENSG00000136938,ANP32B
6776,ENSG00000136940,PDCL
6777,ENSG00000136942,RPL35
6778,ENSG00000136943,CTSV
6779,ENSG00000136944,LMX1B
6780,ENSG00000136950,ARPC5L
6781,ENSG00000136960,ENPP2
6782,ENSG00000136982,DSCC1
6783,ENSG00000136986,DERL1
6784,ENSG00000136997,MYC
6785,ENSG00000137033,IL33
6786,ENSG00000137040,RANBP6
6787,ENSG00000137054,POLR1E
6788,ENSG00000137055,PLAA
6789,ENSG00000137070,IL11RA
6790,ENSG00000137073,UBAP2
6791,ENSG00000137074,APTX
6792,ENSG00000137075,RNF38
6793,ENSG00000137076,TLN1
6794,ENSG00000137077,CCL21
6795,ENSG00000137078,SIT1
6796,ENSG00000137090,DMRT1
6797,ENSG00000137094,DNAJB5
6798,ENSG00000137098,SPAG8
6799,ENSG00000137100,DCTN3
6800,ENSG00000137101,CD72
6801,ENSG00000137103,TMEM8B
6802,ENSG00000137106,GRHPR
6803,ENSG00000137124,ALDH1B1
6804,ENSG00000137133,HINT2
6805,ENSG00000137135,ARHGEF39
6806,ENSG00000137142,IGFBPL1
6807,ENSG00000137145,DENND4C
6808,ENSG00000137154,RPS6
6809,ENSG00000137161,CNPY3
6810,ENSG00000137166,FOXP4
6811,ENSG00000137168,PPIL1
6812,ENSG00000137171,KLC4
6813,ENSG00000137177,KIF13A
6814,ENSG00000137185,ZSCAN9
6815,ENSG00000137193,PIM1
6816,ENSG00000137198,GMPR
6817,ENSG00000137200,CMTR1
6818,ENSG00000137203,TFAP2A
6819,ENSG00000137204,SLC22A7
6820,ENSG00000137207,YIPF3
6821,ENSG00000137210,TMEM14B
6822,ENSG00000137216,TMEM63B
6823,ENSG00000137218,FRS3
6824,ENSG00000137221,TJAP1
6825,ENSG00000137225,CAPN11
6826,ENSG00000137251,TINAG
6827,ENSG00000137252,HCRTR2
6828,ENSG00000137261,KIAA0319
6829,ENSG00000137265,IRF4
6830,ENSG00000137266,SLC22A23
6831,ENSG00000137267,TUBB2A
6832,ENSG00000137269,LRRC1
6833,ENSG00000137270,GCM1
6834,ENSG00000137273,FOXF2
6835,ENSG00000137274,BPHL
6836,ENSG00000137275,RIPK1
6837,ENSG00000137285,TUBB2B
6838,ENSG00000137288,UQCC2
6839,ENSG00000137309,HMGA1
6840,ENSG00000137338,PGBD1
6841,ENSG00000137364,TPMT
6842,ENSG00000137392,CLPS
6843,ENSG00000137393,RNF144B
6844,ENSG00000137404,NRM
6845,ENSG00000137409,MTCH1
6846,ENSG00000137413,TAF8
6847,ENSG00000137414,FAM8A1
6848,ENSG00000137440,FGFBP1
6849,ENSG00000137441,FGFBP2
6850,ENSG00000137449,CPEB2
6851,ENSG00000137460,FHDC1
6852,ENSG00000137462,TLR2
6853,ENSG00000137463,MGARP
6854,ENSG00000137473,TTC29
6855,ENSG00000137474,MYO7A
6856,ENSG00000137478,FCHSD2
6857,ENSG00000137486,ARRB1
6858,ENSG00000137491,SLCO2B1
6859,ENSG00000137494,ANKRD42
6860,ENSG00000137496,IL18BP
6861,ENSG00000137497,NUMA1
6862,ENSG00000137500,CCDC90B
6863,ENSG00000137501,SYTL2
6864,ENSG00000137502,RAB30
6865,ENSG00000137504,CREBZF
6866,ENSG00000137507,LRRC32
6867,ENSG00000137509,PRCP
6868,ENSG00000137513,NARS2
6869,ENSG00000137522,RNF121
6870,ENSG00000137547,MRPL15
6871,ENSG00000137558,PI15
6872,ENSG00000137561,TTPA
6873,ENSG00000137563,GGH
6874,ENSG00000137571,SLCO5A1
6875,ENSG00000137573,SULF1
6876,ENSG00000137574,TGS1
6877,ENSG00000137575,SDCBP
6878,ENSG00000137601,NEK1
6879,ENSG00000137628,DDX60
6880,ENSG00000137634,NXPE4
6881,ENSG00000137642,SORL1
6882,ENSG00000137648,TMPRSS4
6883,ENSG00000137656,BUD13
6884,ENSG00000137672,TRPC6
6885,ENSG00000137673,MMP7
6886,ENSG00000137674,MMP20
6887,ENSG00000137675,MMP27
6888,ENSG00000137692,DCUN1D5
6889,ENSG00000137693,YAP1
6890,ENSG00000137699,TRIM29
6891,ENSG00000137707,BTG4
6892,ENSG00000137709,POU2F3
6893,ENSG00000137710,RDX
6894,ENSG00000137713,PPP2R1B
6895,ENSG00000137714,FDX1
6896,ENSG00000137726,FXYD6
6897,ENSG00000137727,ARHGAP20
6898,ENSG00000137731,FXYD2
6899,ENSG00000137745,MMP13
6900,ENSG00000137747,TMPRSS13
6901,ENSG00000137752,CASP1
6902,ENSG00000137757,CASP5
6903,ENSG00000137760,ALKBH8
6904,ENSG00000137764,MAP2K5
6905,ENSG00000137766,UNC13C
6906,ENSG00000137770,CTDSPL2
6907,ENSG00000137776,SLTM
6908,ENSG00000137801,THBS1
6909,ENSG00000137802,MAPKBP1
6910,ENSG00000137804,NUSAP1
6911,ENSG00000137806,NDUFAF1
6912,ENSG00000137807,KIF23
6913,ENSG00000137809,ITGA11
6914,ENSG00000137814,HAUS2
6915,ENSG00000137815,RTF1
6916,ENSG00000137817,PARP6
6917,ENSG00000137818,RPLP1
6918,ENSG00000137819,PAQR5
6919,ENSG00000137821,LRRC49
6920,ENSG00000137822,TUBGCP4
6921,ENSG00000137824,RMDN3
6922,ENSG00000137825,ITPKA
6923,ENSG00000137831,UACA
6924,ENSG00000137834,SMAD6
6925,ENSG00000137841,PLCB2
6926,ENSG00000137842,TMEM62
6927,ENSG00000137843,PAK6
6928,ENSG00000137845,ADAM10
6929,ENSG00000137857,DUOX1
6930,ENSG00000137860,SLC28A2
6931,ENSG00000137869,CYP19A1
6932,ENSG00000137871,ZNF280D
6933,ENSG00000137872,SEMA6D
6934,ENSG00000137875,BCL2L10
6935,ENSG00000137876,RSL24D1
6936,ENSG00000137877,SPTBN5
6937,ENSG00000137878,GCOM1
6938,ENSG00000137880,GCHFR
6939,ENSG00000137936,BCAR3
6940,ENSG00000137941,TTLL7
6941,ENSG00000137942,FNBP1L
6942,ENSG00000137947,GTF2B
6943,ENSG00000137948,BRDT
6944,ENSG00000137955,RABGGTB
6945,ENSG00000137959,IFI44L
6946,ENSG00000137960,GIPC2
6947,ENSG00000137962,ARHGAP29
6948,ENSG00000137965,IFI44
6949,ENSG00000137968,SLC44A5
6950,ENSG00000137975,CLCA2
6951,ENSG00000137976,DNASE2B
6952,ENSG00000137992,DBT
6953,ENSG00000137996,RTCA
6954,ENSG00000138002,IFT172
6955,ENSG00000138028,CGREF1
6956,ENSG00000138029,HADHB
6957,ENSG00000138030,KHK
6958,ENSG00000138031,ADCY3
6959,ENSG00000138032,PPM1B
6960,ENSG00000138035,PNPT1
6961,ENSG00000138036,DYNC2LI1
6962,ENSG00000138039,LHCGR
6963,ENSG00000138050,THUMPD2
6964,ENSG00000138061,CYP1B1
6965,ENSG00000138068,SULT6B1
6966,ENSG00000138069,RAB1A
6967,ENSG00000138071,ACTR2
6968,ENSG00000138073,PREB
6969,ENSG00000138074,SLC5A6
6970,ENSG00000138075,ABCG5
6971,ENSG00000138078,PREPL
6972,ENSG00000138079,SLC3A1
6973,ENSG00000138080,EMILIN1
6974,ENSG00000138081,FBXO11
6975,ENSG00000138083,SIX3
6976,ENSG00000138085,ATRAID
6977,ENSG00000138092,CENPO
6978,ENSG00000138095,LRPPRC
6979,ENSG00000138100,TRIM54
6980,ENSG00000138101,DTNB
6981,ENSG00000138107,ACTR1A
6982,ENSG00000138109,CYP2C9
6983,ENSG00000138115,CYP2C8
6984,ENSG00000138119,MYOF
6985,ENSG00000138131,LOXL4
6986,ENSG00000138134,STAMBPL1
6987,ENSG00000138135,CH25H
6988,ENSG00000138136,LBX1
6989,ENSG00000138138,ATAD1
6990,ENSG00000138152,BTBD16
6991,ENSG00000138160,KIF11
6992,ENSG00000138161,CUZD1
6993,ENSG00000138162,TACC2
6994,ENSG00000138166,DUSP5
6995,ENSG00000138172,CALHM2
6996,ENSG00000138175,ARL3
6997,ENSG00000138180,CEP55
6998,ENSG00000138182,KIF20B
6999,ENSG00000138185,ENTPD1
7000,ENSG00000138190,EXOC6
7001,ENSG00000138193,PLCE1
7002,ENSG00000138207,RBP4
7003,ENSG00000138231,DBR1
7004,ENSG00000138246,DNAJC13
7005,ENSG00000138271,GPR87
7006,ENSG00000138279,ANXA7
7007,ENSG00000138286,FAM149B1
7008,ENSG00000138303,ASCC1
7009,ENSG00000138308,PLA2G12B
7010,ENSG00000138311,ZNF365
7011,ENSG00000138315,OIT3
7012,ENSG00000138316,ADAMTS14
7013,ENSG00000138326,RPS24
7014,ENSG00000138336,TET1
7015,ENSG00000138346,DNA2
7016,ENSG00000138347,MYPN
7017,ENSG00000138356,AOX1
7018,ENSG00000138363,ATIC
7019,ENSG00000138375,SMARCAL1
7020,ENSG00000138376,BARD1
7021,ENSG00000138378,STAT4
7022,ENSG00000138379,MSTN
7023,ENSG00000138380,CARF
7024,ENSG00000138381,ASNSD1
7025,ENSG00000138382,METTL5
7026,ENSG00000138385,SSB
7027,ENSG00000138386,NAB1
7028,ENSG00000138395,CDK15
7029,ENSG00000138398,PPIG
7030,ENSG00000138399,FASTKD1
7031,ENSG00000138400,MDH1B
7032,ENSG00000138411,HECW2
7033,ENSG00000138413,IDH1
7034,ENSG00000138430,OLA1
7035,ENSG00000138435,CHRNA1
7036,ENSG00000138439,FAM117B
7037,ENSG00000138442,WDR12
7038,ENSG00000138443,ABI2
7039,ENSG00000138448,ITGAV
7040,ENSG00000138449,SLC40A1
7041,ENSG00000138459,SLC35A5
7042,ENSG00000138468,SENP7
7043,ENSG00000138472,GUCA1C
7044,ENSG00000138483,CCDC54
7045,ENSG00000138495,COX17
7046,ENSG00000138496,PARP9
7047,ENSG00000138587,MNS1
7048,ENSG00000138592,USP8
7049,ENSG00000138593,SECISBP2L
7050,ENSG00000138594,TMOD3
7051,ENSG00000138600,SPPL2A
7052,ENSG00000138604,GLCE
7053,ENSG00000138606,SHF
7054,ENSG00000138613,APH1B
7055,ENSG00000138615,CILP
7056,ENSG00000138617,PARP16
7057,ENSG00000138621,PPCDC
7058,ENSG00000138622,HCN4
7059,ENSG00000138623,SEMA7A
7060,ENSG00000138639,ARHGAP24
7061,ENSG00000138640,FAM13A
7062,ENSG00000138642,HERC6
7063,ENSG00000138646,HERC5
7064,ENSG00000138650,PCDH10
7065,ENSG00000138653,NDST4
7066,ENSG00000138658,ZGRF1
7067,ENSG00000138660,AP1AR
7068,ENSG00000138663,COPS4
7069,ENSG00000138668,HNRNPD
7070,ENSG00000138669,PRKG2
7071,ENSG00000138670,RASGEF1B
7072,ENSG00000138674,SEC31A
7073,ENSG00000138675,FGF5
7074,ENSG00000138678,GPAT3
7075,ENSG00000138684,IL21
7076,ENSG00000138685,FGF2
7077,ENSG00000138686,BBS7
7078,ENSG00000138696,BMPR1B
7079,ENSG00000138698,RAP1GDS1
7080,ENSG00000138709,LARP1B
7081,ENSG00000138722,MMRN1
7082,ENSG00000138735,PDE5A
7083,ENSG00000138738,PRDM5
7084,ENSG00000138741,TRPC3
7085,ENSG00000138744,NAAA
7086,ENSG00000138750,NUP54
7087,ENSG00000138755,CXCL9
7088,ENSG00000138756,BMP2K
7089,ENSG00000138757,G3BP2
7090,ENSG00000138759,FRAS1
7091,ENSG00000138760,SCARB2
7092,ENSG00000138764,CCNG2
7093,ENSG00000138767,CNOT6L
7094,ENSG00000138768,USO1
7095,ENSG00000138769,CDKL2
7096,ENSG00000138771,SHROOM3
7097,ENSG00000138772,ANXA3
7098,ENSG00000138777,PPA2
7099,ENSG00000138778,CENPE
7100,ENSG00000138780,GSTCD
7101,ENSG00000138785,INTS12
7102,ENSG00000138792,ENPEP
7103,ENSG00000138794,CASP6
7104,ENSG00000138795,LEF1
7105,ENSG00000138796,HADH
7106,ENSG00000138798,EGF
7107,ENSG00000138801,PAPSS1
7108,ENSG00000138802,SEC24B
7109,ENSG00000138813,C4orf17
7110,ENSG00000138814,PPP3CA
7111,ENSG00000138821,SLC39A8
7112,ENSG00000138823,MTTP
7113,ENSG00000138829,FBN2
7114,ENSG00000138834,MAPK8IP3
7115,ENSG00000138835,RGS3
7116,ENSG00000138867,GUCD1
7117,ENSG00000138942,RNF185
7118,ENSG00000138964,PARVG
7119,ENSG00000139044,B4GALNT3
7120,ENSG00000139053,PDE6H
7121,ENSG00000139055,ERP27
7122,ENSG00000139083,ETV6
7123,ENSG00000139112,GABARAPL1
7124,ENSG00000139116,KIF21A
7125,ENSG00000139117,CPNE8
7126,ENSG00000139131,YARS2
7127,ENSG00000139132,FGD4
7128,ENSG00000139133,ALG10
7129,ENSG00000139144,PIK3C2G
7130,ENSG00000139151,PLCZ1
7131,ENSG00000139154,AEBP2
7132,ENSG00000139155,SLCO1C1
7133,ENSG00000139163,ETNK1
7134,ENSG00000139168,ZCRB1
7135,ENSG00000139173,TMEM117
7136,ENSG00000139174,PRICKLE1
7137,ENSG00000139178,C1RL
7138,ENSG00000139180,NDUFA9
7139,ENSG00000139182,CLSTN3
7140,ENSG00000139187,KLRG1
7141,ENSG00000139190,VAMP1
7142,ENSG00000139192,TAPBPL
7143,ENSG00000139193,CD27
7144,ENSG00000139197,PEX5
7145,ENSG00000139200,PIANP
7146,ENSG00000139209,SLC38A4
7147,ENSG00000139211,AMIGO2
7148,ENSG00000139218,SCAF11
7149,ENSG00000139219,COL2A1
7150,ENSG00000139220,PPFIA2
7151,ENSG00000139223,ANP32D
7152,ENSG00000139233,LLPH
7153,ENSG00000139263,LRIG3
7154,ENSG00000139269,INHBE
7155,ENSG00000139278,GLIPR1
7156,ENSG00000139287,TPH2
7157,ENSG00000139289,PHLDA1
7158,ENSG00000139291,TMEM19
7159,ENSG00000139292,LGR5
7160,ENSG00000139304,PTPRQ
7161,ENSG00000139318,DUSP6
7162,ENSG00000139323,POC1B
7163,ENSG00000139324,TMTC3
7164,ENSG00000139329,LUM
7165,ENSG00000139330,KERA
7166,ENSG00000139343,SNRPF
7167,ENSG00000139344,AMDHD1
7168,ENSG00000139350,NEDD1
7169,ENSG00000139351,SYCP3
7170,ENSG00000139352,ASCL1
7171,ENSG00000139354,GAS2L3
7172,ENSG00000139364,TMEM132B
7173,ENSG00000139370,SLC15A4
7174,ENSG00000139372,TDG
7175,ENSG00000139405,RITA1
7176,ENSG00000139410,SDSL
7177,ENSG00000139428,MMAB
7178,ENSG00000139433,GLTP
7179,ENSG00000139436,GIT2
7180,ENSG00000139437,TCHP
7181,ENSG00000139438,FAM222A
7182,ENSG00000139445,FOXN4
7183,ENSG00000139496,NUP58
7184,ENSG00000139505,MTMR6
7185,ENSG00000139508,SLC46A3
7186,ENSG00000139514,SLC7A1
7187,ENSG00000139515,PDX1
7188,ENSG00000139517,LNX2
7189,ENSG00000139531,SUOX
7190,ENSG00000139540,SLC39A5
7191,ENSG00000139546,TARBP2
7192,ENSG00000139547,RDH16
7193,ENSG00000139549,DHH
7194,ENSG00000139567,ACVRL1
7195,ENSG00000139572,GPR84
7196,ENSG00000139574,NPFF
7197,ENSG00000139579,NABP2
7198,ENSG00000139597,N4BP2L1
7199,ENSG00000139610,CELA1
7200,ENSG00000139613,SMARCC2
7201,ENSG00000139618,BRCA2
7202,ENSG00000139620,KANSL2
7203,ENSG00000139624,CERS5
7204,ENSG00000139625,MAP3K12
7205,ENSG00000139626,ITGB7
7206,ENSG00000139629,GALNT6
7207,ENSG00000139631,CSAD
7208,ENSG00000139636,LMBR1L
7209,ENSG00000139641,ESYT1
7210,ENSG00000139644,TMBIM6
7211,ENSG00000139645,ANKRD52
7212,ENSG00000139648,KRT71
7213,ENSG00000139651,ZNF740
7214,ENSG00000139668,WDFY2
7215,ENSG00000139675,HNRNPA1L2
7216,ENSG00000139679,LPAR6
7217,ENSG00000139684,ESD
7218,ENSG00000139687,RB1
7219,ENSG00000139697,SBNO1
7220,ENSG00000139714,MORN3
7221,ENSG00000139718,SETD1B
7222,ENSG00000139719,VPS33A
7223,ENSG00000139722,VPS37B
7224,ENSG00000139725,RHOF
7225,ENSG00000139726,DENR
7226,ENSG00000139734,DIAPH3
7227,ENSG00000139737,SLAIN1
7228,ENSG00000139746,RBM26
7229,ENSG00000139767,SRRM4
7230,ENSG00000139780,METTL21C
7231,ENSG00000139793,MBNL2
7232,ENSG00000139797,RNF113B
7233,ENSG00000139800,ZIC5
7234,ENSG00000139826,ABHD13
7235,ENSG00000139832,RAB20
7236,ENSG00000139835,GRTP1
7237,ENSG00000139842,CUL4A
7238,ENSG00000139865,TTC6
7239,ENSG00000139874,SSTR1
7240,ENSG00000139880,CDH24
7241,ENSG00000139890,REM2
7242,ENSG00000139899,CBLN3
7243,ENSG00000139908,TSSK4
7244,ENSG00000139910,NOVA1
7245,ENSG00000139915,MDGA2
7246,ENSG00000139921,TMX1
7247,ENSG00000139926,FRMD6
7248,ENSG00000139946,PELI2
7249,ENSG00000139970,RTN1
7250,ENSG00000139973,SYT16
7251,ENSG00000139974,SLC38A6
7252,ENSG00000139977,NAA30
7253,ENSG00000139985,ADAM21
7254,ENSG00000139988,RDH12
7255,ENSG00000139990,DCAF5
7256,ENSG00000139998,RAB15
7257,ENSG00000140006,WDR89
7258,ENSG00000140009,ESR2
7259,ENSG00000140015,KCNH5
7260,ENSG00000140022,STON2
7261,ENSG00000140025,EFCAB11
7262,ENSG00000140030,GPR65
7263,ENSG00000140043,PTGR2
7264,ENSG00000140044,JDP2
7265,ENSG00000140057,AK7
7266,ENSG00000140090,SLC24A4
7267,ENSG00000140092,FBLN5
7268,ENSG00000140107,SLC25A47
7269,ENSG00000140153,WDR20
7270,ENSG00000140157,NIPA2
7271,ENSG00000140199,SLC12A6
7272,ENSG00000140254,DUOXA1
7273,ENSG00000140259,MFAP1
7274,ENSG00000140262,TCF12
7275,ENSG00000140263,SORD
7276,ENSG00000140264,SERF2
7277,ENSG00000140265,ZSCAN29
7278,ENSG00000140274,DUOXA2
7279,ENSG00000140279,DUOX2
7280,ENSG00000140280,LYSMD2
7281,ENSG00000140284,SLC27A2
7282,ENSG00000140285,FGF7
7283,ENSG00000140287,HDC
7284,ENSG00000140297,GCNT3
7285,ENSG00000140299,BNIP2
7286,ENSG00000140307,GTF2A2
7287,ENSG00000140319,SRP14
7288,ENSG00000140320,BAHD1
7289,ENSG00000140323,DISP2
7290,ENSG00000140326,CDAN1
7291,ENSG00000140332,TLE3
7292,ENSG00000140350,ANP32A
7293,ENSG00000140365,COMMD4
7294,ENSG00000140367,UBE2Q2
7295,ENSG00000140368,PSTPIP1
7296,ENSG00000140374,ETFA
7297,ENSG00000140379,BCL2A1
7298,ENSG00000140382,HMG20A
7299,ENSG00000140386,SCAPER
7300,ENSG00000140391,TSPAN3
7301,ENSG00000140396,NCOA2
7302,ENSG00000140398,NEIL1
7303,ENSG00000140400,MAN2C1
7304,ENSG00000140403,DNAJA4
7305,ENSG00000140416,TPM1
7306,ENSG00000140443,IGF1R
7307,ENSG00000140450,ARRDC4
7308,ENSG00000140451,PIF1
7309,ENSG00000140455,USP3
7310,ENSG00000140459,CYP11A1
7311,ENSG00000140463,BBS4
7312,ENSG00000140464,PML
7313,ENSG00000140465,CYP1A1
7314,ENSG00000140470,ADAMTS17
7315,ENSG00000140471,LINS1
7316,ENSG00000140474,ULK3
7317,ENSG00000140478,GOLGA6D
7318,ENSG00000140479,PCSK6
7319,ENSG00000140481,CCDC33
7320,ENSG00000140488,CELF6
7321,ENSG00000140497,SCAMP2
7322,ENSG00000140505,CYP1A2
7323,ENSG00000140506,LMAN1L
7324,ENSG00000140511,HAPLN3
7325,ENSG00000140519,RHCG
7326,ENSG00000140521,POLG
7327,ENSG00000140522,RLBP1
7328,ENSG00000140525,FANCI
7329,ENSG00000140526,ABHD2
7330,ENSG00000140527,WDR93
7331,ENSG00000140534,TICRR
7332,ENSG00000140538,NTRK3
7333,ENSG00000140543,DET1
7334,ENSG00000140545,MFGE8
7335,ENSG00000140548,ZNF710
7336,ENSG00000140553,UNC45A
7337,ENSG00000140557,ST8SIA2
7338,ENSG00000140563,MCTP2
7339,ENSG00000140564,FURIN
7340,ENSG00000140575,IQGAP1
7341,ENSG00000140577,CRTC3
7342,ENSG00000140600,SH3GL3
7343,ENSG00000140612,SEC11A
7344,ENSG00000140632,GLYR1
7345,ENSG00000140650,PMM2
7346,ENSG00000140675,SLC5A2
7347,ENSG00000140678,ITGAX
7348,ENSG00000140682,TGFB1I1
7349,ENSG00000140691,ARMC5
7350,ENSG00000140718,FTO
7351,ENSG00000140740,UQCRC2
7352,ENSG00000140743,CDR2
7353,ENSG00000140749,IGSF6
7354,ENSG00000140750,ARHGAP17
7355,ENSG00000140795,MYLK3
7356,ENSG00000140798,ABCC12
7357,ENSG00000140807,NKD1
7358,ENSG00000140829,DHX38
7359,ENSG00000140830,TXNL4B
7360,ENSG00000140832,MARVELD3
7361,ENSG00000140835,CHST4
7362,ENSG00000140836,ZFHX3
7363,ENSG00000140839,CLEC18B
7364,ENSG00000140848,CPNE2
7365,ENSG00000140853,NLRC5
7366,ENSG00000140854,KATNB1
7367,ENSG00000140859,KIFC3
7368,ENSG00000140873,ADAMTS18
7369,ENSG00000140876,NUDT7
7370,ENSG00000140905,GCSH
7371,ENSG00000140931,CMTM3
7372,ENSG00000140932,CMTM2
7373,ENSG00000140937,CDH11
7374,ENSG00000140939,NOL3
7375,ENSG00000140941,MAP1LC3B
7376,ENSG00000140943,MBTPS1
7377,ENSG00000140945,CDH13
7378,ENSG00000140948,ZCCHC14
7379,ENSG00000140955,ADAD2
7380,ENSG00000140961,OSGIN1
7381,ENSG00000140968,IRF8
7382,ENSG00000140983,RHOT2
7383,ENSG00000140986,RPL3L
7384,ENSG00000140987,ZSCAN32
7385,ENSG00000140992,PDPK1
7386,ENSG00000140993,TIGD7
7387,ENSG00000140995,DEF8
7388,ENSG00000141002,TCF25
7389,ENSG00000141012,GALNS
7390,ENSG00000141026,MED9
7391,ENSG00000141027,NCOR1
7392,ENSG00000141030,COPS3
7393,ENSG00000141034,GID4
7394,ENSG00000141040,ZNF287
7395,ENSG00000141052,MYOCD
7396,ENSG00000141068,KSR1
7397,ENSG00000141084,RANBP10
7398,ENSG00000141086,CTRL
7399,ENSG00000141096,DPEP3
7400,ENSG00000141098,GFOD2
7401,ENSG00000141101,NOB1
7402,ENSG00000141127,PRPSAP2
7403,ENSG00000141161,UNC45B
7404,ENSG00000141179,PCTP
7405,ENSG00000141198,TOM1L1
7406,ENSG00000141232,TOB1
7407,ENSG00000141252,VPS53
7408,ENSG00000141255,SPATA22
7409,ENSG00000141258,SGSM2
7410,ENSG00000141279,NPEPPS
7411,ENSG00000141293,SKAP1
7412,ENSG00000141294,LRRC46
7413,ENSG00000141295,SCRN2
7414,ENSG00000141298,SSH2
7415,ENSG00000141314,RHBDL3
7416,ENSG00000141316,SPACA3
7417,ENSG00000141337,ARSG
7418,ENSG00000141338,ABCA8
7419,ENSG00000141349,G6PC3
7420,ENSG00000141367,CLTC
7421,ENSG00000141376,BCAS3
7422,ENSG00000141378,PTRH2
7423,ENSG00000141380,SS18
7424,ENSG00000141384,TAF4B
7425,ENSG00000141385,AFG3L2
7426,ENSG00000141391,PRELID3A
7427,ENSG00000141401,IMPA2
7428,ENSG00000141404,GNAL
7429,ENSG00000141424,SLC39A6
7430,ENSG00000141425,RPRD1A
7431,ENSG00000141429,GALNT1
7432,ENSG00000141431,ASXL3
7433,ENSG00000141433,ADCYAP1
7434,ENSG00000141434,MEP1B
7435,ENSG00000141437,SLC25A52
7436,ENSG00000141441,GAREM1
7437,ENSG00000141446,ESCO1
7438,ENSG00000141447,OSBPL1A
7439,ENSG00000141448,GATA6
7440,ENSG00000141449,GREB1L
7441,ENSG00000141456,PELP1
7442,ENSG00000141458,NPC1
7443,ENSG00000141469,SLC14A1
7444,ENSG00000141480,ARRB2
7445,ENSG00000141485,SLC13A5
7446,ENSG00000141497,ZMYND15
7447,ENSG00000141499,WRAP53
7448,ENSG00000141503,MINK1
7449,ENSG00000141504,SAT2
7450,ENSG00000141505,ASGR1
7451,ENSG00000141506,PIK3R5
7452,ENSG00000141510,TP53
7453,ENSG00000141519,CCDC40
7454,ENSG00000141522,ARHGDIA
7455,ENSG00000141524,TMC6
7456,ENSG00000141526,SLC16A3
7457,ENSG00000141527,CARD14
7458,ENSG00000141540,TTYH2
7459,ENSG00000141542,RAB40B
7460,ENSG00000141543,EIF4A3
7461,ENSG00000141551,CSNK1D
7462,ENSG00000141552,ANAPC11
7463,ENSG00000141556,TBCD
7464,ENSG00000141560,FN3KRP
7465,ENSG00000141562,NARF
7466,ENSG00000141564,RPTOR
7467,ENSG00000141568,FOXK2
7468,ENSG00000141569,TRIM65
7469,ENSG00000141570,CBX8
7470,ENSG00000141574,SECTM1
7471,ENSG00000141576,RNF157
7472,ENSG00000141577,CEP131
7473,ENSG00000141579,ZNF750
7474,ENSG00000141580,WDR45B
7475,ENSG00000141582,CBX4
7476,ENSG00000141627,DYM
7477,ENSG00000141639,MAPK4
7478,ENSG00000141642,ELAC1
7479,ENSG00000141644,MBD1
7480,ENSG00000141646,SMAD4
7481,ENSG00000141655,TNFRSF11A
7482,ENSG00000141664,ZCCHC2
7483,ENSG00000141665,FBXO15
7484,ENSG00000141668,CBLN2
7485,ENSG00000141682,PMAIP1
7486,ENSG00000141696,P3H4
7487,ENSG00000141698,NT5C3B
7488,ENSG00000141736,ERBB2
7489,ENSG00000141738,GRB7
7490,ENSG00000141741,MIEN1
7491,ENSG00000141744,PNMT
7492,ENSG00000141748,ARL5C
7493,ENSG00000141750,STAC2
7494,ENSG00000141753,IGFBP4
7495,ENSG00000141756,FKBP10
7496,ENSG00000141759,TXNL4A
7497,ENSG00000141837,CACNA1A
7498,ENSG00000141867,BRD4
7499,ENSG00000141873,SLC39A3
7500,ENSG00000141905,NFIC
7501,ENSG00000141933,TPGS1
7502,ENSG00000141934,PLPP2
7503,ENSG00000141946,ZIM3
7504,ENSG00000141956,PRDM15
7505,ENSG00000141959,PFKL
7506,ENSG00000141965,FEM1A
7507,ENSG00000141968,VAV1
7508,ENSG00000141971,MVB12A
7509,ENSG00000141977,CIB3
7510,ENSG00000141985,SH3GL1
7511,ENSG00000141994,DUS3L
7512,ENSG00000142002,DPP9
7513,ENSG00000142025,DMRTC2
7514,ENSG00000142039,CCDC97
7515,ENSG00000142046,TMEM91
7516,ENSG00000142065,ZFP14
7517,ENSG00000142082,SIRT3
7518,ENSG00000142089,IFITM3
7519,ENSG00000142149,HUNK
7520,ENSG00000142156,COL6A1
7521,ENSG00000142166,IFNAR1
7522,ENSG00000142168,SOD1
7523,ENSG00000142173,COL6A2
7524,ENSG00000142178,SIK1
7525,ENSG00000142182,DNMT3L
7526,ENSG00000142185,TRPM2
7527,ENSG00000142186,SCYL1
7528,ENSG00000142192,APP
7529,ENSG00000142207,URB1
7530,ENSG00000142208,AKT1
7531,ENSG00000142224,IL19
7532,ENSG00000142227,EMP3
7533,ENSG00000142230,SAE1
7534,ENSG00000142233,NTN5
7535,ENSG00000142235,LMTK3
7536,ENSG00000142252,GEMIN7
7537,ENSG00000142273,CBLC
7538,ENSG00000142279,WTIP
7539,ENSG00000142303,ADAMTS10
7540,ENSG00000142319,SLC6A3
7541,ENSG00000142327,RNPEPL1
7542,ENSG00000142330,CAPN10
7543,ENSG00000142347,MYO1F
7544,ENSG00000142396,ERVK3-1
7545,ENSG00000142405,NLRP12
7546,ENSG00000142408,CACNG8
7547,ENSG00000142409,ZNF787
7548,ENSG00000142449,FBN3
7549,ENSG00000142453,CARM1
7550,ENSG00000142459,EVI5L
7551,ENSG00000142484,TM4SF5
7552,ENSG00000142494,SLC47A1
7553,ENSG00000142507,PSMB6
7554,ENSG00000142512,SIGLEC10
7555,ENSG00000142515,KLK3
7556,ENSG00000142528,ZNF473
7557,ENSG00000142534,RPS11
7558,ENSG00000142538,PTH2
7559,ENSG00000142541,RPL13A
7560,ENSG00000142544,CTU1
7561,ENSG00000142546,NOSIP
7562,ENSG00000142549,IGLON5
7563,ENSG00000142552,RCN3
7564,ENSG00000142556,ZNF614
7565,ENSG00000142583,SLC2A5
7566,ENSG00000142599,RERE
7567,ENSG00000142606,MMEL1
7568,ENSG00000142609,CFAP74
7569,ENSG00000142611,PRDM16
7570,ENSG00000142615,CELA2A
7571,ENSG00000142619,PADI3
7572,ENSG00000142621,FHAD1
7573,ENSG00000142627,EPHA2
7574,ENSG00000142634,EFHD2
7575,ENSG00000142655,PEX14
7576,ENSG00000142657,PGD
7577,ENSG00000142661,MYOM3
7578,ENSG00000142669,SH3BGRL3
7579,ENSG00000142675,CNKSR1
7580,ENSG00000142676,RPL11
7581,ENSG00000142677,IL22RA1
7582,ENSG00000142684,ZNF593
7583,ENSG00000142686,C1orf216
7584,ENSG00000142687,KIAA0319L
7585,ENSG00000142694,EVA1B
7586,ENSG00000142698,C1orf94
7587,ENSG00000142700,DMRTA2
7588,ENSG00000142731,PLK4
7589,ENSG00000142733,MAP3K6
7590,ENSG00000142748,FCN3
7591,ENSG00000142751,GPN2
7592,ENSG00000142765,SYTL1
7593,ENSG00000142784,WDTC1
7594,ENSG00000142789,CELA3A
7595,ENSG00000142794,NBPF3
7596,ENSG00000142798,HSPG2
7597,ENSG00000142856,ITGB3BP
7598,ENSG00000142864,SERBP1
7599,ENSG00000142867,BCL10
7600,ENSG00000142875,PRKACB
7601,ENSG00000142892,PIGK
7602,ENSG00000142910,TINAGL1
7603,ENSG00000142920,AZIN2
7604,ENSG00000142937,RPS8
7605,ENSG00000142945,KIF2C
7606,ENSG00000142949,PTPRF
7607,ENSG00000142959,BEST4
7608,ENSG00000142961,MOB3C
7609,ENSG00000142973,CYP4B1
7610,ENSG00000143001,TMEM61
7611,ENSG00000143013,LMO4
7612,ENSG00000143028,SYPL2
7613,ENSG00000143032,BARHL2
7614,ENSG00000143033,MTF2
7615,ENSG00000143036,SLC44A3
7616,ENSG00000143061,IGSF3
7617,ENSG00000143067,ZNF697
7618,ENSG00000143079,CTTNBP2NL
7619,ENSG00000143093,STRIP1
7620,ENSG00000143106,PSMA5
7621,ENSG00000143107,FNDC7
7622,ENSG00000143110,C1orf162
7623,ENSG00000143119,CD53
7624,ENSG00000143125,PROK1
7625,ENSG00000143126,CELSR2
7626,ENSG00000143127,ITGA10
7627,ENSG00000143147,GPR161
7628,ENSG00000143149,ALDH9A1
7629,ENSG00000143153,ATP1B1
7630,ENSG00000143155,TIPRL
7631,ENSG00000143156,NME7
7632,ENSG00000143157,POGK
7633,ENSG00000143158,MPC2
7634,ENSG00000143162,CREG1
7635,ENSG00000143164,DCAF6
7636,ENSG00000143167,GPA33
7637,ENSG00000143171,RXRG
7638,ENSG00000143178,TBX19
7639,ENSG00000143179,UCK2
7640,ENSG00000143183,TMCO1
7641,ENSG00000143184,XCL1
7642,ENSG00000143185,XCL2
7643,ENSG00000143190,POU2F1
7644,ENSG00000143194,MAEL
7645,ENSG00000143195,ILDR2
7646,ENSG00000143196,DPT
7647,ENSG00000143198,MGST3
7648,ENSG00000143199,ADCY10
7649,ENSG00000143222,UFC1
7650,ENSG00000143224,PPOX
7651,ENSG00000143226,FCGR2A
7652,ENSG00000143228,NUF2
7653,ENSG00000143248,RGS5
7654,ENSG00000143252,SDHC
7655,ENSG00000143256,PFDN2
7656,ENSG00000143257,NR1I3
7657,ENSG00000143258,USP21
7658,ENSG00000143294,PRCC
7659,ENSG00000143297,FCRL5
7660,ENSG00000143314,MRPL24
7661,ENSG00000143315,PIGM
7662,ENSG00000143318,CASQ1
7663,ENSG00000143319,ISG20L2
7664,ENSG00000143320,CRABP2
7665,ENSG00000143321,HDGF
7666,ENSG00000143322,ABL2
7667,ENSG00000143324,XPR1
7668,ENSG00000143333,RGS16
7669,ENSG00000143337,TOR1AIP1
7670,ENSG00000143340,FAM163A
7671,ENSG00000143341,HMCN1
7672,ENSG00000143344,RGL1
7673,ENSG00000143353,LYPLAL1
7674,ENSG00000143355,LHX9
7675,ENSG00000143365,RORC
7676,ENSG00000143367,TUFT1
7677,ENSG00000143368,SF3B4
7678,ENSG00000143369,ECM1
7679,ENSG00000143373,ZNF687
7680,ENSG00000143374,TARS2
7681,ENSG00000143375,CGN
7682,ENSG00000143376,SNX27
7683,ENSG00000143379,SETDB1
7684,ENSG00000143382,ADAMTSL4
7685,ENSG00000143384,MCL1
7686,ENSG00000143387,CTSK
7687,ENSG00000143390,RFX5
7688,ENSG00000143393,PI4KB
7689,ENSG00000143398,PIP5K1A
7690,ENSG00000143401,ANP32E
7691,ENSG00000143412,ANXA9
7692,ENSG00000143416,SELENBP1
7693,ENSG00000143418,CERS2
7694,ENSG00000143420,ENSA
7695,ENSG00000143434,SEMA6C
7696,ENSG00000143436,MRPL9
7697,ENSG00000143437,ARNT
7698,ENSG00000143442,POGZ
7699,ENSG00000143443,C1orf56
7700,ENSG00000143450,OAZ3
7701,ENSG00000143452,HORMAD1
7702,ENSG00000143457,GOLPH3L
7703,ENSG00000143458,GABPB2
7704,ENSG00000143469,SYT14
7705,ENSG00000143473,KCNH1
7706,ENSG00000143476,DTL
7707,ENSG00000143479,DYRK3
7708,ENSG00000143486,EIF2D
7709,ENSG00000143493,INTS7
7710,ENSG00000143494,VASH2
7711,ENSG00000143498,TAF1A
7712,ENSG00000143499,SMYD2
7713,ENSG00000143502,SUSD4
7714,ENSG00000143507,DUSP10
7715,ENSG00000143512,HHIPL2
7716,ENSG00000143514,TP53BP2
7717,ENSG00000143515,ATP8B2
7718,ENSG00000143520,FLG2
7719,ENSG00000143536,CRNN
7720,ENSG00000143537,ADAM15
7721,ENSG00000143543,JTB
7722,ENSG00000143545,RAB13
7723,ENSG00000143546,S100A8
7724,ENSG00000143549,TPM3
7725,ENSG00000143552,NUP210L
7726,ENSG00000143553,SNAPIN
7727,ENSG00000143554,SLC27A3
7728,ENSG00000143556,S100A7
7729,ENSG00000143569,UBAP2L
7730,ENSG00000143570,SLC39A1
7731,ENSG00000143575,HAX1
7732,ENSG00000143578,CREB3L4
7733,ENSG00000143590,EFNA3
7734,ENSG00000143595,AQP10
7735,ENSG00000143603,KCNN3
7736,ENSG00000143621,ILF2
7737,ENSG00000143622,RIT1
7738,ENSG00000143630,HCN3
7739,ENSG00000143631,FLG
7740,ENSG00000143632,ACTA1
7741,ENSG00000143641,GALNT2
7742,ENSG00000143643,TTC13
7743,ENSG00000143653,SCCPDH
7744,ENSG00000143669,LYST
7745,ENSG00000143702,CEP170
7746,ENSG00000143727,ACP1
7747,ENSG00000143740,SNAP47
7748,ENSG00000143742,SRP9
7749,ENSG00000143748,NVL
7750,ENSG00000143751,SDE2
7751,ENSG00000143753,DEGS1
7752,ENSG00000143756,FBXO28
7753,ENSG00000143761,ARF1
7754,ENSG00000143768,LEFTY2
7755,ENSG00000143771,CNIH4
7756,ENSG00000143772,ITPKB
7757,ENSG00000143774,GUK1
7758,ENSG00000143776,CDC42BPA
7759,ENSG00000143786,CNIH3
7760,ENSG00000143793,C1orf35
7761,ENSG00000143797,MBOAT2
7762,ENSG00000143799,PARP1
7763,ENSG00000143801,PSEN2
7764,ENSG00000143811,PYCR2
7765,ENSG00000143815,LBR
7766,ENSG00000143816,WNT9A
7767,ENSG00000143819,EPHX1
7768,ENSG00000143839,REN
7769,ENSG00000143842,SOX13
7770,ENSG00000143845,ETNK2
7771,ENSG00000143847,PPFIA4
7772,ENSG00000143850,PLEKHA6
7773,ENSG00000143851,PTPN7
7774,ENSG00000143858,SYT2
7775,ENSG00000143862,ARL8A
7776,ENSG00000143867,OSR1
7777,ENSG00000143869,GDF7
7778,ENSG00000143870,PDIA6
7779,ENSG00000143878,RHOB
7780,ENSG00000143882,ATP6V1C2
7781,ENSG00000143889,HNRNPLL
7782,ENSG00000143891,GALM
7783,ENSG00000143919,CAMKMT
7784,ENSG00000143921,ABCG8
7785,ENSG00000143924,EML4
7786,ENSG00000143933,CALM2
7787,ENSG00000143942,CHAC2
7788,ENSG00000143947,RPS27A
7789,ENSG00000143951,WDPCP
7790,ENSG00000143952,VPS54
7791,ENSG00000143954,REG3G
7792,ENSG00000143970,ASXL2
7793,ENSG00000143971,ETAA1
7794,ENSG00000143977,SNRPG
7795,ENSG00000143994,ABHD1
7796,ENSG00000143995,MEIS1
7797,ENSG00000144021,CIAO1
7798,ENSG00000144026,ZNF514
7799,ENSG00000144028,SNRNP200
7800,ENSG00000144029,MRPS5
7801,ENSG00000144031,ANKRD53
7802,ENSG00000144036,EXOC6B
7803,ENSG00000144040,SFXN5
7804,ENSG00000144043,TEX261
7805,ENSG00000144045,DQX1
7806,ENSG00000144057,ST6GAL2
7807,ENSG00000144061,NPHP1
7808,ENSG00000144063,MALL
7809,ENSG00000144115,THNSL2
7810,ENSG00000144118,RALB
7811,ENSG00000144119,C1QL2
7812,ENSG00000144120,TMEM177
7813,ENSG00000144130,NT5DC4
7814,ENSG00000144134,RABL2A
7815,ENSG00000144136,SLC20A1
7816,ENSG00000144152,FBLN7
7817,ENSG00000144161,ZC3H8
7818,ENSG00000144182,LIPT1
7819,ENSG00000144191,CNGA3
7820,ENSG00000144214,LYG1
7821,ENSG00000144218,AFF3
7822,ENSG00000144224,UBXN4
7823,ENSG00000144227,NXPH2
7824,ENSG00000144228,SPOPL
7825,ENSG00000144229,THSD7B
7826,ENSG00000144230,GPR17
7827,ENSG00000144231,POLR2D
7828,ENSG00000144233,AMMECR1L
7829,ENSG00000144278,GALNT13
7830,ENSG00000144283,PKP4
7831,ENSG00000144285,SCN1A
7832,ENSG00000144290,SLC4A10
7833,ENSG00000144306,SCRN3
7834,ENSG00000144331,ZNF385B
7835,ENSG00000144339,TMEFF2
7836,ENSG00000144354,CDCA7
7837,ENSG00000144355,DLX1
7838,ENSG00000144357,UBR3
7839,ENSG00000144362,PHOSPHO2
7840,ENSG00000144366,GULP1
7841,ENSG00000144369,FAM171B
7842,ENSG00000144381,HSPD1
7843,ENSG00000144395,CCDC150
7844,ENSG00000144401,METTL21A
7845,ENSG00000144406,UNC80
7846,ENSG00000144407,PTH2R
7847,ENSG00000144410,CPO
7848,ENSG00000144426,NBEAL1
7849,ENSG00000144445,KANSL1L
7850,ENSG00000144451,SPAG16
7851,ENSG00000144452,ABCA12
7852,ENSG00000144455,SUMF1
7853,ENSG00000144460,NYAP2
7854,ENSG00000144468,RHBDD1
7855,ENSG00000144476,ACKR3
7856,ENSG00000144481,TRPM8
7857,ENSG00000144485,HES6
7858,ENSG00000144488,ESPNL
7859,ENSG00000144504,ANKMY1
7860,ENSG00000144524,COPS7B
7861,ENSG00000144535,DIS3L2
7862,ENSG00000144550,CPNE9
7863,ENSG00000144554,FANCD2
7864,ENSG00000144559,TAMM41
7865,ENSG00000144560,VGLL4
7866,ENSG00000144566,RAB5A
7867,ENSG00000144579,CTDSP1
7868,ENSG00000144589,STK11IP
7869,ENSG00000144591,GMPPA
7870,ENSG00000144596,GRIP2
7871,ENSG00000144597,EAF1
7872,ENSG00000144619,CNTN4
7873,ENSG00000144635,DYNC1LI1
7874,ENSG00000144642,RBMS3
7875,ENSG00000144644,GADL1
7876,ENSG00000144645,OSBPL10
7877,ENSG00000144647,POMGNT2
7878,ENSG00000144648,ACKR2
7879,ENSG00000144655,CSRNP1
7880,ENSG00000144659,SLC25A38
7881,ENSG00000144671,SLC22A14
7882,ENSG00000144674,GOLGA4
7883,ENSG00000144677,CTDSPL
7884,ENSG00000144681,STAC
7885,ENSG00000144711,IQSEC1
7886,ENSG00000144712,CAND2
7887,ENSG00000144713,RPL32
7888,ENSG00000144724,PTPRG
7889,ENSG00000144730,IL17RD
7890,ENSG00000144736,SHQ1
7891,ENSG00000144741,SLC25A26
7892,ENSG00000144744,UBA3
7893,ENSG00000144746,ARL6IP5
7894,ENSG00000144747,TMF1
7895,ENSG00000144749,LRIG1
7896,ENSG00000144771,LRTM1
7897,ENSG00000144791,LIMD1
7898,ENSG00000144802,NFKBIZ
7899,ENSG00000144810,COL8A1
7900,ENSG00000144815,NXPE3
7901,ENSG00000144820,ADGRG7
7902,ENSG00000144821,MYH15
7903,ENSG00000144824,PHLDB2
7904,ENSG00000144827,ABHD10
7905,ENSG00000144834,TAGLN3
7906,ENSG00000144837,PLA1A
7907,ENSG00000144840,RABL3
7908,ENSG00000144843,ADPRH
7909,ENSG00000144847,IGSF11
7910,ENSG00000144848,ATG3
7911,ENSG00000144852,NR1I2
7912,ENSG00000144857,BOC
7913,ENSG00000144867,SRPRB
7914,ENSG00000144868,TMEM108
7915,ENSG00000144891,AGTR1
7916,ENSG00000144893,MED12L
7917,ENSG00000144895,EIF2A
7918,ENSG00000144908,ALDH1L1
7919,ENSG00000144909,OSBPL11
7920,ENSG00000144935,TRPC1
7921,ENSG00000144959,NCEH1
7922,ENSG00000144962,SPATA16
7923,ENSG00000145002,FAM86B2
7924,ENSG00000145012,LPP
7925,ENSG00000145014,TMEM44
7926,ENSG00000145016,RUBCN
7927,ENSG00000145020,AMT
7928,ENSG00000145022,TCTA
7929,ENSG00000145029,NICN1
7930,ENSG00000145040,UCN2
7931,ENSG00000145050,MANF
7932,ENSG00000145087,STXBP5L
7933,ENSG00000145088,EAF2
7934,ENSG00000145103,ILDR1
7935,ENSG00000145107,TM4SF19
7936,ENSG00000145147,SLIT2
7937,ENSG00000145191,EIF2B5
7938,ENSG00000145192,AHSG
7939,ENSG00000145194,ECE2
7940,ENSG00000145198,VWA5B2
7941,ENSG00000145214,DGKQ
7942,ENSG00000145216,FIP1L1
7943,ENSG00000145217,SLC26A1
7944,ENSG00000145220,LYAR
7945,ENSG00000145241,CENPC
7946,ENSG00000145242,EPHA5
7947,ENSG00000145244,CORIN
7948,ENSG00000145246,ATP10D
7949,ENSG00000145247,OCIAD2
7950,ENSG00000145248,SLC10A4
7951,ENSG00000145283,SLC10A6
7952,ENSG00000145284,SCD5
7953,ENSG00000145287,PLAC8
7954,ENSG00000145293,ENOPH1
7955,ENSG00000145321,GC
7956,ENSG00000145331,TRMT10A
7957,ENSG00000145332,KLHL8
7958,ENSG00000145335,SNCA
7959,ENSG00000145337,PYURF
7960,ENSG00000145348,TBCK
7961,ENSG00000145349,CAMK2D
7962,ENSG00000145354,CISD2
7963,ENSG00000145358,DDIT4L
7964,ENSG00000145362,ANK2
7965,ENSG00000145365,TIFA
7966,ENSG00000145384,FABP2
7967,ENSG00000145386,CCNA2
7968,ENSG00000145388,METTL14
7969,ENSG00000145390,USP53
7970,ENSG00000145391,SETD7
7971,ENSG00000145414,NAF1
7972,ENSG00000145423,SFRP2
7973,ENSG00000145425,RPS3A
7974,ENSG00000145428,RNF175
7975,ENSG00000145431,PDGFC
7976,ENSG00000145439,CBR4
7977,ENSG00000145451,GLRA3
7978,ENSG00000145476,CYP4V2
7979,ENSG00000145491,ROPN1L
7980,ENSG00000145494,NDUFS6
7981,ENSG00000145526,CDH18
7982,ENSG00000145536,ADAMTS16
7983,ENSG00000145545,SRD5A1
7984,ENSG00000145555,MYO10
7985,ENSG00000145592,RPL37
7986,ENSG00000145604,SKP2
7987,ENSG00000145623,OSMR
7988,ENSG00000145626,UGT3A1
7989,ENSG00000145632,PLK2
7990,ENSG00000145649,GZMA
7991,ENSG00000145675,PIK3R1
7992,ENSG00000145681,HAPLN1
7993,ENSG00000145685,LHFPL2
7994,ENSG00000145687,SSBP2
7995,ENSG00000145692,BHMT
7996,ENSG00000145700,ANKRD31
7997,ENSG00000145703,IQGAP2
7998,ENSG00000145708,CRHBP
7999,ENSG00000145715,RASA1
8000,ENSG00000145721,LIX1
8001,ENSG00000145723,GIN1
8002,ENSG00000145725,PPIP5K2
8003,ENSG00000145730,PAM
8004,ENSG00000145740,SLC30A5
8005,ENSG00000145741,BTF3
8006,ENSG00000145743,FBXL17
8007,ENSG00000145757,SPATA9
8008,ENSG00000145777,TSLP
8009,ENSG00000145779,TNFAIP8
8010,ENSG00000145780,FEM1C
8011,ENSG00000145781,COMMD10
8012,ENSG00000145782,ATG12
8013,ENSG00000145794,MEGF10
8014,ENSG00000145808,ADAMTS19
8015,ENSG00000145817,YIPF5
8016,ENSG00000145819,ARHGAP26
8017,ENSG00000145824,CXCL14
8018,ENSG00000145826,LECT2
8019,ENSG00000145832,SLC25A48
8020,ENSG00000145833,DDX46
8021,ENSG00000145850,TIMD4
8022,ENSG00000145860,RNF145
8023,ENSG00000145861,C1QTNF2
8024,ENSG00000145863,GABRA6
8025,ENSG00000145864,GABRB2
8026,ENSG00000145868,FBXO38
8027,ENSG00000145879,SPINK7
8028,ENSG00000145882,PCYOX1L
8029,ENSG00000145888,GLRA1
8030,ENSG00000145901,TNIP1
8031,ENSG00000145907,G3BP1
8032,ENSG00000145908,ZNF300
8033,ENSG00000145911,N4BP3
8034,ENSG00000145912,NHP2
8035,ENSG00000145916,RMND5B
8036,ENSG00000145919,BOD1
8037,ENSG00000145920,CPLX2
8038,ENSG00000145934,TENM2
8039,ENSG00000145936,KCNMB1
8040,ENSG00000145945,FAM50B
8041,ENSG00000145949,MYLK4
8042,ENSG00000145979,TBC1D7
8043,ENSG00000145982,FARS2
8044,ENSG00000145990,GFOD1
8045,ENSG00000145996,CDKAL1
8046,ENSG00000146005,PSD2
8047,ENSG00000146006,LRRTM2
8048,ENSG00000146007,ZMAT2
8049,ENSG00000146013,GFRA3
8050,ENSG00000146021,KLHL3
8051,ENSG00000146038,DCDC2
8052,ENSG00000146039,SLC17A4
8053,ENSG00000146049,KAAG1
8054,ENSG00000146054,TRIM7
8055,ENSG00000146063,TRIM41
8056,ENSG00000146066,HIGD2A
8057,ENSG00000146067,FAM193B
8058,ENSG00000146070,PLA2G7
8059,ENSG00000146072,TNFRSF21
8060,ENSG00000146083,RNF44
8061,ENSG00000146090,RASGEF1C
8062,ENSG00000146094,DOK3
8063,ENSG00000146122,DAAM2
8064,ENSG00000146143,PRIM2
8065,ENSG00000146147,MLIP
8066,ENSG00000146151,HMGCLL1
8067,ENSG00000146166,LGSN
8068,ENSG00000146192,FGD2
8069,ENSG00000146197,SCUBE3
8070,ENSG00000146205,ANO7
8071,ENSG00000146215,CRIP3
8072,ENSG00000146216,TTBK1
8073,ENSG00000146223,RPL7L1
8074,ENSG00000146232,NFKBIE
8075,ENSG00000146233,CYP39A1
8076,ENSG00000146242,TPBG
8077,ENSG00000146243,IRAK1BP1
8078,ENSG00000146247,PHIP
8079,ENSG00000146250,PRSS35
8080,ENSG00000146263,MMS22L
8081,ENSG00000146267,FAXC
8082,ENSG00000146276,GABRR1
8083,ENSG00000146278,PNRC1
8084,ENSG00000146281,PM20D2
8085,ENSG00000146282,RARS2
8086,ENSG00000146285,SCML4
8087,ENSG00000146350,TBC1D32
8088,ENSG00000146352,CLVS2
8089,ENSG00000146360,GPR6
8090,ENSG00000146373,RNF217
8091,ENSG00000146374,RSPO3
8092,ENSG00000146376,ARHGAP18
8093,ENSG00000146378,TAAR2
8094,ENSG00000146386,ABRACL
8095,ENSG00000146409,SLC18B1
8096,ENSG00000146410,MTFR2
8097,ENSG00000146411,SLC2A12
8098,ENSG00000146414,SHPRH
8099,ENSG00000146416,AIG1
8100,ENSG00000146425,DYNLT1
8101,ENSG00000146426,TIAM2
8102,ENSG00000146433,TMEM181
8103,ENSG00000146453,PNLDC1
8104,ENSG00000146457,WTAP
8105,ENSG00000146463,ZMYM4
8106,ENSG00000146469,VIP
8107,ENSG00000146477,SLC22A3
8108,ENSG00000146530,VWDE
8109,ENSG00000146535,GNA12
8110,ENSG00000146555,SDK1
8111,ENSG00000146574,CCZ1B
8112,ENSG00000146587,RBAK
8113,ENSG00000146592,CREB5
8114,ENSG00000146648,EGFR
8115,ENSG00000146666,LINC00525
8116,ENSG00000146670,CDCA5
8117,ENSG00000146674,IGFBP3
8118,ENSG00000146676,PURB
8119,ENSG00000146678,IGFBP1
8120,ENSG00000146700,SSC4D
8121,ENSG00000146701,MDH2
8122,ENSG00000146707,POMZP3
8123,ENSG00000146731,CCT6A
8124,ENSG00000146733,PSPH
8125,ENSG00000146755,TRIM50
8126,ENSG00000146757,ZNF92
8127,ENSG00000146776,ATXN7L1
8128,ENSG00000146802,TMEM168
8129,ENSG00000146809,ASB15
8130,ENSG00000146828,SLC12A9
8131,ENSG00000146830,GIGYF1
8132,ENSG00000146833,TRIM4
8133,ENSG00000146839,ZAN
8134,ENSG00000146842,TMEM209
8135,ENSG00000146856,AGBL3
8136,ENSG00000146857,STRA8
8137,ENSG00000146858,ZC3HAV1L
8138,ENSG00000146859,TMEM140
8139,ENSG00000146872,TLK2
8140,ENSG00000146909,NOM1
8141,ENSG00000146910,CNPY1
8142,ENSG00000146918,NCAPG2
8143,ENSG00000146926,ASB10
8144,ENSG00000146938,NLGN4X
8145,ENSG00000146950,SHROOM2
8146,ENSG00000146955,RAB19
8147,ENSG00000146963,LUC7L2
8148,ENSG00000146966,DENND2A
8149,ENSG00000147010,SH3KBP1
8150,ENSG00000147027,TMEM47
8151,ENSG00000147036,LANCL3
8152,ENSG00000147041,SYTL5
8153,ENSG00000147044,CASK
8154,ENSG00000147050,KDM6A
8155,ENSG00000147059,SPIN2A
8156,ENSG00000147065,MSN
8157,ENSG00000147081,AKAP4
8158,ENSG00000147082,CCNB3
8159,ENSG00000147099,HDAC8
8160,ENSG00000147100,SLC16A2
8161,ENSG00000147117,ZNF157
8162,ENSG00000147118,ZNF182
8163,ENSG00000147119,CHST7
8164,ENSG00000147123,NDUFB11
8165,ENSG00000147124,ZNF41
8166,ENSG00000147127,RAB41
8167,ENSG00000147130,ZMYM3
8168,ENSG00000147133,TAF1
8169,ENSG00000147138,GPR174
8170,ENSG00000147140,NONO
8171,ENSG00000147145,LPAR4
8172,ENSG00000147155,EBP
8173,ENSG00000147160,AWAT2
8174,ENSG00000147162,OGT
8175,ENSG00000147164,SNX12
8176,ENSG00000147166,ITGB1BP2
8177,ENSG00000147168,IL2RG
8178,ENSG00000147180,ZNF711
8179,ENSG00000147183,CPXCR1
8180,ENSG00000147202,DIAPH2
8181,ENSG00000147206,NXF3
8182,ENSG00000147223,RIPPLY1
8183,ENSG00000147224,PRPS1
8184,ENSG00000147234,FRMPD3
8185,ENSG00000147246,HTR2C
8186,ENSG00000147251,DOCK11
8187,ENSG00000147255,IGSF1
8188,ENSG00000147256,ARHGAP36
8189,ENSG00000147257,GPC3
8190,ENSG00000147274,RBMX
8191,ENSG00000147316,MCPH1
8192,ENSG00000147364,FBXO25
8193,ENSG00000147378,FATE1
8194,ENSG00000147381,MAGEA4
8195,ENSG00000147383,NSDHL
8196,ENSG00000147394,ZNF185
8197,ENSG00000147400,CETN2
8198,ENSG00000147403,RPL10
8199,ENSG00000147408,CSGALNACT1
8200,ENSG00000147416,ATP6V1B2
8201,ENSG00000147419,CCDC25
8202,ENSG00000147421,HMBOX1
8203,ENSG00000147432,CHRNB3
8204,ENSG00000147434,CHRNA6
8205,ENSG00000147437,GNRH1
8206,ENSG00000147439,BIN3
8207,ENSG00000147443,DOK2
8208,ENSG00000147454,SLC25A37
8209,ENSG00000147457,CHMP7
8210,ENSG00000147459,DOCK5
8211,ENSG00000147465,STAR
8212,ENSG00000147475,ERLIN2
8213,ENSG00000147481,SNTG1
8214,ENSG00000147485,PXDNL
8215,ENSG00000147488,ST18
8216,ENSG00000147509,RGS20
8217,ENSG00000147526,TACC1
8218,ENSG00000147533,GOLGA7
8219,ENSG00000147535,PLPP5
8220,ENSG00000147536,GINS4
8221,ENSG00000147570,DNAJC5B
8222,ENSG00000147571,CRH
8223,ENSG00000147573,TRIM55
8224,ENSG00000147576,ADHFE1
8225,ENSG00000147586,MRPS28
8226,ENSG00000147588,PMP2
8227,ENSG00000147592,LACTB2
8228,ENSG00000147596,PRDM14
8229,ENSG00000147601,TERF1
8230,ENSG00000147604,RPL7
8231,ENSG00000147606,SLC26A7
8232,ENSG00000147613,PSKH2
8233,ENSG00000147614,ATP6V0D2
8234,ENSG00000147642,SYBU
8235,ENSG00000147647,DPYS
8236,ENSG00000147649,MTDH
8237,ENSG00000147650,LRP12
8238,ENSG00000147654,EBAG9
8239,ENSG00000147655,RSPO2
8240,ENSG00000147669,POLR2K
8241,ENSG00000147676,MAL2
8242,ENSG00000147677,EIF3H
8243,ENSG00000147679,UTP23
8244,ENSG00000147684,NDUFB9
8245,ENSG00000147689,FAM83A
8246,ENSG00000147724,FAM135B
8247,ENSG00000147753,TTTY7
8248,ENSG00000147789,ZNF7
8249,ENSG00000147799,ARHGAP39
8250,ENSG00000147804,SLC39A4
8251,ENSG00000147852,VLDLR
8252,ENSG00000147853,AK3
8253,ENSG00000147854,UHRF2
8254,ENSG00000147862,NFIB
8255,ENSG00000147869,CER1
8256,ENSG00000147872,PLIN2
8257,ENSG00000147873,IFNA5
8258,ENSG00000147874,HAUS6
8259,ENSG00000147883,CDKN2B
8260,ENSG00000147889,CDKN2A
8261,ENSG00000147894,C9orf72
8262,ENSG00000147896,IFNK
8263,ENSG00000147905,ZCCHC7
8264,ENSG00000147912,FBXO10
8265,ENSG00000147955,SIGMAR1
8266,ENSG00000148019,CEP78
8267,ENSG00000148053,NTRK2
8268,ENSG00000148057,IDNK
8269,ENSG00000148082,SHC3
8270,ENSG00000148090,AUH
8271,ENSG00000148123,PLPPR1
8272,ENSG00000148143,ZNF462
8273,ENSG00000148153,INIP
8274,ENSG00000148154,UGCG
8275,ENSG00000148156,ACTL7B
8276,ENSG00000148158,SNX30
8277,ENSG00000148175,STOM
8278,ENSG00000148180,GSN
8279,ENSG00000148187,MRRF
8280,ENSG00000148200,NR6A1
8281,ENSG00000148204,CRB2
8282,ENSG00000148218,ALAD
8283,ENSG00000148219,ASTN2
8284,ENSG00000148225,WDR31
8285,ENSG00000148229,POLE3
8286,ENSG00000148248,SURF4
8287,ENSG00000148288,GBGT1
8288,ENSG00000148291,SURF2
8289,ENSG00000148300,REXO4
8290,ENSG00000148303,RPL7A
8291,ENSG00000148308,GTF3C5
8292,ENSG00000148331,ASB6
8293,ENSG00000148334,PTGES2
8294,ENSG00000148335,NTMT1
8295,ENSG00000148337,CIZ1
8296,ENSG00000148339,SLC25A25
8297,ENSG00000148341,SH3GLB2
8298,ENSG00000148344,PTGES
8299,ENSG00000148346,LCN2
8300,ENSG00000148356,LRSAM1
8301,ENSG00000148357,HMCN2
8302,ENSG00000148358,GPR107
8303,ENSG00000148377,IDI2
8304,ENSG00000148384,INPP5E
8305,ENSG00000148396,SEC16A
8306,ENSG00000148399,DPH7
8307,ENSG00000148400,NOTCH1
8308,ENSG00000148408,CACNA1B
8309,ENSG00000148411,NACC2
8310,ENSG00000148426,PROSER2
8311,ENSG00000148429,USP6NL
8312,ENSG00000148444,COMMD3
8313,ENSG00000148450,MSRB2
8314,ENSG00000148459,PDSS1
8315,ENSG00000148468,FAM171A1
8316,ENSG00000148482,SLC39A12
8317,ENSG00000148483,TMEM236
8318,ENSG00000148484,RSU1
8319,ENSG00000148488,ST8SIA6
8320,ENSG00000148498,PARD3
8321,ENSG00000148513,ANKRD30A
8322,ENSG00000148516,ZEB1
8323,ENSG00000148541,FAM13C
8324,ENSG00000148572,NRBF2
8325,ENSG00000148584,A1CF
8326,ENSG00000148600,CDHR1
8327,ENSG00000148604,RGR
8328,ENSG00000148606,POLR3A
8329,ENSG00000148634,HERC4
8330,ENSG00000148660,CAMK2G
8331,ENSG00000148671,ADIRF
8332,ENSG00000148672,GLUD1
8333,ENSG00000148677,ANKRD1
8334,ENSG00000148680,HTR7
8335,ENSG00000148688,RPP30
8336,ENSG00000148690,FRA10AC1
8337,ENSG00000148700,ADD3
8338,ENSG00000148702,HABP2
8339,ENSG00000148704,VAX1
8340,ENSG00000148719,DNAJB12
8341,ENSG00000148730,EIF4EBP2
8342,ENSG00000148734,NPFFR1
8343,ENSG00000148735,PLEKHS1
8344,ENSG00000148737,TCF7L2
8345,ENSG00000148773,MKI67
8346,ENSG00000148795,CYP17A1
8347,ENSG00000148798,INA
8348,ENSG00000148803,FUOM
8349,ENSG00000148814,LRRC27
8350,ENSG00000148824,MTG1
8351,ENSG00000148826,NKX6-2
8352,ENSG00000148832,PAOX
8353,ENSG00000148834,GSTO1
8354,ENSG00000148835,TAF5
8355,ENSG00000148840,PPRC1
8356,ENSG00000148841,ITPRIP
8357,ENSG00000148842,CNNM2
8358,ENSG00000148843,PDCD11
8359,ENSG00000148848,ADAM12
8360,ENSG00000148908,RGS10
8361,ENSG00000148925,BTBD10
8362,ENSG00000148926,ADM
8363,ENSG00000148935,GAS2
8364,ENSG00000148942,SLC5A12
8365,ENSG00000148943,LIN7C
8366,ENSG00000148948,LRRC4C
8367,ENSG00000148950,IMMP1L
8368,ENSG00000148965,SAA4
8369,ENSG00000148985,PGAP2
8370,ENSG00000149016,TUT1
8371,ENSG00000149021,SCGB1A1
8372,ENSG00000149050,ZNF214
8373,ENSG00000149054,ZNF215
8374,ENSG00000149084,HSD17B12
8375,ENSG00000149089,APIP
8376,ENSG00000149090,PAMR1
8377,ENSG00000149091,DGKZ
8378,ENSG00000149100,EIF3M
8379,ENSG00000149115,TNKS1BP1
8380,ENSG00000149124,GLYAT
8381,ENSG00000149131,SERPING1
8382,ENSG00000149136,SSRP1
8383,ENSG00000149150,SLC43A1
8384,ENSG00000149177,PTPRJ
8385,ENSG00000149182,ARFGAP2
8386,ENSG00000149187,CELF1
8387,ENSG00000149201,CCDC81
8388,ENSG00000149212,SESN3
8389,ENSG00000149218,ENDOD1
8390,ENSG00000149231,CCDC82
8391,ENSG00000149243,KLHL35
8392,ENSG00000149256,TENM4
8393,ENSG00000149257,SERPINH1
8394,ENSG00000149260,CAPN5
8395,ENSG00000149262,INTS4
8396,ENSG00000149269,PAK1
8397,ENSG00000149273,RPS3
8398,ENSG00000149289,ZC3H12C
8399,ENSG00000149292,TTC12
8400,ENSG00000149294,NCAM1
8401,ENSG00000149295,DRD2
8402,ENSG00000149300,C11orf52
8403,ENSG00000149305,HTR3B
8404,ENSG00000149308,NPAT
8405,ENSG00000149311,ATM
8406,ENSG00000149313,AASDHPPT
8407,ENSG00000149328,GLB1L2
8408,ENSG00000149346,SLX4IP
8409,ENSG00000149357,LAMTOR1
8410,ENSG00000149380,P4HA3
8411,ENSG00000149403,GRIK4
8412,ENSG00000149418,ST14
8413,ENSG00000149435,GGTLC1
8414,ENSG00000149451,ADAM33
8415,ENSG00000149452,SLC22A8
8416,ENSG00000149476,TKFC
8417,ENSG00000149480,MTA2
8418,ENSG00000149483,TMEM138
8419,ENSG00000149485,FADS1
8420,ENSG00000149488,TMC2
8421,ENSG00000149489,ROM1
8422,ENSG00000149499,EML3
8423,ENSG00000149503,INCENP
8424,ENSG00000149506,ZP1
8425,ENSG00000149516,MS4A3
8426,ENSG00000149527,PLCH2
8427,ENSG00000149532,CPSF7
8428,ENSG00000149534,MS4A2
8429,ENSG00000149541,B3GAT3
8430,ENSG00000149547,EI24
8431,ENSG00000149548,CCDC15
8432,ENSG00000149554,CHEK1
8433,ENSG00000149557,FEZ1
8434,ENSG00000149564,ESAM
8435,ENSG00000149571,KIRREL3
8436,ENSG00000149573,MPZL2
8437,ENSG00000149575,SCN2B
8438,ENSG00000149577,SIDT2
8439,ENSG00000149582,TMEM25
8440,ENSG00000149591,TAGLN
8441,ENSG00000149596,JPH2
8442,ENSG00000149599,DUSP15
8443,ENSG00000149600,COMMD7
8444,ENSG00000149609,C20orf144
8445,ENSG00000149633,KIAA1755
8446,ENSG00000149634,SPATA25
8447,ENSG00000149635,OCSTAMP
8448,ENSG00000149636,DSN1
8449,ENSG00000149646,CNBD2
8450,ENSG00000149651,SPINT4
8451,ENSG00000149654,CDH22
8452,ENSG00000149657,LSM14B
8453,ENSG00000149658,YTHDF1
8454,ENSG00000149679,CABLES2
8455,ENSG00000149735,GPHA2
8456,ENSG00000149742,SLC22A9
8457,ENSG00000149743,TRPT1
8458,ENSG00000149761,NUDT22
8459,ENSG00000149781,FERMT3
8460,ENSG00000149782,PLCB3
8461,ENSG00000149792,MRPL49
8462,ENSG00000149798,CDC42EP2
8463,ENSG00000149806,FAU
8464,ENSG00000149809,TM7SF2
8465,ENSG00000149823,VPS51
8466,ENSG00000149922,TBX6
8467,ENSG00000149923,PPP4C
8468,ENSG00000149925,ALDOA
8469,ENSG00000149927,DOC2A
8470,ENSG00000149929,HIRIP3
8471,ENSG00000149930,TAOK2
8472,ENSG00000149932,TMEM219
8473,ENSG00000149948,HMGA2
8474,ENSG00000149968,MMP3
8475,ENSG00000149970,CNKSR2
8476,ENSG00000149972,CNTN5
8477,ENSG00000150045,KLRF1
8478,ENSG00000150048,CLEC1A
8479,ENSG00000150051,MKX
8480,ENSG00000150054,MPP7
8481,ENSG00000150093,ITGB1
8482,ENSG00000150201,FXYD4
8483,ENSG00000150244,TRIM48
8484,ENSG00000150275,PCDH15
8485,ENSG00000150281,CTF1
8486,ENSG00000150316,CWC15
8487,ENSG00000150337,FCGR1A
8488,ENSG00000150347,ARID5B
8489,ENSG00000150361,KLHL1
8490,ENSG00000150394,CDH8
8491,ENSG00000150401,DCUN1D2
8492,ENSG00000150433,TMEM218
8493,ENSG00000150455,TIRAP
8494,ENSG00000150457,LATS2
8495,ENSG00000150459,SAP18
8496,ENSG00000150471,ADGRL3
8497,ENSG00000150477,KIAA1328
8498,ENSG00000150510,FAM124A
8499,ENSG00000150527,MIA2
8500,ENSG00000150540,HNMT
8501,ENSG00000150551,LYPD1
8502,ENSG00000150556,LYPD6B
8503,ENSG00000150593,PDCD4
8504,ENSG00000150594,ADRA2A
8505,ENSG00000150625,GPM6A
8506,ENSG00000150627,WDR17
8507,ENSG00000150628,SPATA4
8508,ENSG00000150630,VEGFC
8509,ENSG00000150636,CCDC102B
8510,ENSG00000150637,CD226
8511,ENSG00000150656,CNDP1
8512,ENSG00000150667,FSIP1
8513,ENSG00000150672,DLG2
8514,ENSG00000150676,CCDC83
8515,ENSG00000150681,RGS18
8516,ENSG00000150687,PRSS23
8517,ENSG00000150712,MTMR12
8518,ENSG00000150722,PPP1R1C
8519,ENSG00000150753,CCT5
8520,ENSG00000150760,DOCK1
8521,ENSG00000150764,DIXDC1
8522,ENSG00000150768,DLAT
8523,ENSG00000150773,PIH1D2
8524,ENSG00000150779,TIMM8B
8525,ENSG00000150782,IL18
8526,ENSG00000150783,TEX12
8527,ENSG00000150787,PTS
8528,ENSG00000150867,PIP4K2A
8529,ENSG00000150893,FREM2
8530,ENSG00000150907,FOXO1
8531,ENSG00000150961,SEC24D
8532,ENSG00000150967,ABCB9
8533,ENSG00000150977,RILPL2
8534,ENSG00000150990,DHX37
8535,ENSG00000150991,UBC
8536,ENSG00000150995,ITPR1
8537,ENSG00000151005,TKTL2
8538,ENSG00000151006,PRSS53
8539,ENSG00000151012,SLC7A11
8540,ENSG00000151014,NOCT
8541,ENSG00000151023,ENKUR
8542,ENSG00000151025,GPR158
8543,ENSG00000151033,LYZL2
8544,ENSG00000151067,CACNA1C
8545,ENSG00000151090,THRB
8546,ENSG00000151092,NGLY1
8547,ENSG00000151093,OXSM
8548,ENSG00000151116,UEVLD
8549,ENSG00000151117,TMEM86A
8550,ENSG00000151135,TMEM263
8551,ENSG00000151148,UBE3B
8552,ENSG00000151150,ANK3
8553,ENSG00000151151,IPMK
8554,ENSG00000151164,RAD9B
8555,ENSG00000151176,PLBD2
8556,ENSG00000151224,MAT1A
8557,ENSG00000151229,SLC2A13
8558,ENSG00000151233,GXYLT1
8559,ENSG00000151239,TWF1
8560,ENSG00000151240,DIP2C
8561,ENSG00000151247,EIF4E
8562,ENSG00000151276,MAGI1
8563,ENSG00000151287,TEX30
8564,ENSG00000151292,CSNK1G3
8565,ENSG00000151304,SRFBP1
8566,ENSG00000151320,AKAP6
8567,ENSG00000151322,NPAS3
8568,ENSG00000151327,FAM177A1
8569,ENSG00000151332,MBIP
8570,ENSG00000151338,MIPOL1
8571,ENSG00000151348,EXT2
8572,ENSG00000151353,TMEM18
8573,ENSG00000151360,ALLC
8574,ENSG00000151364,KCTD14
8575,ENSG00000151365,THRSP
8576,ENSG00000151366,NDUFC2
8577,ENSG00000151376,ME3
8578,ENSG00000151388,ADAMTS12
8579,ENSG00000151413,NUBPL
8580,ENSG00000151414,NEK7
8581,ENSG00000151418,ATP6V1G3
8582,ENSG00000151422,FER
8583,ENSG00000151445,VIPAS39
8584,ENSG00000151458,ANKRD50
8585,ENSG00000151461,UPF2
8586,ENSG00000151465,CDC123
8587,ENSG00000151466,SCLT1
8588,ENSG00000151468,CCDC3
8589,ENSG00000151470,C4orf33
8590,ENSG00000151474,FRMD4A
8591,ENSG00000151475,SLC25A31
8592,ENSG00000151490,PTPRO
8593,ENSG00000151491,EPS8
8594,ENSG00000151498,ACAD8
8595,ENSG00000151500,THYN1
8596,ENSG00000151502,VPS26B
8597,ENSG00000151503,NCAPD3
8598,ENSG00000151532,VTI1A
8599,ENSG00000151552,QDPR
8600,ENSG00000151575,TEX9
8601,ENSG00000151577,DRD3
8602,ENSG00000151611,MMAA
8603,ENSG00000151612,ZNF827
8604,ENSG00000151615,POU4F2
8605,ENSG00000151617,EDNRA
8606,ENSG00000151623,NR3C2
8607,ENSG00000151632,AKR1C2
8608,ENSG00000151640,DPYSL4
8609,ENSG00000151650,VENTX
8610,ENSG00000151651,ADAM8
8611,ENSG00000151655,ITIH2
8612,ENSG00000151657,KIN
8613,ENSG00000151665,PIGF
8614,ENSG00000151687,ANKAR
8615,ENSG00000151689,INPP1
8616,ENSG00000151690,MFSD6
8617,ENSG00000151692,RNF144A
8618,ENSG00000151693,ASAP2
8619,ENSG00000151694,ADAM17
8620,ENSG00000151702,FLI1
8621,ENSG00000151704,KCNJ1
8622,ENSG00000151715,TMEM45B
8623,ENSG00000151718,WWC2
8624,ENSG00000151725,CENPU
8625,ENSG00000151726,ACSL1
8626,ENSG00000151729,SLC25A4
8627,ENSG00000151743,AMN1
8628,ENSG00000151746,BICD1
8629,ENSG00000151748,SAV1
8630,ENSG00000151773,CCDC122
8631,ENSG00000151778,SERP2
8632,ENSG00000151779,NBAS
8633,ENSG00000151789,ZNF385D
8634,ENSG00000151806,GUF1
8635,ENSG00000151812,SLC35F4
8636,ENSG00000151834,GABRA2
8637,ENSG00000151835,SACS
8638,ENSG00000151838,CCDC175
8639,ENSG00000151846,PABPC3
8640,ENSG00000151876,FBXO4
8641,ENSG00000151882,CCL28
8642,ENSG00000151883,PARP8
8643,ENSG00000151892,GFRA1
8644,ENSG00000151893,CACUL1
8645,ENSG00000151914,DST
8646,ENSG00000151917,BEND6
8647,ENSG00000151923,TIAL1
8648,ENSG00000151929,BAG3
8649,ENSG00000151948,GLT1D1
8650,ENSG00000151952,TMEM132D
8651,ENSG00000151962,RBM46
8652,ENSG00000151967,SCHIP1
8653,ENSG00000152034,MCHR2
8654,ENSG00000152049,KCNE4
8655,ENSG00000152056,AP1S3
8656,ENSG00000152061,RABGAP1L
8657,ENSG00000152076,CCDC74B
8658,ENSG00000152092,ASTN1
8659,ENSG00000152102,FAM168B
8660,ENSG00000152104,PTPN14
8661,ENSG00000152127,MGAT5
8662,ENSG00000152128,TMEM163
8663,ENSG00000152133,GPATCH11
8664,ENSG00000152137,HSPB8
8665,ENSG00000152147,GEMIN6
8666,ENSG00000152154,TMEM178A
8667,ENSG00000152192,POU4F1
8668,ENSG00000152207,CYSLTR2
8669,ENSG00000152208,GRID2
8670,ENSG00000152213,ARL11
8671,ENSG00000152214,RIT2
8672,ENSG00000152217,SETBP1
8673,ENSG00000152219,ARL14EP
8674,ENSG00000152223,EPG5
8675,ENSG00000152229,PSTPIP2
8676,ENSG00000152240,HAUS1
8677,ENSG00000152253,SPC25
8678,ENSG00000152254,G6PC2
8679,ENSG00000152256,PDK1
8680,ENSG00000152270,PDE3B
8681,ENSG00000152284,TCF7L1
8682,ENSG00000152291,TGOLN2
8683,ENSG00000152292,SH2D6
8684,ENSG00000152315,KCNK13
8685,ENSG00000152332,UHMK1
8686,ENSG00000152348,ATG10
8687,ENSG00000152359,POC5
8688,ENSG00000152377,SPOCK1
8689,ENSG00000152380,FAM151B
8690,ENSG00000152382,TADA1
8691,ENSG00000152402,GUCY1A2
8692,ENSG00000152404,CWF19L2
8693,ENSG00000152409,JMY
8694,ENSG00000152413,HOMER1
8695,ENSG00000152422,XRCC4
8696,ENSG00000152430,BOLL
8697,ENSG00000152433,ZNF547
8698,ENSG00000152439,ZNF773
8699,ENSG00000152443,ZNF776
8700,ENSG00000152454,ZNF256
8701,ENSG00000152455,SUV39H2
8702,ENSG00000152457,DCLRE1C
8703,ENSG00000152463,OLAH
8704,ENSG00000152464,RPP38
8705,ENSG00000152465,NMT2
8706,ENSG00000152467,ZSCAN1
8707,ENSG00000152475,ZNF837
8708,ENSG00000152484,USP12
8709,ENSG00000152492,CCDC50
8710,ENSG00000152495,CAMK4
8711,ENSG00000152503,TRIM36
8712,ENSG00000152518,ZFP36L2
8713,ENSG00000152520,PAN3
8714,ENSG00000152527,PLEKHH2
8715,ENSG00000152556,PFKM
8716,ENSG00000152558,TMEM123
8717,ENSG00000152578,GRIA4
8718,ENSG00000152580,IGSF10
8719,ENSG00000152582,SPEF2
8720,ENSG00000152583,SPARCL1
8721,ENSG00000152591,DSPP
8722,ENSG00000152592,DMP1
8723,ENSG00000152595,MEPE
8724,ENSG00000152601,MBNL1
8725,ENSG00000152611,CAPSL
8726,ENSG00000152620,NADK2
8727,ENSG00000152642,GPD1L
8728,ENSG00000152661,GJA1
8729,ENSG00000152669,CCNO
8730,ENSG00000152670,DDX4
8731,ENSG00000152672,CLEC4F
8732,ENSG00000152683,SLC30A6
8733,ENSG00000152684,PELO
8734,ENSG00000152689,RASGRP3
8735,ENSG00000152700,SAR1B
8736,ENSG00000152705,CATSPER3
8737,ENSG00000152749,GPR180
8738,ENSG00000152766,ANKRD22
8739,ENSG00000152767,FARP1
8740,ENSG00000152778,IFIT5
8741,ENSG00000152779,SLC16A12
8742,ENSG00000152782,PANK1
8743,ENSG00000152784,PRDM8
8744,ENSG00000152785,BMP3
8745,ENSG00000152795,HNRNPDL
8746,ENSG00000152804,HHEX
8747,ENSG00000152818,UTRN
8748,ENSG00000152822,GRM1
8749,ENSG00000152904,GGPS1
8750,ENSG00000152910,CNTNAP4
8751,ENSG00000152926,ZNF117
8752,ENSG00000152931,PART1
8753,ENSG00000152932,RAB3C
8754,ENSG00000152936,LMNTD1
8755,ENSG00000152942,RAD17
8756,ENSG00000152944,MED21
8757,ENSG00000152952,PLOD2
8758,ENSG00000152953,STK32B
8759,ENSG00000152954,NRSN1
8760,ENSG00000152969,JAKMIP1
8761,ENSG00000152977,ZIC1
8762,ENSG00000152990,ADGRA3
8763,ENSG00000153002,CPB1
8764,ENSG00000153006,SREK1IP1
8765,ENSG00000153012,LGI2
8766,ENSG00000153015,CWC27
8767,ENSG00000153029,MR1
8768,ENSG00000153037,SRP19
8769,ENSG00000153044,CENPH
8770,ENSG00000153046,CDYL
8771,ENSG00000153048,CARHSP1
8772,ENSG00000153060,TEKT5
8773,ENSG00000153064,BANK1
8774,ENSG00000153066,TXNDC11
8775,ENSG00000153071,DAB2
8776,ENSG00000153086,ACMSD
8777,ENSG00000153093,ACOXL
8778,ENSG00000153094,BCL2L11
8779,ENSG00000153107,ANAPC1
8780,ENSG00000153130,SCOC
8781,ENSG00000153132,CLGN
8782,ENSG00000153140,CETN3
8783,ENSG00000153147,SMARCA5
8784,ENSG00000153157,SYCP2L
8785,ENSG00000153162,BMP6
8786,ENSG00000153165,RGPD3
8787,ENSG00000153179,RASSF3
8788,ENSG00000153187,HNRNPU
8789,ENSG00000153201,RANBP2
8790,ENSG00000153207,AHCTF1
8791,ENSG00000153208,MERTK
8792,ENSG00000153214,TMEM87B
8793,ENSG00000153233,PTPRR
8794,ENSG00000153234,NR4A2
8795,ENSG00000153237,CCDC148
8796,ENSG00000153246,PLA2R1
8797,ENSG00000153250,RBMS1
8798,ENSG00000153253,SCN3A
8799,ENSG00000153266,FEZF2
8800,ENSG00000153283,CD96
8801,ENSG00000153291,SLC25A27
8802,ENSG00000153292,ADGRF1
8803,ENSG00000153294,ADGRF4
8804,ENSG00000153303,FRMD1
8805,ENSG00000153317,ASAP1
8806,ENSG00000153339,TRAPPC8
8807,ENSG00000153347,FAM81B
8808,ENSG00000153363,LINC00467
8809,ENSG00000153391,INO80C
8810,ENSG00000153395,LPCAT1
8811,ENSG00000153404,PLEKHG4B
8812,ENSG00000153406,NMRAL1
8813,ENSG00000153443,UBALD1
8814,ENSG00000153446,C16orf89
8815,ENSG00000153487,ING1
8816,ENSG00000153495,TEX29
8817,ENSG00000153498,SPACA7
8818,ENSG00000153531,ADPRHL1
8819,ENSG00000153551,CMTM7
8820,ENSG00000153558,FBXL2
8821,ENSG00000153560,UBP1
8822,ENSG00000153561,RMND5A
8823,ENSG00000153563,CD8A
8824,ENSG00000153574,RPIA
8825,ENSG00000153707,PTPRD
8826,ENSG00000153714,LURAP1L
8827,ENSG00000153721,CNKSR3
8828,ENSG00000153767,GTF2E1
8829,ENSG00000153774,CFDP1
8830,ENSG00000153779,TGIF2LX
8831,ENSG00000153786,ZDHHC7
8832,ENSG00000153802,TMPRSS11D
8833,ENSG00000153814,JAZF1
8834,ENSG00000153815,CMIP
8835,ENSG00000153820,SPHKAP
8836,ENSG00000153822,KCNJ16
8837,ENSG00000153823,PID1
8838,ENSG00000153827,TRIP12
8839,ENSG00000153832,FBXO36
8840,ENSG00000153879,CEBPG
8841,ENSG00000153885,KCTD15
8842,ENSG00000153896,ZNF599
8843,ENSG00000153898,MCOLN2
8844,ENSG00000153902,LGI4
8845,ENSG00000153904,DDAH1
8846,ENSG00000153914,SREK1
8847,ENSG00000153922,CHD1
8848,ENSG00000153930,ANKFN1
8849,ENSG00000153933,DGKE
8850,ENSG00000153936,HS2ST1
8851,ENSG00000153944,MSI2
8852,ENSG00000153956,CACNA2D1
8853,ENSG00000153976,HS3ST3A1
8854,ENSG00000153982,GDPD1
8855,ENSG00000153989,NUS1
8856,ENSG00000153993,SEMA3D
8857,ENSG00000154001,PPP2R5E
8858,ENSG00000154007,ASB17
8859,ENSG00000154016,GRAP
8860,ENSG00000154025,SLC5A10
8861,ENSG00000154027,AK5
8862,ENSG00000154040,CABYR
8863,ENSG00000154059,IMPACT
8864,ENSG00000154065,ANKRD29
8865,ENSG00000154079,SDHAF4
8866,ENSG00000154080,CHST9
8867,ENSG00000154096,THY1
8868,ENSG00000154099,DNAAF1
8869,ENSG00000154102,C16orf74
8870,ENSG00000154114,TBCEL
8871,ENSG00000154118,JPH3
8872,ENSG00000154122,ANKH
8873,ENSG00000154124,OTULIN
8874,ENSG00000154127,UBASH3B
8875,ENSG00000154133,ROBO4
8876,ENSG00000154134,ROBO3
8877,ENSG00000154143,PANX3
8878,ENSG00000154144,TBRG1
8879,ENSG00000154146,NRGN
8880,ENSG00000154162,CDH12
8881,ENSG00000154165,GPR15
8882,ENSG00000154175,ABI3BP
8883,ENSG00000154188,ANGPT1
8884,ENSG00000154217,PITPNC1
8885,ENSG00000154222,CC2D1B
8886,ENSG00000154227,CERS3
8887,ENSG00000154229,PRKCA
8888,ENSG00000154237,LRRK1
8889,ENSG00000154240,CEP112
8890,ENSG00000154258,ABCA9
8891,ENSG00000154262,ABCA6
8892,ENSG00000154263,ABCA10
8893,ENSG00000154265,ABCA5
8894,ENSG00000154269,ENPP3
8895,ENSG00000154277,UCHL1
8896,ENSG00000154305,MIA3
8897,ENSG00000154309,DISP1
8898,ENSG00000154310,TNIK
8899,ENSG00000154328,NEIL2
8900,ENSG00000154330,PGM5
8901,ENSG00000154342,WNT3A
8902,ENSG00000154358,OBSCN
8903,ENSG00000154370,TRIM11
8904,ENSG00000154380,ENAH
8905,ENSG00000154415,PPP1R3A
8906,ENSG00000154429,CCSAP
8907,ENSG00000154438,ASZ1
8908,ENSG00000154447,SH3RF1
8909,ENSG00000154451,GBP5
8910,ENSG00000154473,BUB3
8911,ENSG00000154478,GPR26
8912,ENSG00000154485,MMP21
8913,ENSG00000154493,C10orf90
8914,ENSG00000154529,CNTNAP3B
8915,ENSG00000154545,MAGED4
8916,ENSG00000154548,SRSF12
8917,ENSG00000154553,PDLIM3
8918,ENSG00000154556,SORBS2
8919,ENSG00000154589,LY96
8920,ENSG00000154611,PSMA8
8921,ENSG00000154620,TMSB4Y
8922,ENSG00000154639,CXADR
8923,ENSG00000154642,C21orf91
8924,ENSG00000154645,CHODL
8925,ENSG00000154646,TMPRSS15
8926,ENSG00000154654,NCAM2
8927,ENSG00000154655,L3MBTL4
8928,ENSG00000154678,PDE1C
8929,ENSG00000154710,RABGEF1
8930,ENSG00000154719,MRPL39
8931,ENSG00000154721,JAM2
8932,ENSG00000154727,GABPA
8933,ENSG00000154734,ADAMTS1
8934,ENSG00000154736,ADAMTS5
8935,ENSG00000154743,TSEN2
8936,ENSG00000154760,SLFN13
8937,ENSG00000154764,WNT7A
8938,ENSG00000154767,XPC
8939,ENSG00000154781,CCDC174
8940,ENSG00000154783,FGD5
8941,ENSG00000154803,FLCN
8942,ENSG00000154813,DPH3
8943,ENSG00000154814,OXNAD1
8944,ENSG00000154822,PLCL2
8945,ENSG00000154832,CXXC1
8946,ENSG00000154845,PPP4R1
8947,ENSG00000154856,APCDD1
8948,ENSG00000154864,PIEZO2
8949,ENSG00000154889,MPPE1
8950,ENSG00000154914,USP43
8951,ENSG00000154917,RAB6B
8952,ENSG00000154920,EME1
8953,ENSG00000154928,EPHB1
8954,ENSG00000154930,ACSS1
8955,ENSG00000154945,ANKRD40
8956,ENSG00000154957,ZNF18
8957,ENSG00000154975,CA10
8958,ENSG00000154978,VOPP1
8959,ENSG00000155008,APOOL
8960,ENSG00000155011,DKK2
8961,ENSG00000155016,CYP2U1
8962,ENSG00000155026,RSPH10B
8963,ENSG00000155034,FBXL18
8964,ENSG00000155052,CNTNAP5
8965,ENSG00000155085,AK9
8966,ENSG00000155087,ODF1
8967,ENSG00000155090,KLF10
8968,ENSG00000155096,AZIN1
8969,ENSG00000155097,ATP6V1C1
8970,ENSG00000155100,OTUD6B
8971,ENSG00000155111,CDK19
8972,ENSG00000155115,GTF3C6
8973,ENSG00000155158,TTC39B
8974,ENSG00000155189,AGPAT5
8975,ENSG00000155229,MMS19
8976,ENSG00000155252,PI4K2A
8977,ENSG00000155254,MARVELD1
8978,ENSG00000155256,ZFYVE27
8979,ENSG00000155265,GOLGA7B
8980,ENSG00000155269,GPR78
8981,ENSG00000155275,TRMT44
8982,ENSG00000155287,SLC25A28
8983,ENSG00000155304,HSPA13
8984,ENSG00000155307,SAMSN1
8985,ENSG00000155313,USP25
8986,ENSG00000155329,ZCCHC10
8987,ENSG00000155330,C16orf87
8988,ENSG00000155363,MOV10
8989,ENSG00000155366,RHOC
8990,ENSG00000155367,PPM1J
8991,ENSG00000155368,DBI
8992,ENSG00000155380,SLC16A1
8993,ENSG00000155393,HEATR3
8994,ENSG00000155428,TRIM74
8995,ENSG00000155438,NIFK
8996,ENSG00000155463,OXA1L
8997,ENSG00000155465,SLC7A7
8998,ENSG00000155495,MAGEC1
8999,ENSG00000155506,LARP1
9000,ENSG00000155508,CNOT8
9001,ENSG00000155511,GRIA1
9002,ENSG00000155530,LRGUK
9003,ENSG00000155542,SETD9
9004,ENSG00000155545,MIER3
9005,ENSG00000155561,NUP205
9006,ENSG00000155592,ZKSCAN2
9007,ENSG00000155621,C9orf85
9008,ENSG00000155622,XAGE2
9009,ENSG00000155629,PIK3AP1
9010,ENSG00000155636,RBM45
9011,ENSG00000155657,TTN
9012,ENSG00000155659,VSIG4
9013,ENSG00000155660,PDIA4
9014,ENSG00000155666,KDM8
9015,ENSG00000155729,KCTD18
9016,ENSG00000155755,TMEM237
9017,ENSG00000155760,FZD7
9018,ENSG00000155761,SPAG17
9019,ENSG00000155792,DEPTOR
9020,ENSG00000155816,FMN2
9021,ENSG00000155827,RNF20
9022,ENSG00000155846,PPARGC1B
9023,ENSG00000155849,ELMO1
9024,ENSG00000155850,SLC26A2
9025,ENSG00000155858,LSM11
9026,ENSG00000155868,MED7
9027,ENSG00000155875,SAXO1
9028,ENSG00000155876,RRAGA
9029,ENSG00000155886,SLC24A2
9030,ENSG00000155893,PXYLP1
9031,ENSG00000155897,ADCY8
9032,ENSG00000155903,RASA2
9033,ENSG00000155906,RMND1
9034,ENSG00000155918,RAET1L
9035,ENSG00000155926,SLA
9036,ENSG00000155957,TMBIM4
9037,ENSG00000155959,VBP1
9038,ENSG00000155961,RAB39B
9039,ENSG00000155962,CLIC2
9040,ENSG00000155966,AFF2
9041,ENSG00000155970,MICU3
9042,ENSG00000155974,GRIP1
9043,ENSG00000155975,VPS37A
9044,ENSG00000155980,KIF5A
9045,ENSG00000156006,NAT2
9046,ENSG00000156009,MAGEA8
9047,ENSG00000156011,PSD3
9048,ENSG00000156017,CARNMT1
9049,ENSG00000156026,MCU
9050,ENSG00000156042,CFAP70
9051,ENSG00000156049,GNA14
9052,ENSG00000156050,FAM161B
9053,ENSG00000156052,GNAQ
9054,ENSG00000156076,WIF1
9055,ENSG00000156096,UGT2B4
9056,ENSG00000156097,GPR61
9057,ENSG00000156103,MMP16
9058,ENSG00000156110,ADK
9059,ENSG00000156113,KCNMA1
9060,ENSG00000156127,BATF
9061,ENSG00000156136,DCK
9062,ENSG00000156140,ADAMTS3
9063,ENSG00000156150,ALX3
9064,ENSG00000156162,DPY19L4
9065,ENSG00000156170,NDUFAF6
9066,ENSG00000156171,DRAM2
9067,ENSG00000156194,PPEF2
9068,ENSG00000156206,CFAP161
9069,ENSG00000156219,ART3
9070,ENSG00000156222,SLC28A1
9071,ENSG00000156232,WHAMM
9072,ENSG00000156234,CXCL13
9073,ENSG00000156256,USP16
9074,ENSG00000156261,CCT8
9075,ENSG00000156265,MAP3K7CL
9076,ENSG00000156269,NAA11
9077,ENSG00000156273,BACH1
9078,ENSG00000156282,CLDN17
9079,ENSG00000156284,CLDN8
9080,ENSG00000156298,TSPAN7
9081,ENSG00000156299,TIAM1
9082,ENSG00000156304,SCAF4
9083,ENSG00000156313,RPGR
9084,ENSG00000156345,CDK20
9085,ENSG00000156374,PCGF6
9086,ENSG00000156381,ANKRD9
9087,ENSG00000156384,SFR1
9088,ENSG00000156395,SORCS3
9089,ENSG00000156398,SFXN2
9090,ENSG00000156413,FUT6
9091,ENSG00000156414,TDRD9
9092,ENSG00000156427,FGF18
9093,ENSG00000156453,PCDH1
9094,ENSG00000156463,SH3RF2
9095,ENSG00000156466,GDF6
9096,ENSG00000156467,UQCRB
9097,ENSG00000156469,MTERF3
9098,ENSG00000156471,PTDSS1
9099,ENSG00000156475,PPP2R2B
9100,ENSG00000156482,RPL30
9101,ENSG00000156486,KCNS2
9102,ENSG00000156502,SUPV3L1
9103,ENSG00000156508,EEF1A1
9104,ENSG00000156509,FBXO43
9105,ENSG00000156510,HKDC1
9106,ENSG00000156515,HK1
9107,ENSG00000156521,TYSND1
9108,ENSG00000156531,PHF6
9109,ENSG00000156535,CD109
9110,ENSG00000156564,LRFN2
9111,ENSG00000156574,NODAL
9112,ENSG00000156575,PRG3
9113,ENSG00000156587,UBE2L6
9114,ENSG00000156599,ZDHHC5
9115,ENSG00000156603,MED19
9116,ENSG00000156639,ZFAND3
9117,ENSG00000156642,NPTN
9118,ENSG00000156671,SAMD8
9119,ENSG00000156675,RAB11FIP1
9120,ENSG00000156687,UNC5D
9121,ENSG00000156689,GLYATL2
9122,ENSG00000156697,UTP14A
9123,ENSG00000156709,AIFM1
9124,ENSG00000156711,MAPK13
9125,ENSG00000156735,BAG4
9126,ENSG00000156738,MS4A1
9127,ENSG00000156755,IGKV1OR-2
9128,ENSG00000156787,TBC1D31
9129,ENSG00000156802,ATAD2
9130,ENSG00000156804,FBXO32
9131,ENSG00000156831,NSMCE2
9132,ENSG00000156853,ZNF689
9133,ENSG00000156858,PRR14
9134,ENSG00000156860,FBRS
9135,ENSG00000156869,FRRS1
9136,ENSG00000156873,PHKG2
9137,ENSG00000156876,SASS6
9138,ENSG00000156885,COX6A2
9139,ENSG00000156886,ITGAD
9140,ENSG00000156920,ADGRG4
9141,ENSG00000156925,ZIC3
9142,ENSG00000156928,MALSU1
9143,ENSG00000156931,VPS8
9144,ENSG00000156958,GALK2
9145,ENSG00000156959,LHFPL4
9146,ENSG00000156966,B3GNT7
9147,ENSG00000156970,BUB1B
9148,ENSG00000156973,PDE6D
9149,ENSG00000156976,EIF4A2
9150,ENSG00000156983,BRPF1
9151,ENSG00000156990,RPUSD3
9152,ENSG00000157005,SST
9153,ENSG00000157014,TATDN2
9154,ENSG00000157017,GHRL
9155,ENSG00000157020,SEC13
9156,ENSG00000157036,EXOG
9157,ENSG00000157060,SHCBP1L
9158,ENSG00000157064,NMNAT2
9159,ENSG00000157077,ZFYVE9
9160,ENSG00000157087,ATP2B2
9161,ENSG00000157093,LYZL4
9162,ENSG00000157103,SLC6A1
9163,ENSG00000157106,SMG1
9164,ENSG00000157107,FCHO2
9165,ENSG00000157110,RBPMS
9166,ENSG00000157111,TMEM171
9167,ENSG00000157119,KLHL40
9168,ENSG00000157131,C8A
9169,ENSG00000157150,TIMP4
9170,ENSG00000157152,SYN2
9171,ENSG00000157168,NRG1
9172,ENSG00000157184,CPT2
9173,ENSG00000157193,LRP8
9174,ENSG00000157211,CDCP2
9175,ENSG00000157212,PAXIP1
9176,ENSG00000157214,STEAP2
9177,ENSG00000157216,SSBP3
9178,ENSG00000157219,HTR5A
9179,ENSG00000157224,CLDN12
9180,ENSG00000157227,MMP14
9181,ENSG00000157240,FZD1
9182,ENSG00000157259,GATAD1
9183,ENSG00000157303,SUSD3
9184,ENSG00000157315,TMED6
9185,ENSG00000157322,CLEC18A
9186,ENSG00000157326,DHRS4
9187,ENSG00000157335,CLEC18C
9188,ENSG00000157343,ARMC12
9189,ENSG00000157349,DDX19B
9190,ENSG00000157350,ST3GAL2
9191,ENSG00000157368,IL34
9192,ENSG00000157379,DHRS1
9193,ENSG00000157388,CACNA1D
9194,ENSG00000157404,KIT
9195,ENSG00000157423,HYDIN
9196,ENSG00000157426,AASDH
9197,ENSG00000157429,ZNF19
9198,ENSG00000157445,CACNA2D3
9199,ENSG00000157450,RNF111
9200,ENSG00000157456,CCNB2
9201,ENSG00000157470,FAM81A
9202,ENSG00000157483,MYO1E
9203,ENSG00000157500,APPL1
9204,ENSG00000157510,AFAP1L1
9205,ENSG00000157514,TSC22D3
9206,ENSG00000157540,DYRK1A
9207,ENSG00000157542,KCNJ6
9208,ENSG00000157551,KCNJ15
9209,ENSG00000157554,ERG
9210,ENSG00000157557,ETS2
9211,ENSG00000157570,TSPAN18
9212,ENSG00000157578,LCA5L
9213,ENSG00000157593,SLC35B2
9214,ENSG00000157600,TMEM164
9215,ENSG00000157601,MX1
9216,ENSG00000157613,CREB3L1
9217,ENSG00000157617,C2CD2
9218,ENSG00000157625,TAB3
9219,ENSG00000157637,SLC38A10
9220,ENSG00000157653,C9orf43
9221,ENSG00000157657,ZNF618
9222,ENSG00000157680,DGKI
9223,ENSG00000157703,SVOPL
9224,ENSG00000157734,SNX22
9225,ENSG00000157741,UBN2
9226,ENSG00000157764,BRAF
9227,ENSG00000157765,SLC34A2
9228,ENSG00000157766,ACAN
9229,ENSG00000157778,PSMG3
9230,ENSG00000157782,CABP1
9231,ENSG00000157796,WDR19
9232,ENSG00000157800,SLC37A3
9233,ENSG00000157823,AP3S2
9234,ENSG00000157827,FMNL2
9235,ENSG00000157833,GAREM2
9236,ENSG00000157837,SPPL3
9237,ENSG00000157851,DPYSL5
9238,ENSG00000157856,DRC1
9239,ENSG00000157869,RAB28
9240,ENSG00000157881,PANK4
9241,ENSG00000157884,CIB4
9242,ENSG00000157890,MEGF11
9243,ENSG00000157895,C12orf43
9244,ENSG00000157911,PEX10
9245,ENSG00000157916,RER1
9246,ENSG00000157927,RADIL
9247,ENSG00000157933,SKI
9248,ENSG00000157954,WIPI2
9249,ENSG00000157978,LDLRAP1
9250,ENSG00000157985,AGAP1
9251,ENSG00000157992,KRTCAP3
9252,ENSG00000157999,ANKRD61
9253,ENSG00000158006,PAFAH2
9254,ENSG00000158008,EXTL1
9255,ENSG00000158014,SLC30A2
9256,ENSG00000158022,TRIM63
9257,ENSG00000158042,MRPL17
9258,ENSG00000158050,DUSP2
9259,ENSG00000158055,GRHL3
9260,ENSG00000158062,UBXN11
9261,ENSG00000158077,NLRP14
9262,ENSG00000158079,PTPDC1
9263,ENSG00000158089,GALNT14
9264,ENSG00000158092,NCK1
9265,ENSG00000158104,HPD
9266,ENSG00000158106,RHPN1
9267,ENSG00000158109,TPRG1L
9268,ENSG00000158113,LRRC43
9269,ENSG00000158125,XDH
9270,ENSG00000158156,XKR8
9271,ENSG00000158158,CNNM4
9272,ENSG00000158161,EYA3
9273,ENSG00000158163,DZIP1L
9274,ENSG00000158164,TMSB15A
9275,ENSG00000158169,FANCC
9276,ENSG00000158186,MRAS
9277,ENSG00000158195,WASF2
9278,ENSG00000158201,ABHD3
9279,ENSG00000158220,ESYT3
9280,ENSG00000158234,FAIM
9281,ENSG00000158258,CLSTN2
9282,ENSG00000158270,COLEC12
9283,ENSG00000158286,RNF207
9284,ENSG00000158290,CUL4B
9285,ENSG00000158292,GPR153
9286,ENSG00000158296,SLC13A3
9287,ENSG00000158301,GPRASP2
9288,ENSG00000158315,RHBDL2
9289,ENSG00000158321,AUTS2
9290,ENSG00000158352,SHROOM4
9291,ENSG00000158402,CDC25C
9292,ENSG00000158411,MITD1
9293,ENSG00000158417,EIF5B
9294,ENSG00000158423,RIBC1
9295,ENSG00000158427,TMSB15B
9296,ENSG00000158428,CATIP
9297,ENSG00000158435,CNOT11
9298,ENSG00000158445,KCNB1
9299,ENSG00000158457,TSPAN33
9300,ENSG00000158458,NRG2
9301,ENSG00000158467,AHCYL2
9302,ENSG00000158470,B4GALT5
9303,ENSG00000158473,CD1D
9304,ENSG00000158477,CD1A
9305,ENSG00000158480,SPATA2
9306,ENSG00000158481,CD1C
9307,ENSG00000158485,CD1B
9308,ENSG00000158486,DNAH3
9309,ENSG00000158488,CD1E
9310,ENSG00000158497,HMHB1
9311,ENSG00000158516,CPA2
9312,ENSG00000158517,NCF1
9313,ENSG00000158525,CPA5
9314,ENSG00000158526,TSR2
9315,ENSG00000158528,PPP1R9A
9316,ENSG00000158545,ZC3H18
9317,ENSG00000158552,ZFAND2B
9318,ENSG00000158553,POM121L2
9319,ENSG00000158555,GDPD5
9320,ENSG00000158560,DYNC1I1
9321,ENSG00000158571,PFKFB1
9322,ENSG00000158578,ALAS2
9323,ENSG00000158604,TMED4
9324,ENSG00000158615,PPP1R15B
9325,ENSG00000158623,COPG2
9326,ENSG00000158636,EMSY
9327,ENSG00000158639,PAGE5
9328,ENSG00000158669,GPAT4
9329,ENSG00000158683,PKD1L1
9330,ENSG00000158691,ZSCAN12
9331,ENSG00000158710,TAGLN2
9332,ENSG00000158711,ELK4
9333,ENSG00000158714,SLAMF8
9334,ENSG00000158715,SLC45A3
9335,ENSG00000158716,DUSP23
9336,ENSG00000158717,RNF166
9337,ENSG00000158747,NBL1
9338,ENSG00000158748,HTR6
9339,ENSG00000158764,ITLN2
9340,ENSG00000158769,F11R
9341,ENSG00000158773,USF1
9342,ENSG00000158786,PLA2G2F
9343,ENSG00000158792,SPATA2L
9344,ENSG00000158793,NIT1
9345,ENSG00000158796,DEDD
9346,ENSG00000158805,ZNF276
9347,ENSG00000158806,NPM2
9348,ENSG00000158813,EDA
9349,ENSG00000158815,FGF17
9350,ENSG00000158816,VWA5B1
9351,ENSG00000158825,CDA
9352,ENSG00000158828,PINK1
9353,ENSG00000158850,B4GALT3
9354,ENSG00000158856,DMTN
9355,ENSG00000158859,ADAMTS4
9356,ENSG00000158864,NDUFS2
9357,ENSG00000158869,FCER1G
9358,ENSG00000158874,APOA2
9359,ENSG00000158882,TOMM40L
9360,ENSG00000158887,MPZ
9361,ENSG00000158901,WFDC8
9362,ENSG00000158941,CCAR2
9363,ENSG00000158966,CACHD1
9364,ENSG00000158985,CDC42SE2
9365,ENSG00000158987,RAPGEF6
9366,ENSG00000159023,EPB41
9367,ENSG00000159055,MIS18A
9368,ENSG00000159063,ALG8
9369,ENSG00000159069,FBXW5
9370,ENSG00000159082,SYNJ1
9371,ENSG00000159110,IFNAR2
9372,ENSG00000159111,MRPL10
9373,ENSG00000159128,IFNGR2
9374,ENSG00000159140,SON
9375,ENSG00000159147,DONSON
9376,ENSG00000159164,SV2A
9377,ENSG00000159166,LAD1
9378,ENSG00000159167,STC1
9379,ENSG00000159173,TNNI1
9380,ENSG00000159176,CSRP1
9381,ENSG00000159182,PRAC1
9382,ENSG00000159184,HOXB13
9383,ENSG00000159189,C1QC
9384,ENSG00000159197,KCNE2
9385,ENSG00000159200,RCAN1
9386,ENSG00000159202,UBE2Z
9387,ENSG00000159208,CIART
9388,ENSG00000159210,SNF8
9389,ENSG00000159212,CLIC6
9390,ENSG00000159214,CCDC24
9391,ENSG00000159216,RUNX1
9392,ENSG00000159217,IGF2BP1
9393,ENSG00000159224,GIP
9394,ENSG00000159228,CBR1
9395,ENSG00000159231,CBR3
9396,ENSG00000159248,GJD2
9397,ENSG00000159251,ACTC1
9398,ENSG00000159256,MORC3
9399,ENSG00000159259,CHAF1B
9400,ENSG00000159261,CLDN14
9401,ENSG00000159263,SIM2
9402,ENSG00000159267,HLCS
9403,ENSG00000159289,GOLGA6A
9404,ENSG00000159307,SCUBE1
9405,ENSG00000159322,ADPGK
9406,ENSG00000159335,PTMS
9407,ENSG00000159337,PLA2G4D
9408,ENSG00000159339,PADI4
9409,ENSG00000159346,ADIPOR1
9410,ENSG00000159348,CYB5R1
9411,ENSG00000159352,PSMD4
9412,ENSG00000159363,ATP13A2
9413,ENSG00000159374,M1AP
9414,ENSG00000159377,PSMB4
9415,ENSG00000159387,IRX6
9416,ENSG00000159388,BTG2
9417,ENSG00000159399,HK2
9418,ENSG00000159409,CELF3
9419,ENSG00000159423,ALDH4A1
9420,ENSG00000159433,STARD9
9421,ENSG00000159445,THEM4
9422,ENSG00000159450,TCHH
9423,ENSG00000159459,UBR1
9424,ENSG00000159461,AMFR
9425,ENSG00000159479,MED8
9426,ENSG00000159495,TGM7
9427,ENSG00000159496,RGL4
9428,ENSG00000159516,SPRR2G
9429,ENSG00000159527,PGLYRP3
9430,ENSG00000159556,ISL2
9431,ENSG00000159579,RSPRY1
9432,ENSG00000159588,CCDC17
9433,ENSG00000159592,GPBP1L1
9434,ENSG00000159593,NAE1
9435,ENSG00000159596,TMEM69
9436,ENSG00000159618,ADGRG5
9437,ENSG00000159625,DRC7
9438,ENSG00000159640,ACE
9439,ENSG00000159650,UROC1
9440,ENSG00000159658,EFCAB14
9441,ENSG00000159674,SPON2
9442,ENSG00000159685,CHCHD6
9443,ENSG00000159692,CTBP1
9444,ENSG00000159708,LRRC36
9445,ENSG00000159713,TPPP3
9446,ENSG00000159714,ZDHHC1
9447,ENSG00000159720,ATP6V0D1
9448,ENSG00000159723,AGRP
9449,ENSG00000159733,ZFYVE28
9450,ENSG00000159761,C16orf86
9451,ENSG00000159763,PIP
9452,ENSG00000159784,FAM131B
9453,ENSG00000159788,RGS12
9454,ENSG00000159792,PSKH1
9455,ENSG00000159840,ZYX
9456,ENSG00000159871,LYPD5
9457,ENSG00000159873,CCDC117
9458,ENSG00000159882,ZNF230
9459,ENSG00000159884,CCDC107
9460,ENSG00000159885,ZNF222
9461,ENSG00000159899,NPR2
9462,ENSG00000159905,ZNF221
9463,ENSG00000159915,ZNF233
9464,ENSG00000159917,ZNF235
9465,ENSG00000159921,GNE
9466,ENSG00000159958,TNFRSF13C
9467,ENSG00000159961,OR3A3
9468,ENSG00000160007,ARHGAP35
9469,ENSG00000160013,PTGIR
9470,ENSG00000160014,CALM3
9471,ENSG00000160049,DFFA
9472,ENSG00000160050,CCDC28B
9473,ENSG00000160051,IQCC
9474,ENSG00000160055,TMEM234
9475,ENSG00000160058,BSDC1
9476,ENSG00000160062,ZBTB8A
9477,ENSG00000160072,ATAD3B
9478,ENSG00000160075,SSU72
9479,ENSG00000160087,UBE2J2
9480,ENSG00000160094,ZNF362
9481,ENSG00000160097,FNDC5
9482,ENSG00000160111,CPAMD8
9483,ENSG00000160113,NR2F6
9484,ENSG00000160117,ANKLE1
9485,ENSG00000160131,VMA21
9486,ENSG00000160145,KALRN
9487,ENSG00000160161,CILP2
9488,ENSG00000160179,ABCG1
9489,ENSG00000160180,TFF3
9490,ENSG00000160181,TFF2
9491,ENSG00000160182,TFF1
9492,ENSG00000160183,TMPRSS3
9493,ENSG00000160185,UBASH3A
9494,ENSG00000160188,RSPH1
9495,ENSG00000160190,SLC37A1
9496,ENSG00000160191,PDE9A
9497,ENSG00000160193,WDR4
9498,ENSG00000160194,NDUFV3
9499,ENSG00000160199,PKNOX1
9500,ENSG00000160200,CBS
9501,ENSG00000160201,U2AF1
9502,ENSG00000160207,HSF2BP
9503,ENSG00000160208,RRP1B
9504,ENSG00000160209,PDXK
9505,ENSG00000160211,G6PD
9506,ENSG00000160213,CSTB
9507,ENSG00000160214,RRP1
9508,ENSG00000160216,AGPAT3
9509,ENSG00000160218,TRAPPC10
9510,ENSG00000160219,GAB3
9511,ENSG00000160223,ICOSLG
9512,ENSG00000160224,AIRE
9513,ENSG00000160233,LRRC3
9514,ENSG00000160255,ITGB2
9515,ENSG00000160271,RALGDS
9516,ENSG00000160284,SPATC1L
9517,ENSG00000160285,LSS
9518,ENSG00000160293,VAV2
9519,ENSG00000160294,MCM3AP
9520,ENSG00000160298,C21orf58
9521,ENSG00000160299,PCNT
9522,ENSG00000160305,DIP2A
9523,ENSG00000160307,S100B
9524,ENSG00000160310,PRMT2
9525,ENSG00000160318,CLDND2
9526,ENSG00000160321,ZNF208
9527,ENSG00000160325,CACFD1
9528,ENSG00000160336,ZNF761
9529,ENSG00000160339,FCN2
9530,ENSG00000160349,LCN1
9531,ENSG00000160352,ZNF714
9532,ENSG00000160360,GPSM1
9533,ENSG00000160392,C19orf47
9534,ENSG00000160396,HIPK4
9535,ENSG00000160401,CFAP157
9536,ENSG00000160404,TOR2A
9537,ENSG00000160408,ST6GALNAC6
9538,ENSG00000160410,SHKBP1
9539,ENSG00000160445,ZER1
9540,ENSG00000160446,ZDHHC12
9541,ENSG00000160447,PKN3
9542,ENSG00000160460,SPTBN4
9543,ENSG00000160469,BRSK1
9544,ENSG00000160471,COX6B2
9545,ENSG00000160472,TMEM190
9546,ENSG00000160505,NLRP4
9547,ENSG00000160539,PLPP7
9548,ENSG00000160551,TAOK1
9549,ENSG00000160563,MED27
9550,ENSG00000160570,DEDD2
9551,ENSG00000160584,SIK3
9552,ENSG00000160588,MPZL3
9553,ENSG00000160593,JAML
9554,ENSG00000160602,NEK8
9555,ENSG00000160606,TLCD1
9556,ENSG00000160613,PCSK7
9557,ENSG00000160633,SAFB
9558,ENSG00000160654,CD3G
9559,ENSG00000160678,S100A1
9560,ENSG00000160679,CHTOP
9561,ENSG00000160683,CXCR5
9562,ENSG00000160685,ZBTB7B
9563,ENSG00000160688,FLAD1
9564,ENSG00000160691,SHC1
9565,ENSG00000160695,VPS11
9566,ENSG00000160703,NLRX1
9567,ENSG00000160710,ADAR
9568,ENSG00000160712,IL6R
9569,ENSG00000160714,UBE2Q1
9570,ENSG00000160716,CHRNB2
9571,ENSG00000160741,CRTC2
9572,ENSG00000160746,ANO10
9573,ENSG00000160752,FDPS
9574,ENSG00000160753,RUSC1
9575,ENSG00000160781,PAQR6
9576,ENSG00000160783,PMF1
9577,ENSG00000160785,SLC25A44
9578,ENSG00000160789,LMNA
9579,ENSG00000160791,CCR5
9580,ENSG00000160796,NBEAL2
9581,ENSG00000160799,CCDC12
9582,ENSG00000160801,PTH1R
9583,ENSG00000160803,UBQLN4
9584,ENSG00000160808,MYL3
9585,ENSG00000160813,PPP1R35
9586,ENSG00000160818,GPATCH4
9587,ENSG00000160838,LRRC71
9588,ENSG00000160856,FCRL3
9589,ENSG00000160862,AZGP1
9590,ENSG00000160867,FGFR4
9591,ENSG00000160868,CYP3A4
9592,ENSG00000160870,CYP3A7
9593,ENSG00000160877,NACC1
9594,ENSG00000160883,HK3
9595,ENSG00000160886,LY6K
9596,ENSG00000160888,IER2
9597,ENSG00000160908,ZNF394
9598,ENSG00000160917,CPSF4
9599,ENSG00000160932,LY6E
9600,ENSG00000160948,VPS28
9601,ENSG00000160949,TONSL
9602,ENSG00000160951,PTGER1
9603,ENSG00000160957,RECQL4
9604,ENSG00000160959,LRRC14
9605,ENSG00000160961,ZNF333
9606,ENSG00000160963,COL26A1
9607,ENSG00000160972,PPP1R16A
9608,ENSG00000160973,FOXH1
9609,ENSG00000160991,ORAI2
9610,ENSG00000160993,ALKBH4
9611,ENSG00000160999,SH2B2
9612,ENSG00000161011,SQSTM1
9613,ENSG00000161016,RPL8
9614,ENSG00000161021,MAML1
9615,ENSG00000161031,PGLYRP2
9616,ENSG00000161036,LRWD1
9617,ENSG00000161040,FBXL13
9618,ENSG00000161048,NAPEPLD
9619,ENSG00000161055,SCGB3A1
9620,ENSG00000161057,PSMC2
9621,ENSG00000161082,CELF5
9622,ENSG00000161091,MFSD12
9623,ENSG00000161179,YDJC
9624,ENSG00000161180,CCDC116
9625,ENSG00000161202,DVL3
9626,ENSG00000161203,AP2M1
9627,ENSG00000161204,ABCF3
9628,ENSG00000161217,PCYT1A
9629,ENSG00000161243,FBXO27
9630,ENSG00000161249,DMKN
9631,ENSG00000161265,U2AF1L4
9632,ENSG00000161270,NPHS1
9633,ENSG00000161277,THAP8
9634,ENSG00000161281,COX7A1
9635,ENSG00000161298,ZNF382
9636,ENSG00000161328,LRRC56
9637,ENSG00000161381,PLXDC1
9638,ENSG00000161395,PGAP3
9639,ENSG00000161405,IKZF3
9640,ENSG00000161509,GRIN2C
9641,ENSG00000161513,FDXR
9642,ENSG00000161526,SAP30BP
9643,ENSG00000161533,ACOX1
9644,ENSG00000161542,PRPSAP1
9645,ENSG00000161544,CYGB
9646,ENSG00000161547,SRSF2
9647,ENSG00000161551,ZNF577
9648,ENSG00000161558,TMEM143
9649,ENSG00000161594,KLHL10
9650,ENSG00000161610,HCRT
9651,ENSG00000161618,ALDH16A1
9652,ENSG00000161634,DCD
9653,ENSG00000161638,ITGA5
9654,ENSG00000161640,SIGLEC11
9655,ENSG00000161642,ZNF385A
9656,ENSG00000161647,MPP3
9657,ENSG00000161649,CD300LG
9658,ENSG00000161652,IZUMO2
9659,ENSG00000161653,NAGS
9660,ENSG00000161654,LSM12
9661,ENSG00000161664,ASB16
9662,ENSG00000161671,EMC10
9663,ENSG00000161677,JOSD2
9664,ENSG00000161681,SHANK1
9665,ENSG00000161682,FAM171A2
9666,ENSG00000161692,DBF4B
9667,ENSG00000161714,PLCD3
9668,ENSG00000161791,FMNL3
9669,ENSG00000161798,AQP5
9670,ENSG00000161800,RACGAP1
9671,ENSG00000161813,LARP4
9672,ENSG00000161847,RAVER1
9673,ENSG00000161850,KRT82
9674,ENSG00000161860,SYCE2
9675,ENSG00000161888,SPC24
9676,ENSG00000161896,IP6K3
9677,ENSG00000161904,LEMD2
9678,ENSG00000161905,ALOX15
9679,ENSG00000161911,TREML1
9680,ENSG00000161914,ZNF653
9681,ENSG00000161920,MED11
9682,ENSG00000161921,CXCL16
9683,ENSG00000161929,SCIMP
9684,ENSG00000161939,RNASEK-C17orf49
9685,ENSG00000161940,BCL6B
9686,ENSG00000161944,ASGR2
9687,ENSG00000161955,TNFSF13
9688,ENSG00000161956,SENP3
9689,ENSG00000161960,EIF4A1
9690,ENSG00000161970,RPL26
9691,ENSG00000161973,CCDC42
9692,ENSG00000161980,POLR3K
9693,ENSG00000161981,SNRNP25
9694,ENSG00000161992,PRR35
9695,ENSG00000161996,WDR90
9696,ENSG00000161999,JMJD8
9697,ENSG00000162004,CCDC78
9698,ENSG00000162006,MSLNL
9699,ENSG00000162009,SSTR5
9700,ENSG00000162032,SPSB3
9701,ENSG00000162039,MEIOB
9702,ENSG00000162063,CCNF
9703,ENSG00000162065,TBC1D24
9704,ENSG00000162066,AMDHD2
9705,ENSG00000162068,NTN3
9706,ENSG00000162073,PAQR4
9707,ENSG00000162076,FLYWCH2
9708,ENSG00000162086,ZNF75A
9709,ENSG00000162104,ADCY9
9710,ENSG00000162105,SHANK2
9711,ENSG00000162129,CLPB
9712,ENSG00000162139,NEU3
9713,ENSG00000162144,CYB561A3
9714,ENSG00000162174,ASRGL1
9715,ENSG00000162188,GNG3
9716,ENSG00000162191,UBXN1
9717,ENSG00000162194,LBHD1
9718,ENSG00000162222,TTC9C
9719,ENSG00000162227,TAF6L
9720,ENSG00000162231,NXF1
9721,ENSG00000162236,STX5
9722,ENSG00000162241,SLC25A45
9723,ENSG00000162244,RPL29
9724,ENSG00000162267,ITIH3
9725,ENSG00000162298,SYVN1
9726,ENSG00000162300,ZFPL1
9727,ENSG00000162302,RPS6KA4
9728,ENSG00000162337,LRP5
9729,ENSG00000162341,TPCN2
9730,ENSG00000162344,FGF19
9731,ENSG00000162365,CYP4A22
9732,ENSG00000162366,PDZK1IP1
9733,ENSG00000162367,TAL1
9734,ENSG00000162368,CMPK1
9735,ENSG00000162373,BEND5
9736,ENSG00000162374,ELAVL4
9737,ENSG00000162377,COA7
9738,ENSG00000162378,ZYG11B
9739,ENSG00000162383,SLC1A7
9740,ENSG00000162385,MAGOH
9741,ENSG00000162390,ACOT11
9742,ENSG00000162391,FAM151A
9743,ENSG00000162396,PARS2
9744,ENSG00000162399,BSND
9745,ENSG00000162402,USP24
9746,ENSG00000162407,PLPP3
9747,ENSG00000162408,NOL9
9748,ENSG00000162409,PRKAA2
9749,ENSG00000162413,KLHL21
9750,ENSG00000162415,ZSWIM5
9751,ENSG00000162419,GMEB1
9752,ENSG00000162426,SLC45A1
9753,ENSG00000162433,AK4
9754,ENSG00000162434,JAK1
9755,ENSG00000162437,RAVER2
9756,ENSG00000162438,CTRC
9757,ENSG00000162441,LZIC
9758,ENSG00000162444,RBP7
9759,ENSG00000162456,KNCN
9760,ENSG00000162458,FBLIM1
9761,ENSG00000162460,TMEM82
9762,ENSG00000162461,SLC25A34
9763,ENSG00000162482,AKR7A3
9764,ENSG00000162490,DRAXIN
9765,ENSG00000162493,PDPN
9766,ENSG00000162494,LRRC38
9767,ENSG00000162496,DHRS3
9768,ENSG00000162510,MATN1
9769,ENSG00000162511,LAPTM5
9770,ENSG00000162512,SDC3
9771,ENSG00000162517,PEF1
9772,ENSG00000162520,SYNC
9773,ENSG00000162521,RBBP4
9774,ENSG00000162526,TSSK3
9775,ENSG00000162542,TMCO4
9776,ENSG00000162543,UBXN10
9777,ENSG00000162545,CAMK2N1
9778,ENSG00000162551,ALPL
9779,ENSG00000162552,WNT4
9780,ENSG00000162571,TTLL10
9781,ENSG00000162572,SCNN1D
9782,ENSG00000162576,MXRA8
9783,ENSG00000162585,FAAP20
9784,ENSG00000162591,MEGF6
9785,ENSG00000162592,CCDC27
9786,ENSG00000162594,IL23R
9787,ENSG00000162595,DIRAS3
9788,ENSG00000162598,C1orf87
9789,ENSG00000162599,NFIA
9790,ENSG00000162600,OMA1
9791,ENSG00000162601,MYSM1
9792,ENSG00000162604,TM2D1
9793,ENSG00000162607,USP1
9794,ENSG00000162613,FUBP1
9795,ENSG00000162614,NEXN
9796,ENSG00000162616,DNAJB4
9797,ENSG00000162618,ADGRL4
9798,ENSG00000162620,LRRIQ3
9799,ENSG00000162621,LRRC53
9800,ENSG00000162623,TYW3
9801,ENSG00000162624,LHX8
9802,ENSG00000162627,SNX7
9803,ENSG00000162630,B3GALT2
9804,ENSG00000162631,NTNG1
9805,ENSG00000162639,HENMT1
9806,ENSG00000162641,AKNAD1
9807,ENSG00000162642,C1orf52
9808,ENSG00000162645,GBP2
9809,ENSG00000162650,ATXN7L2
9810,ENSG00000162654,GBP4
9811,ENSG00000162664,ZNF326
9812,ENSG00000162669,HFM1
9813,ENSG00000162670,BRINP3
9814,ENSG00000162676,GFI1
9815,ENSG00000162687,KCNT2
9816,ENSG00000162688,AGL
9817,ENSG00000162692,VCAM1
9818,ENSG00000162694,EXTL2
9819,ENSG00000162695,SLC30A7
9820,ENSG00000162702,ZNF281
9821,ENSG00000162704,ARPC5
9822,ENSG00000162706,CADM3
9823,ENSG00000162711,NLRP3
9824,ENSG00000162722,TRIM58
9825,ENSG00000162723,SLAMF9
9826,ENSG00000162728,KCNJ9
9827,ENSG00000162729,IGSF8
9828,ENSG00000162733,DDR2
9829,ENSG00000162734,PEA15
9830,ENSG00000162735,PEX19
9831,ENSG00000162736,NCSTN
9832,ENSG00000162738,VANGL2
9833,ENSG00000162739,SLAMF6
9834,ENSG00000162745,OLFML2B
9835,ENSG00000162746,FCRLB
9836,ENSG00000162747,FCGR3B
9837,ENSG00000162753,SLC9C2
9838,ENSG00000162755,KLHDC9
9839,ENSG00000162757,C1orf74
9840,ENSG00000162761,LMX1A
9841,ENSG00000162763,LRRC52
9842,ENSG00000162769,FLVCR1
9843,ENSG00000162772,ATF3
9844,ENSG00000162775,RBM15
9845,ENSG00000162777,DENND2D
9846,ENSG00000162779,AXDND1
9847,ENSG00000162782,TDRD5
9848,ENSG00000162783,IER5
9849,ENSG00000162804,SNED1
9850,ENSG00000162813,BPNT1
9851,ENSG00000162814,SPATA17
9852,ENSG00000162817,C1orf115
9853,ENSG00000162819,BROX
9854,ENSG00000162825,NBPF20
9855,ENSG00000162836,ACP6
9856,ENSG00000162843,WDR64
9857,ENSG00000162851,TFB2M
9858,ENSG00000162852,CNST
9859,ENSG00000162869,PPP1R21
9860,ENSG00000162873,KLHDC8A
9861,ENSG00000162877,PM20D1
9862,ENSG00000162878,PKDCC
9863,ENSG00000162881,OXER1
9864,ENSG00000162882,HAAO
9865,ENSG00000162889,MAPKAPK2
9866,ENSG00000162891,IL20
9867,ENSG00000162892,IL24
9868,ENSG00000162894,FCMR
9869,ENSG00000162896,PIGR
9870,ENSG00000162897,FCAMR
9871,ENSG00000162909,CAPN2
9872,ENSG00000162910,MRPL55
9873,ENSG00000162923,WDR26
9874,ENSG00000162924,REL
9875,ENSG00000162927,PUS10
9876,ENSG00000162928,PEX13
9877,ENSG00000162931,TRIM17
9878,ENSG00000162944,RFTN2
9879,ENSG00000162946,DISC1
9880,ENSG00000162949,CAPN13
9881,ENSG00000162951,LRRTM1
9882,ENSG00000162959,MEMO1
9883,ENSG00000162961,DPY30
9884,ENSG00000162971,TYW5
9885,ENSG00000162975,KCNF1
9886,ENSG00000162980,ARL5A
9887,ENSG00000162989,KCNJ3
9888,ENSG00000162992,NEUROD1
9889,ENSG00000162994,CLHC1
9890,ENSG00000162998,FRZB
9891,ENSG00000162999,DUSP19
9892,ENSG00000163001,CFAP36
9893,ENSG00000163002,NUP35
9894,ENSG00000163006,CCDC138
9895,ENSG00000163012,ZSWIM2
9896,ENSG00000163013,FBXO41
9897,ENSG00000163017,ACTG2
9898,ENSG00000163029,SMC6
9899,ENSG00000163032,VSNL1
9900,ENSG00000163040,CCDC74A
9901,ENSG00000163046,ANKRD30BL
9902,ENSG00000163053,SLC16A14
9903,ENSG00000163060,TEKT4
9904,ENSG00000163064,EN1
9905,ENSG00000163069,SGCB
9906,ENSG00000163071,SPATA18
9907,ENSG00000163075,CFAP221
9908,ENSG00000163081,CCDC140
9909,ENSG00000163082,SGPP2
9910,ENSG00000163083,INHBB
9911,ENSG00000163092,XIRP2
9912,ENSG00000163093,BBS5
9913,ENSG00000163104,SMARCAD1
9914,ENSG00000163106,HPGDS
9915,ENSG00000163110,PDLIM5
9916,ENSG00000163114,PDHA2
9917,ENSG00000163116,STPG2
9918,ENSG00000163121,NEURL3
9919,ENSG00000163125,RPRD2
9920,ENSG00000163126,ANKRD23
9921,ENSG00000163131,CTSS
9922,ENSG00000163132,MSX1
9923,ENSG00000163138,PACRGL
9924,ENSG00000163141,BNIPL
9925,ENSG00000163145,C1QTNF7
9926,ENSG00000163154,TNFAIP8L2
9927,ENSG00000163155,LYSMD1
9928,ENSG00000163156,SCNM1
9929,ENSG00000163157,TMOD4
9930,ENSG00000163159,VPS72
9931,ENSG00000163161,ERCC3
9932,ENSG00000163162,RNF149
9933,ENSG00000163166,IWS1
9934,ENSG00000163170,BOLA3
9935,ENSG00000163171,CDC42EP3
9936,ENSG00000163191,S100A11
9937,ENSG00000163202,LCE3D
9938,ENSG00000163206,SMCP
9939,ENSG00000163207,IVL
9940,ENSG00000163209,SPRR3
9941,ENSG00000163214,DHX57
9942,ENSG00000163216,SPRR2D
9943,ENSG00000163218,PGLYRP4
9944,ENSG00000163219,ARHGAP25
9945,ENSG00000163220,S100A9
9946,ENSG00000163221,S100A12
9947,ENSG00000163235,TGFA
9948,ENSG00000163239,TDRD10
9949,ENSG00000163249,CCNYL1
9950,ENSG00000163251,FZD5
9951,ENSG00000163254,CRYGC
9952,ENSG00000163257,DCAF16
9953,ENSG00000163273,NPPC
9954,ENSG00000163281,GNPDA2
9955,ENSG00000163283,ALPP
9956,ENSG00000163285,GABRG1
9957,ENSG00000163288,GABRB1
9958,ENSG00000163291,PAQR3
9959,ENSG00000163293,NIPAL1
9960,ENSG00000163295,ALPI
9961,ENSG00000163297,ANTXR2
9962,ENSG00000163312,HELQ
9963,ENSG00000163319,MRPS18C
9964,ENSG00000163320,CGGBP1
9965,ENSG00000163328,GPR155
9966,ENSG00000163331,DAPL1
9967,ENSG00000163344,PMVK
9968,ENSG00000163346,PBXIP1
9969,ENSG00000163347,CLDN1
9970,ENSG00000163348,PYGO2
9971,ENSG00000163349,HIPK1
9972,ENSG00000163352,LENEP
9973,ENSG00000163354,DCST2
9974,ENSG00000163357,DCST1
9975,ENSG00000163359,COL6A3
9976,ENSG00000163364,LINC01116
9977,ENSG00000163374,YY1AP1
9978,ENSG00000163376,KBTBD8
9979,ENSG00000163378,EOGT
9980,ENSG00000163380,LMOD3
9981,ENSG00000163389,POGLUT1
9982,ENSG00000163393,SLC22A15
9983,ENSG00000163394,CCKAR
9984,ENSG00000163395,IGFN1
9985,ENSG00000163399,ATP1A1
9986,ENSG00000163406,SLC15A2
9987,ENSG00000163412,EIF4E3
9988,ENSG00000163421,PROK2
9989,ENSG00000163428,LRRC58
9990,ENSG00000163430,FSTL1
9991,ENSG00000163431,LMOD1
9992,ENSG00000163435,ELF3
9993,ENSG00000163440,PDCL2
9994,ENSG00000163444,TMEM183A
9995,ENSG00000163449,TMEM169
9996,ENSG00000163453,IGFBP7
9997,ENSG00000163462,TRIM46
9998,ENSG00000163463,KRTCAP2
9999,ENSG00000163464,CXCR1
10000,ENSG00000163466,ARPC2
10001,ENSG00000163467,TSACC
10002,ENSG00000163468,CCT3
10003,ENSG00000163472,TMEM79
10004,ENSG00000163479,SSR2
10005,ENSG00000163481,RNF25
10006,ENSG00000163482,STK36
10007,ENSG00000163485,ADORA1
10008,ENSG00000163491,NEK10
10009,ENSG00000163492,CCDC141
10010,ENSG00000163497,FEV
10011,ENSG00000163499,CRYBA2
10012,ENSG00000163501,IHH
10013,ENSG00000163508,EOMES
10014,ENSG00000163510,CWC22
10015,ENSG00000163512,AZI2
10016,ENSG00000163513,TGFBR2
10017,ENSG00000163516,ANKZF1
10018,ENSG00000163517,HDAC11
10019,ENSG00000163518,FCRL4
10020,ENSG00000163519,TRAT1
10021,ENSG00000163520,FBLN2
10022,ENSG00000163521,GLB1L
10023,ENSG00000163527,STT3B
10024,ENSG00000163528,CHCHD4
10025,ENSG00000163530,DPPA2
10026,ENSG00000163531,NFASC
10027,ENSG00000163534,FCRL1
10028,ENSG00000163536,SERPINI1
10029,ENSG00000163539,CLASP2
10030,ENSG00000163541,SUCLG1
10031,ENSG00000163545,NUAK2
10032,ENSG00000163554,SPTA1
10033,ENSG00000163558,PRKCI
10034,ENSG00000163563,MNDA
10035,ENSG00000163564,PYHIN1
10036,ENSG00000163565,IFI16
10037,ENSG00000163568,AIM2
10038,ENSG00000163576,EFHB
10039,ENSG00000163577,EIF5A2
10040,ENSG00000163581,SLC2A2
10041,ENSG00000163584,RPL22L1
10042,ENSG00000163586,FABP1
10043,ENSG00000163590,PPM1L
10044,ENSG00000163596,ICA1L
10045,ENSG00000163599,CTLA4
10046,ENSG00000163600,ICOS
10047,ENSG00000163602,RYBP
10048,ENSG00000163605,PPP4R2
10049,ENSG00000163606,CD200R1
10050,ENSG00000163607,GTPBP8
10051,ENSG00000163611,SPICE1
10052,ENSG00000163617,CCDC191
10053,ENSG00000163618,CADPS
10054,ENSG00000163623,NKX6-1
10055,ENSG00000163624,CDS1
10056,ENSG00000163625,WDFY3
10057,ENSG00000163626,COX18
10058,ENSG00000163629,PTPN13
10059,ENSG00000163630,SYNPR
10060,ENSG00000163631,ALB
10061,ENSG00000163632,C3orf49
10062,ENSG00000163634,THOC7
10063,ENSG00000163635,ATXN7
10064,ENSG00000163636,PSMD6
10065,ENSG00000163637,PRICKLE2
10066,ENSG00000163638,ADAMTS9
10067,ENSG00000163644,PPM1K
10068,ENSG00000163645,ERICH6
10069,ENSG00000163646,CLRN1
10070,ENSG00000163655,GMPS
10071,ENSG00000163659,TIPARP
10072,ENSG00000163660,CCNL1
10073,ENSG00000163661,PTX3
10074,ENSG00000163666,HESX1
10075,ENSG00000163673,DCLK3
10076,ENSG00000163681,SLMAP
10077,ENSG00000163682,RPL9
10078,ENSG00000163683,SMIM14
10079,ENSG00000163684,RPP14
10080,ENSG00000163686,ABHD6
10081,ENSG00000163687,DNASE1L3
10082,ENSG00000163694,RBM47
10083,ENSG00000163697,APBB2
10084,ENSG00000163701,IL17RE
10085,ENSG00000163702,IL17RC
10086,ENSG00000163703,CRELD1
10087,ENSG00000163704,PRRT3
10088,ENSG00000163705,FANCD2OS
10089,ENSG00000163710,PCOLCE2
10090,ENSG00000163714,U2SURP
10091,ENSG00000163719,MTMR14
10092,ENSG00000163728,TTC14
10093,ENSG00000163734,CXCL3
10094,ENSG00000163735,CXCL5
10095,ENSG00000163736,PPBP
10096,ENSG00000163737,PF4
10097,ENSG00000163738,MTHFD2L
10098,ENSG00000163739,CXCL1
10099,ENSG00000163743,RCHY1
10100,ENSG00000163746,PLSCR2
10101,ENSG00000163749,CCDC158
10102,ENSG00000163751,CPA3
10103,ENSG00000163754,GYG1
10104,ENSG00000163755,HPS3
10105,ENSG00000163762,TM4SF18
10106,ENSG00000163781,TOPBP1
10107,ENSG00000163785,RYK
10108,ENSG00000163788,SNRK
10109,ENSG00000163792,TCF23
10110,ENSG00000163793,DNAJC5G
10111,ENSG00000163794,UCN
10112,ENSG00000163795,ZNF513
10113,ENSG00000163798,SLC4A1AP
10114,ENSG00000163803,PLB1
10115,ENSG00000163806,SPDYA
10116,ENSG00000163807,KIAA1143
10117,ENSG00000163811,WDR43
10118,ENSG00000163812,ZDHHC3
10119,ENSG00000163814,CDCP1
10120,ENSG00000163815,CLEC3B
10121,ENSG00000163817,SLC6A20
10122,ENSG00000163818,LZTFL1
10123,ENSG00000163820,FYCO1
10124,ENSG00000163823,CCR1
10125,ENSG00000163825,RTP3
10126,ENSG00000163827,LRRC2
10127,ENSG00000163832,ELP6
10128,ENSG00000163833,FBXO40
10129,ENSG00000163840,DTX3L
10130,ENSG00000163848,ZNF148
10131,ENSG00000163864,NMNAT3
10132,ENSG00000163866,SMIM12
10133,ENSG00000163867,ZMYM6
10134,ENSG00000163870,TPRA1
10135,ENSG00000163872,YEATS2
10136,ENSG00000163873,GRIK3
10137,ENSG00000163874,ZC3H12A
10138,ENSG00000163875,MEAF6
10139,ENSG00000163877,SNIP1
10140,ENSG00000163879,DNALI1
10141,ENSG00000163882,POLR2H
10142,ENSG00000163884,KLF15
10143,ENSG00000163885,CFAP100
10144,ENSG00000163888,CAMK2N2
10145,ENSG00000163898,LIPH
10146,ENSG00000163900,TMEM41A
10147,ENSG00000163902,RPN1
10148,ENSG00000163904,SENP2
10149,ENSG00000163909,HEYL
10150,ENSG00000163913,IFT122
10151,ENSG00000163914,RHO
10152,ENSG00000163915,IGF2BP2-AS1
10153,ENSG00000163918,RFC4
10154,ENSG00000163923,RPL39L
10155,ENSG00000163930,BAP1
10156,ENSG00000163931,TKT
10157,ENSG00000163932,PRKCD
10158,ENSG00000163933,RFT1
10159,ENSG00000163935,SFMBT1
10160,ENSG00000163938,GNL3
10161,ENSG00000163939,PBRM1
10162,ENSG00000163945,UVSSA
10163,ENSG00000163947,ARHGEF3
10164,ENSG00000163950,SLBP
10165,ENSG00000163956,LRPAP1
10166,ENSG00000163958,ZDHHC19
10167,ENSG00000163959,SLC51A
10168,ENSG00000163960,UBXN7
10169,ENSG00000163961,RNF168
10170,ENSG00000163964,PIGX
10171,ENSG00000163993,S100P
10172,ENSG00000163995,ABLIM2
10173,ENSG00000164002,EXO5
10174,ENSG00000164007,CLDN19
10175,ENSG00000164008,C1orf50
10176,ENSG00000164010,ERMAP
10177,ENSG00000164011,ZNF691
10178,ENSG00000164022,AIMP1
10179,ENSG00000164023,SGMS2
10180,ENSG00000164024,METAP1
10181,ENSG00000164031,DNAJB14
10182,ENSG00000164035,EMCN
10183,ENSG00000164037,SLC9B1
10184,ENSG00000164038,SLC9B2
10185,ENSG00000164039,BDH2
10186,ENSG00000164040,PGRMC2
10187,ENSG00000164045,CDC25A
10188,ENSG00000164047,CAMP
10189,ENSG00000164048,ZNF589
10190,ENSG00000164049,FBXW12
10191,ENSG00000164050,PLXNB1
10192,ENSG00000164051,CCDC51
10193,ENSG00000164053,ATRIP
10194,ENSG00000164054,SHISA5
10195,ENSG00000164056,SPRY1
10196,ENSG00000164061,BSN
10197,ENSG00000164062,APEH
10198,ENSG00000164066,INTU
10199,ENSG00000164068,RNF123
10200,ENSG00000164070,HSPA4L
10201,ENSG00000164073,MFSD8
10202,ENSG00000164074,ABHD18
10203,ENSG00000164076,CAMKV
10204,ENSG00000164077,MON1A
10205,ENSG00000164078,MST1R
10206,ENSG00000164080,RAD54L2
10207,ENSG00000164081,TEX264
10208,ENSG00000164082,GRM2
10209,ENSG00000164086,DUSP7
10210,ENSG00000164087,POC1A
10211,ENSG00000164088,PPM1M
10212,ENSG00000164089,ETNPPL
10213,ENSG00000164091,WDR82
10214,ENSG00000164093,PITX2
10215,ENSG00000164099,PRSS12
10216,ENSG00000164100,NDST3
10217,ENSG00000164104,HMGB2
10218,ENSG00000164105,SAP30
10219,ENSG00000164106,SCRG1
10220,ENSG00000164107,HAND2
10221,ENSG00000164109,MAD2L1
10222,ENSG00000164111,ANXA5
10223,ENSG00000164114,MAP9
10224,ENSG00000164117,FBXO8
10225,ENSG00000164118,CEP44
10226,ENSG00000164120,HPGD
10227,ENSG00000164122,ASB5
10228,ENSG00000164124,TMEM144
10229,ENSG00000164128,NPY1R
10230,ENSG00000164129,NPY5R
10231,ENSG00000164134,NAA15
10232,ENSG00000164136,IL15
10233,ENSG00000164144,ARFIP1
10234,ENSG00000164151,ICE1
10235,ENSG00000164161,HHIP
10236,ENSG00000164162,ANAPC10
10237,ENSG00000164163,ABCE1
10238,ENSG00000164164,OTUD4
10239,ENSG00000164167,LSM6
10240,ENSG00000164168,TMEM184C
10241,ENSG00000164169,PRMT9
10242,ENSG00000164171,ITGA2
10243,ENSG00000164172,MOCS2
10244,ENSG00000164175,SLC45A2
10245,ENSG00000164176,EDIL3
10246,ENSG00000164180,TMEM161B
10247,ENSG00000164181,ELOVL7
10248,ENSG00000164182,NDUFAF2
10249,ENSG00000164185,ZNF474
10250,ENSG00000164187,LMBRD2
10251,ENSG00000164188,RANBP3L
10252,ENSG00000164190,NIPBL
10253,ENSG00000164197,RNF180
10254,ENSG00000164199,ADGRV1
10255,ENSG00000164209,SLC25A46
10256,ENSG00000164211,STARD4
10257,ENSG00000164219,PGGT1B
10258,ENSG00000164220,F2RL2
10259,ENSG00000164221,CCDC112
10260,ENSG00000164236,ANKRD33B
10261,ENSG00000164237,CMBL
10262,ENSG00000164241,C5orf63
10263,ENSG00000164244,PRRC1
10264,ENSG00000164251,F2RL1
10265,ENSG00000164252,AGGF1
10266,ENSG00000164253,WDR41
10267,ENSG00000164258,NDUFS4
10268,ENSG00000164265,SCGB3A2
10269,ENSG00000164266,SPINK1
10270,ENSG00000164270,HTR4
10271,ENSG00000164283,ESM1
10272,ENSG00000164284,GRPEL2
10273,ENSG00000164287,CDC20B
10274,ENSG00000164291,ARSK
10275,ENSG00000164292,RHOBTB3
10276,ENSG00000164294,GPX8
10277,ENSG00000164296,TIGD6
10278,ENSG00000164299,SPZ1
10279,ENSG00000164300,SERINC5
10280,ENSG00000164303,ENPP6
10281,ENSG00000164304,CAGE1
10282,ENSG00000164305,CASP3
10283,ENSG00000164306,PRIMPOL
10284,ENSG00000164307,ERAP1
10285,ENSG00000164308,ERAP2
10286,ENSG00000164309,CMYA5
10287,ENSG00000164318,EGFLAM
10288,ENSG00000164323,CFAP97
10289,ENSG00000164325,TMEM174
10290,ENSG00000164327,RICTOR
10291,ENSG00000164330,EBF1
10292,ENSG00000164331,ANKRA2
10293,ENSG00000164332,UBLCP1
10294,ENSG00000164334,FAM170A
10295,ENSG00000164338,UTP15
10296,ENSG00000164342,TLR3
10297,ENSG00000164344,KLKB1
10298,ENSG00000164346,NSA2
10299,ENSG00000164347,GFM2
10300,ENSG00000164362,TERT
10301,ENSG00000164363,SLC6A18
10302,ENSG00000164366,CCDC127
10303,ENSG00000164379,FOXQ1
10304,ENSG00000164385,LINC01600
10305,ENSG00000164398,ACSL6
10306,ENSG00000164399,IL3
10307,ENSG00000164400,CSF2
10308,ENSG00000164403,SHROOM1
10309,ENSG00000164404,GDF9
10310,ENSG00000164405,UQCRQ
10311,ENSG00000164406,LEAP2
10312,ENSG00000164411,GJB7
10313,ENSG00000164414,SLC35A1
10314,ENSG00000164418,GRIK2
10315,ENSG00000164434,FABP7
10316,ENSG00000164438,TLX3
10317,ENSG00000164440,TXLNB
10318,ENSG00000164442,CITED2
10319,ENSG00000164463,CREBRF
10320,ENSG00000164465,DCBLD1
10321,ENSG00000164466,SFXN1
10322,ENSG00000164483,SAMD3
10323,ENSG00000164484,TMEM200A
10324,ENSG00000164485,IL22RA2
10325,ENSG00000164488,DACT2
10326,ENSG00000164494,PDSS2
10327,ENSG00000164506,STXBP5
10328,ENSG00000164509,IL31RA
10329,ENSG00000164512,ANKRD55
10330,ENSG00000164520,RAET1E
10331,ENSG00000164530,PI16
10332,ENSG00000164532,TBX20
10333,ENSG00000164535,DAGLB
10334,ENSG00000164543,STK17A
10335,ENSG00000164548,TRA2A
10336,ENSG00000164574,GALNT10
10337,ENSG00000164576,SAP30L
10338,ENSG00000164587,RPS14
10339,ENSG00000164588,HCN1
10340,ENSG00000164591,MYOZ3
10341,ENSG00000164597,COG5
10342,ENSG00000164604,GPR85
10343,ENSG00000164609,SLU7
10344,ENSG00000164610,RP9
10345,ENSG00000164611,PTTG1
10346,ENSG00000164615,CAMLG
10347,ENSG00000164619,BMPER
10348,ENSG00000164620,RELL2
10349,ENSG00000164621,SMAD5-AS1
10350,ENSG00000164626,KCNK5
10351,ENSG00000164627,KIF6
10352,ENSG00000164631,ZNF12
10353,ENSG00000164638,SLC29A4
10354,ENSG00000164647,STEAP1
10355,ENSG00000164649,CDCA7L
10356,ENSG00000164651,SP8
10357,ENSG00000164654,MIOS
10358,ENSG00000164663,USP49
10359,ENSG00000164674,SYTL3
10360,ENSG00000164675,IQUB
10361,ENSG00000164683,HEY1
10362,ENSG00000164684,ZNF704
10363,ENSG00000164687,FABP5
10364,ENSG00000164690,SHH
10365,ENSG00000164691,TAGAP
10366,ENSG00000164692,COL1A2
10367,ENSG00000164694,FNDC1
10368,ENSG00000164695,CHMP4C
10369,ENSG00000164707,SLC13A4
10370,ENSG00000164708,PGAM2
10371,ENSG00000164713,BRI3
10372,ENSG00000164715,LMTK2
10373,ENSG00000164729,SLC35G3
10374,ENSG00000164733,CTSB
10375,ENSG00000164736,SOX17
10376,ENSG00000164741,DLC1
10377,ENSG00000164742,ADCY1
10378,ENSG00000164743,C8orf48
10379,ENSG00000164744,SUN3
10380,ENSG00000164746,C7orf57
10381,ENSG00000164749,HNF4G
10382,ENSG00000164751,PEX2
10383,ENSG00000164754,RAD21
10384,ENSG00000164756,SLC30A8
10385,ENSG00000164758,MED30
10386,ENSG00000164761,TNFRSF11B
10387,ENSG00000164764,SBSPON
10388,ENSG00000164776,PHKG1
10389,ENSG00000164778,EN2
10390,ENSG00000164794,KCNV1
10391,ENSG00000164796,CSMD3
10392,ENSG00000164808,SPIDR
10393,ENSG00000164815,ORC5
10394,ENSG00000164816,DEFA5
10395,ENSG00000164818,DNAAF5
10396,ENSG00000164823,OSGIN2
10397,ENSG00000164828,SUN1
10398,ENSG00000164830,OXR1
10399,ENSG00000164841,TMEM74
10400,ENSG00000164849,GPR146
10401,ENSG00000164850,GPER1
10402,ENSG00000164853,UNCX
10403,ENSG00000164855,TMEM184A
10404,ENSG00000164867,NOS3
10405,ENSG00000164877,MICALL2
10406,ENSG00000164879,CA3
10407,ENSG00000164880,INTS1
10408,ENSG00000164885,CDK5
10409,ENSG00000164889,SLC4A2
10410,ENSG00000164893,SLC7A13
10411,ENSG00000164896,FASTK
10412,ENSG00000164897,TMUB1
10413,ENSG00000164900,GBX1
10414,ENSG00000164902,PHAX
10415,ENSG00000164904,ALDH7A1
10416,ENSG00000164916,FOXK1
10417,ENSG00000164919,COX6C
10418,ENSG00000164920,OSR2
10419,ENSG00000164924,YWHAZ
10420,ENSG00000164929,BAALC
10421,ENSG00000164930,FZD6
10422,ENSG00000164932,CTHRC1
10423,ENSG00000164933,SLC25A32
10424,ENSG00000164934,DCAF13
10425,ENSG00000164935,DCSTAMP
10426,ENSG00000164938,TP53INP1
10427,ENSG00000164941,INTS8
10428,ENSG00000164946,FREM1
10429,ENSG00000164949,GEM
10430,ENSG00000164951,PDP1
10431,ENSG00000164953,TMEM67
10432,ENSG00000164967,RPP25L
10433,ENSG00000164970,FAM219A
10434,ENSG00000164975,SNAPC3
10435,ENSG00000164978,NUDT2
10436,ENSG00000164983,TMEM65
10437,ENSG00000164985,PSIP1
10438,ENSG00000164989,CCDC171
10439,ENSG00000165006,UBAP1
10440,ENSG00000165023,DIRAS2
10441,ENSG00000165025,SYK
10442,ENSG00000165028,NIPSNAP3B
10443,ENSG00000165029,ABCA1
10444,ENSG00000165030,NFIL3
10445,ENSG00000165046,LETM2
10446,ENSG00000165055,METTL2B
10447,ENSG00000165060,FXN
10448,ENSG00000165061,ZMAT4
10449,ENSG00000165066,NKX6-3
10450,ENSG00000165071,TMEM71
10451,ENSG00000165076,PRSS37
10452,ENSG00000165078,CPA6
10453,ENSG00000165084,C8orf34
10454,ENSG00000165091,TMC1
10455,ENSG00000165092,ALDH1A1
10456,ENSG00000165097,KDM1B
10457,ENSG00000165102,HGSNAT
10458,ENSG00000165105,RASEF
10459,ENSG00000165113,GKAP1
10460,ENSG00000165115,KIF27
10461,ENSG00000165119,HNRNPK
10462,ENSG00000165120,SSMEM1
10463,ENSG00000165124,SVEP1
10464,ENSG00000165138,ANKS6
10465,ENSG00000165140,FBP1
10466,ENSG00000165156,ZHX1
10467,ENSG00000165164,CFAP47
10468,ENSG00000165168,CYBB
10469,ENSG00000165169,DYNLT3
10470,ENSG00000165175,MID1IP1
10471,ENSG00000165182,CXorf58
10472,ENSG00000165185,KIAA1958
10473,ENSG00000165186,PTCHD1
10474,ENSG00000165188,RNF183
10475,ENSG00000165192,ASB11
10476,ENSG00000165194,PCDH19
10477,ENSG00000165195,PIGA
10478,ENSG00000165202,OR1Q1
10479,ENSG00000165209,STRBP
10480,ENSG00000165215,CLDN3
10481,ENSG00000165219,GAPVD1
10482,ENSG00000165233,CARD19
10483,ENSG00000165238,WNK2
10484,ENSG00000165240,ATP7A
10485,ENSG00000165244,ZNF367
10486,ENSG00000165246,NLGN4Y
10487,ENSG00000165259,HDX
10488,ENSG00000165264,NDUFB6
10489,ENSG00000165269,AQP7
10490,ENSG00000165271,NOL6
10491,ENSG00000165272,AQP3
10492,ENSG00000165275,TRMT10B
10493,ENSG00000165280,VCP
10494,ENSG00000165282,PIGO
10495,ENSG00000165283,STOML2
10496,ENSG00000165288,BRWD3
10497,ENSG00000165300,SLITRK5
10498,ENSG00000165304,MELK
10499,ENSG00000165309,ARMC3
10500,ENSG00000165312,OTUD1
10501,ENSG00000165322,ARHGAP12
10502,ENSG00000165323,FAT3
10503,ENSG00000165338,HECTD2
10504,ENSG00000165349,SLC7A3
10505,ENSG00000165355,FBXO33
10506,ENSG00000165376,CLDN2
10507,ENSG00000165379,LRFN5
10508,ENSG00000165383,LRRC18
10509,ENSG00000165389,SPTSSA
10510,ENSG00000165392,WRN
10511,ENSG00000165409,TSHR
10512,ENSG00000165410,CFL2
10513,ENSG00000165416,SUGT1
10514,ENSG00000165417,GTF2A1
10515,ENSG00000165424,ZCCHC24
10516,ENSG00000165434,PGM2L1
10517,ENSG00000165443,PHYHIPL
10518,ENSG00000165449,SLC16A9
10519,ENSG00000165457,FOLR2
10520,ENSG00000165458,INPPL1
10521,ENSG00000165462,PHOX2A
10522,ENSG00000165471,MBL2
10523,ENSG00000165474,GJB2
10524,ENSG00000165475,CRYL1
10525,ENSG00000165476,REEP3
10526,ENSG00000165478,HEPACAM
10527,ENSG00000165480,SKA3
10528,ENSG00000165487,MICU2
10529,ENSG00000165490,DDIAS
10530,ENSG00000165494,PCF11
10531,ENSG00000165495,PKNOX2
10532,ENSG00000165496,RPL10L
10533,ENSG00000165501,LRR1
10534,ENSG00000165502,RPL36AL
10535,ENSG00000165506,DNAAF2
10536,ENSG00000165512,ZNF22
10537,ENSG00000165516,KLHDC2
10538,ENSG00000165521,EML5
10539,ENSG00000165525,NEMF
10540,ENSG00000165526,RPUSD4
10541,ENSG00000165527,ARF6
10542,ENSG00000165533,TTC8
10543,ENSG00000165548,TMEM63C
10544,ENSG00000165553,NGB
10545,ENSG00000165555,NOXRED1
10546,ENSG00000165556,CDX2
10547,ENSG00000165566,AMER2
10548,ENSG00000165568,AKR1E2
10549,ENSG00000165572,KBTBD6
10550,ENSG00000165583,SSX5
10551,ENSG00000165588,OTX2
10552,ENSG00000165591,FAAH2
10553,ENSG00000165606,DRGX
10554,ENSG00000165609,NUDT5
10555,ENSG00000165617,DACT1
10556,ENSG00000165621,OXGR1
10557,ENSG00000165623,UCMA
10558,ENSG00000165626,BEND7
10559,ENSG00000165630,PRPF18
10560,ENSG00000165632,TAF3
10561,ENSG00000165633,VSTM4
10562,ENSG00000165637,VDAC2
10563,ENSG00000165643,SOHLH1
10564,ENSG00000165644,COMTD1
10565,ENSG00000165646,SLC18A2
10566,ENSG00000165650,PDZD8
10567,ENSG00000165655,ZNF503
10568,ENSG00000165661,QSOX2
10569,ENSG00000165669,FAM204A
10570,ENSG00000165671,NSD1
10571,ENSG00000165672,PRDX3
10572,ENSG00000165675,ENOX2
10573,ENSG00000165678,GHITM
10574,ENSG00000165682,CLEC1B
10575,ENSG00000165684,SNAPC4
10576,ENSG00000165685,TMEM52B
10577,ENSG00000165688,PMPCA
10578,ENSG00000165694,FRMD7
10579,ENSG00000165695,AK8
10580,ENSG00000165699,TSC1
10581,ENSG00000165702,GFI1B
10582,ENSG00000165704,HPRT1
10583,ENSG00000165724,ZMYND19
10584,ENSG00000165730,STOX1
10585,ENSG00000165731,RET
10586,ENSG00000165732,DDX21
10587,ENSG00000165733,BMS1
10588,ENSG00000165752,STK32C
10589,ENSG00000165775,FUNDC2
10590,ENSG00000165792,METTL17
10591,ENSG00000165794,SLC39A2
10592,ENSG00000165795,NDRG2
10593,ENSG00000165799,RNASE7
10594,ENSG00000165801,ARHGEF40
10595,ENSG00000165802,NSMF
10596,ENSG00000165804,ZNF219
10597,ENSG00000165805,C12orf50
10598,ENSG00000165806,CASP7
10599,ENSG00000165807,PPP1R36
10600,ENSG00000165810,BTNL9
10601,ENSG00000165813,CCDC186
10602,ENSG00000165816,VWA2
10603,ENSG00000165819,METTL3
10604,ENSG00000165821,SALL2
10605,ENSG00000165828,PRAP1
10606,ENSG00000165832,TRUB1
10607,ENSG00000165837,ERICH6B
10608,ENSG00000165841,CYP2C19
10609,ENSG00000165861,ZFYVE1
10610,ENSG00000165868,HSPA12A
10611,ENSG00000165879,FRAT1
10612,ENSG00000165886,UBTD1
10613,ENSG00000165887,ANKRD2
10614,ENSG00000165891,E2F7
10615,ENSG00000165895,ARHGAP42
10616,ENSG00000165898,ISCA2
10617,ENSG00000165899,OTOGL
10618,ENSG00000165912,PACSIN3
10619,ENSG00000165914,TTC7B
10620,ENSG00000165915,SLC39A13
10621,ENSG00000165916,PSMC3
10622,ENSG00000165917,RAPSN
10623,ENSG00000165923,AGBL2
10624,ENSG00000165934,CPSF2
10625,ENSG00000165935,SMCO2
10626,ENSG00000165943,MOAP1
10627,ENSG00000165959,CLMN
10628,ENSG00000165966,PDZRN4
10629,ENSG00000165972,CCDC38
10630,ENSG00000165973,NELL1
10631,ENSG00000165983,PTER
10632,ENSG00000165985,C1QL3
10633,ENSG00000165995,CACNB2
10634,ENSG00000165996,HACD1
10635,ENSG00000165997,ARL5B
10636,ENSG00000166002,SMCO4
10637,ENSG00000166004,CEP295
10638,ENSG00000166006,KCNC2
10639,ENSG00000166012,TAF1D
10640,ENSG00000166016,ABTB2
10641,ENSG00000166024,R3HCC1L
10642,ENSG00000166025,AMOTL1
10643,ENSG00000166033,HTRA1
10644,ENSG00000166035,LIPC
10645,ENSG00000166037,CEP57
10646,ENSG00000166046,TCP11L2
10647,ENSG00000166049,PASD1
10648,ENSG00000166068,SPRED1
10649,ENSG00000166069,TMCO5A
10650,ENSG00000166073,GPR176
10651,ENSG00000166086,JAM3
10652,ENSG00000166090,IL25
10653,ENSG00000166091,CMTM5
10654,ENSG00000166105,GLB1L3
10655,ENSG00000166106,ADAMTS15
10656,ENSG00000166111,SVOP
10657,ENSG00000166118,SPATA19
10658,ENSG00000166123,GPT2
10659,ENSG00000166126,AMN
10660,ENSG00000166128,RAB8B
10661,ENSG00000166130,IKBIP
10662,ENSG00000166133,RPUSD2
10663,ENSG00000166135,HIF1AN
10664,ENSG00000166136,NDUFB8
10665,ENSG00000166140,ZFYVE19
10666,ENSG00000166143,PPP1R14D
10667,ENSG00000166145,SPINT1
10668,ENSG00000166147,FBN1
10669,ENSG00000166148,AVPR1A
10670,ENSG00000166152,C16orf78
10671,ENSG00000166153,DEPDC4
10672,ENSG00000166164,BRD7
10673,ENSG00000166165,CKB
10674,ENSG00000166166,TRMT61A
10675,ENSG00000166167,BTRC
10676,ENSG00000166169,POLL
10677,ENSG00000166170,BAG5
10678,ENSG00000166171,DPCD
10679,ENSG00000166173,LARP6
10680,ENSG00000166181,API5
10681,ENSG00000166183,ASPG
10682,ENSG00000166188,ZNF319
10683,ENSG00000166189,HPS6
10684,ENSG00000166192,SENP8
10685,ENSG00000166197,NOLC1
10686,ENSG00000166199,ALKBH3
10687,ENSG00000166200,COPS2
10688,ENSG00000166206,GABRB3
10689,ENSG00000166211,SPIC
10690,ENSG00000166220,TBATA
10691,ENSG00000166224,SGPL1
10692,ENSG00000166225,FRS2
10693,ENSG00000166226,CCT2
10694,ENSG00000166228,PCBD1
10695,ENSG00000166233,ARIH1
10696,ENSG00000166250,CLMP
10697,ENSG00000166257,SCN3B
10698,ENSG00000166260,COX11
10699,ENSG00000166261,ZNF202
10700,ENSG00000166262,FAM227B
10701,ENSG00000166263,STXBP4
10702,ENSG00000166265,CYYR1
10703,ENSG00000166266,CUL5
10704,ENSG00000166268,MYRFL
10705,ENSG00000166272,WBP1L
10706,ENSG00000166275,BORCS7
10707,ENSG00000166289,PLEKHF1
10708,ENSG00000166292,TMEM100
10709,ENSG00000166295,ANAPC16
10710,ENSG00000166311,SMPD1
10711,ENSG00000166313,APBB1
10712,ENSG00000166317,SYNPO2L
10713,ENSG00000166321,NUDT13
10714,ENSG00000166323,C11orf65
10715,ENSG00000166326,TRIM44
10716,ENSG00000166329,CCDC182
10717,ENSG00000166333,ILK
10718,ENSG00000166337,TAF10
10719,ENSG00000166340,TPP1
10720,ENSG00000166341,DCHS1
10721,ENSG00000166342,NETO1
10722,ENSG00000166343,MSS51
10723,ENSG00000166347,CYB5A
10724,ENSG00000166348,USP54
10725,ENSG00000166349,RAG1
10726,ENSG00000166359,WDR88
10727,ENSG00000166387,PPFIBP2
10728,ENSG00000166391,MOGAT2
10729,ENSG00000166394,CYB5R2
10730,ENSG00000166396,SERPINB7
10731,ENSG00000166401,SERPINB8
10732,ENSG00000166402,TUB
10733,ENSG00000166405,RIC3
10734,ENSG00000166407,LMO1
10735,ENSG00000166411,IDH3A
10736,ENSG00000166415,WDR72
10737,ENSG00000166426,CRABP1
10738,ENSG00000166428,PLD4
10739,ENSG00000166432,ZMAT1
10740,ENSG00000166435,XRRA1
10741,ENSG00000166436,TRIM66
10742,ENSG00000166439,RNF169
10743,ENSG00000166441,RPL27A
10744,ENSG00000166446,CDYL2
10745,ENSG00000166448,TMEM130
10746,ENSG00000166450,PRTG
10747,ENSG00000166452,AKIP1
10748,ENSG00000166455,C16orf46
10749,ENSG00000166471,TMEM41B
10750,ENSG00000166477,LEO1
10751,ENSG00000166478,ZNF143
10752,ENSG00000166479,TMX3
10753,ENSG00000166482,MFAP4
10754,ENSG00000166483,WEE1
10755,ENSG00000166484,MAPK7
10756,ENSG00000166501,PRKCB
10757,ENSG00000166507,NDST2
10758,ENSG00000166508,MCM7
10759,ENSG00000166509,CLEC3A
10760,ENSG00000166510,CCDC68
10761,ENSG00000166523,CLEC4E
10762,ENSG00000166526,ZNF3
10763,ENSG00000166527,CLEC4D
10764,ENSG00000166529,ZSCAN21
10765,ENSG00000166532,RIMKLB
10766,ENSG00000166535,A2ML1
10767,ENSG00000166546,BEAN1
10768,ENSG00000166548,TK2
10769,ENSG00000166557,TMED3
10770,ENSG00000166558,SLC38A8
10771,ENSG00000166562,SEC11C
10772,ENSG00000166569,CPLX4
10773,ENSG00000166573,GALR1
10774,ENSG00000166575,TMEM135
10775,ENSG00000166579,NDEL1
10776,ENSG00000166582,CENPV
10777,ENSG00000166589,CDH16
10778,ENSG00000166592,RRAD
10779,ENSG00000166596,CFAP52
10780,ENSG00000166598,HSP90B1
10781,ENSG00000166603,MC4R
10782,ENSG00000166619,BLCAP
10783,ENSG00000166634,SERPINB12
10784,ENSG00000166669,ATF7IP2
10785,ENSG00000166670,MMP10
10786,ENSG00000166676,TVP23A
10787,ENSG00000166682,TMPRSS5
10788,ENSG00000166685,COG1
10789,ENSG00000166689,PLEKHA7
10790,ENSG00000166704,ZNF606
10791,ENSG00000166707,ZCCHC18
10792,ENSG00000166710,B2M
10793,ENSG00000166716,ZNF592
10794,ENSG00000166736,HTR3A
10795,ENSG00000166741,NNMT
10796,ENSG00000166743,ACSM1
10797,ENSG00000166747,AP1G1
10798,ENSG00000166750,SLFN5
10799,ENSG00000166762,CATSPER2
10800,ENSG00000166770,ZNF667-AS1
10801,ENSG00000166788,SAAL1
10802,ENSG00000166793,YPEL4
10803,ENSG00000166794,PPIB
10804,ENSG00000166796,LDHC
10805,ENSG00000166800,LDHAL6A
10806,ENSG00000166801,FAM111A
10807,ENSG00000166813,KIF7
10808,ENSG00000166816,LDHD
10809,ENSG00000166819,PLIN1
10810,ENSG00000166821,PEX11A
10811,ENSG00000166822,TMEM170A
10812,ENSG00000166823,MESP1
10813,ENSG00000166825,ANPEP
10814,ENSG00000166828,SCNN1G
10815,ENSG00000166831,RBPMS2
10816,ENSG00000166833,NAV2
10817,ENSG00000166839,ANKDD1A
10818,ENSG00000166840,GLYATL1
10819,ENSG00000166845,C18orf54
10820,ENSG00000166847,DCTN5
10821,ENSG00000166848,TERF2IP
10822,ENSG00000166851,PLK1
10823,ENSG00000166855,CLPX
10824,ENSG00000166860,ZBTB39
10825,ENSG00000166862,CACNG2
10826,ENSG00000166863,TAC3
10827,ENSG00000166866,MYO1A
10828,ENSG00000166869,CHP2
10829,ENSG00000166881,NEMP1
10830,ENSG00000166886,NAB2
10831,ENSG00000166887,VPS39
10832,ENSG00000166888,STAT6
10833,ENSG00000166889,PATL1
10834,ENSG00000166897,ELFN2
10835,ENSG00000166900,STX3
10836,ENSG00000166902,MRPL16
10837,ENSG00000166908,PIP4K2C
10838,ENSG00000166913,YWHAB
10839,ENSG00000166917,MIR202HG
10840,ENSG00000166922,SCG5
10841,ENSG00000166924,NYAP1
10842,ENSG00000166925,TSC22D4
10843,ENSG00000166926,MS4A6E
10844,ENSG00000166927,MS4A7
10845,ENSG00000166928,MS4A14
10846,ENSG00000166930,MS4A5
10847,ENSG00000166938,DIS3L
10848,ENSG00000166946,CCNDBP1
10849,ENSG00000166947,EPB42
10850,ENSG00000166949,SMAD3
10851,ENSG00000166959,MS4A8
10852,ENSG00000166960,CCDC178
10853,ENSG00000166961,MS4A15
10854,ENSG00000166963,MAP1A
10855,ENSG00000166965,RCCD1
10856,ENSG00000166971,AKTIP
10857,ENSG00000166974,MAPRE2
10858,ENSG00000166979,EVA1C
10859,ENSG00000166987,MBD6
10860,ENSG00000166997,CNPY4
10861,ENSG00000167004,PDIA3
10862,ENSG00000167005,NUDT21
10863,ENSG00000167011,NAT16
10864,ENSG00000167034,NKX3-1
10865,ENSG00000167037,SGSM1
10866,ENSG00000167065,DUSP18
10867,ENSG00000167074,TEF
10868,ENSG00000167077,MEI1
10869,ENSG00000167080,B4GALNT2
10870,ENSG00000167081,PBX3
10871,ENSG00000167083,GNGT2
10872,ENSG00000167088,SNRPD1
10873,ENSG00000167094,TTC16
10874,ENSG00000167098,SUN5
10875,ENSG00000167100,SAMD14
10876,ENSG00000167103,PIP5KL1
10877,ENSG00000167104,BPIFB6
10878,ENSG00000167105,TMEM92
10879,ENSG00000167107,ACSF2
10880,ENSG00000167110,GOLGA2
10881,ENSG00000167112,TRUB2
10882,ENSG00000167113,COQ4
10883,ENSG00000167114,SLC27A4
10884,ENSG00000167118,URM1
10885,ENSG00000167123,CERCAM
10886,ENSG00000167130,DOLPP1
10887,ENSG00000167136,ENDOG
10888,ENSG00000167157,PRRX2
10889,ENSG00000167165,UGT1A6
10890,ENSG00000167173,C15orf39
10891,ENSG00000167178,ISLR2
10892,ENSG00000167182,SP2
10893,ENSG00000167183,PRR15L
10894,ENSG00000167186,COQ7
10895,ENSG00000167191,GPRC5B
10896,ENSG00000167193,CRK
10897,ENSG00000167196,FBXO22
10898,ENSG00000167202,TBC1D2B
10899,ENSG00000167207,NOD2
10900,ENSG00000167208,SNX20
10901,ENSG00000167210,LOXHD1
10902,ENSG00000167216,KATNAL2
10903,ENSG00000167220,HDHD2
10904,ENSG00000167232,ZNF91
10905,ENSG00000167244,IGF2
10906,ENSG00000167257,RNF214
10907,ENSG00000167258,CDK12
10908,ENSG00000167261,DPEP2
10909,ENSG00000167264,DUS2
10910,ENSG00000167272,POP5
10911,ENSG00000167280,ENGASE
10912,ENSG00000167281,RBFOX3
10913,ENSG00000167286,CD3D
10914,ENSG00000167291,TBC1D16
10915,ENSG00000167306,MYO5B
10916,ENSG00000167311,ART5
10917,ENSG00000167315,ACAA2
10918,ENSG00000167323,STIM1
10919,ENSG00000167325,RRM1
10920,ENSG00000167332,OR51E2
10921,ENSG00000167333,TRIM68
10922,ENSG00000167355,OR51B5
10923,ENSG00000167359,OR51I1
10924,ENSG00000167363,FN3K
10925,ENSG00000167371,PRRT2
10926,ENSG00000167377,ZNF23
10927,ENSG00000167378,IRGQ
10928,ENSG00000167380,ZNF226
10929,ENSG00000167384,ZNF180
10930,ENSG00000167394,ZNF668
10931,ENSG00000167395,ZNF646
10932,ENSG00000167397,VKORC1
10933,ENSG00000167414,GNG8
10934,ENSG00000167419,LPO
10935,ENSG00000167434,CA4
10936,ENSG00000167447,SMG8
10937,ENSG00000167460,TPM4
10938,ENSG00000167461,RAB8A
10939,ENSG00000167468,GPX4
10940,ENSG00000167470,MIDN
10941,ENSG00000167476,JSRP1
10942,ENSG00000167487,KLHL26
10943,ENSG00000167491,GATAD2A
10944,ENSG00000167508,MVD
10945,ENSG00000167513,CDT1
10946,ENSG00000167515,TRAPPC2L
10947,ENSG00000167522,ANKRD11
10948,ENSG00000167523,SPATA33
10949,ENSG00000167525,PROCA1
10950,ENSG00000167526,RPL13
10951,ENSG00000167528,ZNF641
10952,ENSG00000167531,LALBA
10953,ENSG00000167535,CACNB3
10954,ENSG00000167536,DHRS13
10955,ENSG00000167543,TP53I13
10956,ENSG00000167548,KMT2D
10957,ENSG00000167549,CORO6
10958,ENSG00000167550,RHEBL1
10959,ENSG00000167552,TUBA1A
10960,ENSG00000167553,TUBA1C
10961,ENSG00000167554,ZNF610
10962,ENSG00000167555,ZNF528
10963,ENSG00000167562,ZNF701
10964,ENSG00000167565,SERTAD3
10965,ENSG00000167566,NCKAP5L
10966,ENSG00000167578,RAB4B
10967,ENSG00000167580,AQP2
10968,ENSG00000167588,GPD1
10969,ENSG00000167595,PROSER3
10970,ENSG00000167600,CYP2S1
10971,ENSG00000167601,AXL
10972,ENSG00000167604,NFKBID
10973,ENSG00000167612,ANKRD33
10974,ENSG00000167617,CDC42EP5
10975,ENSG00000167618,LAIR2
10976,ENSG00000167619,TMEM145
10977,ENSG00000167625,ZNF526
10978,ENSG00000167632,TRAPPC9
10979,ENSG00000167634,NLRP7
10980,ENSG00000167635,ZNF146
10981,ENSG00000167637,ZNF283
10982,ENSG00000167641,PPP1R14A
10983,ENSG00000167642,SPINT2
10984,ENSG00000167644,C19orf33
10985,ENSG00000167645,YIF1B
10986,ENSG00000167646,DNAAF3
10987,ENSG00000167653,PSCA
10988,ENSG00000167654,ATCAY
10989,ENSG00000167656,LY6D
10990,ENSG00000167657,DAPK3
10991,ENSG00000167658,EEF2
10992,ENSG00000167664,TMIGD2
10993,ENSG00000167670,CHAF1A
10994,ENSG00000167671,UBXN6
10995,ENSG00000167676,PLIN4
10996,ENSG00000167680,SEMA6B
10997,ENSG00000167685,ZNF444
10998,ENSG00000167699,GLOD4
10999,ENSG00000167701,GPT
11000,ENSG00000167702,KIFC2
11001,ENSG00000167703,SLC43A2
11002,ENSG00000167711,SERPINF2
11003,ENSG00000167720,SRR
11004,ENSG00000167721,TSR1
11005,ENSG00000167723,TRPV3
11006,ENSG00000167733,HSD11B1L
11007,ENSG00000167740,CYB5D2
11008,ENSG00000167741,GGT6
11009,ENSG00000167748,KLK1
11010,ENSG00000167749,KLK4
11011,ENSG00000167751,KLK2
11012,ENSG00000167754,KLK5
11013,ENSG00000167755,KLK6
11014,ENSG00000167757,KLK11
11015,ENSG00000167759,KLK13
11016,ENSG00000167766,ZNF83
11017,ENSG00000167767,KRT80
11018,ENSG00000167768,KRT1
11019,ENSG00000167769,ACER1
11020,ENSG00000167770,OTUB1
11021,ENSG00000167771,RCOR2
11022,ENSG00000167772,ANGPTL4
11023,ENSG00000167775,CD320
11024,ENSG00000167778,SPRYD3
11025,ENSG00000167779,IGFBP6
11026,ENSG00000167780,SOAT2
11027,ENSG00000167785,ZNF558
11028,ENSG00000167792,NDUFV1
11029,ENSG00000167797,CDK2AP2
11030,ENSG00000167799,NUDT8
11031,ENSG00000167800,TBX10
11032,ENSG00000167815,PRDX2
11033,ENSG00000167840,ZNF232
11034,ENSG00000167842,MIS12
11035,ENSG00000167850,CD300C
11036,ENSG00000167851,CD300A
11037,ENSG00000167858,TEKT1
11038,ENSG00000167861,HID1
11039,ENSG00000167874,TMEM88
11040,ENSG00000167880,EVPL
11041,ENSG00000167881,SRP68
11042,ENSG00000167889,MGAT5B
11043,ENSG00000167895,TMC8
11044,ENSG00000167900,TK1
11045,ENSG00000167904,TMEM68
11046,ENSG00000167910,CYP7A1
11047,ENSG00000167914,GSDMA
11048,ENSG00000167916,KRT24
11049,ENSG00000167925,GHDC
11050,ENSG00000167930,FAM234A
11051,ENSG00000167941,SOST
11052,ENSG00000167964,RAB26
11053,ENSG00000167965,MLST8
11054,ENSG00000167967,E4F1
11055,ENSG00000167968,DNASE1L2
11056,ENSG00000167969,ECI1
11057,ENSG00000167971,CASKIN1
11058,ENSG00000167972,ABCA3
11059,ENSG00000167977,KCTD5
11060,ENSG00000167978,SRRM2
11061,ENSG00000167981,ZNF597
11062,ENSG00000167984,NLRC3
11063,ENSG00000167985,SDHAF2
11064,ENSG00000167986,DDB1
11065,ENSG00000167987,VPS37C
11066,ENSG00000167992,VWCE
11067,ENSG00000167994,RAB3IL1
11068,ENSG00000167995,BEST1
11069,ENSG00000167996,FTH1
11070,ENSG00000168000,BSCL2
11071,ENSG00000168002,POLR2G
11072,ENSG00000168003,SLC3A2
11073,ENSG00000168010,ATG16L2
11074,ENSG00000168014,C2CD3
11075,ENSG00000168016,TRANK1
11076,ENSG00000168026,TTC21A
11077,ENSG00000168028,RPSA
11078,ENSG00000168032,ENTPD3
11079,ENSG00000168036,CTNNB1
11080,ENSG00000168038,ULK4
11081,ENSG00000168040,FADD
11082,ENSG00000168056,LTBP3
11083,ENSG00000168060,NAALADL1
11084,ENSG00000168061,SAC3D1
11085,ENSG00000168062,BATF2
11086,ENSG00000168065,SLC22A11
11087,ENSG00000168066,SF1
11088,ENSG00000168067,MAP4K2
11089,ENSG00000168071,CCDC88B
11090,ENSG00000168077,SCARA3
11091,ENSG00000168079,SCARA5
11092,ENSG00000168081,PNOC
11093,ENSG00000168090,COPS6
11094,ENSG00000168092,PAFAH1B2
11095,ENSG00000168096,ANKS3
11096,ENSG00000168101,NUDT16L1
11097,ENSG00000168116,KIAA1586
11098,ENSG00000168118,RAB4A
11099,ENSG00000168135,KCNJ4
11100,ENSG00000168137,SETD5
11101,ENSG00000168140,VASN
11102,ENSG00000168143,FAM83B
11103,ENSG00000168152,THAP9
11104,ENSG00000168158,OR2C1
11105,ENSG00000168159,RNF187
11106,ENSG00000168172,HOOK3
11107,ENSG00000168175,MAPK1IP1L
11108,ENSG00000168209,DDIT4
11109,ENSG00000168214,RBPJ
11110,ENSG00000168216,LMBRD1
11111,ENSG00000168228,ZCCHC4
11112,ENSG00000168229,PTGDR
11113,ENSG00000168234,TTC39C
11114,ENSG00000168237,GLYCTK
11115,ENSG00000168243,GNG4
11116,ENSG00000168246,UBTD2
11117,ENSG00000168256,NKIRAS2
11118,ENSG00000168259,DNAJC7
11119,ENSG00000168263,KCNV2
11120,ENSG00000168264,IRF2BP2
11121,ENSG00000168267,PTF1A
11122,ENSG00000168268,NT5DC2
11123,ENSG00000168269,FOXI1
11124,ENSG00000168275,COA6
11125,ENSG00000168282,MGAT2
11126,ENSG00000168283,BMI1
11127,ENSG00000168286,THAP11
11128,ENSG00000168288,MMADHC
11129,ENSG00000168291,PDHB
11130,ENSG00000168297,PXK
11131,ENSG00000168300,PCMTD1
11132,ENSG00000168301,KCTD6
11133,ENSG00000168303,MPLKIP
11134,ENSG00000168306,ACOX2
11135,ENSG00000168309,FAM107A
11136,ENSG00000168310,IRF2
11137,ENSG00000168314,MOBP
11138,ENSG00000168329,CX3CR1
11139,ENSG00000168334,XIRP1
11140,ENSG00000168348,INSM2
11141,ENSG00000168350,DEGS2
11142,ENSG00000168356,SCN11A
11143,ENSG00000168367,LINC00917
11144,ENSG00000168374,ARF4
11145,ENSG00000168386,FILIP1L
11146,ENSG00000168389,MFSD2A
11147,ENSG00000168393,DTYMK
11148,ENSG00000168394,TAP1
11149,ENSG00000168395,ING5
11150,ENSG00000168397,ATG4B
11151,ENSG00000168398,BDKRB2
11152,ENSG00000168404,MLKL
11153,ENSG00000168411,RFWD3
11154,ENSG00000168412,MTNR1A
11155,ENSG00000168418,KCNG4
11156,ENSG00000168421,RHOH
11157,ENSG00000168427,KLHL30
11158,ENSG00000168434,COG7
11159,ENSG00000168438,CDC40
11160,ENSG00000168439,STIP1
11161,ENSG00000168447,SCNN1B
11162,ENSG00000168453,HR
11163,ENSG00000168454,TXNDC2
11164,ENSG00000168461,RAB31
11165,ENSG00000168476,REEP4
11166,ENSG00000168477,TNXB
11167,ENSG00000168481,LGI3
11168,ENSG00000168484,SFTPC
11169,ENSG00000168487,BMP1
11170,ENSG00000168488,ATXN2L
11171,ENSG00000168490,PHYHIP
11172,ENSG00000168491,CCDC110
11173,ENSG00000168495,POLR3D
11174,ENSG00000168496,FEN1
11175,ENSG00000168502,MTCL1
11176,ENSG00000168505,GBX2
11177,ENSG00000168515,SCGB1D1
11178,ENSG00000168517,HEXIM2
11179,ENSG00000168522,FNTA
11180,ENSG00000168528,SERINC2
11181,ENSG00000168530,MYL1
11182,ENSG00000168538,TRAPPC11
11183,ENSG00000168539,CHRM1
11184,ENSG00000168546,GFRA2
11185,ENSG00000168556,ING2
11186,ENSG00000168564,CDKN2AIP
11187,ENSG00000168566,SNRNP48
11188,ENSG00000168569,TMEM223
11189,ENSG00000168575,SLC20A2
11190,ENSG00000168582,CRYGA
11191,ENSG00000168589,DYNLRB2
11192,ENSG00000168591,TMUB2
11193,ENSG00000168594,ADAM29
11194,ENSG00000168610,STAT3
11195,ENSG00000168612,ZSWIM1
11196,ENSG00000168621,GDNF
11197,ENSG00000168634,WFDC13
11198,ENSG00000168646,AXIN2
11199,ENSG00000168653,NDUFS5
11200,ENSG00000168658,VWA3B
11201,ENSG00000168661,ZNF30
11202,ENSG00000168671,UGT3A2
11203,ENSG00000168675,LDLRAD4
11204,ENSG00000168676,KCTD19
11205,ENSG00000168679,SLC16A4
11206,ENSG00000168685,IL7R
11207,ENSG00000168701,TMEM208
11208,ENSG00000168702,LRP1B
11209,ENSG00000168703,WFDC12
11210,ENSG00000168710,AHCYL1
11211,ENSG00000168724,DNAJC21
11212,ENSG00000168734,PKIG
11213,ENSG00000168743,NPNT
11214,ENSG00000168746,LINC01620
11215,ENSG00000168748,CA7
11216,ENSG00000168754,FAM178B
11217,ENSG00000168757,TSPY2
11218,ENSG00000168758,SEMA4C
11219,ENSG00000168763,CNNM3
11220,ENSG00000168765,GSTM4
11221,ENSG00000168769,TET2
11222,ENSG00000168772,CXXC4
11223,ENSG00000168778,TCTN2
11224,ENSG00000168779,SHOX2
11225,ENSG00000168781,PPIP5K1
11226,ENSG00000168785,TSPAN5
11227,ENSG00000168792,ABHD15
11228,ENSG00000168795,ZBTB5
11229,ENSG00000168802,CHTF8
11230,ENSG00000168806,LCMT2
11231,ENSG00000168811,IL12A
11232,ENSG00000168813,ZNF507
11233,ENSG00000168818,STX18
11234,ENSG00000168824,NSG1
11235,ENSG00000168826,ZBTB49
11236,ENSG00000168827,GFM1
11237,ENSG00000168830,HTR1E
11238,ENSG00000168843,FSTL5
11239,ENSG00000168872,DDX19A
11240,ENSG00000168874,ATOH8
11241,ENSG00000168875,SOX14
11242,ENSG00000168876,ANKRD49
11243,ENSG00000168878,SFTPB
11244,ENSG00000168883,USP39
11245,ENSG00000168884,TNIP2
11246,ENSG00000168887,C2orf68
11247,ENSG00000168890,TMEM150A
11248,ENSG00000168894,RNF181
11249,ENSG00000168899,VAMP5
11250,ENSG00000168903,BTNL3
11251,ENSG00000168904,LRRC28
11252,ENSG00000168906,MAT2A
11253,ENSG00000168907,PLA2G4F
11254,ENSG00000168913,ENHO
11255,ENSG00000168916,ZNF608
11256,ENSG00000168917,SLC35G2
11257,ENSG00000168918,INPP5D
11258,ENSG00000168924,LETM1
11259,ENSG00000168930,TRIM49
11260,ENSG00000168936,TMEM129
11261,ENSG00000168938,PPIC
11262,ENSG00000168939,SPRY3
11263,ENSG00000168944,CEP120
11264,ENSG00000168952,STXBP6
11265,ENSG00000168955,TM4SF20
11266,ENSG00000168958,MFF
11267,ENSG00000168959,GRM5
11268,ENSG00000168961,LGALS9
11269,ENSG00000168970,JMJD7-PLA2G4B
11270,ENSG00000168993,CPLX1
11271,ENSG00000168994,PXDC1
11272,ENSG00000168995,SIGLEC7
11273,ENSG00000169006,NTSR2
11274,ENSG00000169016,E2F6
11275,ENSG00000169018,FEM1B
11276,ENSG00000169019,COMMD8
11277,ENSG00000169021,UQCRFS1
11278,ENSG00000169031,COL4A3
11279,ENSG00000169032,MAP2K1
11280,ENSG00000169035,KLK7
11281,ENSG00000169047,IRS1
11282,ENSG00000169057,MECP2
11283,ENSG00000169059,VCX3A
11284,ENSG00000169062,UPF3A
11285,ENSG00000169064,ZBBX
11286,ENSG00000169067,ACTBL2
11287,ENSG00000169071,ROR2
11288,ENSG00000169083,AR
11289,ENSG00000169087,HSPBAP1
11290,ENSG00000169093,ASMTL
11291,ENSG00000169105,CHST14
11292,ENSG00000169116,PARM1
11293,ENSG00000169118,CSNK1G1
11294,ENSG00000169122,FAM110B
11295,ENSG00000169129,AFAP1L2
11296,ENSG00000169131,ZNF354A
11297,ENSG00000169136,ATF5
11298,ENSG00000169139,UBE2V2
11299,ENSG00000169154,GOT1L1
11300,ENSG00000169155,ZBTB43
11301,ENSG00000169169,CPT1C
11302,ENSG00000169174,PCSK9
11303,ENSG00000169180,XPO6
11304,ENSG00000169181,GSG1L
11305,ENSG00000169184,MN1
11306,ENSG00000169188,APEX2
11307,ENSG00000169189,NSMCE1
11308,ENSG00000169193,CCDC126
11309,ENSG00000169194,IL13
11310,ENSG00000169208,OR10G3
11311,ENSG00000169213,RAB3B
11312,ENSG00000169217,CD2BP2
11313,ENSG00000169218,RSPO1
11314,ENSG00000169220,RGS14
11315,ENSG00000169221,TBC1D10B
11316,ENSG00000169223,LMAN2
11317,ENSG00000169224,GCSAML
11318,ENSG00000169228,RAB24
11319,ENSG00000169230,PRELID1
11320,ENSG00000169231,THBS3
11321,ENSG00000169239,CA5B
11322,ENSG00000169241,SLC50A1
11323,ENSG00000169242,EFNA1
11324,ENSG00000169245,CXCL10
11325,ENSG00000169247,SH3TC2
11326,ENSG00000169248,CXCL11
11327,ENSG00000169249,ZRSR2
11328,ENSG00000169251,NMD3
11329,ENSG00000169252,ADRB2
11330,ENSG00000169255,B3GALNT1
11331,ENSG00000169258,GPRIN1
11332,ENSG00000169271,HSPB3
11333,ENSG00000169282,KCNAB1
11334,ENSG00000169288,MRPL1
11335,ENSG00000169291,SHE
11336,ENSG00000169297,NR0B1
11337,ENSG00000169299,PGM2
11338,ENSG00000169302,STK32A
11339,ENSG00000169306,IL1RAPL1
11340,ENSG00000169313,P2RY12
11341,ENSG00000169327,OR5AU1
11342,ENSG00000169340,PDILT
11343,ENSG00000169347,GP2
11344,ENSG00000169359,SLC33A1
11345,ENSG00000169371,SNUPN
11346,ENSG00000169372,CRADD
11347,ENSG00000169375,SIN3A
11348,ENSG00000169379,ARL13B
11349,ENSG00000169385,RNASE2
11350,ENSG00000169393,ELSPBP1
11351,ENSG00000169397,RNASE3
11352,ENSG00000169398,PTK2
11353,ENSG00000169402,RSPH10B2
11354,ENSG00000169403,PTAFR
11355,ENSG00000169410,PTPN9
11356,ENSG00000169413,RNASE6
11357,ENSG00000169418,NPR1
11358,ENSG00000169427,KCNK9
11359,ENSG00000169429,CXCL8
11360,ENSG00000169432,SCN9A
11361,ENSG00000169435,RASSF6
11362,ENSG00000169436,COL22A1
11363,ENSG00000169439,SDC2
11364,ENSG00000169442,CD52
11365,ENSG00000169446,MMGT1
11366,ENSG00000169469,SPRR1B
11367,ENSG00000169474,SPRR1A
11368,ENSG00000169490,TM2D2
11369,ENSG00000169495,HTRA4
11370,ENSG00000169499,PLEKHA2
11371,ENSG00000169504,CLIC4
11372,ENSG00000169507,SLC38A11
11373,ENSG00000169508,GPR183
11374,ENSG00000169509,CRCT1
11375,ENSG00000169515,CCDC8
11376,ENSG00000169519,METTL15
11377,ENSG00000169548,ZNF280A
11378,ENSG00000169550,MUC15
11379,ENSG00000169551,CT55
11380,ENSG00000169554,ZEB2
11381,ENSG00000169562,GJB1
11382,ENSG00000169564,PCBP1
11383,ENSG00000169567,HINT1
11384,ENSG00000169570,DTWD2
11385,ENSG00000169575,VPREB1
11386,ENSG00000169583,CLIC3
11387,ENSG00000169592,INO80E
11388,ENSG00000169594,BNC1
11389,ENSG00000169598,DFFB
11390,ENSG00000169599,NFU1
11391,ENSG00000169604,ANTXR1
11392,ENSG00000169605,GKN1
11393,ENSG00000169607,CKAP2L
11394,ENSG00000169609,C15orf40
11395,ENSG00000169618,PROKR1
11396,ENSG00000169621,APLF
11397,ENSG00000169627,BOLA2B
11398,ENSG00000169629,RGPD8
11399,ENSG00000169635,HIC2
11400,ENSG00000169641,LUZP1
11401,ENSG00000169676,DRD5
11402,ENSG00000169679,BUB1
11403,ENSG00000169682,SPNS1
11404,ENSG00000169683,LRRC45
11405,ENSG00000169684,CHRNA5
11406,ENSG00000169688,MT1B
11407,ENSG00000169692,AGPAT2
11408,ENSG00000169696,ASPSCR1
11409,ENSG00000169704,GP9
11410,ENSG00000169710,FASN
11411,ENSG00000169714,CNBP
11412,ENSG00000169715,MT1E
11413,ENSG00000169717,ACTRT2
11414,ENSG00000169718,DUS1L
11415,ENSG00000169727,GPS1
11416,ENSG00000169733,RFNG
11417,ENSG00000169738,DCXR
11418,ENSG00000169740,ZNF32
11419,ENSG00000169744,LDB2
11420,ENSG00000169750,RAC3
11421,ENSG00000169752,NRG4
11422,ENSG00000169756,LIMS1
11423,ENSG00000169758,TMEM266
11424,ENSG00000169760,NLGN1
11425,ENSG00000169762,TAPT1
11426,ENSG00000169764,UGP2
11427,ENSG00000169777,TAS2R1
11428,ENSG00000169783,LINGO1
11429,ENSG00000169813,HNRNPF
11430,ENSG00000169814,BTD
11431,ENSG00000169826,CSGALNACT2
11432,ENSG00000169836,TACR3
11433,ENSG00000169840,GSX1
11434,ENSG00000169851,PCDH7
11435,ENSG00000169855,ROBO1
11436,ENSG00000169856,ONECUT1
11437,ENSG00000169857,AVEN
11438,ENSG00000169860,P2RY1
11439,ENSG00000169862,CTNND2
11440,ENSG00000169871,TRIM56
11441,ENSG00000169876,MUC17
11442,ENSG00000169877,AHSP
11443,ENSG00000169884,WNT10B
11444,ENSG00000169885,CALML6
11445,ENSG00000169891,REPS2
11446,ENSG00000169894,MUC3A
11447,ENSG00000169895,SYAP1
11448,ENSG00000169896,ITGAM
11449,ENSG00000169900,PYDC1
11450,ENSG00000169902,TPST1
11451,ENSG00000169903,TM4SF4
11452,ENSG00000169905,TOR1AIP2
11453,ENSG00000169906,S100G
11454,ENSG00000169908,TM4SF1
11455,ENSG00000169914,OTUD3
11456,ENSG00000169918,OTUD7A
11457,ENSG00000169919,GUSB
11458,ENSG00000169925,BRD3
11459,ENSG00000169933,FRMPD4
11460,ENSG00000169946,ZFPM2
11461,ENSG00000169951,ZNF764
11462,ENSG00000169953,HSFY2
11463,ENSG00000169955,ZNF747
11464,ENSG00000169957,ZNF768
11465,ENSG00000169962,TAS1R3
11466,ENSG00000169967,MAP3K2
11467,ENSG00000169972,PUSL1
11468,ENSG00000169976,SF3B5
11469,ENSG00000169981,ZNF35
11470,ENSG00000169989,TIGD4
11471,ENSG00000169991,IFFO2
11472,ENSG00000169992,NLGN2
11473,ENSG00000169994,MYO7B
11474,ENSG00000170004,CHD3
11475,ENSG00000170006,TMEM154
11476,ENSG00000170011,MYRIP
11477,ENSG00000170017,ALCAM
11478,ENSG00000170027,YWHAG
11479,ENSG00000170035,UBE2E3
11480,ENSG00000170037,CNTROB
11481,ENSG00000170043,TRAPPC1
11482,ENSG00000170044,ZPLD1
11483,ENSG00000170049,KCNAB3
11484,ENSG00000170054,SERPINA9
11485,ENSG00000170074,FAM153A
11486,ENSG00000170075,GPR37L1
11487,ENSG00000170085,SIMC1
11488,ENSG00000170088,TMEM192
11489,ENSG00000170092,SPDYE5
11490,ENSG00000170099,SERPINA6
11491,ENSG00000170100,ZNF778
11492,ENSG00000170113,NIPA1
11493,ENSG00000170122,FOXD4
11494,ENSG00000170128,GPR25
11495,ENSG00000170142,UBE2E1
11496,ENSG00000170144,HNRNPA3
11497,ENSG00000170145,SIK2
11498,ENSG00000170153,RNF150
11499,ENSG00000170160,CCDC144A
11500,ENSG00000170162,VGLL2
11501,ENSG00000170166,HOXD4
11502,ENSG00000170180,GYPA
11503,ENSG00000170185,USP38
11504,ENSG00000170190,SLC16A5
11505,ENSG00000170191,NANP
11506,ENSG00000170209,ANKK1
11507,ENSG00000170214,ADRA1B
11508,ENSG00000170222,ADPRM
11509,ENSG00000170231,FABP6
11510,ENSG00000170234,PWWP2A
11511,ENSG00000170236,USP50
11512,ENSG00000170242,USP47
11513,ENSG00000170248,PDCD6IP
11514,ENSG00000170260,ZNF212
11515,ENSG00000170262,MRAP
11516,ENSG00000170264,FAM161A
11517,ENSG00000170265,ZNF282
11518,ENSG00000170266,GLB1
11519,ENSG00000170271,FAXDC2
11520,ENSG00000170275,CRTAP
11521,ENSG00000170276,HSPB2
11522,ENSG00000170279,C7orf33
11523,ENSG00000170289,CNGB3
11524,ENSG00000170290,SLN
11525,ENSG00000170293,CMTM8
11526,ENSG00000170296,GABARAP
11527,ENSG00000170298,LGALS9B
11528,ENSG00000170310,STX8
11529,ENSG00000170312,CDK1
11530,ENSG00000170315,UBB
11531,ENSG00000170322,NFRKB
11532,ENSG00000170323,FABP4
11533,ENSG00000170324,FRMPD2
11534,ENSG00000170325,PRDM10
11535,ENSG00000170340,B3GNT2
11536,ENSG00000170345,FOS
11537,ENSG00000170348,TMED10
11538,ENSG00000170364,SETMAR
11539,ENSG00000170365,SMAD1
11540,ENSG00000170367,CST5
11541,ENSG00000170369,CST2
11542,ENSG00000170370,EMX2
11543,ENSG00000170373,CST1
11544,ENSG00000170374,SP7
11545,ENSG00000170379,TCAF2
11546,ENSG00000170381,SEMA3E
11547,ENSG00000170382,LRRN2
11548,ENSG00000170385,SLC30A1
11549,ENSG00000170390,DCLK2
11550,ENSG00000170396,ZNF804A
11551,ENSG00000170417,TMEM182
11552,ENSG00000170419,VSTM2A
11553,ENSG00000170421,KRT8
11554,ENSG00000170423,KRT78
11555,ENSG00000170425,ADORA2B
11556,ENSG00000170426,SDR9C7
11557,ENSG00000170430,MGMT
11558,ENSG00000170442,KRT86
11559,ENSG00000170448,NFXL1
11560,ENSG00000170454,KRT75
11561,ENSG00000170456,DENND5B
11562,ENSG00000170458,CD14
11563,ENSG00000170464,DNAJC18
11564,ENSG00000170465,KRT6C
11565,ENSG00000170469,SPATA24
11566,ENSG00000170471,RALGAPB
11567,ENSG00000170473,PYM1
11568,ENSG00000170476,MZB1
11569,ENSG00000170477,KRT4
11570,ENSG00000170482,SLC23A1
11571,ENSG00000170484,KRT74
11572,ENSG00000170485,NPAS2
11573,ENSG00000170486,KRT72
11574,ENSG00000170498,KISS1
11575,ENSG00000170500,LONRF2
11576,ENSG00000170502,NUDT9
11577,ENSG00000170509,HSD17B13
11578,ENSG00000170515,PA2G4
11579,ENSG00000170516,COX7B2
11580,ENSG00000170522,ELOVL6
11581,ENSG00000170523,KRT83
11582,ENSG00000170525,PFKFB3
11583,ENSG00000170537,TMC7
11584,ENSG00000170540,ARL6IP1
11585,ENSG00000170542,SERPINB9
11586,ENSG00000170545,SMAGP
11587,ENSG00000170549,IRX1
11588,ENSG00000170558,CDH2
11589,ENSG00000170561,IRX2
11590,ENSG00000170571,EMB
11591,ENSG00000170577,SIX2
11592,ENSG00000170579,DLGAP1
11593,ENSG00000170581,STAT2
11594,ENSG00000170584,NUDCD2
11595,ENSG00000170604,IRF2BP1
11596,ENSG00000170606,HSPA4
11597,ENSG00000170608,FOXA3
11598,ENSG00000170615,SLC26A5
11599,ENSG00000170619,COMMD5
11600,ENSG00000170624,SGCD
11601,ENSG00000170627,GTSF1
11602,ENSG00000170631,ZNF16
11603,ENSG00000170632,ARMC10
11604,ENSG00000170633,RNF34
11605,ENSG00000170634,ACYP2
11606,ENSG00000170638,TRABD
11607,ENSG00000170653,ATF7
11608,ENSG00000170667,RASA4B
11609,ENSG00000170677,SOCS6
11610,ENSG00000170684,ZNF296
11611,ENSG00000170689,HOXB9
11612,ENSG00000170703,TTLL6
11613,ENSG00000170734,POLH
11614,ENSG00000170743,SYT9
11615,ENSG00000170745,KCNS3
11616,ENSG00000170748,RBMXL2
11617,ENSG00000170759,KIF5B
11618,ENSG00000170775,GPR37
11619,ENSG00000170776,AKAP13
11620,ENSG00000170777,TPD52L3
11621,ENSG00000170779,CDCA4
11622,ENSG00000170786,SDR16C5
11623,ENSG00000170788,DYDC1
11624,ENSG00000170791,CHCHD7
11625,ENSG00000170801,HTRA3
11626,ENSG00000170802,FOXN2
11627,ENSG00000170807,LMOD2
11628,ENSG00000170819,BFSP2
11629,ENSG00000170820,FSHR
11630,ENSG00000170832,USP32
11631,ENSG00000170835,CEL
11632,ENSG00000170836,PPM1D
11633,ENSG00000170837,GPR27
11634,ENSG00000170848,PSG6
11635,ENSG00000170852,KBTBD2
11636,ENSG00000170855,TRIAP1
11637,ENSG00000170860,LSM3
11638,ENSG00000170871,KIAA0232
11639,ENSG00000170873,MTSS1
11640,ENSG00000170876,TMEM43
11641,ENSG00000170890,PLA2G1B
11642,ENSG00000170891,CYTL1
11643,ENSG00000170893,TRH
11644,ENSG00000170899,GSTA4
11645,ENSG00000170903,MSANTD4
11646,ENSG00000170906,NDUFA3
11647,ENSG00000170915,PAQR8
11648,ENSG00000170917,NUDT6
11649,ENSG00000170921,TANC2
11650,ENSG00000170927,PKHD1
11651,ENSG00000170935,NCBP2L
11652,ENSG00000170946,DNAJC24
11653,ENSG00000170948,MBD3L1
11654,ENSG00000170949,ZNF160
11655,ENSG00000170950,PGK2
11656,ENSG00000170953,OR8B12
11657,ENSG00000170954,ZNF415
11658,ENSG00000170956,CEACAM3
11659,ENSG00000170959,DCDC1
11660,ENSG00000170961,HAS2
11661,ENSG00000170962,PDGFD
11662,ENSG00000170965,PLAC1
11663,ENSG00000170983,LINC00208
11664,ENSG00000170989,S1PR1
11665,ENSG00000171004,HS6ST2
11666,ENSG00000171016,PYGO1
11667,ENSG00000171017,LRRC8E
11668,ENSG00000171033,PKIA
11669,ENSG00000171045,TSNARE1
11670,ENSG00000171049,FPR2
11671,ENSG00000171051,FPR1
11672,ENSG00000171053,PATE1
11673,ENSG00000171055,FEZ2
11674,ENSG00000171056,SOX7
11675,ENSG00000171060,C8orf74
11676,ENSG00000171067,C11orf24
11677,ENSG00000171094,ALK
11678,ENSG00000171100,MTM1
11679,ENSG00000171102,OBP2B
11680,ENSG00000171103,TRMT61B
11681,ENSG00000171105,INSR
11682,ENSG00000171109,MFN1
11683,ENSG00000171115,GIMAP8
11684,ENSG00000171116,HSFX1
11685,ENSG00000171119,NRTN
11686,ENSG00000171121,KCNMB3
11687,ENSG00000171124,FUT3
11688,ENSG00000171126,KCNG3
11689,ENSG00000171130,ATP6V0E2
11690,ENSG00000171132,PRKCE
11691,ENSG00000171133,OR2K2
11692,ENSG00000171135,JAGN1
11693,ENSG00000171148,TADA3
11694,ENSG00000171150,SOCS5
11695,ENSG00000171160,MORN4
11696,ENSG00000171161,ZNF672
11697,ENSG00000171163,ZNF692
11698,ENSG00000171169,NAIF1
11699,ENSG00000171174,RBKS
11700,ENSG00000171189,GRIK1
11701,ENSG00000171195,MUC7
11702,ENSG00000171201,SMR3B
11703,ENSG00000171202,TMEM126A
11704,ENSG00000171204,TMEM126B
11705,ENSG00000171206,TRIM8
11706,ENSG00000171208,NETO2
11707,ENSG00000171209,CSN3
11708,ENSG00000171217,CLDN20
11709,ENSG00000171219,CDC42BPG
11710,ENSG00000171222,SCAND1
11711,ENSG00000171223,JUNB
11712,ENSG00000171227,TMEM37
11713,ENSG00000171234,UGT2B7
11714,ENSG00000171236,LRG1
11715,ENSG00000171241,SHCBP1
11716,ENSG00000171243,SOSTDC1
11717,ENSG00000171246,NPTX1
11718,ENSG00000171262,FAM98B
11719,ENSG00000171291,ZNF439
11720,ENSG00000171295,ZNF440
11721,ENSG00000171298,GAA
11722,ENSG00000171302,CANT1
11723,ENSG00000171303,KCNK3
11724,ENSG00000171307,ZDHHC16
11725,ENSG00000171310,CHST11
11726,ENSG00000171311,EXOSC1
11727,ENSG00000171314,PGAM1
11728,ENSG00000171316,CHD7
11729,ENSG00000171320,ESCO2
11730,ENSG00000171345,KRT19
11731,ENSG00000171346,KRT15
11732,ENSG00000171357,LURAP1
11733,ENSG00000171365,CLCN5
11734,ENSG00000171368,TPPP
11735,ENSG00000171385,KCND3
11736,ENSG00000171388,APLN
11737,ENSG00000171396,KRTAP4-4
11738,ENSG00000171401,KRT13
11739,ENSG00000171402,XAGE3
11740,ENSG00000171403,KRT9
11741,ENSG00000171405,XAGE5
11742,ENSG00000171408,PDE7B
11743,ENSG00000171421,MRPL36
11744,ENSG00000171425,ZNF581
11745,ENSG00000171428,NAT1
11746,ENSG00000171433,GLOD5
11747,ENSG00000171435,KSR2
11748,ENSG00000171443,ZNF524
11749,ENSG00000171444,MCC
11750,ENSG00000171446,KRT27
11751,ENSG00000171448,ZBTB26
11752,ENSG00000171450,CDK5R2
11753,ENSG00000171451,DSEL
11754,ENSG00000171453,POLR1C
11755,ENSG00000171456,ASXL1
11756,ENSG00000171462,DLK2
11757,ENSG00000171466,ZNF562
11758,ENSG00000171467,ZNF318
11759,ENSG00000171469,ZNF561
11760,ENSG00000171475,WIPF2
11761,ENSG00000171476,HOPX
11762,ENSG00000171487,NLRP5
11763,ENSG00000171488,LRRC8C
11764,ENSG00000171490,RSL1D1
11765,ENSG00000171492,LRRC8D
11766,ENSG00000171495,MROH2B
11767,ENSG00000171497,PPID
11768,ENSG00000171501,OR1N2
11769,ENSG00000171502,COL24A1
11770,ENSG00000171503,ETFDH
11771,ENSG00000171509,RXFP1
11772,ENSG00000171517,LPAR3
11773,ENSG00000171522,PTGER4
11774,ENSG00000171530,TBCA
11775,ENSG00000171532,NEUROD2
11776,ENSG00000171533,MAP6
11777,ENSG00000171540,OTP
11778,ENSG00000171551,ECEL1
11779,ENSG00000171552,BCL2L1
11780,ENSG00000171557,FGG
11781,ENSG00000171560,FGA
11782,ENSG00000171561,OR2AT4
11783,ENSG00000171564,FGB
11784,ENSG00000171566,PLRG1
11785,ENSG00000171574,ZNF584
11786,ENSG00000171587,DSCAM
11787,ENSG00000171595,DNAI2
11788,ENSG00000171596,NMUR1
11789,ENSG00000171603,CLSTN1
11790,ENSG00000171604,CXXC5
11791,ENSG00000171606,ZNF274
11792,ENSG00000171608,PIK3CD
11793,ENSG00000171611,PTCRA
11794,ENSG00000171612,SLC25A33
11795,ENSG00000171617,ENC1
11796,ENSG00000171621,SPSB1
11797,ENSG00000171631,P2RY6
11798,ENSG00000171634,BPTF
11799,ENSG00000171643,S100Z
11800,ENSG00000171649,ZIK1
11801,ENSG00000171657,GPR82
11802,ENSG00000171659,GPR34
11803,ENSG00000171671,SHANK2-AS3
11804,ENSG00000171680,PLEKHG5
11805,ENSG00000171681,ATF7IP
11806,ENSG00000171695,LKAAEAR1
11807,ENSG00000171700,RGS19
11808,ENSG00000171703,TCEA2
11809,ENSG00000171711,DEFB4A
11810,ENSG00000171714,ANO5
11811,ENSG00000171720,HDAC3
11812,ENSG00000171723,GPHN
11813,ENSG00000171724,VAT1L
11814,ENSG00000171729,TMEM51
11815,ENSG00000171735,CAMTA1
11816,ENSG00000171757,LRRC34
11817,ENSG00000171759,PAH
11818,ENSG00000171766,GATM
11819,ENSG00000171772,SYCE1
11820,ENSG00000171773,NXNL1
11821,ENSG00000171777,RASGRP4
11822,ENSG00000171786,NHLH1
11823,ENSG00000171790,SLFNL1
11824,ENSG00000171791,BCL2
11825,ENSG00000171792,RHNO1
11826,ENSG00000171793,CTPS1
11827,ENSG00000171794,UTF1
11828,ENSG00000171798,KNDC1
11829,ENSG00000171804,WDR87
11830,ENSG00000171806,METTL18
11831,ENSG00000171811,CFAP46
11832,ENSG00000171812,COL8A2
11833,ENSG00000171813,PWWP2B
11834,ENSG00000171815,PCDHB1
11835,ENSG00000171817,ZNF540
11836,ENSG00000171819,ANGPTL7
11837,ENSG00000171823,FBXL14
11838,ENSG00000171824,EXOSC10
11839,ENSG00000171827,ZNF570
11840,ENSG00000171840,NINJ2
11841,ENSG00000171843,MLLT3
11842,ENSG00000171847,FAM90A1
11843,ENSG00000171848,RRM2
11844,ENSG00000171855,IFNB1
11845,ENSG00000171858,RPS21
11846,ENSG00000171860,C3AR1
11847,ENSG00000171863,RPS7
11848,ENSG00000171864,PRND
11849,ENSG00000171865,RNASEH1
11850,ENSG00000171867,PRNP
11851,ENSG00000171872,KLF17
11852,ENSG00000171873,ADRA1D
11853,ENSG00000171877,FRMD5
11854,ENSG00000171885,AQP4
11855,ENSG00000171903,CYP4F11
11856,ENSG00000171914,TLN2
11857,ENSG00000171916,LGALS9C
11858,ENSG00000171928,TVP23B
11859,ENSG00000171931,FBXW10
11860,ENSG00000171940,ZNF217
11861,ENSG00000171942,OR10H2
11862,ENSG00000171943,SRGAP2C
11863,ENSG00000171951,SCG2
11864,ENSG00000171953,ATPAF2
11865,ENSG00000171954,CYP4F22
11866,ENSG00000171956,FOXB1
11867,ENSG00000171960,PPIH
11868,ENSG00000171962,DRC3
11869,ENSG00000171970,ZNF57
11870,ENSG00000171988,JMJD1C
11871,ENSG00000171989,LDHAL6B
11872,ENSG00000171992,SYNPO
11873,ENSG00000172000,ZNF556
11874,ENSG00000172005,MAL
11875,ENSG00000172006,ZNF554
11876,ENSG00000172007,RAB33B
11877,ENSG00000172009,THOP1
11878,ENSG00000172016,REG3A
11879,ENSG00000172020,GAP43
11880,ENSG00000172023,REG1B
11881,ENSG00000172031,EPHX4
11882,ENSG00000172037,LAMB2
11883,ENSG00000172046,USP19
11884,ENSG00000172057,ORMDL3
11885,ENSG00000172058,SERF1A
11886,ENSG00000172059,KLF11
11887,ENSG00000172061,LRRC15
11888,ENSG00000172071,EIF2AK3
11889,ENSG00000172081,MOB3A
11890,ENSG00000172086,KRCC1
11891,ENSG00000172113,NME6
11892,ENSG00000172115,CYCS
11893,ENSG00000172116,CD8B
11894,ENSG00000172123,SLFN12
11895,ENSG00000172137,CALB2
11896,ENSG00000172139,SLC9C1
11897,ENSG00000172155,LCE1D
11898,ENSG00000172156,CCL11
11899,ENSG00000172159,FRMD3
11900,ENSG00000172164,SNTB1
11901,ENSG00000172167,MTBP
11902,ENSG00000172171,TEFM
11903,ENSG00000172172,MRPL13
11904,ENSG00000172175,MALT1
11905,ENSG00000172179,PRL
11906,ENSG00000172183,ISG20
11907,ENSG00000172197,MBOAT1
11908,ENSG00000172201,ID4
11909,ENSG00000172215,CXCR6
11910,ENSG00000172216,CEBPB
11911,ENSG00000172236,TPSAB1
11912,ENSG00000172238,ATOH1
11913,ENSG00000172239,PAIP1
11914,ENSG00000172243,CLEC7A
11915,ENSG00000172244,C5orf34
11916,ENSG00000172247,C1QTNF4
11917,ENSG00000172260,NEGR1
11918,ENSG00000172262,ZNF131
11919,ENSG00000172264,MACROD2
11920,ENSG00000172269,DPAGT1
11921,ENSG00000172270,BSG
11922,ENSG00000172273,HINFP
11923,ENSG00000172289,OR10V1
11924,ENSG00000172292,CERS6
11925,ENSG00000172296,SPTLC3
11926,ENSG00000172301,COPRS
11927,ENSG00000172315,TP53RK
11928,ENSG00000172318,B3GALT1
11929,ENSG00000172320,OR5A1
11930,ENSG00000172322,CLEC12A
11931,ENSG00000172331,BPGM
11932,ENSG00000172336,POP7
11933,ENSG00000172339,ALG14
11934,ENSG00000172340,SUCLG2
11935,ENSG00000172345,STARD5
11936,ENSG00000172346,CSDC2
11937,ENSG00000172348,RCAN2
11938,ENSG00000172349,IL16
11939,ENSG00000172350,ABCG4
11940,ENSG00000172354,GNB2
11941,ENSG00000172361,CFAP53
11942,ENSG00000172362,OR5B12
11943,ENSG00000172375,C2CD2L
11944,ENSG00000172379,ARNT2
11945,ENSG00000172380,GNG12
11946,ENSG00000172382,PRSS27
11947,ENSG00000172399,MYOZ2
11948,ENSG00000172403,SYNPO2
11949,ENSG00000172404,DNAJB7
11950,ENSG00000172409,CLP1
11951,ENSG00000172410,INSL5
11952,ENSG00000172421,EFCAB3
11953,ENSG00000172425,TTC36
11954,ENSG00000172426,RSPH9
11955,ENSG00000172432,GTPBP2
11956,ENSG00000172456,FGGY
11957,ENSG00000172458,IL17D
11958,ENSG00000172461,FUT9
11959,ENSG00000172465,TCEAL1
11960,ENSG00000172466,ZNF24
11961,ENSG00000172469,MANEA
11962,ENSG00000172476,RAB40A
11963,ENSG00000172482,AGXT
11964,ENSG00000172493,AFF1
11965,ENSG00000172497,ACOT12
11966,ENSG00000172500,FIBP
11967,ENSG00000172508,CARNS1
11968,ENSG00000172530,BANP
11969,ENSG00000172531,PPP1CA
11970,ENSG00000172534,HCFC1
11971,ENSG00000172538,FAM170B
11972,ENSG00000172543,CTSW
11973,ENSG00000172548,NIPAL4
11974,ENSG00000172551,MUCL1
11975,ENSG00000172554,SNTG2
11976,ENSG00000172568,FNDC9
11977,ENSG00000172572,PDE3A
11978,ENSG00000172575,RASGRP1
11979,ENSG00000172578,KLHL6
11980,ENSG00000172586,CHCHD1
11981,ENSG00000172590,MRPL52
11982,ENSG00000172594,SMPDL3A
11983,ENSG00000172602,RND1
11984,ENSG00000172613,RAD9A
11985,ENSG00000172638,EFEMP2
11986,ENSG00000172640,OR10AD1
11987,ENSG00000172650,AGAP5
11988,ENSG00000172663,TMEM134
11989,ENSG00000172667,ZMAT3
11990,ENSG00000172671,ZFAND4
11991,ENSG00000172687,ZNF738
11992,ENSG00000172689,MS4A10
11993,ENSG00000172716,SLFN11
11994,ENSG00000172724,CCL19
11995,ENSG00000172725,CORO1B
11996,ENSG00000172731,LRRC20
11997,ENSG00000172732,MUS81
11998,ENSG00000172733,PURG
11999,ENSG00000172738,TMEM217
12000,ENSG00000172748,ZNF596
12001,ENSG00000172752,COL6A5
12002,ENSG00000172757,CFL1
12003,ENSG00000172765,TMCC1
12004,ENSG00000172766,NAA16
12005,ENSG00000172771,EFCAB12
12006,ENSG00000172780,RAB43
12007,ENSG00000172782,FADS6
12008,ENSG00000172789,HOXC5
12009,ENSG00000172794,RAB37
12010,ENSG00000172795,DCP2
12011,ENSG00000172803,SNX32
12012,ENSG00000172809,RPL38
12013,ENSG00000172817,CYP7B1
12014,ENSG00000172818,OVOL1
12015,ENSG00000172819,RARG
12016,ENSG00000172824,CES4A
12017,ENSG00000172828,CES3
12018,ENSG00000172830,SSH3
12019,ENSG00000172831,CES2
12020,ENSG00000172840,PDP2
12021,ENSG00000172845,SP3
12022,ENSG00000172867,KRT2
12023,ENSG00000172869,DMXL1
12024,ENSG00000172888,ZNF621
12025,ENSG00000172889,EGFL7
12026,ENSG00000172890,NADSYN1
12027,ENSG00000172893,DHCR7
12028,ENSG00000172901,LVRN
12029,ENSG00000172915,NBEA
12030,ENSG00000172922,RNASEH2C
12031,ENSG00000172927,MYEOV
12032,ENSG00000172932,ANKRD13D
12033,ENSG00000172935,MRGPRF
12034,ENSG00000172936,MYD88
12035,ENSG00000172939,OXSR1
12036,ENSG00000172940,SLC22A13
12037,ENSG00000172943,PHF8
12038,ENSG00000172954,LCLAT1
12039,ENSG00000172955,ADH6
12040,ENSG00000172965,MIR4435-2HG
12041,ENSG00000172967,XKR3
12042,ENSG00000172969,FRG2C
12043,ENSG00000172977,KAT5
12044,ENSG00000172985,SH3RF3
12045,ENSG00000172986,GXYLT2
12046,ENSG00000172987,HPSE2
12047,ENSG00000172992,DCAKD
12048,ENSG00000172995,ARPP21
12049,ENSG00000173011,TADA2B
12050,ENSG00000173039,RELA
12051,ENSG00000173040,EVC2
12052,ENSG00000173041,ZNF680
12053,ENSG00000173064,HECTD4
12054,ENSG00000173065,FAM222B
12055,ENSG00000173068,BNC2
12056,ENSG00000173080,RXFP4
12057,ENSG00000173083,HPSE
12058,ENSG00000173085,COQ2
12059,ENSG00000173093,CCDC63
12060,ENSG00000173110,HSPA6
12061,ENSG00000173113,TRMT112
12062,ENSG00000173114,LRRN3
12063,ENSG00000173120,KDM2A
12064,ENSG00000173124,ACSM6
12065,ENSG00000173137,ADCK5
12066,ENSG00000173141,MRPL57
12067,ENSG00000173145,NOC3L
12068,ENSG00000173153,ESRRA
12069,ENSG00000173156,RHOD
12070,ENSG00000173157,ADAMTS20
12071,ENSG00000173163,COMMD1
12072,ENSG00000173166,RAPH1
12073,ENSG00000173171,MTX1
12074,ENSG00000173175,ADCY5
12075,ENSG00000173193,PARP14
12076,ENSG00000173198,CYSLTR1
12077,ENSG00000173200,PARP15
12078,ENSG00000173207,CKS1B
12079,ENSG00000173208,ABCD2
12080,ENSG00000173210,ABLIM3
12081,ENSG00000173212,MAB21L3
12082,ENSG00000173218,VANGL1
12083,ENSG00000173221,GLRX
12084,ENSG00000173226,IQCB1
12085,ENSG00000173227,SYT12
12086,ENSG00000173230,GOLGB1
12087,ENSG00000173237,C11orf86
12088,ENSG00000173239,LIPM
12089,ENSG00000173253,DMRT2
12090,ENSG00000173258,ZNF483
12091,ENSG00000173261,PLAC8L1
12092,ENSG00000173262,SLC2A14
12093,ENSG00000173264,GPR137
12094,ENSG00000173267,SNCG
12095,ENSG00000173269,MMRN2
12096,ENSG00000173272,MZT2A
12097,ENSG00000173273,TNKS
12098,ENSG00000173275,ZNF449
12099,ENSG00000173276,ZBTB21
12100,ENSG00000173281,PPP1R3B
12101,ENSG00000173320,STOX2
12102,ENSG00000173327,MAP3K11
12103,ENSG00000173334,TRIB1
12104,ENSG00000173338,KCNK7
12105,ENSG00000173349,SFT2D3
12106,ENSG00000173369,C1QB
12107,ENSG00000173372,C1QA
12108,ENSG00000173376,NDNF
12109,ENSG00000173389,IQCF1
12110,ENSG00000173391,OLR1
12111,ENSG00000173401,GLIPR1L1
12112,ENSG00000173402,DAG1
12113,ENSG00000173404,INSM1
12114,ENSG00000173406,DAB1
12115,ENSG00000173409,ARV1
12116,ENSG00000173418,NAA20
12117,ENSG00000173442,EHBP1L1
12118,ENSG00000173451,THAP2
12119,ENSG00000173452,TMEM196
12120,ENSG00000173456,RNF26
12121,ENSG00000173457,PPP1R14B
12122,ENSG00000173467,AGR3
12123,ENSG00000173473,SMARCC1
12124,ENSG00000173480,ZNF417
12125,ENSG00000173482,PTPRM
12126,ENSG00000173486,FKBP2
12127,ENSG00000173511,VEGFB
12128,ENSG00000173517,PEAK1
12129,ENSG00000173530,TNFRSF10D
12130,ENSG00000173531,MST1
12131,ENSG00000173535,TNFRSF10C
12132,ENSG00000173540,GMPPB
12133,ENSG00000173542,MOB1B
12134,ENSG00000173545,ZNF622
12135,ENSG00000173546,CSPG4
12136,ENSG00000173548,SNX33
12137,ENSG00000173559,NABP1
12138,ENSG00000173567,ADGRF3
12139,ENSG00000173575,CHD2
12140,ENSG00000173578,XCR1
12141,ENSG00000173581,CCDC106
12142,ENSG00000173585,CCR9
12143,ENSG00000173588,CEP83
12144,ENSG00000173597,SULT1B1
12145,ENSG00000173598,NUDT4
12146,ENSG00000173599,PC
12147,ENSG00000173610,UGT2A1
12148,ENSG00000173611,SCAI
12149,ENSG00000173612,GPRC6A
12150,ENSG00000173614,NMNAT1
12151,ENSG00000173621,LRFN4
12152,ENSG00000173626,TRAPPC3L
12153,ENSG00000173627,APOBEC4
12154,ENSG00000173638,SLC19A1
12155,ENSG00000173641,HSPB7
12156,ENSG00000173653,RCE1
12157,ENSG00000173660,UQCRH
12158,ENSG00000173662,TAS1R1
12159,ENSG00000173674,EIF1AX
12160,ENSG00000173692,PSMD1
12161,ENSG00000173698,ADGRG2
12162,ENSG00000173699,SPATA3
12163,ENSG00000173702,MUC13
12164,ENSG00000173705,SUSD5
12165,ENSG00000173706,HEG1
12166,ENSG00000173714,WFIKKN2
12167,ENSG00000173726,TOMM20
12168,ENSG00000173744,AGFG1
12169,ENSG00000173757,STAT5B
12170,ENSG00000173762,CD7
12171,ENSG00000173769,TOPAZ1
12172,ENSG00000173786,CNP
12173,ENSG00000173801,JUP
12174,ENSG00000173805,HAP1
12175,ENSG00000173809,TDRD12
12176,ENSG00000173811,CCDC13-AS1
12177,ENSG00000173812,EIF1
12178,ENSG00000173818,ENDOV
12179,ENSG00000173821,RNF213
12180,ENSG00000173825,TIGD3
12181,ENSG00000173826,KCNH6
12182,ENSG00000173846,PLK3
12183,ENSG00000173848,NET1
12184,ENSG00000173852,DPY19L1
12185,ENSG00000173868,PHOSPHO1
12186,ENSG00000173875,ZNF791
12187,ENSG00000173889,PHC3
12188,ENSG00000173890,GPR160
12189,ENSG00000173894,CBX2
12190,ENSG00000173898,SPTBN2
12191,ENSG00000173905,GOLIM4
12192,ENSG00000173908,KRT28
12193,ENSG00000173914,RBM4B
12194,ENSG00000173917,HOXB2
12195,ENSG00000173918,C1QTNF1
12196,ENSG00000173928,SWSAP1
12197,ENSG00000173930,SLCO4C1
12198,ENSG00000173933,RBM4
12199,ENSG00000173950,XXYLT1
12200,ENSG00000173960,UBXN2A
12201,ENSG00000173976,RAX2
12202,ENSG00000173988,LRRC63
12203,ENSG00000173991,TCAP
12204,ENSG00000173992,CCS
12205,ENSG00000174004,NRROS
12206,ENSG00000174007,CEP19
12207,ENSG00000174010,KLHL15
12208,ENSG00000174013,FBXO45
12209,ENSG00000174021,GNG5
12210,ENSG00000174032,SLC25A30
12211,ENSG00000174059,CD34
12212,ENSG00000174080,CTSF
12213,ENSG00000174099,MSRB3
12214,ENSG00000174106,LEMD3
12215,ENSG00000174123,TLR10
12216,ENSG00000174125,TLR1
12217,ENSG00000174130,TLR6
12218,ENSG00000174132,FAM174A
12219,ENSG00000174136,RGMB
12220,ENSG00000174137,FAM53A
12221,ENSG00000174145,NWD2
12222,ENSG00000174151,CYB561D1
12223,ENSG00000174156,GSTA3
12224,ENSG00000174165,ZDHHC24
12225,ENSG00000174173,TRMT10C
12226,ENSG00000174175,SELP
12227,ENSG00000174177,CTU2
12228,ENSG00000174197,MGA
12229,ENSG00000174225,ARL13A
12230,ENSG00000174226,SNX31
12231,ENSG00000174227,PIGG
12232,ENSG00000174233,ADCY6
12233,ENSG00000174236,REP15
12234,ENSG00000174238,PITPNA
12235,ENSG00000174243,DDX23
12236,ENSG00000174255,ZNF80
12237,ENSG00000174276,ZNHIT2
12238,ENSG00000174292,TNK1
12239,ENSG00000174306,ZHX3
12240,ENSG00000174307,PHLDA3
12241,ENSG00000174326,SLC16A11
12242,ENSG00000174327,SLC16A13
12243,ENSG00000174332,GLIS1
12244,ENSG00000174343,CHRNA9
12245,ENSG00000174348,PODN
12246,ENSG00000174358,SLC6A19
12247,ENSG00000174371,EXO1
12248,ENSG00000174373,RALGAPA1
12249,ENSG00000174405,LIG4
12250,ENSG00000174407,MIR1-1HG
12251,ENSG00000174417,TRHR
12252,ENSG00000174428,GTF2IRD2B
12253,ENSG00000174429,ABRA
12254,ENSG00000174437,ATP2A2
12255,ENSG00000174442,ZWILCH
12256,ENSG00000174444,RPL4
12257,ENSG00000174446,SNAPC5
12258,ENSG00000174448,STARD6
12259,ENSG00000174450,GOLGA6L2
12260,ENSG00000174453,VWC2L
12261,ENSG00000174456,C12orf76
12262,ENSG00000174460,ZCCHC12
12263,ENSG00000174469,CNTNAP2
12264,ENSG00000174473,GALNTL6
12265,ENSG00000174482,LINGO2
12266,ENSG00000174483,BBS1
12267,ENSG00000174485,DENND4A
12268,ENSG00000174498,IGDCC3
12269,ENSG00000174501,ANKRD36C
12270,ENSG00000174502,SLC26A9
12271,ENSG00000174516,PELI3
12272,ENSG00000174521,TTC9B
12273,ENSG00000174527,MYO1H
12274,ENSG00000174529,TMEM81
12275,ENSG00000174547,MRPL11
12276,ENSG00000174562,KLK15
12277,ENSG00000174564,IL20RB
12278,ENSG00000174567,GOLT1A
12279,ENSG00000174574,AKIRIN1
12280,ENSG00000174576,NPAS4
12281,ENSG00000174579,MSL2
12282,ENSG00000174586,ZNF497
12283,ENSG00000174599,TRAM1L1
12284,ENSG00000174600,CMKLR1
12285,ENSG00000174606,ANGEL2
12286,ENSG00000174607,UGT8
12287,ENSG00000174611,KY
12288,ENSG00000174628,IQCK
12289,ENSG00000174640,SLCO2A1
12290,ENSG00000174652,ZNF266
12291,ENSG00000174669,SLC29A2
12292,ENSG00000174684,B4GAT1
12293,ENSG00000174695,TMEM167A
12294,ENSG00000174697,LEP
12295,ENSG00000174705,SH3PXD2B
12296,ENSG00000174720,LARP7
12297,ENSG00000174721,FGFBP3
12298,ENSG00000174738,NR1D2
12299,ENSG00000174740,PABPC5
12300,ENSG00000174744,BRMS1
12301,ENSG00000174748,RPL15
12302,ENSG00000174776,WDR49
12303,ENSG00000174780,SRP72
12304,ENSG00000174788,PCP2
12305,ENSG00000174791,RIN1
12306,ENSG00000174796,THAP6
12307,ENSG00000174799,CEP135
12308,ENSG00000174804,FZD4
12309,ENSG00000174807,CD248
12310,ENSG00000174808,BTC
12311,ENSG00000174827,PDZK1
12312,ENSG00000174837,ADGRE1
12313,ENSG00000174839,DENND6A
12314,ENSG00000174840,PDE12
12315,ENSG00000174842,GLMN
12316,ENSG00000174844,DNAH12
12317,ENSG00000174851,YIF1A
12318,ENSG00000174871,CNIH2
12319,ENSG00000174876,AMY1B
12320,ENSG00000174885,NLRP6
12321,ENSG00000174886,NDUFA11
12322,ENSG00000174891,RSRC1
12323,ENSG00000174898,CATSPERD
12324,ENSG00000174903,RAB1B
12325,ENSG00000174928,C3orf33
12326,ENSG00000174938,SEZ6L2
12327,ENSG00000174939,ASPHD1
12328,ENSG00000174943,KCTD13
12329,ENSG00000174944,P2RY14
12330,ENSG00000174945,AMZ1
12331,ENSG00000174946,GPR171
12332,ENSG00000174948,GPR149
12333,ENSG00000174950,CD164L2
12334,ENSG00000174951,FUT1
12335,ENSG00000174963,ZIC4
12336,ENSG00000174989,FBXW8
12337,ENSG00000174990,CA5A
12338,ENSG00000174992,ZG16
12339,ENSG00000174996,KLC2
12340,ENSG00000175003,SLC22A1
12341,ENSG00000175018,TEX36
12342,ENSG00000175029,CTBP2
12343,ENSG00000175040,CHST2
12344,ENSG00000175048,ZDHHC14
12345,ENSG00000175054,ATR
12346,ENSG00000175063,UBE2C
12347,ENSG00000175065,DSG4
12348,ENSG00000175066,GK5
12349,ENSG00000175073,VCPIP1
12350,ENSG00000175084,DES
12351,ENSG00000175087,PDIK1L
12352,ENSG00000175093,SPSB4
12353,ENSG00000175097,RAG2
12354,ENSG00000175104,TRAF6
12355,ENSG00000175105,ZNF654
12356,ENSG00000175106,TVP23C
12357,ENSG00000175110,MRPS22
12358,ENSG00000175115,PACS1
12359,ENSG00000175121,WFDC5
12360,ENSG00000175130,MARCKSL1
12361,ENSG00000175137,SH3BP5L
12362,ENSG00000175147,TMEM51-AS1
12363,ENSG00000175155,YPEL2
12364,ENSG00000175161,CADM2
12365,ENSG00000175166,PSMD2
12366,ENSG00000175175,PPM1E
12367,ENSG00000175182,FAM131A
12368,ENSG00000175183,CSRP2
12369,ENSG00000175189,INHBC
12370,ENSG00000175193,PARL
12371,ENSG00000175197,DDIT3
12372,ENSG00000175198,PCCA
12373,ENSG00000175202,HIGD2B
12374,ENSG00000175203,DCTN2
12375,ENSG00000175206,NPPA
12376,ENSG00000175213,ZNF408
12377,ENSG00000175215,CTDSP2
12378,ENSG00000175216,CKAP5
12379,ENSG00000175220,ARHGAP1
12380,ENSG00000175224,ATG13
12381,ENSG00000175229,GAL3ST3
12382,ENSG00000175264,CHST1
12383,ENSG00000175267,VWA3A
12384,ENSG00000175274,TP53I11
12385,ENSG00000175283,DOLK
12386,ENSG00000175287,PHYHD1
12387,ENSG00000175294,CATSPER1
12388,ENSG00000175305,CCNE2
12389,ENSG00000175309,PHYKPL
12390,ENSG00000175315,CST6
12391,ENSG00000175322,ZNF519
12392,ENSG00000175324,LSM1
12393,ENSG00000175329,ISX
12394,ENSG00000175334,BANF1
12395,ENSG00000175336,APOF
12396,ENSG00000175344,CHRNA7
12397,ENSG00000175348,TMEM9B
12398,ENSG00000175352,NRIP3
12399,ENSG00000175354,PTPN2
12400,ENSG00000175356,SCUBE2
12401,ENSG00000175376,EIF1AD
12402,ENSG00000175387,SMAD2
12403,ENSG00000175390,EIF3F
12404,ENSG00000175395,ZNF25
12405,ENSG00000175398,OR10P1
12406,ENSG00000175414,ARL10
12407,ENSG00000175416,CLTB
12408,ENSG00000175426,PCSK1
12409,ENSG00000175445,LPL
12410,ENSG00000175449,RFESD
12411,ENSG00000175455,CCDC14
12412,ENSG00000175463,TBC1D10C
12413,ENSG00000175467,SART1
12414,ENSG00000175470,PPP2R2D
12415,ENSG00000175471,MCTP1
12416,ENSG00000175482,POLD4
12417,ENSG00000175489,LRRC25
12418,ENSG00000175497,DPP10
12419,ENSG00000175505,CLCF1
12420,ENSG00000175513,TSGA10IP
12421,ENSG00000175514,GPR152
12422,ENSG00000175518,UBQLNL
12423,ENSG00000175535,PNLIP
12424,ENSG00000175536,LIPT2
12425,ENSG00000175538,KCNE3
12426,ENSG00000175544,CABP4
12427,ENSG00000175548,ALG10B
12428,ENSG00000175550,DRAP1
12429,ENSG00000175556,LONRF3
12430,ENSG00000175564,UCP3
12431,ENSG00000175567,UCP2
12432,ENSG00000175573,C11orf68
12433,ENSG00000175575,PAAF1
12434,ENSG00000175581,MRPL48
12435,ENSG00000175582,RAB6A
12436,ENSG00000175591,P2RY2
12437,ENSG00000175592,FOSL1
12438,ENSG00000175595,ERCC4
12439,ENSG00000175600,SUGCT
12440,ENSG00000175602,CCDC85B
12441,ENSG00000175606,TMEM70
12442,ENSG00000175619,OR4B1
12443,ENSG00000175634,RPS6KB2
12444,ENSG00000175643,RMI2
12445,ENSG00000175646,PRM1
12446,ENSG00000175662,TOM1L2
12447,ENSG00000175664,TEX26
12448,ENSG00000175691,ZNF77
12449,ENSG00000175697,GPR156
12450,ENSG00000175707,KDF1
12451,ENSG00000175745,NR2F1
12452,ENSG00000175756,AURKAIP1
12453,ENSG00000175764,TTLL11
12454,ENSG00000175766,EIF4E1B
12455,ENSG00000175768,TOMM5
12456,ENSG00000175772,LINC01106
12457,ENSG00000175782,SLC35E3
12458,ENSG00000175787,ZNF169
12459,ENSG00000175792,RUVBL1
12460,ENSG00000175793,SFN
12461,ENSG00000175826,CTDNEP1
12462,ENSG00000175832,ETV4
12463,ENSG00000175854,SWI5
12464,ENSG00000175857,GAPT
12465,ENSG00000175866,BAIAP2
12466,ENSG00000175868,CALCB
12467,ENSG00000175874,CREG2
12468,ENSG00000175879,HOXD8
12469,ENSG00000175893,ZDHHC21
12470,ENSG00000175894,TSPEAR
12471,ENSG00000175895,PLEKHF2
12472,ENSG00000175899,A2M
12473,ENSG00000175906,ARL4D
12474,ENSG00000175920,DOK7
12475,ENSG00000175928,LRRN1
12476,ENSG00000175931,UBE2O
12477,ENSG00000175938,ORAI3
12478,ENSG00000175946,KLHL38
12479,ENSG00000175970,UNC119B
12480,ENSG00000175984,DENND2C
12481,ENSG00000175985,PLEKHD1
12482,ENSG00000176009,ASCL3
12483,ENSG00000176014,TUBB6
12484,ENSG00000176018,LYSMD3
12485,ENSG00000176020,AMIGO3
12486,ENSG00000176022,B3GALT6
12487,ENSG00000176024,ZNF613
12488,ENSG00000176029,C11orf16
12489,ENSG00000176040,TMPRSS7
12490,ENSG00000176046,NUPR1
12491,ENSG00000176049,JAKMIP2
12492,ENSG00000176055,MBLAC2
12493,ENSG00000176058,TPRN
12494,ENSG00000176076,KCNE5
12495,ENSG00000176083,ZNF683
12496,ENSG00000176087,SLC35A4
12497,ENSG00000176095,IP6K1
12498,ENSG00000176101,SSNA1
12499,ENSG00000176102,CSTF3
12500,ENSG00000176105,YES1
12501,ENSG00000176108,CHMP6
12502,ENSG00000176124,DLEU1
12503,ENSG00000176125,UFSP1
12504,ENSG00000176142,TMEM39A
12505,ENSG00000176148,TCP11L1
12506,ENSG00000176153,GPX2
12507,ENSG00000176155,CCDC57
12508,ENSG00000176160,HSF5
12509,ENSG00000176165,FOXG1
12510,ENSG00000176170,SPHK1
12511,ENSG00000176171,BNIP3
12512,ENSG00000176177,ENTHD1
12513,ENSG00000176182,MYPOP
12514,ENSG00000176194,CIDEA
12515,ENSG00000176204,LRRTM4
12516,ENSG00000176208,ATAD5
12517,ENSG00000176209,SMIM19
12518,ENSG00000176222,ZNF404
12519,ENSG00000176225,RTTN
12520,ENSG00000176239,OR51B6
12521,ENSG00000176244,ACBD7
12522,ENSG00000176248,ANAPC2
12523,ENSG00000176256,HMGB4
12524,ENSG00000176261,ZBTB8OS
12525,ENSG00000176269,OR4F21
12526,ENSG00000176273,SLC35G1
12527,ENSG00000176293,ZNF135
12528,ENSG00000176294,OR4N2
12529,ENSG00000176299,OR4M1
12530,ENSG00000176302,FOXR1
12531,ENSG00000176340,COX8A
12532,ENSG00000176358,TAC4
12533,ENSG00000176371,ZSCAN2
12534,ENSG00000176381,PRR18
12535,ENSG00000176383,B3GNT4
12536,ENSG00000176386,CDC26
12537,ENSG00000176387,HSD11B2
12538,ENSG00000176390,CRLF3
12539,ENSG00000176393,RNPEP
12540,ENSG00000176396,EID2
12541,ENSG00000176399,DMRTA1
12542,ENSG00000176401,EID2B
12543,ENSG00000176402,GJC3
12544,ENSG00000176406,RIMS2
12545,ENSG00000176407,KCMF1
12546,ENSG00000176410,DNAJC30
12547,ENSG00000176422,SPRYD4
12548,ENSG00000176428,VPS37D
12549,ENSG00000176435,CLEC14A
12550,ENSG00000176438,SYNE3
12551,ENSG00000176444,CLK2
12552,ENSG00000176454,LPCAT4
12553,ENSG00000176463,SLCO3A1
12554,ENSG00000176472,ZNF575
12555,ENSG00000176473,WDR25
12556,ENSG00000176476,SGF29
12557,ENSG00000176490,DIRAS1
12558,ENSG00000176495,OR5AN1
12559,ENSG00000176531,PHLDB3
12560,ENSG00000176532,PRR15
12561,ENSG00000176533,GNG7
12562,ENSG00000176542,USF3
12563,ENSG00000176563,CNTD1
12564,ENSG00000176566,DCAF4L2
12565,ENSG00000176571,CNBD1
12566,ENSG00000176597,B3GNT5
12567,ENSG00000176601,MAP3K19
12568,ENSG00000176619,LMNB2
12569,ENSG00000176623,RMDN1
12570,ENSG00000176624,MEX3C
12571,ENSG00000176635,HORMAD2
12572,ENSG00000176641,RNF152
12573,ENSG00000176658,MYO1D
12574,ENSG00000176678,FOXL1
12575,ENSG00000176692,FOXC2
12576,ENSG00000176697,BDNF
12577,ENSG00000176714,CCDC121
12578,ENSG00000176715,ACSF3
12579,ENSG00000176720,BOK
12580,ENSG00000176723,ZNF843
12581,ENSG00000176728,TTTY14
12582,ENSG00000176732,PFN4
12583,ENSG00000176746,MAGEB6
12584,ENSG00000176749,CDK5R1
12585,ENSG00000176754,LINC00303
12586,ENSG00000176769,TCERG1L
12587,ENSG00000176771,NCKAP5
12588,ENSG00000176788,BASP1
12589,ENSG00000176809,LRRC37A3
12590,ENSG00000176834,VSIG10
12591,ENSG00000176840,MIR7-3HG
12592,ENSG00000176842,IRX5
12593,ENSG00000176845,METRNL
12594,ENSG00000176853,FAM91A1
12595,ENSG00000176871,WSB2
12596,ENSG00000176884,GRIN1
12597,ENSG00000176887,SOX11
12598,ENSG00000176890,TYMS
12599,ENSG00000176894,PXMP2
12600,ENSG00000176896,TCEANC
12601,ENSG00000176903,PNMA1
12602,ENSG00000176909,MAMSTR
12603,ENSG00000176915,ANKLE2
12604,ENSG00000176919,C8G
12605,ENSG00000176920,FUT2
12606,ENSG00000176927,EFCAB5
12607,ENSG00000176928,GCNT4
12608,ENSG00000176946,THAP4
12609,ENSG00000176953,NFATC2IP
12610,ENSG00000176956,LY6H
12611,ENSG00000176971,FIBIN
12612,ENSG00000176973,FAM89B
12613,ENSG00000176974,SHMT1
12614,ENSG00000176978,DPP7
12615,ENSG00000176979,TRIM60
12616,ENSG00000176986,SEC24C
12617,ENSG00000176988,FMR1NB
12618,ENSG00000176994,SMCR8
12619,ENSG00000177000,MTHFR
12620,ENSG00000177025,C19orf18
12621,ENSG00000177030,DEAF1
12622,ENSG00000177034,MTX3
12623,ENSG00000177042,TMEM80
12624,ENSG00000177045,SIX5
12625,ENSG00000177047,IFNW1
12626,ENSG00000177051,FBXO46
12627,ENSG00000177054,ZDHHC13
12628,ENSG00000177058,SLC38A9
12629,ENSG00000177076,ACER2
12630,ENSG00000177082,WDR73
12631,ENSG00000177084,POLE
12632,ENSG00000177098,SCN4B
12633,ENSG00000177103,DSCAML1
12634,ENSG00000177105,RHOG
12635,ENSG00000177106,EPS8L2
12636,ENSG00000177108,ZDHHC22
12637,ENSG00000177119,ANO6
12638,ENSG00000177125,ZBTB34
12639,ENSG00000177138,FAM9B
12640,ENSG00000177150,FAM210A
12641,ENSG00000177156,TALDO1
12642,ENSG00000177169,ULK1
12643,ENSG00000177181,RIMKLA
12644,ENSG00000177182,CLVS1
12645,ENSG00000177189,RPS6KA3
12646,ENSG00000177191,B3GNT8
12647,ENSG00000177192,PUS1
12648,ENSG00000177200,CHD9
12649,ENSG00000177202,SPACA4
12650,ENSG00000177234,LINC01561
12651,ENSG00000177238,TRIM72
12652,ENSG00000177239,MAN1B1
12653,ENSG00000177257,DEFB4B
12654,ENSG00000177272,KCNA3
12655,ENSG00000177283,FZD8
12656,ENSG00000177291,GJD4
12657,ENSG00000177294,FBXO39
12658,ENSG00000177300,CLDN22
12659,ENSG00000177301,KCNA2
12660,ENSG00000177303,CASKIN2
12661,ENSG00000177311,ZBTB38
12662,ENSG00000177324,BEND2
12663,ENSG00000177338,LINC00469
12664,ENSG00000177340,FLJ13224
12665,ENSG00000177352,CCDC71
12666,ENSG00000177354,C10orf71
12667,ENSG00000177363,LRRN4CL
12668,ENSG00000177370,TIMM22
12669,ENSG00000177374,HIC1
12670,ENSG00000177380,PPFIA3
12671,ENSG00000177383,MAGEF1
12672,ENSG00000177398,UMODL1
12673,ENSG00000177409,SAMD9L
12674,ENSG00000177410,ZFAS1
12675,ENSG00000177414,UBE2U
12676,ENSG00000177425,PAWR
12677,ENSG00000177426,TGIF1
12678,ENSG00000177432,NAP1L5
12679,ENSG00000177453,NIM1K
12680,ENSG00000177455,CD19
12681,ENSG00000177459,ERICH5
12682,ENSG00000177462,OR2T8
12683,ENSG00000177463,NR2C2
12684,ENSG00000177464,GPR4
12685,ENSG00000177465,ACOT4
12686,ENSG00000177468,OLIG3
12687,ENSG00000177479,ARIH2
12688,ENSG00000177483,RBM44
12689,ENSG00000177485,ZBTB33
12690,ENSG00000177494,ZBED2
12691,ENSG00000177504,VCX2
12692,ENSG00000177508,IRX3
12693,ENSG00000177519,RPRM
12694,ENSG00000177535,OR2B11
12695,ENSG00000177542,SLC25A22
12696,ENSG00000177548,RABEP2
12697,ENSG00000177551,NHLH2
12698,ENSG00000177556,ATOX1
12699,ENSG00000177558,FAM187B
12700,ENSG00000177565,TBL1XR1
12701,ENSG00000177570,SAMD12
12702,ENSG00000177575,CD163
12703,ENSG00000177576,C18orf32
12704,ENSG00000177595,PIDD1
12705,ENSG00000177599,ZNF491
12706,ENSG00000177600,RPLP2
12707,ENSG00000177606,JUN
12708,ENSG00000177613,CSTF2T
12709,ENSG00000177614,PGBD5
12710,ENSG00000177627,C12orf54
12711,ENSG00000177640,CASC2
12712,ENSG00000177646,ACAD9
12713,ENSG00000177663,IL17RA
12714,ENSG00000177666,PNPLA2
12715,ENSG00000177669,MBOAT4
12716,ENSG00000177674,AGTRAP
12717,ENSG00000177675,CD163L1
12718,ENSG00000177679,SRRM3
12719,ENSG00000177683,THAP5
12720,ENSG00000177685,CRACR2B
12721,ENSG00000177688,SUMO4
12722,ENSG00000177689,MAGEB10
12723,ENSG00000177694,NAALADL2
12724,ENSG00000177697,CD151
12725,ENSG00000177700,POLR2L
12726,ENSG00000177710,SLC35G5
12727,ENSG00000177721,ANXA2R
12728,ENSG00000177728,TMEM94
12729,ENSG00000177731,FLII
12730,ENSG00000177732,SOX12
12731,ENSG00000177733,HNRNPA0
12732,ENSG00000177752,YIPF7
12733,ENSG00000177757,FAM87B
12734,ENSG00000177791,MYOZ1
12735,ENSG00000177800,TMEM78
12736,ENSG00000177807,KCNJ10
12737,ENSG00000177830,CHID1
12738,ENSG00000177842,ZNF620
12739,ENSG00000177853,ZNF518A
12740,ENSG00000177854,TMEM187
12741,ENSG00000177868,SVBP
12742,ENSG00000177873,ZNF619
12743,ENSG00000177875,CCDC184
12744,ENSG00000177879,AP3S1
12745,ENSG00000177885,GRB2
12746,ENSG00000177888,ZBTB41
12747,ENSG00000177889,UBE2N
12748,ENSG00000177917,ARL6IP6
12749,ENSG00000177932,ZNF354C
12750,ENSG00000177938,CAPZA3
12751,ENSG00000177943,MAMDC4
12752,ENSG00000177951,BET1L
12753,ENSG00000177954,RPS27
12754,ENSG00000177963,RIC8A
12755,ENSG00000177971,IMP3
12756,ENSG00000177981,ASB8
12757,ENSG00000177984,LCN15
12758,ENSG00000177990,DPY19L2
12759,ENSG00000177992,SPATA31E1
12760,ENSG00000177993,ZNRF3-AS1
12761,ENSG00000178015,GPR150
12762,ENSG00000178021,TSPYL6
12763,ENSG00000178026,LRRC75B
12764,ENSG00000178028,DMAP1
12765,ENSG00000178031,ADAMTSL1
12766,ENSG00000178035,IMPDH2
12767,ENSG00000178038,ALS2CL
12768,ENSG00000178053,MLF1
12769,ENSG00000178057,NDUFAF3
12770,ENSG00000178074,C2orf69
12771,ENSG00000178075,GRAMD1C
12772,ENSG00000178078,STAP2
12773,ENSG00000178084,HTR3C
12774,ENSG00000178093,TSSK6
12775,ENSG00000178096,BOLA1
12776,ENSG00000178104,PDE4DIP
12777,ENSG00000178105,DDX10
12778,ENSG00000178125,PPP1R42
12779,ENSG00000178127,NDUFV2
12780,ENSG00000178149,DALRD3
12781,ENSG00000178150,ZNF114
12782,ENSG00000178163,ZNF518B
12783,ENSG00000178171,AMER3
12784,ENSG00000178172,SPINK6
12785,ENSG00000178175,ZNF366
12786,ENSG00000178177,LCORL
12787,ENSG00000178184,PARD6G
12788,ENSG00000178187,ZNF454
12789,ENSG00000178188,SH2B1
12790,ENSG00000178199,ZC3H12D
12791,ENSG00000178201,VN1R1
12792,ENSG00000178209,PLEC
12793,ENSG00000178217,SH2D4B
12794,ENSG00000178222,RNF212
12795,ENSG00000178226,PRSS36
12796,ENSG00000178229,ZNF543
12797,ENSG00000178233,TMEM151B
12798,ENSG00000178234,GALNT11
12799,ENSG00000178235,SLITRK1
12800,ENSG00000178252,WDR6
12801,ENSG00000178257,PRM3
12802,ENSG00000178295,GEN1
12803,ENSG00000178297,TMPRSS9
12804,ENSG00000178301,AQP11
12805,ENSG00000178307,TMEM11
12806,ENSG00000178338,ZNF354B
12807,ENSG00000178342,KCNG2
12808,ENSG00000178343,SHISA3
12809,ENSG00000178358,OR2D3
12810,ENSG00000178363,CALML3
12811,ENSG00000178372,CALML5
12812,ENSG00000178381,ZFAND2A
12813,ENSG00000178385,PLEKHM3
12814,ENSG00000178386,ZNF223
12815,ENSG00000178395,CCDC185
12816,ENSG00000178397,FAM220A
12817,ENSG00000178401,DNAJC22
12818,ENSG00000178403,NEUROG2
12819,ENSG00000178404,CEP295NL
12820,ENSG00000178409,BEND3
12821,ENSG00000178425,NT5DC1
12822,ENSG00000178445,GLDC
12823,ENSG00000178449,COX14
12824,ENSG00000178460,MCMDC2
12825,ENSG00000178462,TUBAL3
12826,ENSG00000178467,P4HTM
12827,ENSG00000178473,UCN3
12828,ENSG00000178498,DTX3
12829,ENSG00000178502,KLHL11
12830,ENSG00000178522,AMBN
12831,ENSG00000178531,CTXN1
12832,ENSG00000178537,SLC25A20
12833,ENSG00000178538,CA8
12834,ENSG00000178562,CD28
12835,ENSG00000178567,EPM2AIP1
12836,ENSG00000178568,ERBB4
12837,ENSG00000178573,MAF
12838,ENSG00000178585,CTNNBIP1
12839,ENSG00000178597,PSAPL1
12840,ENSG00000178602,OTOS
12841,ENSG00000178607,ERN1
12842,ENSG00000178623,GPR35
12843,ENSG00000178645,C10orf53
12844,ENSG00000178662,CSRNP3
12845,ENSG00000178665,ZNF713
12846,ENSG00000178685,PARP10
12847,ENSG00000178690,DYNAP
12848,ENSG00000178691,SUZ12
12849,ENSG00000178694,NSUN3
12850,ENSG00000178695,KCTD12
12851,ENSG00000178718,RPP25
12852,ENSG00000178719,GRINA
12853,ENSG00000178726,THBD
12854,ENSG00000178732,GP5
12855,ENSG00000178734,LMO7DN
12856,ENSG00000178741,COX5A
12857,ENSG00000178750,STX19
12858,ENSG00000178761,FAM219B
12859,ENSG00000178764,ZHX2
12860,ENSG00000178772,CPN2
12861,ENSG00000178773,CPNE7
12862,ENSG00000178776,C5orf46
12863,ENSG00000178795,GDPD4
12864,ENSG00000178796,RIIAD1
12865,ENSG00000178802,MPI
12866,ENSG00000178803,ADORA2A-AS1
12867,ENSG00000178809,TRIM73
12868,ENSG00000178814,OPLAH
12869,ENSG00000178821,TMEM52
12870,ENSG00000178826,TMEM139
12871,ENSG00000178828,RNF186
12872,ENSG00000178852,EFCAB13
12873,ENSG00000178860,MSC
12874,ENSG00000178878,APOLD1
12875,ENSG00000178896,EXOSC4
12876,ENSG00000178904,DPY19L3
12877,ENSG00000178913,TAF7
12878,ENSG00000178919,FOXE1
12879,ENSG00000178921,PFAS
12880,ENSG00000178922,HYI
12881,ENSG00000178934,LGALS7B
12882,ENSG00000178935,ZNF552
12883,ENSG00000178947,SMIM10L2A
12884,ENSG00000178950,GAK
12885,ENSG00000178951,ZBTB7A
12886,ENSG00000178952,TUFM
12887,ENSG00000178965,ERICH3
12888,ENSG00000178966,RMI1
12889,ENSG00000178971,CTC1
12890,ENSG00000178974,FBXO34
12891,ENSG00000178977,LINC00324
12892,ENSG00000178988,MRFAP1L1
12893,ENSG00000178996,SNX18
12894,ENSG00000178997,EXD1
12895,ENSG00000178999,AURKB
12896,ENSG00000179008,C14orf39
12897,ENSG00000179010,MRFAP1
12898,ENSG00000179021,C3orf38
12899,ENSG00000179023,KLHDC7A
12900,ENSG00000179029,TMEM107
12901,ENSG00000179041,RRS1
12902,ENSG00000179044,EXOC3L1
12903,ENSG00000179046,TRIML2
12904,ENSG00000179057,IGSF22
12905,ENSG00000179058,C9orf50
12906,ENSG00000179059,ZFP42
12907,ENSG00000179071,CCDC89
12908,ENSG00000179083,FAM133A
12909,ENSG00000179085,DPM3
12910,ENSG00000179088,C12orf42
12911,ENSG00000179091,CYC1
12912,ENSG00000179094,PER1
12913,ENSG00000179097,HTR1F
12914,ENSG00000179104,TMTC2
12915,ENSG00000179111,HES7
12916,ENSG00000179115,FARSA
12917,ENSG00000179119,SPTY2D1
12918,ENSG00000179133,C10orf67
12919,ENSG00000179134,SAMD4B
12920,ENSG00000179136,LINC00670
12921,ENSG00000179144,GIMAP7
12922,ENSG00000179148,ALOXE3
12923,ENSG00000179151,EDC3
12924,ENSG00000179152,TCAIM
12925,ENSG00000179163,FUCA1
12926,ENSG00000179165,PXT1
12927,ENSG00000179168,GGN
12928,ENSG00000179178,TMEM125
12929,ENSG00000179195,ZNF664
12930,ENSG00000179213,SIGLECL1
12931,ENSG00000179218,CALR
12932,ENSG00000179219,LINC00311
12933,ENSG00000179222,MAGED1
12934,ENSG00000179241,LDLRAD3
12935,ENSG00000179256,SMCO3
12936,ENSG00000179262,RAD23A
12937,ENSG00000179271,GADD45GIP1
12938,ENSG00000179284,DAND5
12939,ENSG00000179292,TMEM151A
12940,ENSG00000179295,PTPN11
12941,ENSG00000179299,NSUN7
12942,ENSG00000179304,FAM156B
12943,ENSG00000179314,WSCD1
12944,ENSG00000179331,RAB39A
12945,ENSG00000179335,CLK3
12946,ENSG00000179348,GATA2
12947,ENSG00000179361,ARID3B
12948,ENSG00000179363,TMEM31
12949,ENSG00000179364,PACS2
12950,ENSG00000179387,ELMOD2
12951,ENSG00000179388,EGR3
12952,ENSG00000179399,GPC5
12953,ENSG00000179403,VWA1
12954,ENSG00000179406,LINC00174
12955,ENSG00000179407,DNAJB8
12956,ENSG00000179409,GEMIN4
12957,ENSG00000179431,FJX1
12958,ENSG00000179454,KLHL28
12959,ENSG00000179455,MKRN3
12960,ENSG00000179456,ZBTB18
12961,ENSG00000179468,OR9A2
12962,ENSG00000179477,ALOX12B
12963,ENSG00000179520,SLC17A8
12964,ENSG00000179526,SHARPIN
12965,ENSG00000179528,LBX2
12966,ENSG00000179532,DNHD1
12967,ENSG00000179542,SLITRK4
12968,ENSG00000179546,HTR1D
12969,ENSG00000179562,GCC1
12970,ENSG00000179564,LSMEM2
12971,ENSG00000179583,CIITA
12972,ENSG00000179588,ZFPM1
12973,ENSG00000179593,ALOX15B
12974,ENSG00000179598,PLD6
12975,ENSG00000179603,GRM8
12976,ENSG00000179604,CDC42EP4
12977,ENSG00000179627,ZBTB42
12978,ENSG00000179630,LACC1
12979,ENSG00000179632,MAF1
12980,ENSG00000179636,TPPP2
12981,ENSG00000179639,FCER1A
12982,ENSG00000179673,RPRML
12983,ENSG00000179674,ARL14
12984,ENSG00000179676,LINC00305
12985,ENSG00000179698,WDR97
12986,ENSG00000179709,NLRP8
12987,ENSG00000179715,PCED1B
12988,ENSG00000179750,APOBEC3B
12989,ENSG00000179751,SYCN
12990,ENSG00000179761,PIPOX
12991,ENSG00000179772,FOXS1
12992,ENSG00000179774,ATOH7
12993,ENSG00000179776,CDH5
12994,ENSG00000179796,LRRC3B
12995,ENSG00000179813,FAM216B
12996,ENSG00000179817,MRGPRX4
12997,ENSG00000179820,MYADM
12998,ENSG00000179832,MROH1
12999,ENSG00000179833,SERTAD2
13000,ENSG00000179840,PIK3CD-AS1
13001,ENSG00000179841,AKAP5
13002,ENSG00000179846,NKPD1
13003,ENSG00000179855,GIPC3
13004,ENSG00000179862,CITED4
13005,ENSG00000179869,ABCA13
13006,ENSG00000179873,NLRP11
13007,ENSG00000179886,TIGD5
13008,ENSG00000179889,PDXDC1
13009,ENSG00000179909,ZNF154
13010,ENSG00000179912,R3HDM2
13011,ENSG00000179913,B3GNT3
13012,ENSG00000179914,ITLN1
13013,ENSG00000179915,NRXN1
13014,ENSG00000179918,SEPHS2
13015,ENSG00000179921,GPBAR1
13016,ENSG00000179922,ZNF784
13017,ENSG00000179930,ZNF648
13018,ENSG00000179933,C14orf119
13019,ENSG00000179934,CCR8
13020,ENSG00000179935,LINC00652
13021,ENSG00000179941,BBS10
13022,ENSG00000179943,FIZ1
13023,ENSG00000179950,PUF60
13024,ENSG00000179954,SSC5D
13025,ENSG00000179958,DCTPP1
13026,ENSG00000179965,ZNF771
13027,ENSG00000179981,TSHZ1
13028,ENSG00000179988,PSTK
13029,ENSG00000180008,SOCS4
13030,ENSG00000180035,ZNF48
13031,ENSG00000180044,C3orf80
13032,ENSG00000180061,TMEM150B
13033,ENSG00000180071,ANKRD18A
13034,ENSG00000180083,WFDC11
13035,ENSG00000180089,TMEM86B
13036,ENSG00000180098,TRNAU1AP
13037,ENSG00000180104,EXOC3
13038,ENSG00000180113,TDRD6
13039,ENSG00000180138,CSNK1A1L
13040,ENSG00000180139,ACTA2-AS1
13041,ENSG00000180155,LYNX1
13042,ENSG00000180176,TH
13043,ENSG00000180182,MED14
13044,ENSG00000180185,FAHD1
13045,ENSG00000180190,TDRP
13046,ENSG00000180198,RCC1
13047,ENSG00000180205,WFDC9
13048,ENSG00000180210,F2
13049,ENSG00000180228,PRKRA
13050,ENSG00000180233,ZNRF2
13051,ENSG00000180245,RRH
13052,ENSG00000180251,SLC9A4
13053,ENSG00000180257,ZNF816
13054,ENSG00000180263,FGD6
13055,ENSG00000180264,ADGRD2
13056,ENSG00000180287,PLD5
13057,ENSG00000180304,OAZ2
13058,ENSG00000180305,WFDC10A
13059,ENSG00000180316,PNPLA1
13060,ENSG00000180318,ALX1
13061,ENSG00000180329,CCDC43
13062,ENSG00000180332,KCTD4
13063,ENSG00000180336,MEIOC
13064,ENSG00000180340,FZD2
13065,ENSG00000180346,TIGD2
13066,ENSG00000180353,HCLS1
13067,ENSG00000180354,MTURN
13068,ENSG00000180357,ZNF609
13069,ENSG00000180370,PAK2
13070,ENSG00000180376,CCDC66
13071,ENSG00000180383,DEFB124
13072,ENSG00000180398,MCFD2
13073,ENSG00000180422,LINC00304
13074,ENSG00000180423,HARBI1
13075,ENSG00000180425,C11orf71
13076,ENSG00000180432,CYP8B1
13077,ENSG00000180438,TPRXL
13078,ENSG00000180440,SERTM1
13079,ENSG00000180447,GAS1
13080,ENSG00000180479,ZNF571
13081,ENSG00000180481,GLIPR1L2
13082,ENSG00000180483,DEFB119
13083,ENSG00000180509,KCNE1
13084,ENSG00000180530,NRIP1
13085,ENSG00000180532,ZSCAN4
13086,ENSG00000180535,BHLHA15
13087,ENSG00000180537,RNF182
13088,ENSG00000180543,TSPYL5
13089,ENSG00000180549,FUT7
13090,ENSG00000180592,SKIDA1
13091,ENSG00000180611,MB21D2
13092,ENSG00000180613,GSX2
13093,ENSG00000180616,SSTR2
13094,ENSG00000180626,ZNF594
13095,ENSG00000180628,PCGF5
13096,ENSG00000180638,SLC47A2
13097,ENSG00000180644,PRF1
13098,ENSG00000180660,MAB21L1
13099,ENSG00000180667,YOD1
13100,ENSG00000180694,TMEM64
13101,ENSG00000180697,C3orf22
13102,ENSG00000180720,CHRM4
13103,ENSG00000180730,SHISA2
13104,ENSG00000180739,S1PR5
13105,ENSG00000180745,CLRN3
13106,ENSG00000180758,GPR157
13107,ENSG00000180767,CHST13
13108,ENSG00000180772,AGTR2
13109,ENSG00000180773,SLC36A4
13110,ENSG00000180776,ZDHHC20
13111,ENSG00000180777,ANKRD30B
13112,ENSG00000180785,OR51E1
13113,ENSG00000180787,ZFP3
13114,ENSG00000180801,ARSJ
13115,ENSG00000180806,HOXC9
13116,ENSG00000180815,MAP3K15
13117,ENSG00000180817,PPA1
13118,ENSG00000180818,HOXC10
13119,ENSG00000180822,PSMG4
13120,ENSG00000180828,BHLHE22
13121,ENSG00000180834,MAP6D1
13122,ENSG00000180846,CSNK1G2-AS1
13123,ENSG00000180855,ZNF443
13124,ENSG00000180861,LINC01559
13125,ENSG00000180869,LINC01555
13126,ENSG00000180871,CXCR2
13127,ENSG00000180875,GREM2
13128,ENSG00000180879,SSR4
13129,ENSG00000180881,CAPS2
13130,ENSG00000180884,ZNF792
13131,ENSG00000180891,CUEDC1
13132,ENSG00000180900,SCRIB
13133,ENSG00000180901,KCTD2
13134,ENSG00000180902,D2HGDH
13135,ENSG00000180914,OXTR
13136,ENSG00000180917,CMTR2
13137,ENSG00000180929,GPR62
13138,ENSG00000180938,ZNF572
13139,ENSG00000180953,ST20
13140,ENSG00000180957,PITPNB
13141,ENSG00000180964,TCEAL8
13142,ENSG00000180979,LRRC57
13143,ENSG00000180988,OR52N2
13144,ENSG00000180992,MRPL14
13145,ENSG00000180998,GPR137C
13146,ENSG00000180999,C1orf105
13147,ENSG00000181004,BBS12
13148,ENSG00000181007,ZFP82
13149,ENSG00000181009,OR52N5
13150,ENSG00000181016,LSMEM1
13151,ENSG00000181019,NQO1
13152,ENSG00000181023,OR56B1
13153,ENSG00000181026,AEN
13154,ENSG00000181027,FKRP
13155,ENSG00000181029,TRAPPC5
13156,ENSG00000181031,RPH3AL
13157,ENSG00000181035,SLC25A42
13158,ENSG00000181036,FCRL6
13159,ENSG00000181038,METTL23
13160,ENSG00000181045,SLC26A11
13161,ENSG00000181061,HIGD1A
13162,ENSG00000181072,CHRM2
13163,ENSG00000181074,OR52N4
13164,ENSG00000181090,EHMT1
13165,ENSG00000181092,ADIPOQ
13166,ENSG00000181104,F2R
13167,ENSG00000181135,ZNF707
13168,ENSG00000181143,MUC16
13169,ENSG00000181163,NPM1
13170,ENSG00000181191,PJA1
13171,ENSG00000181192,DHTKD1
13172,ENSG00000181195,PENK
13173,ENSG00000181215,C4orf50
13174,ENSG00000181220,ZNF746
13175,ENSG00000181222,POLR2A
13176,ENSG00000181234,TMEM132C
13177,ENSG00000181240,SLC25A41
13178,ENSG00000181274,FRAT2
13179,ENSG00000181291,TMEM132E
13180,ENSG00000181315,ZNF322
13181,ENSG00000181322,NME9
13182,ENSG00000181333,HEPHL1
13183,ENSG00000181350,LRRC75A
13184,ENSG00000181374,CCL13
13185,ENSG00000181378,CFAP65
13186,ENSG00000181381,DDX60L
13187,ENSG00000181392,SYNE4
13188,ENSG00000181396,OGFOD3
13189,ENSG00000181408,UTS2R
13190,ENSG00000181409,AATK
13191,ENSG00000181418,DDN
13192,ENSG00000181433,SAGE1
13193,ENSG00000181444,ZNF467
13194,ENSG00000181449,SOX2
13195,ENSG00000181450,ZNF678
13196,ENSG00000181458,TMEM45A
13197,ENSG00000181467,RAP2B
13198,ENSG00000181472,ZBTB2
13199,ENSG00000181481,RNF135
13200,ENSG00000181513,ACBD4
13201,ENSG00000181523,SGSH
13202,ENSG00000181541,MAB21L2
13203,ENSG00000181544,FANCB
13204,ENSG00000181552,EDDM3B
13205,ENSG00000181555,SETD2
13206,ENSG00000181562,EDDM3A
13207,ENSG00000181585,TMIE
13208,ENSG00000181588,MEX3D
13209,ENSG00000181610,MRPS23
13210,ENSG00000181616,OR52H1
13211,ENSG00000181617,FDCSP
13212,ENSG00000181619,GPR135
13213,ENSG00000181625,SLX1B
13214,ENSG00000181626,ANKRD62
13215,ENSG00000181631,P2RY13
13216,ENSG00000181634,TNFSF15
13217,ENSG00000181638,ZFP41
13218,ENSG00000181652,ATG9B
13219,ENSG00000181656,GPR88
13220,ENSG00000181690,PLAG1
13221,ENSG00000181704,YIPF6
13222,ENSG00000181722,ZBTB20
13223,ENSG00000181754,AMIGO1
13224,ENSG00000181773,GPR3
13225,ENSG00000181778,TMEM252
13226,ENSG00000181788,SIAH2
13227,ENSG00000181789,COPG1
13228,ENSG00000181790,ADGRB1
13229,ENSG00000181798,LINC00471
13230,ENSG00000181800,CELF2-AS1
13231,ENSG00000181804,SLC9A9
13232,ENSG00000181817,LSM10
13233,ENSG00000181826,RELL1
13234,ENSG00000181827,RFX7
13235,ENSG00000181830,SLC35C1
13236,ENSG00000181847,TIGIT
13237,ENSG00000181852,RNF41
13238,ENSG00000181867,FTMT
13239,ENSG00000181873,IBA57
13240,ENSG00000181894,ZNF329
13241,ENSG00000181896,ZNF101
13242,ENSG00000181903,OR4C6
13243,ENSG00000181904,C5orf24
13244,ENSG00000181915,ADO
13245,ENSG00000181924,COA4
13246,ENSG00000181929,PRKAG1
13247,ENSG00000181938,GINS3
13248,ENSG00000181963,OR52K2
13249,ENSG00000181965,NEUROG1
13250,ENSG00000181982,CCDC149
13251,ENSG00000181991,MRPS11
13252,ENSG00000181995,LINC00301
13253,ENSG00000182004,SNRPE
13254,ENSG00000182010,RTKN2
13255,ENSG00000182022,CHST15
13256,ENSG00000182035,ADIG
13257,ENSG00000182040,USH1G
13258,ENSG00000182050,MGAT4C
13259,ENSG00000182054,IDH2
13260,ENSG00000182087,TMEM259
13261,ENSG00000182095,TNRC18
13262,ENSG00000182103,FAM181B
13263,ENSG00000182107,TMEM30B
13264,ENSG00000182108,DEXI
13265,ENSG00000182111,ZNF716
13266,ENSG00000182117,NOP10
13267,ENSG00000182118,FAM89A
13268,ENSG00000182132,KCNIP1
13269,ENSG00000182134,TDRKH
13270,ENSG00000182141,ZNF708
13271,ENSG00000182149,IST1
13272,ENSG00000182150,ERCC6L2
13273,ENSG00000182154,MRPL41
13274,ENSG00000182156,ENPP7
13275,ENSG00000182158,CREB3L2
13276,ENSG00000182162,P2RY8
13277,ENSG00000182165,TP53TG1
13278,ENSG00000182168,UNC5C
13279,ENSG00000182173,TSEN54
13280,ENSG00000182175,RGMA
13281,ENSG00000182177,ASB18
13282,ENSG00000182179,UBA7
13283,ENSG00000182180,MRPS16
13284,ENSG00000182185,RAD51B
13285,ENSG00000182187,CRYGB
13286,ENSG00000182195,LDOC1
13287,ENSG00000182196,ARL6IP4
13288,ENSG00000182197,EXT1
13289,ENSG00000182199,SHMT2
13290,ENSG00000182218,HHIPL1
13291,ENSG00000182220,ATP6AP2
13292,ENSG00000182223,ZAR1
13293,ENSG00000182224,CYB5D1
13294,ENSG00000182240,BACE2
13295,ENSG00000182247,UBE2E2
13296,ENSG00000182253,SYNM
13297,ENSG00000182255,KCNA4
13298,ENSG00000182256,GABRG3
13299,ENSG00000182263,FIGN
13300,ENSG00000182264,IZUMO1
13301,ENSG00000182271,TMIGD1
13302,ENSG00000182272,B4GALNT4
13303,ENSG00000182287,AP1S2
13304,ENSG00000182308,DCAF4L1
13305,ENSG00000182318,ZSCAN22
13306,ENSG00000182324,KCNJ14
13307,ENSG00000182325,FBXL6
13308,ENSG00000182326,C1S
13309,ENSG00000182327,GLTPD2
13310,ENSG00000182329,KIAA2012
13311,ENSG00000182330,PRAMEF8
13312,ENSG00000182333,LIPF
13313,ENSG00000182348,ZNF804B
13314,ENSG00000182359,KBTBD3
13315,ENSG00000182362,YBEY
13316,ENSG00000182366,FAM87A
13317,ENSG00000182378,PLCXD1
13318,ENSG00000182379,NXPH4
13319,ENSG00000182389,CACNB4
13320,ENSG00000182400,TRAPPC6B
13321,ENSG00000182405,PGBD4
13322,ENSG00000182415,CDY2A
13323,ENSG00000182446,NPLOC4
13324,ENSG00000182450,KCNK4
13325,ENSG00000182459,TEX19
13326,ENSG00000182463,TSHZ2
13327,ENSG00000182472,CAPN12
13328,ENSG00000182473,EXOC7
13329,ENSG00000182481,KPNA2
13330,ENSG00000182489,XKRX
13331,ENSG00000182492,BGN
13332,ENSG00000182504,CEP97
13333,ENSG00000182508,LHFPL1
13334,ENSG00000182511,FES
13335,ENSG00000182512,GLRX5
13336,ENSG00000182521,TBPL2
13337,ENSG00000182533,CAV3
13338,ENSG00000182534,MXRA7
13339,ENSG00000182541,LIMK2
13340,ENSG00000182552,RWDD4
13341,ENSG00000182557,SPNS3
13342,ENSG00000182566,CLEC4G
13343,ENSG00000182568,SATB1
13344,ENSG00000182575,NXPH3
13345,ENSG00000182578,CSF1R
13346,ENSG00000182580,EPHB3
13347,ENSG00000182583,VCX
13348,ENSG00000182585,EPGN
13349,ENSG00000182586,LINC00334
13350,ENSG00000182591,KRTAP11-1
13351,ENSG00000182601,HS3ST4
13352,ENSG00000182606,TRAK1
13353,ENSG00000182612,TSPAN10
13354,ENSG00000182621,PLCB1
13355,ENSG00000182628,SKA2
13356,ENSG00000182645,CCDC172
13357,ENSG00000182667,NTM
13358,ENSG00000182670,TTC3
13359,ENSG00000182674,KCNB2
13360,ENSG00000182676,PPP1R27
13361,ENSG00000182685,BRICD5
13362,ENSG00000182687,GALR2
13363,ENSG00000182698,RESP18
13364,ENSG00000182700,IGIP
13365,ENSG00000182704,TSKU
13366,ENSG00000182712,CMC4
13367,ENSG00000182718,ANXA2
13368,ENSG00000182732,RGS6
13369,ENSG00000182742,HOXB4
13370,ENSG00000182747,SLC35D3
13371,ENSG00000182749,PAQR7
13372,ENSG00000182752,PAPPA
13373,ENSG00000182759,MAFA
13374,ENSG00000182768,NGRN
13375,ENSG00000182771,GRID1
13376,ENSG00000182774,RPS17
13377,ENSG00000182782,HCAR2
13378,ENSG00000182791,CCDC87
13379,ENSG00000182793,GSTA5
13380,ENSG00000182795,C1orf116
13381,ENSG00000182809,CRIP2
13382,ENSG00000182810,DDX28
13383,ENSG00000182816,KRTAP13-2
13384,ENSG00000182827,ACBD3
13385,ENSG00000182836,PLCXD3
13386,ENSG00000182853,VMO1
13387,ENSG00000182858,ALG12
13388,ENSG00000182866,LCK
13389,ENSG00000182872,RBM10
13390,ENSG00000182885,ADGRG3
13391,ENSG00000182898,TCHHL1
13392,ENSG00000182899,RPL35A
13393,ENSG00000182901,RGS7
13394,ENSG00000182902,SLC25A18
13395,ENSG00000182903,ZNF721
13396,ENSG00000182916,TCEAL7
13397,ENSG00000182923,CEP63
13398,ENSG00000182931,WFDC10B
13399,ENSG00000182934,SRPRA
13400,ENSG00000182938,OTOP3
13401,ENSG00000182944,EWSR1
13402,ENSG00000182957,SPATA13
13403,ENSG00000182963,GJC1
13404,ENSG00000182968,SOX1
13405,ENSG00000182973,CNOT10
13406,ENSG00000182979,MTA1
13407,ENSG00000182983,ZNF662
13408,ENSG00000182985,CADM1
13409,ENSG00000182986,ZNF320
13410,ENSG00000182993,C12orf60
13411,ENSG00000183010,PYCR1
13412,ENSG00000183011,NAA38
13413,ENSG00000183018,SPNS2
13414,ENSG00000183019,MCEMP1
13415,ENSG00000183023,SLC8A1
13416,ENSG00000183032,SLC25A21
13417,ENSG00000183034,OTOP2
13418,ENSG00000183035,CYLC1
13419,ENSG00000183036,PCP4
13420,ENSG00000183044,ABAT
13421,ENSG00000183048,SLC25A10
13422,ENSG00000183049,CAMK1D
13423,ENSG00000183054,RGPD6
13424,ENSG00000183060,LYSMD4
13425,ENSG00000183066,WBP2NL
13426,ENSG00000183067,IGSF5
13427,ENSG00000183072,NKX2-5
13428,ENSG00000183077,AFMID
13429,ENSG00000183087,GAS6
13430,ENSG00000183090,FREM3
13431,ENSG00000183091,NEB
13432,ENSG00000183092,BEGAIN
13433,ENSG00000183098,GPC6
13434,ENSG00000183111,ARHGEF37
13435,ENSG00000183114,FAM43B
13436,ENSG00000183117,CSMD1
13437,ENSG00000183128,CALHM3
13438,ENSG00000183134,PTGDR2
13439,ENSG00000183137,CEP57L1
13440,ENSG00000183145,RIPPLY3
13441,ENSG00000183150,GPR19
13442,ENSG00000183153,GJD3
13443,ENSG00000183155,RABIF
13444,ENSG00000183160,TMEM119
13445,ENSG00000183161,FANCF
13446,ENSG00000183166,CALN1
13447,ENSG00000183185,GABRR3
13448,ENSG00000183186,C2CD4C
13449,ENSG00000183196,CHST6
13450,ENSG00000183206,POTEC
13451,ENSG00000183207,RUVBL2
13452,ENSG00000183208,GDPGP1
13453,ENSG00000183230,CTNNA3
13454,ENSG00000183242,WT1-AS
13455,ENSG00000183246,RIMBP3C
13456,ENSG00000183248,PRR36
13457,ENSG00000183250,LINC01547
13458,ENSG00000183251,OR51B4
13459,ENSG00000183255,PTTG1IP
13460,ENSG00000183258,DDX41
13461,ENSG00000183260,ABHD16B
13462,ENSG00000183273,CCDC60
13463,ENSG00000183281,PLGLB1
13464,ENSG00000183283,DAZAP2
13465,ENSG00000183287,CCBE1
13466,ENSG00000183304,FAM9A
13467,ENSG00000183305,MAGEA2B
13468,ENSG00000183309,ZNF623
13469,ENSG00000183317,EPHA10
13470,ENSG00000183318,SPDYE4
13471,ENSG00000183323,CCDC125
13472,ENSG00000183324,REC114
13473,ENSG00000183336,BOLA2
13474,ENSG00000183337,BCOR
13475,ENSG00000183340,JRKL
13476,ENSG00000183347,GBP6
13477,ENSG00000183378,OVCH2
13478,ENSG00000183379,SYNDIG1L
13479,ENSG00000183386,FHL3
13480,ENSG00000183395,PMCH
13481,ENSG00000183396,TMEM89
13482,ENSG00000183401,CCDC159
13483,ENSG00000183421,RIPK4
13484,ENSG00000183423,LRIT3
13485,ENSG00000183431,SF3A3
13486,ENSG00000183434,TFDP3
13487,ENSG00000183439,TRIM61
13488,ENSG00000183454,GRIN2A
13489,ENSG00000183463,URAD
13490,ENSG00000183470,FLJ40288
13491,ENSG00000183474,GTF2H2C
13492,ENSG00000183475,ASB7
13493,ENSG00000183476,SH2D7
13494,ENSG00000183479,TREX2
13495,ENSG00000183484,GPR132
13496,ENSG00000183486,MX2
13497,ENSG00000183495,EP400
13498,ENSG00000183496,MEX3B
13499,ENSG00000183513,COA5
13500,ENSG00000183527,PSMG1
13501,ENSG00000183530,PRR14L
13502,ENSG00000183542,KLRC4
13503,ENSG00000183549,ACSM5
13504,ENSG00000183569,SERHL2
13505,ENSG00000183570,PCBP3
13506,ENSG00000183571,PGPEP1L
13507,ENSG00000183576,SETD3
13508,ENSG00000183578,TNFAIP8L3
13509,ENSG00000183579,ZNRF3
13510,ENSG00000183580,FBXL7
13511,ENSG00000183597,TANGO2
13512,ENSG00000183605,SFXN4
13513,ENSG00000183607,GKN2
13514,ENSG00000183615,FAM167B
13515,ENSG00000183617,MRPL54
13516,ENSG00000183621,ZNF438
13517,ENSG00000183624,HMCES
13518,ENSG00000183625,CCR3
13519,ENSG00000183628,DGCR6
13520,ENSG00000183631,PRR32
13521,ENSG00000183632,TP53TG3
13522,ENSG00000183638,RP1L1
13523,ENSG00000183643,C15orf32
13524,ENSG00000183647,ZNF530
13525,ENSG00000183648,NDUFB1
13526,ENSG00000183655,KLHL25
13527,ENSG00000183668,PSG9
13528,ENSG00000183682,BMP8A
13529,ENSG00000183684,ALYREF
13530,ENSG00000183690,EFHC2
13531,ENSG00000183691,NOG
13532,ENSG00000183695,MRGPRX2
13533,ENSG00000183696,UPP1
13534,ENSG00000183709,IFNL2
13535,ENSG00000183715,OPCML
13536,ENSG00000183718,TRIM52
13537,ENSG00000183723,CMTM4
13538,ENSG00000183726,TMEM50A
13539,ENSG00000183733,FIGLA
13540,ENSG00000183734,ASCL2
13541,ENSG00000183735,TBK1
13542,ENSG00000183741,CBX6
13543,ENSG00000183742,MACC1
13544,ENSG00000183747,ACSM2A
13545,ENSG00000183760,ACP7
13546,ENSG00000183762,KREMEN1
13547,ENSG00000183763,TRAIP
13548,ENSG00000183765,CHEK2
13549,ENSG00000183770,FOXL2
13550,ENSG00000183773,AIFM3
13551,ENSG00000183775,KCTD16
13552,ENSG00000183778,B3GALT5
13553,ENSG00000183779,ZNF703
13554,ENSG00000183780,SLC35F3
13555,ENSG00000183783,KCTD8
13556,ENSG00000183785,TUBA8
13557,ENSG00000183793,NPIPA5
13558,ENSG00000183798,EMILIN3
13559,ENSG00000183801,OLFML1
13560,ENSG00000183807,FAM162B
13561,ENSG00000183808,RBM12B
13562,ENSG00000183813,CCR4
13563,ENSG00000183814,LIN9
13564,ENSG00000183826,BTBD9
13565,ENSG00000183828,NUDT14
13566,ENSG00000183837,PNMA3
13567,ENSG00000183840,GPR39
13568,ENSG00000183844,FAM3B
13569,ENSG00000183850,ZNF730
13570,ENSG00000183864,TOB2
13571,ENSG00000183873,SCN5A
13572,ENSG00000183876,ARSI
13573,ENSG00000183878,UTY
13574,ENSG00000183891,TTC32
13575,ENSG00000183908,LRRC55
13576,ENSG00000183914,DNAH2
13577,ENSG00000183918,SH2D1A
13578,ENSG00000183921,SDR42E2
13579,ENSG00000183938,TRBV21OR9-2
13580,ENSG00000183943,PRKX
13581,ENSG00000183955,KMT5A
13582,ENSG00000183960,KCNH8
13583,ENSG00000183963,SMTN
13584,ENSG00000183971,NPW
13585,ENSG00000183977,PP2D1
13586,ENSG00000183978,COA3
13587,ENSG00000183979,NPB
13588,ENSG00000184005,ST6GALNAC3
13589,ENSG00000184007,PTP4A2
13590,ENSG00000184012,TMPRSS2
13591,ENSG00000184014,DENND5A
13592,ENSG00000184022,OR2T10
13593,ENSG00000184029,DSCR4
13594,ENSG00000184033,CTAG1B
13595,ENSG00000184047,DIABLO
13596,ENSG00000184056,VPS33B
13597,ENSG00000184058,TBX1
13598,ENSG00000184060,ADAP2
13599,ENSG00000184076,UQCR10
13600,ENSG00000184083,FAM120C
13601,ENSG00000184108,TRIML1
13602,ENSG00000184110,EIF3C
13603,ENSG00000184113,CLDN5
13604,ENSG00000184117,NIPSNAP1
13605,ENSG00000184144,CNTN2
13606,ENSG00000184148,SPRR4
13607,ENSG00000184156,KCNQ3
13608,ENSG00000184160,ADRA2C
13609,ENSG00000184162,NR2C2AP
13610,ENSG00000184164,CRELD2
13611,ENSG00000184178,SCFD2
13612,ENSG00000184182,UBE2F
13613,ENSG00000184185,KCNJ12
13614,ENSG00000184194,GPR173
13615,ENSG00000184203,PPP1R2
13616,ENSG00000184205,TSPYL2
13617,ENSG00000184206,GOLGA6L4
13618,ENSG00000184207,PGP
13619,ENSG00000184209,SNRNP35
13620,ENSG00000184210,DGAT2L6
13621,ENSG00000184216,IRAK1
13622,ENSG00000184220,CMSS1
13623,ENSG00000184221,OLIG1
13624,ENSG00000184226,PCDH9
13625,ENSG00000184227,ACOT1
13626,ENSG00000184232,OAF
13627,ENSG00000184254,ALDH1A3
13628,ENSG00000184261,KCNK12
13629,ENSG00000184271,POU6F1
13630,ENSG00000184276,DEFB108B
13631,ENSG00000184277,TM2D3
13632,ENSG00000184281,TSSC4
13633,ENSG00000184292,TACSTD2
13634,ENSG00000184302,SIX6
13635,ENSG00000184304,PRKD1
13636,ENSG00000184305,CCSER1
13637,ENSG00000184307,ZDHHC23
13638,ENSG00000184313,MROH7
13639,ENSG00000184330,S100A7A
13640,ENSG00000184343,SRPK3
13641,ENSG00000184344,GDF3
13642,ENSG00000184347,SLIT3
13643,ENSG00000184349,EFNA5
13644,ENSG00000184350,MRGPRE
13645,ENSG00000184351,KRTAP19-1
13646,ENSG00000184361,SPATA32
13647,ENSG00000184363,PKP3
13648,ENSG00000184368,MAP7D2
13649,ENSG00000184371,CSF1
13650,ENSG00000184374,COLEC10
13651,ENSG00000184378,ACTRT3
13652,ENSG00000184381,PLA2G6
13653,ENSG00000184384,MAML2
13654,ENSG00000184388,PABPC1L2B
13655,ENSG00000184402,SS18L1
13656,ENSG00000184408,KCND2
13657,ENSG00000184428,TOP1MT
13658,ENSG00000184432,COPB2
13659,ENSG00000184434,LRRC19
13660,ENSG00000184436,THAP7
13661,ENSG00000184445,KNTC1
13662,ENSG00000184451,CCR10
13663,ENSG00000184454,NCMAP
13664,ENSG00000184459,BPIFC
13665,ENSG00000184465,WDR27
13666,ENSG00000184470,TXNRD2
13667,ENSG00000184471,C1QTNF8
13668,ENSG00000184478,OR56A3
13669,ENSG00000184481,FOXO4
13670,ENSG00000184486,POU3F2
13671,ENSG00000184492,FOXD4L1
13672,ENSG00000184500,PROS1
13673,ENSG00000184502,GAST
13674,ENSG00000184508,HDDC3
13675,ENSG00000184517,ZFP1
13676,ENSG00000184524,CEND1
13677,ENSG00000184530,C6orf58
13678,ENSG00000184544,DHRS7C
13679,ENSG00000184557,SOCS3
13680,ENSG00000184564,SLITRK6
13681,ENSG00000184571,PIWIL3
13682,ENSG00000184574,LPAR5
13683,ENSG00000184575,XPOT
13684,ENSG00000184588,PDE4B
13685,ENSG00000184602,SNN
13686,ENSG00000184611,KCNH7
13687,ENSG00000184613,NELL2
13688,ENSG00000184634,MED12
13689,ENSG00000184635,ZNF93
13690,ENSG00000184647,PRSS55
13691,ENSG00000184650,ODF4
13692,ENSG00000184659,FOXD4L4
13693,ENSG00000184661,CDCA2
13694,ENSG00000184672,RALYL
13695,ENSG00000184675,AMER1
13696,ENSG00000184677,ZBTB40
13697,ENSG00000184697,CLDN6
13698,ENSG00000184708,EIF4ENIF1
13699,ENSG00000184709,LRRC26
13700,ENSG00000184716,SERINC4
13701,ENSG00000184719,RNLS
13702,ENSG00000184724,KRTAP6-1
13703,ENSG00000184730,APOBR
13704,ENSG00000184731,FAM110C
13705,ENSG00000184735,DDX53
13706,ENSG00000184743,ATL3
13707,ENSG00000184752,NDUFA12
13708,ENSG00000184785,SMIM10
13709,ENSG00000184787,UBE2G2
13710,ENSG00000184788,SATL1
13711,ENSG00000184792,OSBP2
13712,ENSG00000184809,B3GALT5-AS1
13713,ENSG00000184828,ZBTB7C
13714,ENSG00000184831,APOO
13715,ENSG00000184838,PRR16
13716,ENSG00000184840,TMED9
13717,ENSG00000184845,DRD1
13718,ENSG00000184856,LINC00308
13719,ENSG00000184857,TMEM186
13720,ENSG00000184860,SDR42E1
13721,ENSG00000184863,RBM33
13722,ENSG00000184867,ARMCX2
13723,ENSG00000184887,BTBD6
13724,ENSG00000184895,SRY
13725,ENSG00000184898,RBM43
13726,ENSG00000184900,SUMO3
13727,ENSG00000184903,IMMP2L
13728,ENSG00000184905,TCEAL2
13729,ENSG00000184908,CLCNKB
13730,ENSG00000184916,JAG2
13731,ENSG00000184922,FMNL1
13732,ENSG00000184923,NUTM2A
13733,ENSG00000184924,PTRHD1
13734,ENSG00000184925,LCN12
13735,ENSG00000184937,WT1
13736,ENSG00000184939,ZFP90
13737,ENSG00000184949,FAM227A
13738,ENSG00000184954,OR6C70
13739,ENSG00000184979,USP18
13740,ENSG00000184984,CHRM5
13741,ENSG00000184985,SORCS2
13742,ENSG00000184986,TMEM121
13743,ENSG00000184988,TMEM106A
13744,ENSG00000184990,SIVA1
13745,ENSG00000184992,BRI3BP
13746,ENSG00000184995,IFNE
13747,ENSG00000184999,SLC22A10
13748,ENSG00000185002,RFX6
13749,ENSG00000185008,ROBO2
13750,ENSG00000185009,AP3M1
13751,ENSG00000185010,F8
13752,ENSG00000185013,NT5C1B
13753,ENSG00000185015,CA13
13754,ENSG00000185019,UBOX5
13755,ENSG00000185022,MAFF
13756,ENSG00000185024,BRF1
13757,ENSG00000185028,LRRC14B
13758,ENSG00000185033,SEMA4B
13759,ENSG00000185038,MROH2A
13760,ENSG00000185040,SPDYE16
13761,ENSG00000185043,CIB1
13762,ENSG00000185046,ANKS1B
13763,ENSG00000185049,NELFA
13764,ENSG00000185052,SLC24A3
13765,ENSG00000185053,SGCZ
13766,ENSG00000185055,EFCAB10
13767,ENSG00000185056,C5orf47
13768,ENSG00000185069,KRT76
13769,ENSG00000185070,FLRT2
13770,ENSG00000185085,INTS5
13771,ENSG00000185088,RPS27L
13772,ENSG00000185090,MANEAL
13773,ENSG00000185101,ANO9
13774,ENSG00000185104,FAF1
13775,ENSG00000185105,MYADML2
13776,ENSG00000185112,FAM43A
13777,ENSG00000185127,C6orf120
13778,ENSG00000185129,PURA
13779,ENSG00000185133,INPP5J
13780,ENSG00000185149,NPY2R
13781,ENSG00000185155,MIXL1
13782,ENSG00000185156,MFSD6L
13783,ENSG00000185158,LRRC37B
13784,ENSG00000185163,DDX51
13785,ENSG00000185164,NOMO2
13786,ENSG00000185176,AQP12B
13787,ENSG00000185177,ZNF479
13788,ENSG00000185187,SIGIRR
13789,ENSG00000185189,NRBP2
13790,ENSG00000185198,PRSS57
13791,ENSG00000185201,IFITM2
13792,ENSG00000185215,TNFAIP2
13793,ENSG00000185219,ZNF445
13794,ENSG00000185220,PGBD2
13795,ENSG00000185231,MC2R
13796,ENSG00000185236,RAB11B
13797,ENSG00000185238,PRMT3
13798,ENSG00000185245,GP1BA
13799,ENSG00000185246,PRPF39
13800,ENSG00000185247,MAGEA11
13801,ENSG00000185250,PPIL6
13802,ENSG00000185252,ZNF74
13803,ENSG00000185261,KIAA0825
13804,ENSG00000185262,UBALD2
13805,ENSG00000185267,CDNF
13806,ENSG00000185269,NOTUM
13807,ENSG00000185272,RBM11
13808,ENSG00000185278,ZBTB37
13809,ENSG00000185290,NUPR2
13810,ENSG00000185298,CCDC137
13811,ENSG00000185303,SFTPA2
13812,ENSG00000185304,RGPD2
13813,ENSG00000185305,ARL15
13814,ENSG00000185306,C12orf56
13815,ENSG00000185313,SCN10A
13816,ENSG00000185324,CDK10
13817,ENSG00000185332,TMEM105
13818,ENSG00000185338,SOCS1
13819,ENSG00000185339,TCN2
13820,ENSG00000185340,GAS2L1
13821,ENSG00000185344,ATP6V0A2
13822,ENSG00000185352,HS6ST3
13823,ENSG00000185359,HGS
13824,ENSG00000185361,TNFAIP8L1
13825,ENSG00000185372,OR2V1
13826,ENSG00000185379,RAD51D
13827,ENSG00000185386,MAPK11
13828,ENSG00000185404,SP140L
13829,ENSG00000185414,MRPL30
13830,ENSG00000185420,SMYD3
13831,ENSG00000185433,LINC00158
13832,ENSG00000185436,IFNLR1
13833,ENSG00000185437,SH3BGR
13834,ENSG00000185442,FAM174B
13835,ENSG00000185448,FAM47A
13836,ENSG00000185467,KPNA7
13837,ENSG00000185475,TMEM179B
13838,ENSG00000185477,GPRIN3
13839,ENSG00000185479,KRT6B
13840,ENSG00000185480,PARPBP
13841,ENSG00000185482,STAC3
13842,ENSG00000185483,ROR1
13843,ENSG00000185499,MUC1
13844,ENSG00000185504,FAAP100
13845,ENSG00000185513,L3MBTL1
13846,ENSG00000185515,BRCC3
13847,ENSG00000185518,SV2B
13848,ENSG00000185519,FAM131C
13849,ENSG00000185523,SPATA45
13850,ENSG00000185527,PDE6G
13851,ENSG00000185532,PRKG1
13852,ENSG00000185551,NR2F2
13853,ENSG00000185559,DLK1
13854,ENSG00000185561,TLCD2
13855,ENSG00000185565,LSAMP
13856,ENSG00000185567,AHNAK2
13857,ENSG00000185585,OLFML2A
13858,ENSG00000185591,SP1
13859,ENSG00000185594,SPATA8
13860,ENSG00000185608,MRPL40
13861,ENSG00000185610,DBX2
13862,ENSG00000185615,PDIA2
13863,ENSG00000185619,PCGF3
13864,ENSG00000185621,LMLN
13865,ENSG00000185624,P4HB
13866,ENSG00000185627,PSMD13
13867,ENSG00000185630,PBX1
13868,ENSG00000185634,SHC4
13869,ENSG00000185640,KRT79
13870,ENSG00000185650,ZFP36L1
13871,ENSG00000185651,UBE2L3
13872,ENSG00000185652,NTF3
13873,ENSG00000185658,BRWD1
13874,ENSG00000185664,PMEL
13875,ENSG00000185666,SYN3
13876,ENSG00000185668,POU3F1
13877,ENSG00000185669,SNAI3
13878,ENSG00000185670,ZBTB3
13879,ENSG00000185674,LYG2
13880,ENSG00000185681,MORN5
13881,ENSG00000185686,PRAME
13882,ENSG00000185697,MYBL1
13883,ENSG00000185721,DRG1
13884,ENSG00000185722,ANKFY1
13885,ENSG00000185728,YTHDF3
13886,ENSG00000185730,ZNF696
13887,ENSG00000185736,ADARB2
13888,ENSG00000185737,NRG3
13889,ENSG00000185739,SRL
13890,ENSG00000185742,C11orf87
13891,ENSG00000185745,IFIT1
13892,ENSG00000185753,CXorf38
13893,ENSG00000185760,KCNQ5
13894,ENSG00000185761,ADAMTSL5
13895,ENSG00000185787,MORF4L1
13896,ENSG00000185792,NLRP9
13897,ENSG00000185798,WDR53
13898,ENSG00000185800,DMWD
13899,ENSG00000185803,SLC52A2
13900,ENSG00000185808,PIGP
13901,ENSG00000185811,IKZF1
13902,ENSG00000185813,PCYT2
13903,ENSG00000185818,NAT8L
13904,ENSG00000185821,OR6C76
13905,ENSG00000185823,NPAP1
13906,ENSG00000185825,BCAP31
13907,ENSG00000185829,ARL17A
13908,ENSG00000185838,GNB1L
13909,ENSG00000185842,DNAH14
13910,ENSG00000185860,CCDC190
13911,ENSG00000185863,TMEM210
13912,ENSG00000185869,ZNF829
13913,ENSG00000185873,TMPRSS11B
13914,ENSG00000185875,THNSL1
13915,ENSG00000185880,TRIM69
13916,ENSG00000185883,ATP6V0C
13917,ENSG00000185885,IFITM1
13918,ENSG00000185888,PRSS38
13919,ENSG00000185896,LAMP1
13920,ENSG00000185897,FFAR3
13921,ENSG00000185899,TAS2R60
13922,ENSG00000185900,POMK
13923,ENSG00000185904,LINC00839
13924,ENSG00000185905,C16orf54
13925,ENSG00000185909,KLHDC8B
13926,ENSG00000185915,KLHL34
13927,ENSG00000185917,SETD4
13928,ENSG00000185920,PTCH1
13929,ENSG00000185924,RTN4RL1
13930,ENSG00000185933,CALHM1
13931,ENSG00000185942,NKAIN3
13932,ENSG00000185946,RNPC3
13933,ENSG00000185947,ZNF267
13934,ENSG00000185950,IRS2
13935,ENSG00000185958,FAM186A
13936,ENSG00000185960,SHOX
13937,ENSG00000185962,LCE3A
13938,ENSG00000185963,BICD2
13939,ENSG00000185972,CCIN
13940,ENSG00000185973,TMLHE
13941,ENSG00000185985,SLITRK2
13942,ENSG00000185988,PLK5
13943,ENSG00000186001,LRCH3
13944,ENSG00000186007,LEMD1
13945,ENSG00000186009,ATP4B
13946,ENSG00000186010,NDUFA13
13947,ENSG00000186017,ZNF566
13948,ENSG00000186020,ZNF529
13949,ENSG00000186026,ZNF284
13950,ENSG00000186038,HTR3E
13951,ENSG00000186047,DLEU7
13952,ENSG00000186049,KRT73
13953,ENSG00000186051,TAL2
13954,ENSG00000186056,MATN1-AS1
13955,ENSG00000186063,AIDA
13956,ENSG00000186074,CD300LF
13957,ENSG00000186075,ZPBP2
13958,ENSG00000186081,KRT5
13959,ENSG00000186088,GSAP
13960,ENSG00000186090,HTR3D
13961,ENSG00000186094,AGBL4
13962,ENSG00000186104,CYP2R1
13963,ENSG00000186105,LRRC70
13964,ENSG00000186106,ANKRD46
13965,ENSG00000186111,PIP5K1C
13966,ENSG00000186115,CYP4F2
13967,ENSG00000186118,TEX38
13968,ENSG00000186130,ZBTB6
13969,ENSG00000186132,C2orf76
13970,ENSG00000186141,POLR3C
13971,ENSG00000186150,UBL4B
13972,ENSG00000186153,WWOX
13973,ENSG00000186160,CYP4Z1
13974,ENSG00000186174,BCL9L
13975,ENSG00000186184,POLR1D
13976,ENSG00000186185,KIF18B
13977,ENSG00000186187,ZNRF1
13978,ENSG00000186188,FFAR4
13979,ENSG00000186191,BPIFB4
13980,ENSG00000186193,SAPCD2
13981,ENSG00000186197,EDARADD
13982,ENSG00000186198,SLC51B
13983,ENSG00000186204,CYP4F12
13984,ENSG00000186207,LCE5A
13985,ENSG00000186212,SOWAHB
13986,ENSG00000186222,BLOC1S4
13987,ENSG00000186226,LCE1E
13988,ENSG00000186230,ZNF749
13989,ENSG00000186231,KLHL32
13990,ENSG00000186265,BTLA
13991,ENSG00000186272,ZNF17
13992,ENSG00000186280,KDM4D
13993,ENSG00000186281,GPAT2
13994,ENSG00000186283,TOR3A
13995,ENSG00000186288,PABPC1L2A
13996,ENSG00000186297,GABRA5
13997,ENSG00000186298,PPP1CC
13998,ENSG00000186300,ZNF555
13999,ENSG00000186310,NAP1L3
14000,ENSG00000186314,PRELID2
14001,ENSG00000186318,BACE1
14002,ENSG00000186326,RGS9BP
14003,ENSG00000186329,TMEM212
14004,ENSG00000186334,SLC36A3
14005,ENSG00000186335,SLC36A2
14006,ENSG00000186340,THBS2
14007,ENSG00000186350,RXRA
14008,ENSG00000186352,ANKRD37
14009,ENSG00000186364,NUDT17
14010,ENSG00000186376,ZNF75D
14011,ENSG00000186377,CYP4X1
14012,ENSG00000186393,KRT26
14013,ENSG00000186395,KRT10
14014,ENSG00000186399,GOLGA8R
14015,ENSG00000186407,CD300E
14016,ENSG00000186409,CCDC30
14017,ENSG00000186416,NKRF
14018,ENSG00000186417,GLDN
14019,ENSG00000186432,KPNA4
14020,ENSG00000186439,TRDN
14021,ENSG00000186442,KRT3
14022,ENSG00000186448,ZNF197
14023,ENSG00000186451,SPATA12
14024,ENSG00000186452,TMPRSS12
14025,ENSG00000186453,FAM228A
14026,ENSG00000186458,DEFB132
14027,ENSG00000186462,NAP1L2
14028,ENSG00000186468,RPS23
14029,ENSG00000186469,GNG2
14030,ENSG00000186470,BTN3A2
14031,ENSG00000186471,AKAP14
14032,ENSG00000186472,PCLO
14033,ENSG00000186474,KLK12
14034,ENSG00000186479,RGS7BP
14035,ENSG00000186480,INSIG1
14036,ENSG00000186487,MYT1L
14037,ENSG00000186496,ZNF396
14038,ENSG00000186501,TMEM222
14039,ENSG00000186509,OR9Q1
14040,ENSG00000186510,CLCNKA
14041,ENSG00000186517,ARHGAP30
14042,ENSG00000186526,CYP4F8
14043,ENSG00000186529,CYP4F3
14044,ENSG00000186532,SMYD4
14045,ENSG00000186564,FOXD2
14046,ENSG00000186566,GPATCH8
14047,ENSG00000186567,CEACAM19
14048,ENSG00000186575,NF2
14049,ENSG00000186583,SPATC1
14050,ENSG00000186591,UBE2H
14051,ENSG00000186603,HPDL
14052,ENSG00000186615,KTN1-AS1
14053,ENSG00000186625,KATNA1
14054,ENSG00000186628,FSD2
14055,ENSG00000186635,ARAP1
14056,ENSG00000186638,KIF24
14057,ENSG00000186642,PDE2A
14058,ENSG00000186652,PRG2
14059,ENSG00000186654,PRR5
14060,ENSG00000186660,ZFP91
14061,ENSG00000186665,C17orf58
14062,ENSG00000186666,BCDIN3D
14063,ENSG00000186675,MAGEE2
14064,ENSG00000186684,CYP27C1
14065,ENSG00000186687,LYRM7
14066,ENSG00000186710,CFAP73
14067,ENSG00000186714,CCDC73
14068,ENSG00000186716,BCR
14069,ENSG00000186723,OR10H1
14070,ENSG00000186732,MPPED1
14071,ENSG00000186765,FSCN2
14072,ENSG00000186766,FOXI2
14073,ENSG00000186767,SPIN4
14074,ENSG00000186777,ZNF732
14075,ENSG00000186787,SPIN2B
14076,ENSG00000186788,SPATA31D3
14077,ENSG00000186790,FOXE3
14078,ENSG00000186792,HYAL3
14079,ENSG00000186806,VSIG10L
14080,ENSG00000186810,CXCR3
14081,ENSG00000186812,ZNF397
14082,ENSG00000186814,ZSCAN30
14083,ENSG00000186815,TPCN1
14084,ENSG00000186827,TNFRSF4
14085,ENSG00000186832,KRT16
14086,ENSG00000186834,HEXIM1
14087,ENSG00000186844,LCE1A
14088,ENSG00000186847,KRT14
14089,ENSG00000186854,TRABD2A
14090,ENSG00000186862,PDZD7
14091,ENSG00000186866,POFUT2
14092,ENSG00000186867,QRFPR
14093,ENSG00000186871,ERCC6L
14094,ENSG00000186889,TMEM17
14095,ENSG00000186891,TNFRSF18
14096,ENSG00000186895,FGF3
14097,ENSG00000186897,C1QL4
14098,ENSG00000186907,RTN4RL2
14099,ENSG00000186908,ZDHHC17
14100,ENSG00000186910,SERPINA11
14101,ENSG00000186912,P2RY4
14102,ENSG00000186918,ZNF395
14103,ENSG00000186919,ZACN
14104,ENSG00000186951,PPARA
14105,ENSG00000186952,TMEM232
14106,ENSG00000186960,LINC01551
14107,ENSG00000186967,KRTAP19-4
14108,ENSG00000186971,KRTAP13-4
14109,ENSG00000186976,EFCAB6
14110,ENSG00000186977,KRTAP19-5
14111,ENSG00000186994,KANK3
14112,ENSG00000186998,EMID1
14113,ENSG00000187005,KRTAP21-1
14114,ENSG00000187010,RHD
14115,ENSG00000187017,ESPN
14116,ENSG00000187021,PNLIPRP1
14117,ENSG00000187024,PTRH1
14118,ENSG00000187033,SAMD7
14119,ENSG00000187037,GPR141
14120,ENSG00000187045,TMPRSS6
14121,ENSG00000187048,CYP4A11
14122,ENSG00000187049,TMEM216
14123,ENSG00000187051,RPS19BP1
14124,ENSG00000187054,TMPRSS11A
14125,ENSG00000187068,C3orf70
14126,ENSG00000187079,TEAD1
14127,ENSG00000187080,OR2AK2
14128,ENSG00000187091,PLCD1
14129,ENSG00000187094,CCK
14130,ENSG00000187097,ENTPD5
14131,ENSG00000187098,MITF
14132,ENSG00000187105,HEATR4
14133,ENSG00000187109,NAP1L1
14134,ENSG00000187118,CMC1
14135,ENSG00000187122,SLIT1
14136,ENSG00000187123,LYPD6
14137,ENSG00000187134,AKR1C1
14138,ENSG00000187135,VSTM2B
14139,ENSG00000187140,FOXD3
14140,ENSG00000187144,SPATA21
14141,ENSG00000187147,RNF220
14142,ENSG00000187151,ANGPTL5
14143,ENSG00000187164,SHTN1
14144,ENSG00000187187,ZNF546
14145,ENSG00000187189,TSPYL4
14146,ENSG00000187193,MT1X
14147,ENSG00000187210,GCNT1
14148,ENSG00000187231,SESTD1
14149,ENSG00000187239,FNBP1
14150,ENSG00000187240,DYNC2H1
14151,ENSG00000187243,MAGED4B
14152,ENSG00000187244,BCAM
14153,ENSG00000187257,RSBN1L
14154,ENSG00000187258,NPSR1
14155,ENSG00000187260,WDR86
14156,ENSG00000187266,EPOR
14157,ENSG00000187268,FAM9C
14158,ENSG00000187288,CIDEC
14159,ENSG00000187323,DCC
14160,ENSG00000187325,TAF9B
14161,ENSG00000187372,PCDHB13
14162,ENSG00000187391,MAGI2
14163,ENSG00000187398,LUZP2
14164,ENSG00000187416,LHFPL3
14165,ENSG00000187446,CHP1
14166,ENSG00000187474,FPR3
14167,ENSG00000187479,C11orf96
14168,ENSG00000187486,KCNJ11
14169,ENSG00000187492,CDHR4
14170,ENSG00000187498,COL4A1
14171,ENSG00000187510,PLEKHG7
14172,ENSG00000187513,GJA4
14173,ENSG00000187514,PTMA
14174,ENSG00000187522,HSPA14
14175,ENSG00000187527,ATP13A5
14176,ENSG00000187531,SIRT7
14177,ENSG00000187533,PRR27
14178,ENSG00000187535,IFT140
14179,ENSG00000187537,POTEG
14180,ENSG00000187546,AGMO
14181,ENSG00000187553,CYP26C1
14182,ENSG00000187554,TLR5
14183,ENSG00000187555,USP7
14184,ENSG00000187559,FOXD4L3
14185,ENSG00000187566,NHLRC1
14186,ENSG00000187569,DPPA3
14187,ENSG00000187581,COX8C
14188,ENSG00000187583,PLEKHN1
14189,ENSG00000187595,ZNF385C
14190,ENSG00000187601,MAGEH1
14191,ENSG00000187605,TET3
14192,ENSG00000187607,ZNF286A
14193,ENSG00000187608,ISG15
14194,ENSG00000187609,EXD3
14195,ENSG00000187626,ZKSCAN4
14196,ENSG00000187627,RGPD1
14197,ENSG00000187634,SAMD11
14198,ENSG00000187642,PERM1
14199,ENSG00000187658,C5orf52
14200,ENSG00000187664,HAPLN4
14201,ENSG00000187672,ERC2
14202,ENSG00000187676,B3GLCT
14203,ENSG00000187678,SPRY4
14204,ENSG00000187682,ERAS
14205,ENSG00000187688,TRPV2
14206,ENSG00000187689,AMTN
14207,ENSG00000187713,TMEM203
14208,ENSG00000187714,SLC18A3
14209,ENSG00000187715,KBTBD12
14210,ENSG00000187720,THSD4
14211,ENSG00000187726,DNAJB13
14212,ENSG00000187730,GABRD
14213,ENSG00000187733,AMY1C
14214,ENSG00000187735,TCEA1
14215,ENSG00000187736,NHEJ1
14216,ENSG00000187741,FANCA
14217,ENSG00000187742,SECISBP2
14218,ENSG00000187753,C9orf153
14219,ENSG00000187758,ADH1A
14220,ENSG00000187764,SEMA4D
14221,ENSG00000187772,LIN28B
14222,ENSG00000187775,DNAH17
14223,ENSG00000187778,MCRS1
14224,ENSG00000187783,TMEM72
14225,ENSG00000187790,FANCM
14226,ENSG00000187792,ZNF70
14227,ENSG00000187796,CARD9
14228,ENSG00000187800,PEAR1
14229,ENSG00000187801,ZFP69B
14230,ENSG00000187806,TMEM202
14231,ENSG00000187808,SOWAHD
14232,ENSG00000187815,ZFP69
14233,ENSG00000187821,HELT
14234,ENSG00000187824,TMEM220
14235,ENSG00000187833,C2orf78
14236,ENSG00000187840,EIF4EBP1
14237,ENSG00000187848,P2RX2
14238,ENSG00000187855,ASCL4
14239,ENSG00000187860,CCDC157
14240,ENSG00000187862,TTC24
14241,ENSG00000187867,PALM3
14242,ENSG00000187871,GFRAL
14243,ENSG00000187902,SHISA7
14244,ENSG00000187905,LRRC74B
14245,ENSG00000187908,DMBT1
14246,ENSG00000187912,CLEC17A
14247,ENSG00000187922,LCN10
14248,ENSG00000187942,LDLRAD2
14249,ENSG00000187944,C2orf66
14250,ENSG00000187950,OVCH1
14251,ENSG00000187955,COL14A1
14252,ENSG00000187957,DNER
14253,ENSG00000187959,CPSF4L
14254,ENSG00000187961,KLHL17
14255,ENSG00000187980,PLA2G2C
14256,ENSG00000187987,ZSCAN23
14257,ENSG00000187994,RINL
14258,ENSG00000187997,C17orf99
14259,ENSG00000188000,OR7D2
14260,ENSG00000188001,TPRG1
14261,ENSG00000188010,MORN2
14262,ENSG00000188011,RTP5
14263,ENSG00000188015,S100A3
14264,ENSG00000188021,UBQLN2
14265,ENSG00000188026,RILPL1
14266,ENSG00000188032,C19orf67
14267,ENSG00000188033,ZNF490
14268,ENSG00000188037,CLCN1
14269,ENSG00000188038,NRN1L
14270,ENSG00000188039,NWD1
14271,ENSG00000188042,ARL4C
14272,ENSG00000188050,RNF133
14273,ENSG00000188051,TMEM221
14274,ENSG00000188056,TREML4
14275,ENSG00000188060,RAB42
14276,ENSG00000188064,WNT7B
14277,ENSG00000188076,SCGB1C1
14278,ENSG00000188089,PLA2G4E
14279,ENSG00000188092,GPR89B
14280,ENSG00000188095,MESP2
14281,ENSG00000188100,FAM25A
14282,ENSG00000188107,EYS
14283,ENSG00000188112,C6orf132
14284,ENSG00000188130,MAPK12
14285,ENSG00000188133,TMEM215
14286,ENSG00000188152,NUTM2G
14287,ENSG00000188153,COL4A5
14288,ENSG00000188157,AGRN
14289,ENSG00000188158,NHS
14290,ENSG00000188162,OTOG
14291,ENSG00000188167,TMPPE
14292,ENSG00000188171,ZNF626
14293,ENSG00000188175,HEPACAM2
14294,ENSG00000188176,SMTNL2
14295,ENSG00000188177,ZC3H6
14296,ENSG00000188186,LAMTOR4
14297,ENSG00000188191,PRKAR1B
14298,ENSG00000188199,NUTM2B
14299,ENSG00000188211,NCR3LG1
14300,ENSG00000188215,DCUN1D3
14301,ENSG00000188219,POTEE
14302,ENSG00000188227,ZNF793
14303,ENSG00000188229,TUBB4B
14304,ENSG00000188234,AGAP4
14305,ENSG00000188243,COMMD6
14306,ENSG00000188257,PLA2G2A
14307,ENSG00000188263,IL17REL
14308,ENSG00000188266,HYKK
14309,ENSG00000188269,OR7A5
14310,ENSG00000188277,C15orf62
14311,ENSG00000188282,RUFY4
14312,ENSG00000188283,ZNF383
14313,ENSG00000188290,HES4
14314,ENSG00000188293,IGFL1
14315,ENSG00000188295,ZNF669
14316,ENSG00000188306,LRRIQ4
14317,ENSG00000188313,PLSCR1
14318,ENSG00000188315,C3orf62
14319,ENSG00000188316,ENO4
14320,ENSG00000188321,ZNF559
14321,ENSG00000188322,SBK1
14322,ENSG00000188338,SLC38A3
14323,ENSG00000188342,GTF2F2
14324,ENSG00000188352,FOCAD
14325,ENSG00000188368,PRR19
14326,ENSG00000188372,ZP3
14327,ENSG00000188385,JAKMIP3
14328,ENSG00000188386,PPP3R2
14329,ENSG00000188389,PDCD1
14330,ENSG00000188393,CLEC2A
14331,ENSG00000188394,GPR21
14332,ENSG00000188403,IGHV1OR15-9
14333,ENSG00000188404,SELL
14334,ENSG00000188408,MAGEB5
14335,ENSG00000188419,CHM
14336,ENSG00000188425,NANOS2
14337,ENSG00000188428,BLOC1S5
14338,ENSG00000188452,CERKL
14339,ENSG00000188467,SLC24A5
14340,ENSG00000188483,IER5L
14341,ENSG00000188487,INSC
14342,ENSG00000188488,SERPINA5
14343,ENSG00000188501,LCTL
14344,ENSG00000188505,NCCRP1
14345,ENSG00000188508,KRTDAP
14346,ENSG00000188517,COL25A1
14347,ENSG00000188522,FAM83G
14348,ENSG00000188523,CFAP77
14349,ENSG00000188529,SRSF10
14350,ENSG00000188536,HBA2
14351,ENSG00000188542,DUSP28
14352,ENSG00000188554,NBR1
14353,ENSG00000188559,RALGAPA2
14354,ENSG00000188566,NDOR1
14355,ENSG00000188573,FBLL1
14356,ENSG00000188580,NKAIN2
14357,ENSG00000188582,PAQR9
14358,ENSG00000188596,CFAP54
14359,ENSG00000188603,CLN3
14360,ENSG00000188610,FAM72B
14361,ENSG00000188611,ASAH2
14362,ENSG00000188612,SUMO2
14363,ENSG00000188613,NANOS1
14364,ENSG00000188620,HMX3
14365,ENSG00000188624,IGFL3
14366,ENSG00000188626,GOLGA8M
14367,ENSG00000188629,ZNF177
14368,ENSG00000188641,DPYD
14369,ENSG00000188643,S100A16
14370,ENSG00000188647,PTAR1
14371,ENSG00000188649,CC2D2B
14372,ENSG00000188655,RNASE9
14373,ENSG00000188659,SAXO2
14374,ENSG00000188660,CH507-42P11.6
14375,ENSG00000188672,RHCE
14376,ENSG00000188674,C2orf80
14377,ENSG00000188676,IDO2
14378,ENSG00000188677,PARVB
14379,ENSG00000188687,SLC4A5
14380,ENSG00000188690,UROS
14381,ENSG00000188691,OR56A5
14382,ENSG00000188693,CYP51A1-AS1
14383,ENSG00000188706,ZDHHC9
14384,ENSG00000188710,QRFP
14385,ENSG00000188725,SMIM15
14386,ENSG00000188729,OSTN
14387,ENSG00000188730,VWC2
14388,ENSG00000188732,FAM221A
14389,ENSG00000188735,TMEM120B
14390,ENSG00000188738,FSIP2
14391,ENSG00000188739,RBM34
14392,ENSG00000188747,NOXA1
14393,ENSG00000188760,TMEM198
14394,ENSG00000188761,BCL2L15
14395,ENSG00000188763,FZD9
14396,ENSG00000188766,SPRED3
14397,ENSG00000188770,OPTC
14398,ENSG00000188778,ADRB3
14399,ENSG00000188779,SKOR1
14400,ENSG00000188782,CATSPER4
14401,ENSG00000188783,PRELP
14402,ENSG00000188785,ZNF548
14403,ENSG00000188786,MTF1
14404,ENSG00000188800,TMCO2
14405,ENSG00000188803,SHISA6
14406,ENSG00000188807,TMEM201
14407,ENSG00000188811,NHLRC3
14408,ENSG00000188816,HMX2
14409,ENSG00000188817,SNTN
14410,ENSG00000188818,ZDHHC11
14411,ENSG00000188822,CNR2
14412,ENSG00000188827,SLX4
14413,ENSG00000188833,ENTPD8
14414,ENSG00000188846,RPL14
14415,ENSG00000188848,BEND4
14416,ENSG00000188859,FAM78B
14417,ENSG00000188868,ZNF563
14418,ENSG00000188869,TMC3
14419,ENSG00000188878,FBF1
14420,ENSG00000188883,KLRG2
14421,ENSG00000188886,ASTL
14422,ENSG00000188895,MSL1
14423,ENSG00000188906,LRRK2
14424,ENSG00000188910,GJB3
14425,ENSG00000188917,TRMT2B
14426,ENSG00000188921,HACD4
14427,ENSG00000188931,CFAP126
14428,ENSG00000188937,NYX
14429,ENSG00000188938,FAM120AOS
14430,ENSG00000188958,UTS2B
14431,ENSG00000188959,C9orf152
14432,ENSG00000188976,NOC2L
14433,ENSG00000188981,MSANTD1
14434,ENSG00000188984,AADACL3
14435,ENSG00000188986,NELFB
14436,ENSG00000188991,SLC15A5
14437,ENSG00000188992,LIPI
14438,ENSG00000188993,LRRC66
14439,ENSG00000188994,ZNF292
14440,ENSG00000188996,HUS1B
14441,ENSG00000188997,KCTD21
14442,ENSG00000189001,SBSN
14443,ENSG00000189007,ADAT2
14444,ENSG00000189023,MAGEB16
14445,ENSG00000189030,VHLL
14446,ENSG00000189037,DUSP21
14447,ENSG00000189042,ZNF567
14448,ENSG00000189045,ANKDD1B
14449,ENSG00000189046,ALKBH2
14450,ENSG00000189050,RNFT1
14451,ENSG00000189051,RNF222
14452,ENSG00000189052,CGB5
14453,ENSG00000189056,RELN
14454,ENSG00000189057,FAM111B
14455,ENSG00000189058,APOD
14456,ENSG00000189064,GAGE2A
14457,ENSG00000189067,LITAF
14458,ENSG00000189068,VSTM1
14459,ENSG00000189077,TMEM120A
14460,ENSG00000189079,ARID2
14461,ENSG00000189090,FAM25G
14462,ENSG00000189091,SF3B3
14463,ENSG00000189099,PRSS48
14464,ENSG00000189108,IL1RAPL2
14465,ENSG00000189114,BLOC1S3
14466,ENSG00000189120,SP6
14467,ENSG00000189127,ANKRD34B
14468,ENSG00000189129,PLAC9
14469,ENSG00000189134,NKAPL
14470,ENSG00000189139,FSCB
14471,ENSG00000189143,CLDN4
14472,ENSG00000189152,GRAPL
14473,ENSG00000189157,FAM47E
14474,ENSG00000189164,ZNF527
14475,ENSG00000189167,ZAR1L
14476,ENSG00000189171,S100A13
14477,ENSG00000189180,ZNF33A
14478,ENSG00000189181,OR14I1
14479,ENSG00000189182,KRT77
14480,ENSG00000189184,PCDH18
14481,ENSG00000189190,ZNF600
14482,ENSG00000189195,BTBD8
14483,ENSG00000189196,LINC00994
14484,ENSG00000189221,MAOA
14485,ENSG00000189227,C15orf61
14486,ENSG00000189233,NUGGC
14487,ENSG00000189238,LINC00943
14488,ENSG00000189241,TSPYL1
14489,ENSG00000189252,SPANXN3
14490,ENSG00000189266,PNRC2
14491,ENSG00000189269,DRICH1
14492,ENSG00000189280,GJB5
14493,ENSG00000189283,FHIT
14494,ENSG00000189298,ZKSCAN3
14495,ENSG00000189299,FOXR2
14496,ENSG00000189306,RRP7A
14497,ENSG00000189308,LIN54
14498,ENSG00000189319,FAM53B
14499,ENSG00000189320,FAM180A
14500,ENSG00000189326,SPANXN4
14501,ENSG00000189334,S100A14
14502,ENSG00000189337,KAZN
14503,ENSG00000189339,SLC35E2B
14504,ENSG00000189362,NEMP2
14505,ENSG00000189367,KIAA0408
14506,ENSG00000189369,GSPT2
14507,ENSG00000189376,C8orf76
14508,ENSG00000189377,CXCL17
14509,ENSG00000189401,OTUD6A
14510,ENSG00000189403,HMGB1
14511,ENSG00000189409,MMP23B
14512,ENSG00000189410,SH2D5
14513,ENSG00000189420,ZFP92
14514,ENSG00000189431,RASSF10
14515,ENSG00000189433,GJB4
14516,ENSG00000196071,OR2L13
14517,ENSG00000196072,BLOC1S2
14518,ENSG00000196074,SYCP2
14519,ENSG00000196083,IL1RAP
14520,ENSG00000196090,PTPRT
14521,ENSG00000196091,MYBPC1
14522,ENSG00000196092,PAX5
14523,ENSG00000196104,SPOCK3
14524,ENSG00000196110,ZNF699
14525,ENSG00000196116,TDRD7
14526,ENSG00000196119,OR8A1
14527,ENSG00000196131,VN1R2
14528,ENSG00000196136,SERPINA3
14529,ENSG00000196139,AKR1C3
14530,ENSG00000196141,SPATS2L
14531,ENSG00000196150,ZNF250
14532,ENSG00000196151,WDSUB1
14533,ENSG00000196152,ZNF79
14534,ENSG00000196154,S100A4
14535,ENSG00000196155,PLEKHG4
14536,ENSG00000196156,KRTAP4-3
14537,ENSG00000196159,FAT4
14538,ENSG00000196167,COLCA1
14539,ENSG00000196169,KIF19
14540,ENSG00000196171,OR6K2
14541,ENSG00000196172,ZNF681
14542,ENSG00000196177,ACADSB
14543,ENSG00000196182,STK40
14544,ENSG00000196187,TMEM63A
14545,ENSG00000196188,CTSE
14546,ENSG00000196189,SEMA4A
14547,ENSG00000196196,HRCT1
14548,ENSG00000196199,MPHOSPH8
14549,ENSG00000196208,GREB1
14550,ENSG00000196209,SIRPB2
14551,ENSG00000196214,ZNF766
14552,ENSG00000196218,RYR1
14553,ENSG00000196220,SRGAP3
14554,ENSG00000196227,FAM217B
14555,ENSG00000196233,LCOR
14556,ENSG00000196235,SUPT5H
14557,ENSG00000196236,XPNPEP3
14558,ENSG00000196242,OR2C3
14559,ENSG00000196243,LINC00615
14560,ENSG00000196247,ZNF107
14561,ENSG00000196260,SFTA2
14562,ENSG00000196262,PPIA
14563,ENSG00000196263,ZNF471
14564,ENSG00000196267,ZNF836
14565,ENSG00000196268,ZNF493
14566,ENSG00000196273,LINC00523
14567,ENSG00000196275,GTF2IRD2
14568,ENSG00000196277,GRM7
14569,ENSG00000196284,SUPT3H
14570,ENSG00000196290,NIF3L1
14571,ENSG00000196296,ATP2A1
14572,ENSG00000196313,POM121
14573,ENSG00000196323,ZBTB44
14574,ENSG00000196329,GIMAP5
14575,ENSG00000196335,STK31
14576,ENSG00000196337,CGB7
14577,ENSG00000196338,NLGN3
14578,ENSG00000196344,ADH7
14579,ENSG00000196345,ZKSCAN7
14580,ENSG00000196350,ZNF729
14581,ENSG00000196352,CD55
14582,ENSG00000196353,CPNE4
14583,ENSG00000196357,ZNF565
14584,ENSG00000196358,NTNG2
14585,ENSG00000196361,ELAVL3
14586,ENSG00000196363,WDR5
14587,ENSG00000196365,LONP1
14588,ENSG00000196366,C9orf163
14589,ENSG00000196367,TRRAP
14590,ENSG00000196368,NUDT11
14591,ENSG00000196369,SRGAP2B
14592,ENSG00000196371,FUT4
14593,ENSG00000196372,ASB13
14594,ENSG00000196376,SLC35F1
14595,ENSG00000196378,ZNF34
14596,ENSG00000196381,ZNF781
14597,ENSG00000196387,ZNF140
14598,ENSG00000196388,INCA1
14599,ENSG00000196391,ZNF774
14600,ENSG00000196396,PTPN1
14601,ENSG00000196405,EVL
14602,ENSG00000196406,SPANXD
14603,ENSG00000196407,THEM5
14604,ENSG00000196411,EPHB4
14605,ENSG00000196417,ZNF765
14606,ENSG00000196418,ZNF124
14607,ENSG00000196419,XRCC6
14608,ENSG00000196420,S100A5
14609,ENSG00000196422,PPP1R26
14610,ENSG00000196428,TSC22D2
14611,ENSG00000196431,CRYBA4
14612,ENSG00000196433,ASMT
14613,ENSG00000196436,NPIPB15
14614,ENSG00000196437,ZNF569
14615,ENSG00000196440,ARMCX4
14616,ENSG00000196449,YRDC
14617,ENSG00000196453,ZNF777
14618,ENSG00000196455,PIK3R4
14619,ENSG00000196456,ZNF775
14620,ENSG00000196458,ZNF605
14621,ENSG00000196459,TRAPPC2
14622,ENSG00000196460,RFX8
14623,ENSG00000196465,MYL6B
14624,ENSG00000196466,ZNF799
14625,ENSG00000196468,FGF16
14626,ENSG00000196470,SIAH1
14627,ENSG00000196476,C20orf96
14628,ENSG00000196482,ESRRG
14629,ENSG00000196497,IPO4
14630,ENSG00000196498,NCOR2
14631,ENSG00000196502,SULT1A1
14632,ENSG00000196503,ARL9
14633,ENSG00000196504,PRPF40A
14634,ENSG00000196505,GDAP2
14635,ENSG00000196507,TCEAL3
14636,ENSG00000196510,ANAPC7
14637,ENSG00000196511,TPK1
14638,ENSG00000196517,SLC6A9
14639,ENSG00000196526,AFAP1
14640,ENSG00000196531,NACA
14641,ENSG00000196535,MYO18A
14642,ENSG00000196542,SPTSSB
14643,ENSG00000196544,BORCS6
14644,ENSG00000196547,MAN2A2
14645,ENSG00000196549,MME
14646,ENSG00000196550,FAM72A
14647,ENSG00000196557,CACNA1H
14648,ENSG00000196562,SULF2
14649,ENSG00000196565,HBG2
14650,ENSG00000196569,LAMA2
14651,ENSG00000196570,PFN3
14652,ENSG00000196576,PLXNB2
14653,ENSG00000196581,AJAP1
14654,ENSG00000196584,XRCC2
14655,ENSG00000196586,MYO6
14656,ENSG00000196591,HDAC2
14657,ENSG00000196597,ZNF782
14658,ENSG00000196600,SLC22A25
14659,ENSG00000196604,POTEF
14660,ENSG00000196605,ZNF846
14661,ENSG00000196611,MMP1
14662,ENSG00000196616,ADH1B
14663,ENSG00000196628,TCF4
14664,ENSG00000196632,WNK3
14665,ENSG00000196634,LUADT1
14666,ENSG00000196636,SDHAF3
14667,ENSG00000196639,HRH1
14668,ENSG00000196642,RABL6
14669,ENSG00000196646,ZNF136
14670,ENSG00000196652,ZKSCAN5
14671,ENSG00000196653,ZNF502
14672,ENSG00000196655,TRAPPC4
14673,ENSG00000196660,SLC30A10
14674,ENSG00000196663,TECPR2
14675,ENSG00000196664,TLR7
14676,ENSG00000196666,FAM180B
14677,ENSG00000196670,ZFP62
14678,ENSG00000196678,ERI2
14679,ENSG00000196683,TOMM7
14680,ENSG00000196684,HSH2D
14681,ENSG00000196689,TRPV1
14682,ENSG00000196693,ZNF33B
14683,ENSG00000196700,ZNF512B
14684,ENSG00000196704,AMZ2
14685,ENSG00000196705,ZNF431
14686,ENSG00000196712,NF1
14687,ENSG00000196715,VKORC1L1
14688,ENSG00000196724,ZNF418
14689,ENSG00000196730,DAPK1
14690,ENSG00000196734,LCE1B
14691,ENSG00000196735,HLA-DQA1
14692,ENSG00000196739,COL27A1
14693,ENSG00000196743,GM2A
14694,ENSG00000196748,CLPSL2
14695,ENSG00000196754,S100A2
14696,ENSG00000196757,ZNF700
14697,ENSG00000196767,POU3F4
14698,ENSG00000196776,CD47
14699,ENSG00000196778,OR52K1
14700,ENSG00000196781,TLE1
14701,ENSG00000196782,MAML3
14702,ENSG00000196792,STRN3
14703,ENSG00000196793,ZNF239
14704,ENSG00000196800,SPINK14
14705,ENSG00000196805,SPRR2B
14706,ENSG00000196811,CHRNG
14707,ENSG00000196812,ZSCAN16
14708,ENSG00000196814,MVB12B
14709,ENSG00000196834,POTEI
14710,ENSG00000196839,ADA
14711,ENSG00000196843,ARID5A
14712,ENSG00000196844,PATE2
14713,ENSG00000196850,PPTC7
14714,ENSG00000196859,KRT39
14715,ENSG00000196860,TOMM20L
14716,ENSG00000196862,RGPD4
14717,ENSG00000196865,NHLRC2
14718,ENSG00000196867,ZFP28
14719,ENSG00000196876,SCN8A
14720,ENSG00000196878,LAMB3
14721,ENSG00000196911,KPNA5
14722,ENSG00000196914,ARHGEF12
14723,ENSG00000196917,HCAR1
14724,ENSG00000196923,PDLIM7
14725,ENSG00000196924,FLNA
14726,ENSG00000196932,TMEM26
14727,ENSG00000196935,SRGAP1
14728,ENSG00000196937,FAM3C
14729,ENSG00000196943,NOP9
14730,ENSG00000196946,ZNF705A
14731,ENSG00000196950,SLC39A10
14732,ENSG00000196951,SCOC-AS1
14733,ENSG00000196954,CASP4
14734,ENSG00000196961,AP2A1
14735,ENSG00000196967,ZNF585A
14736,ENSG00000196972,SMIM10L2B
14737,ENSG00000196975,ANXA4
14738,ENSG00000196976,LAGE3
14739,ENSG00000196981,WDR5B
14740,ENSG00000196990,FAM163B
14741,ENSG00000196993,NPIPB9
14742,ENSG00000197008,ZNF138
14743,ENSG00000197013,ZNF429
14744,ENSG00000197016,ZNF470
14745,ENSG00000197019,SERTAD1
14746,ENSG00000197024,ZNF398
14747,ENSG00000197037,ZSCAN25
14748,ENSG00000197043,ANXA6
14749,ENSG00000197044,ZNF441
14750,ENSG00000197045,GMFB
14751,ENSG00000197046,SIGLEC15
14752,ENSG00000197050,ZNF420
14753,ENSG00000197054,ZNF763
14754,ENSG00000197056,ZMYM1
14755,ENSG00000197057,DTHD1
14756,ENSG00000197062,ZSCAN26
14757,ENSG00000197063,MAFG
14758,ENSG00000197070,ARRDC1
14759,ENSG00000197077,KIAA1671
14760,ENSG00000197079,KRT35
14761,ENSG00000197081,IGF2R
14762,ENSG00000197084,LCE1C
14763,ENSG00000197093,GAL3ST4
14764,ENSG00000197102,DYNC1H1
14765,ENSG00000197106,SLC6A17
14766,ENSG00000197110,IFNL3
14767,ENSG00000197111,PCBP2
14768,ENSG00000197114,ZGPAT
14769,ENSG00000197119,SLC25A29
14770,ENSG00000197121,PGAP1
14771,ENSG00000197123,ZNF679
14772,ENSG00000197124,ZNF682
14773,ENSG00000197128,ZNF772
14774,ENSG00000197134,ZNF257
14775,ENSG00000197140,ADAM32
14776,ENSG00000197142,ACSL5
14777,ENSG00000197147,LRRC8B
14778,ENSG00000197150,ABCB8
14779,ENSG00000197157,SND1
14780,ENSG00000197162,ZNF785
14781,ENSG00000197165,SULT1A2
14782,ENSG00000197168,NEK5
14783,ENSG00000197170,PSMD12
14784,ENSG00000197172,MAGEA6
14785,ENSG00000197177,ADGRA1
14786,ENSG00000197181,PIWIL2
14787,ENSG00000197182,MIRLET7BHG
14788,ENSG00000197183,NOL4L
14789,ENSG00000197191,CYSRT1
14790,ENSG00000197208,SLC22A4
14791,ENSG00000197213,ZSCAN5B
14792,ENSG00000197217,ENTPD4
14793,ENSG00000197223,C1D
14794,ENSG00000197226,TBC1D9B
14795,ENSG00000197241,SLC2A7
14796,ENSG00000197245,FAM110D
14797,ENSG00000197251,LINC00336
14798,ENSG00000197253,TPSB2
14799,ENSG00000197256,KANK2
14800,ENSG00000197261,C6orf141
14801,ENSG00000197265,GTF2E2
14802,ENSG00000197272,IL27
14803,ENSG00000197273,GUCA2A
14804,ENSG00000197275,RAD54B
14805,ENSG00000197279,ZNF165
14806,ENSG00000197283,SYNGAP1
14807,ENSG00000197291,RAMP2-AS1
14808,ENSG00000197296,FITM2
14809,ENSG00000197299,BLM
14810,ENSG00000197308,GATA3-AS1
14811,ENSG00000197312,DDI2
14812,ENSG00000197321,SVIL
14813,ENSG00000197323,TRIM33
14814,ENSG00000197324,LRP10
14815,ENSG00000197329,PELI1
14816,ENSG00000197343,ZNF655
14817,ENSG00000197345,MRPL21
14818,ENSG00000197353,LYPD2
14819,ENSG00000197355,UAP1L1
14820,ENSG00000197360,ZNF98
14821,ENSG00000197361,FBXL22
14822,ENSG00000197362,ZNF786
14823,ENSG00000197363,ZNF517
14824,ENSG00000197372,ZNF675
14825,ENSG00000197375,SLC22A5
14826,ENSG00000197380,DACT3
14827,ENSG00000197381,ADARB1
14828,ENSG00000197385,ZNF860
14829,ENSG00000197386,HTT
14830,ENSG00000197405,C5AR1
14831,ENSG00000197406,DIO3
14832,ENSG00000197408,CYP2B6
14833,ENSG00000197410,DCHS2
14834,ENSG00000197415,VEPH1
14835,ENSG00000197416,FABP12
14836,ENSG00000197417,SHPK
14837,ENSG00000197429,IPP
14838,ENSG00000197430,OPALIN
14839,ENSG00000197437,OR13G1
14840,ENSG00000197442,MAP3K5
14841,ENSG00000197444,OGDHL
14842,ENSG00000197446,CYP2F1
14843,ENSG00000197448,GSTK1
14844,ENSG00000197451,HNRNPAB
14845,ENSG00000197457,STMN3
14846,ENSG00000197461,PDGFA
14847,ENSG00000197465,GYPE
14848,ENSG00000197467,COL13A1
14849,ENSG00000197471,SPN
14850,ENSG00000197472,ZNF695
14851,ENSG00000197483,ZNF628
14852,ENSG00000197487,GALP
14853,ENSG00000197496,SLC2A10
14854,ENSG00000197497,ZNF665
14855,ENSG00000197498,RPF2
14856,ENSG00000197503,LINC00477
14857,ENSG00000197506,SLC28A3
14858,ENSG00000197520,FAM177B
14859,ENSG00000197530,MIB2
14860,ENSG00000197535,MYO5A
14861,ENSG00000197540,GZMM
14862,ENSG00000197548,ATG7
14863,ENSG00000197555,SIPA1L1
14864,ENSG00000197562,RAB40C
14865,ENSG00000197563,PIGN
14866,ENSG00000197565,COL4A6
14867,ENSG00000197566,ZNF624
14868,ENSG00000197576,HOXA4
14869,ENSG00000197579,TOPORS
14870,ENSG00000197580,BCO2
14871,ENSG00000197584,KCNMB2
14872,ENSG00000197586,ENTPD6
14873,ENSG00000197587,DMBX1
14874,ENSG00000197594,ENPP1
14875,ENSG00000197595,ATP11AUN
14876,ENSG00000197599,CCDC154
14877,ENSG00000197601,FAR1
14878,ENSG00000197608,ZNF841
14879,ENSG00000197614,MFAP5
14880,ENSG00000197616,MYH6
14881,ENSG00000197619,ZNF615
14882,ENSG00000197622,CDC42SE1
14883,ENSG00000197629,MPEG1
14884,ENSG00000197632,SERPINB2
14885,ENSG00000197635,DPP4
14886,ENSG00000197641,SERPINB13
14887,ENSG00000197646,PDCD1LG2
14888,ENSG00000197647,ZNF433
14889,ENSG00000197651,CCER1
14890,ENSG00000197694,SPTAN1
14891,ENSG00000197696,NMB
14892,ENSG00000197702,PARVA
14893,ENSG00000197705,KLHL14
14894,ENSG00000197712,FAM114A1
14895,ENSG00000197713,RPE
14896,ENSG00000197714,ZNF460
14897,ENSG00000197721,CR1L
14898,ENSG00000197724,PHF2
14899,ENSG00000197728,RPS26
14900,ENSG00000197745,SCGB1D4
14901,ENSG00000197746,PSAP
14902,ENSG00000197747,S100A10
14903,ENSG00000197748,CFAP43
14904,ENSG00000197753,LHFPL5
14905,ENSG00000197756,RPL37A
14906,ENSG00000197757,HOXC6
14907,ENSG00000197763,TXNRD3
14908,ENSG00000197766,CFD
14909,ENSG00000197769,MAP1LC3C
14910,ENSG00000197771,MCMBP
14911,ENSG00000197774,EME2
14912,ENSG00000197776,KLHDC1
14913,ENSG00000197779,ZNF81
14914,ENSG00000197780,TAF13
14915,ENSG00000197785,ATAD3A
14916,ENSG00000197798,FAM118B
14917,ENSG00000197808,ZNF461
14918,ENSG00000197816,CCDC180
14919,ENSG00000197818,SLC9A8
14920,ENSG00000197822,OCLN
14921,ENSG00000197838,CYP2A13
14922,ENSG00000197841,ZNF181
14923,ENSG00000197849,OR8G1
14924,ENSG00000197857,ZNF44
14925,ENSG00000197858,GPAA1
14926,ENSG00000197859,ADAMTSL2
14927,ENSG00000197860,SGTB
14928,ENSG00000197863,ZNF790
14929,ENSG00000197870,PRB3
14930,ENSG00000197879,MYO1C
14931,ENSG00000197880,MDS2
14932,ENSG00000197885,NKIRAS1
14933,ENSG00000197888,UGT2B17
14934,ENSG00000197889,MEIG1
14935,ENSG00000197892,KIF13B
14936,ENSG00000197893,NRAP
14937,ENSG00000197894,ADH5
14938,ENSG00000197901,SLC22A6
14939,ENSG00000197905,TEAD4
14940,ENSG00000197912,SPG7
14941,ENSG00000197915,HRNR
14942,ENSG00000197919,IFNA1
14943,ENSG00000197921,HES5
14944,ENSG00000197928,ZNF677
14945,ENSG00000197930,ERO1A
14946,ENSG00000197933,ZNF823
14947,ENSG00000197934,CYYR1-AS1
14948,ENSG00000197937,ZNF347
14949,ENSG00000197943,PLCG2
14950,ENSG00000197948,FCHSD1
14951,ENSG00000197951,ZNF71
14952,ENSG00000197953,AADACL2
14953,ENSG00000197956,S100A6
14954,ENSG00000197958,RPL12
14955,ENSG00000197959,DNM3
14956,ENSG00000197961,ZNF121
14957,ENSG00000197965,MPZL1
14958,ENSG00000197969,VPS13A
14959,ENSG00000197971,MBP
14960,ENSG00000197977,ELOVL2
14961,ENSG00000197978,GOLGA6L9
14962,ENSG00000197980,LEKR1
14963,ENSG00000197982,C1orf122
14964,ENSG00000197989,SNHG12
14965,ENSG00000197991,PCDH20
14966,ENSG00000197992,CLEC9A
14967,ENSG00000198001,IRAK4
14968,ENSG00000198010,DLGAP2
14969,ENSG00000198015,MRPL42
14970,ENSG00000198018,ENTPD7
14971,ENSG00000198026,ZNF335
14972,ENSG00000198028,ZNF560
14973,ENSG00000198033,TUBA3C
14974,ENSG00000198034,RPS4X
14975,ENSG00000198039,ZNF273
14976,ENSG00000198040,ZNF84
14977,ENSG00000198042,MAK16
14978,ENSG00000198046,ZNF667
14979,ENSG00000198049,AVPR1B
14980,ENSG00000198053,SIRPA
14981,ENSG00000198054,DSCR8
14982,ENSG00000198055,GRK6
14983,ENSG00000198056,PRIM1
14984,ENSG00000198062,POTEH
14985,ENSG00000198074,AKR1B10
14986,ENSG00000198075,SULT1C4
14987,ENSG00000198077,CYP2A7
14988,ENSG00000198081,ZBTB14
14989,ENSG00000198087,CD2AP
14990,ENSG00000198088,NUP62CL
14991,ENSG00000198089,SFI1
14992,ENSG00000198090,KRTAP4-6
14993,ENSG00000198092,TMPRSS11F
14994,ENSG00000198093,ZNF649
14995,ENSG00000198099,ADH4
14996,ENSG00000198105,ZNF248
14997,ENSG00000198108,CHSY3
14998,ENSG00000198113,TOR4A
14999,ENSG00000198121,LPAR1
15000,ENSG00000198125,MB
15001,ENSG00000198130,HIBCH
15002,ENSG00000198131,ZNF544
15003,ENSG00000198133,TMEM229B
15004,ENSG00000198142,SOWAHC
15005,ENSG00000198146,ZNF770
15006,ENSG00000198156,NPIPB6
15007,ENSG00000198157,HMGN5
15008,ENSG00000198160,MIER1
15009,ENSG00000198162,MAN1A2
15010,ENSG00000198168,SVIP
15011,ENSG00000198169,ZNF251
15012,ENSG00000198171,DDRGK1
15013,ENSG00000198173,FAM47C
15014,ENSG00000198176,TFDP1
15015,ENSG00000198178,CLEC4C
15016,ENSG00000198182,ZNF607
15017,ENSG00000198183,BPIFA1
15018,ENSG00000198185,ZNF334
15019,ENSG00000198189,HSD17B11
15020,ENSG00000198198,SZT2
15021,ENSG00000198203,SULT1C2
15022,ENSG00000198205,ZXDA
15023,ENSG00000198208,RPS6KL1
15024,ENSG00000198216,CACNA1E
15025,ENSG00000198218,QRICH1
15026,ENSG00000198221,LINC01558
15027,ENSG00000198225,FKBP1C
15028,ENSG00000198231,DDX42
15029,ENSG00000198242,RPL23A
15030,ENSG00000198246,SLC29A3
15031,ENSG00000198252,STYX
15032,ENSG00000198258,UBL5
15033,ENSG00000198265,HELZ
15034,ENSG00000198270,TMEM116
15035,ENSG00000198271,KRTAP4-5
15036,ENSG00000198276,UCKL1
15037,ENSG00000198283,OR5B21
15038,ENSG00000198286,CARD11
15039,ENSG00000198298,ZNF485
15040,ENSG00000198300,PEG3
15041,ENSG00000198301,SDAD1
15042,ENSG00000198315,ZKSCAN8
15043,ENSG00000198326,TMEM239
15044,ENSG00000198331,HYLS1
15045,ENSG00000198336,MYL4
15046,ENSG00000198342,ZNF442
15047,ENSG00000198346,ZNF813
15048,ENSG00000198353,HOXC4
15049,ENSG00000198355,PIM3
15050,ENSG00000198363,ASPH
15051,ENSG00000198369,SPRED2
15052,ENSG00000198373,WWP2
15053,ENSG00000198380,GFPT1
15054,ENSG00000198382,UVRAG
15055,ENSG00000198390,KRTAP13-1
15056,ENSG00000198393,ZNF26
15057,ENSG00000198398,TMEM207
15058,ENSG00000198399,ITSN2
15059,ENSG00000198400,NTRK1
15060,ENSG00000198417,MT1F
15061,ENSG00000198420,TCAF1
15062,ENSG00000198429,ZNF69
15063,ENSG00000198431,TXNRD1
15064,ENSG00000198435,NRARP
15065,ENSG00000198440,ZNF583
15066,ENSG00000198443,KRTAP4-1
15067,ENSG00000198445,CCT8L2
15068,ENSG00000198453,ZNF568
15069,ENSG00000198455,ZXDB
15070,ENSG00000198464,ZNF480
15071,ENSG00000198466,ZNF587
15072,ENSG00000198467,TPM2
15073,ENSG00000198471,RTP2
15074,ENSG00000198478,SH3BGRL2
15075,ENSG00000198482,ZNF808
15076,ENSG00000198483,ANKRD35
15077,ENSG00000198488,B3GNT6
15078,ENSG00000198492,YTHDF2
15079,ENSG00000198498,TMA16
15080,ENSG00000198502,HLA-DRB5
15081,ENSG00000198513,ATL1
15082,ENSG00000198515,CNGA1
15083,ENSG00000198517,MAFK
15084,ENSG00000198521,ZNF43
15085,ENSG00000198522,GPN1
15086,ENSG00000198523,PLN
15087,ENSG00000198535,C2CD4A
15088,ENSG00000198538,ZNF28
15089,ENSG00000198542,ITGBL1
15090,ENSG00000198546,ZNF511
15091,ENSG00000198547,C20orf203
15092,ENSG00000198551,ZNF627
15093,ENSG00000198553,KCNRG
15094,ENSG00000198554,WDHD1
15095,ENSG00000198556,ZNF789
15096,ENSG00000198561,CTNND1
15097,ENSG00000198569,SLC34A3
15098,ENSG00000198570,RD3
15099,ENSG00000198573,SPANXC
15100,ENSG00000198574,SH2D1B
15101,ENSG00000198576,ARC
15102,ENSG00000198585,NUDT16
15103,ENSG00000198586,TLK1
15104,ENSG00000198589,LRBA
15105,ENSG00000198597,ZNF536
15106,ENSG00000198598,MMP17
15107,ENSG00000198604,BAZ1A
15108,ENSG00000198610,AKR1C4
15109,ENSG00000198612,COPS8
15110,ENSG00000198624,CCDC69
15111,ENSG00000198625,MDM4
15112,ENSG00000198626,RYR2
15113,ENSG00000198633,ZNF534
15114,ENSG00000198642,KLHL9
15115,ENSG00000198643,FAM3D
15116,ENSG00000198646,NCOA6
15117,ENSG00000198648,STK39
15118,ENSG00000198650,TAT
15119,ENSG00000198663,C6orf89
15120,ENSG00000198668,CALM1
15121,ENSG00000198670,LPA
15122,ENSG00000198680,TUSC1
15123,ENSG00000198681,MAGEA1
15124,ENSG00000198682,PAPSS2
15125,ENSG00000198685,LINC01565
15126,ENSG00000198689,SLC9A6
15127,ENSG00000198690,FAN1
15128,ENSG00000198691,ABCA4
15129,ENSG00000198692,EIF1AY
15130,ENSG00000198695,MT-ND6
15131,ENSG00000198700,IPO9
15132,ENSG00000198707,CEP290
15133,ENSG00000198711,SSBP3-AS1
15134,ENSG00000198712,MT-CO2
15135,ENSG00000198715,GLMP
15136,ENSG00000198720,ANKRD13B
15137,ENSG00000198721,ECI2
15138,ENSG00000198722,UNC13B
15139,ENSG00000198727,MT-CYB
15140,ENSG00000198728,LDB1
15141,ENSG00000198729,PPP1R14C
15142,ENSG00000198730,CTR9
15143,ENSG00000198732,SMOC1
15144,ENSG00000198734,F5
15145,ENSG00000198736,MSRB1
15146,ENSG00000198739,LRRTM3
15147,ENSG00000198740,ZNF652
15148,ENSG00000198742,SMURF1
15149,ENSG00000198743,SLC5A3
15150,ENSG00000198746,GPATCH3
15151,ENSG00000198752,CDC42BPB
15152,ENSG00000198753,PLXNB3
15153,ENSG00000198754,OXCT2
15154,ENSG00000198755,RPL10A
15155,ENSG00000198756,COLGALT2
15156,ENSG00000198758,EPS8L3
15157,ENSG00000198759,EGFL6
15158,ENSG00000198763,MT-ND2
15159,ENSG00000198765,SYCP1
15160,ENSG00000198768,APCDD1L
15161,ENSG00000198771,RCSD1
15162,ENSG00000198774,RASSF9
15163,ENSG00000198780,FAM169A
15164,ENSG00000198783,ZNF830
15165,ENSG00000198785,GRIN3A
15166,ENSG00000198786,MT-ND5
15167,ENSG00000198791,CNOT7
15168,ENSG00000198792,TMEM184B
15169,ENSG00000198793,MTOR
15170,ENSG00000198794,SCAMP5
15171,ENSG00000198795,ZNF521
15172,ENSG00000198796,ALPK2
15173,ENSG00000198797,BRINP2
15174,ENSG00000198799,LRIG2
15175,ENSG00000198804,MT-CO1
15176,ENSG00000198805,PNP
15177,ENSG00000198807,PAX9
15178,ENSG00000198812,LRRC10
15179,ENSG00000198814,GK
15180,ENSG00000198815,FOXJ3
15181,ENSG00000198816,ZNF358
15182,ENSG00000198818,SFT2D1
15183,ENSG00000198821,CD247
15184,ENSG00000198822,GRM3
15185,ENSG00000198824,CHAMP1
15186,ENSG00000198825,INPP5F
15187,ENSG00000198826,ARHGAP11A
15188,ENSG00000198829,SUCNR1
15189,ENSG00000198830,HMGN2
15190,ENSG00000198833,UBE2J1
15191,ENSG00000198835,GJC2
15192,ENSG00000198836,OPA1
15193,ENSG00000198837,DENND4B
15194,ENSG00000198838,RYR3
15195,ENSG00000198839,ZNF277
15196,ENSG00000198840,MT-ND3
15197,ENSG00000198841,KTI12
15198,ENSG00000198844,ARHGEF15
15199,ENSG00000198846,TOX
15200,ENSG00000198848,CES1
15201,ENSG00000198851,CD3E
15202,ENSG00000198853,RUSC2
15203,ENSG00000198855,FICD
15204,ENSG00000198856,OSTC
15205,ENSG00000198858,R3HDM4
15206,ENSG00000198860,TSEN15
15207,ENSG00000198862,LTN1
15208,ENSG00000198863,RUNDC1
15209,ENSG00000198865,CCDC152
15210,ENSG00000198873,GRK5
15211,ENSG00000198874,TYW1
15212,ENSG00000198876,DCAF12
15213,ENSG00000198879,SFMBT2
15214,ENSG00000198881,ASB12
15215,ENSG00000198885,ITPRIPL1
15216,ENSG00000198886,MT-ND4
15217,ENSG00000198887,SMC5
15218,ENSG00000198888,MT-ND1
15219,ENSG00000198889,DCAF12L1
15220,ENSG00000198890,PRMT6
15221,ENSG00000198892,SHISA4
15222,ENSG00000198894,CIPC
15223,ENSG00000198898,CAPZA2
15224,ENSG00000198899,MT-ATP6
15225,ENSG00000198900,TOP1
15226,ENSG00000198901,PRC1
15227,ENSG00000198909,MAP3K3
15228,ENSG00000198910,L1CAM
15229,ENSG00000198911,SREBF2
15230,ENSG00000198912,C1orf174
15231,ENSG00000198914,POU3F3
15232,ENSG00000198915,RASGEF1A
15233,ENSG00000198918,RPL39
15234,ENSG00000198919,DZIP3
15235,ENSG00000198920,KIAA0753
15236,ENSG00000198924,DCLRE1A
15237,ENSG00000198925,ATG9A
15238,ENSG00000198929,NOS1AP
15239,ENSG00000198931,APRT
15240,ENSG00000198932,GPRASP1
15241,ENSG00000198933,TBKBP1
15242,ENSG00000198934,MAGEE1
15243,ENSG00000198937,CCDC167
15244,ENSG00000198938,MT-CO3
15245,ENSG00000198939,ZFP2
15246,ENSG00000198944,SOWAHA
15247,ENSG00000198945,L3MBTL3
15248,ENSG00000198947,DMD
15249,ENSG00000198948,MFAP3L
15250,ENSG00000198951,NAGA
15251,ENSG00000198952,SMG5
15252,ENSG00000198959,TGM2
15253,ENSG00000198960,ARMCX6
15254,ENSG00000198961,PJA2
15255,ENSG00000198963,RORB
15256,ENSG00000198964,SGMS1
15257,ENSG00000203326,ZNF525
15258,ENSG00000203356,LINC01562
15259,ENSG00000203485,INF2
15260,ENSG00000203506,RBMS3-AS2
15261,ENSG00000203645,LINC00501
15262,ENSG00000203650,LINC01285
15263,ENSG00000203663,OR2L2
15264,ENSG00000203667,COX20
15265,ENSG00000203668,CHML
15266,ENSG00000203697,CAPN8
15267,ENSG00000203705,TATDN3
15268,ENSG00000203710,CR1
15269,ENSG00000203721,LINC00862
15270,ENSG00000203722,RAET1G
15271,ENSG00000203724,C1orf53
15272,ENSG00000203727,SAMD5
15273,ENSG00000203730,TEDDM1
15274,ENSG00000203734,ECT2L
15275,ENSG00000203737,GPR52
15276,ENSG00000203747,FCGR3A
15277,ENSG00000203756,TMEM244
15278,ENSG00000203757,OR6K3
15279,ENSG00000203760,CENPW
15280,ENSG00000203772,SPRN
15281,ENSG00000203778,FAM229B
15282,ENSG00000203780,FANK1
15283,ENSG00000203783,PRR9
15284,ENSG00000203784,LELP1
15285,ENSG00000203785,SPRR2E
15286,ENSG00000203795,FAM24A
15287,ENSG00000203797,DDO
15288,ENSG00000203801,LINC00222
15289,ENSG00000203805,PLPP4
15290,ENSG00000203837,PNLIPRP3
15291,ENSG00000203857,HSD3B1
15292,ENSG00000203859,HSD3B2
15293,ENSG00000203867,RBM20
15294,ENSG00000203870,SMIM9
15295,ENSG00000203872,C6orf163
15296,ENSG00000203877,RIPPLY2
15297,ENSG00000203879,GDI1
15298,ENSG00000203883,SOX18
15299,ENSG00000203896,LIME1
15300,ENSG00000203897,SPATA42
15301,ENSG00000203907,OOEP
15302,ENSG00000203908,KHDC3L
15303,ENSG00000203909,DPPA5
15304,ENSG00000203923,SPANXN1
15305,ENSG00000203930,LINC00632
15306,ENSG00000203942,C10orf62
15307,ENSG00000203943,SAMD13
15308,ENSG00000203952,CCDC160
15309,ENSG00000203963,C1orf141
15310,ENSG00000203965,EFCAB7
15311,ENSG00000203972,GLYATL3
15312,ENSG00000203985,LDLRAD1
15313,ENSG00000203989,RHOXF2B
15314,ENSG00000203993,ARRDC1-AS1
15315,ENSG00000203995,ZYG11A
15316,ENSG00000203999,LINC01270
15317,ENSG00000204001,LCN8
15318,ENSG00000204006,C1orf185
15319,ENSG00000204010,IFIT1B
15320,ENSG00000204019,CT83
15321,ENSG00000204020,LIPN
15322,ENSG00000204021,LIPK
15323,ENSG00000204022,LIPJ
15324,ENSG00000204025,TRPC5OS
15325,ENSG00000204052,LRRC73
15326,ENSG00000204060,FOXO6
15327,ENSG00000204065,TCEAL5
15328,ENSG00000204070,SYS1
15329,ENSG00000204084,INPP5B
15330,ENSG00000204086,RPA4
15331,ENSG00000204091,TDRG1
15332,ENSG00000204103,MAFB
15333,ENSG00000204104,TRAF3IP1
15334,ENSG00000204116,CHIC1
15335,ENSG00000204120,GIGYF2
15336,ENSG00000204128,C2orf72
15337,ENSG00000204130,RUFY2
15338,ENSG00000204131,NHSL2
15339,ENSG00000204138,PHACTR4
15340,ENSG00000204140,CLPSL1
15341,ENSG00000204147,ASAH2B
15342,ENSG00000204149,AGAP6
15343,ENSG00000204152,TIMM23B
15344,ENSG00000204160,ZDHHC18
15345,ENSG00000204165,CXorf65
15346,ENSG00000204172,AGAP9
15347,ENSG00000204175,GPRIN2
15348,ENSG00000204176,SYT15
15349,ENSG00000204179,PTPN20
15350,ENSG00000204186,ZDBF2
15351,ENSG00000204193,TXNDC8
15352,ENSG00000204195,AWAT1
15353,ENSG00000204217,BMPR2
15354,ENSG00000204219,TCEA3
15355,ENSG00000204227,RING1
15356,ENSG00000204237,OXLD1
15357,ENSG00000204262,COL5A2
15358,ENSG00000204271,SPIN3
15359,ENSG00000204278,TMEM235
15360,ENSG00000204279,PAGE3
15361,ENSG00000204287,HLA-DRA
15362,ENSG00000204291,COL15A1
15363,ENSG00000204316,MRPL38
15364,ENSG00000204323,SMIM5
15365,ENSG00000204334,ERICH2
15366,ENSG00000204335,SP5
15367,ENSG00000204347,BTBD17
15368,ENSG00000204361,NXPE2
15369,ENSG00000204363,SPANXN5
15370,ENSG00000204370,SDHD
15371,ENSG00000204379,XAGE1A
15372,ENSG00000204381,LAYN
15373,ENSG00000204382,XAGE1B
15374,ENSG00000204397,CARD16
15375,ENSG00000204406,MBD5
15376,ENSG00000204414,CSHL1
15377,ENSG00000204449,TRIM49C
15378,ENSG00000204472,AIF1
15379,ENSG00000204514,ZNF814
15380,ENSG00000204518,AADACL4
15381,ENSG00000204519,ZNF551
15382,ENSG00000204524,ZNF805
15383,ENSG00000204525,HLA-C
15384,ENSG00000204538,PSORS1C2
15385,ENSG00000204544,MUC21
15386,ENSG00000204571,KRTAP5-11
15387,ENSG00000204572,KRTAP5-10
15388,ENSG00000204583,LRCOL1
15389,ENSG00000204588,LINC01123
15390,ENSG00000204592,HLA-E
15391,ENSG00000204595,DPRX
15392,ENSG00000204603,LINC01257
15393,ENSG00000204604,ZNF468
15394,ENSG00000204611,ZNF616
15395,ENSG00000204612,FOXB2
15396,ENSG00000204634,TBC1D8
15397,ENSG00000204640,NMS
15398,ENSG00000204653,ASPDH
15399,ENSG00000204659,CBY3
15400,ENSG00000204669,C9orf57
15401,ENSG00000204671,IL31
15402,ENSG00000204673,AKT1S1
15403,ENSG00000204681,GABBR1
15404,ENSG00000204706,MAMDC2-AS1
15405,ENSG00000204710,SPDYC
15406,ENSG00000204740,MALRD1
15407,ENSG00000204764,RANBP17
15408,ENSG00000204779,FOXD4L5
15409,ENSG00000204792,LINC01291
15410,ENSG00000204822,MRPL53
15411,ENSG00000204832,ST8SIA6-AS1
15412,ENSG00000204842,ATXN2
15413,ENSG00000204843,DCTN1
15414,ENSG00000204852,TCTN1
15415,ENSG00000204856,FAM216A
15416,ENSG00000204859,ZBTB48
15417,ENSG00000204866,IGFL2
15418,ENSG00000204869,IGFL4
15419,ENSG00000204880,KRTAP4-8
15420,ENSG00000204889,KRT40
15421,ENSG00000204897,KRT25
15422,ENSG00000204899,MZT1
15423,ENSG00000204909,SPINK9
15424,ENSG00000204920,ZNF155
15425,ENSG00000204922,UQCC3
15426,ENSG00000204923,FBXO48
15427,ENSG00000204930,FAM221B
15428,ENSG00000204934,ATP6V0E2-AS1
15429,ENSG00000204936,CD177
15430,ENSG00000204941,PSG5
15431,ENSG00000204946,ZNF783
15432,ENSG00000204947,ZNF425
15433,ENSG00000204949,FAM83A-AS1
15434,ENSG00000204950,LRRC10B
15435,ENSG00000204952,FBXO47
15436,ENSG00000204956,PCDHGA1
15437,ENSG00000204960,BLACE
15438,ENSG00000204962,PCDHA8
15439,ENSG00000204965,PCDHA5
15440,ENSG00000204970,PCDHA1
15441,ENSG00000204977,TRIM13
15442,ENSG00000204978,ERICH4
15443,ENSG00000204979,MS4A13
15444,ENSG00000204983,PRSS1
15445,ENSG00000204991,SPIRE2
15446,ENSG00000205002,AARD
15447,ENSG00000205022,PABPN1L
15448,ENSG00000205038,PKHD1L1
15449,ENSG00000205045,SLFN12L
15450,ENSG00000205060,SLC35B4
15451,ENSG00000205076,LGALS7
15452,ENSG00000205078,SYCE1L
15453,ENSG00000205084,TMEM231
15454,ENSG00000205089,CCNI2
15455,ENSG00000205090,TMEM240
15456,ENSG00000205111,CDKL4
15457,ENSG00000205133,TRIQK
15458,ENSG00000205138,SDHAF1
15459,ENSG00000205143,ARID3C
15460,ENSG00000205155,PSENEN
15461,ENSG00000205177,C11orf91
15462,ENSG00000205181,LINC00654
15463,ENSG00000205186,FABP9
15464,ENSG00000205189,ZBTB10
15465,ENSG00000205208,C4orf46
15466,ENSG00000205209,SCGB2B2
15467,ENSG00000205213,LGR4
15468,ENSG00000205220,PSMB10
15469,ENSG00000205221,VIT
15470,ENSG00000205231,TTLL10-AS1
15471,ENSG00000205250,E2F4
15472,ENSG00000205268,PDE7A
15473,ENSG00000205269,TMEM170B
15474,ENSG00000205277,MUC12
15475,ENSG00000205279,CTXN3
15476,ENSG00000205293,LINC01602
15477,ENSG00000205301,MGAT4D
15478,ENSG00000205302,SNX2
15479,ENSG00000205307,SAP25
15480,ENSG00000205309,NT5M
15481,ENSG00000205323,SARNP
15482,ENSG00000205334,LINC01460
15483,ENSG00000205336,ADGRG1
15484,ENSG00000205339,IPO7
15485,ENSG00000205352,PRR13
15486,ENSG00000205356,TECPR1
15487,ENSG00000205358,MT1H
15488,ENSG00000205359,SLCO6A1
15489,ENSG00000205362,MT1A
15490,ENSG00000205364,MT1M
15491,ENSG00000205403,CFI
15492,ENSG00000205413,SAMD9
15493,ENSG00000205420,KRT6A
15494,ENSG00000205423,CNEP1R1
15495,ENSG00000205426,KRT81
15496,ENSG00000205436,EXOC3L4
15497,ENSG00000205439,KRTAP12-3
15498,ENSG00000205445,KRTAP10-2
15499,ENSG00000205456,TP53TG3D
15500,ENSG00000205476,CCDC85C
15501,ENSG00000205502,C2CD4B
15502,ENSG00000205517,RGL3
15503,ENSG00000205542,TMSB4X
15504,ENSG00000205544,TMEM256
15505,ENSG00000205560,CPT1B
15506,ENSG00000205581,HMGN1
15507,ENSG00000205593,DENND6B
15508,ENSG00000205609,EIF3CL
15509,ENSG00000205628,LINC01446
15510,ENSG00000205629,LCMT1
15511,ENSG00000205632,LINC01310
15512,ENSG00000205634,LINC00898
15513,ENSG00000205639,MFSD2B
15514,ENSG00000205642,VCX3B
15515,ENSG00000205643,CDPF1
15516,ENSG00000205659,LIN52
15517,ENSG00000205667,ARSH
15518,ENSG00000205669,ACOT6
15519,ENSG00000205678,TECRL
15520,ENSG00000205683,DPF3
15521,ENSG00000205693,MANSC4
15522,ENSG00000205696,ADARB2-AS1
15523,ENSG00000205710,C17orf107
15524,ENSG00000205726,ITSN1
15525,ENSG00000205730,ITPRIPL2
15526,ENSG00000205744,DENND1C
15527,ENSG00000205755,CRLF2
15528,ENSG00000205758,CRYZL1
15529,ENSG00000205784,ARRDC5
15530,ENSG00000205786,LINC01531
15531,ENSG00000205790,DPP9-AS1
15532,ENSG00000205791,LOH12CR2
15533,ENSG00000205795,CYS1
15534,ENSG00000205808,PLPP6
15535,ENSG00000205809,KLRC2
15536,ENSG00000205810,KLRC3
15537,ENSG00000205832,C16orf96
15538,ENSG00000205835,GMNC
15539,ENSG00000205837,LINC00487
15540,ENSG00000205838,TTC23L
15541,ENSG00000205846,CLEC6A
15542,ENSG00000205853,RFPL3S
15543,ENSG00000205856,C22orf42
15544,ENSG00000205857,NANOGNB
15545,ENSG00000205858,LRRC72
15546,ENSG00000205863,C1QTNF9B
15547,ENSG00000205882,DEFB134
15548,ENSG00000205883,DEFB135
15549,ENSG00000205884,DEFB136
15550,ENSG00000205903,ZNF316
15551,ENSG00000205913,SRRM2-AS1
15552,ENSG00000205922,ONECUT3
15553,ENSG00000205923,CEMP1
15554,ENSG00000205927,OLIG2
15555,ENSG00000205937,RNPS1
15556,ENSG00000205978,NYNRIN
15557,ENSG00000205981,DNAJC19
15558,ENSG00000206013,IFITM5
15559,ENSG00000206026,SMIM21
15560,ENSG00000206043,C18orf63
15561,ENSG00000206052,DOK6
15562,ENSG00000206072,SERPINB11
15563,ENSG00000206073,SERPINB4
15564,ENSG00000206075,SERPINB5
15565,ENSG00000206077,ZDHHC11B
15566,ENSG00000206113,CFAP99
15567,ENSG00000206127,GOLGA8O
15568,ENSG00000206140,TMEM191C
15569,ENSG00000206150,RNASE13
15570,ENSG00000206172,HBA1
15571,ENSG00000206177,HBM
15572,ENSG00000206190,ATP10A
15573,ENSG00000206199,ANKUB1
15574,ENSG00000206203,TSSK2
15575,ENSG00000206262,FOXL2NB
15576,ENSG00000206384,COL6A6
15577,ENSG00000206418,RAB12
15578,ENSG00000206432,TMEM200C
15579,ENSG00000206527,HACD2
15580,ENSG00000206530,CFAP44
15581,ENSG00000206531,CD200R1L
15582,ENSG00000206535,LNP1
15583,ENSG00000206538,VGLL3
15584,ENSG00000206559,ZCWPW2
15585,ENSG00000206560,ANKRD28
15586,ENSG00000206561,COLQ
15587,ENSG00000206562,METTL6
15588,ENSG00000206573,THUMPD3-AS1
15589,ENSG00000206579,XKR4
15590,ENSG00000211445,GPX3
15591,ENSG00000211448,DIO2
15592,ENSG00000211452,DIO1
15593,ENSG00000211455,STK38L
15594,ENSG00000211456,SACM1L
15595,ENSG00000211460,TSN
15596,ENSG00000211584,SLC48A1
15597,ENSG00000211592,IGKC
15598,ENSG00000211598,IGKV4-1
15599,ENSG00000211599,IGKV5-2
15600,ENSG00000211611,IGKV6-21
15601,ENSG00000211623,IGKV2D-26
15602,ENSG00000211625,IGKV3D-20
15603,ENSG00000211626,IGKV6D-41
15604,ENSG00000211632,IGKV3D-11
15605,ENSG00000211637,IGLV4-69
15606,ENSG00000211638,IGLV8-61
15607,ENSG00000211639,IGLV4-60
15608,ENSG00000211640,IGLV6-57
15609,ENSG00000211641,IGLV11-55
15610,ENSG00000211642,IGLV10-54
15611,ENSG00000211644,IGLV1-51
15612,ENSG00000211645,IGLV1-50
15613,ENSG00000211647,IGLV5-48
15614,ENSG00000211648,IGLV1-47
15615,ENSG00000211649,IGLV7-46
15616,ENSG00000211650,IGLV5-45
15617,ENSG00000211654,IGLV5-37
15618,ENSG00000211655,IGLV1-36
15619,ENSG00000211658,IGLV3-27
15620,ENSG00000211659,IGLV3-25
15621,ENSG00000211660,IGLV2-23
15622,ENSG00000211662,IGLV3-21
15623,ENSG00000211663,IGLV3-19
15624,ENSG00000211664,IGLV2-18
15625,ENSG00000211665,IGLV3-16
15626,ENSG00000211666,IGLV2-14
15627,ENSG00000211667,IGLV3-12
15628,ENSG00000211668,IGLV2-11
15629,ENSG00000211669,IGLV3-10
15630,ENSG00000211670,IGLV3-9
15631,ENSG00000211672,IGLV4-3
15632,ENSG00000211677,IGLC2
15633,ENSG00000211679,IGLC3
15634,ENSG00000211685,IGLC7
15635,ENSG00000211693,TRGV11
15636,ENSG00000211694,TRGV10
15637,ENSG00000211695,TRGV9
15638,ENSG00000211696,TRGV8
15639,ENSG00000211697,TRGV5
15640,ENSG00000211698,TRGV4
15641,ENSG00000211699,TRGV3
15642,ENSG00000211701,TRGV1
15643,ENSG00000211721,TRBV6-5
15644,ENSG00000211776,TRAV2
15645,ENSG00000211777,TRAV3
15646,ENSG00000211778,TRAV4
15647,ENSG00000211779,TRAV5
15648,ENSG00000211780,TRAV6
15649,ENSG00000211782,TRAV8-1
15650,ENSG00000211783,TRAV9-1
15651,ENSG00000211784,TRAV10
15652,ENSG00000211785,TRAV12-1
15653,ENSG00000211786,TRAV8-2
15654,ENSG00000211787,TRAV8-3
15655,ENSG00000211788,TRAV13-1
15656,ENSG00000211789,TRAV12-2
15657,ENSG00000211790,TRAV8-4
15658,ENSG00000211791,TRAV13-2
15659,ENSG00000211792,TRAV14DV4
15660,ENSG00000211793,TRAV9-2
15661,ENSG00000211794,TRAV12-3
15662,ENSG00000211795,TRAV8-6
15663,ENSG00000211796,TRAV16
15664,ENSG00000211797,TRAV17
15665,ENSG00000211798,TRAV18
15666,ENSG00000211799,TRAV19
15667,ENSG00000211800,TRAV20
15668,ENSG00000211801,TRAV21
15669,ENSG00000211802,TRAV22
15670,ENSG00000211803,TRAV23DV6
15671,ENSG00000211804,TRDV1
15672,ENSG00000211805,TRAV24
15673,ENSG00000211806,TRAV25
15674,ENSG00000211807,TRAV26-1
15675,ENSG00000211809,TRAV27
15676,ENSG00000211810,TRAV29DV5
15677,ENSG00000211812,TRAV26-2
15678,ENSG00000211813,TRAV34
15679,ENSG00000211814,TRAV35
15680,ENSG00000211815,TRAV36DV7
15681,ENSG00000211816,TRAV38-1
15682,ENSG00000211817,TRAV38-2DV8
15683,ENSG00000211818,TRAV39
15684,ENSG00000211819,TRAV40
15685,ENSG00000211820,TRAV41
15686,ENSG00000211821,TRDV2
15687,ENSG00000211897,IGHG3
15688,ENSG00000211933,IGHV6-1
15689,ENSG00000211934,IGHV1-2
15690,ENSG00000211935,IGHV1-3
15691,ENSG00000211938,IGHV3-7
15692,ENSG00000211941,IGHV3-11
15693,ENSG00000211942,IGHV3-13
15694,ENSG00000211943,IGHV3-15
15695,ENSG00000211945,IGHV1-18
15696,ENSG00000211947,IGHV3-21
15697,ENSG00000211949,IGHV3-23
15698,ENSG00000211950,IGHV1-24
15699,ENSG00000211952,IGHV4-28
15700,ENSG00000211957,IGHV3-35
15701,ENSG00000211959,IGHV4-39
15702,ENSG00000211962,IGHV1-46
15703,ENSG00000211964,IGHV3-48
15704,ENSG00000211968,IGHV1-58
15705,ENSG00000211970,IGHV4-61
15706,ENSG00000211972,IGHV3-66
15707,ENSG00000211976,IGHV3-73
15708,ENSG00000211979,IGHV7-81
15709,ENSG00000212122,TSSK1B
15710,ENSG00000212123,PRR22
15711,ENSG00000212694,LINC01089
15712,ENSG00000212710,CTAGE1
15713,ENSG00000212766,EWSAT1
15714,ENSG00000212864,RNF208
15715,ENSG00000212907,MT-ND4L
15716,ENSG00000212916,MAP10
15717,ENSG00000212933,KRTAP12-4
15718,ENSG00000212935,KRTAP10-3
15719,ENSG00000212993,POU5F1B
15720,ENSG00000213015,ZNF580
15721,ENSG00000213020,ZNF611
15722,ENSG00000213023,SYT3
15723,ENSG00000213024,NUP62
15724,ENSG00000213030,CGB8
15725,ENSG00000213047,DENND1B
15726,ENSG00000213057,C1orf220
15727,ENSG00000213064,SFT2D2
15728,ENSG00000213079,SCAF8
15729,ENSG00000213085,CFAP45
15730,ENSG00000213088,ACKR1
15731,ENSG00000213096,ZNF254
15732,ENSG00000213139,CRYGS
15733,ENSG00000213145,CRIP1
15734,ENSG00000213160,KLHL23
15735,ENSG00000213171,LINGO4
15736,ENSG00000213185,FAM24B
15737,ENSG00000213186,TRIM59
15738,ENSG00000213190,MLLT11
15739,ENSG00000213199,ASIC3
15740,ENSG00000213203,GIMAP1
15741,ENSG00000213213,CCDC183
15742,ENSG00000213218,CSH2
15743,ENSG00000213221,DNLZ
15744,ENSG00000213231,TCL1B
15745,ENSG00000213246,SUPT4H1
15746,ENSG00000213265,TSGA13
15747,ENSG00000213281,NRAS
15748,ENSG00000213316,LTC4S
15749,ENSG00000213337,ANKRD39
15750,ENSG00000213339,QTRT1
15751,ENSG00000213341,CHUK
15752,ENSG00000213347,MXD3
15753,ENSG00000213366,GSTM2
15754,ENSG00000213373,LINC00671
15755,ENSG00000213380,COG8
15756,ENSG00000213390,ARHGAP19
15757,ENSG00000213397,HAUS7
15758,ENSG00000213398,LCAT
15759,ENSG00000213402,PTPRCAP
15760,ENSG00000213413,PVRIG
15761,ENSG00000213416,KRTAP4-12
15762,ENSG00000213420,GPC2
15763,ENSG00000213424,KRT222
15764,ENSG00000213445,SIPA1
15765,ENSG00000213462,ERV3-1
15766,ENSG00000213463,SYNJ2BP
15767,ENSG00000213465,ARL2
15768,ENSG00000213468,FIRRE
15769,ENSG00000213512,GBP7
15770,ENSG00000213516,RBMXL1
15771,ENSG00000213523,SRA1
15772,ENSG00000213551,DNAJC9
15773,ENSG00000213563,C8orf82
15774,ENSG00000213578,CPLX3
15775,ENSG00000213585,VDAC1
15776,ENSG00000213588,ZBTB9
15777,ENSG00000213593,TMX2
15778,ENSG00000213614,HEXA
15779,ENSG00000213619,NDUFS3
15780,ENSG00000213625,LEPROT
15781,ENSG00000213626,LBH
15782,ENSG00000213638,ADAT3
15783,ENSG00000213639,PPP1CB
15784,ENSG00000213648,SULT1A4
15785,ENSG00000213658,LAT
15786,ENSG00000213672,NCKIPSD
15787,ENSG00000213689,TREX1
15788,ENSG00000213694,S1PR3
15789,ENSG00000213699,SLC35F6
15790,ENSG00000213714,FAM209B
15791,ENSG00000213741,RPS29
15792,ENSG00000213742,ZNF337-AS1
15793,ENSG00000213759,UGT2B11
15794,ENSG00000213762,ZNF134
15795,ENSG00000213782,DDX47
15796,ENSG00000213793,ZNF888
15797,ENSG00000213799,ZNF845
15798,ENSG00000213809,KLRK1
15799,ENSG00000213853,EMP2
15800,ENSG00000213889,PPM1N
15801,ENSG00000213892,CEACAM16
15802,ENSG00000213901,SLC23A3
15803,ENSG00000213903,LTB4R
15804,ENSG00000213904,LIPE-AS1
15805,ENSG00000213906,LTB4R2
15806,ENSG00000213918,DNASE1
15807,ENSG00000213920,MDP1
15808,ENSG00000213923,CSNK1E
15809,ENSG00000213927,CCL27
15810,ENSG00000213930,GALT
15811,ENSG00000213931,HBE1
15812,ENSG00000213934,HBG1
15813,ENSG00000213937,CLDN9
15814,ENSG00000213949,ITGA1
15815,ENSG00000213965,NUDT19
15816,ENSG00000213967,ZNF726
15817,ENSG00000213973,ZNF99
15818,ENSG00000213977,TAX1BP3
15819,ENSG00000213983,AP1G2
15820,ENSG00000213988,ZNF90
15821,ENSG00000213996,TM6SF2
15822,ENSG00000213999,MEF2B
15823,ENSG00000214013,GANC
15824,ENSG00000214021,TTLL3
15825,ENSG00000214022,REPIN1
15826,ENSG00000214029,ZNF891
15827,ENSG00000214046,SMIM7
15828,ENSG00000214050,FBXO16
15829,ENSG00000214063,TSPAN4
15830,ENSG00000214078,CPNE1
15831,ENSG00000214087,ARL16
15832,ENSG00000214097,SMCO1
15833,ENSG00000214102,WEE2
15834,ENSG00000214107,MAGEB1
15835,ENSG00000214113,LYRM4
15836,ENSG00000214114,MYCBP
15837,ENSG00000214128,TMEM213
15838,ENSG00000214140,PRCD
15839,ENSG00000214160,ALG3
15840,ENSG00000214184,GCC2-AS1
15841,ENSG00000214193,SH3D21
15842,ENSG00000214212,C19orf38
15843,ENSG00000214216,IQCJ
15844,ENSG00000214226,C17orf67
15845,ENSG00000214253,FIS1
15846,ENSG00000214274,ANG
15847,ENSG00000214293,APTR
15848,ENSG00000214300,SPDYE3
15849,ENSG00000214309,MBLAC1
15850,ENSG00000214336,FOXI3
15851,ENSG00000214353,VAC14-AS1
15852,ENSG00000214357,NEURL1B
15853,ENSG00000214360,EFCAB9
15854,ENSG00000214367,HAUS3
15855,ENSG00000214376,VSTM5
15856,ENSG00000214381,LINC00488
15857,ENSG00000214402,LCNL1
15858,ENSG00000214413,BBIP1
15859,ENSG00000214415,GNAT3
15860,ENSG00000214435,AS3MT
15861,ENSG00000214456,PLIN5
15862,ENSG00000214491,SEC14L6
15863,ENSG00000214510,SPINK13
15864,ENSG00000214511,HIGD1C
15865,ENSG00000214513,NOTO
15866,ENSG00000214517,PPME1
15867,ENSG00000214530,STARD10
15868,ENSG00000214548,MEG3
15869,ENSG00000214562,NUTM2D
15870,ENSG00000214575,CPEB1
15871,ENSG00000214595,EML6
15872,ENSG00000214643,DEFB133
15873,ENSG00000214652,ZNF727
15874,ENSG00000214655,ZSWIM8
15875,ENSG00000214681,IQCF5
15876,ENSG00000214688,C10orf105
15877,ENSG00000214694,ARHGEF33
15878,ENSG00000214700,C12orf71
15879,ENSG00000214706,IFRD2
15880,ENSG00000214711,CAPN14
15881,ENSG00000214717,ZBED1
15882,ENSG00000214753,HNRNPUL2
15883,ENSG00000214782,MS4A18
15884,ENSG00000214787,MS4A4E
15885,ENSG00000214814,FER1L6
15886,ENSG00000214819,CDRT15L2
15887,ENSG00000214827,MTCP1
15888,ENSG00000214842,RAD51AP2
15889,ENSG00000214866,DCDC2C
15890,ENSG00000214872,SMTNL1
15891,ENSG00000214900,LINC01588
15892,ENSG00000214940,NPIPA8
15893,ENSG00000214941,ZSWIM7
15894,ENSG00000214944,ARHGEF28
15895,ENSG00000214946,TBC1D26
15896,ENSG00000214954,LRRC69
15897,ENSG00000215009,ACSM4
15898,ENSG00000215018,COL28A1
15899,ENSG00000215021,PHB2
15900,ENSG00000215029,TCP11X2
15901,ENSG00000215045,GRID2IP
15902,ENSG00000215113,CXorf49B
15903,ENSG00000215114,UBXN2B
15904,ENSG00000215115,CXorf49
15905,ENSG00000215131,C16orf90
15906,ENSG00000215162,LINC00269
15907,ENSG00000215182,MUC5AC
15908,ENSG00000215183,MSMP
15909,ENSG00000215186,GOLGA6B
15910,ENSG00000215193,PEX26
15911,ENSG00000215203,GRXCR1
15912,ENSG00000215251,FASTKD5
15913,ENSG00000215252,GOLGA8B
15914,ENSG00000215262,KCNU1
15915,ENSG00000215274,GAGE10
15916,ENSG00000215277,RNF212B
15917,ENSG00000215301,DDX3X
15918,ENSG00000215305,VPS16
15919,ENSG00000215374,FAM66E
15920,ENSG00000215375,MYL5
15921,ENSG00000215386,MIR99AHG
15922,ENSG00000215403,LL22NC01-81G9.3
15923,ENSG00000215421,ZNF407
15924,ENSG00000215424,MCM3AP-AS1
15925,ENSG00000215440,NPEPL1
15926,ENSG00000215458,AATBC
15927,ENSG00000215472,RPL17-C18orf32
15928,ENSG00000215474,SKOR2
15929,ENSG00000215475,SIAH3
15930,ENSG00000215483,LINC00598
15931,ENSG00000215529,EFCAB8
15932,ENSG00000215560,TTTY5
15933,ENSG00000215595,C20orf202
15934,ENSG00000215612,HMX1
15935,ENSG00000215704,CELA2B
15936,ENSG00000215712,TMEM242
15937,ENSG00000215717,TMEM167B
15938,ENSG00000215784,FAM72D
15939,ENSG00000215788,TNFRSF25
15940,ENSG00000215808,LINC01139
15941,ENSG00000215845,TSTD1
15942,ENSG00000215853,RPTN
15943,ENSG00000215866,LINC01356
15944,ENSG00000215883,CYB5RL
15945,ENSG00000215910,C1orf167
15946,ENSG00000215912,TTC34
15947,ENSG00000215915,ATAD3C
15948,ENSG00000216490,IFI30
15949,ENSG00000216588,IGSF23
15950,ENSG00000216649,GAGE12E
15951,ENSG00000216863,LY86-AS1
15952,ENSG00000216937,CCDC7
15953,ENSG00000217128,FNIP1
15954,ENSG00000217236,SP9
15955,ENSG00000217442,SYCE3
15956,ENSG00000217555,CKLF
15957,ENSG00000217930,PAM16
15958,ENSG00000218109,KIRREL3-AS3
15959,ENSG00000218336,TENM3
15960,ENSG00000218510,LINC00339
15961,ENSG00000218739,CEBPZOS
15962,ENSG00000218823,PAPOLB
15963,ENSG00000218839,FAM138C
15964,ENSG00000218891,ZNF579
15965,ENSG00000219073,CELA3B
15966,ENSG00000219200,RNASEK
15967,ENSG00000219545,UMAD1
15968,ENSG00000219607,PPP1R3G
15969,ENSG00000219626,FAM228B
15970,ENSG00000220008,LINGO3
15971,ENSG00000220201,ZGLP1
15972,ENSG00000220205,VAMP2
15973,ENSG00000220891,LL22NC03-63E9.3
15974,ENSG00000221818,EBF2
15975,ENSG00000221819,GAS8-AS1
15976,ENSG00000221823,PPP3R1
15977,ENSG00000221826,PSG3
15978,ENSG00000221829,FANCG
15979,ENSG00000221837,KRTAP10-9
15980,ENSG00000221838,AP4M1
15981,ENSG00000221852,KRTAP1-5
15982,ENSG00000221864,KRTAP12-2
15983,ENSG00000221866,PLXNA4
15984,ENSG00000221869,CEBPD
15985,ENSG00000221874,ZNF816-ZNF321P
15986,ENSG00000221880,KRTAP1-3
15987,ENSG00000221883,ARIH2OS
15988,ENSG00000221887,HMSD
15989,ENSG00000221890,NPTXR
15990,ENSG00000221909,FAM200A
15991,ENSG00000221914,PPP2R2A
15992,ENSG00000221916,C19orf73
15993,ENSG00000221923,ZNF880
15994,ENSG00000221926,TRIM16
15995,ENSG00000221932,HEPN1
15996,ENSG00000221944,TIGD1
15997,ENSG00000221946,FXYD7
15998,ENSG00000221947,XKR9
15999,ENSG00000221949,LINC01465
16000,ENSG00000221955,SLC12A8
16001,ENSG00000221963,APOL6
16002,ENSG00000221968,FADS3
16003,ENSG00000221978,CCNL2
16004,ENSG00000221983,UBA52
16005,ENSG00000221986,MYBPHL
16006,ENSG00000221988,PPT2
16007,ENSG00000221994,ZNF630
16008,ENSG00000222005,LINC01118
16009,ENSG00000222009,BTBD19
16010,ENSG00000222011,FAM185A
16011,ENSG00000222014,RAB6C
16012,ENSG00000222028,PSMB11
16013,ENSG00000222033,LINC01124
16014,ENSG00000222037,IGLC6
16015,ENSG00000222038,POTEJ
16016,ENSG00000222046,DCDC2B
16017,ENSG00000222047,C10orf55
16018,ENSG00000223350,IGLV9-49
16019,ENSG00000223392,CLDN10-AS1
16020,ENSG00000223403,MEG9
16021,ENSG00000223442,TH2LCRR
16022,ENSG00000223482,NUTM2A-AS1
16023,ENSG00000223496,EXOSC6
16024,ENSG00000223510,CDRT15
16025,ENSG00000223547,ZNF844
16026,ENSG00000223572,CKMT1A
16027,ENSG00000223573,TINCR
16028,ENSG00000223638,RFPL4A
16029,ENSG00000223658,C1GALT1C1L
16030,ENSG00000223662,SAMSN1-AS1
16031,ENSG00000223685,LINC00571
16032,ENSG00000223701,RAET1E-AS1
16033,ENSG00000223768,LINC00205
16034,ENSG00000223776,LGALS8-AS1
16035,ENSG00000223784,LINC00707
16036,ENSG00000223802,CERS1
16037,ENSG00000223806,LINC00114
16038,ENSG00000223823,LINC01342
16039,ENSG00000223839,FAM95B1
16040,ENSG00000223850,MYCNUT
16041,ENSG00000223882,ABCC5-AS1
16042,ENSG00000223949,ROR1-AS1
16043,ENSG00000223953,C1QTNF5
16044,ENSG00000223979,SMCR2
16045,ENSG00000224008,LINC01441
16046,ENSG00000224017,LINC01449
16047,ENSG00000224020,MIR181A2HG
16048,ENSG00000224041,IGKV3D-15
16049,ENSG00000224051,CPTP
16050,ENSG00000224057,EGFR-AS1
16051,ENSG00000224074,LINC00691
16052,ENSG00000224101,ELMO1-AS1
16053,ENSG00000224116,INHBA-AS1
16054,ENSG00000224122,POU6F2-AS1
16055,ENSG00000224141,MIR548XHG
16056,ENSG00000224165,DNAJC27-AS1
16057,ENSG00000224177,LINC00570
16058,ENSG00000224184,MIR3681HG
16059,ENSG00000224189,HAGLR
16060,ENSG00000224259,LINC01133
16061,ENSG00000224286,LINC01142
16062,ENSG00000224308,LINC01527
16063,ENSG00000224310,LINC01567
16064,ENSG00000224329,LINC00297
16065,ENSG00000224373,IGHV4-59
16066,ENSG00000224382,LINC00703
16067,ENSG00000224383,PRR29
16068,ENSG00000224391,LINC01280
16069,ENSG00000224405,LINC00572
16070,ENSG00000224420,ADM5
16071,ENSG00000224424,PRKAR2A-AS1
16072,ENSG00000224429,LINC00539
16073,ENSG00000224470,ATXN1L
16074,ENSG00000224511,LINC00365
16075,ENSG00000224514,LINC00620
16076,ENSG00000224517,HTR2A-AS1
16077,ENSG00000224531,SMIM13
16078,ENSG00000224533,TMLHE-AS1
16079,ENSG00000224559,LINC01087
16080,ENSG00000224577,LINC01117
16081,ENSG00000224596,ZMIZ1-AS1
16082,ENSG00000224650,IGHV3-74
16083,ENSG00000224652,LINC00885
16084,ENSG00000224659,GAGE12J
16085,ENSG00000224660,SH3BP5-AS1
16086,ENSG00000224687,RASAL2-AS1
16087,ENSG00000224729,PCOLCE-AS1
16088,ENSG00000224743,TEX26-AS1
16089,ENSG00000224805,LINC00853
16090,ENSG00000224812,TMEM72-AS1
16091,ENSG00000224821,COL4A2-AS2
16092,ENSG00000224843,LINC00240
16093,ENSG00000224853,LINC00393
16094,ENSG00000224855,OPA1-AS1
16095,ENSG00000224897,POT1-AS1
16096,ENSG00000224902,GAGE12H
16097,ENSG00000224914,LINC00863
16098,ENSG00000224924,LINC00320
16099,ENSG00000224939,LINC00184
16100,ENSG00000224940,PRRT4
16101,ENSG00000224957,LINC01266
16102,ENSG00000224958,PGM5-AS1
16103,ENSG00000224982,TMEM233
16104,ENSG00000224995,LINC01526
16105,ENSG00000225083,GRTP1-AS1
16106,ENSG00000225127,LINC00237
16107,ENSG00000225128,LINC00972
16108,ENSG00000225174,OSTM1-AS1
16109,ENSG00000225179,LINC00457
16110,ENSG00000225194,LINC00092
16111,ENSG00000225206,MIR137HG
16112,ENSG00000225265,TAF1A-AS1
16113,ENSG00000225269,LINC00705
16114,ENSG00000225298,LINC00113
16115,ENSG00000225321,LINC01427
16116,ENSG00000225361,PPP1R26-AS1
16117,ENSG00000225362,CT62
16118,ENSG00000225376,TMEM246-AS1
16119,ENSG00000225377,NRSN2-AS1
16120,ENSG00000225383,SFTA1P
16121,ENSG00000225391,NHEG1
16122,ENSG00000225434,LINC01504
16123,ENSG00000225470,JPX
16124,ENSG00000225484,NUTM2B-AS1
16125,ENSG00000225493,LINC01107
16126,ENSG00000225523,IGKV6D-21
16127,ENSG00000225526,MKRN2OS
16128,ENSG00000225535,LINC01393
16129,ENSG00000225542,ZNF385D-AS1
16130,ENSG00000225556,C2CD4D
16131,ENSG00000225564,LINC01492
16132,ENSG00000225572,DOCK4-AS1
16133,ENSG00000225578,NCBP2-AS1
16134,ENSG00000225602,MTOR-AS1
16135,ENSG00000225614,ZNF469
16136,ENSG00000225683,PACRG-AS3
16137,ENSG00000225684,FAM225B
16138,ENSG00000225697,SLC26A6
16139,ENSG00000225706,PTPRD-AS1
16140,ENSG00000225733,FGD5-AS1
16141,ENSG00000225756,DBH-AS1
16142,ENSG00000225764,P3H2-AS1
16143,ENSG00000225778,PROSER2-AS1
16144,ENSG00000225783,MIAT
16145,ENSG00000225791,TRAM2-AS1
16146,ENSG00000225822,UBXN7-AS1
16147,ENSG00000225826,LINC00626
16148,ENSG00000225828,FAM229A
16149,ENSG00000225830,ERCC6
16150,ENSG00000225855,RUSC1-AS1
16151,ENSG00000225882,LINC01456
16152,ENSG00000225899,FRG2B
16153,ENSG00000225921,NOL7
16154,ENSG00000225950,NTF4
16155,ENSG00000225951,ODF2-AS1
16156,ENSG00000225953,SATB2-AS1
16157,ENSG00000225968,ELFN1
16158,ENSG00000225973,PIGBOS1
16159,ENSG00000225988,LAMP5-AS1
16160,ENSG00000226009,KCNIP2-AS1
16161,ENSG00000226017,PRICKLE2-AS3
16162,ENSG00000226031,FGF13-AS1
16163,ENSG00000226051,ZNF503-AS1
16164,ENSG00000226070,LINC00951
16165,ENSG00000226083,SLC39A12-AS1
16166,ENSG00000226091,LINC00937
16167,ENSG00000226122,DDC-AS1
16168,ENSG00000226124,FTCDNL1
16169,ENSG00000226167,AP4B1-AS1
16170,ENSG00000226174,TEX22
16171,ENSG00000226235,LEMD1-AS1
16172,ENSG00000226237,GAS1RR
16173,ENSG00000226245,ZNF32-AS1
16174,ENSG00000226258,GRM7-AS3
16175,ENSG00000226272,ARHGAP26-AS1
16176,ENSG00000226312,CFLAR-AS1
16177,ENSG00000226317,LINC00351
16178,ENSG00000226321,CROCC2
16179,ENSG00000226367,ST7-AS2
16180,ENSG00000226372,DCAF8L1
16181,ENSG00000226419,SLC16A1-AS1
16182,ENSG00000226479,TMEM185B
16183,ENSG00000226482,ADIPOQ-AS1
16184,ENSG00000226496,LINC00323
16185,ENSG00000226516,FAM138B
16186,ENSG00000226519,SMIM2
16187,ENSG00000226533,BTBD9-AS1
16188,ENSG00000226562,CYP4F26P
16189,ENSG00000226567,LINC00606
16190,ENSG00000226627,SHANK2-AS1
16191,ENSG00000226648,PLCG1-AS1
16192,ENSG00000226650,KIF4B
16193,ENSG00000226673,LINC01108
16194,ENSG00000226674,TEX41
16195,ENSG00000226686,LINC01535
16196,ENSG00000226688,ENTPD1-AS1
16197,ENSG00000226696,LENG8-AS1
16198,ENSG00000226709,FGF12-AS3
16199,ENSG00000226711,FAM66C
16200,ENSG00000226742,HSBP1L1
16201,ENSG00000226746,SMCR5
16202,ENSG00000226757,PP12613
16203,ENSG00000226759,DAB1-AS1
16204,ENSG00000226763,SRRM5
16205,ENSG00000226784,PGAM4
16206,ENSG00000226800,CACTIN-AS1
16207,ENSG00000226808,LINC00840
16208,ENSG00000226846,LINC00348
16209,ENSG00000226887,ERVMER34-1
16210,ENSG00000226903,LINC00354
16211,ENSG00000226917,LINC01276
16212,ENSG00000226935,LINC00161
16213,ENSG00000226985,LINC01203
16214,ENSG00000226995,LINC00658
16215,ENSG00000227007,LINC01247
16216,ENSG00000227036,LINC00511
16217,ENSG00000227039,ITGB2-AS1
16218,ENSG00000227051,C14orf132
16219,ENSG00000227057,WDR46
16220,ENSG00000227059,ANHX
16221,ENSG00000227060,LINC00629
16222,ENSG00000227071,FOCAD-AS1
16223,ENSG00000227117,HORMAD2-AS1
16224,ENSG00000227124,ZNF717
16225,ENSG00000227143,LINC01153
16226,ENSG00000227145,IL21-AS1
16227,ENSG00000227188,MGAT3-AS1
16228,ENSG00000227191,TRGC2
16229,ENSG00000227199,ST7-AS1
16230,ENSG00000227213,SPATA13-AS1
16231,ENSG00000227234,SPANXB1
16232,ENSG00000227244,LINC00845
16233,ENSG00000227256,MIS18A-AS1
16234,ENSG00000227258,SMIM2-AS1
16235,ENSG00000227290,LINC01364
16236,ENSG00000227336,LINC00434
16237,ENSG00000227342,LINC00307
16238,ENSG00000227345,PARG
16239,ENSG00000227354,RBM26-AS1
16240,ENSG00000227375,DLG1-AS1
16241,ENSG00000227392,HPN-AS1
16242,ENSG00000227409,ZMYM4-AS1
16243,ENSG00000227456,LINC00310
16244,ENSG00000227467,LINC01537
16245,ENSG00000227471,AKR1B15
16246,ENSG00000227500,SCAMP4
16247,ENSG00000227507,LTB
16248,ENSG00000227555,MIR4290HG
16249,ENSG00000227630,LINC01132
16250,ENSG00000227640,SOX21-AS1
16251,ENSG00000227674,LINC00355
16252,ENSG00000227676,LINC01068
16253,ENSG00000227695,DNMBP-AS1
16254,ENSG00000227848,SUCLA2-AS1
16255,ENSG00000227877,MRLN
16256,ENSG00000227906,SNAP25-AS1
16257,ENSG00000227929,SRGAP3-AS3
16258,ENSG00000227954,TARID
16259,ENSG00000227964,LINC01429
16260,ENSG00000228016,RAPGEF4-AS1
16261,ENSG00000228049,POLR2J2
16262,ENSG00000228075,BOD1L2
16263,ENSG00000228126,FALEC
16264,ENSG00000228221,LINC00578
16265,ENSG00000228237,EFCAB14-AS1
16266,ENSG00000228253,MT-ATP8
16267,ENSG00000228262,LINC01317
16268,ENSG00000228278,ORM2
16269,ENSG00000228288,PCAT6
16270,ENSG00000228308,LINC01209
16271,ENSG00000228309,LINC01350
16272,ENSG00000228340,MIR646HG
16273,ENSG00000228369,TXNDC12-AS1
16274,ENSG00000228422,LINC00687
16275,ENSG00000228426,ZNF32-AS2
16276,ENSG00000228474,OST4
16277,ENSG00000228495,LINC01013
16278,ENSG00000228526,MIR34AHG
16279,ENSG00000228544,CCDC183-AS1
16280,ENSG00000228564,LINC01005
16281,ENSG00000228567,VN1R4
16282,ENSG00000228570,NUTM2E
16283,ENSG00000228590,MIR4432HG
16284,ENSG00000228592,D21S2088E
16285,ENSG00000228598,MACC1-AS1
16286,ENSG00000228607,CLDN25
16287,ENSG00000228623,ZNF883
16288,ENSG00000228630,HOTAIR
16289,ENSG00000228669,LINC00448
16290,ENSG00000228672,PROB1
16291,ENSG00000228677,TTC3-AS1
16292,ENSG00000228716,DHFR
16293,ENSG00000228723,SRGAP3-AS2
16294,ENSG00000228763,LIMS1-AS1
16295,ENSG00000228775,WEE2-AS1
16296,ENSG00000228784,LINC00954
16297,ENSG00000228787,NLGN4Y-AS1
16298,ENSG00000228812,LAMA5-AS1
16299,ENSG00000228824,MIR4500HG
16300,ENSG00000228836,CT45A5
16301,ENSG00000228842,PCDH9-AS2
16302,ENSG00000228889,UBAC2-AS1
16303,ENSG00000228980,LINC01205
16304,ENSG00000229005,HNF4A-AS1
16305,ENSG00000229105,ASTN2-AS1
16306,ENSG00000229111,MED4-AS1
16307,ENSG00000229117,RPL41
16308,ENSG00000229124,VIM-AS1
16309,ENSG00000229140,CCDC26
16310,ENSG00000229153,EPHA1-AS1
16311,ENSG00000229154,KCNQ5-AS1
16312,ENSG00000229183,PGA4
16313,ENSG00000229205,LINC00200
16314,ENSG00000229236,TTTY10
16315,ENSG00000229292,RFPL4AL1
16316,ENSG00000229314,ORM1
16317,ENSG00000229348,HYI-AS1
16318,ENSG00000229372,SZT2-AS1
16319,ENSG00000229373,LINC00452
16320,ENSG00000229404,LINC00858
16321,ENSG00000229443,LINC00560
16322,ENSG00000229453,SPINK8
16323,ENSG00000229474,PATL2
16324,ENSG00000229522,LINC01523
16325,ENSG00000229544,NKX1-2
16326,ENSG00000229557,LINC00379
16327,ENSG00000229558,SACS-AS1
16328,ENSG00000229563,LINC01204
16329,ENSG00000229589,ACVR2B-AS1
16330,ENSG00000229613,LINC01501
16331,ENSG00000229619,MBNL1-AS1
16332,ENSG00000229630,LINC01264
16333,ENSG00000229637,PRAC2
16334,ENSG00000229676,ZNF492
16335,ENSG00000229780,UBE2Q1-AS1
16336,ENSG00000229807,XIST
16337,ENSG00000229809,ZNF688
16338,ENSG00000229833,PET100
16339,ENSG00000229847,EMX2OS
16340,ENSG00000229851,ARSD-AS1
16341,ENSG00000229859,PGA3
16342,ENSG00000229867,STEAP3-AS1
16343,ENSG00000229873,OGFR-AS1
16344,ENSG00000229876,CASC20
16345,ENSG00000229891,LINC01315
16346,ENSG00000229921,KIF25-AS1
16347,ENSG00000229924,FAM90A26
16348,ENSG00000229937,PRPS1L1
16349,ENSG00000229950,MIR5689HG
16350,ENSG00000229972,IQCF3
16351,ENSG00000229981,LINC01435
16352,ENSG00000230020,NHS-AS1
16353,ENSG00000230040,LINC00364
16354,ENSG00000230062,ANKRD66
16355,ENSG00000230082,PRRT3-AS1
16356,ENSG00000230115,TPRG1-AS2
16357,ENSG00000230124,ACBD6
16358,ENSG00000230126,FGF12-AS2
16359,ENSG00000230148,HOXB-AS1
16360,ENSG00000230176,LINC01433
16361,ENSG00000230178,OR4F3
16362,ENSG00000230223,ATXN8OS
16363,ENSG00000230257,NFE4
16364,ENSG00000230316,FEZF1-AS1
16365,ENSG00000230317,LINC01284
16366,ENSG00000230366,DSCR9
16367,ENSG00000230368,FAM41C
16368,ENSG00000230390,LINC01048
16369,ENSG00000230426,LINC01036
16370,ENSG00000230448,LINC00276
16371,ENSG00000230452,LINC01381
16372,ENSG00000230453,ANKRD18B
16373,ENSG00000230461,PROX1-AS1
16374,ENSG00000230487,PSMG3-AS1
16375,ENSG00000230522,MBD3L2
16376,ENSG00000230590,FTX
16377,ENSG00000230613,HM13-AS1
16378,ENSG00000230667,SETSIP
16379,ENSG00000230679,ENO1-AS1
16380,ENSG00000230749,MEIS1-AS2
16381,ENSG00000230753,ZNF341-AS1
16382,ENSG00000230778,ANKRD63
16383,ENSG00000230797,YY2
16384,ENSG00000230798,FOXD3-AS1
16385,ENSG00000230806,SRGAP2-AS1
16386,ENSG00000230817,LINC01362
16387,ENSG00000230838,LINC01614
16388,ENSG00000230844,ZNF674-AS1
16389,ENSG00000230873,STMND1
16390,ENSG00000230876,LINC00486
16391,ENSG00000230923,LINC00309
16392,ENSG00000230970,HHATL-AS1
16393,ENSG00000230978,LINC00160
16394,ENSG00000230989,HSBP1
16395,ENSG00000231023,LINC00326
16396,ENSG00000231074,HCG18
16397,ENSG00000231106,LINC01436
16398,ENSG00000231107,LINC01508
16399,ENSG00000231133,HAR1B
16400,ENSG00000231163,CSMD2-AS1
16401,ENSG00000231165,TRBV26OR9-2
16402,ENSG00000231171,LINC01098
16403,ENSG00000231177,LINC00852
16404,ENSG00000231194,FARP1-AS1
16405,ENSG00000231202,TRGVB
16406,ENSG00000231213,PLSCR5
16407,ENSG00000231238,LINC00349
16408,ENSG00000231274,SBK3
16409,ENSG00000231373,GNA14-AS1
16410,ENSG00000231422,LINC01516
16411,ENSG00000231427,LINC01445
16412,ENSG00000231428,LINC00396
16413,ENSG00000231439,WASIR2
16414,ENSG00000231453,LINC01305
16415,ENSG00000231507,LINC01353
16416,ENSG00000231527,FAM27C
16417,ENSG00000231528,FAM225A
16418,ENSG00000231532,LINC01249
16419,ENSG00000231535,LINC00278
16420,ENSG00000231605,LINC01363
16421,ENSG00000231607,DLEU2
16422,ENSG00000231636,AGBL5-AS1
16423,ENSG00000231646,FSIP2-AS1
16424,ENSG00000231651,DLG3-AS1
16425,ENSG00000231671,LINC01307
16426,ENSG00000231672,DIRC3
16427,ENSG00000231674,LINC00410
16428,ENSG00000231689,LINC01090
16429,ENSG00000231721,LINC-PINT
16430,ENSG00000231738,TSPAN19
16431,ENSG00000231742,LINC01273
16432,ENSG00000231749,ABCA9-AS1
16433,ENSG00000231755,CHODL-AS1
16434,ENSG00000231768,LINC01354
16435,ENSG00000231776,LINC01611
16436,ENSG00000231782,LINC00575
16437,ENSG00000231789,PIK3CD-AS2
16438,ENSG00000231806,PCAT7
16439,ENSG00000231817,LINC01198
16440,ENSG00000231871,IPO9-AS1
16441,ENSG00000231882,F10-AS1
16442,ENSG00000231889,TRAF3IP2-AS1
16443,ENSG00000231908,IDH1-AS1
16444,ENSG00000231924,PSG1
16445,ENSG00000231925,TAPBP
16446,ENSG00000231944,PHKA1-AS1
16447,ENSG00000231993,EP300-AS1
16448,ENSG00000232070,TMEM253
16449,ENSG00000232077,LINC01031
16450,ENSG00000232084,LINC01104
16451,ENSG00000232112,TMA7
16452,ENSG00000232119,MCTS1
16453,ENSG00000232125,DYTN
16454,ENSG00000232131,NCOA7-AS1
16455,ENSG00000232139,LINC00867
16456,ENSG00000232160,RAP2C-AS1
16457,ENSG00000232225,LINC01047
16458,ENSG00000232229,LINC00865
16459,ENSG00000232237,ASCL5
16460,ENSG00000232258,TMEM114
16461,ENSG00000232268,OR52I1
16462,ENSG00000232284,GNG12-AS1
16463,ENSG00000232490,OSBPL10-AS1
16464,ENSG00000232560,LINC01549
16465,ENSG00000232586,KIAA1614-AS1
16466,ENSG00000232593,KANTR
16467,ENSG00000232624,C10orf126
16468,ENSG00000232643,LINC00385
16469,ENSG00000232645,LINC01431
16470,ENSG00000232656,IDI2-AS1
16471,ENSG00000232677,LINC00665
16472,ENSG00000232684,ATP11A-AS1
16473,ENSG00000232712,KIZ-AS1
16474,ENSG00000232790,LINC01162
16475,ENSG00000232803,SLCO4A1-AS1
16476,ENSG00000232814,COL4A2-AS1
16477,ENSG00000232832,LMLN-AS1
16478,ENSG00000232838,PET117
16479,ENSG00000232859,LYRM9
16480,ENSG00000232878,DPYD-AS1
16481,ENSG00000232893,IQCA1-AS1
16482,ENSG00000232903,LINC01166
16483,ENSG00000232907,DLGAP4-AS1
16484,ENSG00000232913,PLCE1-AS2
16485,ENSG00000232954,LINC00374
16486,ENSG00000232956,SNHG15
16487,ENSG00000232973,CYP1B1-AS1
16488,ENSG00000232977,LINC00327
16489,ENSG00000232998,VPS13A-AS1
16490,ENSG00000233009,NALCN-AS1
16491,ENSG00000233016,SNHG7
16492,ENSG00000233041,PHGR1
16493,ENSG00000233056,ERVH48-1
16494,ENSG00000233067,PHEX-AS1
16495,ENSG00000233077,LINC01271
16496,ENSG00000233098,CCDC144NL-AS1
16497,ENSG00000233101,HOXB-AS3
16498,ENSG00000233123,LINC01007
16499,ENSG00000233198,RNF224
16500,ENSG00000233208,LINC00642
16501,ENSG00000233232,NPIPB7
16502,ENSG00000233237,LINC00472
16503,ENSG00000233276,GPX1
16504,ENSG00000233306,TRGV2
16505,ENSG00000233308,OSTN-AS1
16506,ENSG00000233334,FAM53B-AS1
16507,ENSG00000233338,TLR8-AS1
16508,ENSG00000233354,LINC00028
16509,ENSG00000233355,CHRM3-AS2
16510,ENSG00000233395,LINC00841
16511,ENSG00000233429,HOTAIRM1
16512,ENSG00000233436,BTBD18
16513,ENSG00000233452,STXBP5-AS1
16514,ENSG00000233493,TMEM238
16515,ENSG00000233515,LINC01518
16516,ENSG00000233527,ZNF529-AS1
16517,ENSG00000233532,LINC00460
16518,ENSG00000233554,B4GALT1-AS1
16519,ENSG00000233570,LINC00690
16520,ENSG00000233607,LINC01392
16521,ENSG00000233610,LINC00462
16522,ENSG00000233642,GPR158-AS1
16523,ENSG00000233670,PIRT
16524,ENSG00000233701,PRR23C
16525,ENSG00000233718,MYCNOS
16526,ENSG00000233746,LINC00656
16527,ENSG00000233893,EZR-AS1
16528,ENSG00000233901,LINC01503
16529,ENSG00000233927,RPS28
16530,ENSG00000233932,CTXN2
16531,ENSG00000233954,UQCRHL
16532,ENSG00000233973,LINC01360
16533,ENSG00000233997,LINC01425
16534,ENSG00000234056,LINC00463
16535,ENSG00000234068,PAGE2
16536,ENSG00000234161,PABPC5-AS1
16537,ENSG00000234199,LINC01191
16538,ENSG00000234224,TMEM229A
16539,ENSG00000234230,ZFX-AS1
16540,ENSG00000234264,DEPDC1-AS1
16541,ENSG00000234284,ZNF879
16542,ENSG00000234323,LINC01505
16543,ENSG00000234380,LINC01426
16544,ENSG00000234409,CCDC188
16545,ENSG00000234423,LINC01250
16546,ENSG00000234444,ZNF736
16547,ENSG00000234452,SLC16A12-AS1
16548,ENSG00000234465,PINLYP
16549,ENSG00000234469,CLDN34
16550,ENSG00000234474,MIR3663HG
16551,ENSG00000234497,ERICH3-AS1
16552,ENSG00000234506,LINC01506
16553,ENSG00000234520,HRAT17
16554,ENSG00000234527,PCDH9-AS1
16555,ENSG00000234545,FAM133B
16556,ENSG00000234577,SYNE1-AS1
16557,ENSG00000234601,CHRM3-AS1
16558,ENSG00000234602,MCIDAS
16559,ENSG00000234608,MAPKAPK5-AS1
16560,ENSG00000234616,JRK
16561,ENSG00000234661,CHL1-AS1
16562,ENSG00000234676,IFT74-AS1
16563,ENSG00000234684,SDCBP2-AS1
16564,ENSG00000234696,GPR50-AS1
16565,ENSG00000234722,LINC01287
16566,ENSG00000234736,FAM170B-AS1
16567,ENSG00000234753,FOXP4-AS1
16568,ENSG00000234787,LINC00458
16569,ENSG00000234840,LINC01239
16570,ENSG00000234857,HNRNPUL2-BSCL2
16571,ENSG00000234880,LINC00163
16572,ENSG00000234883,MIR155HG
16573,ENSG00000234906,APOC2
16574,ENSG00000234945,GTF3C2-AS1
16575,ENSG00000234948,LINC01524
16576,ENSG00000234965,SHISA8
16577,ENSG00000235016,SEMA3F-AS1
16578,ENSG00000235026,DPP10-AS1
16579,ENSG00000235029,MNX1-AS2
16580,ENSG00000235034,C19orf81
16581,ENSG00000235092,ID2-AS1
16582,ENSG00000235097,LINC00330
16583,ENSG00000235098,ANKRD65
16584,ENSG00000235109,ZSCAN31
16585,ENSG00000235123,DSCAM-AS1
16586,ENSG00000235162,C12orf75
16587,ENSG00000235169,SMIM1
16588,ENSG00000235173,HGH1
16589,ENSG00000235180,LINC00601
16590,ENSG00000235191,NUCB1-AS1
16591,ENSG00000235194,PPP1R3E
16592,ENSG00000235202,LINC01525
16593,ENSG00000235221,LINC00383
16594,ENSG00000235244,DANT2
16595,ENSG00000235304,LINC01281
16596,ENSG00000235314,LINC00957
16597,ENSG00000235376,RPEL1
16598,ENSG00000235397,EPN2-AS1
16599,ENSG00000235448,LURAP1L-AS1
16600,ENSG00000235481,UBE2R2-AS1
16601,ENSG00000235488,JARID2-AS1
16602,ENSG00000235492,LINC01221
16603,ENSG00000235527,HIPK1-AS1
16604,ENSG00000235531,MSC-AS1
16605,ENSG00000235532,LINC00402
16606,ENSG00000235568,NFAM1
16607,ENSG00000235590,GNAS-AS1
16608,ENSG00000235597,LINC01102
16609,ENSG00000235621,LINC00494
16610,ENSG00000235631,RNF148
16611,ENSG00000235641,LINC00484
16612,ENSG00000235660,LINC00345
16613,ENSG00000235706,DICER1-AS1
16614,ENSG00000235711,ANKRD34C
16615,ENSG00000235750,KIAA0040
16616,ENSG00000235770,LINC00607
16617,ENSG00000235777,DPYD-AS2
16618,ENSG00000235802,HCFC1-AS1
16619,ENSG00000235823,OLMALINC
16620,ENSG00000235830,SRGAP3-AS4
16621,ENSG00000235831,BHLHE40-AS1
16622,ENSG00000235865,GSN-AS1
16623,ENSG00000235875,ARHGEF7-AS2
16624,ENSG00000235890,TSPEAR-AS1
16625,ENSG00000235897,TM4SF19-AS1
16626,ENSG00000235899,LINC01564
16627,ENSG00000235903,CPB2-AS1
16628,ENSG00000235904,RBMS3-AS3
16629,ENSG00000235914,MACROD2-AS1
16630,ENSG00000235919,ASH1L-AS1
16631,ENSG00000235927,NEXN-AS1
16632,ENSG00000235931,LINC01553
16633,ENSG00000235947,EGOT
16634,ENSG00000235958,UBOX5-AS1
16635,ENSG00000235961,PNMA6A
16636,ENSG00000235984,GPC5-AS1
16637,ENSG00000235989,MORC2-AS1
16638,ENSG00000236024,PRRX2-AS1
16639,ENSG00000236036,LINC00445
16640,ENSG00000236051,MYCBP2-AS1
16641,ENSG00000236076,LINC01072
16642,ENSG00000236078,LINC01447
16643,ENSG00000236081,ELFN1-AS1
16644,ENSG00000236104,ZBTB22
16645,ENSG00000236130,PTCSC2
16646,ENSG00000236144,TMEM147-AS1
16647,ENSG00000236188,PRKX-AS1
16648,ENSG00000236202,GRM7-AS1
16649,ENSG00000236204,LINC01376
16650,ENSG00000236242,MYO16-AS1
16651,ENSG00000236256,DIAPH2-AS1
16652,ENSG00000236268,LINC01361
16653,ENSG00000236279,CLEC2L
16654,ENSG00000236287,ZBED5
16655,ENSG00000236289,GACAT3
16656,ENSG00000236301,MRGPRG-AS1
16657,ENSG00000236306,LINC01241
16658,ENSG00000236320,SLFN14
16659,ENSG00000236334,PPIAL4G
16660,ENSG00000236384,LINC00479
16661,ENSG00000236404,VLDLR-AS1
16662,ENSG00000236423,LINC01134
16663,ENSG00000236463,LINC00427
16664,ENSG00000236467,KCNMA1-AS1
16665,ENSG00000236499,LINC00896
16666,ENSG00000236502,SIX3-AS1
16667,ENSG00000236548,RNF217-AS1
16668,ENSG00000236609,ZNF853
16669,ENSG00000236618,PITPNA-AS1
16670,ENSG00000236671,PRKG1-AS1
16671,ENSG00000236678,LINC00347
16672,ENSG00000236699,ARHGEF38
16673,ENSG00000236700,LINC01010
16674,ENSG00000236719,OVAAL
16675,ENSG00000236747,LINC01282
16676,ENSG00000236756,DNAJC9-AS1
16677,ENSG00000236758,MTUS2-AS2
16678,ENSG00000236761,CTAGE9
16679,ENSG00000236778,INTS6-AS1
16680,ENSG00000236790,LINC00299
16681,ENSG00000236819,LINC01563
16682,ENSG00000236824,BCYRN1
16683,ENSG00000236859,NIFK-AS1
16684,ENSG00000236882,LINC01554
16685,ENSG00000236991,EDRF1-AS1
16686,ENSG00000237009,GLIS3-AS1
16687,ENSG00000237036,ZEB1-AS1
16688,ENSG00000237080,EHMT2-AS1
16689,ENSG00000237125,HAND2-AS1
16690,ENSG00000237136,C4orf51
16691,ENSG00000237149,ZNF503-AS2
16692,ENSG00000237172,B3GNT9
16693,ENSG00000237187,NR2F1-AS1
16694,ENSG00000237190,CDKN2AIPNL
16695,ENSG00000237232,ZNF295-AS1
16696,ENSG00000237233,TMEM26-AS1
16697,ENSG00000237247,MBD3L5
16698,ENSG00000237248,LINC00987
16699,ENSG00000237267,LINC01519
16700,ENSG00000237281,CATIP-AS2
16701,ENSG00000237289,CKMT1B
16702,ENSG00000237298,TTN-AS1
16703,ENSG00000237328,RAI1-AS1
16704,ENSG00000237330,RNF223
16705,ENSG00000237338,FTCD-AS1
16706,ENSG00000237339,LINC01502
16707,ENSG00000237341,SYP-AS1
16708,ENSG00000237388,OR4A47
16709,ENSG00000237399,PITRM1-AS1
16710,ENSG00000237401,LINC01304
16711,ENSG00000237412,PRSS56
16712,ENSG00000237424,FOXD2-AS1
16713,ENSG00000237440,ZNF737
16714,ENSG00000237505,PKN2-AS1
16715,ENSG00000237512,UNC5B-AS1
16716,ENSG00000237515,SHISA9
16717,ENSG00000237521,OR7E24
16718,ENSG00000237523,LINC00857
16719,ENSG00000237579,LINC01514
16720,ENSG00000237651,C2orf74
16721,ENSG00000237664,LINC00316
16722,ENSG00000237693,IRGM
16723,ENSG00000237714,P4HA2-AS1
16724,ENSG00000237737,DCTN1-AS1
16725,ENSG00000237751,LINC01143
16726,ENSG00000237763,AMY1A
16727,ENSG00000237765,FAM200B
16728,ENSG00000237790,LINC01318
16729,ENSG00000237886,NALT1
16730,ENSG00000237914,SIRPG-AS1
16731,ENSG00000237928,NFIA-AS2
16732,ENSG00000237941,KCNQ1DN
16733,ENSG00000237945,LINC00649
16734,ENSG00000237986,CELF2-AS2
16735,ENSG00000238020,HTR3E-AS1
16736,ENSG00000238057,ZEB2-AS1
16737,ENSG00000238062,SPATA3-AS1
16738,ENSG00000238078,LINC01352
16739,ENSG00000238099,LINC01625
16740,ENSG00000238113,LINC01410
16741,ENSG00000238120,LINC01589
16742,ENSG00000238121,LINC00426
16743,ENSG00000238141,BRWD1-AS1
16744,ENSG00000238184,CD81-AS1
16745,ENSG00000238197,PAXBP1-AS1
16746,ENSG00000238243,OR2W3
16747,ENSG00000238269,PAGE2B
16748,ENSG00000238284,LINC01448
16749,ENSG00000239264,TXNDC5
16750,ENSG00000239305,RNF103
16751,ENSG00000239306,RBM14
16752,ENSG00000239322,ATP6V1B1-AS1
16753,ENSG00000239382,ALKBH6
16754,ENSG00000239388,ASB14
16755,ENSG00000239474,KLHL41
16756,ENSG00000239523,MYLK-AS2
16757,ENSG00000239571,IGKV2D-30
16758,ENSG00000239590,OR1J4
16759,ENSG00000239608,RUVBL1-AS1
16760,ENSG00000239642,MEIKIN
16761,ENSG00000239653,PSMD6-AS2
16762,ENSG00000239672,NME1
16763,ENSG00000239677,PDZRN3-AS1
16764,ENSG00000239697,TNFSF12
16765,ENSG00000239704,CDRT4
16766,ENSG00000239713,APOBEC3G
16767,ENSG00000239732,TLR9
16768,ENSG00000239779,WBP1
16769,ENSG00000239789,MRPS17
16770,ENSG00000239799,ITIH4-AS1
16771,ENSG00000239819,IGKV1D-8
16772,ENSG00000239839,DEFA3
16773,ENSG00000239855,IGKV1-6
16774,ENSG00000239857,GET4
16775,ENSG00000239862,IGKV1-37
16776,ENSG00000239887,C1orf226
16777,ENSG00000239900,ADSL
16778,ENSG00000239921,LINC01471
16779,ENSG00000239946,ZBTB20-AS3
16780,ENSG00000239951,IGKV3-20
16781,ENSG00000239961,LILRA4
16782,ENSG00000239975,IGKV1D-33
16783,ENSG00000240012,SLC9A9-AS1
16784,ENSG00000240021,TEX35
16785,ENSG00000240038,AMY2B
16786,ENSG00000240175,MAGI1-AS1
16787,ENSG00000240184,PCDHGC3
16788,ENSG00000240198,ARHGEF3-AS1
16789,ENSG00000240204,SMKR1
16790,ENSG00000240230,COX19
16791,ENSG00000240288,GHRLOS
16792,ENSG00000240303,ACAD11
16793,ENSG00000240344,PPIL3
16794,ENSG00000240382,IGKV1-17
16795,ENSG00000240423,LINC00636
16796,ENSG00000240476,LINC00973
16797,ENSG00000240498,CDKN2B-AS1
16798,ENSG00000240505,TNFRSF13B
16799,ENSG00000240541,TM4SF1-AS1
16800,ENSG00000240549,THOC7-AS1
16801,ENSG00000240563,L1TD1
16802,ENSG00000240583,AQP1
16803,ENSG00000240596,KCNAB1-AS2
16804,ENSG00000240654,C1QTNF9
16805,ENSG00000240671,IGKV1-8
16806,ENSG00000240682,ISY1
16807,ENSG00000240694,PNMA2
16808,ENSG00000240707,LINC01168
16809,ENSG00000240720,LRRD1
16810,ENSG00000240764,PCDHGC5
16811,ENSG00000240770,C21orf91-OT1
16812,ENSG00000240771,ARHGEF25
16813,ENSG00000240857,RDH14
16814,ENSG00000240864,IGKV1-16
16815,ENSG00000240871,KRTAP4-7
16816,ENSG00000240889,NDUFB2-AS1
16817,ENSG00000240891,PLCXD2
16818,ENSG00000240922,LSAMP-AS1
16819,ENSG00000240990,HOXA11-AS
16820,ENSG00000241058,NSUN6
16821,ENSG00000241111,PRICKLE2-AS1
16822,ENSG00000241119,UGT1A9
16823,ENSG00000241135,LINC00881
16824,ENSG00000241155,ARHGAP31-AS1
16825,ENSG00000241158,ADAMTS9-AS1
16826,ENSG00000241163,LINC00877
16827,ENSG00000241233,KRTAP5-8
16828,ENSG00000241244,IGKV1D-16
16829,ENSG00000241258,CRCP
16830,ENSG00000241294,IGKV2-24
16831,ENSG00000241313,WWTR1-AS1
16832,ENSG00000241336,LINC01487
16833,ENSG00000241343,RPL36A
16834,ENSG00000241351,IGKV3-11
16835,ENSG00000241359,SYNPR-AS1
16836,ENSG00000241360,PDXP
16837,ENSG00000241399,CD302
16838,ENSG00000241404,EGFL8
16839,ENSG00000241469,LINC00635
16840,ENSG00000241484,ARHGAP8
16841,ENSG00000241553,ARPC4
16842,ENSG00000241560,ZBTB20-AS1
16843,ENSG00000241563,CORT
16844,ENSG00000241566,IGKV2D-24
16845,ENSG00000241570,PAQR9-AS1
16846,ENSG00000241598,KRTAP5-4
16847,ENSG00000241635,UGT1A1
16848,ENSG00000241644,INMT
16849,ENSG00000241684,ADAMTS9-AS2
16850,ENSG00000241685,ARPC1A
16851,ENSG00000241697,TMEFF1
16852,ENSG00000241755,IGKV1-9
16853,ENSG00000241794,SPRR2A
16854,ENSG00000241832,CECR3
16855,ENSG00000241839,PLEKHO2
16856,ENSG00000241852,C8orf58
16857,ENSG00000241878,PISD
16858,ENSG00000241935,HOGA1
16859,ENSG00000241945,PWP2
16860,ENSG00000241973,PI4KA
16861,ENSG00000242028,HYPK
16862,ENSG00000242049,DNAJB8-AS1
16863,ENSG00000242076,IGKV1-33
16864,ENSG00000242107,LINC01100
16865,ENSG00000242110,AMACR
16866,ENSG00000242114,MTFP1
16867,ENSG00000242173,ARHGDIG
16868,ENSG00000242207,HOXB-AS4
16869,ENSG00000242220,TCP10L
16870,ENSG00000242221,PSG2
16871,ENSG00000242247,ARFGAP3
16872,ENSG00000242252,BGLAP
16873,ENSG00000242258,LINC00996
16874,ENSG00000242259,C22orf39
16875,ENSG00000242265,PEG10
16876,ENSG00000242366,UGT1A8
16877,ENSG00000242370,KCNAB1-AS1
16878,ENSG00000242371,IGKV1-39
16879,ENSG00000242372,EIF6
16880,ENSG00000242385,LINC00901
16881,ENSG00000242389,RBMY1E
16882,ENSG00000242419,PCDHGC4
16883,ENSG00000242441,GTF2A1L
16884,ENSG00000242485,MRPL20
16885,ENSG00000242498,ARPIN
16886,ENSG00000242512,LINC01206
16887,ENSG00000242515,UGT1A10
16888,ENSG00000242516,LINC00960
16889,ENSG00000242522,KLHL6-AS1
16890,ENSG00000242534,IGKV2D-28
16891,ENSG00000242550,SERPINB10
16892,ENSG00000242574,HLA-DMB
16893,ENSG00000242580,IGKV1D-43
16894,ENSG00000242616,GNG10
16895,ENSG00000242641,LINC00971
16896,ENSG00000242689,CNTF
16897,ENSG00000242715,CCDC169
16898,ENSG00000242766,IGKV1D-17
16899,ENSG00000242767,ZBTB20-AS4
16900,ENSG00000242802,AP5Z1
16901,ENSG00000242852,ZNF709
16902,ENSG00000242866,STRC
16903,ENSG00000242950,ERVW-1
16904,ENSG00000243056,EIF4EBP3
16905,ENSG00000243063,IGKV3-7
16906,ENSG00000243083,LINC00870
16907,ENSG00000243137,PSG4
16908,ENSG00000243147,MRPL33
16909,ENSG00000243156,MICAL3
16910,ENSG00000243197,TUSC7
16911,ENSG00000243207,PPAN-P2RY11
16912,ENSG00000243232,PCDHAC2
16913,ENSG00000243238,IGKV2-30
16914,ENSG00000243244,STON1
16915,ENSG00000243264,IGKV2D-29
16916,ENSG00000243279,PRAF2
16917,ENSG00000243284,VSIG8
16918,ENSG00000243290,IGKV1-12
16919,ENSG00000243335,KCTD7
16920,ENSG00000243364,EFNA4
16921,ENSG00000243414,TICAM2
16922,ENSG00000243466,IGKV1-5
16923,ENSG00000243480,AMY2A
16924,ENSG00000243543,WFDC6
16925,ENSG00000243550,LINC01214
16926,ENSG00000243629,LINC00880
16927,ENSG00000243646,IL10RB
16928,ENSG00000243660,ZNF487
16929,ENSG00000243678,NME2
16930,ENSG00000243701,DUBR
16931,ENSG00000243708,PLA2G4B
16932,ENSG00000243709,LEFTY1
16933,ENSG00000243710,CFAP57
16934,ENSG00000243715,CACNA2D3-AS1
16935,ENSG00000243725,TTC4
16936,ENSG00000243789,JMJD7
16937,ENSG00000243811,APOBEC3D
16938,ENSG00000243819,RN7SL832P
16939,ENSG00000243896,OR2A7
16940,ENSG00000243910,TUBA4B
16941,ENSG00000243926,LINC00886
16942,ENSG00000243927,MRPS6
16943,ENSG00000243943,ZNF512
16944,ENSG00000243955,GSTA1
16945,ENSG00000243989,ACY1
16946,ENSG00000244005,NFS1
16947,ENSG00000244020,MT1HL1
16948,ENSG00000244025,KRTAP19-3
16949,ENSG00000244038,DDOST
16950,ENSG00000244040,IL12A-AS1
16951,ENSG00000244041,LINC01011
16952,ENSG00000244067,GSTA2
16953,ENSG00000244094,SPRR2F
16954,ENSG00000244115,DNAJC25-GNG10
16955,ENSG00000244116,IGKV2-28
16956,ENSG00000244122,UGT1A7
16957,ENSG00000244128,LINC01322
16958,ENSG00000244161,FLNB-AS1
16959,ENSG00000244165,P2RY11
16960,ENSG00000244187,TMEM141
16961,ENSG00000244203,FOXP1-AS1
16962,ENSG00000244242,IFITM10
16963,ENSG00000244274,DBNDD2
16964,ENSG00000244302,PEX5L-AS2
16965,ENSG00000244342,LINC00698
16966,ENSG00000244383,FAM3D-AS1
16967,ENSG00000244405,ETV5
16968,ENSG00000244411,KRTAP5-7
16969,ENSG00000244414,CFHR1
16970,ENSG00000244437,IGKV3-15
16971,ENSG00000244462,RBM12
16972,ENSG00000244476,ERVFRD-1
16973,ENSG00000244486,SCARF2
16974,ENSG00000244502,HDAC11-AS1
16975,ENSG00000244509,APOBEC3C
16976,ENSG00000244558,LINC01260
16977,ENSG00000244575,IGKV1-27
16978,ENSG00000244578,LINC01391
16979,ENSG00000244586,WNT5A-AS1
16980,ENSG00000244588,RAD21L1
16981,ENSG00000244607,CCDC13
16982,ENSG00000244617,ASPRV1
16983,ENSG00000244623,OR2AE1
16984,ENSG00000244625,MIATNB
16985,ENSG00000244687,UBE2V1
16986,ENSG00000244694,PTCHD4
16987,ENSG00000244731,C4A
16988,ENSG00000244734,HBB
16989,ENSG00000244752,CRYBB2
16990,ENSG00000244754,N4BP2L2
16991,ENSG00000244926,ALKBH3-AS1
16992,ENSG00000244968,LIFR-AS1
16993,ENSG00000245060,LINC00847
16994,ENSG00000245067,IGFBP7-AS1
16995,ENSG00000245105,A2M-AS1
16996,ENSG00000245148,ARAP1-AS2
16997,ENSG00000245164,LINC00861
16998,ENSG00000245248,USP2-AS1
16999,ENSG00000245275,SAP30L-AS1
17000,ENSG00000245532,NEAT1
17001,ENSG00000245534,RORA-AS1
17002,ENSG00000245556,SCAMP1-AS1
17003,ENSG00000245573,BDNF-AS
17004,ENSG00000245598,DACT3-AS1
17005,ENSG00000245614,DDX11-AS1
17006,ENSG00000245680,ZNF585B
17007,ENSG00000245711,NADK2-AS1
17008,ENSG00000245750,DRAIC
17009,ENSG00000245832,MIR4300HG
17010,ENSG00000245848,CEBPA
17011,ENSG00000245857,GS1-24F4.2
17012,ENSG00000245870,LINC00682
17013,ENSG00000246022,ALDH1L1-AS2
17014,ENSG00000246174,KCTD21-AS1
17015,ENSG00000246223,LINC01550
17016,ENSG00000246228,CASC8
17017,ENSG00000246273,SBF2-AS1
17018,ENSG00000246339,EXTL3-AS1
17019,ENSG00000246366,LACTB2-AS1
17020,ENSG00000246430,LINC00968
17021,ENSG00000246695,RASSF8-AS1
17022,ENSG00000246731,MGC16275
17023,ENSG00000246740,PLA2G4E-AS1
17024,ENSG00000246763,RGMB-AS1
17025,ENSG00000246859,STARD4-AS1
17026,ENSG00000246922,UBAP1L
17027,ENSG00000247077,PGAM5
17028,ENSG00000247092,SNHG10
17029,ENSG00000247157,LINC01252
17030,ENSG00000247213,LINC01498
17031,ENSG00000247271,ZBED5-AS1
17032,ENSG00000247315,ZCCHC3
17033,ENSG00000247516,MIR4458HG
17034,ENSG00000247572,CKMT2-AS1
17035,ENSG00000247596,TWF2
17036,ENSG00000247626,MARS2
17037,ENSG00000247675,LRP4-AS1
17038,ENSG00000247708,STX18-AS1
17039,ENSG00000247746,USP51
17040,ENSG00000247775,SNCA-AS1
17041,ENSG00000247950,SEC24B-AS1
17042,ENSG00000247982,LINC00926
17043,ENSG00000248008,NRAV
17044,ENSG00000248098,BCKDHA
17045,ENSG00000248099,INSL3
17046,ENSG00000248118,LINC01019
17047,ENSG00000248131,LINC01194
17048,ENSG00000248144,ADH1C
17049,ENSG00000248167,TRIM39-RPP21
17050,ENSG00000248211,TRPC7-AS1
17051,ENSG00000248256,OCIAD1-AS1
17052,ENSG00000248307,LINC00616
17053,ENSG00000248309,MEF2C-AS1
17054,ENSG00000248329,APELA
17055,ENSG00000248333,CDK11B
17056,ENSG00000248360,LINC00504
17057,ENSG00000248405,PRR5-ARHGAP8
17058,ENSG00000248445,SEMA6A-AS1
17059,ENSG00000248464,FGF10-AS1
17060,ENSG00000248483,POU5F2
17061,ENSG00000248485,PCP4L1
17062,ENSG00000248487,ABHD14A
17063,ENSG00000248492,ZFAT-AS1
17064,ENSG00000248550,OTX2-AS1
17065,ENSG00000248643,RBM14-RBM4
17066,ENSG00000248672,LY75-CD302
17067,ENSG00000248673,LINC01331
17068,ENSG00000248690,HAS2-AS1
17069,ENSG00000248724,NPHP3-AS1
17070,ENSG00000248730,EGFLAM-AS4
17071,ENSG00000248746,ACTN3
17072,ENSG00000248801,C8orf34-AS1
17073,ENSG00000248809,LINC01095
17074,ENSG00000248859,LINC01574
17075,ENSG00000248890,HHIP-AS1
17076,ENSG00000248905,FMN1
17077,ENSG00000249087,ZNF436-AS1
17078,ENSG00000249115,HAUS5
17079,ENSG00000249139,EPPIN-WFDC6
17080,ENSG00000249173,LINC01093
17081,ENSG00000249231,CASC16
17082,ENSG00000249242,TMEM150C
17083,ENSG00000249267,LINC00939
17084,ENSG00000249306,LINC01411
17085,ENSG00000249310,APOBEC3B-AS1
17086,ENSG00000249346,LINC01016
17087,ENSG00000249348,UGDH-AS1
17088,ENSG00000249375,CASC11
17089,ENSG00000249388,FLJ12825
17090,ENSG00000249395,CASC9
17091,ENSG00000249437,NAIP
17092,ENSG00000249459,ZNF286B
17093,ENSG00000249464,LINC01091
17094,ENSG00000249471,ZNF324B
17095,ENSG00000249481,SPATS1
17096,ENSG00000249484,LINC01470
17097,ENSG00000249487,LINC01586
17098,ENSG00000249491,EGFLAM-AS1
17099,ENSG00000249500,LINC01179
17100,ENSG00000249534,LINC01258
17101,ENSG00000249550,LINC01234
17102,ENSG00000249581,CLRN2
17103,ENSG00000249628,LINC00942
17104,ENSG00000249641,HOXC13-AS
17105,ENSG00000249667,LINC01259
17106,ENSG00000249709,ZNF564
17107,ENSG00000249715,FER1L5
17108,ENSG00000249740,LINC01265
17109,ENSG00000249751,ECSCR
17110,ENSG00000249803,CTB-1I21.1
17111,ENSG00000249816,LINC00964
17112,ENSG00000249835,VCAN-AS1
17113,ENSG00000249853,HS3ST5
17114,ENSG00000249859,PVT1
17115,ENSG00000249861,LGALS16
17116,ENSG00000249884,RNF103-CHMP3
17117,ENSG00000249915,PDCD6
17118,ENSG00000249917,LINC00536
17119,ENSG00000249931,GOLGA8K
17120,ENSG00000249978,TRGV7
17121,ENSG00000249992,TMEM158
17122,ENSG00000249993,BFSP2-AS1
17123,ENSG00000250036,IGKV1D-37
17124,ENSG00000250067,YJEFN3
17125,ENSG00000250107,CACNA1G-AS1
17126,ENSG00000250151,ARPC4-TTLL3
17127,ENSG00000250218,ALDH1L1-AS1
17128,ENSG00000250254,PTTG2
17129,ENSG00000250266,LINC01612
17130,ENSG00000250295,RDH10-AS1
17131,ENSG00000250312,ZNF718
17132,ENSG00000250317,SMIM20
17133,ENSG00000250331,LINC01340
17134,ENSG00000250334,LINC00989
17135,ENSG00000250361,GYPB
17136,ENSG00000250366,TUNAR
17137,ENSG00000250423,KIAA1210
17138,ENSG00000250433,CLSTN2-AS1
17139,ENSG00000250451,HOXC-AS1
17140,ENSG00000250486,FAM218A
17141,ENSG00000250506,CDK3
17142,ENSG00000250510,GPR162
17143,ENSG00000250565,ATP6V1E2
17144,ENSG00000250571,GLI4
17145,ENSG00000250584,LINC01511
17146,ENSG00000250585,LINC00604
17147,ENSG00000250634,LINC01182
17148,ENSG00000250682,LINC00491
17149,ENSG00000250709,CCDC169-SOHLH2
17150,ENSG00000250739,LINC01262
17151,ENSG00000250786,SNHG18
17152,ENSG00000250799,PRODH2
17153,ENSG00000250802,ZBED3-AS1
17154,ENSG00000250846,EPHA5-AS1
17155,ENSG00000250888,LINC01455
17156,ENSG00000250902,SMAD1-AS1
17157,ENSG00000250930,LNX1-AS1
17158,ENSG00000250958,LINC00492
17159,ENSG00000250988,SNHG21
17160,ENSG00000251022,THAP9-AS1
17161,ENSG00000251075,HTT-AS
17162,ENSG00000251128,WWC2-AS1
17163,ENSG00000251165,F11-AS1
17164,ENSG00000251179,TMEM92-AS1
17165,ENSG00000251191,LINC00589
17166,ENSG00000251192,ZNF674
17167,ENSG00000251201,TMED7-TICAM2
17168,ENSG00000251209,LINC00923
17169,ENSG00000251221,LINC01337
17170,ENSG00000251230,MIR3945HG
17171,ENSG00000251247,ZNF345
17172,ENSG00000251258,RFPL4B
17173,ENSG00000251260,WDFY3-AS1
17174,ENSG00000251287,ALG1L2
17175,ENSG00000251321,PCAT4
17176,ENSG00000251359,WWC2-AS2
17177,ENSG00000251369,ZNF550
17178,ENSG00000251380,DCANP1
17179,ENSG00000251381,LINC00958
17180,ENSG00000251493,FOXD1
17181,ENSG00000251504,LINC01099
17182,ENSG00000251533,LINC00605
17183,ENSG00000251546,IGKV1D-39
17184,ENSG00000251562,MALAT1
17185,ENSG00000251576,LINC01267
17186,ENSG00000251620,STPG2-AS1
17187,ENSG00000251692,PTX4
17188,ENSG00000253103,LINC01609
17189,ENSG00000253117,OC90
17190,ENSG00000253138,LINC00967
17191,ENSG00000253159,PCDHGA12
17192,ENSG00000253161,LINC01605
17193,ENSG00000253187,HOXA10-AS
17194,ENSG00000253239,IGLVI-70
17195,ENSG00000253250,C8orf88
17196,ENSG00000253276,CCDC71L
17197,ENSG00000253278,IGKV2-10
17198,ENSG00000253293,HOXA10
17199,ENSG00000253301,LINC01606
17200,ENSG00000253302,STAU2-AS1
17201,ENSG00000253304,TMEM200B
17202,ENSG00000253305,PCDHGB6
17203,ENSG00000253309,SERPINE3
17204,ENSG00000253313,C1orf210
17205,ENSG00000253327,RAD21-AS1
17206,ENSG00000253352,TUG1
17207,ENSG00000253368,TRNP1
17208,ENSG00000253438,PCAT1
17209,ENSG00000253448,IGLV3-6
17210,ENSG00000253457,SMIM18
17211,ENSG00000253479,LINC01603
17212,ENSG00000253485,PCDHGA5
17213,ENSG00000253497,IGKV1-13
17214,ENSG00000253506,NACA2
17215,ENSG00000253522,MIR3142HG
17216,ENSG00000253537,PCDHGA7
17217,ENSG00000253548,PYDC2
17218,ENSG00000253559,OSGEPL1-AS1
17219,ENSG00000253563,NKX2-1-AS1
17220,ENSG00000253595,LINC01300
17221,ENSG00000253598,SLC10A5
17222,ENSG00000253626,EIF5AL1
17223,ENSG00000253658,LINC01592
17224,ENSG00000253686,LINC01484
17225,ENSG00000253710,ALG11
17226,ENSG00000253716,MINCR
17227,ENSG00000253719,ATXN7L3B
17228,ENSG00000253729,PRKDC
17229,ENSG00000253731,PCDHGA6
17230,ENSG00000253732,IGKV2-19
17231,ENSG00000253733,LZTS1-AS1
17232,ENSG00000253734,LINC01289
17233,ENSG00000253767,PCDHGA8
17234,ENSG00000253797,UTP14C
17235,ENSG00000253831,ETV3L
17236,ENSG00000253846,PCDHGA10
17237,ENSG00000253868,FER1L6-AS2
17238,ENSG00000253873,PCDHGA11
17239,ENSG00000253877,LINC01608
17240,ENSG00000253898,LINC01419
17241,ENSG00000253910,PCDHGB2
17242,ENSG00000253953,PCDHGB4
17243,ENSG00000253958,CLDN23
17244,ENSG00000253998,IGKV2-29
17245,ENSG00000254004,ZNF260
17246,ENSG00000254017,IGHEP2
17247,ENSG00000254029,IGLC4
17248,ENSG00000254030,IGLC5
17249,ENSG00000254081,LINC01299
17250,ENSG00000254083,LINC01591
17251,ENSG00000254087,LYN
17252,ENSG00000254098,IGKV2-26
17253,ENSG00000254109,RBPMS-AS1
17254,ENSG00000254122,PCDHGB7
17255,ENSG00000254157,IGKV2-18
17256,ENSG00000254166,PCAT2
17257,ENSG00000254211,LINC01485
17258,ENSG00000254221,PCDHGB1
17259,ENSG00000254245,PCDHGA3
17260,ENSG00000254266,PKIA-AS1
17261,ENSG00000254300,LINC01111
17262,ENSG00000254349,MIR2052HG
17263,ENSG00000254369,HOXA-AS3
17264,ENSG00000254389,RHPN1-AS1
17265,ENSG00000254402,LRRC24
17266,ENSG00000254413,CHKB-CPT1B
17267,ENSG00000254415,SIGLEC14
17268,ENSG00000254440,PBOV1
17269,ENSG00000254445,HSPB2-C11orf52
17270,ENSG00000254466,OR4D10
17271,ENSG00000254470,AP5B1
17272,ENSG00000254521,SIGLEC12
17273,ENSG00000254535,PABPC4L
17274,ENSG00000254542,NAV2-AS3
17275,ENSG00000254560,BBOX1-AS1
17276,ENSG00000254598,CSNK2A3
17277,ENSG00000254622,NAV2-AS4
17278,ENSG00000254636,ARMS2
17279,ENSG00000254656,RTL1
17280,ENSG00000254685,FPGT
17281,ENSG00000254703,SENCR
17282,ENSG00000254709,IGLL5
17283,ENSG00000254726,MEX3A
17284,ENSG00000254772,EEF1G
17285,ENSG00000254788,CKLF-CMTM1
17286,ENSG00000254806,SYS1-DBNDD2
17287,ENSG00000254858,MPV17L2
17288,ENSG00000254870,ATP6V1G2-DDX39B
17289,ENSG00000254901,BORCS8
17290,ENSG00000254911,SCARNA9
17291,ENSG00000254934,LINC00678
17292,ENSG00000254986,DPP3
17293,ENSG00000254995,STX16-NPEPL1
17294,ENSG00000254996,ANKHD1-EIF4EBP3
17295,ENSG00000254997,KRTAP5-9
17296,ENSG00000254999,BRK1
17297,ENSG00000255009,UBTFL1
17298,ENSG00000255052,FAM66D
17299,ENSG00000255071,SAA2-SAA4
17300,ENSG00000255082,GRM5-AS1
17301,ENSG00000255112,CHMP1B
17302,ENSG00000255120,OVOL1-AS1
17303,ENSG00000255150,EID3
17304,ENSG00000255181,CCDC166
17305,ENSG00000255192,NANOGP8
17306,ENSG00000255223,OR5M11
17307,ENSG00000255245,FXYD6-FXYD2
17308,ENSG00000255248,MIR100HG
17309,ENSG00000255298,OR8G5
17310,ENSG00000255302,EID1
17311,ENSG00000255346,NOX5
17312,ENSG00000255359,CCDC179
17313,ENSG00000255374,TAS2R43
17314,ENSG00000255398,HCAR3
17315,ENSG00000255399,TBX5-AS1
17316,ENSG00000255423,EBLN2
17317,ENSG00000255501,CARD18
17318,ENSG00000255524,NPIPB8
17319,ENSG00000255526,NEDD8-MDP1
17320,ENSG00000255529,POLR2M
17321,ENSG00000255559,ZNF252P-AS1
17322,ENSG00000255561,FDXACB1
17323,ENSG00000255569,TRAV1-1
17324,ENSG00000255571,MIR9-3HG
17325,ENSG00000255582,OR10G2
17326,ENSG00000255587,RAB44
17327,ENSG00000255650,FAM222A-AS1
17328,ENSG00000255660,RERG-AS1
17329,ENSG00000255690,TRIL
17330,ENSG00000255733,IFNG-AS1
17331,ENSG00000255737,AGAP2-AS1
17332,ENSG00000255772,LINC01479
17333,ENSG00000255833,TIFAB
17334,ENSG00000255837,TAS2R20
17335,ENSG00000255857,PXN-AS1
17336,ENSG00000255867,DENND5B-AS1
17337,ENSG00000255920,CCND2-AS1
17338,ENSG00000255974,CYP2A6
17339,ENSG00000256040,PAPPA-AS1
17340,ENSG00000256043,CTSO
17341,ENSG00000256087,ZNF432
17342,ENSG00000256124,LINC01152
17343,ENSG00000256188,TAS2R30
17344,ENSG00000256193,LINC00507
17345,ENSG00000256223,ZNF10
17346,ENSG00000256229,ZNF486
17347,ENSG00000256235,SMIM3
17348,ENSG00000256269,HMBS
17349,ENSG00000256294,ZNF225
17350,ENSG00000256436,TAS2R31
17351,ENSG00000256453,DND1
17352,ENSG00000256463,SALL3
17353,ENSG00000256474,TRAV11
17354,ENSG00000256508,MRGPRF-AS1
17355,ENSG00000256525,POLG2
17356,ENSG00000256537,SMIM10L1
17357,ENSG00000256553,TRAV1-2
17358,ENSG00000256590,TRDV3
17359,ENSG00000256628,ZBTB11-AS1
17360,ENSG00000256660,CLEC12B
17361,ENSG00000256683,ZNF350
17362,ENSG00000256713,PGA5
17363,ENSG00000256751,PLBD1-AS1
17364,ENSG00000256762,STH
17365,ENSG00000256771,ZNF253
17366,ENSG00000256797,KLRF2
17367,ENSG00000256806,C17orf100
17368,ENSG00000256812,CAPNS2
17369,ENSG00000256870,SLC5A8
17370,ENSG00000256977,LIMS3
17371,ENSG00000256980,KHDC1L
17372,ENSG00000257008,GPR142
17373,ENSG00000257017,HP
17374,ENSG00000257057,C11orf97
17375,ENSG00000257103,LSM14A
17376,ENSG00000257108,NHLRC4
17377,ENSG00000257127,CLLU1
17378,ENSG00000257138,TAS2R38
17379,ENSG00000257167,TMPO-AS1
17380,ENSG00000257218,GATC
17381,ENSG00000257315,ZBED6
17382,ENSG00000257365,FNTB
17383,ENSG00000257446,ZNF878
17384,ENSG00000257495,KRT73-AS1
17385,ENSG00000257520,SFTA3
17386,ENSG00000257529,RPL36A-HNRNPH2
17387,ENSG00000257551,HLX-AS1
17388,ENSG00000257585,LINC00609
17389,ENSG00000257591,ZNF625
17390,ENSG00000257594,GALNT4
17391,ENSG00000257612,MIR4307HG
17392,ENSG00000257621,PSMA3-AS1
17393,ENSG00000257702,LBX2-AS1
17394,ENSG00000257704,INAFM1
17395,ENSG00000257727,CNPY2
17396,ENSG00000257741,LINC01490
17397,ENSG00000257743,MGAM2
17398,ENSG00000257859,CASC18
17399,ENSG00000257923,CUX1
17400,ENSG00000257949,TEN1
17401,ENSG00000257950,P2RX5-TAX1BP3
17402,ENSG00000258057,BCDIN3D-AS1
17403,ENSG00000258102,MAP1LC3B2
17404,ENSG00000258169,LINC00485
17405,ENSG00000258223,PRSS58
17406,ENSG00000258227,CLEC5A
17407,ENSG00000258279,LINC00592
17408,ENSG00000258289,CHURC1
17409,ENSG00000258366,RTEL1
17410,ENSG00000258388,PPT2-EGFL8
17411,ENSG00000258405,ZNF578
17412,ENSG00000258429,PDF
17413,ENSG00000258476,LINC01580
17414,ENSG00000258479,LINC00640
17415,ENSG00000258484,SPESP1
17416,ENSG00000258498,DIO3OS
17417,ENSG00000258512,LINC00239
17418,ENSG00000258537,FRMD6-AS2
17419,ENSG00000258545,RHOXF1-AS1
17420,ENSG00000258548,LINC00645
17421,ENSG00000258551,CRAT37
17422,ENSG00000258555,SPECC1L-ADORA2A
17423,ENSG00000258583,LINC01500
17424,ENSG00000258602,LINC01629
17425,ENSG00000258609,LINC-ROR
17426,ENSG00000258643,BCL2L2-PABPN1
17427,ENSG00000258644,SYNJ2BP-COX16
17428,ENSG00000258659,TRIM34
17429,ENSG00000258673,LINC01397
17430,ENSG00000258700,LINC00871
17431,ENSG00000258708,SLC25A21-AS1
17432,ENSG00000258713,C20orf141
17433,ENSG00000258724,PINX1
17434,ENSG00000258725,PRC1-AS1
17435,ENSG00000258730,ITPK1-AS1
17436,ENSG00000258766,DIO2-AS1
17437,ENSG00000258791,LINC00520
17438,ENSG00000258812,TRAV33
17439,ENSG00000258818,RNASE4
17440,ENSG00000258839,MC1R
17441,ENSG00000258873,DUXA
17442,ENSG00000258890,CEP95
17443,ENSG00000258920,FOXN3-AS1
17444,ENSG00000258947,TUBB3
17445,ENSG00000258977,LINC01467
17446,ENSG00000258984,UBE2F-SCLY
17447,ENSG00000258986,TMEM179
17448,ENSG00000259024,TVP23C-CDRT4
17449,ENSG00000259030,FPGT-TNNI3K
17450,ENSG00000259070,LINC00639
17451,ENSG00000259073,FOXN3-AS2
17452,ENSG00000259075,POC1B-GALNT4
17453,ENSG00000259091,LINC00517
17454,ENSG00000259092,TRAV30
17455,ENSG00000259104,PTCSC3
17456,ENSG00000259107,LINC00911
17457,ENSG00000259112,NDUFC2-KCTD14
17458,ENSG00000259125,LRP1-AS
17459,ENSG00000259129,LINC00648
17460,ENSG00000259134,LINC00924
17461,ENSG00000259150,LINC00929
17462,ENSG00000259207,ITGB3
17463,ENSG00000259224,SLC35G6
17464,ENSG00000259248,USP3-AS1
17465,ENSG00000259303,IGHV2OR16-5
17466,ENSG00000259305,ZHX1-C8orf76
17467,ENSG00000259330,INAFM2
17468,ENSG00000259332,ST20-MTHFS
17469,ENSG00000259361,LINC00927
17470,ENSG00000259384,GH1
17471,ENSG00000259431,THTPA
17472,ENSG00000259456,ADNP-AS1
17473,ENSG00000259458,MGC15885
17474,ENSG00000259462,CPEB1-AS1
17475,ENSG00000259471,LINC01169
17476,ENSG00000259494,MRPL46
17477,ENSG00000259518,LINC01583
17478,ENSG00000259527,LINC00052
17479,ENSG00000259571,BLID
17480,ENSG00000259666,LINGO1-AS1
17481,ENSG00000259673,IQCH-AS1
17482,ENSG00000259736,CRTC3-AS1
17483,ENSG00000259764,PCSK6-AS1
17484,ENSG00000259803,SLC22A31
17485,ENSG00000259823,LYPD8
17486,ENSG00000259831,LINC00567
17487,ENSG00000259849,VENTXP1
17488,ENSG00000259883,EHD4-AS1
17489,ENSG00000259905,PWRN1
17490,ENSG00000259954,IL21R-AS1
17491,ENSG00000259956,RBM15B
17492,ENSG00000259974,LINC00261
17493,ENSG00000260001,TGFBR3L
17494,ENSG00000260027,HOXB7
17495,ENSG00000260034,LCMT1-AS2
17496,ENSG00000260083,MIR762HG
17497,ENSG00000260094,LINC00564
17498,ENSG00000260097,SPDYE6
17499,ENSG00000260102,LINC01070
17500,ENSG00000260125,AGBL1-AS1
17501,ENSG00000260172,LINC01413
17502,ENSG00000260220,CCDC187
17503,ENSG00000260230,FRRS1L
17504,ENSG00000260238,PMF1-BGLAP
17505,ENSG00000260260,SNHG19
17506,ENSG00000260268,LINC00919
17507,ENSG00000260314,MRC1
17508,ENSG00000260325,HSPB9
17509,ENSG00000260339,HEXA-AS1
17510,ENSG00000260372,AQP4-AS1
17511,ENSG00000260388,LINC00562
17512,ENSG00000260428,SCX
17513,ENSG00000260439,LMF1-AS1
17514,ENSG00000260442,ATP2A1-AS1
17515,ENSG00000260448,LCMT1-AS1
17516,ENSG00000260456,C16orf95
17517,ENSG00000260458,KCNJ18
17518,ENSG00000260468,LINC01290
17519,ENSG00000260492,CISTR
17520,ENSG00000260551,PWRN2
17521,ENSG00000260596,DUX4
17522,ENSG00000260630,SNAI3-AS1
17523,ENSG00000260676,LINC01541
17524,ENSG00000260691,ANKRD20A1
17525,ENSG00000260704,LINC00543
17526,ENSG00000260720,LINC01243
17527,ENSG00000260737,LINC01227
17528,ENSG00000260738,LINC00554
17529,ENSG00000260785,CASC17
17530,ENSG00000260852,FBXL19-AS1
17531,ENSG00000260880,HCCAT5
17532,ENSG00000260887,CASC22
17533,ENSG00000260898,ADPGK-AS1
17534,ENSG00000260903,XKR7
17535,ENSG00000260913,LINC01254
17536,ENSG00000260916,CCPG1
17537,ENSG00000260930,LINC01416
17538,ENSG00000261008,LINC01572
17539,ENSG00000261052,SULT1A3
17540,ENSG00000261082,LINC01228
17541,ENSG00000261097,LINC00563
17542,ENSG00000261105,LMO7-AS1
17543,ENSG00000261115,TMEM178B
17544,ENSG00000261150,EPPK1
17545,ENSG00000261210,CLEC19A
17546,ENSG00000261221,ZNF865
17547,ENSG00000261236,BOP1
17548,ENSG00000261340,LINC01616
17549,ENSG00000261359,PYCARD-AS1
17550,ENSG00000261371,PECAM1
17551,ENSG00000261373,VPS9D1-AS1
17552,ENSG00000261390,MAFTRR
17553,ENSG00000261408,TEN1-CDK3
17554,ENSG00000261455,LINC01003
17555,ENSG00000261456,TUBB8
17556,ENSG00000261498,LINC00566
17557,ENSG00000261520,DLGAP1-AS5
17558,ENSG00000261594,TPBGL
17559,ENSG00000261609,GAN
17560,ENSG00000261656,BEAN1-AS1
17561,ENSG00000261664,TTC39A-AS1
17562,ENSG00000261678,SCRT1
17563,ENSG00000261683,LINC00838
17564,ENSG00000261701,HPR
17565,ENSG00000261706,LINC00165
17566,ENSG00000261715,LINC01477
17567,ENSG00000261729,GS1-204I12.4
17568,ENSG00000261738,MIR3976HG
17569,ENSG00000261739,GOLGA8S
17570,ENSG00000261742,LINC00922
17571,ENSG00000261787,TCF24
17572,ENSG00000261794,GOLGA8H
17573,ENSG00000261801,LOXL1-AS1
17574,ENSG00000261824,LINC00662
17575,ENSG00000261857,MIA
17576,ENSG00000261934,PCDHGA9
17577,ENSG00000261949,GFY
17578,ENSG00000262075,DKFZP434A062
17579,ENSG00000262117,BCAR4
17580,ENSG00000262209,PCDHGB3
17581,ENSG00000262246,CORO7
17582,ENSG00000262406,MMP12
17583,ENSG00000262454,MIR193BHG
17584,ENSG00000262468,LINC01569
17585,ENSG00000262484,CCER2
17586,ENSG00000262576,PCDHGA4
17587,ENSG00000262628,OR1D5
17588,ENSG00000262655,SPON1
17589,ENSG00000262664,OVCA2
17590,ENSG00000262686,GLIS2-AS1
17591,ENSG00000262814,MRPL12
17592,ENSG00000262874,C19orf84
17593,ENSG00000263001,GTF2I
17594,ENSG00000263002,ZNF234
17595,ENSG00000263072,ZNF213-AS1
17596,ENSG00000263155,MYZAP
17597,ENSG00000263327,TAPT1-AS1
17598,ENSG00000263400,TMEM220-AS1
17599,ENSG00000263417,GTSCR1
17600,ENSG00000263465,SRSF8
17601,ENSG00000263513,FAM72C
17602,ENSG00000263528,IKBKE
17603,ENSG00000263586,HID1-AS1
17604,ENSG00000263639,MSMB
17605,ENSG00000263724,DLGAP1-AS3
17606,ENSG00000263753,LINC00667
17607,ENSG00000263878,DLGAP1-AS4
17608,ENSG00000263956,NBPF11
17609,ENSG00000264115,MIR3180-4
17610,ENSG00000264230,ANXA8L1
17611,ENSG00000264301,LINC01444
17612,ENSG00000264364,DYNLL2
17613,ENSG00000264424,MYH4
17614,ENSG00000264522,OTUD7B
17615,ENSG00000264707,L3MBTL4-AS1
17616,ENSG00000264745,TTC39C-AS1
17617,ENSG00000264769,MAFG-AS1
17618,ENSG00000264859,DSG2-AS1
17619,ENSG00000264954,PRR29-AS1
17620,ENSG00000265096,C1QTNF1-AS1
17621,ENSG00000265107,GJA5
17622,ENSG00000265142,MIR133A1HG
17623,ENSG00000265190,ANXA8
17624,ENSG00000265203,RBP3
17625,ENSG00000265241,RBM8A
17626,ENSG00000265354,TIMM23
17627,ENSG00000265369,PCAT18
17628,ENSG00000265491,RNF115
17629,ENSG00000265537,MIR3180-1
17630,ENSG00000265666,RARA-AS1
17631,ENSG00000265681,RPL17
17632,ENSG00000265763,ZNF488
17633,ENSG00000265766,CXADRP3
17634,ENSG00000265787,CYP4F35P
17635,ENSG00000265808,SEC22B
17636,ENSG00000265817,FSBP
17637,ENSG00000265933,LINC00668
17638,ENSG00000265962,GACAT2
17639,ENSG00000265972,TXNIP
17640,ENSG00000266010,GATA6-AS1
17641,ENSG00000266028,SRGAP2
17642,ENSG00000266053,NDUFV2-AS1
17643,ENSG00000266074,BAHCC1
17644,ENSG00000266094,RASSF5
17645,ENSG00000266173,STRADA
17646,ENSG00000266256,LINC00908
17647,ENSG00000266265,KLF14
17648,ENSG00000266338,NBPF15
17649,ENSG00000266402,SNHG25
17650,ENSG00000266412,NCOA4
17651,ENSG00000266454,MIR3179-3
17652,ENSG00000266472,MRPS21
17653,ENSG00000266524,GDF10
17654,ENSG00000266554,LINC01443
17655,ENSG00000266714,MYO15B
17656,ENSG00000266729,DSG1-AS1
17657,ENSG00000266835,GAPLINC
17658,ENSG00000266916,ZNF793-AS1
17659,ENSG00000266964,FXYD1
17660,ENSG00000266967,AARSD1
17661,ENSG00000266975,FARSA-AS1
17662,ENSG00000266979,LINC01180
17663,ENSG00000267028,TCF4-AS1
17664,ENSG00000267041,ZNF850
17665,ENSG00000267052,CTB-30L5.1
17666,ENSG00000267060,PTGES3L
17667,ENSG00000267064,UXT-AS1
17668,ENSG00000267080,ASB16-AS1
17669,ENSG00000267104,TBC1D3P1-DHX40P1
17670,ENSG00000267107,PCAT19
17671,ENSG00000267151,MIR2117HG
17672,ENSG00000267206,LCN6
17673,ENSG00000267254,ZNF790-AS1
17674,ENSG00000267270,PARD6G-AS1
17675,ENSG00000267272,LINC01140
17676,ENSG00000267280,TBX2-AS1
17677,ENSG00000267313,KC6
17678,ENSG00000267322,SNHG22
17679,ENSG00000267337,LINC01478
17680,ENSG00000267339,LINC00906
17681,ENSG00000267365,KCNJ2-AS1
17682,ENSG00000267467,APOC4
17683,ENSG00000267470,ZNF571-AS1
17684,ENSG00000267493,CIRBP-AS1
17685,ENSG00000267496,FAM215A
17686,ENSG00000267508,ZNF285
17687,ENSG00000267532,ALOX12-AS1
17688,ENSG00000267534,S1PR2
17689,ENSG00000267535,LINC00868
17690,ENSG00000267586,LINC00907
17691,ENSG00000267603,LINC01028
17692,ENSG00000267659,LINC01482
17693,ENSG00000267680,ZNF224
17694,ENSG00000267690,LDLRAD4-AS1
17695,ENSG00000267712,LINC01539
17696,ENSG00000267795,SMIM22
17697,ENSG00000267796,LIN37
17698,ENSG00000267855,NDUFA7
17699,ENSG00000267858,MZF1-AS1
17700,ENSG00000267909,CCDC177
17701,ENSG00000267978,MAGEA9B
17702,ENSG00000268001,CARD8-AS1
17703,ENSG00000268006,PTOV1-AS1
17704,ENSG00000268043,NBPF12
17705,ENSG00000268089,GABRQ
17706,ENSG00000268095,ZNF649-AS1
17707,ENSG00000268104,SLC6A14
17708,ENSG00000268182,SMIM17
17709,ENSG00000268221,OPN1MW
17710,ENSG00000268223,ARL14EPL
17711,ENSG00000268257,AIRN
17712,ENSG00000268320,SCGB1C2
17713,ENSG00000268324,LRRC2-AS1
17714,ENSG00000268350,FAM156A
17715,ENSG00000268388,FENDRR
17716,ENSG00000268500,SIGLEC5
17717,ENSG00000268606,MAGEA2
17718,ENSG00000268654,MIMT1
17719,ENSG00000268658,LINC00664
17720,ENSG00000268894,PLCE1-AS1
17721,ENSG00000268895,A1BG-AS1
17722,ENSG00000268940,CT45A1
17723,ENSG00000268964,ERVV-2
17724,ENSG00000268988,SPANXN2
17725,ENSG00000269058,CALR3
17726,ENSG00000269067,ZNF728
17727,ENSG00000269113,TRABD2B
17728,ENSG00000269186,LINC01082
17729,ENSG00000269190,FBXO17
17730,ENSG00000269220,LINC00528
17731,ENSG00000269235,ZNF350-AS1
17732,ENSG00000269293,ZSCAN16-AS1
17733,ENSG00000269335,IKBKG
17734,ENSG00000269343,ZNF587B
17735,ENSG00000269364,LINC01233
17736,ENSG00000269386,RAB11B-AS1
17737,ENSG00000269404,SPIB
17738,ENSG00000269416,LINC01224
17739,ENSG00000269420,PLA2G4C-AS1
17740,ENSG00000269433,OPN1MW3
17741,ENSG00000269437,NXF2B
17742,ENSG00000269502,DMRTC1
17743,ENSG00000269526,ERVV-1
17744,ENSG00000269556,TMEM185A
17745,ENSG00000269586,CT45A10
17746,ENSG00000269699,ZIM2
17747,ENSG00000269713,NBPF9
17748,ENSG00000269743,SLC25A53
17749,ENSG00000269821,KCNQ1OT1
17750,ENSG00000269855,RNF225
17751,ENSG00000269858,EGLN2
17752,ENSG00000269891,ARHGAP19-SLIT1
17753,ENSG00000269956,MKNK1-AS1
17754,ENSG00000269964,MEI4
17755,ENSG00000270011,ZNF559-ZNF177
17756,ENSG00000270141,TERC
17757,ENSG00000270164,LINC01480
17758,ENSG00000270362,HMGN3-AS1
17759,ENSG00000270472,IGHV3OR16-9
17760,ENSG00000270547,LINC01235
17761,ENSG00000270550,IGHV3-30
17762,ENSG00000270617,URGCP-MRPS24
17763,ENSG00000270629,NBPF14
17764,ENSG00000270641,TSIX
17765,ENSG00000270647,TAF15
17766,ENSG00000270757,HSPE1-MOB4
17767,ENSG00000270765,GAS2L2
17768,ENSG00000270800,RPS10-NUDT3
17769,ENSG00000270806,C17orf50
17770,ENSG00000270816,LINC00221
17771,ENSG00000270885,RASL10B
17772,ENSG00000270946,CT45A9
17773,ENSG00000270959,LPP-AS2
17774,ENSG00000271086,NAMA
17775,ENSG00000271093,IGLCOR22-2
17776,ENSG00000271303,SRXN1
17777,ENSG00000271383,NBPF19
17778,ENSG00000271425,NBPF10
17779,ENSG00000271449,CT45A2
17780,ENSG00000271567,PPIAL4E
17781,ENSG00000271601,LIX1L
17782,ENSG00000271605,MILR1
17783,ENSG00000271793,SYNCRIP
17784,ENSG00000271826,PLS3-AS1
17785,ENSG00000271856,LINC01215
17786,ENSG00000272031,ANKRD34A
17787,ENSG00000272047,GTF2H5
17788,ENSG00000272138,LINC01607
17789,ENSG00000272143,FGF14-AS2
17790,ENSG00000272325,NUDT3
17791,ENSG00000272333,KMT2B
17792,ENSG00000272391,POM121C
17793,ENSG00000272398,CD24
17794,ENSG00000272414,FAM47E-STBD1
17795,ENSG00000272514,CFAP206
17796,ENSG00000272602,ZNF595
17797,ENSG00000272620,AFAP1-AS1
17798,ENSG00000272636,DOC2B
17799,ENSG00000272681,FAM223B
17800,ENSG00000272701,MESTIT1
17801,ENSG00000272767,JMJD1C-AS1
17802,ENSG00000272886,DCP1A
17803,ENSG00000272968,RBAK-RBAKDN
17804,ENSG00000272975,MYHAS
17805,ENSG00000273018,FAM106A
17806,ENSG00000273032,DGCR5
17807,ENSG00000273045,C2orf15
17808,ENSG00000273079,GRIN2B
17809,ENSG00000273111,LYPD4
17810,ENSG00000273136,NBPF26
17811,ENSG00000273173,SNURF
17812,ENSG00000273274,ZBTB8B
17813,ENSG00000273294,C1QTNF3-AMACR
17814,ENSG00000273313,RBAKDN
17815,ENSG00000273396,LINC01396
17816,ENSG00000273514,FOXD4L6
17817,ENSG00000273540,AGBL1
17818,ENSG00000273611,ZNHIT3
17819,ENSG00000273777,CEACAM20
17820,ENSG00000273820,USP27X
17821,ENSG00000273841,TAF9
17822,ENSG00000273899,NOL12
17823,ENSG00000274020,LINC01138
17824,ENSG00000274049,INO80B-WBP1
17825,ENSG00000274180,NATD1
17826,ENSG00000274209,ANTXRL
17827,ENSG00000274211,SOCS7
17828,ENSG00000274252,GGTLC3
17829,ENSG00000274274,GAGE13
17830,ENSG00000274286,ADRA2B
17831,ENSG00000274349,ZNF658
17832,ENSG00000274391,TPTE
17833,ENSG00000274419,TBC1D3D
17834,ENSG00000274443,C8orf89
17835,ENSG00000274512,TBC1D3L
17836,ENSG00000274576,IGHV2-70
17837,ENSG00000274588,DGKK
17838,ENSG00000274736,CCL23
17839,ENSG00000274749,KRTAP7-1
17840,ENSG00000274808,TBC1D3B
17841,ENSG00000274810,NPHP3-ACAD11
17842,ENSG00000274933,TBC1D3I
17843,ENSG00000274978,RNU11
17844,ENSG00000275004,ZNF280B
17845,ENSG00000275023,MLLT6
17846,ENSG00000275052,PPP4R3B
17847,ENSG00000275074,NUDT18
17848,ENSG00000275111,ZNF2
17849,ENSG00000275152,CCL16
17850,ENSG00000275226,LINC00547
17851,ENSG00000275410,HNF1B
17852,ENSG00000275620,FLJ16779
17853,ENSG00000275700,AATF
17854,ENSG00000275718,CCL15
17855,ENSG00000275722,LYZL6
17856,ENSG00000275778,PRH1-PRR4
17857,ENSG00000275793,RIMBP3
17858,ENSG00000275832,ARHGAP23
17859,ENSG00000275896,PRSS2
17860,ENSG00000276027,RNU12
17861,ENSG00000276040,SPATA31A7
17862,ENSG00000276043,UHRF1
17863,ENSG00000276231,PIK3R6
17864,ENSG00000276293,PIP4K2B
17865,ENSG00000276399,FLJ36000
17866,ENSG00000276409,CCL14
17867,ENSG00000276476,LINC00540
17868,ENSG00000276547,PCDHGB5
17869,ENSG00000276566,IGKV1D-13
17870,ENSG00000276600,RAB7B
17871,ENSG00000276644,DACH1
17872,ENSG00000276747,PADI6
17873,ENSG00000276775,IGHV4-4
17874,ENSG00000277027,RMRP
17875,ENSG00000277058,HNRNPCL3
17876,ENSG00000277147,LINC00869
17877,ENSG00000277149,TYW1B
17878,ENSG00000277150,F8A3
17879,ENSG00000277215,SPANXA2-OT1
17880,ENSG00000277258,PCGF2
17881,ENSG00000277282,IGHV1OR21-1
17882,ENSG00000277363,SRCIN1
17883,ENSG00000277399,GPR179
17884,ENSG00000277443,MARCKS
17885,ENSG00000277449,CEBPB-AS1
17886,ENSG00000277462,ZNF670
17887,ENSG00000277481,PKD1L3
17888,ENSG00000277494,GPIHBP1
17889,ENSG00000277556,OR13C5
17890,ENSG00000277586,NEFL
17891,ENSG00000277631,PGM5P3-AS1
17892,ENSG00000277734,TRAC
17893,ENSG00000277778,PGM5P2
17894,ENSG00000277791,PSMB3
17895,ENSG00000277870,FAM230A
17896,ENSG00000277893,SRD5A2
17897,ENSG00000278023,RDM1
17898,ENSG00000278057,TEX28
17899,ENSG00000278129,ZNF8
17900,ENSG00000278156,TSC22D1-AS1
17901,ENSG00000278175,GLIDR
17902,ENSG00000278195,SSTR3
17903,ENSG00000278196,IGLV2-8
17904,ENSG00000278224,PRICKLE4
17905,ENSG00000278249,SCARNA2
17906,ENSG00000278259,MYO19
17907,ENSG00000278299,TBC1D3C
17908,ENSG00000278318,ZNF229
17909,ENSG00000278338,VWA8-AS1
17910,ENSG00000278473,IGHV3-41
17911,ENSG00000278505,C17orf78
17912,ENSG00000278535,DHRS11
17913,ENSG00000278558,TMEM191B
17914,ENSG00000278570,NR2E3
17915,ENSG00000278615,C11orf98
17916,ENSG00000278619,MRM1
17917,ENSG00000278709,NKILA
17918,ENSG00000278768,BACE1-AS
17919,ENSG00000278811,LINC00624
17920,ENSG00000278857,IGKV1D-12
17921,ENSG00000278910,BANCR
17922,ENSG00000279012,OR51B2
17923,ENSG00000279078,SND1-IT1
17924,ENSG00000279116,OR8D2
17925,ENSG00000279141,LINC01451
17926,ENSG00000279170,TSTD3
17927,ENSG00000279245,FAM223A
17928,ENSG00000279263,OR2L8
17929,ENSG00000279636,LINC00216
17930,ENSG00000279873,LINC01126
17931,ENSG00000279897,BIRC6-AS2
17932,ENSG00000280213,UCKL1-AS1
17933,ENSG00000280515,SALRNA2
17934,ENSG00000280587,LINC01348
17935,ENSG00000280620,SCAANT1
17936,ENSG00000280634,THRIL
17937,ENSG00000280650,KCNIP4-IT1
17938,ENSG00000280693,SH3PXD2A-AS1
17939,ENSG00000280719,PCAT5
17940,ENSG00000280725,LINC00251
17941,ENSG00000280739,ENTPD3-AS1
17942,ENSG00000280752,LINC00850
17943,ENSG00000280780,JAKMIP2-AS1
17944,ENSG00000280789,PAGR1
17945,ENSG00000280798,LINC00294
17946,ENSG00000280809,LINC00836
17947,ENSG00000280870,MIR325HG
17948,ENSG00000280924,LINC00628
17949,ENSG00000280927,CTBP1-AS
17950,ENSG00000280953,LINC01163
17951,ENSG00000280969,RPS4Y2
17952,ENSG00000280989,LINC00581
17953,ENSG00000280997,CCAT2
17954,ENSG00000281005,LINC00921
17955,ENSG00000281091,LL0XNC01-250H12.3
17956,ENSG00000281097,LINC01395
17957,ENSG00000281103,TRG-AS1
17958,ENSG00000281128,PTENP1-AS
17959,ENSG00000281131,SCHLAP1
17960,ENSG00000281186,LINC00706
17961,ENSG00000281189,GHET1
17962,ENSG00000281196,LINC00934
17963,ENSG00000281202,LINC01097
17964,ENSG00000281207,SLFNL1-AS1
17965,ENSG00000281357,ARRDC3-AS1
17966,ENSG00000281358,RASSF1-AS1
17967,ENSG00000281371,INE2
17968,ENSG00000281376,ABALON
17969,ENSG00000281392,LINC00506
17970,ENSG00000281404,LINC01176
17971,ENSG00000281406,BLACAT1
17972,ENSG00000281450,PANDAR
17973,ENSG00000281473,PISRT1
17974,ENSG00000281501,SEPSECS-AS1
17975,ENSG00000281560,LSINCT5
17976,ENSG00000281591,DBET
17977,ENSG00000281664,LINC00538
17978,ENSG00000281691,RBM5-AS1
17979,ENSG00000281692,PACRG-AS1
17980,ENSG00000281706,LINC01012
17981,ENSG00000281778,LINC00550
17982,ENSG00000281831,HCP5B
17983,ENSG00000281832,LINC00602
17984,ENSG00000281852,LINC00891
17985,ENSG00000281880,PAUPAR
17986,ENSG00000281912,LINC01144
17987,ENSG00000282301,CYP3A7-CYP3A51P
17988,ENSG00000282419,TEX13D
17989,ENSG00000282608,ADORA3
17990,ENSG00000282815,TEX13C
17991,ENSG00000282851,BISPR
17992,ENSG00000282961,PRNCR1
17993,ENSG00000283154,IQCJ-SCHIP1
17994,ENSG00000283239,KBTBD11-OT1
17995,ENSG00000283632,EXOC3L2
17996,ENSG00000283706,PRSS50
17997,ENSG00000284185,MIR219A2
17998,ENSG00000284194,SCO2
17999,ENSG00000284239,MIR1539
18000,ENSG00000284305,MIR3179-1
18001,ENSG00000284308,C2orf81
