,0
0,TSPAN6
1,TNMD
2,DPM1
3,SCYL3
4,FGR
5,CFH
6,FUCA2
7,GCLC
8,NFYA
9,STPG1
10,NIPAL3
11,LAS1L
12,ENPP4
13,SEMA3F
14,ANKIB1
15,CYP51A1
16,KRIT1
17,RAD52
18,BAD
19,LAP3
20,CD99
21,HS3ST1
22,AOC1
23,WNT16
24,HECW1
25,MAD1L1
26,LASP1
27,SNX11
28,TMEM176A
29,M6PR
30,KLHL13
31,CYP26B1
32,ICA1
33,DBNDD1
34,ALS2
35,CASP10
36,CFLAR
37,TFPI
38,NDUFAF7
39,RBM5
40,SLC7A2
41,ARF5
42,SARM1
43,POLDIP2
44,PLXND1
45,AK2
46,CD38
47,FKBP4
48,KDM1A
49,RBM6
50,CAMKK1
51,RECQL
52,VPS50
53,HSPB6
54,ARHGAP33
55,NDUFAB1
56,PDK4
57,SLC22A16
58,ZMYND10
59,ABCB5
60,ARX
61,SLC25A13
62,ST7
63,CDC27
64,SLC4A1
65,CALCR
66,HCCS
67,DVL2
68,UPF1
69,SKAP2
70,SLC25A5
71,HOXA11
72,POLR2J
73,DHX33
74,MEOX1
75,THSD7A
76,LIG3
77,RPAP3
78,ACSM3
79,CIAPIN1
80,SPPL2B
81,COPZ2
82,PRKAR2B
83,MSL3
84,CREBBP
85,MPO
86,GCFC2
87,WDR54
88,CROT
89,ABCB4
90,KMT2E
91,RHBDD2
92,SOX8
93,IBTK
94,ZNF195
95,MYCBP2
96,FBXL3
97,ITGAL
98,PDK2
99,ITGA3
100,ZFX
101,LAMP2
102,ITGA2B
103,ASB4
104,GDE1
105,CRLF1
106,OSBPL7
107,TMEM98
108,MAP3K14
109,TMEM132A
110,AP2B1
111,TAC1
112,ZNF263
113,CX3CL1
114,SPATA20
115,CACNA1G
116,TNFRSF12A
117,DLX6
118,MAP3K9
119,RALA
120,BAIAP2L1
121,KDM7A
122,ETV1
123,AGK
124,ALDH3B1
125,TTC22
126,PHTF2
127,CCL26
128,FARP2
129,USH1C
130,GGCT
131,DBF4
132,TBXA2R
133,IFRD1
134,COX10
135,GTF2IRD1
136,PAF1
137,VPS41
138,ARHGAP44
139,ELAC2
140,SCIN
141,ARSD
142,PNPLA4
143,CDKL3
144,PRSS21
145,MARK4
146,PROM1
147,CCDC124
148,PAFAH1B1
149,NOS2
150,DNAH9
151,GAS7
152,TRAPPC6A
153,MATK
154,CD79B
155,ST7L
156,TKTL1
157,PAX6
158,RPUSD1
159,RHBDF1
160,LUC7L
161,CACNA2D2
162,BAIAP3
163,TSR3
164,PIGQ
165,CRAMP1
166,TEAD3
167,SELE
168,DNAJC11
169,FMO3
170,MYLIP
171,PSMB1
172,SYN1
173,JARID2
174,CDKL5
175,CAMK1G
176,CDK11A
177,NADK
178,TFAP2B
179,DLEC1
180,CYTH3
181,ADAM22
182,SYPL1
183,CYB561
184,SPAG9
185,CELSR3
186,AASS
187,PLEKHG6
188,SS18L2
189,MPND
190,MGST1
191,CRY1
192,NFIX
193,ST3GAL1
194,MMP25
195,IL32
196,PKD1
197,MAPK8IP2
198,MED24
199,RHOBTB2
200,HEATR5B
201,SEC62
202,RPS20
203,CSDE1
204,UBE3C
205,REV3L
206,TENM1
207,PAX7
208,IYD
209,FAM76A
210,TRAF3IP3
211,POMT2
212,VTA1
213,MLXIPL
214,BAZ1B
215,RANBP9
216,ETV7
217,SPRTN
218,METTL13
219,DYRK4
220,ZNF207
221,UQCRC1
222,STARD3NL
223,CD9
224,HHATL
225,NCAPD2
226,IFFO1
227,GIPR
228,PHF7
229,SEMA3G
230,NISCH
231,STAB1
232,FUZ
233,SLC6A13
234,IDS
235,PRSS3
236,ZNF200
237,CD4
238,LRRC23
239,BTK
240,HFE
241,SCMH1
242,FYN
243,HIVEP2
244,FMO1
245,LYPLA2
246,CLCN6
247,MRC2
248,TSPAN9
249,APBA3
250,MKS1
251,ABHD5
252,ANOS1
253,AKAP8L
254,MBTD1
255,UTP18
256,RNF216
257,TTC19
258,PTBP1
259,DPF1
260,SYT7
261,LARS2
262,PIK3C2A
263,PLAUR
264,ANLN
265,WIZ
266,RABGAP1
267,DCN
268,QPCTL
269,PPP5C
270,CEP68
271,MAP4K3
272,ZBTB32
273,TYROBP
274,GABRA3
275,BRCA1
276,ERCC1
277,CD22
278,SEMA3B
279,MBTPS2
280,PRICKLE3
281,LTF
282,EXTL3
283,ELOVL5
284,KDM5D
285,CALCOCO1
286,UBR7
287,MAP4K5
288,EHD3
289,MAN2B2
290,SLC7A14
291,CLDN11
292,SLC25A39
293,MVP
294,NUB1
295,PGM3
296,RWDD2A
297,CLK1
298,POLR3B
299,ANGEL1
300,RNF14
301,DNASE1L1
302,DDX11
303,HEBP1
304,GPRC5A
305,MAMLD1
306,CD6
307,TACC3
308,UFL1
309,POLA2
310,ZC3H3
311,CAPN1
312,MDH1
313,SLC30A9
314,MTMR11
315,COX15
316,CCDC88C
317,YAF2
318,ZMYND11
319,WAS
320,DPEP1
321,BID
322,MATR3
323,XYLT2
324,RGPD5
325,NUDCD3
326,ISL1
327,CHDH
328,IL20RA
329,CLCA4
330,GLT8D1
331,ATP2C1
332,IGF1
333,SLC38A5
334,RALBP1
335,RUFY3
336,CNTN1
337,SLC11A1
338,WWTR1
339,AGPS
340,ATP1A2
341,TTC27
342,ZNF582
343,VSIG2
344,PHLDB1
345,MARCO
346,CYP24A1
347,PRDM11
348,SNAI2
349,CD74
350,HGF
351,ZRANB1
352,NCDN
353,ADGRA2
354,ZFP64
355,MNAT1
356,SAMD4A
357,RUNX3
358,PLEKHB1
359,SERPINB1
360,SPAST
361,NRXN3
362,OSBPL5
363,AQR
364,CPS1
365,FHL1
366,NLRP2
367,SLC45A4
368,RNF10
369,ZNF839
370,ZDHHC6
371,GRAMD1B
372,RNH1
373,NDUFS1
374,RB1CC1
375,ERP44
376,ALAS1
377,BIRC3
378,AKAP11
379,GLRX2
380,SNAPC1
381,DERA
382,STRAP
383,ABCC2
384,DEF6
385,PLEKHO1
386,GCLM
387,UBR2
388,EHD2
389,DEPDC1
390,CCDC28A
391,RRAGD
392,HSF2
393,PHF20
394,HSD17B6
395,NR1H3
396,TYMP
397,NCAPH2
398,TOMM34
399,SEC63
400,KPNA6
401,VIM
402,FAS
403,RNASET2
404,CD44
405,KCNG1
406,AGPAT4
407,SLAMF7
408,BTN3A1
409,MIPEP
410,PRKCH
411,INSRR
412,IFNGR1
413,B4GALT7
414,SH2D2A
415,VRK2
416,TNFRSF1B
417,VEZT
418,POU2F2
419,BRD9
420,SNX1
421,TBPL1
422,BCLAF1
423,SLC39A9
424,ANK1
425,IBSP
426,TFB1M
427,RABEP1
428,HMGB3
429,NUP160
430,BAK1
431,MUSK
432,IKZF2
433,GRN
434,FAM13B
435,ARHGAP31
436,CENPQ
437,RANBP3
438,ARID4A
439,PNPLA6
440,IFT88
441,ALG1
442,ZCCHC8
443,ABCF2
444,CHPF2
445,LRRC7
446,FUT8
447,UBA6
448,GAB2
449,ATP6V0A1
450,PIAS1
451,SLC4A7
452,APBA2
453,MAP2K3
454,TMSB10
455,ASTE1
456,RNF19A
457,PEX3
458,GABARAPL2
459,MYOC
460,SH3YL1
461,FAM136A
462,VCL
463,DEPDC1B
464,DAPK2
465,NSMAF
466,STAP1
467,TIMP2
468,RFC1
469,TBC1D23
470,CUL3
471,MYOM2
472,CYP46A1
473,ZZZ3
474,USP2
475,TUBG2
476,RPL26L1
477,FLT4
478,NSUN2
479,MFAP3
480,MRI1
481,METTL1
482,HOXC8
483,AGA
484,PI4K2B
485,BOD1L1
486,MAT2B
487,TLL1
488,EDC4
489,TRIO
490,VCAN
491,CLEC16A
492,MSR1
493,CDH1
494,DNAH5
495,ZFYVE16
496,C6
497,RAI14
498,SOX30
499,PNKP
500,BEST2
501,PHLPP2
502,SPDL1
503,STAU2
504,CTNS
505,RTN4R
506,PHF23
507,CDH10
508,INPP4A
509,RAB27B
510,PSMA4
511,MYO16
512,LSG1
513,PARP3
514,TNC
515,THAP3
516,TDP1
517,AIFM2
518,SPATA7
519,MED17
520,RETSAT
521,CAPG
522,AP2S1
523,TG
524,ADAM28
525,BARX2
526,DCUN1D1
527,JADE2
528,ZIC2
529,LCP2
530,TRIT1
531,ADRB1
532,CUL7
533,CTNNA1
534,PHKA2
535,CNTLN
536,EPHA3
537,HSPA5
538,DSG2
539,GEMIN8
540,OFD1
541,GPM6B
542,PREX2
543,WDR37
544,YTHDC2
545,CTPS2
546,ATP6V1H
547,POLR2B
548,ARAP2
549,TPR
550,CP
551,DTNBP1
552,XK
553,ANO2
554,SCML1
555,WWC3
556,ARHGAP6
557,FAM184B
558,MAP4
559,GOPC
560,USP28
561,HDAC9
562,TSPAN17
563,NOP16
564,CC2D2A
565,RRM2B
566,ZNF800
567,TNFRSF17
568,SNX29
569,LMO3
570,MRPS10
571,GUCA1A
572,RSF1
573,VPS13D
574,CELF2
575,FAM120A
576,R3HDM1
577,COL9A2
578,KITLG
579,ERCC8
580,ADAMTS6
581,H6PD
582,VAMP3
583,PER3
584,UTS2
585,TNFRSF9
586,EPN3
587,LTBP1
588,RCN1
589,ELN
590,RFC2
591,ARID1B
592,CLPTM1L
593,NEDD4L
594,FOXP3
595,PPP1R3F
596,HEXB
597,PTCD2
598,JKAMP
599,DKK3
600,ARHGEF5
601,NFE2L3
602,MCUR1
603,LIMA1
604,LETMD1
605,SLC4A8
606,LAMC3
607,PTGER3
608,TNIP3
609,MAPK9
610,COL23A1
611,BCAR1
612,HERPUD1
613,HOMER3
614,RAD51
615,POLQ
616,PIK3CB
617,CYBA
618,THOC3
619,HEBP2
620,MPHOSPH9
621,PLEKHA5
622,PRSS8
623,SIKE1
624,RRP12
625,FNIP2
626,MSMO1
627,TTC17
628,ALX4
629,FSTL4
630,FOXN3
631,AKR7A2
632,MRTO4
633,NNAT
634,USE1
635,MCF2L2
636,NRIP2
637,LAMA3
638,AP5M1
639,ANAPC4
640,KCNQ1
641,TRAPPC3
642,THRAP3
643,PHPT1
644,ENTPD2
645,LY75
646,ARID4B
647,OPN3
648,PTPRN
649,HHAT
650,KIF1B
651,FOXC1
652,TBC1D22A
653,SYNE2
654,PLEKHH1
655,ATP9A
656,CBLN4
657,CHRDL2
658,FAM168A
659,RELT
660,GALC
661,NOP58
662,KCNH2
663,CUL1
664,FAM114A2
665,CYFIP2
666,TAB2
667,GINM1
668,EIF2AK2
669,USP36
670,KMT2C
671,MCOLN3
672,CCDC85A
673,PUM2
674,MRPL43
675,ITIH4
676,ZFR
677,ZNF280C
678,TRAF1
679,RC3H2
680,IL17RB
681,TRAF3IP2
682,GYG2
683,DCBLD2
684,SERPINB3
685,SOAT1
686,PKP2
687,F7
688,GDI2
689,PRDM1
690,ATG5
691,TMCC3
692,PITHD1
693,MTA3
694,USP13
695,ATP11B
696,LAMC2
697,CDK14
698,SEC61A1
699,PPP1R12A
700,RASGRF1
701,CAMK2B
702,CROCC
703,POLR3E
704,ATP2B4
705,ZC3H11A
706,RIOK2
707,YIPF1
708,NDC1
709,DGKG
710,FLYWCH1
711,UNKL
712,TBXAS1
713,PARP12
714,ALDH18A1
715,TARBP1
716,GATB
717,MXD1
718,CDK17
719,DNAJC25
720,SLC2A3
721,PSD
722,CTDP1
723,YBX3
724,STYK1
725,WNK1
726,CCAR1
727,OGFR
728,GNA15
729,CREB3L3
730,PIGV
731,PTPRU
732,SNRNP40
733,RIMBP2
734,COL11A1
735,QSER1
736,MPC1
737,ACAA1
738,BCAT1
739,HDAC7
740,LZTS1
741,PRDM6
742,SPAG4
743,NCKAP1
744,MRPS35
745,SFSWAP
746,TNK2
747,MON2
748,CDH3
749,GPBP1
750,DGAT2
751,ZNF112
752,CS
753,LTK
754,MRPS24
755,ELMO2
756,WAPL
757,VMP1
758,APPBP2
759,POLD1
760,SEZ6
761,EIF4B
762,SLC6A16
763,SPHK2
764,RPL18
765,CA11
766,ISOC2
767,U2AF2
768,EPN1
769,MED29
770,AHRR
771,ZNF275
772,MTMR1
773,GPC1
774,ADCK1
775,HAGH
776,RNF4
777,CASP8
778,LIMCH1
779,TM7SF3
780,DLX3
781,SPA17
782,TSPAN32
783,DMRT3
784,ST3GAL6
785,ATP2C2
786,NGFR
787,CDON
788,TAF2
789,HIPK2
790,TNPO3
791,RFXANK
792,TMEM161A
793,LPAR2
794,CTSA
795,SUGP2
796,SLC12A2
797,SNX24
798,EYA2
799,CNN2
800,ABCA7
801,SNCAIP
802,DDX20
803,BTBD1
804,FAR2
805,BCAS1
806,CHI3L2
807,SBNO2
808,PMS1
809,HMG20B
810,CALCRL
811,TAF11
812,ANKS1A
813,AP3D1
814,ZNF76
815,NTHL1
816,GNAI3
817,IPO5
818,OAT
819,WDR3
820,PKN2
821,WDR18
822,TRAM2
823,NTN1
824,MCM10
825,DGKA
826,ERBB3
827,ANKRD44
828,ADAT1
829,PDIA5
830,TBC1D22B
831,NDUFB4
832,SPEN
833,MYLK
834,ZC3H15
835,MAP2K4
836,SNAP91
837,SLK
838,CYB5R4
839,COL17A1
840,GSTO2
841,SEC61A2
842,PRKCQ
843,TLE2
844,ASB1
845,FAM107B
846,ME1
847,TBC1D1
848,CDK13
849,MTHFD2
850,SLC9A7
851,FOXJ2
852,YBX1
853,PDE4A
854,PPP2R5A
855,ELAVL1
856,TIE1
857,DIP2B
858,SMARCD1
859,KDM4A
860,NFYC
861,ZMYND12
862,NGEF
863,ASPM
864,CD84
865,ELOVL1
866,SPI1
867,MPPED2
868,ZBTB11
869,ATXN3
870,GOLGA5
871,FGFR2
872,LRRC40
873,ISOC1
874,EML1
875,TRMT11
876,THUMPD1
877,MSANTD3
878,KIF26A
879,ATG2B
880,ARFGEF1
881,ACSM2B
882,ZFAT
883,MTFR1
884,STAG3
885,FECH
886,MYO9A
887,DDX3Y
888,PFKP
889,IDI1
890,SP100
891,KLF6
892,PLPP1
893,NEO1
894,TRAM1
895,PHKA1
896,TNFRSF1A
897,CACNB1
898,EVI5
899,STOML1
900,PKM
901,DHX29
902,DNTTIP2
903,METTL22
904,TP53BP1
905,TRO
906,RRP15
907,RHOA
908,DHX8
909,PRKCZ
910,ZFY
911,IARS2
912,SYT1
913,NAV3
914,IDH3G
915,ROGDI
916,PDZD4
917,ROCK1
918,CBFB
919,PDK3
920,HYAL2
921,HDAC4
922,RASSF1
923,FGFR3
924,IFI35
925,HEATR6
926,COASY
927,PLEKHH3
928,MEF2A
929,OTUD5
930,TFE3
931,TBC1D25
932,ACSL4
933,INPP5A
934,GPKOW
935,FTSJ1
936,PRR11
937,REEP1
938,ATP11A
939,POLR1A
940,LAPTM4A
941,TTC7A
942,IP6K2
943,SRBD1
944,KIF2A
945,RASGRP2
946,PSME4
947,IFT80
948,SIRT2
949,ERLEC1
950,PPP2R5B
951,PYGM
952,PITX1
953,MAST4
954,ADGRF5
955,SDK2
956,NUP133
957,NUCKS1
958,VPS35
959,DNAJA2
960,BCL3
961,KCNAB2
962,ABCC9
963,GAL
964,CLEC2D
965,FUNDC1
966,MAOB
967,RORA
968,DRD4
969,TGFBR3
970,HES2
971,ATP1B3
972,NEDD4
973,PIGB
974,MAPK6
975,GNB5
976,RAB27A
977,LRP6
978,GUCY2C
979,NUCB2
980,PFN2
981,PTPN3
982,SPTB
983,DAPP1
984,FGF10
985,SLC44A1
986,TMEM260
987,SMG6
988,EXOC5
989,CLTCL1
990,FGF22
991,FSTL3
992,DGCR2
993,RNF126
994,MNT
995,ZXDC
996,JMJD6
997,POLB
998,ST6GALNAC1
999,WIPI1
1000,FRMPD1
1001,GBA2
1002,NDST1
1003,ASNS
1004,AP3M2
1005,CNGB1
1006,ST6GALNAC2
1007,PABPC1
1008,TESK2
1009,CFAP20
1010,CSNK2A2
1011,PTPN21
1012,EIF2B3
1013,CAMK2A
1014,TCOF1
1015,CDC42
1016,OSBPL3
1017,SLC12A3
1018,RAD18
1019,ATP2B1
1020,NCK2
1021,MAP4K4
1022,MGAT4A
1023,RPL31
1024,WDR1
1025,SNX13
1026,ARHGAP10
1027,RPS6KA2
1028,ING3
1029,VASH1
1030,LMCD1
1031,SEL1L
1032,TRIP13
1033,ATP6AP1
1034,TCF3
1035,TRIB2
1036,DAZAP1
1037,MBD3
1038,HLTF
1039,FAM50A
1040,FAM3A
1041,MYO3B
1042,CYBRD1
1043,CDH19
1044,PDCD2
1045,SLC6A15
1046,RDH11
1047,ADGRL1
1048,ACTN1
1049,ZFYVE26
1050,RPS6KA6
1051,EPN2
1052,PTPN18
1053,LIMS2
1054,ASIC4
1055,SPEG
1056,LNX1
1057,ALDH3A2
1058,TFRC
1059,SREBF1
1060,AFF4
1061,UBE2D1
1062,RHOBTB1
1063,SMC1A
1064,HSD17B10
1065,MARK2
1066,HMMR
1067,CHFR
1068,TRHDE
1069,P4HA2
1070,FCGR2B
1071,NFATC3
1072,TRNT1
1073,ACADVL
1074,STK10
1075,FBXW11
1076,ACAP1
1077,CRMP1
1078,EVC
1079,DERL2
1080,SIDT1
1081,TMEM38A
1082,AP1M1
1083,PVR
1084,XRCC1
1085,SCARB1
1086,CYP2W1
1087,MCM2
1088,MOV10L1
1089,PANX2
1090,TP63
1091,ALPK1
1092,LLGL2
1093,PDE8A
1094,CLCN4
1095,NLE1
1096,SDHA
1097,SMARCE1
1098,GSDMB
1099,KDM5A
1100,PPP2R3A
1101,FERMT2
1102,DHRS9
1103,PTGS2
1104,IGF2BP2
1105,MAP3K13
1106,ST6GAL1
1107,TBX21
1108,FRY
1109,PICALM
1110,GLI2
1111,CLASP1
1112,MRPS34
1113,NOTCH3
1114,CLNS1A
1115,PPP2R2C
1116,TEAD2
1117,EED
1118,SNCB
1119,TSG101
1120,NCBP3
1121,ATP2A3
1122,CA12
1123,MGLL
1124,NTN4
1125,BCS1L
1126,NUAK1
1127,DPP8
1128,SLC24A1
1129,ZNF532
1130,SCARF1
1131,LMAN1
1132,HACD3
1133,IPCEF1
1134,ZZEF1
1135,ENO1
1136,MYDGF
1137,ANO8
1138,TUBE1
1139,ARHGEF10L
1140,TXK
1141,WSCD2
1142,TACR2
1143,ACTR6
1144,TIPIN
1145,SRI
1146,EIF4G3
1147,NUP37
1148,SEMA3A
1149,GTSE1
1150,SEMA3C
1151,TTC38
1152,ACAT1
1153,GRAMD4
1154,CELSR1
1155,ZNF638
1156,SLC25A40
1157,TIMM21
1158,ADD2
1159,RASAL2
1160,VPS9D1
1161,ZNF37A
1162,MARK3
1163,SLC25A3
1164,FNDC3B
1165,FOSL2
1166,CACNG4
1167,FRYL
1168,TMEM131
1169,FSCN1
1170,ACTB
1171,MOCOS
1172,PLD1
1173,ATP12A
1174,WDR62
1175,DLG1
1176,RAB7A
1177,BCAP29
1178,SEC31B
1179,SART3
1180,ARHGAP15
1181,EXOSC7
1182,KIFAP3
1183,MKRN2
1184,MCM6
1185,REXO2
1186,RBM7
1187,RBMS2
1188,BAZ2A
1189,PTPN23
1190,MLH1
1191,UNG
1192,FMO4
1193,KLHL20
1194,RGS11
1195,SLC46A1
1196,PLXNA2
1197,SPAG5
1198,ANKRD13A
1199,TPD52
1200,ACACB
1201,TRAF4
1202,PAG1
1203,GPATCH1
1204,ICAM3
1205,NT5C2
1206,MCAM
1207,GPC4
1208,MBNL3
1209,CAMSAP3
1210,RAP1GAP
1211,XAB2
1212,ARHGEF1
1213,STXBP2
1214,MAP2K7
1215,NMRK2
1216,DGKD
1217,CTTNBP2
1218,RARB
1219,TOP2B
1220,TM9SF3
1221,NFKB2
1222,UBE2T
1223,PPP1R12B
1224,DNAJC10
1225,GTF3C1
1226,IL4R
1227,USP33
1228,PAK3
1229,CAPN6
1230,SNRPA
1231,SPAG6
1232,EXOSC5
1233,APBB1IP
1234,LRCH4
1235,FAM76B
1236,SIRT6
1237,POLD3
1238,ACTN2
1239,CAPZB
1240,GPR137B
1241,JADE1
1242,SLC25A43
1243,UBE2A
1244,FGFR1
1245,FKBP6
1246,SMC1B
1247,FBLN1
1248,ITGA8
1249,CST7
1250,MAP2
1251,PIAS2
1252,AMPH
1253,ARAF
1254,MCCC1
1255,LAMP3
1256,FAP
1257,NEBL
1258,ACER3
1259,UBE2K
1260,PIK3C3
1261,N4BP2
1262,TIGAR
1263,TULP3
1264,SYNJ2
1265,ADCY2
1266,PPP2R5C
1267,RBFOX1
1268,GNB1
1269,HOXA9
1270,EDN1
1271,MLLT10
1272,ZCWPW1
1273,ADCYAP1R1
1274,P2RY10
1275,ITM2A
1276,NRDC
1277,VDAC3
1278,PCM1
1279,TNRC6C
1280,CBFA2T2
1281,ITCH
1282,PKD2L2
1283,TP53INP2
1284,SDF4
1285,MYH7B
1286,TP73
1287,TOLLIP
1288,UBE2D4
1289,RUNX1T1
1290,CDH17
1291,THOC1
1292,FKBP7
1293,OSBPL6
1294,SLC1A3
1295,XRCC5
1296,LXN
1297,SP140
1298,MKNK1
1299,TNS1
1300,REXO1
1301,SAR1A
1302,CDC14A
1303,RAPGEF3
1304,CEACAM1
1305,SENP1
1306,CIC
1307,LIPE
1308,FDFT1
1309,PAFAH1B3
1310,OPHN1
1311,KIF22
1312,PGM1
1313,DDX1
1314,DNM2
1315,EPB41L2
1316,RIMS1
1317,MOXD1
1318,STX7
1319,RABL2B
1320,KEAP1
1321,DDX43
1322,PTPRH
1323,DCT
1324,CRYBG3
1325,EPHA6
1326,RFX3
1327,RIF1
1328,RAB21
1329,SLC4A4
1330,SMARCA2
1331,RDH8
1332,SESN1
1333,MID2
1334,COL5A3
1335,SRCAP
1336,PUM3
1337,CHRNA3
1338,KCNN2
1339,CNOT4
1340,PSEN1
1341,CPOX
1342,CLDND1
1343,MOK
1344,HSP90AA1
1345,RBL1
1346,DLGAP4
1347,IGSF9B
1348,NDC80
1349,AP4E1
1350,RSBN1
1351,MAGI3
1352,CXCL2
1353,AFP
1354,COL4A4
1355,TCF7
1356,OSTM1
1357,IMPG2
1358,PCNP
1359,EXD2
1360,ARG2
1361,MEF2C
1362,PKP1
1363,UBA5
1364,STK17B
1365,CDC14B
1366,ZNF510
1367,ZNF506
1368,JMJD4
1369,DUSP12
1370,AACS
1371,CADPS2
1372,PCDHGA2
1373,PHLPP1
1374,ATP8B1
1375,IL12RB2
1376,SMARCD3
1377,WDR70
1378,MPP4
1379,STRADB
1380,BZW1
1381,PGR
1382,C1QTNF3
1383,ME2
1384,C5orf22
1385,CCNT2
1386,FAM135A
1387,COL19A1
1388,EPB41L3
1389,COBLL1
1390,DLG3
1391,KCNK2
1392,SERTAD4
1393,TRAF5
1394,MRPL22
1395,GEMIN5
1396,NFE2L1
1397,SEMA5B
1398,GSK3B
1399,ITGB5
1400,ERC1
1401,XPO1
1402,RNF13
1403,TRPM3
1404,PALB2
1405,LYRM2
1406,BCKDHB
1407,KAT6A
1408,ULK2
1409,GRHL2
1410,TNPO1
1411,PLOD1
1412,P2RX5
1413,ITGAE
1414,DIS3
1415,PIBF1
1416,TDRD3
1417,NUFIP1
1418,PDS5B
1419,OXCT1
1420,RRAGB
1421,EPYC
1422,CYLD
1423,SLC27A5
1424,ZNF324
1425,ZNF671
1426,ZNF416
1427,ZNF586
1428,ZNF446
1429,ZNF264
1430,RPS5
1431,FAT1
1432,CHMP2B
1433,SMAP2
1434,PPIE
1435,ZMPSTE24
1436,STARD7
1437,NOA1
1438,REST
1439,HAL
1440,SSH1
1441,GSTP1
1442,APLP2
1443,FAM234B
1444,SLCO1A2
1445,WBP11
1446,EIF3I
1447,NKAIN1
1448,COL16A1
1449,TXLNA
1450,NCOA1
1451,AGBL5
1452,EFR3B
1453,KIF3C
1454,RAB10
1455,HADHA
1456,MAPRE3
1457,CAD
1458,CD59
1459,CD82
1460,BCORL1
1461,ATRX
1462,FCN1
1463,MYNN
1464,MECOM
1465,SCAMP1
1466,PREP
1467,HACE1
1468,SEH1L
1469,WDR47
1470,WDFY1
1471,OVGP1
1472,SLC25A24
1473,MAP3K4
1474,PILRA
1475,IGSF9
1476,ABCB1
1477,ZNF213
1478,AKR1B1
1479,CPNE3
1480,RRN3
1481,CTTN
1482,WNT11
1483,MTIF2
1484,DDHD2
1485,TTC39A
1486,EPS15
1487,ORC1
1488,MGST2
1489,CHERP
1490,USP40
1491,POMGNT1
1492,RAD54L
1493,MAST2
1494,DNAJA1
1495,B4GALT1
1496,CHMP5
1497,NFX1
1498,AQP6
1499,DIMT1
1500,IPO11
1501,FOLH1
1502,EIF2AK1
1503,NME8
1504,EPDR1
1505,SNX10
1506,SEPHS1
1507,MRPL28
1508,ITPKC
1509,CEACAM6
1510,FAT2
1511,RBM22
1512,TMED2
1513,ERO1B
1514,ZFAND6
1515,HSD17B2
1516,TXLNG
1517,PPEF1
1518,LAT2
1519,HUWE1
1520,ZW10
1521,ALG9
1522,MYBPC2
1523,NOX4
1524,ACOX3
1525,MTMR2
1526,PPP1R15A
1527,HSD17B14
1528,TRIP6
1529,ACHE
1530,FTL
1531,SRRT
1532,BAX
1533,NLK
1534,PIGS
1535,ADAMTS2
1536,ATXN7L3
1537,PGS1
1538,PSMC5
1539,UIMC1
1540,CETP
1541,MMP2
1542,MT3
1543,LPCAT2
1544,GNAO1
1545,OGFOD1
1546,SH3BP2
1547,NOP14
1548,ADD1
1549,L2HGDH
1550,TXNDC16
1551,NID2
1552,GMCL1
1553,SF3B2
1554,KLHL42
1555,GNAS
1556,DNM1L
1557,PTHLH
1558,PHACTR3
1559,ERGIC2
1560,TFAP2C
1561,AURKA
1562,CASS4
1563,PIR
1564,AAMDC
1565,RFX2
1566,METTL2A
1567,SULT2B1
1568,ALG6
1569,PTPN4
1570,DDX18
1571,KHSRP
1572,GNA11
1573,EDEM2
1574,DNMT3B
1575,REM1
1576,TPX2
1577,PDRG1
1578,EPB41L1
1579,SLC15A1
1580,DOCK9
1581,ANKRD10
1582,TGDS
1583,DOCK3
1584,C3orf18
1585,COQ9
1586,TMEM40
1587,KIF9
1588,ARHGAP28
1589,CRLS1
1590,PPP1R13B
1591,ATRN
1592,SMOX
1593,SIGLEC1
1594,FKBP1A
1595,NSFL1C
1596,SLC4A11
1597,ZNF343
1598,EBF4
1599,CPXM1
1600,MAVS
1601,XRN2
1602,KIZ
1603,DYNLL1
1604,TESC
1605,SNX5
1606,RPL6
1607,SIRPG
1608,MAPKAPK5
1609,P2RX7
1610,ESF1
1611,RBBP9
1612,ANAPC5
1613,SLC23A2
1614,SLC8B1
1615,TMEM230
1616,DZANK1
1617,KDM2B
1618,CFAP61
1619,LHX5
1620,TASP1
1621,OAS1
1622,GCN1
1623,RPLP0
1624,PXN
1625,SIRT4
1626,KIF16B
1627,TRMT6
1628,CHGB
1629,PEBP1
1630,TBX5
1631,BRAP
1632,ERP29
1633,NOS1
1634,FUS
1635,IGBP1
1636,FXYD5
1637,ZNF302
1638,GRAMD1A
1639,FXYD3
1640,HEPH
1641,CDIP1
1642,CMTM1
1643,GANAB
1644,GMIP
1645,RBM41
1646,BIRC5
1647,LAG3
1648,MLF2
1649,OTUB2
1650,DDX24
1651,ZBTB25
1652,NECAP1
1653,ARHGAP4
1654,ANKRD24
1655,DHX32
1656,RCOR1
1657,GPATCH2L
1658,LTBP4
1659,BLVRB
1660,SLC9A1
1661,SPTLC1
1662,PAPOLA
1663,CCNK
1664,PCBP4
1665,RGS1
1666,YPEL3
1667,MRPS33
1668,NDUFB2
1669,NUDC
1670,MAEA
1671,ICAM1
1672,STRN4
1673,IRAK3
1674,LYZ
1675,MUL1
1676,TFAP4
1677,PDCD7
1678,SPG21
1679,DNAJB11
1680,P3H2
1681,THPO
1682,CHRD
1683,FLT3LG
1684,GNPTG
1685,ZNF268
1686,GOLGA3
1687,PABPC4
1688,CD209
1689,CERS4
1690,MCOLN1
1691,USP48
1692,EFNB1
1693,PDPR
1694,GLG1
1695,KIF4A
1696,TNRC6A
1697,PLEKHG2
1698,DLL3
1699,NAT14
1700,PITPNM2
1701,EXOC1
1702,RBM27
1703,OSBPL8
1704,NLRC4
1705,PUS7
1706,LAMB4
1707,NRCAM
1708,LAMB1
1709,SLC26A4
1710,DLD
1711,WDR7
1712,TXNL1
1713,IL5RA
1714,ABCC6
1715,CMTM6
1716,ITGA6
1717,RAPGEF4
1718,SMPX
1719,FH
1720,SEL1L3
1721,TF
1722,CDV3
1723,MYO15A
1724,ALKBH5
1725,NLRP1
1726,PITPNM3
1727,SPAG7
1728,ORC6
1729,ZFHX4
1730,CPA1
1731,ZC3HC1
1732,ESR1
1733,RGS17
1734,ANGPT2
1735,TMEM101
1736,CD200
1737,CCDC80
1738,CMA1
1739,PPP2R3C
1740,HAUS4
1741,JPH4
1742,MYH7
1743,CEBPE
1744,SLC7A8
1745,SLC22A17
1746,RNF31
1747,SCFD1
1748,G2E3
1749,HECTD1
1750,HNRNPC
1751,RPGRIP1
1752,SUPT16H
1753,TOX4
1754,GEMIN2
1755,SEMA6A
1756,TRPM7
1757,TYRO3
1758,WDR76
1759,CAPN3
1760,SNAP23
1761,TBX15
1762,PHGDH
1763,COL9A3
1764,EZR
1765,MYL6
1766,AGO1
1767,TEKT2
1768,CLSPN
1769,RFFL
1770,UNC13D
1771,MFSD11
1772,DPYSL2
1773,TGFB2
1774,GPATCH2
1775,NUP50
1776,CDC45
1777,COMT
1778,ECHDC1
1779,LRRFIP2
1780,SEC22C
1781,XYLB
1782,HDAC6
1783,GABRP
1784,CDC6
1785,UPRT
1786,CDC23
1787,CBX5
1788,FMO2
1789,SUCO
1790,MSH2
1791,MAP3K1
1792,DHPS
1793,HOOK2
1794,ARCN1
1795,EPB41L4B
1796,TMEM38B
1797,PSMD5
1798,PTGS1
1799,NUP188
1800,CRAT
1801,SH2D3C
1802,NANS
1803,TBC1D2
1804,CWF19L1
1805,SEMA4G
1806,BTAF1
1807,IKZF5
1808,BLNK
1809,TLL2
1810,CYP26A1
1811,TDRD1
1812,SORBS1
1813,CRTAC1
1814,BAMBI
1815,IL11
1816,MYO3A
1817,WAC
1818,CREM
1819,NUBP2
1820,TPSD1
1821,SMIM24
1822,HIVEP1
1823,TREM2
1824,CRISP3
1825,FKBP5
1826,SRPK1
1827,BRPF3
1828,MRPS18A
1829,TMEM14A
1830,EFHC1
1831,NCR2
1832,HSP90AB1
1833,CDC5L
1834,ITPR3
1835,ZNF184
1836,DSP
1837,SIRT1
1838,HNRNPH3
1839,IFT74
1840,JAK2
1841,IL12RB1
1842,ABL1
1843,ACOT7
1844,SH3GLB1
1845,CDC7
1846,SYDE2
1847,PCSK5
1848,SCD
1849,TMED1
1850,ABLIM1
1851,ERMP1
1852,RAB18
1853,NRP1
1854,PRTFDC1
1855,PALMD
1856,TSPAN15
1857,MAST3
1858,MZF1
1859,OCEL1
1860,MYO9B
1861,KCNK6
1862,CATSPERG
1863,PSMD8
1864,FBXL19
1865,STX1B
1866,HSD3B7
1867,SETD1A
1868,BCL7C
1869,CIRBP
1870,CBARP
1871,PCDH11Y
1872,HNRNPM
1873,NDUFB7
1874,TECR
1875,TIMM13
1876,CDC34
1877,MTAP
1878,MISP
1879,CEP170B
1880,POLR2E
1881,POLRMT
1882,HCN2
1883,IZUMO4
1884,RASSF7
1885,GADD45B
1886,PALM
1887,MADCAM1
1888,IGF2-AS
1889,MKNK2
1890,ARVCF
1891,TRMT2A
1892,RANBP1
1893,ZDHHC8
1894,KLHL22
1895,MED15
1896,SERPIND1
1897,SNAP29
1898,CRKL
1899,LZTR1
1900,MMP11
1901,CECR2
1902,SMARCB1
1903,P2RX6
1904,DERL3
1905,SLC7A4
1906,BCL2L13
1907,DDTL
1908,OSM
1909,CABIN1
1910,TBC1D10A
1911,SUSD2
1912,SF3A1
1913,GGT5
1914,RNF215
1915,SEC14L2
1916,SPECC1L
1917,PPIL2
1918,UPB1
1919,YPEL1
1920,SNRPD3
1921,PES1
1922,MAPK1
1923,GGT1
1924,PRODH
1925,PPM1F
1926,SLC35E4
1927,TOP3B
1928,CYTH4
1929,MFNG
1930,CARD10
1931,LRP5L
1932,SLC25A1
1933,PLA2G3
1934,LGALS2
1935,GGA1
1936,HIRA
1937,SH3BP1
1938,SEZ6L
1939,LGALS1
1940,HPS4
1941,PIK3IP1
1942,SRRD
1943,PATZ1
1944,TRIOBP
1945,TFIP11
1946,GCAT
1947,CRYBB1
1948,ANKRD54
1949,EIF3L
1950,SNU13
1951,MICALL1
1952,POLR2F
1953,CCDC134
1954,DEPDC5
1955,PICK1
1956,TTC28
1957,SLC16A8
1958,CENPM
1959,SLC5A1
1960,TPTEP1
1961,KDELR3
1962,DDX17
1963,DMC1
1964,HSCB
1965,CBY1
1966,TOMM22
1967,RSPH14
1968,XBP1
1969,RTCB
1970,JOSD1
1971,FBXO7
1972,GTPBP1
1973,POLDIP3
1974,RAB36
1975,TIMP3
1976,PPP6R2
1977,SBF1
1978,SUN2
1979,CYB5R3
1980,DNAL4
1981,C22orf31
1982,MIOX
1983,LMF2
1984,RHBDD3
1985,PACSIN2
1986,TTLL1
1987,RASL10A
1988,AP1B1
1989,HMGXB4
1990,TOM1
1991,NEFH
1992,CHKB
1993,BIK
1994,HMOX1
1995,MCAT
1996,THOC5
1997,MCM5
1998,APOBEC3H
1999,ARSA
2000,TSPO
2001,RASD2
2002,TTLL12
2003,CBX7
2004,PDGFB
2005,RPL3
2006,ZMAT5
2007,SYNGR1
2008,TAB1
2009,ASCC2
2010,MTMR3
2011,MIEF1
2012,APOL4
2013,APOL1
2014,PNPLA3
2015,MYH9
2016,CACNA1I
2017,SAMM50
2018,TXN2
2019,FOXRED2
2020,GRAP2
2021,EIF3D
2022,TNRC6B
2023,SGSM3
2024,IFT27
2025,PVALB
2026,KIAA0930
2027,NCF4
2028,CSF2RB
2029,SLC25A17
2030,UPK3A
2031,FAM118A
2032,KCTD17
2033,ST13
2034,IL2RB
2035,RBX1
2036,EP300
2037,L3MBTL2
2038,CHADL
2039,RANGAP1
2040,ZC3H7B
2041,PHF5A
2042,ACO2
2043,POLR3H
2044,TRMU
2045,PMM1
2046,DESI1
2047,CERK
2048,BRD1
2049,ZBED4
2050,MLC1
2051,HDAC10
2052,KCNK10
2053,ABHD4
2054,KHNYN
2055,FKBP3
2056,SDR39U1
2057,CTSG
2058,GZMH
2059,GZMB
2060,RBM23
2061,PRMT5
2062,COCH
2063,AP4S1
2064,POLE2
2065,VCPKMT
2066,SOS2
2067,CDKL1
2068,NIN
2069,PYGL
2070,TRIM9
2071,PSMC6
2072,GNPNAT1
2073,DDHD1
2074,CDKN3
2075,CNIH1
2076,CGRRF1
2077,ATP6V1D
2078,PLEK2
2079,PIGH
2080,PSMA3
2081,VTI1B
2082,TIMM9
2083,GSTZ1
2084,KIAA0586
2085,TMED8
2086,SAMD15
2087,AHSA1
2088,DAAM1
2089,ISM2
2090,SPTLC2
2091,RIN3
2092,LGMN
2093,ALKBH1
2094,SNW1
2095,ITPK1
2096,DHRS7
2097,PPM1A
2098,SIX4
2099,GALNT16
2100,CEP128
2101,ERH
2102,HIF1A
2103,SUSD6
2104,SRSF5
2105,SLC10A1
2106,EIF5
2107,DICER1
2108,ZFYVE21
2109,MTHFD1
2110,TCL1A
2111,ZC3H14
2112,TELO2
2113,BDKRB1
2114,GSKIP
2115,VRK1
2116,PSMC1
2117,PAPLN
2118,RPS6KA5
2119,PPP4R3A
2120,C14orf93
2121,PSMB5
2122,YY1
2123,ACIN1
2124,TRIP11
2125,PABPN1
2126,EFS
2127,ARHGAP5
2128,CINP
2129,DHRS2
2130,SRP54
2131,CHD8
2132,DCAF11
2133,PSMA6
2134,NFKBIA
2135,EMC9
2136,BRMS1L
2137,TM9SF1
2138,SEC23A
2139,GMPR2
2140,PNN
2141,RABGGTA
2142,PLTP
2143,PCIF1
2144,GSS
2145,MMP9
2146,TRPC4AP
2147,PYGB
2148,ABHD12
2149,PROCR
2150,GINS1
2151,NINL
2152,CD40
2153,UQCC1
2154,ZMYND8
2155,IFT52
2156,MYBL2
2157,NDRG3
2158,SLA2
2159,NFATC2
2160,RIMS4
2161,PABPC1L
2162,STK4
2163,SALL4
2164,ADNP
2165,PFDN4
2166,DOK5
2167,CSTF1
2168,BMP7
2169,RAE1
2170,TPD52L2
2171,DNAJC5
2172,NELFCD
2173,CTSZ
2174,PRPF6
2175,PRELID3B
2176,MTG2
2177,PSMA7
2178,SLCO4A1
2179,NTSR1
2180,MRGBP
2181,TCFL5
2182,DIDO1
2183,GID8
2184,SLC17A9
2185,BIRC7
2186,NKAIN4
2187,ARFGAP1
2188,AVP
2189,EEF1A2
2190,PTK6
2191,GMEB2
2192,SPEF1
2193,CDC25B
2194,ISM1
2195,RNF24
2196,ARFRP1
2197,NDUFAF5
2198,TRIB3
2199,RASSF2
2200,CSNK2A1
2201,SLC52A3
2202,RSPO4
2203,CDS2
2204,HM13
2205,SNPH
2206,MYLK2
2207,SIRPB1
2208,SEC23B
2209,FERMT1
2210,CCM2L
2211,PLCB4
2212,MYL9
2213,HCK
2214,TM9SF4
2215,TLDC2
2216,CRNKL1
2217,POFUT1
2218,SAMHD1
2219,KIF3B
2220,NOP56
2221,MANBAL
2222,IDH3B
2223,MAPRE1
2224,JAG1
2225,CDK5RAP1
2226,SNTA1
2227,OXT
2228,TTI1
2229,E2F1
2230,RPRD1B
2231,PXMP4
2232,CHMP4B
2233,BPI
2234,SLC32A1
2235,CST3
2236,ASIP
2237,CST4
2238,ACTR5
2239,WFDC2
2240,AHCY
2241,PPP1R16B
2242,FAM83D
2243,EPPIN
2244,DHX35
2245,DNTTIP1
2246,MAP1LC3A
2247,SYNDIG1
2248,PIGU
2249,TNNC2
2250,ACOT8
2251,APMAP
2252,CELF4
2253,ZNF516
2254,ADNP2
2255,RBFA
2256,USP14
2257,VAPA
2258,METTL4
2259,LPIN2
2260,SMCHD1
2261,MYOM1
2262,MYL12A
2263,CEP76
2264,CEP192
2265,RNMT
2266,SMAD7
2267,LIPG
2268,LAMA1
2269,RNF125
2270,ANKRD12
2271,POLI
2272,MIB1
2273,RBBP8
2274,RIOK3
2275,CSTF2
2276,MXRA5
2277,VSIG1
2278,PSMD10
2279,ATG4A
2280,STS
2281,TBL1X
2282,GPR143
2283,PGRMC1
2284,POLA1
2285,MID1
2286,NKAP
2287,RHOXF1
2288,NXT2
2289,ALG13
2290,PRPS2
2291,TLR8
2292,MOSPD1
2293,AMMECR1
2294,CHRDL1
2295,WDR13
2296,SUV39H1
2297,SRPX
2298,XIAP
2299,STAG2
2300,ATP11C
2301,MCF2
2302,ABCD1
2303,CCDC22
2304,CACNA1F
2305,SYP
2306,PLP2
2307,BMX
2308,PLS3
2309,NAA10
2310,RENBP
2311,ELF4
2312,SMARCA1
2313,MTMR8
2314,ASB9
2315,ZC3H12B
2316,RBBP7
2317,KCND1
2318,SLC25A14
2319,FMR1
2320,PIM2
2321,SCML2
2322,PQBP1
2323,PCSK1N
2324,EMD
2325,RAB40AL
2326,PGK1
2327,GATA1
2328,MAGT1
2329,SMS
2330,PHEX
2331,UBL4A
2332,CD99L2
2333,EEA1
2334,RP2
2335,JADE3
2336,CDK16
2337,USP11
2338,PCYT1B
2339,HTATSF1
2340,VGLL1
2341,CD40LG
2342,TIMP1
2343,KLHL4
2344,GABRE
2345,PCDH11X
2346,FGD1
2347,PIN4
2348,PORCN
2349,MAGED2
2350,RBM3
2351,KLF8
2352,SRPX2
2353,SYTL4
2354,ZDHHC15
2355,CENPI
2356,DRP2
2357,TAF7L
2358,PBDC1
2359,GLA
2360,ARMCX3
2361,BEX4
2362,NALCN
2363,FGF14
2364,HTR2A
2365,NDFIP2
2366,TNFSF13B
2367,FNDC3A
2368,CDADC1
2369,CAB39L
2370,KLF5
2371,STK24
2372,ACP5
2373,DNAJC3
2374,UGGT2
2375,ARHGEF7
2376,FGF9
2377,SGCG
2378,PARP4
2379,SUPT20H
2380,MRPS31
2381,SLC25A15
2382,KPNA3
2383,FLT1
2384,RGCC
2385,VWA8
2386,DGKH
2387,KATNAL1
2388,INTS6
2389,DHRS12
2390,MEDAG
2391,TSC22D1
2392,CLN5
2393,OLFM4
2394,MSLN
2395,MGRN1
2396,ZNF629
2397,TRADD
2398,HSF4
2399,CORO1A
2400,MAPK3
2401,GDPD3
2402,ELMO3
2403,PHKB
2404,LYRM1
2405,NUTF2
2406,NUP93
2407,CENPT
2408,TSNAXIP1
2409,NFAT5
2410,LONP2
2411,N4BP1
2412,CBLN1
2413,ARL2BP
2414,PLLP
2415,ZNF423
2416,CCL22
2417,DHODH
2418,CCL17
2419,CTCF
2420,ACD
2421,POLR2C
2422,PARD6A
2423,ZNF821
2424,MMP15
2425,USB1
2426,CYB5B
2427,NME3
2428,NDRG4
2429,PSMD7
2430,SETD6
2431,SLC38A7
2432,VAC14
2433,HAS3
2434,TANGO6
2435,COG4
2436,SMPD3
2437,SLC7A6OS
2438,SLC7A6
2439,PLA2G15
2440,ESRP2
2441,FA2H
2442,WDR59
2443,MON1B
2444,AXIN1
2445,HCFC1R1
2446,NPRL3
2447,MLYCD
2448,MPG
2449,NECAB2
2450,HSDL1
2451,TAF1C
2452,NAGPA
2453,WFDC1
2454,SEC14L5
2455,COTL1
2456,USP10
2457,CRISPLD2
2458,TSC2
2459,ZNF500
2460,NME4
2461,ABCC1
2462,NOMO3
2463,LMF1
2464,FOXF1
2465,MTHFSD
2466,CLCN7
2467,HAGHL
2468,SLC7A5
2469,METRN
2470,FBXO31
2471,STUB1
2472,RHBDL1
2473,NUBP1
2474,UBE2I
2475,MEFV
2476,CRYM
2477,EEF2K
2478,CAPN15
2479,PIEZO1
2480,GSPT1
2481,ZNF174
2482,CLUAP1
2483,UBFD1
2484,EARS2
2485,GGA2
2486,CPPED1
2487,USP31
2488,HMOX2
2489,SALL1
2490,TOX3
2491,RBL2
2492,QPRT
2493,XYLT1
2494,PYCARD
2495,RPGRIP1L
2496,MAZ
2497,STX4
2498,CDIPT
2499,BCKDK
2500,KAT8
2501,NOMO1
2502,IL21R
2503,SYT17
2504,TMC5
2505,CCP110
2506,SLC6A2
2507,RNF40
2508,KNOP1
2509,AQP9
2510,AAGAB
2511,IQCH
2512,LACTB
2513,CORO2B
2514,CSK
2515,HERC1
2516,TRIP4
2517,MTFMT
2518,RASL12
2519,AP3B2
2520,ACSBG1
2521,IGDCC4
2522,RAB11A
2523,CTSH
2524,TTC23
2525,CD276
2526,FAH
2527,CEMIP
2528,RPAP1
2529,HOMER2
2530,EHD4
2531,TMEM87A
2532,ZNF106
2533,CEP152
2534,ATP8B4
2535,OCA2
2536,DTWD1
2537,TGM5
2538,GABPB1
2539,BMF
2540,DMXL2
2541,SCG3
2542,DNAJC17
2543,EIF3J
2544,SPG11
2545,RHOV
2546,VPS18
2547,OIP5
2548,SLC30A4
2549,BLOC1S6
2550,MYEF2
2551,SGK3
2552,PDGFRL
2553,CSPP1
2554,ZDHHC2
2555,BRF2
2556,TRIM35
2557,ZFAND1
2558,RP1
2559,CA2
2560,FZD3
2561,INTS9
2562,RIPK2
2563,EYA1
2564,NBN
2565,TRPA1
2566,CPQ
2567,DECR1
2568,CALB1
2569,SFRP1
2570,LAPTM4B
2571,UBE2W
2572,POP1
2573,NIPAL2
2574,IKBKB
2575,PLAT
2576,JPH1
2577,DKK4
2578,STK3
2579,GDAP1
2580,RAB2A
2581,EIF3E
2582,EMC2
2583,ESRP1
2584,NDRG1
2585,ZC2HC1A
2586,IL7
2587,STMN2
2588,ARMC1
2589,TRPS1
2590,SPAG1
2591,CHRAC1
2592,NCALD
2593,SNX16
2594,UBR5
2595,GSDMD
2596,EEF1D
2597,ANXA13
2598,SQLE
2599,SH2D4A
2600,INTS10
2601,ERI1
2602,SLC39A14
2603,MTMR9
2604,LEPROTL1
2605,DCTN6
2606,R3HCC1
2607,GSR
2608,TNFRSF10A
2609,UBXN8
2610,PPP2CB
2611,NEFM
2612,TUSC3
2613,ARHGEF10
2614,KLHDC4
2615,MCM4
2616,KCTD9
2617,ASAH1
2618,BNIP3L
2619,MAN2B1
2620,KCNN4
2621,TULP2
2622,NUCB1
2623,DHDH
2624,GYS1
2625,MAP4K1
2626,ECH1
2627,LHB
2628,TUBB4A
2629,KCNA7
2630,SNRNP70
2631,CLPTM1
2632,RELB
2633,CLASRP
2634,LIN7B
2635,PPP1R37
2636,FCGRT
2637,PIH1D1
2638,CKM
2639,ARHGEF18
2640,PPP1R13L
2641,PEX11G
2642,ERCC2
2643,DOT1L
2644,PLEKHJ1
2645,SLC17A7
2646,RNASEH2A
2647,KLC3
2648,CD37
2649,SF3A2
2650,AMH
2651,DKKL1
2652,LYL1
2653,OAZ1
2654,TRMT1
2655,STX10
2656,RETN
2657,FCER2
2658,DMPK
2659,TBC1D17
2660,IL4I1
2661,TLE6
2662,PTOV1
2663,NOVA2
2664,SGTA
2665,MED25
2666,SNAPC2
2667,C19orf53
2668,TIMM44
2669,CCDC61
2670,TNNT1
2671,VRK3
2672,FAM32A
2673,PPP6R1
2674,C19orf44
2675,MED26
2676,OLFM2
2677,RASAL3
2678,AKAP8
2679,EPHX3
2680,ZNF419
2681,SYDE1
2682,CASP14
2683,AURKC
2684,POP4
2685,CCNE1
2686,URI1
2687,PDCD5
2688,ANKRD27
2689,RPS16
2690,TIMM50
2691,DYRK1B
2692,GPI
2693,AKT2
2694,PLD3
2695,PRX
2696,PIAS4
2697,NUMBL
2698,EBI3
2699,SHD
2700,TBCB
2701,FSD1
2702,POLR2I
2703,OVOL3
2704,CLIP3
2705,ZFR2
2706,SLC1A5
2707,PRKD2
2708,TJP3
2709,APLP1
2710,CACTIN
2711,CCDC9
2712,HNRNPUL1
2713,FZR1
2714,BBC3
2715,TGFB1
2716,DENND3
2717,PLIN3
2718,MYH14
2719,MRPL4
2720,SIGLEC8
2721,CD79A
2722,LIM2
2723,ICAM4
2724,RPS19
2725,NKG7
2726,ICAM5
2727,ETFB
2728,CD33
2729,CEACAM5
2730,CRX
2731,BABAM1
2732,TYK2
2733,CDC37
2734,NAPA
2735,RABAC1
2736,ATP1A3
2737,MEIS3
2738,PTPRS
2739,CNFN
2740,MEGF8
2741,KDELR1
2742,CYTH2
2743,GRWD1
2744,GRIN2D
2745,SYNGR4
2746,CLEC11A
2747,CARD8
2748,LIG1
2749,SIGLEC6
2750,ZNF175
2751,PLA2G4C
2752,HAS1
2753,RAB3D
2754,DBP
2755,TMEM205
2756,CAPS
2757,PLPPR2
2758,FAM83E
2759,RASIP1
2760,BCAT2
2761,MIER2
2762,PLEKHA4
2763,PPP2R1A
2764,TNPO2
2765,WDR83OS
2766,GCDH
2767,KLF1
2768,DNASE2
2769,MAST1
2770,TFPT
2771,JAK3
2772,RPL18A
2773,SLC5A5
2774,KCNN1
2775,ARRDC2
2776,PIK3R2
2777,RAB3A
2778,PDE4C
2779,ISYNA1
2780,ELL
2781,CRTC1
2782,COMP
2783,COPE
2784,DDX49
2785,ETV2
2786,ARMC6
2787,TMEM147
2788,TMEM59L
2789,HAMP
2790,USF2
2791,LSR
2792,KXD1
2793,FKBP8
2794,SUGP1
2795,HPN
2796,ZNF14
2797,SCN1B
2798,PBX4
2799,ERF
2800,GSK3A
2801,ATP13A1
2802,ZNF574
2803,GRIK5
2804,SIPA1L3
2805,ZNF85
2806,ETHE1
2807,CADM4
2808,SMG9
2809,AVL9
2810,RUNDC3B
2811,CFAP69
2812,GTPBP10
2813,RASA4
2814,CDK6
2815,PMPCB
2816,DNAJC2
2817,TFPI2
2818,BET1
2819,NAMPT
2820,PIK3CG
2821,PON3
2822,PON2
2823,ITGB8
2824,HBP1
2825,SP4
2826,WDR91
2827,DNAH11
2828,CBLL1
2829,DLX5
2830,MTPN
2831,STEAP1B
2832,PTN
2833,ATP6V0A4
2834,ZC3HAV1
2835,OGDH
2836,ADAP1
2837,TFEC
2838,CAV2
2839,CAV1
2840,MET
2841,RNF32
2842,LMBR1
2843,WNT2
2844,HOXA1
2845,DNAJB6
2846,HOXA2
2847,HOXA3
2848,LFNG
2849,HOXA5
2850,HOXA6
2851,BRAT1
2852,IQCE
2853,ANKRD7
2854,VIPR2
2855,TSPAN12
2856,CPED1
2857,HIBADH
2858,TAX1BP1
2859,CPVL
2860,CHN2
2861,GRB10
2862,ABHD11
2863,COBL
2864,FKBP14
2865,PLEKHA8
2866,STX1A
2867,NOD1
2868,CASP2
2869,CHCHD2
2870,HSPB1
2871,NPTX2
2872,PDAP1
2873,BUD31
2874,PTCD1
2875,CYP3A5
2876,ZKSCAN1
2877,EIF3B
2878,SNX8
2879,NUDT1
2880,PTPRZ1
2881,TAF6
2882,WASL
2883,AIMP2
2884,TFR2
2885,FSCN3
2886,MOSPD3
2887,PCOLCE
2888,FBXO24
2889,RBM28
2890,USP42
2891,IMPDH1
2892,AGFG2
2893,LSM5
2894,SERPINE1
2895,AP1S1
2896,C1GALT1
2897,PLOD3
2898,RPA3
2899,ZNHIT1
2900,CLDN15
2901,GLCCI1
2902,PHF14
2903,NRF1
2904,TMEM106B
2905,EZH2
2906,CEP41
2907,ZNF862
2908,SFRP4
2909,MEST
2910,MEOX2
2911,ANKMY2
2912,ACTR3C
2913,POU6F2
2914,TSPAN13
2915,RARRES2
2916,AGR2
2917,AHR
2918,CHCHD3
2919,GIMAP2
2920,TMEM176B
2921,GLI3
2922,PSMA2
2923,MRPL32
2924,COA1
2925,BLVRA
2926,URGCP
2927,TMEM248
2928,RHEB
2929,PRKAG2
2930,AEBP1
2931,POLD2
2932,GCK
2933,BCL7B
2934,YKT6
2935,TBL2
2936,CLIP2
2937,EIF4H
2938,LIMK1
2939,SPATA6L
2940,SLC1A1
2941,LHX2
2942,FKTN
2943,FSD1L
2944,CNTNAP3
2945,SPIN1
2946,NMRK1
2947,TMEM245
2948,PRUNE2
2949,MEGF9
2950,TRIM14
2951,CORO2A
2952,TGFBR1
2953,SEC61B
2954,C5
2955,ASPN
2956,TLE4
2957,LHX6
2958,PTGR1
2959,SUSD1
2960,AKNA
2961,TNFSF8
2962,DNM1
2963,ENG
2964,AK1
2965,CDC37L1
2966,RLN2
2967,RLN1
2968,PLGRKT
2969,TBC1D13
2970,RIC1
2971,KDM4C
2972,DOCK8
2973,KANK1
2974,ELAVL2
2975,NCS1
2976,TESK1
2977,CA9
2978,FUBP3
2979,TYRP1
2980,CREB3
2981,RGP1
2982,MPDZ
2983,EDF1
2984,PIP5K1B
2985,GLIS3
2986,BAG1
2987,RAPGEF1
2988,NPDC1
2989,SETX
2990,PTGDS
2991,ABCA2
2992,SHB
2993,UBE2R2
2994,ABHD17B
2995,EXOSC3
2996,ZFAND5
2997,DVL1
2998,PDLIM1
2999,CCNJ
3000,GATA3
3001,ATRNL1
3002,HPS1
3003,PHYH
3004,RASSF4
3005,DNMBP
3006,RAB11FIP2
3007,CXCL12
3008,ERLIN1
3009,EIF3A
3010,PKD2L1
3011,CUBN
3012,TRDMT1
3013,DDX50
3014,MAPK8
3015,SEC23IP
3016,ATE1
3017,NSMCE4A
3018,PLEKHA1
3019,PALD1
3020,UNC5B
3021,CDH23
3022,SPOCK2
3023,MICU1
3024,PPP3CB
3025,CCSER2
3026,BMPR1A
3027,MINPP1
3028,ACTA2
3029,LIPA
3030,TLX1
3031,LZTS2
3032,SFXN3
3033,KAZALD1
3034,FBXW4
3035,NPM3
3036,TNKS2
3037,PITX3
3038,GBF1
3039,ARHGAP21
3040,CPEB3
3041,FBXL15
3042,CUEDC2
3043,SUFU
3044,ANKRD26
3045,ACBD5
3046,LHPP
3047,LARP4B
3048,GTPBP4
3049,EDRF1
3050,BCCIP
3051,MTPAP
3052,NEURL1
3053,SH3PXD2A
3054,PITRM1
3055,MAP3K8
3056,DKK1
3057,EBF3
3058,GLRX3
3059,SORCS1
3060,XPNPEP1
3061,SMC3
3062,SHOC2
3063,TFAM
3064,CCDC6
3065,CUL2
3066,CCNY
3067,UBE2S
3068,RPL28
3069,ZMIZ1
3070,DNAJC12
3071,PPIF
3072,PBLD
3073,TSPAN14
3074,LGI1
3075,TBC1D12
3076,CYP2C18
3077,NUFIP2
3078,GIT1
3079,RPL19
3080,FBXL20
3081,RUNDC3A
3082,UBTF
3083,CSF3
3084,PSMD3
3085,CASC3
3086,RAPGEFL1
3087,RGS9
3088,RNF43
3089,ASPA
3090,RAD51C
3091,MTMR4
3092,TRIM37
3093,P2RX1
3094,DHX40
3095,TUBD1
3096,KPNB1
3097,GOSR2
3098,PNPO
3099,RPS6KB1
3100,CDK5RAP3
3101,CBX1
3102,RECQL5
3103,PIGL
3104,GALK1
3105,INTS2
3106,CAMTA2
3107,MED13
3108,HOXB6
3109,ENO3
3110,PFN1
3111,RNF167
3112,SLC25A11
3113,RASD1
3114,CHRNE
3115,RAI1
3116,NUP88
3117,C1QBP
3118,SLC6A4
3119,BLMH
3120,CPD
3121,GOSR1
3122,CCDC47
3123,MED31
3124,DRG2
3125,FTSJ3
3126,AKAP10
3127,ALDH3A1
3128,SMARCD2
3129,ICAM2
3130,SYNGR2
3131,B9D1
3132,UTP6
3133,DDX5
3134,C17orf75
3135,CYTH1
3136,PSMD11
3137,LGALS3BP
3138,ASIC2
3139,CCL7
3140,CCL2
3141,CCL8
3142,CCL1
3143,PEX12
3144,KRT32
3145,DHX58
3146,KAT2A
3147,RAB5C
3148,NAGLU
3149,HSD17B1
3150,MLX
3151,CNTNAP1
3152,ABI3
3153,EZH1
3154,DLX4
3155,PPP1R9B
3156,COL1A1
3157,SGCA
3158,MRPL27
3159,VAT1
3160,LRRC59
3161,RND2
3162,ALOX12
3163,HDAC5
3164,ABCC3
3165,LUC7L3
3166,PPY
3167,MPP2
3168,SMURF2
3169,DUSP3
3170,EFTUD2
3171,HLF
3172,SLC16A6
3173,PRKAR1A
3174,EFNB3
3175,FAM20A
3176,MMD
3177,RANGRF
3178,DPH1
3179,MAP2K6
3180,DHRS7B
3181,WSB1
3182,RCVRN
3183,MYH1
3184,MYH3
3185,NAT9
3186,VTN
3187,TNFAIP1
3188,IFT20
3189,TMEM97
3190,CDR2L
3191,PMP22
3192,FOXN1
3193,UNC119
3194,ALDOC
3195,SUPT6H
3196,RAB34
3197,PHF12
3198,TMEM33
3199,SLAIN2
3200,OCIAD1
3201,CWH43
3202,DCUN1D4
3203,USP46
3204,SULT1E1
3205,ODAM
3206,CHIC2
3207,NMU
3208,LAMTOR3
3209,PF4V1
3210,NFKB1
3211,AREG
3212,MANBA
3213,UBE2D3
3214,MAPK10
3215,ELF2
3216,NDUFC1
3217,TBC1D9
3218,ZNF330
3219,INPP4B
3220,GAB1
3221,KLHL2
3222,IL2
3223,CPE
3224,RPL34
3225,WFS1
3226,ANXA10
3227,GRPEL1
3228,GAR1
3229,CLCN3
3230,AADAT
3231,GALNT7
3232,DHX15
3233,SOD3
3234,SEPSECS
3235,TRIM2
3236,SLC2A9
3237,FBXW7
3238,NEIL3
3239,TBC1D19
3240,CLNK
3241,SH3D19
3242,STIM2
3243,NKX3-2
3244,GLRB
3245,BST1
3246,RAPGEF2
3247,SNX25
3248,LRP2BP
3249,UFSP2
3250,KLF3
3251,KLHL5
3252,FAM149A
3253,NCAPG
3254,UGDH
3255,PPARGC1A
3256,DDX25
3257,CRYAB
3258,HTATIP2
3259,CTSC
3260,CCDC34
3261,ZBTB16
3262,ELP4
3263,ZPR1
3264,MTCH2
3265,TECTA
3266,SC5D
3267,CRTAM
3268,B3GAT1
3269,HSPA8
3270,VWA5A
3271,DNAJC4
3272,SIAE
3273,SNX15
3274,LPXN
3275,DTX4
3276,ATG2A
3277,EHD1
3278,OSBP
3279,UNC93B1
3280,PUS3
3281,DCPS
3282,KMT5B
3283,FOXRED1
3284,PPP6R3
3285,NRXN2
3286,MS4A6A
3287,MS4A4A
3288,ST3GAL4
3289,CPT1A
3290,CCND1
3291,CCDC86
3292,PRPF19
3293,TMEM109
3294,HPX
3295,TRIM3
3296,FOLR1
3297,ANAPC15
3298,FOLR3
3299,PANX1
3300,ARHGEF17
3301,CEP164
3302,RNF141
3303,CEP126
3304,EIF4G2
3305,IL10RA
3306,GALNT18
3307,BIRC2
3308,UBE4A
3309,DDX6
3310,UPK2
3311,CBL
3312,HIPK3
3313,KIAA1549L
3314,FBXO3
3315,PDHX
3316,SLC1A2
3317,COMMD9
3318,SLC15A3
3319,CD5
3320,ACCS
3321,MDK
3322,AMBRA1
3323,MADD
3324,PTPMT1
3325,NAA40
3326,CD81
3327,SLC35F2
3328,C11orf21
3329,ELMOD1
3330,SOX6
3331,C11orf58
3332,PITPNM1
3333,RPS13
3334,AIP
3335,NUP98
3336,NDUFS8
3337,TCIRG1
3338,CHKA
3339,EXPH5
3340,HPS5
3341,POU2AF1
3342,PTPN5
3343,VWF
3344,PSMD9
3345,P3H3
3346,PPFIBP1
3347,PRPF40B
3348,CD69
3349,PRDM4
3350,CLEC2B
3351,COQ5
3352,SELPLG
3353,CORO1C
3354,ASIC1
3355,CAPRIN2
3356,TSPAN11
3357,KCTD10
3358,SLC11A2
3359,MLEC
3360,MVK
3361,CSRNP2
3362,CAMKK2
3363,BIN2
3364,IL23A
3365,PTGES3
3366,BCL7A
3367,RSRC2
3368,CYP27B1
3369,MYF6
3370,MYF5
3371,LIN7A
3372,KRT18
3373,ACSS3
3374,TNS2
3375,GLI1
3376,PPM1H
3377,METAP2
3378,LTA4H
3379,ELK3
3380,SLC6A12
3381,WNT5B
3382,MAGOHB
3383,TRPV4
3384,ITFG2
3385,FOXM1
3386,PRR4
3387,PRMT8
3388,PARP11
3389,ARPC3
3390,GPN3
3391,VPS29
3392,MYL2
3393,RAD51AP1
3394,CUX2
3395,SH2B3
3396,AKAP3
3397,KCNA1
3398,DUSP16
3399,CREBL2
3400,ACAD10
3401,ALDH2
3402,CDKN1B
3403,NAA25
3404,SCNN1A
3405,LTBR
3406,OGFOD2
3407,CDK2AP1
3408,OAS3
3409,OAS2
3410,ART4
3411,MGP
3412,RASAL1
3413,ARHGDIB
3414,GTF2H3
3415,EIF2B1
3416,DDX55
3417,SLC38A1
3418,RERGL
3419,ENDOU
3420,VDR
3421,FZD10
3422,RFC5
3423,STX2
3424,ADGRD1
3425,COPZ1
3426,TBC1D30
3427,CAND1
3428,IL26
3429,IFNG
3430,RAB5B
3431,NUP107
3432,CNOT2
3433,TIMELESS
3434,CPSF6
3435,KRR1
3436,MRPL51
3437,GAPDH
3438,NOP2
3439,CHD4
3440,ACRBP
3441,COPS7A
3442,ING4
3443,GNB3
3444,CDCA3
3445,CHPT1
3446,USP5
3447,TPI1
3448,GNPTAB
3449,SPSB2
3450,ENO2
3451,ATN1
3452,C12orf57
3453,PTPN6
3454,LPCAT3
3455,NT5DC3
3456,SLCO1B3
3457,NANOG
3458,SUDS3
3459,GOLT1B
3460,LDHB
3461,PRKAB1
3462,CMAS
3463,HCFC2
3464,ST8SIA1
3465,CLEC4A
3466,C2CD5
3467,AICDA
3468,RAB35
3469,PHC1
3470,COX6A1
3471,RFX4
3472,RIC8B
3473,SRSF9
3474,FGFR1OP2
3475,KLRB1
3476,COL12A1
3477,BTN3A3
3478,TDP2
3479,FRK
3480,DSE
3481,RWDD1
3482,RSPH4A
3483,MAK
3484,TMEM14C
3485,PAK1IP1
3486,GCNT2
3487,SMIM8
3488,NEDD9
3489,CEP85L
3490,ADTRP
3491,ASF1A
3492,MCM9
3493,FAM184A
3494,RNGTT
3495,MAN1A1
3496,SERINC1
3497,HDDC2
3498,TPD52L1
3499,HINT3
3500,NCOA7
3501,SASH1
3502,UST
3503,ULBP1
3504,FBXO5
3505,MTRF1L
3506,PPARD
3507,FANCE
3508,MAPK14
3509,KCTD20
3510,STK38
3511,SRSF3
3512,MRPL18
3513,IL17A
3514,IL17F
3515,MCM3
3516,RNF8
3517,PHACTR1
3518,MDGA1
3519,FBXO9
3520,CD83
3521,MDN1
3522,SAYSD1
3523,BMP5
3524,BACH2
3525,RBM24
3526,CAP2
3527,TREML2
3528,ZNF451
3529,BAG2
3530,RAB23
3531,FHL5
3532,GPR63
3533,FBXL4
3534,CCNC
3535,PRDM13
3536,E2F3
3537,PTP4A1
3538,ASCC3
3539,MED23
3540,WASF1
3541,GPLD1
3542,ALDH5A1
3543,VNN1
3544,VNN2
3545,ACOT13
3546,SMAP1
3547,RPS12
3548,C6orf62
3549,B3GAT2
3550,GMNN
3551,EYA4
3552,SOBP
3553,NR2E1
3554,SNX3
3555,HBS1L
3556,TRIM38
3557,PEX7
3558,ZBTB24
3559,FIG4
3560,PERP
3561,ARFGEF3
3562,SLC16A10
3563,HECA
3564,ADGRG6
3565,PHACTR2
3566,EPM2A
3567,CCR6
3568,PHF1
3569,CUTA
3570,PACRG
3571,QKI
3572,C6orf118
3573,PDE10A
3574,MDFI
3575,TFEB
3576,SMOC2
3577,CCND3
3578,BYSL
3579,TBP
3580,PRPH2
3581,PPP2R5D
3582,MRPL2
3583,PTK7
3584,SRF
3585,CUL9
3586,DNPH1
3587,DUSP22
3588,EXOC2
3589,COX7A2
3590,TMEM30A
3591,GMDS
3592,SENP6
3593,IMPG1
3594,VEGFA
3595,TTK
3596,SLC29A1
3597,LAMA4
3598,CLIC5
3599,FBRSL1
3600,ENPP5
3601,LY86
3602,PRSS16
3603,MEP1A
3604,TBX18
3605,HARS2
3606,NUDT12
3607,CEP72
3608,MAN2A1
3609,SEMA5A
3610,C7
3611,GHR
3612,HMGCS1
3613,DAP
3614,NME5
3615,BRD8
3616,KIF20A
3617,NNT
3618,MRPS30
3619,HSPA9
3620,MRPS27
3621,PFDN1
3622,HBEGF
3623,LOX
3624,GZMK
3625,APBB3
3626,TMCO6
3627,SPARC
3628,IK
3629,HMGCR
3630,FAF2
3631,PCDHB5
3632,PCDHB7
3633,CLK4
3634,PCDHB15
3635,ITK
3636,RNF130
3637,THG1L
3638,ARSB
3639,CLINT1
3640,THBS4
3641,CNOT6
3642,IL12B
3643,BTNL8
3644,TTC1
3645,MSH3
3646,RASGRF2
3647,CCNG1
3648,POLR3G
3649,DROSHA
3650,CDH6
3651,LMNB1
3652,ARRDC3
3653,GOLPH3
3654,SUB1
3655,NPR3
3656,SLC27A6
3657,IRX4
3658,LNPEP
3659,PDE4D
3660,RAD1
3661,BRIX1
3662,PRLR
3663,RAD50
3664,ST8SIA4
3665,GNPDA1
3666,PCDH12
3667,SKP1
3668,NUP155
3669,PPP2CA
3670,FGF1
3671,NR3C1
3672,C5orf15
3673,PPWD1
3674,LIFR
3675,TRIM23
3676,TRAPPC13
3677,C9
3678,SEC24A
3679,TXNDC15
3680,TTC33
3681,WWC1
3682,TCERG1
3683,DPYSL3
3684,SMAD5
3685,CSNK1A1
3686,HMGXB3
3687,ERGIC1
3688,PDGFRB
3689,CDX1
3690,ATP6V0E1
3691,BNIP1
3692,STC2
3693,CPEB4
3694,HRH2
3695,DBN1
3696,ZNF346
3697,EHHADH
3698,CNTN3
3699,SMC4
3700,ACTR8
3701,TBCCD1
3702,TIMMDC1
3703,CRBN
3704,BCL6
3705,HGD
3706,CLDN16
3707,ARL6
3708,NPHP3
3709,CD86
3710,AMOTL2
3711,NIT2
3712,FAM162A
3713,OGG1
3714,KPNA1
3715,PCCB
3716,UBE3A
3717,ARMC8
3718,CEP70
3719,RBP1
3720,SLC25A36
3721,RNF7
3722,TFDP2
3723,XRN1
3724,KAT2B
3725,BCHE
3726,SERPINI2
3727,PDCD10
3728,WNT5A
3729,PFKFB4
3730,COL7A1
3731,FGF12
3732,PRKAR2A
3733,HES1
3734,USP4
3735,ACAP2
3736,ECT2
3737,GNAI2
3738,TFG
3739,USP9Y
3740,HYAL1
3741,TUSC2
3742,NPRL2
3743,RPL24
3744,CYB561D2
3745,FXR1
3746,CBLB
3747,BBX
3748,IFT57
3749,GNB4
3750,HHLA2
3751,GBE1
3752,UMPS
3753,NCBP2
3754,SNX4
3755,C3orf52
3756,FRMD4B
3757,SLC41A3
3758,ROPN1B
3759,PLXNA1
3760,ATP6V1A
3761,ABTB1
3762,PODXL2
3763,UPK1B
3764,CSPG5
3765,KLHL18
3766,SCAP
3767,EFCC1
3768,NEK11
3769,MRPL3
3770,PLSCR4
3771,HEMK1
3772,CISH
3773,MAPKAPK3
3774,ACVR2B
3775,WDR48
3776,COMMD2
3777,GORASP1
3778,RRP9
3779,ABCC5
3780,AADAC
3781,ABHD14B
3782,EIF1B
3783,KLHL24
3784,PLCH1
3785,VIPR1
3786,DNAH1
3787,SSR3
3788,ZBTB47
3789,TNNC1
3790,NKTR
3791,CLCN2
3792,FOXP1
3793,EIF4G1
3794,SPCS1
3795,NEK4
3796,SLC4A3
3797,EEF1B2
3798,ADAM23
3799,DGUOK
3800,MOB1A
3801,KANSL3
3802,LMAN2L
3803,RTKN
3804,TTL
3805,IL1A
3806,CCL20
3807,PIKFYVE
3808,KCNIP3
3809,NCL
3810,SLC35F5
3811,ZAP70
3812,ACTR3
3813,STEAP3
3814,EPB41L5
3815,TFCP2L1
3816,SF3B6
3817,TP53I3
3818,DNAJC27
3819,POMC
3820,STAM2
3821,OTOF
3822,GPD2
3823,CENPA
3824,CYTIP
3825,ACVR1
3826,TANC1
3827,SLC30A3
3828,MPV17
3829,GTF3C2
3830,EIF2B4
3831,NRBP1
3832,ITGB6
3833,FNDC4
3834,ITGA4
3835,PSMD14
3836,SNX17
3837,ASB3
3838,PPM1G
3839,PDE1A
3840,REEP6
3841,PCSK4
3842,IFIH1
3843,RPS15
3844,GCA
3845,INO80B
3846,MOGS
3847,TTC31
3848,NDUFS7
3849,PCGF1
3850,GRB14
3851,CLIP4
3852,TLX2
3853,SPTBN1
3854,AUP1
3855,RTN4
3856,HTRA2
3857,LOXL3
3858,DOK1
3859,GALNT3
3860,POLE4
3861,TACR1
3862,CCDC88A
3863,ACADL
3864,EVA1A
3865,MRPL19
3866,LANCL1
3867,WDR75
3868,EFEMP1
3869,REG1A
3870,FANCL
3871,FN1
3872,STAT1
3873,GLS
3874,PAPOLG
3875,DNAH6
3876,PECR
3877,UNC50
3878,IGFBP2
3879,ELMOD3
3880,IGFBP5
3881,USP34
3882,EFHD1
3883,CCT4
3884,GGCX
3885,EHBP1
3886,OTX1
3887,TXNDC9
3888,COQ10B
3889,GNLY
3890,SF3B1
3891,ST3GAL5
3892,CHST10
3893,PDCL3
3894,MOB4
3895,HSPE1
3896,KDM3A
3897,PLCD4
3898,CHMP3
3899,ZNF142
3900,IL1R2
3901,IL1R1
3902,WNT6
3903,IL1RL2
3904,IL1RL1
3905,IL18R1
3906,IL18RAP
3907,SLC9A2
3908,FHL2
3909,MLPH
3910,CNPPD1
3911,UXS1
3912,ABCB6
3913,STK16
3914,HDLBP
3915,PPP1R7
3916,PASK
3917,STK25
3918,TPO
3919,PROC
3920,ID2
3921,TAF1B
3922,HPCAL1
3923,ODC1
3924,BIRC6
3925,NOL10
3926,PLEKHB2
3927,GORASP2
3928,STRN
3929,CEBPZ
3930,PRKD3
3931,DCAF17
3932,QPCT
3933,RAB3GAP1
3934,SLC25A12
3935,RMDN2
3936,DLX2
3937,SRSF7
3938,SDC1
3939,PLCL1
3940,SLC1A4
3941,SOS1
3942,KYNU
3943,WIPF1
3944,ORC2
3945,COX7A2L
3946,PNO1
3947,ORC4
3948,PLEK
3949,RND3
3950,ATF2
3951,THADA
3952,AAK1
3953,TRAK2
3954,C2orf42
3955,TIA1
3956,PCYOX1
3957,KISS1R
3958,EPAS1
3959,ARID3A
3960,SUMO1
3961,CD207
3962,GRIN3B
3963,VAX2
3964,ATP6V1B1
3965,NFE2L2
3966,MSH6
3967,PLEKHA3
3968,SPR
3969,EPHA4
3970,PARD3B
3971,FARSB
3972,ALMS1
3973,BCL9
3974,PRRX1
3975,DHCR24
3976,DNAJC16
3977,MARK1
3978,MORN1
3979,GPX7
3980,CACYBP
3981,SCP2
3982,TPSG1
3983,RALGPS2
3984,ANGPTL1
3985,CEP104
3986,FAM20B
3987,TCEANC2
3988,TMEM59
3989,LRRC42
3990,WRAP73
3991,MRPL37
3992,ICMT
3993,RPL22
3994,QSOX1
3995,STXBP3
3996,PHF13
3997,ERRFI1
3998,PARK7
3999,AMPD2
4000,SRSF4
4001,MECR
4002,KCNC4
4003,EDEM3
4004,WDR77
4005,RAP1A
4006,HDAC1
4007,CAPZA1
4008,S100PBP
4009,RNF19B
4010,SCAMP3
4011,TRIM62
4012,ASH1L
4013,DLGAP3
4014,SFPQ
4015,RHOU
4016,GON4L
4017,ARHGEF2
4018,LAMTOR2
4019,DOCK7
4020,SRM
4021,FBXO2
4022,FBXO6
4023,C1orf21
4024,SWT1
4025,MAD2L2
4026,DNAJC6
4027,LEPR
4028,IVNS1ABP
4029,KIAA2013
4030,MFN2
4031,PRG4
4032,MIIP
4033,SMG7
4034,NCF2
4035,SLC35D1
4036,PLA2G4A
4037,GADD45A
4038,WLS
4039,PRDM2
4040,RGS2
4041,AMPD1
4042,UCHL5
4043,BCAS2
4044,SRSF11
4045,CTH
4046,AGMAT
4047,OLFML3
4048,TNNI3K
4049,CFHR3
4050,PLEKHM2
4051,CRYZ
4052,PHTF1
4053,ZBTB17
4054,CD58
4055,TFAP2E
4056,CD2
4057,TTF2
4058,NR5A2
4059,KIF21B
4060,TMEM9
4061,MAP7D1
4062,WARS2
4063,HAO2
4064,OSCP1
4065,MRPS15
4066,EXOC8
4067,GNPAT
4068,TSNAX
4069,RRAGC
4070,NID1
4071,LGALS8
4072,HPCAL4
4073,MTR
4074,BMP8B
4075,MYCL
4076,SIPA1L2
4077,RLF
4078,KMO
4079,ZNF684
4080,KCNQ4
4081,RIMS3
4082,AKT3
4083,ETV3
4084,ACADM
4085,ST6GALNAC5
4086,SLAMF1
4087,CD48
4088,ADGRL2
4089,PADI2
4090,SDHB
4091,MFAP2
4092,RPF1
4093,KDM5B
4094,UAP1
4095,ACTL8
4096,CTBS
4097,RGS4
4098,KLHL12
4099,IGSF21
4100,SSX2IP
4101,ZNHIT6
4102,PLA2G2D
4103,RBBP5
4104,GBP3
4105,GBP1
4106,PINK1-AS
4107,KIF17
4108,GPR89A
4109,CDK18
4110,RAB29
4111,CD160
4112,ECE1
4113,HMGCL
4114,GALE
4115,ID3
4116,CR2
4117,CD46
4118,PRPF3
4119,APH1A
4120,P3H1
4121,SLC2A1
4122,EBNA1BP2
4123,CDC20
4124,ARTN
4125,IPO13
4126,ATP6V0B
4127,B4GALT2
4128,ERI3
4129,PTCH2
4130,AKR1A1
4131,PRDX1
4132,PIK3R3
4133,TSPAN1
4134,BLZF1
4135,CCDC181
4136,SLC19A2
4137,FAAH
4138,NSUN4
4139,TMED5
4140,DR1
4141,CNN3
4142,PRRC2C
4143,F3
4144,ABCD3
4145,VAMP4
4146,DPH5
4147,FASLG
4148,PTBP2
4149,TNFSF4
4150,PRDX6
4151,DARS2
4152,HSD11B1
4153,IRF6
4154,PLPPR5
4155,PLPPR4
4156,RCAN3
4157,SYF2
4158,RSRP1
4159,SLC35A3
4160,RCOR3
4161,STMN1
4162,MTFR1L
4163,MAN1C1
4164,NEK2
4165,DHDDS
4166,NENF
4167,NSL1
4168,PROX1
4169,ARID1A
4170,CENPF
4171,RPA2
4172,PPP1R8
4173,STX12
4174,OSBPL9
4175,TXNDC12
4176,ESYT2
4177,RCN2
4178,CHRNB4
4179,MUC5B
4180,CTSD
4181,COLEC11
4182,STAG1
4183,STK11
4184,KMT2A
4185,IFT46
4186,APOA1
4187,ZNF541
4188,SLC8A2
4189,KPTN
4190,RPS25
4191,KIF14
4192,TNNT2
4193,DDX59
4194,CAMSAP2
4195,ATF6
4196,MREG
4197,FASTKD2
4198,NRP2
4199,CREB1
4200,KLF7
4201,B4GALT6
4202,C1orf54
4203,CA14
4204,ATP10B
4205,SPCS2
4206,USP35
4207,ELOVL4
4208,FILIP1
4209,HMGN3
4210,UBE3D
4211,CNR1
4212,ANKRD13C
4213,SGIP1
4214,PHF3
4215,ADGB
4216,PLAGL1
4217,FBXO30
4218,TNFAIP3
4219,AKAP7
4220,RAB32
4221,MYB
4222,ALDH8A1
4223,SGK1
4224,RNF146
4225,TCF21
4226,PMFBP1
4227,FBXL5
4228,MED28
4229,SLC16A7
4230,VAMP8
4231,DCLRE1B
4232,MYL12B
4233,FOXO3
4234,ARMC2
4235,TGIF2
4236,CASQ2
4237,PKD2
4238,ABCG2
4239,SPP1
4240,STBD1
4241,CCNI
4242,RARRES1
4243,MFSD1
4244,RAB3GAP2
4245,EEF2KMT
4246,PPL
4247,UBN1
4248,KLF12
4249,UCHL3
4250,PCDH17
4251,HS1BP3
4252,LDAH
4253,WDR35
4254,CCND2
4255,ELL2
4256,DNAH7
4257,CYP20A1
4258,NDUFB3
4259,GTF3C3
4260,SATB2
4261,UBE2B
4262,TRPM6
4263,GDA
4264,KLF9
4265,TJP2
4266,ITGB1BP1
4267,CPSF3
4268,PIGZ
4269,SENP5
4270,CCDC92
4271,C1orf198
4272,HEATR1
4273,PTBP3
4274,RAD23B
4275,FKBP15
4276,CTNNAL1
4277,SET
4278,GLE1
4279,RAB14
4280,CNTRL
4281,TRIM32
4282,FBXW2
4283,PHF19
4284,NEK6
4285,BSPRY
4286,PPP6C
4287,NDUFA8
4288,HDHD3
4289,RBM18
4290,HSDL2
4291,MAPKAP1
4292,NR4A3
4293,INVS
4294,GALNT12
4295,DENND1A
4296,ALG2
4297,CSF3R
4298,KDSR
4299,VPS4B
4300,ONECUT2
4301,C19orf25
4302,ZBTB45
4303,YLPM1
4304,DCAF4
4305,PROX2
4306,FCF1
4307,PGF
4308,IFI27L2
4309,BBOF1
4310,NEK9
4311,ACYP1
4312,IFT43
4313,NPC2
4314,DNAL1
4315,IRF2BPL
4316,ACOT2
4317,LTBP2
4318,AREL1
4319,MLH3
4320,TTLL5
4321,FLVCR2
4322,ABCD4
4323,DLST
4324,PPP4R4
4325,TGFB3
4326,ZC2HC1C
4327,SLIRP
4328,RBM25
4329,ALDH6A1
4330,GPR68
4331,EIF2B2
4332,NRDE2
4333,COQ6
4334,ZNF410
4335,RHOQ
4336,SUPT7L
4337,KLHL29
4338,DNMT3A
4339,TMEM214
4340,ATAD2B
4341,FKBP1B
4342,ATL2
4343,YPEL5
4344,FAM98A
4345,YIPF4
4346,AFTPH
4347,LGALSL
4348,CNRIP1
4349,BCL11A
4350,CRIPT
4351,EPCAM
4352,SLC17A5
4353,OGFRL1
4354,SLF2
4355,IDE
4356,ELOVL3
4357,IFIT3
4358,NKX2-3
4359,IFIT2
4360,GPAM
4361,CUTC
4362,PPP1R3C
4363,PYROXD2
4364,CNNM1
4365,MXI1
4366,SMNDC1
4367,C10orf88
4368,HELLS
4369,TCTN3
4370,AVPI1
4371,WDR11
4372,KCNIP2
4373,CFAP58
4374,GOT1
4375,C10orf95
4376,SFRP5
4377,GNA13
4378,HOXB8
4379,HOXB5
4380,HOXB3
4381,HOXB1
4382,DUSP1
4383,PANK3
4384,MSX2
4385,TEK
4386,RCL1
4387,CAAP1
4388,EQTN
4389,MOB3B
4390,CD274
4391,NUP43
4392,MTHFD1L
4393,LRP11
4394,CCDC170
4395,PCMT1
4396,PLEKHG1
4397,MYCT1
4398,CYSTM1
4399,WDR55
4400,ARAP3
4401,PCDHB10
4402,PCDHB14
4403,TNN
4404,MRPS14
4405,CENPL
4406,TNFSF18
4407,SEC16B
4408,GORAB
4409,ACAT2
4410,TCP1
4411,SNX19
4412,KCNJ5
4413,MSANTD2
4414,TP53AIP1
4415,TEX11
4416,PDZD11
4417,SLC10A7
4418,NUDCD1
4419,ENY2
4420,MASTL
4421,KIAA1217
4422,PLXDC2
4423,EPC1
4424,IQSEC3
4425,CCDC77
4426,TAF12
4427,ENOX1
4428,TNFSF11
4429,MTRF1
4430,DNAJC15
4431,PROSER1
4432,UFM1
4433,WBP4
4434,ELF1
4435,SMAD9
4436,HSPH1
4437,KBTBD7
4438,ALG5
4439,EXOSC8
4440,ETF1
4441,TGFBI
4442,FAM53C
4443,SIL1
4444,PAIP2
4445,MYOT
4446,KDM3B
4447,EGR1
4448,SERP1
4449,PLS1
4450,ZFP30
4451,NR2C1
4452,UTP20
4453,TMPO
4454,ARL1
4455,GLT8D2
4456,MTERF2
4457,SOCS2
4458,NFYB
4459,APAF1
4460,DUSP4
4461,CLU
4462,TNFRSF10B
4463,SORBS3
4464,PTK2B
4465,PPP3CC
4466,PDLIM2
4467,EPHX2
4468,RNF170
4469,UBIAD1
4470,TARDBP
4471,TNFRSF8
4472,ZNF706
4473,LYPLA1
4474,CRISPLD1
4475,COPS5
4476,RDH10
4477,AKAP1
4478,COIL
4479,TRIM25
4480,SCPEP1
4481,SPOP
4482,TBX2
4483,SLC35B1
4484,TEX14
4485,FAM117A
4486,NCAPH
4487,LRAT
4488,MND1
4489,TRIM6
4490,ADCY7
4491,CEP89
4492,TSHZ3
4493,ECHDC2
4494,PLBD1
4495,PRB2
4496,PYROXD1
4497,KCNJ8
4498,BCL2L14
4499,PSPC1
4500,ZNF549
4501,A1BG
4502,ZSCAN18
4503,ZNF211
4504,PDZRN3
4505,RNF2
4506,TRMT1L
4507,SEC22A
4508,CSTA
4509,DPPA4
4510,POPDC2
4511,B4GALT4
4512,NAA50
4513,CD80
4514,KIF18A
4515,DESI2
4516,MAPK8IP1
4517,CRY2
4518,PEX16
4519,DEPDC7
4520,CAT
4521,PILRB
4522,ZMYM2
4523,GJB6
4524,GJA3
4525,TBC1D15
4526,ADGRB2
4527,ZCCHC17
4528,FABP3
4529,KHDRBS1
4530,TMEM39B
4531,CCRL2
4532,CCR2
4533,POLR3GL
4534,TNFSF10
4535,ZNF639
4536,PIK3CA
4537,PDS5A
4538,TMEM156
4539,LIAS
4540,CPXM2
4541,TMEM54
4542,ZSCAN20
4543,CSMD2
4544,HPCA
4545,LRIF1
4546,TMIGD3
4547,CLCC1
4548,GPSM2
4549,CXCR4
4550,ZRANB3
4551,ACVR2A
4552,POLK
4553,SV2C
4554,FLT3
4555,RPL21
4556,MTIF3
4557,GTF3A
4558,RASL11A
4559,UBL3
4560,FYTTD1
4561,MTERF4
4562,XPNPEP2
4563,SASH3
4564,OCRL
4565,MRPS2
4566,FMOD
4567,MYOG
4568,LAX1
4569,KIAA1191
4570,COPA
4571,CD244
4572,LY9
4573,HS3ST2
4574,RBBP6
4575,ZC3H7A
4576,SERAC1
4577,ANXA11
4578,LDB3
4579,ZNF205
4580,NAA60
4581,RPL5
4582,ODF2L
4583,PTGFR
4584,TRMT13
4585,LRRC39
4586,RWDD3
4587,ZNF644
4588,CCDC18
4589,RPAP2
4590,BBS9
4591,PMS2
4592,ZMIZ2
4593,OCM
4594,EEPD1
4595,KLHL7
4596,HERPUD2
4597,CBX3
4598,HNRNPA2B1
4599,WIPF3
4600,HOXA7
4601,INHBA
4602,FKBP9
4603,NT5C3A
4604,ARL4A
4605,CCZ1
4606,POLM
4607,RAMP3
4608,TWIST1
4609,SMU1
4610,GLIPR2
4611,SLC25A51
4612,CLTA
4613,RECK
4614,ACO1
4615,PHF24
4616,DNAI1
4617,DCAF10
4618,CNTFR
4619,KIAA1549
4620,TRIM24
4621,CALD1
4622,NUDT10
4623,PLAU
4624,SRGN
4625,CHST3
4626,BICC1
4627,CISD1
4628,EGR2
4629,ECD
4630,P4HA1
4631,SLC25A16
4632,ZWINT
4633,VPS26A
4634,RBM19
4635,CIT
4636,IFT81
4637,ACADS
4638,HVCN1
4639,DDX54
4640,MED13L
4641,CDKN2C
4642,RNF11
4643,RASSF8
4644,BHLHE41
4645,SSPN
4646,ITPR2
4647,CCDC91
4648,NECAB1
4649,WWP1
4650,ACOT9
4651,PRDX4
4652,DDX39A
4653,PKN1
4654,ADGRE5
4655,WDR83
4656,GIPC1
4657,SPRYD7
4658,EBPL
4659,ATP7B
4660,ZC3H13
4661,NLN
4662,CENPK
4663,OPTN
4664,ITIH5
4665,ATF1
4666,TSFM
4667,ARHGAP9
4668,NCKAP1L
4669,MMP19
4670,PFDN5
4671,SPATS2
4672,ORMDL2
4673,NR4A1
4674,PDE1B
4675,HOXC13
4676,CDK2
4677,LRP1
4678,HOXC11
4679,ATG101
4680,NFE2
4681,IKZF4
4682,SMUG1
4683,TUBA1B
4684,KBTBD4
4685,SARDH
4686,ATPAF1
4687,STIL
4688,HJURP
4689,IL13RA2
4690,COL10A1
4691,AMD1
4692,NDUFAF4
4693,USP45
4694,PLP1
4695,MORF4L2
4696,RAB9B
4697,NRK
4698,FAM199X
4699,RAB9A
4700,METTL8
4701,TTC21B
4702,NMI
4703,TNFAIP6
4704,ACVR1C
4705,BAZ2B
4706,SLC36A1
4707,LPGAT1
4708,BATF3
4709,G0S2
4710,KCNJ2
4711,RAP2C
4712,EXOSC9
4713,PLA2G12A
4714,B9D2
4715,PFKFB2
4716,C4BPB
4717,RAB38
4718,AGO2
4719,MXD4
4720,CKS2
4721,DAW1
4722,ACSL3
4723,CHPF
4724,DNPEP
4725,MOGAT1
4726,OBSL1
4727,FAM124B
4728,SLC12A4
4729,ENKD1
4730,CTCFL
4731,FAM210B
4732,PI3
4733,FAM209A
4734,SNX21
4735,SLPI
4736,WFDC3
4737,TTPAL
4738,PREX1
4739,KCNS1
4740,SLC12A5
4741,ARHGAP40
4742,SDC4
4743,NCOA3
4744,PIGT
4745,MATN4
4746,NCOA5
4747,VAPB
4748,PARD6B
4749,CHD6
4750,PLCG1
4751,TOX2
4752,SRSF6
4753,GTSF1L
4754,ARFGEF2
4755,ZNFX1
4756,ZNF831
4757,EDN3
4758,CSE1L
4759,RAB22A
4760,PTGIS
4761,STAU1
4762,CDH26
4763,SNAI1
4764,MOCS3
4765,STX16
4766,PMEPA1
4767,RNF114
4768,DDX27
4769,BCAS4
4770,KCNK15
4771,TP53TG5
4772,PCK1
4773,ZBP1
4774,NEURL2
4775,MAGEA10
4776,MTRR
4777,FASTKD3
4778,PEPD
4779,CHST8
4780,IQSEC2
4781,VAMP7
4782,XG
4783,STAMBP
4784,NAGK
4785,MCEE
4786,PAIP2B
4787,SNRNP27
4788,MPHOSPH10
4789,IL17C
4790,ATP8A1
4791,USP22
4792,POF1B
4793,HIF3A
4794,ZNF576
4795,ZNF45
4796,LYPD3
4797,NDP
4798,USP9X
4799,F13A1
4800,TRERF1
4801,PACSIN1
4802,BTN2A2
4803,SIRT5
4804,MRS2
4805,WRNIP1
4806,RRP36
4807,SNRPC
4808,SERPINB6
4809,XPO5
4810,ABCC10
4811,PEX6
4812,NQO2
4813,OARD1
4814,UNC5CL
4815,AARS2
4816,ZNF391
4817,RPS10
4818,MOCS1
4819,MED20
4820,OR2B6
4821,TBCC
4822,SPDEF
4823,TCP11
4824,MAD2L1BP
4825,APOBEC2
4826,KLHDC3
4827,GNMT
4828,DNAH8
4829,TREM1
4830,MEA1
4831,KLHL31
4832,COL21A1
4833,CDKN1A
4834,SOX4
4835,GLO1
4836,CPNE5
4837,KCNK17
4838,RREB1
4839,SSR1
4840,RIOK1
4841,NRN1
4842,SLC35B3
4843,RPP40
4844,ATXN1
4845,NUP153
4846,DEK
4847,EEF1E1
4848,RUNX2
4849,LRRFIP1
4850,RAB17
4851,CXCL6
4852,EREG
4853,MYRF
4854,SCGB2A1
4855,AHNAK
4856,EMC3
4857,SSUH2
4858,SH3TC1
4859,CNOT1
4860,BBS2
4861,MT1G
4862,MT2A
4863,GOT2
4864,DOK4
4865,PIWIL1
4866,GPR18
4867,CLYBL
4868,TMTC4
4869,RAP2A
4870,ABCC4
4871,EFNB2
4872,SOX21
4873,TM9SF2
4874,KIF25
4875,IRF1
4876,UPF3B
4877,RNF113A
4878,TMEM255A
4879,NDUFA1
4880,BMP4
4881,PTGER2
4882,FAM193A
4883,GRK4
4884,SOX9
4885,TEKT3
4886,MYH2
4887,HS3ST3B1
4888,SLC25A35
4889,MRPS7
4890,GGA3
4891,ARMC7
4892,NUP85
4893,SLC25A19
4894,MIF4GD
4895,NT5C
4896,MSTO1
4897,TTF1
4898,GTF3C4
4899,DDX31
4900,PPP1R12C
4901,SLC2A4RG
4902,PPDPF
4903,IL1B
4904,CHCHD5
4905,PAX8
4906,INSIG2
4907,POLR1B
4908,CCDC93
4909,PSD4
4910,SLC25A23
4911,PSPN
4912,GTF2F1
4913,ALKBH7
4914,CLPP
4915,TNFSF9
4916,GRIA3
4917,THOC2
4918,MED1
4919,RPL23
4920,ATG4C
4921,CD70
4922,C3
4923,SH2D3A
4924,TRIP10
4925,GPR108
4926,TNFSF14
4927,FOSB
4928,OPA3
4929,SNRPD2
4930,RTN2
4931,EML2
4932,VASP
4933,SYMPK
4934,GPCPD1
4935,SDCBP2
4936,PANK2
4937,TGM3
4938,CD93
4939,GZF1
4940,PAX1
4941,NAPB
4942,CENPB
4943,PSMF1
4944,DTD1
4945,RBCK1
4946,TMX4
4947,STK35
4948,SNRPB
4949,NRSN2
4950,AP5S1
4951,RRBP1
4952,BMP2
4953,ZNF133
4954,FLRT3
4955,OVOL2
4956,PCSK2
4957,MKKS
4958,BFSP1
4959,DSTN
4960,LAMP5
4961,SNRPB2
4962,MGME1
4963,TBC1D20
4964,ITPA
4965,TCF15
4966,MCM8
4967,TMEM74B
4968,FAM110A
4969,MRPS26
4970,S1PR4
4971,NCLN
4972,CITED1
4973,ZNF436
4974,MAX
4975,ARMCX5
4976,MMP24
4977,NECAB3
4978,ID1
4979,RALY
4980,DYNLRB1
4981,EIF2S2
4982,ERGIC3
4983,ROMO1
4984,FAM83C
4985,BPIFB1
4986,CEP250
4987,PLAGL2
4988,KDM5C
4989,AMOT
4990,TMEM115
4991,PSMB2
4992,AGO3
4993,UROD
4994,ST3GAL3
4995,TMEM53
4996,HECTD3
4997,KLC1
4998,XRCC3
4999,TUBGCP3
5000,MCF2L
5001,F10
5002,PCID2
5003,SLURP1
5004,LRFN3
5005,IGFLR1
5006,CAPNS1
5007,PDCD2L
5008,GPR42
5009,RBM42
5010,UBA2
5011,FFAR2
5012,HCST
5013,COX6B1
5014,THRA
5015,CCR7
5016,NR1D1
5017,FRMD8
5018,PRDX5
5019,BCL2L12
5020,IRF3
5021,PRMT1
5022,RRAS
5023,PRRG2
5024,SCAF1
5025,PRR12
5026,TSKS
5027,ASL
5028,SBDS
5029,HTN1
5030,STAT5A
5031,WNK4
5032,BECN1
5033,PRKCG
5034,TRAP1
5035,GLIS2
5036,NSRP1
5037,DNAJC8
5038,AHDC1
5039,IFI6
5040,ZNF384
5041,EMG1
5042,UXT
5043,CFP
5044,ELK1
5045,ATG14
5046,KTN1
5047,SIX1
5048,RHOJ
5049,DLGAP5
5050,L3HYPDH
5051,HSPA2
5052,ZBTB1
5053,TRMT5
5054,PLEKHG3
5055,PZP
5056,RHOT1
5057,EVI2A
5058,AIF1L
5059,FAM78A
5060,NUP214
5061,AVPR2
5062,SLC10A3
5063,MAP2K2
5064,HNRNPH2
5065,ARMCX1
5066,TIMM8A
5067,ZC4H2
5068,RGS13
5069,IPPK
5070,ZNF484
5071,OMD
5072,FGD3
5073,HIVEP3
5074,PPCS
5075,EDN2
5076,BCL11B
5077,COX7C
5078,TRAF2
5079,ABHD8
5080,MASP1
5081,ATP13A4
5082,HELB
5083,RAP1B
5084,IL22
5085,TSPAN8
5086,BEST3
5087,RAB3IP
5088,PTPRB
5089,DYRK2
5090,YEATS4
5091,TAS2R4
5092,CRYGN
5093,LRRC61
5094,IDUA
5095,FGFRL1
5096,TMEM175
5097,AUNIP
5098,PIN1
5099,FBXL12
5100,EMC1
5101,PLA2G5
5102,UBR4
5103,HP1BP3
5104,ADGRE2
5105,SIN3B
5106,SLC35E1
5107,EPS15L1
5108,KLF2
5109,F2RL3
5110,UQCR11
5111,GFER
5112,SYNGR3
5113,PKMYT1
5114,WFIKKN1
5115,WDR24
5116,FBXL16
5117,CHTF18
5118,MACF1
5119,SMARCA4
5120,KDM4B
5121,TICAM1
5122,METTL25
5123,IL17B
5124,EMC6
5125,METTL16
5126,TUBA4A
5127,VIL1
5128,AAMP
5129,PNKD
5130,TNFRSF19
5131,RNF6
5132,ECHS1
5133,ZNF835
5134,AKAP9
5135,GNG11
5136,GNGT1
5137,HIP1
5138,PTPN12
5139,POR
5140,FGL2
5141,STYXL1
5142,STEAP4
5143,GNAI1
5144,PEX1
5145,MTERF1
5146,SGCE
5147,RBM48
5148,CASD1
5149,LRFN1
5150,ZFP36
5151,SRD5A3
5152,SPINK2
5153,RASL11B
5154,PAICS
5155,KDR
5156,PPAT
5157,TUBGCP6
5158,ADM2
5159,DGCR6L
5160,DGCR8
5161,ASPHD2
5162,VPREB3
5163,SDF2L1
5164,YWHAH
5165,GNAZ
5166,MGAT3
5167,ADORA2A
5168,ATF4
5169,A4GALT
5170,CDC42EP1
5171,APOL3
5172,TPST2
5173,BAIAP2L2
5174,MPST
5175,TST
5176,IGLL1
5177,APOL2
5178,RAC2
5179,LIF
5180,C22orf23
5181,APOBEC3F
5182,RIBC2
5183,KRT17
5184,EMC4
5185,RNF112
5186,SPECC1
5187,CPA4
5188,DOCK4
5189,POT1
5190,ATP6V1F
5191,LSM8
5192,CDHR3
5193,PRKRIP1
5194,VGF
5195,PODXL
5196,FOXP2
5197,STRIP2
5198,IFT22
5199,MKLN1
5200,DNAJB9
5201,FLNC
5202,LRRC4
5203,CALU
5204,CCDC136
5205,SMO
5206,IRF5
5207,LRRC17
5208,KLHDC10
5209,NDUFA5
5210,MRPS12
5211,MYO1B
5212,HOXD1
5213,HOXD3
5214,MTX2
5215,PDE11A
5216,CHN1
5217,GAD1
5218,OSGEPL1
5219,ORMDL1
5220,HOXD9
5221,HOXD10
5222,HOXD11
5223,HOXD13
5224,SNRPN
5225,PSMG2
5226,TWSG1
5227,ARHGAP22
5228,WDFY4
5229,EIF2AK4
5230,MYO5C
5231,CGNL1
5232,TMOD2
5233,TTBK2
5234,ELL3
5235,INO80
5236,ICE2
5237,DLL4
5238,ALDH1A2
5239,IVD
5240,KNSTRN
5241,DUT
5242,CHAC1
5243,CLN6
5244,ARPP19
5245,VPS13C
5246,CALML4
5247,ISLR
5248,THAP10
5249,LOXL1
5250,ACKR4
5251,ANAPC13
5252,MBD4
5253,COPB1
5254,PSMA1
5255,SUMF2
5256,PALLD
5257,SPCS3
5258,BBOX1
5259,SERGEF
5260,TPH1
5261,CSRP3
5262,E2F8
5263,DCTD
5264,SOX15
5265,RPAIN
5266,USP6
5267,SHBG
5268,PLD2
5269,AIPL1
5270,CD68
5271,TXNDC17
5272,ATP1B2
5273,FXR2
5274,KIF1C
5275,MPDU1
5276,PHF20L1
5277,CCNT1
5278,PUS7L
5279,KRI1
5280,ILF3
5281,SLC44A2
5282,AP1M2
5283,CDKN2D
5284,MTUS1
5285,SIGLEC9
5286,KLK10
5287,KLK8
5288,NGDN
5289,ADCY4
5290,RAB2B
5291,BCL2L2
5292,AJUBA
5293,DTD2
5294,HEATR5A
5295,FOXA1
5296,SNX6
5297,EAPP
5298,EGLN3
5299,MIS18BP1
5300,RNASE1
5301,DAD1
5302,EPB41L4A
5303,CDO1
5304,REEP5
5305,ITFG1
5306,QRICH2
5307,FOXJ1
5308,SEC14L1
5309,RHBDF2
5310,AANAT
5311,ARHGEF6
5312,MAP7D3
5313,FGF13
5314,ASH2L
5315,TTI2
5316,CHRNA10
5317,RPS4Y1
5318,CDH15
5319,KLF16
5320,DOHH
5321,MAU2
5322,SHC2
5323,ABHD17A
5324,LBP
5325,SYT5
5326,TNNI3
5327,CBFA2T3
5328,GAMT
5329,PUDP
5330,ERMARD
5331,PHF10
5332,PRRG3
5333,GALNT8
5334,KCNA5
5335,CRACR2A
5336,NXNL2
5337,STARD8
5338,GDPD2
5339,SAT1
5340,GNL3L
5341,SH3BP4
5342,MOSPD2
5343,DOCK6
5344,ECSIT
5345,LDLR
5346,ELOF1
5347,PRKCSH
5348,CNN1
5349,CDC16
5350,THEM6
5351,APOE
5352,TOMM40
5353,APOC1
5354,GADD45G
5355,LRCH2
5356,DPP6
5357,XPO7
5358,ACE2
5359,FAM98C
5360,SAFB2
5361,RPL36
5362,ATP8B3
5363,GTPBP3
5364,PLVAP
5365,BST2
5366,SLC27A1
5367,NSUN5
5368,USHBP1
5369,COLGALT1
5370,DDA1
5371,MRPL34
5372,PGLS
5373,LSM7
5374,TULP4
5375,SNX9
5376,RTN4IP1
5377,QRSL1
5378,RSPH3
5379,MAS1
5380,MLLT1
5381,STK33
5382,NDUFA10
5383,EPO
5384,ARPC1B
5385,CACNG6
5386,ZSWIM6
5387,FCHO1
5388,UNC13A
5389,MAP1S
5390,KLHDC7B
5391,PXDN
5392,SSBP4
5393,GDF15
5394,PGPEP1
5395,LSM4
5396,JUND
5397,HRC
5398,TRPM4
5399,ZNF557
5400,CRB3
5401,OLFM1
5402,CAMSAP1
5403,UBAC1
5404,SAG
5405,ZBTB46
5406,HELZ2
5407,SAMD10
5408,LSP1
5409,TNNI2
5410,COL5A1
5411,ATXN10
5412,TUBGCP2
5413,CALY
5414,CYP2E1
5415,PNPLA7
5416,HBZ
5417,PAK4
5418,ZNF337
5419,CEP85
5420,GATA5
5421,RBBP8NL
5422,LAMA5
5423,OSBPL2
5424,ADRM1
5425,ASS1
5426,EXOSC2
5427,POMT1
5428,UCK1
5429,FIBCD1
5430,CHMP2A
5431,UBE2M
5432,TRIM28
5433,YIPF2
5434,ATG4D
5435,EIF2S3
5436,TMEM160
5437,ZC3H4
5438,NPAS1
5439,MAP3K10
5440,ARHGEF16
5441,LRRC47
5442,SMPDL3B
5443,MED18
5444,THEMIS2
5445,CLIP1
5446,CCDC62
5447,HIP1R
5448,ZNF317
5449,PPAN
5450,EIF3G
5451,ANGPTL6
5452,DNMT1
5453,ZNF426
5454,SLC6A8
5455,PNCK
5456,DKC1
5457,PLXNA3
5458,DUSP9
5459,MPP1
5460,ZNF331
5461,ZNF236
5462,SLC7A10
5463,LRP3
5464,NOL11
5465,UBE4B
5466,CASZ1
5467,HSD17B3
5468,HABP4
5469,FBP2
5470,SLC35D2
5471,PRRG1
5472,UBA1
5473,RGN
5474,POLN
5475,PPIL4
5476,ULBP2
5477,AKAP12
5478,SYNE1
5479,LATS1
5480,EPS8L1
5481,AAR2
5482,TTLL9
5483,RBM39
5484,COX4I2
5485,ZNF341
5486,GGT7
5487,ACSS2
5488,EDA2R
5489,ARHGEF9
5490,C1QL1
5491,HIGD1B
5492,ATP6V1E1
5493,ZNF227
5494,ZNF428
5495,TEX101
5496,ZNF141
5497,CCL25
5498,COX4I1
5499,EMC8
5500,GSE1
5501,GINS2
5502,CHMP1A
5503,SH3BGRL
5504,COX7B
5505,F12
5506,PRR7
5507,NFATC1
5508,IDO1
5509,CAP1
5510,PPT1
5511,RAB11FIP4
5512,RLIM
5513,ABCB7
5514,TRAF3
5515,HAUS8
5516,ADGRE3
5517,MRPS25
5518,SH3BP5
5519,HACL1
5520,TBC1D5
5521,CAPN7
5522,RFTN1
5523,RBSN
5524,GALNT15
5525,SLC6A6
5526,KCNC3
5527,NAPSA
5528,NR1H2
5529,LRRC4B
5530,PDLIM4
5531,KIF3A
5532,MGAT1
5533,GFPT2
5534,TUBG1
5535,PSME3
5536,RPL27
5537,PSMC3IP
5538,AOC3
5539,ACLY
5540,VPS25
5541,RAMP2
5542,AOC2
5543,NDUFA2
5544,ANKHD1
5545,DIAPH1
5546,NDFIP1
5547,UBE2D2
5548,EXOC4
5549,ACAP3
5550,C1orf159
5551,ANO1
5552,TMEM204
5553,KREMEN2
5554,THOC6
5555,TRAF7
5556,BARX1
5557,NINJ1
5558,CA6
5559,NPHP4
5560,MAP1B
5561,IL13RA1
5562,WDR44
5563,CKMT2
5564,ZCCHC9
5565,TNS4
5566,TOP2A
5567,STARD3
5568,RARA
5569,PPP1R1B
5570,KHDRBS3
5571,CHD1L
5572,PEX11B
5573,FMO5
5574,PIAS3
5575,PRKAB2
5576,PDHA1
5577,RAI2
5578,ZNF304
5579,ZSCAN5A
5580,ZNF132
5581,CHSY1
5582,SNRPA1
5583,LLGL1
5584,THAP1
5585,RHPN2
5586,C19orf12
5587,FAAP24
5588,ACTR10
5589,ABHD12B
5590,GCH1
5591,LGALS3
5592,DNAJB1
5593,ZSWIM4
5594,FBXW9
5595,ZNF20
5596,DCAF15
5597,RTBDN
5598,MATN3
5599,TRIM21
5600,SPATA6
5601,LRRC41
5602,CCT6B
5603,DHX30
5604,RAF1
5605,SLC6A11
5606,PPARG
5607,NUP210
5608,FCRLA
5609,HSD17B7
5610,ENOSF1
5611,EMILIN2
5612,SLX1A
5613,ARFIP2
5614,TRIM5
5615,TRIM22
5616,RRP8
5617,TIMM10B
5618,EFR3A
5619,PTCD3
5620,IMMT
5621,MRPL35
5622,ILKAP
5623,PER2
5624,RAMP1
5625,SCLY
5626,PTPRE
5627,RAN
5628,PRKAA1
5629,CARD6
5630,RAP1GAP2
5631,CLUH
5632,INPP5K
5633,MYBBP1A
5634,RPA1
5635,UBE2G1
5636,TBC1D14
5637,TMEM128
5638,COQ3
5639,PNISR
5640,POPDC3
5641,SEC61G
5642,LANCL2
5643,FIGNL1
5644,DDC
5645,FTHL17
5646,GRSF1
5647,ENAM
5648,JCHAIN
5649,ANKRD17
5650,UTP3
5651,ITGB4
5652,WBP2
5653,UNK
5654,TRIM47
5655,ZRANB2
5656,EIF5A
5657,KDM6B
5658,CLEC10A
5659,SLC52A1
5660,GUCY2D
5661,XAF1
5662,DLG4
5663,VPS13B
5664,RGS22
5665,MATN2
5666,REEP2
5667,PCBD2
5668,SDF2
5669,FLOT2
5670,ERAL1
5671,PRMT7
5672,NIP7
5673,TERF2
5674,VPS4A
5675,HSPA12B
5676,ANKEF1
5677,PCED1A
5678,SNAP25
5679,BTBD3
5680,PCNA
5681,NXT1
5682,POLR3F
5683,RIN2
5684,PTPRA
5685,DAP3
5686,ATP1A4
5687,NES
5688,BCAN
5689,ARHGEF11
5690,RAB25
5691,FCRL2
5692,DCAF8
5693,SYT11
5694,IGHMBP2
5695,ACY3
5696,ALDH3B2
5697,MMACHC
5698,DPH2
5699,TOE1
5700,NASP
5701,MUTYH
5702,CTNNBL1
5703,LPIN3
5704,ZSWIM3
5705,RBM38
5706,VSTM2L
5707,OSER1
5708,SERINC3
5709,PPP1R3D
5710,DMGDH
5711,BHMT2
5712,AP3B1
5713,ZBED3
5714,KANK4
5715,SLC14A2
5716,FBXO44
5717,CASP9
5718,DCTN4
5719,PDE6A
5720,ATP8A2
5721,MTUS2
5722,ZMYM5
5723,USPL1
5724,XPO4
5725,TPTE2
5726,POMP
5727,CDK8
5728,ALOX5AP
5729,WASF3
5730,CHRM3
5731,MYH10
5732,PEMT
5733,SCO1
5734,MPRIP
5735,CHI3L1
5736,MYBPH
5737,PIK3C2B
5738,DSTYK
5739,CHIT1
5740,SLC41A1
5741,LGR6
5742,TMCC2
5743,DCLK1
5744,CCNA1
5745,COG6
5746,RXFP2
5747,EPSTI1
5748,TRPC4
5749,POSTN
5750,RFXAP
5751,TPT1
5752,GPALPP1
5753,STOML3
5754,KL
5755,RFC3
5756,STARD13
5757,MORC4
5758,BEX2
5759,RNF128
5760,TBC1D8B
5761,TCEAL4
5762,BEX1
5763,SLC39A11
5764,EPHB2
5765,SRRM1
5766,BTBD2
5767,PRAM1
5768,KMT5C
5769,ZNF414
5770,PDE6B
5771,HSPBP1
5772,CSNK1G2
5773,SLF1
5774,CNDP2
5775,MACROD1
5776,WDR74
5777,LGALS12
5778,RTN3
5779,MYH11
5780,PDZD2
5781,MORC2
5782,C1QTNF6
5783,FAM83F
5784,SEC14L4
5785,GIMAP6
5786,GIMAP4
5787,ADCK2
5788,MKRN1
5789,AGAP3
5790,ACTR3B
5791,NTS
5792,BTG1
5793,LRRIQ1
5794,ATP13A3
5795,SFTPD
5796,DYDC2
5797,TMEM254
5798,TMTC1
5799,KRAS
5800,IPO8
5801,SPINK5
5802,IMPA1
5803,LRRCC1
5804,E2F5
5805,CCDC59
5806,SWAP70
5807,LYVE1
5808,AMPD3
5809,SBF2
5810,MICAL2
5811,RRAS2
5812,HSD17B4
5813,ZFC3H1
5814,SARAF
5815,RNF122
5816,DUSP26
5817,DPF2
5818,MEN1
5819,GSC
5820,UNC79
5821,NUMB
5822,CATSPERB
5823,COX16
5824,TTC9
5825,MED6
5826,EIF2S1
5827,LOXL2
5828,ELP3
5829,PEBP4
5830,ADAMDEC1
5831,CTIF
5832,MRO
5833,MBD2
5834,IER3IP1
5835,CCNB1
5836,CD180
5837,IRAK2
5838,CAMK1
5839,THUMPD3
5840,VHL
5841,BHLHE40
5842,ARL8B
5843,EDEM1
5844,CHL1
5845,MEIS2
5846,DPH6
5847,KATNBL1
5848,EMC7
5849,GSTM1
5850,PRPF38B
5851,REG4
5852,TSPAN2
5853,GSTM5
5854,GSTM3
5855,SYT6
5856,VAV3
5857,PSRC1
5858,PTPN22
5859,SORT1
5860,WNT2B
5861,PTGFRN
5862,LAMTOR5
5863,NOTCH2
5864,TRIM45
5865,CEPT1
5866,CD101
5867,VTCN1
5868,NGF
5869,AP4B1
5870,NAPG
5871,SPIRE1
5872,PPHLN1
5873,FKBP11
5874,ARF3
5875,TMEM106C
5876,SLC38A2
5877,YWHAQ
5878,KIDINS220
5879,GRHL1
5880,ROCK2
5881,RSAD2
5882,MYCN
5883,LPIN1
5884,CMPK2
5885,IAH1
5886,LDHA
5887,SAA2
5888,IL6ST
5889,FST
5890,NAV1
5891,CDC73
5892,TIMM17A
5893,ERN2
5894,RPS15A
5895,GRP
5896,RBM17
5897,IL2RA
5898,ANKRD16
5899,ECHDC3
5900,IL15RA
5901,CCNH
5902,KCTD1
5903,CABLES1
5904,DOCK2
5905,EMP1
5906,SOX5
5907,RERG
5908,KLRD1
5909,KLRC1
5910,SPX
5911,LRP4
5912,MYBPC3
5913,DDB2
5914,ACP2
5915,RAB33A
5916,RBMX2
5917,STK26
5918,PIWIL4
5919,PUM1
5920,SPOCD1
5921,PHC2
5922,CDCA8
5923,GNL2
5924,AGO4
5925,HOOK1
5926,CYP2J2
5927,BTF3L4
5928,PRPF38A
5929,DSC2
5930,DSG3
5931,RNF138
5932,ELP2
5933,DSG1
5934,DSC3
5935,DTNA
5936,FHOD3
5937,TPGS2
5938,DAGLA
5939,SLC43A3
5940,TIMM10
5941,DHX34
5942,APLNR
5943,FADS2
5944,TMEM258
5945,TCN1
5946,C5AR2
5947,TMEM165
5948,CLOCK
5949,PDGFRA
5950,GGACT
5951,COL4A2
5952,CLDN10
5953,DZIP1
5954,UBAC2
5955,ARGLU1
5956,BIVM
5957,ERCC5
5958,TPP2
5959,CARS2
5960,ARHGAP32
5961,STT3A
5962,ADAMTS8
5963,ETS1
5964,SLC37A2
5965,KLB
5966,TMED7
5967,APC
5968,NREP
5969,WDR36
5970,OSTF1
5971,RFK
5972,UBQLN1
5973,NAA35
5974,C9orf40
5975,ANXA1
5976,CTSL
5977,AGTPBP1
5978,GOLM1
5979,PSAT1
5980,ISCA1
5981,ADAM19
5982,HAVCR2
5983,CCNJL
5984,TAOK3
5985,USP30
5986,SDS
5987,MSI1
5988,HNF1A
5989,FBXO21
5990,TBX3
5991,OASL
5992,HRK
5993,RNFT2
5994,P2RX4
5995,DTX1
5996,TRAFD1
5997,DMTF1
5998,TMEM243
5999,CCDC146
6000,TMEM60
6001,CD36
6002,PNPLA8
6003,HILPDA
6004,RINT1
6005,SRPK2
6006,KCP
6007,TES
6008,MDFIC
6009,MTO1
6010,ADGRB3
6011,ANKRD6
6012,KHDC1
6013,CEP162
6014,SNX14
6015,NT5E
6016,MRAP2
6017,EPHA7
6018,AKIRIN2
6019,ORC3
6020,LCA5
6021,MAP3K7
6022,CGA
6023,PRR5L
6024,LMO2
6025,PHF21A
6026,NAT10
6027,EHF
6028,PRRG4
6029,CAPRIN1
6030,DNAJC14
6031,CD63
6032,PRPH
6033,AVIL
6034,AMHR2
6035,GDF11
6036,GLS2
6037,ITGA7
6038,TESPA1
6039,RDH5
6040,AGAP2
6041,BLOC1S1
6042,CDK4
6043,PPP1R1A
6044,TROAP
6045,TSPAN31
6046,B4GALNT1
6047,TFCP2
6048,COQ10A
6049,FAIM2
6050,PAN2
6051,ESPL1
6052,KRT7
6053,ZC3H10
6054,HNRNPA1
6055,ACVR1B
6056,OS9
6057,KCNH3
6058,LTV1
6059,MAP7
6060,CD164
6061,NHSL1
6062,AHI1
6063,HEY2
6064,PKIB
6065,SMPD2
6066,MICAL1
6067,REPS1
6068,STX11
6069,TEC
6070,PRADC1
6071,SEMA4F
6072,CCT7
6073,EGR4
6074,RAB11FIP5
6075,SMYD5
6076,DYSF
6077,CCDC142
6078,EMX1
6079,KCNMB4
6080,USP15
6081,GNS
6082,CPM
6083,MDM2
6084,KLHL36
6085,BCO1
6086,MPHOSPH6
6087,KIAA0513
6088,DYNC1LI2
6089,FBXL8
6090,FHOD1
6091,CCDC102A
6092,SLC9A5
6093,AGT
6094,KCNK1
6095,URB2
6096,EGLN1
6097,CAPN9
6098,COG2
6099,ABCB10
6100,NTPCR
6101,TAF5L
6102,GLUL
6103,STX6
6104,RNASEL
6105,DHX9
6106,KIAA1614
6107,CEP350
6108,NPL
6109,PIGC
6110,LAMC1
6111,RC3H1
6112,GPR55
6113,SP110
6114,MRPL44
6115,PAX3
6116,DOCK10
6117,TTLL4
6118,USP37
6119,HTR2B
6120,ITM2C
6121,SLC19A3
6122,SERPINE2
6123,DNAJB2
6124,WNT10A
6125,TMBIM1
6126,CYP27A1
6127,EIF4E2
6128,ARMC9
6129,CAB39
6130,COX5B
6131,REV1
6132,TSGA10
6133,TMEM127
6134,EDAR
6135,TGFBRAP1
6136,GCC2
6137,MRPS9
6138,C2orf49
6139,EPC2
6140,ARHGEF4
6141,ISCU
6142,ALDH1L2
6143,STAB2
6144,USP44
6145,SCYL2
6146,CKAP4
6147,PLXNC1
6148,APPL2
6149,PWP1
6150,DRAM1
6151,SLC41A2
6152,VILL
6153,FLNB
6154,NEK3
6155,PCDH8
6156,VPS36
6157,RNASEH2B
6158,CKAP2
6159,TBC1D4
6160,THSD1
6161,BORA
6162,LRCH1
6163,SUCLA2
6164,RCBTB1
6165,MED4
6166,PHF11
6167,COG3
6168,LMO7
6169,SCEL
6170,ITM2B
6171,SPRY2
6172,NUDT15
6173,EDNRB
6174,RCBTB2
6175,LCP1
6176,SETDB2
6177,SCRN1
6178,C7orf25
6179,TNS3
6180,CHST12
6181,IGF2BP3
6182,GPNMB
6183,RAPGEF5
6184,RAC1
6185,KDELR2
6186,IL6
6187,ZDHHC4
6188,AOAH
6189,BZW2
6190,DGKB
6191,TBRG4
6192,DDX56
6193,HUS1
6194,NACAD
6195,DBNL
6196,CCM2
6197,MYO1G
6198,TTYH3
6199,TTC5
6200,NKX2-8
6201,ZFHX2
6202,MTHFS
6203,ADAMTS7
6204,ABHD17C
6205,IREB2
6206,ALPK3
6207,TM6SF1
6208,CIB2
6209,CALCOCO2
6210,RSAD1
6211,NMT1
6212,MYCBPAP
6213,SRSF1
6214,VEZF1
6215,TACO1
6216,TEX2
6217,DCAF7
6218,LIMD2
6219,BRIP1
6220,KAT7
6221,RTP4
6222,ACTL6A
6223,NDUFB5
6224,MRPL47
6225,TRA2B
6226,SCN2A
6227,ERMN
6228,GALNT5
6229,SCN7A
6230,TANK
6231,BLK
6232,SKIL
6233,HLX
6234,VPS45
6235,IL10
6236,KCTD3
6237,RPS6KC1
6238,IL36G
6239,IL1RN
6240,IL36A
6241,IL36RN
6242,IL36B
6243,SMPD4
6244,WDR33
6245,SAP130
6246,BIN1
6247,IMP4
6248,HS6ST1
6249,UGGT1
6250,GYPC
6251,STAM
6252,ABI1
6253,YME1L1
6254,DNAJC1
6255,NIPSNAP3A
6256,LRRC8A
6257,CDK9
6258,TXN
6259,ODF2
6260,TOR1B
6261,C9orf78
6262,SMC2
6263,KLF4
6264,TOR1A
6265,RALGPS1
6266,ST6GALNAC4
6267,TMOD1
6268,DAB2IP
6269,STXBP1
6270,SLC2A8
6271,ANGPTL2
6272,CDK5RAP2
6273,ZFP37
6274,SLC31A2
6275,SLC31A1
6276,TLR4
6277,ZNF189
6278,STX17
6279,PRPF4
6280,FPGS
6281,USP20
6282,KIF12
6283,ATP6V1G1
6284,TEX10
6285,GARNL3
6286,MRPL50
6287,DPM2
6288,WDR38
6289,TSTD2
6290,PSMB7
6291,TRMO
6292,RABEPK
6293,GOLGA1
6294,XPA
6295,NCBP1
6296,ANP32B
6297,PDCL
6298,RPL35
6299,CTSV
6300,LMX1B
6301,ARPC5L
6302,ENPP2
6303,DSCC1
6304,DERL1
6305,MYC
6306,IL33
6307,RANBP6
6308,POLR1E
6309,PLAA
6310,IL11RA
6311,UBAP2
6312,APTX
6313,RNF38
6314,TLN1
6315,CCL21
6316,SIT1
6317,DNAJB5
6318,SPAG8
6319,DCTN3
6320,CD72
6321,TMEM8B
6322,GRHPR
6323,ALDH1B1
6324,HINT2
6325,ARHGEF39
6326,DENND4C
6327,RPS6
6328,CNPY3
6329,FOXP4
6330,PPIL1
6331,KLC4
6332,KIF13A
6333,ZSCAN9
6334,PIM1
6335,GMPR
6336,CMTR1
6337,TFAP2A
6338,YIPF3
6339,TMEM14B
6340,TMEM63B
6341,FRS3
6342,TJAP1
6343,CAPN11
6344,KIAA0319
6345,IRF4
6346,SLC22A23
6347,TUBB2A
6348,LRRC1
6349,GCM1
6350,FOXF2
6351,BPHL
6352,RIPK1
6353,TUBB2B
6354,UQCC2
6355,HMGA1
6356,PGBD1
6357,TPMT
6358,RNF144B
6359,NRM
6360,MTCH1
6361,TAF8
6362,FAM8A1
6363,FGFBP1
6364,FGFBP2
6365,CPEB2
6366,FHDC1
6367,TLR2
6368,MGARP
6369,TTC29
6370,MYO7A
6371,FCHSD2
6372,ARRB1
6373,SLCO2B1
6374,ANKRD42
6375,IL18BP
6376,NUMA1
6377,CCDC90B
6378,SYTL2
6379,RAB30
6380,CREBZF
6381,LRRC32
6382,PRCP
6383,NARS2
6384,RNF121
6385,MRPL15
6386,PI15
6387,GGH
6388,SLCO5A1
6389,SULF1
6390,TGS1
6391,SDCBP
6392,NEK1
6393,DDX60
6394,SORL1
6395,TMPRSS4
6396,BUD13
6397,TRPC6
6398,MMP7
6399,MMP27
6400,DCUN1D5
6401,YAP1
6402,TRIM29
6403,POU2F3
6404,RDX
6405,PPP2R1B
6406,FDX1
6407,FXYD6
6408,ARHGAP20
6409,FXYD2
6410,MMP13
6411,TMPRSS13
6412,CASP1
6413,CASP5
6414,ALKBH8
6415,MAP2K5
6416,CTDSPL2
6417,SLTM
6418,THBS1
6419,MAPKBP1
6420,NUSAP1
6421,NDUFAF1
6422,KIF23
6423,ITGA11
6424,HAUS2
6425,RTF1
6426,PARP6
6427,RPLP1
6428,PAQR5
6429,LRRC49
6430,TUBGCP4
6431,RMDN3
6432,ITPKA
6433,UACA
6434,SMAD6
6435,PLCB2
6436,TMEM62
6437,PAK6
6438,ADAM10
6439,DUOX1
6440,SLC28A2
6441,CYP19A1
6442,ZNF280D
6443,SEMA6D
6444,BCL2L10
6445,RSL24D1
6446,SPTBN5
6447,GCHFR
6448,BCAR3
6449,TTLL7
6450,FNBP1L
6451,GTF2B
6452,BRDT
6453,RABGGTB
6454,IFI44L
6455,GIPC2
6456,ARHGAP29
6457,IFI44
6458,SLC44A5
6459,CLCA2
6460,DNASE2B
6461,DBT
6462,RTCA
6463,IFT172
6464,CGREF1
6465,HADHB
6466,KHK
6467,ADCY3
6468,PPM1B
6469,PNPT1
6470,DYNC2LI1
6471,THUMPD2
6472,CYP1B1
6473,RAB1A
6474,ACTR2
6475,PREB
6476,SLC5A6
6477,PREPL
6478,EMILIN1
6479,FBXO11
6480,SIX3
6481,ATRAID
6482,CENPO
6483,LRPPRC
6484,TRIM54
6485,DTNB
6486,ACTR1A
6487,MYOF
6488,LOXL4
6489,STAMBPL1
6490,CH25H
6491,ATAD1
6492,BTBD16
6493,KIF11
6494,CUZD1
6495,TACC2
6496,DUSP5
6497,CALHM2
6498,ARL3
6499,CEP55
6500,KIF20B
6501,ENTPD1
6502,EXOC6
6503,PLCE1
6504,RBP4
6505,DBR1
6506,DNAJC13
6507,GPR87
6508,ANXA7
6509,FAM149B1
6510,ASCC1
6511,ZNF365
6512,ADAMTS14
6513,RPS24
6514,TET1
6515,DNA2
6516,MYPN
6517,AOX1
6518,ATIC
6519,SMARCAL1
6520,BARD1
6521,STAT4
6522,MSTN
6523,CARF
6524,ASNSD1
6525,METTL5
6526,SSB
6527,NAB1
6528,CDK15
6529,PPIG
6530,FASTKD1
6531,MDH1B
6532,HECW2
6533,IDH1
6534,OLA1
6535,CHRNA1
6536,FAM117B
6537,WDR12
6538,ABI2
6539,ITGAV
6540,SLC40A1
6541,SLC35A5
6542,SENP7
6543,COX17
6544,PARP9
6545,MNS1
6546,USP8
6547,SECISBP2L
6548,TMOD3
6549,SPPL2A
6550,GLCE
6551,SHF
6552,APH1B
6553,CILP
6554,PARP16
6555,PPCDC
6556,SEMA7A
6557,ARHGAP24
6558,FAM13A
6559,HERC6
6560,HERC5
6561,PCDH10
6562,ZGRF1
6563,AP1AR
6564,COPS4
6565,HNRNPD
6566,PRKG2
6567,RASGEF1B
6568,SEC31A
6569,FGF5
6570,GPAT3
6571,IL21
6572,FGF2
6573,BBS7
6574,BMPR1B
6575,RAP1GDS1
6576,LARP1B
6577,MMRN1
6578,PDE5A
6579,PRDM5
6580,TRPC3
6581,NAAA
6582,NUP54
6583,CXCL9
6584,BMP2K
6585,G3BP2
6586,FRAS1
6587,SCARB2
6588,CCNG2
6589,CNOT6L
6590,USO1
6591,CDKL2
6592,SHROOM3
6593,ANXA3
6594,PPA2
6595,CENPE
6596,GSTCD
6597,INTS12
6598,ENPEP
6599,CASP6
6600,LEF1
6601,HADH
6602,PAPSS1
6603,SEC24B
6604,PPP3CA
6605,SLC39A8
6606,FBN2
6607,MAPK8IP3
6608,RGS3
6609,GUCD1
6610,RNF185
6611,PARVG
6612,B4GALNT3
6613,ERP27
6614,ETV6
6615,GABARAPL1
6616,KIF21A
6617,CPNE8
6618,YARS2
6619,FGD4
6620,ALG10
6621,PIK3C2G
6622,AEBP2
6623,SLCO1C1
6624,ETNK1
6625,ZCRB1
6626,TMEM117
6627,PRICKLE1
6628,C1RL
6629,NDUFA9
6630,CLSTN3
6631,KLRG1
6632,VAMP1
6633,TAPBPL
6634,CD27
6635,PEX5
6636,PIANP
6637,SLC38A4
6638,AMIGO2
6639,SCAF11
6640,COL2A1
6641,PPFIA2
6642,LLPH
6643,LRIG3
6644,GLIPR1
6645,PHLDA1
6646,TMEM19
6647,LGR5
6648,PTPRQ
6649,DUSP6
6650,POC1B
6651,TMTC3
6652,LUM
6653,KERA
6654,SNRPF
6655,AMDHD1
6656,NEDD1
6657,SYCP3
6658,ASCL1
6659,GAS2L3
6660,TMEM132B
6661,SLC15A4
6662,TDG
6663,RITA1
6664,SDSL
6665,MMAB
6666,GLTP
6667,GIT2
6668,TCHP
6669,FAM222A
6670,NUP58
6671,MTMR6
6672,SLC46A3
6673,SLC7A1
6674,LNX2
6675,SUOX
6676,TARBP2
6677,RDH16
6678,DHH
6679,ACVRL1
6680,GPR84
6681,NABP2
6682,N4BP2L1
6683,SMARCC2
6684,BRCA2
6685,KANSL2
6686,CERS5
6687,MAP3K12
6688,ITGB7
6689,GALNT6
6690,CSAD
6691,LMBR1L
6692,ESYT1
6693,TMBIM6
6694,ANKRD52
6695,ZNF740
6696,WDFY2
6697,HNRNPA1L2
6698,LPAR6
6699,ESD
6700,RB1
6701,SBNO1
6702,MORN3
6703,SETD1B
6704,VPS33A
6705,VPS37B
6706,RHOF
6707,DENR
6708,DIAPH3
6709,SLAIN1
6710,RBM26
6711,MBNL2
6712,ZIC5
6713,ABHD13
6714,RAB20
6715,GRTP1
6716,CUL4A
6717,TTC6
6718,SSTR1
6719,CDH24
6720,REM2
6721,CBLN3
6722,NOVA1
6723,TMX1
6724,FRMD6
6725,PELI2
6726,RTN1
6727,SLC38A6
6728,NAA30
6729,RDH12
6730,DCAF5
6731,RAB15
6732,WDR89
6733,ESR2
6734,STON2
6735,EFCAB11
6736,GPR65
6737,PTGR2
6738,JDP2
6739,AK7
6740,SLC24A4
6741,FBLN5
6742,WDR20
6743,NIPA2
6744,SLC12A6
6745,DUOXA1
6746,MFAP1
6747,TCF12
6748,SORD
6749,SERF2
6750,ZSCAN29
6751,DUOXA2
6752,DUOX2
6753,LYSMD2
6754,SLC27A2
6755,FGF7
6756,HDC
6757,GCNT3
6758,BNIP2
6759,GTF2A2
6760,SRP14
6761,BAHD1
6762,DISP2
6763,CDAN1
6764,TLE3
6765,ANP32A
6766,COMMD4
6767,UBE2Q2
6768,PSTPIP1
6769,ETFA
6770,BCL2A1
6771,HMG20A
6772,SCAPER
6773,TSPAN3
6774,NCOA2
6775,NEIL1
6776,MAN2C1
6777,DNAJA4
6778,TPM1
6779,IGF1R
6780,ARRDC4
6781,PIF1
6782,USP3
6783,CYP11A1
6784,BBS4
6785,PML
6786,ADAMTS17
6787,LINS1
6788,ULK3
6789,PCSK6
6790,CCDC33
6791,SCAMP2
6792,HAPLN3
6793,RHCG
6794,POLG
6795,FANCI
6796,ABHD2
6797,WDR93
6798,TICRR
6799,NTRK3
6800,DET1
6801,MFGE8
6802,ZNF710
6803,UNC45A
6804,ST8SIA2
6805,MCTP2
6806,FURIN
6807,IQGAP1
6808,CRTC3
6809,SH3GL3
6810,SEC11A
6811,GLYR1
6812,PMM2
6813,SLC5A2
6814,ITGAX
6815,TGFB1I1
6816,ARMC5
6817,FTO
6818,UQCRC2
6819,CDR2
6820,IGSF6
6821,ARHGAP17
6822,MYLK3
6823,NKD1
6824,DHX38
6825,TXNL4B
6826,MARVELD3
6827,ZFHX3
6828,CPNE2
6829,NLRC5
6830,KATNB1
6831,KIFC3
6832,ADAMTS18
6833,NUDT7
6834,GCSH
6835,CMTM3
6836,CMTM2
6837,CDH11
6838,NOL3
6839,MAP1LC3B
6840,MBTPS1
6841,CDH13
6842,ZCCHC14
6843,ADAD2
6844,OSGIN1
6845,IRF8
6846,RHOT2
6847,RPL3L
6848,ZSCAN32
6849,PDPK1
6850,TIGD7
6851,DEF8
6852,TCF25
6853,GALNS
6854,MED9
6855,NCOR1
6856,COPS3
6857,GID4
6858,ZNF287
6859,MYOCD
6860,KSR1
6861,RANBP10
6862,CTRL
6863,DPEP3
6864,GFOD2
6865,NOB1
6866,PRPSAP2
6867,UNC45B
6868,PCTP
6869,TOM1L1
6870,TOB1
6871,VPS53
6872,SGSM2
6873,NPEPPS
6874,SKAP1
6875,LRRC46
6876,SCRN2
6877,SSH2
6878,RHBDL3
6879,SPACA3
6880,ARSG
6881,ABCA8
6882,G6PC3
6883,CLTC
6884,BCAS3
6885,PTRH2
6886,SS18
6887,TAF4B
6888,AFG3L2
6889,PRELID3A
6890,IMPA2
6891,GNAL
6892,SLC39A6
6893,RPRD1A
6894,GALNT1
6895,ASXL3
6896,ADCYAP1
6897,GAREM1
6898,ESCO1
6899,OSBPL1A
6900,GATA6
6901,GREB1L
6902,PELP1
6903,NPC1
6904,SLC14A1
6905,ARRB2
6906,SLC13A5
6907,ZMYND15
6908,WRAP53
6909,MINK1
6910,SAT2
6911,ASGR1
6912,PIK3R5
6913,TP53
6914,CCDC40
6915,ARHGDIA
6916,TMC6
6917,SLC16A3
6918,CARD14
6919,TTYH2
6920,RAB40B
6921,EIF4A3
6922,CSNK1D
6923,ANAPC11
6924,TBCD
6925,FN3KRP
6926,NARF
6927,RPTOR
6928,FOXK2
6929,TRIM65
6930,CBX8
6931,SECTM1
6932,RNF157
6933,CEP131
6934,ZNF750
6935,WDR45B
6936,CBX4
6937,DYM
6938,MAPK4
6939,ELAC1
6940,MBD1
6941,SMAD4
6942,TNFRSF11A
6943,ZCCHC2
6944,FBXO15
6945,CBLN2
6946,PMAIP1
6947,P3H4
6948,NT5C3B
6949,ERBB2
6950,GRB7
6951,MIEN1
6952,PNMT
6953,STAC2
6954,IGFBP4
6955,FKBP10
6956,TXNL4A
6957,CACNA1A
6958,BRD4
6959,SLC39A3
6960,NFIC
6961,TPGS1
6962,PLPP2
6963,PRDM15
6964,PFKL
6965,FEM1A
6966,VAV1
6967,MVB12A
6968,CIB3
6969,SH3GL1
6970,DUS3L
6971,DPP9
6972,CCDC97
6973,TMEM91
6974,ZFP14
6975,SIRT3
6976,IFITM3
6977,HUNK
6978,COL6A1
6979,IFNAR1
6980,SOD1
6981,COL6A2
6982,SIK1
6983,TRPM2
6984,SCYL1
6985,APP
6986,URB1
6987,AKT1
6988,IL19
6989,EMP3
6990,SAE1
6991,NTN5
6992,LMTK3
6993,GEMIN7
6994,CBLC
6995,WTIP
6996,ADAMTS10
6997,SLC6A3
6998,RNPEPL1
6999,CAPN10
7000,MYO1F
7001,ERVK3-1
7002,NLRP12
7003,CACNG8
7004,ZNF787
7005,CARM1
7006,EVI5L
7007,SLC47A1
7008,PSMB6
7009,SIGLEC10
7010,ZNF473
7011,RPS11
7012,RPL13A
7013,CTU1
7014,NOSIP
7015,IGLON5
7016,RCN3
7017,ZNF614
7018,SLC2A5
7019,RERE
7020,MMEL1
7021,CFAP74
7022,PRDM16
7023,PADI3
7024,FHAD1
7025,EPHA2
7026,EFHD2
7027,PEX14
7028,PGD
7029,MYOM3
7030,SH3BGRL3
7031,CNKSR1
7032,RPL11
7033,IL22RA1
7034,ZNF593
7035,C1orf216
7036,KIAA0319L
7037,EVA1B
7038,DMRTA2
7039,PLK4
7040,MAP3K6
7041,FCN3
7042,GPN2
7043,SYTL1
7044,WDTC1
7045,NBPF3
7046,HSPG2
7047,ITGB3BP
7048,SERBP1
7049,BCL10
7050,PRKACB
7051,PIGK
7052,TINAGL1
7053,AZIN2
7054,RPS8
7055,KIF2C
7056,PTPRF
7057,BEST4
7058,MOB3C
7059,CYP4B1
7060,TMEM61
7061,LMO4
7062,SYPL2
7063,MTF2
7064,SLC44A3
7065,IGSF3
7066,ZNF697
7067,CTTNBP2NL
7068,STRIP1
7069,PSMA5
7070,C1orf162
7071,CD53
7072,CELSR2
7073,ITGA10
7074,GPR161
7075,ALDH9A1
7076,ATP1B1
7077,TIPRL
7078,NME7
7079,POGK
7080,MPC2
7081,CREG1
7082,DCAF6
7083,GPA33
7084,RXRG
7085,TBX19
7086,UCK2
7087,TMCO1
7088,XCL1
7089,XCL2
7090,POU2F1
7091,MAEL
7092,ILDR2
7093,DPT
7094,MGST3
7095,ADCY10
7096,UFC1
7097,PPOX
7098,FCGR2A
7099,NUF2
7100,RGS5
7101,SDHC
7102,PFDN2
7103,NR1I3
7104,USP21
7105,PRCC
7106,FCRL5
7107,MRPL24
7108,PIGM
7109,CASQ1
7110,ISG20L2
7111,CRABP2
7112,HDGF
7113,ABL2
7114,XPR1
7115,RGS16
7116,TOR1AIP1
7117,HMCN1
7118,RGL1
7119,LYPLAL1
7120,RORC
7121,TUFT1
7122,SF3B4
7123,ECM1
7124,ZNF687
7125,TARS2
7126,CGN
7127,SNX27
7128,SETDB1
7129,ADAMTSL4
7130,MCL1
7131,CTSK
7132,RFX5
7133,PI4KB
7134,PIP5K1A
7135,ANP32E
7136,ANXA9
7137,SELENBP1
7138,CERS2
7139,ENSA
7140,SEMA6C
7141,MRPL9
7142,ARNT
7143,POGZ
7144,C1orf56
7145,OAZ3
7146,HORMAD1
7147,GOLPH3L
7148,GABPB2
7149,SYT14
7150,DTL
7151,DYRK3
7152,EIF2D
7153,INTS7
7154,VASH2
7155,TAF1A
7156,SMYD2
7157,SUSD4
7158,DUSP10
7159,TP53BP2
7160,ATP8B2
7161,CRNN
7162,ADAM15
7163,JTB
7164,RAB13
7165,S100A8
7166,TPM3
7167,NUP210L
7168,SNAPIN
7169,SLC27A3
7170,S100A7
7171,UBAP2L
7172,SLC39A1
7173,HAX1
7174,CREB3L4
7175,EFNA3
7176,AQP10
7177,KCNN3
7178,ILF2
7179,RIT1
7180,HCN3
7181,FLG
7182,ACTA1
7183,GALNT2
7184,TTC13
7185,SCCPDH
7186,LYST
7187,CEP170
7188,ACP1
7189,SNAP47
7190,SRP9
7191,NVL
7192,SDE2
7193,DEGS1
7194,FBXO28
7195,ARF1
7196,LEFTY2
7197,CNIH4
7198,ITPKB
7199,GUK1
7200,CDC42BPA
7201,CNIH3
7202,C1orf35
7203,MBOAT2
7204,PARP1
7205,PSEN2
7206,PYCR2
7207,LBR
7208,WNT9A
7209,EPHX1
7210,SOX13
7211,ETNK2
7212,PPFIA4
7213,PLEKHA6
7214,PTPN7
7215,SYT2
7216,ARL8A
7217,OSR1
7218,GDF7
7219,PDIA6
7220,RHOB
7221,ATP6V1C2
7222,HNRNPLL
7223,GALM
7224,CAMKMT
7225,EML4
7226,CALM2
7227,CHAC2
7228,RPS27A
7229,WDPCP
7230,VPS54
7231,ASXL2
7232,ETAA1
7233,SNRPG
7234,ABHD1
7235,MEIS1
7236,CIAO1
7237,ZNF514
7238,SNRNP200
7239,MRPS5
7240,ANKRD53
7241,EXOC6B
7242,SFXN5
7243,TEX261
7244,DQX1
7245,ST6GAL2
7246,NPHP1
7247,MALL
7248,THNSL2
7249,RALB
7250,TMEM177
7251,NT5DC4
7252,RABL2A
7253,SLC20A1
7254,FBLN7
7255,ZC3H8
7256,LIPT1
7257,LYG1
7258,AFF3
7259,UBXN4
7260,SPOPL
7261,POLR2D
7262,AMMECR1L
7263,GALNT13
7264,PKP4
7265,SLC4A10
7266,SCRN3
7267,ZNF385B
7268,TMEFF2
7269,CDCA7
7270,DLX1
7271,UBR3
7272,PHOSPHO2
7273,GULP1
7274,FAM171B
7275,HSPD1
7276,CCDC150
7277,METTL21A
7278,PTH2R
7279,NBEAL1
7280,KANSL1L
7281,SPAG16
7282,ABCA12
7283,SUMF1
7284,NYAP2
7285,RHBDD1
7286,ACKR3
7287,HES6
7288,ESPNL
7289,ANKMY1
7290,COPS7B
7291,DIS3L2
7292,CPNE9
7293,FANCD2
7294,TAMM41
7295,VGLL4
7296,RAB5A
7297,CTDSP1
7298,STK11IP
7299,GMPPA
7300,GRIP2
7301,EAF1
7302,CNTN4
7303,DYNC1LI1
7304,RBMS3
7305,OSBPL10
7306,POMGNT2
7307,ACKR2
7308,CSRNP1
7309,SLC25A38
7310,SLC22A14
7311,GOLGA4
7312,CTDSPL
7313,STAC
7314,IQSEC1
7315,CAND2
7316,RPL32
7317,PTPRG
7318,IL17RD
7319,SHQ1
7320,SLC25A26
7321,UBA3
7322,ARL6IP5
7323,TMF1
7324,LRIG1
7325,LRTM1
7326,LIMD1
7327,NFKBIZ
7328,COL8A1
7329,NXPE3
7330,MYH15
7331,PHLDB2
7332,ABHD10
7333,TAGLN3
7334,PLA1A
7335,RABL3
7336,ADPRH
7337,IGSF11
7338,ATG3
7339,BOC
7340,SRPRB
7341,TMEM108
7342,AGTR1
7343,MED12L
7344,EIF2A
7345,ALDH1L1
7346,OSBPL11
7347,TRPC1
7348,NCEH1
7349,LPP
7350,TMEM44
7351,RUBCN
7352,AMT
7353,TCTA
7354,NICN1
7355,UCN2
7356,MANF
7357,EAF2
7358,ILDR1
7359,TM4SF19
7360,SLIT2
7361,EIF2B5
7362,ECE2
7363,DGKQ
7364,FIP1L1
7365,SLC26A1
7366,LYAR
7367,CENPC
7368,CORIN
7369,ATP10D
7370,OCIAD2
7371,SLC10A6
7372,SCD5
7373,PLAC8
7374,ENOPH1
7375,TRMT10A
7376,KLHL8
7377,SNCA
7378,PYURF
7379,TBCK
7380,CAMK2D
7381,CISD2
7382,DDIT4L
7383,ANK2
7384,TIFA
7385,CCNA2
7386,METTL14
7387,USP53
7388,SETD7
7389,NAF1
7390,SFRP2
7391,RPS3A
7392,RNF175
7393,PDGFC
7394,CBR4
7395,CYP4V2
7396,ROPN1L
7397,NDUFS6
7398,CDH18
7399,ADAMTS16
7400,SRD5A1
7401,MYO10
7402,RPL37
7403,SKP2
7404,OSMR
7405,PLK2
7406,GZMA
7407,PIK3R1
7408,HAPLN1
7409,LHFPL2
7410,SSBP2
7411,BHMT
7412,ANKRD31
7413,IQGAP2
7414,CRHBP
7415,RASA1
7416,GIN1
7417,PPIP5K2
7418,PAM
7419,SLC30A5
7420,BTF3
7421,FBXL17
7422,SPATA9
7423,TSLP
7424,TNFAIP8
7425,FEM1C
7426,COMMD10
7427,ATG12
7428,MEGF10
7429,YIPF5
7430,ARHGAP26
7431,CXCL14
7432,SLC25A48
7433,DDX46
7434,TIMD4
7435,RNF145
7436,C1QTNF2
7437,GABRB2
7438,FBXO38
7439,SPINK7
7440,PCYOX1L
7441,TNIP1
7442,G3BP1
7443,ZNF300
7444,N4BP3
7445,NHP2
7446,RMND5B
7447,BOD1
7448,TENM2
7449,KCNMB1
7450,FAM50B
7451,MYLK4
7452,TBC1D7
7453,FARS2
7454,GFOD1
7455,CDKAL1
7456,LRRTM2
7457,ZMAT2
7458,GFRA3
7459,KLHL3
7460,DCDC2
7461,TRIM7
7462,TRIM41
7463,HIGD2A
7464,FAM193B
7465,PLA2G7
7466,TNFRSF21
7467,RNF44
7468,DOK3
7469,DAAM2
7470,PRIM2
7471,MLIP
7472,HMGCLL1
7473,FGD2
7474,SCUBE3
7475,ANO7
7476,CRIP3
7477,TTBK1
7478,RPL7L1
7479,NFKBIE
7480,CYP39A1
7481,TPBG
7482,IRAK1BP1
7483,PHIP
7484,MMS22L
7485,FAXC
7486,PNRC1
7487,PM20D2
7488,RARS2
7489,SCML4
7490,TBC1D32
7491,RNF217
7492,RSPO3
7493,ARHGAP18
7494,ABRACL
7495,SLC18B1
7496,MTFR2
7497,SLC2A12
7498,SHPRH
7499,AIG1
7500,DYNLT1
7501,TIAM2
7502,TMEM181
7503,PNLDC1
7504,WTAP
7505,ZMYM4
7506,VIP
7507,SLC22A3
7508,GNA12
7509,SDK1
7510,CCZ1B
7511,RBAK
7512,CREB5
7513,EGFR
7514,LINC00525
7515,CDCA5
7516,IGFBP3
7517,PURB
7518,SSC4D
7519,MDH2
7520,POMZP3
7521,CCT6A
7522,PSPH
7523,ZNF92
7524,ATXN7L1
7525,TMEM168
7526,ASB15
7527,SLC12A9
7528,GIGYF1
7529,TRIM4
7530,TMEM209
7531,AGBL3
7532,ZC3HAV1L
7533,TMEM140
7534,TLK2
7535,NOM1
7536,NCAPG2
7537,ASB10
7538,NLGN4X
7539,SHROOM2
7540,LUC7L2
7541,DENND2A
7542,SH3KBP1
7543,TMEM47
7544,LANCL3
7545,CASK
7546,KDM6A
7547,SPIN2A
7548,MSN
7549,HDAC8
7550,SLC16A2
7551,ZNF182
7552,CHST7
7553,NDUFB11
7554,ZNF41
7555,ZMYM3
7556,TAF1
7557,GPR174
7558,NONO
7559,LPAR4
7560,EBP
7561,OGT
7562,SNX12
7563,ITGB1BP2
7564,IL2RG
7565,ZNF711
7566,DIAPH2
7567,PRPS1
7568,FRMPD3
7569,HTR2C
7570,DOCK11
7571,IGSF1
7572,GPC3
7573,RBMX
7574,MCPH1
7575,FBXO25
7576,FATE1
7577,MAGEA4
7578,NSDHL
7579,ZNF185
7580,CETN2
7581,RPL10
7582,CSGALNACT1
7583,ATP6V1B2
7584,CCDC25
7585,HMBOX1
7586,CHRNA6
7587,GNRH1
7588,BIN3
7589,DOK2
7590,SLC25A37
7591,CHMP7
7592,DOCK5
7593,STAR
7594,ERLIN2
7595,PXDNL
7596,ST18
7597,RGS20
7598,TACC1
7599,GOLGA7
7600,PLPP5
7601,GINS4
7602,DNAJC5B
7603,TRIM55
7604,ADHFE1
7605,MRPS28
7606,LACTB2
7607,TERF1
7608,RPL7
7609,ATP6V0D2
7610,SYBU
7611,DPYS
7612,MTDH
7613,LRP12
7614,EBAG9
7615,POLR2K
7616,MAL2
7617,EIF3H
7618,UTP23
7619,NDUFB9
7620,FAM83A
7621,ZNF7
7622,ARHGAP39
7623,SLC39A4
7624,VLDLR
7625,AK3
7626,UHRF2
7627,NFIB
7628,PLIN2
7629,HAUS6
7630,CDKN2B
7631,CDKN2A
7632,C9orf72
7633,ZCCHC7
7634,FBXO10
7635,SIGMAR1
7636,CEP78
7637,NTRK2
7638,IDNK
7639,SHC3
7640,AUH
7641,PLPPR1
7642,ZNF462
7643,INIP
7644,UGCG
7645,SNX30
7646,STOM
7647,GSN
7648,MRRF
7649,NR6A1
7650,CRB2
7651,ALAD
7652,ASTN2
7653,WDR31
7654,POLE3
7655,SURF4
7656,GBGT1
7657,SURF2
7658,REXO4
7659,RPL7A
7660,GTF3C5
7661,ASB6
7662,PTGES2
7663,NTMT1
7664,CIZ1
7665,SLC25A25
7666,SH3GLB2
7667,PTGES
7668,LCN2
7669,LRSAM1
7670,HMCN2
7671,GPR107
7672,IDI2
7673,INPP5E
7674,SEC16A
7675,DPH7
7676,NOTCH1
7677,CACNA1B
7678,NACC2
7679,PROSER2
7680,USP6NL
7681,COMMD3
7682,MSRB2
7683,PDSS1
7684,FAM171A1
7685,TMEM236
7686,RSU1
7687,ST8SIA6
7688,PARD3
7689,ZEB1
7690,FAM13C
7691,NRBF2
7692,CDHR1
7693,POLR3A
7694,HERC4
7695,CAMK2G
7696,ADIRF
7697,GLUD1
7698,ANKRD1
7699,HTR7
7700,RPP30
7701,FRA10AC1
7702,ADD3
7703,DNAJB12
7704,EIF4EBP2
7705,NPFFR1
7706,PLEKHS1
7707,TCF7L2
7708,MKI67
7709,CYP17A1
7710,INA
7711,FUOM
7712,LRRC27
7713,MTG1
7714,PAOX
7715,GSTO1
7716,TAF5
7717,PPRC1
7718,ITPRIP
7719,CNNM2
7720,PDCD11
7721,ADAM12
7722,RGS10
7723,BTBD10
7724,ADM
7725,GAS2
7726,SLC5A12
7727,LIN7C
7728,LRRC4C
7729,IMMP1L
7730,SAA4
7731,PGAP2
7732,TUT1
7733,SCGB1A1
7734,ZNF214
7735,ZNF215
7736,HSD17B12
7737,APIP
7738,PAMR1
7739,DGKZ
7740,EIF3M
7741,TNKS1BP1
7742,SERPING1
7743,SSRP1
7744,SLC43A1
7745,PTPRJ
7746,ARFGAP2
7747,CELF1
7748,CCDC81
7749,SESN3
7750,ENDOD1
7751,CCDC82
7752,KLHL35
7753,TENM4
7754,SERPINH1
7755,CAPN5
7756,INTS4
7757,PAK1
7758,RPS3
7759,ZC3H12C
7760,TTC12
7761,NCAM1
7762,NPAT
7763,ATM
7764,AASDHPPT
7765,GLB1L2
7766,SLX4IP
7767,LAMTOR1
7768,P4HA3
7769,GRIK4
7770,ST14
7771,ADAM33
7772,TKFC
7773,MTA2
7774,TMEM138
7775,FADS1
7776,ROM1
7777,EML3
7778,INCENP
7779,ZP1
7780,PLCH2
7781,CPSF7
7782,MS4A2
7783,B3GAT3
7784,EI24
7785,CCDC15
7786,CHEK1
7787,FEZ1
7788,ESAM
7789,KIRREL3
7790,MPZL2
7791,SCN2B
7792,SIDT2
7793,TMEM25
7794,TAGLN
7795,JPH2
7796,DUSP15
7797,COMMD7
7798,C20orf144
7799,KIAA1755
7800,DSN1
7801,CNBD2
7802,LSM14B
7803,YTHDF1
7804,CABLES2
7805,TRPT1
7806,NUDT22
7807,FERMT3
7808,PLCB3
7809,MRPL49
7810,CDC42EP2
7811,FAU
7812,TM7SF2
7813,VPS51
7814,TBX6
7815,PPP4C
7816,ALDOA
7817,DOC2A
7818,HIRIP3
7819,TAOK2
7820,TMEM219
7821,HMGA2
7822,MMP3
7823,CNKSR2
7824,CNTN5
7825,KLRF1
7826,CLEC1A
7827,MKX
7828,MPP7
7829,ITGB1
7830,CTF1
7831,CWC15
7832,FCGR1A
7833,ARID5B
7834,CDH8
7835,DCUN1D2
7836,TMEM218
7837,TIRAP
7838,LATS2
7839,SAP18
7840,ADGRL3
7841,KIAA1328
7842,FAM124A
7843,HNMT
7844,LYPD1
7845,LYPD6B
7846,PDCD4
7847,ADRA2A
7848,GPM6A
7849,WDR17
7850,SPATA4
7851,VEGFC
7852,CCDC102B
7853,CD226
7854,CNDP1
7855,FSIP1
7856,DLG2
7857,RGS18
7858,PRSS23
7859,MTMR12
7860,PPP1R1C
7861,CCT5
7862,DOCK1
7863,DIXDC1
7864,DLAT
7865,PIH1D2
7866,TIMM8B
7867,IL18
7868,TEX12
7869,PTS
7870,PIP4K2A
7871,FOXO1
7872,SEC24D
7873,ABCB9
7874,RILPL2
7875,DHX37
7876,UBC
7877,ITPR1
7878,PRSS53
7879,SLC7A11
7880,NOCT
7881,ENKUR
7882,GPR158
7883,CACNA1C
7884,THRB
7885,NGLY1
7886,OXSM
7887,UEVLD
7888,TMEM86A
7889,TMEM263
7890,UBE3B
7891,ANK3
7892,IPMK
7893,RAD9B
7894,PLBD2
7895,SLC2A13
7896,GXYLT1
7897,TWF1
7898,DIP2C
7899,EIF4E
7900,MAGI1
7901,TEX30
7902,CSNK1G3
7903,SRFBP1
7904,AKAP6
7905,NPAS3
7906,FAM177A1
7907,MBIP
7908,MIPOL1
7909,EXT2
7910,TMEM18
7911,KCTD14
7912,NDUFC2
7913,ME3
7914,ADAMTS12
7915,NUBPL
7916,NEK7
7917,FER
7918,VIPAS39
7919,ANKRD50
7920,UPF2
7921,CDC123
7922,SCLT1
7923,CCDC3
7924,C4orf33
7925,FRMD4A
7926,PTPRO
7927,EPS8
7928,ACAD8
7929,THYN1
7930,VPS26B
7931,NCAPD3
7932,VTI1A
7933,QDPR
7934,TEX9
7935,MMAA
7936,ZNF827
7937,EDNRA
7938,NR3C2
7939,AKR1C2
7940,DPYSL4
7941,VENTX
7942,ADAM8
7943,KIN
7944,PIGF
7945,ANKAR
7946,INPP1
7947,MFSD6
7948,RNF144A
7949,ASAP2
7950,ADAM17
7951,FLI1
7952,TMEM45B
7953,WWC2
7954,CENPU
7955,ACSL1
7956,SLC25A4
7957,AMN1
7958,BICD1
7959,SAV1
7960,CCDC122
7961,SERP2
7962,NBAS
7963,ZNF385D
7964,GUF1
7965,SACS
7966,PABPC3
7967,FBXO4
7968,CCL28
7969,PARP8
7970,GFRA1
7971,CACUL1
7972,DST
7973,BEND6
7974,TIAL1
7975,BAG3
7976,GLT1D1
7977,SCHIP1
7978,KCNE4
7979,AP1S3
7980,RABGAP1L
7981,CCDC74B
7982,FAM168B
7983,PTPN14
7984,MGAT5
7985,TMEM163
7986,GPATCH11
7987,HSPB8
7988,GEMIN6
7989,TMEM178A
7990,POU4F1
7991,CYSLTR2
7992,ARL11
7993,SETBP1
7994,ARL14EP
7995,EPG5
7996,PSTPIP2
7997,HAUS1
7998,SPC25
7999,PDK1
8000,PDE3B
8001,TCF7L1
8002,TGOLN2
8003,SH2D6
8004,KCNK13
8005,UHMK1
8006,ATG10
8007,POC5
8008,SPOCK1
8009,FAM151B
8010,TADA1
8011,GUCY1A2
8012,CWF19L2
8013,JMY
8014,HOMER1
8015,XRCC4
8016,ZNF547
8017,ZNF773
8018,ZNF776
8019,ZNF256
8020,SUV39H2
8021,DCLRE1C
8022,OLAH
8023,RPP38
8024,NMT2
8025,ZNF837
8026,USP12
8027,CCDC50
8028,CAMK4
8029,TRIM36
8030,ZFP36L2
8031,PAN3
8032,PLEKHH2
8033,PFKM
8034,TMEM123
8035,IGSF10
8036,SPEF2
8037,SPARCL1
8038,MBNL1
8039,CAPSL
8040,NADK2
8041,GPD1L
8042,GJA1
8043,CCNO
8044,CLEC4F
8045,SLC30A6
8046,PELO
8047,RASGRP3
8048,SAR1B
8049,CATSPER3
8050,GPR180
8051,ANKRD22
8052,FARP1
8053,IFIT5
8054,SLC16A12
8055,PANK1
8056,PRDM8
8057,BMP3
8058,HNRNPDL
8059,HHEX
8060,UTRN
8061,GGPS1
8062,ZNF117
8063,PART1
8064,RAB3C
8065,LMNTD1
8066,RAD17
8067,MED21
8068,PLOD2
8069,STK32B
8070,JAKMIP1
8071,ZIC1
8072,ADGRA3
8073,CPB1
8074,SREK1IP1
8075,LGI2
8076,CWC27
8077,MR1
8078,SRP19
8079,CENPH
8080,CDYL
8081,CARHSP1
8082,BANK1
8083,TXNDC11
8084,DAB2
8085,ACOXL
8086,BCL2L11
8087,ANAPC1
8088,SCOC
8089,CLGN
8090,CETN3
8091,SMARCA5
8092,SYCP2L
8093,BMP6
8094,RGPD3
8095,RASSF3
8096,HNRNPU
8097,RANBP2
8098,AHCTF1
8099,MERTK
8100,TMEM87B
8101,PTPRR
8102,NR4A2
8103,CCDC148
8104,PLA2R1
8105,RBMS1
8106,SCN3A
8107,CD96
8108,SLC25A27
8109,ADGRF1
8110,ADGRF4
8111,ASAP1
8112,TRAPPC8
8113,FAM81B
8114,LINC00467
8115,INO80C
8116,LPCAT1
8117,PLEKHG4B
8118,NMRAL1
8119,UBALD1
8120,C16orf89
8121,ING1
8122,TEX29
8123,ADPRHL1
8124,CMTM7
8125,FBXL2
8126,UBP1
8127,RMND5A
8128,CD8A
8129,RPIA
8130,PTPRD
8131,LURAP1L
8132,CNKSR3
8133,GTF2E1
8134,CFDP1
8135,ZDHHC7
8136,TMPRSS11D
8137,JAZF1
8138,CMIP
8139,KCNJ16
8140,PID1
8141,TRIP12
8142,FBXO36
8143,CEBPG
8144,KCTD15
8145,ZNF599
8146,MCOLN2
8147,LGI4
8148,DDAH1
8149,SREK1
8150,CHD1
8151,ANKFN1
8152,DGKE
8153,HS2ST1
8154,MSI2
8155,CACNA2D1
8156,HS3ST3A1
8157,GDPD1
8158,NUS1
8159,SEMA3D
8160,PPP2R5E
8161,GRAP
8162,SLC5A10
8163,AK5
8164,CABYR
8165,IMPACT
8166,ANKRD29
8167,SDHAF4
8168,CHST9
8169,THY1
8170,DNAAF1
8171,C16orf74
8172,TBCEL
8173,ANKH
8174,OTULIN
8175,UBASH3B
8176,ROBO4
8177,ROBO3
8178,TBRG1
8179,NRGN
8180,GPR15
8181,ABI3BP
8182,ANGPT1
8183,PITPNC1
8184,CC2D1B
8185,CERS3
8186,PRKCA
8187,LRRK1
8188,CEP112
8189,ABCA9
8190,ABCA6
8191,ABCA10
8192,ABCA5
8193,ENPP3
8194,UCHL1
8195,MIA3
8196,DISP1
8197,TNIK
8198,NEIL2
8199,PGM5
8200,WNT3A
8201,OBSCN
8202,TRIM11
8203,ENAH
8204,PPP1R3A
8205,CCSAP
8206,SH3RF1
8207,GBP5
8208,BUB3
8209,CNTNAP3B
8210,SRSF12
8211,PDLIM3
8212,SORBS2
8213,LY96
8214,PSMA8
8215,TMSB4Y
8216,CXADR
8217,C21orf91
8218,CHODL
8219,TMPRSS15
8220,NCAM2
8221,L3MBTL4
8222,PDE1C
8223,RABGEF1
8224,MRPL39
8225,JAM2
8226,GABPA
8227,ADAMTS1
8228,ADAMTS5
8229,TSEN2
8230,SLFN13
8231,WNT7A
8232,XPC
8233,CCDC174
8234,FGD5
8235,FLCN
8236,DPH3
8237,OXNAD1
8238,PLCL2
8239,CXXC1
8240,PPP4R1
8241,APCDD1
8242,PIEZO2
8243,MPPE1
8244,USP43
8245,RAB6B
8246,EME1
8247,EPHB1
8248,ACSS1
8249,ANKRD40
8250,ZNF18
8251,VOPP1
8252,APOOL
8253,DKK2
8254,CYP2U1
8255,FBXL18
8256,AK9
8257,KLF10
8258,AZIN1
8259,ATP6V1C1
8260,OTUD6B
8261,CDK19
8262,GTF3C6
8263,TTC39B
8264,AGPAT5
8265,MMS19
8266,PI4K2A
8267,MARVELD1
8268,ZFYVE27
8269,GOLGA7B
8270,TRMT44
8271,SLC25A28
8272,HSPA13
8273,SAMSN1
8274,USP25
8275,ZCCHC10
8276,C16orf87
8277,MOV10
8278,RHOC
8279,PPM1J
8280,DBI
8281,SLC16A1
8282,HEATR3
8283,NIFK
8284,OXA1L
8285,SLC7A7
8286,LARP1
8287,CNOT8
8288,GRIA1
8289,LRGUK
8290,SETD9
8291,MIER3
8292,NUP205
8293,ZKSCAN2
8294,C9orf85
8295,PIK3AP1
8296,RBM45
8297,TTN
8298,VSIG4
8299,PDIA4
8300,KDM8
8301,KCTD18
8302,TMEM237
8303,FZD7
8304,SPAG17
8305,DEPTOR
8306,FMN2
8307,RNF20
8308,PPARGC1B
8309,ELMO1
8310,SLC26A2
8311,LSM11
8312,MED7
8313,SAXO1
8314,RRAGA
8315,SLC24A2
8316,PXYLP1
8317,RASA2
8318,RMND1
8319,RAET1L
8320,SLA
8321,TMBIM4
8322,VBP1
8323,RAB39B
8324,CLIC2
8325,AFF2
8326,MICU3
8327,GRIP1
8328,VPS37A
8329,KIF5A
8330,PSD3
8331,CARNMT1
8332,MCU
8333,CFAP70
8334,GNA14
8335,FAM161B
8336,GNAQ
8337,WIF1
8338,MMP16
8339,ADK
8340,KCNMA1
8341,BATF
8342,DCK
8343,ADAMTS3
8344,ALX3
8345,DPY19L4
8346,NDUFAF6
8347,DRAM2
8348,CFAP161
8349,ART3
8350,SLC28A1
8351,WHAMM
8352,CXCL13
8353,USP16
8354,CCT8
8355,MAP3K7CL
8356,BACH1
8357,CLDN8
8358,TSPAN7
8359,TIAM1
8360,SCAF4
8361,RPGR
8362,CDK20
8363,PCGF6
8364,ANKRD9
8365,SFR1
8366,SFXN2
8367,FUT6
8368,TDRD9
8369,FGF18
8370,PCDH1
8371,SH3RF2
8372,GDF6
8373,UQCRB
8374,MTERF3
8375,PTDSS1
8376,PPP2R2B
8377,RPL30
8378,SUPV3L1
8379,EEF1A1
8380,FBXO43
8381,HKDC1
8382,HK1
8383,TYSND1
8384,PHF6
8385,CD109
8386,UBE2L6
8387,ZDHHC5
8388,MED19
8389,ZFAND3
8390,NPTN
8391,SAMD8
8392,RAB11FIP1
8393,GLYATL2
8394,UTP14A
8395,AIFM1
8396,MAPK13
8397,BAG4
8398,MS4A1
8399,TBC1D31
8400,ATAD2
8401,FBXO32
8402,NSMCE2
8403,ZNF689
8404,PRR14
8405,FBRS
8406,FRRS1
8407,PHKG2
8408,SASS6
8409,COX6A2
8410,MALSU1
8411,VPS8
8412,GALK2
8413,LHFPL4
8414,B3GNT7
8415,BUB1B
8416,PDE6D
8417,EIF4A2
8418,BRPF1
8419,RPUSD3
8420,SST
8421,TATDN2
8422,GHRL
8423,SEC13
8424,EXOG
8425,SHCBP1L
8426,NMNAT2
8427,ZFYVE9
8428,SLC6A1
8429,SMG1
8430,FCHO2
8431,RBPMS
8432,TMEM171
8433,KLHL40
8434,TIMP4
8435,SYN2
8436,NRG1
8437,CPT2
8438,LRP8
8439,PAXIP1
8440,STEAP2
8441,SSBP3
8442,CLDN12
8443,MMP14
8444,FZD1
8445,GATAD1
8446,SUSD3
8447,TMED6
8448,CLEC18A
8449,DHRS4
8450,ARMC12
8451,DDX19B
8452,ST3GAL2
8453,IL34
8454,DHRS1
8455,CACNA1D
8456,KIT
8457,HYDIN
8458,AASDH
8459,ZNF19
8460,CACNA2D3
8461,RNF111
8462,CCNB2
8463,FAM81A
8464,MYO1E
8465,APPL1
8466,AFAP1L1
8467,TSC22D3
8468,DYRK1A
8469,KCNJ6
8470,KCNJ15
8471,ERG
8472,ETS2
8473,TSPAN18
8474,LCA5L
8475,SLC35B2
8476,TMEM164
8477,MX1
8478,CREB3L1
8479,C2CD2
8480,TAB3
8481,SLC38A10
8482,C9orf43
8483,ZNF618
8484,DGKI
8485,SVOPL
8486,SNX22
8487,UBN2
8488,BRAF
8489,SLC34A2
8490,ACAN
8491,PSMG3
8492,CABP1
8493,WDR19
8494,SLC37A3
8495,AP3S2
8496,FMNL2
8497,GAREM2
8498,SPPL3
8499,DRC1
8500,RAB28
8501,PANK4
8502,MEGF11
8503,C12orf43
8504,PEX10
8505,RER1
8506,RADIL
8507,SKI
8508,WIPI2
8509,LDLRAP1
8510,AGAP1
8511,KRTCAP3
8512,PAFAH2
8513,SLC30A2
8514,TRIM63
8515,MRPL17
8516,DUSP2
8517,GRHL3
8518,UBXN11
8519,PTPDC1
8520,GALNT14
8521,NCK1
8522,HPD
8523,RHPN1
8524,TPRG1L
8525,LRRC43
8526,XDH
8527,XKR8
8528,CNNM4
8529,EYA3
8530,DZIP1L
8531,TMSB15A
8532,FANCC
8533,MRAS
8534,WASF2
8535,ABHD3
8536,ESYT3
8537,FAIM
8538,CLSTN2
8539,COLEC12
8540,RNF207
8541,CUL4B
8542,GPR153
8543,SLC13A3
8544,GPRASP2
8545,RHBDL2
8546,AUTS2
8547,SHROOM4
8548,CDC25C
8549,MITD1
8550,EIF5B
8551,RIBC1
8552,TMSB15B
8553,CATIP
8554,CNOT11
8555,KCNB1
8556,TSPAN33
8557,NRG2
8558,AHCYL2
8559,B4GALT5
8560,CD1D
8561,CD1A
8562,SPATA2
8563,CD1C
8564,CD1B
8565,DNAH3
8566,CD1E
8567,HMHB1
8568,NCF1
8569,CPA5
8570,TSR2
8571,PPP1R9A
8572,ZC3H18
8573,ZFAND2B
8574,GDPD5
8575,DYNC1I1
8576,PFKFB1
8577,TMED4
8578,PPP1R15B
8579,COPG2
8580,EMSY
8581,PAGE5
8582,GPAT4
8583,PKD1L1
8584,ZSCAN12
8585,TAGLN2
8586,ELK4
8587,SLAMF8
8588,SLC45A3
8589,DUSP23
8590,RNF166
8591,NBL1
8592,F11R
8593,USF1
8594,PLA2G2F
8595,SPATA2L
8596,NIT1
8597,DEDD
8598,ZNF276
8599,NPM2
8600,EDA
8601,CDA
8602,PINK1
8603,B4GALT3
8604,DMTN
8605,ADAMTS4
8606,NDUFS2
8607,FCER1G
8608,TOMM40L
8609,MPZ
8610,CCAR2
8611,CACHD1
8612,CDC42SE2
8613,RAPGEF6
8614,EPB41
8615,MIS18A
8616,ALG8
8617,FBXW5
8618,SYNJ1
8619,IFNAR2
8620,MRPL10
8621,IFNGR2
8622,SON
8623,DONSON
8624,SV2A
8625,LAD1
8626,STC1
8627,TNNI1
8628,CSRP1
8629,HOXB13
8630,C1QC
8631,RCAN1
8632,UBE2Z
8633,CIART
8634,SNF8
8635,CLIC6
8636,CCDC24
8637,RUNX1
8638,IGF2BP1
8639,CBR1
8640,CBR3
8641,ACTC1
8642,MORC3
8643,CHAF1B
8644,CLDN14
8645,SIM2
8646,HLCS
8647,SCUBE1
8648,ADPGK
8649,PTMS
8650,PLA2G4D
8651,PADI4
8652,ADIPOR1
8653,CYB5R1
8654,PSMD4
8655,ATP13A2
8656,M1AP
8657,PSMB4
8658,IRX6
8659,BTG2
8660,HK2
8661,ALDH4A1
8662,STARD9
8663,THEM4
8664,TCHH
8665,UBR1
8666,AMFR
8667,MED8
8668,RGL4
8669,SPRR2G
8670,ISL2
8671,RSPRY1
8672,CCDC17
8673,GPBP1L1
8674,NAE1
8675,TMEM69
8676,ADGRG5
8677,DRC7
8678,ACE
8679,EFCAB14
8680,SPON2
8681,CHCHD6
8682,CTBP1
8683,LRRC36
8684,TPPP3
8685,ZDHHC1
8686,ATP6V0D1
8687,ZFYVE28
8688,C16orf86
8689,PIP
8690,FAM131B
8691,RGS12
8692,PSKH1
8693,ZYX
8694,LYPD5
8695,CCDC117
8696,ZNF230
8697,CCDC107
8698,ZNF222
8699,NPR2
8700,ZNF221
8701,ZNF233
8702,ZNF235
8703,GNE
8704,TNFRSF13C
8705,ARHGAP35
8706,PTGIR
8707,CALM3
8708,DFFA
8709,CCDC28B
8710,IQCC
8711,TMEM234
8712,BSDC1
8713,ZBTB8A
8714,ATAD3B
8715,SSU72
8716,UBE2J2
8717,ZNF362
8718,FNDC5
8719,CPAMD8
8720,NR2F6
8721,ANKLE1
8722,VMA21
8723,KALRN
8724,CILP2
8725,ABCG1
8726,TFF3
8727,TMPRSS3
8728,UBASH3A
8729,RSPH1
8730,SLC37A1
8731,PDE9A
8732,WDR4
8733,NDUFV3
8734,PKNOX1
8735,U2AF1
8736,HSF2BP
8737,RRP1B
8738,PDXK
8739,G6PD
8740,CSTB
8741,RRP1
8742,AGPAT3
8743,TRAPPC10
8744,GAB3
8745,ICOSLG
8746,LRRC3
8747,ITGB2
8748,RALGDS
8749,SPATC1L
8750,LSS
8751,VAV2
8752,MCM3AP
8753,C21orf58
8754,PCNT
8755,DIP2A
8756,S100B
8757,PRMT2
8758,CLDND2
8759,ZNF208
8760,CACFD1
8761,ZNF761
8762,ZNF714
8763,GPSM1
8764,C19orf47
8765,HIPK4
8766,CFAP157
8767,TOR2A
8768,ST6GALNAC6
8769,SHKBP1
8770,ZER1
8771,ZDHHC12
8772,PKN3
8773,SPTBN4
8774,BRSK1
8775,COX6B2
8776,TMEM190
8777,NLRP4
8778,PLPP7
8779,TAOK1
8780,MED27
8781,DEDD2
8782,SIK3
8783,MPZL3
8784,JAML
8785,NEK8
8786,TLCD1
8787,PCSK7
8788,SAFB
8789,CD3G
8790,S100A1
8791,CHTOP
8792,CXCR5
8793,ZBTB7B
8794,FLAD1
8795,SHC1
8796,VPS11
8797,NLRX1
8798,ADAR
8799,IL6R
8800,UBE2Q1
8801,CRTC2
8802,ANO10
8803,FDPS
8804,RUSC1
8805,PAQR6
8806,PMF1
8807,SLC25A44
8808,LMNA
8809,CCR5
8810,NBEAL2
8811,CCDC12
8812,PTH1R
8813,UBQLN4
8814,MYL3
8815,PPP1R35
8816,GPATCH4
8817,LRRC71
8818,FCRL3
8819,AZGP1
8820,FGFR4
8821,NACC1
8822,HK3
8823,LY6K
8824,IER2
8825,ZNF394
8826,CPSF4
8827,LY6E
8828,VPS28
8829,TONSL
8830,PTGER1
8831,RECQL4
8832,LRRC14
8833,ZNF333
8834,COL26A1
8835,PPP1R16A
8836,ORAI2
8837,ALKBH4
8838,SH2B2
8839,SQSTM1
8840,RPL8
8841,MAML1
8842,PGLYRP2
8843,LRWD1
8844,FBXL13
8845,NAPEPLD
8846,SCGB3A1
8847,PSMC2
8848,MFSD12
8849,YDJC
8850,CCDC116
8851,DVL3
8852,AP2M1
8853,ABCF3
8854,PCYT1A
8855,FBXO27
8856,DMKN
8857,U2AF1L4
8858,NPHS1
8859,THAP8
8860,COX7A1
8861,ZNF382
8862,LRRC56
8863,PLXDC1
8864,PGAP3
8865,IKZF3
8866,GRIN2C
8867,FDXR
8868,SAP30BP
8869,ACOX1
8870,PRPSAP1
8871,CYGB
8872,SRSF2
8873,ZNF577
8874,TMEM143
8875,HCRT
8876,ALDH16A1
8877,ITGA5
8878,SIGLEC11
8879,ZNF385A
8880,MPP3
8881,CD300LG
8882,NAGS
8883,LSM12
8884,EMC10
8885,JOSD2
8886,FAM171A2
8887,DBF4B
8888,PLCD3
8889,FMNL3
8890,AQP5
8891,RACGAP1
8892,LARP4
8893,RAVER1
8894,SYCE2
8895,SPC24
8896,IP6K3
8897,LEMD2
8898,ALOX15
8899,TREML1
8900,ZNF653
8901,MED11
8902,CXCL16
8903,SCIMP
8904,RNASEK-C17orf49
8905,BCL6B
8906,ASGR2
8907,TNFSF13
8908,SENP3
8909,EIF4A1
8910,RPL26
8911,POLR3K
8912,SNRNP25
8913,WDR90
8914,JMJD8
8915,CCDC78
8916,SPSB3
8917,MEIOB
8918,CCNF
8919,TBC1D24
8920,AMDHD2
8921,PAQR4
8922,FLYWCH2
8923,ZNF75A
8924,ADCY9
8925,SHANK2
8926,CLPB
8927,NEU3
8928,CYB561A3
8929,ASRGL1
8930,GNG3
8931,UBXN1
8932,LBHD1
8933,TTC9C
8934,TAF6L
8935,NXF1
8936,STX5
8937,SLC25A45
8938,RPL29
8939,ITIH3
8940,SYVN1
8941,ZFPL1
8942,RPS6KA4
8943,LRP5
8944,TPCN2
8945,FGF19
8946,PDZK1IP1
8947,TAL1
8948,CMPK1
8949,BEND5
8950,ELAVL4
8951,COA7
8952,ZYG11B
8953,SLC1A7
8954,MAGOH
8955,ACOT11
8956,PARS2
8957,USP24
8958,PLPP3
8959,NOL9
8960,PRKAA2
8961,KLHL21
8962,ZSWIM5
8963,GMEB1
8964,SLC45A1
8965,AK4
8966,JAK1
8967,RAVER2
8968,CTRC
8969,LZIC
8970,RBP7
8971,FBLIM1
8972,SLC25A34
8973,AKR7A3
8974,DRAXIN
8975,PDPN
8976,LRRC38
8977,DHRS3
8978,MATN1
8979,LAPTM5
8980,SDC3
8981,PEF1
8982,SYNC
8983,RBBP4
8984,TSSK3
8985,TMCO4
8986,UBXN10
8987,CAMK2N1
8988,ALPL
8989,WNT4
8990,TTLL10
8991,SCNN1D
8992,MXRA8
8993,FAAP20
8994,MEGF6
8995,IL23R
8996,DIRAS3
8997,C1orf87
8998,NFIA
8999,OMA1
9000,MYSM1
9001,TM2D1
9002,USP1
9003,FUBP1
9004,NEXN
9005,DNAJB4
9006,ADGRL4
9007,LRRIQ3
9008,TYW3
9009,LHX8
9010,SNX7
9011,B3GALT2
9012,NTNG1
9013,HENMT1
9014,AKNAD1
9015,C1orf52
9016,GBP2
9017,ATXN7L2
9018,GBP4
9019,ZNF326
9020,BRINP3
9021,GFI1
9022,KCNT2
9023,AGL
9024,VCAM1
9025,EXTL2
9026,SLC30A7
9027,ZNF281
9028,ARPC5
9029,CADM3
9030,NLRP3
9031,TRIM58
9032,SLAMF9
9033,IGSF8
9034,DDR2
9035,PEA15
9036,PEX19
9037,NCSTN
9038,VANGL2
9039,SLAMF6
9040,OLFML2B
9041,FCRLB
9042,FCGR3B
9043,KLHDC9
9044,C1orf74
9045,LMX1A
9046,FLVCR1
9047,ATF3
9048,RBM15
9049,DENND2D
9050,AXDND1
9051,TDRD5
9052,IER5
9053,SNED1
9054,BPNT1
9055,SPATA17
9056,C1orf115
9057,BROX
9058,NBPF20
9059,ACP6
9060,WDR64
9061,TFB2M
9062,CNST
9063,PPP1R21
9064,PM20D1
9065,PKDCC
9066,OXER1
9067,HAAO
9068,MAPKAPK2
9069,IL20
9070,IL24
9071,FCMR
9072,PIGR
9073,CAPN2
9074,MRPL55
9075,WDR26
9076,REL
9077,PUS10
9078,PEX13
9079,TRIM17
9080,RFTN2
9081,DISC1
9082,CAPN13
9083,MEMO1
9084,DPY30
9085,TYW5
9086,ARL5A
9087,CLHC1
9088,FRZB
9089,DUSP19
9090,CFAP36
9091,NUP35
9092,CCDC138
9093,FBXO41
9094,ACTG2
9095,SMC6
9096,VSNL1
9097,CCDC74A
9098,SLC16A14
9099,TEKT4
9100,EN1
9101,SGCB
9102,SPATA18
9103,CFAP221
9104,SGPP2
9105,INHBB
9106,XIRP2
9107,BBS5
9108,SMARCAD1
9109,HPGDS
9110,PDLIM5
9111,NEURL3
9112,RPRD2
9113,ANKRD23
9114,CTSS
9115,MSX1
9116,PACRGL
9117,BNIPL
9118,C1QTNF7
9119,TNFAIP8L2
9120,LYSMD1
9121,SCNM1
9122,TMOD4
9123,VPS72
9124,ERCC3
9125,RNF149
9126,IWS1
9127,BOLA3
9128,CDC42EP3
9129,S100A11
9130,LCE3D
9131,IVL
9132,SPRR3
9133,DHX57
9134,SPRR2D
9135,PGLYRP4
9136,ARHGAP25
9137,S100A9
9138,S100A12
9139,TGFA
9140,TDRD10
9141,CCNYL1
9142,FZD5
9143,DCAF16
9144,NPPC
9145,GNPDA2
9146,ALPP
9147,PAQR3
9148,NIPAL1
9149,ANTXR2
9150,HELQ
9151,MRPS18C
9152,CGGBP1
9153,GPR155
9154,DAPL1
9155,PMVK
9156,PBXIP1
9157,CLDN1
9158,PYGO2
9159,HIPK1
9160,DCST2
9161,COL6A3
9162,LINC01116
9163,YY1AP1
9164,KBTBD8
9165,EOGT
9166,LMOD3
9167,POGLUT1
9168,SLC22A15
9169,ATP1A1
9170,SLC15A2
9171,EIF4E3
9172,PROK2
9173,LRRC58
9174,FSTL1
9175,LMOD1
9176,ELF3
9177,TMEM183A
9178,TMEM169
9179,IGFBP7
9180,TRIM46
9181,KRTCAP2
9182,CXCR1
9183,ARPC2
9184,TSACC
9185,CCT3
9186,TMEM79
9187,SSR2
9188,RNF25
9189,STK36
9190,ADORA1
9191,NEK10
9192,CCDC141
9193,EOMES
9194,CWC22
9195,AZI2
9196,TGFBR2
9197,ANKZF1
9198,HDAC11
9199,FCRL4
9200,TRAT1
9201,FBLN2
9202,GLB1L
9203,STT3B
9204,CHCHD4
9205,NFASC
9206,FCRL1
9207,SERPINI1
9208,CLASP2
9209,SUCLG1
9210,NUAK2
9211,PRKCI
9212,MNDA
9213,PYHIN1
9214,IFI16
9215,AIM2
9216,EFHB
9217,EIF5A2
9218,RPL22L1
9219,PPM1L
9220,ICA1L
9221,CTLA4
9222,ICOS
9223,RYBP
9224,PPP4R2
9225,CD200R1
9226,GTPBP8
9227,SPICE1
9228,CCDC191
9229,CADPS
9230,NKX6-1
9231,CDS1
9232,WDFY3
9233,COX18
9234,PTPN13
9235,ALB
9236,THOC7
9237,ATXN7
9238,PSMD6
9239,PRICKLE2
9240,ADAMTS9
9241,PPM1K
9242,GMPS
9243,TIPARP
9244,CCNL1
9245,PTX3
9246,HESX1
9247,DCLK3
9248,SLMAP
9249,RPL9
9250,SMIM14
9251,RPP14
9252,ABHD6
9253,DNASE1L3
9254,RBM47
9255,APBB2
9256,IL17RE
9257,IL17RC
9258,CRELD1
9259,PRRT3
9260,PCOLCE2
9261,U2SURP
9262,MTMR14
9263,TTC14
9264,CXCL3
9265,CXCL5
9266,PPBP
9267,MTHFD2L
9268,CXCL1
9269,RCHY1
9270,PLSCR2
9271,CPA3
9272,GYG1
9273,HPS3
9274,TM4SF18
9275,TOPBP1
9276,RYK
9277,SNRK
9278,UCN
9279,ZNF513
9280,SLC4A1AP
9281,PLB1
9282,SPDYA
9283,KIAA1143
9284,WDR43
9285,ZDHHC3
9286,CDCP1
9287,CLEC3B
9288,SLC6A20
9289,LZTFL1
9290,FYCO1
9291,CCR1
9292,RTP3
9293,LRRC2
9294,ELP6
9295,DTX3L
9296,ZNF148
9297,NMNAT3
9298,SMIM12
9299,ZMYM6
9300,TPRA1
9301,YEATS2
9302,ZC3H12A
9303,MEAF6
9304,SNIP1
9305,DNALI1
9306,POLR2H
9307,KLF15
9308,CFAP100
9309,CAMK2N2
9310,LIPH
9311,TMEM41A
9312,RPN1
9313,SENP2
9314,HEYL
9315,IFT122
9316,RFC4
9317,RPL39L
9318,BAP1
9319,TKT
9320,PRKCD
9321,RFT1
9322,SFMBT1
9323,GNL3
9324,PBRM1
9325,UVSSA
9326,ARHGEF3
9327,SLBP
9328,LRPAP1
9329,ZDHHC19
9330,SLC51A
9331,UBXN7
9332,RNF168
9333,PIGX
9334,S100P
9335,ABLIM2
9336,EXO5
9337,CLDN19
9338,C1orf50
9339,ERMAP
9340,ZNF691
9341,AIMP1
9342,SGMS2
9343,METAP1
9344,DNAJB14
9345,EMCN
9346,SLC9B1
9347,SLC9B2
9348,BDH2
9349,PGRMC2
9350,CDC25A
9351,CAMP
9352,ZNF589
9353,PLXNB1
9354,CCDC51
9355,SHISA5
9356,SPRY1
9357,APEH
9358,INTU
9359,RNF123
9360,HSPA4L
9361,MFSD8
9362,ABHD18
9363,CAMKV
9364,MON1A
9365,MST1R
9366,RAD54L2
9367,TEX264
9368,GRM2
9369,DUSP7
9370,POC1A
9371,PPM1M
9372,ETNPPL
9373,WDR82
9374,PITX2
9375,PRSS12
9376,HMGB2
9377,SAP30
9378,SCRG1
9379,HAND2
9380,MAD2L1
9381,ANXA5
9382,MAP9
9383,FBXO8
9384,CEP44
9385,HPGD
9386,ASB5
9387,TMEM144
9388,NPY1R
9389,NAA15
9390,IL15
9391,ARFIP1
9392,ICE1
9393,HHIP
9394,ANAPC10
9395,ABCE1
9396,OTUD4
9397,LSM6
9398,TMEM184C
9399,PRMT9
9400,ITGA2
9401,MOCS2
9402,EDIL3
9403,TMEM161B
9404,ELOVL7
9405,NDUFAF2
9406,ZNF474
9407,LMBRD2
9408,RANBP3L
9409,NIPBL
9410,RNF180
9411,ADGRV1
9412,SLC25A46
9413,STARD4
9414,PGGT1B
9415,F2RL2
9416,CCDC112
9417,ANKRD33B
9418,CMBL
9419,C5orf63
9420,PRRC1
9421,F2RL1
9422,AGGF1
9423,WDR41
9424,NDUFS4
9425,SCGB3A2
9426,SPINK1
9427,ESM1
9428,GRPEL2
9429,CDC20B
9430,ARSK
9431,RHOBTB3
9432,GPX8
9433,TIGD6
9434,SERINC5
9435,ENPP6
9436,CAGE1
9437,CASP3
9438,PRIMPOL
9439,ERAP1
9440,ERAP2
9441,CMYA5
9442,EGFLAM
9443,CFAP97
9444,RICTOR
9445,EBF1
9446,ANKRA2
9447,UBLCP1
9448,UTP15
9449,TLR3
9450,KLKB1
9451,NSA2
9452,GFM2
9453,TERT
9454,CCDC127
9455,FOXQ1
9456,ACSL6
9457,CSF2
9458,SHROOM1
9459,GDF9
9460,UQCRQ
9461,LEAP2
9462,GJB7
9463,SLC35A1
9464,FABP7
9465,TLX3
9466,TXLNB
9467,CITED2
9468,CREBRF
9469,DCBLD1
9470,SFXN1
9471,SAMD3
9472,TMEM200A
9473,IL22RA2
9474,DACT2
9475,PDSS2
9476,STXBP5
9477,IL31RA
9478,ANKRD55
9479,RAET1E
9480,PI16
9481,DAGLB
9482,STK17A
9483,TRA2A
9484,GALNT10
9485,SAP30L
9486,RPS14
9487,MYOZ3
9488,COG5
9489,GPR85
9490,SLU7
9491,RP9
9492,PTTG1
9493,CAMLG
9494,BMPER
9495,RELL2
9496,SMAD5-AS1
9497,KCNK5
9498,KIF6
9499,ZNF12
9500,SLC29A4
9501,STEAP1
9502,CDCA7L
9503,MIOS
9504,USP49
9505,SYTL3
9506,IQUB
9507,HEY1
9508,ZNF704
9509,FABP5
9510,TAGAP
9511,COL1A2
9512,FNDC1
9513,CHMP4C
9514,SLC13A4
9515,PGAM2
9516,BRI3
9517,LMTK2
9518,CTSB
9519,SOX17
9520,DLC1
9521,ADCY1
9522,C8orf48
9523,SUN3
9524,C7orf57
9525,HNF4G
9526,PEX2
9527,RAD21
9528,SLC30A8
9529,MED30
9530,TNFRSF11B
9531,SBSPON
9532,PHKG1
9533,EN2
9534,CSMD3
9535,SPIDR
9536,ORC5
9537,DNAAF5
9538,OSGIN2
9539,SUN1
9540,OXR1
9541,TMEM74
9542,GPR146
9543,GPER1
9544,TMEM184A
9545,NOS3
9546,MICALL2
9547,CA3
9548,INTS1
9549,CDK5
9550,SLC4A2
9551,FASTK
9552,TMUB1
9553,PHAX
9554,ALDH7A1
9555,FOXK1
9556,COX6C
9557,OSR2
9558,YWHAZ
9559,BAALC
9560,FZD6
9561,CTHRC1
9562,SLC25A32
9563,DCAF13
9564,DCSTAMP
9565,TP53INP1
9566,INTS8
9567,FREM1
9568,GEM
9569,PDP1
9570,TMEM67
9571,RPP25L
9572,FAM219A
9573,SNAPC3
9574,NUDT2
9575,TMEM65
9576,PSIP1
9577,CCDC171
9578,UBAP1
9579,DIRAS2
9580,SYK
9581,NIPSNAP3B
9582,ABCA1
9583,NFIL3
9584,LETM2
9585,METTL2B
9586,FXN
9587,TMEM71
9588,CPA6
9589,C8orf34
9590,TMC1
9591,ALDH1A1
9592,KDM1B
9593,HGSNAT
9594,RASEF
9595,GKAP1
9596,KIF27
9597,HNRNPK
9598,SVEP1
9599,ANKS6
9600,FBP1
9601,ZHX1
9602,CFAP47
9603,CYBB
9604,DYNLT3
9605,MID1IP1
9606,KIAA1958
9607,PTCHD1
9608,RNF183
9609,ASB11
9610,PCDH19
9611,PIGA
9612,STRBP
9613,CLDN3
9614,GAPVD1
9615,CARD19
9616,WNK2
9617,ATP7A
9618,ZNF367
9619,NLGN4Y
9620,HDX
9621,NDUFB6
9622,AQP7
9623,NOL6
9624,AQP3
9625,TRMT10B
9626,VCP
9627,PIGO
9628,STOML2
9629,BRWD3
9630,SLITRK5
9631,MELK
9632,ARMC3
9633,OTUD1
9634,ARHGAP12
9635,FAT3
9636,HECTD2
9637,FBXO33
9638,LRFN5
9639,SPTSSA
9640,WRN
9641,TSHR
9642,CFL2
9643,SUGT1
9644,GTF2A1
9645,ZCCHC24
9646,PGM2L1
9647,PHYHIPL
9648,SLC16A9
9649,FOLR2
9650,INPPL1
9651,GJB2
9652,CRYL1
9653,REEP3
9654,SKA3
9655,MICU2
9656,DDIAS
9657,PCF11
9658,PKNOX2
9659,RPL10L
9660,LRR1
9661,RPL36AL
9662,DNAAF2
9663,ZNF22
9664,KLHDC2
9665,EML5
9666,NEMF
9667,RPUSD4
9668,ARF6
9669,TTC8
9670,TMEM63C
9671,AKR1E2
9672,KBTBD6
9673,FAAH2
9674,DRGX
9675,NUDT5
9676,DACT1
9677,OXGR1
9678,BEND7
9679,PRPF18
9680,TAF3
9681,VSTM4
9682,VDAC2
9683,SOHLH1
9684,COMTD1
9685,SLC18A2
9686,PDZD8
9687,ZNF503
9688,QSOX2
9689,FAM204A
9690,NSD1
9691,PRDX3
9692,ENOX2
9693,GHITM
9694,SNAPC4
9695,TMEM52B
9696,PMPCA
9697,AK8
9698,TSC1
9699,HPRT1
9700,ZMYND19
9701,STOX1
9702,RET
9703,DDX21
9704,BMS1
9705,STK32C
9706,FUNDC2
9707,METTL17
9708,SLC39A2
9709,NDRG2
9710,RNASE7
9711,ARHGEF40
9712,NSMF
9713,ZNF219
9714,C12orf50
9715,CASP7
9716,PPP1R36
9717,BTNL9
9718,CCDC186
9719,VWA2
9720,METTL3
9721,SALL2
9722,PRAP1
9723,TRUB1
9724,ZFYVE1
9725,HSPA12A
9726,FRAT1
9727,UBTD1
9728,ANKRD2
9729,E2F7
9730,ARHGAP42
9731,ISCA2
9732,PACSIN3
9733,TTC7B
9734,SLC39A13
9735,PSMC3
9736,RAPSN
9737,AGBL2
9738,CPSF2
9739,SMCO2
9740,MOAP1
9741,CLMN
9742,PDZRN4
9743,CCDC38
9744,NELL1
9745,PTER
9746,CACNB2
9747,HACD1
9748,ARL5B
9749,SMCO4
9750,CEP295
9751,TAF1D
9752,ABTB2
9753,R3HCC1L
9754,AMOTL1
9755,HTRA1
9756,LIPC
9757,CEP57
9758,TCP11L2
9759,SPRED1
9760,GPR176
9761,JAM3
9762,CMTM5
9763,ADAMTS15
9764,SVOP
9765,GPT2
9766,AMN
9767,RAB8B
9768,IKBIP
9769,RPUSD2
9770,HIF1AN
9771,NDUFB8
9772,ZFYVE19
9773,SPINT1
9774,FBN1
9775,AVPR1A
9776,DEPDC4
9777,BRD7
9778,CKB
9779,TRMT61A
9780,BTRC
9781,POLL
9782,BAG5
9783,DPCD
9784,LARP6
9785,API5
9786,ASPG
9787,ZNF319
9788,HPS6
9789,SENP8
9790,NOLC1
9791,ALKBH3
9792,COPS2
9793,GABRB3
9794,SGPL1
9795,FRS2
9796,CCT2
9797,PCBD1
9798,ARIH1
9799,CLMP
9800,SCN3B
9801,COX11
9802,ZNF202
9803,FAM227B
9804,STXBP4
9805,CYYR1
9806,CUL5
9807,WBP1L
9808,BORCS7
9809,PLEKHF1
9810,TMEM100
9811,ANAPC16
9812,SMPD1
9813,APBB1
9814,SYNPO2L
9815,NUDT13
9816,C11orf65
9817,TRIM44
9818,ILK
9819,TAF10
9820,TPP1
9821,DCHS1
9822,NETO1
9823,MSS51
9824,CYB5A
9825,USP54
9826,RAG1
9827,PPFIBP2
9828,MOGAT2
9829,CYB5R2
9830,SERPINB7
9831,SERPINB8
9832,TUB
9833,RIC3
9834,LMO1
9835,IDH3A
9836,WDR72
9837,CRABP1
9838,PLD4
9839,ZMAT1
9840,XRRA1
9841,TRIM66
9842,RNF169
9843,RPL27A
9844,CDYL2
9845,TMEM130
9846,PRTG
9847,AKIP1
9848,C16orf46
9849,TMEM41B
9850,LEO1
9851,ZNF143
9852,TMX3
9853,MFAP4
9854,WEE1
9855,MAPK7
9856,PRKCB
9857,NDST2
9858,MCM7
9859,CCDC68
9860,CLEC4E
9861,ZNF3
9862,CLEC4D
9863,ZSCAN21
9864,RIMKLB
9865,A2ML1
9866,BEAN1
9867,TK2
9868,TMED3
9869,SEC11C
9870,GALR1
9871,TMEM135
9872,NDEL1
9873,CENPV
9874,CDH16
9875,RRAD
9876,CFAP52
9877,HSP90B1
9878,BLCAP
9879,ATF7IP2
9880,MMP10
9881,TVP23A
9882,TMPRSS5
9883,COG1
9884,PLEKHA7
9885,ZNF606
9886,ZCCHC18
9887,B2M
9888,ZNF592
9889,HTR3A
9890,NNMT
9891,ACSM1
9892,AP1G1
9893,SLFN5
9894,CATSPER2
9895,ZNF667-AS1
9896,SAAL1
9897,YPEL4
9898,PPIB
9899,LDHC
9900,FAM111A
9901,KIF7
9902,LDHD
9903,PEX11A
9904,TMEM170A
9905,MESP1
9906,ANPEP
9907,SCNN1G
9908,RBPMS2
9909,NAV2
9910,ANKDD1A
9911,C18orf54
9912,DCTN5
9913,TERF2IP
9914,PLK1
9915,CLPX
9916,ZBTB39
9917,CHP2
9918,NEMP1
9919,NAB2
9920,VPS39
9921,STAT6
9922,PATL1
9923,STX3
9924,MRPL16
9925,PIP4K2C
9926,YWHAB
9927,SCG5
9928,NYAP1
9929,TSC22D4
9930,MS4A7
9931,MS4A14
9932,DIS3L
9933,CCNDBP1
9934,EPB42
9935,SMAD3
9936,MS4A8
9937,CCDC178
9938,MAP1A
9939,RCCD1
9940,AKTIP
9941,MAPRE2
9942,EVA1C
9943,MBD6
9944,CNPY4
9945,PDIA3
9946,NUDT21
9947,NKX3-1
9948,SGSM1
9949,DUSP18
9950,TEF
9951,MEI1
9952,B4GALNT2
9953,PBX3
9954,GNGT2
9955,SNRPD1
9956,TTC16
9957,SAMD14
9958,PIP5KL1
9959,TMEM92
9960,ACSF2
9961,GOLGA2
9962,TRUB2
9963,COQ4
9964,SLC27A4
9965,URM1
9966,CERCAM
9967,DOLPP1
9968,ENDOG
9969,PRRX2
9970,UGT1A6
9971,C15orf39
9972,ISLR2
9973,SP2
9974,PRR15L
9975,COQ7
9976,GPRC5B
9977,CRK
9978,FBXO22
9979,TBC1D2B
9980,NOD2
9981,SNX20
9982,KATNAL2
9983,HDHD2
9984,ZNF91
9985,IGF2
9986,RNF214
9987,CDK12
9988,DPEP2
9989,DUS2
9990,POP5
9991,ENGASE
9992,RBFOX3
9993,CD3D
9994,TBC1D16
9995,MYO5B
9996,ART5
9997,ACAA2
9998,STIM1
9999,RRM1
10000,TRIM68
10001,FN3K
10002,PRRT2
10003,ZNF23
10004,IRGQ
10005,ZNF226
10006,ZNF180
10007,ZNF668
10008,ZNF646
10009,VKORC1
10010,GNG8
10011,CA4
10012,SMG8
10013,TPM4
10014,RAB8A
10015,GPX4
10016,MIDN
10017,JSRP1
10018,KLHL26
10019,GATAD2A
10020,MVD
10021,CDT1
10022,TRAPPC2L
10023,ANKRD11
10024,SPATA33
10025,PROCA1
10026,RPL13
10027,ZNF641
10028,CACNB3
10029,DHRS13
10030,TP53I13
10031,KMT2D
10032,CORO6
10033,RHEBL1
10034,TUBA1A
10035,TUBA1C
10036,ZNF610
10037,ZNF528
10038,ZNF701
10039,SERTAD3
10040,NCKAP5L
10041,RAB4B
10042,GPD1
10043,PROSER3
10044,CYP2S1
10045,AXL
10046,NFKBID
10047,CDC42EP5
10048,LAIR2
10049,TMEM145
10050,ZNF526
10051,TRAPPC9
10052,NLRP7
10053,ZNF146
10054,ZNF283
10055,PPP1R14A
10056,SPINT2
10057,C19orf33
10058,YIF1B
10059,DNAAF3
10060,PSCA
10061,ATCAY
10062,LY6D
10063,DAPK3
10064,EEF2
10065,TMIGD2
10066,CHAF1A
10067,UBXN6
10068,PLIN4
10069,SEMA6B
10070,ZNF444
10071,GLOD4
10072,GPT
10073,KIFC2
10074,SLC43A2
10075,SERPINF2
10076,SRR
10077,TSR1
10078,TRPV3
10079,HSD11B1L
10080,CYB5D2
10081,GGT6
10082,KLK1
10083,KLK4
10084,KLK5
10085,KLK6
10086,KLK11
10087,KLK13
10088,ZNF83
10089,KRT80
10090,KRT1
10091,OTUB1
10092,RCOR2
10093,ANGPTL4
10094,CD320
10095,SPRYD3
10096,IGFBP6
10097,SOAT2
10098,ZNF558
10099,NDUFV1
10100,CDK2AP2
10101,NUDT8
10102,PRDX2
10103,ZNF232
10104,MIS12
10105,CD300C
10106,CD300A
10107,TEKT1
10108,HID1
10109,TMEM88
10110,EVPL
10111,SRP68
10112,MGAT5B
10113,TMC8
10114,TK1
10115,TMEM68
10116,GSDMA
10117,KRT24
10118,GHDC
10119,FAM234A
10120,SOST
10121,RAB26
10122,MLST8
10123,E4F1
10124,DNASE1L2
10125,ECI1
10126,ABCA3
10127,KCTD5
10128,SRRM2
10129,ZNF597
10130,NLRC3
10131,SDHAF2
10132,DDB1
10133,VPS37C
10134,VWCE
10135,RAB3IL1
10136,BEST1
10137,FTH1
10138,BSCL2
10139,POLR2G
10140,SLC3A2
10141,ATG16L2
10142,C2CD3
10143,TRANK1
10144,TTC21A
10145,RPSA
10146,ENTPD3
10147,CTNNB1
10148,ULK4
10149,FADD
10150,LTBP3
10151,NAALADL1
10152,SAC3D1
10153,BATF2
10154,SF1
10155,MAP4K2
10156,CCDC88B
10157,SCARA3
10158,SCARA5
10159,PNOC
10160,COPS6
10161,PAFAH1B2
10162,ANKS3
10163,NUDT16L1
10164,KIAA1586
10165,RAB4A
10166,SETD5
10167,VASN
10168,FAM83B
10169,THAP9
10170,RNF187
10171,HOOK3
10172,MAPK1IP1L
10173,DDIT4
10174,RBPJ
10175,LMBRD1
10176,ZCCHC4
10177,PTGDR
10178,TTC39C
10179,GLYCTK
10180,GNG4
10181,UBTD2
10182,NKIRAS2
10183,DNAJC7
10184,IRF2BP2
10185,NT5DC2
10186,COA6
10187,MGAT2
10188,BMI1
10189,THAP11
10190,MMADHC
10191,PDHB
10192,PXK
10193,PCMTD1
10194,KCTD6
10195,MPLKIP
10196,ACOX2
10197,FAM107A
10198,IRF2
10199,MOBP
10200,CX3CR1
10201,XIRP1
10202,DEGS2
10203,SCN11A
10204,ARF4
10205,FILIP1L
10206,MFSD2A
10207,DTYMK
10208,TAP1
10209,ING5
10210,ATG4B
10211,BDKRB2
10212,MLKL
10213,RFWD3
10214,RHOH
10215,KLHL30
10216,COG7
10217,CDC40
10218,STIP1
10219,SCNN1B
10220,HR
10221,RAB31
10222,REEP4
10223,TNXB
10224,LGI3
10225,BMP1
10226,ATXN2L
10227,PHYHIP
10228,CCDC110
10229,POLR3D
10230,FEN1
10231,MTCL1
10232,GBX2
10233,HEXIM2
10234,FNTA
10235,SERINC2
10236,MYL1
10237,TRAPPC11
10238,GFRA2
10239,ING2
10240,CDKN2AIP
10241,SNRNP48
10242,TMEM223
10243,SLC20A2
10244,DYNLRB2
10245,TMUB2
10246,STAT3
10247,ZSWIM1
10248,GDNF
10249,AXIN2
10250,NDUFS5
10251,VWA3B
10252,ZNF30
10253,LDLRAD4
10254,KCTD19
10255,SLC16A4
10256,IL7R
10257,TMEM208
10258,LRP1B
10259,WFDC12
10260,AHCYL1
10261,DNAJC21
10262,PKIG
10263,NPNT
10264,FAM178B
10265,SEMA4C
10266,CNNM3
10267,GSTM4
10268,TET2
10269,CXXC4
10270,TCTN2
10271,SHOX2
10272,PPIP5K1
10273,TSPAN5
10274,ABHD15
10275,ZBTB5
10276,CHTF8
10277,LCMT2
10278,IL12A
10279,ZNF507
10280,STX18
10281,NSG1
10282,ZBTB49
10283,GFM1
10284,DDX19A
10285,ATOH8
10286,SOX14
10287,ANKRD49
10288,SFTPB
10289,USP39
10290,TNIP2
10291,C2orf68
10292,TMEM150A
10293,RNF181
10294,VAMP5
10295,LRRC28
10296,MAT2A
10297,PLA2G4F
10298,ENHO
10299,ZNF608
10300,SLC35G2
10301,INPP5D
10302,LETM1
10303,TMEM129
10304,PPIC
10305,SPRY3
10306,CEP120
10307,STXBP6
10308,MFF
10309,LGALS9
10310,JMJD7-PLA2G4B
10311,CPLX1
10312,PXDC1
10313,SIGLEC7
10314,E2F6
10315,FEM1B
10316,COMMD8
10317,UQCRFS1
10318,COL4A3
10319,MAP2K1
10320,KLK7
10321,IRS1
10322,MECP2
10323,UPF3A
10324,ZBBX
10325,ROR2
10326,AR
10327,HSPBAP1
10328,ASMTL
10329,CHST14
10330,PARM1
10331,CSNK1G1
10332,FAM110B
10333,AFAP1L2
10334,ZNF354A
10335,ATF5
10336,UBE2V2
10337,ZBTB43
10338,CPT1C
10339,PCSK9
10340,XPO6
10341,MN1
10342,APEX2
10343,NSMCE1
10344,CCDC126
10345,IL13
10346,RAB3B
10347,CD2BP2
10348,RSPO1
10349,RGS14
10350,TBC1D10B
10351,LMAN2
10352,GCSAML
10353,RAB24
10354,PRELID1
10355,THBS3
10356,CA5B
10357,SLC50A1
10358,EFNA1
10359,CXCL10
10360,SH3TC2
10361,CXCL11
10362,ZRSR2
10363,NMD3
10364,ADRB2
10365,B3GALNT1
10366,GPRIN1
10367,HSPB3
10368,KCNAB1
10369,MRPL1
10370,SHE
10371,PGM2
10372,STK32A
10373,IL1RAPL1
10374,SLC33A1
10375,SNUPN
10376,CRADD
10377,SIN3A
10378,ARL13B
10379,RNASE2
10380,PTK2
10381,PTAFR
10382,PTPN9
10383,RNASE6
10384,NPR1
10385,KCNK9
10386,CXCL8
10387,SCN9A
10388,RASSF6
10389,COL22A1
10390,SDC2
10391,CD52
10392,MMGT1
10393,SPRR1B
10394,SPRR1A
10395,TM2D2
10396,HTRA4
10397,PLEKHA2
10398,CLIC4
10399,SLC38A11
10400,GPR183
10401,CRCT1
10402,CCDC8
10403,METTL15
10404,ZNF280A
10405,MUC15
10406,ZEB2
10407,PCBP1
10408,HINT1
10409,DTWD2
10410,CLIC3
10411,INO80E
10412,BNC1
10413,DFFB
10414,NFU1
10415,ANTXR1
10416,CKAP2L
10417,C15orf40
10418,APLF
10419,BOLA2B
10420,RGPD8
10421,HIC2
10422,LUZP1
10423,BUB1
10424,SPNS1
10425,LRRC45
10426,CHRNA5
10427,AGPAT2
10428,ASPSCR1
10429,FASN
10430,CNBP
10431,MT1E
10432,DUS1L
10433,GPS1
10434,RFNG
10435,DCXR
10436,ZNF32
10437,LDB2
10438,RAC3
10439,NRG4
10440,LIMS1
10441,TMEM266
10442,NLGN1
10443,TAPT1
10444,UGP2
10445,LINGO1
10446,HNRNPF
10447,BTD
10448,CSGALNACT2
10449,PCDH7
10450,ROBO1
10451,AVEN
10452,P2RY1
10453,CTNND2
10454,TRIM56
10455,AHSP
10456,WNT10B
10457,CALML6
10458,REPS2
10459,MUC3A
10460,SYAP1
10461,ITGAM
10462,TPST1
10463,TOR1AIP2
10464,TM4SF1
10465,OTUD3
10466,OTUD7A
10467,GUSB
10468,BRD3
10469,ZFPM2
10470,ZNF764
10471,ZNF747
10472,ZNF768
10473,TAS1R3
10474,MAP3K2
10475,PUSL1
10476,SF3B5
10477,ZNF35
10478,TIGD4
10479,IFFO2
10480,NLGN2
10481,MYO7B
10482,CHD3
10483,TMEM154
10484,MYRIP
10485,ALCAM
10486,YWHAG
10487,UBE2E3
10488,CNTROB
10489,TRAPPC1
10490,KCNAB3
10491,SERPINA9
10492,FAM153A
10493,GPR37L1
10494,SIMC1
10495,TMEM192
10496,ZNF778
10497,NIPA1
10498,FOXD4
10499,UBE2E1
10500,HNRNPA3
10501,SIK2
10502,RNF150
10503,CCDC144A
10504,HOXD4
10505,USP38
10506,SLC16A5
10507,NANP
10508,ANKK1
10509,ADPRM
10510,FABP6
10511,PWWP2A
10512,USP47
10513,PDCD6IP
10514,ZNF212
10515,FAM161A
10516,ZNF282
10517,GLB1
10518,FAXDC2
10519,CRTAP
10520,HSPB2
10521,CNGB3
10522,SLN
10523,CMTM8
10524,GABARAP
10525,LGALS9B
10526,STX8
10527,CDK1
10528,UBB
10529,NFRKB
10530,FABP4
10531,FRMPD2
10532,PRDM10
10533,B3GNT2
10534,FOS
10535,TMED10
10536,SETMAR
10537,SMAD1
10538,CST2
10539,EMX2
10540,CST1
10541,TCAF2
10542,SEMA3E
10543,LRRN2
10544,SLC30A1
10545,DCLK2
10546,ZNF804A
10547,TMEM182
10548,KRT8
10549,KRT78
10550,ADORA2B
10551,SDR9C7
10552,MGMT
10553,KRT86
10554,NFXL1
10555,KRT75
10556,DENND5B
10557,CD14
10558,DNAJC18
10559,KRT6C
10560,SPATA24
10561,RALGAPB
10562,PYM1
10563,MZB1
10564,KRT4
10565,SLC23A1
10566,NPAS2
10567,KISS1
10568,LONRF2
10569,NUDT9
10570,HSD17B13
10571,PA2G4
10572,ELOVL6
10573,PFKFB3
10574,TMC7
10575,ARL6IP1
10576,SERPINB9
10577,SMAGP
10578,IRX1
10579,CDH2
10580,IRX2
10581,EMB
10582,SIX2
10583,DLGAP1
10584,STAT2
10585,NUDCD2
10586,IRF2BP1
10587,HSPA4
10588,FOXA3
10589,SLC26A5
10590,COMMD5
10591,SGCD
10592,GTSF1
10593,ZNF16
10594,ARMC10
10595,RNF34
10596,ACYP2
10597,TRABD
10598,ATF7
10599,RASA4B
10600,SOCS6
10601,ZNF296
10602,HOXB9
10603,POLH
10604,KCNS3
10605,KIF5B
10606,GPR37
10607,AKAP13
10608,CDCA4
10609,SDR16C5
10610,CHCHD7
10611,HTRA3
10612,FOXN2
10613,LMOD2
10614,BFSP2
10615,USP32
10616,CEL
10617,PPM1D
10618,GPR27
10619,KBTBD2
10620,TRIAP1
10621,LSM3
10622,KIAA0232
10623,MTSS1
10624,TMEM43
10625,PLA2G1B
10626,CYTL1
10627,TRH
10628,GSTA4
10629,MSANTD4
10630,NDUFA3
10631,PAQR8
10632,NUDT6
10633,TANC2
10634,DNAJC24
10635,ZNF160
10636,ZNF415
10637,CEACAM3
10638,DCDC1
10639,HAS2
10640,PDGFD
10641,PLAC1
10642,S1PR1
10643,HS6ST2
10644,PYGO1
10645,LRRC8E
10646,PKIA
10647,TSNARE1
10648,FPR2
10649,FPR1
10650,FEZ2
10651,SOX7
10652,C11orf24
10653,MTM1
10654,TRMT61B
10655,INSR
10656,MFN1
10657,GIMAP8
10658,NRTN
10659,KCNMB3
10660,FUT3
10661,KCNG3
10662,ATP6V0E2
10663,PRKCE
10664,JAGN1
10665,TADA3
10666,SOCS5
10667,MORN4
10668,ZNF672
10669,ZNF692
10670,NAIF1
10671,RBKS
10672,SMR3B
10673,TMEM126A
10674,TMEM126B
10675,TRIM8
10676,NETO2
10677,CLDN20
10678,CDC42BPG
10679,SCAND1
10680,JUNB
10681,TMEM37
10682,UGT2B7
10683,LRG1
10684,SHCBP1
10685,SOSTDC1
10686,NPTX1
10687,FAM98B
10688,ZNF439
10689,ZNF440
10690,GAA
10691,CANT1
10692,KCNK3
10693,ZDHHC16
10694,CHST11
10695,EXOSC1
10696,PGAM1
10697,CHD7
10698,ESCO2
10699,KRT19
10700,KRT15
10701,LURAP1
10702,CLCN5
10703,TPPP
10704,KCND3
10705,APLN
10706,KRT13
10707,KRT9
10708,PDE7B
10709,MRPL36
10710,ZNF581
10711,NAT1
10712,KSR2
10713,ZNF524
10714,MCC
10715,KRT27
10716,ZBTB26
10717,DSEL
10718,POLR1C
10719,ASXL1
10720,DLK2
10721,ZNF562
10722,ZNF318
10723,ZNF561
10724,WIPF2
10725,HOPX
10726,LRRC8C
10727,RSL1D1
10728,LRRC8D
10729,PPID
10730,COL24A1
10731,ETFDH
10732,LPAR3
10733,PTGER4
10734,TBCA
10735,NEUROD2
10736,MAP6
10737,ECEL1
10738,BCL2L1
10739,PLRG1
10740,ZNF584
10741,DSCAM
10742,DNAI2
10743,NMUR1
10744,CLSTN1
10745,CXXC5
10746,ZNF274
10747,PIK3CD
10748,PTCRA
10749,SLC25A33
10750,ENC1
10751,SPSB1
10752,P2RY6
10753,BPTF
10754,S100Z
10755,ZIK1
10756,GPR82
10757,GPR34
10758,PLEKHG5
10759,ATF7IP
10760,LKAAEAR1
10761,RGS19
10762,TCEA2
10763,DEFB4A
10764,ANO5
10765,HDAC3
10766,GPHN
10767,VAT1L
10768,TMEM51
10769,CAMTA1
10770,LRRC34
10771,GATM
10772,SYCE1
10773,RASGRP4
10774,NHLH1
10775,BCL2
10776,RHNO1
10777,CTPS1
10778,UTF1
10779,KNDC1
10780,METTL18
10781,CFAP46
10782,COL8A2
10783,PWWP2B
10784,ZNF540
10785,ANGPTL7
10786,FBXL14
10787,EXOSC10
10788,ZNF570
10789,NINJ2
10790,MLLT3
10791,FAM90A1
10792,RRM2
10793,IFNB1
10794,RPS21
10795,C3AR1
10796,RPS7
10797,RNASEH1
10798,PRNP
10799,ADRA1D
10800,FRMD5
10801,AQP4
10802,CYP4F11
10803,TLN2
10804,LGALS9C
10805,TVP23B
10806,ZNF217
10807,SRGAP2C
10808,SCG2
10809,ATPAF2
10810,CYP4F22
10811,FOXB1
10812,PPIH
10813,DRC3
10814,ZNF57
10815,JMJD1C
10816,SYNPO
10817,ZNF556
10818,MAL
10819,ZNF554
10820,RAB33B
10821,THOP1
10822,GAP43
10823,EPHX4
10824,LAMB2
10825,USP19
10826,ORMDL3
10827,SERF1A
10828,KLF11
10829,LRRC15
10830,EIF2AK3
10831,MOB3A
10832,KRCC1
10833,NME6
10834,CYCS
10835,CD8B
10836,SLFN12
10837,CALB2
10838,CCL11
10839,FRMD3
10840,SNTB1
10841,MTBP
10842,TEFM
10843,MRPL13
10844,MALT1
10845,ISG20
10846,MBOAT1
10847,ID4
10848,CXCR6
10849,CEBPB
10850,TPSAB1
10851,PAIP1
10852,CLEC7A
10853,C5orf34
10854,C1QTNF4
10855,NEGR1
10856,ZNF131
10857,MACROD2
10858,DPAGT1
10859,BSG
10860,HINFP
10861,CERS6
10862,SPTLC3
10863,COPRS
10864,TP53RK
10865,CLEC12A
10866,BPGM
10867,POP7
10868,ALG14
10869,SUCLG2
10870,STARD5
10871,CSDC2
10872,RCAN2
10873,IL16
10874,GNB2
10875,CFAP53
10876,C2CD2L
10877,ARNT2
10878,GNG12
10879,PRSS27
10880,MYOZ2
10881,SYNPO2
10882,CLP1
10883,RSPH9
10884,GTPBP2
10885,FGGY
10886,IL17D
10887,TCEAL1
10888,ZNF24
10889,MANEA
10890,AFF1
10891,FIBP
10892,CARNS1
10893,BANP
10894,PPP1CA
10895,HCFC1
10896,CTSW
10897,NIPAL4
10898,MUCL1
10899,SNTG2
10900,FNDC9
10901,PDE3A
10902,RASGRP1
10903,KLHL6
10904,CHCHD1
10905,MRPL52
10906,SMPDL3A
10907,RND1
10908,RAD9A
10909,EFEMP2
10910,AGAP5
10911,TMEM134
10912,ZMAT3
10913,ZFAND4
10914,ZNF738
10915,SLFN11
10916,CCL19
10917,CORO1B
10918,LRRC20
10919,MUS81
10920,TMEM217
10921,ZNF596
10922,COL6A5
10923,CFL1
10924,TMCC1
10925,NAA16
10926,EFCAB12
10927,FADS6
10928,HOXC5
10929,RAB37
10930,DCP2
10931,SNX32
10932,RPL38
10933,CYP7B1
10934,OVOL1
10935,RARG
10936,CES4A
10937,CES3
10938,SSH3
10939,CES2
10940,PDP2
10941,SP3
10942,KRT2
10943,DMXL1
10944,ZNF621
10945,EGFL7
10946,NADSYN1
10947,DHCR7
10948,LVRN
10949,NBEA
10950,RNASEH2C
10951,MYEOV
10952,ANKRD13D
10953,MRGPRF
10954,MYD88
10955,OXSR1
10956,PHF8
10957,LCLAT1
10958,MIR4435-2HG
10959,KAT5
10960,SH3RF3
10961,GXYLT2
10962,HPSE2
10963,DCAKD
10964,ARPP21
10965,TADA2B
10966,RELA
10967,EVC2
10968,ZNF680
10969,HECTD4
10970,FAM222B
10971,BNC2
10972,HPSE
10973,COQ2
10974,HSPA6
10975,TRMT112
10976,LRRN3
10977,KDM2A
10978,ADCK5
10979,MRPL57
10980,NOC3L
10981,ESRRA
10982,RHOD
10983,COMMD1
10984,RAPH1
10985,MTX1
10986,ADCY5
10987,PARP14
10988,CYSLTR1
10989,PARP15
10990,CKS1B
10991,ABCD2
10992,ABLIM3
10993,MAB21L3
10994,VANGL1
10995,GLRX
10996,IQCB1
10997,SYT12
10998,GOLGB1
10999,DMRT2
11000,ZNF483
11001,PLAC8L1
11002,SLC2A14
11003,GPR137
11004,SNCG
11005,MMRN2
11006,MZT2A
11007,TNKS
11008,ZNF449
11009,ZBTB21
11010,PPP1R3B
11011,STOX2
11012,MAP3K11
11013,TRIB1
11014,KCNK7
11015,SFT2D3
11016,C1QB
11017,C1QA
11018,NDNF
11019,OLR1
11020,GLIPR1L1
11021,DAG1
11022,INSM1
11023,DAB1
11024,ARV1
11025,NAA20
11026,EHBP1L1
11027,THAP2
11028,RNF26
11029,PPP1R14B
11030,AGR3
11031,SMARCC1
11032,ZNF417
11033,PTPRM
11034,FKBP2
11035,VEGFB
11036,PEAK1
11037,TNFRSF10D
11038,MST1
11039,TNFRSF10C
11040,GMPPB
11041,MOB1B
11042,ZNF622
11043,CSPG4
11044,SNX33
11045,NABP1
11046,ADGRF3
11047,CHD2
11048,XCR1
11049,CCDC106
11050,CEP83
11051,SULT1B1
11052,NUDT4
11053,PC
11054,UGT2A1
11055,SCAI
11056,NMNAT1
11057,LRFN4
11058,TRAPPC3L
11059,APOBEC4
11060,SLC19A1
11061,HSPB7
11062,RCE1
11063,UQCRH
11064,TAS1R1
11065,EIF1AX
11066,PSMD1
11067,ADGRG2
11068,MUC13
11069,SUSD5
11070,HEG1
11071,TOMM20
11072,AGFG1
11073,STAT5B
11074,CD7
11075,CNP
11076,JUP
11077,HAP1
11078,TDRD12
11079,EIF1
11080,ENDOV
11081,RNF213
11082,TIGD3
11083,PLK3
11084,NET1
11085,DPY19L1
11086,PHOSPHO1
11087,ZNF791
11088,PHC3
11089,GPR160
11090,CBX2
11091,SPTBN2
11092,GOLIM4
11093,RBM4B
11094,HOXB2
11095,C1QTNF1
11096,SWSAP1
11097,SLCO4C1
11098,RBM4
11099,XXYLT1
11100,UBXN2A
11101,TCAP
11102,CCS
11103,NRROS
11104,CEP19
11105,KLHL15
11106,FBXO45
11107,GNG5
11108,SLC25A30
11109,CD34
11110,CTSF
11111,MSRB3
11112,LEMD3
11113,TLR10
11114,TLR1
11115,TLR6
11116,FAM174A
11117,RGMB
11118,FAM53A
11119,CYB561D1
11120,GSTA3
11121,ZDHHC24
11122,TRMT10C
11123,SELP
11124,CTU2
11125,MGA
11126,SNX31
11127,PIGG
11128,ADCY6
11129,REP15
11130,PITPNA
11131,DDX23
11132,ZNF80
11133,ZNHIT2
11134,TNK1
11135,ZHX3
11136,PHLDA3
11137,SLC16A11
11138,SLC16A13
11139,GLIS1
11140,PODN
11141,EXO1
11142,RALGAPA1
11143,LIG4
11144,MIR1-1HG
11145,GTF2IRD2B
11146,ABRA
11147,ATP2A2
11148,ZWILCH
11149,RPL4
11150,SNAPC5
11151,STARD6
11152,C12orf76
11153,ZCCHC12
11154,CNTNAP2
11155,BBS1
11156,DENND4A
11157,IGDCC3
11158,ANKRD36C
11159,SLC26A9
11160,PELI3
11161,TTC9B
11162,MYO1H
11163,TMEM81
11164,MRPL11
11165,IL20RB
11166,GOLT1A
11167,AKIRIN1
11168,MSL2
11169,ZNF497
11170,TRAM1L1
11171,CMKLR1
11172,ANGEL2
11173,UGT8
11174,IQCK
11175,SLCO2A1
11176,ZNF266
11177,SLC29A2
11178,B4GAT1
11179,TMEM167A
11180,SH3PXD2B
11181,LARP7
11182,FGFBP3
11183,NR1D2
11184,PABPC5
11185,BRMS1
11186,RPL15
11187,WDR49
11188,SRP72
11189,PCP2
11190,RIN1
11191,THAP6
11192,CEP135
11193,FZD4
11194,CD248
11195,BTC
11196,PDZK1
11197,ADGRE1
11198,DENND6A
11199,PDE12
11200,GLMN
11201,DNAH12
11202,YIF1A
11203,CNIH2
11204,NDUFA11
11205,RSRC1
11206,CATSPERD
11207,RAB1B
11208,C3orf33
11209,SEZ6L2
11210,ASPHD1
11211,KCTD13
11212,P2RY14
11213,AMZ1
11214,GPR171
11215,CD164L2
11216,FUT1
11217,FBXW8
11218,CA5A
11219,KLC2
11220,SLC22A1
11221,CTBP2
11222,CHST2
11223,ZDHHC14
11224,ATR
11225,UBE2C
11226,GK5
11227,VCPIP1
11228,DES
11229,PDIK1L
11230,SPSB4
11231,TRAF6
11232,ZNF654
11233,TVP23C
11234,MRPS22
11235,PACS1
11236,WFDC5
11237,MARCKSL1
11238,SH3BP5L
11239,TMEM51-AS1
11240,YPEL2
11241,CADM2
11242,PSMD2
11243,FAM131A
11244,CSRP2
11245,PARL
11246,DDIT3
11247,PCCA
11248,DCTN2
11249,ZNF408
11250,CTDSP2
11251,CKAP5
11252,ARHGAP1
11253,ATG13
11254,CHST1
11255,VWA3A
11256,TP53I11
11257,DOLK
11258,PHYHD1
11259,CATSPER1
11260,CCNE2
11261,PHYKPL
11262,CST6
11263,ZNF519
11264,LSM1
11265,BANF1
11266,CHRNA7
11267,TMEM9B
11268,NRIP3
11269,PTPN2
11270,SCUBE2
11271,EIF1AD
11272,SMAD2
11273,EIF3F
11274,ZNF25
11275,ARL10
11276,CLTB
11277,PCSK1
11278,LPL
11279,RFESD
11280,CCDC14
11281,TBC1D10C
11282,SART1
11283,PPP2R2D
11284,MCTP1
11285,POLD4
11286,LRRC25
11287,CLCF1
11288,UBQLNL
11289,LIPT2
11290,KCNE3
11291,CABP4
11292,ALG10B
11293,DRAP1
11294,LONRF3
11295,UCP3
11296,UCP2
11297,C11orf68
11298,PAAF1
11299,MRPL48
11300,RAB6A
11301,P2RY2
11302,FOSL1
11303,ERCC4
11304,SUGCT
11305,CCDC85B
11306,TMEM70
11307,RPS6KB2
11308,RMI2
11309,TOM1L2
11310,TEX26
11311,ZNF77
11312,KDF1
11313,NR2F1
11314,AURKAIP1
11315,TTLL11
11316,TOMM5
11317,LINC01106
11318,SLC35E3
11319,ZNF169
11320,RUVBL1
11321,SFN
11322,CTDNEP1
11323,ETV4
11324,SWI5
11325,GAPT
11326,BAIAP2
11327,CREG2
11328,HOXD8
11329,ZDHHC21
11330,PLEKHF2
11331,A2M
11332,ARL4D
11333,DOK7
11334,LRRN1
11335,UBE2O
11336,ORAI3
11337,UNC119B
11338,DENND2C
11339,PLEKHD1
11340,TUBB6
11341,LYSMD3
11342,B3GALT6
11343,ZNF613
11344,C11orf16
11345,TMPRSS7
11346,NUPR1
11347,JAKMIP2
11348,MBLAC2
11349,TPRN
11350,KCNE5
11351,ZNF683
11352,SLC35A4
11353,IP6K1
11354,SSNA1
11355,CSTF3
11356,YES1
11357,CHMP6
11358,DLEU1
11359,UFSP1
11360,TMEM39A
11361,TCP11L1
11362,GPX2
11363,CCDC57
11364,HSF5
11365,FOXG1
11366,SPHK1
11367,BNIP3
11368,ENTHD1
11369,MYPOP
11370,CIDEA
11371,LRRTM4
11372,ATAD5
11373,SMIM19
11374,ZNF404
11375,RTTN
11376,ACBD7
11377,ANAPC2
11378,ZBTB8OS
11379,SLC35G1
11380,ZNF135
11381,COX8A
11382,ZSCAN2
11383,B3GNT4
11384,CDC26
11385,HSD11B2
11386,CRLF3
11387,RNPEP
11388,EID2
11389,DMRTA1
11390,EID2B
11391,GJC3
11392,RIMS2
11393,KCMF1
11394,DNAJC30
11395,SPRYD4
11396,VPS37D
11397,CLEC14A
11398,SYNE3
11399,CLK2
11400,LPCAT4
11401,SLCO3A1
11402,ZNF575
11403,WDR25
11404,SGF29
11405,DIRAS1
11406,PHLDB3
11407,PRR15
11408,GNG7
11409,USF3
11410,CNTD1
11411,B3GNT5
11412,MAP3K19
11413,LMNB2
11414,RMDN1
11415,MEX3C
11416,RNF152
11417,MYO1D
11418,FOXL1
11419,FOXC2
11420,BDNF
11421,CCDC121
11422,ACSF3
11423,BOK
11424,ZNF843
11425,TTTY14
11426,PFN4
11427,CDK5R1
11428,LINC00303
11429,TCERG1L
11430,NCKAP5
11431,BASP1
11432,LRRC37A3
11433,VSIG10
11434,IRX5
11435,METRNL
11436,FAM91A1
11437,WSB2
11438,GRIN1
11439,SOX11
11440,TYMS
11441,PXMP2
11442,TCEANC
11443,PNMA1
11444,MAMSTR
11445,ANKLE2
11446,C8G
11447,FUT2
11448,EFCAB5
11449,GCNT4
11450,THAP4
11451,NFATC2IP
11452,LY6H
11453,FIBIN
11454,FAM89B
11455,SHMT1
11456,DPP7
11457,TRIM60
11458,SEC24C
11459,SMCR8
11460,MTHFR
11461,C19orf18
11462,DEAF1
11463,MTX3
11464,TMEM80
11465,SIX5
11466,FBXO46
11467,ZDHHC13
11468,SLC38A9
11469,WDR73
11470,POLE
11471,SCN4B
11472,DSCAML1
11473,RHOG
11474,EPS8L2
11475,ANO6
11476,ZBTB34
11477,FAM210A
11478,TALDO1
11479,ULK1
11480,RIMKLA
11481,RPS6KA3
11482,B3GNT8
11483,PUS1
11484,CHD9
11485,TRIM72
11486,MAN1B1
11487,KCNA3
11488,FZD8
11489,FBXO39
11490,CLDN22
11491,KCNA2
11492,CASKIN2
11493,ZBTB38
11494,FLJ13224
11495,CCDC71
11496,LRRN4CL
11497,TIMM22
11498,HIC1
11499,PPFIA3
11500,MAGEF1
11501,UMODL1
11502,SAMD9L
11503,ZFAS1
11504,PAWR
11505,TGIF1
11506,NAP1L5
11507,NIM1K
11508,CD19
11509,ERICH5
11510,NR2C2
11511,GPR4
11512,ACOT4
11513,ARIH2
11514,RBM44
11515,ZBTB33
11516,ZBED2
11517,IRX3
11518,RPRM
11519,SLC25A22
11520,RABEP2
11521,NHLH2
11522,ATOX1
11523,TBL1XR1
11524,SAMD12
11525,CD163
11526,C18orf32
11527,PIDD1
11528,ZNF491
11529,RPLP2
11530,JUN
11531,CSTF2T
11532,PGBD5
11533,C12orf54
11534,CASC2
11535,ACAD9
11536,IL17RA
11537,PNPLA2
11538,AGTRAP
11539,CD163L1
11540,SRRM3
11541,THAP5
11542,CRACR2B
11543,SUMO4
11544,NAALADL2
11545,CD151
11546,POLR2L
11547,SLC35G5
11548,ANXA2R
11549,TMEM94
11550,FLII
11551,SOX12
11552,HNRNPA0
11553,FAM87B
11554,MYOZ1
11555,KCNJ10
11556,CHID1
11557,ZNF620
11558,ZNF518A
11559,TMEM187
11560,SVBP
11561,ZNF619
11562,CCDC184
11563,AP3S1
11564,GRB2
11565,ZBTB41
11566,UBE2N
11567,ARL6IP6
11568,ZNF354C
11569,MAMDC4
11570,BET1L
11571,RPS27
11572,RIC8A
11573,IMP3
11574,ASB8
11575,DPY19L2
11576,ZNRF3-AS1
11577,GPR150
11578,LRRC75B
11579,DMAP1
11580,ADAMTSL1
11581,IMPDH2
11582,ALS2CL
11583,MLF1
11584,NDUFAF3
11585,C2orf69
11586,GRAMD1C
11587,STAP2
11588,TSSK6
11589,BOLA1
11590,PDE4DIP
11591,DDX10
11592,PPP1R42
11593,NDUFV2
11594,DALRD3
11595,ZNF114
11596,ZNF518B
11597,SPINK6
11598,ZNF366
11599,LCORL
11600,PARD6G
11601,ZNF454
11602,SH2B1
11603,ZC3H12D
11604,PLEC
11605,SH2D4B
11606,RNF212
11607,PRSS36
11608,ZNF543
11609,GALNT11
11610,WDR6
11611,GEN1
11612,AQP11
11613,TMEM11
11614,ZNF354B
11615,KCNG2
11616,SHISA3
11617,CALML3
11618,CALML5
11619,ZFAND2A
11620,PLEKHM3
11621,ZNF223
11622,FAM220A
11623,DNAJC22
11624,BEND3
11625,NT5DC1
11626,GLDC
11627,COX14
11628,MCMDC2
11629,P4HTM
11630,DTX3
11631,KLHL11
11632,CTXN1
11633,SLC25A20
11634,CA8
11635,CD28
11636,EPM2AIP1
11637,ERBB4
11638,MAF
11639,CTNNBIP1
11640,PSAPL1
11641,ERN1
11642,GPR35
11643,CSRNP3
11644,ZNF713
11645,PARP10
11646,SUZ12
11647,NSUN3
11648,KCTD12
11649,RPP25
11650,GRINA
11651,THBD
11652,LMO7DN
11653,COX5A
11654,STX19
11655,FAM219B
11656,ZHX2
11657,CPNE7
11658,C5orf46
11659,RIIAD1
11660,MPI
11661,ADORA2A-AS1
11662,TRIM73
11663,OPLAH
11664,TMEM52
11665,TMEM139
11666,EFCAB13
11667,MSC
11668,APOLD1
11669,EXOSC4
11670,DPY19L3
11671,TAF7
11672,FOXE1
11673,PFAS
11674,HYI
11675,LGALS7B
11676,ZNF552
11677,SMIM10L2A
11678,GAK
11679,ZBTB7A
11680,TUFM
11681,ERICH3
11682,RMI1
11683,CTC1
11684,FBXO34
11685,LINC00324
11686,MRFAP1L1
11687,SNX18
11688,AURKB
11689,C14orf39
11690,MRFAP1
11691,C3orf38
11692,KLHDC7A
11693,TMEM107
11694,RRS1
11695,EXOC3L1
11696,TRIML2
11697,IGSF22
11698,C9orf50
11699,ZFP42
11700,CCDC89
11701,FAM133A
11702,DPM3
11703,C12orf42
11704,CYC1
11705,PER1
11706,HTR1F
11707,TMTC2
11708,HES7
11709,FARSA
11710,SPTY2D1
11711,C10orf67
11712,SAMD4B
11713,GIMAP7
11714,ALOXE3
11715,EDC3
11716,TCAIM
11717,FUCA1
11718,GGN
11719,TMEM125
11720,ZNF664
11721,CALR
11722,LINC00311
11723,MAGED1
11724,LDLRAD3
11725,RAD23A
11726,GADD45GIP1
11727,DAND5
11728,PTPN11
11729,NSUN7
11730,WSCD1
11731,RAB39A
11732,CLK3
11733,GATA2
11734,ARID3B
11735,TMEM31
11736,PACS2
11737,ELMOD2
11738,EGR3
11739,GPC5
11740,VWA1
11741,LINC00174
11742,GEMIN4
11743,FJX1
11744,KLHL28
11745,MKRN3
11746,ZBTB18
11747,ALOX12B
11748,SHARPIN
11749,LBX2
11750,DNHD1
11751,SLITRK4
11752,GCC1
11753,LSMEM2
11754,CIITA
11755,ZFPM1
11756,ALOX15B
11757,PLD6
11758,CDC42EP4
11759,ZBTB42
11760,LACC1
11761,MAF1
11762,FCER1A
11763,RPRML
11764,ARL14
11765,WDR97
11766,PCED1B
11767,APOBEC3B
11768,PIPOX
11769,FOXS1
11770,CDH5
11771,LRRC3B
11772,FAM216B
11773,MYADM
11774,MRGPRX3
11775,MROH1
11776,SERTAD2
11777,PIK3CD-AS1
11778,AKAP5
11779,NKPD1
11780,GIPC3
11781,CITED4
11782,ABCA13
11783,TIGD5
11784,PDXDC1
11785,ZNF154
11786,R3HDM2
11787,B3GNT3
11788,ITLN1
11789,NRXN1
11790,SEPHS2
11791,GPBAR1
11792,ZNF784
11793,C14orf119
11794,CCR8
11795,BBS10
11796,FIZ1
11797,PUF60
11798,SSC5D
11799,DCTPP1
11800,ZNF771
11801,TSHZ1
11802,PSTK
11803,SOCS4
11804,ZNF48
11805,C3orf80
11806,TMEM150B
11807,ANKRD18A
11808,TMEM86B
11809,TRNAU1AP
11810,EXOC3
11811,TDRD6
11812,CSNK1A1L
11813,ACTA2-AS1
11814,LYNX1
11815,TH
11816,MED14
11817,FAHD1
11818,TDRP
11819,RCC1
11820,PRKRA
11821,ZNRF2
11822,ZNF816
11823,FGD6
11824,ADGRD2
11825,PLD5
11826,OAZ2
11827,ALX1
11828,CCDC43
11829,MEIOC
11830,FZD2
11831,TIGD2
11832,HCLS1
11833,MTURN
11834,ZNF609
11835,PAK2
11836,CCDC66
11837,DEFB124
11838,MCFD2
11839,LINC00304
11840,HARBI1
11841,C11orf71
11842,TPRXL
11843,GAS1
11844,ZNF571
11845,GLIPR1L2
11846,KCNE1
11847,NRIP1
11848,RNF182
11849,TSPYL5
11850,FUT7
11851,SKIDA1
11852,MB21D2
11853,SSTR2
11854,ZNF594
11855,PCGF5
11856,SLC47A2
11857,PRF1
11858,MAB21L1
11859,YOD1
11860,TMEM64
11861,SHISA2
11862,S1PR5
11863,GPR157
11864,CHST13
11865,SLC36A4
11866,ZDHHC20
11867,OR51E1
11868,ZFP3
11869,ARSJ
11870,HOXC9
11871,MAP3K15
11872,PPA1
11873,HOXC10
11874,PSMG4
11875,BHLHE22
11876,MAP6D1
11877,ZNF443
11878,LINC01559
11879,CXCR2
11880,GREM2
11881,SSR4
11882,CAPS2
11883,ZNF792
11884,CUEDC1
11885,SCRIB
11886,KCTD2
11887,D2HGDH
11888,OXTR
11889,CMTR2
11890,GPR62
11891,ZNF572
11892,ST20
11893,PITPNB
11894,TCEAL8
11895,LRRC57
11896,MRPL14
11897,GPR137C
11898,BBS12
11899,ZFP82
11900,LSMEM1
11901,NQO1
11902,AEN
11903,FKRP
11904,TRAPPC5
11905,RPH3AL
11906,SLC25A42
11907,FCRL6
11908,METTL23
11909,SLC26A11
11910,HIGD1A
11911,EHMT1
11912,F2R
11913,ZNF707
11914,MUC16
11915,NPM1
11916,PJA1
11917,DHTKD1
11918,PENK
11919,ZNF746
11920,POLR2A
11921,TMEM132C
11922,FRAT2
11923,ZNF322
11924,NME9
11925,HEPHL1
11926,LRRC75A
11927,CCL13
11928,CFAP65
11929,DDX60L
11930,SYNE4
11931,OGFOD3
11932,AATK
11933,DDN
11934,ZNF467
11935,SOX2
11936,ZNF678
11937,TMEM45A
11938,RAP2B
11939,ZBTB2
11940,RNF135
11941,ACBD4
11942,SGSH
11943,MAB21L2
11944,FANCB
11945,SETD2
11946,TMIE
11947,MEX3D
11948,MRPS23
11949,FDCSP
11950,GPR135
11951,SLX1B
11952,ANKRD62
11953,P2RY13
11954,TNFSF15
11955,ZFP41
11956,ATG9B
11957,PLAG1
11958,YIPF6
11959,ZBTB20
11960,AMIGO1
11961,GPR3
11962,SIAH2
11963,COPG1
11964,ADGRB1
11965,LINC00471
11966,SLC9A9
11967,LSM10
11968,RELL1
11969,RFX7
11970,SLC35C1
11971,TIGIT
11972,RNF41
11973,IBA57
11974,ZNF329
11975,ZNF101
11976,C5orf24
11977,ADO
11978,COA4
11979,PRKAG1
11980,GINS3
11981,CCDC149
11982,MRPS11
11983,SNRPE
11984,RTKN2
11985,CHST15
11986,USH1G
11987,MGAT4C
11988,IDH2
11989,TMEM259
11990,TNRC18
11991,FAM181B
11992,TMEM30B
11993,DEXI
11994,NOP10
11995,FAM89A
11996,KCNIP1
11997,TDRKH
11998,ZNF708
11999,IST1
12000,ERCC6L2
12001,MRPL41
12002,CREB3L2
12003,P2RY8
12004,TP53TG1
12005,UNC5C
12006,TSEN54
12007,RGMA
12008,UBA7
12009,MRPS16
12010,RAD51B
12011,LDOC1
12012,ARL6IP4
12013,EXT1
12014,SHMT2
12015,HHIPL1
12016,ATP6AP2
12017,CYB5D1
12018,BACE2
12019,UBE2E2
12020,SYNM
12021,NLRP10
12022,FIGN
12023,IZUMO1
12024,B4GALNT4
12025,AP1S2
12026,DCAF4L1
12027,ZSCAN22
12028,KCNJ14
12029,FBXL6
12030,C1S
12031,GLTPD2
12032,KIAA2012
12033,KBTBD3
12034,YBEY
12035,PLCXD1
12036,NXPH4
12037,CACNB4
12038,TRAPPC6B
12039,PGBD4
12040,NPLOC4
12041,TSHZ2
12042,CAPN12
12043,EXOC7
12044,KPNA2
12045,XKRX
12046,BGN
12047,CEP97
12048,FES
12049,GLRX5
12050,CAV3
12051,MXRA7
12052,LIMK2
12053,RWDD4
12054,SPNS3
12055,CLEC4G
12056,SATB1
12057,NXPH3
12058,CSF1R
12059,EPHB3
12060,EPGN
12061,HS3ST4
12062,TRAK1
12063,TSPAN10
12064,PLCB1
12065,SKA2
12066,NTM
12067,TTC3
12068,KCNB2
12069,PPP1R27
12070,BRICD5
12071,GALR2
12072,IGIP
12073,TSKU
12074,CMC4
12075,ANXA2
12076,RGS6
12077,HOXB4
12078,PAQR7
12079,PAPPA
12080,MAFA
12081,NGRN
12082,GRID1
12083,RPS17
12084,HCAR2
12085,C1orf116
12086,CRIP2
12087,DDX28
12088,ACBD3
12089,PLCXD3
12090,VMO1
12091,ALG12
12092,LCK
12093,RBM10
12094,ADGRG3
12095,RPL35A
12096,RGS7
12097,SLC25A18
12098,ZNF721
12099,TCEAL7
12100,CEP63
12101,SRPRA
12102,OTOP3
12103,EWSR1
12104,SPATA13
12105,GJC1
12106,CNOT10
12107,MTA1
12108,ZNF662
12109,CADM1
12110,ZNF320
12111,C12orf60
12112,PYCR1
12113,NAA38
12114,SPNS2
12115,MCEMP1
12116,SLC8A1
12117,SLC25A21
12118,ABAT
12119,SLC25A10
12120,CAMK1D
12121,LYSMD4
12122,WBP2NL
12123,NKX2-5
12124,AFMID
12125,GAS6
12126,NEB
12127,BEGAIN
12128,GPC6
12129,ARHGEF37
12130,FAM43B
12131,CSMD1
12132,CALHM3
12133,PTGDR2
12134,CEP57L1
12135,RIPPLY3
12136,GPR19
12137,RABIF
12138,TMEM119
12139,FANCF
12140,CALN1
12141,C2CD4C
12142,CHST6
12143,RUVBL2
12144,GDPGP1
12145,PRR36
12146,LINC01547
12147,PTTG1IP
12148,DDX41
12149,CCDC60
12150,PLGLB1
12151,DAZAP2
12152,CCBE1
12153,ZNF623
12154,CCDC125
12155,BOLA2
12156,BCOR
12157,JRKL
12158,GBP6
12159,FHL3
12160,PMCH
12161,CCDC159
12162,RIPK4
12163,SF3A3
12164,TRIM61
12165,GRIN2A
12166,GTF2H2C
12167,ASB7
12168,GPR132
12169,MX2
12170,EP400
12171,MEX3B
12172,COA5
12173,PSMG1
12174,PRR14L
12175,KLRC4
12176,ACSM5
12177,SERHL2
12178,PCBP3
12179,SETD3
12180,TNFAIP8L3
12181,ZNRF3
12182,FBXL7
12183,TANGO2
12184,SFXN4
12185,FAM167B
12186,MRPL54
12187,ZNF438
12188,HMCES
12189,DGCR6
12190,ZNF530
12191,NDUFB1
12192,KLHL25
12193,ALYREF
12194,EFHC2
12195,NOG
12196,UPP1
12197,TRIM52
12198,CMTM4
12199,TMEM50A
12200,ASCL2
12201,TBK1
12202,CBX6
12203,MACC1
12204,ACSM2A
12205,KREMEN1
12206,TRAIP
12207,CHEK2
12208,FOXL2
12209,AIFM3
12210,KCTD16
12211,B3GALT5
12212,ZNF703
12213,SLC35F3
12214,KCTD8
12215,TUBA8
12216,NPIPA5
12217,EMILIN3
12218,OLFML1
12219,FAM162B
12220,RBM12B
12221,CCR4
12222,LIN9
12223,BTBD9
12224,NUDT14
12225,PNMA3
12226,GPR39
12227,FAM3B
12228,ZNF730
12229,TOB2
12230,SCN5A
12231,ARSI
12232,UTY
12233,TTC32
12234,LRRC55
12235,DNAH2
12236,SH2D1A
12237,SDR42E2
12238,PRKX
12239,KMT5A
12240,KCNH8
12241,SMTN
12242,NPW
12243,COA3
12244,NPB
12245,ST6GALNAC3
12246,PTP4A2
12247,TMPRSS2
12248,DENND5A
12249,DIABLO
12250,VPS33B
12251,TBX1
12252,ADAP2
12253,UQCR10
12254,FAM120C
12255,EIF3C
12256,CLDN5
12257,NIPSNAP1
12258,KCNQ3
12259,ADRA2C
12260,NR2C2AP
12261,CRELD2
12262,SCFD2
12263,UBE2F
12264,KCNJ12
12265,GPR173
12266,PPP1R2
12267,TSPYL2
12268,GOLGA6L4
12269,PGP
12270,SNRNP35
12271,IRAK1
12272,CMSS1
12273,PCDH9
12274,ACOT1
12275,OAF
12276,ALDH1A3
12277,KCNK12
12278,POU6F1
12279,TM2D3
12280,TSSC4
12281,TACSTD2
12282,PRKD1
12283,CCSER1
12284,ZDHHC23
12285,MROH7
12286,S100A7A
12287,SRPK3
12288,GDF3
12289,SLIT3
12290,EFNA5
12291,PKP3
12292,MAP7D2
12293,CSF1
12294,ACTRT3
12295,PLA2G6
12296,MAML2
12297,SS18L1
12298,KCND2
12299,TOP1MT
12300,COPB2
12301,THAP7
12302,KNTC1
12303,CCR10
12304,NCMAP
12305,WDR27
12306,TXNRD2
12307,FOXO4
12308,FOXD4L1
12309,PROS1
12310,GAST
12311,HDDC3
12312,ZFP1
12313,CEND1
12314,DHRS7C
12315,SOCS3
12316,SLITRK6
12317,LPAR5
12318,XPOT
12319,PDE4B
12320,SNN
12321,NELL2
12322,MED12
12323,ZNF93
12324,CDCA2
12325,AMER1
12326,ZBTB40
12327,CLDN6
12328,EIF4ENIF1
12329,LRRC26
12330,SERINC4
12331,RNLS
12332,APOBR
12333,FAM110C
12334,ATL3
12335,NDUFA12
12336,SMIM10
12337,UBE2G2
12338,OSBP2
12339,ZBTB7C
12340,APOO
12341,PRR16
12342,TMED9
12343,TMEM186
12344,SDR42E1
12345,RBM33
12346,ARMCX2
12347,BTBD6
12348,RBM43
12349,SUMO3
12350,IMMP2L
12351,TCEAL2
12352,JAG2
12353,FMNL1
12354,PTRHD1
12355,LCN12
12356,WT1
12357,ZFP90
12358,FAM227A
12359,USP18
12360,SORCS2
12361,TMEM121
12362,TMEM106A
12363,SIVA1
12364,BRI3BP
12365,IFNE
12366,ROBO2
12367,AP3M1
12368,F8
12369,CA13
12370,UBOX5
12371,MAFF
12372,BRF1
12373,SEMA4B
12374,MROH2A
12375,SPDYE16
12376,CIB1
12377,ANKS1B
12378,NELFA
12379,SLC24A3
12380,EFCAB10
12381,FLRT2
12382,INTS5
12383,RPS27L
12384,MANEAL
12385,ANO9
12386,FAF1
12387,FAM43A
12388,C6orf120
12389,PURA
12390,INPP5J
12391,MIXL1
12392,MFSD6L
12393,LRRC37B
12394,DDX51
12395,NOMO2
12396,SIGIRR
12397,NRBP2
12398,IFITM2
12399,TNFAIP2
12400,ZNF445
12401,PGBD2
12402,RAB11B
12403,PRMT3
12404,GP1BA
12405,PRPF39
12406,MAGEA11
12407,PPIL6
12408,ZNF74
12409,KIAA0825
12410,UBALD2
12411,CDNF
12412,NOTUM
12413,RBM11
12414,ZBTB37
12415,NUPR2
12416,CCDC137
12417,RGPD2
12418,ARL15
12419,C12orf56
12420,CDK10
12421,TMEM105
12422,SOCS1
12423,TCN2
12424,GAS2L1
12425,ATP6V0A2
12426,HGS
12427,TNFAIP8L1
12428,RAD51D
12429,MAPK11
12430,SP140L
12431,MRPL30
12432,SMYD3
12433,LINC00158
12434,IFNLR1
12435,SH3BGR
12436,FAM174B
12437,KPNA7
12438,TMEM179B
12439,GPRIN3
12440,KRT6B
12441,PARPBP
12442,STAC3
12443,ROR1
12444,MUC1
12445,FAAP100
12446,L3MBTL1
12447,BRCC3
12448,SV2B
12449,FAM131C
12450,SPATA45
12451,PDE6G
12452,PRKG1
12453,NR2F2
12454,DLK1
12455,TLCD2
12456,LSAMP
12457,AHNAK2
12458,OLFML2A
12459,SP1
12460,MRPL40
12461,DBX2
12462,PDIA2
12463,PCGF3
12464,LMLN
12465,P4HB
12466,PSMD13
12467,PBX1
12468,SHC4
12469,ZFP36L1
12470,UBE2L3
12471,NTF3
12472,BRWD1
12473,PMEL
12474,POU3F1
12475,SNAI3
12476,ZBTB3
12477,LYG2
12478,MORN5
12479,PRAME
12480,MYBL1
12481,DRG1
12482,ANKFY1
12483,YTHDF3
12484,ZNF696
12485,ADARB2
12486,SRL
12487,IFIT1
12488,CXorf38
12489,KCNQ5
12490,ADAMTSL5
12491,MORF4L1
12492,WDR53
12493,DMWD
12494,SLC52A2
12495,PIGP
12496,IKZF1
12497,PCYT2
12498,NAT8L
12499,BCAP31
12500,ARL17A
12501,GNB1L
12502,DNAH14
12503,CCDC190
12504,TMEM210
12505,ZNF829
12506,TMPRSS11B
12507,THNSL1
12508,TRIM69
12509,ATP6V0C
12510,IFITM1
12511,LAMP1
12512,FFAR3
12513,POMK
12514,LINC00839
12515,C16orf54
12516,KLHDC8B
12517,SETD4
12518,PTCH1
12519,RTN4RL1
12520,NKAIN3
12521,RNPC3
12522,ZNF267
12523,IRS2
12524,SHOX
12525,LCE3A
12526,BICD2
12527,LCE3E
12528,TMLHE
12529,SLITRK2
12530,LRCH3
12531,LEMD1
12532,NDUFA13
12533,ZNF566
12534,ZNF529
12535,ZNF284
12536,DLEU7
12537,TAL2
12538,MATN1-AS1
12539,AIDA
12540,CD300LF
12541,ZPBP2
12542,KRT5
12543,GSAP
12544,AGBL4
12545,CYP2R1
12546,LRRC70
12547,ANKRD46
12548,PIP5K1C
12549,ZBTB6
12550,C2orf76
12551,POLR3C
12552,UBL4B
12553,WWOX
12554,CYP4Z1
12555,BCL9L
12556,POLR1D
12557,KIF18B
12558,ZNRF1
12559,FFAR4
12560,SAPCD2
12561,EDARADD
12562,CYP4F12
12563,BLOC1S4
12564,ZNF749
12565,KLHL32
12566,BTLA
12567,ZNF17
12568,KDM4D
12569,GPAT2
12570,TOR3A
12571,PPP1CC
12572,ZNF555
12573,NAP1L3
12574,PRELID2
12575,BACE1
12576,RGS9BP
12577,TMEM212
12578,THBS2
12579,RXRA
12580,ANKRD37
12581,NUDT17
12582,ZNF75D
12583,CYP4X1
12584,KRT10
12585,GOLGA8R
12586,CD300E
12587,CCDC30
12588,NKRF
12589,GLDN
12590,KPNA4
12591,TRDN
12592,ZNF197
12593,SPATA12
12594,FAM228A
12595,NAP1L2
12596,RPS23
12597,GNG2
12598,BTN3A2
12599,AKAP14
12600,PCLO
12601,KLK12
12602,RGS7BP
12603,INSIG1
12604,MYT1L
12605,ZNF396
12606,TMEM222
12607,ARHGAP30
12608,CYP4F8
12609,CYP4F3
12610,SMYD4
12611,FOXD2
12612,GPATCH8
12613,CEACAM19
12614,NF2
12615,SPATC1
12616,UBE2H
12617,HPDL
12618,KTN1-AS1
12619,KATNA1
12620,FSD2
12621,ARAP1
12622,KIF24
12623,PDE2A
12624,PRG2
12625,PRR5
12626,ZFP91
12627,C17orf58
12628,BCDIN3D
12629,CYP27C1
12630,LYRM7
12631,CFAP73
12632,CCDC73
12633,BCR
12634,MPPED1
12635,FSCN2
12636,SPIN4
12637,SPIN2B
12638,HYAL3
12639,VSIG10L
12640,CXCR3
12641,ZNF397
12642,ZSCAN30
12643,TPCN1
12644,TNFRSF4
12645,KRT16
12646,HEXIM1
12647,KRT14
12648,TRABD2A
12649,PDZD7
12650,POFUT2
12651,QRFPR
12652,ERCC6L
12653,TMEM17
12654,TNFRSF18
12655,RTN4RL2
12656,ZDHHC17
12657,SERPINA11
12658,ZNF395
12659,ZACN
12660,PPARA
12661,TMEM232
12662,LINC01551
12663,EFCAB6
12664,KANK3
12665,EMID1
12666,ESPN
12667,PTRH1
12668,GPR141
12669,TMPRSS6
12670,TMEM216
12671,RPS19BP1
12672,TMPRSS11A
12673,C3orf70
12674,TEAD1
12675,PLCD1
12676,CCK
12677,ENTPD5
12678,MITF
12679,HEATR4
12680,NAP1L1
12681,CMC1
12682,SLIT1
12683,LYPD6
12684,AKR1C1
12685,FOXD3
12686,SPATA21
12687,RNF220
12688,ANGPTL5
12689,SHTN1
12690,ZNF546
12691,TSPYL4
12692,MT1X
12693,GCNT1
12694,SESTD1
12695,FNBP1
12696,DYNC2H1
12697,BCAM
12698,RSBN1L
12699,WDR86
12700,EPOR
12701,DCC
12702,TAF9B
12703,PCDHB13
12704,MAGI2
12705,LUZP2
12706,CHP1
12707,FPR3
12708,C11orf96
12709,CDHR4
12710,COL4A1
12711,PLEKHG7
12712,GJA4
12713,PTMA
12714,HSPA14
12715,ATP13A5
12716,SIRT7
12717,IFT140
12718,AGMO
12719,TLR5
12720,USP7
12721,NHLRC1
12722,PLEKHN1
12723,ZNF385C
12724,MAGEH1
12725,TET3
12726,ZNF286A
12727,ISG15
12728,EXD3
12729,ZKSCAN4
12730,SAMD11
12731,PERM1
12732,ERC2
12733,B3GLCT
12734,SPRY4
12735,TRPV2
12736,AMTN
12737,TMEM203
12738,KBTBD12
12739,THSD4
12740,DNAJB13
12741,GABRD
12742,TCEA1
12743,NHEJ1
12744,FANCA
12745,SECISBP2
12746,C9orf153
12747,ADH1A
12748,SEMA4D
12749,DNAH17
12750,MCRS1
12751,FANCM
12752,ZNF70
12753,CARD9
12754,PEAR1
12755,ZFP69B
12756,SOWAHD
12757,ZFP69
12758,TMEM220
12759,EIF4EBP1
12760,CCDC157
12761,TTC24
12762,PALM3
12763,LRRC74B
12764,CLEC17A
12765,LDLRAD2
12766,COL14A1
12767,DNER
12768,KLHL17
12769,RINL
12770,C17orf99
12771,TPRG1
12772,MORN2
12773,RTP5
12774,S100A3
12775,UBQLN2
12776,RILPL1
12777,ZNF490
12778,CLCN1
12779,NWD1
12780,ARL4C
12781,TMEM221
12782,RAB42
12783,WNT7B
12784,PLA2G4E
12785,GPR89B
12786,MESP2
12787,FAM25A
12788,EYS
12789,C6orf132
12790,MAPK12
12791,COL4A5
12792,AGRN
12793,NHS
12794,TMPPE
12795,ZNF626
12796,HEPACAM2
12797,SMTNL2
12798,ZC3H6
12799,LAMTOR4
12800,PRKAR1B
12801,NCR3LG1
12802,DCUN1D3
12803,POTEE
12804,ZNF793
12805,TUBB4B
12806,AGAP4
12807,COMMD6
12808,PLA2G2A
12809,HYKK
12810,C15orf62
12811,RUFY4
12812,ZNF383
12813,HES4
12814,IGFL1
12815,ZNF669
12816,PLSCR1
12817,C3orf62
12818,ENO4
12819,ZNF559
12820,SBK1
12821,SLC38A3
12822,GTF2F2
12823,FOCAD
12824,PRR19
12825,ZP3
12826,JAKMIP3
12827,PDCD1
12828,CLEC2A
12829,SELL
12830,CHM
12831,BLOC1S5
12832,CERKL
12833,IER5L
12834,SERPINA5
12835,LCTL
12836,NCCRP1
12837,KRTDAP
12838,FAM83G
12839,CFAP77
12840,SRSF10
12841,HBA2
12842,DUSP28
12843,NBR1
12844,RALGAPA2
12845,NDOR1
12846,FBLL1
12847,NKAIN2
12848,CFAP54
12849,CLN3
12850,FAM72B
12851,ASAH2
12852,SUMO2
12853,NANOS1
12854,DPYD
12855,S100A16
12856,PTAR1
12857,SAXO2
12858,RHCE
12859,IDO2
12860,PARVB
12861,SLC4A5
12862,UROS
12863,CYP51A1-AS1
12864,ZDHHC9
12865,SMIM15
12866,VWC2
12867,FAM221A
12868,TMEM120B
12869,FSIP2
12870,RBM34
12871,NOXA1
12872,TMEM198
12873,BCL2L15
12874,FZD9
12875,SPRED3
12876,PRELP
12877,ZNF548
12878,MTF1
12879,SHISA6
12880,TMEM201
12881,NHLRC3
12882,HMX2
12883,SNTN
12884,ZDHHC11
12885,CNR2
12886,SLX4
12887,RPL14
12888,BEND4
12889,FAM78B
12890,ZNF563
12891,FBF1
12892,KLRG2
12893,MSL1
12894,LRRK2
12895,GJB3
12896,TRMT2B
12897,HACD4
12898,CFAP126
12899,FAM120AOS
12900,UTS2B
12901,C9orf152
12902,NOC2L
12903,MSANTD1
12904,AADACL3
12905,NELFB
12906,ZNF292
12907,HUS1B
12908,KCTD21
12909,SBSN
12910,ADAT2
12911,ZNF567
12912,ANKDD1B
12913,ALKBH2
12914,RNFT1
12915,RNF222
12916,RELN
12917,FAM111B
12918,APOD
12919,GAGE2A
12920,LITAF
12921,VSTM1
12922,TMEM120A
12923,ARID2
12924,FAM25G
12925,SF3B3
12926,BLOC1S3
12927,SP6
12928,PLAC9
12929,NKAPL
12930,CLDN4
12931,GRAPL
12932,FAM47E
12933,ZNF527
12934,S100A13
12935,ZNF33A
12936,KRT77
12937,PCDH18
12938,ZNF600
12939,BTBD8
12940,MAOA
12941,C15orf61
12942,NUGGC
12943,TSPYL1
12944,PNRC2
12945,GJB5
12946,FHIT
12947,ZKSCAN3
12948,RRP7A
12949,LIN54
12950,FAM53B
12951,FAM180A
12952,S100A14
12953,KAZN
12954,SLC35E2B
12955,NEMP2
12956,KIAA0408
12957,GSPT2
12958,C8orf76
12959,CXCL17
12960,OTUD6A
12961,HMGB1
12962,MMP23B
12963,SH2D5
12964,ZFP92
12965,RASSF10
12966,GJB4
12967,BLOC1S2
12968,SYCP2
12969,IL1RAP
12970,PTPRT
12971,MYBPC1
12972,PAX5
12973,SPOCK3
12974,ZNF699
12975,TDRD7
12976,SERPINA3
12977,AKR1C3
12978,SPATS2L
12979,ZNF250
12980,WDSUB1
12981,ZNF79
12982,S100A4
12983,PLEKHG4
12984,FAT4
12985,COLCA1
12986,KIF19
12987,ZNF681
12988,ACADSB
12989,STK40
12990,TMEM63A
12991,CTSE
12992,SEMA4A
12993,HRCT1
12994,MPHOSPH8
12995,GREB1
12996,SIRPB2
12997,ZNF766
12998,RYR1
12999,SRGAP3
13000,FAM217B
13001,LCOR
13002,SUPT5H
13003,XPNPEP3
13004,ZNF107
13005,SFTA2
13006,PPIA
13007,ZNF471
13008,ZNF836
13009,ZNF493
13010,GTF2IRD2
13011,GRM7
13012,SUPT3H
13013,NIF3L1
13014,ATP2A1
13015,POM121
13016,ZBTB44
13017,GIMAP5
13018,STK31
13019,NLGN3
13020,ADH7
13021,ZKSCAN7
13022,CD55
13023,ZNF565
13024,NTNG2
13025,ELAVL3
13026,WDR5
13027,LONP1
13028,C9orf163
13029,TRRAP
13030,NUDT11
13031,SRGAP2B
13032,FUT4
13033,ASB13
13034,ZNF34
13035,ZNF140
13036,INCA1
13037,ZNF774
13038,PTPN1
13039,EVL
13040,SPANXD
13041,THEM5
13042,EPHB4
13043,ZNF765
13044,ZNF124
13045,XRCC6
13046,S100A5
13047,PPP1R26
13048,TSC22D2
13049,CRYBA4
13050,ASMT
13051,NPIPB15
13052,ZNF569
13053,ARMCX4
13054,YRDC
13055,ZNF777
13056,PIK3R4
13057,ZNF775
13058,ZNF605
13059,TRAPPC2
13060,RFX8
13061,MYL6B
13062,ZNF799
13063,FGF16
13064,SIAH1
13065,C20orf96
13066,ESRRG
13067,IPO4
13068,NCOR2
13069,SULT1A1
13070,ARL9
13071,PRPF40A
13072,GDAP2
13073,TCEAL3
13074,ANAPC7
13075,TPK1
13076,SLC6A9
13077,AFAP1
13078,NACA
13079,MYO18A
13080,SPTSSB
13081,BORCS6
13082,MAN2A2
13083,MME
13084,FAM72A
13085,CACNA1H
13086,SULF2
13087,LAMA2
13088,PLXNB2
13089,AJAP1
13090,XRCC2
13091,MYO6
13092,HDAC2
13093,ZNF782
13094,ZNF846
13095,MMP1
13096,ADH1B
13097,TCF4
13098,WNK3
13099,SDHAF3
13100,HRH1
13101,RABL6
13102,ZNF136
13103,ZKSCAN5
13104,ZNF502
13105,TRAPPC4
13106,TECPR2
13107,TLR7
13108,FAM180B
13109,ZFP62
13110,ERI2
13111,TOMM7
13112,HSH2D
13113,TRPV1
13114,ZNF33B
13115,ZNF512B
13116,AMZ2
13117,ZNF431
13118,NF1
13119,VKORC1L1
13120,ZNF418
13121,DAPK1
13122,LCE1B
13123,HLA-DQA1
13124,COL27A1
13125,GM2A
13126,S100A2
13127,ZNF700
13128,CD47
13129,TLE1
13130,MAML3
13131,STRN3
13132,ZNF239
13133,SPRR2B
13134,ZSCAN16
13135,MVB12B
13136,ADA
13137,ARID5A
13138,PPTC7
13139,RGPD4
13140,NHLRC2
13141,ZFP28
13142,SCN8A
13143,LAMB3
13144,KPNA5
13145,ARHGEF12
13146,HCAR1
13147,PDLIM7
13148,FLNA
13149,TMEM26
13150,SRGAP1
13151,FAM3C
13152,NOP9
13153,SLC39A10
13154,SCOC-AS1
13155,CASP4
13156,AP2A1
13157,ZNF585A
13158,SMIM10L2B
13159,ANXA4
13160,LAGE3
13161,WDR5B
13162,ZNF138
13163,ZNF429
13164,ZNF470
13165,SERTAD1
13166,ZNF398
13167,ZSCAN25
13168,ANXA6
13169,ZNF441
13170,GMFB
13171,SIGLEC15
13172,ZNF420
13173,ZNF763
13174,ZMYM1
13175,DTHD1
13176,ZSCAN26
13177,MAFG
13178,ARRDC1
13179,KIAA1671
13180,IGF2R
13181,LCE1C
13182,GAL3ST4
13183,DYNC1H1
13184,PCBP2
13185,ZGPAT
13186,SLC25A29
13187,PGAP1
13188,ZNF682
13189,ZNF772
13190,ZNF257
13191,ADAM32
13192,ACSL5
13193,LRRC8B
13194,ABCB8
13195,SND1
13196,ZNF785
13197,SULT1A2
13198,NEK5
13199,PSMD12
13200,MAGEA6
13201,PIWIL2
13202,MIRLET7BHG
13203,NOL4L
13204,CYSRT1
13205,SLC22A4
13206,ENTPD4
13207,C1D
13208,TBC1D9B
13209,FAM110D
13210,TPSB2
13211,KANK2
13212,C6orf141
13213,GTF2E2
13214,IL27
13215,RAD54B
13216,ZNF165
13217,SYNGAP1
13218,RAMP2-AS1
13219,FITM2
13220,BLM
13221,GATA3-AS1
13222,DDI2
13223,SVIL
13224,TRIM33
13225,LRP10
13226,PELI1
13227,ZNF655
13228,MRPL21
13229,LYPD2
13230,UAP1L1
13231,FBXL22
13232,ZNF786
13233,ZNF517
13234,ZNF675
13235,SLC22A5
13236,DACT3
13237,ADARB1
13238,ZNF860
13239,HTT
13240,C5AR1
13241,DIO3
13242,DCHS2
13243,VEPH1
13244,SHPK
13245,IPP
13246,MAP3K5
13247,OGDHL
13248,CYP2F1
13249,GSTK1
13250,HNRNPAB
13251,STMN3
13252,PDGFA
13253,GYPE
13254,COL13A1
13255,SPN
13256,ZNF695
13257,ZNF628
13258,SLC2A10
13259,ZNF665
13260,RPF2
13261,SLC28A3
13262,FAM177B
13263,MIB2
13264,MYO5A
13265,GZMM
13266,ATG7
13267,SIPA1L1
13268,RAB40C
13269,PIGN
13270,COL4A6
13271,ZNF624
13272,HOXA4
13273,TOPORS
13274,BCO2
13275,KCNMB2
13276,ENTPD6
13277,ENPP1
13278,CCDC154
13279,FAR1
13280,ZNF841
13281,MFAP5
13282,ZNF615
13283,CDC42SE1
13284,MPEG1
13285,SERPINB2
13286,DPP4
13287,SERPINB13
13288,PDCD1LG2
13289,ZNF433
13290,SPTAN1
13291,NMB
13292,PARVA
13293,KLHL14
13294,FAM114A1
13295,RPE
13296,ZNF460
13297,CR1L
13298,PHF2
13299,RPS26
13300,PSAP
13301,S100A10
13302,CFAP43
13303,RPL37A
13304,HOXC6
13305,TXNRD3
13306,CFD
13307,MAP1LC3C
13308,MCMBP
13309,EME2
13310,KLHDC1
13311,ZNF81
13312,TAF13
13313,ATAD3A
13314,FAM118B
13315,ZNF461
13316,CCDC180
13317,SLC9A8
13318,OCLN
13319,ZNF181
13320,ZNF44
13321,GPAA1
13322,ADAMTSL2
13323,SGTB
13324,ZNF790
13325,PRB3
13326,MYO1C
13327,MDS2
13328,NKIRAS1
13329,MEIG1
13330,KIF13B
13331,NRAP
13332,ADH5
13333,TEAD4
13334,SPG7
13335,HES5
13336,ZNF677
13337,ERO1A
13338,ZNF823
13339,ZNF347
13340,PLCG2
13341,FCHSD1
13342,ZNF71
13343,AADACL2
13344,S100A6
13345,RPL12
13346,DNM3
13347,ZNF121
13348,MPZL1
13349,VPS13A
13350,MBP
13351,ELOVL2
13352,GOLGA6L9
13353,LEKR1
13354,C1orf122
13355,SNHG12
13356,CLEC9A
13357,IRAK4
13358,DLGAP2
13359,MRPL42
13360,ENTPD7
13361,ZNF335
13362,RPS4X
13363,ZNF273
13364,ZNF84
13365,MAK16
13366,ZNF667
13367,SIRPA
13368,GRK6
13369,PRIM1
13370,AKR1B10
13371,SULT1C4
13372,ZBTB14
13373,CD2AP
13374,NUP62CL
13375,SFI1
13376,TMPRSS11F
13377,ZNF649
13378,ADH4
13379,ZNF248
13380,CHSY3
13381,TOR4A
13382,LPAR1
13383,MB
13384,HIBCH
13385,ZNF544
13386,TMEM229B
13387,SOWAHC
13388,ZNF770
13389,NPIPB6
13390,HMGN5
13391,MIER1
13392,MAN1A2
13393,SVIP
13394,ZNF251
13395,DDRGK1
13396,TFDP1
13397,CLEC4C
13398,ZNF607
13399,ZNF334
13400,HSD17B11
13401,SZT2
13402,SULT1C2
13403,ZXDA
13404,RPS6KL1
13405,QRICH1
13406,LINC01558
13407,FKBP1C
13408,DDX42
13409,RPL23A
13410,SLC29A3
13411,STYX
13412,UBL5
13413,HELZ
13414,TMEM116
13415,UCKL1
13416,CARD11
13417,ZNF485
13418,PEG3
13419,SDAD1
13420,ZKSCAN8
13421,HYLS1
13422,MYL4
13423,ZNF442
13424,ZNF813
13425,HOXC4
13426,PIM3
13427,ASPH
13428,SPRED2
13429,WWP2
13430,GFPT1
13431,UVRAG
13432,ZNF26
13433,ITSN2
13434,NTRK1
13435,MT1F
13436,TCAF1
13437,ZNF69
13438,TXNRD1
13439,NRARP
13440,ZNF583
13441,KRTAP4-1
13442,ZNF568
13443,ZXDB
13444,ZNF480
13445,ZNF587
13446,TPM2
13447,SH3BGRL2
13448,ZNF808
13449,ANKRD35
13450,B3GNT6
13451,YTHDF2
13452,TMA16
13453,HLA-DRB5
13454,ATL1
13455,CNGA1
13456,MAFK
13457,ZNF43
13458,GPN1
13459,PLN
13460,C2CD4A
13461,ZNF28
13462,ITGBL1
13463,ZNF511
13464,ZNF627
13465,KCNRG
13466,WDHD1
13467,ZNF789
13468,CTNND1
13469,SH2D1B
13470,ARC
13471,NUDT16
13472,TLK1
13473,LRBA
13474,MMP17
13475,BAZ1A
13476,COPS8
13477,CCDC69
13478,MDM4
13479,RYR2
13480,ZNF534
13481,KLHL9
13482,FAM3D
13483,NCOA6
13484,STK39
13485,C6orf89
13486,CALM1
13487,TUSC1
13488,MAGEA1
13489,PAPSS2
13490,SLC9A6
13491,FAN1
13492,ABCA4
13493,EIF1AY
13494,MT-ND6
13495,IPO9
13496,CEP290
13497,MT-CO2
13498,GLMP
13499,ANKRD13B
13500,ECI2
13501,UNC13B
13502,MT-CYB
13503,LDB1
13504,PPP1R14C
13505,CTR9
13506,SMOC1
13507,F5
13508,MSRB1
13509,ZNF652
13510,SMURF1
13511,SLC5A3
13512,GPATCH3
13513,CDC42BPB
13514,OXCT2
13515,RPL10A
13516,COLGALT2
13517,EGFL6
13518,MT-ND2
13519,APCDD1L
13520,RCSD1
13521,RASSF9
13522,FAM169A
13523,ZNF830
13524,GRIN3A
13525,MT-ND5
13526,CNOT7
13527,TMEM184B
13528,MTOR
13529,SCAMP5
13530,ZNF521
13531,ALPK2
13532,LRIG2
13533,MT-CO1
13534,PNP
13535,PAX9
13536,GK
13537,FOXJ3
13538,ZNF358
13539,SFT2D1
13540,CD247
13541,CHAMP1
13542,INPP5F
13543,ARHGAP11A
13544,SUCNR1
13545,HMGN2
13546,UBE2J1
13547,GJC2
13548,OPA1
13549,DENND4B
13550,RYR3
13551,ZNF277
13552,MT-ND3
13553,KTI12
13554,ARHGEF15
13555,TOX
13556,CES1
13557,CD3E
13558,RUSC2
13559,FICD
13560,OSTC
13561,R3HDM4
13562,TSEN15
13563,LTN1
13564,RUNDC1
13565,CCDC152
13566,GRK5
13567,TYW1
13568,DCAF12
13569,SFMBT2
13570,ASB12
13571,ITPRIPL1
13572,MT-ND4
13573,SMC5
13574,MT-ND1
13575,PRMT6
13576,SHISA4
13577,CIPC
13578,CAPZA2
13579,MT-ATP6
13580,TOP1
13581,PRC1
13582,MAP3K3
13583,L1CAM
13584,SREBF2
13585,C1orf174
13586,POU3F3
13587,RASGEF1A
13588,RPL39
13589,DZIP3
13590,KIAA0753
13591,DCLRE1A
13592,ATG9A
13593,NOS1AP
13594,APRT
13595,GPRASP1
13596,TBKBP1
13597,MAGEE1
13598,CCDC167
13599,MT-CO3
13600,ZFP2
13601,L3MBTL3
13602,DMD
13603,MFAP3L
13604,NAGA
13605,SMG5
13606,TGM2
13607,ARMCX6
13608,PJA2
13609,RORB
13610,SGMS1
13611,ZNF525
13612,LINC01562
13613,INF2
13614,LINC01285
13615,COX20
13616,CHML
13617,CAPN8
13618,TATDN3
13619,CR1
13620,RAET1G
13621,C1orf53
13622,SAMD5
13623,ECT2L
13624,FCGR3A
13625,TMEM244
13626,CENPW
13627,SPRN
13628,FAM229B
13629,FANK1
13630,PRR9
13631,SPRR2E
13632,DDO
13633,PLPP4
13634,PNLIPRP3
13635,RBM20
13636,C6orf163
13637,RIPPLY2
13638,GDI1
13639,SOX18
13640,LIME1
13641,OOEP
13642,LINC00632
13643,SAMD13
13644,CCDC160
13645,C1orf141
13646,EFCAB7
13647,LDLRAD1
13648,ARRDC1-AS1
13649,ZYG11A
13650,LINC01270
13651,LCN8
13652,LIPN
13653,LRRC73
13654,FOXO6
13655,TCEAL5
13656,SYS1
13657,INPP5B
13658,RPA4
13659,TDRG1
13660,MAFB
13661,TRAF3IP1
13662,CHIC1
13663,GIGYF2
13664,RUFY2
13665,NHSL2
13666,PHACTR4
13667,ASAH2B
13668,AGAP6
13669,TIMM23B
13670,ZDHHC18
13671,CXorf65
13672,AGAP9
13673,GPRIN2
13674,SYT15
13675,PTPN20
13676,ZDBF2
13677,BMPR2
13678,TCEA3
13679,RING1
13680,OXLD1
13681,COL5A2
13682,SPIN3
13683,HLA-DRA
13684,COL15A1
13685,MRPL38
13686,SMIM5
13687,ERICH2
13688,SP5
13689,SDHD
13690,LAYN
13691,CARD16
13692,MBD5
13693,AIF1
13694,ZNF814
13695,ZNF551
13696,ZNF805
13697,HLA-C
13698,PSORS1C2
13699,MUC21
13700,LRCOL1
13701,LINC01123
13702,HLA-E
13703,ZNF468
13704,ZNF616
13705,TBC1D8
13706,AKT1S1
13707,GABBR1
13708,MALRD1
13709,RANBP17
13710,MRPL53
13711,ST8SIA6-AS1
13712,ATXN2
13713,DCTN1
13714,TCTN1
13715,FAM216A
13716,ZBTB48
13717,IGFL2
13718,IGFL4
13719,MZT1
13720,ZNF155
13721,UQCC3
13722,FBXO48
13723,FAM221B
13724,ATP6V0E2-AS1
13725,CD177
13726,PSG5
13727,ZNF783
13728,ZNF425
13729,LRRC10B
13730,PCDHGA1
13731,TRIM13
13732,PRSS1
13733,SPIRE2
13734,AARD
13735,PKHD1L1
13736,SLFN12L
13737,SLC35B4
13738,LGALS7
13739,SYCE1L
13740,TMEM231
13741,CCNI2
13742,TMEM240
13743,CDKL4
13744,TRIQK
13745,SDHAF1
13746,PSENEN
13747,LINC00654
13748,ZBTB10
13749,C4orf46
13750,LGR4
13751,PSMB10
13752,VIT
13753,E2F4
13754,PDE7A
13755,TMEM170B
13756,MUC12
13757,SNX2
13758,SAP25
13759,NT5M
13760,SARNP
13761,LINC01460
13762,ADGRG1
13763,IPO7
13764,PRR13
13765,TECPR1
13766,MT1H
13767,MT1A
13768,MT1M
13769,CFI
13770,SAMD9
13771,KRT6A
13772,CNEP1R1
13773,KRT81
13774,EXOC3L4
13775,CCDC85C
13776,C2CD4B
13777,RGL3
13778,TMSB4X
13779,TMEM256
13780,CPT1B
13781,HMGN1
13782,DENND6B
13783,EIF3CL
13784,LCMT1
13785,MFSD2B
13786,CDPF1
13787,LIN52
13788,DPF3
13789,C17orf107
13790,ITSN1
13791,ITPRIPL2
13792,DENND1C
13793,CRLF2
13794,CRYZL1
13795,ARRDC5
13796,LOH12CR2
13797,CYS1
13798,PLPP6
13799,KLRC2
13800,KLRC3
13801,LINC00487
13802,CLEC6A
13803,RFPL3S
13804,ZNF316
13805,SRRM2-AS1
13806,RNPS1
13807,NYNRIN
13808,DNAJC19
13809,DOK6
13810,SERPINB11
13811,SERPINB4
13812,SERPINB5
13813,ZDHHC11B
13814,CFAP99
13815,TMEM191C
13816,HBA1
13817,ATP10A
13818,ANKUB1
13819,COL6A6
13820,RAB12
13821,TMEM200C
13822,HACD2
13823,CFAP44
13824,LNP1
13825,VGLL3
13826,ZCWPW2
13827,ANKRD28
13828,COLQ
13829,METTL6
13830,THUMPD3-AS1
13831,XKR4
13832,GPX3
13833,DIO2
13834,STK38L
13835,SACM1L
13836,TSN
13837,SLC48A1
13838,IGKC
13839,IGKV4-1
13840,IGKV6-21
13841,IGKV3D-20
13842,IGKV3D-11
13843,IGLV4-69
13844,IGLV8-61
13845,IGLV4-60
13846,IGLV6-57
13847,IGLV1-51
13848,IGLV5-48
13849,IGLV1-47
13850,IGLV7-46
13851,IGLV5-45
13852,IGLV1-44
13853,IGLV7-43
13854,IGLV1-40
13855,IGLV1-36
13856,IGLV3-27
13857,IGLV3-25
13858,IGLV2-23
13859,IGLV3-21
13860,IGLV3-19
13861,IGLV2-18
13862,IGLV2-14
13863,IGLV2-11
13864,IGLV3-10
13865,IGLV3-9
13866,IGLC2
13867,IGLC3
13868,IGLC7
13869,TRGV10
13870,TRGV9
13871,TRGV5
13872,TRBV5-1
13873,TRBV19
13874,TRBV20-1
13875,TRBC1
13876,TRBV28
13877,TRBC2
13878,TRAV4
13879,TRAV6
13880,TRAV8-2
13881,TRAV13-1
13882,TRAV13-2
13883,TRAV12-3
13884,TRAV8-6
13885,TRAV16
13886,TRAV17
13887,TRAV36DV7
13888,TRAV38-2DV8
13889,TRAV41
13890,IGHA2
13891,IGHE
13892,IGHG4
13893,IGHG2
13894,IGHA1
13895,IGHG1
13896,IGHG3
13897,IGHD
13898,IGHM
13899,IGHV6-1
13900,IGHV1-2
13901,IGHV1-3
13902,IGHV2-5
13903,IGHV3-7
13904,IGHV3-11
13905,IGHV3-15
13906,IGHV1-18
13907,IGHV3-20
13908,IGHV3-21
13909,IGHV3-23
13910,IGHV1-24
13911,IGHV2-26
13912,IGHV4-28
13913,IGHV3-33
13914,IGHV4-34
13915,IGHV4-39
13916,IGHV3-48
13917,IGHV3-49
13918,IGHV5-51
13919,IGHV3-53
13920,IGHV1-58
13921,IGHV4-61
13922,IGHV3-66
13923,IGHV1-69
13924,IGHV3-73
13925,PRR22
13926,LINC01089
13927,EWSAT1
13928,RNF208
13929,MT-ND4L
13930,MAP10
13931,POU5F1B
13932,ZNF580
13933,ZNF611
13934,NUP62
13935,DENND1B
13936,C1orf220
13937,SFT2D2
13938,SCAF8
13939,CFAP45
13940,ACKR1
13941,ZNF254
13942,CRYGS
13943,CRIP1
13944,KLHL23
13945,FAM24B
13946,TRIM59
13947,MLLT11
13948,ASIC3
13949,GIMAP1
13950,CCDC183
13951,DNLZ
13952,SUPT4H1
13953,TSGA13
13954,NRAS
13955,LTC4S
13956,ANKRD39
13957,QTRT1
13958,CHUK
13959,MXD3
13960,GSTM2
13961,COG8
13962,ARHGAP19
13963,HAUS7
13964,LCAT
13965,PTPRCAP
13966,PVRIG
13967,GPC2
13968,KRT222
13969,SIPA1
13970,ERV3-1
13971,SYNJ2BP
13972,ARL2
13973,FIRRE
13974,GBP7
13975,RBMXL1
13976,SRA1
13977,DNAJC9
13978,C8orf82
13979,VDAC1
13980,ZBTB9
13981,TMX2
13982,HEXA
13983,NDUFS3
13984,LEPROT
13985,LBH
13986,ADAT3
13987,PPP1CB
13988,LAT
13989,NCKIPSD
13990,S1PR3
13991,SLC35F6
13992,FAM209B
13993,RPS29
13994,ZNF337-AS1
13995,ZNF134
13996,DDX47
13997,ZNF845
13998,KLRK1
13999,EMP2
14000,PPM1N
14001,CEACAM16
14002,SLC23A3
14003,LTB4R
14004,LIPE-AS1
14005,LTB4R2
14006,DNASE1
14007,MDP1
14008,CSNK1E
14009,CCL27
14010,GALT
14011,CLDN9
14012,ITGA1
14013,NUDT19
14014,ZNF726
14015,TAX1BP3
14016,AP1G2
14017,ZNF90
14018,TM6SF2
14019,GANC
14020,TTLL3
14021,REPIN1
14022,ZNF891
14023,SMIM7
14024,FBXO16
14025,TSPAN4
14026,CPNE1
14027,ARL16
14028,SMCO1
14029,LYRM4
14030,MYCBP
14031,TMEM213
14032,PRCD
14033,ALG3
14034,SH3D21
14035,C19orf38
14036,C17orf67
14037,FIS1
14038,ANG
14039,APTR
14040,SPDYE3
14041,MBLAC1
14042,NEURL1B
14043,HAUS3
14044,LCNL1
14045,BBIP1
14046,PLIN5
14047,SEC14L6
14048,PPME1
14049,STARD10
14050,MEG3
14051,CPEB1
14052,EML6
14053,ZSWIM8
14054,ARHGEF33
14055,IFRD2
14056,CAPN14
14057,ZBED1
14058,HNRNPUL2
14059,MTCP1
14060,RAD51AP2
14061,SMTNL1
14062,LINC01588
14063,ZSWIM7
14064,ARHGEF28
14065,LRRC69
14066,COL28A1
14067,PHB2
14068,UBXN2B
14069,MUC5AC
14070,MSMP
14071,LINC00680
14072,PEX26
14073,FASTKD5
14074,GOLGA8B
14075,RNF212B
14076,DDX3X
14077,VPS16
14078,MYL5
14079,MIR99AHG
14080,ZNF407
14081,MCM3AP-AS1
14082,NPEPL1
14083,AATBC
14084,RPL17-C18orf32
14085,C20orf202
14086,HMX1
14087,TMEM242
14088,TMEM167B
14089,FAM72D
14090,TNFRSF25
14091,LINC01139
14092,TSTD1
14093,LINC01356
14094,CYB5RL
14095,C1orf167
14096,TTC34
14097,ATAD3C
14098,IFI30
14099,LY86-AS1
14100,CCDC7
14101,FNIP1
14102,SP9
14103,SYCE3
14104,CKLF
14105,PAM16
14106,TENM3
14107,LINC00339
14108,CEBPZOS
14109,ZNF579
14110,RNASEK
14111,UMAD1
14112,PPP1R3G
14113,FAM228B
14114,LINGO3
14115,ZGLP1
14116,VAMP2
14117,EBF2
14118,PPP3R1
14119,FANCG
14120,AP4M1
14121,PLXNA4
14122,CEBPD
14123,ZNF816-ZNF321P
14124,ARIH2OS
14125,HMSD
14126,NPTXR
14127,FAM200A
14128,PPP2R2A
14129,C19orf73
14130,ZNF880
14131,TRIM16
14132,TIGD1
14133,FXYD7
14134,XKR9
14135,LINC01465
14136,SLC12A8
14137,APOL6
14138,FADS3
14139,CCNL2
14140,UBA52
14141,MYBPHL
14142,PPT2
14143,ZNF630
14144,LINC01118
14145,BTBD19
14146,FAM185A
14147,RAB6C
14148,IGLC6
14149,DCDC2B
14150,C10orf55
14151,IGLV9-49
14152,MEG9
14153,NUTM2A-AS1
14154,EXOSC6
14155,ZNF844
14156,CKMT1A
14157,TINCR
14158,IGHV3-64
14159,C1GALT1C1L
14160,RAET1E-AS1
14161,LINC00205
14162,LGALS8-AS1
14163,LINC00707
14164,CERS1
14165,C1QTNF5
14166,MIR181A2HG
14167,IGKV3D-15
14168,CPTP
14169,LINC00691
14170,INHBA-AS1
14171,DNAJC27-AS1
14172,MIR3681HG
14173,HAGLR
14174,LINC01133
14175,LINC01142
14176,IGHV4-59
14177,PRR29
14178,ADM5
14179,PRKAR2A-AS1
14180,LINC00539
14181,ATXN1L
14182,SMIM13
14183,LINC01117
14184,ZMIZ1-AS1
14185,SVIL-AS1
14186,IGHV3-74
14187,LINC00885
14188,SH3BP5-AS1
14189,RASAL2-AS1
14190,PCOLCE-AS1
14191,TEX26-AS1
14192,LINC00853
14193,COL4A2-AS2
14194,LINC00240
14195,LINC00393
14196,POT1-AS1
14197,LINC00863
14198,PRRT4
14199,TMEM233
14200,LINC00237
14201,LINC00092
14202,TAF1A-AS1
14203,PPP1R26-AS1
14204,NRSN2-AS1
14205,SFTA1P
14206,LINC01504
14207,JPX
14208,NUTM2B-AS1
14209,MKRN2OS
14210,LINC01393
14211,C2CD4D
14212,NCBP2-AS1
14213,ZNF469
14214,FAM225B
14215,SLC26A6
14216,PTPRD-AS1
14217,FGD5-AS1
14218,DBH-AS1
14219,P3H2-AS1
14220,PROSER2-AS1
14221,MIAT
14222,TRAM2-AS1
14223,LINC00626
14224,FAM229A
14225,ERCC6
14226,RUSC1-AS1
14227,NOL7
14228,NTF4
14229,ELFN1
14230,PIGBOS1
14231,ZNF503-AS1
14232,LINC00937
14233,FTCDNL1
14234,AP4B1-AS1
14235,TEX22
14236,GAS1RR
14237,CFLAR-AS1
14238,CROCC2
14239,SLC16A1-AS1
14240,TMEM185B
14241,LINC00323
14242,TEX41
14243,LINC01535
14244,ENTPD1-AS1
14245,LENG8-AS1
14246,FAM66C
14247,HSBP1L1
14248,SMCR5
14249,PP12613
14250,LINC00840
14251,ERVMER34-1
14252,LINC00511
14253,ITGB2-AS1
14254,C14orf132
14255,WDR46
14256,FOCAD-AS1
14257,ZNF717
14258,IL21-AS1
14259,TRGC2
14260,ST7-AS1
14261,SPATA13-AS1
14262,MIS18A-AS1
14263,SMIM2-AS1
14264,PARG
14265,RBM26-AS1
14266,DLG1-AS1
14267,LINC00310
14268,AKR1B15
14269,SCAMP4
14270,LTB
14271,LINC01132
14272,SOX21-AS1
14273,LINC01068
14274,DNMBP-AS1
14275,MRLN
14276,SNAP25-AS1
14277,TARID
14278,POLR2J2
14279,FALEC
14280,LINC00578
14281,MT-ATP8
14282,PCAT6
14283,LINC01209
14284,MIR646HG
14285,OST4
14286,LINC01013
14287,MIR34AHG
14288,MIR4432HG
14289,ZNF883
14290,PROB1
14291,DHFR
14292,SRGAP3-AS2
14293,WEE2-AS1
14294,LINC00954
14295,LAMA5-AS1
14296,UBAC2-AS1
14297,RPL41
14298,VIM-AS1
14299,EPHA1-AS1
14300,HYI-AS1
14301,PATL2
14302,NKX1-2
14303,LINC01204
14304,MBNL1-AS1
14305,ZNF492
14306,XIST
14307,ZNF688
14308,PET100
14309,EMX2OS
14310,CASC20
14311,LINC01315
14312,ANKRD66
14313,PRRT3-AS1
14314,ACBD6
14315,HOXB-AS1
14316,LINC01433
14317,FEZF1-AS1
14318,DSCR9
14319,FAM41C
14320,LINC01048
14321,ANKRD18B
14322,PSMG3-AS1
14323,FTX
14324,HM13-AS1
14325,PRB4
14326,SETSIP
14327,ENO1-AS1
14328,MEIS1-AS2
14329,ZNF341-AS1
14330,YY2
14331,FOXD3-AS1
14332,ZNF674-AS1
14333,STMND1
14334,LINC00309
14335,HSBP1
14336,HCG18
14337,LINC01436
14338,LINC01508
14339,HAR1B
14340,LINC00852
14341,FARP1-AS1
14342,WASIR2
14343,LINC01305
14344,LINC01353
14345,FAM27C
14346,FAM225A
14347,LINC01249
14348,LINC00278
14349,DLEU2
14350,AGBL5-AS1
14351,FSIP2-AS1
14352,DLG3-AS1
14353,DIRC3
14354,LINC-PINT
14355,TSPAN19
14356,LINC01273
14357,ABCA9-AS1
14358,LINC01354
14359,PIK3CD-AS2
14360,PCAT7
14361,IPO9-AS1
14362,TRAF3IP2-AS1
14363,IDH1-AS1
14364,TAPBP
14365,TMEM253
14366,TMA7
14367,MCTS1
14368,RAP2C-AS1
14369,IGHV3-43
14370,LINC00865
14371,ASCL5
14372,TMEM114
14373,GNG12-AS1
14374,OSBPL10-AS1
14375,KIAA1614-AS1
14376,KANTR
14377,LINC01431
14378,IDI2-AS1
14379,LINC00665
14380,KIZ-AS1
14381,SLCO4A1-AS1
14382,PET117
14383,LYRM9
14384,DLGAP4-AS1
14385,SNHG15
14386,CYP1B1-AS1
14387,LINC00327
14388,SNHG7
14389,CCDC144NL-AS1
14390,HOXB-AS3
14391,LINC00472
14392,GPX1
14393,OSTN-AS1
14394,CHRM3-AS2
14395,HOTAIRM1
14396,STXBP5-AS1
14397,TMEM238
14398,LINC01518
14399,ZNF529-AS1
14400,LINC00460
14401,B4GALT1-AS1
14402,LINC01503
14403,RPS28
14404,UQCRHL
14405,LINC01191
14406,DEPDC1-AS1
14407,ZNF879
14408,LINC01426
14409,CCDC188
14410,ZNF736
14411,PINLYP
14412,LINC01506
14413,FAM133B
14414,MAPKAPK5-AS1
14415,JRK
14416,SDCBP2-AS1
14417,FOXP4-AS1
14418,LINC01239
14419,MIR155HG
14420,APOC2
14421,SHISA8
14422,C19orf81
14423,ID2-AS1
14424,LINC00330
14425,ANKRD65
14426,ZSCAN31
14427,C12orf75
14428,SMIM1
14429,HGH1
14430,PPP1R3E
14431,DANT2
14432,LINC01281
14433,LINC00957
14434,RPEL1
14435,JARID2-AS1
14436,HIPK1-AS1
14437,MSC-AS1
14438,LINC00402
14439,NFAM1
14440,GNAS-AS1
14441,LINC00494
14442,RNF148
14443,LINC00484
14444,DICER1-AS1
14445,KIAA0040
14446,LINC00607
14447,HCFC1-AS1
14448,OLMALINC
14449,BHLHE40-AS1
14450,GSN-AS1
14451,TM4SF19-AS1
14452,LINC01564
14453,CPB2-AS1
14454,RBMS3-AS3
14455,ASH1L-AS1
14456,NEXN-AS1
14457,EGOT
14458,PNMA6A
14459,MORC2-AS1
14460,ELFN1-AS1
14461,ZBTB22
14462,TMEM147-AS1
14463,LINC01376
14464,DIAPH2-AS1
14465,CLEC2L
14466,ZBED5
14467,PPIAL4G
14468,VLDLR-AS1
14469,LINC01134
14470,LINC00896
14471,SIX3-AS1
14472,RNF217-AS1
14473,ZNF853
14474,PITPNA-AS1
14475,LINC01010
14476,DNAJC9-AS1
14477,INTS6-AS1
14478,LINC00299
14479,LINC01563
14480,BCYRN1
14481,NIFK-AS1
14482,LINC01554
14483,ZEB1-AS1
14484,HAND2-AS1
14485,ZNF503-AS2
14486,B3GNT9
14487,NR2F1-AS1
14488,CDKN2AIPNL
14489,ZNF295-AS1
14490,LINC00987
14491,CKMT1B
14492,TTN-AS1
14493,RNF223
14494,PITRM1-AS1
14495,PRSS56
14496,FOXD2-AS1
14497,ZNF737
14498,PKN2-AS1
14499,UNC5B-AS1
14500,SHISA9
14501,LINC00857
14502,C2orf74
14503,IRGM
14504,TRBV3-1
14505,FAM200B
14506,NALT1
14507,NFIA-AS2
14508,LINC00649
14509,ZEB2-AS1
14510,LINC01410
14511,LINC01589
14512,LINC00426
14513,CD81-AS1
14514,PAXBP1-AS1
14515,TXNDC5
14516,RNF103
14517,RBM14
14518,ALKBH6
14519,KLHL41
14520,IGKV2D-30
14521,MEIKIN
14522,PSMD6-AS2
14523,NME1
14524,TNFSF12
14525,CDRT4
14526,APOBEC3G
14527,WBP1
14528,MRPS17
14529,IGKV1D-8
14530,IGKV1-6
14531,GET4
14532,C1orf226
14533,ADSL
14534,LINC01471
14535,IGKV3-20
14536,LILRA4
14537,IGKV1D-33
14538,AMY2B
14539,PCDHGC3
14540,SMKR1
14541,COX19
14542,GHRLOS
14543,ACAD11
14544,PPIL3
14545,IGKV1-17
14546,LINC00636
14547,LINC00973
14548,CDKN2B-AS1
14549,TNFRSF13B
14550,TM4SF1-AS1
14551,L1TD1
14552,AQP1
14553,C1QTNF9
14554,IGKV1-8
14555,ISY1
14556,PNMA2
14557,ARHGEF25
14558,RDH14
14559,IGKV1-16
14560,NDUFB2-AS1
14561,PLCXD2
14562,LSAMP-AS1
14563,HOXA11-AS
14564,NSUN6
14565,PRICKLE2-AS1
14566,LINC00881
14567,LINC00877
14568,IGKV1D-16
14569,CRCP
14570,IGKV2-24
14571,WWTR1-AS1
14572,RPL36A
14573,IGKV3-11
14574,CD302
14575,EGFL8
14576,ARHGAP8
14577,ARPC4
14578,ZBTB20-AS1
14579,CORT
14580,UGT1A1
14581,INMT
14582,ADAMTS9-AS2
14583,ARPC1A
14584,IGKV1-9
14585,SPRR2A
14586,PLEKHO2
14587,C8orf58
14588,PISD
14589,HOGA1
14590,PWP2
14591,PI4KA
14592,HYPK
14593,AMACR
14594,MTFP1
14595,ARHGDIG
14596,TCP10L
14597,ARFGAP3
14598,BGLAP
14599,LINC00996
14600,C22orf39
14601,PEG10
14602,IGKV1-39
14603,EIF6
14604,MRPL20
14605,ARPIN
14606,UGT1A10
14607,LINC00960
14608,KLHL6-AS1
14609,IGKV2D-28
14610,SERPINB10
14611,HLA-DMB
14612,IGKV1D-43
14613,GNG10
14614,LINC00971
14615,CCDC169
14616,ZBTB20-AS4
14617,AP5Z1
14618,ZNF709
14619,STRC
14620,ERVW-1
14621,EIF4EBP3
14622,MRPL33
14623,MICAL3
14624,IGKV2-30
14625,STON1
14626,IGKV2D-29
14627,PRAF2
14628,VSIG8
14629,IGKV1-12
14630,KCTD7
14631,EFNA4
14632,IGKV1-5
14633,WFDC6
14634,LINC00880
14635,IL10RB
14636,ZNF487
14637,NME2
14638,DUBR
14639,LEFTY1
14640,CFAP57
14641,TTC4
14642,APOBEC3D
14643,RN7SL832P
14644,TUBA4B
14645,LINC00886
14646,MRPS6
14647,ZNF512
14648,GSTA1
14649,ACY1
14650,NFS1
14651,DDOST
14652,IL12A-AS1
14653,LINC01011
14654,GSTA2
14655,SPRR2F
14656,DNAJC25-GNG10
14657,IGKV2-28
14658,UGT1A7
14659,LINC01322
14660,P2RY11
14661,TMEM141
14662,IFITM10
14663,ETV5
14664,CFHR1
14665,IGKV3-15
14666,RBM12
14667,SCARF2
14668,APOBEC3C
14669,LINC01260
14670,IGKV1-27
14671,WNT5A-AS1
14672,CCDC13
14673,ASPRV1
14674,MIATNB
14675,UBE2V1
14676,PTCHD4
14677,HBB
14678,CRYBB2
14679,N4BP2L2
14680,LIFR-AS1
14681,LINC00847
14682,IGFBP7-AS1
14683,A2M-AS1
14684,LINC00861
14685,USP2-AS1
14686,NEAT1
14687,RORA-AS1
14688,SCAMP1-AS1
14689,BDNF-AS
14690,DDX11-AS1
14691,ZNF585B
14692,DRAIC
14693,CEBPA
14694,KCTD21-AS1
14695,LINC01550
14696,CASC8
14697,SBF2-AS1
14698,EXTL3-AS1
14699,LACTB2-AS1
14700,LINC00968
14701,RASSF8-AS1
14702,MGC16275
14703,RGMB-AS1
14704,STARD4-AS1
14705,UBAP1L
14706,PGAM5
14707,SNHG10
14708,LINC01252
14709,ZBED5-AS1
14710,ZCCHC3
14711,MIR4458HG
14712,CKMT2-AS1
14713,TWF2
14714,MARS2
14715,LRP4-AS1
14716,STX18-AS1
14717,USP51
14718,SEC24B-AS1
14719,LINC00926
14720,NRAV
14721,BCKDHA
14722,INSL3
14723,ADH1C
14724,MEF2C-AS1
14725,APELA
14726,CDK11B
14727,LINC00504
14728,PRR5-ARHGAP8
14729,SEMA6A-AS1
14730,FGF10-AS1
14731,POU5F2
14732,PCP4L1
14733,ABHD14A
14734,RBM14-RBM4
14735,HAS2-AS1
14736,ACTN3
14737,HHIP-AS1
14738,FMN1
14739,ZNF436-AS1
14740,HAUS5
14741,TMEM150C
14742,LINC00939
14743,LINC01411
14744,APOBEC3B-AS1
14745,UGDH-AS1
14746,CASC11
14747,CASC9
14748,NAIP
14749,LINC01091
14750,ZNF324B
14751,LINC01234
14752,HOXC13-AS
14753,ZNF564
14754,LINC01265
14755,LINC00964
14756,HS3ST5
14757,PVT1
14758,PDCD6
14759,TMEM158
14760,BFSP2-AS1
14761,YJEFN3
14762,PTTG2
14763,ZNF718
14764,SMIM20
14765,LINC00989
14766,HOXC-AS1
14767,FAM218A
14768,GPR162
14769,ATP6V1E2
14770,GLI4
14771,LINC00491
14772,LINC01262
14773,SNHG18
14774,ZBED3-AS1
14775,SNHG21
14776,THAP9-AS1
14777,LINC00589
14778,ZNF674
14779,TMED7-TICAM2
14780,MIR3945HG
14781,ZNF345
14782,ALG1L2
14783,WWC2-AS2
14784,ZNF550
14785,LINC00958
14786,FOXD1
14787,IGKV1D-39
14788,MALAT1
14789,PRB1
14790,PCDHGA12
14791,LINC01605
14792,HOXA10-AS
14793,C8orf88
14794,CCDC71L
14795,HOXA10
14796,STAU2-AS1
14797,TMEM200B
14798,PCDHGB6
14799,C1orf210
14800,RAD21-AS1
14801,TUG1
14802,TRNP1
14803,PCAT1
14804,PCDHGA5
14805,NACA2
14806,MIR3142HG
14807,OSGEPL1-AS1
14808,SLC10A5
14809,EIF5AL1
14810,LINC01484
14811,ALG11
14812,MINCR
14813,ATXN7L3B
14814,PRKDC
14815,PCDHGA6
14816,PCDHGA8
14817,UTP14C
14818,ETV3L
14819,PCDHGA10
14820,PCDHGA11
14821,CLDN23
14822,IGKV2-29
14823,ZNF260
14824,IGLC5
14825,LYN
14826,RBPMS-AS1
14827,PCDHGB7
14828,LINC01485
14829,PCDHGA3
14830,HOXA-AS3
14831,RHPN1-AS1
14832,LRRC24
14833,SIGLEC14
14834,AP5B1
14835,SIGLEC12
14836,PABPC4L
14837,NAV2-AS3
14838,BBOX1-AS1
14839,CSNK2A3
14840,FPGT
14841,SENCR
14842,IGLL5
14843,MEX3A
14844,EEF1G
14845,CKLF-CMTM1
14846,MPV17L2
14847,BORCS8
14848,DPP3
14849,STX16-NPEPL1
14850,ANKHD1-EIF4EBP3
14851,BRK1
14852,CHMP1B
14853,EID3
14854,FXYD6-FXYD2
14855,MIR100HG
14856,EID1
14857,NOX5
14858,HCAR3
14859,TBX5-AS1
14860,EBLN2
14861,CARD18
14862,POLR2M
14863,ZNF252P-AS1
14864,FDXACB1
14865,MIR9-3HG
14866,RAB44
14867,TRIL
14868,IFNG-AS1
14869,AGAP2-AS1
14870,TIFAB
14871,PXN-AS1
14872,CCND2-AS1
14873,CTSO
14874,ZNF432
14875,LINC01152
14876,TAS2R30
14877,ZNF10
14878,ZNF486
14879,SMIM3
14880,HMBS
14881,ZNF225
14882,DND1
14883,SALL3
14884,MRGPRF-AS1
14885,POLG2
14886,SMIM10L1
14887,ZBTB11-AS1
14888,ZNF350
14889,PGA5
14890,ZNF253
14891,C17orf100
14892,CAPNS2
14893,SLC5A8
14894,KHDC1L
14895,HP
14896,C11orf97
14897,LSM14A
14898,NHLRC4
14899,CLLU1
14900,TMPO-AS1
14901,GATC
14902,ZBED6
14903,FNTB
14904,HLX-AS1
14905,ZNF625
14906,PSMA3-AS1
14907,LBX2-AS1
14908,INAFM1
14909,CNPY2
14910,CUX1
14911,P2RX5-TAX1BP3
14912,BCDIN3D-AS1
14913,MAP1LC3B2
14914,CLEC5A
14915,LINC00592
14916,CHURC1
14917,PPT2-EGFL8
14918,ZNF578
14919,PDF
14920,LINC00640
14921,SPESP1
14922,DIO3OS
14923,LINC00239
14924,FRMD6-AS2
14925,RHOXF1-AS1
14926,LINC00645
14927,SYNJ2BP-COX16
14928,LINC00871
14929,SLC25A21-AS1
14930,C20orf141
14931,PINX1
14932,ITPK1-AS1
14933,LINC00520
14934,RNASE4
14935,MC1R
14936,CEP95
14937,FOXN3-AS1
14938,TUBB3
14939,FPGT-TNNI3K
14940,LINC00639
14941,LINC00517
14942,LINC00911
14943,LINC00648
14944,LINC00924
14945,ITGB3
14946,SLC35G6
14947,USP3-AS1
14948,ZHX1-C8orf76
14949,INAFM2
14950,ST20-MTHFS
14951,GH1
14952,THTPA
14953,ADNP-AS1
14954,CPEB1-AS1
14955,MRPL46
14956,IQCH-AS1
14957,CRTC3-AS1
14958,SLC22A31
14959,IL21R-AS1
14960,RBM15B
14961,TGFBR3L
14962,HOXB7
14963,MIR762HG
14964,FRRS1L
14965,PMF1-BGLAP
14966,SNHG19
14967,MRC1
14968,HSPB9
14969,HEXA-AS1
14970,LINC00562
14971,SCX
14972,ATP2A1-AS1
14973,LCMT1-AS1
14974,C16orf95
14975,KCNJ18
14976,LINC01290
14977,SNAI3-AS1
14978,FBXL19-AS1
14979,ADPGK-AS1
14980,CCPG1
14981,LINC01572
14982,SULT1A3
14983,LMO7-AS1
14984,TMEM178B
14985,EPPK1
14986,ZNF865
14987,BOP1
14988,PYCARD-AS1
14989,PECAM1
14990,VPS9D1-AS1
14991,MAFTRR
14992,LINC01003
14993,TUBB8
14994,DLGAP1-AS5
14995,TPBGL
14996,GAN
14997,TTC39A-AS1
14998,LINC00165
14999,TCF24
15000,LOXL1-AS1
15001,LINC00662
15002,MIA
15003,CORO7
15004,MMP12
15005,MIR193BHG
15006,LINC01569
15007,CCER2
15008,SPON1
15009,GLIS2-AS1
15010,MRPL12
15011,C19orf84
15012,GTF2I
15013,ZNF234
15014,ZNF213-AS1
15015,MYZAP
15016,TAPT1-AS1
15017,TMEM220-AS1
15018,GTSCR1
15019,SRSF8
15020,FAM72C
15021,IKBKE
15022,HID1-AS1
15023,MSMB
15024,LINC00667
15025,NBPF11
15026,MIR3180-4
15027,ANXA8L1
15028,DYNLL2
15029,OTUD7B
15030,L3MBTL4-AS1
15031,TTC39C-AS1
15032,MAFG-AS1
15033,PRR29-AS1
15034,C1QTNF1-AS1
15035,GJA5
15036,MIR133A1HG
15037,ANXA8
15038,RBM8A
15039,TIMM23
15040,RNF115
15041,RARA-AS1
15042,RPL17
15043,ZNF488
15044,SEC22B
15045,LINC00668
15046,TXNIP
15047,GATA6-AS1
15048,SRGAP2
15049,NDUFV2-AS1
15050,BAHCC1
15051,RASSF5
15052,STRADA
15053,LINC00908
15054,KLF14
15055,NBPF15
15056,SNHG25
15057,NCOA4
15058,MIR3179-3
15059,MRPS21
15060,GDF10
15061,MYO15B
15062,DSG1-AS1
15063,GAPLINC
15064,ZNF793-AS1
15065,FXYD1
15066,AARSD1
15067,ZNF850
15068,PTGES3L
15069,ASB16-AS1
15070,PCAT19
15071,LCN6
15072,ZNF790-AS1
15073,PARD6G-AS1
15074,LINC01140
15075,TBX2-AS1
15076,KC6
15077,SNHG22
15078,KCNJ2-AS1
15079,ZNF571-AS1
15080,CIRBP-AS1
15081,ZNF285
15082,ALOX12-AS1
15083,S1PR2
15084,LINC01028
15085,ZNF224
15086,SMIM22
15087,LIN37
15088,NDUFA7
15089,MZF1-AS1
15090,CCDC177
15091,MAGEA9B
15092,CARD8-AS1
15093,PTOV1-AS1
15094,NBPF12
15095,GABRQ
15096,SLC6A14
15097,ARL14EPL
15098,FENDRR
15099,SIGLEC5
15100,A1BG-AS1
15101,TRABD2B
15102,LINC01082
15103,FBXO17
15104,LINC00528
15105,ZSCAN16-AS1
15106,IKBKG
15107,ZNF587B
15108,RAB11B-AS1
15109,SPIB
15110,LINC01224
15111,TMEM185A
15112,CT45A10
15113,NBPF9
15114,SLC25A53
15115,KCNQ1OT1
15116,EGLN2
15117,TERC
15118,HMGN3-AS1
15119,LINC01235
15120,IGHV3-30
15121,NBPF14
15122,TSIX
15123,TAF15
15124,GAS2L2
15125,RASL10B
15126,LPP-AS2
15127,SRXN1
15128,NBPF19
15129,NBPF10
15130,LIX1L
15131,MILR1
15132,SYNCRIP
15133,PLS3-AS1
15134,LINC01215
15135,ANKRD34A
15136,GTF2H5
15137,LINC01607
15138,FGF14-AS2
15139,NUDT3
15140,KMT2B
15141,POM121C
15142,CD24
15143,CFAP206
15144,ZNF595
15145,AFAP1-AS1
15146,DOC2B
15147,JMJD1C-AS1
15148,DCP1A
15149,RBAK-RBAKDN
15150,MYHAS
15151,FAM106A
15152,DGCR5
15153,C2orf15
15154,NBPF26
15155,SNURF
15156,ZBTB8B
15157,ZNHIT3
15158,USP27X
15159,TAF9
15160,NOL12
15161,LINC01138
15162,NATD1
15163,SOCS7
15164,ADRA2B
15165,ZNF658
15166,C8orf89
15167,TBC1D3L
15168,IGHV2-70
15169,CCL23
15170,NPHP3-ACAD11
15171,RNU11
15172,ZNF280B
15173,MLLT6
15174,PPP4R3B
15175,NUDT18
15176,ZNF2
15177,AATF
15178,CCL15
15179,TRBV14
15180,ARHGAP23
15181,RNU12
15182,UHRF1
15183,PIK3R6
15184,PIP4K2B
15185,CCL14
15186,LINC00540
15187,BMS1P14
15188,IGKV1D-13
15189,RAB7B
15190,DACH1
15191,IGHV4-4
15192,RMRP
15193,LINC00869
15194,TYW1B
15195,F8A3
15196,RPPH1
15197,PCGF2
15198,SRCIN1
15199,MARCKS
15200,CEBPB-AS1
15201,ZNF670
15202,GPIHBP1
15203,NEFL
15204,PGM5P3-AS1
15205,TRAC
15206,PGM5P2
15207,PSMB3
15208,SRD5A2
15209,RDM1
15210,ZNF8
15211,TSC22D1-AS1
15212,GLIDR
15213,SSTR3
15214,IGLV2-8
15215,PRICKLE4
15216,SCARNA2
15217,MYO19
15218,ZNF229
15219,VWA8-AS1
15220,DHRS11
15221,TMEM191B
15222,NR2E3
15223,C11orf98
15224,MRM1
15225,NKILA
15226,BACE1-AS
15227,IGKV1D-12
15228,SND1-IT1
15229,LINC01451
15230,TSTD3
15231,LINC01126
15232,UCKL1-AS1
15233,SALRNA2
15234,LINC01348
15235,SCAANT1
15236,SH3PXD2A-AS1
15237,ENTPD3-AS1
15238,PAGR1
15239,LINC00294
15240,CTBP1-AS
15241,RPS4Y2
15242,LINC00921
15243,TRG-AS1
15244,PTENP1-AS
15245,GHET1
15246,ARRDC3-AS1
15247,RASSF1-AS1
15248,ABALON
15249,LINC01176
15250,BLACAT1
15251,SEPSECS-AS1
15252,LSINCT5
15253,LINC01012
15254,LINC00891
15255,LINC01144
15256,IGHV1-69-2
15257,ADORA3
15258,BISPR
15259,TRBV7-2
15260,PRNCR1
15261,IQCJ-SCHIP1
15262,EXOC3L2
15263,PRSS50
15264,SCO2
15265,C2orf81
