,0
0,TSPAN6
1,TNMD
2,DPM1
3,SCYL3
4,FGR
5,CFH
6,FUCA2
7,GCLC
8,NFYA
9,STPG1
10,NIPAL3
11,LAS1L
12,ENPP4
13,SEMA3F
14,ANKIB1
15,CYP51A1
16,KRIT1
17,RAD52
18,BAD
19,LAP3
20,CD99
21,HS3ST1
22,AOC1
23,WNT16
24,HECW1
25,MAD1L1
26,LASP1
27,SNX11
28,TMEM176A
29,M6PR
30,KLHL13
31,CYP26B1
32,ICA1
33,DBNDD1
34,ALS2
35,CASP10
36,CFLAR
37,TFPI
38,NDUFAF7
39,RBM5
40,MTMR7
41,SLC7A2
42,ARF5
43,SARM1
44,POLDIP2
45,PLXND1
46,AK2
47,CD38
48,FKBP4
49,KDM1A
50,RBM6
51,CAMKK1
52,RECQL
53,HSPB6
54,ARHGAP33
55,NDUFAB1
56,PDK4
57,SLC22A16
58,ZMYND10
59,ABCB5
60,ARX
61,SLC25A13
62,ST7
63,CDC27
64,SLC4A1
65,CALCR
66,HCCS
67,DVL2
68,UPF1
69,SKAP2
70,SLC25A5
71,HOXA11
72,POLR2J
73,DHX33
74,MEOX1
75,THSD7A
76,LIG3
77,RPAP3
78,ACSM3
79,CIAPIN1
80,COPZ2
81,PRKAR2B
82,MSL3
83,CREBBP
84,MPO
85,PON1
86,GCFC2
87,WDR54
88,CROT
89,ABCB4
90,KMT2E
91,RHBDD2
92,SOX8
93,IBTK
94,ZNF195
95,MYCBP2
96,FBXL3
97,ITGAL
98,PDK2
99,ITGA3
100,ZFX
101,LAMP2
102,ITGA2B
103,ASB4
104,GDE1
105,CRLF1
106,OSBPL7
107,TMEM98
108,ABCC8
109,TMEM132A
110,AP2B1
111,TAC1
112,ZNF263
113,CX3CL1
114,SPATA20
115,CACNA1G
116,TNFRSF12A
117,DLX6
118,MAP3K9
119,RALA
120,BAIAP2L1
121,KDM7A
122,ETV1
123,AGK
124,ALDH3B1
125,TTC22
126,PHTF2
127,CCL26
128,FARP2
129,USH1C
130,GGCT
131,DBF4
132,TBXA2R
133,IFRD1
134,LGALS14
135,COX10
136,GTF2IRD1
137,PAF1
138,VPS41
139,ARHGAP44
140,ELAC2
141,SCIN
142,ARSD
143,PNPLA4
144,CDKL3
145,UPP2
146,PRSS21
147,MARK4
148,PROM1
149,CCDC124
150,PAFAH1B1
151,NOS2
152,DNAH9
153,SLC13A2
154,GAS7
155,TRAPPC6A
156,MATK
157,CD79B
158,SCN4A
159,ST7L
160,TKTL1
161,PAX6
162,RPUSD1
163,RHBDF1
164,LUC7L
165,CACNA2D2
166,BAIAP3
167,TSR3
168,PIGQ
169,TEAD3
170,SELE
171,DNAJC11
172,FMO3
173,MYLIP
174,PSMB1
175,SYN1
176,JARID2
177,CDKL5
178,CAMK1G
179,CDK11A
180,NADK
181,TFAP2B
182,DLEC1
183,CYTH3
184,ADAM22
185,SYPL1
186,CYB561
187,SPAG9
188,CELSR3
189,AASS
190,PLEKHG6
191,SS18L2
192,MPND
193,MGST1
194,CRY1
195,PGLYRP1
196,NFIX
197,ST3GAL1
198,MMP25
199,IL32
200,PKD1
201,MAPK8IP2
202,MED24
203,RHOBTB2
204,HEATR5B
205,SEC62
206,RPS20
207,CSDE1
208,UBE3C
209,REV3L
210,TENM1
211,MASP2
212,IYD
213,FAM76A
214,TRAF3IP3
215,POMT2
216,VTA1
217,MLXIPL
218,BAZ1B
219,RANBP9
220,ETV7
221,SPRTN
222,METTL13
223,DYRK4
224,ZNF207
225,UQCRC1
226,STARD3NL
227,CD9
228,NCAPD2
229,IFFO1
230,GIPR
231,PHF7
232,SEMA3G
233,NISCH
234,STAB1
235,FUZ
236,SLC6A13
237,IDS
238,PRSS3
239,ZNF200
240,CD4
241,LRRC23
242,BTK
243,HFE
244,SCMH1
245,FYN
246,HIVEP2
247,FMO1
248,LYPLA2
249,CLCN6
250,MRC2
251,NME1-NME2
252,SLC6A7
253,TSPAN9
254,APBA3
255,MKS1
256,ABHD5
257,AKAP8L
258,MBTD1
259,UTP18
260,RNF216
261,TTC19
262,PTBP1
263,DPF1
264,SYT7
265,LARS2
266,PIK3C2A
267,PLAUR
268,ANLN
269,WIZ
270,RABGAP1
271,DCN
272,QPCTL
273,PPP5C
274,CEP68
275,MAP4K3
276,ZBTB32
277,TYROBP
278,BRCA1
279,ERCC1
280,CD22
281,MBTPS2
282,PRICKLE3
283,LTF
284,EXTL3
285,NR1H4
286,ELOVL5
287,KDM5D
288,CALCOCO1
289,UBR7
290,MAP4K5
291,EHD3
292,MAN2B2
293,SLC7A14
294,CLDN11
295,SLC25A39
296,MVP
297,NUB1
298,PGM3
299,RWDD2A
300,CLK1
301,POLR3B
302,ANGEL1
303,RNF14
304,DNASE1L1
305,DDX11
306,HEBP1
307,GPRC5A
308,MAMLD1
309,CD6
310,TACC3
311,UFL1
312,POLA2
313,ZC3H3
314,CAPN1
315,MDH1
316,SLC30A9
317,MTMR11
318,COX15
319,CCDC88C
320,YAF2
321,ZMYND11
322,WAS
323,DPEP1
324,BID
325,MATR3
326,NPC1L1
327,XYLT2
328,RGPD5
329,STMN4
330,NUDCD3
331,CHDH
332,GLT8D1
333,ATP2C1
334,IGF1
335,SLC38A5
336,RALBP1
337,RUFY3
338,CNTN1
339,SLC11A1
340,WWTR1
341,AGPS
342,ATP1A2
343,TTC27
344,ZNF582
345,VSIG2
346,PHLDB1
347,MARCO
348,CYP24A1
349,PRDM11
350,SYT13
351,SNAI2
352,CD74
353,HGF
354,ZRANB1
355,NCDN
356,ZFP64
357,MNAT1
358,SAMD4A
359,RUNX3
360,PLEKHB1
361,SERPINB1
362,CYP3A43
363,SLC7A9
364,SPAST
365,NRXN3
366,OSBPL5
367,AQR
368,CPS1
369,FHL1
370,NLRP2
371,SLC45A4
372,RNF10
373,ZNF839
374,ZDHHC6
375,GRAMD1B
376,RNH1
377,NDUFS1
378,RB1CC1
379,ERP44
380,ALAS1
381,BIRC3
382,AKAP11
383,GLRX2
384,SNAPC1
385,DERA
386,STRAP
387,ABCC2
388,DEF6
389,PLEKHO1
390,GCLM
391,UBR2
392,EHD2
393,DEPDC1
394,CCDC28A
395,RRAGD
396,HSF2
397,PHF20
398,HSD17B6
399,NR1H3
400,TYMP
401,NCAPH2
402,TOMM34
403,SEC63
404,KPNA6
405,VIM
406,RTEL1-TNFRSF6B
407,FAS
408,RNASET2
409,CD44
410,KCNG1
411,AGPAT4
412,SLAMF7
413,BTN3A1
414,MIPEP
415,PRKCH
416,INSRR
417,IFNGR1
418,B4GALT7
419,SH2D2A
420,VRK2
421,TNFRSF1B
422,VEZT
423,POU2F2
424,BRD9
425,SNX1
426,TBPL1
427,BCLAF1
428,SLC39A9
429,ANK1
430,IBSP
431,TFB1M
432,RABEP1
433,HMGB3
434,NUP160
435,BAK1
436,IKZF2
437,GRN
438,FAM13B
439,ARHGAP31
440,CENPQ
441,RANBP3
442,ARID4A
443,PNPLA6
444,IFT88
445,ALG1
446,ZCCHC8
447,ABCF2
448,CHPF2
449,LRRC7
450,FUT8
451,UBA6
452,GAB2
453,ATP6V0A1
454,PIAS1
455,SLC4A7
456,APBA2
457,MAP2K3
458,TMSB10
459,ASTE1
460,RNF19A
461,PEX3
462,GABARAPL2
463,SH3YL1
464,FAM136A
465,VCL
466,DEPDC1B
467,DAPK2
468,NSMAF
469,STAP1
470,TIMP2
471,RFC1
472,TBC1D23
473,CUL3
474,MYOM2
475,CYP46A1
476,ZZZ3
477,SLC18A1
478,USP2
479,CASR
480,TUBG2
481,RPL26L1
482,FLT4
483,NSUN2
484,MFAP3
485,MRI1
486,METTL1
487,HOXC8
488,AGA
489,PI4K2B
490,BOD1L1
491,MAT2B
492,TLL1
493,EDC4
494,TRIO
495,VCAN
496,CLEC16A
497,MSR1
498,CDH1
499,DNAH5
500,ZFYVE16
501,C6
502,RAI14
503,SOX30
504,PNKP
505,BEST2
506,PHLPP2
507,SPDL1
508,STAU2
509,CTNS
510,RTN4R
511,PHF23
512,INPP4A
513,RAB27B
514,PSMA4
515,MYO16
516,LSG1
517,PARP3
518,TNC
519,THAP3
520,TDP1
521,AIFM2
522,SPATA7
523,MED17
524,RETSAT
525,CAPG
526,AP2S1
527,ZPBP
528,TG
529,ADAM28
530,BARX2
531,DCUN1D1
532,JADE2
533,ZIC2
534,LCP2
535,TRIT1
536,ADRB1
537,GUCA2B
538,CUL7
539,CTNNA1
540,PHKA2
541,CNTLN
542,EPHA3
543,HSPA5
544,DSG2
545,GEMIN8
546,OFD1
547,GPM6B
548,PREX2
549,WDR37
550,YTHDC2
551,CTPS2
552,ATP6V1H
553,POLR2B
554,ARAP2
555,TPR
556,CP
557,DTNBP1
558,XK
559,ANO2
560,SCML1
561,WWC3
562,ARHGAP6
563,FAM184B
564,MAP4
565,GOPC
566,ROS1
567,USP28
568,HDAC9
569,TSPAN17
570,NOP16
571,CC2D2A
572,RRM2B
573,ZNF800
574,TNFRSF17
575,SNX29
576,LMO3
577,MRPS10
578,GUCA1A
579,RSF1
580,VPS13D
581,CELF2
582,FAM120A
583,R3HDM1
584,COL9A2
585,KITLG
586,ERCC8
587,ADAMTS6
588,H6PD
589,VAMP3
590,PER3
591,UTS2
592,TNFRSF9
593,EPN3
594,LTBP1
595,RCN1
596,ELN
597,RFC2
598,ARID1B
599,CLPTM1L
600,NEDD4L
601,FOXP3
602,PPP1R3F
603,HEXB
604,PTCD2
605,JKAMP
606,DKK3
607,ARHGEF5
608,NFE2L3
609,MCUR1
610,LIMA1
611,LETMD1
612,SLC4A8
613,LAMC3
614,PTGER3
615,TNIP3
616,MAPK9
617,COL23A1
618,BCAR1
619,HERPUD1
620,HOMER3
621,RAD51
622,POLQ
623,PIK3CB
624,CYBA
625,THOC3
626,HEBP2
627,MPHOSPH9
628,PLEKHA5
629,PRSS8
630,SIKE1
631,RRP12
632,FNIP2
633,MSMO1
634,TTC17
635,ALX4
636,FSTL4
637,FOXN3
638,METTL24
639,AKR7A2
640,MRTO4
641,NNAT
642,USE1
643,MCF2L2
644,NRIP2
645,LAMA3
646,AP5M1
647,ANAPC4
648,KCNQ1
649,TRAPPC3
650,THRAP3
651,PHPT1
652,ENTPD2
653,LY75
654,ARID4B
655,OPN3
656,PTPRN
657,HHAT
658,KIF1B
659,FOXC1
660,TBC1D22A
661,SYNE2
662,PLEKHH1
663,ATP9A
664,CBLN4
665,CHRDL2
666,FAM168A
667,RELT
668,GALC
669,NOP58
670,KCNH2
671,CUL1
672,FAM114A2
673,CYFIP2
674,TAB2
675,GINM1
676,EIF2AK2
677,USP36
678,KMT2C
679,MCOLN3
680,CCDC85A
681,PUM2
682,MRPL43
683,ITIH4
684,ITIH1
685,ZFR
686,ZNF280C
687,PHF21B
688,TRAF1
689,RC3H2
690,IL17RB
691,TRAF3IP2
692,GYG2
693,DCBLD2
694,SOAT1
695,PKP2
696,MSH4
697,F7
698,GDI2
699,PRDM1
700,ATG5
701,TMCC3
702,PITHD1
703,MTA3
704,USP13
705,ATP11B
706,LAMC2
707,CDK14
708,SEC61A1
709,PPP1R12A
710,RASGRF1
711,CAMK2B
712,CROCC
713,POLR3E
714,ATP2B4
715,ZC3H11A
716,RIOK2
717,YIPF1
718,NDC1
719,DGKG
720,FLYWCH1
721,UNKL
722,TBXAS1
723,PARP12
724,ALDH18A1
725,TARBP1
726,MXD1
727,CDK17
728,DNAJC25
729,SLC2A3
730,PSD
731,CTDP1
732,YBX3
733,STYK1
734,WNK1
735,CCAR1
736,OGFR
737,GNA15
738,CREB3L3
739,PIGV
740,PTPRU
741,SNRNP40
742,RIMBP2
743,COL11A1
744,QSER1
745,MPC1
746,ACAA1
747,BCAT1
748,HDAC7
749,LZTS1
750,PRDM6
751,SPAG4
752,NCKAP1
753,MRPS35
754,SFSWAP
755,TNK2
756,MON2
757,CDH3
758,ARSF
759,GPBP1
760,DGAT2
761,ZNF112
762,CS
763,LTK
764,MRPS24
765,ELMO2
766,VMP1
767,APPBP2
768,POLD1
769,SEZ6
770,EIF4B
771,SLC6A16
772,SPHK2
773,RPL18
774,CA11
775,ISOC2
776,U2AF2
777,EPN1
778,MED29
779,AHRR
780,ZNF275
781,MTMR1
782,GPC1
783,ADCK1
784,HAGH
785,RNF4
786,CASP8
787,LIMCH1
788,TM7SF3
789,DLX3
790,SPA17
791,TSPAN32
792,DMRT3
793,ST3GAL6
794,ATP2C2
795,NGFR
796,CDON
797,TAF2
798,HIPK2
799,TNPO3
800,RFXANK
801,TMEM161A
802,LPAR2
803,CTSA
804,SUGP2
805,SLC12A2
806,SNX24
807,EYA2
808,CNN2
809,ABCA7
810,SNCAIP
811,DDX20
812,BTBD1
813,FAR2
814,BCAS1
815,CHI3L2
816,SBNO2
817,PMS1
818,HMG20B
819,CALCRL
820,TAF11
821,ANKS1A
822,AP3D1
823,ZNF76
824,NTHL1
825,GNAI3
826,IPO5
827,OAT
828,WDR3
829,PKN2
830,WDR18
831,TRAM2
832,NTN1
833,GLP2R
834,MCM10
835,DGKA
836,ERBB3
837,ANKRD44
838,ADAT1
839,PDIA5
840,TBC1D22B
841,NDUFB4
842,SPEN
843,MYLK
844,ZC3H15
845,MAP2K4
846,SNAP91
847,SLK
848,CYB5R4
849,COL17A1
850,GSTO2
851,SEC61A2
852,PRKCQ
853,TLE2
854,ASB1
855,FAM107B
856,ME1
857,TBC1D1
858,CDK13
859,MTHFD2
860,SLC9A7
861,FOXJ2
862,YBX1
863,PDE4A
864,PPP2R5A
865,ELAVL1
866,TIE1
867,DIP2B
868,SMARCD1
869,KDM4A
870,NFYC
871,ZMYND12
872,NGEF
873,ASPM
874,CD84
875,ELOVL1
876,SPI1
877,MPPED2
878,CLDN18
879,ZBTB11
880,ATXN3
881,GOLGA5
882,FGFR2
883,LRRC40
884,ISOC1
885,EML1
886,TRMT11
887,THUMPD1
888,MSANTD3
889,KIF26A
890,ATG2B
891,ARFGEF1
892,ACSM2B
893,ZFAT
894,MTFR1
895,STAG3
896,FECH
897,MYO9A
898,DDX3Y
899,PFKP
900,IDI1
901,SP100
902,KLF6
903,NEO1
904,TRAM1
905,PHKA1
906,TNFRSF1A
907,CACNB1
908,EVI5
909,STOML1
910,PKM
911,DHX29
912,DNTTIP2
913,METTL22
914,TP53BP1
915,TRO
916,RRP15
917,RHOA
918,DHX8
919,PRKCZ
920,ZFY
921,IARS2
922,SYT1
923,NAV3
924,IDH3G
925,ROGDI
926,PDZD4
927,ATP2B3
928,ROCK1
929,CBFB
930,PDK3
931,HYAL2
932,HDAC4
933,RASSF1
934,FGFR3
935,IFI35
936,HEATR6
937,COASY
938,PLEKHH3
939,MEF2A
940,OTUD5
941,TFE3
942,TBC1D25
943,ACSL4
944,INPP5A
945,GPKOW
946,FTSJ1
947,PRR11
948,REEP1
949,ATP11A
950,POLR1A
951,LAPTM4A
952,TTC7A
953,IP6K2
954,STON1-GTF2A1L
955,SRBD1
956,KIF2A
957,RASGRP2
958,PSME4
959,IFT80
960,SIRT2
961,ERLEC1
962,PPP2R5B
963,PYGM
964,PITX1
965,MAST4
966,SDK2
967,NUP133
968,NUCKS1
969,VPS35
970,DNAJA2
971,BCL3
972,KCNAB2
973,ABCC9
974,GAL
975,CLEC2D
976,FUNDC1
977,MAOB
978,RORA
979,DRD4
980,TGFBR3
981,HES2
982,ATP1B3
983,NEDD4
984,PIGB
985,MAPK6
986,GNB5
987,RAB27A
988,LRP6
989,GUCY2C
990,NUCB2
991,PFN2
992,PTPN3
993,SPTB
994,DAPP1
995,FGF10
996,SLC44A1
997,TMEM260
998,SMG6
999,EXOC5
1000,CLTCL1
1001,FGF22
1002,FSTL3
1003,DGCR2
1004,RNF126
1005,MNT
1006,ZXDC
1007,JMJD6
1008,POLB
1009,ST6GALNAC1
1010,WIPI1
1011,FRMPD1
1012,GBA2
1013,NDST1
1014,ASNS
1015,AP3M2
1016,CNGB1
1017,ST6GALNAC2
1018,PABPC1
1019,TESK2
1020,CSNK2A2
1021,PTPN21
1022,EIF2B3
1023,CAMK2A
1024,TCOF1
1025,CDC42
1026,OSBPL3
1027,SLC12A3
1028,RAD18
1029,ATP2B1
1030,TRPM5
1031,NCK2
1032,MAP4K4
1033,MGAT4A
1034,RPL31
1035,WDR1
1036,SNX13
1037,ARHGAP10
1038,RPS6KA2
1039,ING3
1040,VASH1
1041,LMCD1
1042,SEL1L
1043,TRIP13
1044,ATP6AP1
1045,TCF3
1046,TRIB2
1047,DAZAP1
1048,MBD3
1049,PRLH
1050,HLTF
1051,FAM50A
1052,FAM3A
1053,MYO3B
1054,CYBRD1
1055,CDH19
1056,PDCD2
1057,RDH11
1058,ACTN1
1059,ZFYVE26
1060,RPS6KA6
1061,EPN2
1062,PTPN18
1063,LIMS2
1064,ASIC4
1065,SPEG
1066,LNX1
1067,ALDH3A2
1068,TFRC
1069,SREBF1
1070,TRPC5
1071,AFF4
1072,UBE2D1
1073,RHOBTB1
1074,SMC1A
1075,HSD17B10
1076,MARK2
1077,HMMR
1078,CHFR
1079,TRHDE
1080,P4HA2
1081,FCGR2B
1082,NFATC3
1083,TRNT1
1084,ACADVL
1085,STK10
1086,FBXW11
1087,ACAP1
1088,CRMP1
1089,EVC
1090,DERL2
1091,SIDT1
1092,TMEM38A
1093,AP1M1
1094,PVR
1095,XRCC1
1096,SCARB1
1097,MCM2
1098,MOV10L1
1099,PANX2
1100,TP63
1101,ALPK1
1102,LLGL2
1103,PDE8A
1104,CLCN4
1105,NLE1
1106,SDHA
1107,SMARCE1
1108,GSDMB
1109,KDM5A
1110,ADAM11
1111,PPP2R3A
1112,FERMT2
1113,DHRS9
1114,CD5L
1115,PTGS2
1116,IGF2BP2
1117,MAP3K13
1118,ST6GAL1
1119,TBX21
1120,FRY
1121,PICALM
1122,GLI2
1123,CLASP1
1124,MRPS34
1125,NOTCH3
1126,CLNS1A
1127,PPP2R2C
1128,TEAD2
1129,EED
1130,CDHR2
1131,TSG101
1132,ATP2A3
1133,CA12
1134,MGLL
1135,NTN4
1136,BCS1L
1137,NUAK1
1138,DPP8
1139,SLC24A1
1140,ZNF532
1141,SCARF1
1142,LMAN1
1143,IPCEF1
1144,ZZEF1
1145,ENO1
1146,SLC12A1
1147,ANO8
1148,TUBE1
1149,ARHGEF10L
1150,TXK
1151,WSCD2
1152,TACR2
1153,ACTR6
1154,TIPIN
1155,SRI
1156,EIF4G3
1157,NUP37
1158,SEMA3A
1159,GTSE1
1160,SEMA3C
1161,TTC38
1162,ACAT1
1163,GRAMD4
1164,CELSR1
1165,ZNF638
1166,SLC25A40
1167,TIMM21
1168,ADD2
1169,RASAL2
1170,VPS9D1
1171,ZNF37A
1172,MARK3
1173,SLC25A3
1174,FNDC3B
1175,FOSL2
1176,FRYL
1177,TMEM131
1178,FSCN1
1179,ACTB
1180,MOCOS
1181,PLD1
1182,WDR62
1183,DLG1
1184,RAB7A
1185,BCAP29
1186,SEC31B
1187,SART3
1188,ARHGAP15
1189,TUBA3D
1190,PAX2
1191,EXOSC7
1192,KIFAP3
1193,MKRN2
1194,MCM6
1195,REXO2
1196,RBM7
1197,RBMS2
1198,BAZ2A
1199,PTPN23
1200,MLH1
1201,UNG
1202,FMO4
1203,KLHL20
1204,RGS11
1205,SLC46A1
1206,PLXNA2
1207,SPAG5
1208,ANKRD13A
1209,TPD52
1210,ACACB
1211,TRAF4
1212,PAG1
1213,GPATCH1
1214,ICAM3
1215,NT5C2
1216,MCAM
1217,GPC4
1218,MBNL3
1219,CAMSAP3
1220,RAP1GAP
1221,XAB2
1222,ARHGEF1
1223,STXBP2
1224,MAP2K7
1225,NMRK2
1226,DGKD
1227,CTTNBP2
1228,RARB
1229,TOP2B
1230,TM9SF3
1231,NFKB2
1232,UBE2T
1233,PPP1R12B
1234,DNAJC10
1235,GTF3C1
1236,IL4R
1237,USP33
1238,PAK3
1239,CAPN6
1240,DCX
1241,SNRPA
1242,SPAG6
1243,EXOSC5
1244,APBB1IP
1245,LRCH4
1246,FAM76B
1247,SIRT6
1248,POLD3
1249,ACTN2
1250,CAPZB
1251,GPR137B
1252,JADE1
1253,SLC25A43
1254,UBE2A
1255,FGFR1
1256,FKBP6
1257,SMC1B
1258,FBLN1
1259,ITGA8
1260,CST7
1261,MAP2
1262,PIAS2
1263,AMPH
1264,ARAF
1265,MCCC1
1266,LAMP3
1267,FAP
1268,NEBL
1269,ACER3
1270,UBE2K
1271,PIK3C3
1272,N4BP2
1273,TULP3
1274,SYNJ2
1275,ADCY2
1276,PPP2R5C
1277,GNB1
1278,HOXA9
1279,EDN1
1280,MLLT10
1281,ZCWPW1
1282,ADCYAP1R1
1283,FGF20
1284,P2RY10
1285,ITM2A
1286,VDAC3
1287,PCM1
1288,TNRC6C
1289,CBFA2T2
1290,BRINP1
1291,ITCH
1292,PKD2L2
1293,TP53INP2
1294,SDF4
1295,MYH7B
1296,TP73
1297,TOLLIP
1298,UBE2D4
1299,CLUL1
1300,RUNX1T1
1301,CDH17
1302,THOC1
1303,FKBP7
1304,OSBPL6
1305,SLC1A3
1306,XRCC5
1307,LXN
1308,SP140
1309,MKNK1
1310,TNS1
1311,REXO1
1312,SAR1A
1313,CDC14A
1314,RAPGEF3
1315,CEACAM1
1316,SENP1
1317,CIC
1318,LIPE
1319,FDFT1
1320,PAFAH1B3
1321,OPHN1
1322,AFM
1323,KIF22
1324,SCGN
1325,PGM1
1326,DDX1
1327,DNM2
1328,EPB41L2
1329,RIMS1
1330,MOXD1
1331,STX7
1332,RABL2B
1333,KEAP1
1334,DDX43
1335,PTPRH
1336,DCT
1337,CRYBG3
1338,EPHA6
1339,SCTR
1340,RFX3
1341,RIF1
1342,RAB21
1343,SLC4A4
1344,SMARCA2
1345,RDH8
1346,SESN1
1347,MID2
1348,COL5A3
1349,SRCAP
1350,CPB2
1351,CHRNA3
1352,KCNN2
1353,CNOT4
1354,PSEN1
1355,CPOX
1356,CLDND1
1357,MOK
1358,HSP90AA1
1359,RBL1
1360,DLGAP4
1361,IGSF9B
1362,NDC80
1363,AP4E1
1364,RSBN1
1365,MAGI3
1366,CXCL2
1367,AFP
1368,COL4A4
1369,TCF7
1370,OSTM1
1371,IMPG2
1372,PCNP
1373,EXD2
1374,ARG2
1375,MEF2C
1376,CACNA1S
1377,PKP1
1378,UBA5
1379,STK17B
1380,CDC14B
1381,ZNF510
1382,LRP2
1383,ZNF506
1384,JMJD4
1385,DUSP12
1386,AACS
1387,SLC13A1
1388,CADPS2
1389,PCDHGA2
1390,PHLPP1
1391,ATP8B1
1392,IL12RB2
1393,SMARCD3
1394,WDR70
1395,MPP4
1396,STRADB
1397,BZW1
1398,PGR
1399,C1QTNF3
1400,ME2
1401,C5orf22
1402,CCNT2
1403,FAM135A
1404,COL19A1
1405,EPB41L3
1406,COBLL1
1407,DLG3
1408,KCNK2
1409,SERTAD4
1410,TRAF5
1411,MRPL22
1412,GEMIN5
1413,OPRK1
1414,NFE2L1
1415,SEMA5B
1416,GSK3B
1417,ITGB5
1418,ERC1
1419,XPO1
1420,RNF13
1421,TRPM3
1422,PALB2
1423,LYRM2
1424,BCKDHB
1425,KAT6A
1426,ULK2
1427,GRHL2
1428,TNPO1
1429,PLOD1
1430,P2RX5
1431,ITGAE
1432,DIS3
1433,PIBF1
1434,TDRD3
1435,NUFIP1
1436,PDS5B
1437,OXCT1
1438,RRAGB
1439,EPYC
1440,CYLD
1441,SLC27A5
1442,ZNF324
1443,ZNF671
1444,ZNF416
1445,ZNF586
1446,ZNF446
1447,ZNF264
1448,RPS5
1449,FAT1
1450,CHMP2B
1451,SMAP2
1452,PPIE
1453,ZMPSTE24
1454,STARD7
1455,NOA1
1456,REST
1457,HAL
1458,SSH1
1459,GSTP1
1460,APLP2
1461,WBP11
1462,EIF3I
1463,NKAIN1
1464,COL16A1
1465,TXLNA
1466,NCOA1
1467,AGBL5
1468,EFR3B
1469,KIF3C
1470,RAB10
1471,GCKR
1472,HADHA
1473,MAPRE3
1474,CAD
1475,CD59
1476,CD82
1477,BCORL1
1478,ATRX
1479,FCN1
1480,MYNN
1481,MECOM
1482,SCAMP1
1483,PREP
1484,HACE1
1485,SEH1L
1486,WDR47
1487,WDFY1
1488,OVGP1
1489,SLC25A24
1490,MAP3K4
1491,PILRA
1492,IGSF9
1493,ABCB1
1494,ZNF213
1495,AKR1B1
1496,CPNE3
1497,RRN3
1498,CTTN
1499,WNT11
1500,MTIF2
1501,DDHD2
1502,TTC39A
1503,EPS15
1504,ORC1
1505,MGST2
1506,CHERP
1507,USP40
1508,POMGNT1
1509,RAD54L
1510,MAST2
1511,DNAJA1
1512,B4GALT1
1513,CHMP5
1514,NFX1
1515,AQP6
1516,DIMT1
1517,IPO11
1518,FOLH1
1519,EIF2AK1
1520,NME8
1521,EPDR1
1522,SNX10
1523,SEPHS1
1524,MRPL28
1525,HBQ1
1526,ITPKC
1527,RBM22
1528,TMED2
1529,ZFAND6
1530,HSD17B2
1531,TXLNG
1532,PPEF1
1533,LAT2
1534,HUWE1
1535,ZW10
1536,ALG9
1537,MYBPC2
1538,NOX4
1539,ACOX3
1540,MTMR2
1541,PPP1R15A
1542,HSD17B14
1543,TRIP6
1544,ACHE
1545,FTL
1546,SRRT
1547,BAX
1548,NLK
1549,PIGS
1550,ADAMTS2
1551,ATXN7L3
1552,PGS1
1553,PSMC5
1554,UIMC1
1555,CETP
1556,MMP2
1557,MT3
1558,LPCAT2
1559,GNAO1
1560,OGFOD1
1561,SH3BP2
1562,NOP14
1563,ADD1
1564,L2HGDH
1565,TXNDC16
1566,NID2
1567,GMCL1
1568,SF3B2
1569,KLHL42
1570,GNAS
1571,DNM1L
1572,PTHLH
1573,PHACTR3
1574,ERGIC2
1575,TFAP2C
1576,AURKA
1577,CASS4
1578,PIR
1579,AAMDC
1580,RFX2
1581,METTL2A
1582,SULT2B1
1583,ALG6
1584,PTPN4
1585,DDX18
1586,KHSRP
1587,GNA11
1588,EDEM2
1589,DNMT3B
1590,REM1
1591,TPX2
1592,PDRG1
1593,EPB41L1
1594,SLC15A1
1595,DOCK9
1596,ANKRD10
1597,TGDS
1598,DOCK3
1599,C3orf18
1600,COQ9
1601,KIF9
1602,ARHGAP28
1603,CRLS1
1604,PPP1R13B
1605,ATRN
1606,SMOX
1607,SIGLEC1
1608,FKBP1A
1609,NSFL1C
1610,SLC4A11
1611,ZNF343
1612,EBF4
1613,CPXM1
1614,MAVS
1615,LZTS3
1616,F11
1617,XRN2
1618,DYNLL1
1619,TESC
1620,SNX5
1621,RPL6
1622,SIRPG
1623,MAPKAPK5
1624,P2RX7
1625,ESF1
1626,RBBP9
1627,ANAPC5
1628,SLC23A2
1629,SLC8B1
1630,TMEM230
1631,DZANK1
1632,KDM2B
1633,LHX5
1634,TASP1
1635,OAS1
1636,RPLP0
1637,PXN
1638,SIRT4
1639,RPH3A
1640,KIF16B
1641,TRMT6
1642,CHGB
1643,PEBP1
1644,TBX5
1645,BRAP
1646,ERP29
1647,NOS1
1648,FUS
1649,IGBP1
1650,FXYD5
1651,ZNF302
1652,GRAMD1A
1653,FXYD3
1654,HEPH
1655,CDIP1
1656,CMTM1
1657,KCNH4
1658,GANAB
1659,GMIP
1660,RBM41
1661,BIRC5
1662,LAG3
1663,MLF2
1664,OTUB2
1665,DDX24
1666,ZBTB25
1667,NECAP1
1668,ARHGAP4
1669,ANKRD24
1670,DHX32
1671,RCOR1
1672,GPATCH2L
1673,LTBP4
1674,BLVRB
1675,SLC9A1
1676,SPTLC1
1677,PAPOLA
1678,CCNK
1679,PCBP4
1680,RGS1
1681,YPEL3
1682,MRPS33
1683,NDUFB2
1684,NUDC
1685,MAEA
1686,ICAM1
1687,STRN4
1688,IRAK3
1689,LYZ
1690,MUL1
1691,TFAP4
1692,PDCD7
1693,SPG21
1694,DNAJB11
1695,THPO
1696,CHRD
1697,FLT3LG
1698,GNPTG
1699,ZNF268
1700,GOLGA3
1701,PABPC4
1702,CD209
1703,CERS4
1704,MCOLN1
1705,USP48
1706,EFNB1
1707,PDPR
1708,GLG1
1709,KIF4A
1710,TNRC6A
1711,PLEKHG2
1712,DLL3
1713,NAT14
1714,PITPNM2
1715,EXOC1
1716,RBM27
1717,OSBPL8
1718,NLRC4
1719,PUS7
1720,LAMB4
1721,NRCAM
1722,LAMB1
1723,SLC26A4
1724,DLD
1725,WDR7
1726,TXNL1
1727,IL5RA
1728,ABCC6
1729,CMTM6
1730,ITGA6
1731,RAPGEF4
1732,FH
1733,SEL1L3
1734,TF
1735,CDV3
1736,MYO15A
1737,ALKBH5
1738,NLRP1
1739,PITPNM3
1740,SPAG7
1741,ORC6
1742,ZFHX4
1743,CPA1
1744,ZC3HC1
1745,ESR1
1746,RGS17
1747,ANGPT2
1748,TMEM101
1749,CD200
1750,CCDC80
1751,CMA1
1752,PPP2R3C
1753,HAUS4
1754,JPH4
1755,CEBPE
1756,SLC7A8
1757,SLC22A17
1758,RNF31
1759,SCFD1
1760,G2E3
1761,HECTD1
1762,HNRNPC
1763,RPGRIP1
1764,SUPT16H
1765,TOX4
1766,GEMIN2
1767,DAZL
1768,SEMA6A
1769,TRPM7
1770,TYRO3
1771,WDR76
1772,CAPN3
1773,SNAP23
1774,TBX15
1775,PHGDH
1776,COL9A3
1777,EZR
1778,MYL6
1779,AGO1
1780,TEKT2
1781,CLSPN
1782,RFFL
1783,UNC13D
1784,MFSD11
1785,DPYSL2
1786,TGFB2
1787,GPATCH2
1788,NUP50
1789,CDC45
1790,COMT
1791,ECHDC1
1792,LRRFIP2
1793,SEC22C
1794,XYLB
1795,HDAC6
1796,GABRP
1797,CDC6
1798,UPRT
1799,CDC23
1800,CBX5
1801,FMO2
1802,SUCO
1803,MSH2
1804,MAP3K1
1805,DHPS
1806,HOOK2
1807,ARCN1
1808,EPB41L4B
1809,TMEM38B
1810,PSMD5
1811,PTGS1
1812,NUP188
1813,CRAT
1814,SH2D3C
1815,NANS
1816,TBC1D2
1817,CWF19L1
1818,SEMA4G
1819,BTAF1
1820,IKZF5
1821,BLNK
1822,TLL2
1823,CYP26A1
1824,TDRD1
1825,SORBS1
1826,CRTAC1
1827,BAMBI
1828,IL11
1829,MYO3A
1830,WAC
1831,CREM
1832,NUBP2
1833,TPSD1
1834,HIVEP1
1835,TREM2
1836,FKBP5
1837,SRPK1
1838,BRPF3
1839,MRPS18A
1840,TMEM14A
1841,EFHC1
1842,HSP90AB1
1843,CDC5L
1844,ITPR3
1845,ZNF184
1846,DSP
1847,SIRT1
1848,HNRNPH3
1849,IFT74
1850,JAK2
1851,IL12RB1
1852,ABL1
1853,ACOT7
1854,SH3GLB1
1855,CDC7
1856,SYDE2
1857,PCSK5
1858,SCD
1859,TMED1
1860,ABLIM1
1861,ERMP1
1862,RAB18
1863,NRP1
1864,PRTFDC1
1865,PALMD
1866,TSPAN15
1867,MAST3
1868,MZF1
1869,OCEL1
1870,MYO9B
1871,KCNK6
1872,CATSPERG
1873,PSMD8
1874,FBXL19
1875,STX1B
1876,HSD3B7
1877,SETD1A
1878,BCL7C
1879,MAGEB2
1880,EFNA2
1881,CIRBP
1882,PCDH11Y
1883,IGFALS
1884,HNRNPM
1885,NDUFB7
1886,TECR
1887,TIMM13
1888,CDC34
1889,MTAP
1890,MISP
1891,CEP170B
1892,POLR2E
1893,POLRMT
1894,HCN2
1895,IZUMO4
1896,RASSF7
1897,GADD45B
1898,PALM
1899,MADCAM1
1900,IGF2-AS
1901,MKNK2
1902,ARVCF
1903,TRMT2A
1904,RANBP1
1905,ZDHHC8
1906,KLHL22
1907,MED15
1908,SERPIND1
1909,SNAP29
1910,CRKL
1911,LZTR1
1912,MMP11
1913,CECR2
1914,SMARCB1
1915,P2RX6
1916,DERL3
1917,SLC7A4
1918,BCL2L13
1919,DDTL
1920,OSM
1921,CABIN1
1922,TBC1D10A
1923,SUSD2
1924,SF3A1
1925,GGT5
1926,RNF215
1927,SEC14L2
1928,SEC14L3
1929,SPECC1L
1930,PPIL2
1931,UPB1
1932,YPEL1
1933,SNRPD3
1934,PES1
1935,MAPK1
1936,GGT1
1937,PRODH
1938,PPM1F
1939,SLC35E4
1940,TOP3B
1941,CRYBB3
1942,CYTH4
1943,MFNG
1944,CARD10
1945,LRP5L
1946,SLC25A1
1947,LGALS2
1948,GGA1
1949,HIRA
1950,SH3BP1
1951,SEZ6L
1952,LGALS1
1953,HPS4
1954,PIK3IP1
1955,SRRD
1956,PATZ1
1957,TRIOBP
1958,TFIP11
1959,GCAT
1960,GGTLC2
1961,CRYBB1
1962,ANKRD54
1963,EIF3L
1964,MICALL1
1965,POLR2F
1966,CCDC134
1967,DEPDC5
1968,PICK1
1969,TTC28
1970,SLC16A8
1971,CENPM
1972,SLC5A1
1973,TPTEP1
1974,SLC5A4
1975,KDELR3
1976,DDX17
1977,DMC1
1978,HSCB
1979,CBY1
1980,TOMM22
1981,XBP1
1982,RTCB
1983,JOSD1
1984,FBXO7
1985,GTPBP1
1986,POLDIP3
1987,RAB36
1988,TIMP3
1989,PPP6R2
1990,SBF1
1991,SUN2
1992,CYB5R3
1993,DNAL4
1994,MIOX
1995,LMF2
1996,RHBDD3
1997,PACSIN2
1998,TTLL1
1999,RASL10A
2000,AP1B1
2001,HMGXB4
2002,TOM1
2003,NEFH
2004,CHKB
2005,BIK
2006,HMOX1
2007,MCAT
2008,THOC5
2009,MCM5
2010,APOBEC3H
2011,ARSA
2012,TSPO
2013,RASD2
2014,TTLL12
2015,CBX7
2016,PDGFB
2017,CABP7
2018,RPL3
2019,ZMAT5
2020,SYNGR1
2021,TAB1
2022,ASCC2
2023,MTMR3
2024,MIEF1
2025,APOL4
2026,APOL1
2027,PNPLA3
2028,MYH9
2029,CACNA1I
2030,SAMM50
2031,TXN2
2032,FOXRED2
2033,GRAP2
2034,EIF3D
2035,TNRC6B
2036,SGSM3
2037,IFT27
2038,PVALB
2039,KIAA0930
2040,NCF4
2041,CSF2RB
2042,SLC25A17
2043,UPK3A
2044,FAM118A
2045,KCTD17
2046,ST13
2047,IL2RB
2048,RBX1
2049,EP300
2050,L3MBTL2
2051,CHADL
2052,RANGAP1
2053,ZC3H7B
2054,PHF5A
2055,ACO2
2056,POLR3H
2057,TRMU
2058,PMM1
2059,DESI1
2060,CERK
2061,BRD1
2062,ZBED4
2063,MLC1
2064,HDAC10
2065,KCNK10
2066,ABHD4
2067,KHNYN
2068,FKBP3
2069,SDR39U1
2070,CTSG
2071,GZMH
2072,GZMB
2073,RBM23
2074,PRMT5
2075,COCH
2076,AP4S1
2077,POLE2
2078,VCPKMT
2079,SOS2
2080,CDKL1
2081,NIN
2082,PYGL
2083,TRIM9
2084,PSMC6
2085,GNPNAT1
2086,DDHD1
2087,CDKN3
2088,CNIH1
2089,CGRRF1
2090,ATP6V1D
2091,PLEK2
2092,PIGH
2093,PSMA3
2094,VTI1B
2095,TIMM9
2096,GSTZ1
2097,KIAA0586
2098,TMED8
2099,SAMD15
2100,AHSA1
2101,DAAM1
2102,ISM2
2103,SPTLC2
2104,RIN3
2105,LGMN
2106,ALKBH1
2107,SNW1
2108,ITPK1
2109,DHRS7
2110,PPM1A
2111,SIX4
2112,GALNT16
2113,CEP128
2114,ERH
2115,HIF1A
2116,SRSF5
2117,SLC10A1
2118,EIF5
2119,SERPINA4
2120,SLC8A3
2121,DICER1
2122,ZFYVE21
2123,MTHFD1
2124,TCL1A
2125,ZC3H14
2126,TELO2
2127,BDKRB1
2128,GSKIP
2129,VRK1
2130,PSMC1
2131,PAPLN
2132,RPS6KA5
2133,C14orf93
2134,PSMB5
2135,YY1
2136,ACIN1
2137,TRIP11
2138,PABPN1
2139,EFS
2140,ARHGAP5
2141,CINP
2142,DHRS2
2143,SRP54
2144,CPNE6
2145,CHD8
2146,DCAF11
2147,PSMA6
2148,NFKBIA
2149,EMC9
2150,BRMS1L
2151,TM9SF1
2152,SEC23A
2153,GMPR2
2154,PNN
2155,RABGGTA
2156,PLTP
2157,PCIF1
2158,GSS
2159,MMP9
2160,VSX1
2161,TRPC4AP
2162,PYGB
2163,ABHD12
2164,PROCR
2165,GINS1
2166,NINL
2167,CD40
2168,UQCC1
2169,ZMYND8
2170,SGK2
2171,IFT52
2172,MYBL2
2173,HNF4A
2174,NDRG3
2175,SLA2
2176,NFATC2
2177,PABPC1L
2178,STK4
2179,SALL4
2180,ADNP
2181,PFDN4
2182,DOK5
2183,CSTF1
2184,BMP7
2185,RAE1
2186,TPD52L2
2187,DNAJC5
2188,NELFCD
2189,CTSZ
2190,PRPF6
2191,TUBB1
2192,MTG2
2193,PSMA7
2194,SLCO4A1
2195,NTSR1
2196,MRGBP
2197,TCFL5
2198,DIDO1
2199,GID8
2200,SLC17A9
2201,BIRC7
2202,NKAIN4
2203,ARFGAP1
2204,AVP
2205,COL20A1
2206,EEF1A2
2207,PTK6
2208,GMEB2
2209,SPEF1
2210,CDC25B
2211,ISM1
2212,RNF24
2213,ARFRP1
2214,NDUFAF5
2215,SEL1L2
2216,TRIB3
2217,RASSF2
2218,CSNK2A1
2219,SLC52A3
2220,ANGPT4
2221,RSPO4
2222,CDS2
2223,PROKR2
2224,HM13
2225,SNPH
2226,MYLK2
2227,SIRPB1
2228,SEC23B
2229,FERMT1
2230,CCM2L
2231,PLCB4
2232,MYL9
2233,HCK
2234,TM9SF4
2235,TLDC2
2236,CRNKL1
2237,POFUT1
2238,SAMHD1
2239,KIF3B
2240,NOP56
2241,MANBAL
2242,IDH3B
2243,MAPRE1
2244,JAG1
2245,CDK5RAP1
2246,SNTA1
2247,OXT
2248,TTI1
2249,E2F1
2250,RPRD1B
2251,PXMP4
2252,CHMP4B
2253,BPI
2254,SLC32A1
2255,CST3
2256,ASIP
2257,ACTR5
2258,WFDC2
2259,AHCY
2260,PPP1R16B
2261,FAM83D
2262,DHX35
2263,DNTTIP1
2264,MAP1LC3A
2265,SYNDIG1
2266,PIGU
2267,TNNC2
2268,ACOT8
2269,APMAP
2270,CELF4
2271,ZNF516
2272,CDH20
2273,ADNP2
2274,RBFA
2275,USP14
2276,VAPA
2277,METTL4
2278,LPIN2
2279,SMCHD1
2280,MYOM1
2281,MYL12A
2282,CEP76
2283,ST8SIA5
2284,CEP192
2285,RNMT
2286,SMAD7
2287,LIPG
2288,LAMA1
2289,RNF125
2290,ANKRD12
2291,NOL4
2292,POLI
2293,MIB1
2294,RBBP8
2295,RIOK3
2296,CSTF2
2297,MXRA5
2298,VSIG1
2299,PSMD10
2300,ATG4A
2301,STS
2302,TBL1X
2303,GPR143
2304,PGRMC1
2305,POLA1
2306,MID1
2307,NKAP
2308,RHOXF1
2309,NXT2
2310,ALG13
2311,PRPS2
2312,TLR8
2313,MOSPD1
2314,AMMECR1
2315,CHRDL1
2316,WDR13
2317,SUV39H1
2318,SRPX
2319,GLRA2
2320,XIAP
2321,STAG2
2322,ATP11C
2323,MCF2
2324,ABCD1
2325,CCDC22
2326,CACNA1F
2327,SYP
2328,PLP2
2329,BMX
2330,PLS3
2331,NAA10
2332,RENBP
2333,ELF4
2334,SMARCA1
2335,MTMR8
2336,ASB9
2337,ZC3H12B
2338,RBBP7
2339,KCND1
2340,SLC25A14
2341,FMR1
2342,PIM2
2343,SCML2
2344,PQBP1
2345,PCSK1N
2346,EMD
2347,RAB40AL
2348,PGK1
2349,GATA1
2350,MAGT1
2351,SMS
2352,PHEX
2353,UBL4A
2354,CD99L2
2355,EEA1
2356,RP2
2357,JADE3
2358,CDK16
2359,USP11
2360,PCYT1B
2361,HTATSF1
2362,CD40LG
2363,TIMP1
2364,KLHL4
2365,GABRE
2366,PCDH11X
2367,FGD1
2368,PIN4
2369,PORCN
2370,MAGED2
2371,RBM3
2372,KLF8
2373,SRPX2
2374,SYTL4
2375,ZDHHC15
2376,CENPI
2377,DRP2
2378,TAF7L
2379,PBDC1
2380,GLA
2381,ARMCX3
2382,BEX4
2383,NALCN
2384,FGF14
2385,HTR2A
2386,NDFIP2
2387,TNFSF13B
2388,FNDC3A
2389,CDADC1
2390,CAB39L
2391,KLF5
2392,STK24
2393,ACP5
2394,DNAJC3
2395,UGGT2
2396,ARHGEF7
2397,FGF9
2398,SGCG
2399,PARP4
2400,SUPT20H
2401,MRPS31
2402,SLC25A15
2403,KPNA3
2404,FLT1
2405,RGCC
2406,VWA8
2407,DGKH
2408,KATNAL1
2409,INTS6
2410,DHRS12
2411,MEDAG
2412,TSC22D1
2413,CLN5
2414,MSLN
2415,MGRN1
2416,ZNF629
2417,TRADD
2418,HSF4
2419,CORO1A
2420,MAPK3
2421,GDPD3
2422,ELMO3
2423,PHKB
2424,LYRM1
2425,NUTF2
2426,NUP93
2427,CENPT
2428,TSNAXIP1
2429,NFAT5
2430,LONP2
2431,N4BP1
2432,CBLN1
2433,ARL2BP
2434,PLLP
2435,ZNF423
2436,CCL22
2437,DHODH
2438,CCL17
2439,CTCF
2440,ACD
2441,POLR2C
2442,PARD6A
2443,ZNF821
2444,MMP15
2445,USB1
2446,CYB5B
2447,NME3
2448,NDRG4
2449,PSMD7
2450,SETD6
2451,SLC38A7
2452,VAC14
2453,HAS3
2454,TANGO6
2455,COG4
2456,SMPD3
2457,SLC7A6OS
2458,SLC7A6
2459,PLA2G15
2460,ESRP2
2461,FA2H
2462,WDR59
2463,MON1B
2464,AXIN1
2465,HCFC1R1
2466,NPRL3
2467,MLYCD
2468,MPG
2469,NECAB2
2470,HSDL1
2471,TAF1C
2472,NAGPA
2473,WFDC1
2474,COTL1
2475,USP10
2476,CRISPLD2
2477,TSC2
2478,ZNF500
2479,NME4
2480,ABCC1
2481,NOMO3
2482,LMF1
2483,FOXF1
2484,MTHFSD
2485,CLCN7
2486,HAGHL
2487,SLC7A5
2488,METRN
2489,FBXO31
2490,STUB1
2491,RHBDL1
2492,NUBP1
2493,UBE2I
2494,MEFV
2495,CRYM
2496,EEF2K
2497,CAPN15
2498,PIEZO1
2499,GSPT1
2500,ZNF174
2501,CLUAP1
2502,UBFD1
2503,EARS2
2504,GGA2
2505,AQP8
2506,CPPED1
2507,USP31
2508,HMOX2
2509,SALL1
2510,TOX3
2511,RBL2
2512,QPRT
2513,XYLT1
2514,PYCARD
2515,RPGRIP1L
2516,MAZ
2517,STX4
2518,CDIPT
2519,BCKDK
2520,KAT8
2521,NOMO1
2522,IL21R
2523,SYT17
2524,TMC5
2525,CCP110
2526,RNF40
2527,KNOP1
2528,AQP9
2529,AAGAB
2530,IQCH
2531,LACTB
2532,CORO2B
2533,CSK
2534,HERC1
2535,TRIP4
2536,MTFMT
2537,RASL12
2538,AP3B2
2539,ACSBG1
2540,IGDCC4
2541,RAB11A
2542,CTSH
2543,TTC23
2544,CD276
2545,FAH
2546,RPAP1
2547,HOMER2
2548,EHD4
2549,TMEM87A
2550,ZNF106
2551,CEP152
2552,ATP8B4
2553,OCA2
2554,DTWD1
2555,GABPB1
2556,BMF
2557,DMXL2
2558,SCG3
2559,DNAJC17
2560,EIF3J
2561,SPG11
2562,RHOV
2563,VPS18
2564,OIP5
2565,SLC30A4
2566,BLOC1S6
2567,MYEF2
2568,SGK3
2569,PDGFRL
2570,CSPP1
2571,ZDHHC2
2572,BRF2
2573,TRIM35
2574,ZFAND1
2575,RP1
2576,CA2
2577,FZD3
2578,INTS9
2579,RIPK2
2580,EYA1
2581,NBN
2582,TRPA1
2583,CPQ
2584,DECR1
2585,CALB1
2586,SFRP1
2587,LAPTM4B
2588,UBE2W
2589,POP1
2590,NIPAL2
2591,IKBKB
2592,PLAT
2593,JPH1
2594,DKK4
2595,STK3
2596,GDAP1
2597,RAB2A
2598,EIF3E
2599,EMC2
2600,ESRP1
2601,NDRG1
2602,ZC2HC1A
2603,IL7
2604,STMN2
2605,ARMC1
2606,TRPS1
2607,SPAG1
2608,CHRAC1
2609,NCALD
2610,SNX16
2611,GML
2612,UBR5
2613,GSDMD
2614,EEF1D
2615,ANXA13
2616,SQLE
2617,SH2D4A
2618,INTS10
2619,ERI1
2620,SLC39A14
2621,MTMR9
2622,LEPROTL1
2623,DCTN6
2624,R3HCC1
2625,GSR
2626,TNFRSF10A
2627,PPP2CB
2628,NEFM
2629,TUSC3
2630,ARHGEF10
2631,KLHDC4
2632,MCM4
2633,KCTD9
2634,ASAH1
2635,BNIP3L
2636,MAN2B1
2637,KCNN4
2638,TULP2
2639,NUCB1
2640,DHDH
2641,GYS1
2642,MAP4K1
2643,ECH1
2644,LHB
2645,TUBB4A
2646,KCNA7
2647,SNRNP70
2648,CLPTM1
2649,RELB
2650,CLASRP
2651,LIN7B
2652,PPP1R37
2653,FCGRT
2654,PIH1D1
2655,CKM
2656,ARHGEF18
2657,PPP1R13L
2658,PEX11G
2659,ERCC2
2660,DOT1L
2661,PLEKHJ1
2662,SLC17A7
2663,RNASEH2A
2664,KLC3
2665,CD37
2666,SF3A2
2667,AMH
2668,DKKL1
2669,LYL1
2670,OAZ1
2671,TRMT1
2672,STX10
2673,RETN
2674,FCER2
2675,DMPK
2676,CLEC4M
2677,TBC1D17
2678,IL4I1
2679,TLE6
2680,PTOV1
2681,NOVA2
2682,SGTA
2683,MED25
2684,SNAPC2
2685,C19orf53
2686,TIMM44
2687,CCDC61
2688,TNNT1
2689,VRK3
2690,FAM32A
2691,PPP6R1
2692,C19orf44
2693,MED26
2694,OLFM2
2695,RASAL3
2696,AKAP8
2697,EPHX3
2698,ZNF419
2699,SYDE1
2700,CASP14
2701,AURKC
2702,POP4
2703,CCNE1
2704,URI1
2705,PDCD5
2706,ANKRD27
2707,RPS16
2708,TIMM50
2709,DYRK1B
2710,CLC
2711,GPI
2712,AKT2
2713,PLD3
2714,PRX
2715,PIAS4
2716,NUMBL
2717,EBI3
2718,SHD
2719,TBCB
2720,FSD1
2721,POLR2I
2722,OVOL3
2723,CLIP3
2724,ZFR2
2725,SLC1A5
2726,PRKD2
2727,TJP3
2728,APLP1
2729,CACTIN
2730,CCDC9
2731,HNRNPUL1
2732,FZR1
2733,BBC3
2734,TGFB1
2735,DENND3
2736,PLIN3
2737,MYH14
2738,MRPL4
2739,SIGLEC8
2740,CD79A
2741,LIM2
2742,ICAM4
2743,RPS19
2744,NKG7
2745,ICAM5
2746,ETFB
2747,CD33
2748,CRX
2749,BABAM1
2750,TYK2
2751,SULT2A1
2752,CDC37
2753,NAPA
2754,RABAC1
2755,ATP1A3
2756,MEIS3
2757,PTPRS
2758,CNFN
2759,MEGF8
2760,KDELR1
2761,CYTH2
2762,GRWD1
2763,GRIN2D
2764,SYNGR4
2765,CLEC11A
2766,CARD8
2767,LIG1
2768,SIGLEC6
2769,ZNF175
2770,PLA2G4C
2771,CABP5
2772,HAS1
2773,RAB3D
2774,DBP
2775,TMEM205
2776,CAPS
2777,FAM83E
2778,RASIP1
2779,BCAT2
2780,MIER2
2781,PLEKHA4
2782,PPP2R1A
2783,TNPO2
2784,WDR83OS
2785,CACNG7
2786,GCDH
2787,KLF1
2788,DNASE2
2789,MAST1
2790,TFPT
2791,JAK3
2792,RPL18A
2793,SLC5A5
2794,KCNN1
2795,ARRDC2
2796,PIK3R2
2797,RAB3A
2798,PDE4C
2799,ISYNA1
2800,ELL
2801,CRTC1
2802,COMP
2803,UPK1A
2804,COPE
2805,DDX49
2806,ETV2
2807,ARMC6
2808,TMEM147
2809,GAPDHS
2810,MAG
2811,TMEM59L
2812,HAMP
2813,USF2
2814,LSR
2815,KXD1
2816,FKBP8
2817,SUGP1
2818,HPN
2819,ZNF14
2820,SCN1B
2821,PBX4
2822,ERF
2823,GSK3A
2824,ATP13A1
2825,ZNF574
2826,GRIK5
2827,SIPA1L3
2828,ZNF85
2829,ETHE1
2830,CADM4
2831,SMG9
2832,AVL9
2833,RUNDC3B
2834,GTPBP10
2835,RASA4
2836,CDK6
2837,PMPCB
2838,DNAJC2
2839,TFPI2
2840,BET1
2841,NAMPT
2842,PIK3CG
2843,PON3
2844,PON2
2845,ITGB8
2846,HBP1
2847,SP4
2848,WDR91
2849,DNAH11
2850,CBLL1
2851,DLX5
2852,MTPN
2853,STEAP1B
2854,PTN
2855,ATP6V0A4
2856,ZC3HAV1
2857,OGDH
2858,ADAP1
2859,TFEC
2860,CAV2
2861,CAV1
2862,MET
2863,RNF32
2864,LMBR1
2865,WNT2
2866,HOXA1
2867,DNAJB6
2868,HOXA2
2869,HOXA3
2870,LFNG
2871,HOXA5
2872,HOXA6
2873,BRAT1
2874,IQCE
2875,ANKRD7
2876,VIPR2
2877,TSPAN12
2878,HOXA13
2879,CPED1
2880,HIBADH
2881,TAX1BP1
2882,CPVL
2883,CHN2
2884,GRB10
2885,ABHD11
2886,COBL
2887,FKBP14
2888,PLEKHA8
2889,STX1A
2890,NOD1
2891,CRHR2
2892,CASP2
2893,CHCHD2
2894,HSPB1
2895,NPTX2
2896,PDAP1
2897,BUD31
2898,PTCD1
2899,CYP3A5
2900,ZKSCAN1
2901,EIF3B
2902,SNX8
2903,NUDT1
2904,PTPRZ1
2905,TAF6
2906,WASL
2907,AIMP2
2908,TFR2
2909,FSCN3
2910,MOSPD3
2911,PAX4
2912,PCOLCE
2913,FBXO24
2914,PPP1R17
2915,RBM28
2916,USP42
2917,IMPDH1
2918,AGFG2
2919,LSM5
2920,SERPINE1
2921,AP1S1
2922,MOGAT3
2923,C1GALT1
2924,PLOD3
2925,RPA3
2926,ZNHIT1
2927,CLDN15
2928,GLCCI1
2929,PHF14
2930,NRF1
2931,TMEM106B
2932,EZH2
2933,CEP41
2934,ZNF862
2935,SFRP4
2936,MEST
2937,MEOX2
2938,ANKMY2
2939,ACTR3C
2940,POU6F2
2941,TSPAN13
2942,RARRES2
2943,AGR2
2944,AHR
2945,CHCHD3
2946,GIMAP2
2947,TMEM176B
2948,GLI3
2949,MRPL32
2950,COA1
2951,BLVRA
2952,URGCP
2953,TMEM248
2954,RHEB
2955,PRKAG2
2956,AEBP1
2957,POLD2
2958,MYL7
2959,GCK
2960,BCL7B
2961,YKT6
2962,TBL2
2963,CLIP2
2964,EIF4H
2965,LIMK1
2966,SPATA6L
2967,SLC1A1
2968,LHX2
2969,FKTN
2970,FSD1L
2971,CNTNAP3
2972,SPIN1
2973,NMRK1
2974,TMEM245
2975,PRUNE2
2976,MEGF9
2977,TRIM14
2978,CORO2A
2979,TGFBR1
2980,SEC61B
2981,C5
2982,ASPN
2983,TLE4
2984,LHX6
2985,PTGR1
2986,SUSD1
2987,AMBP
2988,AKNA
2989,TNFSF8
2990,DNM1
2991,ENG
2992,AK1
2993,CDC37L1
2994,RLN2
2995,RLN1
2996,PLGRKT
2997,TBC1D13
2998,KDM4C
2999,DOCK8
3000,KANK1
3001,ELAVL2
3002,NCS1
3003,TESK1
3004,KCNT1
3005,CA9
3006,FUBP3
3007,CREB3
3008,RGP1
3009,MPDZ
3010,EDF1
3011,PIP5K1B
3012,GLIS3
3013,BAG1
3014,RAPGEF1
3015,NPDC1
3016,SETX
3017,PTGDS
3018,ABCA2
3019,SHB
3020,UBE2R2
3021,ABHD17B
3022,EXOSC3
3023,ZFAND5
3024,DVL1
3025,PDLIM1
3026,CCNJ
3027,DNTT
3028,GATA3
3029,ATRNL1
3030,HPS1
3031,PHYH
3032,RASSF4
3033,DNMBP
3034,RAB11FIP2
3035,CXCL12
3036,ERLIN1
3037,EIF3A
3038,PKD2L1
3039,CUBN
3040,TRDMT1
3041,DDX50
3042,MAPK8
3043,SEC23IP
3044,ATE1
3045,NSMCE4A
3046,PLEKHA1
3047,PALD1
3048,UNC5B
3049,CDH23
3050,SPOCK2
3051,MICU1
3052,PPP3CB
3053,CCSER2
3054,BMPR1A
3055,MINPP1
3056,ACTA2
3057,LIPA
3058,LZTS2
3059,SFXN3
3060,KAZALD1
3061,FBXW4
3062,FGF8
3063,NPM3
3064,TNKS2
3065,PITX3
3066,GBF1
3067,ARHGAP21
3068,CPEB3
3069,FBXL15
3070,CUEDC2
3071,SUFU
3072,ANKRD26
3073,ACBD5
3074,LHPP
3075,LARP4B
3076,GTPBP4
3077,EDRF1
3078,BCCIP
3079,MTPAP
3080,NEURL1
3081,SH3PXD2A
3082,PITRM1
3083,MAP3K8
3084,DKK1
3085,EBF3
3086,GLRX3
3087,SORCS1
3088,XPNPEP1
3089,SMC3
3090,SHOC2
3091,TFAM
3092,CCDC6
3093,CUL2
3094,CCNY
3095,UBE2S
3096,RPL28
3097,ZMIZ1
3098,DNAJC12
3099,PPIF
3100,PBLD
3101,TSPAN14
3102,TBC1D12
3103,CRYBA1
3104,NUFIP2
3105,GIT1
3106,RPL19
3107,FBXL20
3108,RUNDC3A
3109,UBTF
3110,CSF3
3111,PSMD3
3112,CASC3
3113,RAPGEFL1
3114,RGS9
3115,RNF43
3116,ASPA
3117,RAD51C
3118,MTMR4
3119,TRIM37
3120,P2RX1
3121,DHX40
3122,TUBD1
3123,KPNB1
3124,GOSR2
3125,PNPO
3126,RPS6KB1
3127,CDK5RAP3
3128,CBX1
3129,RECQL5
3130,PIGL
3131,GALK1
3132,INTS2
3133,CAMTA2
3134,MED13
3135,HOXB6
3136,ENO3
3137,PFN1
3138,RNF167
3139,SLC25A11
3140,RASD1
3141,CHRNE
3142,RAI1
3143,NUP88
3144,C1QBP
3145,SLC6A4
3146,BLMH
3147,CPD
3148,GOSR1
3149,CCDC47
3150,MED31
3151,DRG2
3152,FTSJ3
3153,AKAP10
3154,ALDH3A1
3155,SMARCD2
3156,ICAM2
3157,SYNGR2
3158,B9D1
3159,UTP6
3160,DDX5
3161,C17orf75
3162,CYTH1
3163,PSMD11
3164,LGALS3BP
3165,ASIC2
3166,CCL7
3167,CCL2
3168,CCL8
3169,CCL1
3170,PEX12
3171,DHX58
3172,KAT2A
3173,RAB5C
3174,NAGLU
3175,HSD17B1
3176,MLX
3177,CNTNAP1
3178,ABI3
3179,EZH1
3180,DLX4
3181,PPP1R9B
3182,COL1A1
3183,SGCA
3184,MRPL27
3185,VAT1
3186,LRRC59
3187,RND2
3188,ALOX12
3189,HDAC5
3190,ABCC3
3191,LUC7L3
3192,PPY
3193,MPP2
3194,SMURF2
3195,DUSP3
3196,EFTUD2
3197,HLF
3198,SLC16A6
3199,PRKAR1A
3200,EFNB3
3201,FAM20A
3202,MMD
3203,RANGRF
3204,DPH1
3205,MAP2K6
3206,DHRS7B
3207,WSB1
3208,RCVRN
3209,MYH3
3210,NAT9
3211,VTN
3212,TNFAIP1
3213,IFT20
3214,TMEM97
3215,CDR2L
3216,PMP22
3217,UNC119
3218,ALDOC
3219,SUPT6H
3220,RAB34
3221,PHF12
3222,TMEM33
3223,GABRA4
3224,SLAIN2
3225,OCIAD1
3226,DCUN1D4
3227,USP46
3228,SULT1E1
3229,CHIC2
3230,NMU
3231,LAMTOR3
3232,PF4V1
3233,NFKB1
3234,AREG
3235,MANBA
3236,UBE2D3
3237,MAPK10
3238,ELF2
3239,NDUFC1
3240,TBC1D9
3241,ZNF330
3242,INPP4B
3243,GAB1
3244,KLHL2
3245,IL2
3246,CPE
3247,RPL34
3248,WFS1
3249,ANXA10
3250,GRPEL1
3251,GAR1
3252,CLCN3
3253,AADAT
3254,GALNT7
3255,DHX15
3256,SOD3
3257,SEPSECS
3258,TRIM2
3259,SLC2A9
3260,FBXW7
3261,NEIL3
3262,TBC1D19
3263,CLNK
3264,SH3D19
3265,STIM2
3266,NKX3-2
3267,GLRB
3268,BST1
3269,RAPGEF2
3270,HGFAC
3271,SNX25
3272,LRP2BP
3273,UFSP2
3274,KLF3
3275,KLHL5
3276,FAM149A
3277,NCAPG
3278,UGDH
3279,PPARGC1A
3280,DDX25
3281,CRYAB
3282,HTATIP2
3283,CTSC
3284,CCDC34
3285,ZBTB16
3286,ELP4
3287,MTCH2
3288,TECTA
3289,SC5D
3290,CRTAM
3291,B3GAT1
3292,HSPA8
3293,VWA5A
3294,DNAJC4
3295,SIAE
3296,SNX15
3297,LPXN
3298,DTX4
3299,ATG2A
3300,EHD1
3301,OSBP
3302,UNC93B1
3303,PUS3
3304,DCPS
3305,FOXRED1
3306,PPP6R3
3307,NRXN2
3308,MS4A6A
3309,MS4A4A
3310,ST3GAL4
3311,CPT1A
3312,CCND1
3313,CCDC86
3314,PRPF19
3315,TMEM109
3316,HPX
3317,TRIM3
3318,FOLR1
3319,ANAPC15
3320,FOLR3
3321,PANX1
3322,ARHGEF17
3323,CEP164
3324,RNF141
3325,EIF4G2
3326,IL10RA
3327,GALNT18
3328,BIRC2
3329,UBE4A
3330,DDX6
3331,UPK2
3332,CBL
3333,HIPK3
3334,KIAA1549L
3335,FBXO3
3336,PDHX
3337,SLC1A2
3338,COMMD9
3339,SLC15A3
3340,CD5
3341,ACCS
3342,MDK
3343,AMBRA1
3344,MADD
3345,PTPMT1
3346,NAA40
3347,CD81
3348,SLC35F2
3349,C11orf21
3350,ELMOD1
3351,CALCA
3352,SOX6
3353,C11orf58
3354,PITPNM1
3355,RPS13
3356,AIP
3357,NUP98
3358,NDUFS8
3359,TCIRG1
3360,CHKA
3361,EXPH5
3362,HPS5
3363,POU2AF1
3364,PTPN5
3365,VWF
3366,PSMD9
3367,PPFIBP1
3368,PRPF40B
3369,CD69
3370,PRDM4
3371,CLEC2B
3372,COQ5
3373,SELPLG
3374,CORO1C
3375,ASIC1
3376,DAO
3377,CAPRIN2
3378,TSPAN11
3379,KCTD10
3380,SLC11A2
3381,MLEC
3382,MVK
3383,CSRNP2
3384,CAMKK2
3385,BIN2
3386,IL23A
3387,PTGES3
3388,SYT10
3389,BCL7A
3390,RSRC2
3391,CYP27B1
3392,LIN7A
3393,KRT18
3394,ACSS3
3395,GLI1
3396,PPM1H
3397,METAP2
3398,LTA4H
3399,ELK3
3400,SLC6A12
3401,WNT5B
3402,MAGOHB
3403,TRPV4
3404,ITFG2
3405,FOXM1
3406,PRR4
3407,PRMT8
3408,PARP11
3409,ARPC3
3410,GPN3
3411,VPS29
3412,MYL2
3413,RAD51AP1
3414,CUX2
3415,SH2B3
3416,AKAP3
3417,KCNA1
3418,DUSP16
3419,CREBL2
3420,ACAD10
3421,ALDH2
3422,CDKN1B
3423,NAA25
3424,GSG1
3425,SCNN1A
3426,LTBR
3427,OGFOD2
3428,CDK2AP1
3429,OAS3
3430,OAS2
3431,ART4
3432,MGP
3433,RASAL1
3434,ARHGDIB
3435,GTF2H3
3436,EIF2B1
3437,DDX55
3438,SLC38A1
3439,RERGL
3440,ENDOU
3441,VDR
3442,FZD10
3443,RFC5
3444,STX2
3445,COPZ1
3446,TBC1D30
3447,CAND1
3448,IL26
3449,IFNG
3450,RAB5B
3451,NUP107
3452,CNOT2
3453,TIMELESS
3454,CPSF6
3455,KRR1
3456,MRPL51
3457,GAPDH
3458,NOP2
3459,CHD4
3460,ACRBP
3461,COPS7A
3462,ING4
3463,GNB3
3464,CDCA3
3465,CHPT1
3466,USP5
3467,TPI1
3468,GNPTAB
3469,SPSB2
3470,ENO2
3471,ATN1
3472,C12orf57
3473,PTPN6
3474,LPCAT3
3475,NT5DC3
3476,SLCO1B3
3477,NANOG
3478,SUDS3
3479,GOLT1B
3480,GYS2
3481,LDHB
3482,PRKAB1
3483,CMAS
3484,HCFC2
3485,ST8SIA1
3486,CLEC4A
3487,C2CD5
3488,AICDA
3489,RAB35
3490,PHC1
3491,COX6A1
3492,RFX4
3493,RIC8B
3494,SRSF9
3495,FGFR1OP2
3496,KLRB1
3497,COL12A1
3498,BTN3A3
3499,TDP2
3500,FRK
3501,DSE
3502,RWDD1
3503,RSPH4A
3504,MAK
3505,TMEM14C
3506,PAK1IP1
3507,GCNT2
3508,SMIM8
3509,NEDD9
3510,CEP85L
3511,ADTRP
3512,ASF1A
3513,MCM9
3514,FAM184A
3515,RNGTT
3516,MAN1A1
3517,GABRR2
3518,SERINC1
3519,HDDC2
3520,TPD52L1
3521,HINT3
3522,NCOA7
3523,SASH1
3524,UST
3525,ULBP1
3526,FBXO5
3527,MTRF1L
3528,PPARD
3529,OPRM1
3530,FANCE
3531,TULP1
3532,SLC26A8
3533,MAPK14
3534,RHAG
3535,KCTD20
3536,STK38
3537,SRSF3
3538,MRPL18
3539,MCM3
3540,RNF8
3541,PHACTR1
3542,MDGA1
3543,FBXO9
3544,CD83
3545,MDN1
3546,GLP1R
3547,SAYSD1
3548,BMP5
3549,BACH2
3550,RBM24
3551,CAP2
3552,TREML2
3553,ZNF451
3554,BAG2
3555,RAB23
3556,FHL5
3557,GPR63
3558,KHDRBS2
3559,FBXL4
3560,CCNC
3561,PRDM13
3562,E2F3
3563,PTP4A1
3564,SIM1
3565,ASCC3
3566,COL9A1
3567,MED23
3568,WASF1
3569,GPLD1
3570,ALDH5A1
3571,VNN1
3572,VNN2
3573,ACOT13
3574,SMAP1
3575,RPS12
3576,C6orf62
3577,B3GAT2
3578,GMNN
3579,EYA4
3580,SOBP
3581,NR2E1
3582,SNX3
3583,SLC17A2
3584,HBS1L
3585,TRIM38
3586,PEX7
3587,ZBTB24
3588,FIG4
3589,PERP
3590,SLC16A10
3591,HECA
3592,PHACTR2
3593,EPM2A
3594,CCR6
3595,SLC22A2
3596,PHF1
3597,CUTA
3598,PACRG
3599,QKI
3600,PDE10A
3601,MDFI
3602,TFEB
3603,SMOC2
3604,CCND3
3605,BYSL
3606,TBP
3607,GUCA1B
3608,PRPH2
3609,PPP2R5D
3610,MRPL2
3611,PTK7
3612,SRF
3613,CUL9
3614,DNPH1
3615,DUSP22
3616,EXOC2
3617,COX7A2
3618,TMEM30A
3619,GMDS
3620,SENP6
3621,IMPG1
3622,VEGFA
3623,TTK
3624,SLC29A1
3625,LAMA4
3626,CLIC5
3627,FBRSL1
3628,ENPP5
3629,LY86
3630,PRSS16
3631,TBX18
3632,HARS2
3633,NUDT12
3634,CEP72
3635,MAN2A1
3636,SEMA5A
3637,C7
3638,GHR
3639,HMGCS1
3640,DAP
3641,NME5
3642,BRD8
3643,KIF20A
3644,NNT
3645,MRPS30
3646,HSPA9
3647,MRPS27
3648,PFDN1
3649,HBEGF
3650,LOX
3651,GZMK
3652,APBB3
3653,TMCO6
3654,SPARC
3655,IK
3656,HMGCR
3657,FAF2
3658,HAND1
3659,PCDHB5
3660,PCDHB7
3661,CLK4
3662,PCDHB15
3663,HAVCR1
3664,GRM6
3665,ITK
3666,RNF130
3667,THG1L
3668,ARSB
3669,CLINT1
3670,THBS4
3671,CNOT6
3672,IL12B
3673,BTNL8
3674,TTC1
3675,MSH3
3676,RASGRF2
3677,CCNG1
3678,POLR3G
3679,DROSHA
3680,CDH6
3681,LMNB1
3682,ARRDC3
3683,GOLPH3
3684,SUB1
3685,NPR3
3686,LNPEP
3687,PDE4D
3688,RAD1
3689,BRIX1
3690,AGXT2
3691,PRLR
3692,IL4
3693,RAD50
3694,ST8SIA4
3695,GNPDA1
3696,PCDH12
3697,SKP1
3698,NUP155
3699,PPP2CA
3700,FGF1
3701,NR3C1
3702,C5orf15
3703,PPWD1
3704,LIFR
3705,TRIM23
3706,TRAPPC13
3707,C9
3708,SEC24A
3709,TXNDC15
3710,TTC33
3711,WWC1
3712,TCERG1
3713,DPYSL3
3714,SMAD5
3715,CSNK1A1
3716,HMGXB3
3717,ERGIC1
3718,PDGFRB
3719,CDX1
3720,ATP6V0E1
3721,BNIP1
3722,STC2
3723,CPEB4
3724,HRH2
3725,DBN1
3726,ZNF346
3727,UNC5A
3728,EHHADH
3729,CNTN3
3730,SMC4
3731,ACTR8
3732,TBCCD1
3733,TIMMDC1
3734,CRBN
3735,BCL6
3736,HGD
3737,CLDN16
3738,ARL6
3739,NPHP3
3740,CD86
3741,AMOTL2
3742,NIT2
3743,FAM162A
3744,OGG1
3745,KPNA1
3746,PCCB
3747,UBE3A
3748,ARMC8
3749,CEP70
3750,RBP1
3751,SLC25A36
3752,GRK7
3753,RNF7
3754,TFDP2
3755,XRN1
3756,KAT2B
3757,BCHE
3758,SERPINI2
3759,PDCD10
3760,LRRC31
3761,WNT5A
3762,PFKFB4
3763,COL7A1
3764,FGF12
3765,PRKAR2A
3766,HES1
3767,USP4
3768,ACAP2
3769,ECT2
3770,GNAT1
3771,GNAI2
3772,TFG
3773,USP9Y
3774,HYAL1
3775,TUSC2
3776,NPRL2
3777,RPL24
3778,CYB561D2
3779,FXR1
3780,CBLB
3781,BBX
3782,IFT57
3783,GNB4
3784,HHLA2
3785,GBE1
3786,MORC1
3787,UMPS
3788,NCBP2
3789,SNX4
3790,C3orf52
3791,FRMD4B
3792,SLC41A3
3793,PLXNA1
3794,ATP6V1A
3795,ABTB1
3796,PODXL2
3797,UPK1B
3798,CSPG5
3799,KLHL18
3800,SCAP
3801,EFCC1
3802,NEK11
3803,MRPL3
3804,PLSCR4
3805,HEMK1
3806,CISH
3807,MAPKAPK3
3808,ACVR2B
3809,WDR48
3810,COMMD2
3811,GORASP1
3812,PEX5L
3813,RRP9
3814,ABCC5
3815,ABHD14B
3816,EIF1B
3817,KLHL24
3818,PLCH1
3819,VIPR1
3820,DNAH1
3821,SSR3
3822,ZBTB47
3823,TNNC1
3824,NKTR
3825,CLCN2
3826,FOXP1
3827,EIF4G1
3828,SPCS1
3829,NEK4
3830,SLC4A3
3831,EEF1B2
3832,ADAM23
3833,DGUOK
3834,MOB1A
3835,KANSL3
3836,LMAN2L
3837,RTKN
3838,TTL
3839,IL1A
3840,CCL20
3841,PIKFYVE
3842,KCNIP3
3843,NCL
3844,SLC35F5
3845,ZAP70
3846,ACTR3
3847,STEAP3
3848,EPB41L5
3849,TFCP2L1
3850,TP53I3
3851,DNAJC27
3852,POMC
3853,STAM2
3854,OTOF
3855,GPD2
3856,CENPA
3857,CYTIP
3858,ACVR1
3859,TANC1
3860,SLC30A3
3861,MPV17
3862,GTF3C2
3863,EIF2B4
3864,NRBP1
3865,ITGB6
3866,FNDC4
3867,ITGA4
3868,PSMD14
3869,SNX17
3870,PPM1G
3871,PDE1A
3872,REEP6
3873,PCSK4
3874,GCG
3875,APC2
3876,IFIH1
3877,RPS15
3878,GCA
3879,INO80B
3880,MOGS
3881,TTC31
3882,NDUFS7
3883,PCGF1
3884,GRB14
3885,CLIP4
3886,TLX2
3887,SPTBN1
3888,AUP1
3889,RTN4
3890,HTRA2
3891,LOXL3
3892,DOK1
3893,GALNT3
3894,POLE4
3895,TACR1
3896,CCDC88A
3897,ACADL
3898,EVA1A
3899,MRPL19
3900,LANCL1
3901,WDR75
3902,EFEMP1
3903,REG1A
3904,FANCL
3905,FN1
3906,STAT1
3907,GLS
3908,PAPOLG
3909,DNAH6
3910,PECR
3911,UNC50
3912,IGFBP2
3913,ELMOD3
3914,IGFBP5
3915,USP34
3916,EFHD1
3917,KCNJ13
3918,CCT4
3919,GGCX
3920,EHBP1
3921,OTX1
3922,TXNDC9
3923,COQ10B
3924,GNLY
3925,SF3B1
3926,ST3GAL5
3927,CHST10
3928,PDCL3
3929,MOB4
3930,HSPE1
3931,KDM3A
3932,PLCD4
3933,CHMP3
3934,ZNF142
3935,IL1R2
3936,IL1R1
3937,WNT6
3938,IL1RL2
3939,IL1RL1
3940,IL18R1
3941,IL18RAP
3942,FHL2
3943,MLPH
3944,CNPPD1
3945,UXS1
3946,ABCB6
3947,STK16
3948,HDLBP
3949,PPP1R7
3950,PASK
3951,STK25
3952,TPO
3953,PROC
3954,ID2
3955,TAF1B
3956,HPCAL1
3957,ODC1
3958,BIRC6
3959,NOL10
3960,PLEKHB2
3961,GORASP2
3962,STRN
3963,CEBPZ
3964,PRKD3
3965,DCAF17
3966,QPCT
3967,RAB3GAP1
3968,SLC25A12
3969,RMDN2
3970,DLX2
3971,LCT
3972,SRSF7
3973,SDC1
3974,PLCL1
3975,SLC1A4
3976,SOS1
3977,KYNU
3978,WIPF1
3979,ORC2
3980,COX7A2L
3981,PNO1
3982,ORC4
3983,PLEK
3984,RND3
3985,ATF2
3986,THADA
3987,AAK1
3988,TRAK2
3989,C2orf42
3990,TIA1
3991,PCYOX1
3992,KISS1R
3993,EPAS1
3994,ARID3A
3995,SUMO1
3996,CD207
3997,GRIN3B
3998,VAX2
3999,ATP6V1B1
4000,NFE2L2
4001,MSH6
4002,PLEKHA3
4003,SPR
4004,EPHA4
4005,PARD3B
4006,FARSB
4007,ALMS1
4008,BCL9
4009,PRRX1
4010,DHCR24
4011,DNAJC16
4012,MARK1
4013,TNR
4014,MORN1
4015,GPX7
4016,CACYBP
4017,SCP2
4018,TPSG1
4019,PAPPA2
4020,RALGPS2
4021,ANGPTL1
4022,CEP104
4023,FAM20B
4024,TCEANC2
4025,TMEM59
4026,LRRC42
4027,WRAP73
4028,MRPL37
4029,ICMT
4030,RPL22
4031,CHD5
4032,QSOX1
4033,STXBP3
4034,PHF13
4035,ERRFI1
4036,PARK7
4037,AMPD2
4038,SRSF4
4039,MECR
4040,KCNC4
4041,EDEM3
4042,WDR77
4043,RAP1A
4044,HDAC1
4045,CAPZA1
4046,S100PBP
4047,RNF19B
4048,SCAMP3
4049,TRIM62
4050,ASH1L
4051,DLGAP3
4052,SFPQ
4053,RHOU
4054,GON4L
4055,ARHGEF2
4056,LAMTOR2
4057,DOCK7
4058,SRM
4059,FBXO2
4060,FBXO6
4061,C1orf21
4062,SWT1
4063,MAD2L2
4064,DNAJC6
4065,LEPR
4066,IVNS1ABP
4067,KIAA2013
4068,MFN2
4069,PRG4
4070,MIIP
4071,SMG7
4072,NCF2
4073,PDC
4074,SLC35D1
4075,PLA2G4A
4076,GADD45A
4077,WLS
4078,PRDM2
4079,RGS2
4080,RPE65
4081,AMPD1
4082,UCHL5
4083,BCAS2
4084,SRSF11
4085,CTH
4086,AGMAT
4087,OLFML3
4088,TNNI3K
4089,CFHR3
4090,PLEKHM2
4091,CRYZ
4092,PHTF1
4093,ZBTB17
4094,CD58
4095,TFAP2E
4096,CD2
4097,TTF2
4098,NR5A2
4099,KIF21B
4100,TMEM9
4101,MAP7D1
4102,WARS2
4103,HAO2
4104,OSCP1
4105,MRPS15
4106,EXOC8
4107,GNPAT
4108,TSNAX
4109,RRAGC
4110,NID1
4111,LGALS8
4112,HPCAL4
4113,MTR
4114,BMP8B
4115,MYCL
4116,SIPA1L2
4117,RLF
4118,KMO
4119,ZNF684
4120,KCNQ4
4121,RIMS3
4122,AKT3
4123,ETV3
4124,ACADM
4125,ST6GALNAC5
4126,SLAMF1
4127,CD48
4128,PADI2
4129,SDHB
4130,MFAP2
4131,RPF1
4132,KDM5B
4133,UAP1
4134,CTBS
4135,RGS4
4136,KLHL12
4137,IGSF21
4138,SSX2IP
4139,ZNHIT6
4140,PLA2G2D
4141,RBBP5
4142,GBP3
4143,GBP1
4144,PINK1-AS
4145,KIF17
4146,GPR89A
4147,CDK18
4148,CD160
4149,ECE1
4150,HMGCL
4151,GALE
4152,ID3
4153,CR2
4154,CD46
4155,PRPF3
4156,APH1A
4157,SLC2A1
4158,EBNA1BP2
4159,CDC20
4160,ARTN
4161,IPO13
4162,ATP6V0B
4163,B4GALT2
4164,ERI3
4165,PTCH2
4166,AKR1A1
4167,PRDX1
4168,PIK3R3
4169,TSPAN1
4170,BLZF1
4171,CCDC181
4172,SLC19A2
4173,FAAH
4174,NSUN4
4175,TMED5
4176,DR1
4177,FMO6P
4178,CNN3
4179,PRRC2C
4180,F3
4181,ABCD3
4182,VAMP4
4183,DPH5
4184,FASLG
4185,PTBP2
4186,TNFSF4
4187,PRDX6
4188,DARS2
4189,HSD11B1
4190,IRF6
4191,SERPINC1
4192,RCAN3
4193,SYF2
4194,SLC35A3
4195,RCOR3
4196,STMN1
4197,MTFR1L
4198,MAN1C1
4199,NEK2
4200,DHDDS
4201,NENF
4202,NSL1
4203,PROX1
4204,ARID1A
4205,CENPF
4206,RPA2
4207,PPP1R8
4208,STX12
4209,SLC5A9
4210,OSBPL9
4211,TXNDC12
4212,ESYT2
4213,RCN2
4214,CHRNB4
4215,CTSD
4216,COLEC11
4217,STAG1
4218,STK11
4219,KMT2A
4220,TREH
4221,IFT46
4222,APOA1
4223,ZNF541
4224,SLC8A2
4225,KPTN
4226,RPS25
4227,KIF14
4228,TNNT2
4229,DDX59
4230,CAMSAP2
4231,ATF6
4232,CRYGD
4233,MREG
4234,FASTKD2
4235,NRP2
4236,CREB1
4237,KLF7
4238,B4GALT6
4239,C1orf54
4240,CA14
4241,SPCS2
4242,USP35
4243,ELOVL4
4244,FILIP1
4245,HMGN3
4246,UBE3D
4247,CNR1
4248,ANKRD13C
4249,SGIP1
4250,PHF3
4251,ZC2HC1B
4252,ADGB
4253,PLAGL1
4254,FBXO30
4255,TNFAIP3
4256,AKAP7
4257,RAB32
4258,MYB
4259,ALDH8A1
4260,SGK1
4261,RNF146
4262,ARG1
4263,TCF21
4264,PMFBP1
4265,FBXL5
4266,MED28
4267,SLC16A7
4268,VAMP8
4269,DCLRE1B
4270,MYL12B
4271,FOXO3
4272,ARMC2
4273,TGIF2
4274,CASQ2
4275,PKD2
4276,ABCG2
4277,SPP1
4278,CCNI
4279,RARRES1
4280,MFSD1
4281,RAB3GAP2
4282,PPL
4283,UBN1
4284,KLF12
4285,UCHL3
4286,PCDH17
4287,HS1BP3
4288,WDR35
4289,CCND2
4290,FGF23
4291,ELL2
4292,DNAH7
4293,CYP20A1
4294,NDUFB3
4295,GTF3C3
4296,SATB2
4297,UBE2B
4298,TRPM6
4299,GDA
4300,KLF9
4301,TJP2
4302,ITGB1BP1
4303,CPSF3
4304,PIGZ
4305,SENP5
4306,CCDC92
4307,C1orf198
4308,HEATR1
4309,PTBP3
4310,RAD23B
4311,FKBP15
4312,CTNNAL1
4313,SET
4314,GLE1
4315,RAB14
4316,CNTRL
4317,TRIM32
4318,FBXW2
4319,PHF19
4320,NEK6
4321,BSPRY
4322,PPP6C
4323,NDUFA8
4324,HDHD3
4325,RBM18
4326,SLC46A2
4327,HSDL2
4328,MAPKAP1
4329,NR4A3
4330,INVS
4331,GALNT12
4332,DENND1A
4333,ALG2
4334,CSF3R
4335,KDSR
4336,VPS4B
4337,ONECUT2
4338,C19orf25
4339,ZBTB45
4340,YLPM1
4341,DCAF4
4342,PROX2
4343,FCF1
4344,PGF
4345,IFI27L2
4346,NEK9
4347,ACYP1
4348,IFT43
4349,NPC2
4350,DNAL1
4351,IRF2BPL
4352,ACOT2
4353,LTBP2
4354,AREL1
4355,MLH3
4356,TTLL5
4357,FLVCR2
4358,ABCD4
4359,DLST
4360,PPP4R4
4361,TGFB3
4362,ZC2HC1C
4363,SLIRP
4364,RBM25
4365,ALDH6A1
4366,GPR68
4367,EIF2B2
4368,NRDE2
4369,COQ6
4370,ZNF410
4371,RHOQ
4372,GPR75
4373,SUPT7L
4374,KLHL29
4375,DNMT3A
4376,TMEM214
4377,ATAD2B
4378,FKBP1B
4379,ATL2
4380,YPEL5
4381,FAM98A
4382,YIPF4
4383,AFTPH
4384,LGALSL
4385,CNRIP1
4386,BCL11A
4387,CRIPT
4388,EPCAM
4389,SLC17A5
4390,OGFRL1
4391,IDE
4392,ELOVL3
4393,IFIT3
4394,NKX2-3
4395,IFIT2
4396,GPAM
4397,CUTC
4398,PPP1R3C
4399,PYROXD2
4400,CNNM1
4401,MXI1
4402,SMNDC1
4403,C10orf88
4404,HELLS
4405,TCTN3
4406,AVPI1
4407,WDR11
4408,KCNIP2
4409,GOT1
4410,C10orf95
4411,GNA13
4412,HOXB8
4413,HOXB5
4414,HOXB3
4415,HOXB1
4416,DUSP1
4417,PANK3
4418,MSX2
4419,TEK
4420,RCL1
4421,CAAP1
4422,EQTN
4423,MOB3B
4424,MLANA
4425,CD274
4426,NUP43
4427,MTHFD1L
4428,LRP11
4429,CCDC170
4430,PCMT1
4431,PLEKHG1
4432,MYCT1
4433,CYSTM1
4434,WDR55
4435,ARAP3
4436,PCDHB8
4437,PCDHB10
4438,PCDHB14
4439,SLC25A2
4440,TNN
4441,MRPS14
4442,CENPL
4443,TNFSF18
4444,SEC16B
4445,GORAB
4446,GPR31
4447,ACAT2
4448,TCP1
4449,SNX19
4450,KCNJ5
4451,MSANTD2
4452,TP53AIP1
4453,TEX11
4454,PDZD11
4455,SLC10A7
4456,NUDCD1
4457,ENY2
4458,MASTL
4459,KIAA1217
4460,PLXDC2
4461,EPC1
4462,IQSEC3
4463,CCDC77
4464,TAF12
4465,ENOX1
4466,TNFSF11
4467,MTRF1
4468,DNAJC15
4469,PROSER1
4470,UFM1
4471,WBP4
4472,ELF1
4473,SMAD9
4474,HSPH1
4475,KBTBD7
4476,ALG5
4477,EXOSC8
4478,ETF1
4479,TGFBI
4480,FAM53C
4481,SIL1
4482,PAIP2
4483,MYOT
4484,KDM3B
4485,EGR1
4486,SERP1
4487,PLS1
4488,ZFP30
4489,NR2C1
4490,UTP20
4491,TMPO
4492,ARL1
4493,GLT8D2
4494,SOCS2
4495,NFYB
4496,APAF1
4497,DUSP4
4498,CLU
4499,TNFRSF10B
4500,SORBS3
4501,PTK2B
4502,ADRA1A
4503,PPP3CC
4504,PDLIM2
4505,EPHX2
4506,RNF170
4507,UBIAD1
4508,TARDBP
4509,TNFRSF8
4510,ZNF706
4511,LYPLA1
4512,CRISPLD1
4513,COPS5
4514,RDH10
4515,AKAP1
4516,COIL
4517,TRIM25
4518,SCPEP1
4519,SPOP
4520,TBX2
4521,SLC35B1
4522,TBX4
4523,TEX14
4524,FAM117A
4525,NCAPH
4526,LRAT
4527,MND1
4528,TRIM6
4529,ABCC11
4530,ADCY7
4531,CEP89
4532,TSHZ3
4533,ECHDC2
4534,PLBD1
4535,PYROXD1
4536,IAPP
4537,KCNJ8
4538,BCL2L14
4539,PSPC1
4540,ZNF549
4541,A1BG
4542,ZSCAN18
4543,ZNF211
4544,PDZRN3
4545,LHX4
4546,RNF2
4547,TRMT1L
4548,SEC22A
4549,CSTA
4550,DPPA4
4551,POPDC2
4552,B4GALT4
4553,NAA50
4554,CD80
4555,KIF18A
4556,GJA8
4557,DESI2
4558,MAPK8IP1
4559,CRY2
4560,PEX16
4561,DEPDC7
4562,CAT
4563,PILRB
4564,ZMYM2
4565,GJB6
4566,GJA3
4567,TBC1D15
4568,ZCCHC17
4569,FABP3
4570,KHDRBS1
4571,TMEM39B
4572,CCRL2
4573,CCR2
4574,POLR3GL
4575,TNFSF10
4576,ZNF639
4577,SLITRK3
4578,PIK3CA
4579,PDS5A
4580,TMEM156
4581,LIAS
4582,CPXM2
4583,TMEM54
4584,ZSCAN20
4585,CSMD2
4586,HPCA
4587,LRIF1
4588,CLCC1
4589,GPSM2
4590,CXCR4
4591,ZRANB3
4592,ACVR2A
4593,POLK
4594,SV2C
4595,FLT3
4596,RPL21
4597,MTIF3
4598,GTF3A
4599,RASL11A
4600,UBL3
4601,FYTTD1
4602,XPNPEP2
4603,SASH3
4604,OCRL
4605,PAEP
4606,OBP2A
4607,MRPS2
4608,FMOD
4609,LAX1
4610,PLG
4611,KIAA1191
4612,COPA
4613,CD244
4614,LY9
4615,HS3ST2
4616,RBBP6
4617,ZC3H7A
4618,SERAC1
4619,ANXA11
4620,LDB3
4621,OPN4
4622,ZNF205
4623,NAA60
4624,RPL5
4625,ODF2L
4626,PTGFR
4627,TRMT13
4628,LRRC39
4629,RWDD3
4630,ZNF644
4631,CCDC18
4632,RPAP2
4633,BBS9
4634,PMS2
4635,ZMIZ2
4636,OCM
4637,EEPD1
4638,KIAA0087
4639,KLHL7
4640,HERPUD2
4641,CBX3
4642,HNRNPA2B1
4643,WIPF3
4644,NPY
4645,HOXA7
4646,INHBA
4647,FKBP9
4648,NT5C3A
4649,ARL4A
4650,CCZ1
4651,POLM
4652,RAMP3
4653,TWIST1
4654,SMU1
4655,GLIPR2
4656,SLC25A51
4657,CLTA
4658,RECK
4659,ACO1
4660,DNAI1
4661,DCAF10
4662,CNTFR
4663,KIAA1549
4664,TRIM24
4665,CALD1
4666,AKR1D1
4667,NUDT10
4668,PLAU
4669,SRGN
4670,CHST3
4671,BICC1
4672,CISD1
4673,EGR2
4674,ECD
4675,P4HA1
4676,SLC25A16
4677,ZWINT
4678,VPS26A
4679,RBM19
4680,CIT
4681,IFT81
4682,ACADS
4683,HVCN1
4684,DDX54
4685,MED13L
4686,CDKN2C
4687,RNF11
4688,RASSF8
4689,BHLHE41
4690,SSPN
4691,ITPR2
4692,CCDC91
4693,NECAB1
4694,WWP1
4695,ACOT9
4696,PRDX4
4697,DDX39A
4698,PKN1
4699,WDR83
4700,GIPC1
4701,SPRYD7
4702,EBPL
4703,ATP7B
4704,ZC3H13
4705,NLN
4706,CENPK
4707,OPTN
4708,ITIH5
4709,ATF1
4710,TSFM
4711,NEUROD4
4712,ARHGAP9
4713,NCKAP1L
4714,MMP19
4715,PFDN5
4716,SPATS2
4717,ORMDL2
4718,NR4A1
4719,PDE1B
4720,HOXC13
4721,CDK2
4722,LRP1
4723,HOXC11
4724,NFE2
4725,HOXC12
4726,IKZF4
4727,SMUG1
4728,TUBA1B
4729,KBTBD4
4730,SARDH
4731,DBH
4732,ATPAF1
4733,STIL
4734,HJURP
4735,IL13RA2
4736,COL10A1
4737,AMD1
4738,NDUFAF4
4739,USP45
4740,MORF4L2
4741,RAB9B
4742,NRK
4743,FAM199X
4744,RAB9A
4745,METTL8
4746,TTC21B
4747,NMI
4748,TNFAIP6
4749,ACVR1C
4750,BAZ2B
4751,SLC36A1
4752,LPGAT1
4753,BATF3
4754,G0S2
4755,KCNJ2
4756,RAP2C
4757,EXOSC9
4758,PLA2G12A
4759,B9D2
4760,PFKFB2
4761,C4BPB
4762,RAB38
4763,GPR83
4764,AGO2
4765,MXD4
4766,CKS2
4767,DAW1
4768,ACSL3
4769,CHPF
4770,DNPEP
4771,INHA
4772,MOGAT1
4773,OBSL1
4774,FAM124B
4775,SLC12A4
4776,ENKD1
4777,CTCFL
4778,FAM210B
4779,PI3
4780,FAM209A
4781,SNX21
4782,SLPI
4783,WFDC3
4784,TTPAL
4785,PREX1
4786,KCNS1
4787,SLC12A5
4788,SDC4
4789,NCOA3
4790,PIGT
4791,MATN4
4792,NCOA5
4793,VAPB
4794,PARD6B
4795,CHD6
4796,PLCG1
4797,TOX2
4798,SRSF6
4799,GTSF1L
4800,ARFGEF2
4801,ZNFX1
4802,ZNF831
4803,EDN3
4804,CSE1L
4805,RAB22A
4806,PTGIS
4807,STAU1
4808,CDH26
4809,SNAI1
4810,MOCS3
4811,STX16
4812,PMEPA1
4813,RNF114
4814,DDX27
4815,BCAS4
4816,KCNK15
4817,TP53TG5
4818,PCK1
4819,ZBP1
4820,NEURL2
4821,MTRR
4822,FASTKD3
4823,PEPD
4824,CHST8
4825,IQSEC2
4826,VAMP7
4827,XG
4828,STAMBP
4829,NAGK
4830,MCEE
4831,PAIP2B
4832,SNRNP27
4833,MPHOSPH10
4834,IL17C
4835,ATP8A1
4836,USP22
4837,POF1B
4838,HIF3A
4839,ZNF576
4840,ZNF45
4841,LYPD3
4842,NDP
4843,USP9X
4844,F13A1
4845,GRM4
4846,TRERF1
4847,PACSIN1
4848,BTN2A2
4849,SIRT5
4850,MRS2
4851,WRNIP1
4852,RRP36
4853,SNRPC
4854,SLC17A3
4855,SLC17A1
4856,SERPINB6
4857,XPO5
4858,ABCC10
4859,PEX6
4860,NQO2
4861,OARD1
4862,UNC5CL
4863,AARS2
4864,ZNF391
4865,RPS10
4866,MOCS1
4867,MED20
4868,OR2B6
4869,TBCC
4870,SPDEF
4871,TCP11
4872,MAD2L1BP
4873,APOBEC2
4874,KLHDC3
4875,GNMT
4876,DNAH8
4877,TREM1
4878,MEA1
4879,KLHL31
4880,COL21A1
4881,CDKN1A
4882,SOX4
4883,GLO1
4884,CPNE5
4885,KCNK17
4886,RREB1
4887,SSR1
4888,RIOK1
4889,NRN1
4890,SLC35B3
4891,RPP40
4892,ATXN1
4893,NUP153
4894,DEK
4895,EEF1E1
4896,RUNX2
4897,OPN5
4898,LRRFIP1
4899,RAB17
4900,CXCL6
4901,EREG
4902,MYRF
4903,SCGB1D2
4904,SCGB2A1
4905,AHNAK
4906,EMC3
4907,SSUH2
4908,WNT1
4909,SH3TC1
4910,CNOT1
4911,BBS2
4912,MT1G
4913,MT2A
4914,GOT2
4915,DOK4
4916,PIWIL1
4917,GPR18
4918,CLYBL
4919,TMTC4
4920,RAP2A
4921,SLC10A2
4922,ABCC4
4923,EFNB2
4924,SOX21
4925,TM9SF2
4926,KIF25
4927,IRF1
4928,UPF3B
4929,RNF113A
4930,TMEM255A
4931,NDUFA1
4932,BMP4
4933,PTGER2
4934,FAM193A
4935,GRK4
4936,SOX9
4937,TEKT3
4938,HS3ST3B1
4939,SLC25A35
4940,MRPS7
4941,GGA3
4942,ARMC7
4943,NUP85
4944,SLC25A19
4945,MIF4GD
4946,NT5C
4947,MSTO1
4948,TTF1
4949,GTF3C4
4950,DDX31
4951,PPP1R12C
4952,SLC2A4RG
4953,PPDPF
4954,IL1B
4955,PLGLB2
4956,IL37
4957,CHCHD5
4958,PAX8
4959,INSIG2
4960,POLR1B
4961,CCDC93
4962,PSD4
4963,SLC25A23
4964,PSPN
4965,GTF2F1
4966,ALKBH7
4967,CLPP
4968,TNFSF9
4969,GRIA3
4970,THOC2
4971,MED1
4972,RPL23
4973,ATG4C
4974,CD70
4975,C3
4976,SH2D3A
4977,TRIP10
4978,GPR108
4979,TNFSF14
4980,FOSB
4981,OPA3
4982,SNRPD2
4983,RTN2
4984,EML2
4985,VASP
4986,SYMPK
4987,GPCPD1
4988,SDCBP2
4989,PANK2
4990,TGM3
4991,GNRH2
4992,CD93
4993,GZF1
4994,PAX1
4995,NAPB
4996,CENPB
4997,PSMF1
4998,NKX2-2
4999,DTD1
5000,RBCK1
5001,TMX4
5002,STK35
5003,SNRPB
5004,NRSN2
5005,AP5S1
5006,RRBP1
5007,BMP2
5008,ZNF133
5009,FLRT3
5010,MKKS
5011,BFSP1
5012,DSTN
5013,LAMP5
5014,SNRPB2
5015,MGME1
5016,LRRN4
5017,TBC1D20
5018,ITPA
5019,TCF15
5020,MCM8
5021,TMEM74B
5022,FAM110A
5023,SIRPD
5024,MRPS26
5025,S1PR4
5026,NCLN
5027,CITED1
5028,ZNF436
5029,MAX
5030,ARMCX5
5031,GDF5
5032,MMP24
5033,NECAB3
5034,ID1
5035,RALY
5036,DYNLRB1
5037,EIF2S2
5038,ERGIC3
5039,ROMO1
5040,FAM83C
5041,BPIFB1
5042,CEP250
5043,PLAGL2
5044,GRPR
5045,KDM5C
5046,AMOT
5047,TMEM115
5048,PSMB2
5049,AGO3
5050,UROD
5051,ST3GAL3
5052,TMEM53
5053,HECTD3
5054,KLC1
5055,XRCC3
5056,TUBGCP3
5057,MCF2L
5058,F10
5059,PCID2
5060,PROZ
5061,LRFN3
5062,IGFLR1
5063,CAPNS1
5064,PDCD2L
5065,GPR42
5066,RBM42
5067,KIRREL2
5068,UBA2
5069,FFAR2
5070,HCST
5071,COX6B1
5072,KRT36
5073,THRA
5074,CCR7
5075,NR1D1
5076,FRMD8
5077,PRDX5
5078,BCL2L12
5079,IRF3
5080,PRMT1
5081,RRAS
5082,PRRG2
5083,SCAF1
5084,PRR12
5085,TSKS
5086,ASL
5087,SBDS
5088,CSN1S1
5089,STAT5A
5090,WNK4
5091,BECN1
5092,PRKCG
5093,TRAP1
5094,GLIS2
5095,NSRP1
5096,DNAJC8
5097,AHDC1
5098,IFI6
5099,DACH2
5100,ZNF384
5101,EMG1
5102,UXT
5103,CFP
5104,ELK1
5105,ATG14
5106,KTN1
5107,SIX1
5108,RHOJ
5109,DLGAP5
5110,L3HYPDH
5111,HSPA2
5112,ZBTB1
5113,TRMT5
5114,PLEKHG3
5115,PZP
5116,PRDM7
5117,RHOT1
5118,EVI2A
5119,AIF1L
5120,FAM78A
5121,NUP214
5122,CTAG2
5123,AVPR2
5124,SLC10A3
5125,MAP2K2
5126,HNRNPH2
5127,ARMCX1
5128,TIMM8A
5129,ZC4H2
5130,RGS13
5131,IPPK
5132,ZNF484
5133,OMD
5134,FGD3
5135,HIVEP3
5136,PPCS
5137,EDN2
5138,BCL11B
5139,COX7C
5140,TRAF2
5141,ABHD8
5142,MASP1
5143,ATP13A4
5144,HELB
5145,RAP1B
5146,IL22
5147,TSPAN8
5148,BEST3
5149,RAB3IP
5150,PTPRB
5151,DYRK2
5152,YEATS4
5153,TAS2R5
5154,CRYGN
5155,LRRC61
5156,TRPV5
5157,IDUA
5158,FGFRL1
5159,TMEM175
5160,AUNIP
5161,PIN1
5162,FBXL12
5163,EMC1
5164,PLA2G5
5165,UBR4
5166,HP1BP3
5167,SIN3B
5168,SLC35E1
5169,EPS15L1
5170,KLF2
5171,OR7C1
5172,F2RL3
5173,GFER
5174,SYNGR3
5175,PKMYT1
5176,WFIKKN1
5177,WDR24
5178,FBXL16
5179,CHTF18
5180,MACF1
5181,SMARCA4
5182,KDM4B
5183,TICAM1
5184,METTL25
5185,IL17B
5186,EMC6
5187,METTL16
5188,TUBA4A
5189,VIL1
5190,AAMP
5191,PNKD
5192,TNFRSF19
5193,RNF6
5194,ECHS1
5195,ZNF835
5196,AKAP9
5197,GNG11
5198,GNGT1
5199,HIP1
5200,PTPN12
5201,POR
5202,FGL2
5203,STYXL1
5204,STEAP4
5205,GNAI1
5206,PEX1
5207,SGCE
5208,RBM48
5209,CASD1
5210,LRFN1
5211,ZFP36
5212,SRD5A3
5213,SPINK2
5214,RASL11B
5215,PAICS
5216,KDR
5217,PPAT
5218,TUBGCP6
5219,ADM2
5220,DGCR6L
5221,DGCR8
5222,ASPHD2
5223,VPREB3
5224,SDF2L1
5225,GAL3ST1
5226,YWHAH
5227,RFPL1
5228,RFPL2
5229,GNAZ
5230,MGAT3
5231,ADORA2A
5232,ATF4
5233,A4GALT
5234,RFPL3
5235,CDC42EP1
5236,APOL3
5237,MCHR1
5238,TPST2
5239,BAIAP2L2
5240,MPST
5241,GALR3
5242,TST
5243,IGLL1
5244,APOL2
5245,RAC2
5246,LIF
5247,C22orf23
5248,APOBEC3F
5249,RIBC2
5250,KRT17
5251,EMC4
5252,RNF112
5253,SPECC1
5254,CPA4
5255,DOCK4
5256,POT1
5257,ATP6V1F
5258,CDHR3
5259,PRKRIP1
5260,VGF
5261,PODXL
5262,FOXP2
5263,STRIP2
5264,MKLN1
5265,DNAJB9
5266,FLNC
5267,LRRC4
5268,CALU
5269,CCDC136
5270,SMO
5271,IRF5
5272,LRRC17
5273,KLHDC10
5274,NDUFA5
5275,MRPS12
5276,MYO1B
5277,HOXD1
5278,HOXD3
5279,MTX2
5280,PDE11A
5281,CHN1
5282,GAD1
5283,OSGEPL1
5284,ORMDL1
5285,HOXD9
5286,HOXD10
5287,HOXD11
5288,HOXD13
5289,SNRPN
5290,PSMG2
5291,TWSG1
5292,ARHGAP22
5293,WDFY4
5294,EIF2AK4
5295,MYO5C
5296,CGNL1
5297,TMOD2
5298,TTBK2
5299,ELL3
5300,INO80
5301,DLL4
5302,ALDH1A2
5303,IVD
5304,KNSTRN
5305,DUT
5306,CHAC1
5307,CLN6
5308,ARPP19
5309,VPS13C
5310,CALML4
5311,ISLR
5312,THAP10
5313,LOXL1
5314,ACKR4
5315,ANAPC13
5316,MBD4
5317,COPB1
5318,PSMA1
5319,SUMF2
5320,PALLD
5321,SPCS3
5322,BBOX1
5323,MYOD1
5324,SERGEF
5325,KCNC1
5326,TPH1
5327,E2F8
5328,DCTD
5329,SOX15
5330,RPAIN
5331,USP6
5332,SHBG
5333,PLD2
5334,AIPL1
5335,CD68
5336,TXNDC17
5337,ATP1B2
5338,FXR2
5339,KIF1C
5340,MPDU1
5341,PHF20L1
5342,CCNT1
5343,PUS7L
5344,KRI1
5345,ILF3
5346,SLC44A2
5347,AP1M2
5348,CDKN2D
5349,MTUS1
5350,SIGLEC9
5351,NGDN
5352,ADCY4
5353,RAB2B
5354,BCL2L2
5355,AJUBA
5356,DTD2
5357,HEATR5A
5358,FOXA1
5359,SNX6
5360,EAPP
5361,EGLN3
5362,MIS18BP1
5363,RNASE1
5364,DAD1
5365,EPB41L4A
5366,CDO1
5367,REEP5
5368,ITFG1
5369,QRICH2
5370,FOXJ1
5371,SEC14L1
5372,RHBDF2
5373,AANAT
5374,ARHGEF6
5375,MAP7D3
5376,FGF13
5377,ASH2L
5378,TTI2
5379,CHRNA10
5380,RPS4Y1
5381,CDH15
5382,KLF16
5383,DOHH
5384,MAU2
5385,SHC2
5386,ABHD17A
5387,LBP
5388,SYT5
5389,TNNI3
5390,CBFA2T3
5391,GAMT
5392,ERMARD
5393,PHF10
5394,PRRG3
5395,KCNA5
5396,NXNL2
5397,STARD8
5398,SAT1
5399,GNL3L
5400,SH3BP4
5401,MOSPD2
5402,DOCK6
5403,ECSIT
5404,LDLR
5405,ELOF1
5406,TSPAN16
5407,PRKCSH
5408,CNN1
5409,CDC16
5410,THEM6
5411,APOE
5412,TOMM40
5413,APOC1
5414,GADD45G
5415,LRCH2
5416,DPP6
5417,XPO7
5418,ACE2
5419,FAM98C
5420,SAFB2
5421,RPL36
5422,ATP8B3
5423,NCAN
5424,GTPBP3
5425,PLVAP
5426,BST2
5427,SLC27A1
5428,NSUN5
5429,USHBP1
5430,COLGALT1
5431,DDA1
5432,MRPL34
5433,PGLS
5434,LSM7
5435,TULP4
5436,SNX9
5437,RTN4IP1
5438,QRSL1
5439,RSPH3
5440,MLLT1
5441,STK33
5442,NDUFA10
5443,EPO
5444,ARPC1B
5445,ZSWIM6
5446,FCHO1
5447,UNC13A
5448,MAP1S
5449,KLHDC7B
5450,PXDN
5451,SSBP4
5452,GDF15
5453,PGPEP1
5454,LSM4
5455,JUND
5456,HRC
5457,TRPM4
5458,SULT4A1
5459,ZNF557
5460,CRB3
5461,OLFM1
5462,CAMSAP1
5463,UBAC1
5464,SAG
5465,ZBTB46
5466,HELZ2
5467,SAMD10
5468,LSP1
5469,TNNI2
5470,COL5A1
5471,ATXN10
5472,TUBGCP2
5473,CALY
5474,CYP2E1
5475,PNPLA7
5476,HBZ
5477,PAK4
5478,MNX1
5479,ZNF337
5480,CEP85
5481,GATA5
5482,LAMA5
5483,OSBPL2
5484,ADRM1
5485,ASS1
5486,PRDM12
5487,EXOSC2
5488,POMT1
5489,UCK1
5490,FIBCD1
5491,CHMP2A
5492,UBE2M
5493,TRIM28
5494,YIPF2
5495,ATG4D
5496,EIF2S3
5497,TMEM160
5498,ZC3H4
5499,NPAS1
5500,MAP3K10
5501,ARHGEF16
5502,LRRC47
5503,SMPDL3B
5504,MED18
5505,THEMIS2
5506,CLIP1
5507,CCDC62
5508,HIP1R
5509,ZNF317
5510,PPAN
5511,EIF3G
5512,ANGPTL6
5513,DNMT1
5514,ZNF426
5515,SLC6A8
5516,PNCK
5517,DKC1
5518,PLXNA3
5519,DUSP9
5520,MPP1
5521,ZNF331
5522,ZNF236
5523,SLC7A10
5524,LRP3
5525,NOL11
5526,UBE4B
5527,CASZ1
5528,PKDREJ
5529,HSD17B3
5530,NUTM2F
5531,HABP4
5532,SLC35D2
5533,PRRG1
5534,UBA1
5535,RGN
5536,POLN
5537,PPIL4
5538,ULBP2
5539,AKAP12
5540,SYNE1
5541,ULBP3
5542,LATS1
5543,EPS8L1
5544,AAR2
5545,TTLL9
5546,RBM39
5547,COX4I2
5548,ZNF341
5549,GGT7
5550,ACSS2
5551,EDA2R
5552,ARHGEF9
5553,C1QL1
5554,GFAP
5555,PYY
5556,HIGD1B
5557,ATP6V1E1
5558,ZNF227
5559,ZNF428
5560,ZNF141
5561,COX4I1
5562,EMC8
5563,GSE1
5564,GINS2
5565,CHMP1A
5566,SH3BGRL
5567,COX7B
5568,SLC34A1
5569,F12
5570,PRR7
5571,NFATC1
5572,IDO1
5573,CAP1
5574,PPT1
5575,RAB11FIP4
5576,RLIM
5577,ABCB7
5578,TRAF3
5579,HAUS8
5580,MRPS25
5581,SH3BP5
5582,HACL1
5583,TBC1D5
5584,CAPN7
5585,RFTN1
5586,C3orf20
5587,GALNT15
5588,SLC6A6
5589,KCNC3
5590,NAPSA
5591,NR1H2
5592,LRRC4B
5593,PDLIM4
5594,KIF3A
5595,MGAT1
5596,GFPT2
5597,TUBG1
5598,PSME3
5599,RPL27
5600,PSMC3IP
5601,AOC3
5602,ACLY
5603,VPS25
5604,RAMP2
5605,AOC2
5606,NDUFA2
5607,ANKHD1
5608,DIAPH1
5609,NDFIP1
5610,UBE2D2
5611,EXOC4
5612,ACAP3
5613,C1orf159
5614,ANO1
5615,TMEM204
5616,KREMEN2
5617,THOC6
5618,TRAF7
5619,BARX1
5620,NINJ1
5621,CA6
5622,NPHP4
5623,MAP1B
5624,IL13RA1
5625,WDR44
5626,CKMT2
5627,ZCCHC9
5628,KRT33B
5629,TNS4
5630,TOP2A
5631,STARD3
5632,RARA
5633,PPP1R1B
5634,KHDRBS3
5635,CHD1L
5636,PEX11B
5637,FMO5
5638,PIAS3
5639,PRKAB2
5640,PDHA1
5641,RAI2
5642,ZNF304
5643,ZSCAN5A
5644,ZNF132
5645,CHSY1
5646,SNRPA1
5647,LLGL1
5648,NR0B2
5649,LIN28A
5650,THAP1
5651,RHPN2
5652,C19orf12
5653,LRRC9
5654,ACTR10
5655,ABHD12B
5656,GCH1
5657,LGALS3
5658,DNAJB1
5659,ZSWIM4
5660,FBXW9
5661,ZNF20
5662,DCAF15
5663,MATN3
5664,TRIM21
5665,SPATA6
5666,LRRC41
5667,CCT6B
5668,DHX30
5669,RAF1
5670,SLC6A11
5671,PPARG
5672,NUP210
5673,FCRLA
5674,HSD17B7
5675,ENOSF1
5676,EMILIN2
5677,SLX1A
5678,ARFIP2
5679,TRIM5
5680,TRIM22
5681,RRP8
5682,TIMM10B
5683,EFR3A
5684,PTCD3
5685,IMMT
5686,MRPL35
5687,ILKAP
5688,PER2
5689,RAMP1
5690,SCLY
5691,PTPRE
5692,RAN
5693,PRKAA1
5694,CARD6
5695,RAP1GAP2
5696,CLUH
5697,INPP5K
5698,MYBBP1A
5699,RPA1
5700,UBE2G1
5701,TBC1D14
5702,TMEM128
5703,COQ3
5704,PNISR
5705,POPDC3
5706,SEC61G
5707,LANCL2
5708,FIGNL1
5709,DDC
5710,GRSF1
5711,ENAM
5712,ANKRD17
5713,UTP3
5714,ITGB4
5715,WBP2
5716,UNK
5717,TRIM47
5718,ZRANB2
5719,EIF5A
5720,KDM6B
5721,CLEC10A
5722,SLC52A1
5723,GUCY2D
5724,XAF1
5725,DLG4
5726,VPS13B
5727,RGS22
5728,MATN2
5729,REEP2
5730,PCBD2
5731,SDF2
5732,FLOT2
5733,ERAL1
5734,PRMT7
5735,NIP7
5736,TERF2
5737,VPS4A
5738,HSPA12B
5739,ANKEF1
5740,PCED1A
5741,SNAP25
5742,BTBD3
5743,PCNA
5744,NXT1
5745,POLR3F
5746,RIN2
5747,PTPRA
5748,DAP3
5749,ATP1A4
5750,NES
5751,BCAN
5752,CRP
5753,ARHGEF11
5754,RAB25
5755,FCRL2
5756,DCAF8
5757,SYT11
5758,IGHMBP2
5759,ACY3
5760,MMACHC
5761,DPH2
5762,TOE1
5763,NASP
5764,MUTYH
5765,CTNNBL1
5766,LPIN3
5767,ZSWIM3
5768,RBM38
5769,VSTM2L
5770,OSER1
5771,SERINC3
5772,PPP1R3D
5773,DMGDH
5774,BHMT2
5775,AP3B1
5776,ZBED3
5777,KANK4
5778,ANGPTL3
5779,SYT4
5780,SLC14A2
5781,FBXO44
5782,CASP9
5783,DCTN4
5784,PDE6A
5785,ATP8A2
5786,MTUS2
5787,ZMYM5
5788,USPL1
5789,XPO4
5790,TPTE2
5791,POMP
5792,CDK8
5793,ALOX5AP
5794,WASF3
5795,RNF17
5796,GPR12
5797,CHRM3
5798,MYH8
5799,MYH10
5800,PEMT
5801,SCO1
5802,MPRIP
5803,CHI3L1
5804,MYBPH
5805,PIK3C2B
5806,DSTYK
5807,CHIT1
5808,SLC41A1
5809,LGR6
5810,TMCC2
5811,DCLK1
5812,CCNA1
5813,COG6
5814,RXFP2
5815,EPSTI1
5816,TRPC4
5817,POSTN
5818,RFXAP
5819,TPT1
5820,GPALPP1
5821,STOML3
5822,KL
5823,RFC3
5824,STARD13
5825,MORC4
5826,BEX2
5827,RNF128
5828,TBC1D8B
5829,TCEAL4
5830,BEX1
5831,SLC39A11
5832,EPHB2
5833,SRRM1
5834,BTBD2
5835,PRAM1
5836,ZNF414
5837,PDE6B
5838,HSPBP1
5839,CSNK1G2
5840,CNDP2
5841,MACROD1
5842,WDR74
5843,LGALS12
5844,RTN3
5845,MYH11
5846,PDZD2
5847,MORC2
5848,MYO18B
5849,C1QTNF6
5850,FAM83F
5851,SEC14L4
5852,GIMAP6
5853,GIMAP4
5854,ADCK2
5855,MKRN1
5856,AGAP3
5857,ACTR3B
5858,NTS
5859,BTG1
5860,LRRIQ1
5861,ATP13A3
5862,SFTPD
5863,TMEM254
5864,TMTC1
5865,KRAS
5866,IPO8
5867,SPINK5
5868,IMPA1
5869,LRRCC1
5870,E2F5
5871,CA1
5872,CCDC59
5873,SWAP70
5874,LYVE1
5875,AMPD3
5876,SBF2
5877,MICAL2
5878,RRAS2
5879,HSD17B4
5880,ZFC3H1
5881,TEX15
5882,RNF122
5883,DUSP26
5884,DPF2
5885,MEN1
5886,GSC
5887,UNC79
5888,NUMB
5889,CATSPERB
5890,COX16
5891,TTC9
5892,MED6
5893,EIF2S1
5894,ADAM20
5895,LOXL2
5896,ELP3
5897,PEBP4
5898,ADAMDEC1
5899,CTIF
5900,MRO
5901,MBD2
5902,CCNB1
5903,CD180
5904,IRAK2
5905,CAMK1
5906,THUMPD3
5907,VHL
5908,BHLHE40
5909,ARL8B
5910,EDEM1
5911,CNTN6
5912,CHL1
5913,MEIS2
5914,DPH6
5915,KATNBL1
5916,EMC7
5917,GNAT2
5918,GSTM1
5919,PRPF38B
5920,TSPAN2
5921,GSTM5
5922,GSTM3
5923,SYT6
5924,VAV3
5925,PSRC1
5926,HMGCS2
5927,PTPN22
5928,SORT1
5929,WNT2B
5930,PTGFRN
5931,LAMTOR5
5932,ADAM30
5933,NOTCH2
5934,TRIM45
5935,CEPT1
5936,CD101
5937,VTCN1
5938,NGF
5939,AP4B1
5940,NAPG
5941,SPIRE1
5942,PPHLN1
5943,FKBP11
5944,ARF3
5945,TMEM106C
5946,SLC38A2
5947,YWHAQ
5948,KIDINS220
5949,GRHL1
5950,ROCK2
5951,RSAD2
5952,MYCN
5953,LPIN1
5954,CMPK2
5955,IAH1
5956,LDHA
5957,SAA2
5958,ANO3
5959,IL6ST
5960,FST
5961,NAV1
5962,CDC73
5963,TIMM17A
5964,CRB1
5965,RPS15A
5966,RAX
5967,GRP
5968,RBM17
5969,IL2RA
5970,ANKRD16
5971,ECHDC3
5972,IL15RA
5973,CCNH
5974,HRH4
5975,KCTD1
5976,CABLES1
5977,DOCK2
5978,EMP1
5979,SOX5
5980,RERG
5981,KLRD1
5982,KLRC1
5983,LRP4
5984,MYBPC3
5985,DDB2
5986,ACP2
5987,RAB33A
5988,RBMX2
5989,PIWIL4
5990,PUM1
5991,SPOCD1
5992,PHC2
5993,CDCA8
5994,GNL2
5995,AGO4
5996,HOOK1
5997,CYP2J2
5998,BTF3L4
5999,PRPF38A
6000,DSC2
6001,DSG3
6002,RNF138
6003,ELP2
6004,DSC3
6005,DSC1
6006,DTNA
6007,FHOD3
6008,TPGS2
6009,DAGLA
6010,SLC43A3
6011,TIMM10
6012,DHX34
6013,APLNR
6014,FADS2
6015,TMEM258
6016,TCN1
6017,C5AR2
6018,TMEM165
6019,CLOCK
6020,PDGFRA
6021,GGACT
6022,COL4A2
6023,CLDN10
6024,DZIP1
6025,UBAC2
6026,ARGLU1
6027,BIVM
6028,ERCC5
6029,TPP2
6030,CARS2
6031,ARHGAP32
6032,STT3A
6033,ADAMTS8
6034,ACRV1
6035,ETS1
6036,SLC37A2
6037,KLB
6038,TMED7
6039,APC
6040,NREP
6041,WDR36
6042,OSTF1
6043,RFK
6044,UBQLN1
6045,NAA35
6046,C9orf40
6047,ANXA1
6048,CTSL
6049,AGTPBP1
6050,GOLM1
6051,PSAT1
6052,ISCA1
6053,ADAM19
6054,HAVCR2
6055,CCNJL
6056,TAOK3
6057,USP30
6058,SDS
6059,MSI1
6060,HNF1A
6061,FBXO21
6062,TBX3
6063,OASL
6064,HRK
6065,RNFT2
6066,P2RX4
6067,DTX1
6068,TRAFD1
6069,DMTF1
6070,TMEM243
6071,CCDC146
6072,TMEM60
6073,CD36
6074,UGT2A3
6075,PNPLA8
6076,HILPDA
6077,RINT1
6078,SRPK2
6079,TES
6080,MDFIC
6081,MTO1
6082,ANKRD6
6083,HTR1B
6084,KHDC1
6085,SNX14
6086,NT5E
6087,MRAP2
6088,EPHA7
6089,AKIRIN2
6090,ORC3
6091,LCA5
6092,MAP3K7
6093,CGA
6094,PRR5L
6095,LMO2
6096,PHF21A
6097,NAT10
6098,EHF
6099,PRRG4
6100,CAPRIN1
6101,DNAJC14
6102,CD63
6103,PRPH
6104,AVIL
6105,AMHR2
6106,GDF11
6107,GLS2
6108,ITGA7
6109,TESPA1
6110,FAM186B
6111,RDH5
6112,AGAP2
6113,BLOC1S1
6114,KRT85
6115,CDK4
6116,PPP1R1A
6117,TROAP
6118,TSPAN31
6119,B4GALNT1
6120,TFCP2
6121,COQ10A
6122,FAIM2
6123,PAN2
6124,ESPL1
6125,KRT7
6126,ZC3H10
6127,HNRNPA1
6128,ACVR1B
6129,OS9
6130,MIP
6131,KCNH3
6132,LTV1
6133,MAP7
6134,CD164
6135,NHSL1
6136,AHI1
6137,HEY2
6138,PKIB
6139,SMPD2
6140,MICAL1
6141,REPS1
6142,STX11
6143,TEC
6144,PRADC1
6145,SEMA4F
6146,CCT7
6147,EGR4
6148,RAB11FIP5
6149,SMYD5
6150,DYSF
6151,CCDC142
6152,EMX1
6153,KCNMB4
6154,USP15
6155,GNS
6156,CPM
6157,MDM2
6158,KLHL36
6159,MPHOSPH6
6160,KIAA0513
6161,DYNC1LI2
6162,FBXL8
6163,FHOD1
6164,CCDC102A
6165,SLC9A5
6166,AGT
6167,KCNK1
6168,URB2
6169,EGLN1
6170,COG2
6171,ABCB10
6172,NTPCR
6173,TAF5L
6174,GLUL
6175,STX6
6176,RNASEL
6177,DHX9
6178,KIAA1614
6179,CEP350
6180,NPL
6181,PIGC
6182,LAMC1
6183,RC3H1
6184,GPR55
6185,SP110
6186,MRPL44
6187,PAX3
6188,DOCK10
6189,TTLL4
6190,USP37
6191,HTR2B
6192,ITM2C
6193,SLC19A3
6194,SERPINE2
6195,DNAJB2
6196,WNT10A
6197,TMBIM1
6198,CYP27A1
6199,EIF4E2
6200,ARMC9
6201,CAB39
6202,COX5B
6203,REV1
6204,TSGA10
6205,TMEM127
6206,EDAR
6207,TGFBRAP1
6208,GCC2
6209,MRPS9
6210,C2orf49
6211,EPC2
6212,ARHGEF4
6213,ISCU
6214,ALDH1L2
6215,USP44
6216,SCYL2
6217,CKAP4
6218,PLXNC1
6219,APPL2
6220,PWP1
6221,DRAM1
6222,SLC41A2
6223,VILL
6224,FLNB
6225,NEK3
6226,VPS36
6227,RNASEH2B
6228,CKAP2
6229,TBC1D4
6230,THSD1
6231,BORA
6232,LRCH1
6233,SUCLA2
6234,RCBTB1
6235,MED4
6236,PHF11
6237,COG3
6238,LMO7
6239,ITM2B
6240,SPRY2
6241,NUDT15
6242,EDNRB
6243,RCBTB2
6244,LCP1
6245,SETDB2
6246,SCRN1
6247,C7orf25
6248,TNS3
6249,SPDYE1
6250,CHST12
6251,IGF2BP3
6252,GPNMB
6253,RAPGEF5
6254,RAC1
6255,KDELR2
6256,IL6
6257,ZDHHC4
6258,AOAH
6259,BZW2
6260,DGKB
6261,TBRG4
6262,DDX56
6263,HUS1
6264,NACAD
6265,DBNL
6266,CCM2
6267,MYO1G
6268,TTYH3
6269,TTC5
6270,NKX2-8
6271,ZFHX2
6272,MTHFS
6273,ADAMTS7
6274,ABHD17C
6275,IREB2
6276,ALPK3
6277,TM6SF1
6278,CIB2
6279,CALCOCO2
6280,RSAD1
6281,NMT1
6282,MYCBPAP
6283,SRSF1
6284,VEZF1
6285,TACO1
6286,TEX2
6287,DCAF7
6288,LIMD2
6289,BRIP1
6290,KAT7
6291,RTP4
6292,ACTL6A
6293,NDUFB5
6294,MRPL47
6295,TRA2B
6296,SCN2A
6297,TBR1
6298,ERMN
6299,GALNT5
6300,SCN7A
6301,TANK
6302,BLK
6303,SKIL
6304,HLX
6305,VPS45
6306,IL10
6307,KCTD3
6308,RPS6KC1
6309,IL36G
6310,IL1RN
6311,SMPD4
6312,WDR33
6313,SAP130
6314,BIN1
6315,IMP4
6316,HS6ST1
6317,UGGT1
6318,GYPC
6319,STAM
6320,ABI1
6321,YME1L1
6322,DNAJC1
6323,NIPSNAP3A
6324,LRRC8A
6325,CDK9
6326,TXN
6327,ODF2
6328,TOR1B
6329,C9orf78
6330,SMC2
6331,KLF4
6332,TOR1A
6333,RALGPS1
6334,ST6GALNAC4
6335,TMOD1
6336,DAB2IP
6337,STXBP1
6338,SLC2A8
6339,ANGPTL2
6340,CDK5RAP2
6341,ZFP37
6342,SLC31A2
6343,SLC31A1
6344,TLR4
6345,ZNF189
6346,ALDOB
6347,STX17
6348,PRPF4
6349,FPGS
6350,USP20
6351,KIF12
6352,ATP6V1G1
6353,TEX10
6354,GARNL3
6355,MRPL50
6356,DPM2
6357,WDR38
6358,TSTD2
6359,GABBR2
6360,HEMGN
6361,PSMB7
6362,NR5A1
6363,RABEPK
6364,GOLGA1
6365,XPA
6366,NCBP1
6367,ANP32B
6368,PDCL
6369,RPL35
6370,CTSV
6371,ARPC5L
6372,ENPP2
6373,DSCC1
6374,DERL1
6375,MYC
6376,IL33
6377,RANBP6
6378,POLR1E
6379,PLAA
6380,IL11RA
6381,UBAP2
6382,APTX
6383,RNF38
6384,TLN1
6385,CCL21
6386,SIT1
6387,DNAJB5
6388,SPAG8
6389,DCTN3
6390,CD72
6391,TMEM8B
6392,GRHPR
6393,ALDH1B1
6394,HINT2
6395,ARHGEF39
6396,DENND4C
6397,RPS6
6398,CNPY3
6399,FOXP4
6400,PPIL1
6401,KLC4
6402,KIF13A
6403,ZSCAN9
6404,PIM1
6405,GMPR
6406,CMTR1
6407,TFAP2A
6408,SLC22A7
6409,YIPF3
6410,TMEM14B
6411,TMEM63B
6412,FRS3
6413,TJAP1
6414,CAPN11
6415,TINAG
6416,KIAA0319
6417,IRF4
6418,SLC22A23
6419,TUBB2A
6420,LRRC1
6421,GCM1
6422,FOXF2
6423,BPHL
6424,RIPK1
6425,TUBB2B
6426,UQCC2
6427,HMGA1
6428,PGBD1
6429,TPMT
6430,RNF144B
6431,NRM
6432,MTCH1
6433,TAF8
6434,FAM8A1
6435,FGFBP2
6436,CPEB2
6437,FHDC1
6438,TLR2
6439,MGARP
6440,MYO7A
6441,FCHSD2
6442,ARRB1
6443,SLCO2B1
6444,ANKRD42
6445,IL18BP
6446,NUMA1
6447,CCDC90B
6448,SYTL2
6449,RAB30
6450,CREBZF
6451,LRRC32
6452,PRCP
6453,NARS2
6454,RNF121
6455,MRPL15
6456,PI15
6457,GGH
6458,SLCO5A1
6459,SULF1
6460,TGS1
6461,SDCBP
6462,NEK1
6463,DDX60
6464,SORL1
6465,TMPRSS4
6466,BUD13
6467,TRPC6
6468,MMP7
6469,DCUN1D5
6470,YAP1
6471,TRIM29
6472,POU2F3
6473,RDX
6474,PPP2R1B
6475,FDX1
6476,FXYD6
6477,ARHGAP20
6478,FXYD2
6479,TMPRSS13
6480,CASP1
6481,CASP5
6482,ALKBH8
6483,MAP2K5
6484,UNC13C
6485,CTDSPL2
6486,SLTM
6487,THBS1
6488,MAPKBP1
6489,NUSAP1
6490,NDUFAF1
6491,KIF23
6492,ITGA11
6493,HAUS2
6494,RTF1
6495,PARP6
6496,RPLP1
6497,PAQR5
6498,LRRC49
6499,TUBGCP4
6500,RMDN3
6501,ITPKA
6502,UACA
6503,SMAD6
6504,PLCB2
6505,TMEM62
6506,PAK6
6507,ADAM10
6508,DUOX1
6509,SLC28A2
6510,CYP19A1
6511,ZNF280D
6512,SEMA6D
6513,BCL2L10
6514,RSL24D1
6515,SPTBN5
6516,GCOM1
6517,GCHFR
6518,BCAR3
6519,TTLL7
6520,FNBP1L
6521,GTF2B
6522,BRDT
6523,RABGGTB
6524,IFI44L
6525,GIPC2
6526,ARHGAP29
6527,IFI44
6528,SLC44A5
6529,DNASE2B
6530,DBT
6531,RTCA
6532,IFT172
6533,CGREF1
6534,HADHB
6535,KHK
6536,ADCY3
6537,PPM1B
6538,PNPT1
6539,DYNC2LI1
6540,LHCGR
6541,THUMPD2
6542,CYP1B1
6543,RAB1A
6544,ACTR2
6545,PREB
6546,SLC5A6
6547,ABCG5
6548,PREPL
6549,SLC3A1
6550,EMILIN1
6551,FBXO11
6552,SIX3
6553,ATRAID
6554,CENPO
6555,LRPPRC
6556,TRIM54
6557,DTNB
6558,ACTR1A
6559,CYP2C8
6560,MYOF
6561,LOXL4
6562,STAMBPL1
6563,CH25H
6564,ATAD1
6565,BTBD16
6566,KIF11
6567,CUZD1
6568,TACC2
6569,DUSP5
6570,CALHM2
6571,ARL3
6572,CEP55
6573,KIF20B
6574,ENTPD1
6575,EXOC6
6576,PLCE1
6577,RBP4
6578,DBR1
6579,DNAJC13
6580,ANXA7
6581,FAM149B1
6582,ASCC1
6583,PLA2G12B
6584,ZNF365
6585,OIT3
6586,ADAMTS14
6587,RPS24
6588,TET1
6589,DNA2
6590,AOX1
6591,ATIC
6592,SMARCAL1
6593,BARD1
6594,STAT4
6595,MSTN
6596,CARF
6597,ASNSD1
6598,METTL5
6599,SSB
6600,NAB1
6601,CDK15
6602,PPIG
6603,FASTKD1
6604,MDH1B
6605,HECW2
6606,IDH1
6607,OLA1
6608,CHRNA1
6609,FAM117B
6610,WDR12
6611,ABI2
6612,ITGAV
6613,SLC40A1
6614,SLC35A5
6615,SENP7
6616,GUCA1C
6617,COX17
6618,PARP9
6619,MNS1
6620,USP8
6621,SECISBP2L
6622,TMOD3
6623,SPPL2A
6624,GLCE
6625,SHF
6626,APH1B
6627,CILP
6628,PARP16
6629,PPCDC
6630,SEMA7A
6631,ARHGAP24
6632,FAM13A
6633,HERC6
6634,HERC5
6635,PCDH10
6636,AP1AR
6637,COPS4
6638,HNRNPD
6639,PRKG2
6640,RASGEF1B
6641,SEC31A
6642,FGF5
6643,IL21
6644,FGF2
6645,BBS7
6646,BMPR1B
6647,RAP1GDS1
6648,LARP1B
6649,MMRN1
6650,PDE5A
6651,PRDM5
6652,TRPC3
6653,NAAA
6654,NUP54
6655,CXCL9
6656,BMP2K
6657,G3BP2
6658,FRAS1
6659,SCARB2
6660,CCNG2
6661,CNOT6L
6662,USO1
6663,CDKL2
6664,SHROOM3
6665,ANXA3
6666,PPA2
6667,CENPE
6668,GSTCD
6669,INTS12
6670,ENPEP
6671,CASP6
6672,LEF1
6673,HADH
6674,EGF
6675,PAPSS1
6676,SEC24B
6677,PPP3CA
6678,SLC39A8
6679,MTTP
6680,FBN2
6681,MAPK8IP3
6682,RGS3
6683,GUCD1
6684,RNF185
6685,PARVG
6686,B4GALNT3
6687,PDE6H
6688,ERP27
6689,ETV6
6690,GABARAPL1
6691,KIF21A
6692,CPNE8
6693,YARS2
6694,FGD4
6695,ALG10
6696,PIK3C2G
6697,PLCZ1
6698,AEBP2
6699,SLCO1C1
6700,ETNK1
6701,ZCRB1
6702,TMEM117
6703,PRICKLE1
6704,C1RL
6705,NDUFA9
6706,CLSTN3
6707,KLRG1
6708,VAMP1
6709,TAPBPL
6710,CD27
6711,PEX5
6712,PIANP
6713,AMIGO2
6714,SCAF11
6715,COL2A1
6716,PPFIA2
6717,LLPH
6718,LRIG3
6719,INHBE
6720,GLIPR1
6721,TPH2
6722,PHLDA1
6723,TMEM19
6724,LGR5
6725,DUSP6
6726,POC1B
6727,TMTC3
6728,LUM
6729,KERA
6730,SNRPF
6731,AMDHD1
6732,NEDD1
6733,SYCP3
6734,ASCL1
6735,GAS2L3
6736,TMEM132B
6737,SLC15A4
6738,TDG
6739,RITA1
6740,SDSL
6741,MMAB
6742,GLTP
6743,GIT2
6744,TCHP
6745,FAM222A
6746,MTMR6
6747,SLC46A3
6748,SLC7A1
6749,LNX2
6750,SUOX
6751,SLC39A5
6752,TARBP2
6753,RDH16
6754,DHH
6755,ACVRL1
6756,GPR84
6757,NABP2
6758,N4BP2L1
6759,CELA1
6760,SMARCC2
6761,BRCA2
6762,KANSL2
6763,CERS5
6764,MAP3K12
6765,ITGB7
6766,GALNT6
6767,CSAD
6768,LMBR1L
6769,ESYT1
6770,TMBIM6
6771,ANKRD52
6772,ZNF740
6773,WDFY2
6774,HNRNPA1L2
6775,LPAR6
6776,ESD
6777,RB1
6778,SBNO1
6779,MORN3
6780,SETD1B
6781,VPS33A
6782,VPS37B
6783,RHOF
6784,DENR
6785,DIAPH3
6786,SLAIN1
6787,RBM26
6788,SRRM4
6789,METTL21C
6790,MBNL2
6791,ABHD13
6792,RAB20
6793,GRTP1
6794,CUL4A
6795,TTC6
6796,SSTR1
6797,CDH24
6798,REM2
6799,CBLN3
6800,TSSK4
6801,NOVA1
6802,MDGA2
6803,TMX1
6804,FRMD6
6805,PELI2
6806,RTN1
6807,SYT16
6808,SLC38A6
6809,NAA30
6810,RDH12
6811,DCAF5
6812,RAB15
6813,WDR89
6814,ESR2
6815,STON2
6816,EFCAB11
6817,GPR65
6818,PTGR2
6819,JDP2
6820,AK7
6821,SLC24A4
6822,FBLN5
6823,SLC25A47
6824,WDR20
6825,NIPA2
6826,SLC12A6
6827,DUOXA1
6828,MFAP1
6829,TCF12
6830,SORD
6831,SERF2
6832,ZSCAN29
6833,DUOX2
6834,LYSMD2
6835,SLC27A2
6836,FGF7
6837,HDC
6838,GCNT3
6839,BNIP2
6840,GTF2A2
6841,SRP14
6842,BAHD1
6843,DISP2
6844,CDAN1
6845,TLE3
6846,ANP32A
6847,COMMD4
6848,UBE2Q2
6849,PSTPIP1
6850,ETFA
6851,BCL2A1
6852,HMG20A
6853,SCAPER
6854,TSPAN3
6855,NCOA2
6856,NEIL1
6857,MAN2C1
6858,DNAJA4
6859,TPM1
6860,IGF1R
6861,ARRDC4
6862,PIF1
6863,USP3
6864,CYP11A1
6865,BBS4
6866,PML
6867,CYP1A1
6868,ADAMTS17
6869,ULK3
6870,PCSK6
6871,SCAMP2
6872,HAPLN3
6873,POLG
6874,FANCI
6875,ABHD2
6876,WDR93
6877,TICRR
6878,NTRK3
6879,DET1
6880,MFGE8
6881,ZNF710
6882,UNC45A
6883,MCTP2
6884,FURIN
6885,IQGAP1
6886,CRTC3
6887,SH3GL3
6888,SEC11A
6889,GLYR1
6890,PMM2
6891,SLC5A2
6892,ITGAX
6893,TGFB1I1
6894,ARMC5
6895,FTO
6896,UQCRC2
6897,CDR2
6898,IGSF6
6899,ARHGAP17
6900,MYLK3
6901,NKD1
6902,DHX38
6903,TXNL4B
6904,MARVELD3
6905,ZFHX3
6906,CLEC18B
6907,CPNE2
6908,NLRC5
6909,KATNB1
6910,KIFC3
6911,ADAMTS18
6912,NUDT7
6913,GCSH
6914,CMTM3
6915,CMTM2
6916,CDH11
6917,NOL3
6918,MAP1LC3B
6919,MBTPS1
6920,CDH13
6921,ZCCHC14
6922,ADAD2
6923,OSGIN1
6924,IRF8
6925,RHOT2
6926,RPL3L
6927,ZSCAN32
6928,PDPK1
6929,TIGD7
6930,DEF8
6931,TCF25
6932,GALNS
6933,MED9
6934,NCOR1
6935,COPS3
6936,GID4
6937,ZNF287
6938,MYOCD
6939,KSR1
6940,RANBP10
6941,CTRL
6942,DPEP3
6943,GFOD2
6944,NOB1
6945,PRPSAP2
6946,UNC45B
6947,PCTP
6948,TOM1L1
6949,TOB1
6950,VPS53
6951,SPATA22
6952,SGSM2
6953,NPEPPS
6954,SKAP1
6955,LRRC46
6956,SCRN2
6957,SSH2
6958,RHBDL3
6959,SPACA3
6960,ARSG
6961,ABCA8
6962,G6PC3
6963,CLTC
6964,BCAS3
6965,PTRH2
6966,SS18
6967,TAF4B
6968,AFG3L2
6969,IMPA2
6970,GNAL
6971,SLC39A6
6972,RPRD1A
6973,GALNT1
6974,ASXL3
6975,ADCYAP1
6976,SLC25A52
6977,ESCO1
6978,OSBPL1A
6979,GATA6
6980,GREB1L
6981,PELP1
6982,NPC1
6983,SLC14A1
6984,ARRB2
6985,SLC13A5
6986,ZMYND15
6987,WRAP53
6988,MINK1
6989,SAT2
6990,ASGR1
6991,PIK3R5
6992,TP53
6993,CCDC40
6994,ARHGDIA
6995,TMC6
6996,SLC16A3
6997,CARD14
6998,TTYH2
6999,RAB40B
7000,EIF4A3
7001,CSNK1D
7002,ANAPC11
7003,TBCD
7004,FN3KRP
7005,NARF
7006,RPTOR
7007,FOXK2
7008,TRIM65
7009,CBX8
7010,SECTM1
7011,RNF157
7012,ZNF750
7013,WDR45B
7014,CBX4
7015,DYM
7016,MAPK4
7017,ELAC1
7018,MBD1
7019,SMAD4
7020,TNFRSF11A
7021,ZCCHC2
7022,FBXO15
7023,CBLN2
7024,PMAIP1
7025,NT5C3B
7026,ERBB2
7027,GRB7
7028,MIEN1
7029,PNMT
7030,ARL5C
7031,STAC2
7032,IGFBP4
7033,FKBP10
7034,TXNL4A
7035,CACNA1A
7036,BRD4
7037,SLC39A3
7038,NFIC
7039,TPGS1
7040,PRDM15
7041,PFKL
7042,FEM1A
7043,VAV1
7044,MVB12A
7045,SH3GL1
7046,DUS3L
7047,DPP9
7048,CCDC97
7049,TMEM91
7050,ZFP14
7051,SIRT3
7052,IFITM3
7053,HUNK
7054,COL6A1
7055,IFNAR1
7056,SOD1
7057,COL6A2
7058,SIK1
7059,DNMT3L
7060,TRPM2
7061,SCYL1
7062,APP
7063,URB1
7064,AKT1
7065,IL19
7066,EMP3
7067,SAE1
7068,NTN5
7069,LMTK3
7070,GEMIN7
7071,CBLC
7072,WTIP
7073,ADAMTS10
7074,SLC6A3
7075,RNPEPL1
7076,CAPN10
7077,MYO1F
7078,NLRP12
7079,CACNG8
7080,ZNF787
7081,CARM1
7082,EVI5L
7083,TM4SF5
7084,SLC47A1
7085,PSMB6
7086,SIGLEC10
7087,ZNF473
7088,RPS11
7089,PTH2
7090,RPL13A
7091,CTU1
7092,NOSIP
7093,IGLON5
7094,RCN3
7095,ZNF614
7096,SLC2A5
7097,RERE
7098,MMEL1
7099,PRDM16
7100,CELA2A
7101,FHAD1
7102,EPHA2
7103,EFHD2
7104,PEX14
7105,PGD
7106,MYOM3
7107,SH3BGRL3
7108,CNKSR1
7109,RPL11
7110,IL22RA1
7111,ZNF593
7112,C1orf216
7113,KIAA0319L
7114,EVA1B
7115,DMRTA2
7116,PLK4
7117,MAP3K6
7118,FCN3
7119,GPN2
7120,SYTL1
7121,WDTC1
7122,NBPF3
7123,HSPG2
7124,ITGB3BP
7125,SERBP1
7126,BCL10
7127,PRKACB
7128,PIGK
7129,TINAGL1
7130,RPS8
7131,KIF2C
7132,PTPRF
7133,BEST4
7134,MOB3C
7135,CYP4B1
7136,TMEM61
7137,LMO4
7138,SYPL2
7139,MTF2
7140,SLC44A3
7141,IGSF3
7142,ZNF697
7143,CTTNBP2NL
7144,STRIP1
7145,PSMA5
7146,FNDC7
7147,C1orf162
7148,CD53
7149,CELSR2
7150,ITGA10
7151,GPR161
7152,ALDH9A1
7153,ATP1B1
7154,TIPRL
7155,NME7
7156,POGK
7157,MPC2
7158,CREG1
7159,DCAF6
7160,GPA33
7161,RXRG
7162,TBX19
7163,UCK2
7164,TMCO1
7165,XCL1
7166,XCL2
7167,POU2F1
7168,MAEL
7169,ILDR2
7170,DPT
7171,MGST3
7172,ADCY10
7173,UFC1
7174,PPOX
7175,FCGR2A
7176,NUF2
7177,RGS5
7178,SDHC
7179,PFDN2
7180,NR1I3
7181,USP21
7182,PRCC
7183,FCRL5
7184,MRPL24
7185,PIGM
7186,CASQ1
7187,ISG20L2
7188,CRABP2
7189,HDGF
7190,ABL2
7191,XPR1
7192,RGS16
7193,TOR1AIP1
7194,FAM163A
7195,HMCN1
7196,RGL1
7197,LYPLAL1
7198,LHX9
7199,RORC
7200,TUFT1
7201,SF3B4
7202,ECM1
7203,ZNF687
7204,TARS2
7205,CGN
7206,SNX27
7207,SETDB1
7208,ADAMTSL4
7209,MCL1
7210,CTSK
7211,RFX5
7212,PI4KB
7213,PIP5K1A
7214,ANP32E
7215,ANXA9
7216,SELENBP1
7217,CERS2
7218,ENSA
7219,SEMA6C
7220,MRPL9
7221,ARNT
7222,POGZ
7223,C1orf56
7224,OAZ3
7225,HORMAD1
7226,GOLPH3L
7227,GABPB2
7228,DTL
7229,DYRK3
7230,EIF2D
7231,INTS7
7232,VASH2
7233,TAF1A
7234,SMYD2
7235,SUSD4
7236,DUSP10
7237,HHIPL2
7238,TP53BP2
7239,ATP8B2
7240,FLG2
7241,ADAM15
7242,JTB
7243,RAB13
7244,S100A8
7245,TPM3
7246,NUP210L
7247,SNAPIN
7248,SLC27A3
7249,S100A7
7250,UBAP2L
7251,SLC39A1
7252,HAX1
7253,CREB3L4
7254,EFNA3
7255,AQP10
7256,KCNN3
7257,ILF2
7258,RIT1
7259,HCN3
7260,FLG
7261,ACTA1
7262,GALNT2
7263,TTC13
7264,SCCPDH
7265,LYST
7266,CEP170
7267,ACP1
7268,SNAP47
7269,SRP9
7270,NVL
7271,SDE2
7272,DEGS1
7273,FBXO28
7274,ARF1
7275,LEFTY2
7276,CNIH4
7277,ITPKB
7278,GUK1
7279,CDC42BPA
7280,CNIH3
7281,C1orf35
7282,MBOAT2
7283,PARP1
7284,PSEN2
7285,PYCR2
7286,LBR
7287,WNT9A
7288,EPHX1
7289,REN
7290,SOX13
7291,ETNK2
7292,PPFIA4
7293,PLEKHA6
7294,PTPN7
7295,SYT2
7296,ARL8A
7297,OSR1
7298,GDF7
7299,PDIA6
7300,RHOB
7301,ATP6V1C2
7302,HNRNPLL
7303,GALM
7304,CAMKMT
7305,EML4
7306,CALM2
7307,CHAC2
7308,RPS27A
7309,WDPCP
7310,VPS54
7311,ASXL2
7312,ETAA1
7313,SNRPG
7314,ABHD1
7315,MEIS1
7316,CIAO1
7317,ZNF514
7318,SNRNP200
7319,MRPS5
7320,ANKRD53
7321,EXOC6B
7322,SFXN5
7323,TEX261
7324,DQX1
7325,ST6GAL2
7326,NPHP1
7327,MALL
7328,THNSL2
7329,RALB
7330,TMEM177
7331,NT5DC4
7332,RABL2A
7333,SLC20A1
7334,FBLN7
7335,ZC3H8
7336,LIPT1
7337,LYG1
7338,AFF3
7339,UBXN4
7340,SPOPL
7341,THSD7B
7342,GPR17
7343,POLR2D
7344,AMMECR1L
7345,GALNT13
7346,PKP4
7347,SCN1A
7348,SLC4A10
7349,SCRN3
7350,ZNF385B
7351,TMEFF2
7352,CDCA7
7353,DLX1
7354,UBR3
7355,PHOSPHO2
7356,GULP1
7357,FAM171B
7358,HSPD1
7359,CCDC150
7360,METTL21A
7361,UNC80
7362,PTH2R
7363,CPO
7364,NBEAL1
7365,KANSL1L
7366,SPAG16
7367,ABCA12
7368,SUMF1
7369,NYAP2
7370,RHBDD1
7371,ACKR3
7372,TRPM8
7373,HES6
7374,ESPNL
7375,ANKMY1
7376,COPS7B
7377,DIS3L2
7378,CPNE9
7379,FANCD2
7380,TAMM41
7381,VGLL4
7382,RAB5A
7383,CTDSP1
7384,STK11IP
7385,GMPPA
7386,EAF1
7387,CNTN4
7388,DYNC1LI1
7389,RBMS3
7390,GADL1
7391,OSBPL10
7392,POMGNT2
7393,ACKR2
7394,CSRNP1
7395,SLC25A38
7396,SLC22A14
7397,GOLGA4
7398,CTDSPL
7399,STAC
7400,IQSEC1
7401,CAND2
7402,RPL32
7403,PTPRG
7404,IL17RD
7405,SHQ1
7406,SLC25A26
7407,UBA3
7408,ARL6IP5
7409,TMF1
7410,LRIG1
7411,LRTM1
7412,LIMD1
7413,NFKBIZ
7414,COL8A1
7415,NXPE3
7416,MYH15
7417,PHLDB2
7418,ABHD10
7419,TAGLN3
7420,PLA1A
7421,RABL3
7422,ADPRH
7423,IGSF11
7424,ATG3
7425,NR1I2
7426,BOC
7427,SRPRB
7428,TMEM108
7429,AGTR1
7430,MED12L
7431,EIF2A
7432,ALDH1L1
7433,OSBPL11
7434,TRPC1
7435,NCEH1
7436,LPP
7437,TMEM44
7438,AMT
7439,TCTA
7440,NICN1
7441,UCN2
7442,MANF
7443,EAF2
7444,ILDR1
7445,TM4SF19
7446,SLIT2
7447,EIF2B5
7448,ECE2
7449,VWA5B2
7450,DGKQ
7451,FIP1L1
7452,SLC26A1
7453,LYAR
7454,CENPC
7455,CORIN
7456,ATP10D
7457,OCIAD2
7458,SLC10A4
7459,SLC10A6
7460,SCD5
7461,PLAC8
7462,ENOPH1
7463,GC
7464,TRMT10A
7465,KLHL8
7466,SNCA
7467,PYURF
7468,TBCK
7469,CAMK2D
7470,CISD2
7471,DDIT4L
7472,ANK2
7473,TIFA
7474,CCNA2
7475,METTL14
7476,USP53
7477,SETD7
7478,NAF1
7479,SFRP2
7480,RPS3A
7481,RNF175
7482,PDGFC
7483,CBR4
7484,GLRA3
7485,CYP4V2
7486,ROPN1L
7487,NDUFS6
7488,ADAMTS16
7489,SRD5A1
7490,MYO10
7491,RPL37
7492,SKP2
7493,OSMR
7494,UGT3A1
7495,PLK2
7496,GZMA
7497,PIK3R1
7498,HAPLN1
7499,LHFPL2
7500,SSBP2
7501,BHMT
7502,ANKRD31
7503,IQGAP2
7504,CRHBP
7505,RASA1
7506,LIX1
7507,GIN1
7508,PPIP5K2
7509,PAM
7510,SLC30A5
7511,BTF3
7512,FBXL17
7513,SPATA9
7514,TSLP
7515,TNFAIP8
7516,FEM1C
7517,COMMD10
7518,ATG12
7519,YIPF5
7520,ARHGAP26
7521,CXCL14
7522,SLC25A48
7523,DDX46
7524,TIMD4
7525,RNF145
7526,C1QTNF2
7527,GABRB2
7528,FBXO38
7529,SPINK7
7530,PCYOX1L
7531,TNIP1
7532,G3BP1
7533,ZNF300
7534,N4BP3
7535,NHP2
7536,RMND5B
7537,BOD1
7538,TENM2
7539,KCNMB1
7540,FAM50B
7541,MYLK4
7542,TBC1D7
7543,FARS2
7544,GFOD1
7545,CDKAL1
7546,PSD2
7547,LRRTM2
7548,ZMAT2
7549,GFRA3
7550,KLHL3
7551,DCDC2
7552,SLC17A4
7553,KAAG1
7554,TRIM7
7555,TRIM41
7556,HIGD2A
7557,FAM193B
7558,PLA2G7
7559,TNFRSF21
7560,RNF44
7561,RASGEF1C
7562,DOK3
7563,DAAM2
7564,PRIM2
7565,MLIP
7566,HMGCLL1
7567,FGD2
7568,SCUBE3
7569,ANO7
7570,CRIP3
7571,TTBK1
7572,RPL7L1
7573,NFKBIE
7574,CYP39A1
7575,TPBG
7576,IRAK1BP1
7577,PHIP
7578,PRSS35
7579,MMS22L
7580,FAXC
7581,GABRR1
7582,PNRC1
7583,PM20D2
7584,RARS2
7585,SCML4
7586,TBC1D32
7587,CLVS2
7588,RNF217
7589,RSPO3
7590,ARHGAP18
7591,ABRACL
7592,TAAR1
7593,SLC18B1
7594,MTFR2
7595,SLC2A12
7596,SHPRH
7597,AIG1
7598,DYNLT1
7599,TIAM2
7600,TMEM181
7601,PNLDC1
7602,WTAP
7603,ZMYM4
7604,VIP
7605,SLC22A3
7606,VWDE
7607,GNA12
7608,SDK1
7609,CCZ1B
7610,RBAK
7611,CREB5
7612,EGFR
7613,LINC00525
7614,CDCA5
7615,IGFBP3
7616,PURB
7617,IGFBP1
7618,MDH2
7619,POMZP3
7620,CCT6A
7621,PSPH
7622,ZNF92
7623,ATXN7L1
7624,TMEM168
7625,ASB15
7626,SLC12A9
7627,GIGYF1
7628,TRIM4
7629,TMEM209
7630,AGBL3
7631,ZC3HAV1L
7632,TMEM140
7633,TLK2
7634,NOM1
7635,NCAPG2
7636,NLGN4X
7637,SHROOM2
7638,RAB19
7639,DENND2A
7640,SH3KBP1
7641,TMEM47
7642,LANCL3
7643,SYTL5
7644,CASK
7645,KDM6A
7646,SPIN2A
7647,MSN
7648,CCNB3
7649,HDAC8
7650,SLC16A2
7651,ZNF157
7652,ZNF182
7653,CHST7
7654,NDUFB11
7655,ZNF41
7656,ZMYM3
7657,TAF1
7658,GPR174
7659,NONO
7660,LPAR4
7661,EBP
7662,OGT
7663,SNX12
7664,ITGB1BP2
7665,IL2RG
7666,ZNF711
7667,DIAPH2
7668,PRPS1
7669,FRMPD3
7670,DOCK11
7671,IGSF1
7672,GPC3
7673,RBMX
7674,MCPH1
7675,FBXO25
7676,FATE1
7677,NSDHL
7678,ZNF185
7679,CETN2
7680,RPL10
7681,CSGALNACT1
7682,ATP6V1B2
7683,CCDC25
7684,HMBOX1
7685,CHRNA6
7686,GNRH1
7687,BIN3
7688,DOK2
7689,SLC25A37
7690,CHMP7
7691,DOCK5
7692,STAR
7693,ERLIN2
7694,PXDNL
7695,ST18
7696,RGS20
7697,TACC1
7698,GOLGA7
7699,GINS4
7700,DNAJC5B
7701,CRH
7702,TRIM55
7703,ADHFE1
7704,MRPS28
7705,LACTB2
7706,PRDM14
7707,TERF1
7708,RPL7
7709,SLC26A7
7710,SYBU
7711,DPYS
7712,MTDH
7713,LRP12
7714,EBAG9
7715,RSPO2
7716,POLR2K
7717,MAL2
7718,EIF3H
7719,UTP23
7720,NDUFB9
7721,FAM83A
7722,FAM135B
7723,ZNF7
7724,ARHGAP39
7725,SLC39A4
7726,VLDLR
7727,AK3
7728,UHRF2
7729,NFIB
7730,CER1
7731,PLIN2
7732,HAUS6
7733,CDKN2B
7734,CDKN2A
7735,C9orf72
7736,ZCCHC7
7737,FBXO10
7738,SIGMAR1
7739,CEP78
7740,NTRK2
7741,IDNK
7742,SHC3
7743,AUH
7744,ZNF462
7745,INIP
7746,UGCG
7747,ACTL7B
7748,SNX30
7749,STOM
7750,GSN
7751,MRRF
7752,NR6A1
7753,CRB2
7754,ALAD
7755,ASTN2
7756,WDR31
7757,POLE3
7758,SURF4
7759,GBGT1
7760,SURF2
7761,REXO4
7762,RPL7A
7763,GTF3C5
7764,ASB6
7765,PTGES2
7766,NTMT1
7767,CIZ1
7768,SLC25A25
7769,SH3GLB2
7770,PTGES
7771,LCN2
7772,LRSAM1
7773,HMCN2
7774,GPR107
7775,IDI2
7776,INPP5E
7777,SEC16A
7778,DPH7
7779,NOTCH1
7780,NACC2
7781,PROSER2
7782,USP6NL
7783,COMMD3
7784,MSRB2
7785,PDSS1
7786,FAM171A1
7787,SLC39A12
7788,TMEM236
7789,RSU1
7790,ST8SIA6
7791,PARD3
7792,ZEB1
7793,FAM13C
7794,NRBF2
7795,A1CF
7796,CDHR1
7797,POLR3A
7798,HERC4
7799,CAMK2G
7800,ADIRF
7801,GLUD1
7802,ANKRD1
7803,HTR7
7804,RPP30
7805,FRA10AC1
7806,ADD3
7807,HABP2
7808,DNAJB12
7809,EIF4EBP2
7810,NPFFR1
7811,PLEKHS1
7812,TCF7L2
7813,MKI67
7814,CYP17A1
7815,INA
7816,FUOM
7817,LRRC27
7818,MTG1
7819,PAOX
7820,GSTO1
7821,TAF5
7822,PPRC1
7823,ITPRIP
7824,CNNM2
7825,PDCD11
7826,ADAM12
7827,RGS10
7828,BTBD10
7829,ADM
7830,GAS2
7831,SLC5A12
7832,LIN7C
7833,LRRC4C
7834,IMMP1L
7835,PGAP2
7836,TUT1
7837,ZNF214
7838,ZNF215
7839,HSD17B12
7840,APIP
7841,PAMR1
7842,DGKZ
7843,EIF3M
7844,TNKS1BP1
7845,GLYAT
7846,SERPING1
7847,SSRP1
7848,SLC43A1
7849,PTPRJ
7850,ARFGAP2
7851,CELF1
7852,CCDC81
7853,SESN3
7854,ENDOD1
7855,CCDC82
7856,KLHL35
7857,TENM4
7858,SERPINH1
7859,CAPN5
7860,INTS4
7861,PAK1
7862,RPS3
7863,ZC3H12C
7864,TTC12
7865,NCAM1
7866,DRD2
7867,C11orf52
7868,NPAT
7869,ATM
7870,AASDHPPT
7871,GLB1L2
7872,SLX4IP
7873,LAMTOR1
7874,P4HA3
7875,GRIK4
7876,ST14
7877,ADAM33
7878,MTA2
7879,TMEM138
7880,FADS1
7881,ROM1
7882,EML3
7883,INCENP
7884,ZP1
7885,PLCH2
7886,CPSF7
7887,MS4A2
7888,B3GAT3
7889,EI24
7890,CCDC15
7891,CHEK1
7892,FEZ1
7893,ESAM
7894,KIRREL3
7895,MPZL2
7896,SCN2B
7897,SIDT2
7898,TMEM25
7899,TAGLN
7900,JPH2
7901,DUSP15
7902,COMMD7
7903,C20orf144
7904,KIAA1755
7905,SPATA25
7906,OCSTAMP
7907,DSN1
7908,CNBD2
7909,LSM14B
7910,YTHDF1
7911,CABLES2
7912,GPHA2
7913,SLC22A9
7914,TRPT1
7915,NUDT22
7916,FERMT3
7917,PLCB3
7918,MRPL49
7919,CDC42EP2
7920,FAU
7921,TM7SF2
7922,VPS51
7923,TBX6
7924,PPP4C
7925,ALDOA
7926,DOC2A
7927,HIRIP3
7928,TAOK2
7929,TMEM219
7930,HMGA2
7931,MMP3
7932,CNKSR2
7933,CNTN5
7934,KLRF1
7935,CLEC1A
7936,MKX
7937,MPP7
7938,ITGB1
7939,FXYD4
7940,CTF1
7941,CWC15
7942,FCGR1A
7943,ARID5B
7944,CDH8
7945,DCUN1D2
7946,TMEM218
7947,TIRAP
7948,LATS2
7949,SAP18
7950,KIAA1328
7951,FAM124A
7952,MIA2
7953,HNMT
7954,LYPD1
7955,LYPD6B
7956,PDCD4
7957,ADRA2A
7958,GPM6A
7959,WDR17
7960,SPATA4
7961,VEGFC
7962,CCDC102B
7963,CD226
7964,CNDP1
7965,FSIP1
7966,DLG2
7967,RGS18
7968,PRSS23
7969,MTMR12
7970,PPP1R1C
7971,CCT5
7972,DOCK1
7973,DIXDC1
7974,DLAT
7975,PIH1D2
7976,TIMM8B
7977,IL18
7978,TEX12
7979,PTS
7980,PIP4K2A
7981,FREM2
7982,FOXO1
7983,SEC24D
7984,ABCB9
7985,RILPL2
7986,DHX37
7987,UBC
7988,ITPR1
7989,PRSS53
7990,SLC7A11
7991,ENKUR
7992,GPR158
7993,CACNA1C
7994,KCNA6
7995,THRB
7996,NGLY1
7997,OXSM
7998,UEVLD
7999,TMEM86A
8000,UBE3B
8001,ANK3
8002,IPMK
8003,RAD9B
8004,PLBD2
8005,MAT1A
8006,SLC2A13
8007,GXYLT1
8008,TWF1
8009,DIP2C
8010,EIF4E
8011,MAGI1
8012,TEX30
8013,CSNK1G3
8014,SRFBP1
8015,AKAP6
8016,NPAS3
8017,FAM177A1
8018,MBIP
8019,MIPOL1
8020,EXT2
8021,TMEM18
8022,ALLC
8023,KCTD14
8024,THRSP
8025,NDUFC2
8026,ME3
8027,ADAMTS12
8028,NUBPL
8029,NEK7
8030,ATP6V1G3
8031,FER
8032,VIPAS39
8033,ANKRD50
8034,UPF2
8035,CDC123
8036,SCLT1
8037,CCDC3
8038,C4orf33
8039,FRMD4A
8040,PTPRO
8041,EPS8
8042,ACAD8
8043,THYN1
8044,VPS26B
8045,NCAPD3
8046,VTI1A
8047,QDPR
8048,TEX9
8049,MMAA
8050,ZNF827
8051,POU4F2
8052,EDNRA
8053,NR3C2
8054,AKR1C2
8055,DPYSL4
8056,VENTX
8057,ADAM8
8058,ITIH2
8059,KIN
8060,PIGF
8061,ANKAR
8062,INPP1
8063,MFSD6
8064,RNF144A
8065,ASAP2
8066,ADAM17
8067,FLI1
8068,KCNJ1
8069,TMEM45B
8070,WWC2
8071,CENPU
8072,ACSL1
8073,SLC25A4
8074,AMN1
8075,BICD1
8076,SAV1
8077,CCDC122
8078,SERP2
8079,NBAS
8080,ZNF385D
8081,GUF1
8082,SLC35F4
8083,GABRA2
8084,SACS
8085,CCDC175
8086,PABPC3
8087,FBXO4
8088,CCL28
8089,PARP8
8090,GFRA1
8091,CACUL1
8092,DST
8093,BEND6
8094,TIAL1
8095,BAG3
8096,GLT1D1
8097,TMEM132D
8098,RBM46
8099,SCHIP1
8100,KCNE4
8101,AP1S3
8102,RABGAP1L
8103,CCDC74B
8104,ASTN1
8105,FAM168B
8106,PTPN14
8107,MGAT5
8108,TMEM163
8109,GPATCH11
8110,HSPB8
8111,GEMIN6
8112,TMEM178A
8113,POU4F1
8114,CYSLTR2
8115,GRID2
8116,ARL11
8117,SETBP1
8118,ARL14EP
8119,EPG5
8120,PSTPIP2
8121,HAUS1
8122,SPC25
8123,G6PC2
8124,PDK1
8125,PTH
8126,PDE3B
8127,TCF7L1
8128,TGOLN2
8129,SH2D6
8130,KCNK13
8131,UHMK1
8132,ATG10
8133,POC5
8134,SPOCK1
8135,FAM151B
8136,TADA1
8137,GUCY1A2
8138,CWF19L2
8139,JMY
8140,HOMER1
8141,XRCC4
8142,BOLL
8143,ZNF547
8144,ZNF773
8145,ZNF776
8146,ZNF256
8147,SUV39H2
8148,DCLRE1C
8149,OLAH
8150,RPP38
8151,NMT2
8152,ZSCAN1
8153,ZNF837
8154,USP12
8155,CCDC50
8156,CAMK4
8157,TRIM36
8158,ZFP36L2
8159,PAN3
8160,PLEKHH2
8161,PFKM
8162,TMEM123
8163,GRIA4
8164,IGSF10
8165,SPEF2
8166,SPARCL1
8167,DMP1
8168,MEPE
8169,MBNL1
8170,NADK2
8171,GPD1L
8172,GJA1
8173,CCNO
8174,CLEC4F
8175,SLC30A6
8176,PELO
8177,RASGRP3
8178,SAR1B
8179,CATSPER3
8180,GPR180
8181,ANKRD22
8182,FARP1
8183,IFIT5
8184,SLC16A12
8185,PANK1
8186,PRDM8
8187,BMP3
8188,HNRNPDL
8189,HHEX
8190,UTRN
8191,GGPS1
8192,ZNF117
8193,PART1
8194,RAB3C
8195,RAD17
8196,MED21
8197,PLOD2
8198,STK32B
8199,JAKMIP1
8200,ZIC1
8201,CPB1
8202,SREK1IP1
8203,LGI2
8204,CWC27
8205,MR1
8206,SRP19
8207,CENPH
8208,CDYL
8209,CARHSP1
8210,TEKT5
8211,BANK1
8212,TXNDC11
8213,DAB2
8214,ACMSD
8215,ACOXL
8216,BCL2L11
8217,ANAPC1
8218,SCOC
8219,CLGN
8220,CETN3
8221,SMARCA5
8222,SYCP2L
8223,BMP6
8224,RGPD3
8225,RASSF3
8226,HNRNPU
8227,RANBP2
8228,AHCTF1
8229,MERTK
8230,TMEM87B
8231,PTPRR
8232,NR4A2
8233,CCDC148
8234,PLA2R1
8235,RBMS1
8236,SCN3A
8237,CD96
8238,SLC25A27
8239,FRMD1
8240,ASAP1
8241,TRAPPC8
8242,FAM81B
8243,INO80C
8244,LPCAT1
8245,PLEKHG4B
8246,NMRAL1
8247,UBALD1
8248,C16orf89
8249,ING1
8250,TEX29
8251,ADPRHL1
8252,CMTM7
8253,FBXL2
8254,UBP1
8255,RMND5A
8256,CD8A
8257,RPIA
8258,PTPRD
8259,LURAP1L
8260,CNKSR3
8261,GTF2E1
8262,CFDP1
8263,ZDHHC7
8264,TMPRSS11D
8265,JAZF1
8266,CMIP
8267,KCNJ16
8268,PID1
8269,TRIP12
8270,FBXO36
8271,CEBPG
8272,KCTD15
8273,ZNF599
8274,MCOLN2
8275,LGI4
8276,DDAH1
8277,SREK1
8278,CHD1
8279,DGKE
8280,HS2ST1
8281,MSI2
8282,CACNA2D1
8283,HS3ST3A1
8284,GDPD1
8285,NUS1
8286,SEMA3D
8287,PPP2R5E
8288,ASB17
8289,GRAP
8290,SLC5A10
8291,AK5
8292,CABYR
8293,IMPACT
8294,ANKRD29
8295,CHST9
8296,THY1
8297,DNAAF1
8298,C16orf74
8299,TBCEL
8300,JPH3
8301,ANKH
8302,UBASH3B
8303,ROBO4
8304,ROBO3
8305,PANX3
8306,TBRG1
8307,NRGN
8308,GPR15
8309,ABI3BP
8310,ANGPT1
8311,PITPNC1
8312,CC2D1B
8313,PRKCA
8314,LRRK1
8315,CEP112
8316,ABCA9
8317,ABCA6
8318,ABCA10
8319,ABCA5
8320,ENPP3
8321,UCHL1
8322,MIA3
8323,DISP1
8324,TNIK
8325,NEIL2
8326,PGM5
8327,WNT3A
8328,OBSCN
8329,TRIM11
8330,ENAH
8331,CCSAP
8332,SH3RF1
8333,GBP5
8334,BUB3
8335,MMP21
8336,CNTNAP3B
8337,SRSF12
8338,PDLIM3
8339,SORBS2
8340,LY96
8341,PSMA8
8342,TMSB4Y
8343,CXADR
8344,C21orf91
8345,CHODL
8346,NCAM2
8347,L3MBTL4
8348,PDE1C
8349,RABGEF1
8350,MRPL39
8351,JAM2
8352,GABPA
8353,ADAMTS1
8354,ADAMTS5
8355,TSEN2
8356,SLFN13
8357,WNT7A
8358,XPC
8359,CCDC174
8360,FGD5
8361,FLCN
8362,DPH3
8363,OXNAD1
8364,PLCL2
8365,CXXC1
8366,PPP4R1
8367,APCDD1
8368,PIEZO2
8369,MPPE1
8370,USP43
8371,RAB6B
8372,EME1
8373,EPHB1
8374,ACSS1
8375,ANKRD40
8376,ZNF18
8377,CA10
8378,VOPP1
8379,APOOL
8380,DKK2
8381,CYP2U1
8382,RSPH10B
8383,FBXL18
8384,CNTNAP5
8385,AK9
8386,KLF10
8387,AZIN1
8388,ATP6V1C1
8389,OTUD6B
8390,CDK19
8391,GTF3C6
8392,TTC39B
8393,AGPAT5
8394,MMS19
8395,PI4K2A
8396,MARVELD1
8397,ZFYVE27
8398,GOLGA7B
8399,TRMT44
8400,SLC25A28
8401,HSPA13
8402,SAMSN1
8403,USP25
8404,ZCCHC10
8405,C16orf87
8406,MOV10
8407,RHOC
8408,PPM1J
8409,DBI
8410,SLC16A1
8411,HEATR3
8412,TRIM74
8413,NIFK
8414,OXA1L
8415,SLC7A7
8416,LARP1
8417,CNOT8
8418,GRIA1
8419,LRGUK
8420,SETD9
8421,MIER3
8422,NUP205
8423,ZKSCAN2
8424,C9orf85
8425,PIK3AP1
8426,RBM45
8427,TTN
8428,VSIG4
8429,PDIA4
8430,KDM8
8431,KCTD18
8432,TMEM237
8433,FZD7
8434,SPAG17
8435,DEPTOR
8436,FMN2
8437,RNF20
8438,PPARGC1B
8439,ELMO1
8440,SLC26A2
8441,LSM11
8442,MED7
8443,RRAGA
8444,ADCY8
8445,RASA2
8446,RMND1
8447,RAET1L
8448,SLA
8449,VBP1
8450,RAB39B
8451,CLIC2
8452,AFF2
8453,MICU3
8454,GRIP1
8455,VPS37A
8456,KIF5A
8457,NAT2
8458,PSD3
8459,MCU
8460,GNA14
8461,FAM161B
8462,GNAQ
8463,WIF1
8464,GPR61
8465,MMP16
8466,ADK
8467,KCNMA1
8468,BATF
8469,DCK
8470,ADAMTS3
8471,ALX3
8472,DPY19L4
8473,NDUFAF6
8474,DRAM2
8475,PPEF2
8476,ART3
8477,SLC28A1
8478,WHAMM
8479,CXCL13
8480,USP16
8481,CCT8
8482,MAP3K7CL
8483,BACH1
8484,TSPAN7
8485,TIAM1
8486,SCAF4
8487,RPGR
8488,CDK20
8489,PCGF6
8490,ANKRD9
8491,SFR1
8492,SORCS3
8493,SFXN2
8494,FUT6
8495,TDRD9
8496,FGF18
8497,PCDH1
8498,SH3RF2
8499,GDF6
8500,UQCRB
8501,PTDSS1
8502,PPP2R2B
8503,RPL30
8504,KCNS2
8505,SUPV3L1
8506,EEF1A1
8507,FBXO43
8508,HKDC1
8509,HK1
8510,TYSND1
8511,PHF6
8512,CD109
8513,LRFN2
8514,NODAL
8515,UBE2L6
8516,ZDHHC5
8517,MED19
8518,ZFAND3
8519,NPTN
8520,SAMD8
8521,RAB11FIP1
8522,UNC5D
8523,GLYATL2
8524,UTP14A
8525,AIFM1
8526,MAPK13
8527,BAG4
8528,MS4A1
8529,TBC1D31
8530,ATAD2
8531,FBXO32
8532,NSMCE2
8533,ZNF689
8534,PRR14
8535,FBRS
8536,FRRS1
8537,PHKG2
8538,SASS6
8539,COX6A2
8540,ITGAD
8541,MALSU1
8542,VPS8
8543,GALK2
8544,B3GNT7
8545,BUB1B
8546,PDE6D
8547,EIF4A2
8548,BRPF1
8549,RPUSD3
8550,SST
8551,TATDN2
8552,GHRL
8553,SEC13
8554,EXOG
8555,SHCBP1L
8556,NMNAT2
8557,ZFYVE9
8558,ATP2B2
8559,SLC6A1
8560,SMG1
8561,FCHO2
8562,RBPMS
8563,TMEM171
8564,TIMP4
8565,NRG1
8566,CPT2
8567,LRP8
8568,CDCP2
8569,PAXIP1
8570,STEAP2
8571,SSBP3
8572,CLDN12
8573,MMP14
8574,FZD1
8575,GATAD1
8576,SUSD3
8577,TMED6
8578,CLEC18A
8579,DHRS4
8580,CLEC18C
8581,ARMC12
8582,DDX19B
8583,ST3GAL2
8584,IL34
8585,DHRS1
8586,CACNA1D
8587,KIT
8588,HYDIN
8589,AASDH
8590,ZNF19
8591,CACNA2D3
8592,RNF111
8593,CCNB2
8594,FAM81A
8595,MYO1E
8596,APPL1
8597,AFAP1L1
8598,TSC22D3
8599,DYRK1A
8600,KCNJ6
8601,KCNJ15
8602,ERG
8603,ETS2
8604,TSPAN18
8605,LCA5L
8606,SLC35B2
8607,TMEM164
8608,MX1
8609,CREB3L1
8610,C2CD2
8611,TAB3
8612,SLC38A10
8613,C9orf43
8614,ZNF618
8615,DGKI
8616,SVOPL
8617,SNX22
8618,UBN2
8619,BRAF
8620,SLC34A2
8621,ACAN
8622,PSMG3
8623,CABP1
8624,WDR19
8625,SLC37A3
8626,AP3S2
8627,FMNL2
8628,SPPL3
8629,DPYSL5
8630,DRC1
8631,RAB28
8632,PANK4
8633,CIB4
8634,MEGF11
8635,C12orf43
8636,PEX10
8637,RER1
8638,RADIL
8639,SKI
8640,WIPI2
8641,LDLRAP1
8642,AGAP1
8643,KRTCAP3
8644,ANKRD61
8645,PAFAH2
8646,EXTL1
8647,SLC30A2
8648,TRIM63
8649,MRPL17
8650,DUSP2
8651,GRHL3
8652,UBXN11
8653,NLRP14
8654,PTPDC1
8655,GALNT14
8656,NCK1
8657,HPD
8658,RHPN1
8659,TPRG1L
8660,LRRC43
8661,XKR8
8662,CNNM4
8663,EYA3
8664,DZIP1L
8665,TMSB15A
8666,FANCC
8667,MRAS
8668,WASF2
8669,ABHD3
8670,ESYT3
8671,FAIM
8672,CLSTN2
8673,COLEC12
8674,RNF207
8675,CUL4B
8676,GPR153
8677,SLC13A3
8678,GPRASP2
8679,RHBDL2
8680,AUTS2
8681,SHROOM4
8682,CDC25C
8683,MITD1
8684,EIF5B
8685,RIBC1
8686,TMSB15B
8687,CNOT11
8688,KCNB1
8689,TSPAN33
8690,NRG2
8691,AHCYL2
8692,B4GALT5
8693,CD1D
8694,CD1A
8695,SPATA2
8696,CD1C
8697,CD1B
8698,DNAH3
8699,CD1E
8700,HMHB1
8701,CPA2
8702,NCF1
8703,CPA5
8704,TSR2
8705,PPP1R9A
8706,ZC3H18
8707,ZFAND2B
8708,GDPD5
8709,DYNC1I1
8710,PFKFB1
8711,ALAS2
8712,TMED4
8713,PPP1R15B
8714,COPG2
8715,PAGE5
8716,PKD1L1
8717,ZSCAN12
8718,TAGLN2
8719,ELK4
8720,SLAMF8
8721,SLC45A3
8722,DUSP23
8723,RNF166
8724,NBL1
8725,F11R
8726,USF1
8727,SPATA2L
8728,NIT1
8729,DEDD
8730,ZNF276
8731,NPM2
8732,EDA
8733,FGF17
8734,VWA5B1
8735,CDA
8736,PINK1
8737,B4GALT3
8738,DMTN
8739,ADAMTS4
8740,NDUFS2
8741,FCER1G
8742,TOMM40L
8743,MPZ
8744,CCAR2
8745,CACHD1
8746,CDC42SE2
8747,RAPGEF6
8748,EPB41
8749,MIS18A
8750,ALG8
8751,FBXW5
8752,SYNJ1
8753,IFNAR2
8754,MRPL10
8755,IFNGR2
8756,SON
8757,DONSON
8758,SV2A
8759,LAD1
8760,STC1
8761,CSRP1
8762,PRAC1
8763,HOXB13
8764,C1QC
8765,KCNE2
8766,RCAN1
8767,UBE2Z
8768,SNF8
8769,CLIC6
8770,CCDC24
8771,RUNX1
8772,IGF2BP1
8773,CBR1
8774,CBR3
8775,ACTC1
8776,MORC3
8777,CHAF1B
8778,CLDN14
8779,SIM2
8780,HLCS
8781,GOLGA6A
8782,SCUBE1
8783,ADPGK
8784,PTMS
8785,PADI4
8786,ADIPOR1
8787,CYB5R1
8788,PSMD4
8789,ATP13A2
8790,M1AP
8791,PSMB4
8792,BTG2
8793,HK2
8794,CELF3
8795,ALDH4A1
8796,STARD9
8797,THEM4
8798,TCHH
8799,UBR1
8800,AMFR
8801,MED8
8802,RGL4
8803,ISL2
8804,RSPRY1
8805,CCDC17
8806,GPBP1L1
8807,NAE1
8808,TMEM69
8809,ACE
8810,EFCAB14
8811,SPON2
8812,CHCHD6
8813,CTBP1
8814,LRRC36
8815,TPPP3
8816,ZDHHC1
8817,ATP6V0D1
8818,AGRP
8819,ZFYVE28
8820,C16orf86
8821,PIP
8822,FAM131B
8823,RGS12
8824,PSKH1
8825,ZYX
8826,LYPD5
8827,CCDC117
8828,ZNF230
8829,CCDC107
8830,ZNF222
8831,NPR2
8832,ZNF221
8833,ZNF233
8834,ZNF235
8835,GNE
8836,TNFRSF13C
8837,ARHGAP35
8838,PTGIR
8839,CALM3
8840,DFFA
8841,CCDC28B
8842,IQCC
8843,TMEM234
8844,BSDC1
8845,ZBTB8A
8846,ATAD3B
8847,SSU72
8848,UBE2J2
8849,ZNF362
8850,FNDC5
8851,CPAMD8
8852,NR2F6
8853,ANKLE1
8854,VMA21
8855,KALRN
8856,CILP2
8857,ABCG1
8858,TFF3
8859,TFF1
8860,TMPRSS3
8861,UBASH3A
8862,RSPH1
8863,SLC37A1
8864,PDE9A
8865,WDR4
8866,NDUFV3
8867,PKNOX1
8868,CBS
8869,U2AF1
8870,CRYAA
8871,HSF2BP
8872,RRP1B
8873,PDXK
8874,G6PD
8875,CSTB
8876,RRP1
8877,AGPAT3
8878,TRAPPC10
8879,GAB3
8880,ICOSLG
8881,AIRE
8882,LRRC3
8883,ITGB2
8884,RALGDS
8885,SPATC1L
8886,LSS
8887,VAV2
8888,MCM3AP
8889,C21orf58
8890,PCNT
8891,DIP2A
8892,S100B
8893,PRMT2
8894,CLDND2
8895,ZNF208
8896,CACFD1
8897,FCN2
8898,LCN1
8899,ZNF714
8900,GPSM1
8901,C19orf47
8902,HIPK4
8903,TOR2A
8904,ST6GALNAC6
8905,SHKBP1
8906,ZER1
8907,ZDHHC12
8908,PKN3
8909,SPTBN4
8910,BRSK1
8911,COX6B2
8912,NLRP4
8913,TAOK1
8914,MED27
8915,DEDD2
8916,SIK3
8917,MPZL3
8918,NEK8
8919,TLCD1
8920,PCSK7
8921,SAFB
8922,CD3G
8923,S100A1
8924,CHTOP
8925,CXCR5
8926,ZBTB7B
8927,FLAD1
8928,SHC1
8929,VPS11
8930,NLRX1
8931,ADAR
8932,IL6R
8933,UBE2Q1
8934,CHRNB2
8935,CRTC2
8936,ANO10
8937,FDPS
8938,RUSC1
8939,PAQR6
8940,PMF1
8941,SLC25A44
8942,LMNA
8943,CCR5
8944,NBEAL2
8945,CCDC12
8946,PTH1R
8947,UBQLN4
8948,MYL3
8949,PPP1R35
8950,GPATCH4
8951,LRRC71
8952,FCRL3
8953,AZGP1
8954,FGFR4
8955,CYP3A4
8956,CYP3A7
8957,NACC1
8958,HK3
8959,LY6K
8960,IER2
8961,ZNF394
8962,CPSF4
8963,LY6E
8964,VPS28
8965,TONSL
8966,PTGER1
8967,RECQL4
8968,LRRC14
8969,ZNF333
8970,PPP1R16A
8971,ORAI2
8972,ALKBH4
8973,SH2B2
8974,SQSTM1
8975,RPL8
8976,MAML1
8977,PGLYRP2
8978,LRWD1
8979,FBXL13
8980,NAPEPLD
8981,SCGB3A1
8982,PSMC2
8983,CELF5
8984,MFSD12
8985,YDJC
8986,CCDC116
8987,DVL3
8988,AP2M1
8989,ABCF3
8990,PCYT1A
8991,FBXO27
8992,DMKN
8993,U2AF1L4
8994,NPHS1
8995,THAP8
8996,COX7A1
8997,ZNF382
8998,LRRC56
8999,PLXDC1
9000,PGAP3
9001,IKZF3
9002,GRIN2C
9003,FDXR
9004,SAP30BP
9005,ACOX1
9006,PRPSAP1
9007,CYGB
9008,SRSF2
9009,ZNF577
9010,TMEM143
9011,KLHL10
9012,HCRT
9013,ALDH16A1
9014,ITGA5
9015,SIGLEC11
9016,ZNF385A
9017,MPP3
9018,CD300LG
9019,NAGS
9020,LSM12
9021,ASB16
9022,EMC10
9023,JOSD2
9024,SHANK1
9025,FAM171A2
9026,DBF4B
9027,PLCD3
9028,FMNL3
9029,AQP5
9030,RACGAP1
9031,LARP4
9032,RAVER1
9033,SYCE2
9034,SPC24
9035,IP6K3
9036,LEMD2
9037,ALOX15
9038,TREML1
9039,ZNF653
9040,MED11
9041,CXCL16
9042,SCIMP
9043,RNASEK-C17orf49
9044,BCL6B
9045,ASGR2
9046,TNFSF13
9047,SENP3
9048,EIF4A1
9049,RPL26
9050,CCDC42
9051,POLR3K
9052,SNRNP25
9053,WDR90
9054,JMJD8
9055,CCDC78
9056,SPSB3
9057,MEIOB
9058,CCNF
9059,TBC1D24
9060,AMDHD2
9061,PAQR4
9062,FLYWCH2
9063,ZNF75A
9064,ADCY9
9065,SHANK2
9066,CLPB
9067,NEU3
9068,CYB561A3
9069,ASRGL1
9070,GNG3
9071,UBXN1
9072,TTC9C
9073,TAF6L
9074,NXF1
9075,STX5
9076,SLC25A45
9077,RPL29
9078,ITIH3
9079,SYVN1
9080,ZFPL1
9081,RPS6KA4
9082,LRP5
9083,TPCN2
9084,FGF19
9085,CYP4A22
9086,PDZK1IP1
9087,TAL1
9088,CMPK1
9089,BEND5
9090,ELAVL4
9091,COA7
9092,ZYG11B
9093,SLC1A7
9094,MAGOH
9095,ACOT11
9096,FAM151A
9097,PARS2
9098,BSND
9099,USP24
9100,NOL9
9101,PRKAA2
9102,KLHL21
9103,ZSWIM5
9104,GMEB1
9105,SLC45A1
9106,AK4
9107,JAK1
9108,RAVER2
9109,CTRC
9110,LZIC
9111,RBP7
9112,KNCN
9113,FBLIM1
9114,TMEM82
9115,SLC25A34
9116,AKR7A3
9117,DRAXIN
9118,PDPN
9119,DHRS3
9120,MATN1
9121,LAPTM5
9122,SDC3
9123,PEF1
9124,SYNC
9125,RBBP4
9126,TSSK3
9127,TMCO4
9128,UBXN10
9129,CAMK2N1
9130,ALPL
9131,WNT4
9132,TTLL10
9133,SCNN1D
9134,MXRA8
9135,MEGF6
9136,IL23R
9137,DIRAS3
9138,NFIA
9139,OMA1
9140,MYSM1
9141,TM2D1
9142,USP1
9143,FUBP1
9144,NEXN
9145,DNAJB4
9146,LRRIQ3
9147,LRRC53
9148,TYW3
9149,LHX8
9150,SNX7
9151,B3GALT2
9152,NTNG1
9153,HENMT1
9154,AKNAD1
9155,C1orf52
9156,GBP2
9157,ATXN7L2
9158,GBP4
9159,ZNF326
9160,HFM1
9161,GFI1
9162,KCNT2
9163,AGL
9164,VCAM1
9165,EXTL2
9166,SLC30A7
9167,ZNF281
9168,ARPC5
9169,CADM3
9170,NLRP3
9171,TRIM58
9172,SLAMF9
9173,KCNJ9
9174,IGSF8
9175,DDR2
9176,PEA15
9177,PEX19
9178,NCSTN
9179,VANGL2
9180,SLAMF6
9181,OLFML2B
9182,FCRLB
9183,FCGR3B
9184,SLC9C2
9185,KLHDC9
9186,C1orf74
9187,FLVCR1
9188,ATF3
9189,RBM15
9190,DENND2D
9191,AXDND1
9192,IER5
9193,SNED1
9194,BPNT1
9195,SPATA17
9196,C1orf115
9197,BROX
9198,NBPF20
9199,ACP6
9200,WDR64
9201,TFB2M
9202,CNST
9203,PPP1R21
9204,KLHDC8A
9205,PM20D1
9206,PKDCC
9207,OXER1
9208,HAAO
9209,MAPKAPK2
9210,IL20
9211,IL24
9212,PIGR
9213,FCAMR
9214,CAPN2
9215,MRPL55
9216,WDR26
9217,REL
9218,PUS10
9219,PEX13
9220,TRIM17
9221,RFTN2
9222,DISC1
9223,CAPN13
9224,MEMO1
9225,DPY30
9226,TYW5
9227,KCNF1
9228,ARL5A
9229,KCNJ3
9230,CLHC1
9231,FRZB
9232,DUSP19
9233,NUP35
9234,CCDC138
9235,ZSWIM2
9236,FBXO41
9237,ACTG2
9238,SMC6
9239,VSNL1
9240,CCDC74A
9241,SLC16A14
9242,TEKT4
9243,EN1
9244,SGCB
9245,SPATA18
9246,SGPP2
9247,INHBB
9248,BBS5
9249,SMARCAD1
9250,HPGDS
9251,PDLIM5
9252,STPG2
9253,RPRD2
9254,ANKRD23
9255,CTSS
9256,MSX1
9257,PACRGL
9258,BNIPL
9259,C1QTNF7
9260,TNFAIP8L2
9261,LYSMD1
9262,SCNM1
9263,TMOD4
9264,VPS72
9265,ERCC3
9266,RNF149
9267,IWS1
9268,BOLA3
9269,CDC42EP3
9270,S100A11
9271,DHX57
9272,ARHGAP25
9273,S100A9
9274,S100A12
9275,TGFA
9276,TDRD10
9277,CCNYL1
9278,FZD5
9279,DCAF16
9280,NPPC
9281,GNPDA2
9282,GABRG1
9283,GABRB1
9284,PAQR3
9285,NIPAL1
9286,ANTXR2
9287,HELQ
9288,MRPS18C
9289,CGGBP1
9290,GPR155
9291,DAPL1
9292,PMVK
9293,PBXIP1
9294,CLDN1
9295,PYGO2
9296,HIPK1
9297,LENEP
9298,DCST2
9299,COL6A3
9300,LINC01116
9301,YY1AP1
9302,KBTBD8
9303,EOGT
9304,LMOD3
9305,POGLUT1
9306,SLC22A15
9307,IGFN1
9308,ATP1A1
9309,SLC15A2
9310,EIF4E3
9311,PROK2
9312,LRRC58
9313,FSTL1
9314,LMOD1
9315,ELF3
9316,PDCL2
9317,TMEM183A
9318,TMEM169
9319,IGFBP7
9320,TRIM46
9321,KRTCAP2
9322,CXCR1
9323,ARPC2
9324,TSACC
9325,CCT3
9326,TMEM79
9327,SSR2
9328,RNF25
9329,STK36
9330,ADORA1
9331,NEK10
9332,CCDC141
9333,FEV
9334,IHH
9335,EOMES
9336,CWC22
9337,AZI2
9338,TGFBR2
9339,ANKZF1
9340,HDAC11
9341,TRAT1
9342,FBLN2
9343,GLB1L
9344,STT3B
9345,CHCHD4
9346,NFASC
9347,FCRL1
9348,SERPINI1
9349,CLASP2
9350,SUCLG1
9351,NUAK2
9352,SPTA1
9353,PRKCI
9354,MNDA
9355,PYHIN1
9356,IFI16
9357,AIM2
9358,EFHB
9359,EIF5A2
9360,SLC2A2
9361,RPL22L1
9362,FABP1
9363,PPM1L
9364,ICA1L
9365,CTLA4
9366,ICOS
9367,RYBP
9368,PPP4R2
9369,CD200R1
9370,GTPBP8
9371,SPICE1
9372,CADPS
9373,CDS1
9374,WDFY3
9375,COX18
9376,PTPN13
9377,ALB
9378,C3orf49
9379,THOC7
9380,ATXN7
9381,PSMD6
9382,PRICKLE2
9383,ADAMTS9
9384,PPM1K
9385,GMPS
9386,TIPARP
9387,CCNL1
9388,PTX3
9389,HESX1
9390,DCLK3
9391,SLMAP
9392,RPL9
9393,SMIM14
9394,RPP14
9395,ABHD6
9396,DNASE1L3
9397,RBM47
9398,APBB2
9399,IL17RE
9400,IL17RC
9401,CRELD1
9402,PRRT3
9403,PCOLCE2
9404,U2SURP
9405,MTMR14
9406,TTC14
9407,CXCL3
9408,CXCL5
9409,PPBP
9410,PF4
9411,MTHFD2L
9412,CXCL1
9413,RCHY1
9414,PLSCR2
9415,CCDC158
9416,CPA3
9417,GYG1
9418,HPS3
9419,TM4SF18
9420,TOPBP1
9421,RYK
9422,SNRK
9423,TCF23
9424,DNAJC5G
9425,UCN
9426,ZNF513
9427,SLC4A1AP
9428,PLB1
9429,SPDYA
9430,KIAA1143
9431,WDR43
9432,ZDHHC3
9433,CDCP1
9434,CLEC3B
9435,SLC6A20
9436,LZTFL1
9437,FYCO1
9438,CCR1
9439,LRRC2
9440,ELP6
9441,FBXO40
9442,DTX3L
9443,ZNF148
9444,NMNAT3
9445,SMIM12
9446,ZMYM6
9447,TPRA1
9448,YEATS2
9449,GRIK3
9450,ZC3H12A
9451,MEAF6
9452,SNIP1
9453,DNALI1
9454,POLR2H
9455,KLF15
9456,CAMK2N2
9457,LIPH
9458,TMEM41A
9459,RPN1
9460,SENP2
9461,HEYL
9462,IFT122
9463,RHO
9464,RFC4
9465,RPL39L
9466,BAP1
9467,TKT
9468,PRKCD
9469,RFT1
9470,SFMBT1
9471,GNL3
9472,PBRM1
9473,UVSSA
9474,ARHGEF3
9475,SLBP
9476,LRPAP1
9477,ZDHHC19
9478,SLC51A
9479,UBXN7
9480,RNF168
9481,PIGX
9482,S100P
9483,ABLIM2
9484,EXO5
9485,CLDN19
9486,C1orf50
9487,ERMAP
9488,ZNF691
9489,AIMP1
9490,SGMS2
9491,METAP1
9492,DNAJB14
9493,EMCN
9494,SLC9B1
9495,SLC9B2
9496,BDH2
9497,PGRMC2
9498,CDC25A
9499,CAMP
9500,ZNF589
9501,FBXW12
9502,PLXNB1
9503,CCDC51
9504,ATRIP
9505,SHISA5
9506,SPRY1
9507,BSN
9508,APEH
9509,INTU
9510,RNF123
9511,HSPA4L
9512,MFSD8
9513,MON1A
9514,MST1R
9515,RAD54L2
9516,TEX264
9517,GRM2
9518,DUSP7
9519,POC1A
9520,PPM1M
9521,ETNPPL
9522,WDR82
9523,PITX2
9524,PRSS12
9525,NDST3
9526,HMGB2
9527,SAP30
9528,SCRG1
9529,HAND2
9530,MAD2L1
9531,ANXA5
9532,MAP9
9533,FBXO8
9534,CEP44
9535,HPGD
9536,TMEM144
9537,NPY1R
9538,NPY5R
9539,NAA15
9540,IL15
9541,ARFIP1
9542,HHIP
9543,ANAPC10
9544,ABCE1
9545,OTUD4
9546,LSM6
9547,TMEM184C
9548,ITGA2
9549,MOCS2
9550,SLC45A2
9551,EDIL3
9552,TMEM161B
9553,ELOVL7
9554,NDUFAF2
9555,ZNF474
9556,LMBRD2
9557,RANBP3L
9558,NIPBL
9559,RNF180
9560,SLC25A46
9561,STARD4
9562,PGGT1B
9563,F2RL2
9564,CCDC112
9565,ANKRD33B
9566,CMBL
9567,C5orf63
9568,PRRC1
9569,F2RL1
9570,AGGF1
9571,WDR41
9572,NDUFS4
9573,SCGB3A2
9574,SPINK1
9575,HTR4
9576,ESM1
9577,GRPEL2
9578,CDC20B
9579,ARSK
9580,RHOBTB3
9581,GPX8
9582,TIGD6
9583,SERINC5
9584,ENPP6
9585,CAGE1
9586,CASP3
9587,PRIMPOL
9588,ERAP1
9589,ERAP2
9590,CMYA5
9591,EGFLAM
9592,TMEM174
9593,RICTOR
9594,EBF1
9595,ANKRA2
9596,UBLCP1
9597,UTP15
9598,TLR3
9599,KLKB1
9600,NSA2
9601,GFM2
9602,TERT
9603,SLC6A18
9604,CCDC127
9605,FOXQ1
9606,ACSL6
9607,IL3
9608,CSF2
9609,SHROOM1
9610,GDF9
9611,UQCRQ
9612,LEAP2
9613,GJB7
9614,SLC35A1
9615,GRIK2
9616,FABP7
9617,TXLNB
9618,CITED2
9619,CREBRF
9620,DCBLD1
9621,SFXN1
9622,SAMD3
9623,TMEM200A
9624,DACT2
9625,PDSS2
9626,STXBP5
9627,IL31RA
9628,ANKRD55
9629,RAET1E
9630,PI16
9631,TBX20
9632,DAGLB
9633,STK17A
9634,TRA2A
9635,GALNT10
9636,SAP30L
9637,RPS14
9638,HCN1
9639,MYOZ3
9640,COG5
9641,GPR85
9642,SLU7
9643,RP9
9644,PTTG1
9645,CAMLG
9646,BMPER
9647,RELL2
9648,SMAD5-AS1
9649,KCNK5
9650,KIF6
9651,ZNF12
9652,SLC29A4
9653,STEAP1
9654,CDCA7L
9655,MIOS
9656,USP49
9657,SYTL3
9658,IQUB
9659,HEY1
9660,ZNF704
9661,FABP5
9662,SHH
9663,TAGAP
9664,COL1A2
9665,FNDC1
9666,CHMP4C
9667,SLC13A4
9668,PGAM2
9669,BRI3
9670,LMTK2
9671,SLC35G3
9672,CTSB
9673,SOX17
9674,DLC1
9675,ADCY1
9676,C8orf48
9677,SUN3
9678,C7orf57
9679,HNF4G
9680,PEX2
9681,RAD21
9682,SLC30A8
9683,MED30
9684,TNFRSF11B
9685,SBSPON
9686,PHKG1
9687,EN2
9688,KCNV1
9689,CSMD3
9690,SPIDR
9691,ORC5
9692,OSGIN2
9693,SUN1
9694,OXR1
9695,TMEM74
9696,GPR146
9697,GPER1
9698,TMEM184A
9699,NOS3
9700,MICALL2
9701,CA3
9702,INTS1
9703,CDK5
9704,SLC4A2
9705,FASTK
9706,TMUB1
9707,PHAX
9708,ALDH7A1
9709,FOXK1
9710,COX6C
9711,OSR2
9712,YWHAZ
9713,BAALC
9714,FZD6
9715,CTHRC1
9716,SLC25A32
9717,DCAF13
9718,DCSTAMP
9719,TP53INP1
9720,INTS8
9721,FREM1
9722,GEM
9723,PDP1
9724,TMEM67
9725,RPP25L
9726,FAM219A
9727,SNAPC3
9728,NUDT2
9729,TMEM65
9730,PSIP1
9731,CCDC171
9732,UBAP1
9733,DIRAS2
9734,SYK
9735,NIPSNAP3B
9736,ABCA1
9737,NFIL3
9738,LETM2
9739,METTL2B
9740,FXN
9741,ZMAT4
9742,TMEM71
9743,CPA6
9744,C8orf34
9745,TMC1
9746,ALDH1A1
9747,KDM1B
9748,HGSNAT
9749,RASEF
9750,GKAP1
9751,KIF27
9752,HNRNPK
9753,SVEP1
9754,ANKS6
9755,FBP1
9756,ZHX1
9757,CYBB
9758,DYNLT3
9759,MID1IP1
9760,CXorf58
9761,KIAA1958
9762,PTCHD1
9763,RNF183
9764,ASB11
9765,PCDH19
9766,PIGA
9767,STRBP
9768,CLDN3
9769,GAPVD1
9770,WNK2
9771,ATP7A
9772,ZNF367
9773,NLGN4Y
9774,HDX
9775,NDUFB6
9776,AQP7
9777,NOL6
9778,AQP3
9779,TRMT10B
9780,VCP
9781,PIGO
9782,STOML2
9783,BRWD3
9784,SLITRK5
9785,MELK
9786,ARMC3
9787,OTUD1
9788,ARHGAP12
9789,FAT3
9790,HECTD2
9791,FBXO33
9792,GPR101
9793,CLDN2
9794,LRFN5
9795,SPTSSA
9796,WRN
9797,TSHR
9798,CFL2
9799,SUGT1
9800,GTF2A1
9801,ZCCHC24
9802,PGM2L1
9803,PHYHIPL
9804,SLC16A9
9805,FOLR2
9806,INPPL1
9807,PHOX2A
9808,GJB2
9809,CRYL1
9810,REEP3
9811,SKA3
9812,MICU2
9813,PCF11
9814,PKNOX2
9815,LRR1
9816,RPL36AL
9817,DNAAF2
9818,ZNF22
9819,KLHDC2
9820,EML5
9821,NEMF
9822,RPUSD4
9823,ARF6
9824,TTC8
9825,TMEM63C
9826,NGB
9827,NOXRED1
9828,CDX2
9829,AMER2
9830,AKR1E2
9831,KBTBD6
9832,OTX2
9833,FAAH2
9834,NUDT5
9835,DACT1
9836,OXGR1
9837,BEND7
9838,PRPF18
9839,TAF3
9840,VSTM4
9841,VDAC2
9842,COMTD1
9843,SLC18A2
9844,PDZD8
9845,ZNF503
9846,QSOX2
9847,FAM204A
9848,NSD1
9849,PRDX3
9850,ENOX2
9851,GHITM
9852,CLEC1B
9853,SNAPC4
9854,TMEM52B
9855,PMPCA
9856,AK8
9857,TSC1
9858,GFI1B
9859,HPRT1
9860,ZMYND19
9861,STOX1
9862,RET
9863,DDX21
9864,BMS1
9865,STK32C
9866,FUNDC2
9867,METTL17
9868,NDRG2
9869,RNASE7
9870,ARHGEF40
9871,NSMF
9872,ZNF219
9873,C12orf50
9874,CASP7
9875,PPP1R36
9876,BTNL9
9877,METTL3
9878,SALL2
9879,PRAP1
9880,TRUB1
9881,ZFYVE1
9882,HSPA12A
9883,FRAT1
9884,UBTD1
9885,ANKRD2
9886,E2F7
9887,ARHGAP42
9888,ISCA2
9889,OTOGL
9890,PACSIN3
9891,TTC7B
9892,SLC39A13
9893,PSMC3
9894,RAPSN
9895,AGBL2
9896,CPSF2
9897,SMCO2
9898,MOAP1
9899,CLMN
9900,PDZRN4
9901,CCDC38
9902,PTER
9903,C1QL3
9904,CACNB2
9905,ARL5B
9906,SMCO4
9907,TAF1D
9908,ABTB2
9909,R3HCC1L
9910,AMOTL1
9911,HTRA1
9912,LIPC
9913,CEP57
9914,TCP11L2
9915,SPRED1
9916,GPR176
9917,JAM3
9918,CMTM5
9919,GLB1L3
9920,ADAMTS15
9921,GPT2
9922,AMN
9923,RAB8B
9924,IKBIP
9925,RPUSD2
9926,HIF1AN
9927,NDUFB8
9928,ZFYVE19
9929,PPP1R14D
9930,SPINT1
9931,FBN1
9932,AVPR1A
9933,DEPDC4
9934,BRD7
9935,CKB
9936,TRMT61A
9937,BTRC
9938,POLL
9939,BAG5
9940,DPCD
9941,LARP6
9942,API5
9943,ASPG
9944,ZNF319
9945,HPS6
9946,SENP8
9947,NOLC1
9948,ALKBH3
9949,COPS2
9950,GABRB3
9951,SPIC
9952,SGPL1
9953,FRS2
9954,CCT2
9955,PCBD1
9956,ARIH1
9957,CLMP
9958,SCN3B
9959,COX11
9960,ZNF202
9961,FAM227B
9962,STXBP4
9963,CYYR1
9964,CUL5
9965,MYRFL
9966,WBP1L
9967,PLEKHF1
9968,TMEM100
9969,ANAPC16
9970,SMPD1
9971,APBB1
9972,SYNPO2L
9973,NUDT13
9974,C11orf65
9975,TRIM44
9976,ILK
9977,TAF10
9978,TPP1
9979,DCHS1
9980,NETO1
9981,MSS51
9982,CYB5A
9983,USP54
9984,RAG1
9985,PPFIBP2
9986,CYB5R2
9987,SERPINB7
9988,SERPINB8
9989,TUB
9990,RIC3
9991,LMO1
9992,IDH3A
9993,WDR72
9994,CRABP1
9995,PLD4
9996,ZMAT1
9997,XRRA1
9998,TRIM66
9999,RNF169
10000,RPL27A
10001,CDYL2
10002,TMEM130
10003,PRTG
10004,AKIP1
10005,C16orf46
10006,TMEM41B
10007,LEO1
10008,ZNF143
10009,TMX3
10010,MFAP4
10011,WEE1
10012,MAPK7
10013,PRKCB
10014,NDST2
10015,MCM7
10016,CCDC68
10017,CLEC4E
10018,ZNF3
10019,CLEC4D
10020,ZSCAN21
10021,RIMKLB
10022,BEAN1
10023,TK2
10024,TMED3
10025,SLC38A8
10026,SEC11C
10027,GALR1
10028,TMEM135
10029,NDEL1
10030,CENPV
10031,CDH16
10032,RRAD
10033,HSP90B1
10034,BLCAP
10035,ATF7IP2
10036,MMP10
10037,TVP23A
10038,TMPRSS5
10039,COG1
10040,PLEKHA7
10041,ZNF606
10042,ZCCHC18
10043,B2M
10044,ZNF592
10045,HTR3A
10046,NNMT
10047,ACSM1
10048,AP1G1
10049,SLFN5
10050,CATSPER2
10051,ZNF667-AS1
10052,SAAL1
10053,YPEL4
10054,PPIB
10055,LDHC
10056,LDHAL6A
10057,FAM111A
10058,KIF7
10059,LDHD
10060,PLIN1
10061,PEX11A
10062,TMEM170A
10063,MESP1
10064,ANPEP
10065,SCNN1G
10066,RBPMS2
10067,NAV2
10068,ANKDD1A
10069,GLYATL1
10070,C18orf54
10071,DCTN5
10072,TERF2IP
10073,PLK1
10074,CLPX
10075,ZBTB39
10076,TAC3
10077,MYO1A
10078,CHP2
10079,NAB2
10080,VPS39
10081,STAT6
10082,PATL1
10083,ELFN2
10084,STX3
10085,MRPL16
10086,PIP4K2C
10087,YWHAB
10088,MIR202HG
10089,SCG5
10090,NYAP1
10091,TSC22D4
10092,MS4A6E
10093,MS4A7
10094,MS4A14
10095,DIS3L
10096,CCNDBP1
10097,EPB42
10098,SMAD3
10099,CCDC178
10100,MS4A15
10101,MAP1A
10102,RCCD1
10103,AKTIP
10104,MAPRE2
10105,EVA1C
10106,MBD6
10107,CNPY4
10108,PDIA3
10109,NUDT21
10110,NAT16
10111,NKX3-1
10112,SGSM1
10113,DUSP18
10114,TEF
10115,MEI1
10116,B4GALNT2
10117,PBX3
10118,GNGT2
10119,SNRPD1
10120,TTC16
10121,SAMD14
10122,PIP5KL1
10123,TMEM92
10124,ACSF2
10125,GOLGA2
10126,TRUB2
10127,COQ4
10128,SLC27A4
10129,URM1
10130,CERCAM
10131,DOLPP1
10132,ENDOG
10133,PRRX2
10134,UGT1A6
10135,C15orf39
10136,ISLR2
10137,SP2
10138,PRR15L
10139,COQ7
10140,GPRC5B
10141,CRK
10142,FBXO22
10143,TBC1D2B
10144,NOD2
10145,SNX20
10146,LOXHD1
10147,KATNAL2
10148,HDHD2
10149,ZNF91
10150,IGF2
10151,RNF214
10152,CDK12
10153,DPEP2
10154,DUS2
10155,POP5
10156,ENGASE
10157,RBFOX3
10158,CD3D
10159,TBC1D16
10160,MYO5B
10161,ART5
10162,ACAA2
10163,STIM1
10164,RRM1
10165,OR51E2
10166,TRIM68
10167,FN3K
10168,PRRT2
10169,ZNF23
10170,IRGQ
10171,ZNF226
10172,ZNF180
10173,ZNF668
10174,ZNF646
10175,VKORC1
10176,GNG8
10177,LPO
10178,CA4
10179,SMG8
10180,TPM4
10181,RAB8A
10182,GPX4
10183,MIDN
10184,JSRP1
10185,KLHL26
10186,GATAD2A
10187,MVD
10188,CDT1
10189,TRAPPC2L
10190,ANKRD11
10191,SPATA33
10192,PROCA1
10193,RPL13
10194,ZNF641
10195,CACNB3
10196,DHRS13
10197,TP53I13
10198,KMT2D
10199,CORO6
10200,RHEBL1
10201,TUBA1A
10202,TUBA1C
10203,ZNF610
10204,ZNF528
10205,ZNF701
10206,SERTAD3
10207,NCKAP5L
10208,RAB4B
10209,AQP2
10210,GPD1
10211,CYP2S1
10212,AXL
10213,NFKBID
10214,ANKRD33
10215,CDC42EP5
10216,LAIR2
10217,TMEM145
10218,ZNF526
10219,TRAPPC9
10220,NLRP7
10221,ZNF146
10222,ZNF283
10223,PPP1R14A
10224,SPINT2
10225,C19orf33
10226,YIF1B
10227,DNAAF3
10228,PSCA
10229,ATCAY
10230,LY6D
10231,DAPK3
10232,EEF2
10233,TMIGD2
10234,CHAF1A
10235,UBXN6
10236,PLIN4
10237,SEMA6B
10238,ZNF444
10239,GLOD4
10240,GPT
10241,KIFC2
10242,SLC43A2
10243,SERPINF2
10244,SRR
10245,TSR1
10246,TRPV3
10247,HSD11B1L
10248,CYB5D2
10249,GGT6
10250,KLK1
10251,KLK2
10252,KLK6
10253,KLK11
10254,ZNF83
10255,KRT80
10256,KRT1
10257,ACER1
10258,OTUB1
10259,RCOR2
10260,ANGPTL4
10261,CD320
10262,SPRYD3
10263,IGFBP6
10264,SOAT2
10265,ZNF558
10266,NDUFV1
10267,CDK2AP2
10268,NUDT8
10269,PRDX2
10270,ZNF232
10271,MIS12
10272,CD300C
10273,CD300A
10274,HID1
10275,TMEM88
10276,EVPL
10277,SRP68
10278,MGAT5B
10279,TMC8
10280,TK1
10281,TMEM68
10282,CYP7A1
10283,GSDMA
10284,GHDC
10285,SOST
10286,RAB26
10287,MLST8
10288,E4F1
10289,DNASE1L2
10290,ECI1
10291,CASKIN1
10292,ABCA3
10293,KCTD5
10294,SRRM2
10295,ZNF597
10296,SDHAF2
10297,DDB1
10298,VPS37C
10299,VWCE
10300,RAB3IL1
10301,BEST1
10302,FTH1
10303,BSCL2
10304,POLR2G
10305,SLC3A2
10306,ATG16L2
10307,C2CD3
10308,TRANK1
10309,TTC21A
10310,RPSA
10311,ENTPD3
10312,CTNNB1
10313,ULK4
10314,FADD
10315,LTBP3
10316,NAALADL1
10317,SAC3D1
10318,BATF2
10319,SLC22A11
10320,SF1
10321,MAP4K2
10322,CCDC88B
10323,SCARA3
10324,SCARA5
10325,PNOC
10326,COPS6
10327,PAFAH1B2
10328,ANKS3
10329,NUDT16L1
10330,KIAA1586
10331,RAB4A
10332,SETD5
10333,VASN
10334,THAP9
10335,RNF187
10336,HOOK3
10337,MAPK1IP1L
10338,DDIT4
10339,RBPJ
10340,LMBRD1
10341,ZCCHC4
10342,PTGDR
10343,TTC39C
10344,GLYCTK
10345,GNG4
10346,UBTD2
10347,NKIRAS2
10348,DNAJC7
10349,IRF2BP2
10350,NT5DC2
10351,FOXI1
10352,COA6
10353,MGAT2
10354,BMI1
10355,THAP11
10356,MMADHC
10357,PDHB
10358,PXK
10359,PCMTD1
10360,KCTD6
10361,MPLKIP
10362,ACOX2
10363,FAM107A
10364,IRF2
10365,MOBP
10366,CX3CR1
10367,XIRP1
10368,INSM2
10369,DEGS2
10370,SCN11A
10371,ARF4
10372,FILIP1L
10373,MFSD2A
10374,DTYMK
10375,TAP1
10376,ING5
10377,ATG4B
10378,BDKRB2
10379,MLKL
10380,RFWD3
10381,RHOH
10382,KLHL30
10383,COG7
10384,CDC40
10385,STIP1
10386,SCNN1B
10387,HR
10388,TXNDC2
10389,RAB31
10390,REEP4
10391,TNXB
10392,LGI3
10393,SFTPC
10394,BMP1
10395,ATXN2L
10396,PHYHIP
10397,CCDC110
10398,POLR3D
10399,FEN1
10400,GBX2
10401,HEXIM2
10402,FNTA
10403,SERINC2
10404,TRAPPC11
10405,GFRA2
10406,ING2
10407,CDKN2AIP
10408,SNRNP48
10409,TMEM223
10410,SLC20A2
10411,DYNLRB2
10412,TMUB2
10413,ADAM29
10414,STAT3
10415,ZSWIM1
10416,GDNF
10417,AXIN2
10418,NDUFS5
10419,VWA3B
10420,ZNF30
10421,LDLRAD4
10422,KCTD19
10423,SLC16A4
10424,IL7R
10425,TMEM208
10426,LRP1B
10427,WFDC12
10428,AHCYL1
10429,DNAJC21
10430,PKIG
10431,NPNT
10432,FAM178B
10433,SEMA4C
10434,CNNM3
10435,GSTM4
10436,TET2
10437,CXXC4
10438,TCTN2
10439,SHOX2
10440,PPIP5K1
10441,TSPAN5
10442,ABHD15
10443,ZBTB5
10444,CHTF8
10445,LCMT2
10446,IL12A
10447,ZNF507
10448,STX18
10449,NSG1
10450,ZBTB49
10451,GFM1
10452,DDX19A
10453,ATOH8
10454,ANKRD49
10455,SFTPB
10456,USP39
10457,TNIP2
10458,C2orf68
10459,TMEM150A
10460,RNF181
10461,VAMP5
10462,BTNL3
10463,LRRC28
10464,MAT2A
10465,ENHO
10466,ZNF608
10467,SLC35G2
10468,INPP5D
10469,LETM1
10470,TMEM129
10471,PPIC
10472,SPRY3
10473,CEP120
10474,STXBP6
10475,TM4SF20
10476,MFF
10477,GRM5
10478,LGALS9
10479,JMJD7-PLA2G4B
10480,CPLX1
10481,PXDC1
10482,SIGLEC7
10483,E2F6
10484,FEM1B
10485,COMMD8
10486,UQCRFS1
10487,COL4A3
10488,MAP2K1
10489,IRS1
10490,MECP2
10491,UPF3A
10492,ZBBX
10493,ACTBL2
10494,ROR2
10495,AR
10496,HSPBAP1
10497,ASMTL
10498,CHST14
10499,PARM1
10500,CSNK1G1
10501,FAM110B
10502,AFAP1L2
10503,ZNF354A
10504,ATF5
10505,UBE2V2
10506,ZBTB43
10507,CPT1C
10508,XPO6
10509,GSG1L
10510,MN1
10511,APEX2
10512,NSMCE1
10513,CCDC126
10514,IL13
10515,RAB3B
10516,CD2BP2
10517,RSPO1
10518,RGS14
10519,TBC1D10B
10520,LMAN2
10521,GCSAML
10522,RAB24
10523,PRELID1
10524,THBS3
10525,CA5B
10526,SLC50A1
10527,EFNA1
10528,CXCL10
10529,SH3TC2
10530,CXCL11
10531,ZRSR2
10532,NMD3
10533,ADRB2
10534,B3GALNT1
10535,GPRIN1
10536,HSPB3
10537,KCNAB1
10538,MRPL1
10539,SHE
10540,PGM2
10541,STK32A
10542,IL1RAPL1
10543,P2RY12
10544,SLC33A1
10545,SNUPN
10546,CRADD
10547,SIN3A
10548,ARL13B
10549,RNASE2
10550,RNASE3
10551,PTK2
10552,RSPH10B2
10553,PTAFR
10554,PTPN9
10555,RNASE6
10556,NPR1
10557,KCNK9
10558,SCN9A
10559,RASSF6
10560,COL22A1
10561,SDC2
10562,CD52
10563,MMGT1
10564,TM2D2
10565,HTRA4
10566,PLEKHA2
10567,CLIC4
10568,SLC38A11
10569,GPR183
10570,CCDC8
10571,METTL15
10572,ZNF280A
10573,MUC15
10574,ZEB2
10575,GJB1
10576,PCBP1
10577,HINT1
10578,DTWD2
10579,CLIC3
10580,INO80E
10581,BNC1
10582,DFFB
10583,NFU1
10584,ANTXR1
10585,CKAP2L
10586,C15orf40
10587,APLF
10588,BOLA2B
10589,RGPD8
10590,HIC2
10591,LUZP1
10592,BUB1
10593,SPNS1
10594,LRRC45
10595,CHRNA5
10596,AGPAT2
10597,ASPSCR1
10598,GP9
10599,FASN
10600,CNBP
10601,MT1E
10602,DUS1L
10603,GPS1
10604,RFNG
10605,DCXR
10606,ZNF32
10607,LDB2
10608,RAC3
10609,NRG4
10610,LIMS1
10611,NLGN1
10612,TAPT1
10613,UGP2
10614,LINGO1
10615,HNRNPF
10616,BTD
10617,CSGALNACT2
10618,PCDH7
10619,ROBO1
10620,ONECUT1
10621,AVEN
10622,P2RY1
10623,CTNND2
10624,TRIM56
10625,MUC17
10626,AHSP
10627,WNT10B
10628,CALML6
10629,REPS2
10630,MUC3A
10631,SYAP1
10632,ITGAM
10633,PYDC1
10634,TPST1
10635,TM4SF4
10636,TOR1AIP2
10637,TM4SF1
10638,OTUD3
10639,OTUD7A
10640,GUSB
10641,BRD3
10642,FRMPD4
10643,ZFPM2
10644,ZNF764
10645,ZNF747
10646,ZNF768
10647,TAS1R3
10648,MAP3K2
10649,PUSL1
10650,SF3B5
10651,ZNF35
10652,TIGD4
10653,IFFO2
10654,NLGN2
10655,MYO7B
10656,CHD3
10657,TMEM154
10658,MYRIP
10659,ALCAM
10660,YWHAG
10661,UBE2E3
10662,CNTROB
10663,TRAPPC1
10664,KCNAB3
10665,SERPINA9
10666,FAM153A
10667,GPR37L1
10668,SIMC1
10669,TMEM192
10670,NSG2
10671,SERPINA6
10672,ZNF778
10673,NIPA1
10674,FOXD4
10675,UBE2E1
10676,HNRNPA3
10677,SIK2
10678,RNF150
10679,CCDC144A
10680,HOXD4
10681,GYPA
10682,USP38
10683,SLC16A5
10684,NANP
10685,ANKK1
10686,ADRA1B
10687,ADPRM
10688,FABP6
10689,PWWP2A
10690,USP50
10691,USP47
10692,PDCD6IP
10693,ZNF212
10694,FAM161A
10695,ZNF282
10696,GLB1
10697,FAXDC2
10698,CRTAP
10699,HSPB2
10700,CNGB3
10701,SLN
10702,CMTM8
10703,GABARAP
10704,LGALS9B
10705,STX8
10706,CDK1
10707,UBB
10708,NFRKB
10709,FABP4
10710,FRMPD2
10711,PRDM10
10712,B3GNT2
10713,FOS
10714,TMED10
10715,SETMAR
10716,SMAD1
10717,CST2
10718,EMX2
10719,SP7
10720,SEMA3E
10721,LRRN2
10722,SLC30A1
10723,DCLK2
10724,ZNF804A
10725,TMEM182
10726,KRT8
10727,KRT78
10728,ADORA2B
10729,MGMT
10730,KRT86
10731,NFXL1
10732,KRT75
10733,DENND5B
10734,CD14
10735,DNAJC18
10736,SPATA24
10737,RALGAPB
10738,MZB1
10739,SLC23A1
10740,NPAS2
10741,KRT72
10742,KISS1
10743,LONRF2
10744,NUDT9
10745,HSD17B13
10746,PA2G4
10747,ELOVL6
10748,KRT83
10749,PFKFB3
10750,TMC7
10751,ARL6IP1
10752,SERPINB9
10753,SMAGP
10754,IRX1
10755,CDH2
10756,IRX2
10757,EMB
10758,SIX2
10759,DLGAP1
10760,STAT2
10761,NUDCD2
10762,IRF2BP1
10763,HSPA4
10764,FOXA3
10765,SLC26A5
10766,COMMD5
10767,SGCD
10768,GTSF1
10769,ZNF16
10770,ARMC10
10771,RNF34
10772,ACYP2
10773,TRABD
10774,ATF7
10775,RASA4B
10776,SOCS6
10777,ZNF296
10778,HOXB9
10779,TTLL6
10780,POLH
10781,SYT9
10782,KCNS3
10783,RBMXL2
10784,KIF5B
10785,GPR37
10786,AKAP13
10787,CDCA4
10788,SDR16C5
10789,CHCHD7
10790,HTRA3
10791,FOXN2
10792,LMOD2
10793,BFSP2
10794,USP32
10795,CEL
10796,PPM1D
10797,GPR27
10798,KBTBD2
10799,TRIAP1
10800,LSM3
10801,KIAA0232
10802,MTSS1
10803,TMEM43
10804,PLA2G1B
10805,CYTL1
10806,TRH
10807,GSTA4
10808,MSANTD4
10809,NDUFA3
10810,PAQR8
10811,NUDT6
10812,TANC2
10813,PKHD1
10814,NCBP2L
10815,DNAJC24
10816,MBD3L1
10817,ZNF160
10818,ZNF415
10819,CEACAM3
10820,DCDC1
10821,HAS2
10822,PDGFD
10823,PLAC1
10824,DDI1
10825,S1PR1
10826,HS6ST2
10827,PYGO1
10828,LRRC8E
10829,PKIA
10830,TSNARE1
10831,FPR2
10832,FPR1
10833,FEZ2
10834,SOX7
10835,C11orf24
10836,ALK
10837,MTM1
10838,OBP2B
10839,TRMT61B
10840,INSR
10841,MFN1
10842,GIMAP8
10843,NRTN
10844,KCNMB3
10845,FUT3
10846,KCNG3
10847,ATP6V0E2
10848,PRKCE
10849,JAGN1
10850,TADA3
10851,SOCS5
10852,MORN4
10853,ZNF672
10854,ZNF692
10855,NAIF1
10856,RBKS
10857,GRIK1
10858,TMEM126A
10859,TMEM126B
10860,TRIM8
10861,NETO2
10862,CLDN20
10863,CDC42BPG
10864,SCAND1
10865,JUNB
10866,TMEM37
10867,UGT2B7
10868,LRG1
10869,SHCBP1
10870,SOSTDC1
10871,NPTX1
10872,FAM98B
10873,ZNF439
10874,ZNF440
10875,GAA
10876,CANT1
10877,KCNK3
10878,ZDHHC16
10879,CHST11
10880,EXOSC1
10881,PGAM1
10882,CHD7
10883,ESCO2
10884,KRT19
10885,KRT15
10886,LURAP1
10887,CLCN5
10888,TPPP
10889,KCND3
10890,APLN
10891,PDE7B
10892,MRPL36
10893,ZNF581
10894,NAT1
10895,GLOD5
10896,KSR2
10897,ZNF524
10898,MCC
10899,KRT27
10900,ZBTB26
10901,DSEL
10902,POLR1C
10903,ASXL1
10904,DLK2
10905,ZNF562
10906,ZNF318
10907,ZNF561
10908,WIPF2
10909,HOPX
10910,LRRC8C
10911,RSL1D1
10912,LRRC8D
10913,PPID
10914,COL24A1
10915,ETFDH
10916,RXFP1
10917,LPAR3
10918,PTGER4
10919,TBCA
10920,NEUROD2
10921,MAP6
10922,ECEL1
10923,BCL2L1
10924,FGG
10925,FGA
10926,FGB
10927,PLRG1
10928,ZNF584
10929,DSCAM
10930,DNAI2
10931,NMUR1
10932,CLSTN1
10933,CXXC5
10934,ZNF274
10935,PIK3CD
10936,PTCRA
10937,SLC25A33
10938,ENC1
10939,SPSB1
10940,P2RY6
10941,BPTF
10942,S100Z
10943,ZIK1
10944,GPR82
10945,GPR34
10946,PLEKHG5
10947,ATF7IP
10948,RGS19
10949,TCEA2
10950,ANO5
10951,HDAC3
10952,GPHN
10953,VAT1L
10954,TMEM51
10955,CAMTA1
10956,LRRC34
10957,PAH
10958,GATM
10959,SYCE1
10960,RASGRP4
10961,NHLH1
10962,SLFNL1
10963,BCL2
10964,RHNO1
10965,CTPS1
10966,UTF1
10967,KNDC1
10968,METTL18
10969,COL8A2
10970,PWWP2B
10971,ZNF540
10972,FBXL14
10973,EXOSC10
10974,ZNF570
10975,NINJ2
10976,MLLT3
10977,FAM90A1
10978,RRM2
10979,IFNB1
10980,RPS21
10981,C3AR1
10982,RPS7
10983,PRND
10984,RNASEH1
10985,PRNP
10986,KLF17
10987,ADRA1D
10988,FRMD5
10989,AQP4
10990,CYP4F11
10991,TLN2
10992,LGALS9C
10993,TVP23B
10994,FBXW10
10995,ZNF217
10996,SCG2
10997,ATPAF2
10998,CYP4F22
10999,FOXB1
11000,PPIH
11001,ZNF57
11002,JMJD1C
11003,LDHAL6B
11004,SYNPO
11005,ZNF556
11006,MAL
11007,ZNF554
11008,RAB33B
11009,THOP1
11010,GAP43
11011,REG1B
11012,EPHX4
11013,LAMB2
11014,USP19
11015,ORMDL3
11016,SERF1A
11017,KLF11
11018,LRRC15
11019,EIF2AK3
11020,MOB3A
11021,KRCC1
11022,NME6
11023,CYCS
11024,CD8B
11025,SLFN12
11026,CALB2
11027,SLC9C1
11028,CCL11
11029,FRMD3
11030,SNTB1
11031,MTBP
11032,TEFM
11033,MRPL13
11034,MALT1
11035,ISG20
11036,MBOAT1
11037,ID4
11038,CXCR6
11039,CEBPB
11040,TPSAB1
11041,PAIP1
11042,CLEC7A
11043,C5orf34
11044,C1QTNF4
11045,NEGR1
11046,ZNF131
11047,MACROD2
11048,DPAGT1
11049,BSG
11050,HINFP
11051,CERS6
11052,SPTLC3
11053,COPRS
11054,TP53RK
11055,B3GALT1
11056,CLEC12A
11057,BPGM
11058,POP7
11059,ALG14
11060,SUCLG2
11061,STARD5
11062,CSDC2
11063,RCAN2
11064,IL16
11065,ABCG4
11066,GNB2
11067,C2CD2L
11068,ARNT2
11069,GNG12
11070,PRSS27
11071,MYOZ2
11072,SYNPO2
11073,DNAJB7
11074,CLP1
11075,INSL5
11076,EFCAB3
11077,TTC36
11078,RSPH9
11079,GTPBP2
11080,FGGY
11081,IL17D
11082,TCEAL1
11083,ZNF24
11084,MANEA
11085,RAB40A
11086,AGXT
11087,AFF1
11088,ACOT12
11089,FIBP
11090,CARNS1
11091,BANP
11092,PPP1CA
11093,HCFC1
11094,FAM170B
11095,CTSW
11096,NIPAL4
11097,MUCL1
11098,SNTG2
11099,FNDC9
11100,PDE3A
11101,RASGRP1
11102,KLHL6
11103,CHCHD1
11104,MRPL52
11105,SMPDL3A
11106,RND1
11107,RAD9A
11108,EFEMP2
11109,AGAP5
11110,TMEM134
11111,ZMAT3
11112,ZFAND4
11113,ZNF738
11114,MS4A10
11115,SLFN11
11116,CCL19
11117,CORO1B
11118,LRRC20
11119,MUS81
11120,PURG
11121,TMEM217
11122,ZNF596
11123,CFL1
11124,TMCC1
11125,NAA16
11126,EFCAB12
11127,RAB43
11128,FADS6
11129,HOXC5
11130,RAB37
11131,DCP2
11132,SNX32
11133,RPL38
11134,CYP7B1
11135,OVOL1
11136,RARG
11137,CES4A
11138,CES3
11139,SSH3
11140,CES2
11141,PDP2
11142,SP3
11143,KRT2
11144,DMXL1
11145,ZNF621
11146,EGFL7
11147,NADSYN1
11148,DHCR7
11149,NBEA
11150,RNASEH2C
11151,MYEOV
11152,ANKRD13D
11153,MRGPRF
11154,MYD88
11155,OXSR1
11156,SLC22A13
11157,PHF8
11158,LCLAT1
11159,ADH6
11160,KAT5
11161,SH3RF3
11162,GXYLT2
11163,HPSE2
11164,DCAKD
11165,ARPP21
11166,TADA2B
11167,RELA
11168,EVC2
11169,ZNF680
11170,HECTD4
11171,FAM222B
11172,BNC2
11173,HPSE
11174,COQ2
11175,HSPA6
11176,TRMT112
11177,LRRN3
11178,KDM2A
11179,ADCK5
11180,NOC3L
11181,ESRRA
11182,RHOD
11183,COMMD1
11184,RAPH1
11185,MTX1
11186,ADCY5
11187,PARP14
11188,CYSLTR1
11189,PARP15
11190,CKS1B
11191,ABCD2
11192,ABLIM3
11193,MAB21L3
11194,VANGL1
11195,GLRX
11196,IQCB1
11197,SYT12
11198,GOLGB1
11199,C11orf86
11200,DMRT2
11201,ZNF483
11202,PLAC8L1
11203,SLC2A14
11204,GPR137
11205,SNCG
11206,MMRN2
11207,MZT2A
11208,TNKS
11209,ZNF449
11210,ZBTB21
11211,PPP1R3B
11212,STOX2
11213,MAP3K11
11214,TRIB1
11215,KCNK7
11216,SFT2D3
11217,C1QB
11218,C1QA
11219,NDNF
11220,OLR1
11221,GLIPR1L1
11222,DAG1
11223,INSM1
11224,DAB1
11225,ARV1
11226,NAA20
11227,EHBP1L1
11228,THAP2
11229,TMEM196
11230,RNF26
11231,PPP1R14B
11232,SMARCC1
11233,ZNF417
11234,PTPRM
11235,FKBP2
11236,VEGFB
11237,PEAK1
11238,TNFRSF10D
11239,MST1
11240,TNFRSF10C
11241,GMPPB
11242,MOB1B
11243,ZNF622
11244,CSPG4
11245,SNX33
11246,NABP1
11247,CHD2
11248,XCR1
11249,CCDC106
11250,CCR9
11251,SULT1B1
11252,NUDT4
11253,PC
11254,SCAI
11255,NMNAT1
11256,LRFN4
11257,TRAPPC3L
11258,APOBEC4
11259,SLC19A1
11260,HSPB7
11261,RCE1
11262,UQCRH
11263,TAS1R1
11264,EIF1AX
11265,PSMD1
11266,MUC13
11267,SUSD5
11268,HEG1
11269,TOMM20
11270,AGFG1
11271,STAT5B
11272,CD7
11273,CNP
11274,JUP
11275,HAP1
11276,TDRD12
11277,EIF1
11278,ENDOV
11279,RNF213
11280,TIGD3
11281,KCNH6
11282,PLK3
11283,NET1
11284,DPY19L1
11285,PHOSPHO1
11286,ZNF791
11287,PHC3
11288,GPR160
11289,CBX2
11290,SPTBN2
11291,GOLIM4
11292,RBM4B
11293,HOXB2
11294,C1QTNF1
11295,SWSAP1
11296,SLCO4C1
11297,RBM4
11298,XXYLT1
11299,UBXN2A
11300,RAX2
11301,LRRC63
11302,TCAP
11303,CCS
11304,NRROS
11305,CEP19
11306,KLHL15
11307,FBXO45
11308,GNG5
11309,SLC25A30
11310,CD34
11311,CTSF
11312,MSRB3
11313,LEMD3
11314,TLR10
11315,TLR1
11316,TLR6
11317,FAM174A
11318,RGMB
11319,FAM53A
11320,CYB561D1
11321,ZDHHC24
11322,TRMT10C
11323,SELP
11324,CTU2
11325,MGA
11326,SNX31
11327,PIGG
11328,ADCY6
11329,REP15
11330,PITPNA
11331,DDX23
11332,ZNF80
11333,ZNHIT2
11334,TNK1
11335,ZHX3
11336,PHLDA3
11337,SLC16A11
11338,SLC16A13
11339,GLIS1
11340,PODN
11341,SLC6A19
11342,EXO1
11343,RALGAPA1
11344,LIG4
11345,GTF2IRD2B
11346,ABRA
11347,ATP2A2
11348,ZWILCH
11349,RPL4
11350,SNAPC5
11351,STARD6
11352,VWC2L
11353,C12orf76
11354,ZCCHC12
11355,CNTNAP2
11356,GALNTL6
11357,LINGO2
11358,BBS1
11359,DENND4A
11360,IGDCC3
11361,ANKRD36C
11362,SLC26A9
11363,PELI3
11364,TTC9B
11365,MYO1H
11366,TMEM81
11367,MRPL11
11368,IL20RB
11369,GOLT1A
11370,AKIRIN1
11371,NPAS4
11372,MSL2
11373,ZNF497
11374,TRAM1L1
11375,CMKLR1
11376,ANGEL2
11377,UGT8
11378,KY
11379,IQCK
11380,SLCO2A1
11381,ZNF266
11382,SLC29A2
11383,TMEM167A
11384,LEP
11385,SH3PXD2B
11386,LARP7
11387,FGFBP3
11388,NR1D2
11389,PABPC5
11390,BRMS1
11391,RPL15
11392,WDR49
11393,SRP72
11394,PCP2
11395,RIN1
11396,THAP6
11397,CEP135
11398,FZD4
11399,CD248
11400,BTC
11401,PDZK1
11402,DENND6A
11403,PDE12
11404,GLMN
11405,DNAH12
11406,YIF1A
11407,CNIH2
11408,NLRP6
11409,NDUFA11
11410,RSRC1
11411,CATSPERD
11412,RAB1B
11413,C3orf33
11414,SEZ6L2
11415,ASPHD1
11416,KCTD13
11417,P2RY14
11418,AMZ1
11419,GPR171
11420,CD164L2
11421,FUT1
11422,FBXW8
11423,CA5A
11424,KLC2
11425,SLC22A1
11426,CTBP2
11427,CHST2
11428,ZDHHC14
11429,ATR
11430,UBE2C
11431,GK5
11432,VCPIP1
11433,DES
11434,PDIK1L
11435,SPSB4
11436,TRAF6
11437,ZNF654
11438,TVP23C
11439,MRPS22
11440,PACS1
11441,WFDC5
11442,MARCKSL1
11443,SH3BP5L
11444,YPEL2
11445,CADM2
11446,PSMD2
11447,PPM1E
11448,FAM131A
11449,CSRP2
11450,PARL
11451,DDIT3
11452,PCCA
11453,HIGD2B
11454,DCTN2
11455,NPPA
11456,ZNF408
11457,CTDSP2
11458,CKAP5
11459,ARHGAP1
11460,ATG13
11461,GAL3ST3
11462,CHST1
11463,VWA3A
11464,TP53I11
11465,DOLK
11466,PHYHD1
11467,CATSPER1
11468,CCNE2
11469,PHYKPL
11470,CST6
11471,ZNF519
11472,LSM1
11473,BANF1
11474,APOF
11475,CHRNA7
11476,TMEM9B
11477,NRIP3
11478,PTPN2
11479,SCUBE2
11480,EIF1AD
11481,SMAD2
11482,EIF3F
11483,ZNF25
11484,ARL10
11485,CLTB
11486,PCSK1
11487,LPL
11488,RFESD
11489,CCDC14
11490,TBC1D10C
11491,SART1
11492,PPP2R2D
11493,MCTP1
11494,POLD4
11495,LRRC25
11496,CLCF1
11497,UBQLNL
11498,LIPT2
11499,KCNE3
11500,CABP4
11501,ALG10B
11502,DRAP1
11503,LONRF3
11504,UCP3
11505,UCP2
11506,C11orf68
11507,PAAF1
11508,MRPL48
11509,RAB6A
11510,P2RY2
11511,FOSL1
11512,ERCC4
11513,SUGCT
11514,CCDC85B
11515,TMEM70
11516,RPS6KB2
11517,RMI2
11518,TOM1L2
11519,TEX26
11520,ZNF77
11521,GPR156
11522,NR2F1
11523,AURKAIP1
11524,TTLL11
11525,TOMM5
11526,LINC01106
11527,SLC35E3
11528,ZNF169
11529,RUVBL1
11530,SFN
11531,CTDNEP1
11532,ETV4
11533,SWI5
11534,GAPT
11535,BAIAP2
11536,CALCB
11537,CREG2
11538,HOXD8
11539,ZDHHC21
11540,PLEKHF2
11541,A2M
11542,ARL4D
11543,DOK7
11544,LRRN1
11545,UBE2O
11546,ORAI3
11547,UNC119B
11548,DENND2C
11549,PLEKHD1
11550,TUBB6
11551,LYSMD3
11552,AMIGO3
11553,B3GALT6
11554,ZNF613
11555,TMPRSS7
11556,NUPR1
11557,JAKMIP2
11558,MBLAC2
11559,TPRN
11560,ZNF683
11561,SLC35A4
11562,IP6K1
11563,SSNA1
11564,CSTF3
11565,YES1
11566,CHMP6
11567,DLEU1
11568,UFSP1
11569,TMEM39A
11570,TCP11L1
11571,GPX2
11572,CCDC57
11573,HSF5
11574,FOXG1
11575,SPHK1
11576,BNIP3
11577,ENTHD1
11578,MYPOP
11579,CIDEA
11580,ATAD5
11581,SMIM19
11582,ZNF404
11583,RTTN
11584,ACBD7
11585,ANAPC2
11586,ZBTB8OS
11587,SLC35G1
11588,ZNF135
11589,COX8A
11590,TAC4
11591,ZSCAN2
11592,B3GNT4
11593,CDC26
11594,HSD11B2
11595,CRLF3
11596,RNPEP
11597,EID2
11598,DMRTA1
11599,EID2B
11600,GJC3
11601,RIMS2
11602,KCMF1
11603,DNAJC30
11604,SPRYD4
11605,VPS37D
11606,CLEC14A
11607,SYNE3
11608,CLK2
11609,LPCAT4
11610,SLCO3A1
11611,ZNF575
11612,WDR25
11613,DIRAS1
11614,PHLDB3
11615,PRR15
11616,GNG7
11617,CNTD1
11618,B3GNT5
11619,MAP3K19
11620,LMNB2
11621,RMDN1
11622,MEX3C
11623,HORMAD2
11624,RNF152
11625,MYO1D
11626,FOXL1
11627,FOXC2
11628,BDNF
11629,CCDC121
11630,ACSF3
11631,BOK
11632,ZNF843
11633,TTTY14
11634,PFN4
11635,CDK5R1
11636,LINC00303
11637,TCERG1L
11638,NCKAP5
11639,BASP1
11640,LRRC37A3
11641,VSIG10
11642,IRX5
11643,METRNL
11644,FAM91A1
11645,WSB2
11646,GRIN1
11647,SOX11
11648,TYMS
11649,PXMP2
11650,TCEANC
11651,PNMA1
11652,MAMSTR
11653,ANKLE2
11654,C8G
11655,FUT2
11656,EFCAB5
11657,GCNT4
11658,THAP4
11659,NFATC2IP
11660,LY6H
11661,FIBIN
11662,FAM89B
11663,SHMT1
11664,DPP7
11665,TRIM60
11666,SEC24C
11667,FMR1NB
11668,SMCR8
11669,MTHFR
11670,C19orf18
11671,DEAF1
11672,MTX3
11673,TMEM80
11674,SIX5
11675,FBXO46
11676,ZDHHC13
11677,SLC38A9
11678,ACER2
11679,WDR73
11680,POLE
11681,SCN4B
11682,DSCAML1
11683,RHOG
11684,EPS8L2
11685,ANO6
11686,ZBTB34
11687,FAM9B
11688,FAM210A
11689,TALDO1
11690,ULK1
11691,RIMKLA
11692,CLVS1
11693,RPS6KA3
11694,B3GNT8
11695,PUS1
11696,CHD9
11697,TRIM72
11698,MAN1B1
11699,KCNA3
11700,FZD8
11701,GJD4
11702,FBXO39
11703,CLDN22
11704,KCNA2
11705,CASKIN2
11706,ZBTB38
11707,LINC00469
11708,CCDC71
11709,LRRN4CL
11710,TIMM22
11711,HIC1
11712,PPFIA3
11713,MAGEF1
11714,UMODL1
11715,SAMD9L
11716,ZFAS1
11717,PAWR
11718,TGIF1
11719,NAP1L5
11720,NIM1K
11721,CD19
11722,NR2C2
11723,GPR4
11724,ACOT4
11725,ARIH2
11726,RBM44
11727,ZBTB33
11728,ZBED2
11729,IRX3
11730,RPRM
11731,SLC25A22
11732,RABEP2
11733,NHLH2
11734,ATOX1
11735,FAM187B
11736,TBL1XR1
11737,SAMD12
11738,CD163
11739,C18orf32
11740,ZNF491
11741,RPLP2
11742,JUN
11743,CSTF2T
11744,PGBD5
11745,C12orf54
11746,CASC2
11747,ACAD9
11748,IL17RA
11749,PNPLA2
11750,MBOAT4
11751,AGTRAP
11752,CD163L1
11753,SRRM3
11754,THAP5
11755,SUMO4
11756,NAALADL2
11757,CD151
11758,POLR2L
11759,SLC35G5
11760,ANXA2R
11761,FLII
11762,SOX12
11763,HNRNPA0
11764,YIPF7
11765,FAM87B
11766,MYOZ1
11767,KCNJ10
11768,CHID1
11769,ZNF620
11770,TMEM187
11771,ZNF619
11772,AP3S1
11773,GRB2
11774,ZBTB41
11775,UBE2N
11776,ARL6IP6
11777,ZNF354C
11778,MAMDC4
11779,BET1L
11780,RPS27
11781,RIC8A
11782,IMP3
11783,ASB8
11784,LCN15
11785,DPY19L2
11786,ZNRF3-AS1
11787,GPR150
11788,TSPYL6
11789,DMAP1
11790,ADAMTSL1
11791,IMPDH2
11792,ALS2CL
11793,MLF1
11794,NDUFAF3
11795,C2orf69
11796,GRAMD1C
11797,STAP2
11798,TSSK6
11799,BOLA1
11800,PDE4DIP
11801,DDX10
11802,PPP1R42
11803,NDUFV2
11804,DALRD3
11805,ZNF114
11806,ZNF518B
11807,ZNF366
11808,LCORL
11809,PARD6G
11810,ZNF454
11811,SH2B1
11812,ZC3H12D
11813,VN1R1
11814,PLEC
11815,SH2D4B
11816,RNF212
11817,PRSS36
11818,ZNF543
11819,TMEM151B
11820,GALNT11
11821,WDR6
11822,GEN1
11823,TMPRSS9
11824,AQP11
11825,TMEM11
11826,ZNF354B
11827,KCNG2
11828,SHISA3
11829,ZFAND2A
11830,PLEKHM3
11831,FAM220A
11832,DNAJC22
11833,BEND3
11834,NT5DC1
11835,GLDC
11836,COX14
11837,MCMDC2
11838,P4HTM
11839,DTX3
11840,KLHL11
11841,CTXN1
11842,SLC25A20
11843,CA8
11844,CD28
11845,EPM2AIP1
11846,ERBB4
11847,MAF
11848,CTNNBIP1
11849,ERN1
11850,GPR35
11851,CSRNP3
11852,ZNF713
11853,PARP10
11854,SUZ12
11855,NSUN3
11856,KCTD12
11857,RPP25
11858,GRINA
11859,THBD
11860,GP5
11861,COX5A
11862,STX19
11863,FAM219B
11864,ZHX2
11865,CPNE7
11866,C5orf46
11867,GDPD4
11868,RIIAD1
11869,MPI
11870,ADORA2A-AS1
11871,TRIM73
11872,OPLAH
11873,TMEM52
11874,TMEM139
11875,RNF186
11876,EFCAB13
11877,MSC
11878,APOLD1
11879,EXOSC4
11880,DPY19L3
11881,TAF7
11882,FOXE1
11883,PFAS
11884,HYI
11885,LGALS7B
11886,ZNF552
11887,GAK
11888,ZBTB7A
11889,TUFM
11890,RMI1
11891,CTC1
11892,FBXO34
11893,LINC00324
11894,MRFAP1L1
11895,SNX18
11896,EXD1
11897,AURKB
11898,C14orf39
11899,MRFAP1
11900,C3orf38
11901,KLHDC7A
11902,TMEM107
11903,RRS1
11904,EXOC3L1
11905,IGSF22
11906,C9orf50
11907,ZFP42
11908,CCDC89
11909,FAM133A
11910,DPM3
11911,C12orf42
11912,CYC1
11913,PER1
11914,HTR1F
11915,TMTC2
11916,HES7
11917,FARSA
11918,SPTY2D1
11919,C10orf67
11920,SAMD4B
11921,LINC00670
11922,GIMAP7
11923,ALOXE3
11924,EDC3
11925,TCAIM
11926,FUCA1
11927,PXT1
11928,GGN
11929,TMEM125
11930,ZNF664
11931,CALR
11932,LINC00311
11933,MAGED1
11934,LDLRAD3
11935,SMCO3
11936,RAD23A
11937,GADD45GIP1
11938,DAND5
11939,TMEM151A
11940,PTPN11
11941,NSUN7
11942,FAM156B
11943,WSCD1
11944,RAB39A
11945,CLK3
11946,GATA2
11947,ARID3B
11948,TMEM31
11949,PACS2
11950,ELMOD2
11951,EGR3
11952,GPC5
11953,VWA1
11954,LINC00174
11955,GEMIN4
11956,FJX1
11957,KLHL28
11958,MKRN3
11959,ZBTB18
11960,ALOX12B
11961,SLC17A8
11962,SHARPIN
11963,LBX2
11964,DNHD1
11965,SLITRK4
11966,GCC1
11967,LSMEM2
11968,CIITA
11969,ZFPM1
11970,ALOX15B
11971,PLD6
11972,GRM8
11973,CDC42EP4
11974,ZBTB42
11975,LACC1
11976,MAF1
11977,TPPP2
11978,FCER1A
11979,RPRML
11980,ARL14
11981,LINC00305
11982,NLRP8
11983,PCED1B
11984,APOBEC3B
11985,PIPOX
11986,FOXS1
11987,ATOH7
11988,CDH5
11989,LRRC3B
11990,PCBP1-AS1
11991,MYADM
11992,MROH1
11993,SERTAD2
11994,AKAP5
11995,NKPD1
11996,GIPC3
11997,CITED4
11998,ABCA13
11999,NLRP11
12000,TIGD5
12001,PDXDC1
12002,ZNF154
12003,R3HDM2
12004,B3GNT3
12005,ITLN1
12006,SEPHS2
12007,GPBAR1
12008,ZNF784
12009,C14orf119
12010,CCR8
12011,LINC00652
12012,BBS10
12013,FIZ1
12014,PUF60
12015,SSC5D
12016,DCTPP1
12017,ZNF771
12018,TSHZ1
12019,PSTK
12020,SOCS4
12021,ZNF48
12022,C3orf80
12023,TMEM150B
12024,ANKRD18A
12025,TMEM86B
12026,TRNAU1AP
12027,EXOC3
12028,TDRD6
12029,CSNK1A1L
12030,ACTA2-AS1
12031,LYNX1
12032,MED14
12033,FAHD1
12034,TDRP
12035,RCC1
12036,F2
12037,PRKRA
12038,ZNRF2
12039,RRH
12040,ZNF816
12041,FGD6
12042,PLD5
12043,OAZ2
12044,PNPLA1
12045,ALX1
12046,CCDC43
12047,KCTD4
12048,FZD2
12049,TIGD2
12050,HCLS1
12051,MTURN
12052,ZNF609
12053,PAK2
12054,CCDC66
12055,DEFB124
12056,MCFD2
12057,LINC00304
12058,HARBI1
12059,C11orf71
12060,CYP8B1
12061,TPRXL
12062,GAS1
12063,ZNF571
12064,GLIPR1L2
12065,DEFB119
12066,KCNE1
12067,NRIP1
12068,ZSCAN4
12069,BHLHA15
12070,RNF182
12071,TSPYL5
12072,FUT7
12073,SKIDA1
12074,MB21D2
12075,GSX2
12076,SSTR2
12077,ZNF594
12078,PCGF5
12079,SLC47A2
12080,PRF1
12081,MAB21L1
12082,YOD1
12083,TMEM64
12084,SHISA2
12085,S1PR5
12086,CLRN3
12087,GPR157
12088,CHST13
12089,SLC36A4
12090,ZDHHC20
12091,OR51E1
12092,ZFP3
12093,ARSJ
12094,HOXC9
12095,MAP3K15
12096,PPA1
12097,HOXC10
12098,PSMG4
12099,BHLHE22
12100,MAP6D1
12101,CSNK1G2-AS1
12102,ZNF443
12103,CXCR2
12104,GREM2
12105,SSR4
12106,CAPS2
12107,ZNF792
12108,CUEDC1
12109,SCRIB
12110,KCTD2
12111,D2HGDH
12112,OXTR
12113,CMTR2
12114,GPR62
12115,ZNF572
12116,ST20
12117,PITPNB
12118,TCEAL8
12119,LRRC57
12120,MRPL14
12121,GPR137C
12122,C1orf105
12123,BBS12
12124,ZFP82
12125,LSMEM1
12126,NQO1
12127,AEN
12128,FKRP
12129,TRAPPC5
12130,RPH3AL
12131,SLC25A42
12132,FCRL6
12133,METTL23
12134,SLC26A11
12135,HIGD1A
12136,OR52N4
12137,EHMT1
12138,F2R
12139,ZNF707
12140,MUC16
12141,NPM1
12142,PJA1
12143,DHTKD1
12144,PENK
12145,C4orf50
12146,ZNF746
12147,POLR2A
12148,TMEM132C
12149,SLC25A41
12150,FRAT2
12151,TMEM132E
12152,ZNF322
12153,NME9
12154,CCL13
12155,DDX60L
12156,SYNE4
12157,OGFOD3
12158,AATK
12159,DDN
12160,SAGE1
12161,ZNF467
12162,SOX2
12163,ZNF678
12164,TMEM45A
12165,RAP2B
12166,ZBTB2
12167,RNF135
12168,ACBD4
12169,SGSH
12170,MAB21L2
12171,FANCB
12172,SETD2
12173,TMIE
12174,MEX3D
12175,MRPS23
12176,OR52H1
12177,GPR135
12178,SLX1B
12179,ANKRD62
12180,P2RY13
12181,TNFSF15
12182,ZFP41
12183,ATG9B
12184,GPR88
12185,PLAG1
12186,YIPF6
12187,ZBTB20
12188,AMIGO1
12189,GPR3
12190,TMEM252
12191,SIAH2
12192,COPG1
12193,CELF2-AS1
12194,SLC9A9
12195,LSM10
12196,RELL1
12197,RFX7
12198,SLC35C1
12199,TIGIT
12200,RNF41
12201,IBA57
12202,ZNF329
12203,ZNF101
12204,C5orf24
12205,ADO
12206,COA4
12207,PRKAG1
12208,GINS3
12209,CCDC149
12210,MRPS11
12211,SNRPE
12212,RTKN2
12213,CHST15
12214,IDH2
12215,TMEM259
12216,TNRC18
12217,FAM181B
12218,TMEM30B
12219,DEXI
12220,NOP10
12221,FAM89A
12222,KCNIP1
12223,TDRKH
12224,ZNF708
12225,IST1
12226,ERCC6L2
12227,MRPL41
12228,ENPP7
12229,CREB3L2
12230,P2RY8
12231,TP53TG1
12232,UNC5C
12233,TSEN54
12234,RGMA
12235,UBA7
12236,MRPS16
12237,RAD51B
12238,LDOC1
12239,ARL6IP4
12240,EXT1
12241,SHMT2
12242,HHIPL1
12243,ATP6AP2
12244,CYB5D1
12245,BACE2
12246,UBE2E2
12247,SYNM
12248,FIGN
12249,IZUMO1
12250,TMIGD1
12251,B4GALNT4
12252,AP1S2
12253,DCAF4L1
12254,ZSCAN22
12255,KCNJ14
12256,FBXL6
12257,C1S
12258,GLTPD2
12259,KBTBD3
12260,YBEY
12261,FAM87A
12262,PLCXD1
12263,NXPH4
12264,CACNB4
12265,TRAPPC6B
12266,PGBD4
12267,NPLOC4
12268,KCNK4
12269,TSHZ2
12270,CAPN12
12271,EXOC7
12272,KPNA2
12273,XKRX
12274,BGN
12275,CEP97
12276,LHFPL1
12277,FES
12278,GLRX5
12279,MXRA7
12280,LIMK2
12281,RWDD4
12282,SPNS3
12283,CLEC4G
12284,SATB1
12285,NXPH3
12286,CSF1R
12287,EPHB3
12288,VCX
12289,EPGN
12290,TRAK1
12291,PLCB1
12292,SKA2
12293,NTM
12294,TTC3
12295,PPP1R27
12296,BRICD5
12297,GALR2
12298,IGIP
12299,TSKU
12300,CMC4
12301,ANXA2
12302,RGS6
12303,HOXB4
12304,SLC35D3
12305,PAQR7
12306,PAPPA
12307,MAFA
12308,NGRN
12309,GRID1
12310,RPS17
12311,HCAR2
12312,CCDC87
12313,C1orf116
12314,CRIP2
12315,DDX28
12316,ACBD3
12317,PLCXD3
12318,VMO1
12319,ALG12
12320,LCK
12321,RBM10
12322,RPL35A
12323,RGS7
12324,SLC25A18
12325,ZNF721
12326,TCEAL7
12327,CEP63
12328,WFDC10B
12329,EWSR1
12330,SPATA13
12331,GJC1
12332,SOX1
12333,CNOT10
12334,MTA1
12335,ZNF662
12336,CADM1
12337,ZNF320
12338,C12orf60
12339,PYCR1
12340,NAA38
12341,SPNS2
12342,SLC8A1
12343,SLC25A21
12344,PCP4
12345,ABAT
12346,CAMK1D
12347,RGPD6
12348,LYSMD4
12349,WBP2NL
12350,IGSF5
12351,AFMID
12352,GAS6
12353,FREM3
12354,NEB
12355,BEGAIN
12356,GPC6
12357,ARHGEF37
12358,FAM43B
12359,CSMD1
12360,PTGDR2
12361,CEP57L1
12362,RIPPLY3
12363,GPR19
12364,GJD3
12365,RABIF
12366,TMEM119
12367,FANCF
12368,CALN1
12369,C2CD4C
12370,POTEC
12371,RUVBL2
12372,GDPGP1
12373,CTNNA3
12374,WT1-AS
12375,RIMBP3C
12376,PTTG1IP
12377,DDX41
12378,PLGLB1
12379,DAZAP2
12380,CCBE1
12381,ZNF623
12382,EPHA10
12383,SPDYE4
12384,CCDC125
12385,BOLA2
12386,BCOR
12387,JRKL
12388,GBP6
12389,SYNDIG1L
12390,FHL3
12391,PMCH
12392,TMEM89
12393,CCDC159
12394,RIPK4
12395,LRIT3
12396,SF3A3
12397,TRIM61
12398,GRIN2A
12399,URAD
12400,GTF2H2C
12401,ASB7
12402,SH2D7
12403,TREX2
12404,GPR132
12405,MX2
12406,EP400
12407,MEX3B
12408,COA5
12409,PSMG1
12410,PRR14L
12411,KLRC4
12412,ACSM5
12413,SERHL2
12414,PCBP3
12415,PGPEP1L
12416,SETD3
12417,TNFAIP8L3
12418,ZNRF3
12419,FBXL7
12420,TANGO2
12421,SFXN4
12422,FAM167B
12423,MRPL54
12424,ZNF438
12425,HMCES
12426,CCR3
12427,DGCR6
12428,RP1L1
12429,KRTAP8-1
12430,ZNF530
12431,NDUFB1
12432,KLHL25
12433,BMP8A
12434,ALYREF
12435,EFHC2
12436,NOG
12437,MRGPRX2
12438,UPP1
12439,OPCML
12440,TRIM52
12441,CMTM4
12442,TMEM50A
12443,ASCL2
12444,TBK1
12445,CBX6
12446,MACC1
12447,ACSM2A
12448,KREMEN1
12449,TRAIP
12450,CHEK2
12451,FOXL2
12452,AIFM3
12453,KCTD16
12454,B3GALT5
12455,ZNF703
12456,SLC35F3
12457,KCTD8
12458,TUBA8
12459,NPIPA5
12460,EMILIN3
12461,OLFML1
12462,FAM162B
12463,RBM12B
12464,CCR4
12465,LIN9
12466,BTBD9
12467,NUDT14
12468,PNMA3
12469,GPR39
12470,FAM3B
12471,ZNF730
12472,TOB2
12473,SCN5A
12474,ARSI
12475,UTY
12476,TTC32
12477,LRRC55
12478,DNAH2
12479,SH2D1A
12480,SDR42E2
12481,PRKX
12482,KCNH8
12483,SMTN
12484,NPW
12485,PP2D1
12486,COA3
12487,NPB
12488,ST6GALNAC3
12489,PTP4A2
12490,TMPRSS2
12491,DENND5A
12492,OR2T10
12493,DIABLO
12494,VPS33B
12495,TBX1
12496,ADAP2
12497,UQCR10
12498,FAM120C
12499,EIF3C
12500,CLDN5
12501,NIPSNAP1
12502,CNTN2
12503,KCNQ3
12504,ADRA2C
12505,NR2C2AP
12506,CRELD2
12507,SCFD2
12508,UBE2F
12509,KCNJ12
12510,GPR173
12511,PPP1R2
12512,TSPYL2
12513,GOLGA6L4
12514,PGP
12515,SNRNP35
12516,IRAK1
12517,CMSS1
12518,OLIG1
12519,PCDH9
12520,ACOT1
12521,OAF
12522,ALDH1A3
12523,KCNK12
12524,POU6F1
12525,TM2D3
12526,TSSC4
12527,TACSTD2
12528,PRKD1
12529,CCSER1
12530,ZDHHC23
12531,MROH7
12532,SRPK3
12533,GDF3
12534,SLIT3
12535,EFNA5
12536,SPATA32
12537,PKP3
12538,MAP7D2
12539,CSF1
12540,COLEC10
12541,ACTRT3
12542,PLA2G6
12543,MAML2
12544,SS18L1
12545,KCND2
12546,TOP1MT
12547,COPB2
12548,LRRC19
12549,THAP7
12550,KNTC1
12551,CCR10
12552,NCMAP
12553,WDR27
12554,TXNRD2
12555,FOXO4
12556,POU3F2
12557,FOXD4L1
12558,PROS1
12559,GAST
12560,HDDC3
12561,ZFP1
12562,CEND1
12563,C6orf58
12564,SOCS3
12565,SLITRK6
12566,LPAR5
12567,XPOT
12568,PDE4B
12569,SNN
12570,NELL2
12571,MED12
12572,ZNF93
12573,CDCA2
12574,AMER1
12575,ZBTB40
12576,CLDN6
12577,EIF4ENIF1
12578,LRRC26
12579,SERINC4
12580,RNLS
12581,APOBR
12582,FAM110C
12583,ATL3
12584,NDUFA12
12585,SMIM10
12586,UBE2G2
12587,OSBP2
12588,ZBTB7C
12589,APOO
12590,PRR16
12591,TMED9
12592,DRD1
12593,TMEM186
12594,SDR42E1
12595,RBM33
12596,ARMCX2
12597,BTBD6
12598,RBM43
12599,SUMO3
12600,IMMP2L
12601,TCEAL2
12602,CLCNKB
12603,JAG2
12604,FMNL1
12605,PTRHD1
12606,LCN12
12607,WT1
12608,ZFP90
12609,FAM227A
12610,USP18
12611,CHRM5
12612,SORCS2
12613,TMEM121
12614,TMEM106A
12615,SIVA1
12616,BRI3BP
12617,ROBO2
12618,AP3M1
12619,F8
12620,NT5C1B
12621,CA13
12622,UBOX5
12623,MAFF
12624,BRF1
12625,SEMA4B
12626,CIB1
12627,ANKS1B
12628,NELFA
12629,SLC24A3
12630,EFCAB10
12631,C5orf47
12632,FLRT2
12633,INTS5
12634,RPS27L
12635,MANEAL
12636,ANO9
12637,FAF1
12638,FAM43A
12639,C6orf120
12640,PURA
12641,INPP5J
12642,MIXL1
12643,MFSD6L
12644,LRRC37B
12645,DDX51
12646,NOMO2
12647,SIGIRR
12648,NRBP2
12649,PRSS57
12650,IFITM2
12651,TNFAIP2
12652,ZNF445
12653,PGBD2
12654,RAB11B
12655,PRMT3
12656,GP1BA
12657,PRPF39
12658,PPIL6
12659,ZNF74
12660,KIAA0825
12661,UBALD2
12662,CDNF
12663,NOTUM
12664,RBM11
12665,ZBTB37
12666,CCDC137
12667,SFTPA2
12668,RGPD2
12669,ARL15
12670,C12orf56
12671,CDK10
12672,TMEM105
12673,SOCS1
12674,TCN2
12675,GAS2L1
12676,ATP6V0A2
12677,HGS
12678,TNFAIP8L1
12679,RAD51D
12680,MAPK11
12681,SP140L
12682,MRPL30
12683,SMYD3
12684,LINC00158
12685,IFNLR1
12686,SH3BGR
12687,FAM174B
12688,TMEM179B
12689,GPRIN3
12690,PARPBP
12691,STAC3
12692,ROR1
12693,MUC1
12694,L3MBTL1
12695,BRCC3
12696,SV2B
12697,FAM131C
12698,PDE6G
12699,PRKG1
12700,NR2F2
12701,TLCD2
12702,LSAMP
12703,AHNAK2
12704,OLFML2A
12705,SP1
12706,MRPL40
12707,PDIA2
12708,PCGF3
12709,LMLN
12710,P4HB
12711,PSMD13
12712,PBX1
12713,SHC4
12714,ZFP36L1
12715,UBE2L3
12716,NTF3
12717,BRWD1
12718,PMEL
12719,SYN3
12720,POU3F1
12721,SNAI3
12722,ZBTB3
12723,LYG2
12724,MORN5
12725,PRAME
12726,MYBL1
12727,DRG1
12728,ANKFY1
12729,YTHDF3
12730,ZNF696
12731,ADARB2
12732,NRG3
12733,SRL
12734,IFIT1
12735,CXorf38
12736,KCNQ5
12737,ADAMTSL5
12738,MORF4L1
12739,WDR53
12740,DMWD
12741,SLC52A2
12742,PIGP
12743,IKZF1
12744,PCYT2
12745,NAT8L
12746,NPAP1
12747,BCAP31
12748,ARL17A
12749,GNB1L
12750,DNAH14
12751,ZNF829
12752,THNSL1
12753,TRIM69
12754,ATP6V0C
12755,IFITM1
12756,PRSS38
12757,LAMP1
12758,FFAR3
12759,TAS2R60
12760,POMK
12761,LINC00839
12762,C16orf54
12763,KLHDC8B
12764,KLHL34
12765,SETD4
12766,PTCH1
12767,RTN4RL1
12768,CALHM1
12769,NKAIN3
12770,RNPC3
12771,ZNF267
12772,IRS2
12773,BICD2
12774,CCIN
12775,TMLHE
12776,SLITRK2
12777,PLK5
12778,LRCH3
12779,LEMD1
12780,ATP4B
12781,NDUFA13
12782,ZNF566
12783,ZNF529
12784,ZNF284
12785,DLEU7
12786,KRT73
12787,TAL2
12788,MATN1-AS1
12789,AIDA
12790,CD300LF
12791,ZPBP2
12792,KRT5
12793,GSAP
12794,AGBL4
12795,CYP2R1
12796,LRRC70
12797,ANKRD46
12798,PIP5K1C
12799,TEX38
12800,ZBTB6
12801,C2orf76
12802,POLR3C
12803,UBL4B
12804,WWOX
12805,CYP4Z1
12806,BCL9L
12807,POLR1D
12808,KIF18B
12809,ZNRF1
12810,FFAR4
12811,SAPCD2
12812,EDARADD
12813,SLC51B
12814,CYP4F12
12815,SOWAHB
12816,BLOC1S4
12817,ZNF749
12818,KLHL32
12819,BTLA
12820,ZNF17
12821,KDM4D
12822,GPAT2
12823,TOR3A
12824,PPP1CC
12825,ZNF555
12826,NAP1L3
12827,PRELID2
12828,BACE1
12829,RGS9BP
12830,SLC36A2
12831,THBS2
12832,RXRA
12833,ANKRD37
12834,NUDT17
12835,ZNF75D
12836,CYP4X1
12837,KRT10
12838,GOLGA8R
12839,CD300E
12840,CCDC30
12841,NKRF
12842,GLDN
12843,KPNA4
12844,ZNF197
12845,SPATA12
12846,FAM228A
12847,NAP1L2
12848,RPS23
12849,GNG2
12850,BTN3A2
12851,AKAP14
12852,PCLO
12853,RGS7BP
12854,INSIG1
12855,MYT1L
12856,ZNF396
12857,TMEM222
12858,OR9Q1
12859,CLCNKA
12860,ARHGAP30
12861,CYP4F3
12862,SMYD4
12863,FOXD2
12864,GPATCH8
12865,CEACAM19
12866,NF2
12867,SPATC1
12868,UBE2H
12869,HPDL
12870,KTN1-AS1
12871,KATNA1
12872,FSD2
12873,ARAP1
12874,KIF24
12875,PDE2A
12876,PRG2
12877,PRR5
12878,ZFP91
12879,C17orf58
12880,BCDIN3D
12881,CYP27C1
12882,LYRM7
12883,CCDC73
12884,BCR
12885,MPPED1
12886,FSCN2
12887,FOXI2
12888,SPIN4
12889,ZNF732
12890,SPIN2B
12891,FOXE3
12892,HYAL3
12893,VSIG10L
12894,CXCR3
12895,ZNF397
12896,ZSCAN30
12897,TPCN1
12898,TNFRSF4
12899,KRT16
12900,HEXIM1
12901,KRT14
12902,TRABD2A
12903,PDZD7
12904,POFUT2
12905,QRFPR
12906,ERCC6L
12907,TMEM17
12908,TNFRSF18
12909,C1QL4
12910,RTN4RL2
12911,ZDHHC17
12912,ZNF395
12913,ZACN
12914,PPARA
12915,TMEM232
12916,EFCAB6
12917,KANK3
12918,EMID1
12919,RHD
12920,ESPN
12921,PNLIPRP1
12922,PTRH1
12923,KRTAP21-2
12924,GPR141
12925,TMPRSS6
12926,CYP4A11
12927,TMEM216
12928,RPS19BP1
12929,C3orf70
12930,TEAD1
12931,PLCD1
12932,CCK
12933,ENTPD5
12934,MITF
12935,HEATR4
12936,NAP1L1
12937,CMC1
12938,LYPD6
12939,AKR1C1
12940,VSTM2B
12941,FOXD3
12942,SPATA21
12943,RNF220
12944,ANGPTL5
12945,ZNF546
12946,TSPYL4
12947,MT1X
12948,GCNT1
12949,SESTD1
12950,FNBP1
12951,DYNC2H1
12952,BCAM
12953,RSBN1L
12954,WDR86
12955,EPOR
12956,FAM9C
12957,CIDEC
12958,DCC
12959,TAF9B
12960,PCDHB13
12961,MAGI2
12962,LUZP2
12963,LHFPL3
12964,CHP1
12965,FPR3
12966,C11orf96
12967,KCNJ11
12968,CDHR4
12969,COL4A1
12970,PLEKHG7
12971,GJA4
12972,PTMA
12973,HSPA14
12974,ATP13A5
12975,SIRT7
12976,IFT140
12977,AGMO
12978,TLR5
12979,USP7
12980,NHLRC1
12981,COX8C
12982,PLEKHN1
12983,ZNF385C
12984,MAGEH1
12985,TET3
12986,ZNF286A
12987,ISG15
12988,EXD3
12989,ZKSCAN4
12990,RGPD1
12991,SAMD11
12992,HAPLN4
12993,ERC2
12994,SPRY4
12995,ERAS
12996,TRPV2
12997,TMEM203
12998,KBTBD12
12999,THSD4
13000,DNAJB13
13001,GABRD
13002,TCEA1
13003,NHEJ1
13004,FANCA
13005,SECISBP2
13006,C9orf153
13007,SEMA4D
13008,DNAH17
13009,MCRS1
13010,TMEM72
13011,FANCM
13012,ZNF70
13013,CARD9
13014,PEAR1
13015,ZFP69B
13016,SOWAHD
13017,ZFP69
13018,TMEM220
13019,EIF4EBP1
13020,ASCL4
13021,CCDC157
13022,TTC24
13023,PALM3
13024,DMBT1
13025,CLEC17A
13026,LCN10
13027,LDLRAD2
13028,C2orf66
13029,OVCH1
13030,COL14A1
13031,DNER
13032,CPSF4L
13033,KLHL17
13034,PLA2G2C
13035,ZSCAN23
13036,RINL
13037,C17orf99
13038,OR7D2
13039,TPRG1
13040,MORN2
13041,S100A3
13042,UBQLN2
13043,RILPL1
13044,C19orf67
13045,ZNF490
13046,CLCN1
13047,NRN1L
13048,NWD1
13049,ARL4C
13050,RNF133
13051,TMEM221
13052,TREML4
13053,RAB42
13054,WNT7B
13055,GPR89B
13056,MESP2
13057,EYS
13058,C6orf132
13059,MAPK12
13060,COL4A5
13061,AGRN
13062,NHS
13063,TMPPE
13064,ZNF626
13065,SMTNL2
13066,ZC3H6
13067,LAMTOR4
13068,PRKAR1B
13069,NCR3LG1
13070,DCUN1D3
13071,POTEE
13072,ZNF793
13073,TUBB4B
13074,AGAP4
13075,COMMD6
13076,PLA2G2A
13077,IL17REL
13078,HYKK
13079,OR7A5
13080,C15orf62
13081,RUFY4
13082,ZNF383
13083,HES4
13084,ZNF669
13085,LRRIQ4
13086,PLSCR1
13087,C3orf62
13088,ENO4
13089,ZNF559
13090,SBK1
13091,GTF2F2
13092,FOCAD
13093,PRR19
13094,ZP3
13095,JAKMIP3
13096,PDCD1
13097,GPR21
13098,SELL
13099,CHM
13100,NANOS2
13101,BLOC1S5
13102,CERKL
13103,SLC24A5
13104,IER5L
13105,INSC
13106,SERPINA5
13107,LCTL
13108,NCCRP1
13109,COL25A1
13110,FAM83G
13111,SRSF10
13112,HBA2
13113,DUSP28
13114,NBR1
13115,RALGAPA2
13116,NDOR1
13117,FBLL1
13118,NKAIN2
13119,PAQR9
13120,CLN3
13121,FAM72B
13122,ASAH2
13123,SUMO2
13124,NANOS1
13125,IGFL3
13126,GOLGA8M
13127,ZNF177
13128,DPYD
13129,S100A16
13130,PTAR1
13131,CC2D2B
13132,RHCE
13133,C2orf80
13134,IDO2
13135,PARVB
13136,SLC4A5
13137,UROS
13138,ZDHHC9
13139,SMIM15
13140,VWC2
13141,FAM221A
13142,TMEM120B
13143,FSIP2
13144,RBM34
13145,NOXA1
13146,TMEM198
13147,BCL2L15
13148,FZD9
13149,SPRED3
13150,ADRB3
13151,SKOR1
13152,PRELP
13153,ZNF548
13154,MTF1
13155,TMCO2
13156,SHISA6
13157,TMEM201
13158,NHLRC3
13159,HMX2
13160,ZDHHC11
13161,CNR2
13162,SLX4
13163,ENTPD8
13164,RPL14
13165,BEND4
13166,FAM78B
13167,ZNF563
13168,FBF1
13169,KLRG2
13170,ASTL
13171,MSL1
13172,LRRK2
13173,TRMT2B
13174,NYX
13175,FAM120AOS
13176,UTS2B
13177,C9orf152
13178,NOC2L
13179,MSANTD1
13180,NELFB
13181,LRRC66
13182,ZNF292
13183,HUS1B
13184,KCTD21
13185,ADAT2
13186,ZNF567
13187,ANKDD1B
13188,ALKBH2
13189,RNFT1
13190,RNF222
13191,RELN
13192,FAM111B
13193,APOD
13194,LITAF
13195,VSTM1
13196,ARID2
13197,SF3B3
13198,PRSS48
13199,IL1RAPL2
13200,BLOC1S3
13201,SP6
13202,ANKRD34B
13203,PLAC9
13204,NKAPL
13205,CLDN4
13206,GRAPL
13207,FAM47E
13208,ZNF527
13209,ZAR1L
13210,S100A13
13211,ZNF33A
13212,PCDH18
13213,ZNF600
13214,BTBD8
13215,MAOA
13216,C15orf61
13217,NUGGC
13218,LINC00943
13219,TSPYL1
13220,PNRC2
13221,FHIT
13222,ZKSCAN3
13223,RRP7A
13224,LIN54
13225,FAM53B
13226,FAM180A
13227,S100A14
13228,KAZN
13229,SLC35E2B
13230,KIAA0408
13231,GSPT2
13232,C8orf76
13233,OTUD6A
13234,HMGB1
13235,MMP23B
13236,SH2D5
13237,ZFP92
13238,BLOC1S2
13239,SYCP2
13240,IL1RAP
13241,MYBPC1
13242,PAX5
13243,SPOCK3
13244,ZNF699
13245,TDRD7
13246,AKR1C3
13247,SPATS2L
13248,ZNF250
13249,WDSUB1
13250,ZNF79
13251,S100A4
13252,PLEKHG4
13253,FAT4
13254,COLCA1
13255,KIF19
13256,ZNF681
13257,ACADSB
13258,STK40
13259,TMEM63A
13260,CTSE
13261,SEMA4A
13262,HRCT1
13263,MPHOSPH8
13264,GREB1
13265,SIRPB2
13266,ZNF766
13267,RYR1
13268,SRGAP3
13269,FAM217B
13270,LCOR
13271,SUPT5H
13272,XPNPEP3
13273,ZNF107
13274,SFTA2
13275,PPIA
13276,ZNF471
13277,ZNF836
13278,ZNF493
13279,GTF2IRD2
13280,GRM7
13281,SUPT3H
13282,NIF3L1
13283,ATP2A1
13284,POM121
13285,ZBTB44
13286,GIMAP5
13287,STK31
13288,CGB7
13289,NLGN3
13290,ZKSCAN7
13291,CD55
13292,CPNE4
13293,ZNF565
13294,NTNG2
13295,ELAVL3
13296,WDR5
13297,LONP1
13298,C9orf163
13299,TRRAP
13300,NUDT11
13301,FUT4
13302,ASB13
13303,SLC35F1
13304,ZNF34
13305,ZNF140
13306,INCA1
13307,ZNF774
13308,PTPN1
13309,EVL
13310,THEM5
13311,EPHB4
13312,ZNF765
13313,ZNF124
13314,XRCC6
13315,S100A5
13316,PPP1R26
13317,TSC22D2
13318,CRYBA4
13319,ASMT
13320,NPIPB15
13321,ZNF569
13322,ARMCX4
13323,YRDC
13324,ZNF777
13325,PIK3R4
13326,ZNF775
13327,ZNF605
13328,TRAPPC2
13329,RFX8
13330,MYL6B
13331,ZNF799
13332,FGF16
13333,SIAH1
13334,C20orf96
13335,ESRRG
13336,IPO4
13337,NCOR2
13338,SULT1A1
13339,ARL9
13340,PRPF40A
13341,GDAP2
13342,TCEAL3
13343,ANAPC7
13344,TPK1
13345,SLC6A9
13346,AFAP1
13347,NACA
13348,MYO18A
13349,SPTSSB
13350,MAN2A2
13351,MME
13352,FAM72A
13353,CACNA1H
13354,SULF2
13355,HBG2
13356,LAMA2
13357,PLXNB2
13358,AJAP1
13359,XRCC2
13360,MYO6
13361,HDAC2
13362,ZNF782
13363,POTEF
13364,ZNF846
13365,MMP1
13366,ADH1B
13367,TCF4
13368,WNK3
13369,HRH1
13370,RABL6
13371,ZNF136
13372,ZKSCAN5
13373,ZNF502
13374,TRAPPC4
13375,SLC30A10
13376,TECPR2
13377,TLR7
13378,FAM180B
13379,ZFP62
13380,ERI2
13381,TOMM7
13382,HSH2D
13383,ZNF33B
13384,ZNF512B
13385,AMZ2
13386,ZNF431
13387,NF1
13388,VKORC1L1
13389,ZNF418
13390,DAPK1
13391,HLA-DQA1
13392,COL27A1
13393,GM2A
13394,S100A2
13395,ZNF700
13396,CD47
13397,TLE1
13398,MAML3
13399,STRN3
13400,ZNF239
13401,ZSCAN16
13402,MVB12B
13403,POTEI
13404,ADA
13405,ARID5A
13406,PPTC7
13407,TOMM20L
13408,RGPD4
13409,NHLRC2
13410,ZFP28
13411,SCN8A
13412,LAMB3
13413,KPNA5
13414,ARHGEF12
13415,HCAR1
13416,PDLIM7
13417,FLNA
13418,TMEM26
13419,SRGAP1
13420,FAM3C
13421,NOP9
13422,ZNF705A
13423,SLC39A10
13424,CASP4
13425,AP2A1
13426,ZNF585A
13427,ANXA4
13428,LAGE3
13429,WDR5B
13430,NPIPB9
13431,ZNF138
13432,ZNF429
13433,ZNF470
13434,SERTAD1
13435,ZNF398
13436,ZSCAN25
13437,ANXA6
13438,ZNF441
13439,GMFB
13440,SIGLEC15
13441,ZNF420
13442,ZNF763
13443,ZMYM1
13444,DTHD1
13445,MAFG
13446,ARRDC1
13447,KIAA1671
13448,IGF2R
13449,GAL3ST4
13450,DYNC1H1
13451,SLC6A17
13452,PCBP2
13453,ZGPAT
13454,SLC25A29
13455,PGAP1
13456,ZNF682
13457,ZNF772
13458,ZNF257
13459,ADAM32
13460,ACSL5
13461,LRRC8B
13462,ABCB8
13463,SND1
13464,ZNF785
13465,SULT1A2
13466,NEK5
13467,PSMD12
13468,PIWIL2
13469,SLC22A4
13470,ZSCAN5B
13471,ENTPD4
13472,C1D
13473,TBC1D9B
13474,SLC2A7
13475,FAM110D
13476,LINC00336
13477,KANK2
13478,C6orf141
13479,GTF2E2
13480,IL27
13481,GUCA2A
13482,RAD54B
13483,ZNF165
13484,SYNGAP1
13485,RAMP2-AS1
13486,FITM2
13487,BLM
13488,GATA3-AS1
13489,DDI2
13490,SVIL
13491,TRIM33
13492,LRP10
13493,PELI1
13494,ZNF833P
13495,ZNF655
13496,MRPL21
13497,LYPD2
13498,UAP1L1
13499,ZNF98
13500,FBXL22
13501,ZNF786
13502,ZNF517
13503,ZNF675
13504,SLC22A5
13505,DACT3
13506,ADARB1
13507,ZNF860
13508,HTT
13509,C5AR1
13510,DIO3
13511,DCHS2
13512,VEPH1
13513,SHPK
13514,IPP
13515,MAP3K5
13516,OGDHL
13517,CYP2F1
13518,GSTK1
13519,HNRNPAB
13520,STMN3
13521,PDGFA
13522,GYPE
13523,COL13A1
13524,SPN
13525,ZNF695
13526,ZNF628
13527,SLC2A10
13528,ZNF665
13529,RPF2
13530,SLC28A3
13531,FAM177B
13532,MIB2
13533,MYO5A
13534,GZMM
13535,ATG7
13536,SIPA1L1
13537,RAB40C
13538,PIGN
13539,COL4A6
13540,ZNF624
13541,HOXA4
13542,TOPORS
13543,BCO2
13544,KCNMB2
13545,ENTPD6
13546,ENPP1
13547,CCDC154
13548,FAR1
13549,ZNF841
13550,MFAP5
13551,ZNF615
13552,CDC42SE1
13553,MPEG1
13554,SERPINB2
13555,DPP4
13556,PDCD1LG2
13557,ZNF433
13558,SLC22A24
13559,SPTAN1
13560,NMB
13561,PARVA
13562,KLHL14
13563,FAM114A1
13564,RPE
13565,ZNF460
13566,CR1L
13567,PHF2
13568,RPS26
13569,PSAP
13570,S100A10
13571,LHFPL5
13572,RPL37A
13573,HOXC6
13574,TXNRD3
13575,CFD
13576,MAP1LC3C
13577,MCMBP
13578,EME2
13579,KLHDC1
13580,ZNF81
13581,TAF13
13582,ATAD3A
13583,FAM118B
13584,ZNF461
13585,CCDC180
13586,SLC9A8
13587,OCLN
13588,ZNF181
13589,ZNF44
13590,GPAA1
13591,ADAMTSL2
13592,SGTB
13593,ZNF790
13594,MYO1C
13595,MDS2
13596,NKIRAS1
13597,UGT2B17
13598,MEIG1
13599,SLC22A12
13600,KIF13B
13601,ADH5
13602,SLC22A6
13603,TEAD4
13604,SPG7
13605,HRNR
13606,HES5
13607,ZNF677
13608,ZNF823
13609,ZNF347
13610,PLCG2
13611,FCHSD1
13612,ZNF71
13613,S100A6
13614,RPL12
13615,DNM3
13616,ZNF121
13617,MPZL1
13618,VPS13A
13619,MBP
13620,ELOVL2
13621,LEKR1
13622,C1orf122
13623,SNHG12
13624,PCDH20
13625,CLEC9A
13626,IRAK4
13627,DLGAP2
13628,MRPL42
13629,ENTPD7
13630,ZNF335
13631,ZNF560
13632,TUBA3C
13633,RPS4X
13634,ZNF273
13635,ZNF84
13636,MAK16
13637,ZNF667
13638,SIRPA
13639,GRK6
13640,PRIM1
13641,AKR1B10
13642,SULT1C4
13643,ZBTB14
13644,CD2AP
13645,NUP62CL
13646,SFI1
13647,ZNF649
13648,ZNF248
13649,CHSY3
13650,TOR4A
13651,LPAR1
13652,MB
13653,HIBCH
13654,ZNF544
13655,TMEM229B
13656,SOWAHC
13657,ZNF770
13658,NPIPB6
13659,HMGN5
13660,MIER1
13661,MAN1A2
13662,SVIP
13663,ZNF251
13664,DDRGK1
13665,TFDP1
13666,CLEC4C
13667,ZNF607
13668,ZNF334
13669,HSD17B11
13670,SZT2
13671,SULT1C2
13672,ZXDA
13673,RPS6KL1
13674,CACNA1E
13675,QRICH1
13676,FKBP1C
13677,DDX42
13678,RPL23A
13679,SLC29A3
13680,STYX
13681,UBL5
13682,HELZ
13683,TMEM116
13684,UCKL1
13685,OR5B21
13686,CARD11
13687,ZNF485
13688,PEG3
13689,SDAD1
13690,ZKSCAN8
13691,HYLS1
13692,MYL4
13693,ZNF442
13694,ZNF813
13695,HOXC4
13696,PIM3
13697,ASPH
13698,SPRED2
13699,WWP2
13700,GFPT1
13701,UVRAG
13702,ZNF26
13703,ITSN2
13704,NTRK1
13705,MT1F
13706,ZNF69
13707,TXNRD1
13708,NRARP
13709,ZNF583
13710,ZNF568
13711,ZXDB
13712,ZNF480
13713,ZNF587
13714,TPM2
13715,SH3BGRL2
13716,ZNF808
13717,ANKRD35
13718,B3GNT6
13719,YTHDF2
13720,TMA16
13721,HLA-DRB5
13722,ATL1
13723,CNGA1
13724,MAFK
13725,ZNF43
13726,GPN1
13727,PLN
13728,C2CD4A
13729,ZNF28
13730,ITGBL1
13731,ZNF511
13732,C20orf203
13733,ZNF627
13734,KCNRG
13735,WDHD1
13736,ZNF789
13737,CTNND1
13738,SLC34A3
13739,RD3
13740,SH2D1B
13741,ARC
13742,NUDT16
13743,TLK1
13744,LRBA
13745,MMP17
13746,BAZ1A
13747,AKR1C4
13748,COPS8
13749,CCDC69
13750,MDM4
13751,RYR2
13752,ZNF534
13753,KLHL9
13754,FAM3D
13755,NCOA6
13756,STK39
13757,TAT
13758,C6orf89
13759,CALM1
13760,TUSC1
13761,PAPSS2
13762,SLC9A6
13763,FAN1
13764,ABCA4
13765,EIF1AY
13766,MT-ND6
13767,IPO9
13768,CEP290
13769,MT-CO2
13770,ANKRD13B
13771,ECI2
13772,UNC13B
13773,MT-CYB
13774,LDB1
13775,PPP1R14C
13776,CTR9
13777,SMOC1
13778,F5
13779,MSRB1
13780,LRRTM3
13781,ZNF652
13782,SMURF1
13783,SLC5A3
13784,GPATCH3
13785,CDC42BPB
13786,PLXNB3
13787,OXCT2
13788,RPL10A
13789,COLGALT2
13790,EPS8L3
13791,EGFL6
13792,MT-ND2
13793,APCDD1L
13794,RCSD1
13795,RASSF9
13796,FAM169A
13797,ZNF830
13798,GRIN3A
13799,MT-ND5
13800,CNOT7
13801,TMEM184B
13802,MTOR
13803,SCAMP5
13804,ZNF521
13805,ALPK2
13806,BRINP2
13807,LRIG2
13808,MT-CO1
13809,PNP
13810,PAX9
13811,GK
13812,FOXJ3
13813,ZNF358
13814,SFT2D1
13815,CD247
13816,GRM3
13817,CHAMP1
13818,INPP5F
13819,ARHGAP11A
13820,SUCNR1
13821,HMGN2
13822,UBE2J1
13823,GJC2
13824,OPA1
13825,DENND4B
13826,RYR3
13827,ZNF277
13828,MT-ND3
13829,KTI12
13830,ARHGEF15
13831,TOX
13832,CES1
13833,CD3E
13834,RUSC2
13835,FICD
13836,OSTC
13837,R3HDM4
13838,TSEN15
13839,LTN1
13840,RUNDC1
13841,CCDC152
13842,GRK5
13843,TYW1
13844,DCAF12
13845,SFMBT2
13846,ASB12
13847,ITPRIPL1
13848,MT-ND4
13849,SMC5
13850,MT-ND1
13851,DCAF12L1
13852,PRMT6
13853,SHISA4
13854,CIPC
13855,CAPZA2
13856,MT-ATP6
13857,TOP1
13858,PRC1
13859,MAP3K3
13860,L1CAM
13861,SREBF2
13862,C1orf174
13863,POU3F3
13864,RASGEF1A
13865,RPL39
13866,DZIP3
13867,KIAA0753
13868,DCLRE1A
13869,ATG9A
13870,NOS1AP
13871,APRT
13872,GPRASP1
13873,TBKBP1
13874,MAGEE1
13875,CCDC167
13876,MT-CO3
13877,ZFP2
13878,SOWAHA
13879,L3MBTL3
13880,DMD
13881,MFAP3L
13882,NAGA
13883,SMG5
13884,TGM2
13885,ARMCX6
13886,PJA2
13887,RORB
13888,SGMS1
13889,7SK
13890,ZNF525
13891,INF2
13892,RBMS3-AS2
13893,LINC00501
13894,COX20
13895,CHML
13896,CAPN8
13897,TATDN3
13898,CR1
13899,LINC00862
13900,RAET1G
13901,C1orf53
13902,SAMD5
13903,ECT2L
13904,GPR52
13905,FCGR3A
13906,TMEM244
13907,CENPW
13908,FAM229B
13909,FANK1
13910,DDO
13911,LINC00222
13912,HSD3B2
13913,RBM20
13914,SMIM9
13915,C6orf163
13916,RIPPLY2
13917,GDI1
13918,SOX18
13919,LIME1
13920,OOEP
13921,LINC00632
13922,C10orf62
13923,SAMD13
13924,CCDC160
13925,EFCAB7
13926,ZYG11A
13927,LCN8
13928,IFIT1B
13929,LIPN
13930,LIPJ
13931,TRPC5OS
13932,LRRC73
13933,FOXO6
13934,TCEAL5
13935,SYS1
13936,INPP5B
13937,RPA4
13938,TDRG1
13939,MAFB
13940,TRAF3IP1
13941,CHIC1
13942,GIGYF2
13943,C2orf72
13944,RUFY2
13945,NHSL2
13946,PHACTR4
13947,ASAH2B
13948,AGAP6
13949,ZDHHC18
13950,CXorf65
13951,AGAP9
13952,NPY4R
13953,GPRIN2
13954,SYT15
13955,ZDBF2
13956,BMPR2
13957,TCEA3
13958,RING1
13959,OXLD1
13960,COL5A2
13961,SPIN3
13962,HLA-DRA
13963,COL15A1
13964,MRPL38
13965,SMIM5
13966,ERICH2
13967,SP5
13968,NXPE2
13969,SDHD
13970,LAYN
13971,CARD16
13972,CASP12
13973,MBD5
13974,AIF1
13975,ZNF814
13976,ZNF551
13977,ZNF805
13978,HLA-C
13979,PSORS1C2
13980,KRTAP5-10
13981,LRCOL1
13982,LINC01123
13983,HLA-E
13984,ZNF468
13985,ZNF616
13986,TBC1D8
13987,ASPDH
13988,IL31
13989,AKT1S1
13990,GABBR1
13991,MALRD1
13992,RANBP17
13993,MRPL53
13994,ST8SIA6-AS1
13995,ATXN2
13996,DCTN1
13997,TCTN1
13998,FAM216A
13999,ZBTB48
14000,IGFL2
14001,MZT1
14002,SPINK9
14003,ZNF155
14004,FBXO48
14005,FAM221B
14006,ATP6V0E2-AS1
14007,ZNF783
14008,ZNF425
14009,LRRC10B
14010,FBXO47
14011,PCDHGA1
14012,PCDHA8
14013,PCDHA5
14014,PCDHA1
14015,TRIM13
14016,PRSS1
14017,SPIRE2
14018,AARD
14019,PABPN1L
14020,PKHD1L1
14021,SLFN12L
14022,SLC35B4
14023,SYCE1L
14024,TMEM231
14025,CCNI2
14026,TMEM240
14027,CDKL4
14028,TRIQK
14029,SDHAF1
14030,PSENEN
14031,C11orf91
14032,LINC00654
14033,ZBTB10
14034,C4orf46
14035,SCGB2B2
14036,LGR4
14037,PSMB10
14038,VIT
14039,TTLL10-AS1
14040,SPDYE2
14041,E2F4
14042,PDE7A
14043,TMEM170B
14044,MUC12
14045,CTXN3
14046,SNX2
14047,NT5M
14048,SARNP
14049,IPO7
14050,PRR13
14051,TECPR1
14052,MT1H
14053,MT1A
14054,MT1M
14055,CFI
14056,SAMD9
14057,CNEP1R1
14058,KRT81
14059,EXOC3L4
14060,KRTAP12-3
14061,TP53TG3D
14062,CCDC85C
14063,C2CD4B
14064,RGL3
14065,TMSB4X
14066,TMEM256
14067,CPT1B
14068,HMGN1
14069,MUC19
14070,DENND6B
14071,EIF3CL
14072,LCMT1
14073,MFSD2B
14074,CDPF1
14075,LIN52
14076,ACOT6
14077,SMIM11
14078,DPF3
14079,MANSC4
14080,C17orf107
14081,ITSN1
14082,ITPRIPL2
14083,DENND1C
14084,CRLF2
14085,CRYZL1
14086,ARRDC5
14087,LOH12CR2
14088,CYS1
14089,KLRC2
14090,KLRC3
14091,GMNC
14092,LINC00487
14093,TTC23L
14094,CLEC6A
14095,RFPL3S
14096,C1QTNF9B
14097,KRTAP5-1
14098,SRRM2-AS1
14099,ONECUT3
14100,CEMP1
14101,OLIG2
14102,RNPS1
14103,NYNRIN
14104,DNAJC19
14105,IFITM5
14106,C18orf63
14107,DOK6
14108,ZDHHC11B
14109,GOLGA8O
14110,TMEM191C
14111,HBA1
14112,HBM
14113,ATP10A
14114,ANKUB1
14115,COL6A6
14116,RAB12
14117,TMEM200C
14118,LNP1
14119,VGLL3
14120,ZCWPW2
14121,ANKRD28
14122,COLQ
14123,METTL6
14124,XKR4
14125,GPX3
14126,DIO2
14127,DIO1
14128,STK38L
14129,SACM1L
14130,TSN
14131,SLC48A1
14132,PRR22
14133,CTAGE1
14134,RNF208
14135,MT-ND4L
14136,MAP10
14137,POU5F1B
14138,ZNF580
14139,ZNF611
14140,NUP62
14141,DENND1B
14142,C1orf220
14143,SFT2D2
14144,SCAF8
14145,ZNF254
14146,CRYGS
14147,CRIP1
14148,KLHL23
14149,LINGO4
14150,FAM24B
14151,TRIM59
14152,MLLT11
14153,ASIC3
14154,GIMAP1
14155,CCDC183
14156,DNLZ
14157,SUPT4H1
14158,TSGA13
14159,NRAS
14160,LTC4S
14161,ANKRD39
14162,QTRT1
14163,CHUK
14164,MXD3
14165,GSTM2
14166,LINC00671
14167,COG8
14168,ARHGAP19
14169,HAUS7
14170,LCAT
14171,PTPRCAP
14172,PVRIG
14173,GPC2
14174,KRT222
14175,SIPA1
14176,ERV3-1
14177,SYNJ2BP
14178,ARL2
14179,TTLL13
14180,GBP7
14181,RBMXL1
14182,SRA1
14183,DNAJC9
14184,C8orf82
14185,CPLX3
14186,VDAC1
14187,ZBTB9
14188,TMX2
14189,HEXA
14190,NDUFS3
14191,LEPROT
14192,LBH
14193,ADAT3
14194,PPP1CB
14195,SULT1A4
14196,LAT
14197,NCKIPSD
14198,TREX1
14199,S1PR3
14200,SLC35F6
14201,FAM209B
14202,RPS29
14203,ZNF337-AS1
14204,UGT2B11
14205,ZNF134
14206,DDX47
14207,ZNF888
14208,ZNF845
14209,KLRK1
14210,EMP2
14211,PPM1N
14212,CEACAM16
14213,SLC23A3
14214,LTB4R
14215,LIPE-AS1
14216,DNASE1
14217,MDP1
14218,CSNK1E
14219,CCL27
14220,GALT
14221,HBG1
14222,CLDN9
14223,ITGA1
14224,NUDT19
14225,ZNF726
14226,ZNF99
14227,TAX1BP3
14228,AP1G2
14229,ZNF90
14230,TM6SF2
14231,GANC
14232,TTLL3
14233,REPIN1
14234,ZNF891
14235,SMIM7
14236,FBXO16
14237,TSPAN4
14238,CPNE1
14239,ARL16
14240,WEE2
14241,LYRM4
14242,MYCBP
14243,TMEM213
14244,PRCD
14245,ALG3
14246,ST7-OT4
14247,SH3D21
14248,C19orf38
14249,C17orf67
14250,FIS1
14251,ANG
14252,SPDYE3
14253,MBLAC1
14254,VAC14-AS1
14255,NEURL1B
14256,EFCAB9
14257,HAUS3
14258,VSTM5
14259,LCNL1
14260,BBIP1
14261,PLIN5
14262,SEC14L6
14263,SPINK13
14264,PPME1
14265,STARD10
14266,MEG3
14267,NUTM2D
14268,CPEB1
14269,EML6
14270,ZNF727
14271,ZSWIM8
14272,C10orf105
14273,ARHGEF33
14274,IFRD2
14275,CAPN14
14276,ZBED1
14277,HNRNPUL2
14278,MS4A4E
14279,MTCP1
14280,RAD51AP2
14281,DCDC2C
14282,SMTNL1
14283,NPIPA8
14284,ZSWIM7
14285,ARHGEF28
14286,LRRC69
14287,ACSM4
14288,COL28A1
14289,PHB2
14290,CD27-AS1
14291,GRID2IP
14292,UBXN2B
14293,MSMP
14294,PEX26
14295,FASTKD5
14296,GOLGA8B
14297,DDX3X
14298,VPS16
14299,FAM66E
14300,MYL5
14301,ZNF407
14302,MCM3AP-AS1
14303,NPEPL1
14304,RPL17-C18orf32
14305,SIAH3
14306,EFCAB8
14307,C20orf202
14308,TMEM242
14309,TMEM167B
14310,FAM72D
14311,TNFRSF25
14312,LINC01139
14313,TSTD1
14314,CYB5RL
14315,CROCCP2
14316,C1orf167
14317,TTC34
14318,ATAD3C
14319,IFI30
14320,IGSF23
14321,LY86-AS1
14322,CCDC7
14323,FNIP1
14324,SP9
14325,SYCE3
14326,CKLF
14327,PAM16
14328,TENM3
14329,LINC00339
14330,PAPOLB
14331,ZNF579
14332,RNASEK
14333,PPP1R3G
14334,FAM228B
14335,LINGO3
14336,ZGLP1
14337,VAMP2
14338,EBF2
14339,PPP3R1
14340,FANCG
14341,AP4M1
14342,PLXNA4
14343,CEBPD
14344,ARIH2OS
14345,HMSD
14346,NPTXR
14347,FAM200A
14348,PPP2R2A
14349,C19orf73
14350,ZNF880
14351,TRIM16
14352,HEPN1
14353,TIGD1
14354,FXYD7
14355,XKR9
14356,SLC12A8
14357,APOL6
14358,FADS3
14359,CCNL2
14360,UBA52
14361,MYBPHL
14362,PPT2
14363,ZNF630
14364,LINC01118
14365,BTBD19
14366,FAM185A
14367,RAB6C
14368,DCDC2B
14369,C10orf55
14370,MEG9
14371,NUTM2A-AS1
14372,EXOSC6
14373,ZNF844
14374,TINCR
14375,RFPL4A
14376,SAMSN1-AS1
14377,LINC00571
14378,RAET1E-AS1
14379,LINC00205
14380,LGALS8-AS1
14381,LINC00707
14382,CERS1
14383,LINC00114
14384,SMCR2
14385,MIR181A2HG
14386,EGFR-AS1
14387,LINC00691
14388,ELMO1-AS1
14389,INHBA-AS1
14390,DNAJC27-AS1
14391,LINC00570
14392,LINC01133
14393,LINC01142
14394,ADM5
14395,PRKAR2A-AS1
14396,ATXN1L
14397,SMIM13
14398,TMLHE-AS1
14399,LINC01087
14400,COL18A1-AS2
14401,LINC01117
14402,ZMIZ1-AS1
14403,LINC00885
14404,SH3BP5-AS1
14405,RASAL2-AS1
14406,LAMTOR5-AS1
14407,PCOLCE-AS1
14408,TEX26-AS1
14409,LINC00853
14410,TMEM72-AS1
14411,COL4A2-AS2
14412,LINC00240
14413,OPA1-AS1
14414,POT1-AS1
14415,LINC00863
14416,PRRT4
14417,PGM5-AS1
14418,TMEM233
14419,EIF1AX-AS1
14420,GRTP1-AS1
14421,LINC00237
14422,OSTM1-AS1
14423,LINC00092
14424,LINC00113
14425,PPP1R26-AS1
14426,SFTA1P
14427,JPX
14428,C2CD4D
14429,DOCK4-AS1
14430,NCBP2-AS1
14431,MTOR-AS1
14432,ZNF469
14433,FAM225B
14434,SLC26A6
14435,FGD5-AS1
14436,DBH-AS1
14437,PROSER2-AS1
14438,MIAT
14439,TRAM2-AS1
14440,UBXN7-AS1
14441,LINC00626
14442,FAM229A
14443,ERCC6
14444,RUSC1-AS1
14445,NOL7
14446,PCA3
14447,SATB2-AS1
14448,ELFN1
14449,KCNIP2-AS1
14450,PRICKLE2-AS3
14451,FGF13-AS1
14452,ZNF503-AS1
14453,LINC00951
14454,SLC39A12-AS1
14455,LINC00937
14456,FTCDNL1
14457,AP4B1-AS1
14458,TEX22
14459,ARHGAP26-AS1
14460,CFLAR-AS1
14461,ST7-AS2
14462,SLC16A1-AS1
14463,TMEM185B
14464,ADIPOQ-AS1
14465,LINC00323
14466,FAM138B
14467,BTBD9-AS1
14468,SHANK2-AS1
14469,KIF4B
14470,TEX41
14471,ENTPD1-AS1
14472,LENG8-AS1
14473,FAM66C
14474,HSBP1L1
14475,SMCR5
14476,SRRM5
14477,PGAM4
14478,CACTIN-AS1
14479,LINC00840
14480,ERVMER34-1
14481,LINC00161
14482,LINC00511
14483,ITGB2-AS1
14484,C14orf132
14485,WDR46
14486,LINC00629
14487,ZNF717
14488,IL21-AS1
14489,ST7-AS1
14490,SPATA13-AS1
14491,LINC00845
14492,MIS18A-AS1
14493,SMIM2-AS1
14494,PARG
14495,RBM26-AS1
14496,DLG1-AS1
14497,ZMYM4-AS1
14498,PCGEM1
14499,LINC00310
14500,SCAMP4
14501,LTB
14502,CERS6-AS1
14503,LINC01132
14504,SOX21-AS1
14505,LINC01068
14506,DNMBP-AS1
14507,SUCLA2-AS1
14508,SNAP25-AS1
14509,SRGAP3-AS3
14510,POLR2J2
14511,LINC00578
14512,EFCAB14-AS1
14513,MT-ATP8
14514,PCAT6
14515,ZNF32-AS2
14516,OST4
14517,LINC01013
14518,CCDC183-AS1
14519,NUTM2E
14520,ZNF883
14521,HOTAIR
14522,PROB1
14523,DHFR
14524,SRGAP3-AS2
14525,WEE2-AS1
14526,LINC00954
14527,MIR4500HG
14528,UBAC2-AS1
14529,MED4-AS1
14530,RPL41
14531,VIM-AS1
14532,CCDC26
14533,EPHA1-AS1
14534,TTTY10
14535,RFPL4AL1
14536,ORM1
14537,HYI-AS1
14538,PATL2
14539,LINC00379
14540,SACS-AS1
14541,ACVR2B-AS1
14542,MBNL1-AS1
14543,PRAC2
14544,ZNF492
14545,LINC01159
14546,XIST
14547,ZNF688
14548,PET100
14549,EMX2OS
14550,ARSD-AS1
14551,PGA3
14552,STEAP3-AS1
14553,OGFR-AS1
14554,KIF25-AS1
14555,IQCF3
14556,PRRT3-AS1
14557,ACBD6
14558,HOXB-AS1
14559,NFE4
14560,ELOVL2-AS1
14561,FEZF1-AS1
14562,DSCR9
14563,FAM41C
14564,LINC01048
14565,LINC00276
14566,ANKRD18B
14567,PROX1-AS1
14568,PSMG3-AS1
14569,MBD3L2
14570,FTX
14571,HM13-AS1
14572,ENO1-AS1
14573,MEIS1-AS2
14574,YY2
14575,ZNF674-AS1
14576,LINC00309
14577,HSBP1
14578,HCG18
14579,HAR1B
14580,LINC00852
14581,FARP1-AS1
14582,SBK3
14583,WASIR2
14584,FAM225A
14585,LINC00278
14586,AGBL5-AS1
14587,DIRC3
14588,LINC-PINT
14589,TSPAN19
14590,PCAT7
14591,IPO9-AS1
14592,TRAF3IP2-AS1
14593,IDH1-AS1
14594,TAPBP
14595,TMEM253
14596,LINC01031
14597,TMA7
14598,MCTS1
14599,LINC00867
14600,RAP2C-AS1
14601,LINC00865
14602,ASCL5
14603,GNG12-AS1
14604,OSBPL10-AS1
14605,C10orf126
14606,IDI2-AS1
14607,LINC00665
14608,ATP11A-AS1
14609,COL4A2-AS1
14610,PET117
14611,LYRM9
14612,LINC01166
14613,SNHG15
14614,CYP1B1-AS1
14615,LINC00327
14616,VPS13A-AS1
14617,SNHG7
14618,HOXB-AS3
14619,RNF224
14620,LINC00642
14621,NPIPB7
14622,LINC00472
14623,GPX1
14624,OSTN-AS1
14625,FAM53B-AS1
14626,LINC00028
14627,HOTAIRM1
14628,BTBD18
14629,STXBP5-AS1
14630,TMEM238
14631,LINC00460
14632,LINC00462
14633,MYCNOS
14634,LINC00656
14635,RPS28
14636,CTXN2
14637,ZFX-AS1
14638,ZNF879
14639,KBTBD13
14640,ZNF736
14641,PINLYP
14642,C5orf58
14643,PCDH9-AS1
14644,FAM133B
14645,SYNE1-AS1
14646,CHRM3-AS1
14647,MAPKAPK5-AS1
14648,SDCBP2-AS1
14649,HNRNPUL2-BSCL2
14650,MIR155HG
14651,APOC2
14652,C19orf81
14653,LINC00330
14654,ANKRD65
14655,ZSCAN31
14656,C12orf75
14657,SMIM1
14658,PPP1R3E
14659,LINC00957
14660,RPEL1
14661,EPN2-AS1
14662,JARID2-AS1
14663,LINC00402
14664,NFAM1
14665,GNAS-AS1
14666,LINC00494
14667,RNF148
14668,LINC00484
14669,DICER1-AS1
14670,KIAA0040
14671,LINC00607
14672,DPYD-AS2
14673,HCFC1-AS1
14674,BHLHE40-AS1
14675,GSN-AS1
14676,ARHGEF7-AS2
14677,TM4SF19-AS1
14678,CPB2-AS1
14679,RBMS3-AS3
14680,NEXN-AS1
14681,EGOT
14682,UBOX5-AS1
14683,PNMA6A
14684,MORC2-AS1
14685,MYCBP2-AS1
14686,ZBTB22
14687,LINC01069
14688,DIAPH2-AS1
14689,CLEC2L
14690,ZBED5
14691,SLFN14
14692,PPIAL4G
14693,LINC01134
14694,LINC00427
14695,LINC00896
14696,ZNF853
14697,PITPNA-AS1
14698,ARHGEF38
14699,LINC01010
14700,DNAJC9-AS1
14701,CTAGE9
14702,INTS6-AS1
14703,LINC00299
14704,BCYRN1
14705,NIFK-AS1
14706,EDRF1-AS1
14707,HAND2-AS1
14708,B3GNT9
14709,CDKN2AIPNL
14710,ZNF295-AS1
14711,LINC00987
14712,TTN-AS1
14713,RNF223
14714,SYP-AS1
14715,PRSS56
14716,FOXD2-AS1
14717,ZNF737
14718,UNC5B-AS1
14719,SHISA9
14720,LINC00857
14721,C2orf74
14722,IRGM
14723,DCTN1-AS1
14724,FAM200B
14725,KCNQ1DN
14726,PRKCQ-AS1
14727,LINC00649
14728,CELF2-AS2
14729,ZEB2-AS1
14730,LINC00426
14731,PAXBP1-AS1
14732,OR2W3
14733,PAGE2B
14734,TXNDC5
14735,RNF103
14736,RBM14
14737,ALKBH6
14738,ASB14
14739,KLHL41
14740,PSMD6-AS2
14741,NME1
14742,TNFSF12
14743,CDRT4
14744,APOBEC3G
14745,WBP1
14746,MRPS17
14747,DEFA3
14748,GET4
14749,C1orf226
14750,ADSL
14751,LILRA4
14752,TEX35
14753,AMY2B
14754,MAGI1-AS1
14755,PCDHGC3
14756,SMKR1
14757,COX19
14758,GHRLOS
14759,ACAD11
14760,PPIL3
14761,CDKN2B-AS1
14762,TNFRSF13B
14763,TM4SF1-AS1
14764,THOC7-AS1
14765,L1TD1
14766,AQP1
14767,C1QTNF9
14768,ISY1
14769,PNMA2
14770,LRRD1
14771,PCDHGC5
14772,C21orf91-OT1
14773,ARHGEF25
14774,RDH14
14775,NDUFB2-AS1
14776,PLCXD2
14777,HOXA11-AS
14778,NSUN6
14779,LINC00881
14780,ARHGAP31-AS1
14781,ADAMTS9-AS1
14782,LINC00877
14783,KRTAP5-8
14784,CRCP
14785,WWTR1-AS1
14786,RPL36A
14787,PDXP
14788,HNF1A-AS1
14789,CD302
14790,EGFL8
14791,ARHGAP8
14792,ARPC4
14793,ZBTB20-AS1
14794,CORT
14795,INMT
14796,TRBV11-2
14797,ADAMTS9-AS2
14798,ARPC1A
14799,PLEKHO2
14800,C8orf58
14801,PISD
14802,HOGA1
14803,PWP2
14804,PI4KA
14805,HYPK
14806,AMACR
14807,MTFP1
14808,ARHGDIG
14809,TCP10L
14810,ARFGAP3
14811,BGLAP
14812,LINC00996
14813,C22orf39
14814,PEG10
14815,UGT1A8
14816,EIF6
14817,GTF2A1L
14818,MRPL20
14819,LINC00960
14820,KLHL6-AS1
14821,SERPINB10
14822,HLA-DMB
14823,GNG10
14824,LINC00971
14825,CNTF
14826,CCDC169
14827,ZBTB20-AS4
14828,AP5Z1
14829,ZNF709
14830,STRC
14831,ERVW-1
14832,EIF4EBP3
14833,LINC00870
14834,MRPL33
14835,MICAL3
14836,PCDHAC2
14837,STON1
14838,PRAF2
14839,VSIG8
14840,FGF14-IT1
14841,KCTD7
14842,EFNA4
14843,TICAM2
14844,LINC00880
14845,IL10RB
14846,ZNF487
14847,NME2
14848,PLA2G4B
14849,LEFTY1
14850,CACNA2D3-AS1
14851,TTC4
14852,APOBEC3D
14853,RN7SL832P
14854,LINC00886
14855,MRPS6
14856,ZNF512
14857,GSTA1
14858,ACY1
14859,NFS1
14860,DDOST
14861,IL12A-AS1
14862,LINC01011
14863,GSTA2
14864,FLNB-AS1
14865,P2RY11
14866,TMEM141
14867,IFITM10
14868,DBNDD2
14869,ETV5
14870,CFHR1
14871,RBM12
14872,ERVFRD-1
14873,SCARF2
14874,HDAC11-AS1
14875,APOBEC3C
14876,WNT5A-AS1
14877,RAD21L1
14878,CCDC13
14879,ASPRV1
14880,OR2AE1
14881,UBE2V1
14882,PTCHD4
14883,C4A
14884,HBB
14885,CRYBB2
14886,N4BP2L2
14887,ALKBH3-AS1
14888,LIFR-AS1
14889,LINC00847
14890,IGFBP7-AS1
14891,A2M-AS1
14892,ARAP1-AS2
14893,LINC00861
14894,USP2-AS1
14895,SAP30L-AS1
14896,NEAT1
14897,BDNF-AS
14898,DACT3-AS1
14899,DDX11-AS1
14900,ZNF585B
14901,CEBPA
14902,GS1-24F4.2
14903,ALDH1L1-AS2
14904,KCTD21-AS1
14905,CASC8
14906,SBF2-AS1
14907,EXTL3-AS1
14908,LINC00968
14909,RASSF8-AS1
14910,RGMB-AS1
14911,STARD4-AS1
14912,UBAP1L
14913,PGAM5
14914,SNHG10
14915,ZBED5-AS1
14916,ZCCHC3
14917,MIR4458HG
14918,CKMT2-AS1
14919,TWF2
14920,MARS2
14921,LRP4-AS1
14922,STX18-AS1
14923,USP51
14924,SEC24B-AS1
14925,LINC00926
14926,BCKDHA
14927,INSL3
14928,TRIM52-AS1
14929,MEF2C-AS1
14930,CDK11B
14931,LINC00504
14932,PRR5-ARHGAP8
14933,POU5F2
14934,PCP4L1
14935,ABHD14A
14936,ZFAT-AS1
14937,HAS2-AS1
14938,NPHP3-AS1
14939,HHIP-AS1
14940,FMN1
14941,HAUS5
14942,TMEM150C
14943,LINC00939
14944,UGDH-AS1
14945,CASC11
14946,NAIP
14947,LINC01091
14948,ZNF324B
14949,ZNF564
14950,ECSCR
14951,LINC00964
14952,PDCD6
14953,LINC00536
14954,TMEM158
14955,BFSP2-AS1
14956,YJEFN3
14957,HOXC-AS2
14958,ARPC4-TTLL3
14959,PTTG2
14960,ZNF718
14961,SMIM20
14962,LINC00989
14963,GYPB
14964,KIAA1210
14965,HOXC-AS1
14966,FAM218A
14967,CDK3
14968,GPR162
14969,ATP6V1E2
14970,GLI4
14971,LINC00491
14972,C8orf17
14973,SNHG18
14974,PRODH2
14975,ZBED3-AS1
14976,SMAD1-AS1
14977,LNX1-AS1
14978,THAP9-AS1
14979,LINC00589
14980,ZNF674
14981,TMED7-TICAM2
14982,LINC00923
14983,ZNF345
14984,RFPL4B
14985,WDFY3-AS1
14986,WWC2-AS2
14987,ZNF550
14988,LINC00958
14989,FOXD1
14990,LINC00605
14991,MALAT1
14992,PCDHGA12
14993,HOXA10-AS
14994,C8orf88
14995,CCDC71L
14996,HOXA10
14997,STAU2-AS1
14998,TMEM200B
14999,PCDHGB6
15000,SERPINE3
15001,C1orf210
15002,RAD21-AS1
15003,TUG1
15004,TRNP1
15005,PCAT1
15006,SMIM18
15007,PCDHGA5
15008,NACA2
15009,PCDHGA7
15010,OSGEPL1-AS1
15011,SLC10A5
15012,EIF5AL1
15013,ALG11
15014,ATXN7L3B
15015,PRKDC
15016,PCDHGA6
15017,LZTS1-AS1
15018,PCDHGA8
15019,UTP14C
15020,PCDHGA10
15021,PCDHGA11
15022,PCDHGB2
15023,PCDHGB4
15024,CLDN23
15025,ZNF260
15026,LYN
15027,RBPMS-AS1
15028,PCDHGB7
15029,PCDHGB1
15030,PCDHGA3
15031,LINC01111
15032,HOXA-AS3
15033,RHPN1-AS1
15034,LRRC24
15035,SIGLEC14
15036,AP5B1
15037,SIGLEC12
15038,PABPC4L
15039,NAV2-AS3
15040,CSNK2A3
15041,ARMS2
15042,FPGT
15043,SENCR
15044,IGLL5
15045,MEX3A
15046,EEF1G
15047,CKLF-CMTM1
15048,NPIPA2
15049,MPV17L2
15050,SCARNA9
15051,DPP3
15052,STX16-NPEPL1
15053,ANKHD1-EIF4EBP3
15054,KRTAP5-9
15055,BRK1
15056,FAM66D
15057,GRM5-AS1
15058,CHMP1B
15059,OVOL1-AS1
15060,EID3
15061,FXYD6-FXYD2
15062,EID1
15063,NOX5
15064,TAS2R43
15065,HCAR3
15066,EBLN2
15067,NPIPB8
15068,POLR2M
15069,ZNF252P-AS1
15070,FDXACB1
15071,RAB44
15072,FAM222A-AS1
15073,RERG-AS1
15074,IFNG-AS1
15075,AGAP2-AS1
15076,TIFAB
15077,TAS2R20
15078,PXN-AS1
15079,DENND5B-AS1
15080,CCND2-AS1
15081,PAPPA-AS1
15082,CTSO
15083,ZNF432
15084,LINC01152
15085,SMLR1
15086,TAS2R30
15087,ZNF10
15088,ZNF486
15089,HMBS
15090,ZNF225
15091,TAS2R31
15092,DND1
15093,POLG2
15094,ZBTB11-AS1
15095,CLEC12B
15096,ZNF350
15097,ZNF253
15098,KLRF2
15099,C17orf100
15100,CAPNS2
15101,SLC5A8
15102,LIMS3
15103,KHDC1L
15104,HP
15105,LSM14A
15106,NHLRC4
15107,CLLU1
15108,TMPO-AS1
15109,GATC
15110,ZBED6
15111,FNTB
15112,ZNF878
15113,ZNF625
15114,GALNT4
15115,LBX2-AS1
15116,CNPY2
15117,CASC18
15118,CUX1
15119,TEN1
15120,P2RX5-TAX1BP3
15121,BCDIN3D-AS1
15122,MAP1LC3B2
15123,CLEC5A
15124,LINC00592
15125,CHURC1
15126,RTEL1
15127,PPT2-EGFL8
15128,ZNF578
15129,PDF
15130,LINC00640
15131,SPESP1
15132,DIO3OS
15133,LINC-ROR
15134,TRIM34
15135,SLC25A21-AS1
15136,C20orf141
15137,PINX1
15138,PRC1-AS1
15139,ITPK1-AS1
15140,RNASE4
15141,MC1R
15142,CEP95
15143,FOXN3-AS1
15144,UBE2F-SCLY
15145,TMEM179
15146,FPGT-TNNI3K
15147,LINC00639
15148,FOXN3-AS2
15149,POC1B-GALNT4
15150,LINC00517
15151,LINC00924
15152,ITGB3
15153,SLC35G6
15154,USP3-AS1
15155,ZHX1-C8ORF76
15156,GH1
15157,THTPA
15158,MRPL46
15159,BLID
15160,IQCH-AS1
15161,SLC22A31
15162,LINC00567
15163,IL21R-AS1
15164,RBM15B
15165,TGFBR3L
15166,HOXB7
15167,FRRS1L
15168,PMF1-BGLAP
15169,MRC1
15170,HSPB9
15171,HEXA-AS1
15172,AQP4-AS1
15173,LINC00562
15174,C16orf95
15175,LINC00515
15176,SNAI3-AS1
15177,ANKRD20A1
15178,LINC00543
15179,FBXL19-AS1
15180,HCCAT5
15181,ADPGK-AS1
15182,CCPG1
15183,SULT1A3
15184,LINC00563
15185,TMEM178B
15186,EPPK1
15187,ZNF865
15188,BOP1
15189,VPS9D1-AS1
15190,LINC01003
15191,DLGAP1-AS5
15192,TPBGL
15193,GAN
15194,HPR
15195,GS1-204I12.4
15196,GOLGA8S
15197,GOLGA8H
15198,LOXL1-AS1
15199,LINC00662
15200,MIA
15201,PCDHGA9
15202,BCAR4
15203,PCDHGB3
15204,CORO7
15205,CCER2
15206,PCDHGA4
15207,OVCA2
15208,MRPL12
15209,C19orf84
15210,GTF2I
15211,ZNF234
15212,TAPT1-AS1
15213,GTSCR1
15214,FAM72C
15215,IKBKE
15216,LINC00667
15217,NBPF11
15218,MIR1587
15219,MIR3180-4
15220,DYNLL2
15221,OTUD7B
15222,MAFG-AS1
15223,C1QTNF1-AS1
15224,GJA5
15225,RBM8A
15226,TIMM23
15227,RNF115
15228,MIR3180-1
15229,RPL17
15230,ZNF488
15231,FSBP
15232,LINC00668
15233,TXNIP
15234,MIR4519
15235,GATA6-AS1
15236,SRGAP2
15237,RASSF5
15238,STRADA
15239,LINC00908
15240,NBPF15
15241,NCOA4
15242,MRPS21
15243,GDF10
15244,MYO15B
15245,FXYD1
15246,AARSD1
15247,ZNF850
15248,CTB-30L5.1
15249,PTGES3L
15250,UXT-AS1
15251,ASB16-AS1
15252,RNF157-AS1
15253,LINC01140
15254,LINC00906
15255,KCNJ2-AS1
15256,ZNF571-AS1
15257,CIRBP-AS1
15258,ZNF285
15259,S1PR2
15260,LINC00868
15261,LINC00907
15262,ZNF224
15263,LDLRAD4-AS1
15264,SMIM22
15265,LIN37
15266,PTOV1-AS1
15267,NBPF12
15268,GABRQ
15269,SMIM17
15270,ARL14EPL
15271,AIRN
15272,FAM156A
15273,FENDRR
15274,SIGLEC5
15275,MIMT1
15276,LINC00664
15277,PLCE1-AS1
15278,A1BG-AS1
15279,CALR3
15280,ZNF728
15281,TRABD2B
15282,FBXO17
15283,LINC00528
15284,ZSCAN16-AS1
15285,IKBKG
15286,ZNF587B
15287,RAB11B-AS1
15288,SPIB
15289,NXF2
15290,ERVV-1
15291,TMEM185A
15292,ZIM2
15293,NBPF9
15294,SLC25A53
15295,KCNQ1OT1
15296,EGLN2
15297,ARHGAP19-SLIT1
15298,MKNK1-AS1
15299,MEI4
15300,ZNF559-ZNF177
15301,VTRNA2-1
15302,TERC
15303,HMGN3-AS1
15304,NBPF14
15305,TSIX
15306,TAF15
15307,HSPE1-MOB4
15308,RPS10-NUDT3
15309,C17orf50
15310,LINC00221
15311,RASL10B
15312,LPP-AS2
15313,NAMA
15314,SRXN1
15315,NBPF10
15316,LIX1L
15317,MILR1
15318,SYNCRIP
15319,ANKRD34A
15320,GTF2H5
15321,FGF14-AS2
15322,NUDT3
15323,KMT2B
15324,POM121C
15325,ZNF595
15326,AFAP1-AS1
15327,DOC2B
15328,JMJD1C-AS1
15329,DCP1A
15330,RBAK-RBAKDN
15331,FAM106A
15332,DGCR5
15333,C2ORF15
15334,GRIN2B
15335,SNURF
15336,ZBTB8B
15337,ZNHIT3
15338,USP27X
15339,TAF9
15340,NOL12
15341,LINC01138
15342,SOCS7
15343,GGTLC3
15344,ADRA2B
15345,ZNF658
15346,FAM74A3
15347,FAM74A4
15348,CCL23
15349,RNU11
15350,ZNF280B
15351,MLLT6
15352,NUDT18
15353,ZNF2
15354,CCL16
15355,HNF1B
15356,AATF
15357,CCL15
15358,RIMBP3
15359,ARHGAP23
15360,U3
15361,TBC1D3F
15362,RNU12
15363,RN7SL1
15364,PIK3R6
15365,PIP4K2B
15366,MIR145
15367,CCL14
15368,DACH1
15369,RMRP
15370,LINC00869
15371,RPPH1
15372,PCGF2
15373,SRCIN1
15374,GPR179
15375,MARCKS
15376,ZNF670
15377,GPIHBP1
15378,PSMB3
15379,FAM230A
15380,SNORD3D
15381,RDM1
15382,SSTR3
15383,PRICKLE4
15384,SCARNA2
15385,MYO19
15386,ZNF229
15387,DHRS11
15388,MRM1
15389,SNORD116-20
15390,LINC00624
15391,TSTD3
15392,RBM12B-AS1
15393,FAM230C
15394,GABARAPL3
15395,ENTPD3-AS1
15396,PAGR1
15397,RPS4Y2
15398,ADORA3
15399,IQCJ-SCHIP1
15400,MIR1255B1
15401,KBTBD11-OT1
15402,MIR451B
15403,EXOC3L2
15404,PRSS50
15405,MIR146A
15406,MIR4453
15407,MIR1302-11
15408,MIR1302-9
15409,MIR29A
15410,MIR296
15411,MIR3654
15412,MIR194-2
15413,MIR4523
15414,SCO2
15415,MIR1539
15416,MIR378D2
15417,C2orf81
15418,MIR940
15419,MIR142
15420,MIR1-2
15421,MIR302B
