,0
0,TSPAN6
1,TNMD
2,DPM1
3,SCYL3
4,FGR
5,CFH
6,FUCA2
7,GCLC
8,NFYA
9,STPG1
10,NIPAL3
11,LAS1L
12,ENPP4
13,SEMA3F
14,CFTR
15,ANKIB1
16,CYP51A1
17,KRIT1
18,RAD52
19,BAD
20,LAP3
21,CD99
22,HS3ST1
23,AOC1
24,WNT16
25,HECW1
26,MAD1L1
27,LASP1
28,SNX11
29,TMEM176A
30,M6PR
31,KLHL13
32,CYP26B1
33,ICA1
34,DBNDD1
35,ALS2
36,CASP10
37,CFLAR
38,TFPI
39,NDUFAF7
40,RBM5
41,MTMR7
42,SLC7A2
43,ARF5
44,SARM1
45,POLDIP2
46,PLXND1
47,AK2
48,CD38
49,FKBP4
50,KDM1A
51,RBM6
52,CAMKK1
53,RECQL
54,VPS50
55,HSPB6
56,ARHGAP33
57,NDUFAB1
58,PDK4
59,SLC22A16
60,ZMYND10
61,ARX
62,SLC25A13
63,ST7
64,CDC27
65,SLC4A1
66,CALCR
67,HCCS
68,DVL2
69,UPF1
70,SKAP2
71,SLC25A5
72,MCUB
73,POLR2J
74,DHX33
75,THSD7A
76,LIG3
77,RPAP3
78,ACSM3
79,REXO5
80,CIAPIN1
81,SPPL2B
82,COPZ2
83,PRKAR2B
84,MSL3
85,CREBBP
86,TSPOAP1
87,MPO
88,PON1
89,GCFC2
90,WDR54
91,CROT
92,ABCB4
93,KMT2E
94,RHBDD2
95,SOX8
96,IBTK
97,ZNF195
98,MYCBP2
99,FBXL3
100,ITGAL
101,PDK2
102,ITGA3
103,ZFX
104,LAMP2
105,ITGA2B
106,ASB4
107,GDE1
108,REX1BD
109,CRLF1
110,OSBPL7
111,TMEM98
112,MAP3K14
113,ABCC8
114,CACNG3
115,TMEM132A
116,AP2B1
117,TAC1
118,ZNF263
119,CX3CL1
120,SPATA20
121,CACNA1G
122,TNFRSF12A
123,DLX6
124,MAP3K9
125,RALA
126,BAIAP2L1
127,KDM7A
128,ETV1
129,AGK
130,ALDH3B1
131,TTC22
132,PHTF2
133,CCL26
134,FARP2
135,USH1C
136,GGCT
137,DBF4
138,TBXA2R
139,IFRD1
140,COX10
141,GTF2IRD1
142,PAF1
143,VPS41
144,ARHGAP44
145,ELAC2
146,SCIN
147,ARSD
148,PNPLA4
149,CDKL3
150,UPP2
151,PRSS21
152,MARK4
153,PROM1
154,CCDC124
155,PAFAH1B1
156,NOS2
157,DNAH9
158,GAS7
159,TRAPPC6A
160,MATK
161,CD79B
162,SCN4A
163,ST7L
164,TKTL1
165,PAX6
166,RPUSD1
167,RHBDF1
168,LUC7L
169,CACNA2D2
170,BAIAP3
171,TSR3
172,PIGQ
173,CRAMP1
174,TEAD3
175,DNAJC11
176,FMO3
177,MYLIP
178,PSMB1
179,SYN1
180,JARID2
181,CDKL5
182,CAMK1G
183,CDK11A
184,NADK
185,TFAP2B
186,TFAP2D
187,DLEC1
188,CYTH3
189,ADAM22
190,SYPL1
191,CYB561
192,SPAG9
193,CELSR3
194,AASS
195,PLEKHG6
196,SS18L2
197,MPND
198,MGST1
199,CRY1
200,PGLYRP1
201,NFIX
202,ST3GAL1
203,MMP25
204,IL32
205,PKD1
206,MAPK8IP2
207,MED24
208,RHOBTB2
209,HEATR5B
210,SEC62
211,RPS20
212,CSDE1
213,UBE3C
214,REV3L
215,TENM1
216,MASP2
217,IYD
218,FAM76A
219,TRAF3IP3
220,POMT2
221,VTA1
222,MLXIPL
223,BAZ1B
224,RANBP9
225,ETV7
226,SPRTN
227,DYRK4
228,ZNF207
229,UQCRC1
230,STARD3NL
231,CD9
232,HHATL
233,NCAPD2
234,IFFO1
235,GIPR
236,PHF7
237,SEMA3G
238,NISCH
239,STAB1
240,FUZ
241,SLC6A13
242,IDS
243,PRSS3
244,ZNF200
245,CD4
246,LRRC23
247,BTK
248,HFE
249,SCMH1
250,FYN
251,HIVEP2
252,FMO1
253,ELOA
254,LYPLA2
255,CLCN6
256,MRC2
257,NME1-NME2
258,SLC6A7
259,TSPAN9
260,APBA3
261,MKS1
262,ABHD5
263,ANOS1
264,AKAP8L
265,MBTD1
266,UTP18
267,RNF216
268,TTC19
269,PTBP1
270,DPF1
271,SYT7
272,LARS2
273,PIK3C2A
274,PLAUR
275,ANLN
276,WIZ
277,RABGAP1
278,DCN
279,QPCTL
280,PPP5C
281,CEP68
282,MAP4K3
283,ZBTB32
284,TYROBP
285,GABRA3
286,BRCA1
287,ERCC1
288,CD22
289,SEMA3B
290,MBTPS2
291,PRICKLE3
292,LTF
293,EXTL3
294,ELOVL5
295,KDM5D
296,CALCOCO1
297,UBR7
298,MAP4K5
299,EHD3
300,MAN2B2
301,SLC7A14
302,CLDN11
303,SLC25A39
304,MVP
305,NUB1
306,PGM3
307,RWDD2A
308,CLK1
309,POLR3B
310,ANGEL1
311,RNF14
312,DNASE1L1
313,DDX11
314,HEBP1
315,GPRC5A
316,MAMLD1
317,CD6
318,TACC3
319,UFL1
320,POLA2
321,ZC3H3
322,CAPN1
323,ACP3
324,MDH1
325,SLC30A9
326,MTMR11
327,COX15
328,CCDC88C
329,YAF2
330,ZMYND11
331,WAS
332,DPEP1
333,BID
334,MATR3
335,NPC1L1
336,XYLT2
337,RGPD5
338,STMN4
339,NUDCD3
340,CHDH
341,IL20RA
342,CLCA4
343,GLT8D1
344,ATP2C1
345,IGF1
346,SLC38A5
347,RALBP1
348,RUFY3
349,CNTN1
350,SLC11A1
351,WWTR1
352,AGPS
353,ATP1A2
354,TTC27
355,ZNF582
356,PHLDB1
357,MARCO
358,CYP24A1
359,PRDM11
360,SYT13
361,SNAI2
362,CD74
363,HGF
364,ZRANB1
365,NCDN
366,ADGRA2
367,ZFP64
368,MNAT1
369,SAMD4A
370,RUNX3
371,MRE11
372,PLEKHB1
373,SERPINB1
374,CYP3A43
375,SLC7A9
376,SPAST
377,NRXN3
378,OSBPL5
379,AQR
380,CPS1
381,FHL1
382,RTF2
383,GABRA1
384,NLRP2
385,SLC45A4
386,RNF10
387,ZNF839
388,ZDHHC6
389,GRAMD1B
390,RNH1
391,NDUFS1
392,RB1CC1
393,ERP44
394,ALAS1
395,BIRC3
396,AKAP11
397,GLRX2
398,SNAPC1
399,DERA
400,STRAP
401,ABCC2
402,DEF6
403,PLEKHO1
404,GCLM
405,UBR2
406,EHD2
407,DEPDC1
408,CCDC28A
409,RRAGD
410,HSF2
411,PHF20
412,HSD17B6
413,NR1H3
414,TYMP
415,NCAPH2
416,TOMM34
417,SEC63
418,KPNA6
419,VIM
420,RTEL1-TNFRSF6B
421,FAS
422,RNASET2
423,CD44
424,KCNG1
425,AGPAT4
426,SLAMF7
427,BTN3A1
428,MIPEP
429,PRKCH
430,IFNGR1
431,B4GALT7
432,SH2D2A
433,VRK2
434,TNFRSF1B
435,VEZT
436,POU2F2
437,BRD9
438,SNX1
439,TBPL1
440,BCLAF1
441,SLC39A9
442,ANK1
443,IBSP
444,TFB1M
445,RABEP1
446,HMGB3
447,NUP160
448,BAK1
449,MUSK
450,IKZF2
451,GRN
452,FAM13B
453,ARHGAP31
454,CENPQ
455,SARS1
456,RANBP3
457,ARID4A
458,EIPR1
459,PNPLA6
460,IFT88
461,ALG1
462,ZCCHC8
463,ABCF2
464,CHPF2
465,LRRC7
466,FUT8
467,UBA6
468,GAB2
469,ATP6V0A1
470,PIAS1
471,SLC4A7
472,APBA2
473,MAP2K3
474,TMSB10
475,ASTE1
476,RNF19A
477,PEX3
478,GABARAPL2
479,SH3YL1
480,FAM136A
481,VCL
482,DEPDC1B
483,DAPK2
484,NSMAF
485,ADSS2
486,STAP1
487,TIMP2
488,RFC1
489,TBC1D23
490,CUL3
491,MYOM2
492,OTC
493,CYP46A1
494,ZZZ3
495,SLC18A1
496,USP2
497,CASR
498,TUBG2
499,RPL26L1
500,FLT4
501,NSUN2
502,MFAP3
503,MRI1
504,METTL1
505,HOXC8
506,AGA
507,PI4K2B
508,BOD1L1
509,MAT2B
510,TLL1
511,EDC4
512,TRIO
513,VCAN
514,CLEC16A
515,MSR1
516,CDH1
517,MTREX
518,DNAH5
519,ZFYVE16
520,RIPOR1
521,RAI14
522,SOX30
523,PNKP
524,BEST2
525,PHLPP2
526,SPDL1
527,STAU2
528,SLC66A1
529,CTNS
530,RTN4R
531,PHF23
532,CDH10
533,INPP4A
534,RAB27B
535,PSMA4
536,MYO16
537,LSG1
538,PARP3
539,TNC
540,THAP3
541,RIPOR3
542,TDP1
543,AIFM2
544,SPATA7
545,MED17
546,RETSAT
547,CAPG
548,AP2S1
549,USH2A
550,TG
551,ADAM28
552,BARX2
553,DCUN1D1
554,JADE2
555,ZIC2
556,LCP2
557,TRIT1
558,ADRB1
559,CUL7
560,CTNNA1
561,PHKA2
562,CNTLN
563,EPHA3
564,HSPA5
565,DSG2
566,GEMIN8
567,OFD1
568,GPM6B
569,PREX2
570,WDR37
571,YTHDC2
572,CTPS2
573,ATP6V1H
574,POLR2B
575,ARAP2
576,TPR
577,CP
578,DTNBP1
579,XK
580,ANO2
581,SCML1
582,WWC3
583,ARHGAP6
584,FAM184B
585,MAP4
586,GOPC
587,USP28
588,HDAC9
589,TSPAN17
590,NOP16
591,CC2D2A
592,RRM2B
593,ZNF800
594,TNFRSF17
595,SNX29
596,LMO3
597,MRPS10
598,GUCA1A
599,RSF1
600,VPS13D
601,CELF2
602,FAM120A
603,R3HDM1
604,COL9A2
605,KITLG
606,ERCC8
607,ADAMTS6
608,H6PD
609,VAMP3
610,PER3
611,UTS2
612,TNFRSF9
613,EPN3
614,LTBP1
615,RCN1
616,ELN
617,RFC2
618,ARID1B
619,CLPTM1L
620,NEDD4L
621,FOXP3
622,PPP1R3F
623,HEXB
624,PTCD2
625,NEXMIF
626,JKAMP
627,DKK3
628,ARHGEF5
629,NFE2L3
630,MCUR1
631,LIMA1
632,LETMD1
633,SLC4A8
634,LAMC3
635,PTGER3
636,TNIP3
637,MAPK9
638,COL23A1
639,BCAR1
640,HERPUD1
641,HOMER3
642,RAD51
643,POLQ
644,PIK3CB
645,CYBA
646,THOC3
647,HEBP2
648,MPHOSPH9
649,PLEKHA5
650,PRSS8
651,SIKE1
652,RRP12
653,FNIP2
654,MSMO1
655,TTC17
656,ALX4
657,FSTL4
658,FOXN3
659,METTL24
660,AKR7A2
661,MRTO4
662,NNAT
663,USE1
664,MCF2L2
665,NRIP2
666,LAMA3
667,AP5M1
668,ANAPC4
669,KCNQ1
670,TRAPPC3
671,THRAP3
672,PHPT1
673,ENTPD2
674,LY75
675,ARID4B
676,OPN3
677,PTPRN
678,HHAT
679,KIF1B
680,FOXC1
681,TBC1D22A
682,SYNE2
683,PLEKHH1
684,ATP9A
685,CBLN4
686,CHRDL2
687,FAM168A
688,RELT
689,GALC
690,NOP58
691,KCNH2
692,CUL1
693,FAM114A2
694,CYFIP2
695,TAB2
696,GINM1
697,EIF2AK2
698,USP36
699,KMT2C
700,MCOLN3
701,CCDC85A
702,PUM2
703,MRPL43
704,ITIH4
705,ITIH1
706,HPF1
707,ZFR
708,ZNF280C
709,PHF21B
710,TRAF1
711,RC3H2
712,IL17RB
713,TRAF3IP2
714,GYG2
715,DCBLD2
716,SOAT1
717,PKP2
718,MSH4
719,F7
720,GDI2
721,PRDM1
722,ATG5
723,TMCC3
724,PITHD1
725,MTA3
726,USP13
727,ATP11B
728,LAMC2
729,CDK14
730,SEC61A1
731,PPP1R12A
732,RASGRF1
733,CAMK2B
734,CROCC
735,POLR3E
736,ATP2B4
737,ZC3H11A
738,RIOK2
739,YIPF1
740,NDC1
741,DGKG
742,FLYWCH1
743,UNKL
744,TBXAS1
745,PARP12
746,ALDH18A1
747,TARBP1
748,GATB
749,MXD1
750,CDK17
751,DNAJC25
752,SLC2A3
753,PSD
754,CTDP1
755,YBX3
756,STYK1
757,WNK1
758,CCAR1
759,OGFR
760,GNA15
761,CREB3L3
762,PIGV
763,PTPRU
764,SNRNP40
765,RIMBP2
766,COL11A1
767,QSER1
768,MPC1
769,ACAA1
770,BCAT1
771,HDAC7
772,LZTS1
773,PRDM6
774,SPAG4
775,NCKAP1
776,MRPS35
777,GUCY1B1
778,SFSWAP
779,TNK2
780,MON2
781,CDH3
782,ARSF
783,GPBP1
784,DGAT2
785,ZNF112
786,CS
787,LTK
788,MRPS24
789,ELMO2
790,WAPL
791,VMP1
792,APPBP2
793,POLD1
794,SEZ6
795,EIF4B
796,SLC6A16
797,BICRA
798,SPHK2
799,RPL18
800,CA11
801,ISOC2
802,U2AF2
803,EPN1
804,MED29
805,AHRR
806,ZNF275
807,MTMR1
808,GPC1
809,ADCK1
810,HAGH
811,RNF4
812,CASP8
813,LIMCH1
814,INTS13
815,TM7SF3
816,SPA17
817,TSPAN32
818,CCN5
819,ST3GAL6
820,ATP2C2
821,NGFR
822,CDON
823,TAF2
824,HIPK2
825,TNPO3
826,RFXANK
827,TMEM161A
828,LPAR2
829,CTSA
830,SUGP2
831,SLC12A2
832,SNX24
833,EYA2
834,CNN2
835,ABCA7
836,SNCAIP
837,DDX20
838,BTBD1
839,FAR2
840,BCAS1
841,CHI3L2
842,SBNO2
843,PMS1
844,HMG20B
845,CALCRL
846,TAF11
847,ANKS1A
848,AP3D1
849,ZNF76
850,NTHL1
851,GNAI3
852,IPO5
853,OAT
854,WDR3
855,PKN2
856,WDR18
857,TRAM2
858,NTN1
859,GLP2R
860,MCM10
861,DGKA
862,ERBB3
863,ROPN1
864,ANKRD44
865,KARS1
866,ADAT1
867,PDIA5
868,TBC1D22B
869,NDUFB4
870,SPEN
871,MYLK
872,ZC3H15
873,MAP2K4
874,PACC1
875,SNAP91
876,SLK
877,CYB5R4
878,COL17A1
879,GSTO2
880,SEC61A2
881,PRKCQ
882,TLE2
883,ASB1
884,FAM107B
885,ME1
886,TBC1D1
887,CDK13
888,MTHFD2
889,SLC9A7
890,FOXJ2
891,YBX1
892,PDE4A
893,PPP2R5A
894,CTNNA2
895,ELAVL1
896,TIE1
897,DIP2B
898,SMARCD1
899,KDM4A
900,NFYC
901,ZMYND12
902,SLC9A3
903,NGEF
904,ASPM
905,CD84
906,ELOVL1
907,SPI1
908,MPPED2
909,CLDN18
910,ZBTB11
911,ATXN3
912,GOLGA5
913,FGFR2
914,LRRC40
915,ISOC1
916,EML1
917,TRMT11
918,THUMPD1
919,MSANTD3
920,KIF26A
921,ATG2B
922,ARFGEF1
923,ZFAT
924,MTFR1
925,STAG3
926,FECH
927,MYO9A
928,DDX3Y
929,PFKP
930,IDI1
931,SP100
932,KLF6
933,PLPP1
934,NEO1
935,TRAM1
936,PHKA1
937,TNFRSF1A
938,CACNB1
939,EVI5
940,STOML1
941,PKM
942,DHX29
943,DNTTIP2
944,METTL22
945,TP53BP1
946,TRO
947,RRP15
948,RHOA
949,DHX8
950,PRKCZ
951,ZFY
952,IARS2
953,SYT1
954,NAV3
955,IDH3G
956,ROGDI
957,PDZD4
958,ATP2B3
959,ROCK1
960,CBFB
961,PDK3
962,HYAL2
963,HDAC4
964,RASSF1
965,FGFR3
966,IFI35
967,HEATR6
968,COASY
969,PLEKHH3
970,MEF2A
971,OTUD5
972,TFE3
973,TBC1D25
974,ACSL4
975,INPP5A
976,GPKOW
977,FTSJ1
978,PRR11
979,REEP1
980,ATP11A
981,POLR1A
982,LAPTM4A
983,TTC7A
984,IP6K2
985,STON1-GTF2A1L
986,SRBD1
987,KIF2A
988,RASGRP2
989,PSME4
990,IFT80
991,SIRT2
992,ERLEC1
993,PPP2R5B
994,PYGM
995,PAGE1
996,PITX1
997,MAST4
998,ADGRF5
999,SDK2
1000,NUP133
1001,NUCKS1
1002,VPS35
1003,DNAJA2
1004,BCL3
1005,KCNAB2
1006,ABCC9
1007,GAL
1008,CLEC2D
1009,FUNDC1
1010,MAOB
1011,RORA
1012,DRD4
1013,TGFBR3
1014,HES2
1015,ATP1B3
1016,NEDD4
1017,PIGB
1018,MAPK6
1019,GNB5
1020,RAB27A
1021,HDHD5
1022,UFD1
1023,LRP6
1024,GUCY2C
1025,ELP1
1026,NUCB2
1027,PFN2
1028,PTPN3
1029,SPTB
1030,DAPP1
1031,FGF10
1032,SLC44A1
1033,TMEM260
1034,SMG6
1035,EXOC5
1036,CLTCL1
1037,FGF22
1038,FSTL3
1039,DGCR2
1040,RNF126
1041,MNT
1042,ZXDC
1043,JMJD6
1044,POLB
1045,ST6GALNAC1
1046,WIPI1
1047,FRMPD1
1048,GBA2
1049,NDST1
1050,ASNS
1051,AP3M2
1052,CNGB1
1053,ST6GALNAC2
1054,CHAT
1055,PABPC1
1056,TESK2
1057,CFAP20
1058,CSNK2A2
1059,PTPN21
1060,EIF2B3
1061,CAMK2A
1062,TCOF1
1063,CDC42
1064,OSBPL3
1065,EPHA8
1066,SLC12A3
1067,RAD18
1068,ATP2B1
1069,TRPM5
1070,NCK2
1071,MAP4K4
1072,MGAT4A
1073,RPL31
1074,WDR1
1075,SNX13
1076,ARHGAP10
1077,RPS6KA2
1078,ING3
1079,VASH1
1080,LMCD1
1081,BUD23
1082,SEL1L
1083,TRIP13
1084,ATP6AP1
1085,TCF3
1086,TRIB2
1087,DAZAP1
1088,MBD3
1089,HLTF
1090,FAM50A
1091,FAM3A
1092,MYO3B
1093,CYBRD1
1094,CDH19
1095,PDCD2
1096,SLC6A15
1097,RDH11
1098,ADGRL1
1099,ACTN1
1100,ZFYVE26
1101,RPS6KA6
1102,EPN2
1103,PTPN18
1104,LIMS2
1105,ASIC4
1106,SPEG
1107,LNX1
1108,ALDH3A2
1109,TFRC
1110,SREBF1
1111,TRPC5
1112,AFF4
1113,UBE2D1
1114,RHOBTB1
1115,SMC1A
1116,HSD17B10
1117,MARK2
1118,HMMR
1119,CHFR
1120,TRHDE
1121,P4HA2
1122,FCGR2B
1123,NFATC3
1124,TRNT1
1125,ACADVL
1126,STK10
1127,FBXW11
1128,ACAP1
1129,CRMP1
1130,EVC
1131,DERL2
1132,SIDT1
1133,IRAG1
1134,TMEM38A
1135,AP1M1
1136,PVR
1137,XRCC1
1138,SCARB1
1139,MCM2
1140,MOV10L1
1141,PANX2
1142,SELENOO
1143,TP63
1144,ALPK1
1145,LLGL2
1146,PDE8A
1147,CLCN4
1148,NLE1
1149,SDHA
1150,SMARCE1
1151,FNDC8
1152,GSDMB
1153,KDM5A
1154,ADAM11
1155,PPP2R3A
1156,FERMT2
1157,DHRS9
1158,CD5L
1159,PTGS2
1160,IGF2BP2
1161,MAP3K13
1162,ST6GAL1
1163,TBX21
1164,FRY
1165,PICALM
1166,GLI2
1167,CLASP1
1168,MRPS34
1169,NOTCH3
1170,CLNS1A
1171,PPP2R2C
1172,TEAD2
1173,EED
1174,CDHR2
1175,SNCB
1176,TSG101
1177,NCBP3
1178,ATP2A3
1179,CA12
1180,MGLL
1181,NTN4
1182,BCS1L
1183,NUAK1
1184,DPP8
1185,SLC24A1
1186,ZNF532
1187,SCARF1
1188,LMAN1
1189,HACD3
1190,IPCEF1
1191,ZZEF1
1192,ENO1
1193,SLC12A1
1194,MYDGF
1195,ANO8
1196,TUBE1
1197,ARHGEF10L
1198,TXK
1199,WSCD2
1200,TACR2
1201,ACTR6
1202,TIPIN
1203,SRI
1204,EIF4G3
1205,NUP37
1206,SEMA3A
1207,GTSE1
1208,SEMA3C
1209,TTC38
1210,ACAT1
1211,GRAMD4
1212,CELSR1
1213,ZNF638
1214,SLC25A40
1215,TIMM21
1216,ADD2
1217,RASAL2
1218,VPS9D1
1219,ZNF37A
1220,MARK3
1221,SLC25A3
1222,FNDC3B
1223,FOSL2
1224,CACNG5
1225,CACNG4
1226,FRYL
1227,TMEM131
1228,FSCN1
1229,ACTB
1230,MOCOS
1231,PLD1
1232,ATP12A
1233,WDR62
1234,DLG1
1235,RAB7A
1236,BCAP29
1237,SEC31B
1238,SART3
1239,ARHGAP15
1240,TUBA3D
1241,PAX2
1242,EXOSC7
1243,KIFAP3
1244,MKRN2
1245,MCM6
1246,REXO2
1247,RBM7
1248,RBMS2
1249,BAZ2A
1250,PTPN23
1251,MLH1
1252,UNG
1253,FMO4
1254,KLHL20
1255,RGS11
1256,SLC46A1
1257,PLXNA2
1258,SPAG5
1259,ANKRD13A
1260,TPD52
1261,ACACB
1262,TRAF4
1263,PAG1
1264,GPATCH1
1265,ICAM3
1266,NT5C2
1267,MCAM
1268,GPC4
1269,MBNL3
1270,CAMSAP3
1271,RAP1GAP
1272,XAB2
1273,ARHGEF1
1274,STXBP2
1275,MAP2K7
1276,DGKD
1277,CTTNBP2
1278,ACTL6B
1279,RARB
1280,TOP2B
1281,TM9SF3
1282,NFKB2
1283,UBE2T
1284,PPP1R12B
1285,DNAJC10
1286,GTF3C1
1287,IL4R
1288,USP33
1289,PAK3
1290,DCX
1291,SNRPA
1292,SPAG6
1293,EXOSC5
1294,APBB1IP
1295,LRCH4
1296,FAM76B
1297,SIRT6
1298,POLD3
1299,ACTN2
1300,CAPZB
1301,GPR137B
1302,JADE1
1303,SLC25A43
1304,UBE2A
1305,FGFR1
1306,FKBP6
1307,SMC1B
1308,FBLN1
1309,ITGA8
1310,CST7
1311,MAP2
1312,PIAS2
1313,AMPH
1314,ARAF
1315,MCCC1
1316,LAMP3
1317,FAP
1318,NEBL
1319,ACER3
1320,UBE2K
1321,PIK3C3
1322,N4BP2
1323,TIGAR
1324,TULP3
1325,SYNJ2
1326,ADCY2
1327,PPP2R5C
1328,RBFOX1
1329,GNB1
1330,HOXA9
1331,EDN1
1332,MLLT10
1333,ZCWPW1
1334,ADCYAP1R1
1335,FGF20
1336,P2RY10
1337,ITM2A
1338,NRDC
1339,VDAC3
1340,PCM1
1341,TNRC6C
1342,CBFA2T2
1343,BRINP1
1344,ITCH
1345,PKD2L2
1346,TP53INP2
1347,SDF4
1348,MYH7B
1349,TP73
1350,TOLLIP
1351,UBE2D4
1352,CLUL1
1353,RUNX1T1
1354,CDH17
1355,THOC1
1356,FKBP7
1357,OSBPL6
1358,SLC1A3
1359,XRCC5
1360,LXN
1361,SP140
1362,MKNK1
1363,TNS1
1364,REXO1
1365,SAR1A
1366,CDC14A
1367,RAPGEF3
1368,CEACAM1
1369,SENP1
1370,CIC
1371,LIPE
1372,FDFT1
1373,PAFAH1B3
1374,OPHN1
1375,KIF22
1376,SCGN
1377,CARMIL1
1378,PGM1
1379,DDX1
1380,DNM2
1381,EPB41L2
1382,RIMS1
1383,MOXD1
1384,STX7
1385,RABL2B
1386,KEAP1
1387,DDX43
1388,PTPRH
1389,DCT
1390,CRYBG3
1391,EPHA6
1392,SCTR
1393,RFX3
1394,RIF1
1395,RAB21
1396,SLC4A4
1397,SMARCA2
1398,RDH8
1399,SESN1
1400,MID2
1401,COL5A3
1402,SRCAP
1403,PUM3
1404,CPB2
1405,CHRNA3
1406,KCNN2
1407,CNOT4
1408,PSEN1
1409,CPOX
1410,CLDND1
1411,MOK
1412,HSP90AA1
1413,RBL1
1414,DLGAP4
1415,IGSF9B
1416,NDC80
1417,AP4E1
1418,RSBN1
1419,MAGI3
1420,CXCL2
1421,AFP
1422,COL4A4
1423,TCF7
1424,OSTM1
1425,CDH7
1426,IMPG2
1427,PCNP
1428,EXD2
1429,ARG2
1430,MEF2C
1431,PKP1
1432,UBA5
1433,STK17B
1434,CDC14B
1435,ZNF510
1436,LRP2
1437,ZNF506
1438,JMJD4
1439,DUSP12
1440,AACS
1441,DELE1
1442,CADPS2
1443,PCDHGA2
1444,PHLPP1
1445,ATP8B1
1446,IL12RB2
1447,SMARCD3
1448,WDR70
1449,FYB1
1450,MPP4
1451,STRADB
1452,BZW1
1453,PGR
1454,C1QTNF3
1455,ME2
1456,C5orf22
1457,CCNT2
1458,FAM135A
1459,COL19A1
1460,EPB41L3
1461,COBLL1
1462,DLG3
1463,KCNK2
1464,SERTAD4
1465,TRAF5
1466,MRPL22
1467,GEMIN5
1468,OPRK1
1469,NFE2L1
1470,SEMA5B
1471,GSK3B
1472,ITGB5
1473,ERC1
1474,XPO1
1475,LINC01587
1476,RNF13
1477,TRPM3
1478,PALB2
1479,DOP1A
1480,LYRM2
1481,BCKDHB
1482,KAT6A
1483,TUT7
1484,ULK2
1485,GRHL2
1486,TNPO1
1487,PLOD1
1488,P2RX5
1489,ITGAE
1490,DIS3
1491,PIBF1
1492,TDRD3
1493,NUFIP1
1494,PDS5B
1495,OXCT1
1496,RRAGB
1497,CYLD
1498,SLC27A5
1499,ZNF324
1500,ZNF671
1501,ZNF416
1502,ZNF586
1503,ZNF446
1504,ZNF264
1505,RPS5
1506,FAT1
1507,CHMP2B
1508,SMAP2
1509,PPIE
1510,ZMPSTE24
1511,STARD7
1512,NOA1
1513,REST
1514,HAL
1515,SSH1
1516,GSTP1
1517,APLP2
1518,FAM234B
1519,SLCO1A2
1520,WBP11
1521,EIF3I
1522,NKAIN1
1523,COL16A1
1524,TXLNA
1525,NCOA1
1526,AGBL5
1527,EFR3B
1528,KIF3C
1529,RAB10
1530,GCKR
1531,HADHA
1532,MAPRE3
1533,CAD
1534,CD59
1535,CD82
1536,BCORL1
1537,ATRX
1538,FCN1
1539,MYNN
1540,MECOM
1541,SCAMP1
1542,PREP
1543,HACE1
1544,SEH1L
1545,WDR47
1546,WDFY1
1547,OVGP1
1548,SLC25A24
1549,MAP3K4
1550,PILRA
1551,IGSF9
1552,ABCB1
1553,ZNF213
1554,AKR1B1
1555,CPNE3
1556,RRN3
1557,CTTN
1558,WNT11
1559,MTIF2
1560,DDHD2
1561,TTC39A
1562,EPS15
1563,ORC1
1564,MGST2
1565,CHERP
1566,USP40
1567,POMGNT1
1568,RAD54L
1569,MAST2
1570,DNAJA1
1571,B4GALT1
1572,CHMP5
1573,NFX1
1574,AQP6
1575,DIMT1
1576,IPO11
1577,FOLH1
1578,EIF2AK1
1579,NME8
1580,EPDR1
1581,SNX10
1582,SEPHS1
1583,MRPL28
1584,HBQ1
1585,ITPKC
1586,FAT2
1587,RBM22
1588,TMED2
1589,ERO1B
1590,ZFAND6
1591,HSD17B2
1592,TXLNG
1593,PPEF1
1594,LAT2
1595,HUWE1
1596,ZW10
1597,ALG9
1598,MYBPC2
1599,NOX4
1600,ACOX3
1601,MTMR2
1602,PPP1R15A
1603,HSD17B14
1604,TRIP6
1605,ACHE
1606,FTL
1607,SRRT
1608,BAX
1609,NLK
1610,PIGS
1611,ADAMTS2
1612,ATXN7L3
1613,PGS1
1614,PSMC5
1615,UIMC1
1616,CETP
1617,MMP2
1618,MT3
1619,LPCAT2
1620,GNAO1
1621,OGFOD1
1622,SH3BP2
1623,NOP14
1624,ADD1
1625,L2HGDH
1626,TXNDC16
1627,RTRAF
1628,NID2
1629,GMCL1
1630,SF3B2
1631,KLHL42
1632,GNAS
1633,DNM1L
1634,PTHLH
1635,PHACTR3
1636,ERGIC2
1637,TFAP2C
1638,AURKA
1639,CASS4
1640,PIR
1641,AAMDC
1642,RFX2
1643,METTL2A
1644,SULT2B1
1645,ALG6
1646,PTPN4
1647,DDX18
1648,KHSRP
1649,GNA11
1650,EDEM2
1651,DNMT3B
1652,TPX2
1653,PDRG1
1654,EPB41L1
1655,DOCK9
1656,ANKRD10
1657,TGDS
1658,DOCK3
1659,C3orf18
1660,COQ9
1661,TMEM40
1662,KIF9
1663,ARHGAP28
1664,CRLS1
1665,PPP1R13B
1666,ATRN
1667,SMOX
1668,SIGLEC1
1669,FKBP1A
1670,NSFL1C
1671,SLC4A11
1672,ZNF343
1673,EBF4
1674,CPXM1
1675,MAVS
1676,LZTS3
1677,F11
1678,XRN2
1679,KIZ
1680,DYNLL1
1681,TESC
1682,SNX5
1683,RPL6
1684,SIRPG
1685,MAPKAPK5
1686,P2RX7
1687,ESF1
1688,RBBP9
1689,ANAPC5
1690,SLC23A2
1691,SLC8B1
1692,TMEM230
1693,DZANK1
1694,KDM2B
1695,CFAP61
1696,TASP1
1697,OAS1
1698,GCN1
1699,RPLP0
1700,PXN
1701,SIRT4
1702,RPH3A
1703,KIF16B
1704,TRMT6
1705,CHGB
1706,PEBP1
1707,BRAP
1708,ERP29
1709,NOS1
1710,FUS
1711,IGBP1
1712,FXYD5
1713,ZNF302
1714,GRAMD1A
1715,FXYD3
1716,HEPH
1717,CDIP1
1718,CMTM1
1719,KCNH4
1720,GANAB
1721,GMIP
1722,RBM41
1723,BIRC5
1724,LAG3
1725,MLF2
1726,OTUB2
1727,DDX24
1728,ZBTB25
1729,NECAP1
1730,ARHGAP4
1731,ANKRD24
1732,DHX32
1733,RCOR1
1734,GPATCH2L
1735,LTBP4
1736,BLVRB
1737,SLC9A1
1738,SPTLC1
1739,PAPOLA
1740,CCNK
1741,PCBP4
1742,RGS1
1743,YPEL3
1744,MRPS33
1745,NDUFB2
1746,NUDC
1747,MAEA
1748,ICAM1
1749,STRN4
1750,IRAK3
1751,LYZ
1752,MUL1
1753,TFAP4
1754,PDCD7
1755,SPG21
1756,FETUB
1757,DNAJB11
1758,P3H2
1759,THPO
1760,CHRD
1761,FLT3LG
1762,GNPTG
1763,ZNF268
1764,GOLGA3
1765,PABPC4
1766,CD209
1767,CERS4
1768,MCOLN1
1769,USP48
1770,EFNB1
1771,PDPR
1772,AARS1
1773,GLG1
1774,KIF4A
1775,TNRC6A
1776,PLEKHG2
1777,DLL3
1778,NAT14
1779,PITPNM2
1780,EXOC1
1781,RBM27
1782,POU4F3
1783,OSBPL8
1784,NLRC4
1785,PUS7
1786,LAMB4
1787,NRCAM
1788,LAMB1
1789,SLC26A4
1790,DLD
1791,WDR7
1792,TXNL1
1793,ABCC6
1794,CMTM6
1795,ITGA6
1796,RAPGEF4
1797,MAP3K20
1798,SMPX
1799,FH
1800,SEL1L3
1801,TF
1802,CDV3
1803,MYO15A
1804,ALKBH5
1805,NLRP1
1806,PITPNM3
1807,SPAG7
1808,ORC6
1809,ZFHX4
1810,SLC17A6
1811,ZC3HC1
1812,ESR1
1813,RGS17
1814,ANGPT2
1815,TMEM101
1816,CD200
1817,CCDC80
1818,PPP2R3C
1819,HAUS4
1820,JPH4
1821,MYH7
1822,CEBPE
1823,SLC7A8
1824,SLC22A17
1825,RNF31
1826,SCFD1
1827,G2E3
1828,HECTD1
1829,HNRNPC
1830,RPGRIP1
1831,SUPT16H
1832,TOX4
1833,GEMIN2
1834,SEMA6A
1835,TRPM7
1836,TYRO3
1837,WDR76
1838,CAPN3
1839,SNAP23
1840,TBX15
1841,PHGDH
1842,COL9A3
1843,EZR
1844,MYL6
1845,AGO1
1846,TEKT2
1847,CLSPN
1848,RFFL
1849,UNC13D
1850,MFSD11
1851,DPYSL2
1852,TGFB2
1853,GPATCH2
1854,NUP50
1855,CDC45
1856,COMT
1857,ADA2
1858,ECHDC1
1859,LRRFIP2
1860,SEC22C
1861,XYLB
1862,HDAC6
1863,OR1I1
1864,CDC6
1865,UPRT
1866,CDC23
1867,CBX5
1868,FMO2
1869,SUCO
1870,MSH2
1871,MAP3K1
1872,DHPS
1873,HOOK2
1874,ARCN1
1875,EPB41L4B
1876,TMEM38B
1877,PSMD5
1878,PTGS1
1879,NUP188
1880,CRAT
1881,SH2D3C
1882,NANS
1883,TBC1D2
1884,WHRN
1885,CWF19L1
1886,SEMA4G
1887,BTAF1
1888,IKZF5
1889,BLNK
1890,TLL2
1891,CYP26A1
1892,TDRD1
1893,SORBS1
1894,CRTAC1
1895,BAMBI
1896,IL11
1897,MYO3A
1898,WAC
1899,CREM
1900,NUBP2
1901,SMIM24
1902,HIVEP1
1903,TREM2
1904,FKBP5
1905,SRPK1
1906,BRPF3
1907,MRPS18A
1908,TMEM14A
1909,EFHC1
1910,HSP90AB1
1911,CDC5L
1912,ITPR3
1913,ZNF184
1914,DSP
1915,SIRT1
1916,HNRNPH3
1917,IFT74
1918,JAK2
1919,IL12RB1
1920,ABL1
1921,ACOT7
1922,SH3GLB1
1923,CDC7
1924,SYDE2
1925,PCSK5
1926,SCD
1927,TMED1
1928,ABLIM1
1929,ERMP1
1930,RAB18
1931,NRP1
1932,PRTFDC1
1933,PALMD
1934,TSPAN15
1935,MACROH2A2
1936,WASHC2A
1937,MAST3
1938,MZF1
1939,OCEL1
1940,MYO9B
1941,KCNK6
1942,CATSPERG
1943,PSMD8
1944,FBXL19
1945,STX1B
1946,HSD3B7
1947,SETD1A
1948,BCL7C
1949,EFNA2
1950,CIRBP
1951,ATP5F1D
1952,CBARP
1953,PCDH11Y
1954,PRKY
1955,IGFALS
1956,HNRNPM
1957,MARCHF2
1958,NDUFB7
1959,TECR
1960,TIMM13
1961,CDC34
1962,MTAP
1963,CEP170B
1964,POLR2E
1965,POLRMT
1966,HCN2
1967,IZUMO4
1968,RASSF7
1969,GADD45B
1970,PALM
1971,MADCAM1
1972,IGF2-AS
1973,MKNK2
1974,ARVCF
1975,TRMT2A
1976,RANBP1
1977,ZDHHC8
1978,KLHL22
1979,MED15
1980,SERPIND1
1981,SNAP29
1982,CRKL
1983,LZTR1
1984,MMP11
1985,CECR2
1986,SMARCB1
1987,P2RX6
1988,DERL3
1989,SLC7A4
1990,BCL2L13
1991,DDTL
1992,OSM
1993,CABIN1
1994,TBC1D10A
1995,SUSD2
1996,SF3A1
1997,GGT5
1998,RNF215
1999,SEC14L2
2000,SEC14L3
2001,SPECC1L
2002,PPIL2
2003,UPB1
2004,YPEL1
2005,SNRPD3
2006,PES1
2007,MAPK1
2008,GGT1
2009,PRODH
2010,PPM1F
2011,SLC35E4
2012,TOP3B
2013,CRYBB3
2014,CYTH4
2015,ESS2
2016,MFNG
2017,CARD10
2018,SLC25A1
2019,GRK3
2020,LGALS2
2021,GGA1
2022,HIRA
2023,SH3BP1
2024,SEZ6L
2025,LGALS1
2026,HPS4
2027,PIK3IP1
2028,SRRD
2029,PATZ1
2030,TRIOBP
2031,TFIP11
2032,GCAT
2033,GGTLC2
2034,CRYBB1
2035,ANKRD54
2036,EIF3L
2037,SNU13
2038,MICALL1
2039,POLR2F
2040,SOX10
2041,CCDC134
2042,DEPDC5
2043,PICK1
2044,TTC28
2045,SLC16A8
2046,CENPM
2047,SEPTIN3
2048,SLC5A4
2049,KDELR3
2050,DDX17
2051,DMC1
2052,HSCB
2053,CBY1
2054,TOMM22
2055,RSPH14
2056,XBP1
2057,RTCB
2058,JOSD1
2059,FBXO7
2060,GTPBP1
2061,POLDIP3
2062,RAB36
2063,TIMP3
2064,PPP6R2
2065,SBF1
2066,SUN2
2067,CYB5R3
2068,DNAL4
2069,C22orf31
2070,MIOX
2071,LMF2
2072,RHBDD3
2073,PACSIN2
2074,TTLL1
2075,RASL10A
2076,AP1B1
2077,HMGXB4
2078,TOM1
2079,NEFH
2080,CHKB
2081,BIK
2082,HMOX1
2083,MCAT
2084,THOC5
2085,MCM5
2086,APOBEC3H
2087,ARSA
2088,TSPO
2089,RASD2
2090,TTLL12
2091,CBX7
2092,PDGFB
2093,CABP7
2094,RPL3
2095,ZMAT5
2096,SYNGR1
2097,TAB1
2098,ASCC2
2099,MTMR3
2100,MIEF1
2101,APOL4
2102,APOL1
2103,PNPLA3
2104,MYH9
2105,CACNA1I
2106,SAMM50
2107,TXN2
2108,FOXRED2
2109,GRAP2
2110,EIF3D
2111,TNRC6B
2112,SGSM3
2113,IFT27
2114,PVALB
2115,KIAA0930
2116,NCF4
2117,CSF2RB
2118,SLC25A17
2119,UPK3A
2120,FAM118A
2121,KCTD17
2122,ST13
2123,IL2RB
2124,RBX1
2125,EP300
2126,L3MBTL2
2127,CHADL
2128,RANGAP1
2129,ZC3H7B
2130,PHF5A
2131,ACO2
2132,POLR3H
2133,TRMU
2134,PMM1
2135,DESI1
2136,CERK
2137,BRD1
2138,ZBED4
2139,MLC1
2140,HDAC10
2141,KCNK10
2142,ABHD4
2143,KHNYN
2144,FKBP3
2145,SDR39U1
2146,CTSG
2147,GZMH
2148,GZMB
2149,RBM23
2150,PRMT5
2151,COCH
2152,AP4S1
2153,POLE2
2154,VCPKMT
2155,SOS2
2156,CDKL1
2157,NIN
2158,PYGL
2159,TRIM9
2160,PSMC6
2161,GNPNAT1
2162,DDHD1
2163,CDKN3
2164,CNIH1
2165,CGRRF1
2166,ATP6V1D
2167,CCDC198
2168,PLEK2
2169,PIGH
2170,LRRC74A
2171,PSMA3
2172,VTI1B
2173,TIMM9
2174,GSTZ1
2175,KIAA0586
2176,TMED8
2177,SAMD15
2178,AHSA1
2179,DAAM1
2180,ISM2
2181,SPTLC2
2182,RIN3
2183,LGMN
2184,ALKBH1
2185,SNW1
2186,ITPK1
2187,DHRS7
2188,PPM1A
2189,SIX4
2190,GALNT16
2191,CEP128
2192,ERH
2193,HIF1A
2194,SUSD6
2195,SRSF5
2196,SLC10A1
2197,EIF5
2198,SLC8A3
2199,DICER1
2200,ZFYVE21
2201,MTHFD1
2202,TCL1A
2203,ZC3H14
2204,TELO2
2205,PCNX1
2206,GSKIP
2207,VRK1
2208,PSMC1
2209,PAPLN
2210,RPS6KA5
2211,PPP4R3A
2212,C14orf93
2213,PSMB5
2214,YY1
2215,ACIN1
2216,TRIP11
2217,PABPN1
2218,EFS
2219,ARHGAP5
2220,CINP
2221,DHRS2
2222,SRP54
2223,CPNE6
2224,CHD8
2225,PRORP
2226,DCAF11
2227,PSMA6
2228,NFKBIA
2229,EMC9
2230,BRMS1L
2231,TM9SF1
2232,SEC23A
2233,GMPR2
2234,PNN
2235,RABGGTA
2236,PLTP
2237,PCIF1
2238,GSS
2239,MMP9
2240,VSX1
2241,TRPC4AP
2242,PYGB
2243,ABHD12
2244,PROCR
2245,GINS1
2246,NINL
2247,CD40
2248,UQCC1
2249,ZMYND8
2250,SGK2
2251,IFT52
2252,MYBL2
2253,NDRG3
2254,SLA2
2255,RAB5IF
2256,NFATC2
2257,RIMS4
2258,PABPC1L
2259,STK4
2260,SALL4
2261,ADNP
2262,PFDN4
2263,DOK5
2264,CSTF1
2265,BMP7
2266,RAE1
2267,TPD52L2
2268,DNAJC5
2269,NELFCD
2270,CTSZ
2271,PRPF6
2272,TUBB1
2273,PRELID3B
2274,HRH3
2275,MTG2
2276,PSMA7
2277,SLCO4A1
2278,NTSR1
2279,MRGBP
2280,TCFL5
2281,DIDO1
2282,GID8
2283,SLC17A9
2284,BIRC7
2285,NKAIN4
2286,ARFGAP1
2287,AVP
2288,COL20A1
2289,CHRNA4
2290,EEF1A2
2291,PTK6
2292,GMEB2
2293,SPEF1
2294,CDC25B
2295,ISM1
2296,RNF24
2297,ARFRP1
2298,NDUFAF5
2299,SEL1L2
2300,TRIB3
2301,RASSF2
2302,CSNK2A1
2303,ANGPT4
2304,RSPO4
2305,CDS2
2306,HM13
2307,SNPH
2308,MYLK2
2309,SIRPB1
2310,SEC23B
2311,FERMT1
2312,HAO1
2313,PDYN
2314,CCM2L
2315,PLCB4
2316,MYL9
2317,HCK
2318,TM9SF4
2319,TLDC2
2320,CRNKL1
2321,POFUT1
2322,SAMHD1
2323,PAK5
2324,KIF3B
2325,NOP56
2326,MANBAL
2327,IDH3B
2328,MAPRE1
2329,JAG1
2330,CDK5RAP1
2331,SNTA1
2332,OXT
2333,TTI1
2334,E2F1
2335,RPRD1B
2336,PXMP4
2337,CHMP4B
2338,BPI
2339,SLC32A1
2340,CST3
2341,ASIP
2342,CST4
2343,ACTR5
2344,WFDC2
2345,AHCY
2346,PPP1R16B
2347,FAM83D
2348,DHX35
2349,DNTTIP1
2350,MAP1LC3A
2351,SYNDIG1
2352,PIGU
2353,TNNC2
2354,ACOT8
2355,APMAP
2356,CELF4
2357,ZNF516
2358,CDH20
2359,ADNP2
2360,RBFA
2361,USP14
2362,VAPA
2363,METTL4
2364,LPIN2
2365,SMCHD1
2366,MYOM1
2367,MYL12A
2368,CEP76
2369,ST8SIA5
2370,CEP192
2371,RNMT
2372,SMAD7
2373,LIPG
2374,LAMA1
2375,RNF125
2376,ANKRD12
2377,NOL4
2378,POLI
2379,MIB1
2380,RBBP8
2381,RIOK3
2382,CSTF2
2383,H2BW2
2384,MXRA5
2385,VSIG1
2386,PSMD10
2387,ATG4A
2388,STS
2389,TBL1X
2390,GPR143
2391,PGRMC1
2392,POLA1
2393,MID1
2394,NKAP
2395,RHOXF1
2396,NXT2
2397,ATP1B4
2398,ALG13
2399,PRPS2
2400,TLR8
2401,MOSPD1
2402,AMMECR1
2403,CHRDL1
2404,WDR13
2405,SUV39H1
2406,SRPX
2407,GLRA2
2408,XIAP
2409,STAG2
2410,ATP11C
2411,MCF2
2412,ABCD1
2413,CCDC22
2414,CACNA1F
2415,SYP
2416,PLP2
2417,BMX
2418,PLS3
2419,NAA10
2420,RENBP
2421,ELF4
2422,SMARCA1
2423,MTMR8
2424,ASB9
2425,ZC3H12B
2426,RBBP7
2427,PPP1R2C
2428,KCND1
2429,SLC25A14
2430,FMR1
2431,PIM2
2432,SCML2
2433,PQBP1
2434,PCSK1N
2435,EMD
2436,RAB40AL
2437,PGK1
2438,MAGT1
2439,SMS
2440,PHEX
2441,UBL4A
2442,CD99L2
2443,EEA1
2444,RP2
2445,JADE3
2446,CDK16
2447,USP11
2448,PCYT1B
2449,HTATSF1
2450,CD40LG
2451,TIMP1
2452,KLHL4
2453,GABRE
2454,PCDH11X
2455,FGD1
2456,PIN4
2457,PORCN
2458,ITIH6
2459,MAGED2
2460,RBM3
2461,KLF8
2462,SRPX2
2463,SYTL4
2464,ZDHHC15
2465,CENPI
2466,DRP2
2467,TAF7L
2468,PBDC1
2469,GLA
2470,ARMCX3
2471,BEX4
2472,RUBCNL
2473,NALCN
2474,FGF14
2475,HTR2A
2476,NDFIP2
2477,TNFSF13B
2478,FNDC3A
2479,CDADC1
2480,CAB39L
2481,KLF5
2482,STK24
2483,ACP5
2484,DNAJC3
2485,UGGT2
2486,ARHGEF7
2487,FGF9
2488,SGCG
2489,PARP4
2490,SUPT20H
2491,MRPS31
2492,SLC25A15
2493,KPNA3
2494,FLT1
2495,RGCC
2496,VWA8
2497,DGKH
2498,KATNAL1
2499,INTS6
2500,DHRS12
2501,MEDAG
2502,TSC22D1
2503,CLN5
2504,OLFM4
2505,MSLN
2506,MGRN1
2507,ZNF629
2508,TRADD
2509,HSF4
2510,CORO1A
2511,MAPK3
2512,GDPD3
2513,ELMO3
2514,PHKB
2515,LYRM1
2516,NUTF2
2517,NUP93
2518,CENPT
2519,TSNAXIP1
2520,NFAT5
2521,LONP2
2522,N4BP1
2523,CBLN1
2524,ARL2BP
2525,PLLP
2526,ZNF423
2527,CCL22
2528,DHODH
2529,CCL17
2530,CTCF
2531,ACD
2532,POLR2C
2533,PARD6A
2534,ZNF821
2535,MMP15
2536,USB1
2537,CYB5B
2538,NME3
2539,NDRG4
2540,PSMD7
2541,SETD6
2542,SLC38A7
2543,VAC14
2544,HAS3
2545,TANGO6
2546,COG4
2547,SMPD3
2548,SLC7A6OS
2549,SLC7A6
2550,PLA2G15
2551,FA2H
2552,WDR59
2553,MON1B
2554,AXIN1
2555,HCFC1R1
2556,NPRL3
2557,MLYCD
2558,MPG
2559,NECAB2
2560,HSDL1
2561,TAF1C
2562,NAGPA
2563,WFDC1
2564,SEC14L5
2565,COTL1
2566,USP10
2567,CRISPLD2
2568,TSC2
2569,ZNF500
2570,NME4
2571,ABCC1
2572,NOMO3
2573,LMF1
2574,FOXF1
2575,CIAO3
2576,MTHFSD
2577,CLCN7
2578,HAGHL
2579,ANTKMT
2580,SLC7A5
2581,METRN
2582,FBXO31
2583,STUB1
2584,RHBDL1
2585,NUBP1
2586,UBE2I
2587,MEFV
2588,CRYM
2589,EEF2K
2590,CAPN15
2591,PIEZO1
2592,GSPT1
2593,ZNF174
2594,CLUAP1
2595,UBFD1
2596,PRSS33
2597,EARS2
2598,ELOB
2599,GGA2
2600,AQP8
2601,CPPED1
2602,USP31
2603,HMOX2
2604,SALL1
2605,TOX3
2606,RRN3P2
2607,RBL2
2608,QPRT
2609,XYLT1
2610,PYCARD
2611,RPGRIP1L
2612,MAZ
2613,STX4
2614,CDIPT
2615,BCKDK
2616,KAT8
2617,NOMO1
2618,IL21R
2619,SYT17
2620,TMC5
2621,CCP110
2622,VPS35L
2623,RNF40
2624,KNOP1
2625,AQP9
2626,AAGAB
2627,IQCH
2628,LACTB
2629,CORO2B
2630,CSK
2631,HERC1
2632,TRIP4
2633,MTFMT
2634,RASL12
2635,AP3B2
2636,ACSBG1
2637,IGDCC4
2638,RAB11A
2639,CTSH
2640,TTC23
2641,CD276
2642,FAH
2643,CEMIP
2644,RPAP1
2645,HOMER2
2646,EHD4
2647,TMEM87A
2648,ZNF106
2649,CEP152
2650,ATP8B4
2651,OCA2
2652,DTWD1
2653,TGM5
2654,GABPB1
2655,BMF
2656,DMXL2
2657,SCG3
2658,DNAJC17
2659,EIF3J
2660,SPG11
2661,RHOV
2662,VPS18
2663,OIP5
2664,SLC30A4
2665,BLOC1S6
2666,MYEF2
2667,SGK3
2668,PDGFRL
2669,CSPP1
2670,ZDHHC2
2671,BRF2
2672,TRIM35
2673,ZFAND1
2674,RP1
2675,CA2
2676,FZD3
2677,INTS9
2678,RIPK2
2679,EYA1
2680,NBN
2681,CPQ
2682,DECR1
2683,CALB1
2684,BPNT2
2685,SFRP1
2686,LAPTM4B
2687,UBE2W
2688,POP1
2689,NIPAL2
2690,IKBKB
2691,PLAT
2692,JPH1
2693,STK3
2694,GDAP1
2695,RAB2A
2696,EIF3E
2697,EMC2
2698,CCN4
2699,NDRG1
2700,ZC2HC1A
2701,IL7
2702,STMN2
2703,ARMC1
2704,TRPS1
2705,SPAG1
2706,CHRAC1
2707,NCALD
2708,SNX16
2709,GML
2710,UBR5
2711,GSDMD
2712,PYCR3
2713,EEF1D
2714,ANXA13
2715,SQLE
2716,SH2D4A
2717,INTS10
2718,ERI1
2719,SLC39A14
2720,MTMR9
2721,LEPROTL1
2722,DCTN6
2723,R3HCC1
2724,GSR
2725,TNFRSF10A
2726,UBXN8
2727,PPP2CB
2728,NEFM
2729,TUSC3
2730,ARHGEF10
2731,KLHDC4
2732,MCM4
2733,KCTD9
2734,FGL1
2735,ASAH1
2736,BNIP3L
2737,MAN2B1
2738,KCNN4
2739,TULP2
2740,NUCB1
2741,DHDH
2742,GYS1
2743,MAP4K1
2744,ECH1
2745,LHB
2746,TUBB4A
2747,KCNA7
2748,SNRNP70
2749,CLPTM1
2750,RELB
2751,CLASRP
2752,LIN7B
2753,PPP1R37
2754,FCGRT
2755,PIH1D1
2756,CKM
2757,ARHGEF18
2758,PPP1R13L
2759,PEX11G
2760,ERCC2
2761,DOT1L
2762,PLEKHJ1
2763,SLC17A7
2764,RNASEH2A
2765,KLC3
2766,CD37
2767,SF3A2
2768,AMH
2769,LYL1
2770,OAZ1
2771,TRMT1
2772,STX10
2773,RETN
2774,FCER2
2775,DMPK
2776,TBC1D17
2777,IL4I1
2778,TLE6
2779,PTOV1
2780,TLE5
2781,NOVA2
2782,SGTA
2783,MED25
2784,SNAPC2
2785,C19orf53
2786,TIMM44
2787,CCDC61
2788,TNNT1
2789,VRK3
2790,FAM32A
2791,PPP6R1
2792,C19orf44
2793,MED26
2794,OLFM2
2795,RASAL3
2796,AKAP8
2797,EPHX3
2798,ZNF419
2799,SYDE1
2800,CASP14
2801,SLC1A6
2802,AURKC
2803,POP4
2804,CCNE1
2805,URI1
2806,PDCD5
2807,ANKRD27
2808,RPS16
2809,TIMM50
2810,DYRK1B
2811,CCNP
2812,GPI
2813,AKT2
2814,PLD3
2815,PRX
2816,PIAS4
2817,NUMBL
2818,EBI3
2819,YJU2
2820,SHD
2821,TBCB
2822,FSD1
2823,POLR2I
2824,CLIP3
2825,ZFR2
2826,SLC1A5
2827,PRKD2
2828,TJP3
2829,APLP1
2830,CACTIN
2831,CCDC9
2832,HNRNPUL1
2833,FZR1
2834,BBC3
2835,TGFB1
2836,DENND3
2837,DMAC2
2838,PLIN3
2839,MYH14
2840,MRPL4
2841,SIGLEC8
2842,CD79A
2843,LIM2
2844,ICAM4
2845,RPS19
2846,NOP53
2847,NKG7
2848,ICAM5
2849,ETFB
2850,CD33
2851,CEACAM5
2852,CRX
2853,BABAM1
2854,TYK2
2855,CDC37
2856,NAPA
2857,RABAC1
2858,ATP1A3
2859,MEIS3
2860,PTPRS
2861,CNFN
2862,MEGF8
2863,KDELR1
2864,CYTH2
2865,GRWD1
2866,GRIN2D
2867,SYNGR4
2868,CLEC11A
2869,CARD8
2870,LIG1
2871,SIGLEC6
2872,ZNF175
2873,PLA2G4C
2874,CABP5
2875,HAS1
2876,RAB3D
2877,DBP
2878,TMEM205
2879,CAPS
2880,PLPPR2
2881,FAM83E
2882,RASIP1
2883,BCAT2
2884,MIER2
2885,PLEKHA4
2886,PPP2R1A
2887,TNPO2
2888,WDR83OS
2889,CACNG7
2890,GCDH
2891,KLF1
2892,DNASE2
2893,MAST1
2894,TFPT
2895,JAK3
2896,RPL18A
2897,SLC5A5
2898,KCNN1
2899,ARRDC2
2900,PIK3R2
2901,RAB3A
2902,PDE4C
2903,ISYNA1
2904,ELL
2905,CRTC1
2906,COMP
2907,UPK1A
2908,COPE
2909,DDX49
2910,ETV2
2911,ARMC6
2912,TMEM147
2913,GAPDHS
2914,MAG
2915,TMEM59L
2916,HAMP
2917,USF2
2918,LSR
2919,KXD1
2920,FKBP8
2921,SUGP1
2922,HPN
2923,ZNF14
2924,SCN1B
2925,PBX4
2926,ERF
2927,GSK3A
2928,ATP13A1
2929,ZNF574
2930,GRIK5
2931,SIPA1L3
2932,ZNF85
2933,ETHE1
2934,CADM4
2935,SMG9
2936,AVL9
2937,RUNDC3B
2938,CFAP69
2939,GTPBP10
2940,RASA4
2941,CDK6
2942,PMPCB
2943,DNAJC2
2944,TFPI2
2945,BET1
2946,NAMPT
2947,PIK3CG
2948,PON3
2949,PON2
2950,ITGB8
2951,HBP1
2952,SP4
2953,WDR91
2954,DNAH11
2955,CBLL1
2956,DLX5
2957,MTPN
2958,STEAP1B
2959,PTN
2960,GSDME
2961,ATP6V0A4
2962,ZC3HAV1
2963,OGDH
2964,ADAP1
2965,TFEC
2966,H2AZ2
2967,CAV2
2968,CAV1
2969,MET
2970,RNF32
2971,LMBR1
2972,WNT2
2973,HOXA1
2974,DNAJB6
2975,HOXA2
2976,HOXA3
2977,LFNG
2978,HOXA5
2979,HOXA6
2980,BRAT1
2981,IQCE
2982,ANKRD7
2983,VIPR2
2984,TSPAN12
2985,CPED1
2986,HIBADH
2987,TAX1BP1
2988,CPVL
2989,CHN2
2990,GRB10
2991,ABHD11
2992,COBL
2993,FKBP14
2994,PLEKHA8
2995,STX1A
2996,NOD1
2997,GARS1
2998,MINDY4
2999,GHRHR
3000,CASP2
3001,CHCHD2
3002,CCL24
3003,HSPB1
3004,NPTX2
3005,PDAP1
3006,BUD31
3007,PTCD1
3008,CYP3A5
3009,ZKSCAN1
3010,EIF3B
3011,SNX8
3012,NUDT1
3013,PTPRZ1
3014,TAF6
3015,WASL
3016,AIMP2
3017,TFR2
3018,FSCN3
3019,MOSPD3
3020,PCOLCE
3021,FBXO24
3022,PPP1R17
3023,RBM28
3024,USP42
3025,IMPDH1
3026,AGFG2
3027,LSM5
3028,SERPINE1
3029,AP1S1
3030,MOGAT3
3031,C1GALT1
3032,PLOD3
3033,RPA3
3034,ZNHIT1
3035,CLDN15
3036,GLCCI1
3037,PHF14
3038,NRF1
3039,TMEM106B
3040,EZH2
3041,CEP41
3042,ZNF862
3043,SFRP4
3044,MEST
3045,MEOX2
3046,ANKMY2
3047,ACTR3C
3048,POU6F2
3049,TSPAN13
3050,RARRES2
3051,AGR2
3052,AHR
3053,CHCHD3
3054,GIMAP2
3055,TMEM176B
3056,GLI3
3057,PSMA2
3058,MRPL32
3059,COA1
3060,BLVRA
3061,URGCP
3062,TMEM248
3063,RHEB
3064,PRKAG2
3065,AEBP1
3066,POLD2
3067,MYL7
3068,GCK
3069,BCL7B
3070,YKT6
3071,TBL2
3072,GALNTL5
3073,CLIP2
3074,EIF4H
3075,LIMK1
3076,SPATA6L
3077,SLC1A1
3078,LHX2
3079,FKTN
3080,FSD1L
3081,CNTNAP3
3082,SPIN1
3083,NMRK1
3084,TMEM245
3085,PRUNE2
3086,MEGF9
3087,TRIM14
3088,CORO2A
3089,TGFBR1
3090,SEC61B
3091,C5
3092,ASPN
3093,TLE4
3094,LHX6
3095,PTGR1
3096,SUSD1
3097,AMBP
3098,AKNA
3099,TNFSF8
3100,DNM1
3101,ENG
3102,AK1
3103,CDC37L1
3104,RLN2
3105,RLN1
3106,PLGRKT
3107,TBC1D13
3108,RIC1
3109,KDM4C
3110,DOCK8
3111,KANK1
3112,ELAVL2
3113,NCS1
3114,TESK1
3115,KCNT1
3116,CA9
3117,FUBP3
3118,TYRP1
3119,CREB3
3120,RGP1
3121,MPDZ
3122,LHX3
3123,EDF1
3124,PIP5K1B
3125,GLIS3
3126,BAG1
3127,RAPGEF1
3128,NPDC1
3129,SETX
3130,SH3GL2
3131,PTGDS
3132,ABCA2
3133,SHB
3134,UBE2R2
3135,ABHD17B
3136,EXOSC3
3137,ZFAND5
3138,DVL1
3139,PDLIM1
3140,CCNJ
3141,GATA3
3142,ATRNL1
3143,HPS1
3144,PHYH
3145,RASSF4
3146,DNMBP
3147,RAB11FIP2
3148,CXCL12
3149,ERLIN1
3150,EIF3A
3151,PKD2L1
3152,CUBN
3153,TRDMT1
3154,DDX50
3155,MAPK8
3156,SEC23IP
3157,ATE1
3158,NSMCE4A
3159,PLEKHA1
3160,PALD1
3161,UNC5B
3162,CDH23
3163,VSIR
3164,SPOCK2
3165,MICU1
3166,PPP3CB
3167,CCSER2
3168,BMPR1A
3169,MINPP1
3170,ACTA2
3171,LIPA
3172,TWNK
3173,LZTS2
3174,SFXN3
3175,KAZALD1
3176,FBXW4
3177,FGF8
3178,NPM3
3179,TNKS2
3180,PITX3
3181,GBF1
3182,ARHGAP21
3183,CPEB3
3184,FBXL15
3185,CUEDC2
3186,SUFU
3187,ANKRD26
3188,ACBD5
3189,LHPP
3190,LARP4B
3191,GTPBP4
3192,EDRF1
3193,BCCIP
3194,MTPAP
3195,NEURL1
3196,SH3PXD2A
3197,PITRM1
3198,STN1
3199,MAP3K8
3200,DKK1
3201,EBF3
3202,GLRX3
3203,SORCS1
3204,TASOR2
3205,XPNPEP1
3206,SMC3
3207,SHOC2
3208,TFAM
3209,CCDC6
3210,CUL2
3211,CCNY
3212,UBE2S
3213,RPL28
3214,ZMIZ1
3215,DNAJC12
3216,PPIF
3217,PBLD
3218,TSPAN14
3219,LGI1
3220,TBC1D12
3221,CRYBA1
3222,NUFIP2
3223,GIT1
3224,RPL19
3225,FBXL20
3226,RUNDC3A
3227,UBTF
3228,PSMD3
3229,CASC3
3230,RAPGEFL1
3231,RGS9
3232,RNF43
3233,ASPA
3234,RAD51C
3235,SEPTIN4
3236,MTMR4
3237,TRIM37
3238,P2RX1
3239,DHX40
3240,TUBD1
3241,KPNB1
3242,GOSR2
3243,PNPO
3244,RPS6KB1
3245,CDK5RAP3
3246,CBX1
3247,RECQL5
3248,PIGL
3249,GALK1
3250,INTS2
3251,CAMTA2
3252,MED13
3253,HOXB6
3254,ENO3
3255,PFN1
3256,RNF167
3257,SLC25A11
3258,RASD1
3259,CHRNE
3260,RAI1
3261,NUP88
3262,C1QBP
3263,SLC6A4
3264,BLMH
3265,CPD
3266,GOSR1
3267,CCDC47
3268,MED31
3269,DRG2
3270,FTSJ3
3271,AKAP10
3272,ALDH3A1
3273,SMARCD2
3274,ICAM2
3275,SYNGR2
3276,B9D1
3277,UTP6
3278,DDX5
3279,C17orf75
3280,CYTH1
3281,PSMD11
3282,LGALS3BP
3283,ASIC2
3284,CCL7
3285,CCL2
3286,CCL8
3287,PEX12
3288,DHX58
3289,KAT2A
3290,RAB5C
3291,NAGLU
3292,HSD17B1
3293,MLX
3294,CNTNAP1
3295,ABI3
3296,EZH1
3297,DLX4
3298,PPP1R9B
3299,COL1A1
3300,SGCA
3301,PTGES3L-AARSD1
3302,MRPL27
3303,VAT1
3304,LRRC59
3305,RND2
3306,ALOX12
3307,HDAC5
3308,ABCC3
3309,LUC7L3
3310,PPY
3311,MPP2
3312,SMURF2
3313,DUSP3
3314,CACNG1
3315,EFTUD2
3316,HLF
3317,SLC16A6
3318,PRKAR1A
3319,EFNB3
3320,FAM20A
3321,MMD
3322,RANGRF
3323,DPH1
3324,MAP2K6
3325,DHRS7B
3326,WSB1
3327,RCVRN
3328,MYH3
3329,NAT9
3330,VTN
3331,TNFAIP1
3332,IFT20
3333,TMEM97
3334,CDR2L
3335,PMP22
3336,UNC119
3337,ALDOC
3338,SUPT6H
3339,RAB34
3340,PHF12
3341,PHOX2B
3342,TMEM33
3343,GABRA4
3344,GNRHR
3345,SLAIN2
3346,OCIAD1
3347,DCUN1D4
3348,USP46
3349,SULT1E1
3350,CHIC2
3351,NMU
3352,CRACD
3353,LAMTOR3
3354,NFKB1
3355,AREG
3356,MANBA
3357,UBE2D3
3358,MAPK10
3359,ELF2
3360,NDUFC1
3361,TBC1D9
3362,ZNF330
3363,INPP4B
3364,GAB1
3365,KLHL2
3366,IL2
3367,CPE
3368,RPL34
3369,WFS1
3370,GRPEL1
3371,GAR1
3372,CLCN3
3373,AADAT
3374,GALNT7
3375,DHX15
3376,SOD3
3377,SEPSECS
3378,CPZ
3379,TRIM2
3380,SLC2A9
3381,FBXW7
3382,NEIL3
3383,TBC1D19
3384,CLNK
3385,NSD2
3386,SH3D19
3387,STIM2
3388,NKX3-2
3389,GLRB
3390,BST1
3391,RAPGEF2
3392,HGFAC
3393,SNX25
3394,LRP2BP
3395,UFSP2
3396,KLF3
3397,KLHL5
3398,FAM149A
3399,NCAPG
3400,UGDH
3401,PPARGC1A
3402,DDX25
3403,CRYAB
3404,HTATIP2
3405,CTSC
3406,CCDC34
3407,ZBTB16
3408,ELP4
3409,ZPR1
3410,MTCH2
3411,TECTA
3412,SC5D
3413,CRTAM
3414,JHY
3415,B3GAT1
3416,HSPA8
3417,VWA5A
3418,DNAJC4
3419,SIAE
3420,SNX15
3421,LPXN
3422,DTX4
3423,ATG2A
3424,EHD1
3425,OSBP
3426,UNC93B1
3427,PUS3
3428,DCPS
3429,KMT5B
3430,FOXRED1
3431,PPP6R3
3432,NRXN2
3433,MS4A6A
3434,MS4A4A
3435,ST3GAL4
3436,CPT1A
3437,CCND1
3438,CCDC86
3439,PRPF19
3440,TMEM109
3441,CCKBR
3442,HPX
3443,TRIM3
3444,FOLR1
3445,ANAPC15
3446,FOLR3
3447,PANX1
3448,ARHGEF17
3449,CEP164
3450,RNF141
3451,CEP126
3452,EIF4G2
3453,IL10RA
3454,GALNT18
3455,BIRC2
3456,UBE4A
3457,DDX6
3458,UPK2
3459,CBL
3460,NECTIN1
3461,HIPK3
3462,KIAA1549L
3463,FBXO3
3464,PDHX
3465,SLC1A2
3466,COMMD9
3467,SLC15A3
3468,CD5
3469,ACCS
3470,MDK
3471,AMBRA1
3472,MADD
3473,PTPMT1
3474,NAA40
3475,CD81
3476,SLC35F2
3477,C11orf21
3478,ELMOD1
3479,SOX6
3480,C11orf58
3481,PITPNM1
3482,RPS13
3483,AIP
3484,NUP98
3485,NDUFS8
3486,TCIRG1
3487,CHKA
3488,EXPH5
3489,HPS5
3490,POU2AF1
3491,PTPN5
3492,VWF
3493,PSMD9
3494,P3H3
3495,PPFIBP1
3496,PRPF40B
3497,CD69
3498,PRDM4
3499,CLEC2B
3500,COQ5
3501,SELPLG
3502,CORO1C
3503,ASIC1
3504,DAO
3505,CAPRIN2
3506,TSPAN11
3507,KCTD10
3508,SLC11A2
3509,MLEC
3510,MVK
3511,CSRNP2
3512,CAMKK2
3513,BIN2
3514,IL23A
3515,ATP5F1B
3516,PTGES3
3517,SYT10
3518,BCL7A
3519,RSRC2
3520,CYP27B1
3521,MYF6
3522,LIN7A
3523,KRT18
3524,ACSS3
3525,TNS2
3526,GLI1
3527,PPM1H
3528,METAP2
3529,LTA4H
3530,ELK3
3531,SLC6A12
3532,WNT5B
3533,MAGOHB
3534,TRPV4
3535,ITFG2
3536,FOXM1
3537,PRR4
3538,PRMT8
3539,PARP11
3540,ARPC3
3541,GPN3
3542,VPS29
3543,RAD51AP1
3544,CUX2
3545,SH2B3
3546,AKAP3
3547,KCNA1
3548,DUSP16
3549,CREBL2
3550,ACAD10
3551,ALDH2
3552,CDKN1B
3553,NAA25
3554,GSG1
3555,SCNN1A
3556,LTBR
3557,OGFOD2
3558,CDK2AP1
3559,OAS3
3560,OAS2
3561,ART4
3562,MGP
3563,RASAL1
3564,ARHGDIB
3565,GTF2H3
3566,EIF2B1
3567,DDX55
3568,SLC38A1
3569,ENDOU
3570,VDR
3571,FZD10
3572,RFC5
3573,STX2
3574,ADGRD1
3575,COPZ1
3576,TBC1D30
3577,CAND1
3578,IL26
3579,IFNG
3580,RAB5B
3581,MDM1
3582,NUP107
3583,CNOT2
3584,TIMELESS
3585,CPSF6
3586,KRR1
3587,MRPL51
3588,GAPDH
3589,NOP2
3590,CHD4
3591,ACRBP
3592,COPS7A
3593,ING4
3594,GNB3
3595,CDCA3
3596,CHPT1
3597,USP5
3598,TPI1
3599,GNPTAB
3600,SPSB2
3601,ENO2
3602,ATN1
3603,C12orf57
3604,PTPN6
3605,LPCAT3
3606,NT5DC3
3607,NANOG
3608,SUDS3
3609,GOLT1B
3610,GYS2
3611,LDHB
3612,PRKAB1
3613,CMAS
3614,HCFC2
3615,ST8SIA1
3616,CLEC4A
3617,C2CD5
3618,AICDA
3619,RAB35
3620,PHC1
3621,COX6A1
3622,RFX4
3623,RIC8B
3624,SRSF9
3625,FGFR1OP2
3626,KLRB1
3627,COL12A1
3628,BTN3A3
3629,TDP2
3630,FRK
3631,DSE
3632,RWDD1
3633,RSPH4A
3634,MAK
3635,TMEM14C
3636,PAK1IP1
3637,GCNT2
3638,SMIM8
3639,NEDD9
3640,CEP85L
3641,ADTRP
3642,ASF1A
3643,MCM9
3644,FAM184A
3645,RNGTT
3646,MAN1A1
3647,GABRR2
3648,SERINC1
3649,HDDC2
3650,TPD52L1
3651,HINT3
3652,NCOA7
3653,RIPOR2
3654,SASH1
3655,UST
3656,ULBP1
3657,FBXO5
3658,MTRF1L
3659,PPARD
3660,OPRM1
3661,FANCE
3662,TULP1
3663,SLC26A8
3664,MAPK14
3665,KCTD20
3666,STK38
3667,SRSF3
3668,MRPL18
3669,IL17A
3670,MCM3
3671,RNF8
3672,PHACTR1
3673,MDGA1
3674,CILK1
3675,FBXO9
3676,CD83
3677,MDN1
3678,GLP1R
3679,SAYSD1
3680,BMP5
3681,BACH2
3682,RBM24
3683,CAP2
3684,TREML2
3685,ZNF451
3686,BAG2
3687,RAB23
3688,GPR63
3689,KHDRBS2
3690,FBXL4
3691,CCNC
3692,PRDM13
3693,E2F3
3694,PTP4A1
3695,SIM1
3696,ASCC3
3697,COL9A1
3698,MED23
3699,WASF1
3700,GPLD1
3701,ALDH5A1
3702,CRYBG1
3703,VNN1
3704,VNN2
3705,ACOT13
3706,SMAP1
3707,RPS12
3708,C6orf62
3709,B3GAT2
3710,GMNN
3711,EYA4
3712,SOBP
3713,NR2E1
3714,SNX3
3715,HBS1L
3716,TRIM38
3717,PEX7
3718,ZBTB24
3719,FIG4
3720,PERP
3721,ARFGEF3
3722,SLC16A10
3723,HECA
3724,ADGRG6
3725,PHACTR2
3726,EPM2A
3727,CCR6
3728,SLC22A2
3729,PHF1
3730,CUTA
3731,PACRG
3732,QKI
3733,C6orf118
3734,PDE10A
3735,MDFI
3736,TFEB
3737,SMOC2
3738,CCND3
3739,BYSL
3740,TBP
3741,GUCA1B
3742,PRPH2
3743,BICRAL
3744,PPP2R5D
3745,MRPL2
3746,PTK7
3747,SRF
3748,CUL9
3749,DNPH1
3750,DUSP22
3751,EXOC2
3752,COX7A2
3753,TMEM30A
3754,GMDS
3755,SENP6
3756,IMPG1
3757,VEGFA
3758,TTK
3759,SLC29A1
3760,LAMA4
3761,TENT5A
3762,CLIC5
3763,FBRSL1
3764,ENPP5
3765,LY86
3766,PRSS16
3767,MEP1A
3768,TBX18
3769,ERBIN
3770,HARS2
3771,NUDT12
3772,CEP72
3773,MAN2A1
3774,SEMA5A
3775,C7
3776,TENT4A
3777,GHR
3778,HMGCS1
3779,DAP
3780,NME5
3781,BRD8
3782,KIF20A
3783,NNT
3784,MRPS30
3785,HSPA9
3786,MRPS27
3787,PFDN1
3788,HBEGF
3789,SLC4A9
3790,LOX
3791,GZMK
3792,APBB3
3793,TMCO6
3794,SPARC
3795,IK
3796,HMGCR
3797,CERT1
3798,FAF2
3799,PCDHB5
3800,PCDHB7
3801,CLK4
3802,PCDHB15
3803,HAVCR1
3804,GRM6
3805,ITK
3806,RNF130
3807,THG1L
3808,ARSB
3809,CLINT1
3810,THBS4
3811,CNOT6
3812,IL12B
3813,BTNL8
3814,TTC1
3815,MSH3
3816,RASGRF2
3817,GABRG2
3818,CCNG1
3819,POLR3G
3820,DROSHA
3821,CDH6
3822,LMNB1
3823,ARRDC3
3824,GOLPH3
3825,SUB1
3826,NPR3
3827,SLC27A6
3828,TARS1
3829,LNPEP
3830,PDE4D
3831,RAD1
3832,BRIX1
3833,PRLR
3834,IL4
3835,RAD50
3836,IL5
3837,ST8SIA4
3838,GNPDA1
3839,PCDH12
3840,SKP1
3841,NUP155
3842,PPP2CA
3843,FGF1
3844,NR3C1
3845,C5orf15
3846,PPWD1
3847,LIFR
3848,TRIM23
3849,TRAPPC13
3850,C9
3851,SEC24A
3852,TXNDC15
3853,TTC33
3854,RARS1
3855,WWC1
3856,MACROH2A1
3857,TCERG1
3858,DPYSL3
3859,SMAD5
3860,CSNK1A1
3861,HMGXB3
3862,ERGIC1
3863,PDGFRB
3864,ATP6V0E1
3865,BNIP1
3866,STC2
3867,CPEB4
3868,HRH2
3869,DBN1
3870,ZNF346
3871,UNC5A
3872,EHHADH
3873,CNTN3
3874,SMC4
3875,SELENOK
3876,ACTR8
3877,TBCCD1
3878,TIMMDC1
3879,CRBN
3880,BCL6
3881,HGD
3882,CLDN16
3883,ARL6
3884,NPHP3
3885,CD86
3886,AMOTL2
3887,NIT2
3888,FAM162A
3889,OGG1
3890,KPNA1
3891,PCCB
3892,UBE3A
3893,ARMC8
3894,CEP70
3895,RBP2
3896,RBP1
3897,SLC25A36
3898,GRK7
3899,RNF7
3900,TFDP2
3901,XRN1
3902,KAT2B
3903,BCHE
3904,SERPINI2
3905,PDCD10
3906,WNT5A
3907,PFKFB4
3908,COL7A1
3909,FGF12
3910,PRKAR2A
3911,HES1
3912,USP4
3913,ACAP2
3914,ECT2
3915,GNAT1
3916,GNAI2
3917,TFG
3918,USP9Y
3919,HYAL1
3920,TUSC2
3921,NPRL2
3922,RPL24
3923,CYB561D2
3924,FXR1
3925,CBLB
3926,BBX
3927,IFT57
3928,GNB4
3929,HHLA2
3930,GBE1
3931,MORC1
3932,UMPS
3933,NCBP2
3934,SNX4
3935,C3orf52
3936,FRMD4B
3937,SLC41A3
3938,ROPN1B
3939,PLXNA1
3940,ATP6V1A
3941,ABTB1
3942,PODXL2
3943,UPK1B
3944,CSPG5
3945,KLHL18
3946,SCAP
3947,EFCC1
3948,CFAP92
3949,NEK11
3950,MRPL3
3951,PLSCR4
3952,HEMK1
3953,CISH
3954,MAPKAPK3
3955,ACVR2B
3956,WDR48
3957,COMMD2
3958,GORASP1
3959,PEX5L
3960,RRP9
3961,ABCC5
3962,ABHD14B
3963,EIF1B
3964,ABHD14A-ACY1
3965,KLHL24
3966,PLCH1
3967,VIPR1
3968,DNAH1
3969,SSR3
3970,ZBTB47
3971,TNNC1
3972,NKTR
3973,CLCN2
3974,FOXP1
3975,EIF4G1
3976,SPCS1
3977,NEK4
3978,SLC4A3
3979,EEF1B2
3980,ADAM23
3981,DGUOK
3982,MOB1A
3983,KANSL3
3984,LMAN2L
3985,RTKN
3986,TTL
3987,IL1A
3988,CCL20
3989,PIKFYVE
3990,KCNIP3
3991,NCL
3992,SLC35F5
3993,ZAP70
3994,ACTR3
3995,STEAP3
3996,EPB41L5
3997,TFCP2L1
3998,SF3B6
3999,TP53I3
4000,DNAJC27
4001,POMC
4002,STAM2
4003,OTOF
4004,GPD2
4005,CENPA
4006,CYTIP
4007,ACVR1
4008,TANC1
4009,SLC30A3
4010,MPV17
4011,GTF3C2
4012,EIF2B4
4013,NRBP1
4014,FNDC4
4015,ITGA4
4016,PSMD14
4017,SNX17
4018,ASB3
4019,PPM1G
4020,PDE1A
4021,REEP6
4022,PCSK4
4023,APC2
4024,IFIH1
4025,RPS15
4026,GCA
4027,INO80B
4028,MOGS
4029,TTC31
4030,NDUFS7
4031,PCGF1
4032,GRB14
4033,CLIP4
4034,TLX2
4035,SPTBN1
4036,AUP1
4037,RTN4
4038,HTRA2
4039,LOXL3
4040,DOK1
4041,GALNT3
4042,POLE4
4043,TACR1
4044,CCDC88A
4045,ACADL
4046,EVA1A
4047,MRPL19
4048,LANCL1
4049,WDR75
4050,EFEMP1
4051,FANCL
4052,FN1
4053,STAT1
4054,GLS
4055,PAPOLG
4056,DNAH6
4057,PECR
4058,UNC50
4059,IGFBP2
4060,ELMOD3
4061,IGFBP5
4062,USP34
4063,EFHD1
4064,KCNJ13
4065,CCT4
4066,GGCX
4067,EHBP1
4068,OTX1
4069,TXNDC9
4070,COQ10B
4071,GNLY
4072,SF3B1
4073,ST3GAL5
4074,CHST10
4075,PDCL3
4076,MOB4
4077,HSPE1
4078,KDM3A
4079,PLCD4
4080,CHMP3
4081,ZNF142
4082,IL1R2
4083,IL1R1
4084,WNT6
4085,IL1RL2
4086,IL1RL1
4087,IL18R1
4088,IL18RAP
4089,SLC9A2
4090,FHL2
4091,MLPH
4092,CNPPD1
4093,UXS1
4094,ABCB6
4095,STK16
4096,HDLBP
4097,PPP1R7
4098,PASK
4099,STK25
4100,PROC
4101,ID2
4102,TAF1B
4103,HPCAL1
4104,ODC1
4105,BIRC6
4106,NOL10
4107,PLEKHB2
4108,GORASP2
4109,STRN
4110,CEBPZ
4111,PRKD3
4112,DCAF17
4113,QPCT
4114,RAB3GAP1
4115,SLC25A12
4116,RMDN2
4117,DLX2
4118,DARS1
4119,SRSF7
4120,SDC1
4121,PLCL1
4122,SLC1A4
4123,SOS1
4124,KYNU
4125,WIPF1
4126,ORC2
4127,COX7A2L
4128,PNO1
4129,ORC4
4130,PLEK
4131,RND3
4132,ATF2
4133,THADA
4134,AAK1
4135,TRAK2
4136,C2orf42
4137,TIA1
4138,PCYOX1
4139,KISS1R
4140,EPAS1
4141,ARID3A
4142,SUMO1
4143,CD207
4144,GRIN3B
4145,VAX2
4146,ATP6V1B1
4147,NFE2L2
4148,MSH6
4149,PLEKHA3
4150,SPR
4151,EPHA4
4152,PARD3B
4153,FARSB
4154,ALMS1
4155,BCL9
4156,PRRX1
4157,DHCR24
4158,DNAJC16
4159,MARK1
4160,TNR
4161,MORN1
4162,GPX7
4163,CACYBP
4164,SCP2
4165,PAPPA2
4166,RALGPS2
4167,ANGPTL1
4168,CEP104
4169,FAM20B
4170,TCEANC2
4171,TMEM59
4172,LRRC42
4173,WRAP73
4174,MRPL37
4175,ICMT
4176,RPL22
4177,CHD5
4178,QSOX1
4179,STXBP3
4180,PHF13
4181,ERRFI1
4182,PARK7
4183,ELAPOR1
4184,OPRD1
4185,AMPD2
4186,SRSF4
4187,MECR
4188,KCNC4
4189,EDEM3
4190,WDR77
4191,ATP5PB
4192,RAP1A
4193,HDAC1
4194,CAPZA1
4195,S100PBP
4196,RNF19B
4197,SCAMP3
4198,TRIM62
4199,ASH1L
4200,DLGAP3
4201,SFPQ
4202,RHOU
4203,GON4L
4204,ARHGEF2
4205,LAMTOR2
4206,DOCK7
4207,SRM
4208,FBXO2
4209,FBXO6
4210,C1orf21
4211,SWT1
4212,MAD2L2
4213,DNAJC6
4214,LEPR
4215,IVNS1ABP
4216,KIAA2013
4217,MFN2
4218,PRG4
4219,MIIP
4220,SMG7
4221,NCF2
4222,PDC
4223,SLC35D1
4224,PLA2G4A
4225,GADD45A
4226,WLS
4227,PRDM2
4228,RGS2
4229,RPE65
4230,RO60
4231,AMPD1
4232,UCHL5
4233,BCAS2
4234,SRSF11
4235,CTH
4236,AGMAT
4237,OLFML3
4238,TNNI3K
4239,CFHR3
4240,PLEKHM2
4241,CRYZ
4242,PHTF1
4243,ZBTB17
4244,CD58
4245,TFAP2E
4246,CD2
4247,TTF2
4248,NR5A2
4249,KIF21B
4250,TMEM9
4251,ADPRS
4252,MAP7D1
4253,WARS2
4254,OSCP1
4255,MRPS15
4256,EXOC8
4257,GNPAT
4258,TSNAX
4259,RRAGC
4260,NID1
4261,LGALS8
4262,NT5C1A
4263,HPCAL4
4264,MTR
4265,BMP8B
4266,MYCL
4267,SIPA1L2
4268,RLF
4269,KMO
4270,ZNF684
4271,KCNQ4
4272,RIMS3
4273,AKT3
4274,ETV3
4275,ACADM
4276,ST6GALNAC5
4277,SLAMF1
4278,CD48
4279,ADGRL2
4280,PADI2
4281,SDHB
4282,MFAP2
4283,RPF1
4284,KDM5B
4285,UAP1
4286,CTBS
4287,RGS4
4288,KLHL12
4289,IGSF21
4290,SSX2IP
4291,ZNHIT6
4292,PLA2G2D
4293,RBBP5
4294,GBP3
4295,GBP1
4296,PINK1-AS
4297,KIF17
4298,GPR89A
4299,CDK18
4300,RAB29
4301,CD160
4302,ECE1
4303,HMGCL
4304,GALE
4305,ID3
4306,CR2
4307,CD46
4308,PRPF3
4309,APH1A
4310,P3H1
4311,SLC2A1
4312,EBNA1BP2
4313,CDC20
4314,MPL
4315,ARTN
4316,IPO13
4317,ATP6V0B
4318,B4GALT2
4319,ERI3
4320,PTCH2
4321,AKR1A1
4322,PRDX1
4323,PIK3R3
4324,TSPAN1
4325,BLZF1
4326,CCDC181
4327,SLC19A2
4328,FAAH
4329,NSUN4
4330,TMED5
4331,MROH9
4332,DR1
4333,CNN3
4334,PRRC2C
4335,F3
4336,ABCD3
4337,VAMP4
4338,DPH5
4339,FASLG
4340,PTBP2
4341,TNFSF4
4342,PRDX6
4343,DARS2
4344,HSD11B1
4345,IRF6
4346,UTP25
4347,PLPPR5
4348,PLPPR4
4349,SERPINC1
4350,RCAN3
4351,SYF2
4352,RSRP1
4353,SLC35A3
4354,RCOR3
4355,STMN1
4356,MTFR1L
4357,MAN1C1
4358,NEK2
4359,DHDDS
4360,NENF
4361,NSL1
4362,PROX1
4363,ARID1A
4364,CENPF
4365,RPA2
4366,PPP1R8
4367,STX12
4368,MTARC2
4369,SLC5A9
4370,OSBPL9
4371,TXNDC12
4372,ESYT2
4373,MESD
4374,RCN2
4375,CHRNB4
4376,CTSD
4377,COLEC11
4378,STAG1
4379,STK11
4380,KMT2A
4381,TREH
4382,IFT46
4383,APOA1
4384,ZNF541
4385,SLC8A2
4386,KPTN
4387,RPS25
4388,KIF14
4389,DDX59
4390,CAMSAP2
4391,ATF6
4392,CRYGD
4393,MREG
4394,FASTKD2
4395,NRP2
4396,CREB1
4397,KLF7
4398,TTR
4399,B4GALT6
4400,C1orf54
4401,CA14
4402,IRAG2
4403,ATP10B
4404,SPCS2
4405,USP35
4406,ELOVL4
4407,FILIP1
4408,HMGN3
4409,UBE3D
4410,CNR1
4411,ANKRD13C
4412,SGIP1
4413,PHF3
4414,ZC2HC1B
4415,ADGB
4416,PLAGL1
4417,FBXO30
4418,TNFAIP3
4419,AKAP7
4420,RAB32
4421,MYB
4422,ALDH8A1
4423,SGK1
4424,RNF146
4425,ARG1
4426,CCN2
4427,PMFBP1
4428,FBXL5
4429,MED28
4430,SLC16A7
4431,RXYLT1
4432,VAMP8
4433,DCLRE1B
4434,MYL12B
4435,FOXO3
4436,ARMC2
4437,TGIF2
4438,OLFM3
4439,PKD2
4440,ABCG2
4441,SPP1
4442,STBD1
4443,CCNI
4444,RARRES1
4445,MFSD1
4446,RAB3GAP2
4447,EEF2KMT
4448,PPL
4449,UBN1
4450,KLF12
4451,UCHL3
4452,PCDH17
4453,HS1BP3
4454,LDAH
4455,WDR35
4456,CCND2
4457,FGF23
4458,ELL2
4459,DNAH7
4460,CYP20A1
4461,NDUFB3
4462,GTF3C3
4463,SATB2
4464,UBE2B
4465,TRPM6
4466,GDA
4467,KLF9
4468,TJP2
4469,ECRG4
4470,ITGB1BP1
4471,CPSF3
4472,PIGZ
4473,SENP5
4474,CCDC92
4475,C1orf198
4476,TRIM67
4477,HEATR1
4478,PTBP3
4479,RAD23B
4480,FKBP15
4481,CTNNAL1
4482,ABITRAM
4483,SET
4484,PTPA
4485,GLE1
4486,RAB14
4487,CNTRL
4488,TRIM32
4489,FBXW2
4490,PHF19
4491,NEK6
4492,BSPRY
4493,PPP6C
4494,NDUFA8
4495,HDHD3
4496,RBM18
4497,SLC46A2
4498,HSDL2
4499,MAPKAP1
4500,NR4A3
4501,INVS
4502,GALNT12
4503,DENND1A
4504,ALG2
4505,CSF3R
4506,KDSR
4507,VPS4B
4508,ONECUT2
4509,C19orf25
4510,ZBTB45
4511,YLPM1
4512,DCAF4
4513,PROX2
4514,VSX2
4515,FCF1
4516,PGF
4517,IFI27L2
4518,BBOF1
4519,NEK9
4520,ACYP1
4521,IFT43
4522,NPC2
4523,DNAL1
4524,IRF2BPL
4525,ACOT2
4526,LTBP2
4527,AREL1
4528,MLH3
4529,TTLL5
4530,FLVCR2
4531,ABCD4
4532,DLST
4533,PPP4R4
4534,TGFB3
4535,ZC2HC1C
4536,SLIRP
4537,RBM25
4538,ALDH6A1
4539,GPR68
4540,ESRRB
4541,EIF2B2
4542,NRDE2
4543,COQ6
4544,ZNF410
4545,RHOQ
4546,GPR75
4547,SUPT7L
4548,KLHL29
4549,DNMT3A
4550,TMEM214
4551,ATAD2B
4552,FKBP1B
4553,ATL2
4554,YPEL5
4555,FAM98A
4556,YIPF4
4557,AFTPH
4558,LGALSL
4559,CNRIP1
4560,BCL11A
4561,CRIPT
4562,EPCAM
4563,SLC17A5
4564,OGFRL1
4565,SLF2
4566,IDE
4567,TECTB
4568,ELOVL3
4569,IFIT3
4570,NKX2-3
4571,IFIT2
4572,GPAM
4573,CUTC
4574,PPP1R3C
4575,PYROXD2
4576,CNNM1
4577,MXI1
4578,SMNDC1
4579,C10orf88
4580,HELLS
4581,PRLHR
4582,TCTN3
4583,DENND10
4584,AVPI1
4585,WDR11
4586,ARMH3
4587,KCNIP2
4588,CFAP58
4589,GOT1
4590,C10orf95
4591,SFRP5
4592,GNA13
4593,HOXB8
4594,HOXB5
4595,HOXB3
4596,DUSP1
4597,PANK3
4598,MSX2
4599,TEK
4600,RCL1
4601,CAAP1
4602,EQTN
4603,MOB3B
4604,INSL6
4605,INSL4
4606,MLANA
4607,CD274
4608,GRIA2
4609,NUP43
4610,MTHFD1L
4611,LRP11
4612,CCDC170
4613,PCMT1
4614,PLEKHG1
4615,CYSTM1
4616,WDR55
4617,ARAP3
4618,PCDHB8
4619,PCDHB10
4620,PCDHB14
4621,SLC25A2
4622,TNN
4623,MRPS14
4624,CENPL
4625,TNFSF18
4626,SEC16B
4627,GORAB
4628,GPR31
4629,ACAT2
4630,TCP1
4631,SNX19
4632,KCNJ5
4633,MSANTD2
4634,TP53AIP1
4635,PDZD11
4636,SLC10A7
4637,NUDCD1
4638,ENY2
4639,MASTL
4640,KIAA1217
4641,PLXDC2
4642,EPC1
4643,IQSEC3
4644,CCDC77
4645,TAF12
4646,ENOX1
4647,TNFSF11
4648,MTRF1
4649,SPART-AS1
4650,SOHLH2
4651,DNAJC15
4652,PROSER1
4653,UFM1
4654,WBP4
4655,ELF1
4656,SMAD9
4657,HSPH1
4658,KBTBD7
4659,ALG5
4660,EXOSC8
4661,ETF1
4662,TGFBI
4663,FAM53C
4664,SIL1
4665,PAIP2
4666,MYOT
4667,KDM3B
4668,EGR1
4669,SERP1
4670,PLS1
4671,ZFP30
4672,NR2C1
4673,UTP20
4674,TMPO
4675,ARL1
4676,GLT8D2
4677,MTERF2
4678,SOCS2
4679,NFYB
4680,WASHC3
4681,APAF1
4682,DUSP4
4683,CLU
4684,TNFRSF10B
4685,SORBS3
4686,PTK2B
4687,ADRA1A
4688,PPP3CC
4689,PDLIM2
4690,EPHX2
4691,RNF170
4692,NPPB
4693,UBIAD1
4694,TARDBP
4695,TNFRSF8
4696,ZNF706
4697,LYPLA1
4698,CRISPLD1
4699,COPS5
4700,RDH10
4701,AKAP1
4702,COIL
4703,TRIM25
4704,SCPEP1
4705,SPOP
4706,TBX2
4707,SLC35B1
4708,TEX14
4709,FAM117A
4710,NCAPH
4711,LRAT
4712,TMEM131L
4713,MND1
4714,TRIM6
4715,ABCC11
4716,TENT4B
4717,ADCY7
4718,CEP89
4719,TSHZ3
4720,ECHDC2
4721,PLBD1
4722,PYROXD1
4723,KCNJ8
4724,BCL2L14
4725,PSPC1
4726,ZNF549
4727,A1BG
4728,ZSCAN18
4729,ZNF211
4730,PDZRN3
4731,LHX4
4732,RNF2
4733,TRMT1L
4734,SEC22A
4735,CSTA
4736,DPPA4
4737,POPDC2
4738,B4GALT4
4739,NAA50
4740,CD80
4741,KIF18A
4742,DESI2
4743,MAPK8IP1
4744,CRY2
4745,PEX16
4746,DEPDC7
4747,CAT
4748,PILRB
4749,ZMYM2
4750,GJB6
4751,TBC1D15
4752,ADGRB2
4753,ZCCHC17
4754,FABP3
4755,KHDRBS1
4756,TMEM39B
4757,CCRL2
4758,CCR2
4759,POLR3GL
4760,TNFSF10
4761,ZNF639
4762,SLITRK3
4763,PIK3CA
4764,PDS5A
4765,TMEM156
4766,LIAS
4767,CPXM2
4768,TMEM54
4769,ZSCAN20
4770,CSMD2
4771,HPCA
4772,LRIF1
4773,TMIGD3
4774,CLCC1
4775,GPSM2
4776,CXCR4
4777,ZRANB3
4778,ACVR2A
4779,POLK
4780,SV2C
4781,FLT3
4782,RPL21
4783,MTIF3
4784,GTF3A
4785,RASL11A
4786,UBL3
4787,FYTTD1
4788,MTERF4
4789,XPNPEP2
4790,SASH3
4791,OCRL
4792,MRPS2
4793,FMOD
4794,MYOG
4795,LAX1
4796,KIAA1191
4797,COPA
4798,CD244
4799,LY9
4800,HS3ST2
4801,RBBP6
4802,ZC3H7A
4803,SERAC1
4804,ANXA11
4805,LDB3
4806,SHLD2
4807,PRXL2A
4808,ZNF205
4809,NAA60
4810,RPL5
4811,ODF2L
4812,PTGFR
4813,SPATA1
4814,TRMT13
4815,LRRC39
4816,RWDD3
4817,ZNF644
4818,CCDC18
4819,RPAP2
4820,SLC66A2
4821,BBS9
4822,PMS2
4823,ZMIZ2
4824,OCM
4825,SEPTIN7
4826,EEPD1
4827,KIAA0087
4828,KLHL7
4829,HERPUD2
4830,CBX3
4831,HNRNPA2B1
4832,WIPF3
4833,NXPH1
4834,NPY
4835,HOXA7
4836,INHBA
4837,FKBP9
4838,NT5C3A
4839,ARL4A
4840,CCZ1
4841,POLM
4842,RAMP3
4843,MRM2
4844,TWIST1
4845,SMU1
4846,GLIPR2
4847,SLC25A51
4848,CLTA
4849,RECK
4850,ACO1
4851,PHF24
4852,DNAI1
4853,DCAF10
4854,CNTFR
4855,KIAA1549
4856,TRIM24
4857,CYREN
4858,CALD1
4859,AKR1D1
4860,NUDT10
4861,PLAU
4862,SRGN
4863,CHST3
4864,BICC1
4865,CISD1
4866,EGR2
4867,ECD
4868,P4HA1
4869,SLC25A16
4870,ZWINT
4871,VPS26A
4872,RBM19
4873,CIT
4874,IFT81
4875,ACADS
4876,HVCN1
4877,DDX54
4878,MED13L
4879,CDKN2C
4880,RNF11
4881,RASSF8
4882,BHLHE41
4883,SSPN
4884,ITPR2
4885,CCDC91
4886,NECAB1
4887,WWP1
4888,ACOT9
4889,PRDX4
4890,DDX39A
4891,PKN1
4892,TRIR
4893,ADGRE5
4894,WDR83
4895,GIPC1
4896,SPRYD7
4897,EBPL
4898,ATP7B
4899,ZC3H13
4900,NLN
4901,CENPK
4902,OPTN
4903,ITIH5
4904,ATF1
4905,TSFM
4906,NEUROD4
4907,ARHGAP9
4908,NCKAP1L
4909,MMP19
4910,PFDN5
4911,SPATS2
4912,ORMDL2
4913,NR4A1
4914,PDE1B
4915,CDK2
4916,LRP1
4917,HOXC11
4918,ATG101
4919,NFE2
4920,IKZF4
4921,SMUG1
4922,TUBA1B
4923,EEF1AKMT3
4924,KBTBD4
4925,SARDH
4926,DBH
4927,ATPAF1
4928,STIL
4929,HJURP
4930,IL13RA2
4931,COL10A1
4932,AMD1
4933,NDUFAF4
4934,USP45
4935,PLP1
4936,MORF4L2
4937,RAB9B
4938,NRK
4939,FAM199X
4940,RAB9A
4941,METTL8
4942,TTC21B
4943,NMI
4944,TNFAIP6
4945,ACVR1C
4946,BAZ2B
4947,SLC36A1
4948,LPGAT1
4949,BATF3
4950,G0S2
4951,KCNJ2
4952,RAP2C
4953,EXOSC9
4954,PLA2G12A
4955,B9D2
4956,COQ8B
4957,PFKFB2
4958,C4BPB
4959,RAB38
4960,GPR83
4961,AGO2
4962,MXD4
4963,CKS2
4964,DAW1
4965,ACSL3
4966,CHPF
4967,DNPEP
4968,INHA
4969,MOGAT1
4970,OBSL1
4971,FAM124B
4972,SLC12A4
4973,ENKD1
4974,GCNT7
4975,CTCFL
4976,FAM210B
4977,FAM209A
4978,SNX21
4979,SLPI
4980,WFDC3
4981,TTPAL
4982,PREX1
4983,KCNS1
4984,SLC12A5
4985,SDC4
4986,NCOA3
4987,PIGT
4988,MATN4
4989,NCOA5
4990,VAPB
4991,PARD6B
4992,ATP5F1E
4993,CHD6
4994,PLCG1
4995,TOX2
4996,SRSF6
4997,GDAP1L1
4998,ARFGEF2
4999,ZNFX1
5000,ZNF831
5001,EDN3
5002,CSE1L
5003,RAB22A
5004,PTGIS
5005,STAU1
5006,CDH26
5007,SNAI1
5008,MOCS3
5009,STX16
5010,PMEPA1
5011,RNF114
5012,DDX27
5013,RBPJL
5014,BCAS4
5015,KCNK15
5016,TP53TG5
5017,ZBP1
5018,NEURL2
5019,MTRR
5020,FASTKD3
5021,PEPD
5022,CHST8
5023,IQSEC2
5024,VAMP7
5025,STAMBP
5026,NAGK
5027,MCEE
5028,PAIP2B
5029,SNRNP27
5030,MPHOSPH10
5031,IL17C
5032,ATP8A1
5033,USP22
5034,HIF3A
5035,ZNF576
5036,ZNF45
5037,LYPD3
5038,CEACAM8
5039,NDP
5040,USP9X
5041,F13A1
5042,GRM4
5043,TRERF1
5044,PACSIN1
5045,BTN2A2
5046,SIRT5
5047,MRS2
5048,WRNIP1
5049,RRP36
5050,SNRPC
5051,SLC17A3
5052,SERPINB6
5053,XPO5
5054,ABCC10
5055,H1-3
5056,PEX6
5057,NQO2
5058,OARD1
5059,UNC5CL
5060,AARS2
5061,H1-1
5062,ZNF391
5063,RPS10
5064,MOCS1
5065,H2BC11
5066,MED20
5067,OR2B6
5068,TBCC
5069,SPDEF
5070,TCP11
5071,MAD2L1BP
5072,APOBEC2
5073,KLHDC3
5074,GNMT
5075,DNAH8
5076,TREM1
5077,MEA1
5078,KLHL31
5079,COL21A1
5080,CDKN1A
5081,SOX4
5082,GLO1
5083,CPNE5
5084,KCNK17
5085,RREB1
5086,SSR1
5087,RIOK1
5088,NRN1
5089,SLC35B3
5090,RPP40
5091,ATXN1
5092,NUP153
5093,DEK
5094,EEF1E1
5095,RUNX2
5096,GCM2
5097,LRRFIP1
5098,RAB17
5099,EREG
5100,TRIM51
5101,MYRF
5102,AHNAK
5103,EMC3
5104,SSUH2
5105,WNT1
5106,SH3TC1
5107,CNOT1
5108,BBS2
5109,MT1G
5110,MT2A
5111,GOT2
5112,DOK4
5113,GPR18
5114,CLYBL
5115,TMTC4
5116,RAP2A
5117,ABCC4
5118,EFNB2
5119,SOX21
5120,TM9SF2
5121,HROB
5122,KIF25
5123,IRF1
5124,UPF3B
5125,RNF113A
5126,SEPTIN6
5127,TMEM255A
5128,NDUFA1
5129,DMAC2L
5130,BMP4
5131,PTGER2
5132,FAM193A
5133,GRK4
5134,SOX9
5135,TEKT3
5136,HS3ST3B1
5137,SLC25A35
5138,MRPS7
5139,GGA3
5140,ARMC7
5141,NUP85
5142,SLC25A19
5143,MIF4GD
5144,NT5C
5145,MSTO1
5146,TTF1
5147,GTF3C4
5148,DDX31
5149,BARHL1
5150,PPP1R12C
5151,SLC2A4RG
5152,FNDC11
5153,PPDPF
5154,IL1B
5155,PLGLB2
5156,IL37
5157,CHCHD5
5158,PAX8
5159,INSIG2
5160,POLR1B
5161,CCDC93
5162,PSD4
5163,SLC25A23
5164,PSPN
5165,GTF2F1
5166,ALKBH7
5167,CLPP
5168,TNFSF9
5169,GRIA3
5170,THOC2
5171,MED1
5172,RPL23
5173,ATG4C
5174,CD70
5175,C3
5176,SH2D3A
5177,TRIP10
5178,GPR108
5179,TNFSF14
5180,FOSB
5181,OPA3
5182,SNRPD2
5183,RTN2
5184,EML2
5185,VASP
5186,SYMPK
5187,GPCPD1
5188,SDCBP2
5189,PANK2
5190,GNRH2
5191,FOXA2
5192,FAM182A
5193,CD93
5194,GZF1
5195,NAPB
5196,NKX2-4
5197,CENPB
5198,PSMF1
5199,NKX2-2
5200,DTD1
5201,RBCK1
5202,TMX4
5203,STK35
5204,SNRPB
5205,NRSN2
5206,AP5S1
5207,RRBP1
5208,BMP2
5209,ZNF133
5210,FLRT3
5211,OVOL2
5212,PCSK2
5213,GFRA4
5214,MKKS
5215,BFSP1
5216,DSTN
5217,LAMP5
5218,SNRPB2
5219,MGME1
5220,TBC1D20
5221,ITPA
5222,TCF15
5223,MCM8
5224,TMEM74B
5225,FAM110A
5226,SIRPD
5227,MRPS26
5228,S1PR4
5229,NCLN
5230,CITED1
5231,ZNF436
5232,MAX
5233,CHURC1-FNTB
5234,ARMCX5
5235,GDF5
5236,MMP24
5237,NECAB3
5238,ID1
5239,RALY
5240,DYNLRB1
5241,EIF2S2
5242,ERGIC3
5243,ROMO1
5244,CEP250
5245,PLAGL2
5246,MMP24OS
5247,GRPR
5248,KDM5C
5249,AMOT
5250,TMEM115
5251,PSMB2
5252,AGO3
5253,UROD
5254,ST3GAL3
5255,TMEM53
5256,HECTD3
5257,KLC1
5258,XRCC3
5259,TUBGCP3
5260,MCF2L
5261,F10
5262,PCID2
5263,LRFN3
5264,IGFLR1
5265,CAPNS1
5266,PDCD2L
5267,GPR42
5268,RBM42
5269,KIRREL2
5270,UBA2
5271,FFAR2
5272,HCST
5273,FFAR1
5274,COX6B1
5275,KRT36
5276,THRA
5277,CCR7
5278,NR1D1
5279,FRMD8
5280,PRDX5
5281,BCL2L12
5282,IRF3
5283,PRMT1
5284,RRAS
5285,PRRG2
5286,SCAF1
5287,PRR12
5288,TSKS
5289,FLRT1
5290,ASL
5291,SBDS
5292,CSN1S1
5293,STAT5A
5294,WNK4
5295,BECN1
5296,PRKCG
5297,TRAP1
5298,GLIS2
5299,NSRP1
5300,DNAJC8
5301,AHDC1
5302,IFI6
5303,DACH2
5304,ZNF384
5305,EMG1
5306,UXT
5307,CFP
5308,ELK1
5309,PCNX4
5310,ATG14
5311,KTN1
5312,SIX1
5313,RHOJ
5314,DLGAP5
5315,L3HYPDH
5316,HSPA2
5317,ZBTB1
5318,TRMT5
5319,PLEKHG3
5320,PZP
5321,RHOT1
5322,EVI2A
5323,AIF1L
5324,FAM78A
5325,NUP214
5326,SLC10A3
5327,MAP2K2
5328,HNRNPH2
5329,ARMCX1
5330,TMEM35A
5331,TIMM8A
5332,ZC4H2
5333,INTS11
5334,RGS13
5335,IPPK
5336,ZNF484
5337,OMD
5338,FGD3
5339,HIVEP3
5340,PPCS
5341,EDN2
5342,BCL11B
5343,COX7C
5344,TRAF2
5345,ABHD8
5346,MASP1
5347,ATP13A4
5348,PLAAT1
5349,HELB
5350,RAP1B
5351,TSPAN8
5352,BEST3
5353,RAB3IP
5354,PTPRB
5355,DYRK2
5356,YEATS4
5357,TAS2R3
5358,TAS2R4
5359,TAS2R5
5360,CRYGN
5361,LRRC61
5362,IDUA
5363,FGFRL1
5364,TMEM175
5365,AUNIP
5366,PIN1
5367,FBXL12
5368,EMC1
5369,PLA2G5
5370,UBR4
5371,HP1BP3
5372,ADGRE2
5373,SIN3B
5374,SLC35E1
5375,EPS15L1
5376,KLF2
5377,OR7C1
5378,F2RL3
5379,UQCR11
5380,GFER
5381,SYNGR3
5382,PKMYT1
5383,WFIKKN1
5384,WDR24
5385,FBXL16
5386,CHTF18
5387,GNG13
5388,MACF1
5389,SMARCA4
5390,KDM4B
5391,TICAM1
5392,METTL25
5393,IL17B
5394,EMC6
5395,METTL16
5396,TUBA4A
5397,VIL1
5398,AAMP
5399,PNKD
5400,TNFRSF19
5401,RNF6
5402,ECHS1
5403,ZNF835
5404,AKAP9
5405,GNG11
5406,SEM1
5407,GNGT1
5408,HIP1
5409,PTPN12
5410,POR
5411,FGL2
5412,STYXL1
5413,STEAP4
5414,GNAI1
5415,PEX1
5416,MTERF1
5417,SGCE
5418,RBM48
5419,CASD1
5420,LRFN1
5421,ZFP36
5422,SRD5A3
5423,SPINK2
5424,RASL11B
5425,PAICS
5426,KDR
5427,PPAT
5428,TUBGCP6
5429,ADM2
5430,DGCR6L
5431,DGCR8
5432,ASPHD2
5433,VPREB3
5434,SDF2L1
5435,GAL3ST1
5436,YWHAH
5437,RFPL1
5438,RFPL2
5439,GNAZ
5440,MGAT3
5441,ADORA2A
5442,ATF4
5443,A4GALT
5444,RFPL3
5445,CDC42EP1
5446,APOL3
5447,MCHR1
5448,TPST2
5449,BAIAP2L2
5450,MPST
5451,GALR3
5452,TST
5453,IGLL1
5454,APOL2
5455,RAC2
5456,LIF
5457,C22orf23
5458,APOBEC3F
5459,RIBC2
5460,KRT17
5461,EMC4
5462,RNF112
5463,SPECC1
5464,CPA4
5465,DOCK4
5466,POT1
5467,ATP6V1F
5468,LSM8
5469,CDHR3
5470,PRKRIP1
5471,VGF
5472,PODXL
5473,FOXP2
5474,STRIP2
5475,IFT22
5476,MKLN1
5477,DNAJB9
5478,FLNC
5479,LRRC4
5480,CALU
5481,CCDC136
5482,SMO
5483,IRF5
5484,LRRC17
5485,KLHDC10
5486,NDUFA5
5487,FEZF1
5488,MRPS12
5489,MYO1B
5490,HOXD1
5491,HOXD3
5492,MTX2
5493,PDE11A
5494,CHN1
5495,GAD1
5496,OSGEPL1
5497,ORMDL1
5498,HOXD9
5499,SNRPN
5500,PSMG2
5501,TWSG1
5502,ARHGAP22
5503,WDFY4
5504,EIF2AK4
5505,MYO5C
5506,CGNL1
5507,TMOD2
5508,TTBK2
5509,ELL3
5510,CCDC32
5511,INO80
5512,ICE2
5513,DLL4
5514,ALDH1A2
5515,MINDY2
5516,IVD
5517,KNSTRN
5518,DUT
5519,CHAC1
5520,CLN6
5521,ARPP19
5522,VPS13C
5523,CALML4
5524,ISLR
5525,THAP10
5526,LOXL1
5527,ACKR4
5528,ANAPC13
5529,MBD4
5530,COPB1
5531,PSMA1
5532,SUMF2
5533,PALLD
5534,SPCS3
5535,BBOX1
5536,SERGEF
5537,KCNC1
5538,TPH1
5539,E2F8
5540,DCTD
5541,SOX15
5542,PIMREG
5543,RPAIN
5544,USP6
5545,SHBG
5546,PLD2
5547,AIPL1
5548,CD68
5549,TXNDC17
5550,ATP1B2
5551,FXR2
5552,KIF1C
5553,MPDU1
5554,PHF20L1
5555,CCNT1
5556,PUS7L
5557,KRI1
5558,ILF3
5559,SLC44A2
5560,CDKN2D
5561,MTUS1
5562,SIGLEC9
5563,NGDN
5564,ADCY4
5565,RAB2B
5566,BCL2L2
5567,AJUBA
5568,DTD2
5569,HEATR5A
5570,SNX6
5571,EAPP
5572,EGLN3
5573,MIS18BP1
5574,RNASE1
5575,DAD1
5576,EPB41L4A
5577,CDO1
5578,REEP5
5579,ITFG1
5580,QRICH2
5581,FOXJ1
5582,SEC14L1
5583,RHBDF2
5584,AANAT
5585,ARHGEF6
5586,MAP7D3
5587,FGF13
5588,ASH2L
5589,TTI2
5590,CHRNA10
5591,SGO1
5592,RPS4Y1
5593,CDH15
5594,KLF16
5595,PGAP6
5596,DOHH
5597,MAU2
5598,SHC2
5599,INS-IGF2
5600,ABHD17A
5601,LBP
5602,SYT5
5603,TNNI3
5604,CBFA2T3
5605,GAMT
5606,PUDP
5607,ERMARD
5608,PHF10
5609,PRRG3
5610,GALNT8
5611,KCNA5
5612,CRACR2A
5613,NXNL2
5614,STARD8
5615,GDPD2
5616,SAT1
5617,GNL3L
5618,SH3BP4
5619,MOSPD2
5620,DOCK6
5621,ECSIT
5622,LDLR
5623,ELOF1
5624,TSPAN16
5625,ANGPTL8
5626,PRKCSH
5627,CNN1
5628,CDC16
5629,THEM6
5630,NECTIN2
5631,APOE
5632,TOMM40
5633,APOC1
5634,GADD45G
5635,LRCH2
5636,DPP6
5637,XPO7
5638,ACE2
5639,FAM98C
5640,SAFB2
5641,RPL36
5642,ATP8B3
5643,GDF1
5644,NCAN
5645,KIF1A
5646,GTPBP3
5647,PLVAP
5648,BST2
5649,SLC27A1
5650,NSUN5
5651,USHBP1
5652,COLGALT1
5653,DDA1
5654,MRPL34
5655,PGLS
5656,LSM7
5657,TULP4
5658,SNX9
5659,RTN4IP1
5660,QRSL1
5661,MTRES1
5662,RSPH3
5663,MAS1
5664,ACSBG2
5665,MLLT1
5666,FUT5
5667,AFDN
5668,STK33
5669,NDUFA10
5670,EPO
5671,ARPC1B
5672,CACNG6
5673,ZSWIM6
5674,FCHO1
5675,UNC13A
5676,MAP1S
5677,KLHDC7B
5678,PXDN
5679,SSBP4
5680,GDF15
5681,PGPEP1
5682,IQCN
5683,LSM4
5684,JUND
5685,HRC
5686,TRPM4
5687,SULT4A1
5688,ZNF557
5689,CRB3
5690,OLFM1
5691,CAMSAP1
5692,UBAC1
5693,SAG
5694,ZBTB46
5695,HELZ2
5696,SAMD10
5697,LSP1
5698,TNNI2
5699,COL5A1
5700,ATXN10
5701,TUBGCP2
5702,CALY
5703,CYP2E1
5704,PNPLA7
5705,PAK4
5706,ZNF337
5707,CEP85
5708,LAMA5
5709,OSBPL2
5710,ADRM1
5711,ASS1
5712,PRDM12
5713,EXOSC2
5714,POMT1
5715,UCK1
5716,FIBCD1
5717,CHMP2A
5718,UBE2M
5719,TRIM28
5720,METTL26
5721,YIPF2
5722,ATG4D
5723,EIF2S3
5724,TMEM160
5725,ZC3H4
5726,NPAS1
5727,MAP3K10
5728,ARHGEF16
5729,LRRC47
5730,SMPDL3B
5731,ATP5IF1
5732,MED18
5733,THEMIS2
5734,CLIP1
5735,CCDC62
5736,HIP1R
5737,ZNF317
5738,PPAN
5739,EIF3G
5740,ANGPTL6
5741,SHFL
5742,DNMT1
5743,ZNF426
5744,SLC6A8
5745,PNCK
5746,DKC1
5747,PLXNA3
5748,DUSP9
5749,MPP1
5750,ZNF331
5751,ZNF236
5752,SLC7A10
5753,LRP3
5754,NOL11
5755,UBE4B
5756,CASZ1
5757,PKDREJ
5758,HSD17B3
5759,NUTM2F
5760,HABP4
5761,SLC35D2
5762,PRRG1
5763,UBA1
5764,RGN
5765,POLN
5766,PPIL4
5767,ULBP2
5768,AKAP12
5769,SYNE1
5770,ULBP3
5771,LATS1
5772,EPS8L1
5773,AAR2
5774,TTLL9
5775,BPIFA2
5776,RBM39
5777,COX4I2
5778,ZNF341
5779,GGT7
5780,ACSS2
5781,EDA2R
5782,ARHGEF9
5783,C1QL1
5784,GFAP
5785,PYY
5786,HIGD1B
5787,ATP6V1E1
5788,ZNF227
5789,ZNF428
5790,ZNF141
5791,CCL25
5792,COX4I1
5793,EMC8
5794,GSE1
5795,GINS2
5796,CHMP1A
5797,SH3BGRL
5798,COX7B
5799,F12
5800,PRR7
5801,NFATC1
5802,IDO1
5803,GJA9
5804,CAP1
5805,PPT1
5806,RAB11FIP4
5807,RLIM
5808,ABCB7
5809,TRAF3
5810,HAUS8
5811,ADGRE3
5812,MRPS25
5813,SH3BP5
5814,HACL1
5815,TBC1D5
5816,CAPN7
5817,RFTN1
5818,C3orf20
5819,RBSN
5820,GALNT15
5821,SLC6A6
5822,KCNC3
5823,NAPSA
5824,NR1H2
5825,LRRC4B
5826,PDLIM4
5827,KIF3A
5828,MGAT1
5829,GFPT2
5830,TUBG1
5831,PSME3
5832,RPL27
5833,PSMC3IP
5834,AOC3
5835,ACLY
5836,VPS25
5837,RAMP2
5838,AOC2
5839,NDUFA2
5840,ANKHD1
5841,DIAPH1
5842,NDFIP1
5843,UBE2D2
5844,EXOC4
5845,ACAP3
5846,C1orf159
5847,TMEM204
5848,KREMEN2
5849,THOC6
5850,TRAF7
5851,BARX1
5852,NINJ1
5853,CA6
5854,NPHP4
5855,MAP1B
5856,RHOXF2
5857,IL13RA1
5858,WDR44
5859,CKMT2
5860,ZCCHC9
5861,TNS4
5862,TOP2A
5863,STARD3
5864,RARA
5865,PPP1R1B
5866,KHDRBS3
5867,CHD1L
5868,PEX11B
5869,FMO5
5870,PIAS3
5871,PRKAB2
5872,PDHA1
5873,RAI2
5874,ZNF304
5875,ZSCAN5A
5876,ZNF132
5877,SELENOS
5878,CHSY1
5879,SNRPA1
5880,LLGL1
5881,LIN28A
5882,THAP1
5883,RHPN2
5884,C19orf12
5885,FAAP24
5886,LRRC9
5887,ACTR10
5888,ABHD12B
5889,GCH1
5890,LGALS3
5891,DNAJB1
5892,ZSWIM4
5893,FBXW9
5894,ZNF20
5895,DCAF15
5896,RTBDN
5897,MATN3
5898,TRIM21
5899,SPATA6
5900,LRRC41
5901,CCT6B
5902,DHX30
5903,RAF1
5904,SLC6A11
5905,PPARG
5906,NUP210
5907,FCRLA
5908,HSD17B7
5909,ENOSF1
5910,EMILIN2
5911,SLX1A
5912,ARFIP2
5913,TRIM5
5914,TRIM22
5915,RRP8
5916,TIMM10B
5917,EFR3A
5918,HHLA1
5919,PTCD3
5920,IMMT
5921,MRPL35
5922,ILKAP
5923,PER2
5924,RAMP1
5925,SCLY
5926,PTPRE
5927,RAN
5928,PRKAA1
5929,CARD6
5930,RAP1GAP2
5931,CLUH
5932,INPP5K
5933,MYBBP1A
5934,RPA1
5935,UBE2G1
5936,TBC1D14
5937,TMEM128
5938,COQ3
5939,PNISR
5940,POPDC3
5941,SEC61G
5942,LANCL2
5943,FIGNL1
5944,DDC
5945,GRSF1
5946,JCHAIN
5947,ANKRD17
5948,UTP3
5949,ITGB4
5950,WBP2
5951,H3-3B
5952,UNK
5953,TRIM47
5954,ZRANB2
5955,EIF5A
5956,KDM6B
5957,CLEC10A
5958,SLC52A1
5959,GUCY2D
5960,XAF1
5961,DLG4
5962,RIDA
5963,VPS13B
5964,RGS22
5965,MATN2
5966,REEP2
5967,PCBD2
5968,SDF2
5969,FLOT2
5970,ERAL1
5971,PRMT7
5972,NIP7
5973,TERF2
5974,VPS4A
5975,MTSS2
5976,HSPA12B
5977,ANKEF1
5978,PCED1A
5979,SNAP25
5980,BTBD3
5981,PCNA
5982,NXT1
5983,POLR3F
5984,RIN2
5985,PTPRA
5986,DAP3
5987,KHDC4
5988,ATP1A4
5989,NES
5990,BCAN
5991,ARHGEF11
5992,RAB25
5993,FCRL2
5994,DCAF8
5995,SYT11
5996,IGHMBP2
5997,ACY3
5998,TESMIN
5999,MMACHC
6000,DPH2
6001,TOE1
6002,NASP
6003,MUTYH
6004,CTNNBL1
6005,LPIN3
6006,ZSWIM3
6007,RBM38
6008,VSTM2L
6009,OSER1
6010,SERINC3
6011,PPP1R3D
6012,DMGDH
6013,BHMT2
6014,AP3B1
6015,ZBED3
6016,PATJ
6017,KANK4
6018,ANGPTL3
6019,SYT4
6020,SLC14A2
6021,FBXO44
6022,CPLANE2
6023,CASP9
6024,DCTN4
6025,PDE6A
6026,ATP8A2
6027,MTUS2
6028,ZMYM5
6029,USPL1
6030,XPO4
6031,TPTE2
6032,POMP
6033,CDK8
6034,ALOX5AP
6035,WASF3
6036,GPR12
6037,CHRM3
6038,MYH10
6039,PEMT
6040,SCO1
6041,MPRIP
6042,CHI3L1
6043,MYBPH
6044,PIK3C2B
6045,DSTYK
6046,CHIT1
6047,SLC41A1
6048,LGR6
6049,TMCC2
6050,DCLK1
6051,CCNA1
6052,COG6
6053,SPART
6054,EPSTI1
6055,TRPC4
6056,POSTN
6057,RFXAP
6058,TPT1
6059,GPALPP1
6060,KL
6061,RFC3
6062,STARD13
6063,MORC4
6064,BEX2
6065,RNF128
6066,TBC1D8B
6067,TCEAL4
6068,BEX1
6069,SLC39A11
6070,EPHB2
6071,SRRM1
6072,BTBD2
6073,PRAM1
6074,KMT5C
6075,ZNF414
6076,PDE6B
6077,HSPBP1
6078,CSNK1G2
6079,SLF1
6080,CNDP2
6081,MACROD1
6082,WDR74
6083,LGALS12
6084,RTN3
6085,PLAAT4
6086,PLAAT2
6087,MYH11
6088,PDZD2
6089,MORC2
6090,LARGE1
6091,MYO18B
6092,C1QTNF6
6093,FAM83F
6094,SEC14L4
6095,GIMAP6
6096,GIMAP4
6097,ADCK2
6098,MKRN1
6099,AGAP3
6100,ACTR3B
6101,NTS
6102,BTG1
6103,LRRIQ1
6104,ATP13A3
6105,SFTPD
6106,DYDC2
6107,TMEM254
6108,TMTC1
6109,KRAS
6110,IPO8
6111,LARS1
6112,SPINK5
6113,IMPA1
6114,LRRCC1
6115,E2F5
6116,CCDC59
6117,SWAP70
6118,LYVE1
6119,AMPD3
6120,SBF2
6121,MICAL2
6122,RRAS2
6123,HSD17B4
6124,ZFC3H1
6125,TEX15
6126,SARAF
6127,RNF122
6128,DUSP26
6129,DPF2
6130,MEN1
6131,ERG28
6132,GSC
6133,DGLUCY
6134,UNC79
6135,NUMB
6136,CATSPERB
6137,COX16
6138,TTC9
6139,MED6
6140,EIF2S1
6141,ADAM20
6142,LOXL2
6143,ELP3
6144,PEBP4
6145,ADAMDEC1
6146,CTIF
6147,MRO
6148,MBD2
6149,IER3IP1
6150,CCNB1
6151,CD180
6152,IRAK2
6153,CAMK1
6154,THUMPD3
6155,VHL
6156,BHLHE40
6157,ARL8B
6158,EDEM1
6159,CNTN6
6160,CHL1
6161,MEIS2
6162,DPH6
6163,KATNBL1
6164,EMC7
6165,GNAT2
6166,GSTM1
6167,PRPF38B
6168,TSPAN2
6169,GSTM5
6170,GSTM3
6171,SYT6
6172,VAV3
6173,CHIA
6174,PSRC1
6175,PTPN22
6176,SORT1
6177,WNT2B
6178,PTGFRN
6179,LAMTOR5
6180,ADAM30
6181,NOTCH2
6182,TRIM45
6183,CEPT1
6184,CD101
6185,NGF
6186,AP4B1
6187,NAPG
6188,SPIRE1
6189,PPHLN1
6190,FKBP11
6191,ARF3
6192,TMEM106C
6193,SLC38A2
6194,YWHAQ
6195,KIDINS220
6196,GRHL1
6197,ROCK2
6198,RSAD2
6199,MYCN
6200,LPIN1
6201,CMPK2
6202,IAH1
6203,LDHA
6204,SAA2
6205,ANO3
6206,IL6ST
6207,FST
6208,CFHR4
6209,NAV1
6210,CDC73
6211,TIMM17A
6212,CRB1
6213,ERN2
6214,RPS15A
6215,RAX
6216,NARS1
6217,GRP
6218,RELCH
6219,FBH1
6220,RBM17
6221,IL2RA
6222,ANKRD16
6223,ECHDC3
6224,IL15RA
6225,CCNH
6226,HRH4
6227,KCTD1
6228,CABLES1
6229,DOCK2
6230,EMP1
6231,SOX5
6232,RERG
6233,KLRD1
6234,KLRC1
6235,SPX
6236,LRP4
6237,MYBPC3
6238,DDB2
6239,ACP2
6240,RTL8C
6241,RAB33A
6242,SOX3
6243,RBMX2
6244,STK26
6245,PIWIL4
6246,PUM1
6247,SPOCD1
6248,YARS1
6249,PHC2
6250,CDCA8
6251,GNL2
6252,AGO4
6253,HOOK1
6254,CYP2J2
6255,BTF3L4
6256,TUT4
6257,PRPF38A
6258,DSC2
6259,DSG3
6260,RNF138
6261,ELP2
6262,DSG1
6263,DSC3
6264,DSC1
6265,DTNA
6266,FHOD3
6267,TPGS2
6268,DAGLA
6269,SLC43A3
6270,TIMM10
6271,DHX34
6272,APLNR
6273,FADS2
6274,TMEM258
6275,TCN1
6276,C5AR2
6277,TMEM165
6278,CLOCK
6279,PDGFRA
6280,GGACT
6281,COL4A2
6282,CLDN10
6283,DZIP1
6284,UBAC2
6285,ARGLU1
6286,BIVM
6287,ERCC5
6288,TPP2
6289,POGLUT2
6290,CARS2
6291,ARHGAP32
6292,STT3A
6293,ADAMTS8
6294,ACRV1
6295,ETS1
6296,SLC37A2
6297,KLB
6298,TMED7
6299,APC
6300,NREP
6301,WDR36
6302,OSTF1
6303,RFK
6304,UBQLN1
6305,NAA35
6306,C9orf40
6307,ANXA1
6308,CTSL
6309,CEMIP2
6310,AGTPBP1
6311,GOLM1
6312,PSAT1
6313,ISCA1
6314,ADAM19
6315,HAVCR2
6316,CCNJL
6317,TAOK3
6318,USP30
6319,SDS
6320,MSI1
6321,HNF1A
6322,FBXO21
6323,TBX3
6324,OASL
6325,HRK
6326,RNFT2
6327,P2RX4
6328,BICDL1
6329,DTX1
6330,TRAFD1
6331,DMTF1
6332,OCM2
6333,TMEM243
6334,CCDC146
6335,TMEM60
6336,CD36
6337,PNPLA8
6338,HILPDA
6339,RINT1
6340,SRPK2
6341,KCP
6342,TES
6343,MDFIC
6344,MTO1
6345,ADGRB3
6346,ANKRD6
6347,KHDC1
6348,CEP162
6349,SNX14
6350,NT5E
6351,MRAP2
6352,EPHA7
6353,AKIRIN2
6354,ORC3
6355,LCA5
6356,MAP3K7
6357,PRR5L
6358,LMO2
6359,PHF21A
6360,NAT10
6361,EHF
6362,ELF5
6363,PRRG4
6364,CAPRIN1
6365,ATP5MC2
6366,DNAJC14
6367,CD63
6368,PRPH
6369,AVIL
6370,GDF11
6371,GLS2
6372,ITGA7
6373,TESPA1
6374,FAM186B
6375,RDH5
6376,AGAP2
6377,BLOC1S1
6378,CDK4
6379,PPP1R1A
6380,TROAP
6381,TSPAN31
6382,B4GALNT1
6383,TFCP2
6384,COQ10A
6385,FAIM2
6386,PAN2
6387,ESPL1
6388,KRT7
6389,ZC3H10
6390,HNRNPA1
6391,ACVR1B
6392,OS9
6393,MIP
6394,KCNH3
6395,LTV1
6396,MAP7
6397,CD164
6398,AFG1L
6399,NHSL1
6400,AHI1
6401,HEY2
6402,PKIB
6403,NMBR
6404,SMPD2
6405,MICAL1
6406,REPS1
6407,STX11
6408,PRADC1
6409,SEMA4F
6410,CCT7
6411,EGR4
6412,RAB11FIP5
6413,SMYD5
6414,DYSF
6415,CCDC142
6416,EMX1
6417,KCNMB4
6418,USP15
6419,GNS
6420,CPM
6421,MDM2
6422,KLHL36
6423,BCO1
6424,MPHOSPH6
6425,CHST5
6426,KIAA0513
6427,DYNC1LI2
6428,FBXL8
6429,FHOD1
6430,CCDC102A
6431,SLC9A5
6432,AGT
6433,ZNF670-ZNF695
6434,PCNX2
6435,KCNK1
6436,URB2
6437,EGLN1
6438,CAPN9
6439,COG2
6440,ABCB10
6441,NTPCR
6442,TAF5L
6443,GLUL
6444,STX6
6445,RGS8
6446,RNASEL
6447,DHX9
6448,KIAA1614
6449,CEP350
6450,NPL
6451,NIBAN1
6452,PIGC
6453,LAMC1
6454,RC3H1
6455,GPR55
6456,SP110
6457,MRPL44
6458,CHRND
6459,PAX3
6460,DOCK10
6461,TTLL4
6462,USP37
6463,HTR2B
6464,ITM2C
6465,SLC19A3
6466,SERPINE2
6467,DNAJB2
6468,WNT10A
6469,TMBIM1
6470,CYP27A1
6471,EIF4E2
6472,ARMC9
6473,CAB39
6474,COX5B
6475,REV1
6476,TSGA10
6477,TMEM127
6478,TGFBRAP1
6479,GCC2
6480,MRPS9
6481,GPR45
6482,C2orf49
6483,EPC2
6484,ARHGEF4
6485,ISCU
6486,ALDH1L2
6487,USP44
6488,SCYL2
6489,CKAP4
6490,PLXNC1
6491,APPL2
6492,PWP1
6493,DRAM1
6494,WASHC4
6495,SLC41A2
6496,VILL
6497,FLNB
6498,NEK3
6499,PCDH8
6500,VPS36
6501,RNASEH2B
6502,CKAP2
6503,CNMD
6504,TBC1D4
6505,THSD1
6506,BORA
6507,LRCH1
6508,SUCLA2
6509,RCBTB1
6510,MED4
6511,PHF11
6512,COG3
6513,LMO7
6514,SCEL
6515,ITM2B
6516,SPRY2
6517,NUDT15
6518,EDNRB
6519,RCBTB2
6520,LCP1
6521,SETDB2
6522,SCRN1
6523,C7orf25
6524,TNS3
6525,SPDYE1
6526,CHST12
6527,IGF2BP3
6528,GPNMB
6529,RAPGEF5
6530,RAC1
6531,KDELR2
6532,NUP42
6533,IL6
6534,ZDHHC4
6535,AOAH
6536,BZW2
6537,DGKB
6538,TBRG4
6539,DDX56
6540,HUS1
6541,NACAD
6542,DBNL
6543,CCM2
6544,MYO1G
6545,TTYH3
6546,TTC5
6547,ZFHX2
6548,MTHFS
6549,ADAMTS7
6550,ABHD17C
6551,IREB2
6552,ALPK3
6553,TM6SF1
6554,CIB2
6555,CALCOCO2
6556,RSAD1
6557,NMT1
6558,MYCBPAP
6559,SRSF1
6560,VEZF1
6561,CHAD
6562,TACO1
6563,TEX2
6564,DCAF7
6565,LIMD2
6566,BRIP1
6567,KAT7
6568,RTP4
6569,ACTL6A
6570,NDUFB5
6571,MRPL47
6572,TRA2B
6573,SCN2A
6574,TBR1
6575,MARCHF7
6576,ERMN
6577,GALNT5
6578,SCN7A
6579,TANK
6580,BLK
6581,SKIL
6582,EPRS1
6583,HLX
6584,VPS45
6585,IL10
6586,KCTD3
6587,RPS6KC1
6588,IL1RN
6589,CFC1
6590,SMPD4
6591,WDR33
6592,SAP130
6593,BIN1
6594,IMP4
6595,HS6ST1
6596,UGGT1
6597,GYPC
6598,STAM
6599,GAD2
6600,ABI1
6601,YME1L1
6602,DNAJC1
6603,NIPSNAP3A
6604,LRRC8A
6605,CDK9
6606,TXN
6607,ODF2
6608,ECPAS
6609,TOR1B
6610,C9orf78
6611,SMC2
6612,KLF4
6613,TOR1A
6614,RALGPS1
6615,NIBAN2
6616,OR1J1
6617,ST6GALNAC4
6618,TMOD1
6619,DAB2IP
6620,STXBP1
6621,SLC2A8
6622,ANGPTL2
6623,CDK5RAP2
6624,ZFP37
6625,SLC31A2
6626,SLC31A1
6627,TLR4
6628,ZNF189
6629,ALDOB
6630,STX17
6631,PRPF4
6632,FPGS
6633,USP20
6634,KIF12
6635,ATP6V1G1
6636,TEX10
6637,GARNL3
6638,MRPL50
6639,DPM2
6640,WDR38
6641,TSTD2
6642,GABBR2
6643,HEMGN
6644,PSMB7
6645,TRMO
6646,RABEPK
6647,GOLGA1
6648,XPA
6649,NCBP1
6650,ANP32B
6651,PDCL
6652,RPL35
6653,CTSV
6654,LMX1B
6655,ARPC5L
6656,ENPP2
6657,DSCC1
6658,DERL1
6659,MYC
6660,CCN3
6661,IL33
6662,DMAC1
6663,RANBP6
6664,POLR1E
6665,PLAA
6666,IL11RA
6667,UBAP2
6668,APTX
6669,RNF38
6670,TLN1
6671,SIT1
6672,DNAJB5
6673,SPAG8
6674,DCTN3
6675,CD72
6676,TMEM8B
6677,GRHPR
6678,ALDH1B1
6679,HINT2
6680,ARHGEF39
6681,IGFBPL1
6682,DENND4C
6683,RPS6
6684,CNPY3
6685,FOXP4
6686,PPIL1
6687,KLC4
6688,KIF13A
6689,ZSCAN9
6690,PIM1
6691,GMPR
6692,CMTR1
6693,TFAP2A
6694,SLC22A7
6695,YIPF3
6696,TMEM14B
6697,TMEM63B
6698,FRS3
6699,TJAP1
6700,CAPN11
6701,HCRTR2
6702,KIAA0319
6703,IRF4
6704,SLC22A23
6705,TUBB2A
6706,LRRC1
6707,GCM1
6708,FOXF2
6709,BPHL
6710,RIPK1
6711,TUBB2B
6712,UQCC2
6713,HMGA1
6714,PGBD1
6715,TPMT
6716,RNF144B
6717,NRM
6718,MTCH1
6719,TAF8
6720,FAM8A1
6721,FGFBP2
6722,CPEB2
6723,FHDC1
6724,TLR2
6725,MGARP
6726,TTC29
6727,MYO7A
6728,FCHSD2
6729,ARRB1
6730,SLCO2B1
6731,THAP12
6732,ANKRD42
6733,IL18BP
6734,NUMA1
6735,CCDC90B
6736,SYTL2
6737,RAB30
6738,CREBZF
6739,LRRC32
6740,PRCP
6741,NARS2
6742,RNF121
6743,MRPL15
6744,PI15
6745,TTPA
6746,GGH
6747,SLCO5A1
6748,SULF1
6749,TGS1
6750,SDCBP
6751,NEK1
6752,DDX60
6753,SORL1
6754,TMPRSS4
6755,BUD13
6756,TRPC6
6757,MMP7
6758,CFAP300
6759,DCUN1D5
6760,YAP1
6761,RDX
6762,PPP2R1B
6763,FDX1
6764,FXYD6
6765,ARHGAP20
6766,FXYD2
6767,TMPRSS13
6768,CASP1
6769,CASP5
6770,ALKBH8
6771,MAP2K5
6772,UNC13C
6773,SQOR
6774,CTDSPL2
6775,SLTM
6776,THBS1
6777,MAPKBP1
6778,NUSAP1
6779,NDUFAF1
6780,KIF23
6781,ITGA11
6782,KNL1
6783,HAUS2
6784,RTF1
6785,PARP6
6786,RPLP1
6787,PAQR5
6788,LRRC49
6789,TUBGCP4
6790,RMDN3
6791,ITPKA
6792,UACA
6793,SMAD6
6794,PLCB2
6795,TMEM62
6796,PAK6
6797,ADAM10
6798,DUOX1
6799,SLC28A2
6800,CYP19A1
6801,ZNF280D
6802,SEMA6D
6803,BCL2L10
6804,RSL24D1
6805,SPTBN5
6806,GCOM1
6807,GCHFR
6808,BCAR3
6809,TTLL7
6810,FNBP1L
6811,KYAT3
6812,GTF2B
6813,BRDT
6814,RABGGTB
6815,IFI44L
6816,GIPC2
6817,ARHGAP29
6818,IFI44
6819,SLC44A5
6820,DNASE2B
6821,DBT
6822,RTCA
6823,IFT172
6824,SELENOI
6825,CGREF1
6826,HADHB
6827,KHK
6828,ADCY3
6829,PPM1B
6830,PNPT1
6831,DYNC2LI1
6832,LHCGR
6833,THUMPD2
6834,CYP1B1
6835,RAB1A
6836,ACTR2
6837,PREB
6838,SLC5A6
6839,PREPL
6840,SLC3A1
6841,EMILIN1
6842,FBXO11
6843,SIX3
6844,ATRAID
6845,CENPO
6846,LRPPRC
6847,TRIM54
6848,DTNB
6849,ACTR1A
6850,CYP2C8
6851,MYOF
6852,LOXL4
6853,STAMBPL1
6854,CH25H
6855,ATAD1
6856,BTBD16
6857,KIF11
6858,CUZD1
6859,TACC2
6860,DUSP5
6861,CALHM2
6862,ARL3
6863,CEP55
6864,KIF20B
6865,ENTPD1
6866,EXOC6
6867,PLCE1
6868,RBP4
6869,DBR1
6870,DNAJC13
6871,ANXA7
6872,FAM149B1
6873,ASCC1
6874,ZNF365
6875,ADAMTS14
6876,RPS24
6877,TET1
6878,DNA2
6879,AOX1
6880,ATIC
6881,SMARCAL1
6882,BARD1
6883,STAT4
6884,MSTN
6885,CARF
6886,ASNSD1
6887,METTL5
6888,SSB
6889,NAB1
6890,CDK15
6891,PPIG
6892,FASTKD1
6893,MDH1B
6894,HECW2
6895,IDH1
6896,OLA1
6897,ITPRID2
6898,CHRNA1
6899,FAM117B
6900,WDR12
6901,ABI2
6902,ITGAV
6903,SLC40A1
6904,SLC35A5
6905,SLC49A4
6906,SENP7
6907,COX17
6908,PARP9
6909,MNS1
6910,USP8
6911,SECISBP2L
6912,TMOD3
6913,SPPL2A
6914,GLCE
6915,SHF
6916,APH1B
6917,INTS14
6918,CILP
6919,PARP16
6920,PPCDC
6921,HCN4
6922,SEMA7A
6923,ARHGAP24
6924,FAM13A
6925,HERC6
6926,HERC5
6927,PCDH10
6928,ZGRF1
6929,AP1AR
6930,COPS4
6931,HNRNPD
6932,PRKG2
6933,RASGEF1B
6934,SEC31A
6935,FGF5
6936,GPAT3
6937,IL21
6938,FGF2
6939,BBS7
6940,BMPR1B
6941,RAP1GDS1
6942,LARP1B
6943,MMRN1
6944,PDE5A
6945,PRDM5
6946,TRPC3
6947,NAAA
6948,NUP54
6949,CXCL9
6950,BMP2K
6951,G3BP2
6952,SEPTIN11
6953,FRAS1
6954,SCARB2
6955,CCNG2
6956,CNOT6L
6957,USO1
6958,CDKL2
6959,SHROOM3
6960,ANXA3
6961,PPA2
6962,CENPE
6963,GSTCD
6964,INTS12
6965,CASP6
6966,LEF1
6967,HADH
6968,EGF
6969,PAPSS1
6970,SEC24B
6971,PPP3CA
6972,SLC39A8
6973,MTTP
6974,FBN2
6975,MAPK8IP3
6976,RGS3
6977,GUCD1
6978,RNF185
6979,SHISAL1
6980,PARVG
6981,B4GALNT3
6982,PDE6H
6983,ERP27
6984,ETV6
6985,GABARAPL1
6986,KIF21A
6987,CPNE8
6988,YARS2
6989,FGD4
6990,ALG10
6991,AEBP2
6992,SLCO1C1
6993,ETFBKMT
6994,ETNK1
6995,ZCRB1
6996,TMEM117
6997,PRICKLE1
6998,C1RL
6999,NDUFA9
7000,CLSTN3
7001,KLRG1
7002,VAMP1
7003,TAPBPL
7004,CD27
7005,PEX5
7006,PIANP
7007,SLC38A4
7008,AMIGO2
7009,SCAF11
7010,COL2A1
7011,PPFIA2
7012,ANP32D
7013,LLPH
7014,LRIG3
7015,MARCHF9
7016,INHBE
7017,GLIPR1
7018,PHLDA1
7019,TMEM19
7020,LGR5
7021,PTPRQ
7022,DUSP6
7023,POC1B
7024,TMTC3
7025,LUM
7026,SNRPF
7027,AMDHD1
7028,NEDD1
7029,SYCP3
7030,ASCL1
7031,GAS2L3
7032,TMEM132B
7033,SLC15A4
7034,TDG
7035,RITA1
7036,SDSL
7037,MMAB
7038,GLTP
7039,GIT2
7040,TCHP
7041,FAM222A
7042,NUP58
7043,MTMR6
7044,SLC46A3
7045,SLC7A1
7046,LNX2
7047,SUOX
7048,SLC39A5
7049,TARBP2
7050,RDH16
7051,DHH
7052,ACVRL1
7053,GPR84
7054,NPFF
7055,NABP2
7056,N4BP2L1
7057,CELA1
7058,SMARCC2
7059,BRCA2
7060,KANSL2
7061,CERS5
7062,MAP3K12
7063,ITGB7
7064,GALNT6
7065,CSAD
7066,LMBR1L
7067,ESYT1
7068,TMBIM6
7069,ANKRD52
7070,ZNF740
7071,WDFY2
7072,HNRNPA1L2
7073,LPAR6
7074,ESD
7075,RB1
7076,SBNO1
7077,MORN3
7078,SETD1B
7079,VPS33A
7080,VPS37B
7081,RHOF
7082,DENR
7083,DIAPH3
7084,SLAIN1
7085,RBM26
7086,SRRM4
7087,METTL21C
7088,MBNL2
7089,RNF113B
7090,ZIC5
7091,ABHD13
7092,RAB20
7093,GRTP1
7094,CUL4A
7095,SSTR1
7096,CDH24
7097,REM2
7098,CBLN3
7099,TSSK4
7100,NOVA1
7101,MDGA2
7102,TMX1
7103,FRMD6
7104,PELI2
7105,RTN1
7106,ARMH4
7107,SYT16
7108,SLC38A6
7109,NAA30
7110,ADAM21
7111,RDH12
7112,DCAF5
7113,RAB15
7114,WDR89
7115,ESR2
7116,KCNH5
7117,STON2
7118,EFCAB11
7119,GPR65
7120,PTGR2
7121,JDP2
7122,AK7
7123,SLC24A4
7124,FBLN5
7125,CLBA1
7126,WARS1
7127,SLC25A47
7128,WDR20
7129,NIPA2
7130,SLC12A6
7131,DUOXA1
7132,MFAP1
7133,TCF12
7134,SORD
7135,SERF2
7136,ZSCAN29
7137,LYSMD2
7138,SLC27A2
7139,FGF7
7140,HDC
7141,BNIP2
7142,GTF2A2
7143,SRP14
7144,BAHD1
7145,DISP2
7146,CDAN1
7147,TLE3
7148,ANP32A
7149,COMMD4
7150,UBE2Q2
7151,PSTPIP1
7152,ETFA
7153,BCL2A1
7154,HMG20A
7155,SCAPER
7156,TSPAN3
7157,NCOA2
7158,NEIL1
7159,MAN2C1
7160,DNAJA4
7161,TLNRD1
7162,TPM1
7163,IGF1R
7164,ARRDC4
7165,PIF1
7166,USP3
7167,CYP11A1
7168,BBS4
7169,PML
7170,CYP1A1
7171,ADAMTS17
7172,LINS1
7173,ULK3
7174,GOLGA6D
7175,PCSK6
7176,CELF6
7177,SCAMP2
7178,HAPLN3
7179,RHCG
7180,POLG
7181,RLBP1
7182,FANCI
7183,ABHD2
7184,WDR93
7185,TICRR
7186,NTRK3
7187,DET1
7188,MFGE8
7189,ZNF710
7190,UNC45A
7191,ST8SIA2
7192,MCTP2
7193,FURIN
7194,IQGAP1
7195,CRTC3
7196,EFL1
7197,SH3GL3
7198,SEC11A
7199,SEPTIN12
7200,GLYR1
7201,PMM2
7202,SLC5A2
7203,ITGAX
7204,TGFB1I1
7205,RUSF1
7206,ARMC5
7207,FTO
7208,UQCRC2
7209,CDR2
7210,IGSF6
7211,ARHGAP17
7212,MYLK3
7213,ABCC12
7214,NKD1
7215,DHX38
7216,TXNL4B
7217,MARVELD3
7218,ZFHX3
7219,CLEC18B
7220,CPNE2
7221,NLRC5
7222,KATNB1
7223,KIFC3
7224,ADAMTS18
7225,NUDT7
7226,GCSH
7227,CMTM3
7228,CMTM2
7229,CDH11
7230,NOL3
7231,MAP1LC3B
7232,MBTPS1
7233,CDH13
7234,ZCCHC14
7235,MEAK7
7236,ADAD2
7237,OSGIN1
7238,IRF8
7239,RHOT2
7240,ZSCAN32
7241,PDPK1
7242,TIGD7
7243,DEF8
7244,TCF25
7245,GALNS
7246,MED9
7247,NCOR1
7248,COPS3
7249,GID4
7250,ZNF287
7251,MYOCD
7252,KSR1
7253,RANBP10
7254,CTRL
7255,DPEP3
7256,GFOD2
7257,NOB1
7258,PRPSAP2
7259,UNC45B
7260,PCTP
7261,OR4D1
7262,TOM1L1
7263,TOB1
7264,VPS53
7265,SPATA22
7266,SGSM2
7267,NPEPPS
7268,SKAP1
7269,LRRC46
7270,SCRN2
7271,SSH2
7272,RHBDL3
7273,SPACA3
7274,ARSG
7275,ABCA8
7276,G6PC3
7277,CLTC
7278,BCAS3
7279,PTRH2
7280,SS18
7281,TAF4B
7282,AFG3L2
7283,PRELID3A
7284,IMPA2
7285,GNAL
7286,SLC39A6
7287,RPRD1A
7288,GALNT1
7289,ASXL3
7290,ADCYAP1
7291,MEP1B
7292,SLC25A52
7293,GAREM1
7294,ESCO1
7295,OSBPL1A
7296,GREB1L
7297,RMC1
7298,PELP1
7299,NPC1
7300,SLC14A1
7301,ARRB2
7302,SLC13A5
7303,ZMYND15
7304,WRAP53
7305,MINK1
7306,SAT2
7307,ASGR1
7308,PIK3R5
7309,TP53
7310,CCDC40
7311,ARHGDIA
7312,TMC6
7313,SLC16A3
7314,CARD14
7315,TTYH2
7316,RAB40B
7317,EIF4A3
7318,CSNK1D
7319,ANAPC11
7320,TBCD
7321,FN3KRP
7322,NARF
7323,RPTOR
7324,FOXK2
7325,TRIM65
7326,CBX8
7327,SECTM1
7328,RNF157
7329,CEP131
7330,ZNF750
7331,WDR45B
7332,CBX4
7333,DYM
7334,MAPK4
7335,ELAC1
7336,MBD1
7337,SMAD4
7338,TNFRSF11A
7339,ZCCHC2
7340,FBXO15
7341,CBLN2
7342,PMAIP1
7343,P3H4
7344,NT5C3B
7345,RETREG3
7346,ERBB2
7347,MIEN1
7348,PNMT
7349,ARL5C
7350,STAC2
7351,IGFBP4
7352,FKBP10
7353,TXNL4A
7354,CACNA1A
7355,MISP3
7356,BRD4
7357,SLC39A3
7358,NFIC
7359,TPGS1
7360,PLPP2
7361,PRDM15
7362,PFKL
7363,FEM1A
7364,VAV1
7365,MVB12A
7366,CIB3
7367,SH3GL1
7368,DUS3L
7369,DPP9
7370,CCDC97
7371,TMEM91
7372,ZFP14
7373,SIRT3
7374,IFITM3
7375,PGGHG
7376,HUNK
7377,COL6A1
7378,IFNAR1
7379,SOD1
7380,COL6A2
7381,SIK1
7382,TRPM2
7383,SCYL1
7384,APP
7385,DOP1B
7386,URB1
7387,AKT1
7388,IL19
7389,EMP3
7390,SAE1
7391,NTN5
7392,LMTK3
7393,GEMIN7
7394,WTIP
7395,ADAMTS10
7396,SLC6A3
7397,RNPEPL1
7398,CAPN10
7399,MYO1F
7400,ERVK3-1
7401,NLRP12
7402,CACNG8
7403,ZNF787
7404,TIMM29
7405,FBN3
7406,CARM1
7407,EVI5L
7408,SLC47A1
7409,PSMB6
7410,SIGLEC10
7411,ZNF473
7412,RPS11
7413,RPL13A
7414,CTU1
7415,NOSIP
7416,IGLON5
7417,RCN3
7418,ZNF614
7419,SLC2A5
7420,RERE
7421,MMEL1
7422,CFAP74
7423,PRDM16
7424,FHAD1
7425,EPHA2
7426,EFHD2
7427,PEX14
7428,PGD
7429,SH3BGRL3
7430,CNKSR1
7431,RPL11
7432,ZNF593
7433,C1orf216
7434,KIAA0319L
7435,EVA1B
7436,C1orf94
7437,DMRTA2
7438,PLK4
7439,MAP3K6
7440,GPN2
7441,SYTL1
7442,WDTC1
7443,NBPF3
7444,HSPG2
7445,ITGB3BP
7446,SERBP1
7447,BCL10
7448,CCN1
7449,PRKACB
7450,PIGK
7451,AZIN2
7452,RPS8
7453,KIF2C
7454,PTPRF
7455,BEST4
7456,MOB3C
7457,TMEM61
7458,LMO4
7459,SYPL2
7460,BARHL2
7461,MTF2
7462,SLC44A3
7463,IGSF3
7464,ZNF697
7465,CTTNBP2NL
7466,STRIP1
7467,PSMA5
7468,FNDC7
7469,C1orf162
7470,CD53
7471,PROK1
7472,CELSR2
7473,ITGA10
7474,GPR161
7475,ALDH9A1
7476,ATP1B1
7477,TIPRL
7478,NME7
7479,POGK
7480,MPC2
7481,CREG1
7482,DCAF6
7483,GPA33
7484,RXRG
7485,TBX19
7486,UCK2
7487,TMCO1
7488,XCL1
7489,XCL2
7490,POU2F1
7491,MAEL
7492,ILDR2
7493,MGST3
7494,ADCY10
7495,COP1
7496,NECTIN4
7497,UFC1
7498,PPOX
7499,FCGR2A
7500,NUF2
7501,RGS5
7502,SDHC
7503,PFDN2
7504,NR1I3
7505,USP21
7506,PRCC
7507,FCRL5
7508,MRPL24
7509,PIGM
7510,CASQ1
7511,ISG20L2
7512,CRABP2
7513,HDGF
7514,ABL2
7515,XPR1
7516,RGS16
7517,TOR1AIP1
7518,FAM163A
7519,HMCN1
7520,RGL1
7521,LYPLAL1
7522,LHX9
7523,PRUNE1
7524,RORC
7525,TUFT1
7526,SF3B4
7527,ECM1
7528,ZNF687
7529,TARS2
7530,CGN
7531,SNX27
7532,SETDB1
7533,ADAMTSL4
7534,MCL1
7535,CTSK
7536,RFX5
7537,PI4KB
7538,PIP5K1A
7539,ANP32E
7540,MINDY1
7541,ANXA9
7542,SELENBP1
7543,CERS2
7544,ENSA
7545,SEMA6C
7546,MRPL9
7547,ARNT
7548,POGZ
7549,C1orf56
7550,OAZ3
7551,HORMAD1
7552,GOLPH3L
7553,GABPB2
7554,SYT14
7555,KCNH1
7556,DTL
7557,DYRK3
7558,EIF2D
7559,INTS7
7560,VASH2
7561,TAF1A
7562,SMYD2
7563,SUSD4
7564,DUSP10
7565,HHIPL2
7566,TP53BP2
7567,ATP8B2
7568,FLG2
7569,ADAM15
7570,JTB
7571,RAB13
7572,S100A8
7573,TPM3
7574,NUP210L
7575,SNAPIN
7576,SLC27A3
7577,UBAP2L
7578,SLC39A1
7579,HAX1
7580,CREB3L4
7581,EFNA3
7582,AQP10
7583,KCNN3
7584,ILF2
7585,RIT1
7586,HCN3
7587,FLG
7588,ACTA1
7589,GALNT2
7590,TTC13
7591,SCCPDH
7592,LYST
7593,MAP3K21
7594,CEP170
7595,ACP1
7596,SNAP47
7597,SRP9
7598,NVL
7599,SDE2
7600,DEGS1
7601,FBXO28
7602,ARF1
7603,LEFTY2
7604,CNIH4
7605,ITPKB
7606,GUK1
7607,CDC42BPA
7608,CNIH3
7609,C1orf35
7610,MBOAT2
7611,PARP1
7612,PSEN2
7613,PYCR2
7614,LBR
7615,WNT9A
7616,EPHX1
7617,SOX13
7618,ETNK2
7619,PPFIA4
7620,PLEKHA6
7621,PTPN7
7622,SYT2
7623,ARL8A
7624,OSR1
7625,GDF7
7626,PDIA6
7627,RHOB
7628,ATP6V1C2
7629,HNRNPLL
7630,GALM
7631,CAMKMT
7632,ABCG8
7633,EML4
7634,CALM2
7635,CHAC2
7636,RPS27A
7637,WDPCP
7638,VPS54
7639,ASXL2
7640,ETAA1
7641,SNRPG
7642,ABHD1
7643,MEIS1
7644,CIAO1
7645,ZNF514
7646,SNRNP200
7647,MRPS5
7648,ANKRD53
7649,EXOC6B
7650,SFXN5
7651,TEX261
7652,DQX1
7653,ST6GAL2
7654,NPHP1
7655,MALL
7656,THNSL2
7657,RALB
7658,C1QL2
7659,TMEM177
7660,RABL2A
7661,SLC20A1
7662,FBLN7
7663,ZC3H8
7664,LIPT1
7665,CNGA3
7666,LYG1
7667,AFF3
7668,UBXN4
7669,NXPH2
7670,SPOPL
7671,THSD7B
7672,GPR17
7673,POLR2D
7674,AMMECR1L
7675,GALNT13
7676,PKP4
7677,SCN1A
7678,SLC4A10
7679,SCRN3
7680,LNPK
7681,ZNF385B
7682,TMEFF2
7683,CDCA7
7684,DLX1
7685,UBR3
7686,PHOSPHO2
7687,GULP1
7688,FAM171B
7689,HSPD1
7690,CCDC150
7691,METTL21A
7692,UNC80
7693,PTH2R
7694,CPO
7695,NBEAL1
7696,KANSL1L
7697,SPAG16
7698,ABCA12
7699,SUMF1
7700,NYAP2
7701,RHBDD1
7702,ACKR3
7703,TRPM8
7704,HES6
7705,ESPNL
7706,ANKMY1
7707,COPS7B
7708,DIS3L2
7709,CPNE9
7710,FANCD2
7711,TAMM41
7712,VGLL4
7713,RAB5A
7714,RETREG2
7715,CTDSP1
7716,CNOT9
7717,MARCHF4
7718,STK11IP
7719,GMPPA
7720,GRIP2
7721,EAF1
7722,CNTN4
7723,DYNC1LI1
7724,RBMS3
7725,GADL1
7726,OSBPL10
7727,POMGNT2
7728,ACKR2
7729,GASK1A
7730,CSRNP1
7731,SLC25A38
7732,SLC22A14
7733,GOLGA4
7734,CTDSPL
7735,STAC
7736,IQSEC1
7737,CAND2
7738,RPL32
7739,PTPRG
7740,IL17RD
7741,SHQ1
7742,SLC25A26
7743,UBA3
7744,ARL6IP5
7745,TMF1
7746,LRIG1
7747,LRTM1
7748,LIMD1
7749,NFKBIZ
7750,COL8A1
7751,NXPE3
7752,ADGRG7
7753,MYH15
7754,PHLDB2
7755,ABHD10
7756,TAGLN3
7757,PLA1A
7758,RABL3
7759,ADPRH
7760,IGSF11
7761,ATG3
7762,NR1I2
7763,BOC
7764,SRPRB
7765,TMEM108
7766,MED12L
7767,EIF2A
7768,ALDH1L1
7769,OSBPL11
7770,TRPC1
7771,NCEH1
7772,FAM86B2
7773,LPP
7774,TMEM44
7775,RUBCN
7776,AMT
7777,TCTA
7778,NICN1
7779,UCN2
7780,DCAF1
7781,MANF
7782,STXBP5L
7783,EAF2
7784,ILDR1
7785,TM4SF19
7786,SLIT2
7787,EIF2B5
7788,AHSG
7789,ECE2
7790,VWA5B2
7791,DGKQ
7792,FIP1L1
7793,SLC26A1
7794,LYAR
7795,CENPC
7796,EPHA5
7797,CORIN
7798,ATP10D
7799,OCIAD2
7800,SLC10A4
7801,SLC10A6
7802,SCD5
7803,PLAC8
7804,ENOPH1
7805,TRMT10A
7806,KLHL8
7807,SNCA
7808,PYURF
7809,TBCK
7810,CAMK2D
7811,CISD2
7812,DDIT4L
7813,ANK2
7814,TIFA
7815,FABP2
7816,CCNA2
7817,METTL14
7818,USP53
7819,SETD7
7820,NAF1
7821,MARCHF1
7822,SFRP2
7823,RPS3A
7824,RNF175
7825,PDGFC
7826,CBR4
7827,GLRA3
7828,CYP4V2
7829,ROPN1L
7830,NDUFS6
7831,MARCHF6
7832,CDH18
7833,ADAMTS16
7834,SRD5A1
7835,MYO10
7836,OTULINL
7837,RPL37
7838,SKP2
7839,OSMR
7840,PLK2
7841,GZMA
7842,PIK3R1
7843,HAPLN1
7844,LHFPL2
7845,SSBP2
7846,BHMT
7847,ANKRD31
7848,IQGAP2
7849,CRHBP
7850,RASA1
7851,LIX1
7852,GIN1
7853,PPIP5K2
7854,PAM
7855,SLC30A5
7856,BTF3
7857,FBXL17
7858,SPATA9
7859,TSLP
7860,TNFAIP8
7861,FEM1C
7862,COMMD10
7863,ATG12
7864,MEGF10
7865,ADAMTS19
7866,YIPF5
7867,ARHGAP26
7868,CXCL14
7869,SLC25A48
7870,DDX46
7871,TIMD4
7872,RNF145
7873,C1QTNF2
7874,GABRB2
7875,FBXO38
7876,PCYOX1L
7877,TNIP1
7878,G3BP1
7879,ZNF300
7880,N4BP3
7881,NHP2
7882,RMND5B
7883,BOD1
7884,CPLX2
7885,TENM2
7886,KCNMB1
7887,FAM50B
7888,MYLK4
7889,TBC1D7
7890,FARS2
7891,GFOD1
7892,CDKAL1
7893,PSD2
7894,LRRTM2
7895,ZMAT2
7896,GFRA3
7897,KLHL3
7898,DCDC2
7899,TRIM7
7900,TRIM41
7901,HIGD2A
7902,FAM193B
7903,PLA2G7
7904,TNFRSF21
7905,RNF44
7906,MMUT
7907,RASGEF1C
7908,DOK3
7909,DAAM2
7910,PRIM2
7911,MLIP
7912,HMGCLL1
7913,LGSN
7914,FGD2
7915,SCUBE3
7916,ANO7
7917,CRIP3
7918,TTBK1
7919,RPL7L1
7920,NFKBIE
7921,CYP39A1
7922,TPBG
7923,IRAK1BP1
7924,PHIP
7925,PRSS35
7926,MMS22L
7927,FAXC
7928,PNRC1
7929,PM20D2
7930,RARS2
7931,SCML4
7932,TBC1D32
7933,CLVS2
7934,RNF217
7935,RSPO3
7936,ARHGAP18
7937,ABRACL
7938,SLC18B1
7939,MTFR2
7940,SLC2A12
7941,SHPRH
7942,AIG1
7943,DYNLT1
7944,TIAM2
7945,TMEM181
7946,PNLDC1
7947,WTAP
7948,ZMYM4
7949,VIP
7950,SLC22A3
7951,VWDE
7952,GNA12
7953,SDK1
7954,CCZ1B
7955,RBAK
7956,CREB5
7957,EGFR
7958,CDCA5
7959,IGFBP3
7960,PURB
7961,IGFBP1
7962,SSC4D
7963,MDH2
7964,POMZP3
7965,NIPSNAP2
7966,CCT6A
7967,PSPH
7968,TRIM50
7969,ZNF92
7970,ATXN7L1
7971,TMEM168
7972,ASB15
7973,SLC12A9
7974,GIGYF1
7975,TRIM4
7976,TMEM209
7977,AGBL3
7978,ZC3HAV1L
7979,TMEM140
7980,TLK2
7981,NOM1
7982,CNPY1
7983,NCAPG2
7984,NLGN4X
7985,SHROOM2
7986,RAB19
7987,LUC7L2
7988,DENND2A
7989,CLTRN
7990,SH3KBP1
7991,TMEM47
7992,LANCL3
7993,SYTL5
7994,CASK
7995,KDM6A
7996,SPIN2A
7997,MSN
7998,CCNB3
7999,HDAC8
8000,SLC16A2
8001,DIPK2B
8002,ZNF157
8003,ZNF182
8004,CHST7
8005,NDUFB11
8006,ZNF41
8007,ZMYM3
8008,TAF1
8009,GPR174
8010,NONO
8011,LPAR4
8012,EBP
8013,OGT
8014,SNX12
8015,ITGB1BP2
8016,IL2RG
8017,GCNA
8018,ZNF711
8019,DIAPH2
8020,NXF3
8021,RIPPLY1
8022,PRPS1
8023,RADX
8024,FRMPD3
8025,HTR2C
8026,DOCK11
8027,IGSF1
8028,ARHGAP36
8029,GPC3
8030,RBMX
8031,MCPH1
8032,FBXO25
8033,NSDHL
8034,ZNF185
8035,CETN2
8036,RPL10
8037,CSGALNACT1
8038,ATP6V1B2
8039,CCDC25
8040,HMBOX1
8041,CHRNA6
8042,GNRH1
8043,BIN3
8044,DOK2
8045,SLC25A37
8046,CHMP7
8047,DOCK5
8048,STAR
8049,PLPBP
8050,ERLIN2
8051,SNTG1
8052,PXDNL
8053,ST18
8054,RGS20
8055,TACC1
8056,GOLGA7
8057,PLPP5
8058,GINS4
8059,NSD3
8060,DNAJC5B
8061,CRH
8062,TRIM55
8063,ADHFE1
8064,MRPS28
8065,PMP2
8066,LACTB2
8067,PRDM14
8068,TERF1
8069,RPL7
8070,SLC26A7
8071,ATP6V0D2
8072,SYBU
8073,DPYS
8074,MTDH
8075,LRP12
8076,EBAG9
8077,RSPO2
8078,POLR2K
8079,MAL2
8080,EIF3H
8081,UTP23
8082,NDUFB9
8083,FAM83A
8084,FAM135B
8085,ZNF7
8086,ARHGAP39
8087,SLC39A4
8088,VLDLR
8089,AK3
8090,UHRF2
8091,NFIB
8092,CER1
8093,PLIN2
8094,HAUS6
8095,CDKN2B
8096,CDKN2A
8097,C9orf72
8098,IFNK
8099,ZCCHC7
8100,FBXO10
8101,SIGMAR1
8102,CEP78
8103,NTRK2
8104,IDNK
8105,SHC3
8106,AUH
8107,AOPEP
8108,PLPPR1
8109,ZNF462
8110,INIP
8111,UGCG
8112,SNX30
8113,STOM
8114,GSN
8115,MRRF
8116,NR6A1
8117,CRB2
8118,ALAD
8119,ASTN2
8120,WDR31
8121,POLE3
8122,SURF4
8123,GBGT1
8124,SURF2
8125,REXO4
8126,RPL7A
8127,GTF3C5
8128,ASB6
8129,PTGES2
8130,NTMT1
8131,CIZ1
8132,SLC25A25
8133,SH3GLB2
8134,MIGA2
8135,PTGES
8136,LRSAM1
8137,HMCN2
8138,GPR107
8139,IDI2
8140,INPP5E
8141,SEC16A
8142,DPH7
8143,NOTCH1
8144,CACNA1B
8145,NACC2
8146,PROSER2
8147,USP6NL
8148,COMMD3
8149,MSRB2
8150,PDSS1
8151,FAM171A1
8152,MINDY3
8153,SLC39A12
8154,TMEM236
8155,RSU1
8156,ST8SIA6
8157,PARD3
8158,ZEB1
8159,FAM13C
8160,NRBF2
8161,A1CF
8162,CDHR1
8163,RGR
8164,POLR3A
8165,HERC4
8166,LRMDA
8167,CAMK2G
8168,ADIRF
8169,GLUD1
8170,HTR7
8171,RPP30
8172,FRA10AC1
8173,ADD3
8174,HABP2
8175,VAX1
8176,DNAJB12
8177,EIF4EBP2
8178,NPFFR1
8179,PLEKHS1
8180,TCF7L2
8181,MKI67
8182,CYP17A1
8183,INA
8184,FUOM
8185,LRRC27
8186,MTG1
8187,NKX6-2
8188,PAOX
8189,GSTO1
8190,TAF5
8191,PPRC1
8192,ITPRIP
8193,CNNM2
8194,PDCD11
8195,ADAM12
8196,RGS10
8197,BTBD10
8198,ADM
8199,GAS2
8200,SLC5A12
8201,LIN7C
8202,LRRC4C
8203,IMMP1L
8204,PGAP2
8205,TUT1
8206,SCGB1A1
8207,ZNF214
8208,ZNF215
8209,HSD17B12
8210,APIP
8211,PAMR1
8212,DGKZ
8213,EIF3M
8214,TNKS1BP1
8215,SERPING1
8216,SSRP1
8217,SLC43A1
8218,PTPRJ
8219,ARFGAP2
8220,CELF1
8221,HIKESHI
8222,CCDC81
8223,SESN3
8224,ENDOD1
8225,CCDC82
8226,KLHL35
8227,TENM4
8228,SERPINH1
8229,CAPN5
8230,INTS4
8231,PAK1
8232,RPS3
8233,ZC3H12C
8234,TTC12
8235,NCAM1
8236,DRD2
8237,C11orf52
8238,HTR3B
8239,NPAT
8240,ATM
8241,AASDHPPT
8242,GLB1L2
8243,SLX4IP
8244,LAMTOR1
8245,P4HA3
8246,GRIK4
8247,ST14
8248,GGTLC1
8249,ADAM33
8250,KAT14
8251,TKFC
8252,MTA2
8253,TMEM138
8254,FADS1
8255,TMC2
8256,ROM1
8257,EML3
8258,INCENP
8259,ZP1
8260,PLCH2
8261,CPSF7
8262,MS4A2
8263,B3GAT3
8264,EI24
8265,CCDC15
8266,CHEK1
8267,FEZ1
8268,ESAM
8269,KIRREL3
8270,MPZL2
8271,SCN2B
8272,SIDT2
8273,TMEM25
8274,TAGLN
8275,JPH2
8276,DUSP15
8277,COMMD7
8278,C20orf144
8279,KIAA1755
8280,SPATA25
8281,DSN1
8282,CNBD2
8283,CDH22
8284,LSM14B
8285,YTHDF1
8286,CABLES2
8287,LTO1
8288,GPHA2
8289,SLC22A9
8290,TRPT1
8291,NUDT22
8292,FERMT3
8293,PLCB3
8294,MRPL49
8295,CDC42EP2
8296,FAU
8297,TM7SF2
8298,VPS51
8299,TBX6
8300,PPP4C
8301,ALDOA
8302,TLCD3B
8303,DOC2A
8304,HIRIP3
8305,TAOK2
8306,TMEM219
8307,HMGA2
8308,CNKSR2
8309,CNTN5
8310,KLRF1
8311,CLEC1A
8312,MKX
8313,MPP7
8314,ITGB1
8315,FXYD4
8316,PCDH15
8317,CTF1
8318,CWC15
8319,FCGR1A
8320,ARID5B
8321,KLHL1
8322,CDH8
8323,DCUN1D2
8324,TMEM218
8325,TIRAP
8326,EEF1AKMT1
8327,LATS2
8328,SAP18
8329,ADGRL3
8330,KIAA1328
8331,FAM124A
8332,MIA2
8333,HNMT
8334,LYPD1
8335,LYPD6B
8336,PDCD4
8337,ADRA2A
8338,GPM6A
8339,WDR17
8340,SPATA4
8341,VEGFC
8342,CCDC102B
8343,CD226
8344,CNDP1
8345,FSIP1
8346,DLG2
8347,RGS18
8348,PRSS23
8349,MTMR12
8350,PPP1R1C
8351,CCT5
8352,ATPSCKMT
8353,DOCK1
8354,DIXDC1
8355,DLAT
8356,PIH1D2
8357,NKAPD1
8358,TIMM8B
8359,IL18
8360,TEX12
8361,PTS
8362,PIP4K2A
8363,FREM2
8364,FOXO1
8365,SEC24D
8366,ABCB9
8367,RILPL2
8368,DHX37
8369,UBC
8370,ITPR1
8371,TKTL2
8372,PRSS53
8373,SLC7A11
8374,NOCT
8375,ENKUR
8376,GPR158
8377,CACNA1C
8378,KCNA6
8379,THRB
8380,NGLY1
8381,OXSM
8382,UEVLD
8383,TMEM86A
8384,TMEM263
8385,UBE3B
8386,ANK3
8387,IPMK
8388,RAD9B
8389,PLBD2
8390,SLC2A13
8391,GXYLT1
8392,TWF1
8393,DIP2C
8394,EIF4E
8395,MAGI1
8396,TEX30
8397,CSNK1G3
8398,SRFBP1
8399,AKAP6
8400,NPAS3
8401,FAM177A1
8402,MBIP
8403,MIPOL1
8404,EXT2
8405,TMEM18
8406,KCTD14
8407,THRSP
8408,NDUFC2
8409,ME3
8410,ADAMTS12
8411,NUBPL
8412,NEK7
8413,FER
8414,VIPAS39
8415,ANKRD50
8416,UPF2
8417,CDC123
8418,SCLT1
8419,CCDC3
8420,C4orf33
8421,FRMD4A
8422,PTPRO
8423,EPS8
8424,ACAD8
8425,THYN1
8426,VPS26B
8427,NCAPD3
8428,VTI1A
8429,QDPR
8430,TEX9
8431,QTRT2
8432,MMAA
8433,ZNF827
8434,EDNRA
8435,NR3C2
8436,AKR1C2
8437,DPYSL4
8438,VENTX
8439,ADAM8
8440,ITIH2
8441,KIN
8442,PIGF
8443,ANKAR
8444,INPP1
8445,MFSD6
8446,RNF144A
8447,ASAP2
8448,ADAM17
8449,FLI1
8450,KCNJ1
8451,TMEM45B
8452,WWC2
8453,CENPU
8454,ACSL1
8455,SLC25A4
8456,AMN1
8457,BICD1
8458,SAV1
8459,CCDC122
8460,SERP2
8461,NBAS
8462,ZNF385D
8463,GUF1
8464,SLC35F4
8465,GABRA2
8466,SACS
8467,CCDC175
8468,PABPC3
8469,FBXO4
8470,TMEM267
8471,CCL28
8472,PARP8
8473,GFRA1
8474,CACUL1
8475,DST
8476,BEND6
8477,TIAL1
8478,BAG3
8479,GLT1D1
8480,TMEM132D
8481,RBM46
8482,SCHIP1
8483,KCNE4
8484,AP1S3
8485,RABGAP1L
8486,CCDC74B
8487,TLCD4
8488,ASTN1
8489,CFC1B
8490,FAM168B
8491,PTPN14
8492,MGAT5
8493,TMEM163
8494,GPATCH11
8495,HSPB8
8496,GEMIN6
8497,TMEM178A
8498,POU4F1
8499,OBI1
8500,CYSLTR2
8501,GRID2
8502,ARL11
8503,RIT2
8504,SETBP1
8505,ARL14EP
8506,EPG5
8507,PSTPIP2
8508,ATP5F1A
8509,HAUS1
8510,SPC25
8511,G6PC2
8512,PDK1
8513,PDE3B
8514,TCF7L1
8515,TGOLN2
8516,SH2D6
8517,KCNK13
8518,UHMK1
8519,ATG10
8520,POC5
8521,SPOCK1
8522,FAM151B
8523,TADA1
8524,GUCY1A2
8525,CWF19L2
8526,JMY
8527,HOMER1
8528,XRCC4
8529,ZNF547
8530,ZNF773
8531,ZNF776
8532,ZNF256
8533,SUV39H2
8534,DCLRE1C
8535,OLAH
8536,RPP38
8537,NMT2
8538,ZSCAN1
8539,ZNF837
8540,USP12
8541,CCDC50
8542,CAMK4
8543,TRIM36
8544,ZFP36L2
8545,PAN3
8546,PLEKHH2
8547,PFKM
8548,TMEM123
8549,GRIA4
8550,IGSF10
8551,SPEF2
8552,SPARCL1
8553,DSPP
8554,DMP1
8555,MEPE
8556,MBNL1
8557,CAPSL
8558,NADK2
8559,GPD1L
8560,GJA1
8561,CCNO
8562,DDX4
8563,CLEC4F
8564,SLC30A6
8565,PELO
8566,RASGRP3
8567,SAR1B
8568,CATSPER3
8569,GPR180
8570,ANKRD22
8571,FARP1
8572,IFIT5
8573,SLC16A12
8574,PANK1
8575,PRDM8
8576,BMP3
8577,HNRNPDL
8578,HHEX
8579,UTRN
8580,GRM1
8581,GGPS1
8582,CNTNAP4
8583,ZNF117
8584,PART1
8585,RAB3C
8586,LMNTD1
8587,RAD17
8588,MED21
8589,PLOD2
8590,STK32B
8591,NRSN1
8592,JAKMIP1
8593,ZIC1
8594,ADGRA3
8595,CPB1
8596,SREK1IP1
8597,LGI2
8598,CWC27
8599,MR1
8600,SRP19
8601,CENPH
8602,CDYL
8603,CARHSP1
8604,TEKT5
8605,BANK1
8606,TXNDC11
8607,DAB2
8608,ACOXL
8609,BCL2L11
8610,ANAPC1
8611,SCOC
8612,CLGN
8613,CETN3
8614,SMARCA5
8615,SYCP2L
8616,BMP6
8617,RGPD3
8618,RASSF3
8619,HNRNPU
8620,RANBP2
8621,AHCTF1
8622,MERTK
8623,TMEM87B
8624,PTPRR
8625,NR4A2
8626,CCDC148
8627,PLA2R1
8628,RBMS1
8629,SCN3A
8630,FEZF2
8631,CD96
8632,SLC25A27
8633,CYRIB
8634,ASAP1
8635,TRAPPC8
8636,FAM81B
8637,LINC00467
8638,INO80C
8639,LPCAT1
8640,PLEKHG4B
8641,NMRAL1
8642,UBALD1
8643,C16orf89
8644,ING1
8645,TEX29
8646,ADPRHL1
8647,CMTM7
8648,FBXL2
8649,UBP1
8650,RMND5A
8651,CD8A
8652,RPIA
8653,GOLGA8F
8654,PTPRD
8655,LURAP1L
8656,CNKSR3
8657,GTF2E1
8658,CFDP1
8659,ZDHHC7
8660,CIBAR2
8661,JAZF1
8662,CMIP
8663,SPHKAP
8664,KCNJ16
8665,PID1
8666,TRIP12
8667,FBXO36
8668,CEBPG
8669,KCTD15
8670,ZNF599
8671,MCOLN2
8672,LGI4
8673,DDAH1
8674,SREK1
8675,CHD1
8676,ANKFN1
8677,DGKE
8678,HS2ST1
8679,MSI2
8680,CACNA2D1
8681,ZUP1
8682,HS3ST3A1
8683,GDPD1
8684,NUS1
8685,SEMA3D
8686,PPP2R5E
8687,GRAP
8688,SLC5A10
8689,AK5
8690,CABYR
8691,IMPACT
8692,ANKRD29
8693,SDHAF4
8694,CHST9
8695,THY1
8696,DNAAF1
8697,C16orf74
8698,TBCEL
8699,JPH3
8700,ANKH
8701,OTULIN
8702,UBASH3B
8703,ROBO4
8704,ROBO3
8705,TBRG1
8706,NRGN
8707,RETREG1
8708,CDH12
8709,GPR15
8710,TOMM70
8711,ABI3BP
8712,ANGPT1
8713,PITPNC1
8714,CC2D1B
8715,PRKCA
8716,LRRK1
8717,CEP112
8718,ABCA9
8719,ABCA6
8720,ABCA10
8721,ABCA5
8722,ENPP3
8723,UCHL1
8724,MIA3
8725,DISP1
8726,TNIK
8727,NEIL2
8728,PGM5
8729,OBSCN
8730,TRIM11
8731,ENAH
8732,CCSAP
8733,SH3RF1
8734,GBP5
8735,BUB3
8736,GPR26
8737,MMP21
8738,C10orf90
8739,DIPK1A
8740,ATP5MC3
8741,CNTNAP3B
8742,MAGED4
8743,SRSF12
8744,PDLIM3
8745,SORBS2
8746,ELOC
8747,LY96
8748,PSMA8
8749,TMSB4Y
8750,CXADR
8751,C21orf91
8752,CHODL
8753,NCAM2
8754,L3MBTL4
8755,PDE1C
8756,RABGEF1
8757,MRPL39
8758,JAM2
8759,ATP5PF
8760,GABPA
8761,ADAMTS1
8762,ADAMTS5
8763,TSEN2
8764,SLFN13
8765,WNT7A
8766,XPC
8767,CCDC174
8768,FGD5
8769,FLCN
8770,DPH3
8771,OXNAD1
8772,PLCL2
8773,CXXC1
8774,PPP4R1
8775,APCDD1
8776,PIEZO2
8777,MPPE1
8778,USP43
8779,RAB6B
8780,EME1
8781,EPHB1
8782,ACSS1
8783,ANKRD40
8784,ZNF18
8785,CA10
8786,VOPP1
8787,APOOL
8788,DKK2
8789,CYP2U1
8790,RSPH10B
8791,FBXL18
8792,CNTNAP5
8793,AK9
8794,KLF10
8795,AZIN1
8796,ATP6V1C1
8797,PIP4P2
8798,OTUD6B
8799,CDK19
8800,GTF3C6
8801,TTC39B
8802,AGPAT5
8803,MMS19
8804,PI4K2A
8805,MARVELD1
8806,ZFYVE27
8807,GOLGA7B
8808,GPR78
8809,TRMT44
8810,SLC25A28
8811,HSPA13
8812,SAMSN1
8813,USP25
8814,GRAMD2B
8815,ZCCHC10
8816,C16orf87
8817,MOV10
8818,RHOC
8819,PPM1J
8820,DBI
8821,SLC16A1
8822,HEATR3
8823,TRIM74
8824,NIFK
8825,OXA1L
8826,SLC7A7
8827,LARP1
8828,CNOT8
8829,GRIA1
8830,LRGUK
8831,SETD9
8832,MIER3
8833,NUP205
8834,ZKSCAN2
8835,C9orf85
8836,PIK3AP1
8837,RBM45
8838,TTN
8839,VSIG4
8840,PDIA4
8841,KDM8
8842,KCTD18
8843,FLACC1
8844,TMEM237
8845,FZD7
8846,SPAG17
8847,DEPTOR
8848,FMN2
8849,RNF20
8850,PPARGC1B
8851,ELMO1
8852,SLC26A2
8853,LSM11
8854,MED7
8855,SAXO1
8856,RRAGA
8857,SLC24A2
8858,PXYLP1
8859,ADCY8
8860,RASA2
8861,RMND1
8862,SLA
8863,TMBIM4
8864,VBP1
8865,RAB39B
8866,CLIC2
8867,AFF2
8868,MICU3
8869,GRIP1
8870,VPS37A
8871,KIF5A
8872,NAT2
8873,PSD3
8874,CARNMT1
8875,MCU
8876,MIDEAS
8877,CFAP70
8878,GNA14
8879,FAM161B
8880,GNAQ
8881,WIF1
8882,GPR61
8883,MMP16
8884,ADK
8885,KCNMA1
8886,BATF
8887,DCK
8888,ADAMTS3
8889,ALX3
8890,DPY19L4
8891,NDUFAF6
8892,DRAM2
8893,PPEF2
8894,CFAP161
8895,ART3
8896,WHAMM
8897,CXCL13
8898,USP16
8899,CCT8
8900,MAP3K7CL
8901,BACH1
8902,TSPAN7
8903,TIAM1
8904,SCAF4
8905,RPGR
8906,CDK20
8907,PCGF6
8908,ANKRD9
8909,SFR1
8910,SORCS3
8911,SFXN2
8912,FUT6
8913,TDRD9
8914,FGF18
8915,PCDH1
8916,SH3RF2
8917,GDF6
8918,UQCRB
8919,MTERF3
8920,PTDSS1
8921,PPP2R2B
8922,RPL30
8923,KCNS2
8924,SUPV3L1
8925,EEF1A1
8926,FBXO43
8927,HKDC1
8928,HK1
8929,TYSND1
8930,PHF6
8931,CD109
8932,LRFN2
8933,NODAL
8934,UBE2L6
8935,ZDHHC5
8936,MED19
8937,ZFAND3
8938,NPTN
8939,SAMD8
8940,RAB11FIP1
8941,UNC5D
8942,GLYATL2
8943,UTP14A
8944,AIFM1
8945,MAPK13
8946,BAG4
8947,MS4A1
8948,TBC1D31
8949,NTAQ1
8950,ATAD2
8951,FBXO32
8952,NSMCE2
8953,ZNF689
8954,PRR14
8955,FBRS
8956,FRRS1
8957,PHKG2
8958,SASS6
8959,COX6A2
8960,ITGAD
8961,ZIC3
8962,MALSU1
8963,VPS8
8964,GALK2
8965,LHFPL4
8966,B3GNT7
8967,BUB1B
8968,PDE6D
8969,EIF4A2
8970,BRPF1
8971,RPUSD3
8972,SST
8973,TATDN2
8974,GHRL
8975,SEC13
8976,EXOG
8977,NMNAT2
8978,ZFYVE9
8979,ATP2B2
8980,SLC6A1
8981,SMG1
8982,FCHO2
8983,RBPMS
8984,TMEM171
8985,KLHL40
8986,TIMP4
8987,SYN2
8988,NRG1
8989,ODR4
8990,CPT2
8991,LRP8
8992,CDCP2
8993,PAXIP1
8994,STEAP2
8995,SSBP3
8996,HTR5A
8997,CLDN12
8998,MMP14
8999,FZD1
9000,GATAD1
9001,SUSD3
9002,TMED6
9003,CLEC18A
9004,DHRS4
9005,CLEC18C
9006,ARMC12
9007,DDX19B
9008,ST3GAL2
9009,FCSK
9010,IL34
9011,DHRS1
9012,CACNA1D
9013,ARSL
9014,KIT
9015,HYDIN
9016,AASDH
9017,ZNF19
9018,CACNA2D3
9019,RNF111
9020,CCNB2
9021,FAM81A
9022,MYO1E
9023,APPL1
9024,PWWP3B
9025,AFAP1L1
9026,TSC22D3
9027,VPS26C
9028,DYRK1A
9029,KCNJ6
9030,KCNJ15
9031,ERG
9032,ETS2
9033,TSPAN18
9034,LCA5L
9035,SLC35B2
9036,TMEM164
9037,MX1
9038,CREB3L1
9039,C2CD2
9040,TAB3
9041,SLC38A10
9042,C9orf43
9043,PALM2AKAP2
9044,ZNF618
9045,DGKI
9046,TMEM268
9047,SVOPL
9048,SNX22
9049,UBN2
9050,BRAF
9051,ACAN
9052,PSMG3
9053,CABP1
9054,WDR19
9055,SLC37A3
9056,AP3S2
9057,FMNL2
9058,GAREM2
9059,SPPL3
9060,DPYSL5
9061,DRC1
9062,RAB28
9063,PANK4
9064,MEGF11
9065,C12orf43
9066,PEX10
9067,RER1
9068,RADIL
9069,SKI
9070,WIPI2
9071,LDLRAP1
9072,AGAP1
9073,KRTCAP3
9074,ANKRD61
9075,PAFAH2
9076,EXTL1
9077,SLC30A2
9078,BABAM2
9079,TRIM63
9080,CFAP251
9081,MRPL17
9082,DUSP2
9083,GRHL3
9084,UBXN11
9085,NLRP14
9086,PTPDC1
9087,GALNT14
9088,NCK1
9089,HPD
9090,RHPN1
9091,TPRG1L
9092,LRRC43
9093,PRXL2C
9094,XKR8
9095,CNNM4
9096,EYA3
9097,DZIP1L
9098,TMSB15A
9099,FANCC
9100,MRAS
9101,WASF2
9102,ABHD3
9103,ESYT3
9104,FAIM
9105,TENT5B
9106,CLSTN2
9107,COLEC12
9108,RNF207
9109,CUL4B
9110,GPR153
9111,SLC13A3
9112,GPRASP2
9113,RHBDL2
9114,AUTS2
9115,SHROOM4
9116,H2BC5
9117,CDC25C
9118,H4C8
9119,MITD1
9120,EIF5B
9121,RIBC1
9122,TMSB15B
9123,CATIP
9124,CNOT11
9125,KCNB1
9126,TSPAN33
9127,NRG2
9128,AHCYL2
9129,B4GALT5
9130,CD1D
9131,CD1A
9132,SPATA2
9133,CD1C
9134,CD1B
9135,CD1E
9136,HMHB1
9137,CPA2
9138,NCF1
9139,CPA5
9140,TSR2
9141,PPP1R9A
9142,ZC3H18
9143,ZFAND2B
9144,GDPD5
9145,DYNC1I1
9146,PFKFB1
9147,ALAS2
9148,TMED4
9149,PPP1R15B
9150,COPG2
9151,EMSY
9152,PAGE5
9153,GPAT4
9154,PKD1L1
9155,ZSCAN12
9156,TAGLN2
9157,ELK4
9158,SLAMF8
9159,SLC45A3
9160,DUSP23
9161,RNF166
9162,NBL1
9163,HTR6
9164,F11R
9165,USF1
9166,SPATA2L
9167,NIT1
9168,DEDD
9169,ZNF276
9170,NPM2
9171,EDA
9172,FGF17
9173,VWA5B1
9174,CDA
9175,PINK1
9176,B4GALT3
9177,DMTN
9178,ADAMTS4
9179,NDUFS2
9180,FCER1G
9181,TOMM40L
9182,MPZ
9183,CCAR2
9184,CACHD1
9185,CDC42SE2
9186,RAPGEF6
9187,EPB41
9188,MIS18A
9189,ALG8
9190,FBXW5
9191,CFAP298
9192,SYNJ1
9193,IFNAR2
9194,MRPL10
9195,IFNGR2
9196,SON
9197,DONSON
9198,SV2A
9199,LAD1
9200,STC1
9201,TNNI1
9202,CSRP1
9203,C1QC
9204,KCNE2
9205,ATP5MC1
9206,RCAN1
9207,UBE2Z
9208,CIART
9209,SNF8
9210,CLIC6
9211,CCDC24
9212,RUNX1
9213,CBR1
9214,CBR3
9215,GJD2
9216,ACTC1
9217,MORC3
9218,CHAF1B
9219,SIM2
9220,HLCS
9221,GOLGA6A
9222,SCUBE1
9223,ADPGK
9224,PTMS
9225,PADI4
9226,ADIPOR1
9227,CYB5R1
9228,PSMD4
9229,ATP13A2
9230,M1AP
9231,PSMB4
9232,IRX6
9233,BTG2
9234,HK2
9235,CELF3
9236,ALDH4A1
9237,STARD9
9238,THEM4
9239,TCHH
9240,UBR1
9241,AMFR
9242,MED8
9243,RGL4
9244,ISL2
9245,RSPRY1
9246,CCDC17
9247,GPBP1L1
9248,NAE1
9249,TMEM69
9250,ADGRG5
9251,DRC7
9252,ACE
9253,UROC1
9254,EFCAB14
9255,SPON2
9256,CHCHD6
9257,CTBP1
9258,LRRC36
9259,TPPP3
9260,ZDHHC1
9261,ATP6V0D1
9262,AGRP
9263,ZFYVE28
9264,CARMIL2
9265,C16orf86
9266,FAM131B
9267,RGS12
9268,PSKH1
9269,ZYX
9270,LYPD5
9271,CCDC117
9272,ZNF230
9273,CCDC107
9274,ZNF222
9275,NPR2
9276,ZNF221
9277,ZNF233
9278,ZNF235
9279,GNE
9280,TNFRSF13C
9281,OR3A3
9282,ARHGAP35
9283,PTGIR
9284,CALM3
9285,DFFA
9286,CCDC28B
9287,IQCC
9288,TMEM234
9289,BSDC1
9290,ZBTB8A
9291,ATAD3B
9292,SSU72
9293,UBE2J2
9294,ZNF362
9295,FNDC5
9296,CPAMD8
9297,NR2F6
9298,ANKLE1
9299,VMA21
9300,KALRN
9301,CILP2
9302,ABCG1
9303,TFF3
9304,TMPRSS3
9305,UBASH3A
9306,RSPH1
9307,SLC37A1
9308,PDE9A
9309,WDR4
9310,NDUFV3
9311,PKNOX1
9312,CBS
9313,U2AF1
9314,HSF2BP
9315,RRP1B
9316,PDXK
9317,G6PD
9318,CSTB
9319,RRP1
9320,AGPAT3
9321,TRAPPC10
9322,GAB3
9323,ICOSLG
9324,AIRE
9325,CFAP410
9326,LRRC3
9327,ITGB2
9328,RALGDS
9329,SPATC1L
9330,LSS
9331,VAV2
9332,MCM3AP
9333,C21orf58
9334,PCNT
9335,DIP2A
9336,S100B
9337,PRMT2
9338,CLDND2
9339,ZNF208
9340,CACFD1
9341,ZNF761
9342,ZNF714
9343,GPSM1
9344,C19orf47
9345,HIPK4
9346,CFAP157
9347,TOR2A
9348,ST6GALNAC6
9349,SHKBP1
9350,ZER1
9351,ZDHHC12
9352,PKN3
9353,SPTBN4
9354,BRSK1
9355,COX6B2
9356,NLRP4
9357,PLPP7
9358,TAOK1
9359,MED27
9360,DEDD2
9361,SIK3
9362,MPZL3
9363,JAML
9364,NEK8
9365,TLCD1
9366,PCSK7
9367,SAFB
9368,CD3G
9369,S100A1
9370,CHTOP
9371,CXCR5
9372,ZBTB7B
9373,FLAD1
9374,SHC1
9375,VPS11
9376,NLRX1
9377,ADAR
9378,IL6R
9379,UBE2Q1
9380,CHRNB2
9381,CRTC2
9382,ANO10
9383,FDPS
9384,RUSC1
9385,PAQR6
9386,PMF1
9387,SLC25A44
9388,LMNA
9389,CCR5
9390,NBEAL2
9391,CCDC12
9392,PTH1R
9393,UBQLN4
9394,MYL3
9395,PPP1R35
9396,GPATCH4
9397,FCRL3
9398,AZGP1
9399,FGFR4
9400,CYP3A4
9401,NACC1
9402,HK3
9403,LY6K
9404,IER2
9405,ZNF394
9406,CPSF4
9407,LY6E
9408,VPS28
9409,TONSL
9410,PTGER1
9411,PWWP3A
9412,RECQL4
9413,LRRC14
9414,ZNF333
9415,COL26A1
9416,PPP1R16A
9417,FOXH1
9418,ORAI2
9419,ALKBH4
9420,SH2B2
9421,SQSTM1
9422,RPL8
9423,MAML1
9424,PGLYRP2
9425,LRWD1
9426,FBXL13
9427,NAPEPLD
9428,SCGB3A1
9429,PSMC2
9430,CELF5
9431,MFSD12
9432,YDJC
9433,CCDC116
9434,DVL3
9435,AP2M1
9436,ABCF3
9437,PCYT1A
9438,FBXO27
9439,DMKN
9440,U2AF1L4
9441,NPHS1
9442,THAP8
9443,COX7A1
9444,ZNF382
9445,LRRC56
9446,PLXDC1
9447,PGAP3
9448,IKZF3
9449,GRIN2C
9450,FDXR
9451,SAP30BP
9452,ACOX1
9453,PRPSAP1
9454,CYGB
9455,SRSF2
9456,ZNF577
9457,TMEM143
9458,KLHL10
9459,KASH5
9460,HCRT
9461,ALDH16A1
9462,ITGA5
9463,SIGLEC11
9464,ZNF385A
9465,MPP3
9466,IZUMO2
9467,NAGS
9468,LSM12
9469,ASB16
9470,EMC10
9471,JOSD2
9472,SHANK1
9473,FAM171A2
9474,DBF4B
9475,PLCD3
9476,FMNL3
9477,AQP5
9478,RACGAP1
9479,LARP4
9480,TAMALIN
9481,RAVER1
9482,SYCE2
9483,SPC24
9484,IP6K3
9485,LEMD2
9486,ALOX15
9487,TREML1
9488,ZNF653
9489,MED11
9490,CXCL16
9491,SCIMP
9492,RNASEK-C17orf49
9493,ASGR2
9494,TNFSF13
9495,SENP3
9496,EIF4A1
9497,RPL26
9498,CCDC42
9499,POLR3K
9500,SNRNP25
9501,PRR35
9502,WDR90
9503,JMJD8
9504,CCDC78
9505,SPSB3
9506,MEIOB
9507,TEDC2
9508,CCNF
9509,TBC1D24
9510,AMDHD2
9511,NTN3
9512,BICDL2
9513,PAQR4
9514,FLYWCH2
9515,ZNF75A
9516,ADCY9
9517,SHANK2
9518,CLPB
9519,NEU3
9520,CYB561A3
9521,ASRGL1
9522,GNG3
9523,UBXN1
9524,LBHD1
9525,TTC9C
9526,TAF6L
9527,NXF1
9528,STX5
9529,SLC25A45
9530,RPL29
9531,SYVN1
9532,ZFPL1
9533,RPS6KA4
9534,LRP5
9535,TPCN2
9536,PDZK1IP1
9537,TAL1
9538,CMPK1
9539,BEND5
9540,ELAVL4
9541,COA7
9542,ZYG11B
9543,SLC1A7
9544,CZIB
9545,MAGOH
9546,ACOT11
9547,PARS2
9548,USP24
9549,PLPP3
9550,NOL9
9551,PRKAA2
9552,KLHL21
9553,ZSWIM5
9554,GMEB1
9555,SLC45A1
9556,SELENON
9557,AK4
9558,JAK1
9559,RAVER2
9560,CTRC
9561,LZIC
9562,RBP7
9563,FBLIM1
9564,SLC25A34
9565,AKR7A3
9566,DRAXIN
9567,PDPN
9568,LRRC38
9569,DHRS3
9570,MATN1
9571,LAPTM5
9572,SDC3
9573,PEF1
9574,SYNC
9575,RBBP4
9576,TSSK3
9577,TMCO4
9578,UBXN10
9579,CAMK2N1
9580,ALPL
9581,WNT4
9582,SCNN1D
9583,MXRA8
9584,FAAP20
9585,MEGF6
9586,IL23R
9587,DIRAS3
9588,C1orf87
9589,NFIA
9590,OMA1
9591,MYSM1
9592,TM2D1
9593,USP1
9594,FUBP1
9595,NEXN
9596,DNAJB4
9597,ADGRL4
9598,LRRIQ3
9599,LRRC53
9600,TYW3
9601,LHX8
9602,SNX7
9603,B3GALT2
9604,NTNG1
9605,HENMT1
9606,AKNAD1
9607,C1orf52
9608,GBP2
9609,ATXN7L2
9610,GBP4
9611,ZNF326
9612,HFM1
9613,BRINP3
9614,GFI1
9615,KCNT2
9616,AGL
9617,VCAM1
9618,EXTL2
9619,SLC30A7
9620,ZNF281
9621,ARPC5
9622,CADM3
9623,NLRP3
9624,TRIM58
9625,SLAMF9
9626,KCNJ9
9627,IGSF8
9628,DDR2
9629,PEA15
9630,PEX19
9631,NCSTN
9632,VANGL2
9633,SLAMF6
9634,OLFML2B
9635,FCRLB
9636,FCGR3B
9637,SLC9C2
9638,KLHDC9
9639,C1orf74
9640,LMX1A
9641,FLVCR1
9642,ATF3
9643,RBM15
9644,DENND2D
9645,AXDND1
9646,TDRD5
9647,IER5
9648,SNED1
9649,BPNT1
9650,SPATA17
9651,C1orf115
9652,BROX
9653,NBPF20
9654,ACP6
9655,WDR64
9656,TFB2M
9657,CNST
9658,PPP1R21
9659,KLHDC8A
9660,PM20D1
9661,PKDCC
9662,OXER1
9663,HAAO
9664,MAPKAPK2
9665,IL24
9666,FCMR
9667,PIGR
9668,FCAMR
9669,CAPN2
9670,MRPL55
9671,OBSCN-AS1
9672,WDR26
9673,REL
9674,PUS10
9675,PEX13
9676,TRIM17
9677,RFTN2
9678,DISC1
9679,LINC01931
9680,LRRTM1
9681,MEMO1
9682,DPY30
9683,TYW5
9684,MAIP1
9685,KCNF1
9686,SLC66A3
9687,ARL5A
9688,LRATD1
9689,KCNJ3
9690,NEUROD1
9691,CLHC1
9692,FRZB
9693,DUSP19
9694,CFAP36
9695,NUP35
9696,CCDC138
9697,ZSWIM2
9698,FBXO41
9699,WDCP
9700,SMC6
9701,VSNL1
9702,CCDC74A
9703,H3-3A
9704,ANKRD30BL
9705,COQ8A
9706,SLC16A14
9707,TEKT4
9708,EN1
9709,SGCB
9710,SPATA18
9711,CFAP221
9712,CCDC140
9713,SGPP2
9714,INHBB
9715,BBS5
9716,SMARCAD1
9717,HPGDS
9718,PDLIM5
9719,STPG2
9720,NEURL3
9721,RPRD2
9722,ANKRD23
9723,CTSS
9724,MSX1
9725,PACRGL
9726,BNIPL
9727,C1QTNF7
9728,TNFAIP8L2
9729,LYSMD1
9730,SCNM1
9731,TMOD4
9732,VPS72
9733,ERCC3
9734,RNF149
9735,IWS1
9736,BOLA3
9737,CDC42EP3
9738,S100A11
9739,SMCP
9740,DHX57
9741,ARHGAP25
9742,S100A9
9743,S100A12
9744,TGFA
9745,TDRD10
9746,CCNYL1
9747,FZD5
9748,DCAF16
9749,NPPC
9750,GNPDA2
9751,GABRG1
9752,GABRB1
9753,PAQR3
9754,NIPAL1
9755,ANTXR2
9756,HELQ
9757,MRPS18C
9758,CGGBP1
9759,ABRAXAS1
9760,GPR155
9761,DAPL1
9762,PMVK
9763,PBXIP1
9764,CLDN1
9765,PYGO2
9766,HIPK1
9767,DCST2
9768,DCST1
9769,COL6A3
9770,INAVA
9771,LINC01116
9772,YY1AP1
9773,KBTBD8
9774,TAFA4
9775,EOGT
9776,LMOD3
9777,NAXE
9778,POGLUT1
9779,SLC22A15
9780,CCKAR
9781,ATP1A1
9782,SLC15A2
9783,EIF4E3
9784,PROK2
9785,LRRC58
9786,FSTL1
9787,LMOD1
9788,ELF3
9789,TMEM183A
9790,TMEM169
9791,IGFBP7
9792,TRIM46
9793,KRTCAP2
9794,CXCR1
9795,ARPC2
9796,TSACC
9797,CCT3
9798,TMEM79
9799,SSR2
9800,RNF25
9801,STK36
9802,ADORA1
9803,NEK10
9804,CCDC141
9805,FEV
9806,CRYBA2
9807,IHH
9808,CIP2A
9809,EOMES
9810,CWC22
9811,AZI2
9812,TGFBR2
9813,ANKZF1
9814,HDAC11
9815,TRAT1
9816,FBLN2
9817,GLB1L
9818,STT3B
9819,CHCHD4
9820,NFASC
9821,FCRL1
9822,SGO2
9823,SERPINI1
9824,CLASP2
9825,SUCLG1
9826,NUAK2
9827,SPTA1
9828,PRKCI
9829,MNDA
9830,PYHIN1
9831,IFI16
9832,AIM2
9833,EFHB
9834,EIF5A2
9835,RPL22L1
9836,FABP1
9837,PPM1L
9838,ICA1L
9839,SNHG16
9840,CTLA4
9841,ICOS
9842,RYBP
9843,PPP4R2
9844,CD200R1
9845,GTPBP8
9846,SPICE1
9847,CCDC191
9848,CADPS
9849,NKX6-1
9850,CDS1
9851,WDFY3
9852,COX18
9853,PTPN13
9854,SYNPR
9855,ALB
9856,C3orf49
9857,THOC7
9858,ATXN7
9859,PSMD6
9860,PRICKLE2
9861,ADAMTS9
9862,PPM1K
9863,ERICH6
9864,CLRN1
9865,GMPS
9866,TIPARP
9867,CCNL1
9868,PTX3
9869,HESX1
9870,DCLK3
9871,SLMAP
9872,RPL9
9873,SMIM14
9874,RPP14
9875,ABHD6
9876,DNASE1L3
9877,CFAP20DC
9878,RBM47
9879,APBB2
9880,IL17RE
9881,IL17RC
9882,CRELD1
9883,PRRT3
9884,PCOLCE2
9885,U2SURP
9886,MTMR14
9887,TTC14
9888,CXCL3
9889,CXCL5
9890,PPBP
9891,PF4
9892,MTHFD2L
9893,CXCL1
9894,RCHY1
9895,PLSCR2
9896,CCDC158
9897,CPA3
9898,GYG1
9899,HPS3
9900,TM4SF18
9901,TOPBP1
9902,RYK
9903,SNRK
9904,TCF23
9905,UCN
9906,ZNF513
9907,SLC4A1AP
9908,PLB1
9909,SPDYA
9910,KIAA1143
9911,WDR43
9912,ZDHHC3
9913,CDCP1
9914,CLEC3B
9915,SLC6A20
9916,LZTFL1
9917,FYCO1
9918,CCR1
9919,LRRC2
9920,ELP6
9921,FBXO40
9922,DTX3L
9923,ZNF148
9924,NMNAT3
9925,SMIM12
9926,ZMYM6
9927,TPRA1
9928,YEATS2
9929,GRIK3
9930,ZC3H12A
9931,MEAF6
9932,SNIP1
9933,DNALI1
9934,POLR2H
9935,KLF15
9936,CFAP100
9937,CAMK2N2
9938,LIPH
9939,TMEM41A
9940,RPN1
9941,SENP2
9942,HEYL
9943,IFT122
9944,RHO
9945,IGF2BP2-AS1
9946,RFC4
9947,RPL39L
9948,BAP1
9949,TKT
9950,PRKCD
9951,RFT1
9952,SFMBT1
9953,GNL3
9954,PBRM1
9955,UVSSA
9956,TASOR
9957,ARHGEF3
9958,SLBP
9959,LRPAP1
9960,ZDHHC19
9961,SLC51A
9962,UBXN7
9963,RNF168
9964,PIGX
9965,MELTF
9966,S100P
9967,ABLIM2
9968,EXO5
9969,CLDN19
9970,C1orf50
9971,ERMAP
9972,ZNF691
9973,AIMP1
9974,SGMS2
9975,METAP1
9976,DNAJB14
9977,H2AZ1
9978,EMCN
9979,SLC9B1
9980,SLC9B2
9981,BDH2
9982,PGRMC2
9983,CDC25A
9984,CAMP
9985,ZNF589
9986,FBXW12
9987,PLXNB1
9988,CCDC51
9989,ATRIP
9990,SHISA5
9991,SPRY1
9992,BSN
9993,APEH
9994,INTU
9995,RNF123
9996,HSPA4L
9997,MFSD8
9998,ABHD18
9999,CAMKV
10000,MON1A
10001,MST1R
10002,RAD54L2
10003,TEX264
10004,GRM2
10005,DUSP7
10006,POC1A
10007,PPM1M
10008,ETNPPL
10009,WDR82
10010,PITX2
10011,PRSS12
10012,NDST3
10013,HMGB2
10014,SAP30
10015,SCRG1
10016,HAND2
10017,MAD2L1
10018,ANXA5
10019,MAP9
10020,GUCY1A1
10021,FBXO8
10022,CEP44
10023,HPGD
10024,ASB5
10025,TMEM144
10026,GASK1B
10027,NPY1R
10028,NAA15
10029,IL15
10030,ARFIP1
10031,ICE1
10032,HHIP
10033,ANAPC10
10034,ABCE1
10035,OTUD4
10036,LSM6
10037,TMEM184C
10038,PRMT9
10039,ITGA2
10040,MOCS2
10041,SLC45A2
10042,EDIL3
10043,TMEM161B
10044,ELOVL7
10045,NDUFAF2
10046,ZNF474
10047,LMBRD2
10048,RANBP3L
10049,NIPBL
10050,RNF180
10051,ADGRV1
10052,SLC25A46
10053,STARD4
10054,PGGT1B
10055,F2RL2
10056,CCDC112
10057,ANKRD33B
10058,CMBL
10059,C5orf63
10060,PRRC1
10061,F2RL1
10062,AGGF1
10063,WDR41
10064,NDUFS4
10065,SCGB3A2
10066,SPINK1
10067,HTR4
10068,ESM1
10069,GRPEL2
10070,ARSK
10071,RHOBTB3
10072,GPX8
10073,TIGD6
10074,SERINC5
10075,ENPP6
10076,CAGE1
10077,CASP3
10078,PRIMPOL
10079,ERAP1
10080,ERAP2
10081,CMYA5
10082,EGFLAM
10083,CFAP97
10084,CARTPT
10085,RICTOR
10086,TENT2
10087,EBF1
10088,ANKRA2
10089,UBLCP1
10090,UTP15
10091,TLR3
10092,KLKB1
10093,NSA2
10094,GFM2
10095,CCDC127
10096,FOXQ1
10097,LINC01600
10098,ACSL6
10099,CSF2
10100,SEPTIN8
10101,SHROOM1
10102,GDF9
10103,UQCRQ
10104,LEAP2
10105,GJB7
10106,SLC35A1
10107,GRIK2
10108,CGAS
10109,FABP7
10110,TXLNB
10111,CITED2
10112,CREBRF
10113,DCBLD1
10114,SFXN1
10115,SAMD3
10116,TMEM200A
10117,DACT2
10118,PDSS2
10119,STXBP5
10120,IL31RA
10121,ANKRD55
10122,RAET1E
10123,PI16
10124,DAGLB
10125,STK17A
10126,TRA2A
10127,GALNT10
10128,SAP30L
10129,RPS14
10130,HCN1
10131,MYOZ3
10132,COG5
10133,NEUROD6
10134,GPR85
10135,SLU7
10136,RP9
10137,PTTG1
10138,CAMLG
10139,BMPER
10140,RELL2
10141,SMAD5-AS1
10142,KCNK5
10143,KIF6
10144,ZNF12
10145,SLC29A4
10146,STEAP1
10147,CDCA7L
10148,MIOS
10149,ELAPOR2
10150,USP49
10151,SYTL3
10152,IQUB
10153,HEY1
10154,ZNF704
10155,FABP5
10156,SHH
10157,TAGAP
10158,COL1A2
10159,FNDC1
10160,CHMP4C
10161,SLC13A4
10162,PGAM2
10163,BRI3
10164,LMTK2
10165,CTSB
10166,SOX17
10167,DLC1
10168,ADCY1
10169,C8orf48
10170,SUN3
10171,C7orf57
10172,HNF4G
10173,PEX2
10174,RAD21
10175,MED30
10176,TNFRSF11B
10177,SBSPON
10178,PHKG1
10179,EN2
10180,KCNV1
10181,CSMD3
10182,SPIDR
10183,ORC5
10184,DNAAF5
10185,OSGIN2
10186,SUN1
10187,OXR1
10188,TMEM74
10189,GPR146
10190,GPER1
10191,UNCX
10192,TMEM184A
10193,NOS3
10194,MICALL2
10195,CA3
10196,INTS1
10197,CDK5
10198,SLC4A2
10199,FASTK
10200,TMUB1
10201,FMC1
10202,PHAX
10203,ALDH7A1
10204,FOXK1
10205,COX6C
10206,OSR2
10207,YWHAZ
10208,BAALC
10209,FZD6
10210,CTHRC1
10211,SLC25A32
10212,DCAF13
10213,DCSTAMP
10214,TP53INP1
10215,INTS8
10216,VIRMA
10217,FREM1
10218,GEM
10219,PDP1
10220,TMEM67
10221,WASHC5
10222,RPP25L
10223,FAM219A
10224,SNAPC3
10225,MYORG
10226,NUDT2
10227,TMEM65
10228,PSIP1
10229,CCDC171
10230,UBAP1
10231,DIRAS2
10232,SYK
10233,NIPSNAP3B
10234,ABCA1
10235,NFIL3
10236,LETM2
10237,METTL2B
10238,FXN
10239,ZMAT4
10240,TMEM71
10241,CPA6
10242,C8orf34
10243,TMC1
10244,ALDH1A1
10245,KDM1B
10246,HGSNAT
10247,RASEF
10248,GKAP1
10249,KIF27
10250,HNRNPK
10251,SSMEM1
10252,SVEP1
10253,ANKS6
10254,FBP1
10255,PGAP4
10256,ZHX1
10257,CFAP47
10258,CYBB
10259,DYNLT3
10260,METTL27
10261,MID1IP1
10262,SHOC1
10263,CXorf58
10264,KIAA1958
10265,PTCHD1
10266,RNF183
10267,ASB11
10268,PCDH19
10269,PIGA
10270,VEGFD
10271,OR1Q1
10272,STRBP
10273,CLDN3
10274,GAPVD1
10275,CARD19
10276,WNK2
10277,ATP7A
10278,ZNF367
10279,NLGN4Y
10280,HDX
10281,NDUFB6
10282,AQP7
10283,NOL6
10284,AQP3
10285,TRMT10B
10286,VCP
10287,PIGO
10288,STOML2
10289,BRWD3
10290,SLITRK5
10291,MELK
10292,ARMC3
10293,OTUD1
10294,ARHGAP12
10295,FAT3
10296,HECTD2
10297,SLC7A3
10298,FBXO33
10299,INTS6L
10300,LRFN5
10301,LRRC18
10302,SPTSSA
10303,WRN
10304,TSHR
10305,CFL2
10306,SUGT1
10307,GTF2A1
10308,ZCCHC24
10309,PGM2L1
10310,PHYHIPL
10311,SLC16A9
10312,FOLR2
10313,INPPL1
10314,PHOX2A
10315,GJB2
10316,CRYL1
10317,REEP3
10318,HEPACAM
10319,SKA3
10320,MICU2
10321,DDIAS
10322,PCF11
10323,PKNOX2
10324,LRR1
10325,RPL36AL
10326,DNAAF2
10327,DEPP1
10328,ZNF22-AS1
10329,ZNF22
10330,KLHDC2
10331,EML5
10332,NEMF
10333,RPUSD4
10334,ARF6
10335,TTC8
10336,TMEM63C
10337,NGB
10338,NOXRED1
10339,AMER2
10340,AKR1E2
10341,KBTBD6
10342,OTX2
10343,FAAH2
10344,NUDT5
10345,DACT1
10346,OXGR1
10347,UCMA
10348,BEND7
10349,ATP5F1C
10350,PRPF18
10351,TAF3
10352,VSTM4
10353,VDAC2
10354,SOHLH1
10355,COMTD1
10356,SLC18A2
10357,PDZD8
10358,ZNF503
10359,ABRAXAS2
10360,QSOX2
10361,FAM204A
10362,NSD1
10363,PRDX3
10364,ENOX2
10365,GHITM
10366,CLEC1B
10367,SNAPC4
10368,TMEM52B
10369,PMPCA
10370,ENTR1
10371,AK8
10372,SPACA9
10373,TSC1
10374,HPRT1
10375,DIPK1B
10376,ZMYND19
10377,STOX1
10378,RET
10379,DDX21
10380,BMS1
10381,STK32C
10382,JCAD
10383,FUNDC2
10384,PIP4P1
10385,METTL17
10386,NDRG2
10387,ARHGEF40
10388,NSMF
10389,ZNF219
10390,CASP7
10391,PPP1R36
10392,BTNL9
10393,CCDC186
10394,VWA2
10395,METTL3
10396,SALL2
10397,PRAP1
10398,TRUB1
10399,ERICH6B
10400,ZFYVE1
10401,HSPA12A
10402,FRAT1
10403,UBTD1
10404,ANKRD2
10405,E2F7
10406,ARHGAP42
10407,ISCA2
10408,OTOGL
10409,LARGE2
10410,PACSIN3
10411,TTC7B
10412,SLC39A13
10413,PSMC3
10414,RAPSN
10415,AGBL2
10416,CPSF2
10417,SMCO2
10418,MOAP1
10419,CLMN
10420,PDZRN4
10421,SLC6A5
10422,CCDC38
10423,NELL1
10424,PTER
10425,C1QL3
10426,CACNB2
10427,HACD1
10428,ARL5B
10429,SMCO4
10430,CEP295
10431,KCNC2
10432,TAF1D
10433,ABTB2
10434,R3HCC1L
10435,AMOTL1
10436,HTRA1
10437,LIPC
10438,CEP57
10439,TCP11L2
10440,SPRED1
10441,GPR176
10442,JAM3
10443,CMTM5
10444,GLB1L3
10445,ADAMTS15
10446,SVOP
10447,SPATA19
10448,GPT2
10449,AMN
10450,RAB8B
10451,IKBIP
10452,RPUSD2
10453,HIF1AN
10454,NDUFB8
10455,ZFYVE19
10456,SPINT1
10457,FBN1
10458,DEPDC4
10459,BRD7
10460,CKB
10461,TRMT61A
10462,BTRC
10463,POLL
10464,BAG5
10465,DPCD
10466,LARP6
10467,API5
10468,ASPG
10469,ZNF319
10470,HPS6
10471,SENP8
10472,NOLC1
10473,ALKBH3
10474,COPS2
10475,GABRB3
10476,SPIC
10477,SGPL1
10478,FRS2
10479,CCT2
10480,PCBD1
10481,ARIH1
10482,CLMP
10483,SCN3B
10484,COX11
10485,ZNF202
10486,FAM227B
10487,STXBP4
10488,CYYR1
10489,CUL5
10490,MYRFL
10491,WBP1L
10492,BORCS7
10493,PLEKHF1
10494,TMEM100
10495,ANAPC16
10496,SMPD1
10497,APBB1
10498,SYNPO2L
10499,NUDT13
10500,C11orf65
10501,TRIM44
10502,CCDC182
10503,ILK
10504,TAF10
10505,TPP1
10506,DCHS1
10507,NETO1
10508,MSS51
10509,CYB5A
10510,USP54
10511,RAG1
10512,IFTAP
10513,WDR88
10514,PPFIBP2
10515,CYB5R2
10516,SERPINB8
10517,TUB
10518,RIC3
10519,LMO1
10520,IDH3A
10521,CRABP1
10522,PLD4
10523,ZMAT1
10524,XRRA1
10525,TRIM66
10526,RNF169
10527,RPL27A
10528,DENND2B
10529,CDYL2
10530,TMEM130
10531,PRTG
10532,AKIP1
10533,C16orf46
10534,TMEM41B
10535,LEO1
10536,ZNF143
10537,TMX3
10538,MFAP4
10539,WEE1
10540,MAPK7
10541,PRKCB
10542,HDGFL3
10543,NDST2
10544,MCM7
10545,CCDC68
10546,CLEC4E
10547,ZNF3
10548,CLEC4D
10549,ZSCAN21
10550,RIMKLB
10551,A2ML1
10552,BEAN1
10553,TK2
10554,TMED3
10555,SLC38A8
10556,SEC11C
10557,GALR1
10558,TMEM135
10559,NDEL1
10560,CENPV
10561,RRAD
10562,CIAO2B
10563,CFAP52
10564,HSP90B1
10565,MC4R
10566,BLCAP
10567,ATF7IP2
10568,TVP23A
10569,BEX3
10570,TMPRSS5
10571,COG1
10572,PLEKHA7
10573,ZNF606
10574,ZCCHC18
10575,B2M
10576,ZNF592
10577,GOLM2
10578,HTR3A
10579,NNMT
10580,ACSM1
10581,AP1G1
10582,SLFN5
10583,CATSPER2
10584,ZNF667-AS1
10585,MARF1
10586,SAAL1
10587,YPEL4
10588,PPIB
10589,LDHC
10590,CIAO2A
10591,LDHAL6A
10592,FAM111A
10593,PCLAF
10594,KIF7
10595,LDHD
10596,PLIN1
10597,PEX11A
10598,TMEM170A
10599,MESP1
10600,ANPEP
10601,SCNN1G
10602,RBPMS2
10603,NAV2
10604,ANKDD1A
10605,GLYATL1
10606,C18orf54
10607,DCTN5
10608,TERF2IP
10609,PLK1
10610,CLPX
10611,ZBTB39
10612,CACNG2
10613,TAC3
10614,MYO1A
10615,NEMP1
10616,NAB2
10617,VPS39
10618,STAT6
10619,PATL1
10620,ELFN2
10621,STX3
10622,MRPL16
10623,PIP4K2C
10624,YWHAB
10625,MIR202HG
10626,SCG5
10627,NYAP1
10628,TSC22D4
10629,MS4A6E
10630,MS4A7
10631,MS4A14
10632,DIS3L
10633,CCNDBP1
10634,SMAD3
10635,CCDC178
10636,MAP1A
10637,RCCD1
10638,AKTIP
10639,MAPRE2
10640,EVA1C
10641,MARS1
10642,MBD6
10643,CNPY4
10644,PDIA3
10645,NUDT21
10646,NAT16
10647,NKX3-1
10648,SGSM1
10649,DUSP18
10650,TEF
10651,MEI1
10652,B4GALNT2
10653,PBX3
10654,GNGT2
10655,SNRPD1
10656,TTC16
10657,SAMD14
10658,PIP5KL1
10659,ACSF2
10660,GOLGA2
10661,TRUB2
10662,COQ4
10663,SLC27A4
10664,ANKRD40CL
10665,URM1
10666,CERCAM
10667,DOLPP1
10668,ENDOG
10669,PRRX2
10670,C15orf39
10671,ISLR2
10672,SP2
10673,COQ7
10674,GPRC5B
10675,CRK
10676,GOLGA6C
10677,FBXO22
10678,TBC1D2B
10679,NOD2
10680,SNX20
10681,KATNAL2
10682,HDHD2
10683,ZNF91
10684,IGF2
10685,RNF214
10686,CDK12
10687,DPEP2
10688,DUS2
10689,POP5
10690,ENGASE
10691,RBFOX3
10692,ATP5MG
10693,CD3D
10694,TBC1D16
10695,TEPSIN
10696,MYO5B
10697,ART5
10698,ACAA2
10699,STIM1
10700,RRM1
10701,TRIM68
10702,OR51I1
10703,FN3K
10704,PRRT2
10705,ZNF23
10706,IRGQ
10707,ZNF226
10708,ZNF180
10709,ZNF668
10710,ZNF646
10711,VKORC1
10712,GNG8
10713,CA4
10714,SMG8
10715,LINC00905
10716,TPM4
10717,RAB8A
10718,GPX4
10719,MIDN
10720,JSRP1
10721,NIBAN3
10722,KLHL26
10723,GATAD2A
10724,MVD
10725,CDT1
10726,TRAPPC2L
10727,ANKRD11
10728,SPATA33
10729,RSKR
10730,PROCA1
10731,RPL13
10732,ZNF641
10733,CACNB3
10734,DHRS13
10735,TP53I13
10736,KMT2D
10737,CORO6
10738,RHEBL1
10739,TUBA1A
10740,TUBA1C
10741,ZNF610
10742,ZNF528
10743,ZNF701
10744,SERTAD3
10745,NCKAP5L
10746,RAB4B
10747,GPD1
10748,PROSER3
10749,CYP2S1
10750,AXL
10751,NFKBID
10752,ANKRD33
10753,CDC42EP5
10754,LAIR2
10755,TMEM145
10756,ZNF526
10757,TRAPPC9
10758,NLRP7
10759,ZNF146
10760,ZNF283
10761,PPP1R14A
10762,SPINT2
10763,C19orf33
10764,YIF1B
10765,DNAAF3
10766,PSCA
10767,ATCAY
10768,DAPK3
10769,EEF2
10770,TMIGD2
10771,CHAF1A
10772,UBXN6
10773,HDGFL2
10774,PLIN4
10775,SEMA6B
10776,ZNF444
10777,TLCD3A
10778,GLOD4
10779,GPT
10780,KIFC2
10781,SLC43A2
10782,SERPINF2
10783,SRR
10784,TSR1
10785,TRPV3
10786,HSD11B1L
10787,CYB5D2
10788,GGT6
10789,KLK1
10790,KLK4
10791,KLK2
10792,KLK6
10793,ZNF83
10794,KRT1
10795,ACER1
10796,OTUB1
10797,RCOR2
10798,ANGPTL4
10799,CD320
10800,SPRYD3
10801,IGFBP6
10802,SOAT2
10803,ZNF558
10804,CABP2
10805,NDUFV1
10806,CDK2AP2
10807,NUDT8
10808,TBX10
10809,PRDX2
10810,ZNF232
10811,MIS12
10812,CD300C
10813,CD300A
10814,TEKT1
10815,HID1
10816,MRPL58
10817,ATP5PD
10818,TMEM88
10819,EVPL
10820,SRP68
10821,MGAT5B
10822,TMC8
10823,TK1
10824,TMEM68
10825,GSDMA
10826,GHDC
10827,FAM234A
10828,SOST
10829,RAB26
10830,MLST8
10831,E4F1
10832,DNASE1L2
10833,ECI1
10834,CASKIN1
10835,ABCA3
10836,KCTD5
10837,SRRM2
10838,ZNF597
10839,NLRC3
10840,SDHAF2
10841,DDB1
10842,VPS37C
10843,VWCE
10844,RAB3IL1
10845,BEST1
10846,FTH1
10847,BSCL2
10848,POLR2G
10849,SLC3A2
10850,PLAAT5
10851,SPINDOC
10852,ATG16L2
10853,C2CD3
10854,TRANK1
10855,TTC21A
10856,RPSA
10857,ENTPD3
10858,CTNNB1
10859,ULK4
10860,FADD
10861,LTBP3
10862,NAALADL1
10863,SAC3D1
10864,BATF2
10865,SLC22A11
10866,SF1
10867,MAP4K2
10868,CCDC88B
10869,SCARA3
10870,SCARA5
10871,PNOC
10872,COPS6
10873,PAFAH1B2
10874,ANKS3
10875,NUDT16L1
10876,KIAA1586
10877,RAB4A
10878,KCNJ4
10879,SETD5
10880,VASN
10881,THAP9
10882,RNF187
10883,HOOK3
10884,MAPK1IP1L
10885,DDIT4
10886,RBPJ
10887,LMBRD1
10888,ZCCHC4
10889,PTGDR
10890,TTC39C
10891,GLYCTK
10892,GNG4
10893,UBTD2
10894,NKIRAS2
10895,DNAJC7
10896,IRF2BP2
10897,NT5DC2
10898,COA6
10899,MGAT2
10900,BMI1
10901,THAP11
10902,MMADHC
10903,PDHB
10904,PXK
10905,H1-4
10906,PCMTD1
10907,KCTD6
10908,MPLKIP
10909,ACOX2
10910,FAM107A
10911,IRF2
10912,MOBP
10913,CX3CR1
10914,XIRP1
10915,INSM2
10916,DEGS2
10917,SCN11A
10918,ARF4
10919,SEPTIN2
10920,FILIP1L
10921,MFSD2A
10922,DTYMK
10923,TAP1
10924,ING5
10925,ATG4B
10926,BDKRB2
10927,MLKL
10928,RFWD3
10929,KCNG4
10930,RHOH
10931,KLHL30
10932,COG7
10933,CDC40
10934,STIP1
10935,SCNN1B
10936,HR
10937,TXNDC2
10938,RAB31
10939,REEP4
10940,TNXB
10941,LGI3
10942,SFTPC
10943,BMP1
10944,ATXN2L
10945,PHYHIP
10946,CCDC110
10947,POLR3D
10948,FEN1
10949,CAVIN2
10950,MTCL1
10951,GBX2
10952,HEXIM2
10953,FNTA
10954,SERINC2
10955,TRAPPC11
10956,CHRM1
10957,GFRA2
10958,ING2
10959,CDKN2AIP
10960,SNRNP48
10961,TMEM223
10962,SLC20A2
10963,CRYGA
10964,DYNLRB2
10965,TMUB2
10966,STAT3
10967,ZSWIM1
10968,GDNF
10969,AXIN2
10970,NDUFS5
10971,VWA3B
10972,ZNF30
10973,LRATD2
10974,LDLRAD4
10975,KCTD19
10976,SLC16A4
10977,IL7R
10978,TMEM208
10979,LRP1B
10980,AHCYL1
10981,DNAJC21
10982,PKIG
10983,NPNT
10984,CA7
10985,FAM178B
10986,SEMA4C
10987,CNNM3
10988,GSTM4
10989,TET2
10990,CXXC4
10991,TCTN2
10992,SHOX2
10993,PPIP5K1
10994,TSPAN5
10995,ABHD15
10996,ZBTB5
10997,CHTF8
10998,LCMT2
10999,IL12A
11000,ZNF507
11001,STX18
11002,NSG1
11003,ZBTB49
11004,GFM1
11005,FSTL5
11006,DDX19A
11007,ATOH8
11008,ANKRD49
11009,SFTPB
11010,USP39
11011,TNIP2
11012,C2orf68
11013,TMEM150A
11014,RNF181
11015,VAMP5
11016,LRRC28
11017,MAT2A
11018,ENHO
11019,ZNF608
11020,SLC35G2
11021,INPP5D
11022,LETM1
11023,TMEM129
11024,PPIC
11025,SPRY3
11026,CEP120
11027,STXBP6
11028,TM4SF20
11029,MFF
11030,GRM5
11031,LGALS9
11032,JMJD7-PLA2G4B
11033,CPLX1
11034,PXDC1
11035,SIGLEC7
11036,NTSR2
11037,E2F6
11038,FEM1B
11039,COMMD8
11040,ATP5ME
11041,UQCRFS1
11042,SLC49A3
11043,COL4A3
11044,MAP2K1
11045,KLK7
11046,IRS1
11047,MECP2
11048,VCX3A
11049,UPF3A
11050,ZBBX
11051,ROR2
11052,AR
11053,VXN
11054,HSPBAP1
11055,ASMTL
11056,CHST14
11057,PARM1
11058,CSNK1G1
11059,FAM110B
11060,AFAP1L2
11061,ZNF354A
11062,ATF5
11063,UBE2V2
11064,ZBTB43
11065,CPT1C
11066,PCSK9
11067,XPO6
11068,GSG1L
11069,MN1
11070,APEX2
11071,NSMCE1
11072,CCDC126
11073,IL13
11074,NPIPB12
11075,OR10G3
11076,RAB3B
11077,CD2BP2
11078,RGS14
11079,TBC1D10B
11080,LMAN2
11081,GCSAML
11082,RAB24
11083,PRELID1
11084,THBS3
11085,CA5B
11086,SLC50A1
11087,EFNA1
11088,CXCL10
11089,SH3TC2
11090,CXCL11
11091,ZRSR2
11092,NMD3
11093,ADRB2
11094,B3GALNT1
11095,GPRIN1
11096,HSPB3
11097,KCNAB1
11098,MRPL1
11099,SHE
11100,NR0B1
11101,PGM2
11102,STK32A
11103,IL1RAPL1
11104,P2RY12
11105,MINAR1
11106,GP2
11107,SLC33A1
11108,SNUPN
11109,CRADD
11110,SIN3A
11111,ARL13B
11112,RNASE2
11113,ELSPBP1
11114,RNASE3
11115,PTK2
11116,RSPH10B2
11117,PTAFR
11118,PTPN9
11119,RNASE6
11120,NPR1
11121,KCNK9
11122,CXCL8
11123,SCN9A
11124,RASSF6
11125,COL22A1
11126,SDC2
11127,CD52
11128,MMGT1
11129,TM2D2
11130,HTRA4
11131,PLEKHA2
11132,CLIC4
11133,SLC38A11
11134,GPR183
11135,CCDC8
11136,METTL15
11137,ZEB2
11138,GJB1
11139,PCBP1
11140,HINT1
11141,DTWD2
11142,CLIC3
11143,INO80E
11144,BNC1
11145,DFFB
11146,NFU1
11147,ANTXR1
11148,CKAP2L
11149,C15orf40
11150,RAMAC
11151,APLF
11152,BOLA2B
11153,RGPD8
11154,HIC2
11155,LUZP1
11156,HEXD
11157,BUB1
11158,SPNS1
11159,LRRC45
11160,CHRNA5
11161,CENPX
11162,AGPAT2
11163,ASPSCR1
11164,GP9
11165,FASN
11166,CNBP
11167,MT1E
11168,DUS1L
11169,GPS1
11170,RFNG
11171,DCXR
11172,ZNF32
11173,LDB2
11174,RAC3
11175,NRG4
11176,LIMS1
11177,TMEM266
11178,NLGN1
11179,TAPT1
11180,UGP2
11181,LINGO1
11182,HNRNPF
11183,BTD
11184,CSGALNACT2
11185,TACR3
11186,GSX1
11187,PCDH7
11188,ROBO1
11189,ONECUT1
11190,AVEN
11191,P2RY1
11192,CTNND2
11193,TRIM56
11194,WNT10B
11195,CALML6
11196,REPS2
11197,SYAP1
11198,ITGAM
11199,PYDC1
11200,TPST1
11201,TOR1AIP2
11202,TM4SF1
11203,OTUD3
11204,OTUD7A
11205,GUSB
11206,BRD3
11207,FRMPD4
11208,ZFPM2
11209,ZNF764
11210,HSFY2
11211,ZNF747
11212,ZNF768
11213,TAS1R3
11214,MAP3K2
11215,PUSL1
11216,SF3B5
11217,ZNF35
11218,TIGD4
11219,IFFO2
11220,NLGN2
11221,MYO7B
11222,CHD3
11223,TMEM154
11224,MYRIP
11225,ALCAM
11226,YWHAG
11227,UBE2E3
11228,CNTROB
11229,TRAPPC1
11230,ZPLD1
11231,KCNAB3
11232,FAM153A
11233,GPR37L1
11234,SIMC1
11235,TMEM192
11236,NSG2
11237,SPDYE5
11238,ZNF778
11239,NIPA1
11240,FOXD4
11241,UBE2E1
11242,HNRNPA3
11243,SIK2
11244,RNF150
11245,CCDC144A
11246,HOXD4
11247,USP38
11248,SLC16A5
11249,NANP
11250,ANKK1
11251,ADRA1B
11252,ADPRM
11253,FABP6
11254,PWWP2A
11255,USP50
11256,USP47
11257,PDCD6IP
11258,ZNF212
11259,MRAP
11260,FAM161A
11261,ZNF282
11262,GLB1
11263,FAXDC2
11264,CRTAP
11265,HSPB2
11266,C7orf33
11267,SLN
11268,CMTM8
11269,GABARAP
11270,LGALS9B
11271,STX8
11272,CDK1
11273,UBB
11274,NFRKB
11275,FABP4
11276,FRMPD2
11277,PRDM10
11278,B3GNT2
11279,FOS
11280,TMED10
11281,SETMAR
11282,SMAD1
11283,EMX2
11284,CST1
11285,SP7
11286,TCAF2
11287,SEMA3E
11288,LRRN2
11289,SLC30A1
11290,DCLK2
11291,ZNF804A
11292,TMEM182
11293,VSTM2A
11294,KRT8
11295,ADORA2B
11296,MGMT
11297,KRT86
11298,HARS1
11299,NFXL1
11300,DENND5B
11301,CD14
11302,DNAJC18
11303,RIOX1
11304,SPATA24
11305,RALGAPB
11306,PYM1
11307,MZB1
11308,SLC23A1
11309,NPAS2
11310,KRT72
11311,KISS1
11312,LONRF2
11313,NUDT9
11314,HSD17B13
11315,PA2G4
11316,ELOVL6
11317,PFKFB3
11318,TMC7
11319,ARL6IP1
11320,SERPINB9
11321,SMAGP
11322,IRX1
11323,CDH2
11324,IRX2
11325,EMB
11326,SIX2
11327,DLGAP1
11328,STAT2
11329,NUDCD2
11330,IRF2BP1
11331,HSPA4
11332,FOXA3
11333,SLC26A5
11334,COMMD5
11335,SGCD
11336,GTSF1
11337,ZNF16
11338,ARMC10
11339,RNF34
11340,ACYP2
11341,TRABD
11342,ATF7
11343,RASA4B
11344,SOCS6
11345,CAVIN4
11346,ZNF296
11347,HOXB9
11348,TTLL6
11349,POLH
11350,SYT9
11351,KCNS3
11352,RBMXL2
11353,KIF5B
11354,GPR37
11355,AKAP13
11356,CDCA4
11357,CHCHD7
11358,HTRA3
11359,FOXN2
11360,LMOD2
11361,BFSP2
11362,USP32
11363,CEL
11364,PPM1D
11365,GPR27
11366,KBTBD2
11367,RIOX2
11368,TRIAP1
11369,LSM3
11370,KIAA0232
11371,MTSS1
11372,TMEM43
11373,PLA2G1B
11374,CYTL1
11375,TRH
11376,GSTA4
11377,MSANTD4
11378,NDUFA3
11379,PAQR8
11380,NUDT6
11381,TANC2
11382,NCBP2L
11383,DNAJC24
11384,ZNF160
11385,ZNF415
11386,CAVIN3
11387,CEACAM3
11388,DCDC1
11389,HAS2
11390,PDGFD
11391,PLAC1
11392,S1PR1
11393,HS6ST2
11394,PYGO1
11395,LRRC8E
11396,PKIA
11397,TSNARE1
11398,FPR2
11399,FPR1
11400,PATE1
11401,FEZ2
11402,SOX7
11403,C11orf24
11404,ALK
11405,MTM1
11406,TRMT61B
11407,INSR
11408,MFN1
11409,GIMAP8
11410,HSFX1
11411,NRTN
11412,KCNMB3
11413,ATP6V0E2
11414,PRKCE
11415,JAGN1
11416,RLN3
11417,TADA3
11418,SOCS5
11419,MORN4
11420,ZNF672
11421,ZNF692
11422,NAIF1
11423,RBKS
11424,OR2M4
11425,GRIK1
11426,MUC7
11427,TMEM126A
11428,TMEM126B
11429,TRIM8
11430,NETO2
11431,CLDN20
11432,CDC42BPG
11433,SCAND1
11434,JUNB
11435,FAM241B
11436,TMEM37
11437,LRG1
11438,SHCBP1
11439,SOSTDC1
11440,NPTX1
11441,FAM98B
11442,ZNF439
11443,ZNF440
11444,GAA
11445,CANT1
11446,KCNK3
11447,ZDHHC16
11448,CHST11
11449,EXOSC1
11450,PGAM1
11451,CHD7
11452,ESCO2
11453,KRT19
11454,LURAP1
11455,CLCN5
11456,TPPP
11457,KCND3
11458,APLN
11459,PDE7B
11460,MRPL36
11461,ZNF581
11462,NAT1
11463,GLOD5
11464,KSR2
11465,ZNF524
11466,MCC
11467,ZBTB26
11468,CDK5R2
11469,DSEL
11470,POLR1C
11471,ASXL1
11472,DLK2
11473,ZNF562
11474,ZNF318
11475,ZNF561
11476,WIPF2
11477,HOPX
11478,SPACA5B
11479,LRRC8C
11480,SPACA5
11481,RSL1D1
11482,LRRC8D
11483,OR1L8
11484,PPID
11485,OR1N2
11486,COL24A1
11487,ETFDH
11488,RXFP1
11489,LPAR3
11490,PTGER4
11491,TBCA
11492,NEUROD2
11493,MAP6
11494,ECEL1
11495,BCL2L1
11496,OR2AT4
11497,FGB
11498,PLRG1
11499,ZNF584
11500,DSCAM
11501,DNAI2
11502,NMUR1
11503,CLSTN1
11504,CXXC5
11505,ZNF274
11506,PIK3CD
11507,PTCRA
11508,SLC25A33
11509,ENC1
11510,SPSB1
11511,P2RY6
11512,BPTF
11513,S100Z
11514,ZIK1
11515,GPR82
11516,GPR34
11517,PLEKHG5
11518,ATF7IP
11519,LKAAEAR1
11520,RGS19
11521,TCEA2
11522,ANO5
11523,HDAC3
11524,GPHN
11525,VAT1L
11526,TMEM51
11527,CAMTA1
11528,LRRC34
11529,PAH
11530,GATM
11531,SYCE1
11532,NXNL1
11533,RASGRP4
11534,NHLH1
11535,SLFNL1
11536,BCL2
11537,RHNO1
11538,CTPS1
11539,UTF1
11540,KNDC1
11541,WDR87
11542,METTL18
11543,CFAP46
11544,COL8A2
11545,PWWP2B
11546,PCDHB1
11547,ZNF540
11548,ANGPTL7
11549,FBXL14
11550,EXOSC10
11551,ZNF570
11552,NINJ2
11553,MLLT3
11554,FAM90A1
11555,RRM2
11556,RPS21
11557,C3AR1
11558,MRM3
11559,RPS7
11560,RNASEH1
11561,PRNP
11562,KLF17
11563,ADRA1D
11564,FRMD5
11565,AQP4
11566,MIR31HG
11567,CYP4F11
11568,TLN2
11569,LGALS9C
11570,TVP23B
11571,FBXW10
11572,ZNF217
11573,SRGAP2C
11574,SCG2
11575,ATPAF2
11576,CYP4F22
11577,FOXB1
11578,PPIH
11579,DRC3
11580,ZNF57
11581,SHLD1
11582,JMJD1C
11583,SYNPO
11584,ZNF556
11585,MAL
11586,ZNF554
11587,RAB33B
11588,THOP1
11589,GAP43
11590,EPHX4
11591,LAMB2
11592,USP19
11593,QARS1
11594,ORMDL3
11595,SERF1A
11596,KLF11
11597,LRRC15
11598,EIF2AK3
11599,MOB3A
11600,KRCC1
11601,NME6
11602,CYCS
11603,CD8B
11604,SLFN12
11605,CALB2
11606,SLC9C1
11607,OR1A1
11608,LCE1D
11609,FRMD3
11610,SNTB1
11611,MTBP
11612,TEFM
11613,MRPL13
11614,MALT1
11615,PRL
11616,ISG20
11617,MBOAT1
11618,ID4
11619,CXCR6
11620,CEBPB
11621,TPSAB1
11622,ATOH1
11623,PAIP1
11624,CLEC7A
11625,C5orf34
11626,C1QTNF4
11627,NEGR1
11628,ZNF131
11629,MACROD2
11630,DPAGT1
11631,BSG
11632,HINFP
11633,CERS6
11634,SPTLC3
11635,COPRS
11636,TP53RK
11637,B3GALT1
11638,CLEC12A
11639,BPGM
11640,POP7
11641,ALG14
11642,SUCLG2
11643,STARD5
11644,CSDC2
11645,RCAN2
11646,IL16
11647,ABCG4
11648,GNB2
11649,CFAP53
11650,MCRIP2
11651,C2CD2L
11652,ARNT2
11653,GNG12
11654,PRSS27
11655,MYOZ2
11656,SYNPO2
11657,DNAJB7
11658,CLP1
11659,INSL5
11660,TTC36
11661,RSPH9
11662,COPS9
11663,GTPBP2
11664,FGGY
11665,IL17D
11666,FUT9
11667,TCEAL1
11668,ZNF24
11669,HSFY1
11670,MANEA
11671,RAB40A
11672,AFF1
11673,ACOT12
11674,FIBP
11675,CARNS1
11676,OR10H5
11677,BANP
11678,PPP1CA
11679,HCFC1
11680,CTSW
11681,NIPAL4
11682,SNTG2
11683,FNDC9
11684,PDE3A
11685,RASGRP1
11686,KLHL6
11687,CHCHD1
11688,MRPL52
11689,SMPDL3A
11690,RND1
11691,RAD9A
11692,EFEMP2
11693,AGAP5
11694,WASHC2C
11695,TMEM134
11696,ZMAT3
11697,ZFAND4
11698,MOS
11699,ZNF738
11700,SLFN11
11701,CCL19
11702,CORO1B
11703,LRRC20
11704,MUS81
11705,PURG
11706,TMEM217
11707,OR4D9
11708,ZNF596
11709,CFL1
11710,TMCC1
11711,NAA16
11712,EFCAB12
11713,PSME3IP1
11714,RAB43
11715,FADS6
11716,HOXC5
11717,RAB37
11718,DCP2
11719,SNX32
11720,RPL38
11721,CYP7B1
11722,OVOL1
11723,RARG
11724,CES4A
11725,CES3
11726,SSH3
11727,CES2
11728,PDP2
11729,SP3
11730,KRT2
11731,DMXL1
11732,ZNF621
11733,EGFL7
11734,NADSYN1
11735,DHCR7
11736,LVRN
11737,NBEA
11738,RNASEH2C
11739,MYEOV
11740,ANKRD13D
11741,MRGPRF
11742,MYD88
11743,OXSR1
11744,SLC22A13
11745,PHF8
11746,LCLAT1
11747,MIR4435-2HG
11748,KAT5
11749,SH3RF3
11750,GXYLT2
11751,HPSE2
11752,DCAKD
11753,ARPP21
11754,TADA2B
11755,GRK2
11756,RELA
11757,EVC2
11758,ZNF680
11759,HECTD4
11760,FAM222B
11761,BNC2
11762,DELEC1
11763,RXFP4
11764,HPSE
11765,COQ2
11766,HSPA6
11767,TRMT112
11768,LRRN3
11769,KDM2A
11770,ACSM6
11771,ADCK5
11772,MRPL57
11773,NOC3L
11774,ESRRA
11775,RHOD
11776,ADAMTS20
11777,COMMD1
11778,RAPH1
11779,MTX1
11780,ADCY5
11781,PARP14
11782,CYSLTR1
11783,PARP15
11784,CKS1B
11785,ABCD2
11786,ABLIM3
11787,MAB21L3
11788,VANGL1
11789,GLRX
11790,IQCB1
11791,SYT12
11792,GOLGB1
11793,GPR151
11794,DMRT2
11795,ZNF483
11796,PLAC8L1
11797,SLC2A14
11798,GPR137
11799,SNCG
11800,MMRN2
11801,MZT2A
11802,TNKS
11803,ZNF449
11804,ZBTB21
11805,PPP1R3B
11806,OR10K1
11807,STOX2
11808,MAP3K11
11809,TRIB1
11810,KCNK7
11811,SFT2D3
11812,C1QB
11813,C1QA
11814,NDNF
11815,OLR1
11816,GLIPR1L1
11817,DAG1
11818,INSM1
11819,DAB1
11820,ARV1
11821,NAA20
11822,IHO1
11823,MICOS10
11824,EHBP1L1
11825,THAP2
11826,TMEM196
11827,RNF26
11828,PPP1R14B
11829,ZNRD2
11830,SMARCC1
11831,ZNF417
11832,PTPRM
11833,FKBP2
11834,VEGFB
11835,PEAK1
11836,TNFRSF10D
11837,MST1
11838,TNFRSF10C
11839,GMPPB
11840,MOB1B
11841,ZNF622
11842,CSPG4
11843,SNX33
11844,NABP1
11845,ADGRF3
11846,CHD2
11847,XCR1
11848,CCDC106
11849,CCR9
11850,CEP83
11851,SULT1B1
11852,NUDT4
11853,PC
11854,SCAI
11855,NMNAT1
11856,LRFN4
11857,TRAPPC3L
11858,SLC19A1
11859,HSPB7
11860,RCE1
11861,UQCRH
11862,TAS1R1
11863,EIF1AX
11864,SPDYE2B
11865,BCLAF3
11866,PSMD1
11867,ADGRG2
11868,SUSD5
11869,HEG1
11870,WFIKKN2
11871,TOMM20
11872,AGFG1
11873,STAT5B
11874,CD7
11875,CNP
11876,JUP
11877,HAP1
11878,TDRD12
11879,CCDC13-AS1
11880,EIF1
11881,ENDOV
11882,RNF213
11883,TIGD3
11884,KCNH6
11885,MARCHF10
11886,PLK3
11887,NET1
11888,DPY19L1
11889,PHOSPHO1
11890,ZNF791
11891,PHC3
11892,GPR160
11893,CBX2
11894,SPTBN2
11895,GOLIM4
11896,RBM4B
11897,HOXB2
11898,C1QTNF1
11899,MARCHF3
11900,SWSAP1
11901,SLCO4C1
11902,RBM4
11903,XXYLT1
11904,UBXN2A
11905,RAX2
11906,LRRC63
11907,TCAP
11908,CCS
11909,NRROS
11910,CEP19
11911,KLHL15
11912,FBXO45
11913,GNG5
11914,SLC25A30
11915,CD34
11916,CTSF
11917,MSRB3
11918,LEMD3
11919,TLR10
11920,TLR1
11921,TLR6
11922,FAM174A
11923,RGMB
11924,FAM53A
11925,NWD2
11926,CYB561D1
11927,ZDHHC24
11928,TRMT10C
11929,CTU2
11930,MGA
11931,SNX31
11932,PIGG
11933,ADCY6
11934,REP15
11935,PITPNA
11936,DDX23
11937,ZNF80
11938,ZNHIT2
11939,TNK1
11940,ZHX3
11941,PHLDA3
11942,SLC16A11
11943,SLC16A13
11944,GLIS1
11945,CHRNA9
11946,PODN
11947,SNHG11
11948,EXO1
11949,RALGAPA1
11950,LIG4
11951,GTF2IRD2B
11952,ABRA
11953,ATP2A2
11954,ZWILCH
11955,RPL4
11956,SNAPC5
11957,STARD6
11958,GOLGA6L2
11959,VWC2L
11960,C12orf76
11961,ZCCHC12
11962,CNTNAP2
11963,GALNTL6
11964,LINGO2
11965,BBS1
11966,DENND4A
11967,IGDCC3
11968,ANKRD36C
11969,PELI3
11970,TTC9B
11971,TMEM81
11972,MRPL11
11973,IL20RB
11974,GOLT1A
11975,AKIRIN1
11976,MSL2
11977,ZNF497
11978,TRAM1L1
11979,CMKLR1
11980,ANGEL2
11981,UGT8
11982,KY
11983,IQCK
11984,SLCO2A1
11985,ZNF266
11986,SLC29A2
11987,B4GAT1
11988,TMEM167A
11989,LEP
11990,SH3PXD2B
11991,RESF1
11992,LARP7
11993,FGFBP3
11994,NR1D2
11995,PABPC5
11996,BRMS1
11997,RPL15
11998,FAM241A
11999,WDR49
12000,SRP72
12001,PCP2
12002,RIN1
12003,ODAPH
12004,THAP6
12005,CEP135
12006,FZD4
12007,CD248
12008,BTC
12009,PDZK1
12010,ADGRE1
12011,DENND6A
12012,PDE12
12013,GLMN
12014,DNAH12
12015,YIF1A
12016,CNIH2
12017,AMY1B
12018,NLRP6
12019,NDUFA11
12020,RSRC1
12021,CATSPERD
12022,RAB1B
12023,MICOS13
12024,C3orf33
12025,SEZ6L2
12026,ASPHD1
12027,KCTD13
12028,P2RY14
12029,AMZ1
12030,GPR171
12031,FUT1
12032,ZIC4
12033,FBXW8
12034,CA5A
12035,KLC2
12036,SLC22A1
12037,CTBP2
12038,CHST2
12039,ZDHHC14
12040,ATR
12041,SNHG29
12042,UBE2C
12043,GK5
12044,VCPIP1
12045,DES
12046,PDIK1L
12047,SPSB4
12048,TRAF6
12049,ZNF654
12050,TVP23C
12051,MRPS22
12052,PACS1
12053,MARCKSL1
12054,SH3BP5L
12055,TMEM51-AS1
12056,YPEL2
12057,CADM2
12058,PSMD2
12059,PPM1E
12060,FAM131A
12061,CSRP2
12062,INHBC
12063,PARL
12064,DDIT3
12065,PCCA
12066,DCTN2
12067,NPPA
12068,ZNF408
12069,CTDSP2
12070,CKAP5
12071,ARHGAP1
12072,ATG13
12073,GAL3ST3
12074,CHST1
12075,VWA3A
12076,TP53I11
12077,CENPS
12078,DOLK
12079,PHYHD1
12080,CATSPER1
12081,CCNE2
12082,PHYKPL
12083,CST6
12084,GRAMD2A
12085,ZNF519
12086,LSM1
12087,BANF1
12088,APOF
12089,CHRNA7
12090,TMEM9B
12091,NRIP3
12092,PTPN2
12093,SCUBE2
12094,EIF1AD
12095,SMAD2
12096,EIF3F
12097,ZNF25
12098,ARL10
12099,CLTB
12100,PCSK1
12101,LPL
12102,RFESD
12103,CCDC14
12104,TBC1D10C
12105,SART1
12106,PPP2R2D
12107,MCTP1
12108,POLD4
12109,LRRC25
12110,DPP10
12111,CLCF1
12112,TSGA10IP
12113,UBQLNL
12114,UBQLN3
12115,LIPT2
12116,KCNE3
12117,CABP4
12118,ALG10B
12119,DRAP1
12120,LONRF3
12121,UCP3
12122,UCP2
12123,C11orf68
12124,PAAF1
12125,MRPL48
12126,RAB6A
12127,P2RY2
12128,FOSL1
12129,ERCC4
12130,SUGCT
12131,CCDC85B
12132,TMEM70
12133,RPS6KB2
12134,RMI2
12135,TOM1L2
12136,TEX26
12137,ZNF77
12138,GPR156
12139,MTLN
12140,KDF1
12141,NR2F1
12142,AURKAIP1
12143,TTLL11
12144,EIF4E1B
12145,TOMM5
12146,LINC01106
12147,ZBTB44-DT
12148,LINC02694
12149,SLC35E3
12150,ZNF169
12151,RUVBL1
12152,SFN
12153,CTDNEP1
12154,ETV4
12155,SWI5
12156,GAPT
12157,BAIAP2
12158,CALCB
12159,CREG2
12160,HOXD8
12161,ZDHHC21
12162,PLEKHF2
12163,A2M
12164,ARL4D
12165,DOK7
12166,LRRN1
12167,UBE2O
12168,ORAI3
12169,LINC02880
12170,UNC119B
12171,DENND2C
12172,PLEKHD1
12173,TUBB6
12174,LYSMD3
12175,AMIGO3
12176,B3GALT6
12177,ZNF613
12178,TMPRSS7
12179,NUPR1
12180,JAKMIP2
12181,MBLAC2
12182,TPRN
12183,KCNE5
12184,ZNF683
12185,SLC35A4
12186,CRYBG2
12187,IP6K1
12188,SSNA1
12189,CSTF3
12190,YES1
12191,CHMP6
12192,DLEU1
12193,UFSP1
12194,MC5R
12195,TMEM39A
12196,TCP11L1
12197,GPX2
12198,CCDC57
12199,HSF5
12200,FOXG1
12201,SPHK1
12202,BNIP3
12203,ENTHD1
12204,MYPOP
12205,CIDEA
12206,LRRTM4
12207,ATAD5
12208,SMIM19
12209,ZNF404
12210,RTTN
12211,RPP38-DT
12212,ACBD7
12213,ANAPC2
12214,ZBTB8OS
12215,SLC35G1
12216,ZNF135
12217,FOXR1
12218,COX8A
12219,TAC4
12220,ZSCAN2
12221,PRR18
12222,B3GNT4
12223,CDC26
12224,HSD11B2
12225,CRLF3
12226,RNPEP
12227,EID2
12228,DMRTA1
12229,EID2B
12230,GJC3
12231,RIMS2
12232,KCMF1
12233,DNAJC30
12234,SPRYD4
12235,VPS37D
12236,CLEC14A
12237,SYNE3
12238,CLK2
12239,LPCAT4
12240,SLCO3A1
12241,ZNF575
12242,WDR25
12243,SGF29
12244,PLAAT3
12245,DIRAS1
12246,OR5AN1
12247,PHLDB3
12248,PRR15
12249,GNG7
12250,USF3
12251,CNTD1
12252,DCAF4L2
12253,B3GNT5
12254,MAP3K19
12255,LMNB2
12256,RMDN1
12257,MEX3C
12258,HORMAD2
12259,RNF152
12260,MYO1D
12261,FOXC2
12262,BDNF
12263,CCDC121
12264,ACSF3
12265,BOK
12266,ZNF843
12267,TTTY14
12268,RBIS
12269,PFN4
12270,CDK5R1
12271,TCERG1L
12272,NCKAP5
12273,BASP1
12274,LRRC37A3
12275,VSIG10
12276,MIR7-3HG
12277,IRX5
12278,METRNL
12279,FAM91A1
12280,WSB2
12281,GRIN1
12282,SOX11
12283,TYMS
12284,PXMP2
12285,TCEANC
12286,PNMA1
12287,TCIM
12288,MAMSTR
12289,ANKLE2
12290,C8G
12291,FUT2
12292,EFCAB5
12293,GCNT4
12294,THAP4
12295,NFATC2IP
12296,LY6H
12297,FIBIN
12298,FAM89B
12299,SHMT1
12300,DPP7
12301,SEC24C
12302,SMCR8
12303,MTHFR
12304,C19orf18
12305,DEAF1
12306,MTX3
12307,TMEM80
12308,SIX5
12309,FBXO46
12310,ZDHHC13
12311,SLC38A9
12312,ACER2
12313,WDR73
12314,POLE
12315,PHETA2
12316,SCN4B
12317,DSCAML1
12318,RHOG
12319,EPS8L2
12320,ZDHHC22
12321,IRAG1-AS1
12322,ANO6
12323,ZBTB34
12324,FAM9B
12325,NUDT4B
12326,FAM210A
12327,TALDO1
12328,ULK1
12329,RIMKLA
12330,CLVS1
12331,RPS6KA3
12332,B3GNT8
12333,PUS1
12334,CHD9
12335,GATD1
12336,LINC01561
12337,TRIM72
12338,MAN1B1
12339,KCNA3
12340,FZD8
12341,GJD4
12342,FBXO39
12343,CLDN22
12344,KCNA2
12345,CASKIN2
12346,ZBTB38
12347,FLJ13224
12348,CCDC71
12349,LRRN4CL
12350,FLJ40194
12351,TIMM22
12352,HIC1
12353,PPFIA3
12354,MAGEF1
12355,UMODL1
12356,NINJ2-AS1
12357,SAMD9L
12358,ZFAS1
12359,PAWR
12360,TGIF1
12361,NAP1L5
12362,NIM1K
12363,CD19
12364,ERICH5
12365,NR2C2
12366,ACOT4
12367,CAVIN1
12368,ARIH2
12369,RBM44
12370,ZBTB33
12371,ZBED2
12372,IRX3
12373,ST8SIA3
12374,RPRM
12375,OR2B11
12376,SLC25A22
12377,RABEP2
12378,NHLH2
12379,ATOX1
12380,TBL1XR1
12381,SAMD12
12382,CD163
12383,C18orf32
12384,PIDD1
12385,ZNF491
12386,RPLP2
12387,HASPIN
12388,JUN
12389,CSTF2T
12390,PGBD5
12391,C12orf54
12392,CASC2
12393,ACAD9
12394,IL17RA
12395,PNPLA2
12396,MBOAT4
12397,AGTRAP
12398,CD163L1
12399,SRRM3
12400,THAP5
12401,CRACR2B
12402,SUMO4
12403,MAGEB10
12404,NAALADL2
12405,CD151
12406,POLR2L
12407,NECTIN3
12408,SLC35G5
12409,ANXA2R
12410,TMEM94
12411,FLII
12412,SOX12
12413,HNRNPA0
12414,YIPF7
12415,FAM87B
12416,MYOZ1
12417,TMEM78
12418,KCNJ10
12419,CHID1
12420,ZNF620
12421,ZNF518A
12422,TMEM187
12423,SVBP
12424,ZNF619
12425,CCDC184
12426,AP3S1
12427,GRB2
12428,ZBTB41
12429,UBE2N
12430,ARL6IP6
12431,ZNF354C
12432,MAMDC4
12433,BET1L
12434,RPS27
12435,RIC8A
12436,IMP3
12437,ASB8
12438,LCN15
12439,DPY19L2
12440,ZNRF3-AS1
12441,GPR150
12442,TSPYL6
12443,LRRC75B
12444,DMAP1
12445,ADAMTSL1
12446,CALHM5
12447,IMPDH2
12448,ALS2CL
12449,MLF1
12450,NDUFAF3
12451,C2orf69
12452,GRAMD1C
12453,STAP2
12454,TSSK6
12455,BOLA1
12456,PDE4DIP
12457,DDX10
12458,PPP1R42
12459,NDUFV2
12460,DALRD3
12461,ZNF114
12462,ZNF518B
12463,AMER3
12464,SPINK6
12465,ZNF366
12466,LCORL
12467,PARD6G
12468,ZNF454
12469,SH2B1
12470,ZC3H12D
12471,VN1R1
12472,POGLUT3
12473,PLEC
12474,SH2D4B
12475,RNF212
12476,PRSS36
12477,ZNF543
12478,TMEM151B
12479,GALNT11
12480,SLITRK1
12481,WDR6
12482,GEN1
12483,TMPRSS9
12484,AQP11
12485,TMEM11
12486,ZNF354B
12487,KCNG2
12488,SHISA3
12489,ZFAND2A
12490,PLEKHM3
12491,ZNF223
12492,HTR1A
12493,FAM220A
12494,DNAJC22
12495,NEUROG2
12496,CEP295NL
12497,BEND3
12498,NT5DC1
12499,TIMM23B-AGAP6
12500,GLDC
12501,COX14
12502,MCMDC2
12503,P4HTM
12504,DTX3
12505,KLHL11
12506,CTXN1
12507,SLC25A20
12508,CA8
12509,CD28
12510,EPM2AIP1
12511,ERBB4
12512,MAF
12513,CTNNBIP1
12514,OTOS
12515,ERN1
12516,GPR35
12517,C10orf53
12518,CSRNP3
12519,ZNF713
12520,PARP10
12521,SUZ12
12522,NSUN3
12523,KCTD12
12524,DHFR2
12525,RPP25
12526,GRINA
12527,THBD
12528,GP5
12529,LMO7DN
12530,COX5A
12531,STX19
12532,ERFE
12533,FAM219B
12534,ZHX2
12535,CPNE7
12536,RIIAD1
12537,MPI
12538,ADORA2A-AS1
12539,TRIM73
12540,OPLAH
12541,TMEM52
12542,TMEM139
12543,EFCAB13
12544,MSC
12545,APOLD1
12546,RFLNA
12547,EXOSC4
12548,DPY19L3
12549,TAF7
12550,FOXE1
12551,PFAS
12552,HYI
12553,CYBC1
12554,LGALS7B
12555,ZNF552
12556,SMIM10L2A
12557,GAK
12558,ZBTB7A
12559,TUFM
12560,ERICH3
12561,RMI1
12562,CTC1
12563,FBXO34
12564,LINC00324
12565,SELENOW
12566,MRFAP1L1
12567,SNX18
12568,EXD1
12569,AURKB
12570,C14orf39
12571,MRFAP1
12572,C3orf38
12573,TMEM107
12574,RRS1
12575,EXOC3L1
12576,IGSF22
12577,C9orf50
12578,ZFP42
12579,CCDC89
12580,FAM133A
12581,DPM3
12582,C12orf42
12583,CYC1
12584,PER1
12585,HTR1F
12586,TMTC2
12587,HES7
12588,FARSA
12589,SPTY2D1
12590,C10orf67
12591,SAMD4B
12592,GIMAP7
12593,ALOXE3
12594,EDC3
12595,TCAIM
12596,FUCA1
12597,PXT1
12598,GGN
12599,TMEM125
12600,ZNF664
12601,CALR
12602,LINC00311
12603,MAGED1
12604,GVQW3
12605,LDLRAD3
12606,RAD23A
12607,PCARE
12608,GADD45GIP1
12609,DAND5
12610,TMEM151A
12611,PTPN11
12612,NSUN7
12613,FAM156B
12614,WSCD1
12615,RAB39A
12616,CLK3
12617,GATA2
12618,ARID3B
12619,TMEM31
12620,PACS2
12621,ELMOD2
12622,EGR3
12623,CATSPERE
12624,GPC5
12625,VWA1
12626,LINC00174
12627,GEMIN4
12628,IL6-AS1
12629,FJX1
12630,KLHL28
12631,MKRN3
12632,ZBTB18
12633,ALOX12B
12634,SLC17A8
12635,EIF3J-DT
12636,SHARPIN
12637,LBX2
12638,DNHD1
12639,SLITRK4
12640,HTR1D
12641,GCC1
12642,LSMEM2
12643,CIITA
12644,ZFPM1
12645,ALOX15B
12646,PLD6
12647,GRM8
12648,CDC42EP4
12649,OR2AP1
12650,OR6C4
12651,ZBTB42
12652,LACC1
12653,MAF1
12654,TPPP2
12655,FCER1A
12656,RPRML
12657,WDR97
12658,NLRP8
12659,PCED1B
12660,APOBEC3B
12661,PIPOX
12662,FOXS1
12663,ATOH7
12664,CDH5
12665,LRRC3B
12666,MYADM
12667,MROH1
12668,SERTAD2
12669,PIK3CD-AS1
12670,AKAP5
12671,NKPD1
12672,GIPC3
12673,RNF227
12674,CITED4
12675,ABCA13
12676,NLRP11
12677,TIGD5
12678,PDXDC1
12679,ZNF154
12680,R3HDM2
12681,NRXN1
12682,SEPHS2
12683,GPBAR1
12684,ZNF784
12685,ZNF648
12686,C14orf119
12687,LINC00652
12688,BBS10
12689,FIZ1
12690,PUF60
12691,SSC5D
12692,DCTPP1
12693,ZNF771
12694,TSHZ1
12695,PSTK
12696,SOCS4
12697,ZNF48
12698,C3orf80
12699,TMEM150B
12700,LINC02870
12701,ANKRD18A
12702,TMEM86B
12703,OR3A1
12704,SEPTIN1
12705,TRNAU1AP
12706,EXOC3
12707,TDRD6
12708,ACTA2-AS1
12709,LYNX1
12710,TH
12711,MED14
12712,FAHD1
12713,TDRP
12714,RCC1
12715,F2
12716,PRKRA
12717,ZNRF2
12718,RRH
12719,ZNF816
12720,FGD6
12721,GPR139
12722,PLD5
12723,OAZ2
12724,CCDC43
12725,KCTD4
12726,MEIOC
12727,FZD2
12728,TIGD2
12729,ITPRID1
12730,HCLS1
12731,MTURN
12732,ZNF609
12733,PAK2
12734,CCDC66
12735,MCFD2
12736,LINC00304
12737,HARBI1
12738,C11orf71
12739,SERTM1
12740,GAS1
12741,ARHGAP45
12742,ZNF571
12743,GLIPR1L2
12744,MIGA1
12745,KCNE1
12746,NRIP1
12747,RNF182
12748,TSPYL5
12749,FUT7
12750,H2AC6
12751,EIF2S3B
12752,SKIDA1
12753,H2BC4
12754,MB21D2
12755,GSX2
12756,SSTR2
12757,ZNF594
12758,PCGF5
12759,SLC47A2
12760,PRF1
12761,OR2A4
12762,MAB21L1
12763,YOD1
12764,TMEM64
12765,OR10K2
12766,LINC02363
12767,SHISA2
12768,S1PR5
12769,CLRN3
12770,GPR157
12771,CHST13
12772,WDFY3-AS2
12773,SLC36A4
12774,ZDHHC20
12775,ANKRD30B
12776,ZFP3
12777,ARSJ
12778,HOXC9
12779,MAP3K15
12780,PPA1
12781,HOXC10
12782,PSMG4
12783,BHLHE22
12784,MAP6D1
12785,CSNK1G2-AS1
12786,ZNF443
12787,CXCR2
12788,GREM2
12789,SSR4
12790,CAPS2
12791,ZNF792
12792,CUEDC1
12793,SCRIB
12794,KCTD2
12795,D2HGDH
12796,OXTR
12797,CMTR2
12798,GPR62
12799,ZNF572
12800,ST20
12801,PITPNB
12802,TCEAL8
12803,LRRC57
12804,MRPL14
12805,GPR137C
12806,C1orf105
12807,BBS12
12808,ZFP82
12809,LSMEM1
12810,NQO1
12811,OR56B1
12812,AEN
12813,FKRP
12814,TRAPPC5
12815,RPH3AL
12816,SLC25A42
12817,FCRL6
12818,METTL23
12819,SLC26A11
12820,HIGD1A
12821,OR52N4
12822,EHMT1
12823,F2R
12824,ZNF707
12825,MUC16
12826,NPM1
12827,PJA1
12828,DHTKD1
12829,PENK
12830,HECW1-IT1
12831,C4orf50
12832,ZNF746
12833,POLR2A
12834,TMEM132C
12835,SLC25A41
12836,TLCD5
12837,FRAT2
12838,TMEM132E
12839,ZNF322
12840,NME9
12841,HEPHL1
12842,LRRC75A
12843,CFAP65
12844,DDX60L
12845,SYNE4
12846,OGFOD3
12847,WASHC1
12848,AATK
12849,DDN
12850,SAGE1
12851,ZNF467
12852,SOX2
12853,ZNF678
12854,TMEM45A
12855,RAP2B
12856,ZBTB2
12857,RNF135
12858,ACBD4
12859,SGSH
12860,MAB21L2
12861,FANCB
12862,SETD2
12863,TMIE
12864,MEX3D
12865,MRPS23
12866,OR52H1
12867,GPR135
12868,SLX1B
12869,ANKRD62
12870,P2RY13
12871,TNFSF15
12872,ZFP41
12873,ATG9B
12874,GPR88
12875,ZNF875
12876,PLAG1
12877,YIPF6
12878,ZBTB20
12879,DIPK2A
12880,MACIR
12881,AMIGO1
12882,GPR3
12883,TMEM252
12884,OR5AS1
12885,SIAH2
12886,COPG1
12887,ADGRB1
12888,LINC00471
12889,CELF2-AS1
12890,SLC9A9
12891,LSM10
12892,RELL1
12893,RFX7
12894,SLC35C1
12895,TIGIT
12896,RNF41
12897,IBA57
12898,ZNF329
12899,ZNF101
12900,C5orf24
12901,LINC02724
12902,ADO
12903,COA4
12904,PRKAG1
12905,GINS3
12906,OR52K2
12907,NEUROG1
12908,CCDC149
12909,MRPS11
12910,SNRPE
12911,RTKN2
12912,PNMA8A
12913,CHST15
12914,ADIG
12915,MGAT4C
12916,IDH2
12917,OR52A1
12918,TMEM259
12919,GET1
12920,TNRC18
12921,FAM181B
12922,TMEM30B
12923,DEXI
12924,NOP10
12925,FAM89A
12926,KCNIP1
12927,TDRKH
12928,ZNF708
12929,IST1
12930,ERCC6L2
12931,MRPL41
12932,ENPP7
12933,CREB3L2
12934,P2RY8
12935,TP53TG1
12936,UNC5C
12937,TSEN54
12938,RGMA
12939,UBA7
12940,MRPS16
12941,SHISAL2A
12942,RAD51B
12943,LDOC1
12944,ARL6IP4
12945,EXT1
12946,SHMT2
12947,HHIPL1
12948,ATP6AP2
12949,ZAR1
12950,CYB5D1
12951,BACE2
12952,UBE2E2
12953,SYNM
12954,KCNA4
12955,GABRG3
12956,NLRP10
12957,FIGN
12958,IZUMO1
12959,B4GALNT4
12960,AP1S2
12961,DCAF4L1
12962,SPACA6
12963,ZSCAN22
12964,KCNJ14
12965,FBXL6
12966,C1S
12967,GLTPD2
12968,KIAA2012
12969,ZNF804B
12970,KBTBD3
12971,YBEY
12972,FAM87A
12973,PLCXD1
12974,NXPH4
12975,CACNB4
12976,TRAPPC6B
12977,PGBD4
12978,NPLOC4
12979,KCNK4
12980,TSHZ2
12981,CAPN12
12982,EXOC7
12983,KPNA2
12984,XKRX
12985,BGN
12986,CEP97
12987,LHFPL1
12988,FES
12989,GLRX5
12990,MXRA7
12991,LIMK2
12992,RWDD4
12993,SPNS3
12994,CLEC4G
12995,SATB1
12996,NXPH3
12997,CSF1R
12998,EPHB3
12999,VCX
13000,EPGN
13001,KRTAP11-1
13002,SNORC
13003,HS3ST4
13004,TRAK1
13005,TSPAN10
13006,PLCB1
13007,SKA2
13008,NTM
13009,TTC3
13010,KCNB2
13011,PPP1R27
13012,BRICD5
13013,GALR2
13014,RESP18
13015,IGIP
13016,TSKU
13017,CMC4
13018,ANXA2
13019,RGS6
13020,HOXB4
13021,SLC35D3
13022,PAQR7
13023,PAPPA
13024,MAFA
13025,NGRN
13026,GRID1
13027,RPS17
13028,HCAR2
13029,CCDC87
13030,C1orf116
13031,CRIP2
13032,DDX28
13033,ACBD3
13034,PLCXD3
13035,VMO1
13036,ALG12
13037,LCK
13038,RBM10
13039,PRKCZ-AS1
13040,ADGRG3
13041,RPL35A
13042,RGS7
13043,SLC25A18
13044,ZNF721
13045,TCEAL7
13046,CEP63
13047,SRPRA
13048,EWSR1
13049,SPATA13
13050,GJC1
13051,SOX1
13052,CNOT10
13053,MTA1
13054,ZNF662
13055,CADM1
13056,ZNF320
13057,C12orf60
13058,PYCR1
13059,NAA38
13060,SPNS2
13061,MCEMP1
13062,SLC8A1
13063,SLC25A21
13064,PCP4
13065,ABAT
13066,SLC25A10
13067,CAMK1D
13068,RGPD6
13069,LYSMD4
13070,WBP2NL
13071,IGSF5
13072,NKX2-5
13073,AFMID
13074,GAS6
13075,FREM3
13076,NEB
13077,BEGAIN
13078,GPC6
13079,ARHGEF37
13080,FAM43B
13081,CSMD1
13082,PTGDR2
13083,CEP57L1
13084,RIPPLY3
13085,GPR19
13086,GJD3
13087,RABIF
13088,TMEM119
13089,FANCF
13090,CALN1
13091,C2CD4C
13092,CHST6
13093,RUVBL2
13094,GDPGP1
13095,CTNNA3
13096,WT1-AS
13097,RIMBP3C
13098,PRR36
13099,LINC01547
13100,PTTG1IP
13101,DDX41
13102,PLGLB1
13103,DAZAP2
13104,CCBE1
13105,SELENOF
13106,TMEM121B
13107,ZNF623
13108,EPHA10
13109,CCDC125
13110,BOLA2
13111,BCOR
13112,JRKL
13113,CABCOCO1
13114,GBP6
13115,SYNDIG1L
13116,FHL3
13117,PMCH
13118,CCDC159
13119,LRIT3
13120,SF3A3
13121,TRIM61
13122,GRIN2A
13123,URAD
13124,FLJ40288
13125,GTF2H2C
13126,ASB7
13127,SH2D7
13128,TREX2
13129,GPR132
13130,MX2
13131,EP400
13132,MEX3B
13133,TENT5C
13134,COA5
13135,UTP11
13136,PSMG1
13137,PRR14L
13138,KLRC4
13139,ACSM5
13140,SERHL2
13141,PCBP3
13142,PGPEP1L
13143,SETD3
13144,TNFAIP8L3
13145,ZNRF3
13146,FBXL7
13147,TANGO2
13148,H3C13
13149,SFXN4
13150,GKN2
13151,FAM167B
13152,MRPL54
13153,ZNF438
13154,HMCES
13155,CCR3
13156,DGCR6
13157,PRR32
13158,TP53TG3
13159,RP1L1
13160,KRTAP8-1
13161,ZNF530
13162,NDUFB1
13163,MARCHF11
13164,KLHL25
13165,TAFA1
13166,BMP8A
13167,ALYREF
13168,RFLNB
13169,EFHC2
13170,NOG
13171,UPP1
13172,OPCML
13173,TRIM52
13174,LHFPL6
13175,CMTM4
13176,TMEM50A
13177,FIGLA
13178,ASCL2
13179,TBK1
13180,CBX6
13181,MACC1
13182,ACP7
13183,KREMEN1
13184,TRAIP
13185,CHEK2
13186,AIFM3
13187,KCTD16
13188,B3GALT5
13189,ZNF703
13190,SLC35F3
13191,KCTD8
13192,DOCK8-AS1
13193,TUBA8
13194,NPIPA5
13195,EMILIN3
13196,OLFML1
13197,FAM162B
13198,RBM12B
13199,CCR4
13200,LIN9
13201,BTBD9
13202,NUDT14
13203,CFAP91
13204,PNMA3
13205,GPR39
13206,FAM3B
13207,ZNF730
13208,KIRREL1
13209,TOB2
13210,SCN5A
13211,ARSI
13212,UTY
13213,SRARP
13214,TTC32
13215,LRRC55
13216,DNAH2
13217,SH2D1A
13218,SDR42E2
13219,PRKX
13220,KMT5A
13221,KCNH8
13222,SMTN
13223,NPW
13224,PP2D1
13225,COA3
13226,NPB
13227,ST6GALNAC3
13228,PTP4A2
13229,TMPRSS2
13230,DENND5A
13231,CTAG1B
13232,DIABLO
13233,VPS33B
13234,TBX1
13235,ADAP2
13236,UQCR10
13237,FAM120C
13238,EIF3C
13239,CLDN5
13240,NIPSNAP1
13241,CNTN2
13242,KCNQ3
13243,ADRA2C
13244,NR2C2AP
13245,C1QTNF12
13246,CRELD2
13247,SCFD2
13248,UBE2F
13249,KCNJ12
13250,GPR173
13251,PPP1R2
13252,TSPYL2
13253,GOLGA6L4
13254,PGP
13255,SNRNP35
13256,IRAK1
13257,CMSS1
13258,OLIG1
13259,PCDH9
13260,ACOT1
13261,OAF
13262,ALDH1A3
13263,H2AC20
13264,KCNK12
13265,H2AC21
13266,POU6F1
13267,TM2D3
13268,TSSC4
13269,TACSTD2
13270,SIX6
13271,PRKD1
13272,CCSER1
13273,ZDHHC23
13274,MROH7
13275,SRPK3
13276,SLIT3
13277,EFNA5
13278,MRGPRE
13279,H1-5
13280,SPATA32
13281,PKP3
13282,MAP7D2
13283,CSF1
13284,COLEC10
13285,ACTRT3
13286,PLA2G6
13287,MAML2
13288,UMODL1-AS1
13289,PABPC1L2B
13290,SS18L1
13291,KCND2
13292,TOP1MT
13293,COPB2
13294,LRRC19
13295,THAP7
13296,KNTC1
13297,CCR10
13298,NCMAP
13299,BPIFC
13300,WDR27
13301,TXNRD2
13302,FOXO4
13303,POU3F2
13304,FOXD4L1
13305,PROS1
13306,GAST
13307,HDDC3
13308,ZFP1
13309,CEND1
13310,C6orf58
13311,SOCS3
13312,SLITRK6
13313,PIWIL3
13314,LPAR5
13315,XPOT
13316,STING1
13317,PDE4B
13318,TAFA3
13319,SNN
13320,FAM167A-AS1
13321,KCNH7
13322,NELL2
13323,MED12
13324,ZNF93
13325,PRSS55
13326,FOXD4L4
13327,CDCA2
13328,RALYL
13329,AMER1
13330,ZBTB40
13331,H2BC21
13332,OR51M1
13333,SEPTIN5
13334,EIF4ENIF1
13335,LRRC26
13336,SERINC4
13337,RNLS
13338,APOBR
13339,FAM110C
13340,ATL3
13341,NDUFA12
13342,SMIM10
13343,UBE2G2
13344,SATL1
13345,OSBP2
13346,B3GALT5-AS1
13347,ZBTB7C
13348,APOO
13349,PRR16
13350,TMED9
13351,DRD1
13352,TMEM186
13353,SDR42E1
13354,RBM33
13355,ARMCX2
13356,BTBD6
13357,SRY
13358,H1-10
13359,RBM43
13360,SUMO3
13361,IMMP2L
13362,TCEAL2
13363,DMRTC1B
13364,JAG2
13365,FMNL1
13366,NUTM2A
13367,PTRHD1
13368,LCN12
13369,WT1
13370,ZFP90
13371,FAM227A
13372,USP18
13373,CHRM5
13374,SORCS2
13375,TMEM121
13376,TMEM106A
13377,SIVA1
13378,BRI3BP
13379,IFNE
13380,ROBO2
13381,AP3M1
13382,F8
13383,NT5C1B
13384,CA13
13385,UBOX5
13386,MAFF
13387,BRF1
13388,SEMA4B
13389,SPDYE16
13390,CIB1
13391,ANKS1B
13392,NELFA
13393,SLC24A3
13394,SGCZ
13395,EFCAB10
13396,C5orf47
13397,FLRT2
13398,INTS5
13399,RPS27L
13400,MANEAL
13401,ADSS1
13402,ANO9
13403,FAF1
13404,MYADML2
13405,FAM43A
13406,C6orf120
13407,PURA
13408,H2BC13
13409,INPP5J
13410,MIXL1
13411,MFSD6L
13412,LRRC37B
13413,DDX51
13414,NOMO2
13415,SIGIRR
13416,NRBP2
13417,PRSS57
13418,IFITM2
13419,TNFAIP2
13420,ZNF445
13421,PGBD2
13422,TCEAL9
13423,RAB11B
13424,PRMT3
13425,GP1BA
13426,PRPF39
13427,PPIL6
13428,ZNF74
13429,KIAA0825
13430,UBALD2
13431,CDNF
13432,NOTUM
13433,RBM11
13434,GALNT17
13435,ZBTB37
13436,NUPR2
13437,CCDC137
13438,SFTPA2
13439,RGPD2
13440,ARL15
13441,C12orf56
13442,CDK10
13443,TMEM105
13444,SOCS1
13445,TCN2
13446,GAS2L1
13447,ATP6V0A2
13448,PRKN
13449,TEDC1
13450,HS6ST3
13451,HGS
13452,TNFAIP8L1
13453,RAD51D
13454,OR7A17
13455,MAPK11
13456,SP140L
13457,MRPL30
13458,TARS3
13459,SMYD3
13460,LINC00158
13461,IFNLR1
13462,SH3BGR
13463,FAM174B
13464,ZSWIM9
13465,TMEM179B
13466,GPRIN3
13467,PARPBP
13468,STAC3
13469,ROR1
13470,MUC1
13471,FAAP100
13472,L3MBTL1
13473,BRCC3
13474,SV2B
13475,FAM131C
13476,SPATA45
13477,PDE6G
13478,PRKG1
13479,NR2F2
13480,DLK1
13481,TLCD2
13482,LSAMP
13483,AHNAK2
13484,OLFML2A
13485,SP1
13486,MRPL40
13487,DBX2
13488,INKA1
13489,PDIA2
13490,PCGF3
13491,LMLN
13492,P4HB
13493,PSMD13
13494,PBX1
13495,SHC4
13496,ZFP36L1
13497,UBE2L3
13498,NTF3
13499,BRWD1
13500,PMEL
13501,SYN3
13502,POU3F1
13503,SNAI3
13504,ZBTB3
13505,LYG2
13506,MORN5
13507,PRAME
13508,MYBL1
13509,DRG1
13510,ANKFY1
13511,YTHDF3
13512,ZNF696
13513,ADARB2
13514,NRG3
13515,SRL
13516,C11orf87
13517,IFIT1
13518,CXorf38
13519,KCNQ5
13520,ADAMTSL5
13521,MORF4L1
13522,NLRP9
13523,WDR53
13524,DMWD
13525,SLC52A2
13526,PIGP
13527,IKZF1
13528,PCYT2
13529,NAT8L
13530,NPAP1
13531,BCAP31
13532,ARL17A
13533,HDHD5-AS1
13534,GNB1L
13535,DNAH14
13536,CCDC190
13537,ZNF829
13538,THNSL1
13539,TRIM69
13540,ATP6V0C
13541,IFITM1
13542,LAMP1
13543,FFAR3
13544,TAS2R60
13545,POMK
13546,LINC00839
13547,C16orf54
13548,KLHDC8B
13549,KLHL34
13550,SETD4
13551,PTCH1
13552,RTN4RL1
13553,CALHM1
13554,NKAIN3
13555,RNPC3
13556,ZNF267
13557,IRS2
13558,FAM186A
13559,BICD2
13560,CCIN
13561,TMLHE
13562,SLITRK2
13563,PLK5
13564,LRCH3
13565,LEMD1
13566,NDUFA13
13567,ZNF566
13568,ZNF529
13569,ZNF284
13570,DLEU7
13571,KRT73
13572,TAL2
13573,MATN1-AS1
13574,AIDA
13575,CD300LF
13576,KRT5
13577,GSAP
13578,AGBL4
13579,ARGFX
13580,CYP2R1
13581,LRRC70
13582,ANKRD46
13583,PIP5K1C
13584,TEX38
13585,ZBTB6
13586,C2orf76
13587,POLR3C
13588,WWOX
13589,BCL9L
13590,POLR1D
13591,KIF18B
13592,ZNRF1
13593,FFAR4
13594,SAPCD2
13595,EDARADD
13596,CYP4F12
13597,MTARC1
13598,LCE5A
13599,BLOC1S4
13600,LCE1E
13601,ZNF749
13602,KLHL32
13603,LINC02610
13604,MRTFB
13605,BTLA
13606,ZNF17
13607,KDM4D
13608,GPAT2
13609,TOR3A
13610,PABPC1L2A
13611,GABRA5
13612,PPP1CC
13613,ZNF555
13614,NAP1L3
13615,PRELID2
13616,BACE1
13617,RGS9BP
13618,TMEM212
13619,THBS2
13620,RXRA
13621,ANKRD37
13622,NUDT17
13623,MINAR2
13624,ZNF75D
13625,CYP4X1
13626,KRT10
13627,GOLGA8R
13628,CD300E
13629,CCDC30
13630,NKRF
13631,GLDN
13632,KPNA4
13633,TRDN
13634,ZNF197
13635,SPATA12
13636,TMPRSS12
13637,FAM228A
13638,NAP1L2
13639,RPS23
13640,GNG2
13641,BTN3A2
13642,AKAP14
13643,PCLO
13644,RGS7BP
13645,INSIG1
13646,MYT1L
13647,ZNF396
13648,TMEM222
13649,CLCNKA
13650,ARHGAP30
13651,SEPTIN10
13652,CYP4F3
13653,SMYD4
13654,FOXD2
13655,GPATCH8
13656,CEACAM19
13657,NF2
13658,SMIM29
13659,SPATC1
13660,UBE2H
13661,HPDL
13662,KTN1-AS1
13663,KATNA1
13664,FSD2
13665,ARAP1
13666,KIF24
13667,PDE2A
13668,SPDYE17
13669,PRG2
13670,PRR5
13671,ZFP91
13672,C17orf58
13673,BCDIN3D
13674,MAGEE2
13675,CYP27C1
13676,LYRM7
13677,CFAP73
13678,CCDC73
13679,BCR
13680,OR10H1
13681,MPPED1
13682,FSCN2
13683,SPIN4
13684,ZNF732
13685,SPIN2B
13686,FOXE3
13687,HYAL3
13688,VSIG10L
13689,CXCR3
13690,ZNF397
13691,ZSCAN30
13692,TPCN1
13693,TNFRSF4
13694,KRT16
13695,HEXIM1
13696,SELENOV
13697,KRT14
13698,TRABD2A
13699,PDZD7
13700,POFUT2
13701,QRFPR
13702,ERCC6L
13703,TMEM17
13704,TNFRSF18
13705,FGF3
13706,C1QL4
13707,RTN4RL2
13708,ZDHHC17
13709,ZNF395
13710,ZACN
13711,PPARA
13712,TMEM232
13713,LINC01551
13714,EFCAB6
13715,KANK3
13716,EMID1
13717,KRTAP21-1
13718,RHD
13719,LINC02875
13720,ESPN
13721,PTRH1
13722,KRTAP21-2
13723,SAMD7
13724,GPR141
13725,TMPRSS6
13726,TMEM216
13727,RPS19BP1
13728,TMPRSS11A
13729,C3orf70
13730,TEAD1
13731,OR2AK2
13732,PLCD1
13733,CCK
13734,ENTPD5
13735,MITF
13736,HEATR4
13737,NAP1L1
13738,CMC1
13739,SLIT1
13740,LYPD6
13741,AKR1C1
13742,VSTM2B
13743,FOXD3
13744,SPATA21
13745,RNF220
13746,ANGPTL5
13747,SHTN1
13748,H1-7
13749,ZNF546
13750,TSPYL4
13751,DAZ3
13752,MT1X
13753,GCNT1
13754,SESTD1
13755,FNBP1
13756,DYNC2H1
13757,MAGED4B
13758,BCAM
13759,RSBN1L
13760,NPSR1
13761,WDR86
13762,EPOR
13763,FAM9C
13764,CIDEC
13765,DCC
13766,TAF9B
13767,PCDHB13
13768,MAGI2
13769,LUZP2
13770,LHFPL3
13771,CHP1
13772,FPR3
13773,H1-6
13774,C11orf96
13775,KCNJ11
13776,CDHR4
13777,COL4A1
13778,PLEKHG7
13779,PTMA
13780,HSPA14
13781,ATP13A5
13782,SIRT7
13783,IFT140
13784,AGMO
13785,SBK2
13786,CYP26C1
13787,TLR5
13788,USP7
13789,FOXD4L3
13790,NHLRC1
13791,COX8C
13792,PLEKHN1
13793,ZNF385C
13794,MAGEH1
13795,TET3
13796,ZNF286A
13797,ISG15
13798,EXD3
13799,ZKSCAN4
13800,RGPD1
13801,SAMD11
13802,HAPLN4
13803,ERC2
13804,B3GLCT
13805,SPRY4
13806,ERAS
13807,TRPV2
13808,EZHIP
13809,TMEM203
13810,SLC18A3
13811,KBTBD12
13812,THSD4
13813,DNAJB13
13814,GABRD
13815,AMY1C
13816,TCEA1
13817,NHEJ1
13818,FANCA
13819,SECISBP2
13820,C9orf153
13821,SEMA4D
13822,LIN28B
13823,DIPK1C
13824,DNAH17
13825,MCRS1
13826,FANCM
13827,ZNF70
13828,CARD9
13829,PEAR1
13830,ZFP69B
13831,SOWAHD
13832,ZFP69
13833,TMEM220
13834,H1-2
13835,PLSCR3
13836,EIF4EBP1
13837,P2RX2
13838,ASCL4
13839,OR6C75
13840,CCDC157
13841,TTC24
13842,PALM3
13843,SHISA7
13844,DMBT1
13845,CLEC17A
13846,LCN10
13847,LDLRAD2
13848,C2orf66
13849,COL14A1
13850,DNER
13851,KLHL17
13852,PLA2G2C
13853,ZSCAN23
13854,RINL
13855,C17orf99
13856,OR7D2
13857,TPRG1
13858,SNHG28
13859,MORN2
13860,RTP5
13861,S100A3
13862,UBQLN2
13863,RILPL1
13864,C19orf67
13865,ZNF490
13866,CLCN1
13867,NRN1L
13868,NWD1
13869,ARL4C
13870,TMEM221
13871,TREML4
13872,RAB42
13873,WNT7B
13874,GPR89B
13875,MESP2
13876,EYS
13877,C6orf132
13878,DAZ1
13879,OR2AG2
13880,MAPK12
13881,NUTM2G
13882,COL4A5
13883,AGRN
13884,NHS
13885,TMPPE
13886,ZNF626
13887,HEPACAM2
13888,SMTNL2
13889,ZC3H6
13890,LAMTOR4
13891,PRKAR1B
13892,NUTM2B
13893,NCR3LG1
13894,DCUN1D3
13895,ZNF793
13896,TUBB4B
13897,AGAP4
13898,COMMD6
13899,PLA2G2A
13900,HYKK
13901,OR7A5
13902,C15orf62
13903,RUFY4
13904,ZNF383
13905,HES4
13906,ZNF669
13907,PEAK3
13908,PLSCR1
13909,C3orf62
13910,ENO4
13911,ZNF559
13912,SBK1
13913,OR6C6
13914,SLC38A3
13915,GTF2F2
13916,CIBAR1
13917,FOCAD
13918,PRR19
13919,ZP3
13920,H3-5
13921,IFNA2
13922,JAKMIP3
13923,PDCD1
13924,GPR21
13925,SELL
13926,CHM
13927,BLOC1S5
13928,CERKL
13929,SLC24A5
13930,IER5L
13931,H2AX
13932,INSC
13933,SERPINA5
13934,LCTL
13935,NCCRP1
13936,COL25A1
13937,FAM83G
13938,CFAP77
13939,SRSF10
13940,HBA2
13941,DUSP28
13942,CCDC9B
13943,NBR1
13944,RALGAPA2
13945,NDOR1
13946,FBLL1
13947,NKAIN2
13948,PAQR9
13949,CLEC20A
13950,CFAP54
13951,CLN3
13952,FAM72B
13953,ASAH2
13954,SUMO2
13955,NANOS1
13956,IGFL3
13957,GOLGA8M
13958,ZNF177
13959,RTL6
13960,DPYD
13961,S100A16
13962,PTAR1
13963,CC2D2B
13964,SAXO2
13965,RHCE
13966,C2orf80
13967,IDO2
13968,PARVB
13969,SLC4A5
13970,UROS
13971,CYP51A1-AS1
13972,ZDHHC9
13973,QRFP
13974,SMIM15
13975,OSTN
13976,VWC2
13977,FAM221A
13978,TMEM120B
13979,FSIP2
13980,RBM34
13981,NOXA1
13982,TMEM198
13983,BCL2L15
13984,FZD9
13985,SPRED3
13986,OPTC
13987,SKOR1
13988,PRELP
13989,ZNF548
13990,MTF1
13991,TMCO2
13992,SHISA6
13993,TMEM201
13994,NHLRC3
13995,ZDHHC11
13996,CALHM6
13997,CNR2
13998,SLX4
13999,RPL14
14000,BEND4
14001,FAM78B
14002,ZNF563
14003,FBF1
14004,KLRG2
14005,ASTL
14006,MSL1
14007,LRRK2
14008,INSYN2A
14009,TRMT2B
14010,HACD4
14011,CFAP126
14012,FAM120AOS
14013,UTS2B
14014,NOC2L
14015,MSANTD1
14016,NELFB
14017,LIPI
14018,LRRC66
14019,ZNF292
14020,HUS1B
14021,KCTD21
14022,ADAT2
14023,VHLL
14024,ZNF567
14025,ANKDD1B
14026,ALKBH2
14027,RNFT1
14028,RNF222
14029,RELN
14030,FAM111B
14031,APOD
14032,H1-0
14033,GAGE2A
14034,LITAF
14035,VSTM1
14036,TMEM120A
14037,ARID2
14038,SF3B3
14039,BLOC1S3
14040,SP6
14041,ANKRD34B
14042,PLAC9
14043,NKAPL
14044,FSCB
14045,CLDN4
14046,GRAPL
14047,FAM47E
14048,JPT1
14049,ZNF527
14050,ZAR1L
14051,S100A13
14052,ZNF33A
14053,PCDH18
14054,ZNF600
14055,BTBD8
14056,MAOA
14057,PAX8-AS1
14058,C15orf61
14059,NUGGC
14060,LINC00943
14061,TSPYL1
14062,PNRC2
14063,DRICH1
14064,FHIT
14065,ALKAL2
14066,ZKSCAN3
14067,RRP7A
14068,LIN54
14069,FAM53B
14070,FAM180A
14071,S100A14
14072,KAZN
14073,SLC35E2B
14074,TOGARAM2
14075,NEMP2
14076,KIAA0408
14077,GSPT2
14078,TBC1D28
14079,C8orf76
14080,OTUD6A
14081,HMGB1
14082,MMP23B
14083,SH2D5
14084,ZFP92
14085,RASSF10
14086,OR2L13
14087,BLOC1S2
14088,SYCP2
14089,ZNF724
14090,IL1RAP
14091,PTPRT
14092,MYBPC1
14093,PAX5
14094,SPOCK3
14095,ZNF699
14096,TDRD7
14097,VN1R2
14098,SERPINA3
14099,AKR1C3
14100,SPATS2L
14101,ZNF250
14102,WDSUB1
14103,ZNF79
14104,S100A4
14105,PLEKHG4
14106,FAT4
14107,COLCA1
14108,KIF19
14109,ZNF681
14110,ACADSB
14111,STK40
14112,TMEM63A
14113,SEMA4A
14114,HRCT1
14115,MPHOSPH8
14116,RNF216P1
14117,GREB1
14118,SIRPB2
14119,ZNF766
14120,RYR1
14121,SRGAP3
14122,FAM217B
14123,LCOR
14124,SUPT5H
14125,XPNPEP3
14126,OR2C3
14127,ZNF107
14128,SFTA2
14129,PPIA
14130,ZNF471
14131,ZNF836
14132,ZNF493
14133,GTF2IRD2
14134,GRM7
14135,SUPT3H
14136,NIF3L1
14137,ATP2A1
14138,POM121
14139,ZBTB44
14140,GIMAP5
14141,STK31
14142,NLGN3
14143,ZKSCAN7
14144,CD55
14145,CPNE4
14146,ZNF565
14147,NTNG2
14148,ELAVL3
14149,WDR5
14150,LONP1
14151,C9orf163
14152,TRRAP
14153,NUDT11
14154,SRGAP2B
14155,FUT4
14156,ASB13
14157,SLC35F1
14158,ZNF34
14159,ZNF781
14160,ZNF140
14161,INCA1
14162,ZNF774
14163,PTPN1
14164,EVL
14165,EPHB4
14166,ZNF765
14167,ZNF124
14168,XRCC6
14169,S100A5
14170,C20orf204
14171,PPP1R26
14172,TSC22D2
14173,CRYBA4
14174,ASMT
14175,NPIPB15
14176,ZNF569
14177,ARMCX4
14178,YRDC
14179,ZNF777
14180,PIK3R4
14181,ZNF775
14182,ZNF605
14183,TRAPPC2
14184,RFX8
14185,MYL6B
14186,ZNF799
14187,SIAH1
14188,C20orf96
14189,ESRRG
14190,IPO4
14191,NCOR2
14192,SULT1A1
14193,ARL9
14194,PRPF40A
14195,GDAP2
14196,TCEAL3
14197,ANAPC7
14198,TPK1
14199,SLC6A9
14200,AFAP1
14201,NACA
14202,MYO18A
14203,SPTSSB
14204,BORCS6
14205,MAN2A2
14206,MME
14207,FAM72A
14208,CACNA1H
14209,SULF2
14210,HBG2
14211,LAMA2
14212,PFN3
14213,PLXNB2
14214,AJAP1
14215,XRCC2
14216,MYO6
14217,MRTFA
14218,HDAC2
14219,ZNF782
14220,POTEF
14221,ZNF846
14222,ADH1B
14223,TCF4
14224,WNK3
14225,LUADT1
14226,SDHAF3
14227,HRH1
14228,RABL6
14229,ZNF136
14230,ZKSCAN5
14231,ZNF502
14232,TRAPPC4
14233,SLC30A10
14234,TECPR2
14235,TLR7
14236,FAM180B
14237,LINC00173
14238,ZFP62
14239,ERI2
14240,TOMM7
14241,HSH2D
14242,TRPV1
14243,ZNF33B
14244,PDXDC2P-NPIPB14P
14245,ZNF512B
14246,AMZ2
14247,ZNF431
14248,ALKAL1
14249,NF1
14250,VKORC1L1
14251,ZNF418
14252,DAPK1
14253,HLA-DQA1
14254,COL27A1
14255,GM2A
14256,H2AC13
14257,S100A2
14258,SNHG17
14259,ZNF700
14260,POU3F4
14261,CD47
14262,OR52K1
14263,TLE1
14264,MAML3
14265,H2AC11
14266,STRN3
14267,ZNF239
14268,CTBP1-DT
14269,CHRNG
14270,ZSCAN16
14271,MVB12B
14272,ILRUN
14273,POTEI
14274,ADA
14275,ARID5A
14276,PATE2
14277,PPTC7
14278,TOMM20L
14279,RGPD4
14280,NHLRC2
14281,H2AC7
14282,ZFP28
14283,CRACDL
14284,SCN8A
14285,LAMB3
14286,KPNA5
14287,ARHGEF12
14288,HCAR1
14289,PDLIM7
14290,FLNA
14291,TMEM26
14292,SRGAP1
14293,FAM3C
14294,NOP9
14295,ZNF705A
14296,SLC39A10
14297,SCOC-AS1
14298,CASP4
14299,AP2A1
14300,ZNF585A
14301,SMIM10L2B
14302,ANXA4
14303,LAGE3
14304,GPRACR
14305,WDR5B
14306,FAM163B
14307,NPIPB9
14308,ZNF138
14309,ZNF429
14310,ZNF470
14311,SERTAD1
14312,EOLA2
14313,ZNF398
14314,ZSCAN25
14315,ANXA6
14316,ZNF441
14317,GMFB
14318,SIGLEC15
14319,ZNF420
14320,ZNF763
14321,ZMYM1
14322,DTHD1
14323,H4C3
14324,ZSCAN26
14325,MAFG
14326,ARRDC1
14327,KIAA1671
14328,IGF2R
14329,LCE1C
14330,NPSR1-AS1
14331,GAL3ST4
14332,DYNC1H1
14333,SLC6A17
14334,PCBP2
14335,ZGPAT
14336,SLC25A29
14337,PGAP1
14338,ZNF679
14339,ZNF682
14340,OR8B8
14341,ZNF772
14342,ZNF257
14343,PCNX3
14344,ADAM32
14345,ACSL5
14346,LRRC8B
14347,ABCB8
14348,H3C12
14349,SND1
14350,ZNF785
14351,SULT1A2
14352,NEK5
14353,PSMD12
14354,ADGRA1
14355,PIWIL2
14356,MIRLET7BHG
14357,NOL4L
14358,CYSRT1
14359,SLC22A4
14360,ZSCAN5B
14361,ENTPD4
14362,C1D
14363,TBC1D9B
14364,H4C11
14365,FAM110D
14366,LINC00336
14367,TPSB2
14368,KANK2
14369,C6orf141
14370,GTF2E2
14371,IL27
14372,RAD54B
14373,ZNF165
14374,SYNGAP1
14375,RAMP2-AS1
14376,FITM2
14377,BLM
14378,HMGA2-AS1
14379,GATA3-AS1
14380,DDI2
14381,SVIL
14382,TRIM33
14383,LRP10
14384,PELI1
14385,ZNF655
14386,MRPL21
14387,LYPD2
14388,UAP1L1
14389,ZNF98
14390,FBXL22
14391,ZNF786
14392,ZNF517
14393,ZNF675
14394,SLC22A5
14395,DACT3
14396,ADARB1
14397,ZNF860
14398,HTT
14399,C5AR1
14400,H3C4
14401,DCHS2
14402,VEPH1
14403,SHPK
14404,IPP
14405,OPALIN
14406,MAP3K5
14407,OGDHL
14408,CYP2F1
14409,GSTK1
14410,HNRNPAB
14411,OR2L5
14412,STMN3
14413,PDGFA
14414,GYPE
14415,COL13A1
14416,SPN
14417,ZNF695
14418,ZNF628
14419,SLC2A10
14420,ZNF665
14421,RPF2
14422,LINC00477
14423,SLC28A3
14424,FAM177B
14425,MIB2
14426,MYO5A
14427,GZMM
14428,ATG7
14429,SIPA1L1
14430,RAB40C
14431,PIGN
14432,COL4A6
14433,ZNF624
14434,HOXA4
14435,TOPORS
14436,BCO2
14437,KCNMB2
14438,ENTPD6
14439,DMBX1
14440,ENPP1
14441,CCDC154
14442,FAR1
14443,CPLANE1
14444,ZNF841
14445,MFAP5
14446,MYH6
14447,ZNF615
14448,EOLA1
14449,CDC42SE1
14450,MPEG1
14451,SERPINB2
14452,DPP4
14453,PDCD1LG2
14454,ZNF433
14455,SPTAN1
14456,NMB
14457,PARVA
14458,KLHL14
14459,FAM114A1
14460,RPE
14461,ZNF460
14462,CR1L
14463,PHF2
14464,RPS26
14465,PSAP
14466,S100A10
14467,CFAP43
14468,LHFPL5
14469,RPL37A
14470,HOXC6
14471,TXNRD3
14472,CFD
14473,MAP1LC3C
14474,MCMBP
14475,EME2
14476,KLHDC1
14477,ZNF81
14478,TAF13
14479,ATAD3A
14480,FAM118B
14481,ZNF461
14482,CCDC180
14483,SLC9A8
14484,OCLN
14485,CFAP299
14486,CYP2A13
14487,ZNF181
14488,INKA2
14489,ZNF44
14490,GPAA1
14491,ADAMTSL2
14492,SGTB
14493,ZNF790
14494,CYRIA
14495,MYO1C
14496,MDS2
14497,NKIRAS1
14498,UGT2B17
14499,MEIG1
14500,KIF13B
14501,NRAP
14502,ADH5
14503,SLC22A6
14504,H2BC12
14505,TEAD4
14506,SPG7
14507,HRNR
14508,HES5
14509,ZNF677
14510,ERO1A
14511,ZNF823
14512,CYYR1-AS1
14513,ZNF347
14514,PLCG2
14515,FCHSD1
14516,ZNF71
14517,S100A6
14518,RPL12
14519,DNM3
14520,ZNF121
14521,MPZL1
14522,VPS13A
14523,MBP
14524,ELOVL2
14525,GOLGA6L9
14526,LEKR1
14527,C1orf122
14528,SNHG12
14529,PCDH20
14530,CLEC9A
14531,IRAK4
14532,DLGAP2
14533,MRPL42
14534,ENTPD7
14535,SPANXA1
14536,ZNF335
14537,ZNF560
14538,RPS4X
14539,ZNF273
14540,ZNF84
14541,MAK16
14542,ZNF667
14543,SIRPA
14544,DSCR8
14545,GRK6
14546,PRIM1
14547,MARCHF5
14548,NPIPB13
14549,SULT1C4
14550,CYP2A7
14551,ZBTB14
14552,CD2AP
14553,NUP62CL
14554,SFI1
14555,ZNF649
14556,ZNF248
14557,CHSY3
14558,TOR4A
14559,LPAR1
14560,MB
14561,OR2L3
14562,HIBCH
14563,ZNF544
14564,TMEM229B
14565,SOWAHC
14566,ZNF770
14567,NPIPB6
14568,HMGN5
14569,MIER1
14570,MAN1A2
14571,SVIP
14572,ZNF251
14573,DDRGK1
14574,TFDP1
14575,CLEC4C
14576,ZNF607
14577,ZNF334
14578,HSD17B11
14579,SZT2
14580,SULT1C2
14581,ZXDA
14582,RPS6KL1
14583,CACNA1E
14584,QRICH1
14585,LINC01558
14586,FKBP1C
14587,DDX42
14588,RPL23A
14589,SLC29A3
14590,STYX
14591,UBL5
14592,HELZ
14593,TMEM116
14594,UCKL1
14595,OR5B21
14596,CARD11
14597,ZNF485
14598,PEG3
14599,SDAD1
14600,ZKSCAN8
14601,PHETA1
14602,HYLS1
14603,MYL4
14604,ZNF442
14605,ZNF813
14606,HOXC4
14607,DCAF12L2
14608,PIM3
14609,GET3
14610,ASPH
14611,SPRED2
14612,WWP2
14613,GFPT1
14614,UVRAG
14615,ZNF26
14616,ITSN2
14617,NTRK1
14618,OGA
14619,MT1F
14620,TCAF1
14621,ZNF69
14622,TXNRD1
14623,NRARP
14624,ZNF583
14625,ZNF568
14626,ZXDB
14627,ZNF480
14628,ZNF587
14629,TPM2
14630,FLVCR1-DT
14631,SH3BGRL2
14632,ZNF808
14633,ANKRD35
14634,B3GNT6
14635,YTHDF2
14636,NBR2
14637,TMA16
14638,HLA-DRB5
14639,ATL1
14640,CNGA1
14641,MAFK
14642,ARMH1
14643,ZNF43
14644,GPN1
14645,PLN
14646,C2CD4A
14647,ZNF28
14648,ITGBL1
14649,ZNF511
14650,C20orf203
14651,ZNF627
14652,KCNRG
14653,WDHD1
14654,ZNF789
14655,CTNND1
14656,RD3
14657,SH2D1B
14658,ARC
14659,NUDT16
14660,TLK1
14661,LRBA
14662,ZNF536
14663,MMP17
14664,BAZ1A
14665,COPS8
14666,CCDC69
14667,MDM4
14668,RYR2
14669,ZNF534
14670,KLHL9
14671,FAM3D
14672,NCOA6
14673,STK39
14674,TAT
14675,C6orf89
14676,CALM1
14677,TAFA2
14678,TUSC1
14679,PAPSS2
14680,SLC9A6
14681,FAN1
14682,ABCA4
14683,EIF1AY
14684,MT-ND6
14685,IPO9
14686,CEP290
14687,SSBP3-AS1
14688,MT-CO2
14689,GLMP
14690,TOGARAM1
14691,ANKRD13B
14692,ECI2
14693,UNC13B
14694,MT-CYB
14695,LDB1
14696,PPP1R14C
14697,CTR9
14698,SMOC1
14699,F5
14700,MSRB1
14701,LRRTM3
14702,ZNF652
14703,SMURF1
14704,SLC5A3
14705,GPATCH3
14706,CDC42BPB
14707,PLXNB3
14708,OXCT2
14709,RPL10A
14710,COLGALT2
14711,EPS8L3
14712,EGFL6
14713,MT-ND2
14714,SYCP1
14715,APCDD1L
14716,RCSD1
14717,RASSF9
14718,FAM169A
14719,ZNF830
14720,GRIN3A
14721,MT-ND5
14722,CNOT7
14723,TMEM184B
14724,MTOR
14725,SCAMP5
14726,ZNF521
14727,ALPK2
14728,BRINP2
14729,LRIG2
14730,MT-CO1
14731,PNP
14732,GK
14733,FOXJ3
14734,ZNF358
14735,SFT2D1
14736,CD247
14737,GRM3
14738,CHAMP1
14739,INPP5F
14740,ARHGAP11A
14741,SUCNR1
14742,HMGN2
14743,SELENOM
14744,UBE2J1
14745,GJC2
14746,OPA1
14747,DENND4B
14748,RYR3
14749,ZNF277
14750,MT-ND3
14751,KTI12
14752,SELENOT
14753,TOX
14754,CES1
14755,CD3E
14756,RUSC2
14757,FICD
14758,OSTC
14759,R3HDM4
14760,TSEN15
14761,LTN1
14762,RUNDC1
14763,CCDC152
14764,GRK5
14765,TYW1
14766,DCAF12
14767,SFMBT2
14768,ASB12
14769,ITPRIPL1
14770,MT-ND4
14771,SMC5
14772,MT-ND1
14773,DCAF12L1
14774,PRMT6
14775,SHISA4
14776,CIPC
14777,CAPZA2
14778,MT-ATP6
14779,TOP1
14780,PRC1
14781,MAP3K3
14782,L1CAM
14783,SREBF2
14784,C1orf174
14785,POU3F3
14786,RASGEF1A
14787,SPOUT1
14788,RPL39
14789,DZIP3
14790,KIAA0753
14791,DCLRE1A
14792,ATG9A
14793,NOS1AP
14794,APRT
14795,GPRASP1
14796,TBKBP1
14797,MAGEE1
14798,CCDC167
14799,MT-CO3
14800,ZFP2
14801,SOWAHA
14802,L3MBTL3
14803,DMD
14804,MFAP3L
14805,NAGA
14806,SMG5
14807,KIFBP
14808,TGM2
14809,ARMCX6
14810,PJA2
14811,RORB
14812,SGMS1
14813,KIAA1671-AS1
14814,TDRKH-AS1
14815,ZNF525
14816,LINC01562
14817,INF2
14818,IQANK1
14819,RBMS3-AS2
14820,LINC02408
14821,GP1BB
14822,LINC00501
14823,LINC01285
14824,OR2L2
14825,COX20
14826,CHML
14827,STUM
14828,CAPN8
14829,TATDN3
14830,CR1
14831,LINC00862
14832,RAET1G
14833,C1orf53
14834,SAMD5
14835,ECT2L
14836,GPR52
14837,FCGR3A
14838,TMEM244
14839,CENPW
14840,SPRN
14841,FAM229B
14842,FANK1
14843,LORICRIN
14844,EEF1AKMT2
14845,DDO
14846,LINC00222
14847,PLPP4
14848,LIN28B-AS1
14849,H3C14
14850,H2BC18
14851,ATP1A1-AS1
14852,RBM20
14853,C6orf163
14854,SNHG5
14855,ADD3-AS1
14856,RIPPLY2
14857,GDI1
14858,SOX18
14859,LIME1
14860,SPATA42
14861,OOEP
14862,KHDC3L
14863,SPANXA2
14864,LINC00632
14865,C10orf62
14866,SAMD13
14867,RTL8A
14868,CCDC160
14869,C1orf141
14870,EFCAB7
14871,RHOXF2B
14872,ARRDC1-AS1
14873,ZYG11A
14874,LINC01270
14875,LCN8
14876,C1orf185
14877,IFIT1B
14878,LIPN
14879,LIPJ
14880,TRPC5OS
14881,SLC12A5-AS1
14882,LRRC73
14883,FOXO6
14884,TCEAL5
14885,SYS1
14886,INPP5B
14887,RPA4
14888,TDRG1
14889,MAFB
14890,TRAF3IP1
14891,CHIC1
14892,GIGYF2
14893,C2orf72
14894,RUFY2
14895,NHSL2
14896,PHACTR4
14897,ASAH2B
14898,AGAP6
14899,TIMM23B
14900,ZDHHC18
14901,TMEM273
14902,CXorf65
14903,AGAP9
14904,NPY4R
14905,GPRIN2
14906,SYT15
14907,MACO1
14908,PTPN20
14909,ZDBF2
14910,BMPR2
14911,TCEA3
14912,RING1
14913,OXLD1
14914,LINC02731
14915,LINC00587
14916,COL5A2
14917,SPIN3
14918,NBDY
14919,LINC01993
14920,TMEM235
14921,HLA-DRA
14922,COL15A1
14923,PJVK
14924,MRPL38
14925,SMIM5
14926,ERICH2
14927,SP5
14928,BTBD17
14929,NXPE2
14930,SDHD
14931,PKP4-AS1
14932,LAYN
14933,CARD16
14934,CASP12
14935,MBD5
14936,LINC02872
14937,LINC01854
14938,AIF1
14939,ZNF814
14940,ZNF551
14941,ZNF805
14942,HLA-C
14943,PSORS1C2
14944,KRTAP5-10
14945,ACOXL-AS1
14946,LRCOL1
14947,LINC01123
14948,HLA-E
14949,LINC01257
14950,ZNF468
14951,ZNF616
14952,DISP3
14953,RACK1
14954,TBC1D8
14955,ASPDH
14956,CBY3
14957,AKT1S1
14958,FAM153CP
14959,GABBR1
14960,MIR1915HG
14961,MAMDC2-AS1
14962,MALRD1
14963,RANBP17
14964,INSYN2B
14965,FOXD4L5
14966,LINC01291
14967,MRPL53
14968,ST8SIA6-AS1
14969,ATXN2
14970,DCTN1
14971,PNMA8B
14972,TCTN1
14973,FAM216A
14974,ZBTB48
14975,IGFL2
14976,IGFL4
14977,MZT1
14978,SPINK9
14979,ZNF155
14980,UQCC3
14981,FBXO48
14982,FAM221B
14983,ATP6V0E2-AS1
14984,CD177
14985,ZNF783
14986,ZNF425
14987,FAM83A-AS1
14988,LRRC10B
14989,FBXO47
14990,PCDHGA1
14991,PCDHA8
14992,PCDHA5
14993,PCDHA1
14994,TRIM13
14995,ERICH4
14996,SPIRE2
14997,AARD
14998,PABPN1L
14999,PKHD1L1
15000,SLFN12L
15001,LINC01121
15002,CLLU1-AS1
15003,SLC35B4
15004,LGALS7
15005,SYCE1L
15006,TMEM231
15007,CCNI2
15008,TMEM240
15009,LINC02716
15010,CDKL4
15011,TRIQK
15012,SDHAF1
15013,PSENEN
15014,C11orf91
15015,LINC00654
15016,ZBTB10
15017,C4orf46
15018,SCGB2B2
15019,LGR4
15020,PSMB10
15021,VIT
15022,SPDYE2
15023,E2F4
15024,PDE7A
15025,TMEM170B
15026,MUC12
15027,SNX2
15028,SAP25
15029,NT5M
15030,SARNP
15031,LINC01460
15032,ADGRG1
15033,IPO7
15034,PRR13
15035,TECPR1
15036,MT1H
15037,MT1A
15038,INSYN1
15039,MT1M
15040,CFI
15041,SAMD9
15042,CNEP1R1
15043,KRT81
15044,EXOC3L4
15045,TP53TG3D
15046,TP53TG3C
15047,CCDC85C
15048,MAPRE3-AS1
15049,C2CD4B
15050,RGL3
15051,TMSB4X
15052,TMEM256
15053,CHKB-DT
15054,CPT1B
15055,HMGN1
15056,DENND6B
15057,EIF3CL
15058,LINC01446
15059,LCMT1
15060,LINC01310
15061,MFSD2B
15062,VCX3B
15063,CDPF1
15064,LIN52
15065,ACOT6
15066,TECRL
15067,DPF3
15068,MANSC4
15069,ADARB2-AS1
15070,ETFRF1
15071,C17orf107
15072,ITSN1
15073,ITPRIPL2
15074,DENND1C
15075,CRLF2
15076,CRYZL1
15077,ARRDC5
15078,DPP9-AS1
15079,LOH12CR2
15080,CYS1
15081,PLPP6
15082,KLRC2
15083,KLRC3
15084,C16orf96
15085,LINC00487
15086,TTC23L
15087,CLEC6A
15088,RFPL3S
15089,PCOTH
15090,ZNF316
15091,SRRM2-AS1
15092,DAZ4
15093,ONECUT3
15094,CEMP1
15095,OLIG2
15096,RNPS1
15097,DAZ2
15098,NYNRIN
15099,DNAJC19
15100,DOK6
15101,JPT2
15102,ZDHHC11B
15103,GOLGA8O
15104,TMEM191C
15105,FAM230H
15106,HBA1
15107,ATP10A
15108,DUXAP8
15109,ANKUB1
15110,PRR23A
15111,COL6A6
15112,RAB12
15113,TMEM200C
15114,HACD2
15115,CFAP44
15116,LNP1
15117,VGLL3
15118,ZCWPW2
15119,ANKRD28
15120,COLQ
15121,METTL6
15122,THUMPD3-AS1
15123,XKR4
15124,GPX3
15125,DIO2
15126,SELENOH
15127,DIO1
15128,AKR7L
15129,STK38L
15130,SACM1L
15131,TSN
15132,SLC48A1
15133,IGKC
15134,IGKV4-1
15135,IGLV4-60
15136,IGLV6-57
15137,IGLV1-47
15138,IGLV3-19
15139,IGLV2-14
15140,IGLV2-11
15141,IGLC1
15142,IGLC2
15143,IGLC3
15144,IGLC7
15145,TRGV10
15146,TRGV9
15147,TRGV8
15148,TRGV5
15149,TRGV4
15150,TRGV3
15151,TRBV6-5
15152,TRAV3
15153,TRAV4
15154,TRAV5
15155,TRAV6
15156,TRAV8-2
15157,TRAV8-3
15158,TRAV13-1
15159,TRAV12-2
15160,TRAV8-4
15161,TRAV13-2
15162,TRAV14DV4
15163,TRAV12-3
15164,TRAV8-6
15165,TRAV16
15166,TRAV17
15167,TRAV19
15168,TRAV20
15169,TRAV21
15170,TRAV22
15171,TRAV23DV6
15172,TRDV1
15173,TRAV24
15174,TRAV25
15175,TRAV26-1
15176,TRAV27
15177,TRAV29DV5
15178,TRAV26-2
15179,TRAV36DV7
15180,TRAV38-2DV8
15181,TRAV41
15182,TRDV2
15183,IGHG3
15184,IGHV1-2
15185,IGHV1-3
15186,IGHV3-15
15187,IGHV4-39
15188,IGHV3-48
15189,PRR22
15190,LINC01089
15191,LINC02693
15192,RTL8B
15193,EWSAT1
15194,OR2A42
15195,TTTY2B
15196,RNF208
15197,MT-ND4L
15198,MAP10
15199,POU5F1B
15200,ZNF580
15201,ZNF611
15202,SYT3
15203,NUP62
15204,DENND1B
15205,C1orf220
15206,SFT2D2
15207,CEP43
15208,SCAF8
15209,CFAP45
15210,ACKR1
15211,ZNF254
15212,CRYGS
15213,CRIP1
15214,KLHL23
15215,LINGO4
15216,FAM24B
15217,TRIM59
15218,MLLT11
15219,ASIC3
15220,GIMAP1
15221,CCDC183
15222,DNLZ
15223,SUPT4H1
15224,TSGA13
15225,NRAS
15226,LTC4S
15227,ANKRD39
15228,QTRT1
15229,CHUK
15230,MXD3
15231,GSTM2
15232,LINC00671
15233,COG8
15234,ARHGAP19
15235,HAUS7
15236,LCAT
15237,PTPRCAP
15238,PVRIG
15239,GPC2
15240,KRT222
15241,SIPA1
15242,ERV3-1
15243,SYNJ2BP
15244,ARL2
15245,FIRRE
15246,GBP7
15247,RBMXL1
15248,SRA1
15249,STIMATE
15250,DNAJC9
15251,C8orf82
15252,CPLX3
15253,VDAC1
15254,ZBTB9
15255,TMX2
15256,SLX1A-SULT1A3
15257,HEXA
15258,NDUFS3
15259,LEPROT
15260,LBH
15261,ADAT3
15262,PPP1CB
15263,SULT1A4
15264,LAT
15265,NCKIPSD
15266,TREX1
15267,S1PR3
15268,SLC35F6
15269,FAM209B
15270,RPS29
15271,ZNF337-AS1
15272,ZNF134
15273,DDX47
15274,ZNF888
15275,ZNF845
15276,KLRK1
15277,EMP2
15278,PPM1N
15279,CEACAM16
15280,SLC23A3
15281,LTB4R
15282,LIPE-AS1
15283,LTB4R2
15284,DNASE1
15285,MDP1
15286,CSNK1E
15287,CCL27
15288,GALT
15289,CLDN9
15290,ITGA1
15291,NUDT19
15292,ZNF726
15293,ZNF99
15294,TAX1BP3
15295,AP1G2
15296,ZNF90
15297,NAXD
15298,TM6SF2
15299,MEF2B
15300,GANC
15301,TTLL3
15302,REPIN1
15303,ZNF891
15304,LINC02418
15305,LINC02347
15306,SMIM7
15307,FBXO16
15308,TSPAN4
15309,CPNE1
15310,ARL16
15311,WEE2
15312,LYRM4
15313,MYCBP
15314,TMEM213
15315,PRCD
15316,LINC02026
15317,ALG3
15318,GCC2-AS1
15319,ST7-OT4
15320,SH3D21
15321,SMIM30
15322,C19orf38
15323,IQCJ
15324,C17orf67
15325,FIS1
15326,ANG
15327,SCART1
15328,APTR
15329,SPDYE3
15330,MBLAC1
15331,VAC14-AS1
15332,NEURL1B
15333,EFCAB9
15334,HAUS3
15335,VSTM5
15336,LINC00488
15337,LCNL1
15338,BBIP1
15339,VPS33B-DT
15340,AS3MT
15341,FAM187A
15342,PLIN5
15343,SEC14L6
15344,SPINK13
15345,HIGD1C
15346,NOTO
15347,PPME1
15348,STARD10
15349,MEG3
15350,NUTM2D
15351,CPEB1
15352,EML6
15353,ZNF727
15354,ZSWIM8
15355,C10orf105
15356,ARHGEF33
15357,IFRD2
15358,CAPN14
15359,ZBED1
15360,TOMM6
15361,HNRNPUL2
15362,CSKMT
15363,MS4A4E
15364,FER1L6
15365,MTCP1
15366,RAD51AP2
15367,LINC00612
15368,DCDC2C
15369,LINC01588
15370,NPIPA8
15371,ZSWIM7
15372,GPR33
15373,ARHGEF28
15374,LRRC69
15375,CRPPA
15376,RTL10
15377,COL28A1
15378,PHB2
15379,CD27-AS1
15380,GRID2IP
15381,UBXN2B
15382,LINC00588
15383,C16orf90
15384,NLRP2B
15385,MSMP
15386,GOLGA6B
15387,PEX26
15388,BASP1-AS1
15389,GRXCR1
15390,LINC02449
15391,LINC02649
15392,FASTKD5
15393,GOLGA8B
15394,GAGE10
15395,RNF212B
15396,DDX3X
15397,VPS16
15398,FAM66E
15399,MYL5
15400,MIR99AHG
15401,SCRT2
15402,MIR17HG
15403,ZNF407
15404,MCM3AP-AS1
15405,NPEPL1
15406,AATBC
15407,RPL17-C18orf32
15408,SIAH3
15409,LINC00598
15410,FAM230B
15411,EFCAB8
15412,LINC00189
15413,C20orf202
15414,HMX1
15415,RSC1A1
15416,TMEM242
15417,TMEM167B
15418,ARHGAP27P1-BPTFP1-KPNA2P3
15419,FAM72D
15420,TNFRSF25
15421,LINC01139
15422,ZC3H11B
15423,TSTD1
15424,LINC01356
15425,CYB5RL
15426,C1orf167
15427,TTC34
15428,ATAD3C
15429,IFI30
15430,GAGE12E
15431,LY86-AS1
15432,FAM240C
15433,CCDC7
15434,FNIP1
15435,SYCE3
15436,CKLF
15437,PAM16
15438,TENM3
15439,LINC01644
15440,LINC00339
15441,CEBPZOS
15442,PAPOLB
15443,FAM138C
15444,ZNF579
15445,RNASEK
15446,CATSPERZ
15447,TAFA5
15448,UMAD1
15449,PPP1R3G
15450,FAM228B
15451,ZNF433-AS1
15452,LINGO3
15453,ZGLP1
15454,VAMP2
15455,HTR5A-AS1
15456,LL22NC03-63E9.3
15457,PPP3CB-AS1
15458,EBF2
15459,PPP3R1
15460,FANCG
15461,AP4M1
15462,OR2A12
15463,PLXNA4
15464,CEBPD
15465,ZNF816-ZNF321P
15466,OR3A2
15467,ARIH2OS
15468,HMSD
15469,NPTXR
15470,FAM200A
15471,PPP2R2A
15472,C19orf73
15473,ZNF880
15474,TRIM16
15475,HEPN1
15476,OR2A25
15477,TAS2R40
15478,TIGD1
15479,FXYD7
15480,XKR9
15481,LINC01465
15482,SLC12A8
15483,APOL6
15484,FADS3
15485,OR2A1
15486,CCNL2
15487,UBA52
15488,MYBPHL
15489,PPT2
15490,ZNF630
15491,LINC02860
15492,LINC01118
15493,BTBD19
15494,FAM185A
15495,RAB6C
15496,HDAC4-AS1
15497,KIAA2012-AS1
15498,POTEM
15499,CYTOR
15500,C10orf55
15501,LINC01778
15502,LINC02068
15503,MEG9
15504,TH2LCRR
15505,USP17L2
15506,LINC01825
15507,NUTM2A-AS1
15508,EXOSC6
15509,ZNF844
15510,ACSL6-AS1
15511,CCR5AS
15512,USP17L15
15513,CKMT1A
15514,TINCR
15515,LINC01986
15516,LINC02142
15517,RFPL4A
15518,C1GALT1C1L
15519,LINC00571
15520,DIP2A-IT1
15521,RAET1E-AS1
15522,LINC02593
15523,LINC00205
15524,CACNA2D1-AS1
15525,LGALS8-AS1
15526,LINC00707
15527,CERS1
15528,LINC00114
15529,OSER1-DT
15530,LINC02471
15531,LINC01014
15532,ROR1-AS1
15533,C1QTNF5
15534,LINC01767
15535,CHROMR
15536,SMCR2
15537,MIR181A2HG
15538,EDRF1-DT
15539,CPTP
15540,LINC00691
15541,ELMO1-AS1
15542,CENPVL3
15543,INHBA-AS1
15544,LINC01857
15545,LINC02828
15546,DNAJC27-AS1
15547,LINC00570
15548,MIR3681HG
15549,HAGLR
15550,LINC00466
15551,VSTM2A-OT1
15552,SOX1-OT
15553,LINC01133
15554,SLC25A5-AS1
15555,LINC01567
15556,FAM135A-AS1
15557,PRR29
15558,PELATON
15559,LINC02052
15560,ADM5
15561,PRKAR2A-AS1
15562,LINC00539
15563,ATXN1L
15564,LINC02523
15565,MRPS9-AS2
15566,LINC00365
15567,LINC00620
15568,SMIM13
15569,TMLHE-AS1
15570,LINC01117
15571,MIR3659HG
15572,ZMIZ1-AS1
15573,HSD52
15574,LINC00885
15575,LINC01823
15576,GAGE12J
15577,SH3BP5-AS1
15578,RASAL2-AS1
15579,LAMTOR5-AS1
15580,E2F3-IT1
15581,LINC02671
15582,LEMD1-DT
15583,PCOLCE-AS1
15584,TEX26-AS1
15585,LINC00853
15586,TMEM72-AS1
15587,LINC00240
15588,NQO2-AS1
15589,OPA1-AS1
15590,MRPL20-AS1
15591,EML4-AS1
15592,NDUFAF8
15593,LINC02840
15594,POT1-AS1
15595,GAGE12H
15596,RNF32-AS1
15597,LINC00863
15598,LINC00320
15599,PRRT4
15600,LINC01266
15601,PGM5-AS1
15602,LARGE-AS1
15603,INE1
15604,TMEM233
15605,LINC01526
15606,CATIP-AS1
15607,PNMA6F
15608,LINC00237
15609,OSTM1-AS1
15610,LINC00457
15611,LINC00092
15612,MIR137HG
15613,LINC02470
15614,INTS6L-AS1
15615,PCDH9-AS3
15616,TAF1A-AS1
15617,LINC01770
15618,PPP1R26-AS1
15619,TMEM246-AS1
15620,NRSN2-AS1
15621,SFTA1P
15622,LINC01504
15623,JPX
15624,NUTM2B-AS1
15625,LINC01703
15626,LINC01393
15627,LINC01821
15628,ZNF385D-AS1
15629,C2CD4D
15630,DOCK4-AS1
15631,NCBP2-AS1
15632,ZNF469
15633,AGBL4-IT1
15634,PACRG-AS3
15635,FAM225B
15636,SLC26A6
15637,PTPRD-AS1
15638,PDE9A-AS1
15639,FGD5-AS1
15640,DBH-AS1
15641,P3H2-AS1
15642,LINC01831
15643,PROSER2-AS1
15644,MIAT
15645,TRAM2-AS1
15646,TMEM30A-DT
15647,FAM229A
15648,ERCC6
15649,RUSC1-AS1
15650,PSG8-AS1
15651,NOL7
15652,TAB2-AS1
15653,LINC02249
15654,PCA3
15655,SATB2-AS1
15656,ELFN1
15657,PIGBOS1
15658,LAMP5-AS1
15659,KCNIP2-AS1
15660,PRICKLE2-AS3
15661,LINC01772
15662,FGF13-AS1
15663,ZNF503-AS1
15664,LINC01776
15665,LINC00951
15666,SLC39A12-AS1
15667,LINC00937
15668,FTCDNL1
15669,LINC01907
15670,BAIAP2-DT
15671,LINC01375
15672,AP4B1-AS1
15673,TEX22
15674,LINC02519
15675,LEMD1-AS1
15676,GAS1RR
15677,ZNF32-AS1
15678,LINC02608
15679,ARHGAP26-AS1
15680,OR52I2
15681,CFLAR-AS1
15682,LINC01811
15683,CROCC2
15684,NUP50-DT
15685,ST7-AS2
15686,LINC01876
15687,SORCS3-AS1
15688,SLC16A1-AS1
15689,ZNF25-DT
15690,LINC02542
15691,LINC01748
15692,TMEM185B
15693,ADIPOQ-AS1
15694,LINC00323
15695,LINC01918
15696,FAM138B
15697,CYP4F26P
15698,LINC00606
15699,LINC02848
15700,SHANK2-AS1
15701,PLCG1-AS1
15702,KIF4B
15703,TEX41
15704,LINC02679
15705,LINC01535
15706,ENTPD1-AS1
15707,LENG8-AS1
15708,FAM66C
15709,LINC00424
15710,PABPC1L2B-AS1
15711,HSBP1L1
15712,SMCR5
15713,PP12613
15714,DISC1-IT1
15715,SRRM5
15716,PGAM4
15717,LINC02611
15718,CACTIN-AS1
15719,LCT-AS1
15720,LINC02774
15721,LHFPL3-AS1
15722,ERVMER34-1
15723,LINC01359
15724,LINC00354
15725,BSN-DT
15726,DANCR
15727,NCKAP5-AS2
15728,LINC00511
15729,ITGB2-AS1
15730,C14orf132
15731,MUC12-AS1
15732,WDR46
15733,LINC00629
15734,EPS15-AS1
15735,FOCAD-AS1
15736,LINC02798
15737,LINC01630
15738,HORMAD2-AS1
15739,ZNF717
15740,USP17L5
15741,TRGC2
15742,ST7-AS1
15743,SPATA13-AS1
15744,MIS18A-AS1
15745,SMIM2-AS1
15746,LINC01364
15747,PARG
15748,RBM26-AS1
15749,RABGAP1L-DT
15750,DLG1-AS1
15751,HPN-AS1
15752,ZMYM4-AS1
15753,LINC01724
15754,LINC00310
15755,PDE4B-AS1
15756,LINC01537
15757,SCAMP4
15758,MROCKI
15759,LTB
15760,USP17L12
15761,HSD11B1-AS1
15762,CERS6-AS1
15763,LINC01132
15764,SOX21-AS1
15765,STEAP2-AS1
15766,LINC00355
15767,LINC01068
15768,DNMBP-AS1
15769,LINC02803
15770,INKA2-AS1
15771,SUCLA2-AS1
15772,TEX46
15773,MRLN
15774,SNAP25-AS1
15775,TARID
15776,RBM15-AS1
15777,LINC01429
15778,IL6R-AS1
15779,RAPGEF4-AS1
15780,POLR2J2
15781,LINC01736
15782,PABPC4-AS1
15783,LYPLAL1-DT
15784,MELTF-AS1
15785,FALEC
15786,OR2M3
15787,LINC02869
15788,NLGN1-AS1
15789,LINC00578
15790,MT-ATP8
15791,PCAT6
15792,FAM174C
15793,LINC01209
15794,GUSBP11
15795,LINC01890
15796,MIR646HG
15797,ITPKB-IT1
15798,LINC01635
15799,LNC-LBCS
15800,ZNF32-AS2
15801,OST4
15802,LINC01013
15803,MIR34AHG
15804,CCDC183-AS1
15805,NUTM2E
15806,MIR4432HG
15807,FNDC10
15808,HDAC2-AS2
15809,SNHG26
15810,LINC01201
15811,PROB1
15812,DHFR
15813,SRGAP3-AS2
15814,WEE2-AS1
15815,LINC00954
15816,LINC01128
15817,LAMA5-AS1
15818,MIR4500HG
15819,CT45A5
15820,SEPTIN7-DT
15821,UBAC2-AS1
15822,AKT3-IT1
15823,LINC02607
15824,HECW2-AS1
15825,LINC02587
15826,MED4-AS1
15827,RPL41
15828,VIM-AS1
15829,CCDC26
15830,EPHA1-AS1
15831,KCNQ5-AS1
15832,PGA4
15833,LINC00200
15834,TTTY10
15835,LPGAT1-AS1
15836,SNHG31
15837,RFPL4AL1
15838,HYI-AS1
15839,SZT2-AS1
15840,LINC00858
15841,LINC02069
15842,PATL2
15843,LINC02766
15844,MYCBP2-AS2
15845,RABGAP1L-AS1
15846,LINC02572
15847,LINC01739
15848,LINC00379
15849,ACVR2B-AS1
15850,LINC01501
15851,MBNL1-AS1
15852,PRAC2
15853,LINC02526
15854,ITGB1-DT
15855,ZNF492
15856,PDC-AS1
15857,LINC01159
15858,XIST
15859,ZNF688
15860,PET100
15861,EMX2OS
15862,ARSD-AS1
15863,PGA3
15864,STEAP3-AS1
15865,OGFR-AS1
15866,LINC01315
15867,KIF25-AS1
15868,PDE11A-AS1
15869,TOB1-AS1
15870,CT70
15871,LINC02800
15872,LINC00364
15873,PRRT3-AS1
15874,LINC02028
15875,ACBD6
15876,LINC02641
15877,HOXB-AS1
15878,LINC01433
15879,LINC01840
15880,LINC02603
15881,ELOVL2-AS1
15882,FEZF1-AS1
15883,LINC01284
15884,SPDYE21
15885,DSCR9
15886,FAM41C
15887,LINC01972
15888,BZW1-AS1
15889,LINC00595
15890,EMC1-AS1
15891,LINC01036
15892,LINC00276
15893,LINC01381
15894,ANKRD18B
15895,PROX1-AS1
15896,PSMG3-AS1
15897,AOAH-IT1
15898,FTX
15899,HM13-AS1
15900,ENO1-AS1
15901,MEIS1-AS2
15902,ZNF341-AS1
15903,YY2
15904,FOXD3-AS1
15905,SRGAP2-AS1
15906,ZNF674-AS1
15907,LINC02857
15908,STMND1
15909,LINC00486
15910,LINC00309
15911,LINC02541
15912,HSBP1
15913,SCTR-AS1
15914,LINC00326
15915,HCG18
15916,MIR4422HG
15917,ECE1-AS1
15918,LINC01436
15919,LINC01508
15920,HAR1B
15921,LINC00852
15922,LINC01844
15923,FARP1-AS1
15924,CFAP58-DT
15925,LINC02884
15926,ITPR1-DT
15927,CFAP97D1
15928,ANAPC1P2
15929,SBK3
15930,APCDD1L-DT
15931,SGO1-AS1
15932,MAP4K3-DT
15933,LINC01816
15934,WARS2-AS1
15935,LINC02613
15936,GORAB-AS1
15937,LINC00689
15938,LINC01516
15939,FILNC1
15940,LINC01445
15941,LINC01750
15942,WASIR2
15943,LINC01305
15944,RB1-DT
15945,LINC01353
15946,FAM27C
15947,FAM225A
15948,LINC01249
15949,LINC00278
15950,CLEC12A-AS1
15951,LINC02015
15952,DLEU2
15953,ANKRD44-AS1
15954,AGBL5-AS1
15955,LUARIS
15956,FSIP2-AS1
15957,DLG3-AS1
15958,COA6-AS1
15959,LINC01704
15960,DIRC3
15961,LINC02723
15962,LINC-PINT
15963,ARHGEF9-IT1
15964,TSPAN19
15965,LINC01273
15966,RPS27AP5
15967,LINC01354
15968,LINC00575
15969,PIK3CD-AS2
15970,PCAT7
15971,LINC01198
15972,AKAIN1
15973,LINC01819
15974,IPO9-AS1
15975,F10-AS1
15976,TRAF3IP2-AS1
15977,MYO3B-AS1
15978,IDH1-AS1
15979,TAPBP
15980,MMADHC-DT
15981,CT69
15982,PPP1R2B
15983,EP300-AS1
15984,LRRC8C-DT
15985,DNMT3L-AS1
15986,LEF1-AS1
15987,LINC01807
15988,TMEM253
15989,LINC01031
15990,LINC01697
15991,RPS6KA2-IT1
15992,DCST1-AS1
15993,TMA7
15994,MCTS1
15995,LINC00867
15996,RAP2C-AS1
15997,LINC01873
15998,LINC02181
15999,LINC00865
16000,LINC02043
16001,ASCL5
16002,TMEM114
16003,USP17L24
16004,OR52I1
16005,HSD17B3-AS1
16006,GNG12-AS1
16007,SMIM26
16008,USP17L13
16009,AJM1
16010,MHENCR
16011,LINC02777
16012,RPL37A-DT
16013,OSBPL10-AS1
16014,GCSIR
16015,LINC02802
16016,KCND3-IT1
16017,LINC01549
16018,MRTFA-AS1
16019,KIAA1614-AS1
16020,LINC02642
16021,KANTR
16022,LINC02576
16023,LINC01431
16024,LINC01780
16025,IDI2-AS1
16026,ZNF687-AS1
16027,LINC00665
16028,ATP11A-AS1
16029,KIZ-AS1
16030,LINC01826
16031,ITGA6-AS1
16032,SLCO4A1-AS1
16033,COL4A2-AS1
16034,LMLN-AS1
16035,LINC01700
16036,PET117
16037,LYRM9
16038,SMG7-AS1
16039,DPYD-AS1
16040,LINC01166
16041,DLGAP4-AS1
16042,PLCE1-AS2
16043,SNHG15
16044,CYP1B1-AS1
16045,LINC00327
16046,MIR3936HG
16047,LINC01725
16048,NALCN-AS1
16049,SNHG7
16050,NPIPA9
16051,LINC01722
16052,ERVH48-1
16053,TTLL7-IT1
16054,PHEX-AS1
16055,LNCARSR
16056,RAB6D
16057,LINC00892
16058,CCDC144NL-AS1
16059,HOXB-AS3
16060,LINC01007
16061,USP17L11
16062,LINC01762
16063,LINC00642
16064,NPIPB7
16065,LINC00472
16066,GPX1
16067,TMEM18-DT
16068,TRGV2
16069,OSTN-AS1
16070,FAM53B-AS1
16071,CHRM3-AS2
16072,PDXP-DT
16073,CNIH3-AS2
16074,LINC01783
16075,HOTAIRM1
16076,BTBD18
16077,STXBP5-AS1
16078,FHAD1-AS1
16079,TMEM238
16080,LINC01638
16081,ZNF529-AS1
16082,LINC00460
16083,DNM3-IT1
16084,B4GALT1-AS1
16085,LINC00513
16086,LINC02609
16087,LINC00462
16088,PANTR1
16089,GPR158-AS1
16090,PIRT
16091,PBX1-AS1
16092,MYCNOS
16093,NRAD1
16094,NCKAP5-AS1
16095,LINC00656
16096,DSCAM-IT1
16097,IFNA13
16098,H2BC15
16099,PDYN-AS1
16100,LINC01503
16101,LINC01694
16102,RPS28
16103,CTXN2
16104,UQCRHL
16105,EIF2AK3-DT
16106,LINC00463
16107,PAGE2
16108,LINC02535
16109,LINC01781
16110,C16orf82
16111,ETV5-AS1
16112,LINC01191
16113,CT66
16114,LIX1L-AS1
16115,TMEM229A
16116,MAP3K5-AS1
16117,LINC01641
16118,ZNF879
16119,BACH1-IT3
16120,LINC01878
16121,LINC01505
16122,LINC01914
16123,OBI1-AS1
16124,LINC01426
16125,CCDC188
16126,ZNF736
16127,MAGI2-AS3
16128,PINLYP
16129,CLDN34
16130,RPL34-DT
16131,LINC01506
16132,C5orf58
16133,PCDH9-AS1
16134,FAM133B
16135,LNCTAM34A
16136,LINC01800
16137,SYNE1-AS1
16138,MAPKAPK5-AS1
16139,JRK
16140,CHL1-AS1
16141,LERFS
16142,IFT74-AS1
16143,SDCBP2-AS1
16144,EPCAM-DT
16145,SEC61G-DT
16146,NPIPB2
16147,LINC01287
16148,GAS5
16149,FOXP4-AS1
16150,LINC02817
16151,BNC2-AS1
16152,LINC00458
16153,ECI2-DT
16154,LINC01239
16155,LINC00676
16156,HNRNPUL2-BSCL2
16157,MIR155HG
16158,SOX9-AS1
16159,APOC2
16160,SNHG20
16161,LINC01827
16162,GRID1-AS1
16163,GTF3C2-AS1
16164,LINC01524
16165,LINC02539
16166,SHISA8
16167,LINC01849
16168,SEMA3F-AS1
16169,DPP10-AS1
16170,MNX1-AS2
16171,DAAM2-AS1
16172,C19orf81
16173,ID2-AS1
16174,LINC00330
16175,ANKRD65
16176,BRD3OS
16177,ZSCAN31
16178,DSCAM-AS1
16179,C12orf75
16180,SMIM1
16181,HGH1
16182,LINC00601
16183,PPP1R3E
16184,DANT2
16185,RAMACL
16186,LINC01281
16187,LINC00957
16188,RPEL1
16189,EPN2-AS1
16190,LINC01278
16191,LURAP1L-AS1
16192,SMIM27
16193,LINC01664
16194,UBE2R2-AS1
16195,JARID2-AS1
16196,HIPK1-AS1
16197,AGAP1-IT1
16198,MSC-AS1
16199,LINC00402
16200,TRDN-AS1
16201,NFAM1
16202,LINC01871
16203,GNAS-AS1
16204,LINC01102
16205,LINC00494
16206,LINC00484
16207,LINC00345
16208,SNTG2-AS1
16209,DICER1-AS1
16210,MFRP
16211,LINC02250
16212,KIAA0040
16213,LINC00607
16214,DPYD-AS2
16215,HCFC1-AS1
16216,OLMALINC
16217,SRGAP3-AS4
16218,BHLHE40-AS1
16219,GSN-AS1
16220,ARHGEF7-AS2
16221,TSPEAR-AS1
16222,TM4SF19-AS1
16223,CPB2-AS1
16224,RBMS3-AS3
16225,MACROD2-AS1
16226,ASH1L-AS1
16227,NEXN-AS1
16228,LINC01553
16229,EGOT
16230,TTC28-AS1
16231,UBOX5-AS1
16232,PNMA6A
16233,GPC5-AS1
16234,MORC2-AS1
16235,OR5H14
16236,MYCBP2-AS1
16237,LINC01447
16238,ELFN1-AS1
16239,ZBTB22
16240,SCN1A-AS1
16241,PTCSC2
16242,TMEM147-AS1
16243,PPP1R9A-AS1
16244,GRM7-AS1
16245,LINC01376
16246,DIAPH2-AS1
16247,LINC01361
16248,NDP-AS1
16249,CLEC2L
16250,ZBED5
16251,GACAT3
16252,SLC12A9-AS1
16253,SLFN14
16254,PPIAL4G
16255,SCAT8
16256,GAGE12F
16257,CCDC200
16258,VLDLR-AS1
16259,LINC01134
16260,MFF-DT
16261,UBE2L5
16262,LINC00427
16263,KCNMA1-AS1
16264,LINC02195
16265,LINC01945
16266,LINC01744
16267,LINC00896
16268,SIX3-AS1
16269,LINC01231
16270,LINC01695
16271,MYCL-AS1
16272,RNF217-AS1
16273,BCL2L1-AS1
16274,STARD13-AS
16275,ZNF853
16276,PITPNA-AS1
16277,LINC01923
16278,PRKG1-AS1
16279,MAP3K2-DT
16280,LINC01010
16281,SDK1-AS1
16282,DAPK1-IT1
16283,GAGE12B
16284,MKLN1-AS
16285,DNAJC9-AS1
16286,CTAGE9
16287,INTS6-AS1
16288,LINC01829
16289,LINC00299
16290,CNTNAP2-AS1
16291,ELOA-AS1
16292,LINC01563
16293,CBR3-AS1
16294,NIFK-AS1
16295,ZKSCAN7-AS1
16296,LINC01554
16297,MIR600HG
16298,LINC01852
16299,CLCA4-AS1
16300,LINC02851
16301,ANKRD44-IT1
16302,EDRF1-AS1
16303,ZEB1-AS1
16304,NDUFA6-DT
16305,EHMT2-AS1
16306,HAND2-AS1
16307,ZNF503-AS2
16308,B3GNT9
16309,LINC01797
16310,PRKAR1B-AS1
16311,NR2F1-AS1
16312,CDKN2AIPNL
16313,LINC01968
16314,ZNF295-AS1
16315,LINC00987
16316,CARD11-AS1
16317,CKMT1B
16318,LINC01732
16319,TTN-AS1
16320,RNF223
16321,LINC01502
16322,PITRM1-AS1
16323,PRSS56
16324,FOXD2-AS1
16325,ZNF737
16326,LINC01637
16327,LINC01684
16328,C10orf143
16329,LINC01409
16330,PKN2-AS1
16331,UNC5B-AS1
16332,SHISA9
16333,LINC00857
16334,LINC01888
16335,LINC01275
16336,DYRK3-AS1
16337,FAM138A
16338,LINC02245
16339,C2orf74
16340,GAGE12C
16341,IRGM
16342,DCTN1-AS1
16343,AMY1A
16344,FAM200B
16345,LINC02631
16346,ADAMTSL4-AS2
16347,CDK6-AS1
16348,NFIA-AS1
16349,LINC01885
16350,NALT1
16351,SIRPG-AS1
16352,NFIA-AS2
16353,KCNQ1DN
16354,PRKCQ-AS1
16355,LINC00649
16356,RFX5-AS1
16357,CELF2-AS2
16358,LINC01679
16359,ZEB2-AS1
16360,SPATA3-AS1
16361,LINC01352
16362,LINC02037
16363,LINC01625
16364,LINC01410
16365,LINC00426
16366,MAP3K20-AS1
16367,LINC02863
16368,LINC01053
16369,CD81-AS1
16370,PHACTR3-AS1
16371,PAXBP1-AS1
16372,LRIG2-DT
16373,LINC01877
16374,TMEM250
16375,LINC00391
16376,GABARAPL3
16377,PAGE2B
16378,LINC02023
16379,NCK1-DT
16380,TXNDC5
16381,CASTOR1
16382,RNF103
16383,RBM14
16384,ATP6V1B1-AS1
16385,ALKBH6
16386,ASB14
16387,LINC02008
16388,KLHL41
16389,MYLK-AS2
16390,LHFPL3-AS2
16391,STPG4
16392,MEIKIN
16393,PSMD6-AS2
16394,NME1
16395,TNFSF12
16396,CDRT4
16397,APOBEC3G
16398,TLR9
16399,WBP1
16400,MRPS17
16401,DEFA3
16402,GET4
16403,C1orf226
16404,ADSL
16405,LINC01471
16406,ZBTB20-AS3
16407,LILRA4
16408,IGKV1D-33
16409,TEX35
16410,LNCSRLR
16411,AMY2B
16412,LINC02271
16413,PCDHGC3
16414,SMKR1
16415,PPP1R35-AS1
16416,COX19
16417,GHRLOS
16418,ACAD11
16419,PPIL3
16420,SAMMSON
16421,LINC00636
16422,FOXO3B
16423,LINC00973
16424,CDKN2B-AS1
16425,TNFRSF13B
16426,TM4SF1-AS1
16427,THOC7-AS1
16428,L1TD1
16429,LINC02067
16430,AQP1
16431,C1QTNF9
16432,ISY1
16433,PNMA2
16434,LRRD1
16435,PCDHGC5
16436,ARHGEF25
16437,RDH14
16438,NDUFB2-AS1
16439,PLCXD2
16440,LINC02042
16441,LSAMP-AS1
16442,NSUN6
16443,LINC01994
16444,PRICKLE2-AS1
16445,YAE1
16446,LINC02032
16447,LINC00881
16448,ARHGAP31-AS1
16449,ADAMTS9-AS1
16450,LINC00877
16451,LINC02024
16452,KRTAP5-8
16453,CRCP
16454,LINC02614
16455,WWTR1-AS1
16456,RPL36A
16457,PDXP
16458,HNF1A-AS1
16459,CD302
16460,EGFL8
16461,ATP5MF
16462,PTPRG-AS1
16463,ARHGAP8
16464,LINC02029
16465,ARPC4
16466,ZBTB20-AS1
16467,CORT
16468,PAQR9-AS1
16469,UGT1A1
16470,INMT
16471,ADAMTS9-AS2
16472,ARPC1A
16473,TMEFF1
16474,CECR3
16475,ATP5PO
16476,PLEKHO2
16477,C8orf58
16478,PISD
16479,DENND6A-DT
16480,HOGA1
16481,PWP2
16482,PI4KA
16483,HYPK
16484,IGKV1-33
16485,SLC5A4-AS1
16486,AMACR
16487,MTFP1
16488,SNHG3
16489,ARHGDIG
16490,TCP10L
16491,ARFGAP3
16492,BGLAP
16493,LINC00996
16494,C22orf39
16495,PEG10
16496,LINC02082
16497,BMS1P4-AGAP5
16498,ZBTB20-AS5
16499,BMS1P4
16500,IGKV1-39
16501,EIF6
16502,PCDHGC4
16503,CFAP20DC-AS1
16504,GTF2A1L
16505,MRPL20
16506,ARPIN
16507,LINC01206
16508,LINC00960
16509,KLHL6-AS1
16510,SERPINB10
16511,HLA-DMB
16512,GNG10
16513,LINC00971
16514,LINC02010
16515,CNTF
16516,CCDC169
16517,RTL5
16518,ZBTB20-AS4
16519,AP5Z1
16520,SOX2-OT
16521,ZNF709
16522,STRC
16523,ERVW-1
16524,EIF4EBP3
16525,ARHGEF26-AS1
16526,LINC00870
16527,MRPL33
16528,MICAL3
16529,TUSC7
16530,PPAN-P2RY11
16531,PCDHAC2
16532,STON1
16533,IGKV2D-29
16534,PRAF2
16535,VSIG8
16536,IGKV1-12
16537,STMP1
16538,FGF14-IT1
16539,LINC01998
16540,KCTD7
16541,EFNA4
16542,PSMD6-AS1
16543,TICAM2
16544,NAA80
16545,AMY2A
16546,TNFRSF6B
16547,LINC00880
16548,IL10RB
16549,ZNF487
16550,NME2
16551,DUBR
16552,PLA2G4B
16553,LEFTY1
16554,CFAP57
16555,CACNA2D3-AS1
16556,TTC4
16557,TMEM35B
16558,JMJD7
16559,LINC02044
16560,APOBEC3D
16561,RN7SL832P
16562,CFAP44-AS1
16563,OR2A7
16564,LINC00886
16565,MRPS6
16566,ZNF512
16567,RTL9
16568,ACY1
16569,NFS1
16570,DDOST
16571,IL12A-AS1
16572,LINC01011
16573,DNAJC25-GNG10
16574,LINC01322
16575,FLNB-AS1
16576,P2RY11
16577,TMEM141
16578,LINC02016
16579,TMEM225B
16580,IFITM10
16581,DBNDD2
16582,ETV5
16583,KRTAP5-7
16584,CFHR1
16585,RBM12
16586,ERVFRD-1
16587,SCARF2
16588,HDAC11-AS1
16589,APOBEC3C
16590,LINC01260
16591,IGKV1-27
16592,WNT5A-AS1
16593,RAD21L1
16594,CCDC13
16595,ASPRV1
16596,OR2AE1
16597,MIATNB
16598,UBE2V1
16599,PTCHD4
16600,C4A
16601,HBB
16602,CRYBB2
16603,N4BP2L2
16604,ALKBH3-AS1
16605,LIFR-AS1
16606,LINC02453
16607,LINC00847
16608,IGFBP7-AS1
16609,A2M-AS1
16610,ARAP1-AS2
16611,LINC00861
16612,USP2-AS1
16613,SAP30L-AS1
16614,CYP2U1-AS1
16615,CXXC4-AS1
16616,LINC01585
16617,LINC02709
16618,NEAT1
16619,RORA-AS1
16620,SCAMP1-AS1
16621,FAM111A-DT
16622,BDNF-AS
16623,DACT3-AS1
16624,DDX11-AS1
16625,ZNF585B
16626,LINC02226
16627,DRAIC
16628,MIR4300HG
16629,CEBPA
16630,RAD51-AS1
16631,GS1-24F4.2
16632,MEF2C-AS2
16633,LINC00682
16634,NSMCE1-DT
16635,LINC02273
16636,ALDH1L1-AS2
16637,RAB30-DT
16638,LINC02325
16639,KCTD21-AS1
16640,P4HA3-AS1
16641,LINC01550
16642,CASC8
16643,SBF2-AS1
16644,EXTL3-AS1
16645,LINC02458
16646,LACTB2-AS1
16647,PPM1K-DT
16648,ZNF84-DT
16649,DIAPH1-AS1
16650,LINC00968
16651,FZD4-DT
16652,LINC02481
16653,LINC02288
16654,PICART1
16655,RASSF8-AS1
16656,H2AJ
16657,MGC16275
16658,PLA2G4E-AS1
16659,RGMB-AS1
16660,RIC3-DT
16661,STARD4-AS1
16662,GPR176-DT
16663,UBAP1L
16664,SOCS2-AS1
16665,PGAM5
16666,SNHG10
16667,CSTF3-DT
16668,LINC01252
16669,ZBED5-AS1
16670,ZCCHC3
16671,DNAJC3-DT
16672,GPRC5D-AS1
16673,MIR4458HG
16674,OIP5-AS1
16675,CKMT2-AS1
16676,TWF2
16677,CPEB2-DT
16678,MARS2
16679,LRP4-AS1
16680,STX18-AS1
16681,USP51
16682,PCED1B-AS1
16683,SNCA-AS1
16684,SEC24B-AS1
16685,LINC00926
16686,NRAV
16687,ARHGAP42-AS1
16688,DPH6-DT
16689,BCKDHA
16690,INSL3
16691,LINC02150
16692,ANK2-AS1
16693,TRIM39-RPP21
16694,LINC02268
16695,STX18-IT1
16696,TRIM52-AS1
16697,MEF2C-AS1
16698,CDK11B
16699,LINC00504
16700,PRR5-ARHGAP8
16701,SEMA6A-AS1
16702,LINC02217
16703,LINC01962
16704,BACH1-IT1
16705,POU5F2
16706,PCP4L1
16707,ABHD14A
16708,ZFAT-AS1
16709,OTX2-AS1
16710,LINC02119
16711,STIMATE-MUSTN1
16712,RBM14-RBM4
16713,OXCT1-AS1
16714,LY75-CD302
16715,LINC02102
16716,HAS2-AS1
16717,LINC02415
16718,NPHP3-AS1
16719,SMIM31
16720,C8orf34-AS1
16721,LINC01095
16722,LINC02432
16723,FLJ46284
16724,LINC01574
16725,USP46-DT
16726,TNFSF12-TNFSF13
16727,HHIP-AS1
16728,FMN1
16729,ATP5MF-PTCD1
16730,USP17L19
16731,USP17L22
16732,SPCS3-AS1
16733,CLMAT3
16734,FAM138D
16735,ZNF436-AS1
16736,USP17L17
16737,HAUS5
16738,SEMA6A-AS2
16739,LINC01093
16740,ATP5MGL
16741,CASC16
16742,LINC02265
16743,TMEM150C
16744,C1QTNF7-AS1
16745,LINC00939
16746,LINC02057
16747,LINC01411
16748,LINC02405
16749,UGDH-AS1
16750,LINC02488
16751,CASC11
16752,FLJ12825
16753,CASC9
16754,NAIP
16755,LINC01091
16756,ZNF324B
16757,SPATS1
16758,LINC01586
16759,LINC01258
16760,LINC01234
16761,PPP2R2B-IT1
16762,LINC02503
16763,LINC00942
16764,SRD5A3-AS1
16765,ZNF564
16766,FER1L5
16767,LINC02242
16768,ECSCR
16769,USP17L21
16770,LINC00964
16771,VCAN-AS1
16772,LINC02021
16773,HS3ST5
16774,PVT1
16775,LINC02742
16776,RNF103-CHMP3
16777,PDCD6
16778,GOLGA8K
16779,LINC02223
16780,TERB1
16781,TMEM158
16782,BFSP2-AS1
16783,ARPIN-AP3S2
16784,SLC7A11-AS1
16785,MAPK10-AS1
16786,YJEFN3
16787,SH3TC2-DT
16788,CACNA1G-AS1
16789,RHOQ-AS1
16790,LINC02232
16791,HOXC-AS2
16792,ARPC4-TTLL3
16793,RASA2-IT1
16794,LINC02199
16795,FZD10-AS1
16796,PTTG2
16797,RDH10-AS1
16798,LINC02762
16799,ZNF718
16800,SMIM20
16801,EDIL3-DT
16802,LINC01340
16803,PURPL
16804,LINC02200
16805,TUNAR
16806,LINC02502
16807,CLSTN2-AS1
16808,LINC02105
16809,HOXC-AS1
16810,FAM218A
16811,LINC02145
16812,CDK3
16813,GPR162
16814,LINC01303
16815,ATP6V1E2
16816,GLI4
16817,LINC01182
16818,CXXC5-AS1
16819,LINC02123
16820,REELD1
16821,LINC00491
16822,CCDC169-SOHLH2
16823,SELENOP
16824,C8orf17
16825,LINC01262
16826,NT5C1B-RDH14
16827,LINC02381
16828,USP17L20
16829,SNHG18
16830,ZBED3-AS1
16831,USP17L18
16832,EPHA5-AS1
16833,SMAD1-AS1
16834,GMDS-DT
16835,SNHG21
16836,THAP9-AS1
16837,LMNB1-DT
16838,HTT-AS
16839,LINC02506
16840,LINC02882
16841,MRPS30-DT
16842,F11-AS1
16843,GSTCD-AS1
16844,TMEM92-AS1
16845,LINC00589
16846,ZNF674
16847,TMED7-TICAM2
16848,LINC00923
16849,LINC02270
16850,LINC02714
16851,MIR3945HG
16852,ZNF345
16853,WDFY3-AS1
16854,ALG1L2
16855,LINC02728
16856,MSANTD3-TMEFF1
16857,WWC2-AS2
16858,LINC02236
16859,ZNF550
16860,SEMA5A-AS1
16861,LINC00499
16862,DCANP1
16863,LINC00958
16864,LINC02615
16865,FOXD1
16866,CENPS-CORT
16867,IGKV1D-39
16868,MALAT1
16869,STPG2-AS1
16870,LINC02241
16871,LINC02754
16872,SNHG27
16873,LINC01609
16874,OC90
16875,PCDHGA12
16876,HOXA10-AS
16877,MIR124-1HG
16878,C8orf88
16879,SHLD3
16880,CCDC71L
16881,HOXA10
16882,LINC01845
16883,LINC01606
16884,STAU2-AS1
16885,TMEM200B
16886,PCDHGB6
16887,SERPINE3
16888,RAD21-AS1
16889,TUG1
16890,TRNP1
16891,PCAT1
16892,SMIM18
16893,PCDHGA5
16894,LINC02099
16895,NACA2
16896,MIR3142HG
16897,PCDHGA7
16898,LINC01414
16899,OSGEPL1-AS1
16900,SLC10A5
16901,EIF5AL1
16902,KCNIP1-OT1
16903,LINC01484
16904,ALG11
16905,MINCR
16906,ATXN7L3B
16907,PRKDC
16908,PCDHGA6
16909,LNCOC1
16910,PCDHGA8
16911,LINC02219
16912,UTP14C
16913,ETV3L
16914,PCDHGA10
16915,PCDHGA11
16916,LINC01608
16917,LINC01419
16918,PCDHGB2
16919,VPS13B-DT
16920,PCDHGB4
16921,CLDN23
16922,NRG1-IT1
16923,ZNF260
16924,LINC01299
16925,LYN
16926,LINC02055
16927,RBPMS-AS1
16928,LINC02842
16929,PCDHGB7
16930,CD8B2
16931,LINC01485
16932,PCDHGB1
16933,LINC01933
16934,PCDHGA3
16935,PKIA-AS1
16936,MIR2052HG
16937,HOXA-AS3
16938,RHPN1-AS1
16939,LRRC24
16940,CHKB-CPT1B
16941,SIGLEC14
16942,LINC02683
16943,PBOV1
16944,HSPB2-C11orf52
16945,AP5B1
16946,LINC02749
16947,LINC02547
16948,SIGLEC12
16949,PABPC4L
16950,NAV2-AS3
16951,BBOX1-AS1
16952,CSNK2A3
16953,ARMS2
16954,LINC02682
16955,FPGT
16956,LINC02235
16957,SENCR
16958,IGLL5
16959,MEX3A
16960,EEF1G
16961,CKLF-CMTM1
16962,SYS1-DBNDD2
16963,LMNTD2-AS1
16964,NPIPA2
16965,MPV17L2
16966,LGR4-AS1
16967,ATP6V1G2-DDX39B
16968,LINC02688
16969,SUGT1P4-STRA6LP
16970,OPCML-IT1
16971,BORCS8
16972,SCARNA9
16973,LINC00678
16974,INMT-MINDY4
16975,LINC02763
16976,ALG1L9P
16977,DPP3
16978,STX16-NPEPL1
16979,ANKHD1-EIF4EBP3
16980,KRTAP5-9
16981,BRK1
16982,LINC02324
16983,LINC02739
16984,NAV2-AS5
16985,FAM66D
16986,PIGY
16987,GRM5-AS1
16988,CHMP1B
16989,OVOL1-AS1
16990,LINC02721
16991,EID3
16992,HTD2
16993,NANOGP8
16994,FXYD6-FXYD2
16995,MIR100HG
16996,LINC02743
16997,LINC02710
16998,SMIM35
16999,EID1
17000,NOX5
17001,LINC02761
17002,LINC02757
17003,TAS2R43
17004,HCAR3
17005,LINC02548
17006,EBLN2
17007,NPIPB8
17008,NEDD8-MDP1
17009,POLR2M
17010,ZNF252P-AS1
17011,FDXACB1
17012,TRAV1-1
17013,MIR9-3HG
17014,RAB44
17015,LINC02440
17016,FAM222A-AS1
17017,TRIL
17018,LINC02389
17019,SNHG1
17020,IFNG-AS1
17021,AGAP2-AS1
17022,LINC02422
17023,RMST
17024,TIFAB
17025,TAS2R20
17026,RXYLT1-AS1
17027,PXN-AS1
17028,DENND5B-AS1
17029,PRECSIT
17030,CCND2-AS1
17031,CYP2A6
17032,LINC02446
17033,PAPPA-AS1
17034,CTSO
17035,COA8
17036,TRAPPC2B
17037,DNAAF4
17038,ZNF432
17039,SBNO1-AS1
17040,SOX5-AS1
17041,LINC01152
17042,SMLR1
17043,TAS2R30
17044,LINC00507
17045,ZNF10
17046,ZNF486
17047,LINC02387
17048,SMIM3
17049,LINC02454
17050,HMBS
17051,LINC02617
17052,ZNF225
17053,LINC02552
17054,TAS2R31
17055,DND1
17056,SALL3
17057,MRGPRF-AS1
17058,POLG2
17059,SMIM10L1
17060,ZBTB11-AS1
17061,PDE2A-AS2
17062,CLEC12B
17063,LIMS4
17064,ZNF350
17065,PGA5
17066,MADD-AS1
17067,PLBD1-AS1
17068,STH
17069,ZNF253
17070,C17orf100
17071,CAPNS2
17072,LIMS3
17073,KHDC1L
17074,HP
17075,LINC02282
17076,C11orf97
17077,LINC02703
17078,MIR200CHG
17079,DENND11
17080,LSM14A
17081,NHLRC4
17082,LINC02450
17083,CLLU1
17084,TMPO-AS1
17085,LINC02293
17086,GATC
17087,LINC01619
17088,ZBED6
17089,FNTB
17090,ZNF878
17091,PPFIA2-AS1
17092,RPL36A-HNRNPH2
17093,HLX-AS1
17094,PPP1R12A-AS1
17095,ZNF625
17096,GALNT4
17097,LINC02356
17098,SCAT2
17099,MIR4307HG
17100,PSMA3-AS1
17101,ADCY6-DT
17102,LBX2-AS1
17103,INAFM1
17104,CNPY2
17105,LINC02426
17106,LINC02281
17107,LINC02395
17108,LINC02400
17109,PRANCR
17110,DDN-AS1
17111,CUX1
17112,TEN1
17113,P2RX5-TAX1BP3
17114,LINC02327
17115,BCDIN3D-AS1
17116,OR9A4
17117,ATXN2-AS
17118,LINC02823
17119,MAP1LC3B2
17120,LINC02406
17121,LINC00485
17122,CLEC5A
17123,CHURC1
17124,ITFG2-AS1
17125,RTEL1
17126,PPT2-EGFL8
17127,LINC02318
17128,ZNF578
17129,PDF
17130,LINC00641
17131,EGILA
17132,LINC01580
17133,LINC00640
17134,LINC02251
17135,SPESP1
17136,DIO3OS
17137,LINC00239
17138,FRMD6-AS2
17139,RHOXF1-AS1
17140,LINC00645
17141,CRAT37
17142,SPECC1L-ADORA2A
17143,LINC01500
17144,TRIM6-TRIM34
17145,LINC-ROR
17146,LINC02302
17147,BCL2L2-PABPN1
17148,SYNJ2BP-COX16
17149,SEC23A-AS1
17150,TRIM34
17151,HIF1A-AS3
17152,LINC02317
17153,SLC25A21-AS1
17154,LINC01193
17155,PINX1
17156,PRC1-AS1
17157,ITPK1-AS1
17158,LINC02328
17159,LINC00520
17160,RNASE4
17161,LINC02289
17162,MC1R
17163,LINC02312
17164,LINC02321
17165,CEP95
17166,LINC01956
17167,LINC02316
17168,FOXN3-AS1
17169,TUBB3
17170,LINC01467
17171,UBE2F-SCLY
17172,TMEM179
17173,LINC02285
17174,TVP23C-CDRT4
17175,FPGT-TNNI3K
17176,BLOC1S5-TXNDC5
17177,LINC00639
17178,FOXN3-AS2
17179,POC1B-GALNT4
17180,LINC00517
17181,TRAV30
17182,NDUFC2-KCTD14
17183,LRP1-AS
17184,LINC00648
17185,LINC00924
17186,ITGB3
17187,SLC35G6
17188,LINC02345
17189,LINC02323
17190,ANKRD34C-AS1
17191,USP3-AS1
17192,LINGO1-AS2
17193,ZNF710-AS1
17194,LIPC-AS1
17195,ZHX1-C8orf76
17196,INAFM2
17197,ST20-MTHFS
17198,TGIF2-RAB5IF
17199,CTXND1
17200,THTPA
17201,MAPK6-DT
17202,LINC01833
17203,LINC02352
17204,ADNP-AS1
17205,MGC15885
17206,CPEB1-AS1
17207,MRPL46
17208,BLID
17209,LINC02244
17210,LINGO1-AS1
17211,IQCH-AS1
17212,LINC02284
17213,CRTC3-AS1
17214,LINC01922
17215,LINC02259
17216,SLC22A31
17217,LYPD8
17218,EHD4-AS1
17219,NR4A1AS
17220,PWRN1
17221,IL21R-AS1
17222,RBM15B
17223,TGFBR3L
17224,LINC01992
17225,HOXB7
17226,NORAD
17227,LCMT1-AS2
17228,MIR762HG
17229,DDX59-AS1
17230,SPDYE6
17231,LINC02673
17232,LINC02240
17233,LINC02846
17234,CCDC187
17235,FRRS1L
17236,KDM7A-DT
17237,PMF1-BGLAP
17238,LINC02166
17239,SNHG19
17240,SLX1B-SULT1A4
17241,ARMH2
17242,TBC1D3G
17243,MRC1
17244,HSPB9
17245,HEXA-AS1
17246,AQP4-AS1
17247,LINC00562
17248,LINC02367
17249,SCX
17250,LMF1-AS1
17251,ATP2A1-AS1
17252,LCMT1-AS1
17253,C16orf95
17254,LINC01290
17255,CISTR
17256,LINC02193
17257,SNAI3-AS1
17258,ANKRD20A1
17259,LINC00543
17260,LINC01227
17261,LINC02280
17262,LINC01963
17263,CEROX1
17264,FBXL19-AS1
17265,LINC01960
17266,HCCAT5
17267,ARLNC1
17268,ADPGK-AS1
17269,XKR7
17270,LINC01254
17271,CCPG1
17272,LINC01416
17273,LINC00622
17274,CAPN10-DT
17275,LINC01572
17276,AGAP11
17277,SULT1A3
17278,LINC02256
17279,LINC02516
17280,ZNNT1
17281,LINC00563
17282,LMO7-AS1
17283,TMEM178B
17284,LINC02473
17285,RBFADN
17286,EPPK1
17287,LINC02188
17288,SPINT1-AS1
17289,CLEC19A
17290,ZNF865
17291,BOP1
17292,LINC02128
17293,ATP2C2-AS1
17294,FIGNL2
17295,LINC02192
17296,LINC01616
17297,PYCARD-AS1
17298,MANEA-DT
17299,PECAM1
17300,VPS9D1-AS1
17301,MAFTRR
17302,TEN1-CDK3
17303,LINC01003
17304,TUBB8
17305,LINC01686
17306,TP53TG3B
17307,DLGAP1-AS5
17308,LINC01859
17309,TPBGL
17310,GAN
17311,LINC01858
17312,LINC02177
17313,GOLGA6L7
17314,BEAN1-AS1
17315,TTC39A-AS1
17316,SCRT1
17317,LINC00838
17318,HPR
17319,BOLA2-SMG1P6
17320,DNAAF4-CCPG1
17321,LINC02582
17322,GOLGA8H
17323,ISY1-RAB43
17324,LOXL1-AS1
17325,LINC02141
17326,LINC00662
17327,MIA
17328,PCDHGA9
17329,DKFZP434A062
17330,BCAR4
17331,LINC02175
17332,MYMX
17333,LINC01978
17334,PCDHGB3
17335,CORO7
17336,MIR193BHG
17337,LINC01569
17338,CCER2
17339,SMIM28
17340,PCDHGA4
17341,LINC01979
17342,SPON1
17343,OVCA2
17344,GLIS2-AS1
17345,MRPL12
17346,C19orf84
17347,CCNQ
17348,GTF2I
17349,ZNF234
17350,RNF213-AS1
17351,ZNF213-AS1
17352,MYZAP
17353,DPEP2NB
17354,TAPT1-AS1
17355,TMEM220-AS1
17356,NFE2L1-DT
17357,SRSF8
17358,FAM72C
17359,IKBKE
17360,LINC02864
17361,LINC02210-CRHR1
17362,DLGAP1-AS3
17363,LINC00667
17364,DLGAP1-AS4
17365,NBPF11
17366,RHEX
17367,LINC02003
17368,ZNF236-DT
17369,NOTCH2NLA
17370,DYNLL2
17371,MIR378D2HG
17372,OTUD7B
17373,DCXR-DT
17374,SEPTIN4-AS1
17375,L3MBTL4-AS1
17376,NPY4R2
17377,TTC39C-AS1
17378,PRR29-AS1
17379,MARCHF10-DT
17380,C1QTNF1-AS1
17381,MIR133A1HG
17382,TSPOAP1-AS1
17383,ANXA8
17384,RBP3
17385,RBM8A
17386,TIMM23
17387,DTX2P1-UPK3BP1-PMS2P11
17388,LINC01915
17389,RNF115
17390,CFAP298-TCP10L
17391,RARA-AS1
17392,RPL17
17393,LINC01970
17394,ZNF488
17395,SEC22B
17396,FSBP
17397,GACAT2
17398,TXNIP
17399,ESRG
17400,SRGAP2
17401,NDUFV2-AS1
17402,BAHCC1
17403,RASSF5
17404,STRADA
17405,LINC01909
17406,KLF14
17407,LINC01910
17408,NBPF15
17409,SNHG25
17410,NCOA4
17411,MRPS21
17412,GDF10
17413,MYO15B
17414,GAPLINC
17415,ZNF793-AS1
17416,FXYD1
17417,AARSD1
17418,ZNF850
17419,LINC01905
17420,PTGES3L
17421,UXT-AS1
17422,LINC02080
17423,ASB16-AS1
17424,ILF3-DT
17425,TBC1D3P1-DHX40P1
17426,ZNF561-AS1
17427,PCAT19
17428,SCAT1
17429,RNF157-AS1
17430,LINC01924
17431,LCN6
17432,ZNF8-ERVK3-1
17433,C17orf113
17434,ZNF790-AS1
17435,PARD6G-AS1
17436,LINC01140
17437,TBX2-AS1
17438,ATF7-NPFF
17439,CEBPA-DT
17440,RNFT1-DT
17441,KC6
17442,SNHG22
17443,LINC01478
17444,LINC00906
17445,KCNJ2-AS1
17446,UPK3BL1
17447,MIR924HG
17448,SETBP1-DT
17449,LINC02073
17450,APOC4
17451,ZNF571-AS1
17452,CIRBP-AS1
17453,ZNF285
17454,LINC01864
17455,ALOX12-AS1
17456,S1PR2
17457,LINC00868
17458,LINC00907
17459,FDX2
17460,ZNF224
17461,LDLRAD4-AS1
17462,EDDM13
17463,LINC01539
17464,LINC02078
17465,EML2-AS1
17466,MIR4527HG
17467,LINC01801
17468,SMIM22
17469,LIN37
17470,NDUFA7
17471,MZF1-AS1
17472,ZNF460-AS1
17473,CARD8-AS1
17474,PTOV1-AS1
17475,SSX4
17476,ERFL
17477,NBPF12
17478,FMR1-AS1
17479,GABRQ
17480,ZNF649-AS1
17481,SMIM17
17482,ZNF114-AS1
17483,AIRN
17484,LINC02560
17485,LRRC2-AS1
17486,FAM156A
17487,FENDRR
17488,MIR4453HG
17489,SIGLEC5
17490,IGFL2-AS1
17491,CTAG1A
17492,MIMT1
17493,LINC00664
17494,HSFX2
17495,LINC02132
17496,PLCE1-AS1
17497,A1BG-AS1
17498,CT45A1
17499,LINC01711
17500,MAN1B1-DT
17501,CALR3
17502,ZNF728
17503,CT45A3
17504,TRABD2B
17505,FBXO17
17506,LINC00528
17507,ZNF350-AS1
17508,ZSCAN16-AS1
17509,IKBKG
17510,ZNF587B
17511,RAB11B-AS1
17512,SPIB
17513,LINC01224
17514,DMRTC1
17515,TMEM185A
17516,CT45A10
17517,ZIM2
17518,NBPF9
17519,CCDC194
17520,SLC25A53
17521,SSX4B
17522,KCNQ1OT1
17523,ZNF528-AS1
17524,EGLN2
17525,ARHGAP19-SLIT1
17526,COMMD3-BMI1
17527,MIRLET7A1HG
17528,FMC1-LUC7L2
17529,MKNK1-AS1
17530,MEI4
17531,ZNF559-ZNF177
17532,TERC
17533,LINC01480
17534,NCBP2AS2
17535,BIVM-ERCC5
17536,H4C15
17537,PPIAL4H
17538,HMGN3-AS1
17539,LINC01235
17540,IGHV3-30
17541,URGCP-MRPS24
17542,NBPF14
17543,TSIX
17544,TAF15
17545,HSPE1-MOB4
17546,RPS10-NUDT3
17547,C17orf50
17548,LINC00221
17549,H4C14
17550,RASL10B
17551,CT45A9
17552,LPP-AS2
17553,NAMA
17554,TLCD4-RWDD3
17555,LINC00904
17556,SRXN1
17557,LINC02104
17558,NBPF19
17559,NBPF10
17560,PPIAL4E
17561,LINC02550
17562,LIX1L
17563,MILR1
17564,ATP2B1-AS1
17565,LINC02772
17566,SYNCRIP
17567,SMIM32
17568,PLS3-AS1
17569,LINC02343
17570,LINC01215
17571,LINC01954
17572,ANKRD34A
17573,GTF2H5
17574,LINC01607
17575,LYRM4-AS1
17576,FGF14-AS2
17577,NUDT3
17578,KMT2B
17579,LINC02664
17580,POM121C
17581,CD24
17582,FAM47E-STBD1
17583,CFAP206
17584,LINC02538
17585,MUSTN1
17586,ZSWIM8-AS1
17587,ZNF595
17588,MAGI1-IT1
17589,AFAP1-AS1
17590,DOC2B
17591,POLR2J4
17592,WASL-DT
17593,GAS6-DT
17594,MESTIT1
17595,LINC02266
17596,STAG3L5P-PVRIG2P-PILRB
17597,JMJD1C-AS1
17598,SAP30-DT
17599,DCP1A
17600,TBC1D8-AS1
17601,RBAK-RBAKDN
17602,ARL2-SNX15
17603,FAM106A
17604,DGCR5
17605,LINC02035
17606,C2orf15
17607,CDC37L1-DT
17608,GRIN2B
17609,LINC01990
17610,NBPF26
17611,SNURF
17612,TMEM271
17613,ZBTB8B
17614,C1QTNF3-AMACR
17615,DGCR11
17616,RBAKDN
17617,LINC02712
17618,TBC1D3K
17619,FOXD4L6
17620,SPDYE8
17621,AGBL1
17622,H4C12
17623,EPOP
17624,ZNHIT3
17625,CT45A7
17626,H2BC14
17627,SUGT1-DT
17628,H2BC8
17629,USP27X
17630,TAF9
17631,NOL12
17632,H3C8
17633,LINC01138
17634,FAM230J
17635,INO80B-WBP1
17636,CASTOR2
17637,NATD1
17638,H2AB1
17639,ANTXRL
17640,SOCS7
17641,GGTLC3
17642,GAGE13
17643,ADRA2B
17644,H2BC6
17645,ZNF658
17646,TMEM269
17647,TPTE
17648,TBC1D3D
17649,C8orf89
17650,TBC1D3L
17651,RCC1L
17652,MIR223HG
17653,DGKK
17654,RIMBP3B
17655,TBC1D3
17656,H4C6
17657,H2BC17
17658,LINC02371
17659,CCL23
17660,KRTAP7-1
17661,H3C6
17662,TBC1D3B
17663,NPHP3-ACAD11
17664,ZKSCAN2-DT
17665,TBC1D3I
17666,H2AC12
17667,ZNF280B
17668,MLLT6
17669,TP53TG3E
17670,PPP4R3B
17671,NUDT18
17672,ZNF2
17673,H4C13
17674,CCL16
17675,LINC02826
17676,H2AC15
17677,H3C11
17678,LINC01730
17679,STPG3-AS1
17680,FLJ16779
17681,AATF
17682,H2BC9
17683,H3C1
17684,ZNF516-DT
17685,RIMBP3
17686,ARHGAP23
17687,TBC1D3F
17688,UHRF1
17689,H4C9
17690,PIK3R6
17691,LINC02809
17692,PIP4K2B
17693,H2AC14
17694,CCL14
17695,H2BC3
17696,LINC00540
17697,PCDHGB5
17698,RAB7B
17699,DACH1
17700,PADI6
17701,IGHV4-4
17702,H2AC16
17703,H4C5
17704,RMRP
17705,H2AC8
17706,TYW1B
17707,F8A3
17708,H4C4
17709,SPANXA2-OT1
17710,H2BC7
17711,GTSE1-DT
17712,PCGF2
17713,SRCIN1
17714,GPR179
17715,MARCKS
17716,LINC02338
17717,CEBPB-AS1
17718,ZNF670
17719,PKD1L3
17720,GPIHBP1
17721,PNMA8C
17722,NEFL
17723,PGM5P3-AS1
17724,TRAC
17725,H3C7
17726,PSMB3
17727,LINC02391
17728,H2AB2
17729,FAM230A
17730,RDM1
17731,ZNF8
17732,P3R3URF-PIK3R3
17733,TSC22D1-AS1
17734,GLIDR
17735,SSTR3
17736,IGLV2-8
17737,LINC02139
17738,PRICKLE4
17739,MYO19
17740,CT45A6
17741,TBC1D3C
17742,ZNF229
17743,VWA8-AS1
17744,H2AC4
17745,C17orf78
17746,DHRS11
17747,TMEM191B
17748,NR2E3
17749,H2BC10
17750,TBC1D3E
17751,ZNF426-DT
17752,C11orf98
17753,MRM1
17754,H4C1
17755,H2AC17
17756,H4C2
17757,NKILA
17758,BACE1-AS
17759,LINC00624
17760,H3C10
17761,TP53TG3F
17762,PRO1804
17763,CEP83-DT
17764,EPB41L4A-DT
17765,HEIH
17766,OR51B2
17767,C18orf15
17768,PWAR1
17769,SND1-IT1
17770,LINC01670
17771,LINC01451
17772,TSTD3
17773,PWAR5
17774,FAM223A
17775,OR2L8
17776,RBM12B-AS1
17777,OR2AG1
17778,LINC00216
17779,LINC02033
17780,LINC01126
17781,FLJ42393
17782,FLJ38576
17783,CCDC28A-AS1
17784,RN7SKP23
17785,TBC1D22A-AS1
17786,UCKL1-AS1
17787,FLJ30679
17788,IGHV1-69D
17789,SALRNA2
17790,ASAP1-IT2
17791,BTG3-AS1
17792,SCAANT1
17793,THRIL
17794,KCNIP4-IT1
17795,CCDC163
17796,LINC02203
17797,PCAT5
17798,LINC01943
17799,ENTPD3-AS1
17800,JAKMIP2-AS1
17801,PAGR1
17802,LINC00294
17803,LINC00836
17804,GSEC
17805,MIR325HG
17806,CTBP1-AS
17807,LINC01163
17808,LINC00581
17809,LINC00921
17810,N4BP2L2-IT2
17811,TRG-AS1
17812,TMEM272
17813,PTENP1-AS
17814,SCHLAP1
17815,NPTN-IT1
17816,LINC00706
17817,GHET1
17818,SLFNL1-AS1
17819,ARRDC3-AS1
17820,RASSF1-AS1
17821,INE2
17822,ABALON
17823,LINC00506
17824,SNHG4
17825,LINC01176
17826,BLACAT1
17827,TGFB2-OT1
17828,DNAJB5-DT
17829,SEPSECS-AS1
17830,LSINCT5
17831,EBLN3P
17832,LINC00538
17833,RBM5-AS1
17834,PACRG-AS1
17835,LINC01012
17836,ERC2-IT1
17837,METTL14-DT
17838,HCP5B
17839,LINC00891
17840,PAUPAR
17841,GIMAP1-GIMAP5
17842,LINC01144
17843,TMEM265
17844,PEG13
17845,FAM138F
17846,ADORA3
17847,TEX13C
17848,BISPR
17849,C1orf232
17850,TMEM275
17851,PRNCR1
17852,PCBP2-OT1
17853,LBHD2
17854,CENPVL2
17855,HYMAI
17856,IQCJ-SCHIP1
17857,KBTBD11-OT1
17858,CCDC201
17859,FAM237B
17860,TEX54
17861,LINC02357
17862,CTXND2
17863,CFAP97D2
17864,ZNF511-PRAP1
17865,LINC01902
17866,LITAFD
17867,EXOC3L2
17868,MYOCOS
17869,HSFX3
17870,VSIG10L2
17871,PRSS50
17872,CPHXL
17873,TPTEP2-CSNK1E
17874,SLURP2
17875,BCRP3
17876,TUBA3FP
17877,SCO2
17878,LINC02767
17879,LINC02801
17880,C2orf81
17881,THSD8
17882,LYNX1-SLURP2
