,0
0,TSPAN6
1,TNMD
2,DPM1
3,SCYL3
4,FGR
5,CFH
6,FUCA2
7,GCLC
8,NFYA
9,STPG1
10,NIPAL3
11,LAS1L
12,ENPP4
13,SEMA3F
14,CFTR
15,ANKIB1
16,CYP51A1
17,KRIT1
18,RAD52
19,BAD
20,LAP3
21,CD99
22,HS3ST1
23,AOC1
24,WNT16
25,HECW1
26,MAD1L1
27,LASP1
28,SNX11
29,TMEM176A
30,M6PR
31,KLHL13
32,CYP26B1
33,ICA1
34,DBNDD1
35,ALS2
36,CASP10
37,CFLAR
38,TFPI
39,NDUFAF7
40,RBM5
41,MTMR7
42,SLC7A2
43,ARF5
44,SARM1
45,POLDIP2
46,PLXND1
47,AK2
48,CD38
49,FKBP4
50,KDM1A
51,RBM6
52,CAMKK1
53,RECQL
54,VPS50
55,HSPB6
56,ARHGAP33
57,NDUFAB1
58,PDK4
59,SLC22A16
60,ZMYND10
61,ABCB5
62,ARX
63,SLC25A13
64,ST7
65,CDC27
66,SLC4A1
67,CALCR
68,HCCS
69,DVL2
70,UPF1
71,SKAP2
72,SLC25A5
73,HOXA11
74,POLR2J
75,DHX33
76,MEOX1
77,THSD7A
78,LIG3
79,RPAP3
80,ACSM3
81,CIAPIN1
82,SPPL2B
83,COPZ2
84,PRKAR2B
85,MSL3
86,CREBBP
87,MPO
88,PON1
89,GCFC2
90,WDR54
91,CROT
92,ABCB4
93,KMT2E
94,RHBDD2
95,SOX8
96,IBTK
97,ZNF195
98,MYCBP2
99,FBXL3
100,ITGAL
101,PDK2
102,ITGA3
103,ZFX
104,LAMP2
105,ITGA2B
106,ASB4
107,GDE1
108,CRLF1
109,OSBPL7
110,TMEM98
111,MAP3K14
112,ABCC8
113,CACNG3
114,TMEM132A
115,AP2B1
116,TAC1
117,ZNF263
118,CX3CL1
119,SPATA20
120,CACNA1G
121,TNFRSF12A
122,DLX6
123,MAP3K9
124,RALA
125,BAIAP2L1
126,KDM7A
127,ETV1
128,AGK
129,ALDH3B1
130,TTC22
131,PHTF2
132,CCL26
133,FARP2
134,USH1C
135,GGCT
136,DBF4
137,TBXA2R
138,IFRD1
139,LGALS14
140,COX10
141,GTF2IRD1
142,PAF1
143,VPS41
144,ARHGAP44
145,ELAC2
146,SCIN
147,ARSD
148,PNPLA4
149,MYH13
150,CDKL3
151,UPP2
152,PRSS21
153,MARK4
154,PROM1
155,CCDC124
156,PAFAH1B1
157,NOS2
158,DNAH9
159,SLC13A2
160,GAS7
161,TRAPPC6A
162,MATK
163,CD79B
164,SCN4A
165,ST7L
166,TKTL1
167,PAX6
168,RPUSD1
169,RHBDF1
170,LUC7L
171,CACNA2D2
172,BAIAP3
173,TSR3
174,PIGQ
175,CRAMP1
176,TEAD3
177,SELE
178,DNAJC11
179,FMO3
180,MYLIP
181,NOX1
182,PSMB1
183,SYN1
184,JARID2
185,CDKL5
186,CAMK1G
187,CDK11A
188,NADK
189,TFAP2B
190,DLEC1
191,CYTH3
192,ADAM22
193,SYPL1
194,CYB561
195,SPAG9
196,CELSR3
197,AASS
198,PLEKHG6
199,SS18L2
200,MPND
201,MGST1
202,CRY1
203,PGLYRP1
204,NFIX
205,ST3GAL1
206,MMP25
207,IL32
208,PKD1
209,MAPK8IP2
210,MED24
211,RHOBTB2
212,HEATR5B
213,SEC62
214,RPS20
215,CSDE1
216,UBE3C
217,REV3L
218,TENM1
219,PAX7
220,MASP2
221,IYD
222,FAM76A
223,TRAF3IP3
224,POMT2
225,VTA1
226,MLXIPL
227,BAZ1B
228,RANBP9
229,ETV7
230,SPRTN
231,METTL13
232,DYRK4
233,ZNF207
234,UQCRC1
235,STARD3NL
236,CD9
237,HHATL
238,NCAPD2
239,IFFO1
240,GIPR
241,PHF7
242,SEMA3G
243,NISCH
244,STAB1
245,FUZ
246,SLC6A13
247,IDS
248,PRSS3
249,ZNF200
250,CD4
251,LRRC23
252,BTK
253,HFE
254,SCMH1
255,FYN
256,HIVEP2
257,FMO1
258,LYPLA2
259,CLCN6
260,MRC2
261,NME1-NME2
262,SLC6A7
263,TSPAN9
264,APBA3
265,MKS1
266,ABHD5
267,ANOS1
268,AKAP8L
269,MBTD1
270,UTP18
271,RNF216
272,TTC19
273,PTBP1
274,DPF1
275,SYT7
276,LARS2
277,PIK3C2A
278,PLAUR
279,ANLN
280,WIZ
281,RABGAP1
282,DCN
283,QPCTL
284,PPP5C
285,CEP68
286,MAP4K3
287,ZBTB32
288,TYROBP
289,GABRA3
290,BRCA1
291,ERCC1
292,CD22
293,SEMA3B
294,MBTPS2
295,PRICKLE3
296,LTF
297,EXTL3
298,NR1H4
299,ELOVL5
300,KDM5D
301,CALCOCO1
302,UBR7
303,MAP4K5
304,EHD3
305,MAN2B2
306,SLC7A14
307,CLDN11
308,SLC25A39
309,MVP
310,NUB1
311,PGM3
312,RWDD2A
313,CLK1
314,POLR3B
315,ANGEL1
316,RNF14
317,DNASE1L1
318,DDX11
319,HEBP1
320,GPRC5A
321,MAMLD1
322,CD6
323,TACC3
324,UFL1
325,POLA2
326,ZC3H3
327,CAPN1
328,MDH1
329,SLC30A9
330,MTMR11
331,COX15
332,CCDC88C
333,YAF2
334,ZMYND11
335,WAS
336,DPEP1
337,BID
338,MATR3
339,NPC1L1
340,XYLT2
341,RGPD5
342,STMN4
343,NUDCD3
344,ISL1
345,CHDH
346,IL20RA
347,GLT8D1
348,ATP2C1
349,IGF1
350,SLC38A5
351,RALBP1
352,RUFY3
353,CNTN1
354,SLC11A1
355,WWTR1
356,AGPS
357,ATP1A2
358,TTC27
359,ZNF582
360,VSIG2
361,PHLDB1
362,MARCO
363,CYP24A1
364,PRDM11
365,SYT13
366,SNAI2
367,CD74
368,HGF
369,ZRANB1
370,NCDN
371,ADGRA2
372,ZFP64
373,MNAT1
374,SAMD4A
375,RUNX3
376,PLEKHB1
377,SERPINB1
378,CYP3A43
379,SLC7A9
380,SPAST
381,NRXN3
382,OSBPL5
383,AQR
384,CPS1
385,C8B
386,FHL1
387,NLRP2
388,SLC45A4
389,RNF10
390,ZNF839
391,ZDHHC6
392,GRAMD1B
393,RNH1
394,NDUFS1
395,RB1CC1
396,ERP44
397,ALAS1
398,BIRC3
399,AKAP11
400,GLRX2
401,SNAPC1
402,DERA
403,STRAP
404,ABCC2
405,DEF6
406,PLEKHO1
407,GCLM
408,UBR2
409,EHD2
410,DEPDC1
411,CCDC28A
412,RRAGD
413,HSF2
414,PHF20
415,HSD17B6
416,NR1H3
417,TYMP
418,NCAPH2
419,TOMM34
420,SEC63
421,KPNA6
422,VIM
423,RTEL1-TNFRSF6B
424,FAS
425,RNASET2
426,CD44
427,KCNG1
428,AGPAT4
429,SLAMF7
430,BTN3A1
431,MIPEP
432,PRKCH
433,INSRR
434,IFNGR1
435,B4GALT7
436,SH2D2A
437,VRK2
438,TNFRSF1B
439,VEZT
440,POU2F2
441,BRD9
442,SNX1
443,TBPL1
444,BCLAF1
445,SLC39A9
446,ANK1
447,IBSP
448,TFB1M
449,RABEP1
450,HMGB3
451,NUP160
452,BAK1
453,MUSK
454,IKZF2
455,GRN
456,FAM13B
457,ARHGAP31
458,CENPQ
459,RANBP3
460,ARID4A
461,PNPLA6
462,IFT88
463,ALG1
464,ZCCHC8
465,ABCF2
466,CHPF2
467,LRRC7
468,FUT8
469,UBA6
470,GAB2
471,ATP6V0A1
472,PIAS1
473,SLC4A7
474,APBA2
475,MAP2K3
476,TMSB10
477,ASTE1
478,RNF19A
479,PEX3
480,GABARAPL2
481,MYOC
482,SH3YL1
483,FAM136A
484,VCL
485,DEPDC1B
486,DAPK2
487,NSMAF
488,STAP1
489,TIMP2
490,RFC1
491,TBC1D23
492,CUL3
493,MYOM2
494,OTC
495,CYP46A1
496,ZZZ3
497,SLC18A1
498,USP2
499,CASR
500,TUBG2
501,RPL26L1
502,FLT4
503,NSUN2
504,MFAP3
505,MRI1
506,METTL1
507,HOXC8
508,AGA
509,PI4K2B
510,BOD1L1
511,MAT2B
512,TLL1
513,EDC4
514,TRIO
515,VCAN
516,CLEC16A
517,MSR1
518,CDH1
519,DNAH5
520,ZFYVE16
521,C6
522,RAI14
523,SOX30
524,PNKP
525,BEST2
526,PHLPP2
527,SPDL1
528,STAU2
529,CTNS
530,RTN4R
531,PHF23
532,CDH10
533,INPP4A
534,RAB27B
535,PSMA4
536,MYO16
537,LSG1
538,PARP3
539,TNC
540,THAP3
541,TDP1
542,AIFM2
543,SPATA7
544,MED17
545,RETSAT
546,CAPG
547,AP2S1
548,USH2A
549,ZPBP
550,TG
551,ADAM28
552,BARX2
553,DCUN1D1
554,JADE2
555,ZIC2
556,LCP2
557,TRIT1
558,ADRB1
559,GUCA2B
560,CUL7
561,CTNNA1
562,PHKA2
563,CNTLN
564,EPHA3
565,HSPA5
566,DSG2
567,GEMIN8
568,OFD1
569,GPM6B
570,MAGEC2
571,PREX2
572,WDR37
573,YTHDC2
574,CTPS2
575,ATP6V1H
576,POLR2B
577,ARAP2
578,TPR
579,CP
580,DTNBP1
581,XK
582,ANO2
583,SCML1
584,WWC3
585,ARHGAP6
586,FAM184B
587,MAP4
588,GOPC
589,ROS1
590,USP28
591,HDAC9
592,TSPAN17
593,NOP16
594,CC2D2A
595,RRM2B
596,ZNF800
597,TNFRSF17
598,SNX29
599,LMO3
600,MRPS10
601,GUCA1A
602,RSF1
603,VPS13D
604,CELF2
605,FAM120A
606,R3HDM1
607,COL9A2
608,KITLG
609,ERCC8
610,ADAMTS6
611,H6PD
612,VAMP3
613,PER3
614,UTS2
615,TNFRSF9
616,EPN3
617,LTBP1
618,RCN1
619,ELN
620,RFC2
621,ARID1B
622,CLPTM1L
623,NEDD4L
624,FOXP3
625,PPP1R3F
626,HEXB
627,PTCD2
628,JKAMP
629,DKK3
630,ARHGEF5
631,NFE2L3
632,MCUR1
633,LIMA1
634,LETMD1
635,SLC4A8
636,LAMC3
637,PTGER3
638,TNIP3
639,MAPK9
640,COL23A1
641,BCAR1
642,HERPUD1
643,HOMER3
644,RAD51
645,POLQ
646,PIK3CB
647,CYBA
648,THOC3
649,HEBP2
650,MPHOSPH9
651,PLEKHA5
652,PRSS8
653,SIKE1
654,RRP12
655,FNIP2
656,MSMO1
657,TTC17
658,FSTL4
659,FOXN3
660,METTL24
661,AKR7A2
662,MRTO4
663,NNAT
664,USE1
665,MCF2L2
666,NRIP2
667,LAMA3
668,AP5M1
669,ANAPC4
670,KCNQ1
671,TRAPPC3
672,THRAP3
673,PHPT1
674,ENTPD2
675,LY75
676,ARID4B
677,OPN3
678,PTPRN
679,HHAT
680,KIF1B
681,FOXC1
682,TBC1D22A
683,SYNE2
684,PLEKHH1
685,ATP9A
686,SPO11
687,CBLN4
688,CHRDL2
689,FAM168A
690,RELT
691,GALC
692,NOP58
693,KCNH2
694,CUL1
695,FAM114A2
696,CYFIP2
697,TAB2
698,GINM1
699,EIF2AK2
700,USP36
701,KMT2C
702,MCOLN3
703,CCDC85A
704,PUM2
705,MRPL43
706,ITIH4
707,ITIH1
708,ZFR
709,ZNF280C
710,NPFFR2
711,PHF21B
712,TRAF1
713,RC3H2
714,IL17RB
715,TRAF3IP2
716,GYG2
717,DCBLD2
718,SERPINB3
719,SOAT1
720,PKP2
721,MSH4
722,F7
723,GDI2
724,PRDM1
725,ATG5
726,TMCC3
727,PITHD1
728,MTA3
729,USP13
730,ATP11B
731,LAMC2
732,CDK14
733,SEC61A1
734,PPP1R12A
735,RASGRF1
736,CAMK2B
737,CROCC
738,POLR3E
739,ATP2B4
740,ZC3H11A
741,RIOK2
742,YIPF1
743,NDC1
744,DGKG
745,FLYWCH1
746,UNKL
747,TBXAS1
748,PARP12
749,ALDH18A1
750,TARBP1
751,GATB
752,MXD1
753,CDK17
754,DNAJC25
755,SLC2A3
756,PSD
757,CTDP1
758,YBX3
759,STYK1
760,WNK1
761,CCAR1
762,OGFR
763,GNA15
764,CREB3L3
765,PIGV
766,PTPRU
767,SNRNP40
768,RIMBP2
769,COL11A1
770,QSER1
771,MPC1
772,ACAA1
773,BCAT1
774,HDAC7
775,LZTS1
776,PRDM6
777,SPAG4
778,NCKAP1
779,MRPS35
780,SFSWAP
781,TNK2
782,MON2
783,CDH3
784,ARSF
785,GPBP1
786,DGAT2
787,ZNF112
788,CS
789,LTK
790,MRPS24
791,ELMO2
792,WAPL
793,VMP1
794,APPBP2
795,POLD1
796,SEZ6
797,EIF4B
798,SLC6A16
799,SPHK2
800,RPL18
801,CA11
802,ISOC2
803,U2AF2
804,EPN1
805,MED29
806,AHRR
807,ZNF275
808,MTMR1
809,GPC1
810,ADCK1
811,HAGH
812,RNF4
813,CASP8
814,LIMCH1
815,TM7SF3
816,DLX3
817,SPA17
818,TSPAN32
819,DMRT3
820,ST3GAL6
821,ATP2C2
822,NGFR
823,CDON
824,TAF2
825,HIPK2
826,TNPO3
827,RFXANK
828,TMEM161A
829,LPAR2
830,CTSA
831,SUGP2
832,SLC12A2
833,SNX24
834,EYA2
835,CNN2
836,ABCA7
837,SNCAIP
838,DDX20
839,BTBD1
840,FAR2
841,BCAS1
842,CHI3L2
843,SBNO2
844,PMS1
845,HMG20B
846,CALCRL
847,TAF11
848,ANKS1A
849,AP3D1
850,ZNF76
851,NTHL1
852,GNAI3
853,IPO5
854,OAT
855,WDR3
856,PKN2
857,WDR18
858,TRAM2
859,NTN1
860,GLP2R
861,MCM10
862,DGKA
863,ERBB3
864,ROPN1
865,ANKRD44
866,ADAT1
867,PDIA5
868,TBC1D22B
869,NDUFB4
870,SPEN
871,MYLK
872,ZC3H15
873,MAP2K4
874,SNAP91
875,SLK
876,CYB5R4
877,COL17A1
878,GSTO2
879,SEC61A2
880,PRKCQ
881,TLE2
882,ASB1
883,FAM107B
884,ME1
885,TBC1D1
886,CDK13
887,MTHFD2
888,SLC9A7
889,FOXJ2
890,YBX1
891,PDE4A
892,PPP2R5A
893,CTNNA2
894,ELAVL1
895,TIE1
896,DIP2B
897,SMARCD1
898,KDM4A
899,NFYC
900,ZMYND12
901,SLC9A3
902,NGEF
903,ASPM
904,CD84
905,ELOVL1
906,SPI1
907,MPPED2
908,CLDN18
909,ZBTB11
910,ATXN3
911,GOLGA5
912,FGFR2
913,LRRC40
914,ISOC1
915,EML1
916,TRMT11
917,THUMPD1
918,MSANTD3
919,KIF26A
920,ATG2B
921,ARFGEF1
922,ACSM2B
923,ZFAT
924,MTFR1
925,STAG3
926,FECH
927,MYO9A
928,DDX3Y
929,PFKP
930,IDI1
931,SP100
932,KLF6
933,PLPP1
934,NEO1
935,TRAM1
936,PHKA1
937,TNFRSF1A
938,CACNB1
939,EVI5
940,STOML1
941,PKM
942,DHX29
943,DNTTIP2
944,METTL22
945,TP53BP1
946,TRO
947,RRP15
948,RHOA
949,DHX8
950,PRKCZ
951,ZFY
952,IARS2
953,SYT1
954,NAV3
955,IDH3G
956,ROGDI
957,PDZD4
958,ATP2B3
959,ROCK1
960,CBFB
961,PDK3
962,HYAL2
963,HDAC4
964,RASSF1
965,FGFR3
966,IFI35
967,HEATR6
968,COASY
969,PLEKHH3
970,MEF2A
971,OTUD5
972,TFE3
973,TBC1D25
974,ACSL4
975,INPP5A
976,GPKOW
977,FTSJ1
978,PRR11
979,REEP1
980,ATP11A
981,POLR1A
982,LAPTM4A
983,TTC7A
984,IP6K2
985,STON1-GTF2A1L
986,SRBD1
987,KIF2A
988,RASGRP2
989,PSME4
990,IFT80
991,SIRT2
992,ERLEC1
993,PPP2R5B
994,PYGM
995,PAGE1
996,PITX1
997,MAST4
998,ADGRF5
999,SDK2
1000,NUP133
1001,NUCKS1
1002,VPS35
1003,DNAJA2
1004,BCL3
1005,KCNAB2
1006,ABCC9
1007,GAL
1008,CLEC2D
1009,FUNDC1
1010,MAOB
1011,RORA
1012,DRD4
1013,TGFBR3
1014,HES2
1015,ATP1B3
1016,NEDD4
1017,PIGB
1018,MAPK6
1019,GNB5
1020,RAB27A
1021,LRP6
1022,GUCY2C
1023,NUCB2
1024,PFN2
1025,PTPN3
1026,SPTB
1027,DAPP1
1028,FGF10
1029,SLC44A1
1030,TMEM260
1031,SMG6
1032,EXOC5
1033,CLTCL1
1034,FGF22
1035,FSTL3
1036,DGCR2
1037,RNF126
1038,MNT
1039,ZXDC
1040,JMJD6
1041,POLB
1042,ST6GALNAC1
1043,WIPI1
1044,FRMPD1
1045,GBA2
1046,NDST1
1047,ASNS
1048,AP3M2
1049,CNGB1
1050,ST6GALNAC2
1051,CHAT
1052,PABPC1
1053,TESK2
1054,CFAP20
1055,CSNK2A2
1056,PTPN21
1057,EIF2B3
1058,CAMK2A
1059,TCOF1
1060,CDC42
1061,OSBPL3
1062,EPHA8
1063,SLC12A3
1064,RAD18
1065,ATP2B1
1066,TRPM5
1067,NCK2
1068,MAP4K4
1069,MGAT4A
1070,RPL31
1071,WDR1
1072,SNX13
1073,ARHGAP10
1074,RPS6KA2
1075,ING3
1076,VASH1
1077,LMCD1
1078,SEL1L
1079,TRIP13
1080,ATP6AP1
1081,TCF3
1082,TRIB2
1083,DAZAP1
1084,MBD3
1085,HLTF
1086,FAM50A
1087,FAM3A
1088,MYO3B
1089,CYBRD1
1090,CDH19
1091,PDCD2
1092,SLC6A15
1093,RDH11
1094,ADGRL1
1095,SPP2
1096,ACTN1
1097,ZFYVE26
1098,RPS6KA6
1099,EPN2
1100,PTPN18
1101,LIMS2
1102,ASIC4
1103,SPEG
1104,LNX1
1105,ALDH3A2
1106,TFRC
1107,SREBF1
1108,TRPC5
1109,AFF4
1110,UBE2D1
1111,RHOBTB1
1112,SMC1A
1113,HSD17B10
1114,MARK2
1115,HMMR
1116,CHFR
1117,TRHDE
1118,P4HA2
1119,FCGR2B
1120,NFATC3
1121,TRNT1
1122,ACADVL
1123,STK10
1124,FBXW11
1125,ACAP1
1126,CRMP1
1127,EVC
1128,DERL2
1129,SIDT1
1130,TMEM38A
1131,AP1M1
1132,PVR
1133,XRCC1
1134,SCARB1
1135,CYP2W1
1136,MCM2
1137,MOV10L1
1138,PANX2
1139,TP63
1140,ALPK1
1141,LLGL2
1142,PDE8A
1143,CLCN4
1144,NLE1
1145,SDHA
1146,SMARCE1
1147,GSDMB
1148,KDM5A
1149,ADAM11
1150,PPP2R3A
1151,FERMT2
1152,DHRS9
1153,CD5L
1154,PTGS2
1155,IGF2BP2
1156,MAP3K13
1157,ST6GAL1
1158,TBX21
1159,FRY
1160,PICALM
1161,GLI2
1162,CLASP1
1163,MRPS34
1164,NOTCH3
1165,CLNS1A
1166,PPP2R2C
1167,TEAD2
1168,EED
1169,CDHR2
1170,SNCB
1171,TSG101
1172,NCBP3
1173,ATP2A3
1174,CA12
1175,MGLL
1176,NTN4
1177,BCS1L
1178,NUAK1
1179,DPP8
1180,SLC24A1
1181,ZNF532
1182,SCARF1
1183,LMAN1
1184,HACD3
1185,IPCEF1
1186,ZZEF1
1187,ENO1
1188,SLC12A1
1189,MYDGF
1190,ANO8
1191,TUBE1
1192,ARHGEF10L
1193,TXK
1194,WSCD2
1195,TACR2
1196,ACTR6
1197,TIPIN
1198,SRI
1199,EIF4G3
1200,NUP37
1201,SEMA3A
1202,GTSE1
1203,SEMA3C
1204,TTC38
1205,ACAT1
1206,GRAMD4
1207,CELSR1
1208,WNT8B
1209,ZNF638
1210,SLC25A40
1211,TIMM21
1212,ADD2
1213,FGF4
1214,RASAL2
1215,VPS9D1
1216,ZNF37A
1217,MARK3
1218,SLC25A3
1219,FNDC3B
1220,FOSL2
1221,CACNG4
1222,FRYL
1223,TMEM131
1224,FSCN1
1225,ACTB
1226,MOCOS
1227,PLD1
1228,ATP12A
1229,WDR62
1230,DLG1
1231,RAB7A
1232,BCAP29
1233,SEC31B
1234,SART3
1235,ARHGAP15
1236,TUBA3D
1237,PAX2
1238,EXOSC7
1239,KIFAP3
1240,MKRN2
1241,MCM6
1242,REXO2
1243,RBM7
1244,RBMS2
1245,BAZ2A
1246,PTPN23
1247,MLH1
1248,UNG
1249,FMO4
1250,KLHL20
1251,RGS11
1252,SLC46A1
1253,PLXNA2
1254,SPAG5
1255,ANKRD13A
1256,TPD52
1257,ACACB
1258,TRAF4
1259,PAG1
1260,GPATCH1
1261,ICAM3
1262,NT5C2
1263,MCAM
1264,GPC4
1265,MBNL3
1266,CAMSAP3
1267,RAP1GAP
1268,XAB2
1269,ARHGEF1
1270,STXBP2
1271,MAP2K7
1272,NMRK2
1273,DGKD
1274,CTTNBP2
1275,ACTL6B
1276,RARB
1277,TOP2B
1278,TM9SF3
1279,NFKB2
1280,UBE2T
1281,PPP1R12B
1282,DNAJC10
1283,GTF3C1
1284,IL4R
1285,USP33
1286,PAK3
1287,CAPN6
1288,DCX
1289,SNRPA
1290,SPAG6
1291,EXOSC5
1292,APBB1IP
1293,LRCH4
1294,FAM76B
1295,SIRT6
1296,POLD3
1297,ACTN2
1298,CAPZB
1299,GPR137B
1300,JADE1
1301,SLC25A43
1302,UBE2A
1303,FGFR1
1304,FKBP6
1305,SMC1B
1306,FBLN1
1307,ITGA8
1308,CST7
1309,MAP2
1310,PIAS2
1311,AMPH
1312,ARAF
1313,MCCC1
1314,LAMP3
1315,FAP
1316,NEBL
1317,ACER3
1318,UBE2K
1319,PIK3C3
1320,N4BP2
1321,TIGAR
1322,TULP3
1323,SYNJ2
1324,ADCY2
1325,PPP2R5C
1326,RBFOX1
1327,GNB1
1328,HOXA9
1329,EDN1
1330,MLLT10
1331,ZCWPW1
1332,ADCYAP1R1
1333,FGF20
1334,P2RY10
1335,ITM2A
1336,NRDC
1337,VDAC3
1338,PCM1
1339,TNRC6C
1340,CBFA2T2
1341,BRINP1
1342,ITCH
1343,PKD2L2
1344,TP53INP2
1345,SDF4
1346,MYH7B
1347,BPIFB2
1348,TP73
1349,TOLLIP
1350,UBE2D4
1351,CLUL1
1352,RUNX1T1
1353,CDH17
1354,THOC1
1355,FKBP7
1356,OSBPL6
1357,SLC1A3
1358,XRCC5
1359,LXN
1360,SP140
1361,MKNK1
1362,TNS1
1363,REXO1
1364,SAR1A
1365,CDC14A
1366,RAPGEF3
1367,CEACAM1
1368,SENP1
1369,CIC
1370,LIPE
1371,FDFT1
1372,PAFAH1B3
1373,OPHN1
1374,AFM
1375,KIF22
1376,SCGN
1377,PGM1
1378,DDX1
1379,DNM2
1380,EPB41L2
1381,RIMS1
1382,MOXD1
1383,STX7
1384,RABL2B
1385,KEAP1
1386,DDX43
1387,PTPRH
1388,DCT
1389,CRYBG3
1390,EPHA6
1391,SCTR
1392,RFX3
1393,RIF1
1394,RAB21
1395,SLC4A4
1396,SMARCA2
1397,RDH8
1398,SESN1
1399,MID2
1400,COL5A3
1401,SRCAP
1402,PUM3
1403,CPB2
1404,CHRNA3
1405,KCNN2
1406,CNOT4
1407,PSEN1
1408,CPOX
1409,CLDND1
1410,MOK
1411,HSP90AA1
1412,RBL1
1413,DLGAP4
1414,IGSF9B
1415,CFHR2
1416,NDC80
1417,AP4E1
1418,RSBN1
1419,MAGI3
1420,CXCL2
1421,AFP
1422,COL4A4
1423,TCF7
1424,OSTM1
1425,CDH7
1426,IMPG2
1427,PCNP
1428,EXD2
1429,ARG2
1430,MEF2C
1431,CACNA1S
1432,PKP1
1433,UBA5
1434,STK17B
1435,CDC14B
1436,ZNF510
1437,LRP2
1438,ZNF506
1439,JMJD4
1440,DUSP12
1441,AACS
1442,CADPS2
1443,PCDHGA2
1444,PHLPP1
1445,ATP8B1
1446,IL12RB2
1447,SMARCD3
1448,WDR70
1449,MPP4
1450,STRADB
1451,BZW1
1452,PGR
1453,C1QTNF3
1454,ME2
1455,C5orf22
1456,CCNT2
1457,FAM135A
1458,COL19A1
1459,EPB41L3
1460,COBLL1
1461,DLG3
1462,KCNK2
1463,SERTAD4
1464,TRAF5
1465,MRPL22
1466,GEMIN5
1467,OPRK1
1468,NFE2L1
1469,SEMA5B
1470,GSK3B
1471,ITGB5
1472,ERC1
1473,XPO1
1474,RNF13
1475,TRPM3
1476,PALB2
1477,LYRM2
1478,BCKDHB
1479,KAT6A
1480,ULK2
1481,GRHL2
1482,TNPO1
1483,PLOD1
1484,P2RX5
1485,ITGAE
1486,DIS3
1487,PIBF1
1488,TDRD3
1489,NUFIP1
1490,PDS5B
1491,OXCT1
1492,RRAGB
1493,EPYC
1494,CYLD
1495,SLC27A5
1496,ZNF324
1497,ZNF671
1498,ZNF416
1499,ZNF586
1500,ZNF446
1501,ZNF264
1502,RPS5
1503,FAT1
1504,CHMP2B
1505,SMAP2
1506,PPIE
1507,ZMPSTE24
1508,STARD7
1509,NOA1
1510,REST
1511,HAL
1512,SSH1
1513,GSTP1
1514,APLP2
1515,FAM234B
1516,SLCO1A2
1517,WBP11
1518,EIF3I
1519,NKAIN1
1520,COL16A1
1521,TXLNA
1522,NCOA1
1523,AGBL5
1524,EFR3B
1525,KIF3C
1526,RAB10
1527,GCKR
1528,HADHA
1529,MAPRE3
1530,CAD
1531,CD59
1532,CD82
1533,BCORL1
1534,ATRX
1535,FCN1
1536,MYNN
1537,MECOM
1538,SCAMP1
1539,PREP
1540,HACE1
1541,SEH1L
1542,WDR47
1543,WDFY1
1544,OVGP1
1545,SLC25A24
1546,MAP3K4
1547,PILRA
1548,IGSF9
1549,ABCB1
1550,ZNF213
1551,AKR1B1
1552,CPNE3
1553,RRN3
1554,CTTN
1555,WNT11
1556,MTIF2
1557,DDHD2
1558,TTC39A
1559,EPS15
1560,ORC1
1561,MGST2
1562,CHERP
1563,USP40
1564,POMGNT1
1565,RAD54L
1566,MAST2
1567,DNAJA1
1568,B4GALT1
1569,CHMP5
1570,NFX1
1571,AQP6
1572,DIMT1
1573,IPO11
1574,FOLH1
1575,EIF2AK1
1576,NME8
1577,EPDR1
1578,SNX10
1579,SEPHS1
1580,MRPL28
1581,HBQ1
1582,ITPKC
1583,CEACAM6
1584,FAT2
1585,RBM22
1586,TMED2
1587,ERO1B
1588,ZFAND6
1589,HSD17B2
1590,TXLNG
1591,PPEF1
1592,LAT2
1593,HUWE1
1594,ZW10
1595,ALG9
1596,MYBPC2
1597,NOX4
1598,ACOX3
1599,MTMR2
1600,PPP1R15A
1601,HSD17B14
1602,TRIP6
1603,ACHE
1604,FTL
1605,SRRT
1606,BAX
1607,NLK
1608,PIGS
1609,ADAMTS2
1610,ATXN7L3
1611,PGS1
1612,PSMC5
1613,UIMC1
1614,CETP
1615,MMP2
1616,MT3
1617,LPCAT2
1618,GNAO1
1619,OGFOD1
1620,SH3BP2
1621,NOP14
1622,ADD1
1623,L2HGDH
1624,TXNDC16
1625,NID2
1626,GMCL1
1627,SF3B2
1628,KLHL42
1629,GNAS
1630,DNM1L
1631,PTHLH
1632,PHACTR3
1633,ERGIC2
1634,TFAP2C
1635,AURKA
1636,CASS4
1637,PIR
1638,AAMDC
1639,RFX2
1640,METTL2A
1641,SULT2B1
1642,ALG6
1643,PTPN4
1644,DDX18
1645,KHSRP
1646,GNA11
1647,EDEM2
1648,DNMT3B
1649,REM1
1650,TPX2
1651,PDRG1
1652,EPB41L1
1653,SLC15A1
1654,DOCK9
1655,ANKRD10
1656,TGDS
1657,DOCK3
1658,C3orf18
1659,COQ9
1660,TMEM40
1661,KIF9
1662,ARHGAP28
1663,CRLS1
1664,PPP1R13B
1665,ATRN
1666,SMOX
1667,SIGLEC1
1668,FKBP1A
1669,NSFL1C
1670,SLC4A11
1671,ZNF343
1672,EBF4
1673,CPXM1
1674,MAVS
1675,F11
1676,XRN2
1677,KIZ
1678,DYNLL1
1679,TESC
1680,SNX5
1681,RPL6
1682,SIRPG
1683,MAPKAPK5
1684,P2RX7
1685,ESF1
1686,RBBP9
1687,ANAPC5
1688,SLC23A2
1689,SLC8B1
1690,TMEM230
1691,DZANK1
1692,KDM2B
1693,CFAP61
1694,LHX5
1695,TASP1
1696,OAS1
1697,GCN1
1698,RPLP0
1699,PXN
1700,SIRT4
1701,RPH3A
1702,KIF16B
1703,TRMT6
1704,CHGB
1705,PEBP1
1706,TBX5
1707,BRAP
1708,ERP29
1709,NOS1
1710,FUS
1711,IGBP1
1712,FXYD5
1713,ZNF302
1714,GRAMD1A
1715,FXYD3
1716,HEPH
1717,CDIP1
1718,CMTM1
1719,KCNH4
1720,GANAB
1721,GMIP
1722,RBM41
1723,BIRC5
1724,LAG3
1725,MLF2
1726,OTUB2
1727,DDX24
1728,ZBTB25
1729,NECAP1
1730,ARHGAP4
1731,ANKRD24
1732,DHX32
1733,RCOR1
1734,GPATCH2L
1735,LTBP4
1736,BLVRB
1737,SLC9A1
1738,SPTLC1
1739,PAPOLA
1740,CCNK
1741,PCBP4
1742,RGS1
1743,YPEL3
1744,MRPS33
1745,NDUFB2
1746,NUDC
1747,MAEA
1748,ICAM1
1749,STRN4
1750,IRAK3
1751,LYZ
1752,SI
1753,MUL1
1754,TFAP4
1755,PDCD7
1756,SPG21
1757,FETUB
1758,DNAJB11
1759,P3H2
1760,THPO
1761,CHRD
1762,FLT3LG
1763,GNPTG
1764,ZNF268
1765,GOLGA3
1766,PABPC4
1767,CD209
1768,CERS4
1769,MCOLN1
1770,USP48
1771,EFNB1
1772,PDPR
1773,GLG1
1774,KIF4A
1775,TNRC6A
1776,PLEKHG2
1777,DLL3
1778,NAT14
1779,PITPNM2
1780,EXOC1
1781,RBM27
1782,OSBPL8
1783,NLRC4
1784,PUS7
1785,LAMB4
1786,NRCAM
1787,LAMB1
1788,SLC26A4
1789,SLC26A3
1790,DLD
1791,WDR7
1792,TXNL1
1793,IL5RA
1794,ABCC6
1795,CMTM6
1796,ITGA6
1797,RAPGEF4
1798,SMPX
1799,FH
1800,SEL1L3
1801,TF
1802,CDV3
1803,MYO15A
1804,ALKBH5
1805,APOH
1806,NLRP1
1807,PITPNM3
1808,SPAG7
1809,ORC6
1810,ZFHX4
1811,CPA1
1812,ZC3HC1
1813,ESR1
1814,RGS17
1815,ANGPT2
1816,TMEM101
1817,CD200
1818,CCDC80
1819,CMA1
1820,PPP2R3C
1821,HAUS4
1822,JPH4
1823,MYH7
1824,CEBPE
1825,SLC7A8
1826,SLC22A17
1827,RNF31
1828,SCFD1
1829,G2E3
1830,HECTD1
1831,HNRNPC
1832,RPGRIP1
1833,SUPT16H
1834,TOX4
1835,GEMIN2
1836,DAZL
1837,TBL1Y
1838,SEMA6A
1839,TRPM7
1840,TYRO3
1841,WDR76
1842,CAPN3
1843,SNAP23
1844,TBX15
1845,PHGDH
1846,COL9A3
1847,EZR
1848,MYL6
1849,AGO1
1850,TEKT2
1851,CLSPN
1852,RFFL
1853,UNC13D
1854,MFSD11
1855,DPYSL2
1856,TGFB2
1857,GPATCH2
1858,NUP50
1859,CDC45
1860,COMT
1861,ECHDC1
1862,LRRFIP2
1863,SEC22C
1864,XYLB
1865,HDAC6
1866,GABRP
1867,CDC6
1868,UPRT
1869,CDC23
1870,CBX5
1871,FMO2
1872,SUCO
1873,MSH2
1874,MAP3K1
1875,DHPS
1876,HOOK2
1877,ARCN1
1878,EPB41L4B
1879,TMEM38B
1880,PSMD5
1881,PTGS1
1882,NUP188
1883,CRAT
1884,SH2D3C
1885,NANS
1886,TBC1D2
1887,PDE6C
1888,CWF19L1
1889,SEMA4G
1890,BTAF1
1891,IKZF5
1892,BLNK
1893,TLL2
1894,CYP26A1
1895,TDRD1
1896,SORBS1
1897,CRTAC1
1898,BAMBI
1899,IL11
1900,MYO3A
1901,WAC
1902,CREM
1903,NUBP2
1904,TPSD1
1905,SMIM24
1906,HIVEP1
1907,TREM2
1908,CRISP3
1909,FKBP5
1910,SRPK1
1911,BRPF3
1912,MRPS18A
1913,PGC
1914,TMEM14A
1915,EFHC1
1916,NCR2
1917,HSP90AB1
1918,MLN
1919,CDC5L
1920,ITPR3
1921,ZNF184
1922,DSP
1923,SIRT1
1924,HNRNPH3
1925,IFT74
1926,JAK2
1927,IL12RB1
1928,ABL1
1929,ACOT7
1930,SH3GLB1
1931,CDC7
1932,SYDE2
1933,PCSK5
1934,SCD
1935,TMED1
1936,ABLIM1
1937,ERMP1
1938,RAB18
1939,NRP1
1940,PRTFDC1
1941,PALMD
1942,TSPAN15
1943,MAST3
1944,MZF1
1945,OCEL1
1946,MYO9B
1947,KCNK6
1948,CATSPERG
1949,PSMD8
1950,FBXL19
1951,STX1B
1952,HSD3B7
1953,SETD1A
1954,BCL7C
1955,MAGEB2
1956,CIRBP
1957,CBARP
1958,PCDH11Y
1959,AMELY
1960,IGFALS
1961,HNRNPM
1962,NDUFB7
1963,TECR
1964,TIMM13
1965,CDC34
1966,MTAP
1967,MISP
1968,CEP170B
1969,POLR2E
1970,POLRMT
1971,HCN2
1972,IZUMO4
1973,RASSF7
1974,GADD45B
1975,PALM
1976,MADCAM1
1977,IGF2-AS
1978,MKNK2
1979,ARVCF
1980,TRMT2A
1981,RANBP1
1982,ZDHHC8
1983,KLHL22
1984,MED15
1985,SERPIND1
1986,SNAP29
1987,CRKL
1988,LZTR1
1989,MMP11
1990,CECR2
1991,SMARCB1
1992,P2RX6
1993,DERL3
1994,SLC7A4
1995,BCL2L13
1996,DDTL
1997,OSM
1998,CABIN1
1999,TBC1D10A
2000,SUSD2
2001,SF3A1
2002,GGT5
2003,RNF215
2004,SEC14L2
2005,SEC14L3
2006,SPECC1L
2007,PPIL2
2008,UPB1
2009,YPEL1
2010,SNRPD3
2011,PES1
2012,MAPK1
2013,GGT1
2014,PRODH
2015,PPM1F
2016,SLC35E4
2017,TOP3B
2018,CRYBB3
2019,CYTH4
2020,MFNG
2021,CARD10
2022,SLC25A1
2023,PLA2G3
2024,LGALS2
2025,GGA1
2026,HIRA
2027,SH3BP1
2028,SEZ6L
2029,LGALS1
2030,HPS4
2031,PIK3IP1
2032,SRRD
2033,PATZ1
2034,TRIOBP
2035,TFIP11
2036,GCAT
2037,GGTLC2
2038,CRYBB1
2039,ANKRD54
2040,EIF3L
2041,SNU13
2042,MICALL1
2043,POLR2F
2044,CCDC134
2045,DEPDC5
2046,PICK1
2047,TTC28
2048,SLC16A8
2049,CENPM
2050,SLC5A1
2051,TPTEP1
2052,SLC5A4
2053,KDELR3
2054,DDX17
2055,DMC1
2056,HSCB
2057,CBY1
2058,TOMM22
2059,RSPH14
2060,XBP1
2061,RTCB
2062,JOSD1
2063,FBXO7
2064,GTPBP1
2065,POLDIP3
2066,RAB36
2067,TIMP3
2068,PPP6R2
2069,SBF1
2070,SUN2
2071,CYB5R3
2072,DNAL4
2073,C22orf31
2074,MIOX
2075,LMF2
2076,RHBDD3
2077,PACSIN2
2078,TTLL1
2079,RASL10A
2080,AP1B1
2081,HMGXB4
2082,TOM1
2083,NEFH
2084,CHKB
2085,BIK
2086,HMOX1
2087,MCAT
2088,THOC5
2089,MCM5
2090,APOBEC3H
2091,ARSA
2092,TSPO
2093,RASD2
2094,TTLL12
2095,CBX7
2096,PDGFB
2097,CABP7
2098,RPL3
2099,ZMAT5
2100,SYNGR1
2101,TAB1
2102,ASCC2
2103,MTMR3
2104,MIEF1
2105,APOL4
2106,PNPLA5
2107,APOL1
2108,PNPLA3
2109,MYH9
2110,CACNA1I
2111,SAMM50
2112,TXN2
2113,FOXRED2
2114,GRAP2
2115,EIF3D
2116,TNRC6B
2117,SGSM3
2118,IFT27
2119,PVALB
2120,KIAA0930
2121,NCF4
2122,CSF2RB
2123,SLC25A17
2124,UPK3A
2125,FAM118A
2126,KCTD17
2127,ST13
2128,IL2RB
2129,RBX1
2130,EP300
2131,L3MBTL2
2132,CHADL
2133,RANGAP1
2134,ZC3H7B
2135,PHF5A
2136,ACO2
2137,POLR3H
2138,TRMU
2139,PMM1
2140,DESI1
2141,CERK
2142,BRD1
2143,ZBED4
2144,MLC1
2145,HDAC10
2146,KCNK10
2147,ABHD4
2148,KHNYN
2149,FKBP3
2150,SDR39U1
2151,CTSG
2152,GZMH
2153,GZMB
2154,RBM23
2155,PRMT5
2156,COCH
2157,AP4S1
2158,POLE2
2159,VCPKMT
2160,SOS2
2161,CDKL1
2162,NIN
2163,PYGL
2164,TRIM9
2165,PSMC6
2166,GNPNAT1
2167,DDHD1
2168,CDKN3
2169,CNIH1
2170,CGRRF1
2171,ATP6V1D
2172,PLEK2
2173,PIGH
2174,PSMA3
2175,VTI1B
2176,TIMM9
2177,GSTZ1
2178,KIAA0586
2179,TMED8
2180,SAMD15
2181,AHSA1
2182,DAAM1
2183,ISM2
2184,SPTLC2
2185,RIN3
2186,LGMN
2187,ALKBH1
2188,SNW1
2189,ITPK1
2190,DHRS7
2191,PPM1A
2192,SIX4
2193,GALNT16
2194,CEP128
2195,ERH
2196,HIF1A
2197,SUSD6
2198,SRSF5
2199,SLC10A1
2200,EIF5
2201,SERPINA4
2202,SLC8A3
2203,DICER1
2204,ZFYVE21
2205,MTHFD1
2206,TCL1A
2207,ZC3H14
2208,TELO2
2209,BDKRB1
2210,GSKIP
2211,VRK1
2212,PSMC1
2213,PAPLN
2214,RPS6KA5
2215,PPP4R3A
2216,C14orf93
2217,PSMB5
2218,YY1
2219,ACIN1
2220,TRIP11
2221,PABPN1
2222,EFS
2223,ARHGAP5
2224,CINP
2225,DHRS2
2226,SRP54
2227,CPNE6
2228,CHD8
2229,DCAF11
2230,PSMA6
2231,NFKBIA
2232,EMC9
2233,BRMS1L
2234,TM9SF1
2235,SEC23A
2236,GMPR2
2237,PNN
2238,RABGGTA
2239,PLTP
2240,PCIF1
2241,GSS
2242,MMP9
2243,VSX1
2244,TRPC4AP
2245,PYGB
2246,ABHD12
2247,PROCR
2248,GINS1
2249,NINL
2250,CD40
2251,UQCC1
2252,ZMYND8
2253,SGK2
2254,IFT52
2255,MYBL2
2256,HNF4A
2257,NDRG3
2258,SLA2
2259,NFATC2
2260,RIMS4
2261,PABPC1L
2262,STK4
2263,SALL4
2264,ADNP
2265,PFDN4
2266,DOK5
2267,CSTF1
2268,BMP7
2269,RAE1
2270,TPD52L2
2271,DNAJC5
2272,NELFCD
2273,CTSZ
2274,PRPF6
2275,TUBB1
2276,PRELID3B
2277,HRH3
2278,MTG2
2279,PSMA7
2280,SLCO4A1
2281,NTSR1
2282,MRGBP
2283,TCFL5
2284,DIDO1
2285,GID8
2286,SLC17A9
2287,BIRC7
2288,NKAIN4
2289,ARFGAP1
2290,AVP
2291,COL20A1
2292,CHRNA4
2293,EEF1A2
2294,PTK6
2295,GMEB2
2296,SPEF1
2297,CDC25B
2298,ISM1
2299,RNF24
2300,ARFRP1
2301,NDUFAF5
2302,SEL1L2
2303,TRIB3
2304,RASSF2
2305,CSNK2A1
2306,SLC52A3
2307,ANGPT4
2308,RSPO4
2309,CDS2
2310,HM13
2311,SNPH
2312,MYLK2
2313,SIRPB1
2314,SEC23B
2315,FERMT1
2316,HAO1
2317,PDYN
2318,CCM2L
2319,PLCB4
2320,MYL9
2321,HCK
2322,TM9SF4
2323,TLDC2
2324,CRNKL1
2325,POFUT1
2326,SAMHD1
2327,KIF3B
2328,NOP56
2329,MANBAL
2330,IDH3B
2331,MAPRE1
2332,JAG1
2333,CDK5RAP1
2334,SNTA1
2335,OXT
2336,TTI1
2337,E2F1
2338,RPRD1B
2339,PXMP4
2340,CHMP4B
2341,BPI
2342,CST9L
2343,SLC32A1
2344,CST3
2345,ASIP
2346,CST4
2347,ACTR5
2348,WFDC2
2349,AHCY
2350,PPP1R16B
2351,FAM83D
2352,DHX35
2353,DNTTIP1
2354,MAP1LC3A
2355,SYNDIG1
2356,PIGU
2357,TNNC2
2358,ACOT8
2359,APMAP
2360,CELF4
2361,ZNF516
2362,CDH20
2363,ADNP2
2364,RBFA
2365,USP14
2366,VAPA
2367,METTL4
2368,LPIN2
2369,SMCHD1
2370,MYOM1
2371,MYL12A
2372,CEP76
2373,ST8SIA5
2374,CEP192
2375,RNMT
2376,SMAD7
2377,LIPG
2378,LAMA1
2379,RNF125
2380,ANKRD12
2381,NOL4
2382,POLI
2383,MIB1
2384,RBBP8
2385,RIOK3
2386,CSTF2
2387,MXRA5
2388,VSIG1
2389,PSMD10
2390,ATG4A
2391,STS
2392,TBL1X
2393,GPR143
2394,PGRMC1
2395,POLA1
2396,MID1
2397,NKAP
2398,RHOXF1
2399,NXT2
2400,GUCY2F
2401,ALG13
2402,PRPS2
2403,TLR8
2404,MOSPD1
2405,AMMECR1
2406,CHRDL1
2407,WDR13
2408,SUV39H1
2409,PAGE4
2410,SRPX
2411,XIAP
2412,STAG2
2413,ATP11C
2414,MCF2
2415,F9
2416,ABCD1
2417,CCDC22
2418,CACNA1F
2419,SYP
2420,PLP2
2421,BMX
2422,LUZP4
2423,PLS3
2424,NAA10
2425,RENBP
2426,ELF4
2427,SMARCA1
2428,MTMR8
2429,ASB9
2430,ZC3H12B
2431,RBBP7
2432,KCND1
2433,OPN1LW
2434,SLC25A14
2435,FMR1
2436,PIM2
2437,SCML2
2438,PQBP1
2439,PCSK1N
2440,EMD
2441,RAB40AL
2442,PGK1
2443,GATA1
2444,MAGT1
2445,SMS
2446,PHEX
2447,UBL4A
2448,CD99L2
2449,EEA1
2450,RP2
2451,JADE3
2452,CDK16
2453,USP11
2454,PCYT1B
2455,BRS3
2456,HTATSF1
2457,VGLL1
2458,CD40LG
2459,TIMP1
2460,KLHL4
2461,GABRE
2462,PCDH11X
2463,FGD1
2464,PIN4
2465,PORCN
2466,MAGED2
2467,RBM3
2468,KLF8
2469,SRPX2
2470,SYTL4
2471,ZDHHC15
2472,CENPI
2473,DRP2
2474,TAF7L
2475,PBDC1
2476,GLA
2477,ARMCX3
2478,BEX4
2479,NALCN
2480,FGF14
2481,HTR2A
2482,NDFIP2
2483,TNFSF13B
2484,FNDC3A
2485,MLNR
2486,CDADC1
2487,CAB39L
2488,KLF5
2489,STK24
2490,ACP5
2491,DNAJC3
2492,UGGT2
2493,ARHGEF7
2494,FGF9
2495,SGCG
2496,PARP4
2497,SUPT20H
2498,MRPS31
2499,SLC25A15
2500,KPNA3
2501,FLT1
2502,RGCC
2503,VWA8
2504,DGKH
2505,KATNAL1
2506,INTS6
2507,DHRS12
2508,MEDAG
2509,TSC22D1
2510,CLN5
2511,OLFM4
2512,MSLN
2513,MGRN1
2514,ZNF629
2515,TRADD
2516,HSF4
2517,CORO1A
2518,MAPK3
2519,GDPD3
2520,ELMO3
2521,PHKB
2522,LYRM1
2523,NUTF2
2524,NUP93
2525,CENPT
2526,TSNAXIP1
2527,NFAT5
2528,LONP2
2529,N4BP1
2530,CBLN1
2531,ARL2BP
2532,PLLP
2533,ZNF423
2534,CCL22
2535,DHODH
2536,CCL17
2537,CTCF
2538,ACD
2539,POLR2C
2540,PARD6A
2541,ZNF821
2542,MMP15
2543,USB1
2544,CYB5B
2545,NME3
2546,NDRG4
2547,PSMD7
2548,SETD6
2549,SLC38A7
2550,VAC14
2551,HAS3
2552,TANGO6
2553,COG4
2554,SMPD3
2555,SLC7A6OS
2556,SLC7A6
2557,PLA2G15
2558,ESRP2
2559,FA2H
2560,WDR59
2561,MON1B
2562,AXIN1
2563,HCFC1R1
2564,NPRL3
2565,MLYCD
2566,MPG
2567,NECAB2
2568,HSDL1
2569,TAF1C
2570,NAGPA
2571,WFDC1
2572,SEC14L5
2573,COTL1
2574,USP10
2575,CRISPLD2
2576,TSC2
2577,ZNF500
2578,NME4
2579,ABCC1
2580,NOMO3
2581,LMF1
2582,FOXF1
2583,MTHFSD
2584,CLCN7
2585,HAGHL
2586,SLC7A5
2587,METRN
2588,FBXO31
2589,STUB1
2590,RHBDL1
2591,NUBP1
2592,UBE2I
2593,MEFV
2594,CRYM
2595,EEF2K
2596,CAPN15
2597,PIEZO1
2598,GSPT1
2599,ZNF174
2600,CLUAP1
2601,UBFD1
2602,PRSS33
2603,EARS2
2604,GGA2
2605,AQP8
2606,CPPED1
2607,USP31
2608,HMOX2
2609,SALL1
2610,TOX3
2611,RBL2
2612,QPRT
2613,XYLT1
2614,PYCARD
2615,RPGRIP1L
2616,MAZ
2617,STX4
2618,CDIPT
2619,BCKDK
2620,KAT8
2621,NOMO1
2622,IL21R
2623,SYT17
2624,TMC5
2625,CCP110
2626,SLC6A2
2627,RNF40
2628,KNOP1
2629,AQP9
2630,AAGAB
2631,IQCH
2632,LACTB
2633,CORO2B
2634,CSK
2635,HERC1
2636,TRIP4
2637,MTFMT
2638,RASL12
2639,AP3B2
2640,ACSBG1
2641,IGDCC4
2642,RAB11A
2643,CTSH
2644,TTC23
2645,CD276
2646,FAH
2647,CEMIP
2648,RPAP1
2649,HOMER2
2650,EHD4
2651,TMEM87A
2652,ZNF106
2653,CEP152
2654,ATP8B4
2655,OCA2
2656,DTWD1
2657,TGM5
2658,GABPB1
2659,BMF
2660,DMXL2
2661,SCG3
2662,DNAJC17
2663,EIF3J
2664,SPG11
2665,RHOV
2666,VPS18
2667,OIP5
2668,SLC30A4
2669,BLOC1S6
2670,MYEF2
2671,SGK3
2672,PDGFRL
2673,CSPP1
2674,ZDHHC2
2675,BRF2
2676,TRIM35
2677,ZFAND1
2678,RP1
2679,CA2
2680,FZD3
2681,INTS9
2682,RIPK2
2683,EYA1
2684,NBN
2685,TRPA1
2686,CPQ
2687,DECR1
2688,CALB1
2689,SFRP1
2690,LAPTM4B
2691,UBE2W
2692,POP1
2693,NIPAL2
2694,IKBKB
2695,PLAT
2696,JPH1
2697,DKK4
2698,STK3
2699,GDAP1
2700,RAB2A
2701,EIF3E
2702,EMC2
2703,ESRP1
2704,NDRG1
2705,ZC2HC1A
2706,IL7
2707,STMN2
2708,ARMC1
2709,TRPS1
2710,SPAG1
2711,CHRAC1
2712,NCALD
2713,SNX16
2714,GML
2715,UBR5
2716,GSDMD
2717,EEF1D
2718,ANXA13
2719,SQLE
2720,SH2D4A
2721,INTS10
2722,ERI1
2723,SLC39A14
2724,MTMR9
2725,LEPROTL1
2726,DCTN6
2727,R3HCC1
2728,GSR
2729,TNFRSF10A
2730,UBXN8
2731,PPP2CB
2732,NEFM
2733,TUSC3
2734,ARHGEF10
2735,KLHDC4
2736,MCM4
2737,ADAM2
2738,KCTD9
2739,FGL1
2740,ASAH1
2741,BNIP3L
2742,MAN2B1
2743,KCNN4
2744,TULP2
2745,NUCB1
2746,DHDH
2747,GYS1
2748,MAP4K1
2749,CGB2
2750,ECH1
2751,LHB
2752,TUBB4A
2753,KCNA7
2754,SNRNP70
2755,CLPTM1
2756,RELB
2757,CLASRP
2758,LIN7B
2759,PPP1R37
2760,FCGRT
2761,PIH1D1
2762,CKM
2763,ARHGEF18
2764,PPP1R13L
2765,PEX11G
2766,ERCC2
2767,DOT1L
2768,PLEKHJ1
2769,SLC17A7
2770,RNASEH2A
2771,KLC3
2772,CD37
2773,SF3A2
2774,AMH
2775,DKKL1
2776,LYL1
2777,OAZ1
2778,TRMT1
2779,STX10
2780,RETN
2781,FCER2
2782,DMPK
2783,CLEC4M
2784,TBC1D17
2785,IL4I1
2786,TLE6
2787,PTOV1
2788,NOVA2
2789,SGTA
2790,MED25
2791,SNAPC2
2792,C19orf53
2793,TIMM44
2794,CCDC61
2795,TNNT1
2796,VRK3
2797,FAM32A
2798,PPP6R1
2799,C19orf44
2800,MED26
2801,OLFM2
2802,RASAL3
2803,AKAP8
2804,EPHX3
2805,ZNF419
2806,SYDE1
2807,CASP14
2808,SLC1A6
2809,AURKC
2810,POP4
2811,CCNE1
2812,URI1
2813,PDCD5
2814,ANKRD27
2815,RPS16
2816,TIMM50
2817,DYRK1B
2818,CLC
2819,GPI
2820,AKT2
2821,PLD3
2822,PRX
2823,PIAS4
2824,NUMBL
2825,EBI3
2826,SHD
2827,TBCB
2828,FSD1
2829,POLR2I
2830,OVOL3
2831,CLIP3
2832,ZFR2
2833,SLC1A5
2834,PRKD2
2835,TJP3
2836,APLP1
2837,CACTIN
2838,CCDC9
2839,HNRNPUL1
2840,FZR1
2841,BBC3
2842,TGFB1
2843,DENND3
2844,PLIN3
2845,MYH14
2846,MRPL4
2847,SIGLEC8
2848,CD79A
2849,LIM2
2850,ICAM4
2851,RPS19
2852,NKG7
2853,ICAM5
2854,ETFB
2855,CD33
2856,CEACAM5
2857,CRX
2858,BABAM1
2859,TYK2
2860,SULT2A1
2861,CDC37
2862,NAPA
2863,RABAC1
2864,ATP1A3
2865,MEIS3
2866,PTPRS
2867,CNFN
2868,ZNRF4
2869,MEGF8
2870,KDELR1
2871,CYTH2
2872,GRWD1
2873,GRIN2D
2874,SYNGR4
2875,CLEC11A
2876,CARD8
2877,LIG1
2878,SIGLEC6
2879,ZNF175
2880,PLA2G4C
2881,HAS1
2882,RAB3D
2883,DBP
2884,TMEM205
2885,CAPS
2886,PLPPR2
2887,FAM83E
2888,RASIP1
2889,FGF21
2890,BCAT2
2891,MIER2
2892,PLEKHA4
2893,PPP2R1A
2894,TNPO2
2895,WDR83OS
2896,CACNG7
2897,GCDH
2898,KLF1
2899,DNASE2
2900,MAST1
2901,TFPT
2902,JAK3
2903,RPL18A
2904,SLC5A5
2905,KCNN1
2906,ARRDC2
2907,PIK3R2
2908,RAB3A
2909,PDE4C
2910,ISYNA1
2911,ELL
2912,CRTC1
2913,COMP
2914,UPK1A
2915,COPE
2916,DDX49
2917,ETV2
2918,ATP4A
2919,ARMC6
2920,TMEM147
2921,GAPDHS
2922,MAG
2923,TMEM59L
2924,HAMP
2925,USF2
2926,LSR
2927,KXD1
2928,FKBP8
2929,SUGP1
2930,HPN
2931,ZNF14
2932,SCN1B
2933,PBX4
2934,ERF
2935,GSK3A
2936,ATP13A1
2937,ZNF574
2938,GRIK5
2939,SIPA1L3
2940,ZNF85
2941,ETHE1
2942,CADM4
2943,SMG9
2944,AVL9
2945,RUNDC3B
2946,CFAP69
2947,GTPBP10
2948,RASA4
2949,CDK6
2950,PMPCB
2951,DNAJC2
2952,TFPI2
2953,BET1
2954,NAMPT
2955,PIK3CG
2956,PON3
2957,PON2
2958,ITGB8
2959,HBP1
2960,SP4
2961,WDR91
2962,DNAH11
2963,CBLL1
2964,DLX5
2965,MTPN
2966,STEAP1B
2967,PTN
2968,ATP6V0A4
2969,ZC3HAV1
2970,OGDH
2971,ADAP1
2972,TFEC
2973,CAV2
2974,CAV1
2975,MET
2976,RNF32
2977,LMBR1
2978,WNT2
2979,HOXA1
2980,DNAJB6
2981,HOXA2
2982,HOXA3
2983,LFNG
2984,HOXA5
2985,HOXA6
2986,BRAT1
2987,IQCE
2988,ANKRD7
2989,VIPR2
2990,TSPAN12
2991,HOXA13
2992,CPED1
2993,EVX1
2994,HIBADH
2995,TAX1BP1
2996,CPVL
2997,CHN2
2998,GRB10
2999,ABHD11
3000,COBL
3001,FKBP14
3002,PLEKHA8
3003,STX1A
3004,NOD1
3005,CRHR2
3006,GHRHR
3007,CASP2
3008,CHCHD2
3009,CCL24
3010,HSPB1
3011,NPTX2
3012,PDAP1
3013,BUD31
3014,PTCD1
3015,CYP3A5
3016,ZKSCAN1
3017,EIF3B
3018,SNX8
3019,NUDT1
3020,PTPRZ1
3021,TAF6
3022,WASL
3023,AIMP2
3024,TFR2
3025,FSCN3
3026,MOSPD3
3027,PCOLCE
3028,FBXO24
3029,PPP1R17
3030,RBM28
3031,USP42
3032,IMPDH1
3033,AGFG2
3034,LSM5
3035,SERPINE1
3036,AP1S1
3037,MOGAT3
3038,C1GALT1
3039,PLOD3
3040,RPA3
3041,ZNHIT1
3042,CLDN15
3043,GLCCI1
3044,MYL10
3045,PHF14
3046,NRF1
3047,TMEM106B
3048,EZH2
3049,CEP41
3050,ZNF862
3051,SFRP4
3052,MEST
3053,MEOX2
3054,ANKMY2
3055,ACTR3C
3056,POU6F2
3057,TSPAN13
3058,RARRES2
3059,AGR2
3060,AHR
3061,CHCHD3
3062,GIMAP2
3063,TMEM176B
3064,GLI3
3065,PSMA2
3066,MRPL32
3067,COA1
3068,BLVRA
3069,URGCP
3070,TMEM248
3071,RHEB
3072,PRKAG2
3073,AEBP1
3074,POLD2
3075,MYL7
3076,GCK
3077,BCL7B
3078,YKT6
3079,TBL2
3080,GALNTL5
3081,CLIP2
3082,EIF4H
3083,LIMK1
3084,SPATA6L
3085,SLC1A1
3086,LHX2
3087,FKTN
3088,FSD1L
3089,CNTNAP3
3090,SPIN1
3091,NMRK1
3092,TMEM245
3093,PRUNE2
3094,MEGF9
3095,TRIM14
3096,CORO2A
3097,TGFBR1
3098,SEC61B
3099,C5
3100,ASPN
3101,TLE4
3102,LHX6
3103,PTGR1
3104,SUSD1
3105,AMBP
3106,AKNA
3107,TNFSF8
3108,DNM1
3109,ENG
3110,AK1
3111,CDC37L1
3112,RLN2
3113,RLN1
3114,PLGRKT
3115,TBC1D13
3116,RIC1
3117,KDM4C
3118,DOCK8
3119,KANK1
3120,ELAVL2
3121,NCS1
3122,TESK1
3123,KCNT1
3124,CA9
3125,FUBP3
3126,TYRP1
3127,CREB3
3128,RGP1
3129,MPDZ
3130,LHX3
3131,EDF1
3132,PIP5K1B
3133,GLIS3
3134,BAG1
3135,RAPGEF1
3136,NPDC1
3137,SETX
3138,SH3GL2
3139,PTGDS
3140,ABCA2
3141,SHB
3142,UBE2R2
3143,ABHD17B
3144,EXOSC3
3145,ZFAND5
3146,DVL1
3147,PDLIM1
3148,CCNJ
3149,DNTT
3150,GATA3
3151,ATRNL1
3152,HPS1
3153,PHYH
3154,RASSF4
3155,DNMBP
3156,RAB11FIP2
3157,CXCL12
3158,ERLIN1
3159,EIF3A
3160,PKD2L1
3161,CUBN
3162,TRDMT1
3163,DDX50
3164,MAPK8
3165,SEC23IP
3166,ATE1
3167,NSMCE4A
3168,PLEKHA1
3169,PALD1
3170,UNC5B
3171,CDH23
3172,SPOCK2
3173,MICU1
3174,PPP3CB
3175,CCSER2
3176,BMPR1A
3177,MINPP1
3178,ACTA2
3179,LIPA
3180,TLX1
3181,LZTS2
3182,SFXN3
3183,KAZALD1
3184,FBXW4
3185,FGF8
3186,NPM3
3187,TNKS2
3188,PITX3
3189,GBF1
3190,ARHGAP21
3191,CPEB3
3192,FBXL15
3193,CUEDC2
3194,SUFU
3195,ANKRD26
3196,ACBD5
3197,LHPP
3198,LARP4B
3199,GTPBP4
3200,EDRF1
3201,BCCIP
3202,MTPAP
3203,NEURL1
3204,SH3PXD2A
3205,PITRM1
3206,MAP3K8
3207,DKK1
3208,EBF3
3209,GLRX3
3210,SORCS1
3211,XPNPEP1
3212,SMC3
3213,SHOC2
3214,TFAM
3215,CCDC6
3216,CUL2
3217,CCNY
3218,UBE2S
3219,RPL28
3220,ZMIZ1
3221,DNAJC12
3222,PPIF
3223,PBLD
3224,TSPAN14
3225,LGI1
3226,TBC1D12
3227,CYP2C18
3228,NUFIP2
3229,GIT1
3230,RPL19
3231,FBXL20
3232,RUNDC3A
3233,UBTF
3234,CSF3
3235,PSMD3
3236,CASC3
3237,RAPGEFL1
3238,RGS9
3239,RNF43
3240,ASPA
3241,RAD51C
3242,MTMR4
3243,TRIM37
3244,P2RX1
3245,DHX40
3246,TUBD1
3247,KPNB1
3248,GOSR2
3249,PNPO
3250,RPS6KB1
3251,CDK5RAP3
3252,CBX1
3253,RECQL5
3254,PIGL
3255,GALK1
3256,INTS2
3257,CAMTA2
3258,MED13
3259,HOXB6
3260,ENO3
3261,PFN1
3262,RNF167
3263,SLC25A11
3264,RASD1
3265,CHRNE
3266,RAI1
3267,NUP88
3268,C1QBP
3269,SLC6A4
3270,BLMH
3271,CPD
3272,GOSR1
3273,CCDC47
3274,MED31
3275,DRG2
3276,FTSJ3
3277,AKAP10
3278,ALDH3A1
3279,SMARCD2
3280,ICAM2
3281,SYNGR2
3282,B9D1
3283,UTP6
3284,DDX5
3285,C17orf75
3286,CYTH1
3287,PSMD11
3288,LGALS3BP
3289,ASIC2
3290,CCL7
3291,CCL2
3292,CCL8
3293,CCL1
3294,PEX12
3295,KRT32
3296,DHX58
3297,KAT2A
3298,RAB5C
3299,NAGLU
3300,HSD17B1
3301,MLX
3302,CNTNAP1
3303,ABI3
3304,EZH1
3305,DLX4
3306,PPP1R9B
3307,COL1A1
3308,SGCA
3309,PTGES3L-AARSD1
3310,MRPL27
3311,VAT1
3312,LRRC59
3313,RND2
3314,ALOX12
3315,HDAC5
3316,ABCC3
3317,LUC7L3
3318,PPY
3319,MPP2
3320,SMURF2
3321,DUSP3
3322,EFTUD2
3323,HLF
3324,SLC16A6
3325,PRKAR1A
3326,EFNB3
3327,FAM20A
3328,MMD
3329,RANGRF
3330,DPH1
3331,MAP2K6
3332,DHRS7B
3333,WSB1
3334,RCVRN
3335,MYH1
3336,MYH3
3337,NAT9
3338,VTN
3339,TNFAIP1
3340,IFT20
3341,TMEM97
3342,CDR2L
3343,PMP22
3344,UNC119
3345,ALDOC
3346,SUPT6H
3347,RAB34
3348,PHF12
3349,TMEM33
3350,GABRA4
3351,SLAIN2
3352,OCIAD1
3353,CWH43
3354,DCUN1D4
3355,USP46
3356,SULT1E1
3357,ODAM
3358,CHIC2
3359,NMU
3360,LAMTOR3
3361,PF4V1
3362,NFKB1
3363,AREG
3364,MANBA
3365,UBE2D3
3366,MAPK10
3367,ELF2
3368,NDUFC1
3369,UCP1
3370,TBC1D9
3371,ZNF330
3372,INPP4B
3373,GAB1
3374,KLHL2
3375,IL2
3376,CPE
3377,RPL34
3378,WFS1
3379,ANXA10
3380,GRPEL1
3381,GAR1
3382,CLCN3
3383,AADAT
3384,GALNT7
3385,DHX15
3386,SOD3
3387,SEPSECS
3388,CPZ
3389,TRIM2
3390,SLC2A9
3391,FBXW7
3392,NEIL3
3393,TBC1D19
3394,CLNK
3395,SH3D19
3396,STIM2
3397,NKX3-2
3398,GLRB
3399,BST1
3400,RAPGEF2
3401,HGFAC
3402,SNX25
3403,LRP2BP
3404,UFSP2
3405,KLF3
3406,KLHL5
3407,FAM149A
3408,NCAPG
3409,UGDH
3410,PPARGC1A
3411,DDX25
3412,CRYAB
3413,HTATIP2
3414,CTSC
3415,CCDC34
3416,ZBTB16
3417,ELP4
3418,ZPR1
3419,MTCH2
3420,TECTA
3421,SC5D
3422,CRTAM
3423,B3GAT1
3424,HSPA8
3425,P2RX3
3426,VWA5A
3427,DNAJC4
3428,SIAE
3429,SNX15
3430,LPXN
3431,DTX4
3432,ATG2A
3433,EHD1
3434,OSBP
3435,UNC93B1
3436,PUS3
3437,DCPS
3438,KMT5B
3439,FOXRED1
3440,PPP6R3
3441,NRXN2
3442,MS4A6A
3443,MS4A4A
3444,ST3GAL4
3445,CPT1A
3446,CCND1
3447,CCDC86
3448,PRPF19
3449,TMEM109
3450,CCKBR
3451,HPX
3452,TRIM3
3453,FOLR1
3454,ANAPC15
3455,FOLR3
3456,PANX1
3457,ARHGEF17
3458,APOA5
3459,APOA4
3460,APOC3
3461,CEP164
3462,RNF141
3463,CEP126
3464,EIF4G2
3465,IL10RA
3466,GALNT18
3467,BIRC2
3468,UBE4A
3469,DDX6
3470,UPK2
3471,CBL
3472,HIPK3
3473,KIAA1549L
3474,FBXO3
3475,PDHX
3476,SLC1A2
3477,COMMD9
3478,SLC15A3
3479,CD5
3480,ACCS
3481,MDK
3482,AMBRA1
3483,MADD
3484,PTPMT1
3485,NAA40
3486,CD81
3487,SLC35F2
3488,C11orf21
3489,ELMOD1
3490,CALCA
3491,SOX6
3492,C11orf58
3493,PITPNM1
3494,RPS13
3495,AIP
3496,NUP98
3497,NDUFS8
3498,TCIRG1
3499,CHKA
3500,EXPH5
3501,HPS5
3502,POU2AF1
3503,PTPN5
3504,VWF
3505,PSMD9
3506,P3H3
3507,PPFIBP1
3508,PRPF40B
3509,CD69
3510,PRDM4
3511,CLEC2B
3512,COQ5
3513,SELPLG
3514,CORO1C
3515,ASIC1
3516,DAO
3517,CAPRIN2
3518,TSPAN11
3519,KCTD10
3520,SLC11A2
3521,MLEC
3522,MVK
3523,CSRNP2
3524,CAMKK2
3525,BIN2
3526,IL23A
3527,PTGES3
3528,SYT10
3529,BCL7A
3530,RSRC2
3531,CYP27B1
3532,MYF6
3533,LIN7A
3534,KRT18
3535,ACSS3
3536,TNS2
3537,GLI1
3538,PPM1H
3539,METAP2
3540,LTA4H
3541,ELK3
3542,SLC6A12
3543,WNT5B
3544,MAGOHB
3545,TRPV4
3546,ITFG2
3547,FOXM1
3548,PRR4
3549,PRMT8
3550,PARP11
3551,ARPC3
3552,GPN3
3553,VPS29
3554,MYL2
3555,RAD51AP1
3556,CUX2
3557,SH2B3
3558,AKAP3
3559,KCNA1
3560,DUSP16
3561,CREBL2
3562,ACAD10
3563,ALDH2
3564,CDKN1B
3565,GPRC5D
3566,NAA25
3567,GSG1
3568,SCNN1A
3569,LTBR
3570,OGFOD2
3571,CDK2AP1
3572,OAS3
3573,OAS2
3574,ART4
3575,MGP
3576,RASAL1
3577,ARHGDIB
3578,GTF2H3
3579,EIF2B1
3580,DDX55
3581,SLC38A1
3582,RERGL
3583,ENDOU
3584,VDR
3585,FZD10
3586,RFC5
3587,STX2
3588,ADGRD1
3589,COPZ1
3590,TBC1D30
3591,CAND1
3592,IL26
3593,IFNG
3594,RAB5B
3595,MDM1
3596,NUP107
3597,CNOT2
3598,TIMELESS
3599,CPSF6
3600,KRR1
3601,MRPL51
3602,GAPDH
3603,NOP2
3604,CHD4
3605,ACRBP
3606,COPS7A
3607,ING4
3608,GNB3
3609,CDCA3
3610,CHPT1
3611,USP5
3612,TPI1
3613,GNPTAB
3614,SPSB2
3615,ENO2
3616,ATN1
3617,C12orf57
3618,PTPN6
3619,LPCAT3
3620,NT5DC3
3621,SLCO1B3
3622,APOBEC1
3623,NANOG
3624,SUDS3
3625,GOLT1B
3626,GYS2
3627,LDHB
3628,PRKAB1
3629,CMAS
3630,HCFC2
3631,ST8SIA1
3632,CLEC4A
3633,C2CD5
3634,AICDA
3635,RAB35
3636,PHC1
3637,COX6A1
3638,RFX4
3639,RIC8B
3640,SRSF9
3641,FGFR1OP2
3642,KLRB1
3643,COL12A1
3644,BTN3A3
3645,TDP2
3646,FRK
3647,DSE
3648,RWDD1
3649,RSPH4A
3650,MAK
3651,TMEM14C
3652,PAK1IP1
3653,GCNT2
3654,SMIM8
3655,NEDD9
3656,CEP85L
3657,ADTRP
3658,ASF1A
3659,MCM9
3660,FAM184A
3661,RNGTT
3662,MAN1A1
3663,SERINC1
3664,HDDC2
3665,TPD52L1
3666,HINT3
3667,NCOA7
3668,SASH1
3669,UST
3670,ULBP1
3671,FBXO5
3672,MTRF1L
3673,PPARD
3674,OPRM1
3675,FANCE
3676,TULP1
3677,SLC26A8
3678,MAPK14
3679,RHAG
3680,KCTD20
3681,STK38
3682,SRSF3
3683,MRPL18
3684,IL17A
3685,IL17F
3686,MCM3
3687,RNF8
3688,PHACTR1
3689,MDGA1
3690,FBXO9
3691,CD83
3692,MDN1
3693,GLP1R
3694,SAYSD1
3695,BMP5
3696,BACH2
3697,RBM24
3698,CAP2
3699,TREML2
3700,ZNF451
3701,BAG2
3702,RAB23
3703,TSPO2
3704,FHL5
3705,GPR63
3706,KHDRBS2
3707,FBXL4
3708,CCNC
3709,PRDM13
3710,E2F3
3711,PTP4A1
3712,SIM1
3713,ASCC3
3714,HDGFL1
3715,COL9A1
3716,MED23
3717,WASF1
3718,GPLD1
3719,ALDH5A1
3720,VNN1
3721,VNN2
3722,ACOT13
3723,SMAP1
3724,RPS12
3725,C6orf62
3726,B3GAT2
3727,GMNN
3728,EYA4
3729,SOBP
3730,NR2E1
3731,SNX3
3732,SLC17A2
3733,HBS1L
3734,TRIM38
3735,PEX7
3736,ZBTB24
3737,FIG4
3738,PERP
3739,ARFGEF3
3740,SLC16A10
3741,HECA
3742,ADGRG6
3743,PHACTR2
3744,EPM2A
3745,CCR6
3746,UNC93A
3747,SLC22A2
3748,PHF1
3749,CUTA
3750,PACRG
3751,QKI
3752,PDE10A
3753,MDFI
3754,TFEB
3755,SMOC2
3756,CCND3
3757,BYSL
3758,TBP
3759,GUCA1B
3760,PRPH2
3761,PPP2R5D
3762,MRPL2
3763,PTK7
3764,SRF
3765,CUL9
3766,DNPH1
3767,DUSP22
3768,EXOC2
3769,COX7A2
3770,TMEM30A
3771,GMDS
3772,SENP6
3773,VEGFA
3774,TTK
3775,SLC29A1
3776,LAMA4
3777,CLIC5
3778,FBRSL1
3779,ENPP5
3780,LY86
3781,PRSS16
3782,MEP1A
3783,TBX18
3784,HARS2
3785,NUDT12
3786,CEP72
3787,MAN2A1
3788,SEMA5A
3789,C7
3790,GHR
3791,HMGCS1
3792,DAP
3793,NME5
3794,BRD8
3795,KIF20A
3796,NNT
3797,MRPS30
3798,HSPA9
3799,MRPS27
3800,PFDN1
3801,HBEGF
3802,SLC4A9
3803,LOX
3804,GZMK
3805,CDH9
3806,APBB3
3807,TMCO6
3808,SPARC
3809,IK
3810,HMGCR
3811,FAF2
3812,HAND1
3813,PCDHB5
3814,PCDHB7
3815,CLK4
3816,PCDHB15
3817,HAVCR1
3818,GRM6
3819,ITK
3820,RNF130
3821,THG1L
3822,ARSB
3823,CLINT1
3824,THBS4
3825,CNOT6
3826,IL12B
3827,BTNL8
3828,TTC1
3829,MSH3
3830,RASGRF2
3831,GABRG2
3832,CCNG1
3833,POLR3G
3834,DROSHA
3835,CDH6
3836,LMNB1
3837,ARRDC3
3838,GOLPH3
3839,SUB1
3840,NPR3
3841,SLC27A6
3842,IRX4
3843,LNPEP
3844,PDE4D
3845,RAD1
3846,BRIX1
3847,AGXT2
3848,PRLR
3849,IL4
3850,RAD50
3851,IL5
3852,ST8SIA4
3853,GNPDA1
3854,PCDH12
3855,SKP1
3856,NUP155
3857,PPP2CA
3858,FGF1
3859,NR3C1
3860,C5orf15
3861,PPWD1
3862,LIFR
3863,TRIM23
3864,TRAPPC13
3865,C9
3866,SEC24A
3867,TXNDC15
3868,TTC33
3869,WWC1
3870,TCERG1
3871,DPYSL3
3872,SMAD5
3873,CSNK1A1
3874,HMGXB3
3875,ERGIC1
3876,PDGFRB
3877,CDX1
3878,ATP6V0E1
3879,BNIP1
3880,STC2
3881,CPEB4
3882,HRH2
3883,DBN1
3884,ZNF346
3885,UNC5A
3886,EHHADH
3887,CNTN3
3888,SMC4
3889,ACTR8
3890,TBCCD1
3891,TIMMDC1
3892,CRBN
3893,KNG1
3894,HRG
3895,BCL6
3896,HGD
3897,CLDN16
3898,ARL6
3899,NPHP3
3900,CD86
3901,AMOTL2
3902,NIT2
3903,FAM162A
3904,OGG1
3905,KPNA1
3906,PCCB
3907,UBE3A
3908,ARMC8
3909,CEP70
3910,RBP2
3911,RBP1
3912,SLC25A36
3913,GRK7
3914,RNF7
3915,TFDP2
3916,XRN1
3917,KAT2B
3918,BCHE
3919,SERPINI2
3920,PDCD10
3921,LRRC31
3922,WNT5A
3923,PFKFB4
3924,COL7A1
3925,FGF12
3926,PRKAR2A
3927,HES1
3928,USP4
3929,ACAP2
3930,ECT2
3931,GNAT1
3932,GNAI2
3933,TFG
3934,USP9Y
3935,HYAL1
3936,TUSC2
3937,NPRL2
3938,RPL24
3939,CYB561D2
3940,FXR1
3941,CBLB
3942,BBX
3943,IFT57
3944,GNB4
3945,HHLA2
3946,GBE1
3947,MORC1
3948,UMPS
3949,NCBP2
3950,SNX4
3951,C3orf52
3952,FRMD4B
3953,SLC41A3
3954,ROPN1B
3955,PLXNA1
3956,ATP6V1A
3957,ABTB1
3958,PODXL2
3959,UPK1B
3960,CSPG5
3961,KLHL18
3962,SCAP
3963,EFCC1
3964,NEK11
3965,MRPL3
3966,PLSCR4
3967,HEMK1
3968,CISH
3969,MAPKAPK3
3970,ACVR2B
3971,WDR48
3972,COMMD2
3973,GORASP1
3974,PEX5L
3975,RRP9
3976,ABCC5
3977,AADAC
3978,ABHD14B
3979,EIF1B
3980,ABHD14A-ACY1
3981,KLHL24
3982,PLCH1
3983,VIPR1
3984,DNAH1
3985,SSR3
3986,ZBTB47
3987,TNNC1
3988,NKTR
3989,CLCN2
3990,FOXP1
3991,EIF4G1
3992,SPCS1
3993,NEK4
3994,SLC4A3
3995,EEF1B2
3996,ADAM23
3997,DGUOK
3998,MOB1A
3999,KANSL3
4000,LMAN2L
4001,RTKN
4002,TTL
4003,IL1A
4004,CCL20
4005,PIKFYVE
4006,KCNIP3
4007,NCL
4008,SLC35F5
4009,ZAP70
4010,ACTR3
4011,STEAP3
4012,EPB41L5
4013,TFCP2L1
4014,SF3B6
4015,TP53I3
4016,DNAJC27
4017,POMC
4018,STAM2
4019,OTOF
4020,GPD2
4021,CENPA
4022,CYTIP
4023,ACVR1
4024,TANC1
4025,SLC30A3
4026,MPV17
4027,GTF3C2
4028,EIF2B4
4029,NRBP1
4030,ITGB6
4031,FNDC4
4032,ITGA4
4033,PSMD14
4034,SNX17
4035,ASB3
4036,PPM1G
4037,PDE1A
4038,REEP6
4039,PCSK4
4040,GCG
4041,APC2
4042,IFIH1
4043,RPS15
4044,GCA
4045,INO80B
4046,MOGS
4047,TTC31
4048,NDUFS7
4049,PCGF1
4050,GRB14
4051,CLIP4
4052,TLX2
4053,SPTBN1
4054,AUP1
4055,RTN4
4056,HTRA2
4057,LOXL3
4058,DOK1
4059,GALNT3
4060,POLE4
4061,TACR1
4062,CCDC88A
4063,ACADL
4064,EVA1A
4065,MRPL19
4066,LANCL1
4067,WDR75
4068,EFEMP1
4069,REG1A
4070,FANCL
4071,FN1
4072,STAT1
4073,GLS
4074,PAPOLG
4075,DNAH6
4076,PECR
4077,UNC50
4078,IGFBP2
4079,ELMOD3
4080,IGFBP5
4081,USP34
4082,EFHD1
4083,CCT4
4084,GGCX
4085,EHBP1
4086,OTX1
4087,TXNDC9
4088,COQ10B
4089,GNLY
4090,SF3B1
4091,ST3GAL5
4092,CHST10
4093,PDCL3
4094,MOB4
4095,HSPE1
4096,KDM3A
4097,PLCD4
4098,CHMP3
4099,ZNF142
4100,IL1R2
4101,SMYD1
4102,IL1R1
4103,WNT6
4104,IL1RL2
4105,IL1RL1
4106,IL18R1
4107,IL18RAP
4108,SLC9A2
4109,FHL2
4110,MLPH
4111,CNPPD1
4112,UXS1
4113,ABCB6
4114,STK16
4115,SLC5A7
4116,HDLBP
4117,PPP1R7
4118,PASK
4119,STK25
4120,TPO
4121,PROC
4122,ID2
4123,TAF1B
4124,HPCAL1
4125,ODC1
4126,BIRC6
4127,NOL10
4128,PLEKHB2
4129,GORASP2
4130,STRN
4131,CEBPZ
4132,PRKD3
4133,DCAF17
4134,QPCT
4135,RAB3GAP1
4136,SLC25A12
4137,RMDN2
4138,DLX2
4139,SRSF7
4140,SDC1
4141,PLCL1
4142,SLC1A4
4143,SOS1
4144,KYNU
4145,WIPF1
4146,ORC2
4147,COX7A2L
4148,PNO1
4149,ORC4
4150,PLEK
4151,RND3
4152,ATF2
4153,THADA
4154,AAK1
4155,TRAK2
4156,C2orf42
4157,TIA1
4158,PCYOX1
4159,KISS1R
4160,EPAS1
4161,ARID3A
4162,SUMO1
4163,CD207
4164,GRIN3B
4165,VAX2
4166,ATP6V1B1
4167,NFE2L2
4168,MSH6
4169,PLEKHA3
4170,SPR
4171,EPHA4
4172,PARD3B
4173,FARSB
4174,ALMS1
4175,BCL9
4176,PRRX1
4177,DHCR24
4178,DNAJC16
4179,MARK1
4180,TNR
4181,MORN1
4182,GPX7
4183,CACYBP
4184,SCP2
4185,TPSG1
4186,PAPPA2
4187,RALGPS2
4188,ANGPTL1
4189,CEP104
4190,FAM20B
4191,TCEANC2
4192,TMEM59
4193,LRRC42
4194,WRAP73
4195,MRPL37
4196,ICMT
4197,RPL22
4198,CHD5
4199,QSOX1
4200,STXBP3
4201,PHF13
4202,ERRFI1
4203,PARK7
4204,OPRD1
4205,AMPD2
4206,SRSF4
4207,MECR
4208,KCNC4
4209,EDEM3
4210,WDR77
4211,RAP1A
4212,HDAC1
4213,CAPZA1
4214,S100PBP
4215,RNF19B
4216,SCAMP3
4217,TRIM62
4218,ASH1L
4219,DLGAP3
4220,SFPQ
4221,RHOU
4222,GON4L
4223,ARHGEF2
4224,LAMTOR2
4225,DOCK7
4226,SRM
4227,FBXO2
4228,FBXO6
4229,C1orf21
4230,SWT1
4231,MAD2L2
4232,DNAJC6
4233,LEPR
4234,IVNS1ABP
4235,KIAA2013
4236,MFN2
4237,PRG4
4238,MIIP
4239,SMG7
4240,NCF2
4241,SLC35D1
4242,PLA2G4A
4243,GADD45A
4244,WLS
4245,PRDM2
4246,RGS2
4247,RPE65
4248,AMPD1
4249,UCHL5
4250,BCAS2
4251,SRSF11
4252,CTH
4253,AGMAT
4254,OLFML3
4255,TNNI3K
4256,CFHR3
4257,PLEKHM2
4258,CRYZ
4259,PHTF1
4260,ZBTB17
4261,CD58
4262,TFAP2E
4263,CD2
4264,TTF2
4265,NR5A2
4266,KIF21B
4267,TMEM9
4268,MAP7D1
4269,WARS2
4270,HAO2
4271,OSCP1
4272,MRPS15
4273,EXOC8
4274,GNPAT
4275,TSNAX
4276,RRAGC
4277,NID1
4278,LGALS8
4279,HPCAL4
4280,MTR
4281,BMP8B
4282,MYCL
4283,SIPA1L2
4284,RLF
4285,KMO
4286,ZNF684
4287,KCNQ4
4288,RIMS3
4289,AKT3
4290,ETV3
4291,ACADM
4292,ST6GALNAC5
4293,SLAMF1
4294,CD48
4295,ADGRL2
4296,PADI2
4297,SDHB
4298,MFAP2
4299,RPF1
4300,KDM5B
4301,UAP1
4302,ACTL8
4303,CTBS
4304,RGS4
4305,KLHL12
4306,IGSF21
4307,SSX2IP
4308,ZNHIT6
4309,PLA2G2D
4310,RBBP5
4311,GBP3
4312,GBP1
4313,PINK1-AS
4314,KIF17
4315,GPR89A
4316,CDK18
4317,RAB29
4318,CD160
4319,ECE1
4320,HMGCL
4321,GALE
4322,ID3
4323,CR2
4324,CD46
4325,PRPF3
4326,APH1A
4327,P3H1
4328,SLC2A1
4329,EBNA1BP2
4330,CDC20
4331,ARTN
4332,IPO13
4333,ATP6V0B
4334,B4GALT2
4335,ERI3
4336,PTCH2
4337,AKR1A1
4338,PRDX1
4339,PIK3R3
4340,TSPAN1
4341,BLZF1
4342,CCDC181
4343,SLC19A2
4344,FAAH
4345,NSUN4
4346,TMED5
4347,DR1
4348,CNN3
4349,PRRC2C
4350,F3
4351,ABCD3
4352,VAMP4
4353,DPH5
4354,FASLG
4355,PTBP2
4356,TNFSF4
4357,PRDX6
4358,DARS2
4359,HSD11B1
4360,IRF6
4361,PLPPR5
4362,PLPPR4
4363,SERPINC1
4364,RCAN3
4365,SYF2
4366,RSRP1
4367,SLC35A3
4368,RCOR3
4369,STMN1
4370,MTFR1L
4371,MAN1C1
4372,NEK2
4373,DHDDS
4374,NENF
4375,NSL1
4376,PROX1
4377,ARID1A
4378,CENPF
4379,RPA2
4380,PPP1R8
4381,STX12
4382,SLC5A9
4383,OSBPL9
4384,TXNDC12
4385,ESYT2
4386,RCN2
4387,CHRNB4
4388,MUC5B
4389,CTSD
4390,COLEC11
4391,STAG1
4392,A4GNT
4393,STK11
4394,KMT2A
4395,TREH
4396,IFT46
4397,MMP8
4398,APOA1
4399,ZNF541
4400,SLC8A2
4401,KPTN
4402,RPS25
4403,KIF14
4404,TNNT2
4405,DDX59
4406,CAMSAP2
4407,ATF6
4408,CRYGD
4409,MREG
4410,TNP1
4411,FASTKD2
4412,NRP2
4413,CREB1
4414,KLF7
4415,TTR
4416,B4GALT6
4417,C1orf54
4418,CA14
4419,ATP10B
4420,SPCS2
4421,USP35
4422,ELOVL4
4423,FILIP1
4424,HMGN3
4425,UBE3D
4426,CNR1
4427,SPACA1
4428,ANKRD13C
4429,SGIP1
4430,PHF3
4431,ADGB
4432,PLAGL1
4433,FBXO30
4434,TNFAIP3
4435,AKAP7
4436,RAB32
4437,MYB
4438,ALDH8A1
4439,SGK1
4440,RNF146
4441,ARG1
4442,TCF21
4443,PMFBP1
4444,FBXL5
4445,MED28
4446,SLC16A7
4447,VAMP8
4448,DCLRE1B
4449,MYL12B
4450,FOXO3
4451,ARMC2
4452,GHRH
4453,TGIF2
4454,CASQ2
4455,OLFM3
4456,PKD2
4457,ABCG2
4458,SPP1
4459,STBD1
4460,CCNI
4461,RARRES1
4462,MFSD1
4463,RAB3GAP2
4464,EEF2KMT
4465,PPL
4466,UBN1
4467,KLF12
4468,UCHL3
4469,PCDH17
4470,HS1BP3
4471,LDAH
4472,WDR35
4473,CCND2
4474,FGF23
4475,ELL2
4476,DNAH7
4477,CYP20A1
4478,NDUFB3
4479,GTF3C3
4480,SATB2
4481,UBE2B
4482,TRPM6
4483,GDA
4484,KLF9
4485,TJP2
4486,ITGB1BP1
4487,CPSF3
4488,PIGZ
4489,SENP5
4490,CCDC92
4491,C1orf198
4492,TRIM67
4493,HEATR1
4494,PTBP3
4495,RAD23B
4496,FKBP15
4497,CTNNAL1
4498,SET
4499,GLE1
4500,RAB14
4501,CNTRL
4502,TRIM32
4503,FBXW2
4504,PHF19
4505,NEK6
4506,BSPRY
4507,PPP6C
4508,NDUFA8
4509,HDHD3
4510,RBM18
4511,SLC46A2
4512,HSDL2
4513,MAPKAP1
4514,NR4A3
4515,INVS
4516,GALNT12
4517,DENND1A
4518,ALG2
4519,CSF3R
4520,KDSR
4521,VPS4B
4522,ONECUT2
4523,C19orf25
4524,ZBTB45
4525,YLPM1
4526,DCAF4
4527,PROX2
4528,FCF1
4529,PGF
4530,IFI27L2
4531,BBOF1
4532,NEK9
4533,ACYP1
4534,IFT43
4535,NPC2
4536,DNAL1
4537,IRF2BPL
4538,ACOT2
4539,LTBP2
4540,AREL1
4541,MLH3
4542,TTLL5
4543,FLVCR2
4544,ABCD4
4545,DLST
4546,PPP4R4
4547,TGFB3
4548,ZC2HC1C
4549,SLIRP
4550,RBM25
4551,ALDH6A1
4552,GPR68
4553,ESRRB
4554,EIF2B2
4555,NRDE2
4556,COQ6
4557,ZNF410
4558,RHOQ
4559,GPR75
4560,SUPT7L
4561,KLHL29
4562,DNMT3A
4563,TMEM214
4564,ATAD2B
4565,FKBP1B
4566,ATL2
4567,YPEL5
4568,FAM98A
4569,YIPF4
4570,AFTPH
4571,LGALSL
4572,CNRIP1
4573,BCL11A
4574,CRIPT
4575,EPCAM
4576,SLC17A5
4577,OGFRL1
4578,SLF2
4579,IDE
4580,TECTB
4581,ELOVL3
4582,IFIT3
4583,NKX2-3
4584,IFIT2
4585,GPAM
4586,CUTC
4587,PPP1R3C
4588,PYROXD2
4589,CNNM1
4590,MXI1
4591,SMNDC1
4592,C10orf88
4593,HELLS
4594,PRLHR
4595,TCTN3
4596,AVPI1
4597,WDR11
4598,KCNIP2
4599,CFAP58
4600,GOT1
4601,CPN1
4602,C10orf95
4603,SFRP5
4604,GNA13
4605,HOXB8
4606,HOXB5
4607,HOXB3
4608,HOXB1
4609,DUSP1
4610,PANK3
4611,MSX2
4612,TEK
4613,RCL1
4614,CAAP1
4615,EQTN
4616,MOB3B
4617,INSL6
4618,INSL4
4619,MLANA
4620,CD274
4621,GRIA2
4622,NUP43
4623,MTHFD1L
4624,LRP11
4625,CCDC170
4626,PCMT1
4627,PLEKHG1
4628,MYCT1
4629,CYSTM1
4630,WDR55
4631,ARAP3
4632,PCDHB8
4633,PCDHB10
4634,PCDHB14
4635,SLC25A2
4636,TNN
4637,MRPS14
4638,CENPL
4639,TNFSF18
4640,SEC16B
4641,GORAB
4642,GPR31
4643,ACAT2
4644,TCP1
4645,SNX19
4646,KCNJ5
4647,MSANTD2
4648,TP53AIP1
4649,TEX11
4650,PDZD11
4651,SLC10A7
4652,NUDCD1
4653,ENY2
4654,MASTL
4655,KIAA1217
4656,LYZL1
4657,PLXDC2
4658,EPC1
4659,IQSEC3
4660,CCDC77
4661,TAF12
4662,ENOX1
4663,TNFSF11
4664,MTRF1
4665,SOHLH2
4666,DNAJC15
4667,PROSER1
4668,UFM1
4669,WBP4
4670,ELF1
4671,SMAD9
4672,HSPH1
4673,KBTBD7
4674,ALG5
4675,EXOSC8
4676,ETF1
4677,TGFBI
4678,FAM53C
4679,SIL1
4680,PAIP2
4681,KDM3B
4682,EGR1
4683,SERP1
4684,PLS1
4685,ZFP30
4686,NR2C1
4687,UTP20
4688,TMPO
4689,ARL1
4690,GLT8D2
4691,MTERF2
4692,SOCS2
4693,NFYB
4694,APAF1
4695,DUSP4
4696,CLU
4697,TNFRSF10B
4698,SORBS3
4699,PTK2B
4700,CHRNA2
4701,ADRA1A
4702,PPP3CC
4703,PDLIM2
4704,EPHX2
4705,RNF170
4706,NPPB
4707,UBIAD1
4708,TARDBP
4709,TNFRSF8
4710,ZNF706
4711,LYPLA1
4712,CRISPLD1
4713,COPS5
4714,RDH10
4715,EPX
4716,AKAP1
4717,COIL
4718,TRIM25
4719,SCPEP1
4720,SPOP
4721,TBX2
4722,SLC35B1
4723,TBX4
4724,TEX14
4725,FAM117A
4726,NCAPH
4727,LRAT
4728,MND1
4729,TRIM6
4730,ABCC11
4731,ADCY7
4732,CEP89
4733,TSHZ3
4734,ECHDC2
4735,PLBD1
4736,PRB2
4737,PYROXD1
4738,IAPP
4739,KCNJ8
4740,BCL2L14
4741,PSPC1
4742,ZNF549
4743,A1BG
4744,ZSCAN18
4745,ZNF211
4746,PDZRN3
4747,RGSL1
4748,LHX4
4749,RNF2
4750,TRMT1L
4751,SEC22A
4752,CSTA
4753,DPPA4
4754,POPDC2
4755,B4GALT4
4756,NAA50
4757,CD80
4758,KIF18A
4759,GJA8
4760,DESI2
4761,MAPK8IP1
4762,CRY2
4763,PEX16
4764,DEPDC7
4765,CAT
4766,PILRB
4767,ZMYM2
4768,GJB6
4769,GJA3
4770,TBC1D15
4771,ADGRB2
4772,ZCCHC17
4773,FABP3
4774,KHDRBS1
4775,TMEM39B
4776,CCRL2
4777,CCR2
4778,POLR3GL
4779,TNFSF10
4780,ZNF639
4781,SLITRK3
4782,PIK3CA
4783,PDS5A
4784,TMEM156
4785,LIAS
4786,CPXM2
4787,TMEM54
4788,ZSCAN20
4789,CSMD2
4790,HPCA
4791,LRIF1
4792,TMIGD3
4793,CLCC1
4794,GPSM2
4795,CXCR4
4796,ZRANB3
4797,ACVR2A
4798,POLK
4799,SV2C
4800,FLT3
4801,RPL21
4802,MTIF3
4803,GTF3A
4804,RASL11A
4805,UBL3
4806,FYTTD1
4807,MTERF4
4808,XPNPEP2
4809,SASH3
4810,OCRL
4811,PAEP
4812,OBP2A
4813,MRPS2
4814,FMOD
4815,LAX1
4816,PLG
4817,KIAA1191
4818,COPA
4819,CD244
4820,LY9
4821,HS3ST2
4822,RBBP6
4823,ZC3H7A
4824,PRM2
4825,SERAC1
4826,ANXA11
4827,LDB3
4828,ZNF205
4829,NAA60
4830,RPL5
4831,ODF2L
4832,PTGFR
4833,TRMT13
4834,LRRC39
4835,RWDD3
4836,ZNF644
4837,CCDC18
4838,RPAP2
4839,BBS9
4840,PMS2
4841,ZMIZ2
4842,OCM
4843,EEPD1
4844,KLHL7
4845,HERPUD2
4846,CBX3
4847,HNRNPA2B1
4848,WIPF3
4849,NXPH1
4850,NPY
4851,HOXA7
4852,INHBA
4853,FKBP9
4854,NT5C3A
4855,ARL4A
4856,CCZ1
4857,POLM
4858,RAMP3
4859,TWIST1
4860,SMU1
4861,GLIPR2
4862,SLC25A51
4863,CLTA
4864,RECK
4865,SPINK4
4866,TAF1L
4867,ACO1
4868,PHF24
4869,DNAI1
4870,DCAF10
4871,CNTFR
4872,KIAA1549
4873,TRIM24
4874,CALD1
4875,AKR1D1
4876,NUDT10
4877,NEUROG3
4878,PLAU
4879,SRGN
4880,CHST3
4881,BICC1
4882,CISD1
4883,EGR2
4884,ECD
4885,P4HA1
4886,SLC25A16
4887,ZWINT
4888,VPS26A
4889,RBM19
4890,CIT
4891,IFT81
4892,ACADS
4893,HVCN1
4894,DDX54
4895,MED13L
4896,CDKN2C
4897,RNF11
4898,RASSF8
4899,BHLHE41
4900,SSPN
4901,ITPR2
4902,CCDC91
4903,NECAB1
4904,WWP1
4905,ACOT9
4906,PRDX4
4907,DDX39A
4908,PKN1
4909,ADGRE5
4910,WDR83
4911,GIPC1
4912,SPRYD7
4913,EBPL
4914,ATP7B
4915,ZC3H13
4916,NLN
4917,CENPK
4918,OPTN
4919,ITIH5
4920,ATF1
4921,TSFM
4922,NEUROD4
4923,ARHGAP9
4924,NCKAP1L
4925,MMP19
4926,PFDN5
4927,SPATS2
4928,ORMDL2
4929,NR4A1
4930,PDE1B
4931,HOXC13
4932,CDK2
4933,LRP1
4934,HOXC11
4935,ATG101
4936,NFE2
4937,HOXC12
4938,IKZF4
4939,SMUG1
4940,TUBA1B
4941,KBTBD4
4942,SARDH
4943,DBH
4944,ATPAF1
4945,STIL
4946,HJURP
4947,IL13RA2
4948,COL10A1
4949,AMD1
4950,NDUFAF4
4951,USP45
4952,PLP1
4953,SERPINA7
4954,MORF4L2
4955,RAB9B
4956,NRK
4957,FAM199X
4958,ESX1
4959,MAGEA9
4960,RAB9A
4961,METTL8
4962,TTC21B
4963,NMI
4964,TNFAIP6
4965,ACVR1C
4966,BAZ2B
4967,SLC36A1
4968,LPGAT1
4969,BATF3
4970,G0S2
4971,KCNJ2
4972,RAP2C
4973,EXOSC9
4974,PLA2G12A
4975,B9D2
4976,PFKFB2
4977,C4BPA
4978,C4BPB
4979,RAB38
4980,GPR83
4981,AGO2
4982,MXD4
4983,CKS2
4984,DAW1
4985,ACSL3
4986,CHPF
4987,DNPEP
4988,INHA
4989,MOGAT1
4990,OBSL1
4991,FAM124B
4992,SLC12A4
4993,ENKD1
4994,CTCFL
4995,FAM210B
4996,PI3
4997,FAM209A
4998,SNX21
4999,SLPI
5000,WFDC3
5001,TTPAL
5002,PREX1
5003,KCNS1
5004,SLC12A5
5005,ARHGAP40
5006,SDC4
5007,NCOA3
5008,PIGT
5009,MATN4
5010,NCOA5
5011,VAPB
5012,PARD6B
5013,CHD6
5014,PLCG1
5015,TOX2
5016,SRSF6
5017,GDAP1L1
5018,GTSF1L
5019,ARFGEF2
5020,ZNFX1
5021,ZNF831
5022,EDN3
5023,CSE1L
5024,RAB22A
5025,PTGIS
5026,STAU1
5027,CDH26
5028,SNAI1
5029,MOCS3
5030,STX16
5031,PMEPA1
5032,RNF114
5033,DDX27
5034,RBPJL
5035,SEMG1
5036,BCAS4
5037,KCNK15
5038,TP53TG5
5039,PCK1
5040,ZBP1
5041,NEURL2
5042,MAGEA10
5043,MTRR
5044,FASTKD3
5045,PEPD
5046,CHST8
5047,IQSEC2
5048,VAMP7
5049,XG
5050,STAMBP
5051,NAGK
5052,MCEE
5053,PAIP2B
5054,SNRNP27
5055,MPHOSPH10
5056,IL17C
5057,ATP8A1
5058,USP22
5059,POF1B
5060,HIF3A
5061,ZNF576
5062,ZNF45
5063,LYPD3
5064,PSG8
5065,CEACAM8
5066,NDP
5067,USP9X
5068,CRISP2
5069,F13A1
5070,GRM4
5071,TRERF1
5072,PACSIN1
5073,BTN2A2
5074,SIRT5
5075,MRS2
5076,WRNIP1
5077,RRP36
5078,SNRPC
5079,SLC17A3
5080,SLC17A1
5081,SERPINB6
5082,XPO5
5083,ABCC10
5084,PEX6
5085,NQO2
5086,OARD1
5087,UNC5CL
5088,AARS2
5089,ZNF391
5090,RPS10
5091,MOCS1
5092,MED20
5093,OR2B6
5094,TBCC
5095,SPDEF
5096,TCP11
5097,MAD2L1BP
5098,APOBEC2
5099,KLHDC3
5100,GNMT
5101,DNAH8
5102,TREM1
5103,MEA1
5104,KLHL31
5105,COL21A1
5106,CDKN1A
5107,SOX4
5108,GLO1
5109,CPNE5
5110,KCNK17
5111,RREB1
5112,SSR1
5113,RIOK1
5114,NRN1
5115,SLC35B3
5116,RPP40
5117,ATXN1
5118,NUP153
5119,DEK
5120,EEF1E1
5121,CRISP1
5122,RUNX2
5123,LRRFIP1
5124,RAB17
5125,CXCL6
5126,EREG
5127,MYRF
5128,SCGB1D2
5129,SCGB2A1
5130,AHNAK
5131,EMC3
5132,SSUH2
5133,WNT1
5134,SH3TC1
5135,CNOT1
5136,BBS2
5137,MT1G
5138,MT2A
5139,GOT2
5140,DOK4
5141,PIWIL1
5142,GPR18
5143,CLYBL
5144,TMTC4
5145,RAP2A
5146,ABCC4
5147,EFNB2
5148,SOX21
5149,TM9SF2
5150,KIF25
5151,IRF1
5152,UPF3B
5153,RNF113A
5154,TMEM255A
5155,NDUFA1
5156,BMP4
5157,PTGER2
5158,FAM193A
5159,GRK4
5160,SOX9
5161,TEKT3
5162,MYH2
5163,HS3ST3B1
5164,SLC25A35
5165,MRPS7
5166,GGA3
5167,ARMC7
5168,NUP85
5169,SLC25A19
5170,MIF4GD
5171,NT5C
5172,MSTO1
5173,TTF1
5174,GTF3C4
5175,DDX31
5176,PPP1R12C
5177,SRMS
5178,SLC2A4RG
5179,PPDPF
5180,IL1B
5181,PLGLB2
5182,IL37
5183,CHCHD5
5184,PAX8
5185,INSIG2
5186,POLR1B
5187,CCDC93
5188,PSD4
5189,SLC25A23
5190,PSPN
5191,GTF2F1
5192,ALKBH7
5193,CLPP
5194,TNFSF9
5195,GRIA3
5196,THOC2
5197,MED1
5198,RPL23
5199,ATG4C
5200,CD70
5201,C3
5202,SH2D3A
5203,TRIP10
5204,GPR108
5205,TNFSF14
5206,FOSB
5207,OPA3
5208,SNRPD2
5209,RTN2
5210,EML2
5211,VASP
5212,SYMPK
5213,GPCPD1
5214,SDCBP2
5215,PANK2
5216,TGM3
5217,GNRH2
5218,DEFB126
5219,FOXA2
5220,CD93
5221,GZF1
5222,NAPB
5223,CST8
5224,NKX2-4
5225,CENPB
5226,PSMF1
5227,NKX2-2
5228,DTD1
5229,CSTL1
5230,RBCK1
5231,TMX4
5232,CST11
5233,STK35
5234,SNRPB
5235,NRSN2
5236,AP5S1
5237,RRBP1
5238,BMP2
5239,ZNF133
5240,FLRT3
5241,OVOL2
5242,PCSK2
5243,GFRA4
5244,MKKS
5245,BFSP1
5246,DSTN
5247,LAMP5
5248,SNRPB2
5249,MGME1
5250,LRRN4
5251,TBC1D20
5252,ITPA
5253,TCF15
5254,OTOR
5255,MCM8
5256,BANF2
5257,TMEM74B
5258,FAM110A
5259,SIRPD
5260,MRPS26
5261,S1PR4
5262,NCLN
5263,CITED1
5264,ZNF436
5265,MAX
5266,CHURC1-FNTB
5267,ARMCX5
5268,GDF5
5269,MMP24
5270,NECAB3
5271,ID1
5272,RALY
5273,DYNLRB1
5274,EIF2S2
5275,ERGIC3
5276,ROMO1
5277,FAM83C
5278,BPIFB1
5279,CEP250
5280,PLAGL2
5281,GRPR
5282,KDM5C
5283,AMOT
5284,TMEM115
5285,PSMB2
5286,AGO3
5287,UROD
5288,ST3GAL3
5289,TMEM53
5290,HECTD3
5291,KLC1
5292,XRCC3
5293,TUBGCP3
5294,MCF2L
5295,F10
5296,PCID2
5297,PROZ
5298,SLURP1
5299,LRFN3
5300,IGFLR1
5301,CAPNS1
5302,PDCD2L
5303,GPR42
5304,RBM42
5305,KIRREL2
5306,UBA2
5307,FFAR2
5308,HCST
5309,FFAR1
5310,COX6B1
5311,KRT36
5312,THRA
5313,CCR7
5314,NR1D1
5315,FRMD8
5316,PRDX5
5317,BCL2L12
5318,IRF3
5319,PRMT1
5320,RRAS
5321,PRRG2
5322,SCAF1
5323,PRR12
5324,TSKS
5325,FLRT1
5326,ASL
5327,SBDS
5328,CSN1S1
5329,HTN1
5330,STAT5A
5331,WNK4
5332,BECN1
5333,PRKCG
5334,TRAP1
5335,GLIS2
5336,NSRP1
5337,DNAJC8
5338,AHDC1
5339,IFI6
5340,ZNF384
5341,EMG1
5342,SSX1
5343,UXT
5344,CFP
5345,ELK1
5346,ATG14
5347,KTN1
5348,SIX1
5349,RHOJ
5350,DLGAP5
5351,L3HYPDH
5352,HSPA2
5353,ZBTB1
5354,TRMT5
5355,PLEKHG3
5356,PZP
5357,PRDM7
5358,RHOT1
5359,EVI2A
5360,AIF1L
5361,FAM78A
5362,NUP214
5363,CTAG2
5364,AVPR2
5365,SLC10A3
5366,MAP2K2
5367,HNRNPH2
5368,ARMCX1
5369,TIMM8A
5370,ZC4H2
5371,RGS13
5372,IPPK
5373,ZNF484
5374,OMD
5375,FGD3
5376,HIVEP3
5377,PPCS
5378,EDN2
5379,BCL11B
5380,COX7C
5381,TRAF2
5382,ABHD8
5383,MASP1
5384,ATP13A4
5385,HELB
5386,RAP1B
5387,IL22
5388,TSPAN8
5389,BEST3
5390,RAB3IP
5391,PTPRB
5392,DYRK2
5393,YEATS4
5394,TAS2R4
5395,TAS2R5
5396,CRYGN
5397,LRRC61
5398,TRPV5
5399,IDUA
5400,FGFRL1
5401,TMEM175
5402,AUNIP
5403,PIN1
5404,FBXL12
5405,EMC1
5406,PLA2G5
5407,UBR4
5408,HP1BP3
5409,ADGRE2
5410,SIN3B
5411,SLC35E1
5412,EPS15L1
5413,KLF2
5414,OR7C1
5415,F2RL3
5416,UQCR11
5417,GFER
5418,SYNGR3
5419,PKMYT1
5420,WFIKKN1
5421,WDR24
5422,FBXL16
5423,CHTF18
5424,GNG13
5425,MACF1
5426,SMARCA4
5427,KDM4B
5428,TICAM1
5429,METTL25
5430,IL17B
5431,EMC6
5432,METTL16
5433,TUBA4A
5434,VIL1
5435,AAMP
5436,PNKD
5437,TNFRSF19
5438,RNF6
5439,ECHS1
5440,ZNF835
5441,AKAP9
5442,GNG11
5443,GNGT1
5444,HIP1
5445,PTPN12
5446,POR
5447,FGL2
5448,STYXL1
5449,STEAP4
5450,GNAI1
5451,PEX1
5452,MTERF1
5453,SGCE
5454,RBM48
5455,CASD1
5456,LRFN1
5457,ZFP36
5458,SRD5A3
5459,SPINK2
5460,RASL11B
5461,PAICS
5462,KDR
5463,PPAT
5464,TUBGCP6
5465,ADM2
5466,DGCR6L
5467,DGCR8
5468,ASPHD2
5469,VPREB3
5470,SDF2L1
5471,GAL3ST1
5472,YWHAH
5473,RFPL1
5474,RFPL2
5475,GNAZ
5476,MGAT3
5477,ADORA2A
5478,ATF4
5479,A4GALT
5480,CDC42EP1
5481,APOL3
5482,MCHR1
5483,TPST2
5484,BAIAP2L2
5485,MPST
5486,GALR3
5487,TST
5488,IGLL1
5489,APOL2
5490,RAC2
5491,LIF
5492,C22orf23
5493,APOBEC3F
5494,RIBC2
5495,KRT17
5496,EMC4
5497,RNF112
5498,SPECC1
5499,CPA4
5500,DOCK4
5501,POT1
5502,ATP6V1F
5503,LSM8
5504,CDHR3
5505,PRKRIP1
5506,VGF
5507,PODXL
5508,FOXP2
5509,STRIP2
5510,IFT22
5511,MKLN1
5512,DNAJB9
5513,FLNC
5514,LRRC4
5515,CALU
5516,CCDC136
5517,SMO
5518,IRF5
5519,LRRC17
5520,KLHDC10
5521,NDUFA5
5522,FEZF1
5523,MRPS12
5524,MYO1B
5525,HOXD1
5526,HOXD3
5527,MTX2
5528,PDE11A
5529,CHN1
5530,GAD1
5531,OSGEPL1
5532,ORMDL1
5533,HOXD9
5534,HOXD10
5535,HOXD11
5536,HOXD13
5537,SNRPN
5538,PSMG2
5539,TWSG1
5540,ARHGAP22
5541,WDFY4
5542,EIF2AK4
5543,MYO5C
5544,CGNL1
5545,TMOD2
5546,TTBK2
5547,ELL3
5548,INO80
5549,ICE2
5550,DLL4
5551,ALDH1A2
5552,IVD
5553,KNSTRN
5554,DUT
5555,CHAC1
5556,CLN6
5557,ARPP19
5558,VPS13C
5559,CALML4
5560,ISLR
5561,THAP10
5562,LOXL1
5563,ACKR4
5564,ANAPC13
5565,MBD4
5566,COPB1
5567,PSMA1
5568,SUMF2
5569,PALLD
5570,SPCS3
5571,BBOX1
5572,MYOD1
5573,SERGEF
5574,KCNC1
5575,TPH1
5576,CSRP3
5577,E2F8
5578,DCTD
5579,SOX15
5580,RPAIN
5581,USP6
5582,SHBG
5583,PLD2
5584,AIPL1
5585,CD68
5586,TXNDC17
5587,ATP1B2
5588,FXR2
5589,KIF1C
5590,MPDU1
5591,PHF20L1
5592,CCNT1
5593,PUS7L
5594,KRI1
5595,ILF3
5596,SLC44A2
5597,AP1M2
5598,CDKN2D
5599,MTUS1
5600,SIGLEC9
5601,KLK10
5602,KLK8
5603,NGDN
5604,ADCY4
5605,RAB2B
5606,BCL2L2
5607,AJUBA
5608,DTD2
5609,HEATR5A
5610,FOXA1
5611,SNX6
5612,EAPP
5613,EGLN3
5614,MIS18BP1
5615,RNASE1
5616,DAD1
5617,EPB41L4A
5618,CDO1
5619,REEP5
5620,ITFG1
5621,QRICH2
5622,FOXJ1
5623,SEC14L1
5624,RHBDF2
5625,AANAT
5626,ARHGEF6
5627,MAP7D3
5628,FGF13
5629,ASH2L
5630,TTI2
5631,CHRNA10
5632,RPS4Y1
5633,VCY
5634,CDH15
5635,KLF16
5636,DOHH
5637,MAU2
5638,SHC2
5639,INS-IGF2
5640,ABHD17A
5641,LBP
5642,SYT5
5643,TNNI3
5644,CBFA2T3
5645,GAMT
5646,PUDP
5647,ERMARD
5648,PHF10
5649,PRRG3
5650,GALNT8
5651,KCNA5
5652,CRACR2A
5653,NXNL2
5654,STARD8
5655,GDPD2
5656,SAT1
5657,GNL3L
5658,SH3BP4
5659,MOSPD2
5660,DOCK6
5661,ECSIT
5662,LDLR
5663,ELOF1
5664,TSPAN16
5665,ANGPTL8
5666,PRKCSH
5667,CNN1
5668,CDC16
5669,ZSCAN10
5670,THEM6
5671,APOE
5672,TOMM40
5673,APOC1
5674,GADD45G
5675,LRCH2
5676,DPP6
5677,XPO7
5678,ACE2
5679,FAM98C
5680,SAFB2
5681,RPL36
5682,ATP8B3
5683,NCAN
5684,KIF1A
5685,GTPBP3
5686,PLVAP
5687,BST2
5688,SLC27A1
5689,NSUN5
5690,USHBP1
5691,COLGALT1
5692,DDA1
5693,MRPL34
5694,PGLS
5695,LSM7
5696,TULP4
5697,SNX9
5698,RTN4IP1
5699,QRSL1
5700,RSPH3
5701,MAS1
5702,ACSBG2
5703,MLLT1
5704,FUT5
5705,STK33
5706,NDUFA10
5707,EPO
5708,ARPC1B
5709,CACNG6
5710,ZSWIM6
5711,FCHO1
5712,UNC13A
5713,MAP1S
5714,KLHDC7B
5715,PXDN
5716,SSBP4
5717,GDF15
5718,PGPEP1
5719,LSM4
5720,JUND
5721,HRC
5722,TRPM4
5723,SULT4A1
5724,ZNF557
5725,CRB3
5726,OLFM1
5727,CAMSAP1
5728,UBAC1
5729,SAG
5730,ZBTB46
5731,HELZ2
5732,SAMD10
5733,LSP1
5734,TNNI2
5735,COL5A1
5736,ATXN10
5737,TUBGCP2
5738,CALY
5739,CYP2E1
5740,PNPLA7
5741,HBZ
5742,PAK4
5743,MNX1
5744,ZNF337
5745,CEP85
5746,GATA5
5747,RBBP8NL
5748,LAMA5
5749,OSBPL2
5750,ADRM1
5751,ASS1
5752,PRDM12
5753,EXOSC2
5754,POMT1
5755,UCK1
5756,FIBCD1
5757,CHMP2A
5758,UBE2M
5759,TRIM28
5760,YIPF2
5761,ATG4D
5762,EIF2S3
5763,TMEM160
5764,ZC3H4
5765,NPAS1
5766,MAP3K10
5767,ARHGEF16
5768,LRRC47
5769,SMPDL3B
5770,MED18
5771,THEMIS2
5772,CLIP1
5773,CCDC62
5774,HIP1R
5775,ZNF317
5776,PPAN
5777,EIF3G
5778,ANGPTL6
5779,DNMT1
5780,ZNF426
5781,SLC6A8
5782,PNCK
5783,DKC1
5784,PLXNA3
5785,DUSP9
5786,MPP1
5787,ZNF331
5788,ZNF236
5789,SLC7A10
5790,LRP3
5791,NOL11
5792,UBE4B
5793,CASZ1
5794,PKDREJ
5795,HSD17B3
5796,HABP4
5797,FBP2
5798,SLC35D2
5799,PRRG1
5800,UBA1
5801,RGN
5802,POLN
5803,PPIL4
5804,ULBP2
5805,AKAP12
5806,SYNE1
5807,ULBP3
5808,LATS1
5809,EPS8L1
5810,AAR2
5811,TTLL9
5812,BPIFA2
5813,RBM39
5814,COX4I2
5815,ZNF341
5816,GGT7
5817,ACSS2
5818,EDA2R
5819,ARHGEF9
5820,C1QL1
5821,GFAP
5822,PYY
5823,HIGD1B
5824,ATP6V1E1
5825,ZNF227
5826,ZNF428
5827,TEX101
5828,ZNF141
5829,CCL25
5830,COX4I1
5831,EMC8
5832,GSE1
5833,GINS2
5834,CHMP1A
5835,SH3BGRL
5836,COX7B
5837,SLC34A1
5838,F12
5839,PRR7
5840,NFATC1
5841,IDO1
5842,CAP1
5843,PPT1
5844,RAB11FIP4
5845,RLIM
5846,ABCB7
5847,TRAF3
5848,HAUS8
5849,ADGRE3
5850,MRPS25
5851,SH3BP5
5852,HACL1
5853,TBC1D5
5854,CAPN7
5855,RFTN1
5856,C3orf20
5857,RBSN
5858,GALNT15
5859,SLC6A6
5860,KCNC3
5861,NAPSA
5862,NR1H2
5863,LRRC4B
5864,PDLIM4
5865,KIF3A
5866,MGAT1
5867,GFPT2
5868,TUBG1
5869,PSME3
5870,RPL27
5871,PSMC3IP
5872,AOC3
5873,ACLY
5874,VPS25
5875,RAMP2
5876,AOC2
5877,NDUFA2
5878,ANKHD1
5879,DIAPH1
5880,NDFIP1
5881,UBE2D2
5882,EXOC4
5883,ACAP3
5884,C1orf159
5885,ANO1
5886,TMEM204
5887,KREMEN2
5888,THOC6
5889,TRAF7
5890,BARX1
5891,NINJ1
5892,CA6
5893,NPHP4
5894,MAP1B
5895,RHOXF2
5896,IL13RA1
5897,WDR44
5898,CKMT2
5899,ZCCHC9
5900,TNS4
5901,TOP2A
5902,STARD3
5903,RARA
5904,PPP1R1B
5905,KHDRBS3
5906,CHD1L
5907,PEX11B
5908,FMO5
5909,PIAS3
5910,PRKAB2
5911,PDHA1
5912,RAI2
5913,ZNF304
5914,ZSCAN5A
5915,ZNF132
5916,USP29
5917,CHSY1
5918,SNRPA1
5919,LLGL1
5920,NR0B2
5921,LIN28A
5922,THAP1
5923,RHPN2
5924,C19orf12
5925,FAAP24
5926,LRRC9
5927,ACTR10
5928,ABHD12B
5929,GCH1
5930,LGALS3
5931,DNAJB1
5932,ZSWIM4
5933,FBXW9
5934,ZNF20
5935,DCAF15
5936,RTBDN
5937,MATN3
5938,TRIM21
5939,SPATA6
5940,LRRC41
5941,CCT6B
5942,DHX30
5943,RAF1
5944,SLC6A11
5945,PPARG
5946,NUP210
5947,FCRLA
5948,HSD17B7
5949,ENOSF1
5950,EMILIN2
5951,SLX1A
5952,ARFIP2
5953,TRIM5
5954,TRIM22
5955,RRP8
5956,TIMM10B
5957,EFR3A
5958,HHLA1
5959,PTCD3
5960,IMMT
5961,MRPL35
5962,ILKAP
5963,PER2
5964,RAMP1
5965,SCLY
5966,PTPRE
5967,RAN
5968,PRKAA1
5969,CARD6
5970,RAP1GAP2
5971,CLUH
5972,INPP5K
5973,MYBBP1A
5974,RPA1
5975,UBE2G1
5976,TBC1D14
5977,TMEM128
5978,COQ3
5979,PNISR
5980,POPDC3
5981,SEC61G
5982,LANCL2
5983,FIGNL1
5984,DDC
5985,FTHL17
5986,GRSF1
5987,ENAM
5988,JCHAIN
5989,ANKRD17
5990,UTP3
5991,ITGB4
5992,WBP2
5993,UNK
5994,TRIM47
5995,ZRANB2
5996,EIF5A
5997,KDM6B
5998,CLEC10A
5999,SLC52A1
6000,GUCY2D
6001,XAF1
6002,DLG4
6003,VPS13B
6004,RGS22
6005,MATN2
6006,REEP2
6007,PCBD2
6008,SDF2
6009,FLOT2
6010,ERAL1
6011,PRMT7
6012,NIP7
6013,TERF2
6014,VPS4A
6015,HSPA12B
6016,ANKEF1
6017,PCED1A
6018,SNAP25
6019,BTBD3
6020,PCNA
6021,NXT1
6022,POLR3F
6023,RIN2
6024,PTPRA
6025,DAP3
6026,RHBG
6027,ATP1A4
6028,NES
6029,BCAN
6030,CRP
6031,ARHGEF11
6032,RAB25
6033,APCS
6034,FCRL2
6035,DCAF8
6036,SYT11
6037,IGHMBP2
6038,ACY3
6039,ALDH3B2
6040,MMACHC
6041,DPH2
6042,TOE1
6043,NASP
6044,MUTYH
6045,CTNNBL1
6046,LPIN3
6047,ZSWIM3
6048,RBM38
6049,VSTM2L
6050,OSER1
6051,SERINC3
6052,PPP1R3D
6053,DMGDH
6054,BHMT2
6055,AP3B1
6056,ZBED3
6057,KANK4
6058,ANGPTL3
6059,SYT4
6060,SLC14A2
6061,FBXO44
6062,CASP9
6063,NMUR2
6064,DCTN4
6065,PDE6A
6066,ATP8A2
6067,MTUS2
6068,ZMYM5
6069,USPL1
6070,XPO4
6071,TPTE2
6072,POMP
6073,CDK8
6074,ALOX5AP
6075,WASF3
6076,RNF17
6077,GPR12
6078,CHRM3
6079,MYH8
6080,MYH10
6081,PEMT
6082,SCO1
6083,MPRIP
6084,CHI3L1
6085,MYBPH
6086,PIK3C2B
6087,DSTYK
6088,CHIT1
6089,SLC41A1
6090,LGR6
6091,TMCC2
6092,DCLK1
6093,CCNA1
6094,COG6
6095,EPSTI1
6096,TRPC4
6097,POSTN
6098,RFXAP
6099,TPT1
6100,GPALPP1
6101,KL
6102,RFC3
6103,STARD13
6104,MORC4
6105,BEX2
6106,RNF128
6107,TBC1D8B
6108,TCEAL4
6109,BEX1
6110,SLC39A11
6111,EPHB2
6112,SRRM1
6113,BTBD2
6114,PRAM1
6115,KMT5C
6116,ZNF414
6117,PDE6B
6118,HSPBP1
6119,CSNK1G2
6120,SLF1
6121,CNDP2
6122,MACROD1
6123,WDR74
6124,LGALS12
6125,RTN3
6126,MYH11
6127,PDZD2
6128,MORC2
6129,MYO18B
6130,C1QTNF6
6131,FAM83F
6132,SEC14L4
6133,GIMAP6
6134,GIMAP4
6135,ADCK2
6136,MKRN1
6137,AGAP3
6138,ACTR3B
6139,NTS
6140,BTG1
6141,LRRIQ1
6142,ATP13A3
6143,SFTPD
6144,DYDC2
6145,TMEM254
6146,TMTC1
6147,KRAS
6148,IPO8
6149,SPINK5
6150,IMPA1
6151,LRRCC1
6152,E2F5
6153,CA1
6154,CCDC59
6155,SWAP70
6156,LYVE1
6157,AMPD3
6158,SBF2
6159,MICAL2
6160,RRAS2
6161,HSD17B4
6162,ZFC3H1
6163,TEX15
6164,SARAF
6165,RNF122
6166,DUSP26
6167,DPF2
6168,MEN1
6169,GSC
6170,UNC79
6171,NUMB
6172,CATSPERB
6173,COX16
6174,TTC9
6175,MED6
6176,EIF2S1
6177,ADAM20
6178,LOXL2
6179,ELP3
6180,PEBP4
6181,ADAMDEC1
6182,CTIF
6183,MRO
6184,MBD2
6185,IER3IP1
6186,CCNB1
6187,CD180
6188,IRAK2
6189,CAMK1
6190,THUMPD3
6191,VHL
6192,BHLHE40
6193,ARL8B
6194,EDEM1
6195,CNTN6
6196,CHL1
6197,MEIS2
6198,DPH6
6199,KATNBL1
6200,EMC7
6201,GNAT2
6202,GSTM1
6203,PRPF38B
6204,REG4
6205,TSPAN2
6206,GSTM5
6207,GSTM3
6208,SYT6
6209,VAV3
6210,CHIA
6211,PSRC1
6212,HMGCS2
6213,PTPN22
6214,SORT1
6215,WNT2B
6216,PTGFRN
6217,LAMTOR5
6218,NOTCH2
6219,TRIM45
6220,CEPT1
6221,CD101
6222,VTCN1
6223,NGF
6224,AP4B1
6225,NAPG
6226,SPIRE1
6227,PPHLN1
6228,FKBP11
6229,ARF3
6230,TMEM106C
6231,SLC38A2
6232,YWHAQ
6233,KIDINS220
6234,GRHL1
6235,ROCK2
6236,RSAD2
6237,MYCN
6238,LPIN1
6239,CMPK2
6240,IAH1
6241,LDHA
6242,SAA2
6243,ANO3
6244,IL6ST
6245,FST
6246,CFHR4
6247,NAV1
6248,CDC73
6249,TIMM17A
6250,CRB1
6251,CFHR5
6252,ERN2
6253,RPS15A
6254,RAX
6255,GRP
6256,RBM17
6257,IL2RA
6258,ANKRD16
6259,ECHDC3
6260,IL15RA
6261,CCNH
6262,HRH4
6263,KCTD1
6264,CABLES1
6265,DOCK2
6266,EMP1
6267,SOX5
6268,RERG
6269,SLCO1B1
6270,KLRD1
6271,KLRC1
6272,SPX
6273,LRP4
6274,MYBPC3
6275,DDB2
6276,ACP2
6277,USP26
6278,RAB33A
6279,SOX3
6280,RBMX2
6281,STK26
6282,PIWIL4
6283,PUM1
6284,SPOCD1
6285,PHC2
6286,CDCA8
6287,GNL2
6288,AGO4
6289,HOOK1
6290,CYP2J2
6291,BTF3L4
6292,PRPF38A
6293,DSC2
6294,DSG3
6295,RNF138
6296,ELP2
6297,DSG1
6298,DSC3
6299,DTNA
6300,FHOD3
6301,TPGS2
6302,DAGLA
6303,SLC43A3
6304,TIMM10
6305,DHX34
6306,APLNR
6307,FADS2
6308,TMEM258
6309,TCN1
6310,C5AR2
6311,TMEM165
6312,CLOCK
6313,PDGFRA
6314,GGACT
6315,COL4A2
6316,CLDN10
6317,DZIP1
6318,UBAC2
6319,ARGLU1
6320,BIVM
6321,ERCC5
6322,TPP2
6323,CARS2
6324,ARHGAP32
6325,STT3A
6326,ADAMTS8
6327,ACRV1
6328,ETS1
6329,SLC37A2
6330,KLB
6331,TMED7
6332,APC
6333,NREP
6334,WDR36
6335,OSTF1
6336,RFK
6337,UBQLN1
6338,NAA35
6339,C9orf40
6340,ANXA1
6341,CTSL
6342,AGTPBP1
6343,GOLM1
6344,PSAT1
6345,ISCA1
6346,ADAM19
6347,HAVCR2
6348,CCNJL
6349,TAOK3
6350,USP30
6351,SDS
6352,MSI1
6353,HNF1A
6354,FBXO21
6355,TBX3
6356,OASL
6357,HRK
6358,RNFT2
6359,P2RX4
6360,DTX1
6361,TRAFD1
6362,DMTF1
6363,TMEM243
6364,CCDC146
6365,TMEM60
6366,CD36
6367,UGT2A3
6368,CSN2
6369,UGT2B28
6370,PNPLA8
6371,HILPDA
6372,RINT1
6373,SRPK2
6374,KCP
6375,TES
6376,MDFIC
6377,MTO1
6378,ADGRB3
6379,ANKRD6
6380,KHDC1
6381,CEP162
6382,SNX14
6383,NT5E
6384,MRAP2
6385,AKIRIN2
6386,ORC3
6387,LCA5
6388,MAP3K7
6389,CGA
6390,PRR5L
6391,LMO2
6392,PHF21A
6393,NAT10
6394,EHF
6395,ELF5
6396,PRRG4
6397,CAPRIN1
6398,DNAJC14
6399,CD63
6400,PRPH
6401,AVIL
6402,AMHR2
6403,GDF11
6404,GLS2
6405,ITGA7
6406,TESPA1
6407,FAM186B
6408,RDH5
6409,AGAP2
6410,BLOC1S1
6411,KRT85
6412,CDK4
6413,PPP1R1A
6414,TROAP
6415,TSPAN31
6416,B4GALNT1
6417,TFCP2
6418,COQ10A
6419,FAIM2
6420,PAN2
6421,ESPL1
6422,KRT7
6423,ZC3H10
6424,HNRNPA1
6425,ACVR1B
6426,OS9
6427,MIP
6428,KCNH3
6429,LTV1
6430,MAP7
6431,CD164
6432,NHSL1
6433,AHI1
6434,HEY2
6435,PKIB
6436,SMPD2
6437,MICAL1
6438,REPS1
6439,STX11
6440,PRADC1
6441,SEMA4F
6442,CCT7
6443,EGR4
6444,RAB11FIP5
6445,SMYD5
6446,DYSF
6447,CCDC142
6448,EMX1
6449,KCNMB4
6450,USP15
6451,GNS
6452,CPM
6453,MDM2
6454,KLHL36
6455,BCO1
6456,MPHOSPH6
6457,CHST5
6458,KIAA0513
6459,DYNC1LI2
6460,FBXL8
6461,FHOD1
6462,CCDC102A
6463,SLC9A5
6464,AGT
6465,ZNF670-ZNF695
6466,KCNK1
6467,URB2
6468,EGLN1
6469,CAPN9
6470,COG2
6471,ABCB10
6472,NTPCR
6473,TAF5L
6474,GLUL
6475,STX6
6476,RGS8
6477,RNASEL
6478,DHX9
6479,KIAA1614
6480,CEP350
6481,NPL
6482,PIGC
6483,LAMC1
6484,RC3H1
6485,GPR55
6486,SP110
6487,MRPL44
6488,CHRND
6489,DOCK10
6490,TTLL4
6491,USP37
6492,HTR2B
6493,ITM2C
6494,SLC19A3
6495,SERPINE2
6496,DNAJB2
6497,WNT10A
6498,TMBIM1
6499,CYP27A1
6500,EIF4E2
6501,ARMC9
6502,CAB39
6503,COX5B
6504,REV1
6505,TSGA10
6506,TMEM127
6507,EDAR
6508,TGFBRAP1
6509,GCC2
6510,MRPS9
6511,C2orf49
6512,EPC2
6513,ARHGEF4
6514,ISCU
6515,ALDH1L2
6516,STAB2
6517,USP44
6518,SCYL2
6519,CKAP4
6520,PLXNC1
6521,APPL2
6522,PWP1
6523,DRAM1
6524,SLC41A2
6525,VILL
6526,FLNB
6527,NEK3
6528,PCDH8
6529,VPS36
6530,RNASEH2B
6531,CKAP2
6532,TBC1D4
6533,THSD1
6534,BORA
6535,LRCH1
6536,SUCLA2
6537,RCBTB1
6538,MED4
6539,PHF11
6540,COG3
6541,LMO7
6542,SCEL
6543,ITM2B
6544,SPRY2
6545,NUDT15
6546,EDNRB
6547,RCBTB2
6548,LCP1
6549,SETDB2
6550,SCRN1
6551,C7orf25
6552,TNS3
6553,SPDYE1
6554,CHST12
6555,IGF2BP3
6556,GPNMB
6557,RAPGEF5
6558,RAC1
6559,KDELR2
6560,IL6
6561,ZDHHC4
6562,AOAH
6563,BZW2
6564,DGKB
6565,TBRG4
6566,DDX56
6567,HUS1
6568,NACAD
6569,DBNL
6570,CCM2
6571,MYO1G
6572,TTYH3
6573,TTC5
6574,NKX2-8
6575,ZFHX2
6576,MTHFS
6577,ADAMTS7
6578,ABHD17C
6579,IREB2
6580,ALPK3
6581,TM6SF1
6582,CIB2
6583,CALCOCO2
6584,RSAD1
6585,NMT1
6586,MYCBPAP
6587,SRSF1
6588,VEZF1
6589,CHAD
6590,TACO1
6591,TEX2
6592,DCAF7
6593,GH2
6594,CSH1
6595,LIMD2
6596,BRIP1
6597,KAT7
6598,RTP4
6599,ACTL6A
6600,NDUFB5
6601,MRPL47
6602,TRA2B
6603,SCN2A
6604,TBR1
6605,ERMN
6606,GALNT5
6607,SCN7A
6608,TANK
6609,BLK
6610,SKIL
6611,HLX
6612,VPS45
6613,IL10
6614,KCTD3
6615,RPS6KC1
6616,IL36G
6617,IL1RN
6618,IL36RN
6619,IL36B
6620,CFC1
6621,SMPD4
6622,WDR33
6623,SAP130
6624,BIN1
6625,IMP4
6626,HS6ST1
6627,UGGT1
6628,GYPC
6629,STAM
6630,GAD2
6631,ABI1
6632,YME1L1
6633,DNAJC1
6634,NIPSNAP3A
6635,LRRC8A
6636,CDK9
6637,TXN
6638,ODF2
6639,TOR1B
6640,C9orf78
6641,SMC2
6642,KLF4
6643,TOR1A
6644,RALGPS1
6645,ST6GALNAC4
6646,TMOD1
6647,DAB2IP
6648,STXBP1
6649,SLC2A8
6650,ANGPTL2
6651,CDK5RAP2
6652,ZFP37
6653,SLC31A2
6654,SLC31A1
6655,TLR4
6656,ZNF189
6657,ALDOB
6658,STX17
6659,PRPF4
6660,FPGS
6661,USP20
6662,KIF12
6663,ATP6V1G1
6664,TEX10
6665,GARNL3
6666,MRPL50
6667,DPM2
6668,WDR38
6669,TSTD2
6670,GABBR2
6671,HEMGN
6672,PSMB7
6673,NR5A1
6674,TRMO
6675,RABEPK
6676,GOLGA1
6677,XPA
6678,NCBP1
6679,ANP32B
6680,PDCL
6681,RPL35
6682,CTSV
6683,LMX1B
6684,ARPC5L
6685,ENPP2
6686,DSCC1
6687,DERL1
6688,MYC
6689,IL33
6690,RANBP6
6691,POLR1E
6692,PLAA
6693,IL11RA
6694,UBAP2
6695,APTX
6696,RNF38
6697,TLN1
6698,CCL21
6699,SIT1
6700,DMRT1
6701,DNAJB5
6702,SPAG8
6703,DCTN3
6704,CD72
6705,TMEM8B
6706,GRHPR
6707,ALDH1B1
6708,HINT2
6709,ARHGEF39
6710,IGFBPL1
6711,DENND4C
6712,RPS6
6713,CNPY3
6714,FOXP4
6715,PPIL1
6716,KLC4
6717,KIF13A
6718,ZSCAN9
6719,PIM1
6720,GMPR
6721,CMTR1
6722,TFAP2A
6723,SLC22A7
6724,YIPF3
6725,TMEM14B
6726,TMEM63B
6727,FRS3
6728,TJAP1
6729,CAPN11
6730,TINAG
6731,HCRTR2
6732,KIAA0319
6733,IRF4
6734,SLC22A23
6735,TUBB2A
6736,LRRC1
6737,GCM1
6738,FOXF2
6739,BPHL
6740,RIPK1
6741,TUBB2B
6742,UQCC2
6743,HMGA1
6744,PGBD1
6745,TPMT
6746,CLPS
6747,RNF144B
6748,NRM
6749,MTCH1
6750,TAF8
6751,FAM8A1
6752,FGFBP1
6753,FGFBP2
6754,CPEB2
6755,FHDC1
6756,TLR2
6757,MGARP
6758,TTC29
6759,MYO7A
6760,FCHSD2
6761,ARRB1
6762,SLCO2B1
6763,ANKRD42
6764,IL18BP
6765,NUMA1
6766,CCDC90B
6767,SYTL2
6768,RAB30
6769,CREBZF
6770,LRRC32
6771,PRCP
6772,NARS2
6773,RNF121
6774,MRPL15
6775,PI15
6776,TTPA
6777,GGH
6778,SLCO5A1
6779,SULF1
6780,TGS1
6781,SDCBP
6782,NEK1
6783,DDX60
6784,NXPE4
6785,SORL1
6786,TMPRSS4
6787,BUD13
6788,TRPC6
6789,MMP7
6790,MMP20
6791,DCUN1D5
6792,YAP1
6793,TRIM29
6794,POU2F3
6795,RDX
6796,PPP2R1B
6797,FDX1
6798,FXYD6
6799,ARHGAP20
6800,FXYD2
6801,MMP13
6802,TMPRSS13
6803,CASP1
6804,CASP5
6805,ALKBH8
6806,MAP2K5
6807,UNC13C
6808,CTDSPL2
6809,SLTM
6810,THBS1
6811,MAPKBP1
6812,NUSAP1
6813,NDUFAF1
6814,KIF23
6815,ITGA11
6816,HAUS2
6817,RTF1
6818,PARP6
6819,RPLP1
6820,PAQR5
6821,LRRC49
6822,TUBGCP4
6823,RMDN3
6824,ITPKA
6825,UACA
6826,SMAD6
6827,PLCB2
6828,TMEM62
6829,PAK6
6830,ADAM10
6831,DUOX1
6832,SLC28A2
6833,CYP19A1
6834,ZNF280D
6835,SEMA6D
6836,BCL2L10
6837,RSL24D1
6838,SPTBN5
6839,GCOM1
6840,GCHFR
6841,BCAR3
6842,TTLL7
6843,FNBP1L
6844,GTF2B
6845,BRDT
6846,RABGGTB
6847,IFI44L
6848,GIPC2
6849,ARHGAP29
6850,IFI44
6851,SLC44A5
6852,DNASE2B
6853,DBT
6854,RTCA
6855,IFT172
6856,CGREF1
6857,HADHB
6858,KHK
6859,ADCY3
6860,PPM1B
6861,PNPT1
6862,DYNC2LI1
6863,LHCGR
6864,THUMPD2
6865,CYP1B1
6866,RAB1A
6867,ACTR2
6868,PREB
6869,SLC5A6
6870,ABCG5
6871,PREPL
6872,SLC3A1
6873,EMILIN1
6874,FBXO11
6875,SIX3
6876,ATRAID
6877,CENPO
6878,LRPPRC
6879,TRIM54
6880,DTNB
6881,ACTR1A
6882,CYP2C9
6883,CYP2C8
6884,MYOF
6885,LOXL4
6886,STAMBPL1
6887,CH25H
6888,LBX1
6889,ATAD1
6890,BTBD16
6891,KIF11
6892,CUZD1
6893,TACC2
6894,DUSP5
6895,CALHM2
6896,ARL3
6897,CEP55
6898,KIF20B
6899,ENTPD1
6900,EXOC6
6901,PLCE1
6902,RBP4
6903,DBR1
6904,DNAJC13
6905,ANXA7
6906,FAM149B1
6907,ASCC1
6908,PLA2G12B
6909,ZNF365
6910,OIT3
6911,ADAMTS14
6912,RPS24
6913,TET1
6914,DNA2
6915,MYPN
6916,AOX1
6917,ATIC
6918,SMARCAL1
6919,BARD1
6920,STAT4
6921,MSTN
6922,CARF
6923,ASNSD1
6924,METTL5
6925,SSB
6926,NAB1
6927,CDK15
6928,PPIG
6929,FASTKD1
6930,MDH1B
6931,HECW2
6932,IDH1
6933,OLA1
6934,CHRNA1
6935,FAM117B
6936,WDR12
6937,ABI2
6938,ITGAV
6939,SLC40A1
6940,SLC35A5
6941,SENP7
6942,COX17
6943,PARP9
6944,MNS1
6945,USP8
6946,SECISBP2L
6947,TMOD3
6948,SPPL2A
6949,GLCE
6950,SHF
6951,APH1B
6952,CILP
6953,PARP16
6954,PPCDC
6955,HCN4
6956,SEMA7A
6957,ARHGAP24
6958,FAM13A
6959,HERC6
6960,HERC5
6961,PCDH10
6962,NDST4
6963,ZGRF1
6964,AP1AR
6965,COPS4
6966,HNRNPD
6967,PRKG2
6968,RASGEF1B
6969,SEC31A
6970,FGF5
6971,GPAT3
6972,IL21
6973,FGF2
6974,BBS7
6975,BMPR1B
6976,RAP1GDS1
6977,LARP1B
6978,MMRN1
6979,PDE5A
6980,PRDM5
6981,TRPC3
6982,NAAA
6983,NUP54
6984,CXCL9
6985,BMP2K
6986,G3BP2
6987,FRAS1
6988,SCARB2
6989,CCNG2
6990,CNOT6L
6991,USO1
6992,CDKL2
6993,SHROOM3
6994,ANXA3
6995,PPA2
6996,CENPE
6997,GSTCD
6998,INTS12
6999,ENPEP
7000,CASP6
7001,LEF1
7002,HADH
7003,EGF
7004,PAPSS1
7005,SEC24B
7006,PPP3CA
7007,SLC39A8
7008,MTTP
7009,FBN2
7010,MAPK8IP3
7011,RGS3
7012,GUCD1
7013,RNF185
7014,PARVG
7015,B4GALNT3
7016,PDE6H
7017,ERP27
7018,ETV6
7019,GABARAPL1
7020,KIF21A
7021,CPNE8
7022,YARS2
7023,FGD4
7024,ALG10
7025,PIK3C2G
7026,PLCZ1
7027,AEBP2
7028,SLCO1C1
7029,ETNK1
7030,ZCRB1
7031,TMEM117
7032,PRICKLE1
7033,C1RL
7034,NDUFA9
7035,CLSTN3
7036,KLRG1
7037,VAMP1
7038,TAPBPL
7039,CD27
7040,PEX5
7041,PIANP
7042,SLC38A4
7043,AMIGO2
7044,SCAF11
7045,COL2A1
7046,PPFIA2
7047,ANP32D
7048,LLPH
7049,LRIG3
7050,INHBE
7051,GLIPR1
7052,TPH2
7053,PHLDA1
7054,TMEM19
7055,LGR5
7056,PTPRQ
7057,DUSP6
7058,POC1B
7059,TMTC3
7060,LUM
7061,SNRPF
7062,AMDHD1
7063,NEDD1
7064,SYCP3
7065,ASCL1
7066,GAS2L3
7067,TMEM132B
7068,SLC15A4
7069,TDG
7070,RITA1
7071,SDSL
7072,MMAB
7073,GLTP
7074,GIT2
7075,TCHP
7076,FAM222A
7077,FOXN4
7078,NUP58
7079,MTMR6
7080,SLC46A3
7081,SLC7A1
7082,PDX1
7083,LNX2
7084,SUOX
7085,SLC39A5
7086,TARBP2
7087,RDH16
7088,DHH
7089,ACVRL1
7090,GPR84
7091,NABP2
7092,N4BP2L1
7093,CELA1
7094,SMARCC2
7095,BRCA2
7096,KANSL2
7097,CERS5
7098,MAP3K12
7099,ITGB7
7100,GALNT6
7101,CSAD
7102,LMBR1L
7103,ESYT1
7104,TMBIM6
7105,ANKRD52
7106,ZNF740
7107,WDFY2
7108,HNRNPA1L2
7109,LPAR6
7110,ESD
7111,RB1
7112,SBNO1
7113,MORN3
7114,SETD1B
7115,VPS33A
7116,VPS37B
7117,RHOF
7118,DENR
7119,DIAPH3
7120,SLAIN1
7121,RBM26
7122,SRRM4
7123,MBNL2
7124,RNF113B
7125,ZIC5
7126,ABHD13
7127,RAB20
7128,GRTP1
7129,CUL4A
7130,TTC6
7131,SSTR1
7132,CDH24
7133,REM2
7134,CBLN3
7135,TSSK4
7136,NOVA1
7137,MDGA2
7138,TMX1
7139,FRMD6
7140,PELI2
7141,RTN1
7142,SYT16
7143,SLC38A6
7144,NAA30
7145,ADAM21
7146,RDH12
7147,DCAF5
7148,RAB15
7149,WDR89
7150,ESR2
7151,KCNH5
7152,STON2
7153,EFCAB11
7154,GPR65
7155,PTGR2
7156,JDP2
7157,AK7
7158,SLC24A4
7159,FBLN5
7160,SLC25A47
7161,WDR20
7162,NIPA2
7163,SLC12A6
7164,DUOXA1
7165,MFAP1
7166,TCF12
7167,SORD
7168,SERF2
7169,ZSCAN29
7170,DUOXA2
7171,DUOX2
7172,LYSMD2
7173,SLC27A2
7174,FGF7
7175,HDC
7176,GCNT3
7177,BNIP2
7178,GTF2A2
7179,SRP14
7180,BAHD1
7181,DISP2
7182,CDAN1
7183,TLE3
7184,ANP32A
7185,COMMD4
7186,UBE2Q2
7187,PSTPIP1
7188,ETFA
7189,BCL2A1
7190,HMG20A
7191,SCAPER
7192,TSPAN3
7193,NCOA2
7194,NEIL1
7195,MAN2C1
7196,DNAJA4
7197,TPM1
7198,IGF1R
7199,ARRDC4
7200,PIF1
7201,USP3
7202,CYP11A1
7203,BBS4
7204,PML
7205,CYP1A1
7206,ADAMTS17
7207,LINS1
7208,ULK3
7209,PCSK6
7210,SCAMP2
7211,CYP1A2
7212,HAPLN3
7213,RHCG
7214,POLG
7215,RLBP1
7216,FANCI
7217,ABHD2
7218,WDR93
7219,TICRR
7220,NTRK3
7221,DET1
7222,MFGE8
7223,ZNF710
7224,UNC45A
7225,ST8SIA2
7226,MCTP2
7227,FURIN
7228,IQGAP1
7229,CRTC3
7230,SH3GL3
7231,SEC11A
7232,GLYR1
7233,PMM2
7234,SLC5A2
7235,ITGAX
7236,TGFB1I1
7237,ARMC5
7238,FTO
7239,UQCRC2
7240,CDR2
7241,IGSF6
7242,ARHGAP17
7243,MYLK3
7244,ABCC12
7245,NKD1
7246,DHX38
7247,TXNL4B
7248,MARVELD3
7249,CHST4
7250,ZFHX3
7251,CLEC18B
7252,CPNE2
7253,NLRC5
7254,KATNB1
7255,KIFC3
7256,ADAMTS18
7257,NUDT7
7258,GCSH
7259,CMTM3
7260,CMTM2
7261,CDH11
7262,NOL3
7263,MAP1LC3B
7264,MBTPS1
7265,CDH13
7266,ZCCHC14
7267,ADAD2
7268,OSGIN1
7269,IRF8
7270,RHOT2
7271,RPL3L
7272,ZSCAN32
7273,PDPK1
7274,TIGD7
7275,DEF8
7276,TCF25
7277,GALNS
7278,MED9
7279,NCOR1
7280,COPS3
7281,GID4
7282,ZNF287
7283,MYOCD
7284,KSR1
7285,RANBP10
7286,CTRL
7287,DPEP3
7288,GFOD2
7289,NOB1
7290,PRPSAP2
7291,UNC45B
7292,PCTP
7293,TOM1L1
7294,TOB1
7295,VPS53
7296,SPATA22
7297,SGSM2
7298,NPEPPS
7299,SKAP1
7300,LRRC46
7301,SCRN2
7302,SSH2
7303,RHBDL3
7304,SPACA3
7305,ARSG
7306,ABCA8
7307,G6PC3
7308,CLTC
7309,BCAS3
7310,PTRH2
7311,SS18
7312,TAF4B
7313,AFG3L2
7314,PRELID3A
7315,IMPA2
7316,GNAL
7317,SLC39A6
7318,RPRD1A
7319,GALNT1
7320,ASXL3
7321,ADCYAP1
7322,MEP1B
7323,SLC25A52
7324,GAREM1
7325,ESCO1
7326,OSBPL1A
7327,GATA6
7328,GREB1L
7329,PELP1
7330,NPC1
7331,SLC14A1
7332,ARRB2
7333,SLC13A5
7334,ZMYND15
7335,WRAP53
7336,MINK1
7337,SAT2
7338,ASGR1
7339,PIK3R5
7340,TP53
7341,CCDC40
7342,ARHGDIA
7343,TMC6
7344,SLC16A3
7345,CARD14
7346,TTYH2
7347,RAB40B
7348,EIF4A3
7349,CSNK1D
7350,ANAPC11
7351,TBCD
7352,FN3KRP
7353,NARF
7354,RPTOR
7355,FOXK2
7356,TRIM65
7357,CBX8
7358,SECTM1
7359,RNF157
7360,CEP131
7361,ZNF750
7362,WDR45B
7363,CBX4
7364,DYM
7365,MAPK4
7366,ELAC1
7367,MBD1
7368,SMAD4
7369,TNFRSF11A
7370,ZCCHC2
7371,FBXO15
7372,CBLN2
7373,PMAIP1
7374,P3H4
7375,NT5C3B
7376,ERBB2
7377,GRB7
7378,MIEN1
7379,PNMT
7380,ARL5C
7381,STAC2
7382,IGFBP4
7383,FKBP10
7384,TXNL4A
7385,CACNA1A
7386,BRD4
7387,SLC39A3
7388,NFIC
7389,TPGS1
7390,PLPP2
7391,ZIM3
7392,PRDM15
7393,PFKL
7394,FEM1A
7395,VAV1
7396,MVB12A
7397,CIB3
7398,SH3GL1
7399,DUS3L
7400,DPP9
7401,DMRTC2
7402,CCDC97
7403,TMEM91
7404,ZFP14
7405,SIRT3
7406,IFITM3
7407,HUNK
7408,COL6A1
7409,IFNAR1
7410,SOD1
7411,COL6A2
7412,SIK1
7413,DNMT3L
7414,TRPM2
7415,SCYL1
7416,APP
7417,URB1
7418,AKT1
7419,IL19
7420,EMP3
7421,SAE1
7422,NTN5
7423,LMTK3
7424,GEMIN7
7425,CBLC
7426,WTIP
7427,ADAMTS10
7428,SLC6A3
7429,RNPEPL1
7430,CAPN10
7431,MYO1F
7432,ERVK3-1
7433,NLRP12
7434,CACNG8
7435,ZNF787
7436,FBN3
7437,CARM1
7438,EVI5L
7439,TM4SF5
7440,SLC47A1
7441,PSMB6
7442,SIGLEC10
7443,ZNF473
7444,RPS11
7445,PTH2
7446,RPL13A
7447,CTU1
7448,NOSIP
7449,IGLON5
7450,RCN3
7451,ZNF614
7452,SLC2A5
7453,RERE
7454,MMEL1
7455,CFAP74
7456,PRDM16
7457,CELA2A
7458,PADI3
7459,FHAD1
7460,EPHA2
7461,EFHD2
7462,PEX14
7463,PGD
7464,MYOM3
7465,SH3BGRL3
7466,CNKSR1
7467,RPL11
7468,IL22RA1
7469,ZNF593
7470,C1orf216
7471,KIAA0319L
7472,EVA1B
7473,C1orf94
7474,DMRTA2
7475,PLK4
7476,MAP3K6
7477,FCN3
7478,GPN2
7479,SYTL1
7480,WDTC1
7481,CELA3A
7482,NBPF3
7483,HSPG2
7484,ITGB3BP
7485,SERBP1
7486,BCL10
7487,PRKACB
7488,PIGK
7489,TINAGL1
7490,AZIN2
7491,RPS8
7492,KIF2C
7493,PTPRF
7494,BEST4
7495,MOB3C
7496,CYP4B1
7497,TMEM61
7498,DMRTB1
7499,LMO4
7500,SYPL2
7501,BARHL2
7502,MTF2
7503,SLC44A3
7504,IGSF3
7505,ZNF697
7506,CTTNBP2NL
7507,STRIP1
7508,PSMA5
7509,FNDC7
7510,C1orf162
7511,CD53
7512,PROK1
7513,CELSR2
7514,ITGA10
7515,GPR161
7516,ALDH9A1
7517,ATP1B1
7518,TIPRL
7519,NME7
7520,POGK
7521,MPC2
7522,CREG1
7523,DCAF6
7524,GPA33
7525,RXRG
7526,TBX19
7527,UCK2
7528,TMCO1
7529,XCL1
7530,XCL2
7531,POU2F1
7532,MAEL
7533,ILDR2
7534,DPT
7535,MGST3
7536,ADCY10
7537,UFC1
7538,PPOX
7539,FCGR2A
7540,NUF2
7541,RGS5
7542,SDHC
7543,PFDN2
7544,NR1I3
7545,USP21
7546,PRCC
7547,FCRL5
7548,MRPL24
7549,PIGM
7550,CASQ1
7551,ISG20L2
7552,CRABP2
7553,HDGF
7554,ABL2
7555,XPR1
7556,RGS16
7557,TOR1AIP1
7558,FAM163A
7559,HMCN1
7560,RGL1
7561,LYPLAL1
7562,LHX9
7563,RORC
7564,TUFT1
7565,SF3B4
7566,ECM1
7567,ZNF687
7568,TARS2
7569,CGN
7570,SNX27
7571,SETDB1
7572,ADAMTSL4
7573,MCL1
7574,CTSK
7575,RFX5
7576,PI4KB
7577,PIP5K1A
7578,ANP32E
7579,ANXA9
7580,SELENBP1
7581,CERS2
7582,ENSA
7583,SEMA6C
7584,MRPL9
7585,ARNT
7586,POGZ
7587,C1orf56
7588,OAZ3
7589,HORMAD1
7590,GOLPH3L
7591,GABPB2
7592,SYT14
7593,KCNH1
7594,DTL
7595,DYRK3
7596,EIF2D
7597,INTS7
7598,VASH2
7599,TAF1A
7600,SMYD2
7601,SUSD4
7602,DUSP10
7603,HHIPL2
7604,TP53BP2
7605,ATP8B2
7606,FLG2
7607,CRNN
7608,ADAM15
7609,JTB
7610,RAB13
7611,S100A8
7612,TPM3
7613,NUP210L
7614,SNAPIN
7615,SLC27A3
7616,S100A7
7617,UBAP2L
7618,SLC39A1
7619,HAX1
7620,CREB3L4
7621,EFNA3
7622,AQP10
7623,KCNN3
7624,ILF2
7625,RIT1
7626,HCN3
7627,FLG
7628,ACTA1
7629,GALNT2
7630,TTC13
7631,SCCPDH
7632,LYST
7633,CEP170
7634,ACP1
7635,SNAP47
7636,SRP9
7637,NVL
7638,SDE2
7639,DEGS1
7640,FBXO28
7641,ARF1
7642,LEFTY2
7643,CNIH4
7644,ITPKB
7645,GUK1
7646,CDC42BPA
7647,CNIH3
7648,C1orf35
7649,MBOAT2
7650,PARP1
7651,PSEN2
7652,PYCR2
7653,LBR
7654,WNT9A
7655,EPHX1
7656,REN
7657,SOX13
7658,ETNK2
7659,PPFIA4
7660,PLEKHA6
7661,PTPN7
7662,SYT2
7663,ARL8A
7664,OSR1
7665,GDF7
7666,PDIA6
7667,RHOB
7668,ATP6V1C2
7669,HNRNPLL
7670,GALM
7671,CAMKMT
7672,ABCG8
7673,EML4
7674,CALM2
7675,CHAC2
7676,RPS27A
7677,WDPCP
7678,VPS54
7679,REG3G
7680,ASXL2
7681,ETAA1
7682,SNRPG
7683,ABHD1
7684,MEIS1
7685,CIAO1
7686,ZNF514
7687,SNRNP200
7688,MRPS5
7689,ANKRD53
7690,EXOC6B
7691,SFXN5
7692,TEX261
7693,DQX1
7694,ST6GAL2
7695,NPHP1
7696,MALL
7697,THNSL2
7698,RALB
7699,C1QL2
7700,TMEM177
7701,NT5DC4
7702,RABL2A
7703,SLC20A1
7704,FBLN7
7705,ZC3H8
7706,LIPT1
7707,LYG1
7708,AFF3
7709,UBXN4
7710,NXPH2
7711,SPOPL
7712,THSD7B
7713,GPR17
7714,POLR2D
7715,AMMECR1L
7716,GALNT13
7717,PKP4
7718,SLC4A10
7719,SCRN3
7720,ZNF385B
7721,TMEFF2
7722,CDCA7
7723,DLX1
7724,UBR3
7725,PHOSPHO2
7726,GULP1
7727,FAM171B
7728,HSPD1
7729,CCDC150
7730,METTL21A
7731,UNC80
7732,PTH2R
7733,CPO
7734,NBEAL1
7735,KANSL1L
7736,SPAG16
7737,SUMF1
7738,NYAP2
7739,RHBDD1
7740,ACKR3
7741,TRPM8
7742,HES6
7743,ESPNL
7744,ANKMY1
7745,COPS7B
7746,DIS3L2
7747,CPNE9
7748,FANCD2
7749,TAMM41
7750,VGLL4
7751,RAB5A
7752,CTDSP1
7753,STK11IP
7754,GMPPA
7755,GRIP2
7756,EAF1
7757,CNTN4
7758,DYNC1LI1
7759,RBMS3
7760,GADL1
7761,OSBPL10
7762,POMGNT2
7763,ACKR2
7764,CSRNP1
7765,SLC25A38
7766,SLC22A14
7767,GOLGA4
7768,CTDSPL
7769,STAC
7770,IQSEC1
7771,CAND2
7772,RPL32
7773,PTPRG
7774,IL17RD
7775,SHQ1
7776,SLC25A26
7777,UBA3
7778,ARL6IP5
7779,TMF1
7780,LRIG1
7781,LRTM1
7782,LIMD1
7783,NFKBIZ
7784,COL8A1
7785,NXPE3
7786,ADGRG7
7787,MYH15
7788,PHLDB2
7789,ABHD10
7790,TAGLN3
7791,PLA1A
7792,RABL3
7793,ADPRH
7794,IGSF11
7795,ATG3
7796,NR1I2
7797,BOC
7798,SRPRB
7799,TMEM108
7800,AGTR1
7801,MED12L
7802,EIF2A
7803,ALDH1L1
7804,OSBPL11
7805,TRPC1
7806,NCEH1
7807,SPATA16
7808,FAM86B2
7809,LPP
7810,TMEM44
7811,RUBCN
7812,AMT
7813,TCTA
7814,NICN1
7815,UCN2
7816,MANF
7817,STXBP5L
7818,EAF2
7819,ILDR1
7820,TM4SF19
7821,SLIT2
7822,EIF2B5
7823,AHSG
7824,ECE2
7825,VWA5B2
7826,DGKQ
7827,FIP1L1
7828,SLC26A1
7829,LYAR
7830,CENPC
7831,EPHA5
7832,CORIN
7833,ATP10D
7834,OCIAD2
7835,SLC10A4
7836,SLC10A6
7837,SCD5
7838,PLAC8
7839,ENOPH1
7840,GC
7841,TRMT10A
7842,KLHL8
7843,SNCA
7844,PYURF
7845,TBCK
7846,CAMK2D
7847,CISD2
7848,DDIT4L
7849,ANK2
7850,TIFA
7851,FABP2
7852,CCNA2
7853,METTL14
7854,USP53
7855,SETD7
7856,NAF1
7857,SFRP2
7858,RPS3A
7859,RNF175
7860,PDGFC
7861,CBR4
7862,GLRA3
7863,CYP4V2
7864,ROPN1L
7865,NDUFS6
7866,CDH18
7867,ADAMTS16
7868,SRD5A1
7869,MYO10
7870,RPL37
7871,SKP2
7872,OSMR
7873,UGT3A1
7874,PLK2
7875,GZMA
7876,PIK3R1
7877,HAPLN1
7878,LHFPL2
7879,SSBP2
7880,BHMT
7881,ANKRD31
7882,IQGAP2
7883,CRHBP
7884,RASA1
7885,LIX1
7886,GIN1
7887,PPIP5K2
7888,PAM
7889,SLC30A5
7890,BTF3
7891,FBXL17
7892,SPATA9
7893,TSLP
7894,TNFAIP8
7895,FEM1C
7896,COMMD10
7897,ATG12
7898,MEGF10
7899,YIPF5
7900,ARHGAP26
7901,CXCL14
7902,LECT2
7903,SLC25A48
7904,DDX46
7905,IL9
7906,TIMD4
7907,RNF145
7908,C1QTNF2
7909,GABRB2
7910,FBXO38
7911,SPINK7
7912,PCYOX1L
7913,TNIP1
7914,G3BP1
7915,ZNF300
7916,N4BP3
7917,NHP2
7918,RMND5B
7919,BOD1
7920,CPLX2
7921,TENM2
7922,KCNMB1
7923,FAM50B
7924,MYLK4
7925,FAM217A
7926,TBC1D7
7927,FARS2
7928,GFOD1
7929,CDKAL1
7930,PSD2
7931,LRRTM2
7932,ZMAT2
7933,GFRA3
7934,KLHL3
7935,DCDC2
7936,SLC17A4
7937,KAAG1
7938,TRIM7
7939,TRIM41
7940,HIGD2A
7941,FAM193B
7942,PLA2G7
7943,TNFRSF21
7944,RNF44
7945,RASGEF1C
7946,DOK3
7947,DAAM2
7948,PRIM2
7949,MLIP
7950,HMGCLL1
7951,LGSN
7952,FGD2
7953,SCUBE3
7954,ANO7
7955,CRIP3
7956,TTBK1
7957,RPL7L1
7958,NFKBIE
7959,CYP39A1
7960,TPBG
7961,IRAK1BP1
7962,PHIP
7963,PRSS35
7964,MMS22L
7965,FAXC
7966,GABRR1
7967,PNRC1
7968,PM20D2
7969,RARS2
7970,SCML4
7971,TBC1D32
7972,CLVS2
7973,GPR6
7974,RNF217
7975,RSPO3
7976,ARHGAP18
7977,ABRACL
7978,SLC18B1
7979,MTFR2
7980,SLC2A12
7981,SHPRH
7982,AIG1
7983,DYNLT1
7984,TIAM2
7985,TMEM181
7986,PNLDC1
7987,WTAP
7988,ZMYM4
7989,VIP
7990,SLC22A3
7991,VWDE
7992,GNA12
7993,SDK1
7994,CCZ1B
7995,RBAK
7996,CREB5
7997,EGFR
7998,LINC00525
7999,CDCA5
8000,IGFBP3
8001,PURB
8002,IGFBP1
8003,SSC4D
8004,MDH2
8005,POMZP3
8006,CCT6A
8007,PSPH
8008,TRIM50
8009,ZNF92
8010,ATXN7L1
8011,TMEM168
8012,ASB15
8013,SLC12A9
8014,GIGYF1
8015,TRIM4
8016,ZAN
8017,TMEM209
8018,AGBL3
8019,STRA8
8020,ZC3HAV1L
8021,TMEM140
8022,TLK2
8023,NOM1
8024,CNPY1
8025,NCAPG2
8026,ASB10
8027,NLGN4X
8028,SHROOM2
8029,LUC7L2
8030,DENND2A
8031,SH3KBP1
8032,TMEM47
8033,LANCL3
8034,SYTL5
8035,CASK
8036,KDM6A
8037,SPIN2A
8038,MSN
8039,CCNB3
8040,HDAC8
8041,SLC16A2
8042,ZNF157
8043,ZNF182
8044,CHST7
8045,NDUFB11
8046,ZNF41
8047,RAB41
8048,ZMYM3
8049,TAF1
8050,GPR174
8051,NONO
8052,LPAR4
8053,EBP
8054,OGT
8055,SNX12
8056,ITGB1BP2
8057,IL2RG
8058,ZNF711
8059,CPXCR1
8060,DIAPH2
8061,NXF3
8062,RIPPLY1
8063,PRPS1
8064,FRMPD3
8065,HTR2C
8066,DOCK11
8067,IGSF1
8068,ARHGAP36
8069,GPC3
8070,RBMX
8071,MCPH1
8072,FBXO25
8073,FATE1
8074,MAGEA4
8075,NSDHL
8076,ZNF185
8077,CETN2
8078,RPL10
8079,CSGALNACT1
8080,ATP6V1B2
8081,CCDC25
8082,HMBOX1
8083,CHRNA6
8084,GNRH1
8085,BIN3
8086,DOK2
8087,SLC25A37
8088,CHMP7
8089,DOCK5
8090,STAR
8091,ERLIN2
8092,SNTG1
8093,PXDNL
8094,ST18
8095,RGS20
8096,TACC1
8097,GOLGA7
8098,PLPP5
8099,GINS4
8100,DNAJC5B
8101,CRH
8102,TRIM55
8103,ADHFE1
8104,MRPS28
8105,PMP2
8106,LACTB2
8107,PRDM14
8108,TERF1
8109,RPL7
8110,SLC26A7
8111,ATP6V0D2
8112,SYBU
8113,DPYS
8114,MTDH
8115,LRP12
8116,EBAG9
8117,RSPO2
8118,POLR2K
8119,MAL2
8120,EIF3H
8121,UTP23
8122,NDUFB9
8123,FAM83A
8124,FAM135B
8125,ZNF7
8126,ARHGAP39
8127,SLC39A4
8128,VLDLR
8129,AK3
8130,UHRF2
8131,NFIB
8132,CER1
8133,PLIN2
8134,HAUS6
8135,CDKN2B
8136,CDKN2A
8137,C9orf72
8138,ZCCHC7
8139,FBXO10
8140,SIGMAR1
8141,CEP78
8142,NTRK2
8143,IDNK
8144,SHC3
8145,AUH
8146,PLPPR1
8147,ZNF462
8148,INIP
8149,UGCG
8150,SNX30
8151,STOM
8152,GSN
8153,MRRF
8154,NR6A1
8155,CRB2
8156,ALAD
8157,ASTN2
8158,WDR31
8159,POLE3
8160,SURF4
8161,GBGT1
8162,SURF2
8163,REXO4
8164,RPL7A
8165,GTF3C5
8166,ASB6
8167,PTGES2
8168,NTMT1
8169,CIZ1
8170,SLC25A25
8171,SH3GLB2
8172,PTGES
8173,LCN2
8174,LRSAM1
8175,HMCN2
8176,GPR107
8177,IDI2
8178,INPP5E
8179,SEC16A
8180,DPH7
8181,NOTCH1
8182,CACNA1B
8183,NACC2
8184,PROSER2
8185,USP6NL
8186,COMMD3
8187,MSRB2
8188,PDSS1
8189,FAM171A1
8190,SLC39A12
8191,TMEM236
8192,RSU1
8193,ST8SIA6
8194,PARD3
8195,ANKRD30A
8196,ZEB1
8197,FAM13C
8198,NRBF2
8199,A1CF
8200,CDHR1
8201,RGR
8202,POLR3A
8203,HERC4
8204,CAMK2G
8205,ADIRF
8206,GLUD1
8207,ANKRD1
8208,HTR7
8209,RPP30
8210,FRA10AC1
8211,ADD3
8212,HABP2
8213,VAX1
8214,DNAJB12
8215,EIF4EBP2
8216,NPFFR1
8217,PLEKHS1
8218,TCF7L2
8219,MKI67
8220,CYP17A1
8221,INA
8222,FUOM
8223,LRRC27
8224,MTG1
8225,PAOX
8226,GSTO1
8227,TAF5
8228,PPRC1
8229,ITPRIP
8230,CNNM2
8231,PDCD11
8232,ADAM12
8233,RGS10
8234,BTBD10
8235,ADM
8236,GAS2
8237,SLC5A12
8238,LIN7C
8239,LRRC4C
8240,IMMP1L
8241,SAA4
8242,PGAP2
8243,TUT1
8244,SCGB1A1
8245,ZNF214
8246,ZNF215
8247,HSD17B12
8248,APIP
8249,PAMR1
8250,DGKZ
8251,EIF3M
8252,TNKS1BP1
8253,GLYAT
8254,SERPING1
8255,SSRP1
8256,SLC43A1
8257,PTPRJ
8258,ARFGAP2
8259,CELF1
8260,CCDC81
8261,SESN3
8262,ENDOD1
8263,CCDC82
8264,KLHL35
8265,TENM4
8266,SERPINH1
8267,CAPN5
8268,INTS4
8269,PAK1
8270,RPS3
8271,ZC3H12C
8272,TTC12
8273,NCAM1
8274,DRD2
8275,C11orf52
8276,HTR3B
8277,NPAT
8278,ATM
8279,AASDHPPT
8280,GLB1L2
8281,SLX4IP
8282,LAMTOR1
8283,P4HA3
8284,GRIK4
8285,ST14
8286,GGTLC1
8287,ADAM33
8288,SLC22A8
8289,TKFC
8290,MTA2
8291,TMEM138
8292,FADS1
8293,TMC2
8294,ROM1
8295,EML3
8296,INCENP
8297,ZP1
8298,MS4A3
8299,PLCH2
8300,CPSF7
8301,MS4A2
8302,B3GAT3
8303,EI24
8304,CCDC15
8305,CHEK1
8306,FEZ1
8307,ESAM
8308,KIRREL3
8309,MPZL2
8310,SCN2B
8311,SIDT2
8312,TMEM25
8313,TAGLN
8314,JPH2
8315,DUSP15
8316,COMMD7
8317,C20orf144
8318,KIAA1755
8319,SPATA25
8320,OCSTAMP
8321,DSN1
8322,CNBD2
8323,CDH22
8324,LSM14B
8325,YTHDF1
8326,CABLES2
8327,GPHA2
8328,SLC22A9
8329,TRPT1
8330,NUDT22
8331,FERMT3
8332,PLCB3
8333,MRPL49
8334,CDC42EP2
8335,FAU
8336,TM7SF2
8337,VPS51
8338,TBX6
8339,PPP4C
8340,ALDOA
8341,DOC2A
8342,HIRIP3
8343,TAOK2
8344,TMEM219
8345,HMGA2
8346,MMP3
8347,CNKSR2
8348,CNTN5
8349,KLRF1
8350,CLEC1A
8351,MKX
8352,MPP7
8353,ITGB1
8354,FXYD4
8355,PCDH15
8356,CTF1
8357,CWC15
8358,FCGR1A
8359,ARID5B
8360,CDH8
8361,DCUN1D2
8362,TMEM218
8363,TIRAP
8364,LATS2
8365,SAP18
8366,ADGRL3
8367,KIAA1328
8368,FAM124A
8369,MIA2
8370,HNMT
8371,LYPD1
8372,LYPD6B
8373,PDCD4
8374,ADRA2A
8375,GPM6A
8376,WDR17
8377,SPATA4
8378,VEGFC
8379,CCDC102B
8380,CD226
8381,CNDP1
8382,FSIP1
8383,DLG2
8384,RGS18
8385,PRSS23
8386,MTMR12
8387,PPP1R1C
8388,CCT5
8389,DOCK1
8390,DIXDC1
8391,DLAT
8392,PIH1D2
8393,TIMM8B
8394,IL18
8395,TEX12
8396,PTS
8397,PIP4K2A
8398,FREM2
8399,FOXO1
8400,SEC24D
8401,ABCB9
8402,RILPL2
8403,DHX37
8404,UBC
8405,ITPR1
8406,TKTL2
8407,PRSS53
8408,SLC7A11
8409,NOCT
8410,ENKUR
8411,GPR158
8412,LYZL2
8413,CACNA1C
8414,THRB
8415,NGLY1
8416,OXSM
8417,UEVLD
8418,TMEM86A
8419,TMEM263
8420,UBE3B
8421,ANK3
8422,IPMK
8423,RAD9B
8424,PLBD2
8425,MAT1A
8426,SLC2A13
8427,GXYLT1
8428,TWF1
8429,DIP2C
8430,EIF4E
8431,MAGI1
8432,TEX30
8433,CSNK1G3
8434,SRFBP1
8435,AKAP6
8436,NPAS3
8437,FAM177A1
8438,MBIP
8439,MIPOL1
8440,EXT2
8441,TMEM18
8442,ALLC
8443,KCTD14
8444,THRSP
8445,NDUFC2
8446,ME3
8447,ADAMTS12
8448,NUBPL
8449,NEK7
8450,FER
8451,VIPAS39
8452,ANKRD50
8453,UPF2
8454,CDC123
8455,SCLT1
8456,CCDC3
8457,C4orf33
8458,FRMD4A
8459,PTPRO
8460,EPS8
8461,ACAD8
8462,THYN1
8463,VPS26B
8464,NCAPD3
8465,VTI1A
8466,QDPR
8467,TEX9
8468,MMAA
8469,ZNF827
8470,POU4F2
8471,EDNRA
8472,NR3C2
8473,AKR1C2
8474,DPYSL4
8475,VENTX
8476,ADAM8
8477,ITIH2
8478,KIN
8479,PIGF
8480,ANKAR
8481,INPP1
8482,MFSD6
8483,RNF144A
8484,ASAP2
8485,ADAM17
8486,FLI1
8487,KCNJ1
8488,TMEM45B
8489,WWC2
8490,CENPU
8491,ACSL1
8492,SLC25A4
8493,AMN1
8494,BICD1
8495,SAV1
8496,CCDC122
8497,SERP2
8498,NBAS
8499,ZNF385D
8500,GUF1
8501,SLC35F4
8502,GABRA2
8503,SACS
8504,CCDC175
8505,PABPC3
8506,FBXO4
8507,CCL28
8508,PARP8
8509,GFRA1
8510,CACUL1
8511,DST
8512,BEND6
8513,TIAL1
8514,BAG3
8515,GLT1D1
8516,TMEM132D
8517,RBM46
8518,SCHIP1
8519,MCHR2
8520,KCNE4
8521,AP1S3
8522,RABGAP1L
8523,CCDC74B
8524,ASTN1
8525,FAM168B
8526,PTPN14
8527,MGAT5
8528,TMEM163
8529,GPATCH11
8530,HSPB8
8531,GEMIN6
8532,TMEM178A
8533,POU4F1
8534,CYSLTR2
8535,GRID2
8536,ARL11
8537,SETBP1
8538,ARL14EP
8539,EPG5
8540,PSTPIP2
8541,HAUS1
8542,SPC25
8543,PDK1
8544,PDE3B
8545,TCF7L1
8546,TGOLN2
8547,SH2D6
8548,KCNK13
8549,UHMK1
8550,ATG10
8551,POC5
8552,SPOCK1
8553,FAM151B
8554,TADA1
8555,GUCY1A2
8556,CWF19L2
8557,JMY
8558,HOMER1
8559,XRCC4
8560,BOLL
8561,ZNF547
8562,ZNF773
8563,ZNF776
8564,ZNF256
8565,SUV39H2
8566,DCLRE1C
8567,OLAH
8568,RPP38
8569,NMT2
8570,ZSCAN1
8571,ZNF837
8572,USP12
8573,CCDC50
8574,CAMK4
8575,TRIM36
8576,ZFP36L2
8577,PAN3
8578,PLEKHH2
8579,PFKM
8580,TMEM123
8581,IGSF10
8582,SPEF2
8583,SPARCL1
8584,DSPP
8585,DMP1
8586,MBNL1
8587,CAPSL
8588,NADK2
8589,GPD1L
8590,GJA1
8591,CCNO
8592,DDX4
8593,CLEC4F
8594,SLC30A6
8595,PELO
8596,RASGRP3
8597,SAR1B
8598,CATSPER3
8599,GPR180
8600,ANKRD22
8601,FARP1
8602,IFIT5
8603,SLC16A12
8604,PANK1
8605,PRDM8
8606,HNRNPDL
8607,HHEX
8608,UTRN
8609,GRM1
8610,GGPS1
8611,CNTNAP4
8612,ZNF117
8613,PART1
8614,RAB3C
8615,LMNTD1
8616,RAD17
8617,MED21
8618,PLOD2
8619,STK32B
8620,NRSN1
8621,JAKMIP1
8622,ZIC1
8623,ADGRA3
8624,CPB1
8625,SREK1IP1
8626,LGI2
8627,CWC27
8628,MR1
8629,SRP19
8630,CENPH
8631,CDYL
8632,CARHSP1
8633,TEKT5
8634,BANK1
8635,TXNDC11
8636,DAB2
8637,ACMSD
8638,ACOXL
8639,BCL2L11
8640,ANAPC1
8641,SCOC
8642,CLGN
8643,CETN3
8644,SMARCA5
8645,SYCP2L
8646,BMP6
8647,RGPD3
8648,RASSF3
8649,HNRNPU
8650,RANBP2
8651,AHCTF1
8652,MERTK
8653,TMEM87B
8654,PTPRR
8655,NR4A2
8656,CCDC148
8657,PLA2R1
8658,RBMS1
8659,SCN3A
8660,CD96
8661,SLC25A27
8662,ADGRF1
8663,ADGRF4
8664,FRMD1
8665,ASAP1
8666,TRAPPC8
8667,FAM81B
8668,LINC00467
8669,INO80C
8670,LPCAT1
8671,PLEKHG4B
8672,NMRAL1
8673,UBALD1
8674,C16orf89
8675,ING1
8676,TEX29
8677,ADPRHL1
8678,CMTM7
8679,FBXL2
8680,UBP1
8681,RMND5A
8682,CD8A
8683,RPIA
8684,PTPRD
8685,LURAP1L
8686,CNKSR3
8687,GTF2E1
8688,CFDP1
8689,TGIF2LX
8690,ZDHHC7
8691,JAZF1
8692,CMIP
8693,KCNJ16
8694,PID1
8695,TRIP12
8696,FBXO36
8697,CEBPG
8698,KCTD15
8699,ZNF599
8700,MCOLN2
8701,LGI4
8702,DDAH1
8703,SREK1
8704,CHD1
8705,ANKFN1
8706,DGKE
8707,HS2ST1
8708,MSI2
8709,CACNA2D1
8710,HS3ST3A1
8711,GDPD1
8712,NUS1
8713,SEMA3D
8714,PPP2R5E
8715,ASB17
8716,GRAP
8717,SLC5A10
8718,AK5
8719,CABYR
8720,IMPACT
8721,ANKRD29
8722,SDHAF4
8723,CHST9
8724,THY1
8725,DNAAF1
8726,C16orf74
8727,TBCEL
8728,JPH3
8729,ANKH
8730,OTULIN
8731,UBASH3B
8732,ROBO4
8733,ROBO3
8734,PANX3
8735,TBRG1
8736,NRGN
8737,CDH12
8738,ABI3BP
8739,ANGPT1
8740,PITPNC1
8741,CC2D1B
8742,CERS3
8743,PRKCA
8744,LRRK1
8745,CEP112
8746,ABCA9
8747,ABCA6
8748,ABCA10
8749,ABCA5
8750,ENPP3
8751,UCHL1
8752,MIA3
8753,DISP1
8754,TNIK
8755,NEIL2
8756,PGM5
8757,WNT3A
8758,OBSCN
8759,TRIM11
8760,ENAH
8761,PPP1R3A
8762,CCSAP
8763,ASZ1
8764,SH3RF1
8765,GBP5
8766,BUB3
8767,GPR26
8768,MMP21
8769,C10orf90
8770,CNTNAP3B
8771,MAGED4
8772,SRSF12
8773,PDLIM3
8774,SORBS2
8775,LY96
8776,PSMA8
8777,TMSB4Y
8778,CXADR
8779,C21orf91
8780,CHODL
8781,TMPRSS15
8782,NCAM2
8783,L3MBTL4
8784,PDE1C
8785,RABGEF1
8786,MRPL39
8787,JAM2
8788,GABPA
8789,ADAMTS1
8790,ADAMTS5
8791,TSEN2
8792,SLFN13
8793,WNT7A
8794,XPC
8795,CCDC174
8796,FGD5
8797,FLCN
8798,DPH3
8799,OXNAD1
8800,PLCL2
8801,CXXC1
8802,PPP4R1
8803,APCDD1
8804,PIEZO2
8805,MPPE1
8806,USP43
8807,RAB6B
8808,EME1
8809,EPHB1
8810,ACSS1
8811,ANKRD40
8812,ZNF18
8813,CA10
8814,VOPP1
8815,APOOL
8816,DKK2
8817,CYP2U1
8818,RSPH10B
8819,FBXL18
8820,CNTNAP5
8821,AK9
8822,KLF10
8823,AZIN1
8824,ATP6V1C1
8825,OTUD6B
8826,CDK19
8827,GTF3C6
8828,TTC39B
8829,AGPAT5
8830,MMS19
8831,PI4K2A
8832,MARVELD1
8833,ZFYVE27
8834,GOLGA7B
8835,GPR78
8836,TRMT44
8837,SLC25A28
8838,HSPA13
8839,SAMSN1
8840,USP25
8841,ZCCHC10
8842,C16orf87
8843,MOV10
8844,RHOC
8845,PPM1J
8846,DBI
8847,SLC16A1
8848,HEATR3
8849,TRIM74
8850,NIFK
8851,OXA1L
8852,SLC7A7
8853,MAGEC1
8854,LARP1
8855,CNOT8
8856,LRGUK
8857,SETD9
8858,MIER3
8859,NUP205
8860,ZKSCAN2
8861,C9orf85
8862,XAGE2
8863,PIK3AP1
8864,RBM45
8865,TTN
8866,VSIG4
8867,PDIA4
8868,KDM8
8869,KCTD18
8870,TMEM237
8871,FZD7
8872,SPAG17
8873,DEPTOR
8874,FMN2
8875,RNF20
8876,PPARGC1B
8877,ELMO1
8878,SLC26A2
8879,LSM11
8880,MED7
8881,SAXO1
8882,RRAGA
8883,SLC24A2
8884,TRIM42
8885,PXYLP1
8886,ADCY8
8887,RASA2
8888,RMND1
8889,RAET1L
8890,SLA
8891,TMBIM4
8892,VBP1
8893,RAB39B
8894,CLIC2
8895,AFF2
8896,MICU3
8897,GRIP1
8898,VPS37A
8899,KIF5A
8900,NAT2
8901,MAGEA8
8902,PSD3
8903,CARNMT1
8904,MCU
8905,CFAP70
8906,GNA14
8907,FAM161B
8908,GNAQ
8909,WIF1
8910,UGT2B4
8911,MMP16
8912,ADK
8913,KCNMA1
8914,BATF
8915,DCK
8916,ADAMTS3
8917,ALX3
8918,DPY19L4
8919,NDUFAF6
8920,DRAM2
8921,PPEF2
8922,CFAP161
8923,ART3
8924,SLC28A1
8925,WHAMM
8926,CXCL13
8927,USP16
8928,CCT8
8929,MAP3K7CL
8930,NAA11
8931,BACH1
8932,TSPAN7
8933,TIAM1
8934,SCAF4
8935,RPGR
8936,CDK20
8937,PCGF6
8938,ANKRD9
8939,SFR1
8940,SORCS3
8941,SFXN2
8942,FUT6
8943,TDRD9
8944,FGF18
8945,PCDH1
8946,SH3RF2
8947,GDF6
8948,UQCRB
8949,MTERF3
8950,PTDSS1
8951,PPP2R2B
8952,RPL30
8953,KCNS2
8954,SUPV3L1
8955,EEF1A1
8956,FBXO43
8957,HKDC1
8958,HK1
8959,TYSND1
8960,PHF6
8961,CD109
8962,LRFN2
8963,NODAL
8964,UBE2L6
8965,ZDHHC5
8966,MED19
8967,ZFAND3
8968,NPTN
8969,SAMD8
8970,RAB11FIP1
8971,UNC5D
8972,GLYATL2
8973,UTP14A
8974,AIFM1
8975,MAPK13
8976,BAG4
8977,MS4A1
8978,TBC1D31
8979,ATAD2
8980,FBXO32
8981,NSMCE2
8982,ZNF689
8983,PRR14
8984,FBRS
8985,FRRS1
8986,PHKG2
8987,SASS6
8988,COX6A2
8989,ITGAD
8990,ZIC3
8991,MALSU1
8992,VPS8
8993,GALK2
8994,LHFPL4
8995,B3GNT7
8996,BUB1B
8997,PDE6D
8998,EIF4A2
8999,BRPF1
9000,RPUSD3
9001,SST
9002,TATDN2
9003,GHRL
9004,SEC13
9005,EXOG
9006,SHCBP1L
9007,NMNAT2
9008,ZFYVE9
9009,ATP2B2
9010,LYZL4
9011,SLC6A1
9012,SMG1
9013,FCHO2
9014,RBPMS
9015,TMEM171
9016,KLHL40
9017,C8A
9018,TIMP4
9019,SYN2
9020,NRG1
9021,CPT2
9022,LRP8
9023,PAXIP1
9024,STEAP2
9025,SSBP3
9026,HTR5A
9027,CLDN12
9028,MMP14
9029,FZD1
9030,GATAD1
9031,SUSD3
9032,TMED6
9033,CLEC18A
9034,DHRS4
9035,CLEC18C
9036,ARMC12
9037,DDX19B
9038,ST3GAL2
9039,IL34
9040,DHRS1
9041,CACNA1D
9042,KIT
9043,HYDIN
9044,AASDH
9045,ZNF19
9046,CACNA2D3
9047,RNF111
9048,CCNB2
9049,FAM81A
9050,MYO1E
9051,APPL1
9052,AFAP1L1
9053,TSC22D3
9054,DYRK1A
9055,KCNJ6
9056,KCNJ15
9057,ERG
9058,ETS2
9059,TSPAN18
9060,LCA5L
9061,SLC35B2
9062,TMEM164
9063,MX1
9064,CREB3L1
9065,C2CD2
9066,TAB3
9067,SLC38A10
9068,C9orf43
9069,ZNF618
9070,DGKI
9071,SVOPL
9072,SNX22
9073,UBN2
9074,BRAF
9075,SLC34A2
9076,ACAN
9077,PSMG3
9078,CABP1
9079,WDR19
9080,SLC37A3
9081,AP3S2
9082,FMNL2
9083,GAREM2
9084,SPPL3
9085,DPYSL5
9086,DRC1
9087,RAB28
9088,PANK4
9089,CIB4
9090,MEGF11
9091,C12orf43
9092,PEX10
9093,RER1
9094,RADIL
9095,SKI
9096,WIPI2
9097,LDLRAP1
9098,AGAP1
9099,KRTCAP3
9100,ANKRD61
9101,PAFAH2
9102,EXTL1
9103,SLC30A2
9104,MRPL17
9105,DUSP2
9106,GRHL3
9107,UBXN11
9108,NLRP14
9109,PTPDC1
9110,GALNT14
9111,NCK1
9112,HPD
9113,RHPN1
9114,TPRG1L
9115,LRRC43
9116,XDH
9117,XKR8
9118,CNNM4
9119,EYA3
9120,DZIP1L
9121,TMSB15A
9122,FANCC
9123,MRAS
9124,WASF2
9125,ABHD3
9126,ESYT3
9127,FAIM
9128,CLSTN2
9129,COLEC12
9130,RNF207
9131,CUL4B
9132,GPR153
9133,SLC13A3
9134,GPRASP2
9135,RHBDL2
9136,AUTS2
9137,SHROOM4
9138,CDC25C
9139,MITD1
9140,EIF5B
9141,RIBC1
9142,TMSB15B
9143,CATIP
9144,CNOT11
9145,KCNB1
9146,TSPAN33
9147,NRG2
9148,AHCYL2
9149,B4GALT5
9150,CD1D
9151,CD1A
9152,SPATA2
9153,CD1C
9154,CD1B
9155,DNAH3
9156,CD1E
9157,HMHB1
9158,CPA2
9159,NCF1
9160,CPA5
9161,TSR2
9162,PPP1R9A
9163,ZC3H18
9164,ZFAND2B
9165,POM121L2
9166,GDPD5
9167,DYNC1I1
9168,PFKFB1
9169,ALAS2
9170,TMED4
9171,PPP1R15B
9172,COPG2
9173,EMSY
9174,PAGE5
9175,GPAT4
9176,PKD1L1
9177,ZSCAN12
9178,TAGLN2
9179,ELK4
9180,SLAMF8
9181,SLC45A3
9182,DUSP23
9183,RNF166
9184,NBL1
9185,ITLN2
9186,F11R
9187,USF1
9188,PLA2G2F
9189,SPATA2L
9190,NIT1
9191,DEDD
9192,ZNF276
9193,NPM2
9194,EDA
9195,FGF17
9196,VWA5B1
9197,CDA
9198,PINK1
9199,B4GALT3
9200,DMTN
9201,ADAMTS4
9202,NDUFS2
9203,FCER1G
9204,APOA2
9205,TOMM40L
9206,MPZ
9207,CCAR2
9208,CACHD1
9209,CDC42SE2
9210,RAPGEF6
9211,EPB41
9212,MIS18A
9213,ALG8
9214,FBXW5
9215,SYNJ1
9216,IFNAR2
9217,MRPL10
9218,IFNGR2
9219,SON
9220,DONSON
9221,SV2A
9222,LAD1
9223,STC1
9224,TNNI1
9225,CSRP1
9226,PRAC1
9227,HOXB13
9228,C1QC
9229,KCNE2
9230,RCAN1
9231,UBE2Z
9232,CIART
9233,SNF8
9234,CLIC6
9235,CCDC24
9236,RUNX1
9237,IGF2BP1
9238,GIP
9239,CBR1
9240,CBR3
9241,GJD2
9242,ACTC1
9243,MORC3
9244,CHAF1B
9245,CLDN14
9246,SIM2
9247,HLCS
9248,GOLGA6A
9249,SCUBE1
9250,ADPGK
9251,PTMS
9252,PLA2G4D
9253,PADI4
9254,ADIPOR1
9255,CYB5R1
9256,PSMD4
9257,ATP13A2
9258,M1AP
9259,PSMB4
9260,IRX6
9261,BTG2
9262,HK2
9263,CELF3
9264,ALDH4A1
9265,STARD9
9266,THEM4
9267,TCHH
9268,UBR1
9269,AMFR
9270,MED8
9271,TGM7
9272,RGL4
9273,ISL2
9274,RSPRY1
9275,CCDC17
9276,GPBP1L1
9277,NAE1
9278,TMEM69
9279,ADGRG5
9280,DRC7
9281,ACE
9282,UROC1
9283,EFCAB14
9284,SPON2
9285,CHCHD6
9286,CTBP1
9287,LRRC36
9288,TPPP3
9289,ZDHHC1
9290,ATP6V0D1
9291,AGRP
9292,ZFYVE28
9293,C16orf86
9294,PIP
9295,FAM131B
9296,RGS12
9297,PSKH1
9298,ZYX
9299,LYPD5
9300,CCDC117
9301,ZNF230
9302,CCDC107
9303,ZNF222
9304,NPR2
9305,ZNF221
9306,ZNF233
9307,ZNF235
9308,GNE
9309,TNFRSF13C
9310,ARHGAP35
9311,PTGIR
9312,CALM3
9313,DFFA
9314,CCDC28B
9315,IQCC
9316,TMEM234
9317,BSDC1
9318,ZBTB8A
9319,ATAD3B
9320,SSU72
9321,UBE2J2
9322,ZNF362
9323,FNDC5
9324,CPAMD8
9325,NR2F6
9326,ANKLE1
9327,VMA21
9328,KALRN
9329,CILP2
9330,ABCG1
9331,TFF3
9332,TFF2
9333,TFF1
9334,TMPRSS3
9335,UBASH3A
9336,RSPH1
9337,SLC37A1
9338,PDE9A
9339,WDR4
9340,NDUFV3
9341,PKNOX1
9342,CBS
9343,U2AF1
9344,HSF2BP
9345,RRP1B
9346,PDXK
9347,G6PD
9348,CSTB
9349,RRP1
9350,AGPAT3
9351,TRAPPC10
9352,GAB3
9353,ICOSLG
9354,AIRE
9355,LRRC3
9356,ITGB2
9357,RALGDS
9358,SPATC1L
9359,LSS
9360,VAV2
9361,MCM3AP
9362,C21orf58
9363,PCNT
9364,DIP2A
9365,S100B
9366,PRMT2
9367,CLDND2
9368,ZNF208
9369,CACFD1
9370,ZNF761
9371,FCN2
9372,LCN1
9373,ZNF714
9374,GPSM1
9375,C19orf47
9376,HIPK4
9377,CFAP157
9378,TOR2A
9379,ST6GALNAC6
9380,SHKBP1
9381,ZER1
9382,ZDHHC12
9383,PKN3
9384,SPTBN4
9385,BRSK1
9386,COX6B2
9387,TMEM190
9388,NLRP4
9389,PLPP7
9390,TAOK1
9391,MED27
9392,DEDD2
9393,SIK3
9394,MPZL3
9395,JAML
9396,NEK8
9397,TLCD1
9398,PCSK7
9399,SAFB
9400,CD3G
9401,S100A1
9402,CHTOP
9403,CXCR5
9404,ZBTB7B
9405,FLAD1
9406,SHC1
9407,VPS11
9408,NLRX1
9409,ADAR
9410,IL6R
9411,UBE2Q1
9412,CHRNB2
9413,CRTC2
9414,ANO10
9415,FDPS
9416,RUSC1
9417,PAQR6
9418,PMF1
9419,SLC25A44
9420,LMNA
9421,CCR5
9422,NBEAL2
9423,CCDC12
9424,PTH1R
9425,UBQLN4
9426,MYL3
9427,PPP1R35
9428,GPATCH4
9429,LRRC71
9430,FCRL3
9431,AZGP1
9432,FGFR4
9433,CYP3A4
9434,CYP3A7
9435,NACC1
9436,CYP11B1
9437,HK3
9438,LY6K
9439,IER2
9440,ZNF394
9441,CPSF4
9442,LY6E
9443,VPS28
9444,TONSL
9445,PTGER1
9446,RECQL4
9447,LRRC14
9448,ZNF333
9449,COL26A1
9450,PPP1R16A
9451,FOXH1
9452,ORAI2
9453,ALKBH4
9454,SH2B2
9455,SQSTM1
9456,RPL8
9457,MAML1
9458,PGLYRP2
9459,LRWD1
9460,FBXL13
9461,NAPEPLD
9462,SCGB3A1
9463,PSMC2
9464,CELF5
9465,MFSD12
9466,YDJC
9467,CCDC116
9468,DVL3
9469,AP2M1
9470,ABCF3
9471,PCYT1A
9472,FBXO27
9473,DMKN
9474,U2AF1L4
9475,NPHS1
9476,THAP8
9477,COX7A1
9478,ZNF382
9479,LRRC56
9480,PLXDC1
9481,PGAP3
9482,IKZF3
9483,GRIN2C
9484,FDXR
9485,SAP30BP
9486,ACOX1
9487,PRPSAP1
9488,CYGB
9489,SRSF2
9490,ZNF577
9491,TMEM143
9492,KLHL10
9493,HCRT
9494,ALDH16A1
9495,DCD
9496,ITGA5
9497,SIGLEC11
9498,ZNF385A
9499,MPP3
9500,CD300LG
9501,IZUMO2
9502,NAGS
9503,LSM12
9504,ASB16
9505,EMC10
9506,JOSD2
9507,FAM171A2
9508,DBF4B
9509,PLCD3
9510,FMNL3
9511,AQP5
9512,RACGAP1
9513,LARP4
9514,RAVER1
9515,SYCE2
9516,SPC24
9517,IP6K3
9518,LEMD2
9519,ALOX15
9520,TREML1
9521,ZNF653
9522,MED11
9523,CXCL16
9524,SCIMP
9525,RNASEK-C17orf49
9526,BCL6B
9527,ASGR2
9528,TNFSF13
9529,SENP3
9530,EIF4A1
9531,RPL26
9532,CCDC42
9533,POLR3K
9534,SNRNP25
9535,PRR35
9536,WDR90
9537,JMJD8
9538,CCDC78
9539,SPSB3
9540,MEIOB
9541,CCNF
9542,TBC1D24
9543,AMDHD2
9544,PAQR4
9545,FLYWCH2
9546,ZNF75A
9547,ADCY9
9548,SHANK2
9549,CLPB
9550,NEU3
9551,CYB561A3
9552,ASRGL1
9553,GNG3
9554,UBXN1
9555,LBHD1
9556,TTC9C
9557,TAF6L
9558,NXF1
9559,STX5
9560,SLC25A45
9561,RPL29
9562,ITIH3
9563,SYVN1
9564,ZFPL1
9565,RPS6KA4
9566,LRP5
9567,TPCN2
9568,FGF19
9569,CYP4A22
9570,PDZK1IP1
9571,TAL1
9572,CMPK1
9573,BEND5
9574,ELAVL4
9575,COA7
9576,ZYG11B
9577,SLC1A7
9578,MAGOH
9579,ACOT11
9580,FAM151A
9581,PARS2
9582,BSND
9583,USP24
9584,PLPP3
9585,NOL9
9586,PRKAA2
9587,KLHL21
9588,ZSWIM5
9589,GMEB1
9590,SLC45A1
9591,AK4
9592,JAK1
9593,RAVER2
9594,CTRC
9595,LZIC
9596,RBP7
9597,FBLIM1
9598,TMEM82
9599,SLC25A34
9600,AKR7A3
9601,DRAXIN
9602,PDPN
9603,LRRC38
9604,DHRS3
9605,MATN1
9606,LAPTM5
9607,SDC3
9608,PEF1
9609,SYNC
9610,RBBP4
9611,TSSK3
9612,TMCO4
9613,UBXN10
9614,CAMK2N1
9615,ALPL
9616,WNT4
9617,TTLL10
9618,SCNN1D
9619,MXRA8
9620,FAAP20
9621,MEGF6
9622,IL23R
9623,DIRAS3
9624,C1orf87
9625,NFIA
9626,OMA1
9627,MYSM1
9628,TM2D1
9629,USP1
9630,FUBP1
9631,NEXN
9632,DNAJB4
9633,ADGRL4
9634,LRRIQ3
9635,TYW3
9636,LHX8
9637,SNX7
9638,B3GALT2
9639,NTNG1
9640,HENMT1
9641,AKNAD1
9642,C1orf52
9643,GBP2
9644,ATXN7L2
9645,GBP4
9646,ZNF326
9647,HFM1
9648,BRINP3
9649,GFI1
9650,KCNT2
9651,AGL
9652,VCAM1
9653,EXTL2
9654,SLC30A7
9655,ZNF281
9656,ARPC5
9657,CADM3
9658,NLRP3
9659,TRIM58
9660,SLAMF9
9661,IGSF8
9662,DDR2
9663,PEA15
9664,PEX19
9665,NCSTN
9666,VANGL2
9667,SLAMF6
9668,OLFML2B
9669,FCRLB
9670,FCGR3B
9671,SLC9C2
9672,KLHDC9
9673,C1orf74
9674,LMX1A
9675,LRRC52
9676,FLVCR1
9677,ATF3
9678,RBM15
9679,DENND2D
9680,AXDND1
9681,TDRD5
9682,IER5
9683,SNED1
9684,BPNT1
9685,SPATA17
9686,C1orf115
9687,BROX
9688,NBPF20
9689,ACP6
9690,WDR64
9691,TFB2M
9692,CNST
9693,PPP1R21
9694,KLHDC8A
9695,PM20D1
9696,PKDCC
9697,OXER1
9698,HAAO
9699,MAPKAPK2
9700,IL20
9701,IL24
9702,FCMR
9703,PIGR
9704,FCAMR
9705,CAPN2
9706,MRPL55
9707,WDR26
9708,REL
9709,PUS10
9710,PEX13
9711,TRIM17
9712,RFTN2
9713,DISC1
9714,CAPN13
9715,MEMO1
9716,DPY30
9717,TYW5
9718,KCNF1
9719,ARL5A
9720,KCNJ3
9721,NEUROD1
9722,CLHC1
9723,FRZB
9724,DUSP19
9725,CFAP36
9726,NUP35
9727,CCDC138
9728,FBXO41
9729,ACTG2
9730,SMC6
9731,VSNL1
9732,CCDC74A
9733,ANKRD30BL
9734,SLC16A14
9735,TEKT4
9736,EN1
9737,SGCB
9738,SPATA18
9739,CFAP221
9740,SGPP2
9741,INHBB
9742,XIRP2
9743,BBS5
9744,SMARCAD1
9745,HPGDS
9746,PDLIM5
9747,PDHA2
9748,STPG2
9749,NEURL3
9750,RPRD2
9751,ANKRD23
9752,CTSS
9753,MSX1
9754,PACRGL
9755,BNIPL
9756,C1QTNF7
9757,TNFAIP8L2
9758,LYSMD1
9759,SCNM1
9760,TMOD4
9761,VPS72
9762,ERCC3
9763,RNF149
9764,IWS1
9765,BOLA3
9766,CDC42EP3
9767,S100A11
9768,LCE3D
9769,SMCP
9770,SPRR3
9771,DHX57
9772,SPRR2D
9773,BMP10
9774,PGLYRP4
9775,ARHGAP25
9776,S100A9
9777,S100A12
9778,TGFA
9779,TDRD10
9780,CCNYL1
9781,FZD5
9782,CRYGC
9783,DCAF16
9784,NPPC
9785,GNPDA2
9786,ALPP
9787,GABRG1
9788,GABRB1
9789,PAQR3
9790,NIPAL1
9791,ALPI
9792,ANTXR2
9793,HELQ
9794,MRPS18C
9795,CGGBP1
9796,GPR155
9797,DAPL1
9798,PMVK
9799,PBXIP1
9800,CLDN1
9801,PYGO2
9802,HIPK1
9803,LENEP
9804,DCST2
9805,DCST1
9806,COL6A3
9807,LINC01116
9808,YY1AP1
9809,KBTBD8
9810,EOGT
9811,LMOD3
9812,POGLUT1
9813,SLC22A15
9814,IGFN1
9815,ATP1A1
9816,SLC15A2
9817,EIF4E3
9818,PROK2
9819,LRRC58
9820,FSTL1
9821,LMOD1
9822,ELF3
9823,PDCL2
9824,TMEM183A
9825,TMEM169
9826,IGFBP7
9827,TRIM46
9828,KRTCAP2
9829,CXCR1
9830,ARPC2
9831,TSACC
9832,CCT3
9833,TMEM79
9834,SSR2
9835,RNF25
9836,STK36
9837,ADORA1
9838,NEK10
9839,CCDC141
9840,FEV
9841,CRYBA2
9842,IHH
9843,EOMES
9844,CWC22
9845,AZI2
9846,TGFBR2
9847,RETNLB
9848,ANKZF1
9849,HDAC11
9850,FCRL4
9851,TRAT1
9852,FBLN2
9853,GLB1L
9854,STT3B
9855,CHCHD4
9856,DPPA2
9857,NFASC
9858,FCRL1
9859,SERPINI1
9860,CLASP2
9861,SUCLG1
9862,NUAK2
9863,SPTA1
9864,PRKCI
9865,MNDA
9866,PYHIN1
9867,IFI16
9868,AIM2
9869,EFHB
9870,EIF5A2
9871,SLC2A2
9872,RPL22L1
9873,FABP1
9874,PPM1L
9875,ICA1L
9876,CTLA4
9877,ICOS
9878,RYBP
9879,PPP4R2
9880,CD200R1
9881,GTPBP8
9882,SPICE1
9883,CCDC191
9884,CADPS
9885,NKX6-1
9886,CDS1
9887,WDFY3
9888,COX18
9889,PTPN13
9890,SYNPR
9891,ALB
9892,C3orf49
9893,THOC7
9894,ATXN7
9895,PSMD6
9896,PRICKLE2
9897,ADAMTS9
9898,PPM1K
9899,ERICH6
9900,CLRN1
9901,GMPS
9902,TIPARP
9903,CCNL1
9904,PTX3
9905,HESX1
9906,DCLK3
9907,SLMAP
9908,RPL9
9909,SMIM14
9910,RPP14
9911,ABHD6
9912,DNASE1L3
9913,RBM47
9914,APBB2
9915,IL17RE
9916,IL17RC
9917,CRELD1
9918,PRRT3
9919,PCOLCE2
9920,U2SURP
9921,MTMR14
9922,TTC14
9923,CXCL3
9924,CXCL5
9925,PPBP
9926,PF4
9927,MTHFD2L
9928,CXCL1
9929,RCHY1
9930,PLSCR2
9931,CCDC158
9932,CPA3
9933,GYG1
9934,HPS3
9935,TM4SF18
9936,TOPBP1
9937,RYK
9938,SNRK
9939,TCF23
9940,DNAJC5G
9941,UCN
9942,ZNF513
9943,SLC4A1AP
9944,PLB1
9945,SPDYA
9946,KIAA1143
9947,WDR43
9948,ZDHHC3
9949,CDCP1
9950,CLEC3B
9951,SLC6A20
9952,LZTFL1
9953,FYCO1
9954,CCR1
9955,RTP3
9956,LRRC2
9957,ELP6
9958,FBXO40
9959,DTX3L
9960,ZNF148
9961,NMNAT3
9962,SMIM12
9963,ZMYM6
9964,TPRA1
9965,YEATS2
9966,ZC3H12A
9967,MEAF6
9968,SNIP1
9969,DNALI1
9970,POLR2H
9971,KLF15
9972,CFAP100
9973,CAMK2N2
9974,LIPH
9975,TMEM41A
9976,RPN1
9977,SENP2
9978,HEYL
9979,IFT122
9980,RHO
9981,IGF2BP2-AS1
9982,RFC4
9983,RPL39L
9984,BAP1
9985,TKT
9986,PRKCD
9987,RFT1
9988,SFMBT1
9989,GNL3
9990,PBRM1
9991,UVSSA
9992,ARHGEF3
9993,SLBP
9994,LRPAP1
9995,ZDHHC19
9996,SLC51A
9997,UBXN7
9998,RNF168
9999,PIGX
10000,S100P
10001,ABLIM2
10002,EXO5
10003,CLDN19
10004,C1orf50
10005,ERMAP
10006,ZNF691
10007,AIMP1
10008,SGMS2
10009,METAP1
10010,DNAJB14
10011,EMCN
10012,SLC9B1
10013,SLC9B2
10014,BDH2
10015,PGRMC2
10016,CDC25A
10017,CAMP
10018,ZNF589
10019,PLXNB1
10020,CCDC51
10021,ATRIP
10022,SHISA5
10023,SPRY1
10024,BSN
10025,APEH
10026,INTU
10027,RNF123
10028,HSPA4L
10029,MFSD8
10030,ABHD18
10031,CAMKV
10032,MON1A
10033,MST1R
10034,RAD54L2
10035,TEX264
10036,GRM2
10037,DUSP7
10038,POC1A
10039,PPM1M
10040,ETNPPL
10041,WDR82
10042,PITX2
10043,PRSS12
10044,NDST3
10045,HMGB2
10046,SAP30
10047,SCRG1
10048,HAND2
10049,MAD2L1
10050,ANXA5
10051,ADAD1
10052,MAP9
10053,FBXO8
10054,CEP44
10055,HPGD
10056,ASB5
10057,TMEM144
10058,NPY1R
10059,NPY5R
10060,NAA15
10061,IL15
10062,ARFIP1
10063,ICE1
10064,HHIP
10065,ANAPC10
10066,ABCE1
10067,OTUD4
10068,LSM6
10069,TMEM184C
10070,PRMT9
10071,ITGA2
10072,MOCS2
10073,SLC45A2
10074,EDIL3
10075,TMEM161B
10076,ELOVL7
10077,NDUFAF2
10078,ZNF474
10079,LMBRD2
10080,RANBP3L
10081,NIPBL
10082,RNF180
10083,ADGRV1
10084,SLC25A46
10085,STARD4
10086,PGGT1B
10087,F2RL2
10088,CCDC112
10089,ANKRD33B
10090,CMBL
10091,C5orf63
10092,PRRC1
10093,F2RL1
10094,AGGF1
10095,WDR41
10096,NDUFS4
10097,SCGB3A2
10098,SPINK1
10099,HTR4
10100,ESM1
10101,GRPEL2
10102,CDC20B
10103,ARSK
10104,RHOBTB3
10105,GPX8
10106,TIGD6
10107,SPZ1
10108,SERINC5
10109,ENPP6
10110,CAGE1
10111,CASP3
10112,PRIMPOL
10113,ERAP1
10114,ERAP2
10115,CMYA5
10116,EGFLAM
10117,CFAP97
10118,CARTPT
10119,RICTOR
10120,EBF1
10121,ANKRA2
10122,UBLCP1
10123,FAM170A
10124,UTP15
10125,TLR3
10126,KLKB1
10127,NSA2
10128,GFM2
10129,TERT
10130,SLC6A18
10131,CCDC127
10132,FOXQ1
10133,LINC01600
10134,ACSL6
10135,CSF2
10136,SHROOM1
10137,GDF9
10138,UQCRQ
10139,LEAP2
10140,GJB7
10141,SLC35A1
10142,GRIK2
10143,FABP7
10144,TLX3
10145,TXLNB
10146,CITED2
10147,CREBRF
10148,DCBLD1
10149,SFXN1
10150,SAMD3
10151,TMEM200A
10152,IL22RA2
10153,DACT2
10154,PDSS2
10155,STXBP5
10156,IL31RA
10157,ANKRD55
10158,RAET1E
10159,PI16
10160,DAGLB
10161,STK17A
10162,TRA2A
10163,GALNT10
10164,SAP30L
10165,RPS14
10166,MYOZ3
10167,COG5
10168,GPR85
10169,SLU7
10170,RP9
10171,PTTG1
10172,CAMLG
10173,BMPER
10174,RELL2
10175,SMAD5-AS1
10176,KCNK5
10177,KIF6
10178,ZNF12
10179,SLC29A4
10180,STEAP1
10181,CDCA7L
10182,SP8
10183,MIOS
10184,USP49
10185,SYTL3
10186,IQUB
10187,HEY1
10188,ZNF704
10189,FABP5
10190,SHH
10191,TAGAP
10192,COL1A2
10193,FNDC1
10194,CHMP4C
10195,SLC13A4
10196,PGAM2
10197,BRI3
10198,LMTK2
10199,SLC35G3
10200,CTSB
10201,SOX17
10202,DLC1
10203,ADCY1
10204,C8orf48
10205,SUN3
10206,C7orf57
10207,HNF4G
10208,PEX2
10209,RAD21
10210,SLC30A8
10211,MED30
10212,TNFRSF11B
10213,SBSPON
10214,PHKG1
10215,EN2
10216,KCNV1
10217,CSMD3
10218,SPIDR
10219,ORC5
10220,DNAAF5
10221,OSGIN2
10222,SUN1
10223,OXR1
10224,TMEM74
10225,GPR146
10226,GPER1
10227,TMEM184A
10228,NOS3
10229,MICALL2
10230,CA3
10231,INTS1
10232,CDK5
10233,SLC4A2
10234,SLC7A13
10235,FASTK
10236,TMUB1
10237,PHAX
10238,ALDH7A1
10239,FOXK1
10240,COX6C
10241,OSR2
10242,YWHAZ
10243,BAALC
10244,FZD6
10245,CTHRC1
10246,SLC25A32
10247,DCAF13
10248,DCSTAMP
10249,TP53INP1
10250,INTS8
10251,FREM1
10252,GEM
10253,PDP1
10254,TMEM67
10255,RPP25L
10256,FAM219A
10257,SNAPC3
10258,NUDT2
10259,TMEM65
10260,PSIP1
10261,CCDC171
10262,UBAP1
10263,DIRAS2
10264,SYK
10265,NIPSNAP3B
10266,ABCA1
10267,NFIL3
10268,LETM2
10269,METTL2B
10270,PRKACG
10271,FXN
10272,ZMAT4
10273,NKX6-3
10274,TMEM71
10275,CPA6
10276,C8orf34
10277,TMC1
10278,ALDH1A1
10279,KDM1B
10280,HGSNAT
10281,RASEF
10282,GKAP1
10283,KIF27
10284,HNRNPK
10285,SVEP1
10286,ANKS6
10287,FBP1
10288,ZHX1
10289,CFAP47
10290,CYBB
10291,DYNLT3
10292,MID1IP1
10293,CXorf58
10294,KIAA1958
10295,PTCHD1
10296,RNF183
10297,ASB11
10298,PCDH19
10299,PIGA
10300,STRBP
10301,CLDN3
10302,GAPVD1
10303,CARD19
10304,WNK2
10305,ATP7A
10306,ZNF367
10307,NLGN4Y
10308,HDX
10309,NDUFB6
10310,AQP7
10311,NOL6
10312,AQP3
10313,TRMT10B
10314,VCP
10315,PIGO
10316,STOML2
10317,BRWD3
10318,SLITRK5
10319,MELK
10320,ARMC3
10321,OTUD1
10322,ARHGAP12
10323,FAT3
10324,HECTD2
10325,SLC7A3
10326,FBXO33
10327,CLDN2
10328,LRFN5
10329,SPTSSA
10330,WRN
10331,TSHR
10332,CFL2
10333,SUGT1
10334,GTF2A1
10335,ZCCHC24
10336,PGM2L1
10337,PHYHIPL
10338,SLC16A9
10339,FOLR2
10340,INPPL1
10341,PHOX2A
10342,MBL2
10343,GJB2
10344,CRYL1
10345,REEP3
10346,HEPACAM
10347,SKA3
10348,MICU2
10349,DDIAS
10350,PCF11
10351,PKNOX2
10352,RPL10L
10353,LRR1
10354,RPL36AL
10355,DNAAF2
10356,ZNF22
10357,KLHDC2
10358,EML5
10359,NEMF
10360,RPUSD4
10361,ARF6
10362,TTC8
10363,TMEM63C
10364,NGB
10365,NOXRED1
10366,CDX2
10367,AMER2
10368,AKR1E2
10369,KBTBD6
10370,SSX5
10371,SSX3
10372,OTX2
10373,FAAH2
10374,DRGX
10375,NUDT5
10376,DACT1
10377,OXGR1
10378,UCMA
10379,BEND7
10380,PRPF18
10381,TAF3
10382,VSTM4
10383,VDAC2
10384,SOHLH1
10385,COMTD1
10386,SLC18A2
10387,PDZD8
10388,ZNF503
10389,QSOX2
10390,FAM204A
10391,NSD1
10392,PRDX3
10393,ENOX2
10394,GHITM
10395,CLEC1B
10396,SNAPC4
10397,TMEM52B
10398,PMPCA
10399,FRMD7
10400,AK8
10401,TSC1
10402,GFI1B
10403,HPRT1
10404,ZMYND19
10405,STOX1
10406,RET
10407,DDX21
10408,BMS1
10409,STK32C
10410,FUNDC2
10411,METTL17
10412,SLC39A2
10413,NDRG2
10414,RNASE7
10415,ARHGEF40
10416,NSMF
10417,ZNF219
10418,C12orf50
10419,CASP7
10420,PPP1R36
10421,BTNL9
10422,CCDC186
10423,VWA2
10424,METTL3
10425,SALL2
10426,PRAP1
10427,TRUB1
10428,CYP2C19
10429,ZFYVE1
10430,HSPA12A
10431,FRAT1
10432,UBTD1
10433,ANKRD2
10434,E2F7
10435,ARHGAP42
10436,ISCA2
10437,OTOGL
10438,PACSIN3
10439,TTC7B
10440,SLC39A13
10441,PSMC3
10442,RAPSN
10443,AGBL2
10444,CPSF2
10445,SMCO2
10446,MOAP1
10447,SERPINA12
10448,CLMN
10449,PDZRN4
10450,CCDC38
10451,NELL1
10452,PTER
10453,CACNB2
10454,HACD1
10455,ARL5B
10456,SMCO4
10457,CEP295
10458,KCNC2
10459,TAF1D
10460,ABTB2
10461,R3HCC1L
10462,AMOTL1
10463,HTRA1
10464,LIPC
10465,CEP57
10466,TCP11L2
10467,PASD1
10468,SPRED1
10469,GPR176
10470,JAM3
10471,CMTM5
10472,GLB1L3
10473,ADAMTS15
10474,SVOP
10475,SPATA19
10476,GPT2
10477,AMN
10478,RAB8B
10479,IKBIP
10480,RPUSD2
10481,HIF1AN
10482,NDUFB8
10483,ZFYVE19
10484,PPP1R14D
10485,SPINT1
10486,FBN1
10487,AVPR1A
10488,DEPDC4
10489,BRD7
10490,CKB
10491,TRMT61A
10492,BTRC
10493,POLL
10494,BAG5
10495,DPCD
10496,LARP6
10497,API5
10498,ASPG
10499,ZNF319
10500,HPS6
10501,SENP8
10502,NOLC1
10503,ALKBH3
10504,COPS2
10505,GABRB3
10506,SPIC
10507,TBATA
10508,SGPL1
10509,FRS2
10510,CCT2
10511,PCBD1
10512,ARIH1
10513,CLMP
10514,SCN3B
10515,COX11
10516,ZNF202
10517,FAM227B
10518,STXBP4
10519,CYYR1
10520,CUL5
10521,MYRFL
10522,WBP1L
10523,BORCS7
10524,PLEKHF1
10525,TMEM100
10526,ANAPC16
10527,SMPD1
10528,APBB1
10529,SYNPO2L
10530,NUDT13
10531,C11orf65
10532,TRIM44
10533,ILK
10534,TAF10
10535,TPP1
10536,DCHS1
10537,NETO1
10538,MSS51
10539,CYB5A
10540,USP54
10541,RAG1
10542,WDR88
10543,PPFIBP2
10544,MOGAT2
10545,CYB5R2
10546,SERPINB7
10547,SERPINB8
10548,TUB
10549,RIC3
10550,LMO1
10551,IDH3A
10552,WDR72
10553,CRABP1
10554,PLD4
10555,ZMAT1
10556,XRRA1
10557,TRIM66
10558,RNF169
10559,RPL27A
10560,CDYL2
10561,TMEM130
10562,PRTG
10563,AKIP1
10564,C16orf46
10565,TMEM41B
10566,LEO1
10567,ZNF143
10568,TMX3
10569,MFAP4
10570,WEE1
10571,MAPK7
10572,PRKCB
10573,NDST2
10574,MCM7
10575,CLEC3A
10576,CCDC68
10577,CLEC4E
10578,ZNF3
10579,CLEC4D
10580,ZSCAN21
10581,RIMKLB
10582,A2ML1
10583,BEAN1
10584,TK2
10585,TMED3
10586,SLC38A8
10587,SEC11C
10588,GALR1
10589,TMEM135
10590,NDEL1
10591,CENPV
10592,CDH16
10593,RRAD
10594,CFAP52
10595,HSP90B1
10596,MC4R
10597,BLCAP
10598,ATF7IP2
10599,MMP10
10600,TVP23A
10601,TMPRSS5
10602,COG1
10603,PLEKHA7
10604,ZNF606
10605,ZCCHC18
10606,B2M
10607,ZNF592
10608,HTR3A
10609,NNMT
10610,ACSM1
10611,AP1G1
10612,SLFN5
10613,CATSPER2
10614,ZNF667-AS1
10615,SAAL1
10616,YPEL4
10617,PPIB
10618,LDHC
10619,LDHAL6A
10620,FAM111A
10621,KIF7
10622,LDHD
10623,PLIN1
10624,PEX11A
10625,TMEM170A
10626,MESP1
10627,ANPEP
10628,SCNN1G
10629,RBPMS2
10630,NAV2
10631,ANKDD1A
10632,GLYATL1
10633,C18orf54
10634,DCTN5
10635,TERF2IP
10636,PLK1
10637,CLPX
10638,ZBTB39
10639,TAC3
10640,MYO1A
10641,CHP2
10642,NEMP1
10643,NAB2
10644,VPS39
10645,STAT6
10646,PATL1
10647,ELFN2
10648,STX3
10649,MRPL16
10650,PIP4K2C
10651,YWHAB
10652,MIR202HG
10653,SCG5
10654,NYAP1
10655,TSC22D4
10656,MS4A6E
10657,MS4A7
10658,MS4A14
10659,DIS3L
10660,CCNDBP1
10661,EPB42
10662,SMAD3
10663,MS4A8
10664,CCDC178
10665,MS4A15
10666,MAP1A
10667,RCCD1
10668,AKTIP
10669,MAPRE2
10670,EVA1C
10671,MBD6
10672,CNPY4
10673,PDIA3
10674,NUDT21
10675,NAT16
10676,NKX3-1
10677,SGSM1
10678,DUSP18
10679,TEF
10680,MEI1
10681,B4GALNT2
10682,PBX3
10683,GNGT2
10684,SNRPD1
10685,TTC16
10686,SUN5
10687,SAMD14
10688,PIP5KL1
10689,TMEM92
10690,ACSF2
10691,GOLGA2
10692,TRUB2
10693,COQ4
10694,SLC27A4
10695,URM1
10696,CERCAM
10697,DOLPP1
10698,ENDOG
10699,PRRX2
10700,UGT1A6
10701,C15orf39
10702,ISLR2
10703,SP2
10704,PRR15L
10705,COQ7
10706,GPRC5B
10707,CRK
10708,FBXO22
10709,TBC1D2B
10710,NOD2
10711,SNX20
10712,LOXHD1
10713,KATNAL2
10714,HDHD2
10715,ZNF91
10716,IGF2
10717,RNF214
10718,CDK12
10719,DPEP2
10720,DUS2
10721,POP5
10722,ENGASE
10723,RBFOX3
10724,CD3D
10725,TBC1D16
10726,MYO5B
10727,ART5
10728,ACAA2
10729,STIM1
10730,RRM1
10731,OR51E2
10732,TRIM68
10733,OR51B5
10734,OR51I1
10735,FN3K
10736,PRRT2
10737,ZNF23
10738,IRGQ
10739,ZNF226
10740,ZNF180
10741,ZNF668
10742,ZNF646
10743,VKORC1
10744,GNG8
10745,LPO
10746,CA4
10747,SMG8
10748,TPM4
10749,RAB8A
10750,GPX4
10751,MIDN
10752,JSRP1
10753,KLHL26
10754,GATAD2A
10755,MVD
10756,CDT1
10757,TRAPPC2L
10758,ANKRD11
10759,SPATA33
10760,PROCA1
10761,RPL13
10762,ZNF641
10763,CACNB3
10764,DHRS13
10765,TP53I13
10766,KMT2D
10767,CORO6
10768,RHEBL1
10769,TUBA1A
10770,TUBA1C
10771,ZNF610
10772,ZNF528
10773,ZNF701
10774,SERTAD3
10775,NCKAP5L
10776,RAB4B
10777,GPD1
10778,PROSER3
10779,CYP2S1
10780,AXL
10781,NFKBID
10782,ANKRD33
10783,CDC42EP5
10784,LAIR2
10785,TMEM145
10786,ZNF526
10787,TRAPPC9
10788,NLRP7
10789,ZNF146
10790,ZNF283
10791,PPP1R14A
10792,SPINT2
10793,C19orf33
10794,YIF1B
10795,DNAAF3
10796,PSCA
10797,ATCAY
10798,LY6D
10799,DAPK3
10800,EEF2
10801,TMIGD2
10802,CHAF1A
10803,UBXN6
10804,PLIN4
10805,SEMA6B
10806,ZNF444
10807,GLOD4
10808,GPT
10809,KIFC2
10810,SLC43A2
10811,SERPINF2
10812,SRR
10813,TSR1
10814,TRPV3
10815,HSD11B1L
10816,CYB5D2
10817,GGT6
10818,KLK1
10819,KLK4
10820,KLK2
10821,KLK5
10822,KLK6
10823,KLK11
10824,KLK13
10825,ZNF83
10826,KRT80
10827,KRT1
10828,ACER1
10829,OTUB1
10830,RCOR2
10831,ANGPTL4
10832,CD320
10833,SPRYD3
10834,IGFBP6
10835,SOAT2
10836,ZNF558
10837,NDUFV1
10838,CDK2AP2
10839,NUDT8
10840,TBX10
10841,PRDX2
10842,ZNF232
10843,MIS12
10844,CD300C
10845,CD300A
10846,TEKT1
10847,HID1
10848,TMEM88
10849,EVPL
10850,SRP68
10851,MGAT5B
10852,TMC8
10853,TK1
10854,TMEM68
10855,CYP7A1
10856,GSDMA
10857,GHDC
10858,FAM234A
10859,SOST
10860,RAB26
10861,MLST8
10862,E4F1
10863,DNASE1L2
10864,ECI1
10865,CASKIN1
10866,ABCA3
10867,KCTD5
10868,SRRM2
10869,ZNF597
10870,NLRC3
10871,SDHAF2
10872,DDB1
10873,VPS37C
10874,VWCE
10875,RAB3IL1
10876,BEST1
10877,FTH1
10878,BSCL2
10879,POLR2G
10880,SLC3A2
10881,ATG16L2
10882,C2CD3
10883,TRANK1
10884,TTC21A
10885,RPSA
10886,ENTPD3
10887,CTNNB1
10888,ULK4
10889,FADD
10890,LTBP3
10891,NAALADL1
10892,SAC3D1
10893,BATF2
10894,SLC22A11
10895,SF1
10896,MAP4K2
10897,CCDC88B
10898,SCARA3
10899,SCARA5
10900,PNOC
10901,COPS6
10902,PAFAH1B2
10903,ANKS3
10904,NUDT16L1
10905,KIAA1586
10906,RAB4A
10907,KCNJ4
10908,SETD5
10909,VASN
10910,FAM83B
10911,THAP9
10912,OR2C1
10913,RNF187
10914,HOOK3
10915,MAPK1IP1L
10916,DDIT4
10917,RBPJ
10918,LMBRD1
10919,ZCCHC4
10920,PTGDR
10921,TTC39C
10922,GLYCTK
10923,GNG4
10924,UBTD2
10925,NKIRAS2
10926,DNAJC7
10927,IRF2BP2
10928,PTF1A
10929,NT5DC2
10930,FOXI1
10931,COA6
10932,MGAT2
10933,BMI1
10934,THAP11
10935,MMADHC
10936,PDHB
10937,PXK
10938,PCMTD1
10939,KCTD6
10940,MPLKIP
10941,ACOX2
10942,FAM107A
10943,IRF2
10944,MOBP
10945,CX3CR1
10946,XIRP1
10947,INSM2
10948,DEGS2
10949,SCN11A
10950,LINC00917
10951,ARF4
10952,FILIP1L
10953,MFSD2A
10954,DTYMK
10955,TAP1
10956,ING5
10957,ATG4B
10958,BDKRB2
10959,MLKL
10960,RFWD3
10961,RHOH
10962,KLHL30
10963,COG7
10964,CDC40
10965,STIP1
10966,SCNN1B
10967,HR
10968,TXNDC2
10969,RAB31
10970,REEP4
10971,TNXB
10972,LGI3
10973,SFTPC
10974,BMP1
10975,ATXN2L
10976,PHYHIP
10977,CCDC110
10978,POLR3D
10979,FEN1
10980,MTCL1
10981,GBX2
10982,HEXIM2
10983,FNTA
10984,SERINC2
10985,TRAPPC11
10986,GFRA2
10987,ING2
10988,CDKN2AIP
10989,SNRNP48
10990,TMEM223
10991,SLC20A2
10992,CRYGA
10993,DYNLRB2
10994,TMUB2
10995,ADAM29
10996,STAT3
10997,ZSWIM1
10998,GDNF
10999,WFDC13
11000,AXIN2
11001,NDUFS5
11002,VWA3B
11003,ZNF30
11004,UGT3A2
11005,LDLRAD4
11006,KCTD19
11007,SLC16A4
11008,IL7R
11009,TMEM208
11010,LRP1B
11011,WFDC12
11012,AHCYL1
11013,DNAJC21
11014,PKIG
11015,NPNT
11016,LINC01620
11017,CA7
11018,FAM178B
11019,TSPY2
11020,SEMA4C
11021,CNNM3
11022,GSTM4
11023,TET2
11024,CXXC4
11025,TCTN2
11026,SHOX2
11027,PPIP5K1
11028,TSPAN5
11029,ABHD15
11030,ZBTB5
11031,CHTF8
11032,LCMT2
11033,IL12A
11034,ZNF507
11035,STX18
11036,NSG1
11037,ZBTB49
11038,GFM1
11039,FSTL5
11040,DDX19A
11041,ATOH8
11042,SOX14
11043,ANKRD49
11044,SFTPB
11045,USP39
11046,TNIP2
11047,C2orf68
11048,TMEM150A
11049,RNF181
11050,VAMP5
11051,BTNL3
11052,LRRC28
11053,MAT2A
11054,PLA2G4F
11055,ENHO
11056,ZNF608
11057,SLC35G2
11058,INPP5D
11059,LETM1
11060,TMEM129
11061,PPIC
11062,SPRY3
11063,CEP120
11064,STXBP6
11065,TM4SF20
11066,MFF
11067,GRM5
11068,LGALS9
11069,JMJD7-PLA2G4B
11070,CPLX1
11071,PXDC1
11072,SIGLEC7
11073,NTSR2
11074,E2F6
11075,FEM1B
11076,COMMD8
11077,UQCRFS1
11078,COL4A3
11079,MAP2K1
11080,KLK7
11081,IRS1
11082,MECP2
11083,VCX3A
11084,UPF3A
11085,ZBBX
11086,ACTBL2
11087,ROR2
11088,AR
11089,HSPBAP1
11090,ASMTL
11091,CHST14
11092,PARM1
11093,CSNK1G1
11094,FAM110B
11095,AFAP1L2
11096,ZNF354A
11097,ATF5
11098,UBE2V2
11099,GOT1L1
11100,ZBTB43
11101,CPT1C
11102,PCSK9
11103,XPO6
11104,GSG1L
11105,MN1
11106,APEX2
11107,NSMCE1
11108,CCDC126
11109,IL13
11110,RAB3B
11111,CD2BP2
11112,RSPO1
11113,RGS14
11114,TBC1D10B
11115,LMAN2
11116,GCSAML
11117,RAB24
11118,PRELID1
11119,THBS3
11120,CA5B
11121,SLC50A1
11122,EFNA1
11123,CXCL10
11124,SH3TC2
11125,CXCL11
11126,ZRSR2
11127,NMD3
11128,ADRB2
11129,B3GALNT1
11130,GPRIN1
11131,HSPB3
11132,KCNAB1
11133,MRPL1
11134,SHE
11135,NR0B1
11136,PGM2
11137,STK32A
11138,IL1RAPL1
11139,P2RY12
11140,OR5AU1
11141,PDILT
11142,UMOD
11143,GP2
11144,SLC33A1
11145,SNUPN
11146,CRADD
11147,SIN3A
11148,ARL13B
11149,RNASE2
11150,ELSPBP1
11151,RNASE3
11152,PTK2
11153,PTAFR
11154,PTPN9
11155,RNASE6
11156,NPR1
11157,KCNK9
11158,CXCL8
11159,SCN9A
11160,RASSF6
11161,COL22A1
11162,SDC2
11163,CD52
11164,MMGT1
11165,SPRR1B
11166,TM2D2
11167,HTRA4
11168,PLEKHA2
11169,CLIC4
11170,SLC38A11
11171,GPR183
11172,CRCT1
11173,CCDC8
11174,METTL15
11175,ZNF280A
11176,MUC15
11177,CT55
11178,ZEB2
11179,GJB1
11180,PCBP1
11181,HINT1
11182,DTWD2
11183,VPREB1
11184,CLIC3
11185,INO80E
11186,BNC1
11187,DFFB
11188,NFU1
11189,ANTXR1
11190,GKN1
11191,CKAP2L
11192,C15orf40
11193,PROKR1
11194,APLF
11195,BOLA2B
11196,RGPD8
11197,HIC2
11198,LUZP1
11199,DRD5
11200,BUB1
11201,SPNS1
11202,LRRC45
11203,CHRNA5
11204,MT1B
11205,AGPAT2
11206,ASPSCR1
11207,GP9
11208,FASN
11209,CNBP
11210,MT1E
11211,DUS1L
11212,GPS1
11213,RFNG
11214,DCXR
11215,ZNF32
11216,LDB2
11217,RAC3
11218,NRG4
11219,LIMS1
11220,TMEM266
11221,NLGN1
11222,TAPT1
11223,UGP2
11224,TAS2R1
11225,LINGO1
11226,HNRNPF
11227,BTD
11228,CSGALNACT2
11229,TACR3
11230,PCDH7
11231,ROBO1
11232,ONECUT1
11233,AVEN
11234,P2RY1
11235,CTNND2
11236,TRIM56
11237,MUC17
11238,AHSP
11239,WNT10B
11240,CALML6
11241,REPS2
11242,MUC3A
11243,SYAP1
11244,ITGAM
11245,PYDC1
11246,TPST1
11247,TM4SF4
11248,TOR1AIP2
11249,TM4SF1
11250,OTUD3
11251,OTUD7A
11252,GUSB
11253,BRD3
11254,ZFPM2
11255,ZNF764
11256,ZNF747
11257,ZNF768
11258,TAS1R3
11259,MAP3K2
11260,PUSL1
11261,SF3B5
11262,ZNF35
11263,TIGD4
11264,IFFO2
11265,NLGN2
11266,MYO7B
11267,CHD3
11268,TMEM154
11269,MYRIP
11270,ALCAM
11271,YWHAG
11272,UBE2E3
11273,CNTROB
11274,TRAPPC1
11275,ZPLD1
11276,KCNAB3
11277,SERPINA9
11278,FAM153A
11279,GPR37L1
11280,SIMC1
11281,TMEM192
11282,SPDYE5
11283,SERPINA6
11284,ZNF778
11285,NIPA1
11286,FOXD4
11287,UBE2E1
11288,HNRNPA3
11289,SIK2
11290,RNF150
11291,CCDC144A
11292,VGLL2
11293,HOXD4
11294,USP38
11295,SLC16A5
11296,NANP
11297,ANKK1
11298,ADRA1B
11299,ADPRM
11300,FABP6
11301,PWWP2A
11302,USP50
11303,USP47
11304,PDCD6IP
11305,ZNF212
11306,MRAP
11307,FAM161A
11308,ZNF282
11309,GLB1
11310,FAXDC2
11311,CRTAP
11312,HSPB2
11313,C7orf33
11314,CNGB3
11315,SLN
11316,CMTM8
11317,GABARAP
11318,LGALS9B
11319,STX8
11320,CDK1
11321,UBB
11322,NFRKB
11323,FABP4
11324,FRMPD2
11325,PRDM10
11326,B3GNT2
11327,FOS
11328,TMED10
11329,SETMAR
11330,SMAD1
11331,CST5
11332,CST2
11333,EMX2
11334,CST1
11335,TCAF2
11336,SEMA3E
11337,LRRN2
11338,SLC30A1
11339,DCLK2
11340,ZNF804A
11341,TMEM182
11342,VSTM2A
11343,KRT8
11344,KRT78
11345,ADORA2B
11346,SDR9C7
11347,MGMT
11348,KRT86
11349,NFXL1
11350,KRT75
11351,DENND5B
11352,CD14
11353,DNAJC18
11354,KRT6C
11355,SPATA24
11356,RALGAPB
11357,PYM1
11358,MZB1
11359,KRT4
11360,SLC23A1
11361,NPAS2
11362,KRT72
11363,KISS1
11364,LONRF2
11365,NUDT9
11366,HSD17B13
11367,PA2G4
11368,COX7B2
11369,ELOVL6
11370,KRT83
11371,PFKFB3
11372,TMC7
11373,ARL6IP1
11374,SERPINB9
11375,SMAGP
11376,CDH2
11377,IRX2
11378,EMB
11379,SIX2
11380,DLGAP1
11381,STAT2
11382,NUDCD2
11383,IRF2BP1
11384,HSPA4
11385,FOXA3
11386,SLC26A5
11387,COMMD5
11388,SGCD
11389,GTSF1
11390,ZNF16
11391,ARMC10
11392,RNF34
11393,ACYP2
11394,TRABD
11395,ATF7
11396,RASA4B
11397,SOCS6
11398,ZNF296
11399,HOXB9
11400,TTLL6
11401,POLH
11402,SYT9
11403,KCNS3
11404,RBMXL2
11405,KIF5B
11406,GPR37
11407,AKAP13
11408,CDCA4
11409,SDR16C5
11410,DYDC1
11411,CHCHD7
11412,HTRA3
11413,FOXN2
11414,LMOD2
11415,BFSP2
11416,USP32
11417,CEL
11418,PPM1D
11419,GPR27
11420,KBTBD2
11421,TRIAP1
11422,LSM3
11423,KIAA0232
11424,MTSS1
11425,TMEM43
11426,PLA2G1B
11427,CYTL1
11428,TRH
11429,GSTA4
11430,MSANTD4
11431,NDUFA3
11432,PAQR8
11433,NUDT6
11434,TANC2
11435,TEX13B
11436,PKHD1
11437,NCBP2L
11438,DNAJC24
11439,ZNF160
11440,ZNF415
11441,CEACAM3
11442,DCDC1
11443,HAS2
11444,PDGFD
11445,PLAC1
11446,DDI1
11447,S1PR1
11448,HS6ST2
11449,PYGO1
11450,LRRC8E
11451,PKIA
11452,TSNARE1
11453,FPR2
11454,FPR1
11455,FEZ2
11456,SOX7
11457,C11orf24
11458,MTM1
11459,OBP2B
11460,TRMT61B
11461,INSR
11462,MFN1
11463,GIMAP8
11464,NRTN
11465,KCNMB3
11466,FUT3
11467,KCNG3
11468,ATP6V0E2
11469,PRKCE
11470,JAGN1
11471,TADA3
11472,SOCS5
11473,MORN4
11474,ZNF672
11475,ZNF692
11476,NAIF1
11477,RBKS
11478,GRIK1
11479,TMEM126A
11480,TMEM126B
11481,TRIM8
11482,NETO2
11483,CDC42BPG
11484,SCAND1
11485,JUNB
11486,TMEM37
11487,UGT2B7
11488,LRG1
11489,SHCBP1
11490,SOSTDC1
11491,NPTX1
11492,FAM98B
11493,ZNF439
11494,ZNF440
11495,GAA
11496,CANT1
11497,KCNK3
11498,ZDHHC16
11499,CHST11
11500,EXOSC1
11501,PGAM1
11502,CHD7
11503,ESCO2
11504,KRT19
11505,KRT15
11506,LURAP1
11507,CLCN5
11508,TPPP
11509,KCND3
11510,APLN
11511,KRT13
11512,XAGE3
11513,KRT9
11514,XAGE5
11515,PDE7B
11516,MRPL36
11517,ZNF581
11518,NAT1
11519,GLOD5
11520,KSR2
11521,ZNF524
11522,MCC
11523,KRT27
11524,ZBTB26
11525,CDK5R2
11526,DSEL
11527,POLR1C
11528,ASXL1
11529,DLK2
11530,ZNF562
11531,ZNF318
11532,ZNF561
11533,WIPF2
11534,HOPX
11535,NLRP5
11536,LRRC8C
11537,RSL1D1
11538,LRRC8D
11539,MROH2B
11540,PPID
11541,COL24A1
11542,ETFDH
11543,RXFP1
11544,LPAR3
11545,PTGER4
11546,TBCA
11547,NEUROD2
11548,MAP6
11549,OTP
11550,ECEL1
11551,BCL2L1
11552,FGG
11553,FGA
11554,OR2AT4
11555,FGB
11556,PLRG1
11557,ZNF584
11558,DSCAM
11559,DNAI2
11560,NMUR1
11561,CLSTN1
11562,CXXC5
11563,ZNF274
11564,PIK3CD
11565,PTCRA
11566,SLC25A33
11567,ENC1
11568,SPSB1
11569,P2RY6
11570,BPTF
11571,S100Z
11572,ZIK1
11573,GPR82
11574,GPR34
11575,SHANK2-AS3
11576,PLEKHG5
11577,ATF7IP
11578,LKAAEAR1
11579,RGS19
11580,TCEA2
11581,ANO5
11582,HDAC3
11583,GPHN
11584,VAT1L
11585,TMEM51
11586,CAMTA1
11587,LRRC34
11588,PAH
11589,GATM
11590,SYCE1
11591,RASGRP4
11592,NHLH1
11593,SLFNL1
11594,BCL2
11595,RHNO1
11596,CTPS1
11597,UTF1
11598,KNDC1
11599,WDR87
11600,METTL18
11601,CFAP46
11602,COL8A2
11603,PWWP2B
11604,PCDHB1
11605,ZNF540
11606,FBXL14
11607,EXOSC10
11608,ZNF570
11609,NINJ2
11610,MLLT3
11611,FAM90A1
11612,RRM2
11613,IFNB1
11614,RPS21
11615,C3AR1
11616,RPS7
11617,PRND
11618,RNASEH1
11619,PRNP
11620,ADRA1D
11621,FRMD5
11622,AQP4
11623,CYP4F11
11624,TLN2
11625,LGALS9C
11626,TVP23B
11627,FBXW10
11628,ZNF217
11629,SRGAP2C
11630,SCG2
11631,ATPAF2
11632,CYP4F22
11633,FOXB1
11634,PPIH
11635,DRC3
11636,ZNF57
11637,JMJD1C
11638,LDHAL6B
11639,SYNPO
11640,ZNF556
11641,MAL
11642,ZNF554
11643,RAB33B
11644,THOP1
11645,REG3A
11646,GAP43
11647,REG1B
11648,EPHX4
11649,LAMB2
11650,USP19
11651,ORMDL3
11652,SERF1A
11653,KLF11
11654,LRRC15
11655,EIF2AK3
11656,MOB3A
11657,KRCC1
11658,NME6
11659,CYCS
11660,CD8B
11661,SLFN12
11662,CALB2
11663,SLC9C1
11664,CCL11
11665,FRMD3
11666,SNTB1
11667,MTBP
11668,TEFM
11669,MRPL13
11670,MALT1
11671,PRL
11672,ISG20
11673,MBOAT1
11674,ID4
11675,CXCR6
11676,CEBPB
11677,TPSAB1
11678,PAIP1
11679,CLEC7A
11680,C5orf34
11681,C1QTNF4
11682,NEGR1
11683,ZNF131
11684,MACROD2
11685,DPAGT1
11686,BSG
11687,HINFP
11688,CERS6
11689,SPTLC3
11690,COPRS
11691,TP53RK
11692,B3GALT1
11693,CLEC12A
11694,BPGM
11695,POP7
11696,ALG14
11697,SUCLG2
11698,STARD5
11699,CSDC2
11700,RCAN2
11701,IL16
11702,ABCG4
11703,GNB2
11704,CFAP53
11705,OR5B12
11706,C2CD2L
11707,ARNT2
11708,GNG12
11709,PRSS27
11710,MYOZ2
11711,SYNPO2
11712,DNAJB7
11713,CLP1
11714,EFCAB3
11715,TTC36
11716,RSPH9
11717,GTPBP2
11718,FGGY
11719,IL17D
11720,TCEAL1
11721,ZNF24
11722,MANEA
11723,RAB40A
11724,AGXT
11725,AFF1
11726,ACOT12
11727,FIBP
11728,CARNS1
11729,BANP
11730,PPP1CA
11731,HCFC1
11732,FAM170B
11733,CTSW
11734,NIPAL4
11735,MUCL1
11736,SNTG2
11737,FNDC9
11738,PDE3A
11739,RASGRP1
11740,KLHL6
11741,CHCHD1
11742,MRPL52
11743,SMPDL3A
11744,RND1
11745,RAD9A
11746,EFEMP2
11747,AGAP5
11748,TMEM134
11749,ZMAT3
11750,ZFAND4
11751,ZNF738
11752,MS4A10
11753,SLFN11
11754,CCL19
11755,CORO1B
11756,LRRC20
11757,MUS81
11758,PURG
11759,TMEM217
11760,ZNF596
11761,COL6A5
11762,CFL1
11763,TMCC1
11764,NAA16
11765,EFCAB12
11766,RAB43
11767,FADS6
11768,HOXC5
11769,RAB37
11770,DCP2
11771,SNX32
11772,RPL38
11773,CYP7B1
11774,OVOL1
11775,RARG
11776,CES4A
11777,CES3
11778,SSH3
11779,CES2
11780,PDP2
11781,SP3
11782,KRT2
11783,DMXL1
11784,ZNF621
11785,EGFL7
11786,NADSYN1
11787,DHCR7
11788,LVRN
11789,NBEA
11790,RNASEH2C
11791,MYEOV
11792,ANKRD13D
11793,MRGPRF
11794,MYD88
11795,OXSR1
11796,SLC22A13
11797,PHF8
11798,LCLAT1
11799,ADH6
11800,MIR4435-2HG
11801,XKR3
11802,FRG2C
11803,KAT5
11804,SH3RF3
11805,GXYLT2
11806,HPSE2
11807,DCAKD
11808,ARPP21
11809,TADA2B
11810,RELA
11811,EVC2
11812,ZNF680
11813,HECTD4
11814,FAM222B
11815,BNC2
11816,RXFP4
11817,HPSE
11818,COQ2
11819,CCDC63
11820,HSPA6
11821,TRMT112
11822,LRRN3
11823,KDM2A
11824,ACSM6
11825,ADCK5
11826,MRPL57
11827,NOC3L
11828,ESRRA
11829,RHOD
11830,ADAMTS20
11831,COMMD1
11832,RAPH1
11833,MTX1
11834,ADCY5
11835,PARP14
11836,CYSLTR1
11837,PARP15
11838,CKS1B
11839,ABCD2
11840,ABLIM3
11841,MAB21L3
11842,VANGL1
11843,GLRX
11844,IQCB1
11845,SYT12
11846,GOLGB1
11847,C11orf86
11848,DMRT2
11849,ZNF483
11850,PLAC8L1
11851,SLC2A14
11852,GPR137
11853,SNCG
11854,MMRN2
11855,MZT2A
11856,TNKS
11857,ZNF449
11858,ZBTB21
11859,PPP1R3B
11860,STOX2
11861,MAP3K11
11862,TRIB1
11863,KCNK7
11864,SFT2D3
11865,C1QB
11866,C1QA
11867,NDNF
11868,IQCF1
11869,OLR1
11870,GLIPR1L1
11871,DAG1
11872,INSM1
11873,DAB1
11874,ARV1
11875,NAA20
11876,EHBP1L1
11877,THAP2
11878,RNF26
11879,PPP1R14B
11880,AGR3
11881,SMARCC1
11882,ZNF417
11883,PTPRM
11884,FKBP2
11885,VEGFB
11886,PEAK1
11887,TNFRSF10D
11888,MST1
11889,TNFRSF10C
11890,GMPPB
11891,MOB1B
11892,ZNF622
11893,CSPG4
11894,SNX33
11895,NABP1
11896,ADGRF3
11897,NLRP13
11898,CHD2
11899,XCR1
11900,CCDC106
11901,CCR9
11902,CEP83
11903,SULT1B1
11904,NUDT4
11905,PC
11906,UGT2A1
11907,SCAI
11908,GPRC6A
11909,NMNAT1
11910,LRFN4
11911,TRAPPC3L
11912,APOBEC4
11913,SLC19A1
11914,HSPB7
11915,RCE1
11916,UQCRH
11917,TAS1R1
11918,EIF1AX
11919,PSMD1
11920,ADGRG2
11921,MUC13
11922,SUSD5
11923,HEG1
11924,WFIKKN2
11925,TOMM20
11926,AGFG1
11927,STAT5B
11928,CD7
11929,TOPAZ1
11930,CNP
11931,JUP
11932,HAP1
11933,TDRD12
11934,CCDC13-AS1
11935,EIF1
11936,ENDOV
11937,RNF213
11938,TIGD3
11939,KCNH6
11940,PLK3
11941,NET1
11942,DPY19L1
11943,PHOSPHO1
11944,ZNF791
11945,PHC3
11946,GPR160
11947,CBX2
11948,SPTBN2
11949,GOLIM4
11950,KRT28
11951,RBM4B
11952,HOXB2
11953,C1QTNF1
11954,SWSAP1
11955,SLCO4C1
11956,RBM4
11957,XXYLT1
11958,UBXN2A
11959,LRRC63
11960,TCAP
11961,CCS
11962,NRROS
11963,CEP19
11964,KLHL15
11965,FBXO45
11966,GNG5
11967,SLC25A30
11968,CD34
11969,CTSF
11970,MSRB3
11971,LEMD3
11972,TLR10
11973,TLR1
11974,TLR6
11975,FAM174A
11976,RGMB
11977,FAM53A
11978,NWD2
11979,CYB561D1
11980,GSTA3
11981,ZDHHC24
11982,TRMT10C
11983,SELP
11984,CTU2
11985,MGA
11986,SNX31
11987,PIGG
11988,ADCY6
11989,REP15
11990,PITPNA
11991,DDX23
11992,ZNF80
11993,ZNHIT2
11994,TNK1
11995,ZHX3
11996,PHLDA3
11997,SLC16A11
11998,SLC16A13
11999,GLIS1
12000,PODN
12001,SLC6A19
12002,EXO1
12003,RALGAPA1
12004,LIG4
12005,GTF2IRD2B
12006,ABRA
12007,ATP2A2
12008,ZWILCH
12009,RPL4
12010,SNAPC5
12011,STARD6
12012,GOLGA6L2
12013,C12orf76
12014,ZCCHC12
12015,CNTNAP2
12016,GALNTL6
12017,LINGO2
12018,BBS1
12019,DENND4A
12020,IGDCC3
12021,ANKRD36C
12022,SLC26A9
12023,PELI3
12024,TTC9B
12025,MYO1H
12026,TMEM81
12027,MRPL11
12028,KLK15
12029,IL20RB
12030,GOLT1A
12031,AKIRIN1
12032,NPAS4
12033,MSL2
12034,ZNF497
12035,TRAM1L1
12036,CMKLR1
12037,ANGEL2
12038,UGT8
12039,KY
12040,IQCK
12041,SLCO2A1
12042,ZNF266
12043,SLC29A2
12044,B4GAT1
12045,TMEM167A
12046,LEP
12047,SH3PXD2B
12048,LARP7
12049,FGFBP3
12050,NR1D2
12051,PABPC5
12052,BRMS1
12053,RPL15
12054,WDR49
12055,SRP72
12056,PCP2
12057,RIN1
12058,THAP6
12059,CEP135
12060,FZD4
12061,CD248
12062,BTC
12063,PDZK1
12064,ADGRE1
12065,DENND6A
12066,PDE12
12067,GLMN
12068,DNAH12
12069,YIF1A
12070,CNIH2
12071,NLRP6
12072,NDUFA11
12073,RSRC1
12074,CATSPERD
12075,RAB1B
12076,C3orf33
12077,SEZ6L2
12078,ASPHD1
12079,KCTD13
12080,P2RY14
12081,AMZ1
12082,GPR171
12083,CD164L2
12084,FUT1
12085,ZIC4
12086,FBXW8
12087,CA5A
12088,ZG16
12089,KLC2
12090,SLC22A1
12091,CTBP2
12092,CHST2
12093,ZDHHC14
12094,ATR
12095,UBE2C
12096,DSG4
12097,GK5
12098,VCPIP1
12099,DES
12100,PDIK1L
12101,SPSB4
12102,TRAF6
12103,ZNF654
12104,TVP23C
12105,MRPS22
12106,PACS1
12107,WFDC5
12108,MARCKSL1
12109,SH3BP5L
12110,TMEM51-AS1
12111,YPEL2
12112,CADM2
12113,PSMD2
12114,PPM1E
12115,FAM131A
12116,CSRP2
12117,INHBC
12118,PARL
12119,DDIT3
12120,PCCA
12121,HIGD2B
12122,DCTN2
12123,NPPA
12124,ZNF408
12125,CTDSP2
12126,CKAP5
12127,ARHGAP1
12128,ATG13
12129,GAL3ST3
12130,CHST1
12131,VWA3A
12132,TP53I11
12133,DOLK
12134,PHYHD1
12135,CATSPER1
12136,CCNE2
12137,PHYKPL
12138,CST6
12139,ZNF519
12140,LSM1
12141,ISX
12142,BANF1
12143,APOF
12144,CHRNA7
12145,TMEM9B
12146,NRIP3
12147,PTPN2
12148,SCUBE2
12149,EIF1AD
12150,SMAD2
12151,EIF3F
12152,ZNF25
12153,ARL10
12154,CLTB
12155,PCSK1
12156,LPL
12157,RFESD
12158,CCDC14
12159,TBC1D10C
12160,SART1
12161,PPP2R2D
12162,MCTP1
12163,POLD4
12164,LRRC25
12165,DPP10
12166,CLCF1
12167,TSGA10IP
12168,UBQLNL
12169,PNLIP
12170,LIPT2
12171,KCNE3
12172,CABP4
12173,ALG10B
12174,DRAP1
12175,LONRF3
12176,UCP3
12177,UCP2
12178,C11orf68
12179,PAAF1
12180,MRPL48
12181,RAB6A
12182,P2RY2
12183,FOSL1
12184,ERCC4
12185,SUGCT
12186,CCDC85B
12187,TMEM70
12188,RPS6KB2
12189,RMI2
12190,PRM1
12191,TOM1L2
12192,TEX26
12193,ZNF77
12194,GPR156
12195,KDF1
12196,NR2F1
12197,AURKAIP1
12198,TTLL11
12199,TOMM5
12200,LINC01106
12201,SLC35E3
12202,ZNF169
12203,RUVBL1
12204,SFN
12205,CTDNEP1
12206,ETV4
12207,SWI5
12208,GAPT
12209,BAIAP2
12210,CALCB
12211,CREG2
12212,HOXD8
12213,ZDHHC21
12214,TSPEAR
12215,PLEKHF2
12216,A2M
12217,ARL4D
12218,DOK7
12219,LRRN1
12220,UBE2O
12221,ORAI3
12222,KLHL38
12223,UNC119B
12224,DENND2C
12225,PLEKHD1
12226,TUBB6
12227,LYSMD3
12228,AMIGO3
12229,B3GALT6
12230,ZNF613
12231,C11orf16
12232,TMPRSS7
12233,NUPR1
12234,JAKMIP2
12235,MBLAC2
12236,TPRN
12237,KCNE5
12238,ZNF683
12239,SLC35A4
12240,IP6K1
12241,SSNA1
12242,CSTF3
12243,YES1
12244,CHMP6
12245,DLEU1
12246,UFSP1
12247,TMEM39A
12248,TCP11L1
12249,GPX2
12250,CCDC57
12251,HSF5
12252,FOXG1
12253,SPHK1
12254,BNIP3
12255,ENTHD1
12256,MYPOP
12257,CIDEA
12258,LRRTM4
12259,ATAD5
12260,SMIM19
12261,ZNF404
12262,RTTN
12263,ACBD7
12264,ANAPC2
12265,ZBTB8OS
12266,SLC35G1
12267,ZNF135
12268,COX8A
12269,ZSCAN2
12270,PRR18
12271,B3GNT4
12272,CDC26
12273,HSD11B2
12274,CRLF3
12275,RNPEP
12276,EID2
12277,DMRTA1
12278,EID2B
12279,GJC3
12280,RIMS2
12281,KCMF1
12282,DNAJC30
12283,SPRYD4
12284,VPS37D
12285,CLEC14A
12286,SYNE3
12287,CLK2
12288,LPCAT4
12289,SLCO3A1
12290,ZNF575
12291,WDR25
12292,SGF29
12293,DIRAS1
12294,PHLDB3
12295,PRR15
12296,GNG7
12297,USF3
12298,CNTD1
12299,DCAF4L2
12300,CNBD1
12301,B3GNT5
12302,MAP3K19
12303,LMNB2
12304,RMDN1
12305,MEX3C
12306,HORMAD2
12307,RNF152
12308,MYO1D
12309,FOXL1
12310,FOXC2
12311,BDNF
12312,CCDC121
12313,ACSF3
12314,BOK
12315,ZNF843
12316,TTTY14
12317,PFN4
12318,MAGEB6
12319,CDK5R1
12320,TCERG1L
12321,NCKAP5
12322,BASP1
12323,LRRC37A3
12324,VSIG10
12325,MIR7-3HG
12326,IRX5
12327,METRNL
12328,FAM91A1
12329,WSB2
12330,GRIN1
12331,SOX11
12332,TYMS
12333,PXMP2
12334,TCEANC
12335,PNMA1
12336,MAMSTR
12337,ANKLE2
12338,C8G
12339,FUT2
12340,EFCAB5
12341,GCNT4
12342,THAP4
12343,NFATC2IP
12344,LY6H
12345,FIBIN
12346,FAM89B
12347,SHMT1
12348,DPP7
12349,TRIM60
12350,SEC24C
12351,FMR1NB
12352,SMCR8
12353,MTHFR
12354,C19orf18
12355,DEAF1
12356,MTX3
12357,TMEM80
12358,SIX5
12359,FBXO46
12360,ZDHHC13
12361,SLC38A9
12362,ACER2
12363,WDR73
12364,POLE
12365,SCN4B
12366,DSCAML1
12367,RHOG
12368,EPS8L2
12369,ZDHHC22
12370,ANO6
12371,ZBTB34
12372,FAM9B
12373,CETN1
12374,FAM210A
12375,TALDO1
12376,ULK1
12377,RIMKLA
12378,CLVS1
12379,RPS6KA3
12380,B3GNT8
12381,PUS1
12382,CHD9
12383,SPACA4
12384,TRIM72
12385,MAN1B1
12386,KCNA3
12387,FZD8
12388,GJD4
12389,FBXO39
12390,CLDN22
12391,KCNA2
12392,CASKIN2
12393,ZBTB38
12394,BEND2
12395,FLJ13224
12396,CCDC71
12397,LRRN4CL
12398,TIMM22
12399,HIC1
12400,PPFIA3
12401,MAGEF1
12402,UMODL1
12403,SAMD9L
12404,ZFAS1
12405,UBE2U
12406,PAWR
12407,TGIF1
12408,NAP1L5
12409,NIM1K
12410,CD19
12411,ERICH5
12412,NR2C2
12413,GPR4
12414,ACOT4
12415,ARIH2
12416,RBM44
12417,ZBTB33
12418,ZBED2
12419,VCX2
12420,IRX3
12421,ST8SIA3
12422,RPRM
12423,SLC25A22
12424,RABEP2
12425,NHLH2
12426,ATOX1
12427,FAM187B
12428,TBL1XR1
12429,SAMD12
12430,CD163
12431,C18orf32
12432,PIDD1
12433,ZNF491
12434,RPLP2
12435,JUN
12436,CSTF2T
12437,PGBD5
12438,C12orf54
12439,CASC2
12440,ACAD9
12441,IL17RA
12442,PNPLA2
12443,MBOAT4
12444,AGTRAP
12445,CD163L1
12446,SRRM3
12447,THAP5
12448,CRACR2B
12449,SUMO4
12450,MAGEB10
12451,NAALADL2
12452,CD151
12453,POLR2L
12454,SLC35G5
12455,ANXA2R
12456,TMEM94
12457,FLII
12458,SOX12
12459,HNRNPA0
12460,YIPF7
12461,FAM87B
12462,MYOZ1
12463,TMEM78
12464,KCNJ10
12465,CHID1
12466,ZNF620
12467,ZNF518A
12468,TMEM187
12469,SVBP
12470,ZNF619
12471,CCDC184
12472,AP3S1
12473,GRB2
12474,ZBTB41
12475,UBE2N
12476,ARL6IP6
12477,ZNF354C
12478,CAPZA3
12479,MAMDC4
12480,BET1L
12481,RPS27
12482,RIC8A
12483,IMP3
12484,ASB8
12485,LCN15
12486,DPY19L2
12487,ZNRF3-AS1
12488,GPR150
12489,TSPYL6
12490,LRRC75B
12491,DMAP1
12492,ADAMTSL1
12493,IMPDH2
12494,ALS2CL
12495,MLF1
12496,NDUFAF3
12497,C2orf69
12498,GRAMD1C
12499,STAP2
12500,HTR3C
12501,TSSK6
12502,BOLA1
12503,PDE4DIP
12504,DDX10
12505,PPP1R42
12506,NDUFV2
12507,DALRD3
12508,ZNF114
12509,ZNF518B
12510,AMER3
12511,SPINK6
12512,ZNF366
12513,LCORL
12514,PARD6G
12515,ZNF454
12516,SH2B1
12517,ZC3H12D
12518,VN1R1
12519,PLEC
12520,SH2D4B
12521,RNF212
12522,PRSS36
12523,ZNF543
12524,TMEM151B
12525,GALNT11
12526,SLITRK1
12527,WDR6
12528,PRM3
12529,GEN1
12530,TMPRSS9
12531,AQP11
12532,TMEM11
12533,ZNF354B
12534,KCNG2
12535,SHISA3
12536,CALML3
12537,CALML5
12538,ZFAND2A
12539,PLEKHM3
12540,ZNF223
12541,CCDC185
12542,FAM220A
12543,DNAJC22
12544,CEP295NL
12545,BEND3
12546,NT5DC1
12547,GLDC
12548,COX14
12549,MCMDC2
12550,TUBAL3
12551,P4HTM
12552,UCN3
12553,DTX3
12554,KLHL11
12555,CTXN1
12556,SLC25A20
12557,CA8
12558,CD28
12559,EPM2AIP1
12560,ERBB4
12561,MAF
12562,CTNNBIP1
12563,PSAPL1
12564,ERN1
12565,GPR35
12566,C10orf53
12567,CSRNP3
12568,ZNF713
12569,PARP10
12570,SUZ12
12571,NSUN3
12572,KCTD12
12573,RPP25
12574,GRINA
12575,THBD
12576,GP5
12577,LMO7DN
12578,COX5A
12579,STX19
12580,FAM219B
12581,ZHX2
12582,CPN2
12583,CPNE7
12584,C5orf46
12585,GDPD4
12586,RIIAD1
12587,MPI
12588,ADORA2A-AS1
12589,TRIM73
12590,OPLAH
12591,TMEM52
12592,TMEM139
12593,RNF186
12594,EFCAB13
12595,MSC
12596,APOLD1
12597,EXOSC4
12598,DPY19L3
12599,TAF7
12600,FOXE1
12601,PFAS
12602,HYI
12603,LGALS7B
12604,ZNF552
12605,SMIM10L2A
12606,GAK
12607,ZBTB7A
12608,TUFM
12609,ERICH3
12610,RMI1
12611,CTC1
12612,FBXO34
12613,LINC00324
12614,MRFAP1L1
12615,SNX18
12616,EXD1
12617,AURKB
12618,C14orf39
12619,MRFAP1
12620,C3orf38
12621,KLHDC7A
12622,TMEM107
12623,RRS1
12624,EXOC3L1
12625,TRIML2
12626,IGSF22
12627,C9orf50
12628,ZFP42
12629,CCDC89
12630,FAM133A
12631,DPM3
12632,C12orf42
12633,CYC1
12634,PER1
12635,HTR1F
12636,TMTC2
12637,HES7
12638,FARSA
12639,SPTY2D1
12640,C10orf67
12641,SAMD4B
12642,LINC00670
12643,GIMAP7
12644,ALOXE3
12645,EDC3
12646,TCAIM
12647,FUCA1
12648,PXT1
12649,GGN
12650,TMEM125
12651,ZNF664
12652,CALR
12653,LINC00311
12654,MAGED1
12655,LDLRAD3
12656,SMCO3
12657,RAD23A
12658,GADD45GIP1
12659,DAND5
12660,TMEM151A
12661,PTPN11
12662,NSUN7
12663,WSCD1
12664,RAB39A
12665,CLK3
12666,GATA2
12667,ARID3B
12668,TMEM31
12669,PACS2
12670,ELMOD2
12671,EGR3
12672,GPC5
12673,VWA1
12674,LINC00174
12675,GEMIN4
12676,FJX1
12677,KLHL28
12678,MKRN3
12679,ZBTB18
12680,ALOX12B
12681,SLC17A8
12682,SHARPIN
12683,LBX2
12684,DNHD1
12685,SLITRK4
12686,HTR1D
12687,GCC1
12688,LSMEM2
12689,CIITA
12690,ZFPM1
12691,ALOX15B
12692,PLD6
12693,GRM8
12694,CDC42EP4
12695,ZBTB42
12696,LACC1
12697,MAF1
12698,TPPP2
12699,FCER1A
12700,RPRML
12701,ARL14
12702,LINC00305
12703,WDR97
12704,NLRP8
12705,PCED1B
12706,APOBEC3B
12707,SYCN
12708,PIPOX
12709,FOXS1
12710,ATOH7
12711,CDH5
12712,LRRC3B
12713,MYADM
12714,MRGPRX3
12715,MROH1
12716,SERTAD2
12717,PIK3CD-AS1
12718,AKAP5
12719,NKPD1
12720,GIPC3
12721,CITED4
12722,ABCA13
12723,NLRP11
12724,TIGD5
12725,PDXDC1
12726,ZNF154
12727,R3HDM2
12728,B3GNT3
12729,ITLN1
12730,NRXN1
12731,SEPHS2
12732,GPBAR1
12733,ZNF784
12734,ZNF648
12735,C14orf119
12736,CCR8
12737,LINC00652
12738,BBS10
12739,FIZ1
12740,PUF60
12741,SSC5D
12742,DCTPP1
12743,ZNF771
12744,TSHZ1
12745,PSTK
12746,SOCS4
12747,ZNF48
12748,C3orf80
12749,TMEM150B
12750,ANKRD18A
12751,TMEM86B
12752,TRNAU1AP
12753,EXOC3
12754,TDRD6
12755,CSNK1A1L
12756,ACTA2-AS1
12757,LYNX1
12758,TH
12759,MED14
12760,FAHD1
12761,TDRP
12762,RCC1
12763,F2
12764,PRKRA
12765,ZNRF2
12766,SLC9A4
12767,ZNF816
12768,FGD6
12769,ADGRD2
12770,PLD5
12771,OAZ2
12772,WFDC10A
12773,PNPLA1
12774,ALX1
12775,CCDC43
12776,MEIOC
12777,FZD2
12778,TIGD2
12779,HCLS1
12780,MTURN
12781,ZNF609
12782,PAK2
12783,CCDC66
12784,DEFB124
12785,MCFD2
12786,LINC00304
12787,HARBI1
12788,C11orf71
12789,CYP8B1
12790,TPRXL
12791,SERTM1
12792,GAS1
12793,ZNF571
12794,GLIPR1L2
12795,DEFB119
12796,KCNE1
12797,NRIP1
12798,ZSCAN4
12799,BHLHA15
12800,RNF182
12801,TSPYL5
12802,FUT7
12803,SKIDA1
12804,MB21D2
12805,SSTR2
12806,ZNF594
12807,PCGF5
12808,SLC47A2
12809,PRF1
12810,MAB21L1
12811,YOD1
12812,TMEM64
12813,SHISA2
12814,S1PR5
12815,CLRN3
12816,GPR157
12817,CHST13
12818,SLC36A4
12819,ZDHHC20
12820,ANKRD30B
12821,OR51E1
12822,ZFP3
12823,ARSJ
12824,HOXC9
12825,MAP3K15
12826,PPA1
12827,HOXC10
12828,PSMG4
12829,BHLHE22
12830,MAP6D1
12831,CSNK1G2-AS1
12832,ZNF443
12833,LINC01559
12834,CXCR2
12835,GREM2
12836,SSR4
12837,CAPS2
12838,ZNF792
12839,CUEDC1
12840,SCRIB
12841,KCTD2
12842,D2HGDH
12843,OXTR
12844,CMTR2
12845,GPR62
12846,ZNF572
12847,ST20
12848,PITPNB
12849,TCEAL8
12850,LRRC57
12851,OR52N2
12852,MRPL14
12853,GPR137C
12854,C1orf105
12855,BBS12
12856,ZFP82
12857,OR52N5
12858,LSMEM1
12859,NQO1
12860,AEN
12861,FKRP
12862,TRAPPC5
12863,RPH3AL
12864,SLC25A42
12865,FCRL6
12866,METTL23
12867,SLC26A11
12868,HIGD1A
12869,CHRM2
12870,EHMT1
12871,F2R
12872,ZNF707
12873,MUC16
12874,NPM1
12875,PJA1
12876,DHTKD1
12877,PENK
12878,C4orf50
12879,ZNF746
12880,POLR2A
12881,TMEM132C
12882,SLC25A41
12883,FRAT2
12884,TMEM132E
12885,ZNF322
12886,NME9
12887,LRRC75A
12888,CCL13
12889,CFAP65
12890,DDX60L
12891,SYNE4
12892,OGFOD3
12893,AATK
12894,DDN
12895,SAGE1
12896,ZNF467
12897,SOX2
12898,ZNF678
12899,TMEM45A
12900,RAP2B
12901,ZBTB2
12902,RNF135
12903,ACBD4
12904,OR8D4
12905,SGSH
12906,MAB21L2
12907,FANCB
12908,EDDM3B
12909,SETD2
12910,EDDM3A
12911,TMIE
12912,MEX3D
12913,MRPS23
12914,OR52H1
12915,FDCSP
12916,GPR135
12917,SLX1B
12918,ANKRD62
12919,P2RY13
12920,TNFSF15
12921,ZFP41
12922,ATG9B
12923,GPR88
12924,PLAG1
12925,YIPF6
12926,ZBTB20
12927,AMIGO1
12928,GPR3
12929,TMEM252
12930,SIAH2
12931,COPG1
12932,ADGRB1
12933,LINC00471
12934,CELF2-AS1
12935,SLC9A9
12936,LSM10
12937,RELL1
12938,RFX7
12939,SLC35C1
12940,TIGIT
12941,RNF41
12942,FTMT
12943,IBA57
12944,ZNF329
12945,ZNF101
12946,C5orf24
12947,ADO
12948,COA4
12949,PRKAG1
12950,GINS3
12951,NEUROG1
12952,CCDC149
12953,MRPS11
12954,LINC00301
12955,SNRPE
12956,RTKN2
12957,CHST15
12958,ADIG
12959,USH1G
12960,MGAT4C
12961,IDH2
12962,TMEM259
12963,TNRC18
12964,FAM181B
12965,TMEM30B
12966,DEXI
12967,ZNF716
12968,NOP10
12969,FAM89A
12970,KCNIP1
12971,TDRKH
12972,ZNF708
12973,IST1
12974,ERCC6L2
12975,MRPL41
12976,ENPP7
12977,CREB3L2
12978,P2RY8
12979,TP53TG1
12980,UNC5C
12981,TSEN54
12982,RGMA
12983,UBA7
12984,MRPS16
12985,RAD51B
12986,LDOC1
12987,ARL6IP4
12988,EXT1
12989,SHMT2
12990,HHIPL1
12991,ATP6AP2
12992,ZAR1
12993,CYB5D1
12994,BACE2
12995,UBE2E2
12996,SYNM
12997,GABRG3
12998,FIGN
12999,IZUMO1
13000,TMIGD1
13001,B4GALNT4
13002,AP1S2
13003,DCAF4L1
13004,MBD3L3
13005,ZSCAN22
13006,KCNJ14
13007,FBXL6
13008,C1S
13009,GLTPD2
13010,KIAA2012
13011,PRAMEF8
13012,ZNF804B
13013,KBTBD3
13014,YBEY
13015,FAM87A
13016,PLCXD1
13017,NXPH4
13018,CACNB4
13019,TRAPPC6B
13020,PGBD4
13021,NPLOC4
13022,KCNK4
13023,TEX19
13024,TSHZ2
13025,CAPN12
13026,EXOC7
13027,KPNA2
13028,XKRX
13029,BGN
13030,CEP97
13031,LHFPL1
13032,FES
13033,GLRX5
13034,TBPL2
13035,CAV3
13036,MXRA7
13037,LIMK2
13038,RWDD4
13039,SPNS3
13040,CLEC4G
13041,SATB1
13042,NXPH3
13043,CSF1R
13044,EPHB3
13045,VCX
13046,EPGN
13047,HS3ST4
13048,TRAK1
13049,TSPAN10
13050,PLCB1
13051,SKA2
13052,NTM
13053,TTC3
13054,KCNB2
13055,PPP1R27
13056,BRICD5
13057,GALR2
13058,IGIP
13059,TSKU
13060,CMC4
13061,ANXA2
13062,RGS6
13063,HOXB4
13064,SLC35D3
13065,PAQR7
13066,PAPPA
13067,MAFA
13068,NGRN
13069,GRID1
13070,RPS17
13071,HCAR2
13072,CCDC87
13073,GSTA5
13074,C1orf116
13075,MAGEB17
13076,CRIP2
13077,DDX28
13078,ACBD3
13079,PLCXD3
13080,VMO1
13081,ALG12
13082,LCK
13083,RBM10
13084,ADGRG3
13085,RPL35A
13086,RGS7
13087,SLC25A18
13088,ZNF721
13089,TCEAL7
13090,CEP63
13091,WFDC10B
13092,SRPRA
13093,OTOP3
13094,EWSR1
13095,SPATA13
13096,GJC1
13097,CNOT10
13098,MTA1
13099,ZNF662
13100,CADM1
13101,ZNF320
13102,C12orf60
13103,PYCR1
13104,NAA38
13105,SPNS2
13106,MCEMP1
13107,SLC8A1
13108,SLC25A21
13109,OTOP2
13110,PCP4
13111,ABAT
13112,SLC25A10
13113,CAMK1D
13114,RGPD6
13115,LYSMD4
13116,WBP2NL
13117,IGSF5
13118,NKX2-5
13119,AFMID
13120,GAS6
13121,NEB
13122,BEGAIN
13123,GPC6
13124,ARHGEF37
13125,FAM43B
13126,CSMD1
13127,CALHM3
13128,PTGDR2
13129,CEP57L1
13130,RIPPLY3
13131,GPR19
13132,RABIF
13133,TMEM119
13134,FANCF
13135,CALN1
13136,GABRR3
13137,C2CD4C
13138,CHST6
13139,POTEC
13140,RUVBL2
13141,GDPGP1
13142,CTNNA3
13143,WT1-AS
13144,RIMBP3C
13145,PRR36
13146,LINC01547
13147,OR51B4
13148,PTTG1IP
13149,DDX41
13150,ABHD16B
13151,OR52E8
13152,CCDC60
13153,PLGLB1
13154,DAZAP2
13155,CCBE1
13156,FAM9A
13157,MAGEA2B
13158,ZNF623
13159,EPHA10
13160,CCDC125
13161,REC114
13162,BOLA2
13163,BCOR
13164,JRKL
13165,GBP6
13166,OVCH2
13167,SYNDIG1L
13168,FHL3
13169,PMCH
13170,CCDC159
13171,RIPK4
13172,LRIT3
13173,SF3A3
13174,TFDP3
13175,TRIM61
13176,GRIN2A
13177,URAD
13178,FLJ40288
13179,GTF2H2C
13180,ASB7
13181,SH2D7
13182,TREX2
13183,GPR132
13184,MX2
13185,EP400
13186,MEX3B
13187,COA5
13188,PSMG1
13189,PRR14L
13190,KLRC4
13191,ACSM5
13192,SERHL2
13193,PCBP3
13194,PGPEP1L
13195,SETD3
13196,TNFAIP8L3
13197,ZNRF3
13198,FBXL7
13199,TANGO2
13200,SFXN4
13201,GKN2
13202,FAM167B
13203,MRPL54
13204,ZNF438
13205,HMCES
13206,CCR3
13207,DGCR6
13208,TP53TG3
13209,RP1L1
13210,KRTAP8-1
13211,ZNF530
13212,NDUFB1
13213,KLHL25
13214,PSG9
13215,BMP8A
13216,ALYREF
13217,EFHC2
13218,NOG
13219,MRGPRX2
13220,UPP1
13221,IFNL2
13222,OPCML
13223,TRIM52
13224,CMTM4
13225,TMEM50A
13226,FIGLA
13227,ASCL2
13228,TBK1
13229,CBX6
13230,MACC1
13231,ACSM2A
13232,ACP7
13233,KREMEN1
13234,TRAIP
13235,CHEK2
13236,FOXL2
13237,AIFM3
13238,KCTD16
13239,B3GALT5
13240,ZNF703
13241,SLC35F3
13242,KCTD8
13243,TUBA8
13244,NPIPA5
13245,EMILIN3
13246,OLFML1
13247,FAM162B
13248,RBM12B
13249,CCR4
13250,LIN9
13251,BTBD9
13252,NUDT14
13253,PNMA3
13254,GPR39
13255,FAM3B
13256,ZNF730
13257,TOB2
13258,SCN5A
13259,ARSI
13260,UTY
13261,TTC32
13262,LRRC55
13263,DNAH2
13264,SH2D1A
13265,SDR42E2
13266,PRKX
13267,KMT5A
13268,KCNH8
13269,SMTN
13270,NPW
13271,COA3
13272,NPB
13273,ST6GALNAC3
13274,PTP4A2
13275,TMPRSS2
13276,DENND5A
13277,DSCR4
13278,KRTAP20-2
13279,CTAG1B
13280,DIABLO
13281,VPS33B
13282,TBX1
13283,ADAP2
13284,UQCR10
13285,FAM120C
13286,EIF3C
13287,CLDN5
13288,NIPSNAP1
13289,CNTN2
13290,KCNQ3
13291,ADRA2C
13292,NR2C2AP
13293,CRELD2
13294,SCFD2
13295,UBE2F
13296,KCNJ12
13297,GPR173
13298,PPP1R2
13299,TSPYL2
13300,GOLGA6L4
13301,PGP
13302,SNRNP35
13303,IRAK1
13304,CMSS1
13305,OLIG1
13306,PCDH9
13307,ACOT1
13308,OAF
13309,ALDH1A3
13310,KCNK12
13311,POU6F1
13312,TM2D3
13313,TSSC4
13314,TACSTD2
13315,SIX6
13316,PRKD1
13317,CCSER1
13318,ZDHHC23
13319,MROH7
13320,SRPK3
13321,GDF3
13322,SLIT3
13323,EFNA5
13324,KRTAP19-1
13325,SPATA32
13326,PKP3
13327,MAP7D2
13328,CSF1
13329,COLEC10
13330,ACTRT3
13331,PLA2G6
13332,MAML2
13333,SS18L1
13334,KCND2
13335,TOP1MT
13336,COPB2
13337,LRRC19
13338,THAP7
13339,KNTC1
13340,CCR10
13341,NCMAP
13342,WDR27
13343,TXNRD2
13344,FOXO4
13345,POU3F2
13346,FOXD4L1
13347,PROS1
13348,GAST
13349,HDDC3
13350,ZFP1
13351,CEND1
13352,C6orf58
13353,SOCS3
13354,SLITRK6
13355,LPAR5
13356,XPOT
13357,PDE4B
13358,SNN
13359,KCNH7
13360,NELL2
13361,MED12
13362,ZNF93
13363,PRSS55
13364,ODF4
13365,CDCA2
13366,RALYL
13367,AMER1
13368,ZBTB40
13369,CLDN6
13370,EIF4ENIF1
13371,LRRC26
13372,SERINC4
13373,RNLS
13374,APOBR
13375,FAM110C
13376,DDX53
13377,ATL3
13378,NDUFA12
13379,SMIM10
13380,UBE2G2
13381,SATL1
13382,OSBP2
13383,B3GALT5-AS1
13384,ZBTB7C
13385,APOO
13386,PRR16
13387,TMED9
13388,DRD1
13389,TMEM186
13390,SDR42E1
13391,RBM33
13392,ARMCX2
13393,BTBD6
13394,RBM43
13395,SUMO3
13396,IMMP2L
13397,TCEAL2
13398,CLCNKB
13399,JAG2
13400,FMNL1
13401,NUTM2A
13402,PTRHD1
13403,LCN12
13404,WT1
13405,ZFP90
13406,FAM227A
13407,USP18
13408,CHRM5
13409,SORCS2
13410,TMEM121
13411,TMEM106A
13412,SIVA1
13413,BRI3BP
13414,IFNE
13415,SLC22A10
13416,RFX6
13417,ROBO2
13418,AP3M1
13419,F8
13420,NT5C1B
13421,CA13
13422,UBOX5
13423,MAFF
13424,BRF1
13425,SEMA4B
13426,MROH2A
13427,SPDYE16
13428,CIB1
13429,ANKS1B
13430,NELFA
13431,SLC24A3
13432,SGCZ
13433,EFCAB10
13434,C5orf47
13435,FLRT2
13436,INTS5
13437,RPS27L
13438,MANEAL
13439,ANO9
13440,FAF1
13441,MYADML2
13442,FAM43A
13443,C6orf120
13444,PURA
13445,INPP5J
13446,NPY2R
13447,MIXL1
13448,MFSD6L
13449,LRRC37B
13450,DDX51
13451,NOMO2
13452,SIGIRR
13453,NRBP2
13454,PRSS57
13455,IFITM2
13456,TNFAIP2
13457,ZNF445
13458,PGBD2
13459,RAB11B
13460,PRMT3
13461,GP1BA
13462,PRPF39
13463,MAGEA11
13464,PPIL6
13465,ZNF74
13466,KIAA0825
13467,UBALD2
13468,CDNF
13469,NOTUM
13470,RBM11
13471,ZBTB37
13472,NUPR2
13473,CCDC137
13474,RGPD2
13475,ARL15
13476,C12orf56
13477,CDK10
13478,TMEM105
13479,SOCS1
13480,TCN2
13481,GAS2L1
13482,ATP6V0A2
13483,HS6ST3
13484,HGS
13485,TNFAIP8L1
13486,RAD51D
13487,MAPK11
13488,SP140L
13489,MRPL30
13490,SMYD3
13491,LINC00158
13492,IFNLR1
13493,SH3BGR
13494,FAM174B
13495,KPNA7
13496,TMEM179B
13497,GPRIN3
13498,KRT6B
13499,PARPBP
13500,STAC3
13501,ROR1
13502,MUC1
13503,FAAP100
13504,L3MBTL1
13505,BRCC3
13506,SV2B
13507,FAM131C
13508,SPATA45
13509,PDE6G
13510,PRKG1
13511,NR2F2
13512,DLK1
13513,TLCD2
13514,LSAMP
13515,AHNAK2
13516,OLFML2A
13517,SP1
13518,SPATA8
13519,MRPL40
13520,DBX2
13521,PDIA2
13522,PCGF3
13523,LMLN
13524,P4HB
13525,PSMD13
13526,PBX1
13527,SHC4
13528,KRT79
13529,ZFP36L1
13530,UBE2L3
13531,NTF3
13532,BRWD1
13533,PMEL
13534,SYN3
13535,POU3F1
13536,SNAI3
13537,ZBTB3
13538,LYG2
13539,MORN5
13540,PRAME
13541,MYBL1
13542,DRG1
13543,ANKFY1
13544,YTHDF3
13545,ZNF696
13546,ADARB2
13547,NRG3
13548,SRL
13549,C11orf87
13550,IFIT1
13551,CXorf38
13552,KCNQ5
13553,ADAMTSL5
13554,MORF4L1
13555,NLRP9
13556,WDR53
13557,DMWD
13558,SLC52A2
13559,PIGP
13560,IKZF1
13561,PCYT2
13562,NAT8L
13563,NPAP1
13564,BCAP31
13565,ARL17A
13566,GNB1L
13567,DNAH14
13568,CCDC190
13569,ZNF829
13570,THNSL1
13571,TRIM69
13572,ATP6V0C
13573,IFITM1
13574,PRSS38
13575,LAMP1
13576,FFAR3
13577,POMK
13578,LINC00839
13579,C16orf54
13580,KLHDC8B
13581,KLHL34
13582,SETD4
13583,PTCH1
13584,RTN4RL1
13585,NKAIN3
13586,RNPC3
13587,ZNF267
13588,IRS2
13589,FAM186A
13590,LCE3A
13591,BICD2
13592,CCIN
13593,TMLHE
13594,SLITRK2
13595,PLK5
13596,LRCH3
13597,LEMD1
13598,ATP4B
13599,NDUFA13
13600,ZNF566
13601,ZNF529
13602,ZNF284
13603,HTR3E
13604,DLEU7
13605,KRT73
13606,TAL2
13607,MATN1-AS1
13608,AIDA
13609,CD300LF
13610,ZPBP2
13611,KRT5
13612,GSAP
13613,AGBL4
13614,CYP2R1
13615,LRRC70
13616,ANKRD46
13617,PIP5K1C
13618,CYP4F2
13619,TEX38
13620,ZBTB6
13621,C2orf76
13622,POLR3C
13623,UBL4B
13624,WWOX
13625,CYP4Z1
13626,BCL9L
13627,POLR1D
13628,KIF18B
13629,ZNRF1
13630,FFAR4
13631,BPIFB4
13632,SAPCD2
13633,EDARADD
13634,SLC51B
13635,CYP4F12
13636,LCE5A
13637,SOWAHB
13638,BLOC1S4
13639,LCE1E
13640,ZNF749
13641,KLHL32
13642,BTLA
13643,ZNF17
13644,KDM4D
13645,GPAT2
13646,TOR3A
13647,GABRA5
13648,PPP1CC
13649,ZNF555
13650,NAP1L3
13651,PRELID2
13652,BACE1
13653,RGS9BP
13654,TMEM212
13655,SLC36A2
13656,THBS2
13657,RXRA
13658,ANKRD37
13659,NUDT17
13660,ZNF75D
13661,CYP4X1
13662,KRT10
13663,GOLGA8R
13664,CD300E
13665,CCDC30
13666,NKRF
13667,GLDN
13668,KPNA4
13669,TRDN
13670,KRT3
13671,ZNF197
13672,SPATA12
13673,FAM228A
13674,DEFB132
13675,NAP1L2
13676,RPS23
13677,GNG2
13678,BTN3A2
13679,AKAP14
13680,PCLO
13681,KLK12
13682,RGS7BP
13683,INSIG1
13684,MYT1L
13685,ZNF396
13686,TMEM222
13687,CLCNKA
13688,ARHGAP30
13689,CYP4F8
13690,CYP4F3
13691,SMYD4
13692,FOXD2
13693,GPATCH8
13694,CEACAM19
13695,NF2
13696,SPATC1
13697,UBE2H
13698,HPDL
13699,KTN1-AS1
13700,KATNA1
13701,FSD2
13702,ARAP1
13703,KIF24
13704,PDE2A
13705,PRG2
13706,PRR5
13707,ZFP91
13708,C17orf58
13709,BCDIN3D
13710,CYP27C1
13711,LYRM7
13712,CFAP73
13713,CCDC73
13714,BCR
13715,MPPED1
13716,FSCN2
13717,FOXI2
13718,SPIN4
13719,ZNF732
13720,SPIN2B
13721,FOXE3
13722,HYAL3
13723,VSIG10L
13724,CXCR3
13725,ZNF397
13726,ZSCAN30
13727,TPCN1
13728,TNFRSF4
13729,KRT16
13730,HEXIM1
13731,KRT14
13732,TRABD2A
13733,PDZD7
13734,POFUT2
13735,QRFPR
13736,ERCC6L
13737,TMEM17
13738,TNFRSF18
13739,C1QL4
13740,RTN4RL2
13741,ZDHHC17
13742,SERPINA11
13743,P2RY4
13744,ZNF395
13745,ZACN
13746,PPARA
13747,TMEM232
13748,LINC01551
13749,EFCAB6
13750,KRTAP19-5
13751,KANK3
13752,EMID1
13753,RHD
13754,LINC00207
13755,ESPN
13756,PNLIPRP1
13757,PTRH1
13758,SAMD7
13759,GPR141
13760,TMPRSS6
13761,CYP4A11
13762,TMEM216
13763,RPS19BP1
13764,C3orf70
13765,TEAD1
13766,PLCD1
13767,CCK
13768,ENTPD5
13769,MITF
13770,HEATR4
13771,NAP1L1
13772,CMC1
13773,SLIT1
13774,LYPD6
13775,AKR1C1
13776,VSTM2B
13777,FOXD3
13778,SPATA21
13779,RNF220
13780,ANGPTL5
13781,SHTN1
13782,LCE2A
13783,LCE2C
13784,ZNF546
13785,TSPYL4
13786,MT1X
13787,GCNT1
13788,LCE2D
13789,SESTD1
13790,FNBP1
13791,DYNC2H1
13792,MAGED4B
13793,BCAM
13794,RSBN1L
13795,WDR86
13796,EPOR
13797,FAM9C
13798,CIDEC
13799,DCC
13800,TAF9B
13801,PCDHB13
13802,MAGI2
13803,LUZP2
13804,CHP1
13805,FPR3
13806,C11orf96
13807,KCNJ11
13808,CDHR4
13809,COL4A1
13810,PLEKHG7
13811,GJA4
13812,PTMA
13813,HSPA14
13814,ATP13A5
13815,SIRT7
13816,PRR27
13817,IFT140
13818,POTEG
13819,AGMO
13820,CYP26C1
13821,TLR5
13822,USP7
13823,NHLRC1
13824,DPPA3
13825,COX8C
13826,PLEKHN1
13827,ZNF385C
13828,MAGEH1
13829,TET3
13830,ZNF286A
13831,ISG15
13832,EXD3
13833,ZKSCAN4
13834,RGPD1
13835,SAMD11
13836,PERM1
13837,HAPLN4
13838,ERC2
13839,B3GLCT
13840,SPRY4
13841,ERAS
13842,TRPV2
13843,AMTN
13844,TMEM203
13845,SLC18A3
13846,KBTBD12
13847,THSD4
13848,DNAJB13
13849,GABRD
13850,TCEA1
13851,NHEJ1
13852,FANCA
13853,SECISBP2
13854,C9orf153
13855,SSX7
13856,ADH1A
13857,SEMA4D
13858,LIN28B
13859,DNAH17
13860,MCRS1
13861,TMEM72
13862,FANCM
13863,ZNF70
13864,CARD9
13865,PEAR1
13866,ZFP69B
13867,SOWAHD
13868,ZFP69
13869,HELT
13870,TMEM220
13871,C2orf78
13872,EIF4EBP1
13873,P2RX2
13874,ASCL4
13875,CCDC157
13876,TTC24
13877,PALM3
13878,SHISA7
13879,LRRC74B
13880,DMBT1
13881,CLEC17A
13882,LCN10
13883,LDLRAD2
13884,OVCH1
13885,COL14A1
13886,DNER
13887,CPSF4L
13888,KLHL17
13889,PLA2G2C
13890,ZSCAN23
13891,RINL
13892,C17orf99
13893,OR7D2
13894,TPRG1
13895,MORN2
13896,RTP5
13897,S100A3
13898,UBQLN2
13899,RILPL1
13900,C19orf67
13901,ZNF490
13902,CLCN1
13903,NRN1L
13904,NWD1
13905,ARL4C
13906,TMEM221
13907,TREML4
13908,RAB42
13909,WNT7B
13910,PLA2G4E
13911,GPR89B
13912,MESP2
13913,FAM25A
13914,EYS
13915,C6orf132
13916,MAPK12
13917,TMEM215
13918,NUTM2G
13919,COL4A5
13920,KRTAP10-6
13921,AGRN
13922,NHS
13923,OTOG
13924,TMPPE
13925,ZNF626
13926,HEPACAM2
13927,SMTNL2
13928,ZC3H6
13929,LAMTOR4
13930,PRKAR1B
13931,NUTM2B
13932,NCR3LG1
13933,DCUN1D3
13934,POTEE
13935,ZNF793
13936,TUBB4B
13937,AGAP4
13938,COMMD6
13939,PLA2G2A
13940,HYKK
13941,OR7A5
13942,C15orf62
13943,RUFY4
13944,ZNF383
13945,HES4
13946,IGFL1
13947,ZNF669
13948,LRRIQ4
13949,PLSCR1
13950,C3orf62
13951,ENO4
13952,ZNF559
13953,SBK1
13954,SLC38A3
13955,GTF2F2
13956,FOCAD
13957,PRR19
13958,ZP3
13959,IFNA2
13960,JAKMIP3
13961,PDCD1
13962,GPR21
13963,SELL
13964,CHM
13965,NANOS2
13966,BLOC1S5
13967,CERKL
13968,SLC24A5
13969,IER5L
13970,INSC
13971,SERPINA5
13972,LCTL
13973,NCCRP1
13974,KRTDAP
13975,COL25A1
13976,FAM83G
13977,CFAP77
13978,SRSF10
13979,HBA2
13980,DUSP28
13981,NBR1
13982,RALGAPA2
13983,NDOR1
13984,FBLL1
13985,NKAIN2
13986,PAQR9
13987,CFAP54
13988,CLN3
13989,FAM72B
13990,ASAH2
13991,SUMO2
13992,NANOS1
13993,HMX3
13994,GOLGA8M
13995,ZNF177
13996,DPYD
13997,S100A16
13998,PTAR1
13999,CC2D2B
14000,SAXO2
14001,CH507-42P11.6
14002,RHCE
14003,C2orf80
14004,IDO2
14005,PARVB
14006,SLC4A5
14007,UROS
14008,CYP51A1-AS1
14009,ZDHHC9
14010,QRFP
14011,SMIM15
14012,OSTN
14013,VWC2
14014,FAM221A
14015,TMEM120B
14016,FSIP2
14017,RBM34
14018,NOXA1
14019,TMEM198
14020,BCL2L15
14021,FZD9
14022,SPRED3
14023,ADRB3
14024,SKOR1
14025,PRELP
14026,ZNF548
14027,MTF1
14028,TMCO2
14029,SHISA6
14030,TMEM201
14031,NHLRC3
14032,HMX2
14033,SNTN
14034,ZDHHC11
14035,CNR2
14036,SLX4
14037,ENTPD8
14038,RPL14
14039,BEND4
14040,FAM78B
14041,ZNF563
14042,FBF1
14043,KLRG2
14044,ASTL
14045,MSL1
14046,LRRK2
14047,GJB3
14048,TRMT2B
14049,HACD4
14050,CFAP126
14051,FAM120AOS
14052,UTS2B
14053,C9orf152
14054,NOC2L
14055,MSANTD1
14056,NELFB
14057,LRRC66
14058,ZNF292
14059,HUS1B
14060,KCTD21
14061,SBSN
14062,ADAT2
14063,MAGEB16
14064,DUSP21
14065,ZNF567
14066,ANKDD1B
14067,ALKBH2
14068,RNFT1
14069,RNF222
14070,CGB5
14071,RELN
14072,FAM111B
14073,APOD
14074,GAGE2A
14075,LITAF
14076,VSTM1
14077,TMEM120A
14078,ARID2
14079,SF3B3
14080,IL1RAPL2
14081,BLOC1S3
14082,SP6
14083,ANKRD34B
14084,PLAC9
14085,NKAPL
14086,CLDN4
14087,GRAPL
14088,FAM47E
14089,ZNF527
14090,ZAR1L
14091,S100A13
14092,ZNF33A
14093,PCDH18
14094,DCAF8L2
14095,ZNF600
14096,BTBD8
14097,MAOA
14098,C15orf61
14099,NUGGC
14100,LINC00943
14101,TSPYL1
14102,PNRC2
14103,DRICH1
14104,LINC01164
14105,FHIT
14106,ZKSCAN3
14107,FOXR2
14108,RRP7A
14109,LIN54
14110,FAM53B
14111,FAM180A
14112,S100A14
14113,KAZN
14114,SLC35E2B
14115,NEMP2
14116,KIAA0408
14117,GSPT2
14118,C8orf76
14119,CXCL17
14120,OTUD6A
14121,HMGB1
14122,MMP23B
14123,SH2D5
14124,ZFP92
14125,RASSF10
14126,GJB4
14127,OR2L13
14128,BLOC1S2
14129,SYCP2
14130,IL1RAP
14131,PTPRT
14132,MYBPC1
14133,PAX5
14134,SPOCK3
14135,ZNF699
14136,TDRD7
14137,OR8A1
14138,SERPINA3
14139,AKR1C3
14140,SPATS2L
14141,ZNF250
14142,WDSUB1
14143,ZNF79
14144,S100A4
14145,PLEKHG4
14146,FAT4
14147,COLCA1
14148,KIF19
14149,ZNF681
14150,ACADSB
14151,STK40
14152,TMEM63A
14153,CTSE
14154,SEMA4A
14155,HRCT1
14156,MPHOSPH8
14157,GREB1
14158,SIRPB2
14159,ZNF766
14160,RYR1
14161,SRGAP3
14162,FAM217B
14163,SULT1C3
14164,LCOR
14165,SUPT5H
14166,XPNPEP3
14167,OR2C3
14168,ZNF107
14169,SFTA2
14170,PPIA
14171,ZNF471
14172,ZNF836
14173,ZNF493
14174,LINC00523
14175,GTF2IRD2
14176,GRM7
14177,SUPT3H
14178,BECN2
14179,NIF3L1
14180,ATP2A1
14181,POM121
14182,ZBTB44
14183,GIMAP5
14184,STK31
14185,CGB7
14186,NLGN3
14187,ADH7
14188,ZKSCAN7
14189,ZNF729
14190,CD55
14191,CPNE4
14192,ZNF565
14193,NTNG2
14194,ELAVL3
14195,WDR5
14196,LONP1
14197,C9orf163
14198,TRRAP
14199,NUDT11
14200,SRGAP2B
14201,FUT4
14202,ASB13
14203,SLC35F1
14204,ZNF34
14205,ZNF781
14206,ZNF140
14207,INCA1
14208,ZNF774
14209,PTPN1
14210,EVL
14211,SPANXD
14212,EPHB4
14213,ZNF765
14214,ZNF124
14215,XRCC6
14216,S100A5
14217,PPP1R26
14218,TSC22D2
14219,CRYBA4
14220,ASMT
14221,NPIPB15
14222,ZNF569
14223,ARMCX4
14224,YRDC
14225,ZNF777
14226,PIK3R4
14227,ZNF775
14228,ZNF605
14229,TRAPPC2
14230,RFX8
14231,MYL6B
14232,ZNF799
14233,SIAH1
14234,C20orf96
14235,ESRRG
14236,IPO4
14237,NCOR2
14238,SULT1A1
14239,ARL9
14240,PRPF40A
14241,GDAP2
14242,TCEAL3
14243,ANAPC7
14244,TPK1
14245,SLC6A9
14246,AFAP1
14247,NACA
14248,MYO18A
14249,SPTSSB
14250,BORCS6
14251,MAN2A2
14252,MME
14253,FAM72A
14254,CACNA1H
14255,SULF2
14256,HBG2
14257,LAMA2
14258,PFN3
14259,PLXNB2
14260,AJAP1
14261,XRCC2
14262,MYO6
14263,HDAC2
14264,ZNF782
14265,SLC22A25
14266,POTEF
14267,ZNF846
14268,MMP1
14269,ADH1B
14270,TCF4
14271,WNK3
14272,LUADT1
14273,SDHAF3
14274,HRH1
14275,RABL6
14276,ZNF136
14277,ZKSCAN5
14278,ZNF502
14279,TRAPPC4
14280,SLC30A10
14281,TECPR2
14282,TLR7
14283,FAM180B
14284,ZFP62
14285,ERI2
14286,TOMM7
14287,HSH2D
14288,TRPV1
14289,ZNF33B
14290,ZNF512B
14291,AMZ2
14292,ZNF431
14293,NF1
14294,VKORC1L1
14295,ZNF418
14296,DAPK1
14297,HLA-DQA1
14298,COL27A1
14299,GM2A
14300,CLPSL2
14301,S100A2
14302,ZNF700
14303,POU3F4
14304,CD47
14305,TLE1
14306,MAML3
14307,STRN3
14308,ZNF239
14309,SPINK14
14310,SPRR2B
14311,ZSCAN16
14312,MVB12B
14313,POTEI
14314,ADA
14315,ARID5A
14316,PATE2
14317,PPTC7
14318,KRT39
14319,TOMM20L
14320,NHLRC2
14321,ZFP28
14322,SCN8A
14323,LAMB3
14324,KPNA5
14325,ARHGEF12
14326,HCAR1
14327,PDLIM7
14328,FLNA
14329,TMEM26
14330,SRGAP1
14331,FAM3C
14332,NOP9
14333,ZNF705A
14334,SLC39A10
14335,SCOC-AS1
14336,CASP4
14337,AP2A1
14338,ZNF585A
14339,SMIM10L2B
14340,ANXA4
14341,LAGE3
14342,WDR5B
14343,NPIPB9
14344,ZNF138
14345,ZNF429
14346,ZNF470
14347,SERTAD1
14348,ZNF398
14349,ZSCAN25
14350,ANXA6
14351,ZNF441
14352,GMFB
14353,SIGLEC15
14354,ZNF420
14355,ZNF763
14356,ZMYM1
14357,DTHD1
14358,ZSCAN26
14359,MAFG
14360,ARRDC1
14361,KIAA1671
14362,IGF2R
14363,GAL3ST4
14364,DYNC1H1
14365,SLC6A17
14366,IFNL3
14367,PCBP2
14368,ZGPAT
14369,SLC25A29
14370,PGAP1
14371,ZNF679
14372,ZNF682
14373,ZNF772
14374,ZNF257
14375,ADAM32
14376,ACSL5
14377,LRRC8B
14378,ABCB8
14379,SND1
14380,ZNF785
14381,SULT1A2
14382,NEK5
14383,PSMD12
14384,MAGEA6
14385,ADGRA1
14386,PIWIL2
14387,MIRLET7BHG
14388,NOL4L
14389,CYSRT1
14390,SLC22A4
14391,ZSCAN5B
14392,ENTPD4
14393,C1D
14394,TBC1D9B
14395,FAM110D
14396,LINC00336
14397,TPSB2
14398,KANK2
14399,C6orf141
14400,GTF2E2
14401,IL27
14402,GUCA2A
14403,RAD54B
14404,ZNF165
14405,SYNGAP1
14406,RAMP2-AS1
14407,FITM2
14408,BLM
14409,GATA3-AS1
14410,DDI2
14411,SVIL
14412,TRIM33
14413,LRP10
14414,PELI1
14415,ZNF655
14416,MRPL21
14417,LYPD2
14418,UAP1L1
14419,ZNF98
14420,FBXL22
14421,ZNF786
14422,ZNF517
14423,ZNF675
14424,SLC22A5
14425,DACT3
14426,ADARB1
14427,ZNF860
14428,HTT
14429,C5AR1
14430,DIO3
14431,CYP2B6
14432,DCHS2
14433,VEPH1
14434,SHPK
14435,IPP
14436,OPALIN
14437,MAP3K5
14438,OGDHL
14439,CYP2F1
14440,GSTK1
14441,HNRNPAB
14442,STMN3
14443,PDGFA
14444,GYPE
14445,COL13A1
14446,SPN
14447,ZNF695
14448,ZNF628
14449,GALP
14450,SLC2A10
14451,ZNF665
14452,RPF2
14453,SLC28A3
14454,FAM177B
14455,MIB2
14456,MYO5A
14457,GZMM
14458,ATG7
14459,SIPA1L1
14460,RAB40C
14461,PIGN
14462,COL4A6
14463,ZNF624
14464,HOXA4
14465,TOPORS
14466,BCO2
14467,KCNMB2
14468,ENTPD6
14469,DMBX1
14470,ENPP1
14471,CCDC154
14472,FAR1
14473,ZNF841
14474,MFAP5
14475,MYH6
14476,ZNF615
14477,CDC42SE1
14478,MPEG1
14479,SERPINB2
14480,DPP4
14481,PDCD1LG2
14482,ZNF433
14483,SPTAN1
14484,NMB
14485,PARVA
14486,KLHL14
14487,FAM114A1
14488,RPE
14489,ZNF460
14490,CR1L
14491,PHF2
14492,RPS26
14493,PSAP
14494,S100A10
14495,CFAP43
14496,LHFPL5
14497,RPL37A
14498,HOXC6
14499,TXNRD3
14500,CFD
14501,MAP1LC3C
14502,MCMBP
14503,EME2
14504,KLHDC1
14505,ZNF81
14506,TAF13
14507,ATAD3A
14508,FAM118B
14509,ZNF461
14510,CCDC180
14511,SLC9A8
14512,OCLN
14513,CYP2A13
14514,ZNF181
14515,OR8G1
14516,ZNF44
14517,GPAA1
14518,ADAMTSL2
14519,SGTB
14520,ZNF790
14521,PRB3
14522,MYO1C
14523,MDS2
14524,NKIRAS1
14525,UGT2B17
14526,MEIG1
14527,SLC22A12
14528,KIF13B
14529,NRAP
14530,ADH5
14531,SLC22A6
14532,TEAD4
14533,SPG7
14534,HRNR
14535,HES5
14536,ZNF677
14537,ERO1A
14538,ZNF823
14539,ZNF347
14540,PLCG2
14541,FCHSD1
14542,ZNF71
14543,S100A6
14544,RPL12
14545,DNM3
14546,ZNF121
14547,MPZL1
14548,VPS13A
14549,MBP
14550,ELOVL2
14551,GOLGA6L9
14552,LEKR1
14553,C1orf122
14554,SNHG12
14555,PCDH20
14556,CLEC9A
14557,IRAK4
14558,DLGAP2
14559,MRPL42
14560,ENTPD7
14561,ZNF335
14562,ZNF560
14563,TUBA3C
14564,RPS4X
14565,ZNF273
14566,ZNF84
14567,MAK16
14568,ZNF667
14569,SIRPA
14570,DSCR8
14571,GRK6
14572,PRIM1
14573,POTEH
14574,AKR1B10
14575,SULT1C4
14576,CYP2A7
14577,ZBTB14
14578,CD2AP
14579,NUP62CL
14580,SFI1
14581,KRTAP4-6
14582,TMPRSS11F
14583,ZNF649
14584,ADH4
14585,ZNF248
14586,CHSY3
14587,TOR4A
14588,LPAR1
14589,MB
14590,HIBCH
14591,ZNF544
14592,TMEM229B
14593,SOWAHC
14594,ZNF770
14595,NPIPB6
14596,HMGN5
14597,MIER1
14598,MAN1A2
14599,SVIP
14600,ZNF251
14601,DDRGK1
14602,TFDP1
14603,CLEC4C
14604,ZNF607
14605,BPIFA1
14606,ZNF334
14607,HSD17B11
14608,SZT2
14609,SULT1C2
14610,ZXDA
14611,RPS6KL1
14612,CACNA1E
14613,QRICH1
14614,LINC01558
14615,FKBP1C
14616,DDX42
14617,RPL23A
14618,SLC29A3
14619,STYX
14620,UBL5
14621,HELZ
14622,TMEM116
14623,UCKL1
14624,OR5B21
14625,CARD11
14626,ZNF485
14627,PEG3
14628,SDAD1
14629,ZKSCAN8
14630,HYLS1
14631,MYL4
14632,ZNF442
14633,ZNF813
14634,HOXC4
14635,PIM3
14636,ASPH
14637,SPRED2
14638,WWP2
14639,GFPT1
14640,UVRAG
14641,ZNF26
14642,TMEM207
14643,ITSN2
14644,NTRK1
14645,MT1F
14646,TCAF1
14647,ZNF69
14648,TXNRD1
14649,NRARP
14650,ZNF583
14651,KRTAP4-1
14652,ZNF568
14653,ZXDB
14654,ZNF480
14655,ZNF587
14656,TPM2
14657,SH3BGRL2
14658,ZNF808
14659,ANKRD35
14660,B3GNT6
14661,YTHDF2
14662,TMA16
14663,HLA-DRB5
14664,ATL1
14665,CNGA1
14666,MAFK
14667,ZNF43
14668,GPN1
14669,PLN
14670,C2CD4A
14671,ZNF28
14672,ITGBL1
14673,ZNF511
14674,C20orf203
14675,ZNF627
14676,KCNRG
14677,WDHD1
14678,ZNF789
14679,CTNND1
14680,SLC34A3
14681,RD3
14682,SPANXC
14683,SH2D1B
14684,ARC
14685,NUDT16
14686,TLK1
14687,LRBA
14688,ZNF536
14689,MMP17
14690,BAZ1A
14691,AKR1C4
14692,COPS8
14693,CCDC69
14694,MDM4
14695,RYR2
14696,ZNF534
14697,KLHL9
14698,FAM3D
14699,NCOA6
14700,STK39
14701,TAT
14702,C6orf89
14703,CALM1
14704,LPA
14705,TUSC1
14706,MAGEA1
14707,PAPSS2
14708,SLC9A6
14709,FAN1
14710,ABCA4
14711,EIF1AY
14712,MT-ND6
14713,IPO9
14714,CEP290
14715,SSBP3-AS1
14716,MT-CO2
14717,GLMP
14718,ANKRD13B
14719,ECI2
14720,UNC13B
14721,MT-CYB
14722,LDB1
14723,PPP1R14C
14724,CTR9
14725,SMOC1
14726,F5
14727,MSRB1
14728,LRRTM3
14729,ZNF652
14730,SMURF1
14731,SLC5A3
14732,GPATCH3
14733,CDC42BPB
14734,PLXNB3
14735,OXCT2
14736,RPL10A
14737,COLGALT2
14738,EPS8L3
14739,EGFL6
14740,MT-ND2
14741,SYCP1
14742,APCDD1L
14743,RCSD1
14744,RASSF9
14745,FAM169A
14746,ZNF830
14747,GRIN3A
14748,MT-ND5
14749,CNOT7
14750,TMEM184B
14751,MTOR
14752,SCAMP5
14753,ZNF521
14754,ALPK2
14755,BRINP2
14756,MAGEB3
14757,LRIG2
14758,MT-CO1
14759,PNP
14760,PAX9
14761,GK
14762,FOXJ3
14763,ZNF358
14764,SFT2D1
14765,CD247
14766,GRM3
14767,CHAMP1
14768,INPP5F
14769,ARHGAP11A
14770,SUCNR1
14771,HMGN2
14772,UBE2J1
14773,GJC2
14774,OPA1
14775,DENND4B
14776,RYR3
14777,ZNF277
14778,MT-ND3
14779,KTI12
14780,ARHGEF15
14781,TOX
14782,CES1
14783,CD3E
14784,RUSC2
14785,FICD
14786,OSTC
14787,R3HDM4
14788,TSEN15
14789,LTN1
14790,RUNDC1
14791,CCDC152
14792,GRK5
14793,TYW1
14794,DCAF12
14795,SFMBT2
14796,ASB12
14797,ITPRIPL1
14798,MT-ND4
14799,SMC5
14800,MT-ND1
14801,DCAF12L1
14802,PRMT6
14803,SHISA4
14804,CIPC
14805,CAPZA2
14806,MT-ATP6
14807,TOP1
14808,PRC1
14809,MAP3K3
14810,L1CAM
14811,SREBF2
14812,C1orf174
14813,POU3F3
14814,RASGEF1A
14815,RPL39
14816,DZIP3
14817,KIAA0753
14818,DCLRE1A
14819,ATG9A
14820,NOS1AP
14821,APRT
14822,GPRASP1
14823,TBKBP1
14824,MAGEE1
14825,CCDC167
14826,MT-CO3
14827,ZFP2
14828,SOWAHA
14829,L3MBTL3
14830,DMD
14831,MFAP3L
14832,NAGA
14833,SMG5
14834,TGM2
14835,ARMCX6
14836,PJA2
14837,RORB
14838,SGMS1
14839,ZNF525
14840,LINC01562
14841,INF2
14842,LINC00501
14843,LINC01285
14844,COX20
14845,CHML
14846,CAPN8
14847,TATDN3
14848,CR1
14849,LINC00862
14850,RAET1G
14851,C1orf53
14852,SAMD5
14853,TEDDM1
14854,ECT2L
14855,FCGR3A
14856,TMEM244
14857,CENPW
14858,SPRN
14859,FAM229B
14860,FANK1
14861,SPRR2E
14862,KPRP
14863,DDO
14864,LINC00222
14865,PLPP4
14866,PNLIPRP3
14867,HSD3B1
14868,HSD3B2
14869,RBM20
14870,SMIM9
14871,C6orf163
14872,RIPPLY2
14873,GDI1
14874,SOX18
14875,LIME1
14876,OOEP
14877,KHDC3L
14878,DPPA5
14879,C1orf146
14880,LINC00632
14881,CXorf66
14882,C10orf62
14883,SAMD13
14884,CCDC160
14885,EFCAB7
14886,LDLRAD1
14887,RHOXF2B
14888,ARRDC1-AS1
14889,ZYG11A
14890,LINC01270
14891,LCN8
14892,C1orf185
14893,IFIT1B
14894,CT83
14895,LIPN
14896,LIPJ
14897,TRPC5OS
14898,LRRC73
14899,FOXO6
14900,TCEAL5
14901,SYS1
14902,INPP5B
14903,RPA4
14904,TDRG1
14905,MAFB
14906,TRAF3IP1
14907,CHIC1
14908,GIGYF2
14909,C2orf72
14910,RUFY2
14911,NHSL2
14912,PHACTR4
14913,CLPSL1
14914,ASAH2B
14915,AGAP6
14916,TIMM23B
14917,ZDHHC18
14918,CXorf65
14919,AGAP9
14920,GPRIN2
14921,SYT15
14922,PTPN20
14923,ZDBF2
14924,AWAT1
14925,BMPR2
14926,TCEA3
14927,RING1
14928,OXLD1
14929,COL5A2
14930,SPIN3
14931,TMEM235
14932,PAGE3
14933,HLA-DRA
14934,COL15A1
14935,MRPL38
14936,SMIM5
14937,ERICH2
14938,SP5
14939,BTBD17
14940,SPANXN5
14941,SDHD
14942,XAGE1A
14943,LAYN
14944,XAGE1B
14945,CARD16
14946,MBD5
14947,AIF1
14948,PRAMEF14
14949,PRAMEF15
14950,PRAMEF9
14951,ZNF814
14952,ZNF551
14953,ZNF805
14954,HLA-C
14955,PSORS1C2
14956,MUC21
14957,KRTAP5-11
14958,KRTAP5-10
14959,LRCOL1
14960,LINC01123
14961,HLA-E
14962,LINC01257
14963,ZNF468
14964,ZNF616
14965,TBC1D8
14966,ASPDH
14967,C9orf57
14968,IL31
14969,AKT1S1
14970,GABBR1
14971,MAMDC2-AS1
14972,SPDYC
14973,MALRD1
14974,RANBP17
14975,FOXD4L5
14976,LINC01291
14977,MRPL53
14978,ST8SIA6-AS1
14979,ATXN2
14980,DCTN1
14981,SPATA31A1
14982,TCTN1
14983,FAM216A
14984,ZBTB48
14985,IGFL2
14986,IGFL4
14987,KRT40
14988,KRT25
14989,MZT1
14990,SPINK9
14991,ZNF155
14992,UQCC3
14993,FBXO48
14994,FAM221B
14995,ATP6V0E2-AS1
14996,CD177
14997,PSG5
14998,ZNF783
14999,ZNF425
15000,FAM83A-AS1
15001,LRRC10B
15002,FBXO47
15003,PCDHGA1
15004,BLACE
15005,PCDHA5
15006,PCDHA1
15007,TRIM13
15008,ERICH4
15009,MS4A13
15010,PRSS1
15011,SPIRE2
15012,AARD
15013,PABPN1L
15014,PKHD1L1
15015,SLFN12L
15016,SLC35B4
15017,LGALS7
15018,SYCE1L
15019,TMEM231
15020,CCNI2
15021,TMEM240
15022,CDKL4
15023,TRIQK
15024,SDHAF1
15025,ARID3C
15026,PSENEN
15027,C11orf91
15028,LINC00654
15029,ZBTB10
15030,C4orf46
15031,SCGB2B2
15032,LGR4
15033,PSMB10
15034,VIT
15035,TTLL10-AS1
15036,SPDYE2
15037,E2F4
15038,PDE7A
15039,TMEM170B
15040,MUC12
15041,CTXN3
15042,LINC01602
15043,SNX2
15044,SAP25
15045,NT5M
15046,SARNP
15047,LINC01460
15048,ADGRG1
15049,IPO7
15050,PRR13
15051,TECPR1
15052,MT1H
15053,SLCO6A1
15054,MT1A
15055,MT1M
15056,CFI
15057,SAMD9
15058,KRT6A
15059,CNEP1R1
15060,KRT81
15061,EXOC3L4
15062,KRTAP12-3
15063,TP53TG3D
15064,CCDC85C
15065,C2CD4B
15066,RGL3
15067,TMSB4X
15068,TMEM256
15069,CPT1B
15070,HMGN1
15071,DENND6B
15072,EIF3CL
15073,LINC01446
15074,LCMT1
15075,LINC00898
15076,MFSD2B
15077,VCX3B
15078,CDPF1
15079,LIN52
15080,ACOT6
15081,TECRL
15082,DPF3
15083,MANSC4
15084,ADARB2-AS1
15085,C17orf107
15086,ITSN1
15087,ITPRIPL2
15088,DENND1C
15089,CRLF2
15090,CRYZL1
15091,GAGE1
15092,ARRDC5
15093,LOH12CR2
15094,CYS1
15095,PLPP6
15096,KLRC2
15097,KLRC3
15098,C16orf96
15099,GMNC
15100,LINC00487
15101,TTC23L
15102,CLEC6A
15103,RFPL3S
15104,C22orf42
15105,NANOGNB
15106,C1QTNF9B
15107,DEFB134
15108,ZNF316
15109,SRRM2-AS1
15110,ONECUT3
15111,CEMP1
15112,OLIG2
15113,RNPS1
15114,NYNRIN
15115,DNAJC19
15116,IFITM5
15117,DOK6
15118,SERPINB4
15119,SERPINB5
15120,ZDHHC11B
15121,KRTAP20-4
15122,CFAP99
15123,GOLGA8O
15124,TMEM191C
15125,HBA1
15126,HBM
15127,ATP10A
15128,ANKUB1
15129,PRR23A
15130,COL6A6
15131,RAB12
15132,TMEM200C
15133,HACD2
15134,CFAP44
15135,CD200R1L
15136,LNP1
15137,VGLL3
15138,ZCWPW2
15139,ANKRD28
15140,COLQ
15141,METTL6
15142,THUMPD3-AS1
15143,XKR4
15144,GPX3
15145,DIO2
15146,DIO1
15147,STK38L
15148,SACM1L
15149,TSN
15150,SLC48A1
15151,IGKC
15152,IGKV4-1
15153,IGKV5-2
15154,IGKV6-21
15155,IGKV2D-26
15156,IGKV3D-20
15157,IGKV3D-11
15158,IGLV4-69
15159,IGLV8-61
15160,IGLV4-60
15161,IGLV6-57
15162,IGLV11-55
15163,IGLV10-54
15164,IGLV1-51
15165,IGLV5-48
15166,IGLV1-47
15167,IGLV7-46
15168,IGLV5-45
15169,IGLV1-36
15170,IGLV3-27
15171,IGLV3-25
15172,IGLV2-23
15173,IGLV3-21
15174,IGLV3-19
15175,IGLV2-18
15176,IGLV3-16
15177,IGLV2-14
15178,IGLV3-12
15179,IGLV2-11
15180,IGLV3-10
15181,IGLV3-9
15182,IGLC2
15183,IGLC3
15184,IGLC7
15185,TRGV11
15186,TRGV10
15187,TRGV9
15188,TRGV8
15189,TRGV5
15190,TRGV4
15191,TRGV3
15192,TRBV6-5
15193,TRAV2
15194,TRAV3
15195,TRAV4
15196,TRAV5
15197,TRAV6
15198,TRAV10
15199,TRAV12-1
15200,TRAV8-2
15201,TRAV8-3
15202,TRAV13-1
15203,TRAV12-2
15204,TRAV8-4
15205,TRAV13-2
15206,TRAV14DV4
15207,TRAV9-2
15208,TRAV12-3
15209,TRAV8-6
15210,TRAV16
15211,TRAV17
15212,TRAV19
15213,TRAV20
15214,TRAV21
15215,TRAV22
15216,TRAV23DV6
15217,TRDV1
15218,TRAV25
15219,TRAV26-1
15220,TRAV27
15221,TRAV29DV5
15222,TRAV35
15223,TRAV36DV7
15224,TRAV38-2DV8
15225,TRAV41
15226,TRDV2
15227,IGHG3
15228,IGHV6-1
15229,IGHV1-2
15230,IGHV1-3
15231,IGHV3-7
15232,IGHV3-11
15233,IGHV3-13
15234,IGHV3-15
15235,IGHV1-18
15236,IGHV3-21
15237,IGHV3-23
15238,IGHV1-24
15239,IGHV4-28
15240,IGHV4-39
15241,IGHV1-46
15242,IGHV3-48
15243,IGHV1-58
15244,IGHV4-61
15245,IGHV3-66
15246,IGHV3-73
15247,PRR22
15248,LINC01089
15249,CTAGE1
15250,KRTAP2-1
15251,EWSAT1
15252,RNF208
15253,MT-ND4L
15254,MAP10
15255,POU5F1B
15256,ZNF580
15257,ZNF611
15258,SYT3
15259,NUP62
15260,DENND1B
15261,C1orf220
15262,SFT2D2
15263,SCAF8
15264,CFAP45
15265,ACKR1
15266,ZNF254
15267,CRYGS
15268,CRIP1
15269,KLHL23
15270,LINGO4
15271,FAM24B
15272,TRIM59
15273,MLLT11
15274,ASIC3
15275,GIMAP1
15276,CCDC183
15277,CSH2
15278,DNLZ
15279,TCL1B
15280,SUPT4H1
15281,TSGA13
15282,NRAS
15283,LTC4S
15284,ANKRD39
15285,QTRT1
15286,CHUK
15287,MXD3
15288,GSTM2
15289,LINC00671
15290,COG8
15291,ARHGAP19
15292,HAUS7
15293,LCAT
15294,PTPRCAP
15295,PVRIG
15296,KRTAP4-12
15297,GPC2
15298,KRT222
15299,SIPA1
15300,ERV3-1
15301,SYNJ2BP
15302,ARL2
15303,FIRRE
15304,GBP7
15305,RBMXL1
15306,SRA1
15307,DNAJC9
15308,C8orf82
15309,CPLX3
15310,VDAC1
15311,ZBTB9
15312,TMX2
15313,HEXA
15314,NDUFS3
15315,LEPROT
15316,LBH
15317,ADAT3
15318,PPP1CB
15319,SULT1A4
15320,LAT
15321,NCKIPSD
15322,S1PR3
15323,SLC35F6
15324,FAM209B
15325,RPS29
15326,ZNF337-AS1
15327,UGT2B11
15328,ZNF134
15329,DDX47
15330,ZNF888
15331,ZNF845
15332,KLRK1
15333,EMP2
15334,PPM1N
15335,CEACAM16
15336,SLC23A3
15337,LTB4R
15338,LIPE-AS1
15339,LTB4R2
15340,DNASE1
15341,MDP1
15342,CSNK1E
15343,CCL27
15344,GALT
15345,HBE1
15346,HBG1
15347,CLDN9
15348,ITGA1
15349,NUDT19
15350,ZNF726
15351,ZNF99
15352,TAX1BP3
15353,AP1G2
15354,ZNF90
15355,TM6SF2
15356,GANC
15357,TTLL3
15358,REPIN1
15359,ZNF891
15360,SMIM7
15361,FBXO16
15362,TSPAN4
15363,CPNE1
15364,ARL16
15365,WEE2
15366,MAGEB1
15367,LYRM4
15368,MYCBP
15369,TMEM213
15370,PRCD
15371,ALG3
15372,GCC2-AS1
15373,SH3D21
15374,C19orf38
15375,C17orf67
15376,FIS1
15377,ANG
15378,APTR
15379,SPDYE3
15380,MBLAC1
15381,FOXI3
15382,VAC14-AS1
15383,NEURL1B
15384,EFCAB9
15385,HAUS3
15386,VSTM5
15387,LINC00488
15388,LCNL1
15389,BBIP1
15390,GNAT3
15391,AS3MT
15392,PLIN5
15393,SEC14L6
15394,SPINK13
15395,HIGD1C
15396,NOTO
15397,PPME1
15398,STARD10
15399,MEG3
15400,NUTM2D
15401,CPEB1
15402,EML6
15403,ZNF727
15404,ZSWIM8
15405,C10orf105
15406,ARHGEF33
15407,IFRD2
15408,CAPN14
15409,ZBED1
15410,HNRNPUL2
15411,MS4A4E
15412,FER1L6
15413,MTCP1
15414,RAD51AP2
15415,DCDC2C
15416,SMTNL1
15417,LINC01588
15418,SPATA31D1
15419,ZSWIM7
15420,ARHGEF28
15421,TBC1D26
15422,LRRC69
15423,COL28A1
15424,PHB2
15425,GRID2IP
15426,CXorf49B
15427,UBXN2B
15428,CXorf49
15429,LINC00588
15430,MUC5AC
15431,MSMP
15432,GOLGA6B
15433,PEX26
15434,LINC01020
15435,FASTKD5
15436,GOLGA8B
15437,KCNU1
15438,GAGE10
15439,RNF212B
15440,DDX3X
15441,VPS16
15442,MYL5
15443,MIR99AHG
15444,SCRT2
15445,ZNF407
15446,MCM3AP-AS1
15447,NPEPL1
15448,AATBC
15449,RPL17-C18orf32
15450,SIAH3
15451,EFCAB8
15452,GAB4
15453,C20orf202
15454,HMX1
15455,TMEM242
15456,TMEM167B
15457,FAM72D
15458,TNFRSF25
15459,LINC01139
15460,TSTD1
15461,LINC01356
15462,CYB5RL
15463,C1orf167
15464,TTC34
15465,ATAD3C
15466,IFI30
15467,IGSF23
15468,GAGE12E
15469,LY86-AS1
15470,CCDC7
15471,FNIP1
15472,SYCE3
15473,CKLF
15474,PAM16
15475,TENM3
15476,LINC00339
15477,CEBPZOS
15478,PAPOLB
15479,ZNF579
15480,CELA3B
15481,RNASEK
15482,UMAD1
15483,PPP1R3G
15484,FAM228B
15485,LINGO3
15486,ZGLP1
15487,VAMP2
15488,HTR5A-AS1
15489,LL22NC03-63E9.3
15490,EBF2
15491,PPP3R1
15492,PSG3
15493,FANCG
15494,AP4M1
15495,PLXNA4
15496,CEBPD
15497,ZNF816-ZNF321P
15498,ARIH2OS
15499,HMSD
15500,NPTXR
15501,FAM200A
15502,PPP2R2A
15503,C19orf73
15504,ZNF880
15505,TRIM16
15506,HEPN1
15507,TIGD1
15508,FXYD7
15509,XKR9
15510,LINC01465
15511,SLC12A8
15512,APOL6
15513,FADS3
15514,CCNL2
15515,UBA52
15516,MYBPHL
15517,PPT2
15518,ZNF630
15519,LINC01118
15520,BTBD19
15521,FAM185A
15522,RAB6C
15523,PSMB11
15524,LINC01124
15525,IGLC6
15526,POTEJ
15527,DCDC2B
15528,C10orf55
15529,IGLV9-49
15530,CLDN10-AS1
15531,MEG9
15532,LINC00397
15533,NUTM2A-AS1
15534,EXOSC6
15535,ZNF844
15536,CKMT1A
15537,TINCR
15538,ZNF735
15539,RFPL4A
15540,C1GALT1C1L
15541,SAMSN1-AS1
15542,LINC00571
15543,RAET1E-AS1
15544,LINC00205
15545,LGALS8-AS1
15546,LINC00707
15547,CERS1
15548,LINC00114
15549,FAM95B1
15550,ROR1-AS1
15551,C1QTNF5
15552,LINC01449
15553,MIR181A2HG
15554,IGKV3D-15
15555,CPTP
15556,EGFR-AS1
15557,LINC00691
15558,INHBA-AS1
15559,POU6F2-AS1
15560,MIR548XHG
15561,DNAJC27-AS1
15562,LINC00570
15563,MIR3681HG
15564,HAGLR
15565,LINC01133
15566,LINC01142
15567,LINC01567
15568,IGHV4-59
15569,PRR29
15570,LINC00572
15571,ADM5
15572,PRKAR2A-AS1
15573,LINC00539
15574,ATXN1L
15575,LINC00365
15576,LINC00620
15577,SMIM13
15578,TMLHE-AS1
15579,LINC01087
15580,LINC01117
15581,ZMIZ1-AS1
15582,IGHV3-74
15583,LINC00885
15584,GAGE12J
15585,SH3BP5-AS1
15586,RASAL2-AS1
15587,PCOLCE-AS1
15588,TEX26-AS1
15589,LINC00853
15590,TMEM72-AS1
15591,COL4A2-AS2
15592,LINC00240
15593,POT1-AS1
15594,GAGE12H
15595,LINC00863
15596,LINC00184
15597,PRRT4
15598,LINC01266
15599,PGM5-AS1
15600,TMEM233
15601,LINC01526
15602,GRTP1-AS1
15603,LINC00237
15604,LINC00972
15605,OSTM1-AS1
15606,LINC00092
15607,MIR137HG
15608,TAF1A-AS1
15609,LINC00705
15610,PPP1R26-AS1
15611,CT62
15612,TMEM246-AS1
15613,NRSN2-AS1
15614,SFTA1P
15615,NHEG1
15616,LINC01504
15617,JPX
15618,NUTM2B-AS1
15619,IGKV6D-21
15620,MKRN2OS
15621,LINC01393
15622,ZNF385D-AS1
15623,C2CD4D
15624,LINC01492
15625,NCBP2-AS1
15626,ZNF469
15627,PACRG-AS3
15628,FAM225B
15629,SLC26A6
15630,PTPRD-AS1
15631,FGD5-AS1
15632,DBH-AS1
15633,P3H2-AS1
15634,PROSER2-AS1
15635,MIAT
15636,TRAM2-AS1
15637,LINC00626
15638,FAM229A
15639,ERCC6
15640,RUSC1-AS1
15641,LINC01456
15642,FRG2B
15643,NOL7
15644,PCA3
15645,NTF4
15646,SATB2-AS1
15647,ELFN1
15648,PIGBOS1
15649,LAMP5-AS1
15650,KCNIP2-AS1
15651,FGF13-AS1
15652,ZNF503-AS1
15653,LINC00951
15654,LINC00937
15655,FTCDNL1
15656,AP4B1-AS1
15657,TEX22
15658,GAS1RR
15659,CFLAR-AS1
15660,LINC00351
15661,CROCC2
15662,ST7-AS2
15663,DCAF8L1
15664,SLC16A1-AS1
15665,TMEM185B
15666,LINC00323
15667,SMIM2
15668,CYP4F26P
15669,SHANK2-AS1
15670,PLCG1-AS1
15671,KIF4B
15672,LINC01108
15673,TEX41
15674,CT47A12
15675,LINC01535
15676,ENTPD1-AS1
15677,LENG8-AS1
15678,FGF12-AS3
15679,FAM66C
15680,HSBP1L1
15681,SMCR5
15682,PP12613
15683,SRRM5
15684,PGAM4
15685,CACTIN-AS1
15686,LINC00840
15687,LINC00348
15688,ERVMER34-1
15689,LINC00454
15690,CT47A11
15691,LINC01203
15692,LINC00658
15693,LINC00511
15694,ITGB2-AS1
15695,C14orf132
15696,WDR46
15697,LINC00629
15698,FOCAD-AS1
15699,HORMAD2-AS1
15700,ZNF717
15701,IL21-AS1
15702,TRGC2
15703,ST7-AS1
15704,SPATA13-AS1
15705,SPANXB1
15706,LINC00845
15707,MIS18A-AS1
15708,SMIM2-AS1
15709,PARG
15710,RBM26-AS1
15711,DLG1-AS1
15712,HPN-AS1
15713,LINC00310
15714,LINC01537
15715,AKR1B15
15716,GAGE12D
15717,SCAMP4
15718,LTB
15719,LINC01132
15720,SOX21-AS1
15721,LINC00355
15722,LINC01068
15723,DNMBP-AS1
15724,RD3L
15725,SUCLA2-AS1
15726,MRLN
15727,SNAP25-AS1
15728,TARID
15729,LINC01429
15730,RAPGEF4-AS1
15731,POLR2J2
15732,FALEC
15733,LINC00578
15734,MT-ATP8
15735,LINC01317
15736,ORM2
15737,PCAT6
15738,LINC01209
15739,MIR646HG
15740,ZNF32-AS2
15741,OST4
15742,LINC01013
15743,MIR34AHG
15744,CCDC183-AS1
15745,NUTM2E
15746,MIR4432HG
15747,ZNF883
15748,HOTAIR
15749,PROB1
15750,DHFR
15751,SRGAP3-AS2
15752,WEE2-AS1
15753,LINC00954
15754,LAMA5-AS1
15755,MIR4500HG
15756,CT45A5
15757,PCDH9-AS2
15758,LINC01428
15759,UBAC2-AS1
15760,TSPY3
15761,LINC01205
15762,HNF4A-AS1
15763,MED4-AS1
15764,RPL41
15765,VIM-AS1
15766,CCDC26
15767,EPHA1-AS1
15768,PGA4
15769,LINC00200
15770,TTTY10
15771,RFPL4AL1
15772,ORM1
15773,HYI-AS1
15774,SZT2-AS1
15775,LINC00452
15776,LINC00858
15777,SPINK8
15778,PATL2
15779,NKX1-2
15780,TSPY8
15781,LINC00379
15782,SACS-AS1
15783,LINC01204
15784,ACVR2B-AS1
15785,MBNL1-AS1
15786,PRAC2
15787,ZNF492
15788,XIST
15789,ZNF688
15790,PET100
15791,EMX2OS
15792,ARSD-AS1
15793,PGA3
15794,STEAP3-AS1
15795,OGFR-AS1
15796,CASC20
15797,LINC01315
15798,KIF25-AS1
15799,FAM90A26
15800,PRPS1L1
15801,LINC01435
15802,ANKRD66
15803,PRRT3-AS1
15804,ACBD6
15805,HOXB-AS1
15806,LINC01433
15807,NFE4
15808,OR5H6
15809,ELOVL2-AS1
15810,FEZF1-AS1
15811,DSCR9
15812,FAM41C
15813,LINC01048
15814,LINC01036
15815,ANKRD18B
15816,PROX1-AS1
15817,PSMG3-AS1
15818,MBD3L2
15819,FTX
15820,HM13-AS1
15821,SETSIP
15822,ENO1-AS1
15823,MEIS1-AS2
15824,ZNF341-AS1
15825,YY2
15826,FOXD3-AS1
15827,ZNF674-AS1
15828,STMND1
15829,LINC00309
15830,HSBP1
15831,LINC00326
15832,HCG18
15833,LINC01436
15834,LINC01508
15835,HAR1B
15836,LINC01098
15837,LINC00852
15838,FARP1-AS1
15839,SBK3
15840,OOEP-AS1
15841,LINC01516
15842,WASIR2
15843,LINC01353
15844,FAM27C
15845,FAM225A
15846,LINC01249
15847,LINC00278
15848,DLEU2
15849,AGBL5-AS1
15850,FSIP2-AS1
15851,DLG3-AS1
15852,DIRC3
15853,LINC01090
15854,LINC-PINT
15855,TSPAN19
15856,LINC01273
15857,ABCA9-AS1
15858,LINC01354
15859,LINC01611
15860,PIK3CD-AS2
15861,PCAT7
15862,LINC01198
15863,IPO9-AS1
15864,F10-AS1
15865,TRAF3IP2-AS1
15866,IDH1-AS1
15867,PSG1
15868,TAPBP
15869,EP300-AS1
15870,TMEM253
15871,LINC01031
15872,TMA7
15873,MCTS1
15874,NCOA7-AS1
15875,LINC00867
15876,RAP2C-AS1
15877,LINC00865
15878,ASCL5
15879,TMEM114
15880,GNG12-AS1
15881,LINC00112
15882,BPESC1
15883,OSBPL10-AS1
15884,LINC01549
15885,KIAA1614-AS1
15886,KANTR
15887,C10orf126
15888,LINC01431
15889,IDI2-AS1
15890,LINC00665
15891,ATP11A-AS1
15892,KIZ-AS1
15893,LINC01162
15894,SLCO4A1-AS1
15895,COL4A2-AS1
15896,PET117
15897,LYRM9
15898,DLGAP4-AS1
15899,SNHG15
15900,CYP1B1-AS1
15901,LINC00327
15902,VPS13A-AS1
15903,NALCN-AS1
15904,SNHG7
15905,PHGR1
15906,PHEX-AS1
15907,LINC01271
15908,CCDC144NL-AS1
15909,HOXB-AS3
15910,RNF224
15911,LINC00642
15912,LINC00472
15913,GPX1
15914,TRGV2
15915,OSTN-AS1
15916,FAM53B-AS1
15917,LINC00028
15918,CHRM3-AS2
15919,HOTAIRM1
15920,STXBP5-AS1
15921,TMEM238
15922,LINC01518
15923,ZNF529-AS1
15924,LINC00460
15925,B4GALT1-AS1
15926,LINC00462
15927,GPR158-AS1
15928,MYCNOS
15929,LINC00656
15930,TSPY4
15931,LINC01503
15932,RPS28
15933,CTXN2
15934,UQCRHL
15935,PAGE2
15936,C16orf82
15937,LINC01191
15938,TMEM229A
15939,DEPDC1-AS1
15940,ZNF879
15941,LINC01426
15942,CCDC188
15943,RBMY1A1
15944,LINC01432
15945,ZNF736
15946,SLC16A12-AS1
15947,PINLYP
15948,ERICH3-AS1
15949,LINC01506
15950,HRAT17
15951,PCDH9-AS1
15952,FAM133B
15953,SYNE1-AS1
15954,MCIDAS
15955,MAPKAPK5-AS1
15956,JRK
15957,IFT74-AS1
15958,SDCBP2-AS1
15959,LINC01287
15960,FOXP4-AS1
15961,LINC01239
15962,HNRNPUL2-BSCL2
15963,MIR155HG
15964,APOC2
15965,GTF3C2-AS1
15966,LINC01524
15967,SHISA8
15968,SEMA3F-AS1
15969,DPP10-AS1
15970,MNX1-AS2
15971,C19orf81
15972,ID2-AS1
15973,LINC00330
15974,ANKRD65
15975,ZSCAN31
15976,DSCAM-AS1
15977,C12orf75
15978,SMIM1
15979,HGH1
15980,PPP1R3E
15981,LINC00383
15982,DANT2
15983,LINC01281
15984,LINC00957
15985,RPEL1
15986,EPN2-AS1
15987,LURAP1L-AS1
15988,UBE2R2-AS1
15989,JARID2-AS1
15990,HIPK1-AS1
15991,MSC-AS1
15992,LINC00402
15993,NFAM1
15994,GNAS-AS1
15995,LINC00494
15996,RNF148
15997,LINC00484
15998,DICER1-AS1
15999,ANKRD34C
16000,KIAA0040
16001,LINC00607
16002,HCFC1-AS1
16003,OLMALINC
16004,SRGAP3-AS4
16005,BHLHE40-AS1
16006,GSN-AS1
16007,TSPEAR-AS1
16008,TM4SF19-AS1
16009,LINC01564
16010,CPB2-AS1
16011,RBMS3-AS3
16012,ASH1L-AS1
16013,NEXN-AS1
16014,LINC01553
16015,LCE6A
16016,EGOT
16017,UBOX5-AS1
16018,PNMA6A
16019,MORC2-AS1
16020,LINC00445
16021,MYCBP2-AS1
16022,LINC01447
16023,ELFN1-AS1
16024,ZBTB22
16025,TMEM147-AS1
16026,GRM7-AS1
16027,LINC01376
16028,DIAPH2-AS1
16029,LINC01361
16030,CLEC2L
16031,ZBED5
16032,GACAT3
16033,MRGPRG-AS1
16034,PPIAL4G
16035,GAGE12F
16036,LINC00479
16037,VLDLR-AS1
16038,LINC01134
16039,TSPY10
16040,LINC00896
16041,SIX3-AS1
16042,RNF217-AS1
16043,ZNF853
16044,PITPNA-AS1
16045,PRKG1-AS1
16046,ARHGEF38
16047,LINC01010
16048,OVAAL
16049,DNAJC9-AS1
16050,INTS6-AS1
16051,LINC00299
16052,LINC01563
16053,BCYRN1
16054,NIFK-AS1
16055,LINC01554
16056,EDRF1-AS1
16057,GLIS3-AS1
16058,ZEB1-AS1
16059,HAND2-AS1
16060,C4orf51
16061,ZNF503-AS2
16062,B3GNT9
16063,NR2F1-AS1
16064,CDKN2AIPNL
16065,ZNF295-AS1
16066,TMEM26-AS1
16067,MBD3L5
16068,LINC00987
16069,CKMT1B
16070,TTN-AS1
16071,RNF223
16072,FTCD-AS1
16073,LINC01502
16074,SYP-AS1
16075,PITRM1-AS1
16076,LINC01304
16077,PRSS56
16078,FOXD2-AS1
16079,ZNF737
16080,PKN2-AS1
16081,UNC5B-AS1
16082,SHISA9
16083,LINC00857
16084,C2orf74
16085,LINC00316
16086,GAGE12C
16087,IRGM
16088,P4HA2-AS1
16089,DCTN1-AS1
16090,LINC01143
16091,FAM200B
16092,LINC01370
16093,NALT1
16094,NFIA-AS2
16095,KCNQ1DN
16096,LINC00649
16097,ZEB2-AS1
16098,SPATA3-AS1
16099,LINC01352
16100,LINC01625
16101,LINC01410
16102,LINC01589
16103,LINC00426
16104,CD81-AS1
16105,PAXBP1-AS1
16106,PAGE2B
16107,LINC01448
16108,TXNDC5
16109,RNF103
16110,RBM14
16111,ATP6V1B1-AS1
16112,ALKBH6
16113,KLHL41
16114,MYLK-AS2
16115,IGKV2D-30
16116,LINC00879
16117,MEIKIN
16118,PSMD6-AS2
16119,NME1
16120,PDZRN3-AS1
16121,TNFSF12
16122,CDRT4
16123,APOBEC3G
16124,TLR9
16125,WBP1
16126,MRPS17
16127,ITIH4-AS1
16128,PRAMEF11
16129,IGKV1D-8
16130,DEFA3
16131,IGKV1-6
16132,GET4
16133,IGKV1-37
16134,C1orf226
16135,ADSL
16136,LINC01471
16137,ZBTB20-AS3
16138,IGKV3-20
16139,LILRA4
16140,IGKV1D-33
16141,TEX35
16142,AMY2B
16143,PCDHGC3
16144,SMKR1
16145,COX19
16146,GHRLOS
16147,ACAD11
16148,PPIL3
16149,IGKV1-17
16150,LCE1F
16151,LINC00636
16152,CDKN2B-AS1
16153,TNFRSF13B
16154,TM4SF1-AS1
16155,L1TD1
16156,AQP1
16157,C1QTNF9
16158,IGKV1-8
16159,ISY1
16160,PNMA2
16161,LRRD1
16162,C21orf91-OT1
16163,ARHGEF25
16164,RDH14
16165,IGKV1-16
16166,NDUFB2-AS1
16167,PLCXD2
16168,LSAMP-AS1
16169,HOXA11-AS
16170,NSUN6
16171,PRICKLE2-AS1
16172,UGT1A9
16173,LINC00881
16174,ARHGAP31-AS1
16175,ADAMTS9-AS1
16176,LINC00877
16177,KRTAP5-8
16178,IGKV1D-16
16179,CRCP
16180,IGKV2-24
16181,WWTR1-AS1
16182,RPL36A
16183,IGKV3-11
16184,PDXP
16185,LINC01192
16186,CD302
16187,EGFL8
16188,SSX2
16189,ARHGAP8
16190,ARPC4
16191,ZBTB20-AS1
16192,CORT
16193,IGKV2D-24
16194,PAQR9-AS1
16195,UGT1A1
16196,INMT
16197,ADAMTS9-AS2
16198,ARPC1A
16199,IGKV1-9
16200,SPRR2A
16201,CECR3
16202,PLEKHO2
16203,C8orf58
16204,PISD
16205,HOGA1
16206,PWP2
16207,PI4KA
16208,HYPK
16209,AMACR
16210,MTFP1
16211,ARHGDIG
16212,TCP10L
16213,PSG2
16214,ARFGAP3
16215,BGLAP
16216,LINC00996
16217,C22orf39
16218,PEG10
16219,UGT1A8
16220,IGKV1-39
16221,EIF6
16222,RBMY1E
16223,GTF2A1L
16224,MRPL20
16225,ARPIN
16226,LINC01206
16227,UGT1A10
16228,LINC00960
16229,KLHL6-AS1
16230,IGKV2D-28
16231,SERPINB10
16232,HLA-DMB
16233,IGKV1D-43
16234,GNG10
16235,LINC00971
16236,CNTF
16237,CCDC169
16238,IGKV1D-17
16239,ZBTB20-AS4
16240,AP5Z1
16241,ZNF709
16242,STRC
16243,ERVW-1
16244,EIF4EBP3
16245,PRAMEF4
16246,LINC00870
16247,PSG4
16248,MRPL33
16249,MICAL3
16250,PCDHAC2
16251,IGKV2-30
16252,STON1
16253,IGKV2D-29
16254,PRAF2
16255,VSIG8
16256,IGKV1-12
16257,KCTD7
16258,EFNA4
16259,TICAM2
16260,IGKV1-5
16261,LINC01214
16262,LINC00880
16263,IL10RB
16264,ZNF487
16265,NME2
16266,DUBR
16267,PLA2G4B
16268,LEFTY1
16269,CFAP57
16270,TTC4
16271,JMJD7
16272,APOBEC3D
16273,RN7SL832P
16274,OR2A7
16275,TUBA4B
16276,LINC00886
16277,MRPS6
16278,ZNF512
16279,GSTA1
16280,ACY1
16281,NFS1
16282,MT1HL1
16283,KRTAP19-3
16284,DDOST
16285,IL12A-AS1
16286,LINC01011
16287,GSTA2
16288,DNAJC25-GNG10
16289,UGT1A7
16290,LINC01322
16291,FLNB-AS1
16292,P2RY11
16293,TMEM141
16294,IFITM10
16295,DBNDD2
16296,LINC00698
16297,FAM3D-AS1
16298,ETV5
16299,KRTAP5-7
16300,CFHR1
16301,IGKV3-15
16302,RBM12
16303,UGT1A4
16304,ERVFRD-1
16305,SCARF2
16306,HDAC11-AS1
16307,APOBEC3C
16308,LINC01260
16309,IGKV1-27
16310,WNT5A-AS1
16311,RAD21L1
16312,CCDC13
16313,ASPRV1
16314,MIATNB
16315,UBE2V1
16316,PTCHD4
16317,C4A
16318,HBB
16319,CRYBB2
16320,N4BP2L2
16321,LIFR-AS1
16322,LINC00847
16323,IGFBP7-AS1
16324,A2M-AS1
16325,ARAP1-AS2
16326,LINC00861
16327,USP2-AS1
16328,SAP30L-AS1
16329,NEAT1
16330,RORA-AS1
16331,SCAMP1-AS1
16332,BDNF-AS
16333,DACT3-AS1
16334,DDX11-AS1
16335,ZNF585B
16336,DRAIC
16337,MIR4300HG
16338,CEBPA
16339,GS1-24F4.2
16340,ALDH1L1-AS2
16341,KCTD21-AS1
16342,LINC01550
16343,CASC8
16344,SBF2-AS1
16345,EXTL3-AS1
16346,LACTB2-AS1
16347,LINC00968
16348,RASSF8-AS1
16349,MGC16275
16350,PLA2G4E-AS1
16351,RGMB-AS1
16352,STARD4-AS1
16353,UBAP1L
16354,PGAM5
16355,SNHG10
16356,LINC01252
16357,ZBED5-AS1
16358,ZCCHC3
16359,MIR4458HG
16360,CKMT2-AS1
16361,TWF2
16362,MARS2
16363,LRP4-AS1
16364,STX18-AS1
16365,USP51
16366,SEC24B-AS1
16367,LINC00926
16368,NRAV
16369,BCKDHA
16370,INSL3
16371,LINC01019
16372,LINC01194
16373,ADH1C
16374,TRIM39-RPP21
16375,TRPC7-AS1
16376,OCIAD1-AS1
16377,MEF2C-AS1
16378,APELA
16379,CDK11B
16380,LINC00504
16381,PRR5-ARHGAP8
16382,SEMA6A-AS1
16383,FGF10-AS1
16384,POU5F2
16385,PCP4L1
16386,ABHD14A
16387,OTX2-AS1
16388,RBM14-RBM4
16389,HAS2-AS1
16390,NPHP3-AS1
16391,EGFLAM-AS4
16392,ACTN3
16393,LINC01095
16394,LINC01574
16395,HHIP-AS1
16396,FMN1
16397,ZNF436-AS1
16398,HAUS5
16399,LINC01093
16400,CASC16
16401,TMEM150C
16402,LINC00939
16403,LINC01411
16404,APOBEC3B-AS1
16405,LINC01016
16406,UGDH-AS1
16407,CASC11
16408,FLJ12825
16409,CASC9
16410,NAIP
16411,ZNF286B
16412,LINC01091
16413,ZNF324B
16414,LINC01234
16415,LINC00942
16416,HOXC13-AS
16417,ZNF564
16418,FER1L5
16419,LINC01265
16420,CTB-1I21.1
16421,LINC00964
16422,HS3ST5
16423,PVT1
16424,LGALS16
16425,RNF103-CHMP3
16426,PDCD6
16427,GOLGA8K
16428,TRGV7
16429,TMEM158
16430,BFSP2-AS1
16431,YJEFN3
16432,ARPC4-TTLL3
16433,PTTG2
16434,LINC01612
16435,RDH10-AS1
16436,ZNF718
16437,SMIM20
16438,LINC00989
16439,GYPB
16440,TUNAR
16441,CLSTN2-AS1
16442,HOXC-AS1
16443,FAM218A
16444,GPR162
16445,ATP6V1E2
16446,GLI4
16447,LINC01511
16448,LINC00604
16449,LINC00491
16450,LINC01262
16451,SNHG18
16452,PRODH2
16453,ZBED3-AS1
16454,EPHA5-AS1
16455,SMAD1-AS1
16456,SNHG21
16457,THAP9-AS1
16458,IGKV2D-40
16459,F11-AS1
16460,TMEM92-AS1
16461,LINC00589
16462,ZNF674
16463,TMED7-TICAM2
16464,LINC00923
16465,LINC01337
16466,MIR3945HG
16467,ZNF345
16468,RFPL4B
16469,ALG1L2
16470,WWC2-AS2
16471,ZNF550
16472,DCANP1
16473,LINC00958
16474,FOXD1
16475,LINC01099
16476,LINC00605
16477,IGKV1D-39
16478,MALAT1
16479,LINC01267
16480,PRB1
16481,LINC01609
16482,LINC00967
16483,PCDHGA12
16484,HOXA10-AS
16485,IGLVI-70
16486,C8orf88
16487,CCDC71L
16488,HOXA10
16489,LINC01606
16490,STAU2-AS1
16491,TMEM200B
16492,PCDHGB6
16493,C1orf210
16494,RAD21-AS1
16495,TUG1
16496,TRNP1
16497,PCAT1
16498,SMIM18
16499,PCDHGA5
16500,NACA2
16501,MIR3142HG
16502,PCDHGA7
16503,OSGEPL1-AS1
16504,LINC01300
16505,SLC10A5
16506,EIF5AL1
16507,LINC01484
16508,ALG11
16509,MINCR
16510,ATXN7L3B
16511,PRKDC
16512,PCDHGA6
16513,PCDHGA8
16514,UTP14C
16515,ETV3L
16516,PCDHGA10
16517,FER1L6-AS2
16518,PCDHGA11
16519,LINC01608
16520,LINC01419
16521,PCDHGB2
16522,PCDHGB4
16523,CLDN23
16524,IGKV2-29
16525,ZNF260
16526,IGHEP2
16527,IGLC5
16528,LINC01299
16529,LYN
16530,IGKV2-26
16531,RBPMS-AS1
16532,PCDHGB7
16533,PCAT2
16534,LINC01485
16535,PCDHGB1
16536,PCDHGA3
16537,PKIA-AS1
16538,LINC01111
16539,MIR2052HG
16540,HOXA-AS3
16541,RHPN1-AS1
16542,LRRC24
16543,CHKB-CPT1B
16544,SIGLEC14
16545,PBOV1
16546,AP5B1
16547,SIGLEC12
16548,PABPC4L
16549,NAV2-AS3
16550,BBOX1-AS1
16551,CSNK2A3
16552,ARMS2
16553,FPGT
16554,SENCR
16555,IGLL5
16556,MEX3A
16557,EEF1G
16558,CKLF-CMTM1
16559,MPV17L2
16560,BORCS8
16561,DPP3
16562,STX16-NPEPL1
16563,ANKHD1-EIF4EBP3
16564,KRTAP5-9
16565,BRK1
16566,SAA2-SAA4
16567,GRM5-AS1
16568,CHMP1B
16569,OVOL1-AS1
16570,EID3
16571,CCDC166
16572,FXYD6-FXYD2
16573,MIR100HG
16574,OR8G5
16575,EID1
16576,NOX5
16577,TAS2R43
16578,HCAR3
16579,TBX5-AS1
16580,EBLN2
16581,CARD18
16582,POLR2M
16583,ZNF252P-AS1
16584,FDXACB1
16585,TRAV1-1
16586,MIR9-3HG
16587,RAB44
16588,FAM222A-AS1
16589,TRIL
16590,IFNG-AS1
16591,AGAP2-AS1
16592,TIFAB
16593,PXN-AS1
16594,DENND5B-AS1
16595,CCND2-AS1
16596,CYP2A6
16597,PAPPA-AS1
16598,CTSO
16599,ZNF432
16600,LINC01152
16601,SMLR1
16602,TAS2R30
16603,ZNF10
16604,ZNF486
16605,SMIM3
16606,HMBS
16607,ZNF225
16608,TAS2R31
16609,DND1
16610,SALL3
16611,MRGPRF-AS1
16612,POLG2
16613,SMIM10L1
16614,TRAV1-2
16615,TRDV3
16616,ZBTB11-AS1
16617,CLEC12B
16618,ZNF350
16619,PGA5
16620,PLBD1-AS1
16621,STH
16622,ZNF253
16623,C17orf100
16624,CAPNS2
16625,SLC5A8
16626,KHDC1L
16627,HP
16628,C11orf97
16629,LSM14A
16630,NHLRC4
16631,CLLU1
16632,TMPO-AS1
16633,HOXA10-HOXA9
16634,GATC
16635,ZBED6
16636,FNTB
16637,ZNF878
16638,KRT73-AS1
16639,SFTA3
16640,HLX-AS1
16641,ZNF625
16642,GALNT4
16643,MIR4307HG
16644,PSMA3-AS1
16645,LBX2-AS1
16646,INAFM1
16647,CNPY2
16648,MGAM2
16649,CASC18
16650,CUX1
16651,TEN1
16652,P2RX5-TAX1BP3
16653,BCDIN3D-AS1
16654,MAP1LC3B2
16655,LINC00485
16656,CLEC5A
16657,LINC00592
16658,CHURC1
16659,RTEL1
16660,PPT2-EGFL8
16661,ZNF578
16662,PDF
16663,LINC01580
16664,LINC00640
16665,SPESP1
16666,DIO3OS
16667,LINC00239
16668,FRMD6-AS2
16669,RHOXF1-AS1
16670,LINC00645
16671,CRAT37
16672,SPECC1L-ADORA2A
16673,SYNJ2BP-COX16
16674,TRIM34
16675,SLC25A21-AS1
16676,LINC01193
16677,PINX1
16678,PRC1-AS1
16679,ITPK1-AS1
16680,LINC00520
16681,RNASE4
16682,MC1R
16683,DUXA
16684,CEP95
16685,FOXN3-AS1
16686,TUBB3
16687,LINC01467
16688,UBE2F-SCLY
16689,TMEM179
16690,TSPY1
16691,TVP23C-CDRT4
16692,FPGT-TNNI3K
16693,LINC00639
16694,FOXN3-AS2
16695,POC1B-GALNT4
16696,LINC00517
16697,TRAV30
16698,NDUFC2-KCTD14
16699,LRP1-AS
16700,LINC00648
16701,LINC00924
16702,ITGB3
16703,SLC35G6
16704,USP3-AS1
16705,ZHX1-C8orf76
16706,INAFM2
16707,ST20-MTHFS
16708,GH1
16709,THTPA
16710,ADNP-AS1
16711,CPEB1-AS1
16712,LINC01169
16713,MRPL46
16714,LINC01583
16715,LINC00052
16716,BLID
16717,LINC01582
16718,IQCH-AS1
16719,CRTC3-AS1
16720,PCSK6-AS1
16721,SLC22A31
16722,LYPD8
16723,LINC00567
16724,EHD4-AS1
16725,PWRN1
16726,IL21R-AS1
16727,RBM15B
16728,LINC00261
16729,TGFBR3L
16730,HOXB7
16731,LCMT1-AS2
16732,MIR762HG
16733,LINC01413
16734,CCDC187
16735,FRRS1L
16736,PMF1-BGLAP
16737,SNHG19
16738,MRC1
16739,HSPB9
16740,HEXA-AS1
16741,AQP4-AS1
16742,LINC00562
16743,SCX
16744,LMF1-AS1
16745,ATP2A1-AS1
16746,LCMT1-AS1
16747,C16orf95
16748,LINC01290
16749,SNAI3-AS1
16750,LINC01541
16751,ANKRD20A1
16752,LINC00543
16753,FBXL19-AS1
16754,ADPGK-AS1
16755,XKR7
16756,LINC01254
16757,CCPG1
16758,LINC01572
16759,SULT1A3
16760,LINC00563
16761,LMO7-AS1
16762,TMEM178B
16763,EPPK1
16764,ZNF865
16765,BOP1
16766,PYCARD-AS1
16767,PECAM1
16768,VPS9D1-AS1
16769,MAFTRR
16770,TEN1-CDK3
16771,LINC01003
16772,TUBB8
16773,DLGAP1-AS5
16774,TPBGL
16775,GAN
16776,BEAN1-AS1
16777,TTC39A-AS1
16778,SCRT1
16779,LINC00838
16780,HPR
16781,LINC01477
16782,GS1-204I12.4
16783,GOLGA8S
16784,LINC00922
16785,TCF24
16786,GOLGA8H
16787,LOXL1-AS1
16788,LINC00662
16789,MIA
16790,PCDHGA9
16791,GFY
16792,DKFZP434A062
16793,CORO7
16794,MMP12
16795,MIR193BHG
16796,LINC01569
16797,CCER2
16798,PCDHGA4
16799,SPON1
16800,OVCA2
16801,GLIS2-AS1
16802,MRPL12
16803,C19orf84
16804,GTF2I
16805,ZNF234
16806,ZNF213-AS1
16807,MYZAP
16808,TAPT1-AS1
16809,TMEM220-AS1
16810,GTSCR1
16811,SRSF8
16812,FAM72C
16813,IKBKE
16814,HID1-AS1
16815,MSMB
16816,DLGAP1-AS3
16817,LINC00667
16818,GDF2
16819,NBPF11
16820,MIR3180-4
16821,ANXA8L1
16822,DYNLL2
16823,MYH4
16824,OTUD7B
16825,L3MBTL4-AS1
16826,TTC39C-AS1
16827,MAFG-AS1
16828,DSG2-AS1
16829,PRR29-AS1
16830,C1QTNF1-AS1
16831,GJA5
16832,ANXA8
16833,RBM8A
16834,TIMM23
16835,PCAT18
16836,RNF115
16837,MIR3180-1
16838,RARA-AS1
16839,RPL17
16840,ZNF488
16841,CYP4F35P
16842,SEC22B
16843,FSBP
16844,LINC01029
16845,LINC00668
16846,GACAT2
16847,TXNIP
16848,GATA6-AS1
16849,SRGAP2
16850,NDUFV2-AS1
16851,BAHCC1
16852,RASSF5
16853,STRADA
16854,LINC00908
16855,KLF14
16856,NBPF15
16857,SNHG25
16858,NCOA4
16859,MIR3179-3
16860,MRPS21
16861,GDF10
16862,MYO15B
16863,DSG1-AS1
16864,GAPLINC
16865,ZNF793-AS1
16866,FXYD1
16867,AARSD1
16868,FARSA-AS1
16869,ZNF850
16870,CTB-30L5.1
16871,PTGES3L
16872,UXT-AS1
16873,ASB16-AS1
16874,PCAT19
16875,LCN6
16876,ZNF790-AS1
16877,PARD6G-AS1
16878,LINC01140
16879,TBX2-AS1
16880,KC6
16881,SNHG22
16882,LINC00906
16883,KCNJ2-AS1
16884,APOC4
16885,ZNF571-AS1
16886,CIRBP-AS1
16887,ZNF285
16888,ALOX12-AS1
16889,S1PR2
16890,LINC00907
16891,ZNF224
16892,LDLRAD4-AS1
16893,LINC01539
16894,SMIM22
16895,LIN37
16896,NDUFA7
16897,MZF1-AS1
16898,CCDC177
16899,MAGEA9B
16900,CARD8-AS1
16901,PTOV1-AS1
16902,SSX4
16903,NBPF12
16904,GABRQ
16905,ZNF649-AS1
16906,SLC6A14
16907,ARL14EPL
16908,AIRN
16909,LRRC2-AS1
16910,FAM156A
16911,FENDRR
16912,SSX2B
16913,SIGLEC5
16914,MAGEA2
16915,CTAG1A
16916,MIMT1
16917,LINC00664
16918,PLCE1-AS1
16919,A1BG-AS1
16920,CT45A1
16921,ERVV-2
16922,CALR3
16923,ZNF728
16924,CT45A3
16925,TRABD2B
16926,FBXO17
16927,LINC00528
16928,ZNF350-AS1
16929,ZSCAN16-AS1
16930,IKBKG
16931,ZNF587B
16932,LINC01233
16933,RAB11B-AS1
16934,SPIB
16935,NXF2
16936,LINC01224
16937,OPN1MW3
16938,NXF2B
16939,ERVV-1
16940,TMEM185A
16941,CT45A10
16942,ZIM2
16943,NBPF9
16944,SLC25A53
16945,SSX4B
16946,KCNQ1OT1
16947,EGLN2
16948,ARHGAP19-SLIT1
16949,MEI4
16950,ZNF559-ZNF177
16951,TERC
16952,LINC01480
16953,HMGN3-AS1
16954,LINC01235
16955,IGHV3-30
16956,NBPF14
16957,TSIX
16958,TAF15
16959,HSPE1-MOB4
16960,RPS10-NUDT3
16961,C17orf50
16962,LINC00221
16963,RASL10B
16964,CT45A9
16965,LPP-AS2
16966,NAMA
16967,SRXN1
16968,NBPF19
16969,NBPF10
16970,CT45A2
16971,LIX1L
16972,MILR1
16973,SYNCRIP
16974,PLS3-AS1
16975,LINC01215
16976,ANKRD34A
16977,GTF2H5
16978,LINC01607
16979,FGF14-AS2
16980,NUDT3
16981,KMT2B
16982,POM121C
16983,CD24
16984,CFAP206
16985,MUSTN1
16986,ZNF595
16987,AFAP1-AS1
16988,DOC2B
16989,MESTIT1
16990,JMJD1C-AS1
16991,DCP1A
16992,RBAK-RBAKDN
16993,FAM106A
16994,DGCR5
16995,C2orf15
16996,GRIN2B
16997,LYPD4
16998,NBPF26
16999,SNURF
17000,ZBTB8B
17001,RBAKDN
17002,ZNHIT3
17003,CEACAM20
17004,USP27X
17005,TAF9
17006,NOL12
17007,LINC01138
17008,NATD1
17009,SOCS7
17010,GGTLC3
17011,GAGE13
17012,ADRA2B
17013,ZNF658
17014,TPTE
17015,TBC1D3D
17016,C8orf89
17017,TBC1D3L
17018,DGKK
17019,CCL23
17020,KRTAP7-1
17021,TBC1D3B
17022,NPHP3-ACAD11
17023,TBC1D3I
17024,RNU11
17025,ZNF280B
17026,MLLT6
17027,PPP4R3B
17028,NUDT18
17029,ZNF2
17030,CCL16
17031,HNF1B
17032,FLJ16779
17033,AATF
17034,CCL15
17035,LYZL6
17036,ARHGAP23
17037,PRSS2
17038,RNU12
17039,UHRF1
17040,PIK3R6
17041,PIP4K2B
17042,FLJ36000
17043,CCL14
17044,LINC00540
17045,PCDHGB5
17046,IGKV1D-13
17047,RAB7B
17048,DACH1
17049,PADI6
17050,IGHV4-4
17051,RMRP
17052,HNRNPCL3
17053,LINC00869
17054,TYW1B
17055,F8A3
17056,SPANXA2-OT1
17057,PCGF2
17058,SRCIN1
17059,MARCKS
17060,CEBPB-AS1
17061,ZNF670
17062,PKD1L3
17063,GPIHBP1
17064,NEFL
17065,PGM5P3-AS1
17066,TRAC
17067,PGM5P2
17068,PSMB3
17069,FAM230A
17070,SRD5A2
17071,OR52E5
17072,RDM1
17073,TEX28
17074,ZNF8
17075,TSC22D1-AS1
17076,GLIDR
17077,SSTR3
17078,IGLV2-8
17079,PRICKLE4
17080,SCARNA2
17081,MYO19
17082,TBC1D3C
17083,ZNF229
17084,VWA8-AS1
17085,POTEB3
17086,DHRS11
17087,TMEM191B
17088,NR2E3
17089,C11orf98
17090,MRM1
17091,NKILA
17092,MCM8-AS1
17093,BACE1-AS
17094,LINC00624
17095,IGKV1D-12
17096,BANCR
17097,OR51B2
17098,SND1-IT1
17099,LINC01451
17100,TSTD3
17101,LINC00216
17102,LINC01126
17103,BIRC6-AS2
17104,UCKL1-AS1
17105,SALRNA2
17106,LINC01348
17107,SCAANT1
17108,THRIL
17109,KCNIP4-IT1
17110,SH3PXD2A-AS1
17111,PCAT5
17112,ENTPD3-AS1
17113,JAKMIP2-AS1
17114,PAGR1
17115,LINC00294
17116,LINC00836
17117,MIR325HG
17118,LINC00628
17119,CTBP1-AS
17120,LINC01163
17121,RPS4Y2
17122,LINC00921
17123,TRG-AS1
17124,PTENP1-AS
17125,SCHLAP1
17126,GHET1
17127,SLFNL1-AS1
17128,ARRDC3-AS1
17129,RASSF1-AS1
17130,INE2
17131,ABALON
17132,LINC00506
17133,LINC01176
17134,BLACAT1
17135,PISRT1
17136,SEPSECS-AS1
17137,LSINCT5
17138,LINC00538
17139,RBM5-AS1
17140,LINC01012
17141,HCP5B
17142,LINC00602
17143,LINC00891
17144,LINC01144
17145,CYP3A7-CYP3A51P
17146,ADORA3
17147,TEX13C
17148,BISPR
17149,PRNCR1
17150,IQCJ-SCHIP1
17151,KBTBD11-OT1
17152,EXOC3L2
17153,PRSS50
17154,SCO2
17155,MIR1539
17156,MIR3179-1
17157,C2orf81
