,0
0,A1BG
1,A1BG-AS1
2,A1CF
3,A2M
4,A2M-AS1
5,A2ML1
6,A4GALT
7,A4GNT
8,AACS
9,AADAC
10,AADACL2
11,AADACL3
12,AADACL4
13,AADAT
14,AAGAB
15,AAK1
16,AAMDC
17,AAMP
18,AANAT
19,AAR2
20,AARD
21,AARS2
22,AARSD1
23,AASDH
24,AASDHPPT
25,AASS
26,AATBC
27,AATF
28,AATK
29,ABALON
30,ABAT
31,ABCA1
32,ABCA10
33,ABCA12
34,ABCA13
35,ABCA2
36,ABCA3
37,ABCA4
38,ABCA5
39,ABCA6
40,ABCA7
41,ABCA8
42,ABCA9
43,ABCA9-AS1
44,ABCB1
45,ABCB10
46,ABCB4
47,ABCB5
48,ABCB6
49,ABCB7
50,ABCB8
51,ABCB9
52,ABCC1
53,ABCC10
54,ABCC11
55,ABCC12
56,ABCC2
57,ABCC3
58,ABCC4
59,ABCC5
60,ABCC5-AS1
61,ABCC6
62,ABCC8
63,ABCC9
64,ABCD1
65,ABCD2
66,ABCD3
67,ABCD4
68,ABCE1
69,ABCF2
70,ABCF3
71,ABCG1
72,ABCG2
73,ABCG4
74,ABCG5
75,ABCG8
76,ABHD1
77,ABHD10
78,ABHD11
79,ABHD12
80,ABHD12B
81,ABHD13
82,ABHD14A
83,ABHD14A-ACY1
84,ABHD14B
85,ABHD15
86,ABHD16B
87,ABHD17A
88,ABHD17B
89,ABHD17C
90,ABHD18
91,ABHD2
92,ABHD3
93,ABHD4
94,ABHD5
95,ABHD6
96,ABHD8
97,ABI1
98,ABI2
99,ABI3
100,ABI3BP
101,ABL1
102,ABL2
103,ABLIM1
104,ABLIM2
105,ABLIM3
106,ABRA
107,ABRACL
108,ABTB1
109,ABTB2
110,ACAA1
111,ACAA2
112,ACACB
113,ACAD10
114,ACAD11
115,ACAD8
116,ACAD9
117,ACADL
118,ACADM
119,ACADS
120,ACADSB
121,ACADVL
122,ACAN
123,ACAP1
124,ACAP2
125,ACAP3
126,ACAT1
127,ACAT2
128,ACBD3
129,ACBD4
130,ACBD5
131,ACBD6
132,ACBD7
133,ACCS
134,ACD
135,ACE
136,ACE2
137,ACER1
138,ACER2
139,ACER3
140,ACHE
141,ACIN1
142,ACKR1
143,ACKR2
144,ACKR3
145,ACKR4
146,ACLY
147,ACMSD
148,ACO1
149,ACO2
150,ACOT1
151,ACOT11
152,ACOT12
153,ACOT13
154,ACOT2
155,ACOT4
156,ACOT6
157,ACOT7
158,ACOT8
159,ACOT9
160,ACOX1
161,ACOX2
162,ACOX3
163,ACOXL
164,ACP1
165,ACP2
166,ACP5
167,ACP6
168,ACP7
169,ACRBP
170,ACRV1
171,ACSBG1
172,ACSBG2
173,ACSF2
174,ACSF3
175,ACSL1
176,ACSL3
177,ACSL4
178,ACSL5
179,ACSL6
180,ACSM1
181,ACSM2A
182,ACSM2B
183,ACSM3
184,ACSM4
185,ACSM5
186,ACSM6
187,ACSS1
188,ACSS2
189,ACSS3
190,ACTA1
191,ACTA2
192,ACTA2-AS1
193,ACTB
194,ACTBL2
195,ACTC1
196,ACTG2
197,ACTL6A
198,ACTL6B
199,ACTL7B
200,ACTL8
201,ACTN1
202,ACTN2
203,ACTN3
204,ACTR10
205,ACTR1A
206,ACTR2
207,ACTR3
208,ACTR3B
209,ACTR3C
210,ACTR5
211,ACTR6
212,ACTR8
213,ACTRT1
214,ACTRT2
215,ACTRT3
216,ACVR1
217,ACVR1B
218,ACVR1C
219,ACVR2A
220,ACVR2B
221,ACVR2B-AS1
222,ACVRL1
223,ACY1
224,ACY3
225,ACYP1
226,ACYP2
227,ADA
228,ADAD2
229,ADAM10
230,ADAM11
231,ADAM12
232,ADAM15
233,ADAM17
234,ADAM19
235,ADAM2
236,ADAM20
237,ADAM21
238,ADAM22
239,ADAM23
240,ADAM28
241,ADAM29
242,ADAM30
243,ADAM32
244,ADAM33
245,ADAM8
246,ADAMDEC1
247,ADAMTS1
248,ADAMTS10
249,ADAMTS12
250,ADAMTS14
251,ADAMTS15
252,ADAMTS16
253,ADAMTS17
254,ADAMTS18
255,ADAMTS19
256,ADAMTS2
257,ADAMTS20
258,ADAMTS3
259,ADAMTS4
260,ADAMTS5
261,ADAMTS6
262,ADAMTS7
263,ADAMTS8
264,ADAMTS9
265,ADAMTS9-AS1
266,ADAMTS9-AS2
267,ADAMTSL1
268,ADAMTSL2
269,ADAMTSL4
270,ADAMTSL5
271,ADAP1
272,ADAP2
273,ADAR
274,ADARB1
275,ADARB2
276,ADARB2-AS1
277,ADAT1
278,ADAT2
279,ADAT3
280,ADCK1
281,ADCK2
282,ADCK5
283,ADCY1
284,ADCY10
285,ADCY2
286,ADCY3
287,ADCY4
288,ADCY5
289,ADCY6
290,ADCY7
291,ADCY8
292,ADCY9
293,ADCYAP1
294,ADCYAP1R1
295,ADD1
296,ADD2
297,ADD3
298,ADGB
299,ADGRA1
300,ADGRA2
301,ADGRA3
302,ADGRB1
303,ADGRB2
304,ADGRB3
305,ADGRD1
306,ADGRD2
307,ADGRE1
308,ADGRE2
309,ADGRE3
310,ADGRE5
311,ADGRF1
312,ADGRF3
313,ADGRF4
314,ADGRF5
315,ADGRG1
316,ADGRG2
317,ADGRG3
318,ADGRG4
319,ADGRG5
320,ADGRG6
321,ADGRG7
322,ADGRL1
323,ADGRL2
324,ADGRL3
325,ADGRL4
326,ADGRV1
327,ADH1A
328,ADH1B
329,ADH1C
330,ADH4
331,ADH5
332,ADH6
333,ADH7
334,ADHFE1
335,ADIG
336,ADIPOQ
337,ADIPOQ-AS1
338,ADIPOR1
339,ADIRF
340,ADK
341,ADM
342,ADM2
343,ADM5
344,ADNP
345,ADNP-AS1
346,ADNP2
347,ADO
348,ADORA1
349,ADORA2A
350,ADORA2A-AS1
351,ADORA2B
352,ADORA3
353,ADPGK
354,ADPGK-AS1
355,ADPRH
356,ADPRHL1
357,ADPRM
358,ADRA1A
359,ADRA1B
360,ADRA1D
361,ADRA2A
362,ADRA2B
363,ADRA2C
364,ADRB1
365,ADRB2
366,ADRB3
367,ADRM1
368,ADSL
369,ADTRP
370,AEBP1
371,AEBP2
372,AEN
373,AFAP1
374,AFAP1-AS1
375,AFAP1L1
376,AFAP1L2
377,AFF1
378,AFF2
379,AFF3
380,AFF4
381,AFG3L2
382,AFM
383,AFMID
384,AFP
385,AFTPH
386,AGA
387,AGAP1
388,AGAP2
389,AGAP2-AS1
390,AGAP3
391,AGAP4
392,AGAP5
393,AGAP6
394,AGAP9
395,AGBL1
396,AGBL1-AS1
397,AGBL2
398,AGBL3
399,AGBL4
400,AGBL5
401,AGBL5-AS1
402,AGFG1
403,AGFG2
404,AGGF1
405,AGK
406,AGL
407,AGMAT
408,AGMO
409,AGO1
410,AGO2
411,AGO3
412,AGO4
413,AGPAT2
414,AGPAT3
415,AGPAT4
416,AGPAT5
417,AGPS
418,AGR2
419,AGR3
420,AGRN
421,AGRP
422,AGT
423,AGTPBP1
424,AGTR1
425,AGTR2
426,AGTRAP
427,AGXT
428,AGXT2
429,AHCTF1
430,AHCY
431,AHCYL1
432,AHCYL2
433,AHDC1
434,AHI1
435,AHNAK
436,AHNAK2
437,AHR
438,AHRR
439,AHSA1
440,AHSG
441,AHSP
442,AICDA
443,AIDA
444,AIF1
445,AIF1L
446,AIFM1
447,AIFM2
448,AIFM3
449,AIG1
450,AIM2
451,AIMP1
452,AIMP2
453,AIP
454,AIPL1
455,AIRE
456,AIRN
457,AJAP1
458,AJUBA
459,AK1
460,AK2
461,AK3
462,AK4
463,AK5
464,AK7
465,AK8
466,AK9
467,AKAP1
468,AKAP10
469,AKAP11
470,AKAP12
471,AKAP13
472,AKAP14
473,AKAP3
474,AKAP4
475,AKAP5
476,AKAP6
477,AKAP7
478,AKAP8
479,AKAP8L
480,AKAP9
481,AKIP1
482,AKIRIN1
483,AKIRIN2
484,AKNA
485,AKNAD1
486,AKR1A1
487,AKR1B1
488,AKR1B10
489,AKR1B15
490,AKR1C1
491,AKR1C2
492,AKR1C3
493,AKR1C4
494,AKR1D1
495,AKR1E2
496,AKR7A2
497,AKR7A3
498,AKT1
499,AKT1S1
500,AKT2
501,AKT3
502,AKTIP
503,ALAD
504,ALAS1
505,ALAS2
506,ALB
507,ALCAM
508,ALDH16A1
509,ALDH18A1
510,ALDH1A1
511,ALDH1A2
512,ALDH1A3
513,ALDH1B1
514,ALDH1L1
515,ALDH1L1-AS1
516,ALDH1L1-AS2
517,ALDH1L2
518,ALDH2
519,ALDH3A1
520,ALDH3A2
521,ALDH3B1
522,ALDH3B2
523,ALDH4A1
524,ALDH5A1
525,ALDH6A1
526,ALDH7A1
527,ALDH8A1
528,ALDH9A1
529,ALDOA
530,ALDOB
531,ALDOC
532,ALG1
533,ALG10
534,ALG10B
535,ALG11
536,ALG12
537,ALG13
538,ALG14
539,ALG1L2
540,ALG2
541,ALG3
542,ALG5
543,ALG6
544,ALG8
545,ALG9
546,ALK
547,ALKBH1
548,ALKBH2
549,ALKBH3
550,ALKBH3-AS1
551,ALKBH4
552,ALKBH5
553,ALKBH6
554,ALKBH7
555,ALKBH8
556,ALLC
557,ALMS1
558,ALOX12
559,ALOX12-AS1
560,ALOX12B
561,ALOX15
562,ALOX15B
563,ALOX5AP
564,ALOXE3
565,ALPI
566,ALPK1
567,ALPK2
568,ALPK3
569,ALPL
570,ALPP
571,ALS2
572,ALS2CL
573,ALX1
574,ALX3
575,ALX4
576,ALYREF
577,AMACR
578,AMBN
579,AMBP
580,AMBRA1
581,AMD1
582,AMDHD1
583,AMDHD2
584,AMELX
585,AMELY
586,AMER1
587,AMER2
588,AMER3
589,AMFR
590,AMH
591,AMHR2
592,AMIGO1
593,AMIGO2
594,AMIGO3
595,AMMECR1
596,AMMECR1L
597,AMN
598,AMN1
599,AMOT
600,AMOTL1
601,AMOTL2
602,AMPD1
603,AMPD2
604,AMPD3
605,AMPH
606,AMT
607,AMTN
608,AMY1A
609,AMY1B
610,AMY1C
611,AMY2A
612,AMY2B
613,AMZ1
614,AMZ2
615,ANAPC1
616,ANAPC10
617,ANAPC11
618,ANAPC13
619,ANAPC15
620,ANAPC16
621,ANAPC2
622,ANAPC4
623,ANAPC5
624,ANAPC7
625,ANG
626,ANGEL1
627,ANGEL2
628,ANGPT1
629,ANGPT2
630,ANGPT4
631,ANGPTL1
632,ANGPTL2
633,ANGPTL3
634,ANGPTL4
635,ANGPTL5
636,ANGPTL6
637,ANGPTL7
638,ANGPTL8
639,ANHX
640,ANK1
641,ANK2
642,ANK3
643,ANKAR
644,ANKDD1A
645,ANKDD1B
646,ANKEF1
647,ANKFN1
648,ANKFY1
649,ANKH
650,ANKHD1
651,ANKHD1-EIF4EBP3
652,ANKIB1
653,ANKK1
654,ANKLE1
655,ANKLE2
656,ANKMY1
657,ANKMY2
658,ANKRA2
659,ANKRD1
660,ANKRD10
661,ANKRD11
662,ANKRD12
663,ANKRD13A
664,ANKRD13B
665,ANKRD13C
666,ANKRD13D
667,ANKRD16
668,ANKRD17
669,ANKRD18A
670,ANKRD18B
671,ANKRD2
672,ANKRD20A1
673,ANKRD22
674,ANKRD23
675,ANKRD24
676,ANKRD26
677,ANKRD27
678,ANKRD28
679,ANKRD29
680,ANKRD30A
681,ANKRD30B
682,ANKRD30BL
683,ANKRD31
684,ANKRD33
685,ANKRD33B
686,ANKRD34A
687,ANKRD34B
688,ANKRD34C
689,ANKRD35
690,ANKRD36C
691,ANKRD37
692,ANKRD39
693,ANKRD40
694,ANKRD42
695,ANKRD44
696,ANKRD46
697,ANKRD49
698,ANKRD50
699,ANKRD52
700,ANKRD53
701,ANKRD54
702,ANKRD55
703,ANKRD6
704,ANKRD60
705,ANKRD61
706,ANKRD62
707,ANKRD63
708,ANKRD65
709,ANKRD66
710,ANKRD7
711,ANKRD9
712,ANKS1A
713,ANKS1B
714,ANKS3
715,ANKS6
716,ANKUB1
717,ANKZF1
718,ANLN
719,ANO1
720,ANO10
721,ANO2
722,ANO3
723,ANO5
724,ANO6
725,ANO7
726,ANO8
727,ANO9
728,ANOS1
729,ANP32A
730,ANP32B
731,ANP32D
732,ANP32E
733,ANPEP
734,ANTXR1
735,ANTXR2
736,ANTXRL
737,ANXA1
738,ANXA10
739,ANXA11
740,ANXA13
741,ANXA2
742,ANXA2R
743,ANXA3
744,ANXA4
745,ANXA5
746,ANXA6
747,ANXA7
748,ANXA8
749,ANXA8L1
750,ANXA9
751,AOAH
752,AOC1
753,AOC2
754,AOC3
755,AOX1
756,AP1AR
757,AP1B1
758,AP1G1
759,AP1G2
760,AP1M1
761,AP1M2
762,AP1S1
763,AP1S2
764,AP1S3
765,AP2A1
766,AP2B1
767,AP2M1
768,AP2S1
769,AP3B1
770,AP3B2
771,AP3D1
772,AP3M1
773,AP3M2
774,AP3S1
775,AP3S2
776,AP4B1
777,AP4B1-AS1
778,AP4E1
779,AP4M1
780,AP4S1
781,AP5B1
782,AP5M1
783,AP5S1
784,AP5Z1
785,APAF1
786,APBA2
787,APBA3
788,APBB1
789,APBB1IP
790,APBB2
791,APBB3
792,APC
793,APC2
794,APCDD1
795,APCDD1L
796,APCS
797,APEH
798,APELA
799,APEX2
800,APH1A
801,APH1B
802,API5
803,APIP
804,APLF
805,APLN
806,APLNR
807,APLP1
808,APLP2
809,APMAP
810,APOA1
811,APOA2
812,APOA4
813,APOA5
814,APOBEC1
815,APOBEC2
816,APOBEC3B
817,APOBEC3B-AS1
818,APOBEC3C
819,APOBEC3D
820,APOBEC3F
821,APOBEC3G
822,APOBEC3H
823,APOBEC4
824,APOBR
825,APOC1
826,APOC2
827,APOC3
828,APOC4
829,APOD
830,APOE
831,APOF
832,APOH
833,APOL1
834,APOL2
835,APOL3
836,APOL4
837,APOL6
838,APOLD1
839,APOO
840,APOOL
841,APP
842,APPBP2
843,APPL1
844,APPL2
845,APRT
846,APTR
847,APTX
848,AQP1
849,AQP10
850,AQP11
851,AQP12B
852,AQP2
853,AQP3
854,AQP4
855,AQP4-AS1
856,AQP5
857,AQP6
858,AQP7
859,AQP8
860,AQP9
861,AQR
862,AR
863,ARAF
864,ARAP1
865,ARAP1-AS2
866,ARAP2
867,ARAP3
868,ARC
869,ARCN1
870,AREG
871,AREL1
872,ARF1
873,ARF3
874,ARF4
875,ARF5
876,ARF6
877,ARFGAP1
878,ARFGAP2
879,ARFGAP3
880,ARFGEF1
881,ARFGEF2
882,ARFGEF3
883,ARFIP1
884,ARFIP2
885,ARFRP1
886,ARG1
887,ARG2
888,ARGLU1
889,ARHGAP1
890,ARHGAP10
891,ARHGAP11A
892,ARHGAP12
893,ARHGAP15
894,ARHGAP17
895,ARHGAP18
896,ARHGAP19
897,ARHGAP19-SLIT1
898,ARHGAP20
899,ARHGAP21
900,ARHGAP22
901,ARHGAP23
902,ARHGAP24
903,ARHGAP25
904,ARHGAP26
905,ARHGAP26-AS1
906,ARHGAP28
907,ARHGAP29
908,ARHGAP30
909,ARHGAP31
910,ARHGAP31-AS1
911,ARHGAP32
912,ARHGAP33
913,ARHGAP35
914,ARHGAP36
915,ARHGAP39
916,ARHGAP4
917,ARHGAP40
918,ARHGAP42
919,ARHGAP44
920,ARHGAP5
921,ARHGAP6
922,ARHGAP8
923,ARHGAP9
924,ARHGDIA
925,ARHGDIB
926,ARHGDIG
927,ARHGEF1
928,ARHGEF10
929,ARHGEF10L
930,ARHGEF11
931,ARHGEF12
932,ARHGEF15
933,ARHGEF16
934,ARHGEF17
935,ARHGEF18
936,ARHGEF2
937,ARHGEF25
938,ARHGEF28
939,ARHGEF3
940,ARHGEF3-AS1
941,ARHGEF33
942,ARHGEF37
943,ARHGEF38
944,ARHGEF39
945,ARHGEF4
946,ARHGEF40
947,ARHGEF5
948,ARHGEF6
949,ARHGEF7
950,ARHGEF7-AS2
951,ARHGEF9
952,ARID1A
953,ARID1B
954,ARID2
955,ARID3A
956,ARID3B
957,ARID3C
958,ARID4A
959,ARID4B
960,ARID5A
961,ARID5B
962,ARIH1
963,ARIH2
964,ARIH2OS
965,ARL1
966,ARL10
967,ARL11
968,ARL13A
969,ARL13B
970,ARL14
971,ARL14EP
972,ARL14EPL
973,ARL15
974,ARL16
975,ARL17A
976,ARL2
977,ARL2BP
978,ARL3
979,ARL4A
980,ARL4C
981,ARL4D
982,ARL5A
983,ARL5B
984,ARL5C
985,ARL6
986,ARL6IP1
987,ARL6IP4
988,ARL6IP5
989,ARL6IP6
990,ARL8A
991,ARL8B
992,ARL9
993,ARMC1
994,ARMC10
995,ARMC12
996,ARMC2
997,ARMC3
998,ARMC5
999,ARMC6
1000,ARMC7
1001,ARMC8
1002,ARMC9
1003,ARMCX1
1004,ARMCX2
1005,ARMCX3
1006,ARMCX4
1007,ARMCX5
1008,ARMCX6
1009,ARMS2
1010,ARNT
1011,ARNT2
1012,ARPC1A
1013,ARPC1B
1014,ARPC2
1015,ARPC3
1016,ARPC4
1017,ARPC4-TTLL3
1018,ARPC5
1019,ARPC5L
1020,ARPIN
1021,ARPP19
1022,ARPP21
1023,ARRB1
1024,ARRB2
1025,ARRDC1
1026,ARRDC1-AS1
1027,ARRDC2
1028,ARRDC3
1029,ARRDC3-AS1
1030,ARRDC4
1031,ARRDC5
1032,ARSA
1033,ARSB
1034,ARSD
1035,ARSD-AS1
1036,ARSF
1037,ARSG
1038,ARSH
1039,ARSI
1040,ARSJ
1041,ARSK
1042,ART1
1043,ART3
1044,ART4
1045,ART5
1046,ARTN
1047,ARV1
1048,ARVCF
1049,ARX
1050,AS3MT
1051,ASAH1
1052,ASAH2
1053,ASAH2B
1054,ASAP1
1055,ASAP2
1056,ASB1
1057,ASB10
1058,ASB11
1059,ASB12
1060,ASB13
1061,ASB14
1062,ASB15
1063,ASB16
1064,ASB16-AS1
1065,ASB17
1066,ASB18
1067,ASB3
1068,ASB4
1069,ASB5
1070,ASB6
1071,ASB7
1072,ASB8
1073,ASB9
1074,ASCC1
1075,ASCC2
1076,ASCC3
1077,ASCL1
1078,ASCL2
1079,ASCL3
1080,ASCL4
1081,ASCL5
1082,ASF1A
1083,ASGR1
1084,ASGR2
1085,ASH1L
1086,ASH1L-AS1
1087,ASH2L
1088,ASIC1
1089,ASIC2
1090,ASIC3
1091,ASIC4
1092,ASIP
1093,ASL
1094,ASMT
1095,ASMTL
1096,ASNS
1097,ASNSD1
1098,ASPA
1099,ASPDH
1100,ASPG
1101,ASPH
1102,ASPHD1
1103,ASPHD2
1104,ASPM
1105,ASPN
1106,ASPRV1
1107,ASPSCR1
1108,ASRGL1
1109,ASS1
1110,ASTE1
1111,ASTL
1112,ASTN1
1113,ASTN2
1114,ASTN2-AS1
1115,ASXL1
1116,ASXL2
1117,ASXL3
1118,ASZ1
1119,ATAD1
1120,ATAD2
1121,ATAD2B
1122,ATAD3A
1123,ATAD3B
1124,ATAD3C
1125,ATAD5
1126,ATCAY
1127,ATE1
1128,ATF1
1129,ATF2
1130,ATF3
1131,ATF4
1132,ATF5
1133,ATF6
1134,ATF7
1135,ATF7IP
1136,ATF7IP2
1137,ATG10
1138,ATG101
1139,ATG12
1140,ATG13
1141,ATG14
1142,ATG16L2
1143,ATG2A
1144,ATG2B
1145,ATG3
1146,ATG4A
1147,ATG4B
1148,ATG4C
1149,ATG4D
1150,ATG5
1151,ATG7
1152,ATG9A
1153,ATG9B
1154,ATIC
1155,ATL1
1156,ATL2
1157,ATL3
1158,ATM
1159,ATN1
1160,ATOH1
1161,ATOH7
1162,ATOH8
1163,ATOX1
1164,ATP10A
1165,ATP10B
1166,ATP10D
1167,ATP11A
1168,ATP11A-AS1
1169,ATP11AUN
1170,ATP11B
1171,ATP11C
1172,ATP12A
1173,ATP13A1
1174,ATP13A2
1175,ATP13A3
1176,ATP13A4
1177,ATP13A5
1178,ATP1A1
1179,ATP1A2
1180,ATP1A3
1181,ATP1A4
1182,ATP1B1
1183,ATP1B2
1184,ATP1B3
1185,ATP1B4
1186,ATP2A1
1187,ATP2A1-AS1
1188,ATP2A2
1189,ATP2A3
1190,ATP2B1
1191,ATP2B2
1192,ATP2B3
1193,ATP2B4
1194,ATP2C1
1195,ATP2C2
1196,ATP4A
1197,ATP4B
1198,ATP6AP1
1199,ATP6AP2
1200,ATP6V0A1
1201,ATP6V0A2
1202,ATP6V0A4
1203,ATP6V0B
1204,ATP6V0C
1205,ATP6V0D1
1206,ATP6V0D2
1207,ATP6V0E1
1208,ATP6V0E2
1209,ATP6V0E2-AS1
1210,ATP6V1A
1211,ATP6V1B1
1212,ATP6V1B1-AS1
1213,ATP6V1B2
1214,ATP6V1C1
1215,ATP6V1C2
1216,ATP6V1D
1217,ATP6V1E1
1218,ATP6V1E2
1219,ATP6V1F
1220,ATP6V1G1
1221,ATP6V1G2-DDX39B
1222,ATP6V1G3
1223,ATP6V1H
1224,ATP7A
1225,ATP7B
1226,ATP8A1
1227,ATP8A2
1228,ATP8B1
1229,ATP8B2
1230,ATP8B3
1231,ATP8B4
1232,ATP9A
1233,ATPAF1
1234,ATPAF2
1235,ATR
1236,ATRAID
1237,ATRIP
1238,ATRN
1239,ATRNL1
1240,ATRX
1241,ATXN1
1242,ATXN10
1243,ATXN1L
1244,ATXN2
1245,ATXN2L
1246,ATXN3
1247,ATXN7
1248,ATXN7L1
1249,ATXN7L2
1250,ATXN7L3
1251,ATXN7L3B
1252,ATXN8OS
1253,AUH
1254,AUNIP
1255,AUP1
1256,AURKA
1257,AURKAIP1
1258,AURKB
1259,AURKC
1260,AUTS2
1261,AVEN
1262,AVIL
1263,AVL9
1264,AVP
1265,AVPI1
1266,AVPR1A
1267,AVPR1B
1268,AVPR2
1269,AWAT1
1270,AWAT2
1271,AXDND1
1272,AXIN1
1273,AXIN2
1274,AXL
1275,AZGP1
1276,AZI2
1277,AZIN1
1278,AZIN2
1279,B2M
1280,B3GALNT1
1281,B3GALT1
1282,B3GALT2
1283,B3GALT5
1284,B3GALT5-AS1
1285,B3GALT6
1286,B3GAT1
1287,B3GAT2
1288,B3GAT3
1289,B3GLCT
1290,B3GNT2
1291,B3GNT3
1292,B3GNT4
1293,B3GNT5
1294,B3GNT6
1295,B3GNT7
1296,B3GNT8
1297,B3GNT9
1298,B4GALNT1
1299,B4GALNT2
1300,B4GALNT3
1301,B4GALNT4
1302,B4GALT1
1303,B4GALT1-AS1
1304,B4GALT2
1305,B4GALT3
1306,B4GALT4
1307,B4GALT5
1308,B4GALT6
1309,B4GALT7
1310,B4GAT1
1311,B9D1
1312,B9D2
1313,BAALC
1314,BABAM1
1315,BACE1
1316,BACE1-AS
1317,BACE2
1318,BACH1
1319,BACH2
1320,BAD
1321,BAG1
1322,BAG2
1323,BAG3
1324,BAG4
1325,BAG5
1326,BAHCC1
1327,BAHD1
1328,BAIAP2
1329,BAIAP2L1
1330,BAIAP2L2
1331,BAIAP3
1332,BAK1
1333,BAMBI
1334,BANCR
1335,BANF1
1336,BANF2
1337,BANK1
1338,BANP
1339,BAP1
1340,BARD1
1341,BARHL1
1342,BARHL2
1343,BARX1
1344,BARX2
1345,BASP1
1346,BATF
1347,BATF2
1348,BATF3
1349,BAX
1350,BAZ1A
1351,BAZ1B
1352,BAZ2A
1353,BAZ2B
1354,BBC3
1355,BBIP1
1356,BBOF1
1357,BBOX1
1358,BBOX1-AS1
1359,BBS1
1360,BBS10
1361,BBS12
1362,BBS2
1363,BBS4
1364,BBS5
1365,BBS7
1366,BBS9
1367,BBX
1368,BCAM
1369,BCAN
1370,BCAP29
1371,BCAP31
1372,BCAR1
1373,BCAR3
1374,BCAR4
1375,BCAS1
1376,BCAS2
1377,BCAS3
1378,BCAS4
1379,BCAT1
1380,BCAT2
1381,BCCIP
1382,BCDIN3D
1383,BCDIN3D-AS1
1384,BCHE
1385,BCKDHA
1386,BCKDHB
1387,BCKDK
1388,BCL10
1389,BCL11A
1390,BCL11B
1391,BCL2
1392,BCL2A1
1393,BCL2L1
1394,BCL2L10
1395,BCL2L11
1396,BCL2L12
1397,BCL2L13
1398,BCL2L14
1399,BCL2L15
1400,BCL2L2
1401,BCL2L2-PABPN1
1402,BCL3
1403,BCL6
1404,BCL6B
1405,BCL7A
1406,BCL7B
1407,BCL7C
1408,BCL9
1409,BCL9L
1410,BCLAF1
1411,BCO1
1412,BCO2
1413,BCOR
1414,BCORL1
1415,BCR
1416,BCS1L
1417,BCYRN1
1418,BDH2
1419,BDKRB1
1420,BDKRB2
1421,BDNF
1422,BDNF-AS
1423,BEAN1
1424,BEAN1-AS1
1425,BECN1
1426,BEGAIN
1427,BEND2
1428,BEND3
1429,BEND4
1430,BEND5
1431,BEND6
1432,BEND7
1433,BEST1
1434,BEST2
1435,BEST3
1436,BEST4
1437,BET1
1438,BET1L
1439,BEX1
1440,BEX2
1441,BEX4
1442,BFSP1
1443,BFSP2
1444,BFSP2-AS1
1445,BGLAP
1446,BGN
1447,BHLHA15
1448,BHLHE22
1449,BHLHE23
1450,BHLHE40
1451,BHLHE40-AS1
1452,BHLHE41
1453,BHMT
1454,BHMT2
1455,BICC1
1456,BICD1
1457,BICD2
1458,BID
1459,BIK
1460,BIN1
1461,BIN2
1462,BIN3
1463,BIRC2
1464,BIRC3
1465,BIRC5
1466,BIRC6
1467,BIRC6-AS2
1468,BIRC7
1469,BISPR
1470,BIVM
1471,BLACAT1
1472,BLACE
1473,BLCAP
1474,BLID
1475,BLK
1476,BLM
1477,BLMH
1478,BLNK
1479,BLOC1S1
1480,BLOC1S2
1481,BLOC1S3
1482,BLOC1S4
1483,BLOC1S5
1484,BLOC1S6
1485,BLVRA
1486,BLVRB
1487,BLZF1
1488,BMF
1489,BMI1
1490,BMP1
1491,BMP15
1492,BMP2
1493,BMP2K
1494,BMP3
1495,BMP4
1496,BMP5
1497,BMP6
1498,BMP7
1499,BMP8A
1500,BMP8B
1501,BMPER
1502,BMPR1A
1503,BMPR1B
1504,BMPR2
1505,BMS1
1506,BMX
1507,BNC1
1508,BNC2
1509,BNIP1
1510,BNIP2
1511,BNIP3
1512,BNIP3L
1513,BNIPL
1514,BOC
1515,BOD1
1516,BOD1L1
1517,BOD1L2
1518,BOK
1519,BOLA1
1520,BOLA2
1521,BOLA2B
1522,BOLA3
1523,BOLL
1524,BOP1
1525,BORA
1526,BORCS6
1527,BORCS7
1528,BORCS8
1529,BPGM
1530,BPHL
1531,BPI
1532,BPIFA1
1533,BPIFA2
1534,BPIFA3
1535,BPIFB1
1536,BPIFB2
1537,BPIFB4
1538,BPIFB6
1539,BPIFC
1540,BPNT1
1541,BPTF
1542,BRAF
1543,BRAP
1544,BRAT1
1545,BRCA1
1546,BRCA2
1547,BRCC3
1548,BRD1
1549,BRD3
1550,BRD4
1551,BRD7
1552,BRD8
1553,BRD9
1554,BRDT
1555,BRF1
1556,BRF2
1557,BRI3
1558,BRI3BP
1559,BRICD5
1560,BRINP1
1561,BRINP2
1562,BRINP3
1563,BRIP1
1564,BRIX1
1565,BRK1
1566,BRMS1
1567,BRMS1L
1568,BROX
1569,BRPF1
1570,BRPF3
1571,BRS3
1572,BRSK1
1573,BRWD1
1574,BRWD1-AS1
1575,BRWD3
1576,BSCL2
1577,BSDC1
1578,BSG
1579,BSN
1580,BSND
1581,BSPRY
1582,BST1
1583,BST2
1584,BTAF1
1585,BTBD1
1586,BTBD10
1587,BTBD16
1588,BTBD17
1589,BTBD18
1590,BTBD19
1591,BTBD2
1592,BTBD3
1593,BTBD6
1594,BTBD8
1595,BTBD9
1596,BTBD9-AS1
1597,BTC
1598,BTD
1599,BTF3
1600,BTF3L4
1601,BTG1
1602,BTG2
1603,BTG4
1604,BTK
1605,BTLA
1606,BTN2A2
1607,BTN3A1
1608,BTN3A2
1609,BTN3A3
1610,BTNL3
1611,BTNL8
1612,BTNL9
1613,BTRC
1614,BUB1
1615,BUB1B
1616,BUB3
1617,BUD13
1618,BUD31
1619,BYSL
1620,BZW1
1621,BZW2
1622,C10orf105
1623,C10orf126
1624,C10orf53
1625,C10orf55
1626,C10orf62
1627,C10orf67
1628,C10orf71
1629,C10orf88
1630,C10orf90
1631,C10orf95
1632,C11orf16
1633,C11orf21
1634,C11orf24
1635,C11orf52
1636,C11orf58
1637,C11orf65
1638,C11orf68
1639,C11orf71
1640,C11orf86
1641,C11orf87
1642,C11orf91
1643,C11orf96
1644,C11orf97
1645,C11orf98
1646,C12orf42
1647,C12orf43
1648,C12orf50
1649,C12orf54
1650,C12orf56
1651,C12orf57
1652,C12orf60
1653,C12orf71
1654,C12orf75
1655,C12orf76
1656,C14orf119
1657,C14orf132
1658,C14orf39
1659,C14orf93
1660,C15orf32
1661,C15orf39
1662,C15orf40
1663,C15orf61
1664,C15orf62
1665,C16orf46
1666,C16orf54
1667,C16orf74
1668,C16orf78
1669,C16orf86
1670,C16orf87
1671,C16orf89
1672,C16orf90
1673,C16orf95
1674,C16orf96
1675,C17orf100
1676,C17orf107
1677,C17orf50
1678,C17orf58
1679,C17orf67
1680,C17orf75
1681,C17orf78
1682,C17orf99
1683,C18orf32
1684,C18orf54
1685,C18orf63
1686,C19orf12
1687,C19orf18
1688,C19orf25
1689,C19orf33
1690,C19orf38
1691,C19orf44
1692,C19orf47
1693,C19orf53
1694,C19orf67
1695,C19orf73
1696,C19orf81
1697,C19orf84
1698,C1D
1699,C1GALT1
1700,C1GALT1C1L
1701,C1QA
1702,C1QB
1703,C1QBP
1704,C1QC
1705,C1QL1
1706,C1QL2
1707,C1QL3
1708,C1QL4
1709,C1QTNF1
1710,C1QTNF1-AS1
1711,C1QTNF2
1712,C1QTNF3
1713,C1QTNF3-AMACR
1714,C1QTNF4
1715,C1QTNF5
1716,C1QTNF6
1717,C1QTNF7
1718,C1QTNF8
1719,C1QTNF9
1720,C1QTNF9B
1721,C1RL
1722,C1S
1723,C1orf105
1724,C1orf115
1725,C1orf116
1726,C1orf122
1727,C1orf141
1728,C1orf159
1729,C1orf162
1730,C1orf167
1731,C1orf174
1732,C1orf185
1733,C1orf198
1734,C1orf21
1735,C1orf210
1736,C1orf216
1737,C1orf220
1738,C1orf226
1739,C1orf35
1740,C1orf50
1741,C1orf52
1742,C1orf53
1743,C1orf54
1744,C1orf56
1745,C1orf74
1746,C1orf87
1747,C1orf94
1748,C20orf141
1749,C20orf144
1750,C20orf202
1751,C20orf203
1752,C20orf96
1753,C21orf58
1754,C21orf91
1755,C21orf91-OT1
1756,C22orf23
1757,C22orf31
1758,C22orf39
1759,C22orf42
1760,C2CD2
1761,C2CD2L
1762,C2CD3
1763,C2CD4A
1764,C2CD4B
1765,C2CD4C
1766,C2CD4D
1767,C2CD5
1768,C2orf15
1769,C2orf42
1770,C2orf49
1771,C2orf66
1772,C2orf68
1773,C2orf69
1774,C2orf72
1775,C2orf74
1776,C2orf76
1777,C2orf78
1778,C2orf80
1779,C2orf81
1780,C3
1781,C3AR1
1782,C3orf18
1783,C3orf20
1784,C3orf22
1785,C3orf33
1786,C3orf38
1787,C3orf49
1788,C3orf52
1789,C3orf62
1790,C3orf70
1791,C3orf80
1792,C4A
1793,C4BPA
1794,C4BPB
1795,C4orf17
1796,C4orf33
1797,C4orf46
1798,C4orf50
1799,C4orf51
1800,C5
1801,C5AR1
1802,C5AR2
1803,C5orf15
1804,C5orf22
1805,C5orf24
1806,C5orf34
1807,C5orf46
1808,C5orf47
1809,C5orf52
1810,C5orf63
1811,C6
1812,C6orf118
1813,C6orf120
1814,C6orf132
1815,C6orf141
1816,C6orf163
1817,C6orf58
1818,C6orf62
1819,C6orf89
1820,C7
1821,C7orf25
1822,C7orf33
1823,C7orf57
1824,C8A
1825,C8B
1826,C8G
1827,C8orf34
1828,C8orf34-AS1
1829,C8orf48
1830,C8orf58
1831,C8orf74
1832,C8orf76
1833,C8orf82
1834,C8orf88
1835,C8orf89
1836,C9
1837,C9orf152
1838,C9orf153
1839,C9orf163
1840,C9orf40
1841,C9orf43
1842,C9orf50
1843,C9orf57
1844,C9orf72
1845,C9orf78
1846,C9orf85
1847,CA1
1848,CA10
1849,CA11
1850,CA12
1851,CA13
1852,CA14
1853,CA2
1854,CA3
1855,CA4
1856,CA5A
1857,CA5B
1858,CA6
1859,CA7
1860,CA8
1861,CA9
1862,CAAP1
1863,CAB39
1864,CAB39L
1865,CABIN1
1866,CABLES1
1867,CABLES2
1868,CABP1
1869,CABP4
1870,CABP5
1871,CABP7
1872,CABYR
1873,CACFD1
1874,CACHD1
1875,CACNA1A
1876,CACNA1B
1877,CACNA1C
1878,CACNA1D
1879,CACNA1E
1880,CACNA1F
1881,CACNA1G
1882,CACNA1G-AS1
1883,CACNA1H
1884,CACNA1I
1885,CACNA1S
1886,CACNA2D1
1887,CACNA2D2
1888,CACNA2D3
1889,CACNA2D3-AS1
1890,CACNB1
1891,CACNB2
1892,CACNB3
1893,CACNB4
1894,CACNG1
1895,CACNG2
1896,CACNG3
1897,CACNG4
1898,CACNG6
1899,CACNG7
1900,CACNG8
1901,CACTIN
1902,CACTIN-AS1
1903,CACUL1
1904,CACYBP
1905,CAD
1906,CADM1
1907,CADM2
1908,CADM3
1909,CADM4
1910,CADPS
1911,CADPS2
1912,CAGE1
1913,CALB1
1914,CALB2
1915,CALCA
1916,CALCB
1917,CALCOCO1
1918,CALCOCO2
1919,CALCR
1920,CALCRL
1921,CALD1
1922,CALHM1
1923,CALHM2
1924,CALHM3
1925,CALM1
1926,CALM2
1927,CALM3
1928,CALML3
1929,CALML4
1930,CALML5
1931,CALML6
1932,CALN1
1933,CALR
1934,CALR3
1935,CALU
1936,CALY
1937,CAMK1
1938,CAMK1D
1939,CAMK1G
1940,CAMK2A
1941,CAMK2B
1942,CAMK2D
1943,CAMK2G
1944,CAMK2N1
1945,CAMK2N2
1946,CAMK4
1947,CAMKK1
1948,CAMKK2
1949,CAMKMT
1950,CAMKV
1951,CAMLG
1952,CAMP
1953,CAMSAP1
1954,CAMSAP2
1955,CAMSAP3
1956,CAMTA1
1957,CAMTA2
1958,CAND1
1959,CAND2
1960,CANT1
1961,CAP1
1962,CAP2
1963,CAPG
1964,CAPN1
1965,CAPN10
1966,CAPN11
1967,CAPN12
1968,CAPN13
1969,CAPN14
1970,CAPN15
1971,CAPN2
1972,CAPN3
1973,CAPN5
1974,CAPN6
1975,CAPN7
1976,CAPN8
1977,CAPN9
1978,CAPNS1
1979,CAPNS2
1980,CAPRIN1
1981,CAPRIN2
1982,CAPS
1983,CAPS2
1984,CAPSL
1985,CAPZA1
1986,CAPZA2
1987,CAPZA3
1988,CAPZB
1989,CARD10
1990,CARD11
1991,CARD14
1992,CARD16
1993,CARD18
1994,CARD19
1995,CARD6
1996,CARD8
1997,CARD8-AS1
1998,CARD9
1999,CARF
2000,CARHSP1
2001,CARM1
2002,CARNMT1
2003,CARNS1
2004,CARS2
2005,CASC11
2006,CASC16
2007,CASC17
2008,CASC18
2009,CASC2
2010,CASC20
2011,CASC22
2012,CASC3
2013,CASC8
2014,CASC9
2015,CASD1
2016,CASK
2017,CASKIN1
2018,CASKIN2
2019,CASP1
2020,CASP10
2021,CASP14
2022,CASP2
2023,CASP3
2024,CASP4
2025,CASP5
2026,CASP6
2027,CASP7
2028,CASP8
2029,CASP9
2030,CASQ1
2031,CASQ2
2032,CASR
2033,CASS4
2034,CASZ1
2035,CAT
2036,CATIP
2037,CATIP-AS2
2038,CATSPER1
2039,CATSPER2
2040,CATSPER3
2041,CATSPER4
2042,CATSPERB
2043,CATSPERD
2044,CATSPERG
2045,CAV1
2046,CAV2
2047,CAV3
2048,CBARP
2049,CBFA2T2
2050,CBFA2T3
2051,CBFB
2052,CBL
2053,CBLB
2054,CBLC
2055,CBLL1
2056,CBLN1
2057,CBLN2
2058,CBLN3
2059,CBLN4
2060,CBR1
2061,CBR3
2062,CBR4
2063,CBS
2064,CBX1
2065,CBX2
2066,CBX3
2067,CBX4
2068,CBX5
2069,CBX6
2070,CBX7
2071,CBX8
2072,CBY1
2073,CBY3
2074,CC2D1B
2075,CC2D2A
2076,CC2D2B
2077,CCAR1
2078,CCAR2
2079,CCAT2
2080,CCBE1
2081,CCDC102A
2082,CCDC102B
2083,CCDC106
2084,CCDC107
2085,CCDC110
2086,CCDC112
2087,CCDC116
2088,CCDC117
2089,CCDC12
2090,CCDC121
2091,CCDC122
2092,CCDC124
2093,CCDC125
2094,CCDC126
2095,CCDC127
2096,CCDC13
2097,CCDC13-AS1
2098,CCDC134
2099,CCDC136
2100,CCDC137
2101,CCDC138
2102,CCDC14
2103,CCDC140
2104,CCDC141
2105,CCDC142
2106,CCDC144A
2107,CCDC144NL-AS1
2108,CCDC146
2109,CCDC148
2110,CCDC149
2111,CCDC15
2112,CCDC150
2113,CCDC152
2114,CCDC154
2115,CCDC157
2116,CCDC158
2117,CCDC159
2118,CCDC160
2119,CCDC166
2120,CCDC167
2121,CCDC169
2122,CCDC169-SOHLH2
2123,CCDC17
2124,CCDC170
2125,CCDC171
2126,CCDC172
2127,CCDC174
2128,CCDC175
2129,CCDC177
2130,CCDC178
2131,CCDC179
2132,CCDC18
2133,CCDC180
2134,CCDC181
2135,CCDC182
2136,CCDC183
2137,CCDC183-AS1
2138,CCDC184
2139,CCDC185
2140,CCDC186
2141,CCDC187
2142,CCDC188
2143,CCDC190
2144,CCDC191
2145,CCDC22
2146,CCDC24
2147,CCDC25
2148,CCDC26
2149,CCDC27
2150,CCDC28A
2151,CCDC28B
2152,CCDC3
2153,CCDC30
2154,CCDC33
2155,CCDC34
2156,CCDC38
2157,CCDC40
2158,CCDC42
2159,CCDC43
2160,CCDC47
2161,CCDC50
2162,CCDC51
2163,CCDC54
2164,CCDC57
2165,CCDC59
2166,CCDC6
2167,CCDC60
2168,CCDC61
2169,CCDC62
2170,CCDC63
2171,CCDC66
2172,CCDC68
2173,CCDC69
2174,CCDC7
2175,CCDC70
2176,CCDC71
2177,CCDC71L
2178,CCDC73
2179,CCDC74A
2180,CCDC74B
2181,CCDC77
2182,CCDC78
2183,CCDC8
2184,CCDC80
2185,CCDC81
2186,CCDC82
2187,CCDC83
2188,CCDC85A
2189,CCDC85B
2190,CCDC85C
2191,CCDC86
2192,CCDC87
2193,CCDC88A
2194,CCDC88B
2195,CCDC88C
2196,CCDC89
2197,CCDC9
2198,CCDC90B
2199,CCDC91
2200,CCDC92
2201,CCDC93
2202,CCDC97
2203,CCER1
2204,CCER2
2205,CCIN
2206,CCK
2207,CCKAR
2208,CCKBR
2209,CCL1
2210,CCL11
2211,CCL13
2212,CCL14
2213,CCL15
2214,CCL16
2215,CCL17
2216,CCL19
2217,CCL2
2218,CCL20
2219,CCL21
2220,CCL22
2221,CCL23
2222,CCL24
2223,CCL25
2224,CCL26
2225,CCL27
2226,CCL28
2227,CCL7
2228,CCL8
2229,CCM2
2230,CCM2L
2231,CCNA1
2232,CCNA2
2233,CCNB1
2234,CCNB2
2235,CCNB3
2236,CCNC
2237,CCND1
2238,CCND2
2239,CCND2-AS1
2240,CCND3
2241,CCNDBP1
2242,CCNE1
2243,CCNE2
2244,CCNF
2245,CCNG1
2246,CCNG2
2247,CCNH
2248,CCNI
2249,CCNI2
2250,CCNJ
2251,CCNJL
2252,CCNK
2253,CCNL1
2254,CCNL2
2255,CCNO
2256,CCNT1
2257,CCNT2
2258,CCNY
2259,CCNYL1
2260,CCP110
2261,CCPG1
2262,CCR1
2263,CCR10
2264,CCR2
2265,CCR3
2266,CCR4
2267,CCR5
2268,CCR6
2269,CCR7
2270,CCR8
2271,CCR9
2272,CCRL2
2273,CCS
2274,CCSAP
2275,CCSER1
2276,CCSER2
2277,CCT2
2278,CCT3
2279,CCT4
2280,CCT5
2281,CCT6A
2282,CCT6B
2283,CCT7
2284,CCT8
2285,CCT8L2
2286,CCZ1
2287,CCZ1B
2288,CD101
2289,CD109
2290,CD14
2291,CD151
2292,CD160
2293,CD163
2294,CD163L1
2295,CD164
2296,CD164L2
2297,CD177
2298,CD180
2299,CD19
2300,CD1A
2301,CD1B
2302,CD1C
2303,CD1D
2304,CD1E
2305,CD2
2306,CD200
2307,CD200R1
2308,CD200R1L
2309,CD207
2310,CD209
2311,CD22
2312,CD226
2313,CD24
2314,CD244
2315,CD247
2316,CD248
2317,CD27
2318,CD274
2319,CD276
2320,CD28
2321,CD2AP
2322,CD2BP2
2323,CD300A
2324,CD300C
2325,CD300E
2326,CD300LF
2327,CD300LG
2328,CD302
2329,CD320
2330,CD33
2331,CD34
2332,CD36
2333,CD37
2334,CD38
2335,CD3D
2336,CD3E
2337,CD3G
2338,CD4
2339,CD40
2340,CD40LG
2341,CD44
2342,CD46
2343,CD47
2344,CD48
2345,CD5
2346,CD52
2347,CD53
2348,CD55
2349,CD58
2350,CD59
2351,CD5L
2352,CD6
2353,CD63
2354,CD68
2355,CD69
2356,CD7
2357,CD70
2358,CD72
2359,CD74
2360,CD79A
2361,CD79B
2362,CD80
2363,CD81
2364,CD81-AS1
2365,CD82
2366,CD83
2367,CD84
2368,CD86
2369,CD8A
2370,CD8B
2371,CD9
2372,CD93
2373,CD96
2374,CD99
2375,CD99L2
2376,CDA
2377,CDADC1
2378,CDAN1
2379,CDC123
2380,CDC14A
2381,CDC14B
2382,CDC16
2383,CDC20
2384,CDC20B
2385,CDC23
2386,CDC25A
2387,CDC25B
2388,CDC25C
2389,CDC26
2390,CDC27
2391,CDC34
2392,CDC37
2393,CDC37L1
2394,CDC40
2395,CDC42
2396,CDC42BPA
2397,CDC42BPB
2398,CDC42BPG
2399,CDC42EP1
2400,CDC42EP2
2401,CDC42EP3
2402,CDC42EP4
2403,CDC42EP5
2404,CDC42SE1
2405,CDC42SE2
2406,CDC45
2407,CDC5L
2408,CDC6
2409,CDC7
2410,CDC73
2411,CDCA2
2412,CDCA3
2413,CDCA4
2414,CDCA5
2415,CDCA7
2416,CDCA7L
2417,CDCA8
2418,CDCP1
2419,CDCP2
2420,CDH1
2421,CDH10
2422,CDH11
2423,CDH12
2424,CDH13
2425,CDH15
2426,CDH16
2427,CDH17
2428,CDH18
2429,CDH19
2430,CDH2
2431,CDH20
2432,CDH22
2433,CDH23
2434,CDH24
2435,CDH26
2436,CDH3
2437,CDH5
2438,CDH6
2439,CDH7
2440,CDH8
2441,CDH9
2442,CDHR1
2443,CDHR2
2444,CDHR3
2445,CDHR4
2446,CDIP1
2447,CDIPT
2448,CDK1
2449,CDK10
2450,CDK11A
2451,CDK11B
2452,CDK12
2453,CDK13
2454,CDK14
2455,CDK15
2456,CDK16
2457,CDK17
2458,CDK18
2459,CDK19
2460,CDK2
2461,CDK20
2462,CDK2AP1
2463,CDK2AP2
2464,CDK3
2465,CDK4
2466,CDK5
2467,CDK5R1
2468,CDK5R2
2469,CDK5RAP1
2470,CDK5RAP2
2471,CDK5RAP3
2472,CDK6
2473,CDK8
2474,CDK9
2475,CDKAL1
2476,CDKL1
2477,CDKL2
2478,CDKL3
2479,CDKL4
2480,CDKL5
2481,CDKN1A
2482,CDKN1B
2483,CDKN2A
2484,CDKN2AIP
2485,CDKN2AIPNL
2486,CDKN2B
2487,CDKN2B-AS1
2488,CDKN2C
2489,CDKN2D
2490,CDKN3
2491,CDNF
2492,CDO1
2493,CDON
2494,CDPF1
2495,CDR2
2496,CDR2L
2497,CDRT15
2498,CDRT15L2
2499,CDRT4
2500,CDS1
2501,CDS2
2502,CDT1
2503,CDV3
2504,CDX1
2505,CDX2
2506,CDY2A
2507,CDYL
2508,CDYL2
2509,CEACAM1
2510,CEACAM16
2511,CEACAM19
2512,CEACAM20
2513,CEACAM3
2514,CEACAM5
2515,CEACAM6
2516,CEACAM8
2517,CEBPA
2518,CEBPB
2519,CEBPB-AS1
2520,CEBPD
2521,CEBPE
2522,CEBPG
2523,CEBPZ
2524,CEBPZOS
2525,CECR2
2526,CECR3
2527,CEL
2528,CELA1
2529,CELA2A
2530,CELA2B
2531,CELA3A
2532,CELA3B
2533,CELF1
2534,CELF2
2535,CELF2-AS1
2536,CELF2-AS2
2537,CELF3
2538,CELF4
2539,CELF5
2540,CELF6
2541,CELSR1
2542,CELSR2
2543,CELSR3
2544,CEMIP
2545,CEMP1
2546,CEND1
2547,CENPA
2548,CENPB
2549,CENPC
2550,CENPE
2551,CENPF
2552,CENPH
2553,CENPI
2554,CENPK
2555,CENPL
2556,CENPM
2557,CENPO
2558,CENPQ
2559,CENPT
2560,CENPU
2561,CENPV
2562,CENPW
2563,CEP104
2564,CEP112
2565,CEP120
2566,CEP126
2567,CEP128
2568,CEP131
2569,CEP135
2570,CEP152
2571,CEP162
2572,CEP164
2573,CEP170
2574,CEP170B
2575,CEP19
2576,CEP192
2577,CEP250
2578,CEP290
2579,CEP295
2580,CEP295NL
2581,CEP350
2582,CEP41
2583,CEP44
2584,CEP55
2585,CEP57
2586,CEP57L1
2587,CEP63
2588,CEP68
2589,CEP70
2590,CEP72
2591,CEP76
2592,CEP78
2593,CEP83
2594,CEP85
2595,CEP85L
2596,CEP89
2597,CEP95
2598,CEP97
2599,CEPT1
2600,CER1
2601,CERCAM
2602,CERK
2603,CERKL
2604,CERS1
2605,CERS2
2606,CERS3
2607,CERS4
2608,CERS5
2609,CERS6
2610,CES1
2611,CES2
2612,CES3
2613,CES4A
2614,CETN2
2615,CETN3
2616,CETP
2617,CFAP100
2618,CFAP126
2619,CFAP157
2620,CFAP161
2621,CFAP20
2622,CFAP206
2623,CFAP221
2624,CFAP36
2625,CFAP43
2626,CFAP44
2627,CFAP45
2628,CFAP46
2629,CFAP47
2630,CFAP52
2631,CFAP53
2632,CFAP54
2633,CFAP57
2634,CFAP58
2635,CFAP61
2636,CFAP65
2637,CFAP69
2638,CFAP70
2639,CFAP73
2640,CFAP74
2641,CFAP77
2642,CFAP97
2643,CFAP99
2644,CFC1
2645,CFD
2646,CFDP1
2647,CFH
2648,CFHR1
2649,CFHR3
2650,CFHR4
2651,CFHR5
2652,CFI
2653,CFL1
2654,CFL2
2655,CFLAR
2656,CFLAR-AS1
2657,CFP
2658,CFTR
2659,CGA
2660,CGB2
2661,CGB5
2662,CGB7
2663,CGB8
2664,CGGBP1
2665,CGN
2666,CGNL1
2667,CGREF1
2668,CGRRF1
2669,CH25H
2670,CH507-42P11.6
2671,CHAC1
2672,CHAC2
2673,CHAD
2674,CHADL
2675,CHAF1A
2676,CHAF1B
2677,CHAMP1
2678,CHAT
2679,CHCHD1
2680,CHCHD2
2681,CHCHD3
2682,CHCHD4
2683,CHCHD5
2684,CHCHD6
2685,CHCHD7
2686,CHD1
2687,CHD1L
2688,CHD2
2689,CHD3
2690,CHD4
2691,CHD5
2692,CHD6
2693,CHD7
2694,CHD8
2695,CHD9
2696,CHDH
2697,CHEK1
2698,CHEK2
2699,CHERP
2700,CHFR
2701,CHGB
2702,CHI3L1
2703,CHI3L2
2704,CHIA
2705,CHIC1
2706,CHIC2
2707,CHID1
2708,CHIT1
2709,CHKA
2710,CHKB
2711,CHKB-CPT1B
2712,CHL1
2713,CHL1-AS1
2714,CHM
2715,CHML
2716,CHMP1A
2717,CHMP1B
2718,CHMP2A
2719,CHMP2B
2720,CHMP3
2721,CHMP4B
2722,CHMP4C
2723,CHMP5
2724,CHMP6
2725,CHMP7
2726,CHN1
2727,CHN2
2728,CHODL
2729,CHODL-AS1
2730,CHP1
2731,CHP2
2732,CHPF
2733,CHPF2
2734,CHPT1
2735,CHRAC1
2736,CHRD
2737,CHRDL1
2738,CHRDL2
2739,CHRM1
2740,CHRM2
2741,CHRM3
2742,CHRM3-AS1
2743,CHRM3-AS2
2744,CHRM4
2745,CHRM5
2746,CHRNA1
2747,CHRNA10
2748,CHRNA2
2749,CHRNA3
2750,CHRNA4
2751,CHRNA5
2752,CHRNA6
2753,CHRNA7
2754,CHRNA9
2755,CHRNB2
2756,CHRNB3
2757,CHRNB4
2758,CHRND
2759,CHRNE
2760,CHRNG
2761,CHST1
2762,CHST10
2763,CHST11
2764,CHST12
2765,CHST13
2766,CHST14
2767,CHST15
2768,CHST2
2769,CHST3
2770,CHST4
2771,CHST5
2772,CHST6
2773,CHST7
2774,CHST8
2775,CHST9
2776,CHSY1
2777,CHSY3
2778,CHTF18
2779,CHTF8
2780,CHTOP
2781,CHUK
2782,CHURC1
2783,CHURC1-FNTB
2784,CIAO1
2785,CIAPIN1
2786,CIART
2787,CIB1
2788,CIB2
2789,CIB3
2790,CIB4
2791,CIC
2792,CIDEA
2793,CIDEC
2794,CIITA
2795,CILP
2796,CILP2
2797,CINP
2798,CIPC
2799,CIRBP
2800,CIRBP-AS1
2801,CISD1
2802,CISD2
2803,CISH
2804,CISTR
2805,CIT
2806,CITED1
2807,CITED2
2808,CITED4
2809,CIZ1
2810,CKAP2
2811,CKAP2L
2812,CKAP4
2813,CKAP5
2814,CKB
2815,CKLF
2816,CKLF-CMTM1
2817,CKM
2818,CKMT1A
2819,CKMT1B
2820,CKMT2
2821,CKMT2-AS1
2822,CKS1B
2823,CKS2
2824,CLASP1
2825,CLASP2
2826,CLASRP
2827,CLC
2828,CLCA1
2829,CLCA2
2830,CLCA4
2831,CLCC1
2832,CLCF1
2833,CLCN1
2834,CLCN2
2835,CLCN3
2836,CLCN4
2837,CLCN5
2838,CLCN6
2839,CLCN7
2840,CLCNKA
2841,CLCNKB
2842,CLDN1
2843,CLDN10
2844,CLDN10-AS1
2845,CLDN11
2846,CLDN12
2847,CLDN14
2848,CLDN15
2849,CLDN16
2850,CLDN17
2851,CLDN18
2852,CLDN19
2853,CLDN2
2854,CLDN20
2855,CLDN22
2856,CLDN23
2857,CLDN25
2858,CLDN3
2859,CLDN34
2860,CLDN4
2861,CLDN5
2862,CLDN6
2863,CLDN8
2864,CLDN9
2865,CLDND1
2866,CLDND2
2867,CLEC10A
2868,CLEC11A
2869,CLEC12A
2870,CLEC12B
2871,CLEC14A
2872,CLEC16A
2873,CLEC17A
2874,CLEC18A
2875,CLEC18B
2876,CLEC18C
2877,CLEC19A
2878,CLEC1A
2879,CLEC1B
2880,CLEC2A
2881,CLEC2B
2882,CLEC2D
2883,CLEC2L
2884,CLEC3A
2885,CLEC3B
2886,CLEC4A
2887,CLEC4C
2888,CLEC4D
2889,CLEC4E
2890,CLEC4F
2891,CLEC4G
2892,CLEC4M
2893,CLEC5A
2894,CLEC6A
2895,CLEC7A
2896,CLEC9A
2897,CLGN
2898,CLHC1
2899,CLIC2
2900,CLIC3
2901,CLIC4
2902,CLIC5
2903,CLIC6
2904,CLINT1
2905,CLIP1
2906,CLIP2
2907,CLIP3
2908,CLIP4
2909,CLK1
2910,CLK2
2911,CLK3
2912,CLK4
2913,CLLU1
2914,CLMN
2915,CLMP
2916,CLN3
2917,CLN5
2918,CLN6
2919,CLNK
2920,CLNS1A
2921,CLOCK
2922,CLP1
2923,CLPB
2924,CLPP
2925,CLPS
2926,CLPSL1
2927,CLPSL2
2928,CLPTM1
2929,CLPTM1L
2930,CLPX
2931,CLRN1
2932,CLRN2
2933,CLRN3
2934,CLSPN
2935,CLSTN1
2936,CLSTN2
2937,CLSTN2-AS1
2938,CLSTN3
2939,CLTA
2940,CLTB
2941,CLTC
2942,CLTCL1
2943,CLU
2944,CLUAP1
2945,CLUH
2946,CLUL1
2947,CLVS1
2948,CLVS2
2949,CLYBL
2950,CMA1
2951,CMAS
2952,CMBL
2953,CMC1
2954,CMC4
2955,CMIP
2956,CMKLR1
2957,CMPK1
2958,CMPK2
2959,CMSS1
2960,CMTM1
2961,CMTM2
2962,CMTM3
2963,CMTM4
2964,CMTM5
2965,CMTM6
2966,CMTM7
2967,CMTM8
2968,CMTR1
2969,CMTR2
2970,CMYA5
2971,CNBD1
2972,CNBD2
2973,CNBP
2974,CNDP1
2975,CNDP2
2976,CNEP1R1
2977,CNFN
2978,CNGA1
2979,CNGA3
2980,CNGA4
2981,CNGB1
2982,CNGB3
2983,CNIH1
2984,CNIH2
2985,CNIH3
2986,CNIH4
2987,CNKSR1
2988,CNKSR2
2989,CNKSR3
2990,CNN1
2991,CNN2
2992,CNN3
2993,CNNM1
2994,CNNM2
2995,CNNM3
2996,CNNM4
2997,CNOT1
2998,CNOT10
2999,CNOT11
3000,CNOT2
3001,CNOT4
3002,CNOT6
3003,CNOT6L
3004,CNOT7
3005,CNOT8
3006,CNP
3007,CNPPD1
3008,CNPY1
3009,CNPY2
3010,CNPY3
3011,CNPY4
3012,CNR1
3013,CNR2
3014,CNRIP1
3015,CNST
3016,CNTD1
3017,CNTF
3018,CNTFR
3019,CNTLN
3020,CNTN1
3021,CNTN2
3022,CNTN3
3023,CNTN4
3024,CNTN5
3025,CNTN6
3026,CNTNAP1
3027,CNTNAP2
3028,CNTNAP3
3029,CNTNAP3B
3030,CNTNAP4
3031,CNTNAP5
3032,CNTRL
3033,CNTROB
3034,COA1
3035,COA3
3036,COA4
3037,COA5
3038,COA6
3039,COA7
3040,COASY
3041,COBL
3042,COBLL1
3043,COCH
3044,COG1
3045,COG2
3046,COG3
3047,COG4
3048,COG5
3049,COG6
3050,COG7
3051,COG8
3052,COIL
3053,COL10A1
3054,COL11A1
3055,COL12A1
3056,COL13A1
3057,COL14A1
3058,COL15A1
3059,COL16A1
3060,COL17A1
3061,COL19A1
3062,COL1A1
3063,COL1A2
3064,COL20A1
3065,COL21A1
3066,COL22A1
3067,COL23A1
3068,COL24A1
3069,COL25A1
3070,COL26A1
3071,COL27A1
3072,COL28A1
3073,COL2A1
3074,COL4A1
3075,COL4A2
3076,COL4A2-AS1
3077,COL4A2-AS2
3078,COL4A3
3079,COL4A4
3080,COL4A5
3081,COL4A6
3082,COL5A1
3083,COL5A2
3084,COL5A3
3085,COL6A1
3086,COL6A2
3087,COL6A3
3088,COL6A5
3089,COL6A6
3090,COL7A1
3091,COL8A1
3092,COL8A2
3093,COL9A1
3094,COL9A2
3095,COL9A3
3096,COLCA1
3097,COLEC10
3098,COLEC11
3099,COLEC12
3100,COLGALT1
3101,COLGALT2
3102,COLQ
3103,COMMD1
3104,COMMD10
3105,COMMD2
3106,COMMD3
3107,COMMD4
3108,COMMD5
3109,COMMD6
3110,COMMD7
3111,COMMD8
3112,COMMD9
3113,COMP
3114,COMT
3115,COMTD1
3116,COPA
3117,COPB1
3118,COPB2
3119,COPE
3120,COPG1
3121,COPG2
3122,COPRS
3123,COPS2
3124,COPS3
3125,COPS4
3126,COPS5
3127,COPS6
3128,COPS7A
3129,COPS7B
3130,COPS8
3131,COPZ1
3132,COPZ2
3133,COQ10A
3134,COQ10B
3135,COQ2
3136,COQ3
3137,COQ4
3138,COQ5
3139,COQ6
3140,COQ7
3141,COQ9
3142,CORIN
3143,CORO1A
3144,CORO1B
3145,CORO1C
3146,CORO2A
3147,CORO2B
3148,CORO6
3149,CORO7
3150,CORT
3151,COTL1
3152,COX10
3153,COX11
3154,COX14
3155,COX15
3156,COX16
3157,COX17
3158,COX18
3159,COX19
3160,COX20
3161,COX4I1
3162,COX4I2
3163,COX5A
3164,COX5B
3165,COX6A1
3166,COX6A2
3167,COX6B1
3168,COX6B2
3169,COX6C
3170,COX7A1
3171,COX7A2
3172,COX7A2L
3173,COX7B
3174,COX7B2
3175,COX7C
3176,COX8A
3177,COX8C
3178,CP
3179,CPA1
3180,CPA2
3181,CPA3
3182,CPA4
3183,CPA5
3184,CPA6
3185,CPAMD8
3186,CPB1
3187,CPB2
3188,CPB2-AS1
3189,CPD
3190,CPE
3191,CPEB1
3192,CPEB1-AS1
3193,CPEB2
3194,CPEB3
3195,CPEB4
3196,CPED1
3197,CPLX1
3198,CPLX2
3199,CPLX3
3200,CPLX4
3201,CPM
3202,CPN1
3203,CPN2
3204,CPNE1
3205,CPNE2
3206,CPNE3
3207,CPNE4
3208,CPNE5
3209,CPNE6
3210,CPNE7
3211,CPNE8
3212,CPNE9
3213,CPO
3214,CPOX
3215,CPPED1
3216,CPQ
3217,CPS1
3218,CPSF2
3219,CPSF3
3220,CPSF4
3221,CPSF4L
3222,CPSF6
3223,CPSF7
3224,CPT1A
3225,CPT1B
3226,CPT1C
3227,CPT2
3228,CPTP
3229,CPVL
3230,CPXCR1
3231,CPXM1
3232,CPXM2
3233,CPZ
3234,CR1
3235,CR1L
3236,CR2
3237,CRABP1
3238,CRABP2
3239,CRACR2A
3240,CRACR2B
3241,CRADD
3242,CRAMP1
3243,CRAT
3244,CRAT37
3245,CRB1
3246,CRB2
3247,CRB3
3248,CRBN
3249,CRCP
3250,CRCT1
3251,CREB1
3252,CREB3
3253,CREB3L1
3254,CREB3L2
3255,CREB3L3
3256,CREB3L4
3257,CREB5
3258,CREBBP
3259,CREBL2
3260,CREBRF
3261,CREBZF
3262,CREG1
3263,CREG2
3264,CRELD1
3265,CRELD2
3266,CREM
3267,CRH
3268,CRHBP
3269,CRHR2
3270,CRIP1
3271,CRIP2
3272,CRIP3
3273,CRIPT
3274,CRISP1
3275,CRISP2
3276,CRISP3
3277,CRISPLD1
3278,CRISPLD2
3279,CRK
3280,CRKL
3281,CRLF1
3282,CRLF2
3283,CRLF3
3284,CRLS1
3285,CRMP1
3286,CRNKL1
3287,CRNN
3288,CROCC
3289,CROCC2
3290,CROT
3291,CRP
3292,CRTAC1
3293,CRTAM
3294,CRTAP
3295,CRTC1
3296,CRTC2
3297,CRTC3
3298,CRTC3-AS1
3299,CRX
3300,CRY1
3301,CRY2
3302,CRYAB
3303,CRYBA1
3304,CRYBA2
3305,CRYBA4
3306,CRYBB1
3307,CRYBB2
3308,CRYBB3
3309,CRYBG3
3310,CRYGA
3311,CRYGB
3312,CRYGC
3313,CRYGD
3314,CRYGN
3315,CRYGS
3316,CRYL1
3317,CRYM
3318,CRYZ
3319,CRYZL1
3320,CS
3321,CSAD
3322,CSDC2
3323,CSDE1
3324,CSE1L
3325,CSF1
3326,CSF1R
3327,CSF2
3328,CSF2RB
3329,CSF3
3330,CSF3R
3331,CSGALNACT1
3332,CSGALNACT2
3333,CSH1
3334,CSH2
3335,CSHL1
3336,CSK
3337,CSMD1
3338,CSMD2
3339,CSMD2-AS1
3340,CSMD3
3341,CSN1S1
3342,CSN2
3343,CSN3
3344,CSNK1A1
3345,CSNK1A1L
3346,CSNK1D
3347,CSNK1E
3348,CSNK1G1
3349,CSNK1G2
3350,CSNK1G2-AS1
3351,CSNK1G3
3352,CSNK2A1
3353,CSNK2A2
3354,CSNK2A3
3355,CSPG4
3356,CSPG5
3357,CSPP1
3358,CSRNP1
3359,CSRNP2
3360,CSRNP3
3361,CSRP1
3362,CSRP2
3363,CSRP3
3364,CST1
3365,CST11
3366,CST2
3367,CST3
3368,CST4
3369,CST5
3370,CST6
3371,CST7
3372,CST8
3373,CST9L
3374,CSTA
3375,CSTB
3376,CSTF1
3377,CSTF2
3378,CSTF2T
3379,CSTF3
3380,CSTL1
3381,CT45A1
3382,CT45A10
3383,CT45A2
3384,CT45A5
3385,CT45A9
3386,CT55
3387,CT62
3388,CT83
3389,CTAG1B
3390,CTAG2
3391,CTAGE1
3392,CTAGE9
3393,CTB-1I21.1
3394,CTB-30L5.1
3395,CTBP1
3396,CTBP1-AS
3397,CTBP2
3398,CTBS
3399,CTC1
3400,CTCF
3401,CTCFL
3402,CTDNEP1
3403,CTDP1
3404,CTDSP1
3405,CTDSP2
3406,CTDSPL
3407,CTDSPL2
3408,CTF1
3409,CTH
3410,CTHRC1
3411,CTIF
3412,CTLA4
3413,CTNNA1
3414,CTNNA2
3415,CTNNA3
3416,CTNNAL1
3417,CTNNB1
3418,CTNNBIP1
3419,CTNNBL1
3420,CTNND1
3421,CTNND2
3422,CTNS
3423,CTPS1
3424,CTPS2
3425,CTR9
3426,CTRC
3427,CTRL
3428,CTSA
3429,CTSB
3430,CTSC
3431,CTSD
3432,CTSE
3433,CTSF
3434,CTSG
3435,CTSH
3436,CTSK
3437,CTSL
3438,CTSO
3439,CTSS
3440,CTSV
3441,CTSW
3442,CTSZ
3443,CTTN
3444,CTTNBP2
3445,CTTNBP2NL
3446,CTU1
3447,CTU2
3448,CTXN1
3449,CTXN2
3450,CTXN3
3451,CUBN
3452,CUEDC1
3453,CUEDC2
3454,CUL1
3455,CUL2
3456,CUL3
3457,CUL4A
3458,CUL4B
3459,CUL5
3460,CUL7
3461,CUL9
3462,CUTA
3463,CUTC
3464,CUX1
3465,CUX2
3466,CUZD1
3467,CWC15
3468,CWC22
3469,CWC27
3470,CWF19L1
3471,CWF19L2
3472,CWH43
3473,CX3CL1
3474,CX3CR1
3475,CXADR
3476,CXADRP3
3477,CXCL1
3478,CXCL10
3479,CXCL11
3480,CXCL12
3481,CXCL13
3482,CXCL14
3483,CXCL16
3484,CXCL17
3485,CXCL2
3486,CXCL3
3487,CXCL5
3488,CXCL6
3489,CXCL8
3490,CXCL9
3491,CXCR1
3492,CXCR2
3493,CXCR3
3494,CXCR4
3495,CXCR5
3496,CXCR6
3497,CXXC1
3498,CXXC4
3499,CXXC5
3500,CXorf38
3501,CXorf49
3502,CXorf49B
3503,CXorf58
3504,CXorf65
3505,CYB561
3506,CYB561A3
3507,CYB561D1
3508,CYB561D2
3509,CYB5A
3510,CYB5B
3511,CYB5D1
3512,CYB5D2
3513,CYB5R1
3514,CYB5R2
3515,CYB5R3
3516,CYB5R4
3517,CYB5RL
3518,CYBA
3519,CYBB
3520,CYBRD1
3521,CYC1
3522,CYCS
3523,CYFIP2
3524,CYGB
3525,CYLC1
3526,CYLD
3527,CYP11A1
3528,CYP17A1
3529,CYP19A1
3530,CYP1A1
3531,CYP1A2
3532,CYP1B1
3533,CYP1B1-AS1
3534,CYP20A1
3535,CYP24A1
3536,CYP26A1
3537,CYP26B1
3538,CYP26C1
3539,CYP27A1
3540,CYP27B1
3541,CYP27C1
3542,CYP2A13
3543,CYP2A6
3544,CYP2A7
3545,CYP2B6
3546,CYP2C18
3547,CYP2C19
3548,CYP2C8
3549,CYP2C9
3550,CYP2E1
3551,CYP2F1
3552,CYP2J2
3553,CYP2R1
3554,CYP2S1
3555,CYP2U1
3556,CYP2W1
3557,CYP39A1
3558,CYP3A4
3559,CYP3A43
3560,CYP3A5
3561,CYP3A7
3562,CYP3A7-CYP3A51P
3563,CYP46A1
3564,CYP4A11
3565,CYP4A22
3566,CYP4B1
3567,CYP4F11
3568,CYP4F12
3569,CYP4F2
3570,CYP4F22
3571,CYP4F26P
3572,CYP4F3
3573,CYP4F35P
3574,CYP4F8
3575,CYP4V2
3576,CYP4X1
3577,CYP4Z1
3578,CYP51A1
3579,CYP51A1-AS1
3580,CYP7A1
3581,CYP7B1
3582,CYP8B1
3583,CYS1
3584,CYSLTR1
3585,CYSLTR2
3586,CYSRT1
3587,CYSTM1
3588,CYTH1
3589,CYTH2
3590,CYTH3
3591,CYTH4
3592,CYTIP
3593,CYTL1
3594,CYYR1
3595,CYYR1-AS1
3596,D21S2088E
3597,D2HGDH
3598,DAAM1
3599,DAAM2
3600,DAB1
3601,DAB1-AS1
3602,DAB2
3603,DAB2IP
3604,DACH1
3605,DACH2
3606,DACT1
3607,DACT2
3608,DACT3
3609,DACT3-AS1
3610,DAD1
3611,DAG1
3612,DAGLA
3613,DAGLB
3614,DALRD3
3615,DAND5
3616,DANT2
3617,DAO
3618,DAP
3619,DAP3
3620,DAPK1
3621,DAPK2
3622,DAPK3
3623,DAPL1
3624,DAPP1
3625,DARS2
3626,DAW1
3627,DAZAP1
3628,DAZAP2
3629,DAZL
3630,DBET
3631,DBF4
3632,DBF4B
3633,DBH
3634,DBH-AS1
3635,DBI
3636,DBN1
3637,DBNDD1
3638,DBNDD2
3639,DBNL
3640,DBP
3641,DBR1
3642,DBT
3643,DBX1
3644,DBX2
3645,DCAF10
3646,DCAF11
3647,DCAF12
3648,DCAF12L1
3649,DCAF13
3650,DCAF15
3651,DCAF16
3652,DCAF17
3653,DCAF4
3654,DCAF4L1
3655,DCAF4L2
3656,DCAF5
3657,DCAF6
3658,DCAF7
3659,DCAF8
3660,DCAF8L1
3661,DCAKD
3662,DCANP1
3663,DCBLD1
3664,DCBLD2
3665,DCC
3666,DCD
3667,DCDC1
3668,DCDC2
3669,DCDC2B
3670,DCDC2C
3671,DCHS1
3672,DCHS2
3673,DCK
3674,DCLK1
3675,DCLK2
3676,DCLK3
3677,DCLRE1A
3678,DCLRE1B
3679,DCLRE1C
3680,DCN
3681,DCP1A
3682,DCP2
3683,DCPS
3684,DCST1
3685,DCST2
3686,DCSTAMP
3687,DCT
3688,DCTD
3689,DCTN1
3690,DCTN1-AS1
3691,DCTN2
3692,DCTN3
3693,DCTN4
3694,DCTN5
3695,DCTN6
3696,DCTPP1
3697,DCUN1D1
3698,DCUN1D2
3699,DCUN1D3
3700,DCUN1D4
3701,DCUN1D5
3702,DCX
3703,DCXR
3704,DDA1
3705,DDAH1
3706,DDB1
3707,DDB2
3708,DDC
3709,DDC-AS1
3710,DDHD1
3711,DDHD2
3712,DDI2
3713,DDIAS
3714,DDIT3
3715,DDIT4
3716,DDIT4L
3717,DDN
3718,DDO
3719,DDOST
3720,DDR2
3721,DDRGK1
3722,DDTL
3723,DDX1
3724,DDX10
3725,DDX11
3726,DDX11-AS1
3727,DDX17
3728,DDX18
3729,DDX19A
3730,DDX19B
3731,DDX20
3732,DDX21
3733,DDX23
3734,DDX24
3735,DDX25
3736,DDX27
3737,DDX28
3738,DDX31
3739,DDX39A
3740,DDX3X
3741,DDX3Y
3742,DDX4
3743,DDX41
3744,DDX42
3745,DDX43
3746,DDX46
3747,DDX47
3748,DDX49
3749,DDX5
3750,DDX50
3751,DDX51
3752,DDX53
3753,DDX54
3754,DDX55
3755,DDX56
3756,DDX59
3757,DDX6
3758,DDX60
3759,DDX60L
3760,DEAF1
3761,DECR1
3762,DEDD
3763,DEDD2
3764,DEF6
3765,DEF8
3766,DEFA3
3767,DEFA5
3768,DEFB108B
3769,DEFB118
3770,DEFB119
3771,DEFB124
3772,DEFB126
3773,DEFB127
3774,DEFB132
3775,DEFB133
3776,DEFB134
3777,DEFB135
3778,DEFB136
3779,DEFB4A
3780,DEFB4B
3781,DEGS1
3782,DEGS2
3783,DEK
3784,DENND1A
3785,DENND1B
3786,DENND1C
3787,DENND2A
3788,DENND2C
3789,DENND2D
3790,DENND3
3791,DENND4A
3792,DENND4B
3793,DENND4C
3794,DENND5A
3795,DENND5B
3796,DENND5B-AS1
3797,DENND6A
3798,DENND6B
3799,DENR
3800,DEPDC1
3801,DEPDC1-AS1
3802,DEPDC1B
3803,DEPDC4
3804,DEPDC5
3805,DEPDC7
3806,DEPTOR
3807,DERA
3808,DERL1
3809,DERL2
3810,DERL3
3811,DES
3812,DESI1
3813,DESI2
3814,DET1
3815,DEXI
3816,DFFA
3817,DFFB
3818,DGAT2
3819,DGAT2L6
3820,DGCR2
3821,DGCR5
3822,DGCR6
3823,DGCR6L
3824,DGCR8
3825,DGKA
3826,DGKB
3827,DGKD
3828,DGKE
3829,DGKG
3830,DGKH
3831,DGKI
3832,DGKK
3833,DGKQ
3834,DGKZ
3835,DGUOK
3836,DHCR24
3837,DHCR7
3838,DHDDS
3839,DHDH
3840,DHFR
3841,DHH
3842,DHODH
3843,DHPS
3844,DHRS1
3845,DHRS11
3846,DHRS12
3847,DHRS13
3848,DHRS2
3849,DHRS3
3850,DHRS4
3851,DHRS7
3852,DHRS7B
3853,DHRS7C
3854,DHRS9
3855,DHTKD1
3856,DHX15
3857,DHX29
3858,DHX30
3859,DHX32
3860,DHX33
3861,DHX34
3862,DHX35
3863,DHX37
3864,DHX38
3865,DHX40
3866,DHX57
3867,DHX58
3868,DHX8
3869,DHX9
3870,DIABLO
3871,DIAPH1
3872,DIAPH2
3873,DIAPH2-AS1
3874,DIAPH3
3875,DICER1
3876,DICER1-AS1
3877,DIDO1
3878,DIMT1
3879,DIO1
3880,DIO2
3881,DIO2-AS1
3882,DIO3
3883,DIO3OS
3884,DIP2A
3885,DIP2B
3886,DIP2C
3887,DIRAS1
3888,DIRAS2
3889,DIRAS3
3890,DIRC3
3891,DIS3
3892,DIS3L
3893,DIS3L2
3894,DISC1
3895,DISP1
3896,DISP2
3897,DIXDC1
3898,DKC1
3899,DKFZP434A062
3900,DKK1
3901,DKK2
3902,DKK3
3903,DKK4
3904,DKKL1
3905,DLAT
3906,DLC1
3907,DLD
3908,DLEC1
3909,DLEU1
3910,DLEU2
3911,DLEU7
3912,DLG1
3913,DLG1-AS1
3914,DLG2
3915,DLG3
3916,DLG3-AS1
3917,DLG4
3918,DLGAP1
3919,DLGAP1-AS3
3920,DLGAP1-AS4
3921,DLGAP1-AS5
3922,DLGAP2
3923,DLGAP3
3924,DLGAP4
3925,DLGAP4-AS1
3926,DLGAP5
3927,DLK1
3928,DLK2
3929,DLL3
3930,DLL4
3931,DLST
3932,DLX1
3933,DLX2
3934,DLX3
3935,DLX4
3936,DLX5
3937,DLX6
3938,DMAP1
3939,DMBT1
3940,DMBX1
3941,DMC1
3942,DMD
3943,DMGDH
3944,DMKN
3945,DMP1
3946,DMPK
3947,DMRT1
3948,DMRT2
3949,DMRT3
3950,DMRTA1
3951,DMRTA2
3952,DMRTC1
3953,DMRTC2
3954,DMTF1
3955,DMTN
3956,DMWD
3957,DMXL1
3958,DMXL2
3959,DNA2
3960,DNAAF1
3961,DNAAF2
3962,DNAAF3
3963,DNAAF5
3964,DNAH1
3965,DNAH11
3966,DNAH12
3967,DNAH14
3968,DNAH17
3969,DNAH2
3970,DNAH3
3971,DNAH5
3972,DNAH6
3973,DNAH7
3974,DNAH8
3975,DNAH9
3976,DNAI1
3977,DNAI2
3978,DNAJA1
3979,DNAJA2
3980,DNAJA4
3981,DNAJB1
3982,DNAJB11
3983,DNAJB12
3984,DNAJB13
3985,DNAJB14
3986,DNAJB2
3987,DNAJB4
3988,DNAJB5
3989,DNAJB6
3990,DNAJB7
3991,DNAJB8
3992,DNAJB8-AS1
3993,DNAJB9
3994,DNAJC1
3995,DNAJC10
3996,DNAJC11
3997,DNAJC12
3998,DNAJC13
3999,DNAJC14
4000,DNAJC15
4001,DNAJC16
4002,DNAJC17
4003,DNAJC18
4004,DNAJC19
4005,DNAJC2
4006,DNAJC21
4007,DNAJC22
4008,DNAJC24
4009,DNAJC25
4010,DNAJC25-GNG10
4011,DNAJC27
4012,DNAJC27-AS1
4013,DNAJC3
4014,DNAJC30
4015,DNAJC4
4016,DNAJC5
4017,DNAJC5B
4018,DNAJC5G
4019,DNAJC6
4020,DNAJC7
4021,DNAJC8
4022,DNAJC9
4023,DNAJC9-AS1
4024,DNAL1
4025,DNAL4
4026,DNALI1
4027,DNASE1
4028,DNASE1L1
4029,DNASE1L2
4030,DNASE1L3
4031,DNASE2
4032,DNASE2B
4033,DND1
4034,DNER
4035,DNHD1
4036,DNLZ
4037,DNM1
4038,DNM1L
4039,DNM2
4040,DNM3
4041,DNMBP
4042,DNMBP-AS1
4043,DNMT1
4044,DNMT3A
4045,DNMT3B
4046,DNMT3L
4047,DNPEP
4048,DNPH1
4049,DNTT
4050,DNTTIP1
4051,DNTTIP2
4052,DOC2A
4053,DOC2B
4054,DOCK1
4055,DOCK10
4056,DOCK11
4057,DOCK2
4058,DOCK3
4059,DOCK4
4060,DOCK4-AS1
4061,DOCK5
4062,DOCK6
4063,DOCK7
4064,DOCK8
4065,DOCK9
4066,DOHH
4067,DOK1
4068,DOK2
4069,DOK3
4070,DOK4
4071,DOK5
4072,DOK6
4073,DOK7
4074,DOLK
4075,DOLPP1
4076,DONSON
4077,DOT1L
4078,DPAGT1
4079,DPCD
4080,DPEP1
4081,DPEP2
4082,DPEP3
4083,DPF1
4084,DPF2
4085,DPF3
4086,DPH1
4087,DPH2
4088,DPH3
4089,DPH5
4090,DPH6
4091,DPH7
4092,DPM1
4093,DPM2
4094,DPM3
4095,DPP10
4096,DPP10-AS1
4097,DPP3
4098,DPP4
4099,DPP6
4100,DPP7
4101,DPP8
4102,DPP9
4103,DPP9-AS1
4104,DPPA2
4105,DPPA3
4106,DPPA4
4107,DPPA5
4108,DPRX
4109,DPT
4110,DPY19L1
4111,DPY19L2
4112,DPY19L3
4113,DPY19L4
4114,DPY30
4115,DPYD
4116,DPYD-AS1
4117,DPYD-AS2
4118,DPYS
4119,DPYSL2
4120,DPYSL3
4121,DPYSL4
4122,DPYSL5
4123,DQX1
4124,DR1
4125,DRAIC
4126,DRAM1
4127,DRAM2
4128,DRAP1
4129,DRAXIN
4130,DRC1
4131,DRC3
4132,DRC7
4133,DRD1
4134,DRD2
4135,DRD3
4136,DRD4
4137,DRD5
4138,DRG1
4139,DRG2
4140,DRGX
4141,DRICH1
4142,DROSHA
4143,DRP2
4144,DSC1
4145,DSC2
4146,DSC3
4147,DSCAM
4148,DSCAM-AS1
4149,DSCAML1
4150,DSCC1
4151,DSCR4
4152,DSCR8
4153,DSCR9
4154,DSE
4155,DSEL
4156,DSG1
4157,DSG1-AS1
4158,DSG2
4159,DSG2-AS1
4160,DSG3
4161,DSG4
4162,DSN1
4163,DSP
4164,DSPP
4165,DST
4166,DSTN
4167,DSTYK
4168,DTD1
4169,DTD2
4170,DTHD1
4171,DTL
4172,DTNA
4173,DTNB
4174,DTNBP1
4175,DTWD1
4176,DTWD2
4177,DTX1
4178,DTX3
4179,DTX3L
4180,DTX4
4181,DTYMK
4182,DUBR
4183,DUOX1
4184,DUOX2
4185,DUOXA1
4186,DUOXA2
4187,DUS1L
4188,DUS2
4189,DUS3L
4190,DUSP1
4191,DUSP10
4192,DUSP12
4193,DUSP15
4194,DUSP16
4195,DUSP18
4196,DUSP19
4197,DUSP2
4198,DUSP21
4199,DUSP22
4200,DUSP23
4201,DUSP26
4202,DUSP28
4203,DUSP3
4204,DUSP4
4205,DUSP5
4206,DUSP6
4207,DUSP7
4208,DUSP9
4209,DUT
4210,DUX4
4211,DUXA
4212,DVL1
4213,DVL2
4214,DVL3
4215,DYDC1
4216,DYDC2
4217,DYM
4218,DYNAP
4219,DYNC1H1
4220,DYNC1I1
4221,DYNC1LI1
4222,DYNC1LI2
4223,DYNC2H1
4224,DYNC2LI1
4225,DYNLL1
4226,DYNLL2
4227,DYNLRB1
4228,DYNLRB2
4229,DYNLT1
4230,DYNLT3
4231,DYRK1A
4232,DYRK1B
4233,DYRK2
4234,DYRK3
4235,DYRK4
4236,DYSF
4237,DYTN
4238,DZANK1
4239,DZIP1
4240,DZIP1L
4241,DZIP3
4242,E2F1
4243,E2F3
4244,E2F4
4245,E2F5
4246,E2F6
4247,E2F7
4248,E2F8
4249,E4F1
4250,EAF1
4251,EAF2
4252,EAPP
4253,EARS2
4254,EBAG9
4255,EBF1
4256,EBF2
4257,EBF3
4258,EBF4
4259,EBI3
4260,EBLN2
4261,EBNA1BP2
4262,EBP
4263,EBPL
4264,ECD
4265,ECE1
4266,ECE2
4267,ECEL1
4268,ECH1
4269,ECHDC1
4270,ECHDC2
4271,ECHDC3
4272,ECHS1
4273,ECI1
4274,ECI2
4275,ECM1
4276,ECSCR
4277,ECSIT
4278,ECT2
4279,ECT2L
4280,EDA
4281,EDA2R
4282,EDAR
4283,EDARADD
4284,EDC3
4285,EDC4
4286,EDDM3A
4287,EDDM3B
4288,EDEM1
4289,EDEM2
4290,EDEM3
4291,EDF1
4292,EDIL3
4293,EDN1
4294,EDN2
4295,EDN3
4296,EDNRA
4297,EDNRB
4298,EDRF1
4299,EDRF1-AS1
4300,EEA1
4301,EED
4302,EEF1A1
4303,EEF1A2
4304,EEF1B2
4305,EEF1D
4306,EEF1E1
4307,EEF1G
4308,EEF2
4309,EEF2K
4310,EEF2KMT
4311,EEPD1
4312,EFCAB10
4313,EFCAB11
4314,EFCAB12
4315,EFCAB13
4316,EFCAB14
4317,EFCAB14-AS1
4318,EFCAB3
4319,EFCAB5
4320,EFCAB6
4321,EFCAB7
4322,EFCAB8
4323,EFCAB9
4324,EFCC1
4325,EFEMP1
4326,EFEMP2
4327,EFHB
4328,EFHC1
4329,EFHC2
4330,EFHD1
4331,EFHD2
4332,EFNA1
4333,EFNA2
4334,EFNA3
4335,EFNA4
4336,EFNA5
4337,EFNB1
4338,EFNB2
4339,EFNB3
4340,EFR3A
4341,EFR3B
4342,EFS
4343,EFTUD2
4344,EGF
4345,EGFL6
4346,EGFL7
4347,EGFL8
4348,EGFLAM
4349,EGFLAM-AS1
4350,EGFLAM-AS4
4351,EGFR
4352,EGFR-AS1
4353,EGLN1
4354,EGLN2
4355,EGLN3
4356,EGOT
4357,EGR1
4358,EGR2
4359,EGR3
4360,EGR4
4361,EHBP1
4362,EHBP1L1
4363,EHD1
4364,EHD2
4365,EHD3
4366,EHD4
4367,EHD4-AS1
4368,EHF
4369,EHHADH
4370,EHMT1
4371,EHMT2-AS1
4372,EI24
4373,EID1
4374,EID2
4375,EID2B
4376,EID3
4377,EIF1
4378,EIF1AD
4379,EIF1AX
4380,EIF1AY
4381,EIF1B
4382,EIF2A
4383,EIF2AK1
4384,EIF2AK2
4385,EIF2AK3
4386,EIF2AK4
4387,EIF2B1
4388,EIF2B2
4389,EIF2B3
4390,EIF2B4
4391,EIF2B5
4392,EIF2D
4393,EIF2S1
4394,EIF2S2
4395,EIF2S3
4396,EIF3A
4397,EIF3B
4398,EIF3C
4399,EIF3CL
4400,EIF3D
4401,EIF3E
4402,EIF3F
4403,EIF3G
4404,EIF3H
4405,EIF3I
4406,EIF3J
4407,EIF3L
4408,EIF3M
4409,EIF4A1
4410,EIF4A2
4411,EIF4A3
4412,EIF4B
4413,EIF4E
4414,EIF4E1B
4415,EIF4E2
4416,EIF4E3
4417,EIF4EBP1
4418,EIF4EBP2
4419,EIF4EBP3
4420,EIF4ENIF1
4421,EIF4G1
4422,EIF4G2
4423,EIF4G3
4424,EIF4H
4425,EIF5
4426,EIF5A
4427,EIF5A2
4428,EIF5AL1
4429,EIF5B
4430,EIF6
4431,ELAC1
4432,ELAC2
4433,ELAVL1
4434,ELAVL2
4435,ELAVL3
4436,ELAVL4
4437,ELF1
4438,ELF2
4439,ELF3
4440,ELF4
4441,ELF5
4442,ELFN1
4443,ELFN1-AS1
4444,ELFN2
4445,ELK1
4446,ELK3
4447,ELK4
4448,ELL
4449,ELL2
4450,ELL3
4451,ELMO1
4452,ELMO1-AS1
4453,ELMO2
4454,ELMO3
4455,ELMOD1
4456,ELMOD2
4457,ELMOD3
4458,ELN
4459,ELOF1
4460,ELOVL1
4461,ELOVL2
4462,ELOVL3
4463,ELOVL4
4464,ELOVL5
4465,ELOVL6
4466,ELOVL7
4467,ELP2
4468,ELP3
4469,ELP4
4470,ELP6
4471,ELSPBP1
4472,EMB
4473,EMC1
4474,EMC10
4475,EMC2
4476,EMC3
4477,EMC4
4478,EMC6
4479,EMC7
4480,EMC8
4481,EMC9
4482,EMCN
4483,EMD
4484,EME1
4485,EME2
4486,EMG1
4487,EMID1
4488,EMILIN1
4489,EMILIN2
4490,EMILIN3
4491,EML1
4492,EML2
4493,EML3
4494,EML4
4495,EML5
4496,EML6
4497,EMP1
4498,EMP2
4499,EMP3
4500,EMSY
4501,EMX1
4502,EMX2
4503,EMX2OS
4504,EN1
4505,EN2
4506,ENAH
4507,ENAM
4508,ENC1
4509,ENDOD1
4510,ENDOG
4511,ENDOU
4512,ENDOV
4513,ENG
4514,ENGASE
4515,ENHO
4516,ENKD1
4517,ENKUR
4518,ENO1
4519,ENO1-AS1
4520,ENO2
4521,ENO3
4522,ENO4
4523,ENOPH1
4524,ENOSF1
4525,ENOX1
4526,ENOX2
4527,ENPEP
4528,ENPP1
4529,ENPP2
4530,ENPP3
4531,ENPP4
4532,ENPP5
4533,ENPP6
4534,ENPP7
4535,ENSA
4536,ENTHD1
4537,ENTPD1
4538,ENTPD1-AS1
4539,ENTPD2
4540,ENTPD3
4541,ENTPD3-AS1
4542,ENTPD4
4543,ENTPD5
4544,ENTPD6
4545,ENTPD7
4546,ENTPD8
4547,ENY2
4548,EOGT
4549,EOMES
4550,EP300
4551,EP300-AS1
4552,EP400
4553,EPAS1
4554,EPB41
4555,EPB41L1
4556,EPB41L2
4557,EPB41L3
4558,EPB41L4A
4559,EPB41L4B
4560,EPB41L5
4561,EPB42
4562,EPC1
4563,EPC2
4564,EPCAM
4565,EPDR1
4566,EPG5
4567,EPGN
4568,EPHA1-AS1
4569,EPHA10
4570,EPHA2
4571,EPHA3
4572,EPHA4
4573,EPHA5
4574,EPHA5-AS1
4575,EPHA6
4576,EPHA7
4577,EPHA8
4578,EPHB1
4579,EPHB2
4580,EPHB3
4581,EPHB4
4582,EPHX1
4583,EPHX2
4584,EPHX3
4585,EPHX4
4586,EPM2A
4587,EPM2AIP1
4588,EPN1
4589,EPN2
4590,EPN2-AS1
4591,EPN3
4592,EPO
4593,EPOR
4594,EPPIN
4595,EPPIN-WFDC6
4596,EPPK1
4597,EPS15
4598,EPS15L1
4599,EPS8
4600,EPS8L1
4601,EPS8L2
4602,EPS8L3
4603,EPSTI1
4604,EPX
4605,EPYC
4606,EQTN
4607,ERAL1
4608,ERAP1
4609,ERAP2
4610,ERAS
4611,ERBB2
4612,ERBB3
4613,ERBB4
4614,ERC1
4615,ERC2
4616,ERCC1
4617,ERCC2
4618,ERCC3
4619,ERCC4
4620,ERCC5
4621,ERCC6
4622,ERCC6L
4623,ERCC6L2
4624,ERCC8
4625,EREG
4626,ERF
4627,ERG
4628,ERGIC1
4629,ERGIC2
4630,ERGIC3
4631,ERH
4632,ERI1
4633,ERI2
4634,ERI3
4635,ERICH2
4636,ERICH3
4637,ERICH3-AS1
4638,ERICH4
4639,ERICH5
4640,ERICH6
4641,ERICH6B
4642,ERLEC1
4643,ERLIN1
4644,ERLIN2
4645,ERMAP
4646,ERMARD
4647,ERMN
4648,ERMP1
4649,ERN1
4650,ERN2
4651,ERO1A
4652,ERO1B
4653,ERP27
4654,ERP29
4655,ERP44
4656,ERRFI1
4657,ERV3-1
4658,ERVFRD-1
4659,ERVH48-1
4660,ERVK3-1
4661,ERVMER34-1
4662,ERVV-1
4663,ERVV-2
4664,ERVW-1
4665,ESAM
4666,ESCO1
4667,ESCO2
4668,ESD
4669,ESF1
4670,ESM1
4671,ESPL1
4672,ESPN
4673,ESPNL
4674,ESR1
4675,ESR2
4676,ESRP1
4677,ESRP2
4678,ESRRA
4679,ESRRB
4680,ESRRG
4681,ESX1
4682,ESYT1
4683,ESYT2
4684,ESYT3
4685,ETAA1
4686,ETF1
4687,ETFA
4688,ETFB
4689,ETFDH
4690,ETHE1
4691,ETNK1
4692,ETNK2
4693,ETNPPL
4694,ETS1
4695,ETS2
4696,ETV1
4697,ETV2
4698,ETV3
4699,ETV3L
4700,ETV4
4701,ETV5
4702,ETV6
4703,ETV7
4704,EVA1A
4705,EVA1B
4706,EVA1C
4707,EVC
4708,EVC2
4709,EVI2A
4710,EVI5
4711,EVI5L
4712,EVL
4713,EVPL
4714,EVX1
4715,EWSAT1
4716,EWSR1
4717,EXD1
4718,EXD2
4719,EXD3
4720,EXO1
4721,EXO5
4722,EXOC1
4723,EXOC2
4724,EXOC3
4725,EXOC3L1
4726,EXOC3L2
4727,EXOC3L4
4728,EXOC4
4729,EXOC5
4730,EXOC6
4731,EXOC6B
4732,EXOC7
4733,EXOC8
4734,EXOG
4735,EXOSC1
4736,EXOSC10
4737,EXOSC2
4738,EXOSC3
4739,EXOSC4
4740,EXOSC5
4741,EXOSC6
4742,EXOSC7
4743,EXOSC8
4744,EXOSC9
4745,EXPH5
4746,EXT1
4747,EXT2
4748,EXTL1
4749,EXTL2
4750,EXTL3
4751,EXTL3-AS1
4752,EYA1
4753,EYA2
4754,EYA3
4755,EYA4
4756,EYS
4757,EZH1
4758,EZH2
4759,EZR
4760,EZR-AS1
4761,F10
4762,F10-AS1
4763,F11
4764,F11-AS1
4765,F11R
4766,F12
4767,F13A1
4768,F2
4769,F2R
4770,F2RL1
4771,F2RL2
4772,F2RL3
4773,F3
4774,F5
4775,F7
4776,F8
4777,F8A3
4778,FA2H
4779,FAAH
4780,FAAH2
4781,FAAP100
4782,FAAP20
4783,FAAP24
4784,FABP1
4785,FABP12
4786,FABP2
4787,FABP3
4788,FABP4
4789,FABP5
4790,FABP6
4791,FABP7
4792,FABP9
4793,FADD
4794,FADS1
4795,FADS2
4796,FADS3
4797,FADS6
4798,FAF1
4799,FAF2
4800,FAH
4801,FAHD1
4802,FAIM
4803,FAIM2
4804,FALEC
4805,FAM106A
4806,FAM107A
4807,FAM107B
4808,FAM110A
4809,FAM110B
4810,FAM110C
4811,FAM110D
4812,FAM111A
4813,FAM111B
4814,FAM114A1
4815,FAM114A2
4816,FAM117A
4817,FAM117B
4818,FAM118A
4819,FAM118B
4820,FAM120A
4821,FAM120AOS
4822,FAM120C
4823,FAM124A
4824,FAM124B
4825,FAM131A
4826,FAM131B
4827,FAM131C
4828,FAM133A
4829,FAM133B
4830,FAM135A
4831,FAM135B
4832,FAM136A
4833,FAM138B
4834,FAM138C
4835,FAM13A
4836,FAM13B
4837,FAM13C
4838,FAM149A
4839,FAM149B1
4840,FAM151A
4841,FAM151B
4842,FAM153A
4843,FAM156A
4844,FAM156B
4845,FAM161A
4846,FAM161B
4847,FAM162A
4848,FAM162B
4849,FAM163A
4850,FAM163B
4851,FAM167B
4852,FAM168A
4853,FAM168B
4854,FAM169A
4855,FAM170A
4856,FAM170B
4857,FAM170B-AS1
4858,FAM171A1
4859,FAM171A2
4860,FAM171B
4861,FAM174A
4862,FAM174B
4863,FAM177A1
4864,FAM177B
4865,FAM178B
4866,FAM180A
4867,FAM180B
4868,FAM181B
4869,FAM184A
4870,FAM184B
4871,FAM185A
4872,FAM186A
4873,FAM186B
4874,FAM187B
4875,FAM193A
4876,FAM193B
4877,FAM199X
4878,FAM200A
4879,FAM200B
4880,FAM204A
4881,FAM209A
4882,FAM209B
4883,FAM20A
4884,FAM20B
4885,FAM210A
4886,FAM210B
4887,FAM215A
4888,FAM216A
4889,FAM216B
4890,FAM217B
4891,FAM218A
4892,FAM219A
4893,FAM219B
4894,FAM220A
4895,FAM221A
4896,FAM221B
4897,FAM222A
4898,FAM222A-AS1
4899,FAM222B
4900,FAM223A
4901,FAM223B
4902,FAM225A
4903,FAM225B
4904,FAM227A
4905,FAM227B
4906,FAM228A
4907,FAM228B
4908,FAM229A
4909,FAM229B
4910,FAM230A
4911,FAM234A
4912,FAM234B
4913,FAM24A
4914,FAM24B
4915,FAM25A
4916,FAM25G
4917,FAM27C
4918,FAM32A
4919,FAM3A
4920,FAM3B
4921,FAM3C
4922,FAM3D
4923,FAM3D-AS1
4924,FAM41C
4925,FAM43A
4926,FAM43B
4927,FAM47A
4928,FAM47C
4929,FAM47E
4930,FAM47E-STBD1
4931,FAM50A
4932,FAM50B
4933,FAM53A
4934,FAM53B
4935,FAM53B-AS1
4936,FAM53C
4937,FAM66C
4938,FAM66D
4939,FAM66E
4940,FAM72A
4941,FAM72B
4942,FAM72C
4943,FAM72D
4944,FAM76A
4945,FAM76B
4946,FAM78A
4947,FAM78B
4948,FAM81A
4949,FAM81B
4950,FAM83A
4951,FAM83A-AS1
4952,FAM83B
4953,FAM83C
4954,FAM83D
4955,FAM83E
4956,FAM83F
4957,FAM83G
4958,FAM86B2
4959,FAM87A
4960,FAM87B
4961,FAM89A
4962,FAM89B
4963,FAM8A1
4964,FAM90A1
4965,FAM90A26
4966,FAM91A1
4967,FAM95B1
4968,FAM98A
4969,FAM98B
4970,FAM98C
4971,FAM9A
4972,FAM9B
4973,FAM9C
4974,FAN1
4975,FANCA
4976,FANCB
4977,FANCC
4978,FANCD2
4979,FANCD2OS
4980,FANCE
4981,FANCF
4982,FANCG
4983,FANCI
4984,FANCL
4985,FANCM
4986,FANK1
4987,FAP
4988,FAR1
4989,FAR2
4990,FARP1
4991,FARP1-AS1
4992,FARP2
4993,FARS2
4994,FARSA
4995,FARSA-AS1
4996,FARSB
4997,FAS
4998,FASLG
4999,FASN
5000,FASTK
5001,FASTKD1
5002,FASTKD2
5003,FASTKD3
5004,FASTKD5
5005,FAT1
5006,FAT2
5007,FAT3
5008,FAT4
5009,FATE1
5010,FAU
5011,FAXC
5012,FAXDC2
5013,FBF1
5014,FBLIM1
5015,FBLL1
5016,FBLN1
5017,FBLN2
5018,FBLN5
5019,FBLN7
5020,FBN1
5021,FBN2
5022,FBN3
5023,FBP1
5024,FBP2
5025,FBRS
5026,FBRSL1
5027,FBXL12
5028,FBXL13
5029,FBXL14
5030,FBXL15
5031,FBXL16
5032,FBXL17
5033,FBXL18
5034,FBXL19
5035,FBXL19-AS1
5036,FBXL2
5037,FBXL20
5038,FBXL22
5039,FBXL3
5040,FBXL4
5041,FBXL5
5042,FBXL6
5043,FBXL7
5044,FBXL8
5045,FBXO10
5046,FBXO11
5047,FBXO15
5048,FBXO16
5049,FBXO17
5050,FBXO2
5051,FBXO21
5052,FBXO22
5053,FBXO24
5054,FBXO25
5055,FBXO27
5056,FBXO28
5057,FBXO3
5058,FBXO30
5059,FBXO31
5060,FBXO32
5061,FBXO33
5062,FBXO34
5063,FBXO36
5064,FBXO38
5065,FBXO39
5066,FBXO4
5067,FBXO40
5068,FBXO41
5069,FBXO43
5070,FBXO44
5071,FBXO45
5072,FBXO46
5073,FBXO47
5074,FBXO48
5075,FBXO5
5076,FBXO6
5077,FBXO7
5078,FBXO8
5079,FBXO9
5080,FBXW10
5081,FBXW11
5082,FBXW12
5083,FBXW2
5084,FBXW4
5085,FBXW5
5086,FBXW7
5087,FBXW8
5088,FBXW9
5089,FCAMR
5090,FCER1A
5091,FCER1G
5092,FCER2
5093,FCF1
5094,FCGR1A
5095,FCGR2A
5096,FCGR2B
5097,FCGR3A
5098,FCGR3B
5099,FCGRT
5100,FCHO1
5101,FCHO2
5102,FCHSD1
5103,FCHSD2
5104,FCMR
5105,FCN1
5106,FCN2
5107,FCN3
5108,FCRL1
5109,FCRL2
5110,FCRL3
5111,FCRL4
5112,FCRL5
5113,FCRL6
5114,FCRLA
5115,FCRLB
5116,FDCSP
5117,FDFT1
5118,FDPS
5119,FDX1
5120,FDXACB1
5121,FDXR
5122,FECH
5123,FEM1A
5124,FEM1B
5125,FEM1C
5126,FEN1
5127,FENDRR
5128,FER
5129,FER1L5
5130,FER1L6
5131,FER1L6-AS2
5132,FERMT1
5133,FERMT2
5134,FERMT3
5135,FES
5136,FETUB
5137,FEV
5138,FEZ1
5139,FEZ2
5140,FEZF1
5141,FEZF1-AS1
5142,FEZF2
5143,FFAR1
5144,FFAR2
5145,FFAR3
5146,FFAR4
5147,FGA
5148,FGB
5149,FGD1
5150,FGD2
5151,FGD3
5152,FGD4
5153,FGD5
5154,FGD5-AS1
5155,FGD6
5156,FGF1
5157,FGF10
5158,FGF10-AS1
5159,FGF12
5160,FGF12-AS2
5161,FGF12-AS3
5162,FGF13
5163,FGF13-AS1
5164,FGF14
5165,FGF14-AS2
5166,FGF16
5167,FGF17
5168,FGF18
5169,FGF19
5170,FGF2
5171,FGF20
5172,FGF21
5173,FGF22
5174,FGF23
5175,FGF3
5176,FGF5
5177,FGF7
5178,FGF8
5179,FGF9
5180,FGFBP1
5181,FGFBP2
5182,FGFBP3
5183,FGFR1
5184,FGFR1OP2
5185,FGFR2
5186,FGFR3
5187,FGFR4
5188,FGFRL1
5189,FGG
5190,FGGY
5191,FGL1
5192,FGL2
5193,FGR
5194,FH
5195,FHAD1
5196,FHDC1
5197,FHIT
5198,FHL1
5199,FHL2
5200,FHL3
5201,FHL5
5202,FHOD1
5203,FHOD3
5204,FIBCD1
5205,FIBIN
5206,FIBP
5207,FICD
5208,FIG4
5209,FIGLA
5210,FIGN
5211,FIGNL1
5212,FILIP1
5213,FILIP1L
5214,FIP1L1
5215,FIRRE
5216,FIS1
5217,FITM2
5218,FIZ1
5219,FJX1
5220,FKBP10
5221,FKBP11
5222,FKBP14
5223,FKBP15
5224,FKBP1A
5225,FKBP1B
5226,FKBP1C
5227,FKBP2
5228,FKBP3
5229,FKBP4
5230,FKBP5
5231,FKBP6
5232,FKBP7
5233,FKBP8
5234,FKBP9
5235,FKRP
5236,FKTN
5237,FLAD1
5238,FLCN
5239,FLG
5240,FLG2
5241,FLI1
5242,FLII
5243,FLJ12825
5244,FLJ13224
5245,FLJ16779
5246,FLJ36000
5247,FLJ40288
5248,FLNA
5249,FLNB
5250,FLNB-AS1
5251,FLNC
5252,FLOT2
5253,FLRT1
5254,FLRT2
5255,FLRT3
5256,FLT1
5257,FLT3
5258,FLT3LG
5259,FLT4
5260,FLVCR1
5261,FLVCR2
5262,FLYWCH1
5263,FLYWCH2
5264,FMN1
5265,FMN2
5266,FMNL1
5267,FMNL2
5268,FMNL3
5269,FMO1
5270,FMO2
5271,FMO3
5272,FMO4
5273,FMO5
5274,FMOD
5275,FMR1
5276,FMR1NB
5277,FN1
5278,FN3K
5279,FN3KRP
5280,FNBP1
5281,FNBP1L
5282,FNDC1
5283,FNDC3A
5284,FNDC3B
5285,FNDC4
5286,FNDC5
5287,FNDC7
5288,FNDC8
5289,FNDC9
5290,FNIP1
5291,FNIP2
5292,FNTA
5293,FNTB
5294,FOCAD
5295,FOCAD-AS1
5296,FOLH1
5297,FOLR1
5298,FOLR2
5299,FOLR3
5300,FOS
5301,FOSB
5302,FOSL1
5303,FOSL2
5304,FOXA1
5305,FOXA2
5306,FOXA3
5307,FOXB1
5308,FOXB2
5309,FOXC1
5310,FOXC2
5311,FOXD1
5312,FOXD2
5313,FOXD2-AS1
5314,FOXD3
5315,FOXD3-AS1
5316,FOXD4
5317,FOXD4L1
5318,FOXD4L3
5319,FOXD4L4
5320,FOXD4L5
5321,FOXD4L6
5322,FOXE1
5323,FOXE3
5324,FOXF1
5325,FOXF2
5326,FOXG1
5327,FOXH1
5328,FOXI1
5329,FOXI2
5330,FOXI3
5331,FOXJ1
5332,FOXJ2
5333,FOXJ3
5334,FOXK1
5335,FOXK2
5336,FOXL1
5337,FOXL2
5338,FOXL2NB
5339,FOXM1
5340,FOXN1
5341,FOXN2
5342,FOXN3
5343,FOXN3-AS1
5344,FOXN3-AS2
5345,FOXN4
5346,FOXO1
5347,FOXO3
5348,FOXO4
5349,FOXO6
5350,FOXP1
5351,FOXP1-AS1
5352,FOXP2
5353,FOXP3
5354,FOXP4
5355,FOXP4-AS1
5356,FOXQ1
5357,FOXR1
5358,FOXR2
5359,FOXRED1
5360,FOXRED2
5361,FOXS1
5362,FPGS
5363,FPGT
5364,FPGT-TNNI3K
5365,FPR1
5366,FPR2
5367,FPR3
5368,FRA10AC1
5369,FRAS1
5370,FRAT1
5371,FRAT2
5372,FREM1
5373,FREM2
5374,FREM3
5375,FRG2B
5376,FRG2C
5377,FRK
5378,FRMD1
5379,FRMD3
5380,FRMD4A
5381,FRMD4B
5382,FRMD5
5383,FRMD6
5384,FRMD6-AS2
5385,FRMD7
5386,FRMD8
5387,FRMPD1
5388,FRMPD2
5389,FRMPD3
5390,FRMPD4
5391,FRRS1
5392,FRRS1L
5393,FRS2
5394,FRS3
5395,FRY
5396,FRYL
5397,FRZB
5398,FSBP
5399,FSCB
5400,FSCN1
5401,FSCN2
5402,FSCN3
5403,FSD1
5404,FSD1L
5405,FSD2
5406,FSHR
5407,FSIP1
5408,FSIP2
5409,FSIP2-AS1
5410,FST
5411,FSTL1
5412,FSTL3
5413,FSTL4
5414,FSTL5
5415,FTCD-AS1
5416,FTCDNL1
5417,FTH1
5418,FTHL17
5419,FTL
5420,FTMT
5421,FTO
5422,FTSJ1
5423,FTSJ3
5424,FTX
5425,FUBP1
5426,FUBP3
5427,FUCA1
5428,FUCA2
5429,FUNDC1
5430,FUNDC2
5431,FUOM
5432,FURIN
5433,FUS
5434,FUT1
5435,FUT2
5436,FUT3
5437,FUT4
5438,FUT5
5439,FUT6
5440,FUT7
5441,FUT8
5442,FUT9
5443,FUZ
5444,FXN
5445,FXR1
5446,FXR2
5447,FXYD1
5448,FXYD2
5449,FXYD3
5450,FXYD4
5451,FXYD5
5452,FXYD6
5453,FXYD6-FXYD2
5454,FXYD7
5455,FYCO1
5456,FYN
5457,FYTTD1
5458,FZD1
5459,FZD10
5460,FZD2
5461,FZD3
5462,FZD4
5463,FZD5
5464,FZD6
5465,FZD7
5466,FZD8
5467,FZD9
5468,FZR1
5469,G0S2
5470,G2E3
5471,G3BP1
5472,G3BP2
5473,G6PC2
5474,G6PC3
5475,G6PD
5476,GAA
5477,GAB1
5478,GAB2
5479,GAB3
5480,GABARAP
5481,GABARAPL1
5482,GABARAPL2
5483,GABBR1
5484,GABBR2
5485,GABPA
5486,GABPB1
5487,GABPB2
5488,GABRA1
5489,GABRA2
5490,GABRA3
5491,GABRA4
5492,GABRA5
5493,GABRA6
5494,GABRB1
5495,GABRB2
5496,GABRB3
5497,GABRD
5498,GABRE
5499,GABRG1
5500,GABRG2
5501,GABRG3
5502,GABRP
5503,GABRQ
5504,GABRR1
5505,GABRR2
5506,GABRR3
5507,GACAT2
5508,GACAT3
5509,GAD1
5510,GAD2
5511,GADD45A
5512,GADD45B
5513,GADD45G
5514,GADD45GIP1
5515,GADL1
5516,GAGE10
5517,GAGE12E
5518,GAGE12H
5519,GAGE12J
5520,GAGE13
5521,GAGE2A
5522,GAK
5523,GAL
5524,GAL3ST1
5525,GAL3ST3
5526,GAL3ST4
5527,GALC
5528,GALE
5529,GALK1
5530,GALK2
5531,GALM
5532,GALNS
5533,GALNT1
5534,GALNT10
5535,GALNT11
5536,GALNT12
5537,GALNT13
5538,GALNT14
5539,GALNT15
5540,GALNT16
5541,GALNT18
5542,GALNT2
5543,GALNT3
5544,GALNT4
5545,GALNT5
5546,GALNT6
5547,GALNT7
5548,GALNT8
5549,GALNTL5
5550,GALNTL6
5551,GALP
5552,GALR1
5553,GALR2
5554,GALR3
5555,GALT
5556,GAMT
5557,GAN
5558,GANAB
5559,GANC
5560,GAP43
5561,GAPDH
5562,GAPDHS
5563,GAPLINC
5564,GAPT
5565,GAPVD1
5566,GAR1
5567,GAREM1
5568,GAREM2
5569,GARNL3
5570,GAS1
5571,GAS1RR
5572,GAS2
5573,GAS2L1
5574,GAS2L2
5575,GAS2L3
5576,GAS6
5577,GAS7
5578,GAS8-AS1
5579,GAST
5580,GATA1
5581,GATA2
5582,GATA3
5583,GATA3-AS1
5584,GATA5
5585,GATA6
5586,GATA6-AS1
5587,GATAD1
5588,GATAD2A
5589,GATB
5590,GATC
5591,GATM
5592,GBA2
5593,GBE1
5594,GBF1
5595,GBGT1
5596,GBP1
5597,GBP2
5598,GBP3
5599,GBP4
5600,GBP5
5601,GBP6
5602,GBP7
5603,GBX1
5604,GBX2
5605,GC
5606,GCA
5607,GCAT
5608,GCC1
5609,GCC2
5610,GCC2-AS1
5611,GCDH
5612,GCFC2
5613,GCG
5614,GCH1
5615,GCHFR
5616,GCK
5617,GCKR
5618,GCLC
5619,GCLM
5620,GCM1
5621,GCM2
5622,GCN1
5623,GCNT1
5624,GCNT2
5625,GCNT3
5626,GCNT4
5627,GCNT7
5628,GCOM1
5629,GCSAML
5630,GCSH
5631,GDA
5632,GDAP1
5633,GDAP1L1
5634,GDAP2
5635,GDE1
5636,GDF10
5637,GDF11
5638,GDF15
5639,GDF3
5640,GDF5
5641,GDF6
5642,GDF7
5643,GDF9
5644,GDI1
5645,GDI2
5646,GDNF
5647,GDPD1
5648,GDPD2
5649,GDPD3
5650,GDPD4
5651,GDPD5
5652,GDPGP1
5653,GEM
5654,GEMIN2
5655,GEMIN4
5656,GEMIN5
5657,GEMIN6
5658,GEMIN7
5659,GEMIN8
5660,GEN1
5661,GET4
5662,GFAP
5663,GFER
5664,GFI1
5665,GFI1B
5666,GFM1
5667,GFM2
5668,GFOD1
5669,GFOD2
5670,GFPT1
5671,GFPT2
5672,GFRA1
5673,GFRA2
5674,GFRA3
5675,GFRA4
5676,GFRAL
5677,GFY
5678,GGA1
5679,GGA2
5680,GGA3
5681,GGACT
5682,GGCT
5683,GGCX
5684,GGH
5685,GGN
5686,GGPS1
5687,GGT1
5688,GGT5
5689,GGT6
5690,GGT7
5691,GGTLC1
5692,GGTLC2
5693,GGTLC3
5694,GH1
5695,GH2
5696,GHDC
5697,GHET1
5698,GHITM
5699,GHR
5700,GHRH
5701,GHRHR
5702,GHRL
5703,GHRLOS
5704,GHSR
5705,GID4
5706,GID8
5707,GIGYF1
5708,GIGYF2
5709,GIMAP1
5710,GIMAP2
5711,GIMAP4
5712,GIMAP5
5713,GIMAP6
5714,GIMAP7
5715,GIMAP8
5716,GIN1
5717,GINM1
5718,GINS1
5719,GINS2
5720,GINS3
5721,GINS4
5722,GIP
5723,GIPC1
5724,GIPC2
5725,GIPC3
5726,GIPR
5727,GIT1
5728,GIT2
5729,GJA1
5730,GJA3
5731,GJA4
5732,GJA5
5733,GJA8
5734,GJA9
5735,GJB1
5736,GJB2
5737,GJB3
5738,GJB4
5739,GJB5
5740,GJB6
5741,GJB7
5742,GJC1
5743,GJC2
5744,GJC3
5745,GJD2
5746,GJD3
5747,GJD4
5748,GK
5749,GK5
5750,GKAP1
5751,GKN1
5752,GKN2
5753,GLA
5754,GLB1
5755,GLB1L
5756,GLB1L2
5757,GLB1L3
5758,GLCCI1
5759,GLCE
5760,GLDC
5761,GLDN
5762,GLE1
5763,GLG1
5764,GLI1
5765,GLI2
5766,GLI3
5767,GLI4
5768,GLIDR
5769,GLIPR1
5770,GLIPR1L1
5771,GLIPR1L2
5772,GLIPR2
5773,GLIS1
5774,GLIS2
5775,GLIS2-AS1
5776,GLIS3
5777,GLIS3-AS1
5778,GLMN
5779,GLMP
5780,GLO1
5781,GLOD4
5782,GLOD5
5783,GLP1R
5784,GLP2R
5785,GLRA1
5786,GLRA2
5787,GLRA3
5788,GLRB
5789,GLRX
5790,GLRX2
5791,GLRX3
5792,GLRX5
5793,GLS
5794,GLS2
5795,GLT1D1
5796,GLT8D1
5797,GLT8D2
5798,GLTP
5799,GLTPD2
5800,GLUD1
5801,GLUL
5802,GLYAT
5803,GLYATL1
5804,GLYATL2
5805,GLYATL3
5806,GLYCTK
5807,GLYR1
5808,GM2A
5809,GMCL1
5810,GMDS
5811,GMEB1
5812,GMEB2
5813,GMFB
5814,GMIP
5815,GML
5816,GMNC
5817,GMNN
5818,GMPPA
5819,GMPPB
5820,GMPR
5821,GMPR2
5822,GMPS
5823,GNA11
5824,GNA12
5825,GNA13
5826,GNA14
5827,GNA14-AS1
5828,GNA15
5829,GNAI1
5830,GNAI2
5831,GNAI3
5832,GNAL
5833,GNAO1
5834,GNAQ
5835,GNAS
5836,GNAS-AS1
5837,GNAT1
5838,GNAT2
5839,GNAT3
5840,GNAZ
5841,GNB1
5842,GNB1L
5843,GNB2
5844,GNB3
5845,GNB4
5846,GNB5
5847,GNE
5848,GNG10
5849,GNG11
5850,GNG12
5851,GNG12-AS1
5852,GNG13
5853,GNG2
5854,GNG3
5855,GNG4
5856,GNG5
5857,GNG7
5858,GNG8
5859,GNGT1
5860,GNGT2
5861,GNL2
5862,GNL3
5863,GNL3L
5864,GNLY
5865,GNMT
5866,GNPAT
5867,GNPDA1
5868,GNPDA2
5869,GNPNAT1
5870,GNPTAB
5871,GNPTG
5872,GNRH1
5873,GNRH2
5874,GNS
5875,GOLGA1
5876,GOLGA2
5877,GOLGA3
5878,GOLGA4
5879,GOLGA5
5880,GOLGA6A
5881,GOLGA6B
5882,GOLGA6D
5883,GOLGA6L2
5884,GOLGA6L4
5885,GOLGA6L9
5886,GOLGA7
5887,GOLGA7B
5888,GOLGA8B
5889,GOLGA8H
5890,GOLGA8K
5891,GOLGA8M
5892,GOLGA8O
5893,GOLGA8R
5894,GOLGA8S
5895,GOLGB1
5896,GOLIM4
5897,GOLM1
5898,GOLPH3
5899,GOLPH3L
5900,GOLT1A
5901,GOLT1B
5902,GON4L
5903,GOPC
5904,GORAB
5905,GORASP1
5906,GORASP2
5907,GOSR1
5908,GOSR2
5909,GOT1
5910,GOT1L1
5911,GOT2
5912,GP1BA
5913,GP2
5914,GP5
5915,GP9
5916,GPA33
5917,GPAA1
5918,GPALPP1
5919,GPAM
5920,GPAT2
5921,GPAT3
5922,GPAT4
5923,GPATCH1
5924,GPATCH11
5925,GPATCH2
5926,GPATCH2L
5927,GPATCH3
5928,GPATCH4
5929,GPATCH8
5930,GPBAR1
5931,GPBP1
5932,GPBP1L1
5933,GPC1
5934,GPC2
5935,GPC3
5936,GPC4
5937,GPC5
5938,GPC5-AS1
5939,GPC6
5940,GPCPD1
5941,GPD1
5942,GPD1L
5943,GPD2
5944,GPER1
5945,GPHA2
5946,GPHN
5947,GPI
5948,GPIHBP1
5949,GPKOW
5950,GPLD1
5951,GPM6A
5952,GPM6B
5953,GPN1
5954,GPN2
5955,GPN3
5956,GPNMB
5957,GPR107
5958,GPR108
5959,GPR12
5960,GPR132
5961,GPR135
5962,GPR137
5963,GPR137B
5964,GPR137C
5965,GPR141
5966,GPR142
5967,GPR143
5968,GPR146
5969,GPR149
5970,GPR15
5971,GPR150
5972,GPR152
5973,GPR153
5974,GPR155
5975,GPR156
5976,GPR157
5977,GPR158
5978,GPR158-AS1
5979,GPR160
5980,GPR161
5981,GPR162
5982,GPR17
5983,GPR171
5984,GPR173
5985,GPR174
5986,GPR176
5987,GPR179
5988,GPR18
5989,GPR180
5990,GPR183
5991,GPR19
5992,GPR21
5993,GPR25
5994,GPR26
5995,GPR27
5996,GPR3
5997,GPR31
5998,GPR34
5999,GPR35
6000,GPR37
6001,GPR37L1
6002,GPR39
6003,GPR4
6004,GPR42
6005,GPR50
6006,GPR50-AS1
6007,GPR52
6008,GPR55
6009,GPR6
6010,GPR61
6011,GPR62
6012,GPR63
6013,GPR65
6014,GPR68
6015,GPR75
6016,GPR78
6017,GPR82
6018,GPR83
6019,GPR84
6020,GPR85
6021,GPR87
6022,GPR88
6023,GPR89A
6024,GPR89B
6025,GPRASP1
6026,GPRASP2
6027,GPRC5A
6028,GPRC5B
6029,GPRC5D
6030,GPRC6A
6031,GPRIN1
6032,GPRIN2
6033,GPRIN3
6034,GPS1
6035,GPSM1
6036,GPSM2
6037,GPT
6038,GPT2
6039,GPX1
6040,GPX2
6041,GPX3
6042,GPX4
6043,GPX7
6044,GPX8
6045,GRAMD1A
6046,GRAMD1B
6047,GRAMD1C
6048,GRAMD4
6049,GRAP
6050,GRAP2
6051,GRAPL
6052,GRB10
6053,GRB14
6054,GRB2
6055,GRB7
6056,GREB1
6057,GREB1L
6058,GREM2
6059,GRHL1
6060,GRHL2
6061,GRHL3
6062,GRHPR
6063,GRIA1
6064,GRIA2
6065,GRIA3
6066,GRIA4
6067,GRID1
6068,GRID2
6069,GRID2IP
6070,GRIK1
6071,GRIK2
6072,GRIK3
6073,GRIK4
6074,GRIK5
6075,GRIN1
6076,GRIN2A
6077,GRIN2B
6078,GRIN2C
6079,GRIN2D
6080,GRIN3A
6081,GRIN3B
6082,GRINA
6083,GRIP1
6084,GRIP2
6085,GRK4
6086,GRK5
6087,GRK6
6088,GRK7
6089,GRM1
6090,GRM2
6091,GRM3
6092,GRM4
6093,GRM5
6094,GRM5-AS1
6095,GRM6
6096,GRM7
6097,GRM7-AS1
6098,GRM7-AS3
6099,GRM8
6100,GRN
6101,GRP
6102,GRPEL1
6103,GRPEL2
6104,GRPR
6105,GRSF1
6106,GRTP1
6107,GRTP1-AS1
6108,GRWD1
6109,GRXCR1
6110,GS1-204I12.4
6111,GS1-24F4.2
6112,GSAP
6113,GSC
6114,GSDMA
6115,GSDMB
6116,GSDMD
6117,GSE1
6118,GSG1
6119,GSG1L
6120,GSK3A
6121,GSK3B
6122,GSKIP
6123,GSN
6124,GSN-AS1
6125,GSPT1
6126,GSPT2
6127,GSR
6128,GSS
6129,GSTA1
6130,GSTA2
6131,GSTA3
6132,GSTA4
6133,GSTA5
6134,GSTCD
6135,GSTK1
6136,GSTM1
6137,GSTM2
6138,GSTM3
6139,GSTM4
6140,GSTM5
6141,GSTO1
6142,GSTO2
6143,GSTP1
6144,GSTZ1
6145,GSX1
6146,GSX2
6147,GTF2A1
6148,GTF2A1L
6149,GTF2A2
6150,GTF2B
6151,GTF2E1
6152,GTF2E2
6153,GTF2F1
6154,GTF2F2
6155,GTF2H2C
6156,GTF2H3
6157,GTF2H5
6158,GTF2I
6159,GTF2IRD1
6160,GTF2IRD2
6161,GTF2IRD2B
6162,GTF3A
6163,GTF3C1
6164,GTF3C2
6165,GTF3C2-AS1
6166,GTF3C3
6167,GTF3C4
6168,GTF3C5
6169,GTF3C6
6170,GTPBP1
6171,GTPBP10
6172,GTPBP2
6173,GTPBP3
6174,GTPBP4
6175,GTPBP8
6176,GTSCR1
6177,GTSE1
6178,GTSF1
6179,GTSF1L
6180,GUCA1A
6181,GUCA1B
6182,GUCA1C
6183,GUCA2A
6184,GUCA2B
6185,GUCD1
6186,GUCY1A2
6187,GUCY2C
6188,GUCY2D
6189,GUCY2F
6190,GUF1
6191,GUK1
6192,GULP1
6193,GUSB
6194,GXYLT1
6195,GXYLT2
6196,GYG1
6197,GYG2
6198,GYPA
6199,GYPB
6200,GYPC
6201,GYPE
6202,GYS1
6203,GYS2
6204,GZF1
6205,GZMA
6206,GZMB
6207,GZMH
6208,GZMK
6209,GZMM
6210,H6PD
6211,HAAO
6212,HABP2
6213,HABP4
6214,HACD1
6215,HACD2
6216,HACD3
6217,HACD4
6218,HACE1
6219,HACL1
6220,HADH
6221,HADHA
6222,HADHB
6223,HAGH
6224,HAGHL
6225,HAGLR
6226,HAL
6227,HAMP
6228,HAND1
6229,HAND2
6230,HAND2-AS1
6231,HAO1
6232,HAO2
6233,HAP1
6234,HAPLN1
6235,HAPLN3
6236,HAPLN4
6237,HAR1B
6238,HARBI1
6239,HARS2
6240,HAS1
6241,HAS2
6242,HAS2-AS1
6243,HAS3
6244,HAUS1
6245,HAUS2
6246,HAUS3
6247,HAUS4
6248,HAUS5
6249,HAUS6
6250,HAUS7
6251,HAUS8
6252,HAVCR1
6253,HAVCR2
6254,HAX1
6255,HBA1
6256,HBA2
6257,HBB
6258,HBE1
6259,HBEGF
6260,HBG1
6261,HBG2
6262,HBM
6263,HBP1
6264,HBQ1
6265,HBS1L
6266,HBZ
6267,HCAR1
6268,HCAR2
6269,HCAR3
6270,HCCAT5
6271,HCCS
6272,HCFC1
6273,HCFC1-AS1
6274,HCFC1R1
6275,HCFC2
6276,HCG18
6277,HCK
6278,HCLS1
6279,HCN1
6280,HCN2
6281,HCN3
6282,HCN4
6283,HCP5B
6284,HCRT
6285,HCRTR1
6286,HCRTR2
6287,HCST
6288,HDAC1
6289,HDAC10
6290,HDAC11
6291,HDAC11-AS1
6292,HDAC2
6293,HDAC3
6294,HDAC4
6295,HDAC5
6296,HDAC6
6297,HDAC7
6298,HDAC8
6299,HDAC9
6300,HDC
6301,HDDC2
6302,HDDC3
6303,HDGF
6304,HDGFL1
6305,HDHD2
6306,HDHD3
6307,HDLBP
6308,HDX
6309,HEATR1
6310,HEATR3
6311,HEATR4
6312,HEATR5A
6313,HEATR5B
6314,HEATR6
6315,HEBP1
6316,HEBP2
6317,HECA
6318,HECTD1
6319,HECTD2
6320,HECTD3
6321,HECTD4
6322,HECW1
6323,HECW2
6324,HEG1
6325,HELB
6326,HELLS
6327,HELQ
6328,HELT
6329,HELZ
6330,HELZ2
6331,HEMGN
6332,HEMK1
6333,HENMT1
6334,HEPACAM
6335,HEPACAM2
6336,HEPH
6337,HEPHL1
6338,HEPN1
6339,HERC1
6340,HERC4
6341,HERC5
6342,HERC6
6343,HERPUD1
6344,HERPUD2
6345,HES1
6346,HES2
6347,HES4
6348,HES5
6349,HES6
6350,HES7
6351,HESX1
6352,HEXA
6353,HEXA-AS1
6354,HEXB
6355,HEXIM1
6356,HEXIM2
6357,HEY1
6358,HEY2
6359,HEYL
6360,HFE
6361,HFM1
6362,HGD
6363,HGF
6364,HGFAC
6365,HGH1
6366,HGS
6367,HGSNAT
6368,HHAT
6369,HHATL
6370,HHATL-AS1
6371,HHEX
6372,HHIP
6373,HHIP-AS1
6374,HHIPL1
6375,HHIPL2
6376,HHLA1
6377,HHLA2
6378,HIBADH
6379,HIBCH
6380,HIC1
6381,HIC2
6382,HID1
6383,HID1-AS1
6384,HIF1A
6385,HIF1AN
6386,HIF3A
6387,HIGD1A
6388,HIGD1B
6389,HIGD1C
6390,HIGD2A
6391,HIGD2B
6392,HILPDA
6393,HINFP
6394,HINT1
6395,HINT2
6396,HINT3
6397,HIP1
6398,HIP1R
6399,HIPK1
6400,HIPK1-AS1
6401,HIPK2
6402,HIPK3
6403,HIPK4
6404,HIRA
6405,HIRIP3
6406,HIVEP1
6407,HIVEP2
6408,HIVEP3
6409,HJURP
6410,HK1
6411,HK2
6412,HK3
6413,HKDC1
6414,HLA-C
6415,HLA-DMB
6416,HLA-DQA1
6417,HLA-DRA
6418,HLA-DRB5
6419,HLA-E
6420,HLCS
6421,HLF
6422,HLTF
6423,HLX
6424,HLX-AS1
6425,HM13
6426,HM13-AS1
6427,HMBOX1
6428,HMBS
6429,HMCES
6430,HMCN1
6431,HMCN2
6432,HMG20A
6433,HMG20B
6434,HMGA1
6435,HMGA2
6436,HMGB1
6437,HMGB2
6438,HMGB3
6439,HMGB4
6440,HMGCL
6441,HMGCLL1
6442,HMGCR
6443,HMGCS1
6444,HMGCS2
6445,HMGN1
6446,HMGN2
6447,HMGN3
6448,HMGN3-AS1
6449,HMGN5
6450,HMGXB3
6451,HMGXB4
6452,HMHB1
6453,HMMR
6454,HMOX1
6455,HMOX2
6456,HMSD
6457,HMX1
6458,HMX2
6459,HMX3
6460,HNF1A
6461,HNF1B
6462,HNF4A
6463,HNF4A-AS1
6464,HNF4G
6465,HNMT
6466,HNRNPA0
6467,HNRNPA1
6468,HNRNPA1L2
6469,HNRNPA2B1
6470,HNRNPA3
6471,HNRNPAB
6472,HNRNPC
6473,HNRNPCL3
6474,HNRNPD
6475,HNRNPDL
6476,HNRNPF
6477,HNRNPH2
6478,HNRNPH3
6479,HNRNPK
6480,HNRNPLL
6481,HNRNPM
6482,HNRNPU
6483,HNRNPUL1
6484,HNRNPUL2
6485,HNRNPUL2-BSCL2
6486,HOGA1
6487,HOMER1
6488,HOMER2
6489,HOMER3
6490,HOOK1
6491,HOOK2
6492,HOOK3
6493,HOPX
6494,HORMAD1
6495,HORMAD2
6496,HORMAD2-AS1
6497,HOTAIR
6498,HOTAIRM1
6499,HOXA-AS3
6500,HOXA1
6501,HOXA10
6502,HOXA10-AS
6503,HOXA11
6504,HOXA11-AS
6505,HOXA13
6506,HOXA2
6507,HOXA3
6508,HOXA4
6509,HOXA5
6510,HOXA6
6511,HOXA7
6512,HOXA9
6513,HOXB-AS1
6514,HOXB-AS3
6515,HOXB-AS4
6516,HOXB1
6517,HOXB13
6518,HOXB2
6519,HOXB3
6520,HOXB4
6521,HOXB5
6522,HOXB6
6523,HOXB7
6524,HOXB8
6525,HOXB9
6526,HOXC-AS1
6527,HOXC10
6528,HOXC11
6529,HOXC12
6530,HOXC13
6531,HOXC13-AS
6532,HOXC4
6533,HOXC5
6534,HOXC6
6535,HOXC8
6536,HOXC9
6537,HOXD1
6538,HOXD10
6539,HOXD11
6540,HOXD13
6541,HOXD3
6542,HOXD4
6543,HOXD8
6544,HOXD9
6545,HP
6546,HP1BP3
6547,HPCA
6548,HPCAL1
6549,HPCAL4
6550,HPD
6551,HPDL
6552,HPGD
6553,HPGDS
6554,HPN
6555,HPN-AS1
6556,HPR
6557,HPRT1
6558,HPS1
6559,HPS3
6560,HPS4
6561,HPS5
6562,HPS6
6563,HPSE
6564,HPSE2
6565,HPX
6566,HR
6567,HRAT17
6568,HRC
6569,HRCT1
6570,HRG
6571,HRH1
6572,HRH2
6573,HRH3
6574,HRH4
6575,HRK
6576,HRNR
6577,HS1BP3
6578,HS2ST1
6579,HS3ST1
6580,HS3ST2
6581,HS3ST3A1
6582,HS3ST3B1
6583,HS3ST4
6584,HS3ST5
6585,HS6ST1
6586,HS6ST2
6587,HS6ST3
6588,HSBP1
6589,HSBP1L1
6590,HSCB
6591,HSD11B1
6592,HSD11B1L
6593,HSD11B2
6594,HSD17B1
6595,HSD17B10
6596,HSD17B11
6597,HSD17B12
6598,HSD17B13
6599,HSD17B14
6600,HSD17B2
6601,HSD17B3
6602,HSD17B4
6603,HSD17B6
6604,HSD17B7
6605,HSD3B1
6606,HSD3B2
6607,HSD3B7
6608,HSDL1
6609,HSDL2
6610,HSF2
6611,HSF2BP
6612,HSF4
6613,HSF5
6614,HSFX1
6615,HSFY2
6616,HSH2D
6617,HSP90AA1
6618,HSP90AB1
6619,HSP90B1
6620,HSPA12A
6621,HSPA12B
6622,HSPA13
6623,HSPA14
6624,HSPA2
6625,HSPA4
6626,HSPA4L
6627,HSPA5
6628,HSPA6
6629,HSPA8
6630,HSPA9
6631,HSPB1
6632,HSPB2
6633,HSPB2-C11orf52
6634,HSPB3
6635,HSPB6
6636,HSPB7
6637,HSPB8
6638,HSPB9
6639,HSPBAP1
6640,HSPBP1
6641,HSPD1
6642,HSPE1
6643,HSPE1-MOB4
6644,HSPG2
6645,HSPH1
6646,HTATIP2
6647,HTATSF1
6648,HTN1
6649,HTR1B
6650,HTR1D
6651,HTR1E
6652,HTR1F
6653,HTR2A
6654,HTR2A-AS1
6655,HTR2B
6656,HTR2C
6657,HTR3A
6658,HTR3B
6659,HTR3C
6660,HTR3D
6661,HTR3E
6662,HTR3E-AS1
6663,HTR4
6664,HTR5A
6665,HTR6
6666,HTR7
6667,HTRA1
6668,HTRA2
6669,HTRA3
6670,HTRA4
6671,HTT
6672,HTT-AS
6673,HUNK
6674,HUS1
6675,HUS1B
6676,HUWE1
6677,HVCN1
6678,HYAL1
6679,HYAL2
6680,HYAL3
6681,HYAL4
6682,HYDIN
6683,HYI
6684,HYI-AS1
6685,HYKK
6686,HYLS1
6687,HYPK
6688,IAH1
6689,IAPP
6690,IARS2
6691,IBA57
6692,IBSP
6693,IBTK
6694,ICA1
6695,ICA1L
6696,ICAM1
6697,ICAM2
6698,ICAM3
6699,ICAM4
6700,ICAM5
6701,ICE1
6702,ICE2
6703,ICMT
6704,ICOS
6705,ICOSLG
6706,ID1
6707,ID2
6708,ID2-AS1
6709,ID3
6710,ID4
6711,IDE
6712,IDH1
6713,IDH1-AS1
6714,IDH2
6715,IDH3A
6716,IDH3B
6717,IDH3G
6718,IDI1
6719,IDI2
6720,IDI2-AS1
6721,IDNK
6722,IDO1
6723,IDO2
6724,IDS
6725,IDUA
6726,IER2
6727,IER3IP1
6728,IER5
6729,IER5L
6730,IFFO1
6731,IFFO2
6732,IFI16
6733,IFI27L2
6734,IFI30
6735,IFI35
6736,IFI44
6737,IFI44L
6738,IFI6
6739,IFIH1
6740,IFIT1
6741,IFIT1B
6742,IFIT2
6743,IFIT3
6744,IFIT5
6745,IFITM1
6746,IFITM10
6747,IFITM2
6748,IFITM3
6749,IFITM5
6750,IFNA1
6751,IFNA5
6752,IFNA6
6753,IFNAR1
6754,IFNAR2
6755,IFNB1
6756,IFNE
6757,IFNG
6758,IFNG-AS1
6759,IFNGR1
6760,IFNGR2
6761,IFNK
6762,IFNL2
6763,IFNL3
6764,IFNLR1
6765,IFNW1
6766,IFRD1
6767,IFRD2
6768,IFT122
6769,IFT140
6770,IFT172
6771,IFT20
6772,IFT22
6773,IFT27
6774,IFT43
6775,IFT46
6776,IFT52
6777,IFT57
6778,IFT74
6779,IFT74-AS1
6780,IFT80
6781,IFT81
6782,IFT88
6783,IGBP1
6784,IGDCC3
6785,IGDCC4
6786,IGF1
6787,IGF1R
6788,IGF2
6789,IGF2-AS
6790,IGF2BP1
6791,IGF2BP2
6792,IGF2BP2-AS1
6793,IGF2BP3
6794,IGF2R
6795,IGFALS
6796,IGFBP1
6797,IGFBP2
6798,IGFBP3
6799,IGFBP4
6800,IGFBP5
6801,IGFBP6
6802,IGFBP7
6803,IGFBP7-AS1
6804,IGFBPL1
6805,IGFL1
6806,IGFL2
6807,IGFL3
6808,IGFL4
6809,IGFLR1
6810,IGFN1
6811,IGHEP2
6812,IGHG3
6813,IGHMBP2
6814,IGHV1-18
6815,IGHV1-2
6816,IGHV1-24
6817,IGHV1-3
6818,IGHV1-46
6819,IGHV1-58
6820,IGHV1OR15-9
6821,IGHV1OR21-1
6822,IGHV2-70
6823,IGHV2OR16-5
6824,IGHV3-11
6825,IGHV3-13
6826,IGHV3-15
6827,IGHV3-21
6828,IGHV3-23
6829,IGHV3-30
6830,IGHV3-35
6831,IGHV3-41
6832,IGHV3-48
6833,IGHV3-66
6834,IGHV3-7
6835,IGHV3-73
6836,IGHV3-74
6837,IGHV3OR16-9
6838,IGHV4-28
6839,IGHV4-39
6840,IGHV4-4
6841,IGHV4-59
6842,IGHV4-61
6843,IGHV6-1
6844,IGHV7-81
6845,IGIP
6846,IGKC
6847,IGKV1-12
6848,IGKV1-13
6849,IGKV1-16
6850,IGKV1-17
6851,IGKV1-27
6852,IGKV1-33
6853,IGKV1-37
6854,IGKV1-39
6855,IGKV1-5
6856,IGKV1-6
6857,IGKV1-8
6858,IGKV1-9
6859,IGKV1D-12
6860,IGKV1D-13
6861,IGKV1D-16
6862,IGKV1D-17
6863,IGKV1D-33
6864,IGKV1D-37
6865,IGKV1D-39
6866,IGKV1D-43
6867,IGKV1D-8
6868,IGKV1OR-2
6869,IGKV2-10
6870,IGKV2-18
6871,IGKV2-19
6872,IGKV2-24
6873,IGKV2-26
6874,IGKV2-28
6875,IGKV2-29
6876,IGKV2-30
6877,IGKV2D-24
6878,IGKV2D-26
6879,IGKV2D-28
6880,IGKV2D-29
6881,IGKV2D-30
6882,IGKV3-11
6883,IGKV3-15
6884,IGKV3-20
6885,IGKV3-7
6886,IGKV3D-11
6887,IGKV3D-15
6888,IGKV3D-20
6889,IGKV4-1
6890,IGKV5-2
6891,IGKV6-21
6892,IGKV6D-21
6893,IGKV6D-41
6894,IGLC2
6895,IGLC3
6896,IGLC4
6897,IGLC5
6898,IGLC6
6899,IGLC7
6900,IGLCOR22-2
6901,IGLL1
6902,IGLL5
6903,IGLON5
6904,IGLV1-36
6905,IGLV1-47
6906,IGLV1-50
6907,IGLV1-51
6908,IGLV10-54
6909,IGLV11-55
6910,IGLV2-11
6911,IGLV2-14
6912,IGLV2-18
6913,IGLV2-23
6914,IGLV2-8
6915,IGLV3-10
6916,IGLV3-12
6917,IGLV3-16
6918,IGLV3-19
6919,IGLV3-21
6920,IGLV3-25
6921,IGLV3-27
6922,IGLV3-6
6923,IGLV3-9
6924,IGLV4-3
6925,IGLV4-60
6926,IGLV4-69
6927,IGLV5-37
6928,IGLV5-45
6929,IGLV5-48
6930,IGLV6-57
6931,IGLV7-46
6932,IGLV8-61
6933,IGLV9-49
6934,IGLVI-70
6935,IGSF1
6936,IGSF10
6937,IGSF11
6938,IGSF21
6939,IGSF22
6940,IGSF23
6941,IGSF3
6942,IGSF5
6943,IGSF6
6944,IGSF8
6945,IGSF9
6946,IGSF9B
6947,IHH
6948,IK
6949,IKBIP
6950,IKBKB
6951,IKBKE
6952,IKBKG
6953,IKZF1
6954,IKZF2
6955,IKZF3
6956,IKZF4
6957,IKZF5
6958,IL10
6959,IL10RA
6960,IL10RB
6961,IL11
6962,IL11RA
6963,IL12A
6964,IL12A-AS1
6965,IL12B
6966,IL12RB1
6967,IL12RB2
6968,IL13
6969,IL13RA1
6970,IL13RA2
6971,IL15
6972,IL15RA
6973,IL16
6974,IL17A
6975,IL17B
6976,IL17C
6977,IL17D
6978,IL17F
6979,IL17RA
6980,IL17RB
6981,IL17RC
6982,IL17RD
6983,IL17RE
6984,IL17REL
6985,IL18
6986,IL18BP
6987,IL18R1
6988,IL18RAP
6989,IL19
6990,IL1A
6991,IL1B
6992,IL1F10
6993,IL1R1
6994,IL1R2
6995,IL1RAP
6996,IL1RAPL1
6997,IL1RAPL2
6998,IL1RL1
6999,IL1RL2
7000,IL1RN
7001,IL2
7002,IL20
7003,IL20RA
7004,IL20RB
7005,IL21
7006,IL21-AS1
7007,IL21R
7008,IL21R-AS1
7009,IL22
7010,IL22RA1
7011,IL22RA2
7012,IL23A
7013,IL23R
7014,IL24
7015,IL25
7016,IL26
7017,IL27
7018,IL2RA
7019,IL2RB
7020,IL2RG
7021,IL3
7022,IL31
7023,IL31RA
7024,IL32
7025,IL33
7026,IL34
7027,IL36B
7028,IL36G
7029,IL36RN
7030,IL37
7031,IL4
7032,IL4I1
7033,IL4R
7034,IL5
7035,IL5RA
7036,IL6
7037,IL6R
7038,IL6ST
7039,IL7
7040,IL7R
7041,ILDR1
7042,ILDR2
7043,ILF2
7044,ILF3
7045,ILK
7046,ILKAP
7047,IMMP1L
7048,IMMP2L
7049,IMMT
7050,IMP3
7051,IMP4
7052,IMPA1
7053,IMPA2
7054,IMPACT
7055,IMPDH1
7056,IMPDH2
7057,IMPG1
7058,IMPG2
7059,INA
7060,INAFM1
7061,INAFM2
7062,INCA1
7063,INCENP
7064,INE2
7065,INF2
7066,ING1
7067,ING2
7068,ING3
7069,ING4
7070,ING5
7071,INHA
7072,INHBA
7073,INHBA-AS1
7074,INHBB
7075,INHBC
7076,INHBE
7077,INIP
7078,INMT
7079,INO80
7080,INO80B
7081,INO80B-WBP1
7082,INO80C
7083,INO80E
7084,INPP1
7085,INPP4A
7086,INPP4B
7087,INPP5A
7088,INPP5B
7089,INPP5D
7090,INPP5E
7091,INPP5F
7092,INPP5J
7093,INPP5K
7094,INPPL1
7095,INS-IGF2
7096,INSC
7097,INSIG1
7098,INSIG2
7099,INSL3
7100,INSL4
7101,INSL5
7102,INSL6
7103,INSM1
7104,INSM2
7105,INSR
7106,INSRR
7107,INTS1
7108,INTS10
7109,INTS12
7110,INTS2
7111,INTS4
7112,INTS5
7113,INTS6
7114,INTS6-AS1
7115,INTS7
7116,INTS8
7117,INTS9
7118,INTU
7119,INVS
7120,IP6K1
7121,IP6K2
7122,IP6K3
7123,IPCEF1
7124,IPMK
7125,IPO11
7126,IPO13
7127,IPO4
7128,IPO5
7129,IPO7
7130,IPO8
7131,IPO9
7132,IPO9-AS1
7133,IPP
7134,IPPK
7135,IQCA1-AS1
7136,IQCB1
7137,IQCC
7138,IQCE
7139,IQCF1
7140,IQCF3
7141,IQCF5
7142,IQCH
7143,IQCH-AS1
7144,IQCJ
7145,IQCJ-SCHIP1
7146,IQCK
7147,IQGAP1
7148,IQGAP2
7149,IQSEC1
7150,IQSEC2
7151,IQSEC3
7152,IQUB
7153,IRAK1
7154,IRAK1BP1
7155,IRAK2
7156,IRAK3
7157,IRAK4
7158,IREB2
7159,IRF1
7160,IRF2
7161,IRF2BP1
7162,IRF2BP2
7163,IRF2BPL
7164,IRF3
7165,IRF4
7166,IRF5
7167,IRF6
7168,IRF8
7169,IRGC
7170,IRGM
7171,IRGQ
7172,IRS1
7173,IRS2
7174,IRS4
7175,IRX1
7176,IRX2
7177,IRX3
7178,IRX4
7179,IRX5
7180,IRX6
7181,ISCA1
7182,ISCA2
7183,ISCU
7184,ISG15
7185,ISG20
7186,ISG20L2
7187,ISL1
7188,ISL2
7189,ISLR
7190,ISLR2
7191,ISM1
7192,ISM2
7193,ISOC1
7194,ISOC2
7195,IST1
7196,ISX
7197,ISY1
7198,ISYNA1
7199,ITCH
7200,ITFG1
7201,ITFG2
7202,ITGA1
7203,ITGA10
7204,ITGA11
7205,ITGA2
7206,ITGA2B
7207,ITGA3
7208,ITGA4
7209,ITGA5
7210,ITGA6
7211,ITGA7
7212,ITGA8
7213,ITGAD
7214,ITGAE
7215,ITGAL
7216,ITGAM
7217,ITGAV
7218,ITGAX
7219,ITGB1
7220,ITGB1BP1
7221,ITGB1BP2
7222,ITGB2
7223,ITGB2-AS1
7224,ITGB3
7225,ITGB3BP
7226,ITGB4
7227,ITGB5
7228,ITGB6
7229,ITGB7
7230,ITGB8
7231,ITGBL1
7232,ITIH1
7233,ITIH2
7234,ITIH3
7235,ITIH4
7236,ITIH4-AS1
7237,ITIH5
7238,ITIH6
7239,ITK
7240,ITLN1
7241,ITLN2
7242,ITM2A
7243,ITM2B
7244,ITM2C
7245,ITPA
7246,ITPK1
7247,ITPK1-AS1
7248,ITPKA
7249,ITPKB
7250,ITPKC
7251,ITPR1
7252,ITPR2
7253,ITPR3
7254,ITPRIP
7255,ITPRIPL1
7256,ITPRIPL2
7257,ITSN1
7258,ITSN2
7259,IVD
7260,IVL
7261,IVNS1ABP
7262,IWS1
7263,IYD
7264,IZUMO1
7265,IZUMO2
7266,IZUMO4
7267,JADE1
7268,JADE2
7269,JADE3
7270,JAG1
7271,JAG2
7272,JAGN1
7273,JAK1
7274,JAK2
7275,JAK3
7276,JAKMIP1
7277,JAKMIP2
7278,JAKMIP2-AS1
7279,JAKMIP3
7280,JAM2
7281,JAM3
7282,JAML
7283,JARID2
7284,JARID2-AS1
7285,JAZF1
7286,JCHAIN
7287,JDP2
7288,JKAMP
7289,JMJD1C
7290,JMJD1C-AS1
7291,JMJD4
7292,JMJD6
7293,JMJD7
7294,JMJD7-PLA2G4B
7295,JMJD8
7296,JMY
7297,JOSD1
7298,JOSD2
7299,JPH1
7300,JPH2
7301,JPH3
7302,JPH4
7303,JPX
7304,JRK
7305,JRKL
7306,JSRP1
7307,JTB
7308,JUN
7309,JUNB
7310,JUND
7311,JUP
7312,KAAG1
7313,KALRN
7314,KANK1
7315,KANK2
7316,KANK3
7317,KANK4
7318,KANSL1L
7319,KANSL2
7320,KANSL3
7321,KANTR
7322,KAT2A
7323,KAT2B
7324,KAT5
7325,KAT6A
7326,KAT7
7327,KAT8
7328,KATNA1
7329,KATNAL1
7330,KATNAL2
7331,KATNB1
7332,KATNBL1
7333,KAZALD1
7334,KAZN
7335,KBTBD11-OT1
7336,KBTBD12
7337,KBTBD2
7338,KBTBD3
7339,KBTBD4
7340,KBTBD6
7341,KBTBD7
7342,KBTBD8
7343,KC6
7344,KCMF1
7345,KCNA1
7346,KCNA2
7347,KCNA3
7348,KCNA4
7349,KCNA5
7350,KCNA7
7351,KCNAB1
7352,KCNAB1-AS1
7353,KCNAB1-AS2
7354,KCNAB2
7355,KCNAB3
7356,KCNB1
7357,KCNB2
7358,KCNC1
7359,KCNC2
7360,KCNC3
7361,KCNC4
7362,KCND1
7363,KCND2
7364,KCND3
7365,KCNE1
7366,KCNE2
7367,KCNE3
7368,KCNE4
7369,KCNE5
7370,KCNF1
7371,KCNG1
7372,KCNG2
7373,KCNG3
7374,KCNG4
7375,KCNH1
7376,KCNH2
7377,KCNH3
7378,KCNH4
7379,KCNH5
7380,KCNH6
7381,KCNH7
7382,KCNH8
7383,KCNIP1
7384,KCNIP2
7385,KCNIP2-AS1
7386,KCNIP3
7387,KCNIP4-IT1
7388,KCNJ1
7389,KCNJ10
7390,KCNJ11
7391,KCNJ12
7392,KCNJ13
7393,KCNJ14
7394,KCNJ15
7395,KCNJ16
7396,KCNJ18
7397,KCNJ2
7398,KCNJ2-AS1
7399,KCNJ3
7400,KCNJ4
7401,KCNJ5
7402,KCNJ6
7403,KCNJ8
7404,KCNJ9
7405,KCNK1
7406,KCNK10
7407,KCNK12
7408,KCNK13
7409,KCNK15
7410,KCNK16
7411,KCNK17
7412,KCNK2
7413,KCNK3
7414,KCNK4
7415,KCNK5
7416,KCNK6
7417,KCNK7
7418,KCNK9
7419,KCNMA1
7420,KCNMA1-AS1
7421,KCNMB1
7422,KCNMB2
7423,KCNMB3
7424,KCNMB4
7425,KCNN1
7426,KCNN2
7427,KCNN3
7428,KCNN4
7429,KCNQ1
7430,KCNQ1DN
7431,KCNQ1OT1
7432,KCNQ3
7433,KCNQ4
7434,KCNQ5
7435,KCNQ5-AS1
7436,KCNRG
7437,KCNS1
7438,KCNS2
7439,KCNS3
7440,KCNT1
7441,KCNT2
7442,KCNU1
7443,KCNV1
7444,KCNV2
7445,KCP
7446,KCTD1
7447,KCTD10
7448,KCTD12
7449,KCTD13
7450,KCTD14
7451,KCTD15
7452,KCTD16
7453,KCTD17
7454,KCTD18
7455,KCTD19
7456,KCTD2
7457,KCTD20
7458,KCTD21
7459,KCTD21-AS1
7460,KCTD3
7461,KCTD4
7462,KCTD5
7463,KCTD6
7464,KCTD7
7465,KCTD8
7466,KCTD9
7467,KDELR1
7468,KDELR2
7469,KDELR3
7470,KDF1
7471,KDM1A
7472,KDM1B
7473,KDM2A
7474,KDM2B
7475,KDM3A
7476,KDM3B
7477,KDM4A
7478,KDM4B
7479,KDM4C
7480,KDM4D
7481,KDM5A
7482,KDM5B
7483,KDM5C
7484,KDM5D
7485,KDM6A
7486,KDM6B
7487,KDM7A
7488,KDM8
7489,KDR
7490,KDSR
7491,KEAP1
7492,KERA
7493,KHDC1
7494,KHDC1L
7495,KHDC3L
7496,KHDRBS1
7497,KHDRBS2
7498,KHDRBS3
7499,KHK
7500,KHNYN
7501,KHSRP
7502,KIAA0040
7503,KIAA0087
7504,KIAA0232
7505,KIAA0319
7506,KIAA0319L
7507,KIAA0408
7508,KIAA0513
7509,KIAA0586
7510,KIAA0753
7511,KIAA0825
7512,KIAA0930
7513,KIAA1143
7514,KIAA1191
7515,KIAA1210
7516,KIAA1217
7517,KIAA1328
7518,KIAA1549
7519,KIAA1549L
7520,KIAA1586
7521,KIAA1614
7522,KIAA1614-AS1
7523,KIAA1671
7524,KIAA1755
7525,KIAA1958
7526,KIAA2012
7527,KIAA2013
7528,KIDINS220
7529,KIF11
7530,KIF12
7531,KIF13A
7532,KIF13B
7533,KIF14
7534,KIF16B
7535,KIF17
7536,KIF18A
7537,KIF18B
7538,KIF19
7539,KIF1A
7540,KIF1B
7541,KIF1C
7542,KIF20A
7543,KIF20B
7544,KIF21A
7545,KIF21B
7546,KIF22
7547,KIF23
7548,KIF24
7549,KIF25
7550,KIF25-AS1
7551,KIF26A
7552,KIF27
7553,KIF2A
7554,KIF2C
7555,KIF3A
7556,KIF3B
7557,KIF3C
7558,KIF4A
7559,KIF4B
7560,KIF5A
7561,KIF5B
7562,KIF6
7563,KIF7
7564,KIF9
7565,KIFAP3
7566,KIFC2
7567,KIFC3
7568,KIN
7569,KIRREL2
7570,KIRREL3
7571,KIRREL3-AS3
7572,KISS1
7573,KISS1R
7574,KIT
7575,KITLG
7576,KIZ
7577,KIZ-AS1
7578,KL
7579,KLB
7580,KLC1
7581,KLC2
7582,KLC3
7583,KLC4
7584,KLF1
7585,KLF10
7586,KLF11
7587,KLF12
7588,KLF14
7589,KLF15
7590,KLF16
7591,KLF17
7592,KLF2
7593,KLF3
7594,KLF4
7595,KLF5
7596,KLF6
7597,KLF7
7598,KLF8
7599,KLF9
7600,KLHDC1
7601,KLHDC10
7602,KLHDC2
7603,KLHDC3
7604,KLHDC4
7605,KLHDC7A
7606,KLHDC7B
7607,KLHDC8A
7608,KLHDC8B
7609,KLHDC9
7610,KLHL1
7611,KLHL10
7612,KLHL11
7613,KLHL12
7614,KLHL13
7615,KLHL14
7616,KLHL15
7617,KLHL17
7618,KLHL18
7619,KLHL2
7620,KLHL20
7621,KLHL21
7622,KLHL22
7623,KLHL23
7624,KLHL24
7625,KLHL25
7626,KLHL26
7627,KLHL28
7628,KLHL29
7629,KLHL3
7630,KLHL30
7631,KLHL31
7632,KLHL32
7633,KLHL34
7634,KLHL35
7635,KLHL36
7636,KLHL38
7637,KLHL4
7638,KLHL40
7639,KLHL41
7640,KLHL42
7641,KLHL5
7642,KLHL6
7643,KLHL6-AS1
7644,KLHL7
7645,KLHL8
7646,KLHL9
7647,KLK1
7648,KLK10
7649,KLK11
7650,KLK12
7651,KLK13
7652,KLK14
7653,KLK15
7654,KLK2
7655,KLK3
7656,KLK4
7657,KLK5
7658,KLK6
7659,KLK7
7660,KLK8
7661,KLKB1
7662,KLRB1
7663,KLRC1
7664,KLRC2
7665,KLRC3
7666,KLRC4
7667,KLRD1
7668,KLRF1
7669,KLRF2
7670,KLRG1
7671,KLRG2
7672,KLRK1
7673,KMO
7674,KMT2A
7675,KMT2B
7676,KMT2C
7677,KMT2D
7678,KMT2E
7679,KMT5A
7680,KMT5B
7681,KMT5C
7682,KNCN
7683,KNDC1
7684,KNG1
7685,KNOP1
7686,KNSTRN
7687,KNTC1
7688,KPNA1
7689,KPNA2
7690,KPNA3
7691,KPNA4
7692,KPNA5
7693,KPNA6
7694,KPNA7
7695,KPNB1
7696,KPTN
7697,KRAS
7698,KRCC1
7699,KREMEN1
7700,KREMEN2
7701,KRI1
7702,KRIT1
7703,KRR1
7704,KRT1
7705,KRT10
7706,KRT13
7707,KRT14
7708,KRT15
7709,KRT16
7710,KRT17
7711,KRT18
7712,KRT19
7713,KRT2
7714,KRT222
7715,KRT24
7716,KRT25
7717,KRT26
7718,KRT27
7719,KRT28
7720,KRT3
7721,KRT32
7722,KRT33B
7723,KRT35
7724,KRT36
7725,KRT39
7726,KRT4
7727,KRT40
7728,KRT5
7729,KRT6A
7730,KRT6B
7731,KRT6C
7732,KRT7
7733,KRT71
7734,KRT72
7735,KRT73
7736,KRT73-AS1
7737,KRT74
7738,KRT75
7739,KRT76
7740,KRT77
7741,KRT78
7742,KRT79
7743,KRT8
7744,KRT80
7745,KRT81
7746,KRT82
7747,KRT83
7748,KRT85
7749,KRT86
7750,KRT9
7751,KRTAP1-3
7752,KRTAP1-5
7753,KRTAP10-2
7754,KRTAP10-3
7755,KRTAP10-9
7756,KRTAP11-1
7757,KRTAP12-2
7758,KRTAP12-3
7759,KRTAP12-4
7760,KRTAP13-1
7761,KRTAP13-2
7762,KRTAP13-4
7763,KRTAP19-1
7764,KRTAP19-3
7765,KRTAP19-4
7766,KRTAP19-5
7767,KRTAP21-1
7768,KRTAP4-1
7769,KRTAP4-12
7770,KRTAP4-3
7771,KRTAP4-4
7772,KRTAP4-5
7773,KRTAP4-6
7774,KRTAP4-7
7775,KRTAP4-8
7776,KRTAP5-10
7777,KRTAP5-11
7778,KRTAP5-4
7779,KRTAP5-7
7780,KRTAP5-8
7781,KRTAP5-9
7782,KRTAP6-1
7783,KRTAP7-1
7784,KRTCAP2
7785,KRTCAP3
7786,KRTDAP
7787,KSR1
7788,KSR2
7789,KTI12
7790,KTN1
7791,KTN1-AS1
7792,KXD1
7793,KY
7794,KYNU
7795,L1CAM
7796,L1TD1
7797,L2HGDH
7798,L3HYPDH
7799,L3MBTL1
7800,L3MBTL2
7801,L3MBTL3
7802,L3MBTL4
7803,L3MBTL4-AS1
7804,LACC1
7805,LACRT
7806,LACTB
7807,LACTB2
7808,LACTB2-AS1
7809,LAD1
7810,LAG3
7811,LAGE3
7812,LAIR2
7813,LALBA
7814,LAMA1
7815,LAMA2
7816,LAMA3
7817,LAMA4
7818,LAMA5
7819,LAMA5-AS1
7820,LAMB1
7821,LAMB2
7822,LAMB3
7823,LAMB4
7824,LAMC1
7825,LAMC2
7826,LAMC3
7827,LAMP1
7828,LAMP2
7829,LAMP3
7830,LAMP5
7831,LAMP5-AS1
7832,LAMTOR1
7833,LAMTOR2
7834,LAMTOR3
7835,LAMTOR4
7836,LAMTOR5
7837,LANCL1
7838,LANCL2
7839,LANCL3
7840,LAP3
7841,LAPTM4A
7842,LAPTM4B
7843,LAPTM5
7844,LARP1
7845,LARP1B
7846,LARP4
7847,LARP4B
7848,LARP6
7849,LARP7
7850,LARS2
7851,LAS1L
7852,LASP1
7853,LAT
7854,LAT2
7855,LATS1
7856,LATS2
7857,LAX1
7858,LAYN
7859,LBH
7860,LBHD1
7861,LBP
7862,LBR
7863,LBX1
7864,LBX2
7865,LBX2-AS1
7866,LCA5
7867,LCA5L
7868,LCAT
7869,LCE1A
7870,LCE1B
7871,LCE1C
7872,LCE1D
7873,LCE1E
7874,LCE3A
7875,LCE3D
7876,LCE5A
7877,LCK
7878,LCLAT1
7879,LCMT1
7880,LCMT1-AS1
7881,LCMT1-AS2
7882,LCMT2
7883,LCN1
7884,LCN10
7885,LCN12
7886,LCN15
7887,LCN2
7888,LCN6
7889,LCN8
7890,LCNL1
7891,LCOR
7892,LCORL
7893,LCP1
7894,LCP2
7895,LCT
7896,LCTL
7897,LDAH
7898,LDB1
7899,LDB2
7900,LDB3
7901,LDHA
7902,LDHAL6A
7903,LDHAL6B
7904,LDHB
7905,LDHC
7906,LDHD
7907,LDLR
7908,LDLRAD1
7909,LDLRAD2
7910,LDLRAD3
7911,LDLRAD4
7912,LDLRAD4-AS1
7913,LDLRAP1
7914,LDOC1
7915,LEAP2
7916,LECT2
7917,LEF1
7918,LEFTY1
7919,LEFTY2
7920,LEKR1
7921,LELP1
7922,LEMD1
7923,LEMD1-AS1
7924,LEMD2
7925,LEMD3
7926,LENEP
7927,LENG8-AS1
7928,LEO1
7929,LEP
7930,LEPR
7931,LEPROT
7932,LEPROTL1
7933,LETM1
7934,LETM2
7935,LETMD1
7936,LFNG
7937,LGALS1
7938,LGALS12
7939,LGALS13
7940,LGALS14
7941,LGALS16
7942,LGALS2
7943,LGALS3
7944,LGALS3BP
7945,LGALS7
7946,LGALS7B
7947,LGALS8
7948,LGALS8-AS1
7949,LGALS9
7950,LGALS9B
7951,LGALS9C
7952,LGALSL
7953,LGI1
7954,LGI2
7955,LGI3
7956,LGI4
7957,LGMN
7958,LGR4
7959,LGR5
7960,LGR6
7961,LGSN
7962,LHB
7963,LHCGR
7964,LHFPL1
7965,LHFPL2
7966,LHFPL3
7967,LHFPL4
7968,LHFPL5
7969,LHPP
7970,LHX2
7971,LHX3
7972,LHX4
7973,LHX5
7974,LHX6
7975,LHX8
7976,LHX9
7977,LIAS
7978,LIF
7979,LIFR
7980,LIFR-AS1
7981,LIG1
7982,LIG3
7983,LIG4
7984,LILRA4
7985,LIM2
7986,LIMA1
7987,LIMCH1
7988,LIMD1
7989,LIMD2
7990,LIME1
7991,LIMK1
7992,LIMK2
7993,LIMS1
7994,LIMS1-AS1
7995,LIMS2
7996,LIMS3
7997,LIN28A
7998,LIN28B
7999,LIN37
8000,LIN52
8001,LIN54
8002,LIN7A
8003,LIN7B
8004,LIN7C
8005,LIN9
8006,LINC-PINT
8007,LINC-ROR
8008,LINC00028
8009,LINC00052
8010,LINC00092
8011,LINC00113
8012,LINC00114
8013,LINC00158
8014,LINC00160
8015,LINC00161
8016,LINC00163
8017,LINC00165
8018,LINC00174
8019,LINC00184
8020,LINC00200
8021,LINC00205
8022,LINC00208
8023,LINC00216
8024,LINC00221
8025,LINC00222
8026,LINC00237
8027,LINC00239
8028,LINC00240
8029,LINC00251
8030,LINC00261
8031,LINC00269
8032,LINC00276
8033,LINC00278
8034,LINC00294
8035,LINC00297
8036,LINC00299
8037,LINC00301
8038,LINC00303
8039,LINC00304
8040,LINC00305
8041,LINC00307
8042,LINC00308
8043,LINC00309
8044,LINC00310
8045,LINC00311
8046,LINC00316
8047,LINC00320
8048,LINC00323
8049,LINC00324
8050,LINC00326
8051,LINC00327
8052,LINC00330
8053,LINC00334
8054,LINC00336
8055,LINC00339
8056,LINC00345
8057,LINC00347
8058,LINC00348
8059,LINC00349
8060,LINC00351
8061,LINC00354
8062,LINC00355
8063,LINC00364
8064,LINC00365
8065,LINC00374
8066,LINC00379
8067,LINC00383
8068,LINC00385
8069,LINC00393
8070,LINC00396
8071,LINC00402
8072,LINC00410
8073,LINC00426
8074,LINC00427
8075,LINC00434
8076,LINC00445
8077,LINC00448
8078,LINC00452
8079,LINC00457
8080,LINC00458
8081,LINC00460
8082,LINC00462
8083,LINC00463
8084,LINC00467
8085,LINC00469
8086,LINC00471
8087,LINC00472
8088,LINC00477
8089,LINC00479
8090,LINC00484
8091,LINC00485
8092,LINC00486
8093,LINC00487
8094,LINC00488
8095,LINC00491
8096,LINC00492
8097,LINC00494
8098,LINC00501
8099,LINC00504
8100,LINC00506
8101,LINC00507
8102,LINC00511
8103,LINC00517
8104,LINC00520
8105,LINC00523
8106,LINC00525
8107,LINC00528
8108,LINC00536
8109,LINC00538
8110,LINC00539
8111,LINC00540
8112,LINC00543
8113,LINC00547
8114,LINC00550
8115,LINC00554
8116,LINC00560
8117,LINC00562
8118,LINC00563
8119,LINC00564
8120,LINC00566
8121,LINC00567
8122,LINC00570
8123,LINC00571
8124,LINC00572
8125,LINC00575
8126,LINC00578
8127,LINC00581
8128,LINC00589
8129,LINC00592
8130,LINC00598
8131,LINC00601
8132,LINC00602
8133,LINC00604
8134,LINC00605
8135,LINC00606
8136,LINC00607
8137,LINC00609
8138,LINC00615
8139,LINC00616
8140,LINC00620
8141,LINC00624
8142,LINC00626
8143,LINC00628
8144,LINC00629
8145,LINC00632
8146,LINC00635
8147,LINC00636
8148,LINC00639
8149,LINC00640
8150,LINC00642
8151,LINC00645
8152,LINC00648
8153,LINC00649
8154,LINC00652
8155,LINC00654
8156,LINC00656
8157,LINC00658
8158,LINC00662
8159,LINC00664
8160,LINC00665
8161,LINC00667
8162,LINC00668
8163,LINC00670
8164,LINC00671
8165,LINC00678
8166,LINC00682
8167,LINC00687
8168,LINC00690
8169,LINC00691
8170,LINC00698
8171,LINC00703
8172,LINC00705
8173,LINC00706
8174,LINC00707
8175,LINC00836
8176,LINC00838
8177,LINC00839
8178,LINC00840
8179,LINC00841
8180,LINC00845
8181,LINC00847
8182,LINC00850
8183,LINC00852
8184,LINC00853
8185,LINC00857
8186,LINC00858
8187,LINC00861
8188,LINC00862
8189,LINC00863
8190,LINC00865
8191,LINC00867
8192,LINC00868
8193,LINC00869
8194,LINC00870
8195,LINC00871
8196,LINC00877
8197,LINC00880
8198,LINC00881
8199,LINC00885
8200,LINC00886
8201,LINC00891
8202,LINC00896
8203,LINC00898
8204,LINC00901
8205,LINC00906
8206,LINC00907
8207,LINC00908
8208,LINC00911
8209,LINC00917
8210,LINC00919
8211,LINC00921
8212,LINC00922
8213,LINC00923
8214,LINC00924
8215,LINC00926
8216,LINC00927
8217,LINC00929
8218,LINC00934
8219,LINC00937
8220,LINC00939
8221,LINC00942
8222,LINC00943
8223,LINC00951
8224,LINC00954
8225,LINC00957
8226,LINC00958
8227,LINC00960
8228,LINC00964
8229,LINC00967
8230,LINC00968
8231,LINC00971
8232,LINC00972
8233,LINC00973
8234,LINC00987
8235,LINC00989
8236,LINC00994
8237,LINC00996
8238,LINC01003
8239,LINC01005
8240,LINC01007
8241,LINC01010
8242,LINC01011
8243,LINC01012
8244,LINC01013
8245,LINC01016
8246,LINC01019
8247,LINC01028
8248,LINC01031
8249,LINC01036
8250,LINC01047
8251,LINC01048
8252,LINC01068
8253,LINC01070
8254,LINC01072
8255,LINC01082
8256,LINC01087
8257,LINC01089
8258,LINC01090
8259,LINC01091
8260,LINC01093
8261,LINC01095
8262,LINC01097
8263,LINC01098
8264,LINC01099
8265,LINC01100
8266,LINC01102
8267,LINC01104
8268,LINC01106
8269,LINC01107
8270,LINC01108
8271,LINC01111
8272,LINC01116
8273,LINC01117
8274,LINC01118
8275,LINC01123
8276,LINC01124
8277,LINC01126
8278,LINC01132
8279,LINC01133
8280,LINC01134
8281,LINC01138
8282,LINC01139
8283,LINC01140
8284,LINC01142
8285,LINC01143
8286,LINC01144
8287,LINC01152
8288,LINC01153
8289,LINC01162
8290,LINC01163
8291,LINC01166
8292,LINC01168
8293,LINC01169
8294,LINC01176
8295,LINC01179
8296,LINC01180
8297,LINC01182
8298,LINC01191
8299,LINC01194
8300,LINC01198
8301,LINC01203
8302,LINC01204
8303,LINC01205
8304,LINC01206
8305,LINC01209
8306,LINC01214
8307,LINC01215
8308,LINC01221
8309,LINC01224
8310,LINC01227
8311,LINC01228
8312,LINC01233
8313,LINC01234
8314,LINC01235
8315,LINC01239
8316,LINC01241
8317,LINC01243
8318,LINC01247
8319,LINC01249
8320,LINC01250
8321,LINC01252
8322,LINC01254
8323,LINC01257
8324,LINC01258
8325,LINC01259
8326,LINC01260
8327,LINC01262
8328,LINC01264
8329,LINC01265
8330,LINC01266
8331,LINC01267
8332,LINC01270
8333,LINC01271
8334,LINC01273
8335,LINC01276
8336,LINC01280
8337,LINC01281
8338,LINC01282
8339,LINC01284
8340,LINC01285
8341,LINC01287
8342,LINC01289
8343,LINC01290
8344,LINC01291
8345,LINC01299
8346,LINC01300
8347,LINC01304
8348,LINC01305
8349,LINC01307
8350,LINC01310
8351,LINC01315
8352,LINC01317
8353,LINC01318
8354,LINC01322
8355,LINC01331
8356,LINC01337
8357,LINC01340
8358,LINC01342
8359,LINC01348
8360,LINC01350
8361,LINC01352
8362,LINC01353
8363,LINC01354
8364,LINC01356
8365,LINC01360
8366,LINC01361
8367,LINC01362
8368,LINC01363
8369,LINC01364
8370,LINC01376
8371,LINC01381
8372,LINC01391
8373,LINC01392
8374,LINC01393
8375,LINC01395
8376,LINC01396
8377,LINC01397
8378,LINC01410
8379,LINC01411
8380,LINC01413
8381,LINC01416
8382,LINC01419
8383,LINC01425
8384,LINC01426
8385,LINC01427
8386,LINC01429
8387,LINC01431
8388,LINC01433
8389,LINC01435
8390,LINC01436
8391,LINC01441
8392,LINC01443
8393,LINC01444
8394,LINC01445
8395,LINC01446
8396,LINC01447
8397,LINC01448
8398,LINC01449
8399,LINC01451
8400,LINC01455
8401,LINC01456
8402,LINC01460
8403,LINC01465
8404,LINC01467
8405,LINC01470
8406,LINC01471
8407,LINC01477
8408,LINC01478
8409,LINC01479
8410,LINC01480
8411,LINC01482
8412,LINC01484
8413,LINC01485
8414,LINC01487
8415,LINC01490
8416,LINC01492
8417,LINC01498
8418,LINC01500
8419,LINC01501
8420,LINC01502
8421,LINC01503
8422,LINC01504
8423,LINC01505
8424,LINC01506
8425,LINC01508
8426,LINC01511
8427,LINC01514
8428,LINC01516
8429,LINC01518
8430,LINC01519
8431,LINC01523
8432,LINC01524
8433,LINC01525
8434,LINC01526
8435,LINC01527
8436,LINC01531
8437,LINC01535
8438,LINC01537
8439,LINC01539
8440,LINC01541
8441,LINC01547
8442,LINC01549
8443,LINC01550
8444,LINC01551
8445,LINC01553
8446,LINC01554
8447,LINC01555
8448,LINC01558
8449,LINC01559
8450,LINC01561
8451,LINC01562
8452,LINC01563
8453,LINC01564
8454,LINC01565
8455,LINC01567
8456,LINC01569
8457,LINC01572
8458,LINC01574
8459,LINC01580
8460,LINC01583
8461,LINC01586
8462,LINC01588
8463,LINC01589
8464,LINC01591
8465,LINC01592
8466,LINC01600
8467,LINC01602
8468,LINC01603
8469,LINC01605
8470,LINC01606
8471,LINC01607
8472,LINC01608
8473,LINC01609
8474,LINC01611
8475,LINC01612
8476,LINC01614
8477,LINC01616
8478,LINC01620
8479,LINC01625
8480,LINC01629
8481,LINGO1
8482,LINGO1-AS1
8483,LINGO2
8484,LINGO3
8485,LINGO4
8486,LINS1
8487,LIPA
8488,LIPC
8489,LIPE
8490,LIPE-AS1
8491,LIPF
8492,LIPG
8493,LIPH
8494,LIPI
8495,LIPJ
8496,LIPK
8497,LIPM
8498,LIPN
8499,LIPT1
8500,LIPT2
8501,LITAF
8502,LIX1
8503,LIX1L
8504,LKAAEAR1
8505,LL0XNC01-250H12.3
8506,LL22NC01-81G9.3
8507,LL22NC03-63E9.3
8508,LLGL1
8509,LLGL2
8510,LLPH
8511,LMAN1
8512,LMAN1L
8513,LMAN2
8514,LMAN2L
8515,LMBR1
8516,LMBR1L
8517,LMBRD1
8518,LMBRD2
8519,LMCD1
8520,LMF1
8521,LMF1-AS1
8522,LMF2
8523,LMLN
8524,LMLN-AS1
8525,LMNA
8526,LMNB1
8527,LMNB2
8528,LMNTD1
8529,LMO1
8530,LMO2
8531,LMO3
8532,LMO4
8533,LMO7
8534,LMO7-AS1
8535,LMO7DN
8536,LMOD1
8537,LMOD2
8538,LMOD3
8539,LMTK2
8540,LMTK3
8541,LMX1A
8542,LMX1B
8543,LNP1
8544,LNPEP
8545,LNX1
8546,LNX1-AS1
8547,LNX2
8548,LOH12CR2
8549,LONP1
8550,LONP2
8551,LONRF2
8552,LONRF3
8553,LOX
8554,LOXHD1
8555,LOXL1
8556,LOXL1-AS1
8557,LOXL2
8558,LOXL3
8559,LOXL4
8560,LPA
8561,LPAR1
8562,LPAR2
8563,LPAR3
8564,LPAR4
8565,LPAR5
8566,LPAR6
8567,LPCAT1
8568,LPCAT2
8569,LPCAT3
8570,LPCAT4
8571,LPGAT1
8572,LPIN1
8573,LPIN2
8574,LPIN3
8575,LPL
8576,LPO
8577,LPP
8578,LPP-AS2
8579,LPXN
8580,LRAT
8581,LRBA
8582,LRCH1
8583,LRCH2
8584,LRCH3
8585,LRCH4
8586,LRCOL1
8587,LRFN1
8588,LRFN2
8589,LRFN3
8590,LRFN4
8591,LRFN5
8592,LRG1
8593,LRGUK
8594,LRIF1
8595,LRIG1
8596,LRIG2
8597,LRIG3
8598,LRIT3
8599,LRP1
8600,LRP1-AS
8601,LRP10
8602,LRP11
8603,LRP12
8604,LRP1B
8605,LRP2
8606,LRP2BP
8607,LRP3
8608,LRP4
8609,LRP4-AS1
8610,LRP5
8611,LRP6
8612,LRP8
8613,LRPAP1
8614,LRPPRC
8615,LRR1
8616,LRRC1
8617,LRRC10
8618,LRRC10B
8619,LRRC14
8620,LRRC14B
8621,LRRC15
8622,LRRC17
8623,LRRC18
8624,LRRC19
8625,LRRC2
8626,LRRC2-AS1
8627,LRRC20
8628,LRRC23
8629,LRRC24
8630,LRRC25
8631,LRRC26
8632,LRRC27
8633,LRRC28
8634,LRRC3
8635,LRRC31
8636,LRRC32
8637,LRRC34
8638,LRRC36
8639,LRRC37A3
8640,LRRC37B
8641,LRRC38
8642,LRRC39
8643,LRRC3B
8644,LRRC4
8645,LRRC40
8646,LRRC41
8647,LRRC42
8648,LRRC43
8649,LRRC45
8650,LRRC46
8651,LRRC47
8652,LRRC49
8653,LRRC4B
8654,LRRC4C
8655,LRRC52
8656,LRRC53
8657,LRRC55
8658,LRRC56
8659,LRRC57
8660,LRRC58
8661,LRRC59
8662,LRRC61
8663,LRRC63
8664,LRRC66
8665,LRRC69
8666,LRRC7
8667,LRRC70
8668,LRRC71
8669,LRRC72
8670,LRRC73
8671,LRRC74A
8672,LRRC74B
8673,LRRC75A
8674,LRRC75B
8675,LRRC8A
8676,LRRC8B
8677,LRRC8C
8678,LRRC8D
8679,LRRC8E
8680,LRRC9
8681,LRRCC1
8682,LRRD1
8683,LRRFIP1
8684,LRRFIP2
8685,LRRIQ1
8686,LRRIQ3
8687,LRRIQ4
8688,LRRK1
8689,LRRK2
8690,LRRN1
8691,LRRN2
8692,LRRN3
8693,LRRN4
8694,LRRN4CL
8695,LRRTM1
8696,LRRTM2
8697,LRRTM3
8698,LRRTM4
8699,LRSAM1
8700,LRTM1
8701,LRWD1
8702,LSAMP
8703,LSAMP-AS1
8704,LSG1
8705,LSINCT5
8706,LSM1
8707,LSM10
8708,LSM11
8709,LSM12
8710,LSM14A
8711,LSM14B
8712,LSM3
8713,LSM4
8714,LSM5
8715,LSM6
8716,LSM7
8717,LSM8
8718,LSMEM1
8719,LSMEM2
8720,LSP1
8721,LSR
8722,LSS
8723,LTA4H
8724,LTB
8725,LTB4R
8726,LTB4R2
8727,LTBP1
8728,LTBP2
8729,LTBP3
8730,LTBP4
8731,LTBR
8732,LTC4S
8733,LTF
8734,LTK
8735,LTN1
8736,LTV1
8737,LUADT1
8738,LUC7L
8739,LUC7L2
8740,LUC7L3
8741,LUM
8742,LURAP1
8743,LURAP1L
8744,LURAP1L-AS1
8745,LUZP1
8746,LUZP2
8747,LUZP4
8748,LVRN
8749,LXN
8750,LY6D
8751,LY6E
8752,LY6H
8753,LY6K
8754,LY75
8755,LY75-CD302
8756,LY86
8757,LY86-AS1
8758,LY9
8759,LY96
8760,LYAR
8761,LYG1
8762,LYG2
8763,LYL1
8764,LYN
8765,LYNX1
8766,LYPD1
8767,LYPD2
8768,LYPD3
8769,LYPD4
8770,LYPD5
8771,LYPD6
8772,LYPD6B
8773,LYPD8
8774,LYPLA1
8775,LYPLA2
8776,LYPLAL1
8777,LYRM1
8778,LYRM2
8779,LYRM4
8780,LYRM7
8781,LYRM9
8782,LYSMD1
8783,LYSMD2
8784,LYSMD3
8785,LYSMD4
8786,LYST
8787,LYVE1
8788,LYZ
8789,LYZL1
8790,LYZL2
8791,LYZL4
8792,LYZL6
8793,LZIC
8794,LZTFL1
8795,LZTR1
8796,LZTS1
8797,LZTS1-AS1
8798,LZTS2
8799,M1AP
8800,M6PR
8801,MAB21L1
8802,MAB21L2
8803,MAB21L3
8804,MACC1
8805,MACC1-AS1
8806,MACF1
8807,MACROD1
8808,MACROD2
8809,MACROD2-AS1
8810,MAD1L1
8811,MAD2L1
8812,MAD2L1BP
8813,MAD2L2
8814,MADCAM1
8815,MADD
8816,MAEA
8817,MAEL
8818,MAF
8819,MAF1
8820,MAFA
8821,MAFB
8822,MAFF
8823,MAFG
8824,MAFG-AS1
8825,MAFK
8826,MAFTRR
8827,MAG
8828,MAGEA1
8829,MAGEA10
8830,MAGEA11
8831,MAGEA2
8832,MAGEA2B
8833,MAGEA4
8834,MAGEA6
8835,MAGEA8
8836,MAGEA9
8837,MAGEA9B
8838,MAGEB1
8839,MAGEB10
8840,MAGEB16
8841,MAGEB2
8842,MAGEB4
8843,MAGEB5
8844,MAGEB6
8845,MAGEC1
8846,MAGEC2
8847,MAGED1
8848,MAGED2
8849,MAGED4
8850,MAGED4B
8851,MAGEE1
8852,MAGEE2
8853,MAGEF1
8854,MAGEH1
8855,MAGI1
8856,MAGI1-AS1
8857,MAGI2
8858,MAGI3
8859,MAGOH
8860,MAGOHB
8861,MAGT1
8862,MAK
8863,MAK16
8864,MAL
8865,MAL2
8866,MALAT1
8867,MALL
8868,MALRD1
8869,MALSU1
8870,MALT1
8871,MAMDC2-AS1
8872,MAMDC4
8873,MAML1
8874,MAML2
8875,MAML3
8876,MAMLD1
8877,MAMSTR
8878,MAN1A1
8879,MAN1A2
8880,MAN1B1
8881,MAN1C1
8882,MAN2A1
8883,MAN2A2
8884,MAN2B1
8885,MAN2B2
8886,MAN2C1
8887,MANBA
8888,MANBAL
8889,MANEA
8890,MANEAL
8891,MANF
8892,MANSC4
8893,MAOA
8894,MAOB
8895,MAP10
8896,MAP1A
8897,MAP1B
8898,MAP1LC3A
8899,MAP1LC3B
8900,MAP1LC3B2
8901,MAP1LC3C
8902,MAP1S
8903,MAP2
8904,MAP2K1
8905,MAP2K2
8906,MAP2K3
8907,MAP2K4
8908,MAP2K5
8909,MAP2K6
8910,MAP2K7
8911,MAP3K1
8912,MAP3K10
8913,MAP3K11
8914,MAP3K12
8915,MAP3K13
8916,MAP3K14
8917,MAP3K15
8918,MAP3K19
8919,MAP3K2
8920,MAP3K3
8921,MAP3K4
8922,MAP3K5
8923,MAP3K6
8924,MAP3K7
8925,MAP3K7CL
8926,MAP3K8
8927,MAP3K9
8928,MAP4
8929,MAP4K1
8930,MAP4K2
8931,MAP4K3
8932,MAP4K4
8933,MAP4K5
8934,MAP6
8935,MAP6D1
8936,MAP7
8937,MAP7D1
8938,MAP7D2
8939,MAP7D3
8940,MAP9
8941,MAPK1
8942,MAPK10
8943,MAPK11
8944,MAPK12
8945,MAPK13
8946,MAPK14
8947,MAPK1IP1L
8948,MAPK3
8949,MAPK4
8950,MAPK6
8951,MAPK7
8952,MAPK8
8953,MAPK8IP1
8954,MAPK8IP2
8955,MAPK8IP3
8956,MAPK9
8957,MAPKAP1
8958,MAPKAPK2
8959,MAPKAPK3
8960,MAPKAPK5
8961,MAPKAPK5-AS1
8962,MAPKBP1
8963,MAPRE1
8964,MAPRE2
8965,MAPRE3
8966,MARCKS
8967,MARCKSL1
8968,MARCO
8969,MARK1
8970,MARK2
8971,MARK3
8972,MARK4
8973,MARS2
8974,MARVELD1
8975,MARVELD3
8976,MAS1
8977,MASP1
8978,MASP2
8979,MAST1
8980,MAST2
8981,MAST3
8982,MAST4
8983,MASTL
8984,MAT1A
8985,MAT2A
8986,MAT2B
8987,MATK
8988,MATN1
8989,MATN1-AS1
8990,MATN2
8991,MATN3
8992,MATN4
8993,MATR3
8994,MAU2
8995,MAVS
8996,MAX
8997,MAZ
8998,MB
8999,MB21D2
9000,MBD1
9001,MBD2
9002,MBD3
9003,MBD3L1
9004,MBD3L2
9005,MBD3L5
9006,MBD4
9007,MBD5
9008,MBD6
9009,MBIP
9010,MBL2
9011,MBLAC1
9012,MBLAC2
9013,MBNL1
9014,MBNL1-AS1
9015,MBNL2
9016,MBNL3
9017,MBOAT1
9018,MBOAT2
9019,MBOAT4
9020,MBP
9021,MBTD1
9022,MBTPS1
9023,MBTPS2
9024,MC1R
9025,MC2R
9026,MC3R
9027,MC4R
9028,MCAM
9029,MCAT
9030,MCC
9031,MCCC1
9032,MCEE
9033,MCEMP1
9034,MCF2
9035,MCF2L
9036,MCF2L2
9037,MCFD2
9038,MCHR1
9039,MCHR2
9040,MCIDAS
9041,MCL1
9042,MCM10
9043,MCM2
9044,MCM3
9045,MCM3AP
9046,MCM3AP-AS1
9047,MCM4
9048,MCM5
9049,MCM6
9050,MCM7
9051,MCM8
9052,MCM9
9053,MCMBP
9054,MCMDC2
9055,MCOLN1
9056,MCOLN2
9057,MCOLN3
9058,MCPH1
9059,MCRS1
9060,MCTP1
9061,MCTP2
9062,MCTS1
9063,MCU
9064,MCUR1
9065,MDFI
9066,MDFIC
9067,MDGA1
9068,MDGA2
9069,MDH1
9070,MDH1B
9071,MDH2
9072,MDK
9073,MDM1
9074,MDM2
9075,MDM4
9076,MDN1
9077,MDP1
9078,MDS2
9079,ME1
9080,ME2
9081,ME3
9082,MEA1
9083,MEAF6
9084,MECOM
9085,MECP2
9086,MECR
9087,MED1
9088,MED11
9089,MED12
9090,MED12L
9091,MED13
9092,MED13L
9093,MED14
9094,MED15
9095,MED17
9096,MED18
9097,MED19
9098,MED20
9099,MED21
9100,MED23
9101,MED24
9102,MED25
9103,MED26
9104,MED27
9105,MED28
9106,MED29
9107,MED30
9108,MED31
9109,MED4
9110,MED4-AS1
9111,MED6
9112,MED7
9113,MED8
9114,MED9
9115,MEDAG
9116,MEF2A
9117,MEF2B
9118,MEF2C
9119,MEF2C-AS1
9120,MEFV
9121,MEG3
9122,MEG9
9123,MEGF10
9124,MEGF11
9125,MEGF6
9126,MEGF8
9127,MEGF9
9128,MEI1
9129,MEI4
9130,MEIG1
9131,MEIKIN
9132,MEIOB
9133,MEIOC
9134,MEIS1
9135,MEIS1-AS2
9136,MEIS2
9137,MEIS3
9138,MELK
9139,MEMO1
9140,MEN1
9141,MEOX1
9142,MEOX2
9143,MEP1A
9144,MEP1B
9145,MEPE
9146,MERTK
9147,MESP1
9148,MESP2
9149,MEST
9150,MESTIT1
9151,MET
9152,METAP1
9153,METAP2
9154,METRN
9155,METRNL
9156,METTL1
9157,METTL13
9158,METTL14
9159,METTL15
9160,METTL16
9161,METTL17
9162,METTL18
9163,METTL21A
9164,METTL21C
9165,METTL22
9166,METTL23
9167,METTL24
9168,METTL25
9169,METTL2A
9170,METTL2B
9171,METTL3
9172,METTL4
9173,METTL5
9174,METTL6
9175,METTL8
9176,MEX3A
9177,MEX3B
9178,MEX3C
9179,MEX3D
9180,MFAP1
9181,MFAP2
9182,MFAP3
9183,MFAP3L
9184,MFAP4
9185,MFAP5
9186,MFF
9187,MFGE8
9188,MFN1
9189,MFN2
9190,MFNG
9191,MFSD1
9192,MFSD11
9193,MFSD12
9194,MFSD2A
9195,MFSD2B
9196,MFSD6
9197,MFSD6L
9198,MFSD8
9199,MGA
9200,MGAM2
9201,MGARP
9202,MGAT1
9203,MGAT2
9204,MGAT3
9205,MGAT3-AS1
9206,MGAT4A
9207,MGAT4C
9208,MGAT4D
9209,MGAT5
9210,MGAT5B
9211,MGC15885
9212,MGC16275
9213,MGLL
9214,MGME1
9215,MGMT
9216,MGP
9217,MGRN1
9218,MGST1
9219,MGST2
9220,MGST3
9221,MIA
9222,MIA2
9223,MIA3
9224,MIAT
9225,MIATNB
9226,MIB1
9227,MIB2
9228,MICAL1
9229,MICAL2
9230,MICAL3
9231,MICALL1
9232,MICALL2
9233,MICU1
9234,MICU2
9235,MICU3
9236,MID1
9237,MID1IP1
9238,MID2
9239,MIDN
9240,MIEF1
9241,MIEN1
9242,MIER1
9243,MIER2
9244,MIER3
9245,MIF4GD
9246,MIIP
9247,MILR1
9248,MIMT1
9249,MINCR
9250,MINK1
9251,MINPP1
9252,MIOS
9253,MIOX
9254,MIP
9255,MIPEP
9256,MIPOL1
9257,MIR1-1HG
9258,MIR100HG
9259,MIR133A1HG
9260,MIR137HG
9261,MIR1539
9262,MIR155HG
9263,MIR181A2HG
9264,MIR193BHG
9265,MIR202HG
9266,MIR2052HG
9267,MIR2117HG
9268,MIR219A2
9269,MIR3142HG
9270,MIR3179-1
9271,MIR3179-3
9272,MIR3180-1
9273,MIR3180-4
9274,MIR325HG
9275,MIR34AHG
9276,MIR3663HG
9277,MIR3681HG
9278,MIR3945HG
9279,MIR3976HG
9280,MIR4290HG
9281,MIR4300HG
9282,MIR4307HG
9283,MIR4432HG
9284,MIR4435-2HG
9285,MIR4458HG
9286,MIR4500HG
9287,MIR548XHG
9288,MIR5689HG
9289,MIR646HG
9290,MIR7-3HG
9291,MIR762HG
9292,MIR9-3HG
9293,MIR99AHG
9294,MIRLET7BHG
9295,MIS12
9296,MIS18A
9297,MIS18A-AS1
9298,MIS18BP1
9299,MISP
9300,MITD1
9301,MITF
9302,MIXL1
9303,MKI67
9304,MKKS
9305,MKLN1
9306,MKNK1
9307,MKNK1-AS1
9308,MKNK2
9309,MKRN1
9310,MKRN2
9311,MKRN2OS
9312,MKRN3
9313,MKS1
9314,MKX
9315,MLANA
9316,MLC1
9317,MLEC
9318,MLF1
9319,MLF2
9320,MLH1
9321,MLH3
9322,MLIP
9323,MLKL
9324,MLLT1
9325,MLLT10
9326,MLLT11
9327,MLLT3
9328,MLLT6
9329,MLNR
9330,MLPH
9331,MLST8
9332,MLX
9333,MLXIPL
9334,MLYCD
9335,MMAA
9336,MMAB
9337,MMACHC
9338,MMADHC
9339,MMD
9340,MME
9341,MMEL1
9342,MMGT1
9343,MMP1
9344,MMP10
9345,MMP11
9346,MMP12
9347,MMP13
9348,MMP14
9349,MMP15
9350,MMP16
9351,MMP17
9352,MMP19
9353,MMP2
9354,MMP20
9355,MMP21
9356,MMP23B
9357,MMP24
9358,MMP25
9359,MMP27
9360,MMP3
9361,MMP7
9362,MMP8
9363,MMP9
9364,MMRN1
9365,MMRN2
9366,MMS19
9367,MMS22L
9368,MN1
9369,MNAT1
9370,MND1
9371,MNDA
9372,MNS1
9373,MNT
9374,MNX1
9375,MNX1-AS2
9376,MOAP1
9377,MOB1A
9378,MOB1B
9379,MOB3A
9380,MOB3B
9381,MOB3C
9382,MOB4
9383,MOBP
9384,MOCOS
9385,MOCS1
9386,MOCS2
9387,MOCS3
9388,MOGAT1
9389,MOGAT2
9390,MOGAT3
9391,MOGS
9392,MOK
9393,MON1A
9394,MON1B
9395,MON2
9396,MORC1
9397,MORC2
9398,MORC2-AS1
9399,MORC3
9400,MORC4
9401,MORF4L1
9402,MORF4L2
9403,MORN1
9404,MORN2
9405,MORN3
9406,MORN4
9407,MORN5
9408,MOSPD1
9409,MOSPD2
9410,MOSPD3
9411,MOV10
9412,MOV10L1
9413,MOXD1
9414,MPC1
9415,MPC2
9416,MPDU1
9417,MPDZ
9418,MPEG1
9419,MPG
9420,MPHOSPH10
9421,MPHOSPH6
9422,MPHOSPH8
9423,MPHOSPH9
9424,MPI
9425,MPL
9426,MPLKIP
9427,MPND
9428,MPO
9429,MPP1
9430,MPP2
9431,MPP3
9432,MPP4
9433,MPP7
9434,MPPE1
9435,MPPED1
9436,MPPED2
9437,MPRIP
9438,MPST
9439,MPV17
9440,MPV17L2
9441,MPZ
9442,MPZL1
9443,MPZL2
9444,MPZL3
9445,MR1
9446,MRAP
9447,MRAP2
9448,MRAS
9449,MRC1
9450,MRC2
9451,MREG
9452,MRFAP1
9453,MRFAP1L1
9454,MRGBP
9455,MRGPRE
9456,MRGPRF
9457,MRGPRF-AS1
9458,MRGPRG-AS1
9459,MRGPRX2
9460,MRGPRX4
9461,MRI1
9462,MRLN
9463,MRM1
9464,MRO
9465,MROH1
9466,MROH2A
9467,MROH2B
9468,MROH7
9469,MROH9
9470,MRPL1
9471,MRPL10
9472,MRPL11
9473,MRPL12
9474,MRPL13
9475,MRPL14
9476,MRPL15
9477,MRPL16
9478,MRPL17
9479,MRPL18
9480,MRPL19
9481,MRPL2
9482,MRPL20
9483,MRPL21
9484,MRPL22
9485,MRPL24
9486,MRPL27
9487,MRPL28
9488,MRPL3
9489,MRPL30
9490,MRPL32
9491,MRPL33
9492,MRPL34
9493,MRPL35
9494,MRPL36
9495,MRPL37
9496,MRPL38
9497,MRPL39
9498,MRPL4
9499,MRPL40
9500,MRPL41
9501,MRPL42
9502,MRPL43
9503,MRPL44
9504,MRPL46
9505,MRPL47
9506,MRPL48
9507,MRPL49
9508,MRPL50
9509,MRPL51
9510,MRPL52
9511,MRPL53
9512,MRPL54
9513,MRPL55
9514,MRPL57
9515,MRPL9
9516,MRPS10
9517,MRPS11
9518,MRPS12
9519,MRPS14
9520,MRPS15
9521,MRPS16
9522,MRPS17
9523,MRPS18A
9524,MRPS18C
9525,MRPS2
9526,MRPS21
9527,MRPS22
9528,MRPS23
9529,MRPS24
9530,MRPS25
9531,MRPS26
9532,MRPS27
9533,MRPS28
9534,MRPS30
9535,MRPS31
9536,MRPS33
9537,MRPS34
9538,MRPS35
9539,MRPS5
9540,MRPS6
9541,MRPS7
9542,MRPS9
9543,MRRF
9544,MRS2
9545,MRTO4
9546,MS4A1
9547,MS4A10
9548,MS4A12
9549,MS4A13
9550,MS4A14
9551,MS4A15
9552,MS4A18
9553,MS4A2
9554,MS4A3
9555,MS4A4A
9556,MS4A4E
9557,MS4A5
9558,MS4A6A
9559,MS4A6E
9560,MS4A7
9561,MS4A8
9562,MSANTD1
9563,MSANTD2
9564,MSANTD3
9565,MSANTD4
9566,MSC
9567,MSC-AS1
9568,MSH2
9569,MSH3
9570,MSH4
9571,MSH6
9572,MSI1
9573,MSI2
9574,MSL1
9575,MSL2
9576,MSL3
9577,MSLN
9578,MSLNL
9579,MSMB
9580,MSMO1
9581,MSMP
9582,MSN
9583,MSR1
9584,MSRB1
9585,MSRB2
9586,MSRB3
9587,MSS51
9588,MST1
9589,MST1R
9590,MSTN
9591,MSTO1
9592,MSX1
9593,MSX2
9594,MT-ATP6
9595,MT-ATP8
9596,MT-CO1
9597,MT-CO2
9598,MT-CO3
9599,MT-CYB
9600,MT-ND1
9601,MT-ND2
9602,MT-ND3
9603,MT-ND4
9604,MT-ND4L
9605,MT-ND5
9606,MT-ND6
9607,MT1A
9608,MT1B
9609,MT1E
9610,MT1F
9611,MT1G
9612,MT1H
9613,MT1HL1
9614,MT1M
9615,MT1X
9616,MT2A
9617,MT3
9618,MTA1
9619,MTA2
9620,MTA3
9621,MTAP
9622,MTBP
9623,MTCH1
9624,MTCH2
9625,MTCL1
9626,MTCP1
9627,MTDH
9628,MTERF1
9629,MTERF2
9630,MTERF3
9631,MTERF4
9632,MTF1
9633,MTF2
9634,MTFMT
9635,MTFP1
9636,MTFR1
9637,MTFR1L
9638,MTFR2
9639,MTG1
9640,MTG2
9641,MTHFD1
9642,MTHFD1L
9643,MTHFD2
9644,MTHFD2L
9645,MTHFR
9646,MTHFS
9647,MTHFSD
9648,MTIF2
9649,MTIF3
9650,MTM1
9651,MTMR1
9652,MTMR11
9653,MTMR12
9654,MTMR14
9655,MTMR2
9656,MTMR3
9657,MTMR4
9658,MTMR6
9659,MTMR7
9660,MTMR8
9661,MTMR9
9662,MTNR1A
9663,MTO1
9664,MTOR
9665,MTOR-AS1
9666,MTPAP
9667,MTPN
9668,MTR
9669,MTRF1
9670,MTRF1L
9671,MTRR
9672,MTSS1
9673,MTTP
9674,MTURN
9675,MTUS1
9676,MTUS2
9677,MTUS2-AS2
9678,MTX1
9679,MTX2
9680,MTX3
9681,MUC1
9682,MUC12
9683,MUC13
9684,MUC15
9685,MUC16
9686,MUC17
9687,MUC21
9688,MUC3A
9689,MUC5AC
9690,MUC5B
9691,MUC7
9692,MUCL1
9693,MUL1
9694,MUS81
9695,MUSK
9696,MUTYH
9697,MVB12A
9698,MVB12B
9699,MVD
9700,MVK
9701,MVP
9702,MX1
9703,MX2
9704,MXD1
9705,MXD3
9706,MXD4
9707,MXI1
9708,MXRA5
9709,MXRA7
9710,MXRA8
9711,MYADM
9712,MYADML2
9713,MYB
9714,MYBBP1A
9715,MYBL1
9716,MYBL2
9717,MYBPC1
9718,MYBPC2
9719,MYBPC3
9720,MYBPH
9721,MYBPHL
9722,MYC
9723,MYCBP
9724,MYCBP2
9725,MYCBP2-AS1
9726,MYCBPAP
9727,MYCL
9728,MYCN
9729,MYCNOS
9730,MYCNUT
9731,MYCT1
9732,MYD88
9733,MYDGF
9734,MYEF2
9735,MYEOV
9736,MYF6
9737,MYH1
9738,MYH10
9739,MYH11
9740,MYH13
9741,MYH14
9742,MYH15
9743,MYH2
9744,MYH3
9745,MYH4
9746,MYH6
9747,MYH7
9748,MYH7B
9749,MYH8
9750,MYH9
9751,MYHAS
9752,MYL1
9753,MYL10
9754,MYL12A
9755,MYL12B
9756,MYL2
9757,MYL3
9758,MYL4
9759,MYL5
9760,MYL6
9761,MYL6B
9762,MYL7
9763,MYL9
9764,MYLIP
9765,MYLK
9766,MYLK-AS2
9767,MYLK2
9768,MYLK3
9769,MYLK4
9770,MYNN
9771,MYO10
9772,MYO15A
9773,MYO15B
9774,MYO16
9775,MYO16-AS1
9776,MYO18A
9777,MYO18B
9778,MYO19
9779,MYO1A
9780,MYO1B
9781,MYO1C
9782,MYO1D
9783,MYO1E
9784,MYO1F
9785,MYO1G
9786,MYO1H
9787,MYO3A
9788,MYO3B
9789,MYO5A
9790,MYO5B
9791,MYO5C
9792,MYO6
9793,MYO7A
9794,MYO7B
9795,MYO9A
9796,MYO9B
9797,MYOC
9798,MYOCD
9799,MYOD1
9800,MYOF
9801,MYOG
9802,MYOM1
9803,MYOM2
9804,MYOM3
9805,MYOT
9806,MYOZ1
9807,MYOZ2
9808,MYOZ3
9809,MYPN
9810,MYPOP
9811,MYRF
9812,MYRFL
9813,MYRIP
9814,MYSM1
9815,MYT1L
9816,MYZAP
9817,MZB1
9818,MZF1
9819,MZF1-AS1
9820,MZT1
9821,MZT2A
9822,N4BP1
9823,N4BP2
9824,N4BP2L1
9825,N4BP2L2
9826,N4BP3
9827,NAA10
9828,NAA11
9829,NAA15
9830,NAA16
9831,NAA20
9832,NAA25
9833,NAA30
9834,NAA35
9835,NAA38
9836,NAA40
9837,NAA50
9838,NAA60
9839,NAAA
9840,NAALADL1
9841,NAALADL2
9842,NAB1
9843,NAB2
9844,NABP1
9845,NABP2
9846,NACA
9847,NACA2
9848,NACAD
9849,NACC1
9850,NACC2
9851,NADK
9852,NADK2
9853,NADK2-AS1
9854,NADSYN1
9855,NAE1
9856,NAF1
9857,NAGA
9858,NAGK
9859,NAGLU
9860,NAGPA
9861,NAGS
9862,NAIF1
9863,NAIP
9864,NALCN
9865,NALCN-AS1
9866,NALT1
9867,NAMA
9868,NAMPT
9869,NANOG
9870,NANOGNB
9871,NANOGP8
9872,NANOS1
9873,NANOS2
9874,NANP
9875,NANS
9876,NAP1L1
9877,NAP1L2
9878,NAP1L3
9879,NAP1L5
9880,NAPA
9881,NAPB
9882,NAPEPLD
9883,NAPG
9884,NAPSA
9885,NARF
9886,NARS2
9887,NASP
9888,NAT1
9889,NAT10
9890,NAT14
9891,NAT16
9892,NAT2
9893,NAT8L
9894,NAT9
9895,NATD1
9896,NAV1
9897,NAV2
9898,NAV2-AS3
9899,NAV2-AS4
9900,NAV3
9901,NBAS
9902,NBEA
9903,NBEAL1
9904,NBEAL2
9905,NBL1
9906,NBN
9907,NBPF10
9908,NBPF11
9909,NBPF12
9910,NBPF14
9911,NBPF15
9912,NBPF19
9913,NBPF20
9914,NBPF26
9915,NBPF3
9916,NBPF9
9917,NBR1
9918,NCALD
9919,NCAM1
9920,NCAM2
9921,NCAN
9922,NCAPD2
9923,NCAPD3
9924,NCAPG
9925,NCAPG2
9926,NCAPH
9927,NCAPH2
9928,NCBP1
9929,NCBP2
9930,NCBP2-AS1
9931,NCBP2L
9932,NCBP3
9933,NCCRP1
9934,NCDN
9935,NCEH1
9936,NCF1
9937,NCF2
9938,NCF4
9939,NCK1
9940,NCK2
9941,NCKAP1
9942,NCKAP1L
9943,NCKAP5
9944,NCKAP5L
9945,NCKIPSD
9946,NCL
9947,NCLN
9948,NCMAP
9949,NCOA1
9950,NCOA2
9951,NCOA3
9952,NCOA4
9953,NCOA5
9954,NCOA6
9955,NCOA7
9956,NCOA7-AS1
9957,NCOR1
9958,NCOR2
9959,NCR2
9960,NCR3LG1
9961,NCS1
9962,NCSTN
9963,NDC1
9964,NDC80
9965,NDEL1
9966,NDFIP1
9967,NDFIP2
9968,NDNF
9969,NDOR1
9970,NDP
9971,NDRG1
9972,NDRG2
9973,NDRG3
9974,NDRG4
9975,NDST1
9976,NDST2
9977,NDST3
9978,NDST4
9979,NDUFA1
9980,NDUFA10
9981,NDUFA11
9982,NDUFA12
9983,NDUFA13
9984,NDUFA2
9985,NDUFA3
9986,NDUFA5
9987,NDUFA7
9988,NDUFA8
9989,NDUFA9
9990,NDUFAB1
9991,NDUFAF1
9992,NDUFAF2
9993,NDUFAF3
9994,NDUFAF4
9995,NDUFAF5
9996,NDUFAF6
9997,NDUFAF7
9998,NDUFB1
9999,NDUFB11
10000,NDUFB2
10001,NDUFB2-AS1
10002,NDUFB3
10003,NDUFB4
10004,NDUFB5
10005,NDUFB6
10006,NDUFB7
10007,NDUFB8
10008,NDUFB9
10009,NDUFC1
10010,NDUFC2
10011,NDUFC2-KCTD14
10012,NDUFS1
10013,NDUFS2
10014,NDUFS3
10015,NDUFS4
10016,NDUFS5
10017,NDUFS6
10018,NDUFS7
10019,NDUFS8
10020,NDUFV1
10021,NDUFV2
10022,NDUFV2-AS1
10023,NDUFV3
10024,NEAT1
10025,NEB
10026,NEBL
10027,NECAB1
10028,NECAB2
10029,NECAB3
10030,NECAP1
10031,NEDD1
10032,NEDD4
10033,NEDD4L
10034,NEDD8-MDP1
10035,NEDD9
10036,NEFH
10037,NEFL
10038,NEFM
10039,NEGR1
10040,NEIL1
10041,NEIL2
10042,NEIL3
10043,NEK1
10044,NEK10
10045,NEK11
10046,NEK2
10047,NEK3
10048,NEK4
10049,NEK5
10050,NEK6
10051,NEK7
10052,NEK8
10053,NEK9
10054,NELFA
10055,NELFB
10056,NELFCD
10057,NELL1
10058,NELL2
10059,NEMF
10060,NEMP1
10061,NEMP2
10062,NENF
10063,NEO1
10064,NES
10065,NET1
10066,NETO1
10067,NETO2
10068,NEU2
10069,NEU3
10070,NEURL1
10071,NEURL1B
10072,NEURL2
10073,NEURL3
10074,NEUROD1
10075,NEUROD2
10076,NEUROD4
10077,NEUROG1
10078,NEUROG2
10079,NEUROG3
10080,NEXN
10081,NEXN-AS1
10082,NF1
10083,NF2
10084,NFAM1
10085,NFASC
10086,NFAT5
10087,NFATC1
10088,NFATC2
10089,NFATC2IP
10090,NFATC3
10091,NFE2
10092,NFE2L1
10093,NFE2L2
10094,NFE2L3
10095,NFE4
10096,NFIA
10097,NFIA-AS2
10098,NFIB
10099,NFIC
10100,NFIL3
10101,NFIX
10102,NFKB1
10103,NFKB2
10104,NFKBIA
10105,NFKBID
10106,NFKBIE
10107,NFKBIZ
10108,NFRKB
10109,NFS1
10110,NFU1
10111,NFX1
10112,NFXL1
10113,NFYA
10114,NFYB
10115,NFYC
10116,NGB
10117,NGDN
10118,NGEF
10119,NGF
10120,NGFR
10121,NGLY1
10122,NGRN
10123,NHEG1
10124,NHEJ1
10125,NHLH1
10126,NHLH2
10127,NHLRC1
10128,NHLRC2
10129,NHLRC3
10130,NHLRC4
10131,NHP2
10132,NHS
10133,NHS-AS1
10134,NHSL1
10135,NHSL2
10136,NICN1
10137,NID1
10138,NID2
10139,NIF3L1
10140,NIFK
10141,NIFK-AS1
10142,NIM1K
10143,NIN
10144,NINJ1
10145,NINJ2
10146,NINL
10147,NIP7
10148,NIPA1
10149,NIPA2
10150,NIPAL1
10151,NIPAL2
10152,NIPAL3
10153,NIPAL4
10154,NIPBL
10155,NIPSNAP1
10156,NIPSNAP3A
10157,NIPSNAP3B
10158,NISCH
10159,NIT1
10160,NIT2
10161,NKAIN1
10162,NKAIN2
10163,NKAIN3
10164,NKAIN4
10165,NKAP
10166,NKAPL
10167,NKD1
10168,NKG7
10169,NKILA
10170,NKIRAS1
10171,NKIRAS2
10172,NKPD1
10173,NKRF
10174,NKTR
10175,NKX1-2
10176,NKX2-1
10177,NKX2-1-AS1
10178,NKX2-2
10179,NKX2-3
10180,NKX2-4
10181,NKX2-5
10182,NKX2-8
10183,NKX3-1
10184,NKX3-2
10185,NKX6-1
10186,NKX6-2
10187,NKX6-3
10188,NLE1
10189,NLGN1
10190,NLGN2
10191,NLGN3
10192,NLGN4X
10193,NLGN4Y
10194,NLGN4Y-AS1
10195,NLK
10196,NLN
10197,NLRC3
10198,NLRC4
10199,NLRC5
10200,NLRP1
10201,NLRP11
10202,NLRP12
10203,NLRP14
10204,NLRP2
10205,NLRP3
10206,NLRP4
10207,NLRP5
10208,NLRP6
10209,NLRP7
10210,NLRP8
10211,NLRP9
10212,NLRX1
10213,NMB
10214,NMBR
10215,NMD3
10216,NME1
10217,NME1-NME2
10218,NME2
10219,NME3
10220,NME4
10221,NME5
10222,NME6
10223,NME7
10224,NME8
10225,NME9
10226,NMI
10227,NMNAT1
10228,NMNAT2
10229,NMNAT3
10230,NMRAL1
10231,NMRK1
10232,NMRK2
10233,NMS
10234,NMT1
10235,NMT2
10236,NMU
10237,NMUR1
10238,NMUR2
10239,NNAT
10240,NNMT
10241,NNT
10242,NOA1
10243,NOB1
10244,NOC2L
10245,NOC3L
10246,NOCT
10247,NOD1
10248,NOD2
10249,NODAL
10250,NOG
10251,NOL10
10252,NOL11
10253,NOL12
10254,NOL3
10255,NOL4
10256,NOL4L
10257,NOL6
10258,NOL7
10259,NOL9
10260,NOLC1
10261,NOM1
10262,NOMO1
10263,NOMO2
10264,NOMO3
10265,NONO
10266,NOP10
10267,NOP14
10268,NOP16
10269,NOP2
10270,NOP56
10271,NOP58
10272,NOP9
10273,NOS1
10274,NOS1AP
10275,NOS2
10276,NOS3
10277,NOSIP
10278,NOTCH1
10279,NOTCH2
10280,NOTCH3
10281,NOTO
10282,NOTUM
10283,NOVA1
10284,NOVA2
10285,NOX1
10286,NOX3
10287,NOX4
10288,NOX5
10289,NOXA1
10290,NOXRED1
10291,NPAP1
10292,NPAS1
10293,NPAS2
10294,NPAS3
10295,NPAS4
10296,NPAT
10297,NPB
10298,NPC1
10299,NPC1L1
10300,NPC2
10301,NPDC1
10302,NPEPL1
10303,NPEPPS
10304,NPFF
10305,NPFFR1
10306,NPFFR2
10307,NPHP1
10308,NPHP3
10309,NPHP3-ACAD11
10310,NPHP3-AS1
10311,NPHP4
10312,NPHS1
10313,NPIPA5
10314,NPIPA8
10315,NPIPB15
10316,NPIPB6
10317,NPIPB7
10318,NPIPB8
10319,NPIPB9
10320,NPL
10321,NPLOC4
10322,NPM1
10323,NPM2
10324,NPM3
10325,NPNT
10326,NPPA
10327,NPPB
10328,NPPC
10329,NPR1
10330,NPR2
10331,NPR3
10332,NPRL2
10333,NPRL3
10334,NPSR1
10335,NPTN
10336,NPTX1
10337,NPTX2
10338,NPTXR
10339,NPW
10340,NPY
10341,NPY1R
10342,NPY2R
10343,NPY5R
10344,NQO1
10345,NQO2
10346,NR0B1
10347,NR0B2
10348,NR1D1
10349,NR1D2
10350,NR1H2
10351,NR1H3
10352,NR1H4
10353,NR1I2
10354,NR1I3
10355,NR2C1
10356,NR2C2
10357,NR2C2AP
10358,NR2E1
10359,NR2E3
10360,NR2F1
10361,NR2F1-AS1
10362,NR2F2
10363,NR2F6
10364,NR3C1
10365,NR3C2
10366,NR4A1
10367,NR4A2
10368,NR4A3
10369,NR5A1
10370,NR5A2
10371,NR6A1
10372,NRAP
10373,NRARP
10374,NRAS
10375,NRAV
10376,NRBF2
10377,NRBP1
10378,NRBP2
10379,NRCAM
10380,NRDC
10381,NRDE2
10382,NREP
10383,NRF1
10384,NRG1
10385,NRG2
10386,NRG3
10387,NRG4
10388,NRGN
10389,NRIP1
10390,NRIP2
10391,NRIP3
10392,NRK
10393,NRM
10394,NRN1
10395,NRN1L
10396,NRP1
10397,NRP2
10398,NRROS
10399,NRSN1
10400,NRSN2
10401,NRSN2-AS1
10402,NRTN
10403,NRXN1
10404,NRXN2
10405,NRXN3
10406,NSA2
10407,NSD1
10408,NSDHL
10409,NSFL1C
10410,NSG1
10411,NSL1
10412,NSMAF
10413,NSMCE1
10414,NSMCE2
10415,NSMCE4A
10416,NSMF
10417,NSRP1
10418,NSUN2
10419,NSUN3
10420,NSUN4
10421,NSUN5
10422,NSUN6
10423,NSUN7
10424,NT5C
10425,NT5C1A
10426,NT5C1B
10427,NT5C2
10428,NT5C3A
10429,NT5C3B
10430,NT5DC1
10431,NT5DC2
10432,NT5DC3
10433,NT5DC4
10434,NT5E
10435,NT5M
10436,NTF3
10437,NTF4
10438,NTHL1
10439,NTM
10440,NTMT1
10441,NTN1
10442,NTN3
10443,NTN4
10444,NTN5
10445,NTNG1
10446,NTNG2
10447,NTPCR
10448,NTRK1
10449,NTRK2
10450,NTRK3
10451,NTS
10452,NTSR1
10453,NTSR2
10454,NUAK1
10455,NUAK2
10456,NUB1
10457,NUBP1
10458,NUBP2
10459,NUBPL
10460,NUCB1
10461,NUCB1-AS1
10462,NUCB2
10463,NUCKS1
10464,NUDC
10465,NUDCD1
10466,NUDCD2
10467,NUDCD3
10468,NUDT1
10469,NUDT10
10470,NUDT11
10471,NUDT12
10472,NUDT13
10473,NUDT14
10474,NUDT15
10475,NUDT16
10476,NUDT16L1
10477,NUDT17
10478,NUDT18
10479,NUDT19
10480,NUDT2
10481,NUDT21
10482,NUDT22
10483,NUDT3
10484,NUDT4
10485,NUDT5
10486,NUDT6
10487,NUDT7
10488,NUDT8
10489,NUDT9
10490,NUF2
10491,NUFIP1
10492,NUFIP2
10493,NUGGC
10494,NUMA1
10495,NUMB
10496,NUMBL
10497,NUP107
10498,NUP133
10499,NUP153
10500,NUP155
10501,NUP160
10502,NUP188
10503,NUP205
10504,NUP210
10505,NUP210L
10506,NUP214
10507,NUP35
10508,NUP37
10509,NUP43
10510,NUP50
10511,NUP54
10512,NUP58
10513,NUP62
10514,NUP62CL
10515,NUP85
10516,NUP88
10517,NUP93
10518,NUP98
10519,NUPR1
10520,NUPR2
10521,NUS1
10522,NUSAP1
10523,NUTF2
10524,NUTM2A
10525,NUTM2A-AS1
10526,NUTM2B
10527,NUTM2B-AS1
10528,NUTM2D
10529,NUTM2E
10530,NUTM2F
10531,NUTM2G
10532,NVL
10533,NWD1
10534,NWD2
10535,NXF1
10536,NXF2B
10537,NXF3
10538,NXF5
10539,NXNL1
10540,NXNL2
10541,NXPE1
10542,NXPE2
10543,NXPE3
10544,NXPE4
10545,NXPH1
10546,NXPH2
10547,NXPH3
10548,NXPH4
10549,NXT1
10550,NXT2
10551,NYAP1
10552,NYAP2
10553,NYNRIN
10554,NYX
10555,OAF
10556,OARD1
10557,OAS1
10558,OAS2
10559,OAS3
10560,OASL
10561,OAT
10562,OAZ1
10563,OAZ2
10564,OAZ3
10565,OBP2A
10566,OBP2B
10567,OBSCN
10568,OBSL1
10569,OC90
10570,OCA2
10571,OCEL1
10572,OCIAD1
10573,OCIAD1-AS1
10574,OCIAD2
10575,OCLN
10576,OCM
10577,OCM2
10578,OCRL
10579,OCSTAMP
10580,ODAM
10581,ODC1
10582,ODF1
10583,ODF2
10584,ODF2-AS1
10585,ODF2L
10586,ODF4
10587,OFD1
10588,OGDH
10589,OGDHL
10590,OGFOD1
10591,OGFOD2
10592,OGFOD3
10593,OGFR
10594,OGFR-AS1
10595,OGFRL1
10596,OGG1
10597,OGT
10598,OIP5
10599,OIT3
10600,OLA1
10601,OLAH
10602,OLFM1
10603,OLFM2
10604,OLFM3
10605,OLFM4
10606,OLFML1
10607,OLFML2A
10608,OLFML2B
10609,OLFML3
10610,OLIG1
10611,OLIG2
10612,OLIG3
10613,OLMALINC
10614,OLR1
10615,OMA1
10616,OMD
10617,ONECUT1
10618,ONECUT2
10619,ONECUT3
10620,OOEP
10621,OPA1
10622,OPA1-AS1
10623,OPA3
10624,OPALIN
10625,OPCML
10626,OPHN1
10627,OPLAH
10628,OPN1LW
10629,OPN1MW
10630,OPN1MW3
10631,OPN1SW
10632,OPN3
10633,OPN4
10634,OPN5
10635,OPRD1
10636,OPRK1
10637,OPRM1
10638,OPTC
10639,OPTN
10640,OR10AD1
10641,OR10G2
10642,OR10G3
10643,OR10H1
10644,OR10H2
10645,OR10P1
10646,OR10V1
10647,OR11H1
10648,OR13C5
10649,OR13G1
10650,OR14I1
10651,OR1D5
10652,OR1J1
10653,OR1J4
10654,OR1N2
10655,OR1Q1
10656,OR2A7
10657,OR2AE1
10658,OR2AK2
10659,OR2AT4
10660,OR2B11
10661,OR2B6
10662,OR2C1
10663,OR2C3
10664,OR2D3
10665,OR2K2
10666,OR2L13
10667,OR2L2
10668,OR2L8
10669,OR2T10
10670,OR2T8
10671,OR2V1
10672,OR2W3
10673,OR3A3
10674,OR4A47
10675,OR4B1
10676,OR4C6
10677,OR4D10
10678,OR4F21
10679,OR4F3
10680,OR4M1
10681,OR4N2
10682,OR51B2
10683,OR51B4
10684,OR51B5
10685,OR51B6
10686,OR51E1
10687,OR51E2
10688,OR51I1
10689,OR52H1
10690,OR52I1
10691,OR52K1
10692,OR52K2
10693,OR52N2
10694,OR52N4
10695,OR52N5
10696,OR56A3
10697,OR56A5
10698,OR56B1
10699,OR5A1
10700,OR5AN1
10701,OR5AU1
10702,OR5B12
10703,OR5B21
10704,OR5M11
10705,OR6C70
10706,OR6C76
10707,OR6K2
10708,OR6K3
10709,OR7A5
10710,OR7C1
10711,OR7D2
10712,OR7E24
10713,OR8A1
10714,OR8B12
10715,OR8D2
10716,OR8G1
10717,OR8G5
10718,OR9A2
10719,OR9Q1
10720,ORAI2
10721,ORAI3
10722,ORC1
10723,ORC2
10724,ORC3
10725,ORC4
10726,ORC5
10727,ORC6
10728,ORM1
10729,ORM2
10730,ORMDL1
10731,ORMDL2
10732,ORMDL3
10733,OS9
10734,OSBP
10735,OSBP2
10736,OSBPL10
10737,OSBPL10-AS1
10738,OSBPL11
10739,OSBPL1A
10740,OSBPL2
10741,OSBPL3
10742,OSBPL5
10743,OSBPL6
10744,OSBPL7
10745,OSBPL8
10746,OSBPL9
10747,OSCP1
10748,OSER1
10749,OSGEPL1
10750,OSGEPL1-AS1
10751,OSGIN1
10752,OSGIN2
10753,OSM
10754,OSMR
10755,OSR1
10756,OSR2
10757,OST4
10758,OSTC
10759,OSTF1
10760,OSTM1
10761,OSTM1-AS1
10762,OSTN
10763,OSTN-AS1
10764,OTC
10765,OTOF
10766,OTOG
10767,OTOGL
10768,OTOP2
10769,OTOP3
10770,OTOR
10771,OTOS
10772,OTP
10773,OTUB1
10774,OTUB2
10775,OTUD1
10776,OTUD3
10777,OTUD4
10778,OTUD5
10779,OTUD6A
10780,OTUD6B
10781,OTUD7A
10782,OTUD7B
10783,OTULIN
10784,OTX1
10785,OTX2
10786,OTX2-AS1
10787,OVAAL
10788,OVCA2
10789,OVCH1
10790,OVCH2
10791,OVGP1
10792,OVOL1
10793,OVOL1-AS1
10794,OVOL2
10795,OVOL3
10796,OXA1L
10797,OXCT1
10798,OXCT2
10799,OXER1
10800,OXGR1
10801,OXLD1
10802,OXNAD1
10803,OXR1
10804,OXSM
10805,OXSR1
10806,OXT
10807,OXTR
10808,P2RX1
10809,P2RX2
10810,P2RX3
10811,P2RX4
10812,P2RX5
10813,P2RX5-TAX1BP3
10814,P2RX6
10815,P2RX7
10816,P2RY1
10817,P2RY10
10818,P2RY11
10819,P2RY12
10820,P2RY13
10821,P2RY14
10822,P2RY2
10823,P2RY4
10824,P2RY6
10825,P2RY8
10826,P3H1
10827,P3H2
10828,P3H2-AS1
10829,P3H3
10830,P3H4
10831,P4HA1
10832,P4HA2
10833,P4HA2-AS1
10834,P4HA3
10835,P4HB
10836,P4HTM
10837,PA2G4
10838,PAAF1
10839,PABPC1
10840,PABPC1L
10841,PABPC1L2A
10842,PABPC1L2B
10843,PABPC3
10844,PABPC4
10845,PABPC4L
10846,PABPC5
10847,PABPC5-AS1
10848,PABPN1
10849,PABPN1L
10850,PACRG
10851,PACRG-AS1
10852,PACRG-AS3
10853,PACRGL
10854,PACS1
10855,PACS2
10856,PACSIN1
10857,PACSIN2
10858,PACSIN3
10859,PADI2
10860,PADI3
10861,PADI4
10862,PADI6
10863,PAEP
10864,PAF1
10865,PAFAH1B1
10866,PAFAH1B2
10867,PAFAH1B3
10868,PAFAH2
10869,PAG1
10870,PAGE1
10871,PAGE2
10872,PAGE2B
10873,PAGE3
10874,PAGE4
10875,PAGE5
10876,PAGR1
10877,PAH
10878,PAICS
10879,PAIP1
10880,PAIP2
10881,PAIP2B
10882,PAK1
10883,PAK1IP1
10884,PAK2
10885,PAK3
10886,PAK4
10887,PAK6
10888,PALB2
10889,PALD1
10890,PALLD
10891,PALM
10892,PALM3
10893,PALMD
10894,PAM
10895,PAM16
10896,PAMR1
10897,PAN2
10898,PAN3
10899,PANDAR
10900,PANK1
10901,PANK2
10902,PANK3
10903,PANK4
10904,PANX1
10905,PANX2
10906,PANX3
10907,PAOX
10908,PAPLN
10909,PAPOLA
10910,PAPOLB
10911,PAPOLG
10912,PAPPA
10913,PAPPA-AS1
10914,PAPPA2
10915,PAPSS1
10916,PAPSS2
10917,PAQR3
10918,PAQR4
10919,PAQR5
10920,PAQR6
10921,PAQR7
10922,PAQR8
10923,PAQR9
10924,PAQR9-AS1
10925,PARD3
10926,PARD3B
10927,PARD6A
10928,PARD6B
10929,PARD6G
10930,PARD6G-AS1
10931,PARG
10932,PARK7
10933,PARL
10934,PARM1
10935,PARP1
10936,PARP10
10937,PARP11
10938,PARP12
10939,PARP14
10940,PARP15
10941,PARP16
10942,PARP3
10943,PARP4
10944,PARP6
10945,PARP8
10946,PARP9
10947,PARPBP
10948,PARS2
10949,PART1
10950,PARVA
10951,PARVB
10952,PARVG
10953,PASD1
10954,PASK
10955,PATE1
10956,PATE2
10957,PATL1
10958,PATL2
10959,PATZ1
10960,PAUPAR
10961,PAWR
10962,PAX1
10963,PAX2
10964,PAX3
10965,PAX5
10966,PAX6
10967,PAX7
10968,PAX8
10969,PAX9
10970,PAXBP1-AS1
10971,PAXIP1
10972,PBDC1
10973,PBLD
10974,PBOV1
10975,PBRM1
10976,PBX1
10977,PBX3
10978,PBX4
10979,PBXIP1
10980,PC
10981,PCAT1
10982,PCAT18
10983,PCAT19
10984,PCAT2
10985,PCAT4
10986,PCAT5
10987,PCAT6
10988,PCAT7
10989,PCBD1
10990,PCBD2
10991,PCBP1
10992,PCBP2
10993,PCBP3
10994,PCBP4
10995,PCCA
10996,PCCB
10997,PCDH1
10998,PCDH10
10999,PCDH11X
11000,PCDH11Y
11001,PCDH12
11002,PCDH15
11003,PCDH17
11004,PCDH18
11005,PCDH19
11006,PCDH20
11007,PCDH7
11008,PCDH8
11009,PCDH9
11010,PCDH9-AS1
11011,PCDH9-AS2
11012,PCDHA1
11013,PCDHA5
11014,PCDHA8
11015,PCDHAC2
11016,PCDHB1
11017,PCDHB10
11018,PCDHB13
11019,PCDHB14
11020,PCDHB15
11021,PCDHB5
11022,PCDHB7
11023,PCDHB8
11024,PCDHGA1
11025,PCDHGA10
11026,PCDHGA11
11027,PCDHGA12
11028,PCDHGA2
11029,PCDHGA3
11030,PCDHGA4
11031,PCDHGA5
11032,PCDHGA6
11033,PCDHGA7
11034,PCDHGA8
11035,PCDHGA9
11036,PCDHGB1
11037,PCDHGB2
11038,PCDHGB3
11039,PCDHGB4
11040,PCDHGB5
11041,PCDHGB6
11042,PCDHGB7
11043,PCDHGC3
11044,PCDHGC4
11045,PCDHGC5
11046,PCED1A
11047,PCED1B
11048,PCF11
11049,PCGF1
11050,PCGF2
11051,PCGF3
11052,PCGF5
11053,PCGF6
11054,PCID2
11055,PCIF1
11056,PCK1
11057,PCLO
11058,PCM1
11059,PCMT1
11060,PCMTD1
11061,PCNA
11062,PCNP
11063,PCNT
11064,PCOLCE
11065,PCOLCE-AS1
11066,PCOLCE2
11067,PCP2
11068,PCP4
11069,PCP4L1
11070,PCSK1
11071,PCSK1N
11072,PCSK2
11073,PCSK4
11074,PCSK5
11075,PCSK6
11076,PCSK6-AS1
11077,PCSK7
11078,PCSK9
11079,PCTP
11080,PCYOX1
11081,PCYOX1L
11082,PCYT1A
11083,PCYT1B
11084,PCYT2
11085,PDAP1
11086,PDC
11087,PDCD1
11088,PDCD10
11089,PDCD11
11090,PDCD1LG2
11091,PDCD2
11092,PDCD2L
11093,PDCD4
11094,PDCD5
11095,PDCD6
11096,PDCD6IP
11097,PDCD7
11098,PDCL
11099,PDCL2
11100,PDCL3
11101,PDE10A
11102,PDE11A
11103,PDE12
11104,PDE1A
11105,PDE1B
11106,PDE1C
11107,PDE2A
11108,PDE3A
11109,PDE3B
11110,PDE4A
11111,PDE4B
11112,PDE4C
11113,PDE4D
11114,PDE4DIP
11115,PDE5A
11116,PDE6A
11117,PDE6B
11118,PDE6C
11119,PDE6D
11120,PDE6G
11121,PDE6H
11122,PDE7A
11123,PDE7B
11124,PDE8A
11125,PDE9A
11126,PDF
11127,PDGFA
11128,PDGFB
11129,PDGFC
11130,PDGFD
11131,PDGFRA
11132,PDGFRB
11133,PDGFRL
11134,PDHA1
11135,PDHA2
11136,PDHB
11137,PDHX
11138,PDIA2
11139,PDIA3
11140,PDIA4
11141,PDIA5
11142,PDIA6
11143,PDIK1L
11144,PDILT
11145,PDK1
11146,PDK2
11147,PDK3
11148,PDK4
11149,PDLIM1
11150,PDLIM2
11151,PDLIM3
11152,PDLIM4
11153,PDLIM5
11154,PDLIM7
11155,PDP1
11156,PDP2
11157,PDPK1
11158,PDPN
11159,PDPR
11160,PDRG1
11161,PDS5A
11162,PDS5B
11163,PDSS1
11164,PDSS2
11165,PDX1
11166,PDXDC1
11167,PDXK
11168,PDXP
11169,PDYN
11170,PDZD11
11171,PDZD2
11172,PDZD4
11173,PDZD7
11174,PDZD8
11175,PDZK1
11176,PDZK1IP1
11177,PDZRN3
11178,PDZRN3-AS1
11179,PDZRN4
11180,PEA15
11181,PEAK1
11182,PEAR1
11183,PEBP1
11184,PEBP4
11185,PECAM1
11186,PECR
11187,PEF1
11188,PEG10
11189,PEG3
11190,PELI1
11191,PELI2
11192,PELI3
11193,PELO
11194,PELP1
11195,PEMT
11196,PENK
11197,PEPD
11198,PER1
11199,PER2
11200,PER3
11201,PERM1
11202,PERP
11203,PES1
11204,PET100
11205,PET117
11206,PEX1
11207,PEX10
11208,PEX11A
11209,PEX11B
11210,PEX11G
11211,PEX12
11212,PEX13
11213,PEX14
11214,PEX16
11215,PEX19
11216,PEX2
11217,PEX26
11218,PEX3
11219,PEX5
11220,PEX5L
11221,PEX5L-AS2
11222,PEX6
11223,PEX7
11224,PF4
11225,PF4V1
11226,PFAS
11227,PFDN1
11228,PFDN2
11229,PFDN4
11230,PFDN5
11231,PFKFB1
11232,PFKFB2
11233,PFKFB3
11234,PFKFB4
11235,PFKL
11236,PFKM
11237,PFKP
11238,PFN1
11239,PFN2
11240,PFN3
11241,PFN4
11242,PGA3
11243,PGA4
11244,PGA5
11245,PGAM1
11246,PGAM2
11247,PGAM4
11248,PGAM5
11249,PGAP1
11250,PGAP2
11251,PGAP3
11252,PGBD1
11253,PGBD2
11254,PGBD4
11255,PGBD5
11256,PGC
11257,PGD
11258,PGF
11259,PGGT1B
11260,PGK1
11261,PGK2
11262,PGLS
11263,PGLYRP1
11264,PGLYRP2
11265,PGLYRP3
11266,PGLYRP4
11267,PGM1
11268,PGM2
11269,PGM2L1
11270,PGM3
11271,PGM5
11272,PGM5-AS1
11273,PGM5P2
11274,PGM5P3-AS1
11275,PGP
11276,PGPEP1
11277,PGPEP1L
11278,PGR
11279,PGRMC1
11280,PGRMC2
11281,PGS1
11282,PHACTR1
11283,PHACTR2
11284,PHACTR3
11285,PHACTR4
11286,PHAX
11287,PHB2
11288,PHC1
11289,PHC2
11290,PHC3
11291,PHEX
11292,PHEX-AS1
11293,PHF1
11294,PHF10
11295,PHF11
11296,PHF12
11297,PHF13
11298,PHF14
11299,PHF19
11300,PHF2
11301,PHF20
11302,PHF20L1
11303,PHF21A
11304,PHF21B
11305,PHF23
11306,PHF24
11307,PHF3
11308,PHF5A
11309,PHF6
11310,PHF7
11311,PHF8
11312,PHGDH
11313,PHGR1
11314,PHIP
11315,PHKA1
11316,PHKA1-AS1
11317,PHKA2
11318,PHKB
11319,PHKG1
11320,PHKG2
11321,PHLDA1
11322,PHLDA3
11323,PHLDB1
11324,PHLDB2
11325,PHLDB3
11326,PHLPP1
11327,PHLPP2
11328,PHOSPHO1
11329,PHOSPHO2
11330,PHOX2A
11331,PHOX2B
11332,PHPT1
11333,PHTF1
11334,PHTF2
11335,PHYH
11336,PHYHD1
11337,PHYHIP
11338,PHYHIPL
11339,PHYKPL
11340,PI15
11341,PI16
11342,PI3
11343,PI4K2A
11344,PI4K2B
11345,PI4KA
11346,PI4KB
11347,PIANP
11348,PIAS1
11349,PIAS2
11350,PIAS3
11351,PIAS4
11352,PIBF1
11353,PICALM
11354,PICK1
11355,PID1
11356,PIDD1
11357,PIEZO1
11358,PIEZO2
11359,PIF1
11360,PIGA
11361,PIGB
11362,PIGBOS1
11363,PIGC
11364,PIGF
11365,PIGG
11366,PIGH
11367,PIGK
11368,PIGL
11369,PIGM
11370,PIGN
11371,PIGO
11372,PIGP
11373,PIGQ
11374,PIGR
11375,PIGS
11376,PIGT
11377,PIGU
11378,PIGV
11379,PIGX
11380,PIGZ
11381,PIH1D1
11382,PIH1D2
11383,PIK3AP1
11384,PIK3C2A
11385,PIK3C2B
11386,PIK3C2G
11387,PIK3C3
11388,PIK3CA
11389,PIK3CB
11390,PIK3CD
11391,PIK3CD-AS1
11392,PIK3CD-AS2
11393,PIK3CG
11394,PIK3IP1
11395,PIK3R1
11396,PIK3R2
11397,PIK3R3
11398,PIK3R4
11399,PIK3R5
11400,PIK3R6
11401,PIKFYVE
11402,PILRA
11403,PILRB
11404,PIM1
11405,PIM2
11406,PIM3
11407,PIN1
11408,PIN4
11409,PINK1
11410,PINK1-AS
11411,PINLYP
11412,PINX1
11413,PIP
11414,PIP4K2A
11415,PIP4K2B
11416,PIP4K2C
11417,PIP5K1A
11418,PIP5K1B
11419,PIP5K1C
11420,PIP5KL1
11421,PIPOX
11422,PIR
11423,PIRT
11424,PISD
11425,PISRT1
11426,PITHD1
11427,PITPNA
11428,PITPNA-AS1
11429,PITPNB
11430,PITPNC1
11431,PITPNM1
11432,PITPNM2
11433,PITPNM3
11434,PITRM1
11435,PITRM1-AS1
11436,PITX1
11437,PITX2
11438,PITX3
11439,PIWIL1
11440,PIWIL2
11441,PIWIL3
11442,PIWIL4
11443,PJA1
11444,PJA2
11445,PKD1
11446,PKD1L1
11447,PKD1L3
11448,PKD2
11449,PKD2L1
11450,PKD2L2
11451,PKDCC
11452,PKDREJ
11453,PKHD1
11454,PKHD1L1
11455,PKIA
11456,PKIA-AS1
11457,PKIB
11458,PKIG
11459,PKM
11460,PKMYT1
11461,PKN1
11462,PKN2
11463,PKN2-AS1
11464,PKN3
11465,PKNOX1
11466,PKNOX2
11467,PKP1
11468,PKP2
11469,PKP3
11470,PKP4
11471,PLA1A
11472,PLA2G12A
11473,PLA2G12B
11474,PLA2G15
11475,PLA2G1B
11476,PLA2G2A
11477,PLA2G2C
11478,PLA2G2D
11479,PLA2G2F
11480,PLA2G3
11481,PLA2G4A
11482,PLA2G4B
11483,PLA2G4C
11484,PLA2G4C-AS1
11485,PLA2G4D
11486,PLA2G4E
11487,PLA2G4E-AS1
11488,PLA2G4F
11489,PLA2G5
11490,PLA2G6
11491,PLA2G7
11492,PLA2R1
11493,PLAA
11494,PLAC1
11495,PLAC8
11496,PLAC8L1
11497,PLAC9
11498,PLAG1
11499,PLAGL1
11500,PLAGL2
11501,PLAT
11502,PLAU
11503,PLAUR
11504,PLB1
11505,PLBD1
11506,PLBD1-AS1
11507,PLBD2
11508,PLCB1
11509,PLCB2
11510,PLCB3
11511,PLCB4
11512,PLCD1
11513,PLCD3
11514,PLCD4
11515,PLCE1
11516,PLCE1-AS1
11517,PLCE1-AS2
11518,PLCG1
11519,PLCG1-AS1
11520,PLCG2
11521,PLCH1
11522,PLCH2
11523,PLCL1
11524,PLCL2
11525,PLCXD1
11526,PLCXD2
11527,PLCXD3
11528,PLCZ1
11529,PLD1
11530,PLD2
11531,PLD3
11532,PLD4
11533,PLD5
11534,PLD6
11535,PLEC
11536,PLEK
11537,PLEK2
11538,PLEKHA1
11539,PLEKHA2
11540,PLEKHA3
11541,PLEKHA4
11542,PLEKHA5
11543,PLEKHA6
11544,PLEKHA7
11545,PLEKHA8
11546,PLEKHB1
11547,PLEKHB2
11548,PLEKHD1
11549,PLEKHF1
11550,PLEKHF2
11551,PLEKHG1
11552,PLEKHG2
11553,PLEKHG3
11554,PLEKHG4
11555,PLEKHG4B
11556,PLEKHG5
11557,PLEKHG6
11558,PLEKHG7
11559,PLEKHH1
11560,PLEKHH2
11561,PLEKHH3
11562,PLEKHJ1
11563,PLEKHM2
11564,PLEKHM3
11565,PLEKHN1
11566,PLEKHO1
11567,PLEKHO2
11568,PLEKHS1
11569,PLG
11570,PLGLB1
11571,PLGLB2
11572,PLGRKT
11573,PLIN1
11574,PLIN2
11575,PLIN3
11576,PLIN4
11577,PLIN5
11578,PLK1
11579,PLK2
11580,PLK3
11581,PLK4
11582,PLK5
11583,PLLP
11584,PLN
11585,PLOD1
11586,PLOD2
11587,PLOD3
11588,PLP1
11589,PLP2
11590,PLPP1
11591,PLPP2
11592,PLPP3
11593,PLPP4
11594,PLPP5
11595,PLPP6
11596,PLPP7
11597,PLPPR1
11598,PLPPR2
11599,PLPPR4
11600,PLPPR5
11601,PLRG1
11602,PLS1
11603,PLS3
11604,PLS3-AS1
11605,PLSCR1
11606,PLSCR2
11607,PLSCR4
11608,PLSCR5
11609,PLTP
11610,PLVAP
11611,PLXDC1
11612,PLXDC2
11613,PLXNA1
11614,PLXNA2
11615,PLXNA3
11616,PLXNA4
11617,PLXNB1
11618,PLXNB2
11619,PLXNB3
11620,PLXNC1
11621,PLXND1
11622,PM20D1
11623,PM20D2
11624,PMAIP1
11625,PMCH
11626,PMEL
11627,PMEPA1
11628,PMF1
11629,PMF1-BGLAP
11630,PMFBP1
11631,PML
11632,PMM1
11633,PMM2
11634,PMP2
11635,PMP22
11636,PMPCA
11637,PMPCB
11638,PMS1
11639,PMS2
11640,PMVK
11641,PNCK
11642,PNISR
11643,PNKD
11644,PNKP
11645,PNLDC1
11646,PNLIP
11647,PNLIPRP1
11648,PNLIPRP3
11649,PNMA1
11650,PNMA2
11651,PNMA3
11652,PNMA6A
11653,PNMT
11654,PNN
11655,PNO1
11656,PNOC
11657,PNP
11658,PNPLA1
11659,PNPLA2
11660,PNPLA3
11661,PNPLA4
11662,PNPLA5
11663,PNPLA6
11664,PNPLA7
11665,PNPLA8
11666,PNPO
11667,PNPT1
11668,PNRC1
11669,PNRC2
11670,POC1A
11671,POC1B
11672,POC1B-GALNT4
11673,POC5
11674,PODN
11675,PODXL
11676,PODXL2
11677,POF1B
11678,POFUT1
11679,POFUT2
11680,POGK
11681,POGLUT1
11682,POGZ
11683,POLA1
11684,POLA2
11685,POLB
11686,POLD1
11687,POLD2
11688,POLD3
11689,POLD4
11690,POLDIP2
11691,POLDIP3
11692,POLE
11693,POLE2
11694,POLE3
11695,POLE4
11696,POLG
11697,POLG2
11698,POLH
11699,POLI
11700,POLK
11701,POLL
11702,POLM
11703,POLN
11704,POLQ
11705,POLR1A
11706,POLR1B
11707,POLR1C
11708,POLR1D
11709,POLR1E
11710,POLR2A
11711,POLR2B
11712,POLR2C
11713,POLR2D
11714,POLR2E
11715,POLR2F
11716,POLR2G
11717,POLR2H
11718,POLR2I
11719,POLR2J
11720,POLR2J2
11721,POLR2K
11722,POLR2L
11723,POLR2M
11724,POLR3A
11725,POLR3B
11726,POLR3C
11727,POLR3D
11728,POLR3E
11729,POLR3F
11730,POLR3G
11731,POLR3GL
11732,POLR3H
11733,POLR3K
11734,POLRMT
11735,POM121
11736,POM121C
11737,POM121L2
11738,POMC
11739,POMGNT1
11740,POMGNT2
11741,POMK
11742,POMP
11743,POMT1
11744,POMT2
11745,POMZP3
11746,PON1
11747,PON2
11748,PON3
11749,POP1
11750,POP4
11751,POP5
11752,POP7
11753,POPDC2
11754,POPDC3
11755,POR
11756,PORCN
11757,POSTN
11758,POT1
11759,POT1-AS1
11760,POTEC
11761,POTEE
11762,POTEF
11763,POTEG
11764,POTEH
11765,POTEI
11766,POTEJ
11767,POU1F1
11768,POU2AF1
11769,POU2F1
11770,POU2F2
11771,POU2F3
11772,POU3F1
11773,POU3F2
11774,POU3F3
11775,POU3F4
11776,POU4F1
11777,POU4F2
11778,POU5F1B
11779,POU5F2
11780,POU6F1
11781,POU6F2
11782,POU6F2-AS1
11783,PP12613
11784,PP2D1
11785,PPA1
11786,PPA2
11787,PPAN
11788,PPAN-P2RY11
11789,PPARA
11790,PPARD
11791,PPARG
11792,PPARGC1A
11793,PPARGC1B
11794,PPAT
11795,PPBP
11796,PPCDC
11797,PPCS
11798,PPDPF
11799,PPEF1
11800,PPEF2
11801,PPFIA2
11802,PPFIA3
11803,PPFIA4
11804,PPFIBP1
11805,PPFIBP2
11806,PPHLN1
11807,PPIA
11808,PPIAL4E
11809,PPIAL4G
11810,PPIB
11811,PPIC
11812,PPID
11813,PPIE
11814,PPIF
11815,PPIG
11816,PPIH
11817,PPIL1
11818,PPIL2
11819,PPIL3
11820,PPIL4
11821,PPIL6
11822,PPIP5K1
11823,PPIP5K2
11824,PPL
11825,PPM1A
11826,PPM1B
11827,PPM1D
11828,PPM1E
11829,PPM1F
11830,PPM1G
11831,PPM1H
11832,PPM1J
11833,PPM1K
11834,PPM1L
11835,PPM1M
11836,PPM1N
11837,PPME1
11838,PPOX
11839,PPP1CA
11840,PPP1CB
11841,PPP1CC
11842,PPP1R12A
11843,PPP1R12B
11844,PPP1R12C
11845,PPP1R13B
11846,PPP1R13L
11847,PPP1R14A
11848,PPP1R14B
11849,PPP1R14C
11850,PPP1R14D
11851,PPP1R15A
11852,PPP1R15B
11853,PPP1R16A
11854,PPP1R16B
11855,PPP1R17
11856,PPP1R1A
11857,PPP1R1B
11858,PPP1R1C
11859,PPP1R2
11860,PPP1R21
11861,PPP1R26
11862,PPP1R26-AS1
11863,PPP1R27
11864,PPP1R35
11865,PPP1R36
11866,PPP1R37
11867,PPP1R3A
11868,PPP1R3B
11869,PPP1R3C
11870,PPP1R3D
11871,PPP1R3E
11872,PPP1R3F
11873,PPP1R3G
11874,PPP1R42
11875,PPP1R7
11876,PPP1R8
11877,PPP1R9A
11878,PPP1R9B
11879,PPP2CA
11880,PPP2CB
11881,PPP2R1A
11882,PPP2R1B
11883,PPP2R2A
11884,PPP2R2B
11885,PPP2R2C
11886,PPP2R2D
11887,PPP2R3A
11888,PPP2R3C
11889,PPP2R5A
11890,PPP2R5B
11891,PPP2R5C
11892,PPP2R5D
11893,PPP2R5E
11894,PPP3CA
11895,PPP3CB
11896,PPP3CC
11897,PPP3R1
11898,PPP3R2
11899,PPP4C
11900,PPP4R1
11901,PPP4R2
11902,PPP4R3A
11903,PPP4R3B
11904,PPP4R4
11905,PPP5C
11906,PPP6C
11907,PPP6R1
11908,PPP6R2
11909,PPP6R3
11910,PPRC1
11911,PPT1
11912,PPT2
11913,PPT2-EGFL8
11914,PPTC7
11915,PPWD1
11916,PPY
11917,PQBP1
11918,PRAC1
11919,PRAC2
11920,PRADC1
11921,PRAF2
11922,PRAM1
11923,PRAME
11924,PRAMEF8
11925,PRAP1
11926,PRB2
11927,PRB3
11928,PRC1
11929,PRC1-AS1
11930,PRCC
11931,PRCD
11932,PRCP
11933,PRDM1
11934,PRDM10
11935,PRDM11
11936,PRDM12
11937,PRDM13
11938,PRDM14
11939,PRDM15
11940,PRDM16
11941,PRDM2
11942,PRDM4
11943,PRDM5
11944,PRDM6
11945,PRDM7
11946,PRDM8
11947,PRDX1
11948,PRDX2
11949,PRDX3
11950,PRDX4
11951,PRDX5
11952,PRDX6
11953,PREB
11954,PRELID1
11955,PRELID2
11956,PRELID3A
11957,PRELID3B
11958,PRELP
11959,PREP
11960,PREPL
11961,PREX1
11962,PREX2
11963,PRF1
11964,PRG2
11965,PRG3
11966,PRG4
11967,PRH1-PRR4
11968,PRICKLE1
11969,PRICKLE2
11970,PRICKLE2-AS1
11971,PRICKLE2-AS3
11972,PRICKLE3
11973,PRICKLE4
11974,PRIM1
11975,PRIM2
11976,PRIMPOL
11977,PRKAA1
11978,PRKAA2
11979,PRKAB1
11980,PRKAB2
11981,PRKACB
11982,PRKAG1
11983,PRKAG2
11984,PRKAG3
11985,PRKAR1A
11986,PRKAR1B
11987,PRKAR2A
11988,PRKAR2A-AS1
11989,PRKAR2B
11990,PRKCA
11991,PRKCB
11992,PRKCD
11993,PRKCE
11994,PRKCG
11995,PRKCH
11996,PRKCI
11997,PRKCQ
11998,PRKCSH
11999,PRKCZ
12000,PRKD1
12001,PRKD2
12002,PRKD3
12003,PRKDC
12004,PRKG1
12005,PRKG1-AS1
12006,PRKG2
12007,PRKRA
12008,PRKRIP1
12009,PRKX
12010,PRKX-AS1
12011,PRL
12012,PRLH
12013,PRLHR
12014,PRLR
12015,PRM1
12016,PRM2
12017,PRM3
12018,PRMT1
12019,PRMT2
12020,PRMT3
12021,PRMT5
12022,PRMT6
12023,PRMT7
12024,PRMT8
12025,PRMT9
12026,PRNCR1
12027,PRND
12028,PRNP
12029,PROB1
12030,PROC
12031,PROCA1
12032,PROCR
12033,PRODH
12034,PRODH2
12035,PROK1
12036,PROK2
12037,PROKR1
12038,PROM1
12039,PROS1
12040,PROSER1
12041,PROSER2
12042,PROSER2-AS1
12043,PROSER3
12044,PROX1
12045,PROX1-AS1
12046,PROX2
12047,PROZ
12048,PRPF18
12049,PRPF19
12050,PRPF3
12051,PRPF38A
12052,PRPF38B
12053,PRPF39
12054,PRPF4
12055,PRPF40A
12056,PRPF40B
12057,PRPF6
12058,PRPH
12059,PRPH2
12060,PRPS1
12061,PRPS1L1
12062,PRPS2
12063,PRPSAP1
12064,PRPSAP2
12065,PRR11
12066,PRR12
12067,PRR13
12068,PRR14
12069,PRR14L
12070,PRR15
12071,PRR15L
12072,PRR16
12073,PRR18
12074,PRR19
12075,PRR22
12076,PRR23C
12077,PRR27
12078,PRR29
12079,PRR29-AS1
12080,PRR32
12081,PRR35
12082,PRR36
12083,PRR4
12084,PRR5
12085,PRR5-ARHGAP8
12086,PRR5L
12087,PRR7
12088,PRR9
12089,PRRC1
12090,PRRC2C
12091,PRRG1
12092,PRRG2
12093,PRRG3
12094,PRRG4
12095,PRRT2
12096,PRRT3
12097,PRRT3-AS1
12098,PRRT4
12099,PRRX1
12100,PRRX2
12101,PRRX2-AS1
12102,PRSS1
12103,PRSS12
12104,PRSS16
12105,PRSS2
12106,PRSS21
12107,PRSS23
12108,PRSS27
12109,PRSS3
12110,PRSS33
12111,PRSS35
12112,PRSS36
12113,PRSS37
12114,PRSS38
12115,PRSS48
12116,PRSS50
12117,PRSS53
12118,PRSS54
12119,PRSS55
12120,PRSS56
12121,PRSS57
12122,PRSS58
12123,PRSS8
12124,PRTFDC1
12125,PRTG
12126,PRUNE2
12127,PRX
12128,PSAP
12129,PSAPL1
12130,PSAT1
12131,PSCA
12132,PSD
12133,PSD2
12134,PSD3
12135,PSD4
12136,PSEN1
12137,PSEN2
12138,PSENEN
12139,PSG1
12140,PSG2
12141,PSG3
12142,PSG4
12143,PSG5
12144,PSG6
12145,PSG8
12146,PSG9
12147,PSIP1
12148,PSKH1
12149,PSKH2
12150,PSMA1
12151,PSMA2
12152,PSMA3
12153,PSMA3-AS1
12154,PSMA4
12155,PSMA5
12156,PSMA6
12157,PSMA7
12158,PSMA8
12159,PSMB1
12160,PSMB10
12161,PSMB11
12162,PSMB2
12163,PSMB3
12164,PSMB4
12165,PSMB5
12166,PSMB6
12167,PSMB7
12168,PSMC1
12169,PSMC2
12170,PSMC3
12171,PSMC3IP
12172,PSMC5
12173,PSMC6
12174,PSMD1
12175,PSMD10
12176,PSMD11
12177,PSMD12
12178,PSMD13
12179,PSMD14
12180,PSMD2
12181,PSMD3
12182,PSMD4
12183,PSMD5
12184,PSMD6
12185,PSMD6-AS2
12186,PSMD7
12187,PSMD8
12188,PSMD9
12189,PSME3
12190,PSME4
12191,PSMF1
12192,PSMG1
12193,PSMG2
12194,PSMG3
12195,PSMG3-AS1
12196,PSMG4
12197,PSORS1C2
12198,PSPC1
12199,PSPH
12200,PSPN
12201,PSRC1
12202,PSTK
12203,PSTPIP1
12204,PSTPIP2
12205,PTAFR
12206,PTAR1
12207,PTBP1
12208,PTBP2
12209,PTBP3
12210,PTCD1
12211,PTCD2
12212,PTCD3
12213,PTCH1
12214,PTCH2
12215,PTCHD1
12216,PTCHD4
12217,PTCRA
12218,PTCSC2
12219,PTCSC3
12220,PTDSS1
12221,PTENP1-AS
12222,PTER
12223,PTF1A
12224,PTGDR
12225,PTGDR2
12226,PTGDS
12227,PTGER1
12228,PTGER2
12229,PTGER3
12230,PTGER4
12231,PTGES
12232,PTGES2
12233,PTGES3
12234,PTGES3L
12235,PTGES3L-AARSD1
12236,PTGFR
12237,PTGFRN
12238,PTGIR
12239,PTGIS
12240,PTGR1
12241,PTGR2
12242,PTGS1
12243,PTGS2
12244,PTH1R
12245,PTH2
12246,PTH2R
12247,PTHLH
12248,PTK2
12249,PTK2B
12250,PTK6
12251,PTK7
12252,PTMA
12253,PTMS
12254,PTN
12255,PTOV1
12256,PTOV1-AS1
12257,PTP4A1
12258,PTP4A2
12259,PTPDC1
12260,PTPMT1
12261,PTPN1
12262,PTPN11
12263,PTPN12
12264,PTPN13
12265,PTPN14
12266,PTPN18
12267,PTPN2
12268,PTPN20
12269,PTPN21
12270,PTPN22
12271,PTPN23
12272,PTPN3
12273,PTPN4
12274,PTPN5
12275,PTPN6
12276,PTPN7
12277,PTPN9
12278,PTPRA
12279,PTPRB
12280,PTPRCAP
12281,PTPRD
12282,PTPRD-AS1
12283,PTPRE
12284,PTPRF
12285,PTPRG
12286,PTPRH
12287,PTPRJ
12288,PTPRM
12289,PTPRN
12290,PTPRO
12291,PTPRQ
12292,PTPRR
12293,PTPRS
12294,PTPRT
12295,PTPRU
12296,PTPRZ1
12297,PTRH1
12298,PTRH2
12299,PTRHD1
12300,PTS
12301,PTTG1
12302,PTTG1IP
12303,PTTG2
12304,PTX3
12305,PTX4
12306,PUDP
12307,PUF60
12308,PUM1
12309,PUM2
12310,PUM3
12311,PURA
12312,PURB
12313,PURG
12314,PUS1
12315,PUS10
12316,PUS3
12317,PUS7
12318,PUS7L
12319,PUSL1
12320,PVALB
12321,PVR
12322,PVRIG
12323,PVT1
12324,PWP1
12325,PWP2
12326,PWRN1
12327,PWRN2
12328,PWWP2A
12329,PWWP2B
12330,PXDC1
12331,PXDN
12332,PXDNL
12333,PXK
12334,PXMP2
12335,PXMP4
12336,PXN
12337,PXN-AS1
12338,PXT1
12339,PXYLP1
12340,PYCARD
12341,PYCARD-AS1
12342,PYCR1
12343,PYCR2
12344,PYDC1
12345,PYDC2
12346,PYGB
12347,PYGL
12348,PYGM
12349,PYGO1
12350,PYGO2
12351,PYHIN1
12352,PYM1
12353,PYROXD1
12354,PYROXD2
12355,PYURF
12356,PYY
12357,PZP
12358,QDPR
12359,QKI
12360,QPCT
12361,QPCTL
12362,QPRT
12363,QRFP
12364,QRFPR
12365,QRICH1
12366,QRICH2
12367,QRSL1
12368,QSER1
12369,QSOX1
12370,QSOX2
12371,QTRT1
12372,R3HCC1
12373,R3HCC1L
12374,R3HDM1
12375,R3HDM2
12376,R3HDM4
12377,R3HDML
12378,RAB10
12379,RAB11A
12380,RAB11B
12381,RAB11B-AS1
12382,RAB11FIP1
12383,RAB11FIP2
12384,RAB11FIP4
12385,RAB11FIP5
12386,RAB12
12387,RAB13
12388,RAB14
12389,RAB15
12390,RAB17
12391,RAB18
12392,RAB19
12393,RAB1A
12394,RAB1B
12395,RAB20
12396,RAB21
12397,RAB22A
12398,RAB23
12399,RAB24
12400,RAB25
12401,RAB26
12402,RAB27A
12403,RAB27B
12404,RAB28
12405,RAB29
12406,RAB2A
12407,RAB2B
12408,RAB30
12409,RAB31
12410,RAB32
12411,RAB33A
12412,RAB33B
12413,RAB34
12414,RAB35
12415,RAB36
12416,RAB37
12417,RAB38
12418,RAB39A
12419,RAB39B
12420,RAB3A
12421,RAB3B
12422,RAB3C
12423,RAB3D
12424,RAB3GAP1
12425,RAB3GAP2
12426,RAB3IL1
12427,RAB3IP
12428,RAB40A
12429,RAB40AL
12430,RAB40B
12431,RAB40C
12432,RAB41
12433,RAB42
12434,RAB43
12435,RAB44
12436,RAB4A
12437,RAB4B
12438,RAB5A
12439,RAB5B
12440,RAB5C
12441,RAB6A
12442,RAB6B
12443,RAB6C
12444,RAB7A
12445,RAB7B
12446,RAB8A
12447,RAB8B
12448,RAB9A
12449,RAB9B
12450,RABAC1
12451,RABEP1
12452,RABEP2
12453,RABEPK
12454,RABGAP1
12455,RABGAP1L
12456,RABGEF1
12457,RABGGTA
12458,RABGGTB
12459,RABIF
12460,RABL2A
12461,RABL2B
12462,RABL3
12463,RABL6
12464,RAC1
12465,RAC2
12466,RAC3
12467,RACGAP1
12468,RAD1
12469,RAD17
12470,RAD18
12471,RAD21
12472,RAD21-AS1
12473,RAD21L1
12474,RAD23A
12475,RAD23B
12476,RAD50
12477,RAD51
12478,RAD51AP1
12479,RAD51AP2
12480,RAD51B
12481,RAD51C
12482,RAD51D
12483,RAD52
12484,RAD54B
12485,RAD54L
12486,RAD54L2
12487,RAD9A
12488,RAD9B
12489,RADIL
12490,RAE1
12491,RAET1E
12492,RAET1E-AS1
12493,RAET1G
12494,RAET1L
12495,RAF1
12496,RAG1
12497,RAG2
12498,RAI1
12499,RAI1-AS1
12500,RAI14
12501,RAI2
12502,RALA
12503,RALB
12504,RALBP1
12505,RALGAPA1
12506,RALGAPA2
12507,RALGAPB
12508,RALGDS
12509,RALGPS1
12510,RALGPS2
12511,RALY
12512,RALYL
12513,RAMP1
12514,RAMP2
12515,RAMP2-AS1
12516,RAMP3
12517,RAN
12518,RANBP1
12519,RANBP10
12520,RANBP17
12521,RANBP2
12522,RANBP3
12523,RANBP3L
12524,RANBP6
12525,RANBP9
12526,RANGAP1
12527,RANGRF
12528,RAP1A
12529,RAP1B
12530,RAP1GAP
12531,RAP1GAP2
12532,RAP1GDS1
12533,RAP2A
12534,RAP2B
12535,RAP2C
12536,RAP2C-AS1
12537,RAPGEF1
12538,RAPGEF2
12539,RAPGEF3
12540,RAPGEF4
12541,RAPGEF4-AS1
12542,RAPGEF5
12543,RAPGEF6
12544,RAPGEFL1
12545,RAPH1
12546,RAPSN
12547,RARA
12548,RARA-AS1
12549,RARB
12550,RARG
12551,RARRES1
12552,RARRES2
12553,RARS2
12554,RASA1
12555,RASA2
12556,RASA4
12557,RASA4B
12558,RASAL1
12559,RASAL2
12560,RASAL2-AS1
12561,RASAL3
12562,RASD1
12563,RASD2
12564,RASEF
12565,RASGEF1A
12566,RASGEF1B
12567,RASGEF1C
12568,RASGRF1
12569,RASGRF2
12570,RASGRP1
12571,RASGRP2
12572,RASGRP3
12573,RASGRP4
12574,RASIP1
12575,RASL10A
12576,RASL10B
12577,RASL11A
12578,RASL11B
12579,RASL12
12580,RASSF1
12581,RASSF1-AS1
12582,RASSF10
12583,RASSF2
12584,RASSF3
12585,RASSF4
12586,RASSF5
12587,RASSF6
12588,RASSF7
12589,RASSF8
12590,RASSF8-AS1
12591,RASSF9
12592,RAVER1
12593,RAVER2
12594,RAX
12595,RAX2
12596,RB1
12597,RB1CC1
12598,RBAK
12599,RBAK-RBAKDN
12600,RBAKDN
12601,RBBP4
12602,RBBP5
12603,RBBP6
12604,RBBP7
12605,RBBP8
12606,RBBP8NL
12607,RBBP9
12608,RBCK1
12609,RBFA
12610,RBFOX1
12611,RBFOX3
12612,RBKS
12613,RBL1
12614,RBL2
12615,RBM10
12616,RBM11
12617,RBM12
12618,RBM12B
12619,RBM14
12620,RBM14-RBM4
12621,RBM15
12622,RBM15B
12623,RBM17
12624,RBM18
12625,RBM19
12626,RBM20
12627,RBM22
12628,RBM23
12629,RBM24
12630,RBM25
12631,RBM26
12632,RBM26-AS1
12633,RBM27
12634,RBM28
12635,RBM3
12636,RBM33
12637,RBM34
12638,RBM38
12639,RBM39
12640,RBM4
12641,RBM41
12642,RBM42
12643,RBM43
12644,RBM44
12645,RBM45
12646,RBM46
12647,RBM47
12648,RBM48
12649,RBM4B
12650,RBM5
12651,RBM5-AS1
12652,RBM6
12653,RBM7
12654,RBM8A
12655,RBMS1
12656,RBMS2
12657,RBMS3
12658,RBMS3-AS2
12659,RBMS3-AS3
12660,RBMX
12661,RBMX2
12662,RBMXL1
12663,RBMXL2
12664,RBMY1E
12665,RBP1
12666,RBP2
12667,RBP3
12668,RBP4
12669,RBP7
12670,RBPJ
12671,RBPJL
12672,RBPMS
12673,RBPMS-AS1
12674,RBPMS2
12675,RBSN
12676,RBX1
12677,RC3H1
12678,RC3H2
12679,RCAN1
12680,RCAN2
12681,RCAN3
12682,RCBTB1
12683,RCBTB2
12684,RCC1
12685,RCCD1
12686,RCE1
12687,RCHY1
12688,RCL1
12689,RCN1
12690,RCN2
12691,RCN3
12692,RCOR1
12693,RCOR2
12694,RCOR3
12695,RCSD1
12696,RCVRN
12697,RD3
12698,RDH10
12699,RDH10-AS1
12700,RDH11
12701,RDH12
12702,RDH14
12703,RDH16
12704,RDH5
12705,RDH8
12706,RDM1
12707,RDX
12708,REC114
12709,RECK
12710,RECQL
12711,RECQL4
12712,RECQL5
12713,REEP1
12714,REEP2
12715,REEP3
12716,REEP4
12717,REEP5
12718,REEP6
12719,REG1A
12720,REG1B
12721,REG3A
12722,REG3G
12723,REG4
12724,REL
12725,RELA
12726,RELB
12727,RELL1
12728,RELL2
12729,RELN
12730,RELT
12731,REM1
12732,REM2
12733,REN
12734,RENBP
12735,REP15
12736,REPIN1
12737,REPS1
12738,REPS2
12739,RER1
12740,RERE
12741,RERG
12742,RERG-AS1
12743,RERGL
12744,RESP18
12745,REST
12746,RET
12747,RETN
12748,RETSAT
12749,REV1
12750,REV3L
12751,REXO1
12752,REXO2
12753,REXO4
12754,RFC1
12755,RFC2
12756,RFC3
12757,RFC4
12758,RFC5
12759,RFESD
12760,RFFL
12761,RFK
12762,RFNG
12763,RFPL1
12764,RFPL2
12765,RFPL3
12766,RFPL3S
12767,RFPL4A
12768,RFPL4AL1
12769,RFPL4B
12770,RFT1
12771,RFTN1
12772,RFTN2
12773,RFWD3
12774,RFX2
12775,RFX3
12776,RFX4
12777,RFX5
12778,RFX6
12779,RFX7
12780,RFX8
12781,RFXANK
12782,RFXAP
12783,RGCC
12784,RGL1
12785,RGL3
12786,RGL4
12787,RGMA
12788,RGMB
12789,RGMB-AS1
12790,RGN
12791,RGP1
12792,RGPD1
12793,RGPD2
12794,RGPD3
12795,RGPD4
12796,RGPD5
12797,RGPD6
12798,RGPD8
12799,RGR
12800,RGS1
12801,RGS10
12802,RGS11
12803,RGS12
12804,RGS13
12805,RGS14
12806,RGS16
12807,RGS17
12808,RGS18
12809,RGS19
12810,RGS2
12811,RGS20
12812,RGS22
12813,RGS3
12814,RGS4
12815,RGS5
12816,RGS6
12817,RGS7
12818,RGS7BP
12819,RGS8
12820,RGS9
12821,RGS9BP
12822,RGSL1
12823,RHAG
12824,RHBDD1
12825,RHBDD2
12826,RHBDD3
12827,RHBDF1
12828,RHBDF2
12829,RHBDL1
12830,RHBDL2
12831,RHBDL3
12832,RHBG
12833,RHCE
12834,RHCG
12835,RHD
12836,RHEB
12837,RHEBL1
12838,RHNO1
12839,RHO
12840,RHOA
12841,RHOB
12842,RHOBTB1
12843,RHOBTB2
12844,RHOBTB3
12845,RHOC
12846,RHOD
12847,RHOF
12848,RHOG
12849,RHOH
12850,RHOJ
12851,RHOQ
12852,RHOT1
12853,RHOT2
12854,RHOU
12855,RHOV
12856,RHOXF1
12857,RHOXF1-AS1
12858,RHOXF2
12859,RHOXF2B
12860,RHPN1
12861,RHPN1-AS1
12862,RHPN2
12863,RIBC1
12864,RIBC2
12865,RIC1
12866,RIC3
12867,RIC8A
12868,RIC8B
12869,RICTOR
12870,RIF1
12871,RIIAD1
12872,RILPL1
12873,RILPL2
12874,RIMBP2
12875,RIMBP3
12876,RIMBP3C
12877,RIMKLA
12878,RIMKLB
12879,RIMS1
12880,RIMS2
12881,RIMS3
12882,RIMS4
12883,RIN1
12884,RIN2
12885,RIN3
12886,RING1
12887,RINL
12888,RINT1
12889,RIOK1
12890,RIOK2
12891,RIOK3
12892,RIPK1
12893,RIPK2
12894,RIPK4
12895,RIPPLY1
12896,RIPPLY2
12897,RIPPLY3
12898,RIT1
12899,RIT2
12900,RITA1
12901,RLBP1
12902,RLF
12903,RLIM
12904,RLN1
12905,RLN2
12906,RMDN1
12907,RMDN2
12908,RMDN3
12909,RMI1
12910,RMI2
12911,RMND1
12912,RMND5A
12913,RMND5B
12914,RMRP
12915,RN7SL832P
12916,RNASE1
12917,RNASE13
12918,RNASE2
12919,RNASE3
12920,RNASE4
12921,RNASE6
12922,RNASE7
12923,RNASE9
12924,RNASEH1
12925,RNASEH2A
12926,RNASEH2B
12927,RNASEH2C
12928,RNASEK
12929,RNASEK-C17orf49
12930,RNASEL
12931,RNASET2
12932,RND1
12933,RND2
12934,RND3
12935,RNF10
12936,RNF103
12937,RNF103-CHMP3
12938,RNF11
12939,RNF111
12940,RNF112
12941,RNF113A
12942,RNF113B
12943,RNF114
12944,RNF115
12945,RNF121
12946,RNF122
12947,RNF123
12948,RNF125
12949,RNF126
12950,RNF128
12951,RNF13
12952,RNF130
12953,RNF133
12954,RNF135
12955,RNF138
12956,RNF14
12957,RNF141
12958,RNF144A
12959,RNF144B
12960,RNF145
12961,RNF146
12962,RNF148
12963,RNF149
12964,RNF150
12965,RNF152
12966,RNF157
12967,RNF166
12968,RNF167
12969,RNF168
12970,RNF169
12971,RNF17
12972,RNF170
12973,RNF175
12974,RNF180
12975,RNF181
12976,RNF182
12977,RNF183
12978,RNF185
12979,RNF186
12980,RNF187
12981,RNF19A
12982,RNF19B
12983,RNF2
12984,RNF20
12985,RNF207
12986,RNF208
12987,RNF212
12988,RNF212B
12989,RNF213
12990,RNF214
12991,RNF215
12992,RNF216
12993,RNF217
12994,RNF217-AS1
12995,RNF220
12996,RNF222
12997,RNF223
12998,RNF224
12999,RNF225
13000,RNF24
13001,RNF25
13002,RNF26
13003,RNF31
13004,RNF32
13005,RNF34
13006,RNF38
13007,RNF4
13008,RNF40
13009,RNF41
13010,RNF43
13011,RNF44
13012,RNF6
13013,RNF7
13014,RNF8
13015,RNFT1
13016,RNFT2
13017,RNGTT
13018,RNH1
13019,RNLS
13020,RNMT
13021,RNPC3
13022,RNPEP
13023,RNPEPL1
13024,RNPS1
13025,RNU11
13026,RNU12
13027,ROBO1
13028,ROBO2
13029,ROBO3
13030,ROBO4
13031,ROCK1
13032,ROCK2
13033,ROGDI
13034,ROM1
13035,ROMO1
13036,ROPN1
13037,ROPN1B
13038,ROPN1L
13039,ROR1
13040,ROR1-AS1
13041,ROR2
13042,RORA
13043,RORA-AS1
13044,RORB
13045,RORC
13046,ROS1
13047,RP1
13048,RP1L1
13049,RP2
13050,RP9
13051,RPA1
13052,RPA2
13053,RPA3
13054,RPA4
13055,RPAIN
13056,RPAP1
13057,RPAP2
13058,RPAP3
13059,RPE
13060,RPE65
13061,RPEL1
13062,RPF1
13063,RPF2
13064,RPGR
13065,RPGRIP1
13066,RPGRIP1L
13067,RPH3A
13068,RPH3AL
13069,RPIA
13070,RPL10
13071,RPL10A
13072,RPL10L
13073,RPL11
13074,RPL12
13075,RPL13
13076,RPL13A
13077,RPL14
13078,RPL15
13079,RPL17
13080,RPL17-C18orf32
13081,RPL18
13082,RPL18A
13083,RPL19
13084,RPL21
13085,RPL22
13086,RPL22L1
13087,RPL23
13088,RPL23A
13089,RPL24
13090,RPL26
13091,RPL26L1
13092,RPL27
13093,RPL27A
13094,RPL28
13095,RPL29
13096,RPL3
13097,RPL30
13098,RPL31
13099,RPL32
13100,RPL34
13101,RPL35
13102,RPL35A
13103,RPL36
13104,RPL36A
13105,RPL36A-HNRNPH2
13106,RPL36AL
13107,RPL37
13108,RPL37A
13109,RPL38
13110,RPL39
13111,RPL39L
13112,RPL3L
13113,RPL4
13114,RPL41
13115,RPL5
13116,RPL6
13117,RPL7
13118,RPL7A
13119,RPL7L1
13120,RPL8
13121,RPL9
13122,RPLP0
13123,RPLP1
13124,RPLP2
13125,RPN1
13126,RPP14
13127,RPP25
13128,RPP25L
13129,RPP30
13130,RPP38
13131,RPP40
13132,RPRD1A
13133,RPRD1B
13134,RPRD2
13135,RPRM
13136,RPRML
13137,RPS10
13138,RPS10-NUDT3
13139,RPS11
13140,RPS12
13141,RPS13
13142,RPS14
13143,RPS15
13144,RPS15A
13145,RPS16
13146,RPS17
13147,RPS19
13148,RPS19BP1
13149,RPS20
13150,RPS21
13151,RPS23
13152,RPS24
13153,RPS25
13154,RPS26
13155,RPS27
13156,RPS27A
13157,RPS27L
13158,RPS28
13159,RPS29
13160,RPS3
13161,RPS3A
13162,RPS4X
13163,RPS4Y1
13164,RPS4Y2
13165,RPS5
13166,RPS6
13167,RPS6KA2
13168,RPS6KA3
13169,RPS6KA4
13170,RPS6KA5
13171,RPS6KA6
13172,RPS6KB1
13173,RPS6KB2
13174,RPS6KC1
13175,RPS6KL1
13176,RPS7
13177,RPS8
13178,RPSA
13179,RPTN
13180,RPTOR
13181,RPUSD1
13182,RPUSD2
13183,RPUSD3
13184,RPUSD4
13185,RRAD
13186,RRAGA
13187,RRAGB
13188,RRAGC
13189,RRAGD
13190,RRAS
13191,RRAS2
13192,RRBP1
13193,RREB1
13194,RRH
13195,RRM1
13196,RRM2
13197,RRM2B
13198,RRN3
13199,RRP1
13200,RRP12
13201,RRP15
13202,RRP1B
13203,RRP36
13204,RRP7A
13205,RRP8
13206,RRP9
13207,RRS1
13208,RS1
13209,RSAD1
13210,RSAD2
13211,RSBN1
13212,RSBN1L
13213,RSF1
13214,RSL1D1
13215,RSL24D1
13216,RSPH1
13217,RSPH10B
13218,RSPH10B2
13219,RSPH14
13220,RSPH3
13221,RSPH4A
13222,RSPH6A
13223,RSPH9
13224,RSPO1
13225,RSPO2
13226,RSPO3
13227,RSPO4
13228,RSPRY1
13229,RSRC1
13230,RSRC2
13231,RSRP1
13232,RSU1
13233,RTBDN
13234,RTCA
13235,RTCB
13236,RTEL1
13237,RTEL1-TNFRSF6B
13238,RTF1
13239,RTKN
13240,RTKN2
13241,RTL1
13242,RTN1
13243,RTN2
13244,RTN3
13245,RTN4
13246,RTN4IP1
13247,RTN4R
13248,RTN4RL1
13249,RTN4RL2
13250,RTP2
13251,RTP3
13252,RTP4
13253,RTP5
13254,RTTN
13255,RUBCN
13256,RUFY2
13257,RUFY3
13258,RUFY4
13259,RUNDC1
13260,RUNDC3A
13261,RUNDC3B
13262,RUNX1
13263,RUNX1T1
13264,RUNX2
13265,RUNX3
13266,RUSC1
13267,RUSC1-AS1
13268,RUSC2
13269,RUVBL1
13270,RUVBL1-AS1
13271,RUVBL2
13272,RWDD1
13273,RWDD2A
13274,RWDD3
13275,RWDD4
13276,RXFP1
13277,RXFP2
13278,RXFP4
13279,RXRA
13280,RXRG
13281,RYBP
13282,RYK
13283,RYR1
13284,RYR2
13285,RYR3
13286,S100A1
13287,S100A10
13288,S100A11
13289,S100A12
13290,S100A13
13291,S100A14
13292,S100A16
13293,S100A2
13294,S100A3
13295,S100A4
13296,S100A5
13297,S100A6
13298,S100A7
13299,S100A7A
13300,S100A8
13301,S100A9
13302,S100B
13303,S100G
13304,S100P
13305,S100PBP
13306,S100Z
13307,S1PR1
13308,S1PR2
13309,S1PR3
13310,S1PR4
13311,S1PR5
13312,SAA2
13313,SAA2-SAA4
13314,SAA4
13315,SAAL1
13316,SAC3D1
13317,SACM1L
13318,SACS
13319,SACS-AS1
13320,SAE1
13321,SAFB
13322,SAFB2
13323,SAG
13324,SAGE1
13325,SALL1
13326,SALL2
13327,SALL3
13328,SALL4
13329,SALRNA2
13330,SAMD10
13331,SAMD11
13332,SAMD12
13333,SAMD13
13334,SAMD14
13335,SAMD15
13336,SAMD3
13337,SAMD4A
13338,SAMD4B
13339,SAMD5
13340,SAMD7
13341,SAMD8
13342,SAMD9
13343,SAMD9L
13344,SAMHD1
13345,SAMM50
13346,SAMSN1
13347,SAMSN1-AS1
13348,SAP130
13349,SAP18
13350,SAP25
13351,SAP30
13352,SAP30BP
13353,SAP30L
13354,SAP30L-AS1
13355,SAPCD2
13356,SAR1A
13357,SAR1B
13358,SARAF
13359,SARDH
13360,SARM1
13361,SARNP
13362,SART1
13363,SART3
13364,SASH1
13365,SASH3
13366,SASS6
13367,SAT1
13368,SAT2
13369,SATB1
13370,SATB2
13371,SATB2-AS1
13372,SATL1
13373,SAV1
13374,SAXO1
13375,SAXO2
13376,SAYSD1
13377,SBDS
13378,SBF1
13379,SBF2
13380,SBF2-AS1
13381,SBK1
13382,SBK3
13383,SBNO1
13384,SBNO2
13385,SBSN
13386,SBSPON
13387,SC5D
13388,SCAANT1
13389,SCAF1
13390,SCAF11
13391,SCAF4
13392,SCAF8
13393,SCAI
13394,SCAMP1
13395,SCAMP1-AS1
13396,SCAMP2
13397,SCAMP3
13398,SCAMP4
13399,SCAMP5
13400,SCAND1
13401,SCAP
13402,SCAPER
13403,SCARA3
13404,SCARA5
13405,SCARB1
13406,SCARB2
13407,SCARF1
13408,SCARF2
13409,SCARNA2
13410,SCARNA9
13411,SCCPDH
13412,SCD
13413,SCD5
13414,SCEL
13415,SCFD1
13416,SCFD2
13417,SCG2
13418,SCG3
13419,SCG5
13420,SCGB1A1
13421,SCGB1C1
13422,SCGB1C2
13423,SCGB1D1
13424,SCGB1D2
13425,SCGB1D4
13426,SCGB2A1
13427,SCGB2A2
13428,SCGB2B2
13429,SCGB3A1
13430,SCGB3A2
13431,SCGN
13432,SCHIP1
13433,SCHLAP1
13434,SCIMP
13435,SCIN
13436,SCLT1
13437,SCLY
13438,SCMH1
13439,SCML1
13440,SCML2
13441,SCML4
13442,SCN10A
13443,SCN11A
13444,SCN1A
13445,SCN1B
13446,SCN2A
13447,SCN2B
13448,SCN3A
13449,SCN3B
13450,SCN4A
13451,SCN4B
13452,SCN5A
13453,SCN7A
13454,SCN8A
13455,SCN9A
13456,SCNM1
13457,SCNN1A
13458,SCNN1B
13459,SCNN1D
13460,SCNN1G
13461,SCO1
13462,SCO2
13463,SCOC
13464,SCOC-AS1
13465,SCP2
13466,SCPEP1
13467,SCRG1
13468,SCRIB
13469,SCRN1
13470,SCRN2
13471,SCRN3
13472,SCRT1
13473,SCTR
13474,SCUBE1
13475,SCUBE2
13476,SCUBE3
13477,SCX
13478,SCYL1
13479,SCYL2
13480,SCYL3
13481,SDAD1
13482,SDC1
13483,SDC2
13484,SDC3
13485,SDC4
13486,SDCBP
13487,SDCBP2
13488,SDCBP2-AS1
13489,SDE2
13490,SDF2
13491,SDF2L1
13492,SDF4
13493,SDHA
13494,SDHAF1
13495,SDHAF2
13496,SDHAF3
13497,SDHAF4
13498,SDHB
13499,SDHC
13500,SDHD
13501,SDK1
13502,SDK2
13503,SDR16C5
13504,SDR39U1
13505,SDR42E1
13506,SDR42E2
13507,SDR9C7
13508,SDS
13509,SDSL
13510,SEC11A
13511,SEC11C
13512,SEC13
13513,SEC14L1
13514,SEC14L2
13515,SEC14L3
13516,SEC14L4
13517,SEC14L5
13518,SEC14L6
13519,SEC16A
13520,SEC16B
13521,SEC22A
13522,SEC22B
13523,SEC22C
13524,SEC23A
13525,SEC23B
13526,SEC23IP
13527,SEC24A
13528,SEC24B
13529,SEC24B-AS1
13530,SEC24C
13531,SEC24D
13532,SEC31A
13533,SEC31B
13534,SEC61A1
13535,SEC61A2
13536,SEC61B
13537,SEC61G
13538,SEC62
13539,SEC63
13540,SECISBP2
13541,SECISBP2L
13542,SECTM1
13543,SEH1L
13544,SEL1L
13545,SEL1L2
13546,SEL1L3
13547,SELE
13548,SELENBP1
13549,SELL
13550,SELP
13551,SELPLG
13552,SEMA3A
13553,SEMA3B
13554,SEMA3C
13555,SEMA3D
13556,SEMA3E
13557,SEMA3F
13558,SEMA3F-AS1
13559,SEMA3G
13560,SEMA4A
13561,SEMA4B
13562,SEMA4C
13563,SEMA4D
13564,SEMA4F
13565,SEMA4G
13566,SEMA5A
13567,SEMA5B
13568,SEMA6A
13569,SEMA6A-AS1
13570,SEMA6B
13571,SEMA6C
13572,SEMA6D
13573,SEMA7A
13574,SEMG1
13575,SEMG2
13576,SENCR
13577,SENP1
13578,SENP2
13579,SENP3
13580,SENP5
13581,SENP6
13582,SENP7
13583,SENP8
13584,SEPHS1
13585,SEPHS2
13586,SEPSECS
13587,SEPSECS-AS1
13588,SERAC1
13589,SERBP1
13590,SERF1A
13591,SERF2
13592,SERGEF
13593,SERHL2
13594,SERINC1
13595,SERINC2
13596,SERINC3
13597,SERINC4
13598,SERINC5
13599,SERP1
13600,SERP2
13601,SERPINA11
13602,SERPINA3
13603,SERPINA4
13604,SERPINA5
13605,SERPINA6
13606,SERPINA7
13607,SERPINA9
13608,SERPINB1
13609,SERPINB10
13610,SERPINB11
13611,SERPINB12
13612,SERPINB13
13613,SERPINB2
13614,SERPINB3
13615,SERPINB4
13616,SERPINB5
13617,SERPINB6
13618,SERPINB7
13619,SERPINB8
13620,SERPINB9
13621,SERPINC1
13622,SERPIND1
13623,SERPINE1
13624,SERPINE2
13625,SERPINE3
13626,SERPINF2
13627,SERPING1
13628,SERPINH1
13629,SERPINI1
13630,SERPINI2
13631,SERTAD1
13632,SERTAD2
13633,SERTAD3
13634,SERTAD4
13635,SERTM1
13636,SESN1
13637,SESN3
13638,SESTD1
13639,SET
13640,SETBP1
13641,SETD1A
13642,SETD1B
13643,SETD2
13644,SETD3
13645,SETD4
13646,SETD5
13647,SETD6
13648,SETD7
13649,SETD9
13650,SETDB1
13651,SETDB2
13652,SETMAR
13653,SETSIP
13654,SETX
13655,SEZ6
13656,SEZ6L
13657,SEZ6L2
13658,SF1
13659,SF3A1
13660,SF3A2
13661,SF3A3
13662,SF3B1
13663,SF3B2
13664,SF3B3
13665,SF3B4
13666,SF3B5
13667,SF3B6
13668,SFI1
13669,SFMBT1
13670,SFMBT2
13671,SFN
13672,SFPQ
13673,SFR1
13674,SFRP1
13675,SFRP2
13676,SFRP4
13677,SFRP5
13678,SFSWAP
13679,SFT2D1
13680,SFT2D2
13681,SFT2D3
13682,SFTA1P
13683,SFTA2
13684,SFTA3
13685,SFTPA1
13686,SFTPA2
13687,SFTPB
13688,SFTPC
13689,SFTPD
13690,SFXN1
13691,SFXN2
13692,SFXN3
13693,SFXN4
13694,SFXN5
13695,SGCA
13696,SGCB
13697,SGCD
13698,SGCE
13699,SGCG
13700,SGCZ
13701,SGF29
13702,SGIP1
13703,SGK1
13704,SGK2
13705,SGK3
13706,SGMS1
13707,SGMS2
13708,SGPL1
13709,SGPP2
13710,SGSH
13711,SGSM1
13712,SGSM2
13713,SGSM3
13714,SGTA
13715,SGTB
13716,SH2B1
13717,SH2B2
13718,SH2B3
13719,SH2D1A
13720,SH2D1B
13721,SH2D2A
13722,SH2D3A
13723,SH2D3C
13724,SH2D4A
13725,SH2D4B
13726,SH2D5
13727,SH2D6
13728,SH2D7
13729,SH3BGR
13730,SH3BGRL
13731,SH3BGRL2
13732,SH3BGRL3
13733,SH3BP1
13734,SH3BP2
13735,SH3BP4
13736,SH3BP5
13737,SH3BP5-AS1
13738,SH3BP5L
13739,SH3D19
13740,SH3D21
13741,SH3GL1
13742,SH3GL2
13743,SH3GL3
13744,SH3GLB1
13745,SH3GLB2
13746,SH3KBP1
13747,SH3PXD2A
13748,SH3PXD2A-AS1
13749,SH3PXD2B
13750,SH3RF1
13751,SH3RF2
13752,SH3RF3
13753,SH3TC1
13754,SH3TC2
13755,SH3YL1
13756,SHANK1
13757,SHANK2
13758,SHANK2-AS1
13759,SHANK2-AS3
13760,SHARPIN
13761,SHB
13762,SHBG
13763,SHC1
13764,SHC2
13765,SHC3
13766,SHC4
13767,SHCBP1
13768,SHCBP1L
13769,SHD
13770,SHE
13771,SHF
13772,SHH
13773,SHISA2
13774,SHISA3
13775,SHISA4
13776,SHISA5
13777,SHISA6
13778,SHISA7
13779,SHISA8
13780,SHISA9
13781,SHKBP1
13782,SHMT1
13783,SHMT2
13784,SHOC2
13785,SHOX
13786,SHOX2
13787,SHPK
13788,SHPRH
13789,SHQ1
13790,SHROOM1
13791,SHROOM2
13792,SHROOM3
13793,SHROOM4
13794,SHTN1
13795,SI
13796,SIAE
13797,SIAH1
13798,SIAH2
13799,SIAH3
13800,SIDT1
13801,SIDT2
13802,SIGIRR
13803,SIGLEC1
13804,SIGLEC10
13805,SIGLEC11
13806,SIGLEC12
13807,SIGLEC14
13808,SIGLEC15
13809,SIGLEC5
13810,SIGLEC6
13811,SIGLEC7
13812,SIGLEC8
13813,SIGLEC9
13814,SIGLECL1
13815,SIGMAR1
13816,SIK1
13817,SIK2
13818,SIK3
13819,SIKE1
13820,SIL1
13821,SIM1
13822,SIM2
13823,SIMC1
13824,SIN3A
13825,SIN3B
13826,SIPA1
13827,SIPA1L1
13828,SIPA1L2
13829,SIPA1L3
13830,SIRPA
13831,SIRPB1
13832,SIRPB2
13833,SIRPD
13834,SIRPG
13835,SIRPG-AS1
13836,SIRT1
13837,SIRT2
13838,SIRT3
13839,SIRT4
13840,SIRT5
13841,SIRT6
13842,SIRT7
13843,SIT1
13844,SIVA1
13845,SIX1
13846,SIX2
13847,SIX3
13848,SIX3-AS1
13849,SIX4
13850,SIX5
13851,SIX6
13852,SKA2
13853,SKA3
13854,SKAP1
13855,SKAP2
13856,SKI
13857,SKIDA1
13858,SKIL
13859,SKOR1
13860,SKOR2
13861,SKP1
13862,SKP2
13863,SLA
13864,SLA2
13865,SLAIN1
13866,SLAIN2
13867,SLAMF1
13868,SLAMF6
13869,SLAMF7
13870,SLAMF8
13871,SLAMF9
13872,SLBP
13873,SLC10A1
13874,SLC10A2
13875,SLC10A3
13876,SLC10A4
13877,SLC10A5
13878,SLC10A6
13879,SLC10A7
13880,SLC11A1
13881,SLC11A2
13882,SLC12A1
13883,SLC12A2
13884,SLC12A3
13885,SLC12A4
13886,SLC12A5
13887,SLC12A6
13888,SLC12A8
13889,SLC12A9
13890,SLC13A1
13891,SLC13A2
13892,SLC13A3
13893,SLC13A4
13894,SLC13A5
13895,SLC14A1
13896,SLC14A2
13897,SLC15A1
13898,SLC15A2
13899,SLC15A3
13900,SLC15A4
13901,SLC15A5
13902,SLC16A1
13903,SLC16A1-AS1
13904,SLC16A10
13905,SLC16A11
13906,SLC16A12
13907,SLC16A12-AS1
13908,SLC16A13
13909,SLC16A14
13910,SLC16A2
13911,SLC16A3
13912,SLC16A4
13913,SLC16A5
13914,SLC16A6
13915,SLC16A7
13916,SLC16A8
13917,SLC16A9
13918,SLC17A1
13919,SLC17A3
13920,SLC17A4
13921,SLC17A5
13922,SLC17A7
13923,SLC17A8
13924,SLC17A9
13925,SLC18A1
13926,SLC18A2
13927,SLC18A3
13928,SLC18B1
13929,SLC19A1
13930,SLC19A2
13931,SLC19A3
13932,SLC1A1
13933,SLC1A2
13934,SLC1A3
13935,SLC1A4
13936,SLC1A5
13937,SLC1A6
13938,SLC1A7
13939,SLC20A1
13940,SLC20A2
13941,SLC22A1
13942,SLC22A10
13943,SLC22A11
13944,SLC22A13
13945,SLC22A14
13946,SLC22A15
13947,SLC22A16
13948,SLC22A17
13949,SLC22A2
13950,SLC22A23
13951,SLC22A25
13952,SLC22A3
13953,SLC22A31
13954,SLC22A4
13955,SLC22A5
13956,SLC22A6
13957,SLC22A7
13958,SLC22A8
13959,SLC22A9
13960,SLC23A1
13961,SLC23A2
13962,SLC23A3
13963,SLC24A1
13964,SLC24A2
13965,SLC24A3
13966,SLC24A4
13967,SLC24A5
13968,SLC25A1
13969,SLC25A10
13970,SLC25A11
13971,SLC25A12
13972,SLC25A13
13973,SLC25A14
13974,SLC25A15
13975,SLC25A16
13976,SLC25A17
13977,SLC25A18
13978,SLC25A19
13979,SLC25A2
13980,SLC25A20
13981,SLC25A21
13982,SLC25A21-AS1
13983,SLC25A22
13984,SLC25A23
13985,SLC25A24
13986,SLC25A25
13987,SLC25A26
13988,SLC25A27
13989,SLC25A28
13990,SLC25A29
13991,SLC25A3
13992,SLC25A30
13993,SLC25A31
13994,SLC25A32
13995,SLC25A33
13996,SLC25A34
13997,SLC25A35
13998,SLC25A36
13999,SLC25A37
14000,SLC25A38
14001,SLC25A39
14002,SLC25A4
14003,SLC25A40
14004,SLC25A41
14005,SLC25A42
14006,SLC25A43
14007,SLC25A44
14008,SLC25A45
14009,SLC25A46
14010,SLC25A47
14011,SLC25A48
14012,SLC25A5
14013,SLC25A51
14014,SLC25A52
14015,SLC25A53
14016,SLC26A1
14017,SLC26A11
14018,SLC26A2
14019,SLC26A3
14020,SLC26A4
14021,SLC26A5
14022,SLC26A6
14023,SLC26A7
14024,SLC26A8
14025,SLC26A9
14026,SLC27A1
14027,SLC27A2
14028,SLC27A3
14029,SLC27A4
14030,SLC27A5
14031,SLC27A6
14032,SLC28A1
14033,SLC28A2
14034,SLC28A3
14035,SLC29A1
14036,SLC29A2
14037,SLC29A3
14038,SLC29A4
14039,SLC2A1
14040,SLC2A10
14041,SLC2A12
14042,SLC2A13
14043,SLC2A14
14044,SLC2A2
14045,SLC2A3
14046,SLC2A4RG
14047,SLC2A5
14048,SLC2A7
14049,SLC2A8
14050,SLC2A9
14051,SLC30A1
14052,SLC30A10
14053,SLC30A2
14054,SLC30A3
14055,SLC30A4
14056,SLC30A5
14057,SLC30A6
14058,SLC30A7
14059,SLC30A8
14060,SLC30A9
14061,SLC31A1
14062,SLC31A2
14063,SLC32A1
14064,SLC33A1
14065,SLC34A1
14066,SLC34A2
14067,SLC34A3
14068,SLC35A1
14069,SLC35A3
14070,SLC35A4
14071,SLC35A5
14072,SLC35B1
14073,SLC35B2
14074,SLC35B3
14075,SLC35B4
14076,SLC35C1
14077,SLC35D1
14078,SLC35D2
14079,SLC35D3
14080,SLC35E1
14081,SLC35E2B
14082,SLC35E3
14083,SLC35E4
14084,SLC35F1
14085,SLC35F2
14086,SLC35F3
14087,SLC35F4
14088,SLC35F5
14089,SLC35F6
14090,SLC35G1
14091,SLC35G2
14092,SLC35G3
14093,SLC35G5
14094,SLC35G6
14095,SLC36A1
14096,SLC36A2
14097,SLC36A3
14098,SLC36A4
14099,SLC37A1
14100,SLC37A2
14101,SLC37A3
14102,SLC38A1
14103,SLC38A10
14104,SLC38A11
14105,SLC38A2
14106,SLC38A3
14107,SLC38A4
14108,SLC38A5
14109,SLC38A6
14110,SLC38A7
14111,SLC38A8
14112,SLC38A9
14113,SLC39A1
14114,SLC39A10
14115,SLC39A11
14116,SLC39A12
14117,SLC39A12-AS1
14118,SLC39A13
14119,SLC39A14
14120,SLC39A2
14121,SLC39A3
14122,SLC39A4
14123,SLC39A5
14124,SLC39A6
14125,SLC39A8
14126,SLC39A9
14127,SLC3A1
14128,SLC3A2
14129,SLC40A1
14130,SLC41A1
14131,SLC41A2
14132,SLC41A3
14133,SLC43A1
14134,SLC43A2
14135,SLC43A3
14136,SLC44A1
14137,SLC44A2
14138,SLC44A3
14139,SLC44A5
14140,SLC45A1
14141,SLC45A2
14142,SLC45A3
14143,SLC45A4
14144,SLC46A1
14145,SLC46A2
14146,SLC46A3
14147,SLC47A1
14148,SLC47A2
14149,SLC48A1
14150,SLC4A1
14151,SLC4A10
14152,SLC4A11
14153,SLC4A1AP
14154,SLC4A2
14155,SLC4A3
14156,SLC4A4
14157,SLC4A5
14158,SLC4A7
14159,SLC4A8
14160,SLC4A9
14161,SLC50A1
14162,SLC51A
14163,SLC51B
14164,SLC52A1
14165,SLC52A2
14166,SLC52A3
14167,SLC5A1
14168,SLC5A10
14169,SLC5A12
14170,SLC5A2
14171,SLC5A3
14172,SLC5A4
14173,SLC5A5
14174,SLC5A6
14175,SLC5A7
14176,SLC5A8
14177,SLC5A9
14178,SLC6A1
14179,SLC6A11
14180,SLC6A12
14181,SLC6A13
14182,SLC6A14
14183,SLC6A15
14184,SLC6A16
14185,SLC6A17
14186,SLC6A18
14187,SLC6A19
14188,SLC6A2
14189,SLC6A20
14190,SLC6A3
14191,SLC6A4
14192,SLC6A6
14193,SLC6A7
14194,SLC6A8
14195,SLC6A9
14196,SLC7A1
14197,SLC7A10
14198,SLC7A11
14199,SLC7A13
14200,SLC7A14
14201,SLC7A2
14202,SLC7A3
14203,SLC7A4
14204,SLC7A5
14205,SLC7A6
14206,SLC7A6OS
14207,SLC7A7
14208,SLC7A8
14209,SLC7A9
14210,SLC8A1
14211,SLC8A2
14212,SLC8A3
14213,SLC8B1
14214,SLC9A1
14215,SLC9A2
14216,SLC9A4
14217,SLC9A5
14218,SLC9A6
14219,SLC9A7
14220,SLC9A8
14221,SLC9A9
14222,SLC9A9-AS1
14223,SLC9B1
14224,SLC9B2
14225,SLC9C1
14226,SLC9C2
14227,SLCO1A2
14228,SLCO1B1
14229,SLCO1B3
14230,SLCO1C1
14231,SLCO2A1
14232,SLCO2B1
14233,SLCO3A1
14234,SLCO4A1
14235,SLCO4A1-AS1
14236,SLCO4C1
14237,SLCO5A1
14238,SLCO6A1
14239,SLF1
14240,SLF2
14241,SLFN11
14242,SLFN12
14243,SLFN12L
14244,SLFN13
14245,SLFN14
14246,SLFN5
14247,SLFNL1
14248,SLFNL1-AS1
14249,SLIRP
14250,SLIT1
14251,SLIT2
14252,SLIT3
14253,SLITRK1
14254,SLITRK2
14255,SLITRK3
14256,SLITRK4
14257,SLITRK5
14258,SLITRK6
14259,SLK
14260,SLMAP
14261,SLN
14262,SLPI
14263,SLTM
14264,SLU7
14265,SLURP1
14266,SLX1A
14267,SLX1B
14268,SLX4
14269,SLX4IP
14270,SMAD1
14271,SMAD1-AS1
14272,SMAD2
14273,SMAD3
14274,SMAD4
14275,SMAD5
14276,SMAD5-AS1
14277,SMAD6
14278,SMAD7
14279,SMAD9
14280,SMAGP
14281,SMAP1
14282,SMAP2
14283,SMARCA1
14284,SMARCA2
14285,SMARCA4
14286,SMARCA5
14287,SMARCAD1
14288,SMARCAL1
14289,SMARCB1
14290,SMARCC1
14291,SMARCC2
14292,SMARCD1
14293,SMARCD2
14294,SMARCD3
14295,SMARCE1
14296,SMC1A
14297,SMC1B
14298,SMC2
14299,SMC3
14300,SMC4
14301,SMC5
14302,SMC6
14303,SMCHD1
14304,SMCO1
14305,SMCO2
14306,SMCO3
14307,SMCO4
14308,SMCP
14309,SMCR2
14310,SMCR5
14311,SMCR8
14312,SMG1
14313,SMG5
14314,SMG6
14315,SMG7
14316,SMG8
14317,SMG9
14318,SMIM1
14319,SMIM10
14320,SMIM10L1
14321,SMIM10L2A
14322,SMIM10L2B
14323,SMIM12
14324,SMIM13
14325,SMIM14
14326,SMIM15
14327,SMIM17
14328,SMIM18
14329,SMIM19
14330,SMIM2
14331,SMIM2-AS1
14332,SMIM20
14333,SMIM21
14334,SMIM22
14335,SMIM24
14336,SMIM3
14337,SMIM5
14338,SMIM7
14339,SMIM8
14340,SMIM9
14341,SMKR1
14342,SMNDC1
14343,SMO
14344,SMOC1
14345,SMOC2
14346,SMOX
14347,SMPD1
14348,SMPD2
14349,SMPD3
14350,SMPD4
14351,SMPDL3A
14352,SMPDL3B
14353,SMPX
14354,SMR3A
14355,SMR3B
14356,SMS
14357,SMTN
14358,SMTNL1
14359,SMTNL2
14360,SMU1
14361,SMUG1
14362,SMURF1
14363,SMURF2
14364,SMYD1
14365,SMYD2
14366,SMYD3
14367,SMYD4
14368,SMYD5
14369,SNAI1
14370,SNAI2
14371,SNAI3
14372,SNAI3-AS1
14373,SNAP23
14374,SNAP25
14375,SNAP25-AS1
14376,SNAP29
14377,SNAP47
14378,SNAP91
14379,SNAPC1
14380,SNAPC2
14381,SNAPC3
14382,SNAPC4
14383,SNAPC5
14384,SNAPIN
14385,SNCA
14386,SNCA-AS1
14387,SNCAIP
14388,SNCB
14389,SNCG
14390,SND1
14391,SND1-IT1
14392,SNED1
14393,SNF8
14394,SNHG10
14395,SNHG12
14396,SNHG15
14397,SNHG18
14398,SNHG19
14399,SNHG21
14400,SNHG22
14401,SNHG25
14402,SNHG7
14403,SNIP1
14404,SNN
14405,SNPH
14406,SNRK
14407,SNRNP200
14408,SNRNP25
14409,SNRNP27
14410,SNRNP35
14411,SNRNP40
14412,SNRNP48
14413,SNRNP70
14414,SNRPA
14415,SNRPA1
14416,SNRPB
14417,SNRPB2
14418,SNRPC
14419,SNRPD1
14420,SNRPD2
14421,SNRPD3
14422,SNRPE
14423,SNRPF
14424,SNRPG
14425,SNRPN
14426,SNTA1
14427,SNTB1
14428,SNTG1
14429,SNTG2
14430,SNTN
14431,SNU13
14432,SNUPN
14433,SNURF
14434,SNW1
14435,SNX1
14436,SNX10
14437,SNX11
14438,SNX12
14439,SNX13
14440,SNX14
14441,SNX15
14442,SNX16
14443,SNX17
14444,SNX18
14445,SNX19
14446,SNX2
14447,SNX20
14448,SNX21
14449,SNX22
14450,SNX24
14451,SNX25
14452,SNX27
14453,SNX29
14454,SNX3
14455,SNX30
14456,SNX31
14457,SNX32
14458,SNX33
14459,SNX4
14460,SNX5
14461,SNX6
14462,SNX7
14463,SNX8
14464,SNX9
14465,SOAT1
14466,SOAT2
14467,SOBP
14468,SOCS1
14469,SOCS2
14470,SOCS3
14471,SOCS4
14472,SOCS5
14473,SOCS6
14474,SOCS7
14475,SOD1
14476,SOD3
14477,SOHLH1
14478,SOHLH2
14479,SON
14480,SORBS1
14481,SORBS2
14482,SORBS3
14483,SORCS1
14484,SORCS2
14485,SORCS3
14486,SORD
14487,SORL1
14488,SORT1
14489,SOS1
14490,SOS2
14491,SOST
14492,SOSTDC1
14493,SOWAHA
14494,SOWAHB
14495,SOWAHC
14496,SOWAHD
14497,SOX1
14498,SOX10
14499,SOX11
14500,SOX12
14501,SOX13
14502,SOX14
14503,SOX15
14504,SOX17
14505,SOX18
14506,SOX2
14507,SOX21
14508,SOX21-AS1
14509,SOX3
14510,SOX30
14511,SOX4
14512,SOX5
14513,SOX6
14514,SOX7
14515,SOX8
14516,SOX9
14517,SP1
14518,SP100
14519,SP110
14520,SP140
14521,SP140L
14522,SP2
14523,SP3
14524,SP4
14525,SP5
14526,SP6
14527,SP7
14528,SP8
14529,SP9
14530,SPA17
14531,SPACA1
14532,SPACA3
14533,SPACA4
14534,SPACA7
14535,SPAG1
14536,SPAG16
14537,SPAG17
14538,SPAG4
14539,SPAG5
14540,SPAG6
14541,SPAG7
14542,SPAG8
14543,SPAG9
14544,SPAM1
14545,SPANXA2-OT1
14546,SPANXB1
14547,SPANXC
14548,SPANXD
14549,SPANXN1
14550,SPANXN2
14551,SPANXN3
14552,SPANXN4
14553,SPANXN5
14554,SPARC
14555,SPARCL1
14556,SPAST
14557,SPATA12
14558,SPATA13
14559,SPATA13-AS1
14560,SPATA16
14561,SPATA17
14562,SPATA18
14563,SPATA19
14564,SPATA2
14565,SPATA20
14566,SPATA21
14567,SPATA22
14568,SPATA24
14569,SPATA25
14570,SPATA2L
14571,SPATA3
14572,SPATA3-AS1
14573,SPATA31A7
14574,SPATA31D3
14575,SPATA31E1
14576,SPATA32
14577,SPATA33
14578,SPATA4
14579,SPATA42
14580,SPATA45
14581,SPATA6
14582,SPATA6L
14583,SPATA7
14584,SPATA8
14585,SPATA9
14586,SPATC1
14587,SPATC1L
14588,SPATS1
14589,SPATS2
14590,SPATS2L
14591,SPC24
14592,SPC25
14593,SPCS1
14594,SPCS2
14595,SPCS3
14596,SPDEF
14597,SPDL1
14598,SPDYA
14599,SPDYC
14600,SPDYE1
14601,SPDYE16
14602,SPDYE3
14603,SPDYE4
14604,SPDYE5
14605,SPDYE6
14606,SPECC1
14607,SPECC1L
14608,SPECC1L-ADORA2A
14609,SPEF1
14610,SPEF2
14611,SPEG
14612,SPEN
14613,SPESP1
14614,SPG11
14615,SPG21
14616,SPG7
14617,SPHK1
14618,SPHK2
14619,SPHKAP
14620,SPI1
14621,SPIB
14622,SPIC
14623,SPICE1
14624,SPIDR
14625,SPIN1
14626,SPIN2A
14627,SPIN2B
14628,SPIN3
14629,SPIN4
14630,SPINK1
14631,SPINK13
14632,SPINK14
14633,SPINK2
14634,SPINK4
14635,SPINK5
14636,SPINK6
14637,SPINK7
14638,SPINK8
14639,SPINK9
14640,SPINT1
14641,SPINT2
14642,SPINT3
14643,SPINT4
14644,SPIRE1
14645,SPIRE2
14646,SPN
14647,SPNS1
14648,SPNS2
14649,SPNS3
14650,SPOCD1
14651,SPOCK1
14652,SPOCK2
14653,SPOCK3
14654,SPON1
14655,SPON2
14656,SPOP
14657,SPOPL
14658,SPP1
14659,SPP2
14660,SPPL2A
14661,SPPL2B
14662,SPPL3
14663,SPR
14664,SPRED1
14665,SPRED2
14666,SPRED3
14667,SPRN
14668,SPRR1A
14669,SPRR1B
14670,SPRR2A
14671,SPRR2B
14672,SPRR2D
14673,SPRR2E
14674,SPRR2F
14675,SPRR2G
14676,SPRR3
14677,SPRR4
14678,SPRTN
14679,SPRY1
14680,SPRY2
14681,SPRY3
14682,SPRY4
14683,SPRYD3
14684,SPRYD4
14685,SPRYD7
14686,SPSB1
14687,SPSB2
14688,SPSB3
14689,SPSB4
14690,SPTA1
14691,SPTAN1
14692,SPTB
14693,SPTBN1
14694,SPTBN2
14695,SPTBN4
14696,SPTBN5
14697,SPTLC1
14698,SPTLC2
14699,SPTLC3
14700,SPTSSA
14701,SPTSSB
14702,SPTY2D1
14703,SPX
14704,SPZ1
14705,SQLE
14706,SQSTM1
14707,SRA1
14708,SRBD1
14709,SRCAP
14710,SRCIN1
14711,SRD5A1
14712,SRD5A2
14713,SRD5A3
14714,SREBF1
14715,SREBF2
14716,SREK1
14717,SREK1IP1
14718,SRF
14719,SRFBP1
14720,SRGAP1
14721,SRGAP2
14722,SRGAP2-AS1
14723,SRGAP2B
14724,SRGAP2C
14725,SRGAP3
14726,SRGAP3-AS2
14727,SRGAP3-AS3
14728,SRGAP3-AS4
14729,SRGN
14730,SRI
14731,SRL
14732,SRM
14733,SRMS
14734,SRP14
14735,SRP19
14736,SRP54
14737,SRP68
14738,SRP72
14739,SRP9
14740,SRPK1
14741,SRPK2
14742,SRPK3
14743,SRPRA
14744,SRPRB
14745,SRPX
14746,SRPX2
14747,SRR
14748,SRRD
14749,SRRM1
14750,SRRM2
14751,SRRM2-AS1
14752,SRRM3
14753,SRRM4
14754,SRRM5
14755,SRRT
14756,SRSF1
14757,SRSF10
14758,SRSF11
14759,SRSF12
14760,SRSF2
14761,SRSF3
14762,SRSF4
14763,SRSF5
14764,SRSF6
14765,SRSF7
14766,SRSF8
14767,SRSF9
14768,SRXN1
14769,SRY
14770,SS18
14771,SS18L1
14772,SS18L2
14773,SSB
14774,SSBP2
14775,SSBP3
14776,SSBP3-AS1
14777,SSBP4
14778,SSC4D
14779,SSC5D
14780,SSH1
14781,SSH2
14782,SSH3
14783,SSMEM1
14784,SSNA1
14785,SSPN
14786,SSR1
14787,SSR2
14788,SSR3
14789,SSR4
14790,SSRP1
14791,SST
14792,SSTR1
14793,SSTR2
14794,SSTR3
14795,SSTR5
14796,SSU72
14797,SSUH2
14798,SSX1
14799,SSX2IP
14800,SSX5
14801,ST13
14802,ST14
14803,ST18
14804,ST20
14805,ST20-MTHFS
14806,ST3GAL1
14807,ST3GAL2
14808,ST3GAL3
14809,ST3GAL4
14810,ST3GAL5
14811,ST3GAL6
14812,ST6GAL1
14813,ST6GAL2
14814,ST6GALNAC1
14815,ST6GALNAC2
14816,ST6GALNAC3
14817,ST6GALNAC4
14818,ST6GALNAC5
14819,ST6GALNAC6
14820,ST7
14821,ST7-AS1
14822,ST7-AS2
14823,ST7L
14824,ST8SIA1
14825,ST8SIA2
14826,ST8SIA4
14827,ST8SIA5
14828,ST8SIA6
14829,ST8SIA6-AS1
14830,STAB1
14831,STAB2
14832,STAC
14833,STAC2
14834,STAC3
14835,STAG1
14836,STAG2
14837,STAG3
14838,STAM
14839,STAM2
14840,STAMBP
14841,STAMBPL1
14842,STAP1
14843,STAP2
14844,STAR
14845,STARD10
14846,STARD13
14847,STARD3
14848,STARD3NL
14849,STARD4
14850,STARD4-AS1
14851,STARD5
14852,STARD6
14853,STARD7
14854,STARD8
14855,STARD9
14856,STAT1
14857,STAT2
14858,STAT3
14859,STAT4
14860,STAT5A
14861,STAT5B
14862,STAT6
14863,STAU1
14864,STAU2
14865,STAU2-AS1
14866,STBD1
14867,STC1
14868,STC2
14869,STEAP1
14870,STEAP1B
14871,STEAP2
14872,STEAP3
14873,STEAP3-AS1
14874,STEAP4
14875,STH
14876,STIL
14877,STIM1
14878,STIM2
14879,STIP1
14880,STK10
14881,STK11
14882,STK11IP
14883,STK16
14884,STK17A
14885,STK17B
14886,STK24
14887,STK25
14888,STK26
14889,STK3
14890,STK31
14891,STK32A
14892,STK32B
14893,STK32C
14894,STK33
14895,STK35
14896,STK36
14897,STK38
14898,STK38L
14899,STK39
14900,STK4
14901,STK40
14902,STMN1
14903,STMN2
14904,STMN3
14905,STMN4
14906,STMND1
14907,STOM
14908,STOML1
14909,STOML2
14910,STOML3
14911,STON1
14912,STON1-GTF2A1L
14913,STON2
14914,STOX1
14915,STOX2
14916,STPG1
14917,STPG2
14918,STPG2-AS1
14919,STRA8
14920,STRADA
14921,STRADB
14922,STRAP
14923,STRBP
14924,STRC
14925,STRIP1
14926,STRIP2
14927,STRN
14928,STRN3
14929,STRN4
14930,STS
14931,STT3A
14932,STT3B
14933,STUB1
14934,STX10
14935,STX11
14936,STX12
14937,STX16
14938,STX16-NPEPL1
14939,STX17
14940,STX18
14941,STX18-AS1
14942,STX19
14943,STX1A
14944,STX1B
14945,STX2
14946,STX3
14947,STX4
14948,STX5
14949,STX6
14950,STX7
14951,STX8
14952,STXBP1
14953,STXBP2
14954,STXBP3
14955,STXBP4
14956,STXBP5
14957,STXBP5-AS1
14958,STXBP5L
14959,STXBP6
14960,STYK1
14961,STYX
14962,STYXL1
14963,SUB1
14964,SUCLA2
14965,SUCLA2-AS1
14966,SUCLG1
14967,SUCLG2
14968,SUCNR1
14969,SUCO
14970,SUDS3
14971,SUFU
14972,SUGCT
14973,SUGP1
14974,SUGP2
14975,SUGT1
14976,SULF1
14977,SULF2
14978,SULT1A1
14979,SULT1A2
14980,SULT1A3
14981,SULT1A4
14982,SULT1B1
14983,SULT1C2
14984,SULT1C4
14985,SULT1E1
14986,SULT2A1
14987,SULT2B1
14988,SULT4A1
14989,SULT6B1
14990,SUMF1
14991,SUMF2
14992,SUMO1
14993,SUMO2
14994,SUMO3
14995,SUMO4
14996,SUN1
14997,SUN2
14998,SUN3
14999,SUN5
15000,SUOX
15001,SUPT16H
15002,SUPT20H
15003,SUPT3H
15004,SUPT4H1
15005,SUPT5H
15006,SUPT6H
15007,SUPT7L
15008,SUPV3L1
15009,SURF2
15010,SURF4
15011,SUSD1
15012,SUSD2
15013,SUSD3
15014,SUSD4
15015,SUSD5
15016,SUSD6
15017,SUV39H1
15018,SUV39H2
15019,SUZ12
15020,SV2A
15021,SV2B
15022,SV2C
15023,SVBP
15024,SVEP1
15025,SVIL
15026,SVIP
15027,SVOP
15028,SVOPL
15029,SWAP70
15030,SWI5
15031,SWSAP1
15032,SWT1
15033,SYAP1
15034,SYBU
15035,SYCE1
15036,SYCE1L
15037,SYCE2
15038,SYCE3
15039,SYCN
15040,SYCP1
15041,SYCP2
15042,SYCP2L
15043,SYCP3
15044,SYDE1
15045,SYDE2
15046,SYF2
15047,SYK
15048,SYMPK
15049,SYN1
15050,SYN2
15051,SYN3
15052,SYNC
15053,SYNCRIP
15054,SYNDIG1
15055,SYNDIG1L
15056,SYNE1
15057,SYNE1-AS1
15058,SYNE2
15059,SYNE3
15060,SYNE4
15061,SYNGAP1
15062,SYNGR1
15063,SYNGR2
15064,SYNGR3
15065,SYNGR4
15066,SYNJ1
15067,SYNJ2
15068,SYNJ2BP
15069,SYNJ2BP-COX16
15070,SYNM
15071,SYNPO
15072,SYNPO2
15073,SYNPO2L
15074,SYNPR
15075,SYNPR-AS1
15076,SYP
15077,SYP-AS1
15078,SYPL1
15079,SYPL2
15080,SYS1
15081,SYS1-DBNDD2
15082,SYT1
15083,SYT10
15084,SYT11
15085,SYT12
15086,SYT13
15087,SYT14
15088,SYT15
15089,SYT16
15090,SYT17
15091,SYT2
15092,SYT3
15093,SYT4
15094,SYT5
15095,SYT6
15096,SYT7
15097,SYT9
15098,SYTL1
15099,SYTL2
15100,SYTL3
15101,SYTL4
15102,SYTL5
15103,SYVN1
15104,SZT2
15105,SZT2-AS1
15106,TAAR2
15107,TAB1
15108,TAB2
15109,TAB3
15110,TAC1
15111,TAC3
15112,TAC4
15113,TACC1
15114,TACC2
15115,TACC3
15116,TACO1
15117,TACR1
15118,TACR2
15119,TACR3
15120,TACSTD2
15121,TADA1
15122,TADA2B
15123,TADA3
15124,TAF1
15125,TAF10
15126,TAF11
15127,TAF12
15128,TAF13
15129,TAF15
15130,TAF1A
15131,TAF1A-AS1
15132,TAF1B
15133,TAF1C
15134,TAF1D
15135,TAF1L
15136,TAF2
15137,TAF3
15138,TAF4B
15139,TAF5
15140,TAF5L
15141,TAF6
15142,TAF6L
15143,TAF7
15144,TAF7L
15145,TAF8
15146,TAF9
15147,TAF9B
15148,TAGAP
15149,TAGLN
15150,TAGLN2
15151,TAGLN3
15152,TAL1
15153,TAL2
15154,TALDO1
15155,TAMM41
15156,TANC1
15157,TANC2
15158,TANGO2
15159,TANGO6
15160,TANK
15161,TAOK1
15162,TAOK2
15163,TAOK3
15164,TAP1
15165,TAPBP
15166,TAPBPL
15167,TAPT1
15168,TAPT1-AS1
15169,TARBP1
15170,TARBP2
15171,TARDBP
15172,TARID
15173,TARS2
15174,TAS1R1
15175,TAS1R3
15176,TAS2R1
15177,TAS2R20
15178,TAS2R3
15179,TAS2R30
15180,TAS2R31
15181,TAS2R38
15182,TAS2R4
15183,TAS2R43
15184,TAS2R5
15185,TAS2R60
15186,TASP1
15187,TAT
15188,TATDN2
15189,TATDN3
15190,TAX1BP1
15191,TAX1BP3
15192,TBATA
15193,TBC1D1
15194,TBC1D10A
15195,TBC1D10B
15196,TBC1D10C
15197,TBC1D12
15198,TBC1D13
15199,TBC1D14
15200,TBC1D15
15201,TBC1D16
15202,TBC1D17
15203,TBC1D19
15204,TBC1D2
15205,TBC1D20
15206,TBC1D22A
15207,TBC1D22B
15208,TBC1D23
15209,TBC1D24
15210,TBC1D25
15211,TBC1D26
15212,TBC1D2B
15213,TBC1D30
15214,TBC1D31
15215,TBC1D32
15216,TBC1D3B
15217,TBC1D3C
15218,TBC1D3D
15219,TBC1D3I
15220,TBC1D3L
15221,TBC1D3P1-DHX40P1
15222,TBC1D4
15223,TBC1D5
15224,TBC1D7
15225,TBC1D8
15226,TBC1D8B
15227,TBC1D9
15228,TBC1D9B
15229,TBCA
15230,TBCB
15231,TBCC
15232,TBCCD1
15233,TBCD
15234,TBCEL
15235,TBCK
15236,TBK1
15237,TBKBP1
15238,TBL1X
15239,TBL1XR1
15240,TBL1Y
15241,TBL2
15242,TBP
15243,TBPL1
15244,TBPL2
15245,TBR1
15246,TBRG1
15247,TBRG4
15248,TBX1
15249,TBX10
15250,TBX15
15251,TBX18
15252,TBX19
15253,TBX2
15254,TBX2-AS1
15255,TBX20
15256,TBX21
15257,TBX3
15258,TBX4
15259,TBX5
15260,TBX5-AS1
15261,TBX6
15262,TBXA2R
15263,TBXAS1
15264,TCAF1
15265,TCAF2
15266,TCAIM
15267,TCAP
15268,TCEA1
15269,TCEA2
15270,TCEA3
15271,TCEAL1
15272,TCEAL2
15273,TCEAL3
15274,TCEAL4
15275,TCEAL5
15276,TCEAL7
15277,TCEAL8
15278,TCEANC
15279,TCEANC2
15280,TCERG1
15281,TCERG1L
15282,TCF12
15283,TCF15
15284,TCF21
15285,TCF23
15286,TCF24
15287,TCF25
15288,TCF3
15289,TCF4
15290,TCF4-AS1
15291,TCF7
15292,TCF7L1
15293,TCF7L2
15294,TCFL5
15295,TCHH
15296,TCHHL1
15297,TCHP
15298,TCIRG1
15299,TCL1A
15300,TCL1B
15301,TCN1
15302,TCN2
15303,TCOF1
15304,TCP1
15305,TCP10L
15306,TCP11
15307,TCP11L1
15308,TCP11L2
15309,TCP11X2
15310,TCTA
15311,TCTN1
15312,TCTN2
15313,TCTN3
15314,TDG
15315,TDP1
15316,TDP2
15317,TDRD1
15318,TDRD10
15319,TDRD12
15320,TDRD3
15321,TDRD5
15322,TDRD6
15323,TDRD7
15324,TDRD9
15325,TDRG1
15326,TDRKH
15327,TDRP
15328,TEAD1
15329,TEAD2
15330,TEAD3
15331,TEAD4
15332,TECPR1
15333,TECPR2
15334,TECR
15335,TECRL
15336,TECTA
15337,TECTB
15338,TEDDM1
15339,TEF
15340,TEFM
15341,TEK
15342,TEKT1
15343,TEKT2
15344,TEKT3
15345,TEKT4
15346,TEKT5
15347,TELO2
15348,TEN1
15349,TEN1-CDK3
15350,TENM1
15351,TENM2
15352,TENM3
15353,TENM4
15354,TERC
15355,TERF1
15356,TERF2
15357,TERF2IP
15358,TERT
15359,TES
15360,TESC
15361,TESK1
15362,TESK2
15363,TESPA1
15364,TET1
15365,TET2
15366,TET3
15367,TEX10
15368,TEX101
15369,TEX11
15370,TEX12
15371,TEX13C
15372,TEX13D
15373,TEX14
15374,TEX15
15375,TEX19
15376,TEX2
15377,TEX22
15378,TEX26
15379,TEX26-AS1
15380,TEX261
15381,TEX264
15382,TEX28
15383,TEX29
15384,TEX30
15385,TEX35
15386,TEX36
15387,TEX38
15388,TEX41
15389,TEX9
15390,TF
15391,TFAM
15392,TFAP2A
15393,TFAP2B
15394,TFAP2C
15395,TFAP2D
15396,TFAP2E
15397,TFAP4
15398,TFB1M
15399,TFB2M
15400,TFCP2
15401,TFCP2L1
15402,TFDP1
15403,TFDP2
15404,TFDP3
15405,TFE3
15406,TFEB
15407,TFEC
15408,TFF1
15409,TFF2
15410,TFF3
15411,TFG
15412,TFIP11
15413,TFPI
15414,TFPI2
15415,TFPT
15416,TFR2
15417,TFRC
15418,TG
15419,TGDS
15420,TGFA
15421,TGFB1
15422,TGFB1I1
15423,TGFB2
15424,TGFB3
15425,TGFBI
15426,TGFBR1
15427,TGFBR2
15428,TGFBR3
15429,TGFBR3L
15430,TGFBRAP1
15431,TGIF1
15432,TGIF2
15433,TGIF2LX
15434,TGM2
15435,TGM3
15436,TGM5
15437,TGM7
15438,TGOLN2
15439,TGS1
15440,TH
15441,TH2LCRR
15442,THADA
15443,THAP1
15444,THAP10
15445,THAP11
15446,THAP2
15447,THAP3
15448,THAP4
15449,THAP5
15450,THAP6
15451,THAP7
15452,THAP8
15453,THAP9
15454,THAP9-AS1
15455,THBD
15456,THBS1
15457,THBS2
15458,THBS3
15459,THBS4
15460,THEM4
15461,THEM5
15462,THEM6
15463,THEMIS2
15464,THG1L
15465,THNSL1
15466,THNSL2
15467,THOC1
15468,THOC2
15469,THOC3
15470,THOC5
15471,THOC6
15472,THOC7
15473,THOC7-AS1
15474,THOP1
15475,THPO
15476,THRA
15477,THRAP3
15478,THRB
15479,THRIL
15480,THRSP
15481,THSD1
15482,THSD4
15483,THSD7A
15484,THSD7B
15485,THTPA
15486,THUMPD1
15487,THUMPD2
15488,THUMPD3
15489,THUMPD3-AS1
15490,THY1
15491,THYN1
15492,TIA1
15493,TIAL1
15494,TIAM1
15495,TIAM2
15496,TICAM1
15497,TICAM2
15498,TICRR
15499,TIE1
15500,TIFA
15501,TIFAB
15502,TIGAR
15503,TIGD1
15504,TIGD2
15505,TIGD3
15506,TIGD4
15507,TIGD5
15508,TIGD6
15509,TIGD7
15510,TIGIT
15511,TIMD4
15512,TIMELESS
15513,TIMM10
15514,TIMM10B
15515,TIMM13
15516,TIMM17A
15517,TIMM21
15518,TIMM22
15519,TIMM23
15520,TIMM23B
15521,TIMM44
15522,TIMM50
15523,TIMM8A
15524,TIMM8B
15525,TIMM9
15526,TIMMDC1
15527,TIMP1
15528,TIMP2
15529,TIMP3
15530,TIMP4
15531,TINAG
15532,TINAGL1
15533,TINCR
15534,TIPARP
15535,TIPIN
15536,TIPRL
15537,TIRAP
15538,TJAP1
15539,TJP2
15540,TJP3
15541,TK1
15542,TK2
15543,TKFC
15544,TKT
15545,TKTL1
15546,TKTL2
15547,TLCD1
15548,TLCD2
15549,TLDC2
15550,TLE1
15551,TLE2
15552,TLE3
15553,TLE4
15554,TLE6
15555,TLK1
15556,TLK2
15557,TLL1
15558,TLL2
15559,TLN1
15560,TLN2
15561,TLR1
15562,TLR10
15563,TLR2
15564,TLR3
15565,TLR4
15566,TLR5
15567,TLR6
15568,TLR7
15569,TLR8
15570,TLR8-AS1
15571,TLR9
15572,TLX1
15573,TLX2
15574,TLX3
15575,TM2D1
15576,TM2D2
15577,TM2D3
15578,TM4SF1
15579,TM4SF1-AS1
15580,TM4SF18
15581,TM4SF19
15582,TM4SF19-AS1
15583,TM4SF20
15584,TM4SF4
15585,TM4SF5
15586,TM6SF1
15587,TM6SF2
15588,TM7SF2
15589,TM7SF3
15590,TM9SF1
15591,TM9SF2
15592,TM9SF3
15593,TM9SF4
15594,TMA16
15595,TMA7
15596,TMBIM1
15597,TMBIM4
15598,TMBIM6
15599,TMC1
15600,TMC2
15601,TMC3
15602,TMC5
15603,TMC6
15604,TMC7
15605,TMC8
15606,TMCC1
15607,TMCC2
15608,TMCC3
15609,TMCO1
15610,TMCO2
15611,TMCO4
15612,TMCO5A
15613,TMCO6
15614,TMED1
15615,TMED10
15616,TMED2
15617,TMED3
15618,TMED4
15619,TMED5
15620,TMED6
15621,TMED7
15622,TMED7-TICAM2
15623,TMED8
15624,TMED9
15625,TMEFF1
15626,TMEFF2
15627,TMEM100
15628,TMEM101
15629,TMEM105
15630,TMEM106A
15631,TMEM106B
15632,TMEM106C
15633,TMEM107
15634,TMEM108
15635,TMEM109
15636,TMEM11
15637,TMEM114
15638,TMEM115
15639,TMEM116
15640,TMEM117
15641,TMEM119
15642,TMEM120A
15643,TMEM120B
15644,TMEM121
15645,TMEM123
15646,TMEM125
15647,TMEM126A
15648,TMEM126B
15649,TMEM127
15650,TMEM128
15651,TMEM129
15652,TMEM130
15653,TMEM131
15654,TMEM132A
15655,TMEM132B
15656,TMEM132C
15657,TMEM132D
15658,TMEM132E
15659,TMEM134
15660,TMEM135
15661,TMEM138
15662,TMEM139
15663,TMEM140
15664,TMEM141
15665,TMEM143
15666,TMEM144
15667,TMEM145
15668,TMEM147
15669,TMEM147-AS1
15670,TMEM14A
15671,TMEM14B
15672,TMEM14C
15673,TMEM150A
15674,TMEM150B
15675,TMEM150C
15676,TMEM151A
15677,TMEM151B
15678,TMEM154
15679,TMEM156
15680,TMEM158
15681,TMEM160
15682,TMEM161A
15683,TMEM161B
15684,TMEM163
15685,TMEM164
15686,TMEM165
15687,TMEM167A
15688,TMEM167B
15689,TMEM168
15690,TMEM169
15691,TMEM17
15692,TMEM170A
15693,TMEM170B
15694,TMEM171
15695,TMEM174
15696,TMEM175
15697,TMEM176A
15698,TMEM176B
15699,TMEM177
15700,TMEM178A
15701,TMEM178B
15702,TMEM179
15703,TMEM179B
15704,TMEM18
15705,TMEM181
15706,TMEM182
15707,TMEM183A
15708,TMEM184A
15709,TMEM184B
15710,TMEM184C
15711,TMEM185A
15712,TMEM185B
15713,TMEM186
15714,TMEM187
15715,TMEM19
15716,TMEM190
15717,TMEM191B
15718,TMEM191C
15719,TMEM192
15720,TMEM196
15721,TMEM198
15722,TMEM200A
15723,TMEM200B
15724,TMEM200C
15725,TMEM201
15726,TMEM202
15727,TMEM203
15728,TMEM204
15729,TMEM205
15730,TMEM207
15731,TMEM208
15732,TMEM209
15733,TMEM210
15734,TMEM212
15735,TMEM213
15736,TMEM214
15737,TMEM215
15738,TMEM216
15739,TMEM217
15740,TMEM218
15741,TMEM219
15742,TMEM220
15743,TMEM220-AS1
15744,TMEM221
15745,TMEM222
15746,TMEM223
15747,TMEM229A
15748,TMEM229B
15749,TMEM230
15750,TMEM231
15751,TMEM232
15752,TMEM233
15753,TMEM234
15754,TMEM235
15755,TMEM236
15756,TMEM237
15757,TMEM238
15758,TMEM239
15759,TMEM240
15760,TMEM242
15761,TMEM243
15762,TMEM244
15763,TMEM245
15764,TMEM246-AS1
15765,TMEM248
15766,TMEM25
15767,TMEM252
15768,TMEM253
15769,TMEM254
15770,TMEM255A
15771,TMEM256
15772,TMEM258
15773,TMEM259
15774,TMEM26
15775,TMEM26-AS1
15776,TMEM260
15777,TMEM263
15778,TMEM266
15779,TMEM30A
15780,TMEM30B
15781,TMEM31
15782,TMEM33
15783,TMEM37
15784,TMEM38A
15785,TMEM38B
15786,TMEM39A
15787,TMEM39B
15788,TMEM40
15789,TMEM41A
15790,TMEM41B
15791,TMEM43
15792,TMEM44
15793,TMEM45A
15794,TMEM45B
15795,TMEM47
15796,TMEM50A
15797,TMEM51
15798,TMEM51-AS1
15799,TMEM52
15800,TMEM52B
15801,TMEM53
15802,TMEM54
15803,TMEM59
15804,TMEM59L
15805,TMEM60
15806,TMEM61
15807,TMEM62
15808,TMEM63A
15809,TMEM63B
15810,TMEM63C
15811,TMEM64
15812,TMEM65
15813,TMEM67
15814,TMEM68
15815,TMEM69
15816,TMEM70
15817,TMEM71
15818,TMEM72
15819,TMEM72-AS1
15820,TMEM74
15821,TMEM74B
15822,TMEM78
15823,TMEM79
15824,TMEM80
15825,TMEM81
15826,TMEM82
15827,TMEM86A
15828,TMEM86B
15829,TMEM87A
15830,TMEM87B
15831,TMEM88
15832,TMEM89
15833,TMEM8B
15834,TMEM9
15835,TMEM91
15836,TMEM92
15837,TMEM92-AS1
15838,TMEM94
15839,TMEM97
15840,TMEM98
15841,TMEM9B
15842,TMF1
15843,TMIE
15844,TMIGD1
15845,TMIGD2
15846,TMIGD3
15847,TMLHE
15848,TMLHE-AS1
15849,TMOD1
15850,TMOD2
15851,TMOD3
15852,TMOD4
15853,TMPO
15854,TMPO-AS1
15855,TMPPE
15856,TMPRSS11A
15857,TMPRSS11B
15858,TMPRSS11D
15859,TMPRSS11F
15860,TMPRSS12
15861,TMPRSS13
15862,TMPRSS15
15863,TMPRSS2
15864,TMPRSS3
15865,TMPRSS4
15866,TMPRSS5
15867,TMPRSS6
15868,TMPRSS7
15869,TMPRSS9
15870,TMSB10
15871,TMSB15A
15872,TMSB15B
15873,TMSB4X
15874,TMSB4Y
15875,TMTC1
15876,TMTC2
15877,TMTC3
15878,TMTC4
15879,TMUB1
15880,TMUB2
15881,TMX1
15882,TMX2
15883,TMX3
15884,TMX4
15885,TNC
15886,TNFAIP1
15887,TNFAIP2
15888,TNFAIP3
15889,TNFAIP6
15890,TNFAIP8
15891,TNFAIP8L1
15892,TNFAIP8L2
15893,TNFAIP8L3
15894,TNFRSF10A
15895,TNFRSF10B
15896,TNFRSF10C
15897,TNFRSF10D
15898,TNFRSF11A
15899,TNFRSF11B
15900,TNFRSF12A
15901,TNFRSF13B
15902,TNFRSF13C
15903,TNFRSF17
15904,TNFRSF18
15905,TNFRSF19
15906,TNFRSF1A
15907,TNFRSF1B
15908,TNFRSF21
15909,TNFRSF25
15910,TNFRSF4
15911,TNFRSF8
15912,TNFRSF9
15913,TNFSF10
15914,TNFSF11
15915,TNFSF12
15916,TNFSF13
15917,TNFSF13B
15918,TNFSF14
15919,TNFSF15
15920,TNFSF18
15921,TNFSF4
15922,TNFSF8
15923,TNFSF9
15924,TNIK
15925,TNIP1
15926,TNIP2
15927,TNIP3
15928,TNK1
15929,TNK2
15930,TNKS
15931,TNKS1BP1
15932,TNKS2
15933,TNMD
15934,TNN
15935,TNNC1
15936,TNNC2
15937,TNNI1
15938,TNNI2
15939,TNNI3
15940,TNNI3K
15941,TNNT1
15942,TNNT2
15943,TNPO1
15944,TNPO2
15945,TNPO3
15946,TNR
15947,TNRC18
15948,TNRC6A
15949,TNRC6B
15950,TNRC6C
15951,TNS1
15952,TNS2
15953,TNS3
15954,TNS4
15955,TNXB
15956,TOB1
15957,TOB2
15958,TOE1
15959,TOLLIP
15960,TOM1
15961,TOM1L1
15962,TOM1L2
15963,TOMM20
15964,TOMM20L
15965,TOMM22
15966,TOMM34
15967,TOMM40
15968,TOMM40L
15969,TOMM5
15970,TOMM7
15971,TONSL
15972,TOP1
15973,TOP1MT
15974,TOP2A
15975,TOP2B
15976,TOP3B
15977,TOPAZ1
15978,TOPBP1
15979,TOPORS
15980,TOR1A
15981,TOR1AIP1
15982,TOR1AIP2
15983,TOR1B
15984,TOR2A
15985,TOR3A
15986,TOR4A
15987,TOX
15988,TOX2
15989,TOX3
15990,TOX4
15991,TP53
15992,TP53AIP1
15993,TP53BP1
15994,TP53BP2
15995,TP53I11
15996,TP53I13
15997,TP53I3
15998,TP53INP1
15999,TP53INP2
16000,TP53RK
16001,TP53TG1
16002,TP53TG3
16003,TP53TG3D
16004,TP53TG5
16005,TP63
16006,TP73
16007,TPBG
16008,TPBGL
16009,TPCN1
16010,TPCN2
16011,TPD52
16012,TPD52L1
16013,TPD52L2
16014,TPD52L3
16015,TPGS1
16016,TPGS2
16017,TPH1
16018,TPH2
16019,TPI1
16020,TPK1
16021,TPM1
16022,TPM2
16023,TPM3
16024,TPM4
16025,TPMT
16026,TPO
16027,TPP1
16028,TPP2
16029,TPPP
16030,TPPP2
16031,TPPP3
16032,TPR
16033,TPRA1
16034,TPRG1
16035,TPRG1-AS2
16036,TPRG1L
16037,TPRN
16038,TPRXL
16039,TPSAB1
16040,TPSB2
16041,TPSD1
16042,TPSG1
16043,TPST1
16044,TPST2
16045,TPT1
16046,TPTE
16047,TPTE2
16048,TPTEP1
16049,TPX2
16050,TRA2A
16051,TRA2B
16052,TRABD
16053,TRABD2A
16054,TRABD2B
16055,TRAC
16056,TRADD
16057,TRAF1
16058,TRAF2
16059,TRAF3
16060,TRAF3IP1
16061,TRAF3IP2
16062,TRAF3IP2-AS1
16063,TRAF3IP3
16064,TRAF4
16065,TRAF5
16066,TRAF6
16067,TRAF7
16068,TRAFD1
16069,TRAIP
16070,TRAK1
16071,TRAK2
16072,TRAM1
16073,TRAM1L1
16074,TRAM2
16075,TRAM2-AS1
16076,TRANK1
16077,TRAP1
16078,TRAPPC1
16079,TRAPPC10
16080,TRAPPC11
16081,TRAPPC13
16082,TRAPPC2
16083,TRAPPC2L
16084,TRAPPC3
16085,TRAPPC3L
16086,TRAPPC4
16087,TRAPPC5
16088,TRAPPC6A
16089,TRAPPC6B
16090,TRAPPC8
16091,TRAPPC9
16092,TRAT1
16093,TRAV1-1
16094,TRAV1-2
16095,TRAV10
16096,TRAV11
16097,TRAV12-1
16098,TRAV12-2
16099,TRAV12-3
16100,TRAV13-1
16101,TRAV13-2
16102,TRAV14DV4
16103,TRAV16
16104,TRAV17
16105,TRAV18
16106,TRAV19
16107,TRAV2
16108,TRAV20
16109,TRAV21
16110,TRAV22
16111,TRAV23DV6
16112,TRAV24
16113,TRAV25
16114,TRAV26-1
16115,TRAV26-2
16116,TRAV27
16117,TRAV29DV5
16118,TRAV3
16119,TRAV30
16120,TRAV33
16121,TRAV34
16122,TRAV35
16123,TRAV36DV7
16124,TRAV38-1
16125,TRAV38-2DV8
16126,TRAV39
16127,TRAV4
16128,TRAV40
16129,TRAV41
16130,TRAV5
16131,TRAV6
16132,TRAV8-1
16133,TRAV8-2
16134,TRAV8-3
16135,TRAV8-4
16136,TRAV8-6
16137,TRAV9-1
16138,TRAV9-2
16139,TRBV21OR9-2
16140,TRBV26OR9-2
16141,TRBV6-5
16142,TRDMT1
16143,TRDN
16144,TRDV1
16145,TRDV2
16146,TRDV3
16147,TREH
16148,TREM1
16149,TREM2
16150,TREML1
16151,TREML2
16152,TREML4
16153,TRERF1
16154,TREX1
16155,TREX2
16156,TRG-AS1
16157,TRGC2
16158,TRGV1
16159,TRGV10
16160,TRGV11
16161,TRGV2
16162,TRGV3
16163,TRGV4
16164,TRGV5
16165,TRGV7
16166,TRGV8
16167,TRGV9
16168,TRGVB
16169,TRH
16170,TRHDE
16171,TRHR
16172,TRIAP1
16173,TRIB1
16174,TRIB2
16175,TRIB3
16176,TRIL
16177,TRIM11
16178,TRIM13
16179,TRIM14
16180,TRIM16
16181,TRIM17
16182,TRIM2
16183,TRIM21
16184,TRIM22
16185,TRIM23
16186,TRIM24
16187,TRIM25
16188,TRIM28
16189,TRIM29
16190,TRIM3
16191,TRIM32
16192,TRIM33
16193,TRIM34
16194,TRIM35
16195,TRIM36
16196,TRIM37
16197,TRIM38
16198,TRIM39-RPP21
16199,TRIM4
16200,TRIM41
16201,TRIM44
16202,TRIM45
16203,TRIM46
16204,TRIM47
16205,TRIM48
16206,TRIM49
16207,TRIM49C
16208,TRIM5
16209,TRIM50
16210,TRIM51
16211,TRIM52
16212,TRIM54
16213,TRIM55
16214,TRIM56
16215,TRIM58
16216,TRIM59
16217,TRIM6
16218,TRIM60
16219,TRIM61
16220,TRIM62
16221,TRIM63
16222,TRIM65
16223,TRIM66
16224,TRIM67
16225,TRIM68
16226,TRIM69
16227,TRIM7
16228,TRIM72
16229,TRIM73
16230,TRIM74
16231,TRIM8
16232,TRIM9
16233,TRIML1
16234,TRIML2
16235,TRIO
16236,TRIOBP
16237,TRIP10
16238,TRIP11
16239,TRIP12
16240,TRIP13
16241,TRIP4
16242,TRIP6
16243,TRIQK
16244,TRIT1
16245,TRMO
16246,TRMT1
16247,TRMT10A
16248,TRMT10B
16249,TRMT10C
16250,TRMT11
16251,TRMT112
16252,TRMT13
16253,TRMT1L
16254,TRMT2A
16255,TRMT2B
16256,TRMT44
16257,TRMT5
16258,TRMT6
16259,TRMT61A
16260,TRMT61B
16261,TRMU
16262,TRNAU1AP
16263,TRNP1
16264,TRNT1
16265,TRO
16266,TROAP
16267,TRPA1
16268,TRPC1
16269,TRPC3
16270,TRPC4
16271,TRPC4AP
16272,TRPC5OS
16273,TRPC6
16274,TRPC7-AS1
16275,TRPM2
16276,TRPM3
16277,TRPM4
16278,TRPM5
16279,TRPM6
16280,TRPM7
16281,TRPM8
16282,TRPS1
16283,TRPT1
16284,TRPV1
16285,TRPV2
16286,TRPV3
16287,TRPV4
16288,TRPV5
16289,TRRAP
16290,TRUB1
16291,TRUB2
16292,TSACC
16293,TSC1
16294,TSC2
16295,TSC22D1
16296,TSC22D1-AS1
16297,TSC22D2
16298,TSC22D3
16299,TSC22D4
16300,TSEN15
16301,TSEN2
16302,TSEN54
16303,TSFM
16304,TSG101
16305,TSGA10
16306,TSGA10IP
16307,TSGA13
16308,TSHR
16309,TSHZ1
16310,TSHZ2
16311,TSHZ3
16312,TSIX
16313,TSKS
16314,TSKU
16315,TSLP
16316,TSN
16317,TSNARE1
16318,TSNAX
16319,TSNAXIP1
16320,TSPAN1
16321,TSPAN10
16322,TSPAN11
16323,TSPAN12
16324,TSPAN13
16325,TSPAN14
16326,TSPAN15
16327,TSPAN16
16328,TSPAN17
16329,TSPAN18
16330,TSPAN19
16331,TSPAN2
16332,TSPAN3
16333,TSPAN31
16334,TSPAN32
16335,TSPAN33
16336,TSPAN4
16337,TSPAN5
16338,TSPAN6
16339,TSPAN7
16340,TSPAN8
16341,TSPAN9
16342,TSPEAR
16343,TSPEAR-AS1
16344,TSPO
16345,TSPO2
16346,TSPY2
16347,TSPYL1
16348,TSPYL2
16349,TSPYL4
16350,TSPYL5
16351,TSPYL6
16352,TSR1
16353,TSR2
16354,TSR3
16355,TSSC4
16356,TSSK1B
16357,TSSK2
16358,TSSK3
16359,TSSK4
16360,TSSK6
16361,TST
16362,TSTD1
16363,TSTD2
16364,TSTD3
16365,TTBK1
16366,TTBK2
16367,TTC1
16368,TTC12
16369,TTC13
16370,TTC14
16371,TTC16
16372,TTC17
16373,TTC19
16374,TTC21A
16375,TTC21B
16376,TTC22
16377,TTC23
16378,TTC23L
16379,TTC24
16380,TTC27
16381,TTC28
16382,TTC29
16383,TTC3
16384,TTC3-AS1
16385,TTC31
16386,TTC32
16387,TTC33
16388,TTC34
16389,TTC36
16390,TTC38
16391,TTC39A
16392,TTC39A-AS1
16393,TTC39B
16394,TTC39C
16395,TTC39C-AS1
16396,TTC4
16397,TTC5
16398,TTC6
16399,TTC7A
16400,TTC7B
16401,TTC8
16402,TTC9
16403,TTC9B
16404,TTC9C
16405,TTF1
16406,TTF2
16407,TTI1
16408,TTI2
16409,TTK
16410,TTL
16411,TTLL1
16412,TTLL10
16413,TTLL10-AS1
16414,TTLL11
16415,TTLL12
16416,TTLL2
16417,TTLL3
16418,TTLL4
16419,TTLL5
16420,TTLL6
16421,TTLL7
16422,TTLL9
16423,TTN
16424,TTN-AS1
16425,TTPA
16426,TTPAL
16427,TTR
16428,TTTY10
16429,TTTY14
16430,TTTY5
16431,TTTY7
16432,TTTY9B
16433,TTYH2
16434,TTYH3
16435,TUB
16436,TUBA1A
16437,TUBA1B
16438,TUBA1C
16439,TUBA3C
16440,TUBA3D
16441,TUBA4A
16442,TUBA4B
16443,TUBA8
16444,TUBAL3
16445,TUBB1
16446,TUBB2A
16447,TUBB2B
16448,TUBB3
16449,TUBB4A
16450,TUBB4B
16451,TUBB6
16452,TUBB8
16453,TUBD1
16454,TUBE1
16455,TUBG1
16456,TUBG2
16457,TUBGCP2
16458,TUBGCP3
16459,TUBGCP4
16460,TUBGCP6
16461,TUFM
16462,TUFT1
16463,TUG1
16464,TULP1
16465,TULP2
16466,TULP3
16467,TULP4
16468,TUNAR
16469,TUSC1
16470,TUSC2
16471,TUSC3
16472,TUSC7
16473,TUT1
16474,TVP23A
16475,TVP23B
16476,TVP23C
16477,TVP23C-CDRT4
16478,TWF1
16479,TWF2
16480,TWIST1
16481,TWSG1
16482,TXK
16483,TXLNA
16484,TXLNB
16485,TXLNG
16486,TXN
16487,TXN2
16488,TXNDC11
16489,TXNDC12
16490,TXNDC12-AS1
16491,TXNDC15
16492,TXNDC16
16493,TXNDC17
16494,TXNDC2
16495,TXNDC5
16496,TXNDC8
16497,TXNDC9
16498,TXNIP
16499,TXNL1
16500,TXNL4A
16501,TXNL4B
16502,TXNRD1
16503,TXNRD2
16504,TXNRD3
16505,TYK2
16506,TYMP
16507,TYMS
16508,TYR
16509,TYRO3
16510,TYROBP
16511,TYRP1
16512,TYSND1
16513,TYW1
16514,TYW1B
16515,TYW3
16516,TYW5
16517,U2AF1
16518,U2AF1L4
16519,U2AF2
16520,U2SURP
16521,UACA
16522,UAP1
16523,UAP1L1
16524,UBA1
16525,UBA2
16526,UBA3
16527,UBA5
16528,UBA52
16529,UBA6
16530,UBA7
16531,UBAC1
16532,UBAC2
16533,UBAC2-AS1
16534,UBALD1
16535,UBALD2
16536,UBAP1
16537,UBAP1L
16538,UBAP2
16539,UBAP2L
16540,UBASH3A
16541,UBASH3B
16542,UBB
16543,UBC
16544,UBE2A
16545,UBE2B
16546,UBE2C
16547,UBE2D1
16548,UBE2D2
16549,UBE2D3
16550,UBE2D4
16551,UBE2E1
16552,UBE2E2
16553,UBE2E3
16554,UBE2F
16555,UBE2F-SCLY
16556,UBE2G1
16557,UBE2G2
16558,UBE2H
16559,UBE2I
16560,UBE2J1
16561,UBE2J2
16562,UBE2K
16563,UBE2L3
16564,UBE2L6
16565,UBE2M
16566,UBE2N
16567,UBE2O
16568,UBE2Q1
16569,UBE2Q1-AS1
16570,UBE2Q2
16571,UBE2R2
16572,UBE2R2-AS1
16573,UBE2S
16574,UBE2T
16575,UBE2U
16576,UBE2V1
16577,UBE2V2
16578,UBE2W
16579,UBE2Z
16580,UBE3A
16581,UBE3B
16582,UBE3C
16583,UBE3D
16584,UBE4A
16585,UBE4B
16586,UBFD1
16587,UBIAD1
16588,UBL3
16589,UBL4A
16590,UBL4B
16591,UBL5
16592,UBLCP1
16593,UBN1
16594,UBN2
16595,UBOX5
16596,UBOX5-AS1
16597,UBP1
16598,UBQLN1
16599,UBQLN2
16600,UBQLN4
16601,UBQLNL
16602,UBR1
16603,UBR2
16604,UBR3
16605,UBR4
16606,UBR5
16607,UBR7
16608,UBTD1
16609,UBTD2
16610,UBTF
16611,UBTFL1
16612,UBXN1
16613,UBXN10
16614,UBXN11
16615,UBXN2A
16616,UBXN2B
16617,UBXN4
16618,UBXN6
16619,UBXN7
16620,UBXN7-AS1
16621,UBXN8
16622,UCHL1
16623,UCHL3
16624,UCHL5
16625,UCK1
16626,UCK2
16627,UCKL1
16628,UCKL1-AS1
16629,UCMA
16630,UCN
16631,UCN2
16632,UCN3
16633,UCP1
16634,UCP2
16635,UCP3
16636,UEVLD
16637,UFC1
16638,UFL1
16639,UFM1
16640,UFSP1
16641,UFSP2
16642,UGCG
16643,UGDH
16644,UGDH-AS1
16645,UGGT1
16646,UGGT2
16647,UGP2
16648,UGT1A1
16649,UGT1A10
16650,UGT1A6
16651,UGT1A7
16652,UGT1A8
16653,UGT1A9
16654,UGT2A1
16655,UGT2B11
16656,UGT2B17
16657,UGT2B28
16658,UGT2B4
16659,UGT2B7
16660,UGT3A1
16661,UGT3A2
16662,UGT8
16663,UHMK1
16664,UHRF1
16665,UHRF2
16666,UIMC1
16667,ULBP1
16668,ULBP2
16669,ULBP3
16670,ULK1
16671,ULK2
16672,ULK3
16673,ULK4
16674,UMAD1
16675,UMODL1
16676,UMPS
16677,UNC119
16678,UNC119B
16679,UNC13A
16680,UNC13B
16681,UNC13C
16682,UNC13D
16683,UNC45A
16684,UNC45B
16685,UNC50
16686,UNC5A
16687,UNC5B
16688,UNC5B-AS1
16689,UNC5C
16690,UNC5CL
16691,UNC5D
16692,UNC79
16693,UNC80
16694,UNC93A
16695,UNC93B1
16696,UNCX
16697,UNG
16698,UNK
16699,UNKL
16700,UPB1
16701,UPF1
16702,UPF2
16703,UPF3A
16704,UPF3B
16705,UPK1A
16706,UPK1B
16707,UPK2
16708,UPK3A
16709,UPP1
16710,UPP2
16711,UPRT
16712,UQCC1
16713,UQCC2
16714,UQCC3
16715,UQCR10
16716,UQCR11
16717,UQCRB
16718,UQCRC1
16719,UQCRC2
16720,UQCRFS1
16721,UQCRH
16722,UQCRHL
16723,UQCRQ
16724,URAD
16725,URB1
16726,URB2
16727,URGCP
16728,URGCP-MRPS24
16729,URI1
16730,URM1
16731,UROC1
16732,UROD
16733,UROS
16734,USB1
16735,USE1
16736,USF1
16737,USF2
16738,USF3
16739,USH1C
16740,USH1G
16741,USH2A
16742,USHBP1
16743,USO1
16744,USP1
16745,USP10
16746,USP11
16747,USP12
16748,USP13
16749,USP14
16750,USP15
16751,USP16
16752,USP18
16753,USP19
16754,USP2
16755,USP2-AS1
16756,USP20
16757,USP21
16758,USP22
16759,USP24
16760,USP25
16761,USP26
16762,USP27X
16763,USP28
16764,USP29
16765,USP3
16766,USP3-AS1
16767,USP30
16768,USP31
16769,USP32
16770,USP33
16771,USP34
16772,USP35
16773,USP36
16774,USP37
16775,USP38
16776,USP39
16777,USP4
16778,USP40
16779,USP42
16780,USP43
16781,USP44
16782,USP45
16783,USP46
16784,USP47
16785,USP48
16786,USP49
16787,USP5
16788,USP50
16789,USP51
16790,USP53
16791,USP54
16792,USP6
16793,USP6NL
16794,USP7
16795,USP8
16796,USP9X
16797,USP9Y
16798,USPL1
16799,UST
16800,UTF1
16801,UTP14A
16802,UTP14C
16803,UTP15
16804,UTP18
16805,UTP20
16806,UTP23
16807,UTP3
16808,UTP6
16809,UTRN
16810,UTS2
16811,UTS2B
16812,UTS2R
16813,UTY
16814,UVRAG
16815,UVSSA
16816,UXS1
16817,UXT
16818,UXT-AS1
16819,VAC14
16820,VAC14-AS1
16821,VAMP1
16822,VAMP2
16823,VAMP3
16824,VAMP4
16825,VAMP5
16826,VAMP7
16827,VAMP8
16828,VANGL1
16829,VANGL2
16830,VAPA
16831,VAPB
16832,VASH1
16833,VASH2
16834,VASN
16835,VASP
16836,VAT1
16837,VAT1L
16838,VAV1
16839,VAV2
16840,VAV3
16841,VAX1
16842,VAX2
16843,VBP1
16844,VCAM1
16845,VCAN
16846,VCAN-AS1
16847,VCL
16848,VCP
16849,VCPIP1
16850,VCPKMT
16851,VCX
16852,VCX2
16853,VCX3A
16854,VCX3B
16855,VDAC1
16856,VDAC2
16857,VDAC3
16858,VDR
16859,VEGFA
16860,VEGFB
16861,VEGFC
16862,VENTX
16863,VENTXP1
16864,VEPH1
16865,VEZF1
16866,VEZT
16867,VGF
16868,VGLL1
16869,VGLL2
16870,VGLL3
16871,VGLL4
16872,VHL
16873,VHLL
16874,VIL1
16875,VILL
16876,VIM
16877,VIM-AS1
16878,VIP
16879,VIPAS39
16880,VIPR1
16881,VIPR2
16882,VIT
16883,VKORC1
16884,VKORC1L1
16885,VLDLR
16886,VLDLR-AS1
16887,VMA21
16888,VMO1
16889,VMP1
16890,VN1R1
16891,VN1R2
16892,VN1R4
16893,VNN1
16894,VNN2
16895,VOPP1
16896,VPREB1
16897,VPREB3
16898,VPS11
16899,VPS13A
16900,VPS13A-AS1
16901,VPS13B
16902,VPS13C
16903,VPS13D
16904,VPS16
16905,VPS18
16906,VPS25
16907,VPS26A
16908,VPS26B
16909,VPS28
16910,VPS29
16911,VPS33A
16912,VPS33B
16913,VPS35
16914,VPS36
16915,VPS37A
16916,VPS37B
16917,VPS37C
16918,VPS37D
16919,VPS39
16920,VPS41
16921,VPS45
16922,VPS4A
16923,VPS4B
16924,VPS50
16925,VPS51
16926,VPS53
16927,VPS54
16928,VPS72
16929,VPS8
16930,VPS9D1
16931,VPS9D1-AS1
16932,VRK1
16933,VRK2
16934,VRK3
16935,VRTN
16936,VSIG1
16937,VSIG10
16938,VSIG10L
16939,VSIG2
16940,VSIG4
16941,VSIG8
16942,VSNL1
16943,VSTM1
16944,VSTM2A
16945,VSTM2B
16946,VSTM2L
16947,VSTM4
16948,VSTM5
16949,VSX1
16950,VSX2
16951,VTA1
16952,VTCN1
16953,VTI1A
16954,VTI1B
16955,VTN
16956,VWA1
16957,VWA2
16958,VWA3A
16959,VWA3B
16960,VWA5A
16961,VWA5B1
16962,VWA5B2
16963,VWA8
16964,VWA8-AS1
16965,VWC2
16966,VWC2L
16967,VWCE
16968,VWDE
16969,VWF
16970,WAC
16971,WAPL
16972,WARS2
16973,WAS
16974,WASF1
16975,WASF2
16976,WASF3
16977,WASIR2
16978,WASL
16979,WBP1
16980,WBP11
16981,WBP1L
16982,WBP2
16983,WBP2NL
16984,WBP4
16985,WDFY1
16986,WDFY2
16987,WDFY3
16988,WDFY3-AS1
16989,WDFY4
16990,WDHD1
16991,WDPCP
16992,WDR1
16993,WDR11
16994,WDR12
16995,WDR13
16996,WDR17
16997,WDR18
16998,WDR19
16999,WDR20
17000,WDR24
17001,WDR25
17002,WDR26
17003,WDR27
17004,WDR3
17005,WDR31
17006,WDR33
17007,WDR35
17008,WDR36
17009,WDR37
17010,WDR38
17011,WDR4
17012,WDR41
17013,WDR43
17014,WDR44
17015,WDR45B
17016,WDR46
17017,WDR47
17018,WDR48
17019,WDR49
17020,WDR5
17021,WDR53
17022,WDR54
17023,WDR55
17024,WDR59
17025,WDR5B
17026,WDR6
17027,WDR62
17028,WDR64
17029,WDR7
17030,WDR70
17031,WDR72
17032,WDR73
17033,WDR74
17034,WDR75
17035,WDR76
17036,WDR77
17037,WDR82
17038,WDR83
17039,WDR83OS
17040,WDR86
17041,WDR87
17042,WDR88
17043,WDR89
17044,WDR90
17045,WDR91
17046,WDR93
17047,WDR97
17048,WDSUB1
17049,WDTC1
17050,WEE1
17051,WEE2
17052,WEE2-AS1
17053,WFDC1
17054,WFDC10A
17055,WFDC10B
17056,WFDC11
17057,WFDC12
17058,WFDC13
17059,WFDC2
17060,WFDC3
17061,WFDC5
17062,WFDC6
17063,WFDC8
17064,WFDC9
17065,WFIKKN1
17066,WFIKKN2
17067,WFS1
17068,WHAMM
17069,WIF1
17070,WIPF1
17071,WIPF2
17072,WIPF3
17073,WIPI1
17074,WIPI2
17075,WIZ
17076,WLS
17077,WNK1
17078,WNK2
17079,WNK3
17080,WNK4
17081,WNT1
17082,WNT10A
17083,WNT10B
17084,WNT11
17085,WNT16
17086,WNT2
17087,WNT2B
17088,WNT3A
17089,WNT4
17090,WNT5A
17091,WNT5A-AS1
17092,WNT5B
17093,WNT6
17094,WNT7A
17095,WNT7B
17096,WNT8B
17097,WNT9A
17098,WRAP53
17099,WRAP73
17100,WRN
17101,WRNIP1
17102,WSB1
17103,WSB2
17104,WSCD1
17105,WSCD2
17106,WT1
17107,WT1-AS
17108,WTAP
17109,WTIP
17110,WWC1
17111,WWC2
17112,WWC2-AS1
17113,WWC2-AS2
17114,WWC3
17115,WWOX
17116,WWP1
17117,WWP2
17118,WWTR1
17119,WWTR1-AS1
17120,XAB2
17121,XAF1
17122,XAGE1A
17123,XAGE1B
17124,XAGE2
17125,XAGE3
17126,XAGE5
17127,XBP1
17128,XCL1
17129,XCL2
17130,XCR1
17131,XDH
17132,XG
17133,XIAP
17134,XIRP1
17135,XIRP2
17136,XIST
17137,XK
17138,XKR3
17139,XKR4
17140,XKR7
17141,XKR8
17142,XKR9
17143,XKRX
17144,XPA
17145,XPC
17146,XPNPEP1
17147,XPNPEP2
17148,XPNPEP3
17149,XPO1
17150,XPO4
17151,XPO5
17152,XPO6
17153,XPO7
17154,XPOT
17155,XPR1
17156,XRCC1
17157,XRCC2
17158,XRCC3
17159,XRCC4
17160,XRCC5
17161,XRCC6
17162,XRN1
17163,XRN2
17164,XRRA1
17165,XXYLT1
17166,XYLB
17167,XYLT1
17168,XYLT2
17169,YAF2
17170,YAP1
17171,YARS2
17172,YBEY
17173,YBX1
17174,YBX3
17175,YDJC
17176,YEATS2
17177,YEATS4
17178,YES1
17179,YIF1A
17180,YIF1B
17181,YIPF1
17182,YIPF2
17183,YIPF3
17184,YIPF4
17185,YIPF5
17186,YIPF6
17187,YIPF7
17188,YJEFN3
17189,YKT6
17190,YLPM1
17191,YME1L1
17192,YOD1
17193,YPEL1
17194,YPEL2
17195,YPEL3
17196,YPEL4
17197,YPEL5
17198,YRDC
17199,YTHDC2
17200,YTHDF1
17201,YTHDF2
17202,YTHDF3
17203,YWHAB
17204,YWHAG
17205,YWHAH
17206,YWHAQ
17207,YWHAZ
17208,YY1
17209,YY1AP1
17210,YY2
17211,ZACN
17212,ZAN
17213,ZAP70
17214,ZAR1
17215,ZAR1L
17216,ZBBX
17217,ZBED1
17218,ZBED2
17219,ZBED3
17220,ZBED3-AS1
17221,ZBED4
17222,ZBED5
17223,ZBED5-AS1
17224,ZBED6
17225,ZBP1
17226,ZBTB1
17227,ZBTB10
17228,ZBTB11
17229,ZBTB11-AS1
17230,ZBTB14
17231,ZBTB16
17232,ZBTB17
17233,ZBTB18
17234,ZBTB2
17235,ZBTB20
17236,ZBTB20-AS1
17237,ZBTB20-AS3
17238,ZBTB20-AS4
17239,ZBTB21
17240,ZBTB22
17241,ZBTB24
17242,ZBTB25
17243,ZBTB26
17244,ZBTB3
17245,ZBTB32
17246,ZBTB33
17247,ZBTB34
17248,ZBTB37
17249,ZBTB38
17250,ZBTB39
17251,ZBTB40
17252,ZBTB41
17253,ZBTB42
17254,ZBTB43
17255,ZBTB44
17256,ZBTB45
17257,ZBTB46
17258,ZBTB47
17259,ZBTB48
17260,ZBTB49
17261,ZBTB5
17262,ZBTB6
17263,ZBTB7A
17264,ZBTB7B
17265,ZBTB7C
17266,ZBTB8A
17267,ZBTB8B
17268,ZBTB8OS
17269,ZBTB9
17270,ZC2HC1A
17271,ZC2HC1C
17272,ZC3H10
17273,ZC3H11A
17274,ZC3H12A
17275,ZC3H12B
17276,ZC3H12C
17277,ZC3H12D
17278,ZC3H13
17279,ZC3H14
17280,ZC3H15
17281,ZC3H18
17282,ZC3H3
17283,ZC3H4
17284,ZC3H6
17285,ZC3H7A
17286,ZC3H7B
17287,ZC3H8
17288,ZC3HAV1
17289,ZC3HAV1L
17290,ZC3HC1
17291,ZC4H2
17292,ZCCHC10
17293,ZCCHC12
17294,ZCCHC14
17295,ZCCHC17
17296,ZCCHC18
17297,ZCCHC2
17298,ZCCHC24
17299,ZCCHC3
17300,ZCCHC4
17301,ZCCHC7
17302,ZCCHC8
17303,ZCCHC9
17304,ZCRB1
17305,ZCWPW1
17306,ZCWPW2
17307,ZDBF2
17308,ZDHHC1
17309,ZDHHC11
17310,ZDHHC11B
17311,ZDHHC12
17312,ZDHHC13
17313,ZDHHC14
17314,ZDHHC15
17315,ZDHHC16
17316,ZDHHC17
17317,ZDHHC18
17318,ZDHHC19
17319,ZDHHC2
17320,ZDHHC20
17321,ZDHHC21
17322,ZDHHC22
17323,ZDHHC23
17324,ZDHHC24
17325,ZDHHC3
17326,ZDHHC4
17327,ZDHHC5
17328,ZDHHC6
17329,ZDHHC7
17330,ZDHHC8
17331,ZDHHC9
17332,ZEB1
17333,ZEB1-AS1
17334,ZEB2
17335,ZEB2-AS1
17336,ZER1
17337,ZFAND1
17338,ZFAND2A
17339,ZFAND2B
17340,ZFAND3
17341,ZFAND4
17342,ZFAND5
17343,ZFAND6
17344,ZFAS1
17345,ZFAT
17346,ZFAT-AS1
17347,ZFC3H1
17348,ZFHX2
17349,ZFHX3
17350,ZFHX4
17351,ZFP1
17352,ZFP14
17353,ZFP2
17354,ZFP28
17355,ZFP3
17356,ZFP30
17357,ZFP36
17358,ZFP36L1
17359,ZFP36L2
17360,ZFP37
17361,ZFP41
17362,ZFP42
17363,ZFP62
17364,ZFP64
17365,ZFP69
17366,ZFP69B
17367,ZFP82
17368,ZFP90
17369,ZFP91
17370,ZFP92
17371,ZFPL1
17372,ZFPM1
17373,ZFPM2
17374,ZFR
17375,ZFR2
17376,ZFX
17377,ZFX-AS1
17378,ZFY
17379,ZFYVE1
17380,ZFYVE16
17381,ZFYVE19
17382,ZFYVE21
17383,ZFYVE26
17384,ZFYVE27
17385,ZFYVE28
17386,ZFYVE9
17387,ZG16
17388,ZGLP1
17389,ZGPAT
17390,ZGRF1
17391,ZHX1
17392,ZHX1-C8orf76
17393,ZHX2
17394,ZHX3
17395,ZIC1
17396,ZIC2
17397,ZIC3
17398,ZIC4
17399,ZIC5
17400,ZIK1
17401,ZIM2
17402,ZIM3
17403,ZKSCAN1
17404,ZKSCAN2
17405,ZKSCAN3
17406,ZKSCAN4
17407,ZKSCAN5
17408,ZKSCAN7
17409,ZKSCAN8
17410,ZMAT1
17411,ZMAT2
17412,ZMAT3
17413,ZMAT4
17414,ZMAT5
17415,ZMIZ1
17416,ZMIZ1-AS1
17417,ZMIZ2
17418,ZMPSTE24
17419,ZMYM1
17420,ZMYM2
17421,ZMYM3
17422,ZMYM4
17423,ZMYM4-AS1
17424,ZMYM5
17425,ZMYM6
17426,ZMYND10
17427,ZMYND11
17428,ZMYND12
17429,ZMYND15
17430,ZMYND19
17431,ZMYND8
17432,ZNF10
17433,ZNF101
17434,ZNF106
17435,ZNF107
17436,ZNF112
17437,ZNF114
17438,ZNF117
17439,ZNF12
17440,ZNF121
17441,ZNF124
17442,ZNF131
17443,ZNF132
17444,ZNF133
17445,ZNF134
17446,ZNF135
17447,ZNF136
17448,ZNF138
17449,ZNF14
17450,ZNF140
17451,ZNF141
17452,ZNF142
17453,ZNF143
17454,ZNF146
17455,ZNF148
17456,ZNF154
17457,ZNF155
17458,ZNF157
17459,ZNF16
17460,ZNF160
17461,ZNF165
17462,ZNF169
17463,ZNF17
17464,ZNF174
17465,ZNF175
17466,ZNF177
17467,ZNF18
17468,ZNF180
17469,ZNF181
17470,ZNF182
17471,ZNF184
17472,ZNF185
17473,ZNF189
17474,ZNF19
17475,ZNF195
17476,ZNF197
17477,ZNF2
17478,ZNF20
17479,ZNF200
17480,ZNF202
17481,ZNF205
17482,ZNF207
17483,ZNF208
17484,ZNF211
17485,ZNF212
17486,ZNF213
17487,ZNF213-AS1
17488,ZNF214
17489,ZNF215
17490,ZNF217
17491,ZNF219
17492,ZNF22
17493,ZNF221
17494,ZNF222
17495,ZNF223
17496,ZNF224
17497,ZNF225
17498,ZNF226
17499,ZNF227
17500,ZNF229
17501,ZNF23
17502,ZNF230
17503,ZNF232
17504,ZNF233
17505,ZNF234
17506,ZNF235
17507,ZNF236
17508,ZNF239
17509,ZNF24
17510,ZNF248
17511,ZNF25
17512,ZNF250
17513,ZNF251
17514,ZNF252P-AS1
17515,ZNF253
17516,ZNF254
17517,ZNF256
17518,ZNF257
17519,ZNF26
17520,ZNF260
17521,ZNF263
17522,ZNF264
17523,ZNF266
17524,ZNF267
17525,ZNF268
17526,ZNF273
17527,ZNF274
17528,ZNF275
17529,ZNF276
17530,ZNF277
17531,ZNF28
17532,ZNF280A
17533,ZNF280B
17534,ZNF280C
17535,ZNF280D
17536,ZNF281
17537,ZNF282
17538,ZNF283
17539,ZNF284
17540,ZNF285
17541,ZNF286A
17542,ZNF286B
17543,ZNF287
17544,ZNF292
17545,ZNF295-AS1
17546,ZNF296
17547,ZNF3
17548,ZNF30
17549,ZNF300
17550,ZNF302
17551,ZNF304
17552,ZNF316
17553,ZNF317
17554,ZNF318
17555,ZNF319
17556,ZNF32
17557,ZNF32-AS1
17558,ZNF32-AS2
17559,ZNF320
17560,ZNF322
17561,ZNF324
17562,ZNF324B
17563,ZNF326
17564,ZNF329
17565,ZNF330
17566,ZNF331
17567,ZNF333
17568,ZNF334
17569,ZNF335
17570,ZNF337
17571,ZNF337-AS1
17572,ZNF33A
17573,ZNF33B
17574,ZNF34
17575,ZNF341
17576,ZNF341-AS1
17577,ZNF343
17578,ZNF345
17579,ZNF346
17580,ZNF347
17581,ZNF35
17582,ZNF350
17583,ZNF350-AS1
17584,ZNF354A
17585,ZNF354B
17586,ZNF354C
17587,ZNF358
17588,ZNF362
17589,ZNF365
17590,ZNF366
17591,ZNF367
17592,ZNF37A
17593,ZNF382
17594,ZNF383
17595,ZNF384
17596,ZNF385A
17597,ZNF385B
17598,ZNF385C
17599,ZNF385D
17600,ZNF385D-AS1
17601,ZNF391
17602,ZNF394
17603,ZNF395
17604,ZNF396
17605,ZNF397
17606,ZNF398
17607,ZNF404
17608,ZNF407
17609,ZNF408
17610,ZNF41
17611,ZNF410
17612,ZNF414
17613,ZNF415
17614,ZNF416
17615,ZNF417
17616,ZNF418
17617,ZNF419
17618,ZNF420
17619,ZNF423
17620,ZNF425
17621,ZNF426
17622,ZNF428
17623,ZNF429
17624,ZNF43
17625,ZNF431
17626,ZNF432
17627,ZNF433
17628,ZNF436
17629,ZNF436-AS1
17630,ZNF438
17631,ZNF439
17632,ZNF44
17633,ZNF440
17634,ZNF441
17635,ZNF442
17636,ZNF443
17637,ZNF444
17638,ZNF445
17639,ZNF446
17640,ZNF449
17641,ZNF45
17642,ZNF451
17643,ZNF454
17644,ZNF460
17645,ZNF461
17646,ZNF462
17647,ZNF467
17648,ZNF468
17649,ZNF469
17650,ZNF470
17651,ZNF471
17652,ZNF473
17653,ZNF474
17654,ZNF479
17655,ZNF48
17656,ZNF480
17657,ZNF483
17658,ZNF484
17659,ZNF485
17660,ZNF486
17661,ZNF487
17662,ZNF488
17663,ZNF490
17664,ZNF491
17665,ZNF492
17666,ZNF493
17667,ZNF497
17668,ZNF500
17669,ZNF502
17670,ZNF503
17671,ZNF503-AS1
17672,ZNF503-AS2
17673,ZNF506
17674,ZNF507
17675,ZNF510
17676,ZNF511
17677,ZNF512
17678,ZNF512B
17679,ZNF513
17680,ZNF514
17681,ZNF516
17682,ZNF517
17683,ZNF518A
17684,ZNF518B
17685,ZNF519
17686,ZNF521
17687,ZNF524
17688,ZNF525
17689,ZNF526
17690,ZNF527
17691,ZNF528
17692,ZNF529
17693,ZNF529-AS1
17694,ZNF530
17695,ZNF532
17696,ZNF534
17697,ZNF536
17698,ZNF540
17699,ZNF541
17700,ZNF543
17701,ZNF544
17702,ZNF546
17703,ZNF547
17704,ZNF548
17705,ZNF549
17706,ZNF550
17707,ZNF551
17708,ZNF552
17709,ZNF554
17710,ZNF555
17711,ZNF556
17712,ZNF557
17713,ZNF558
17714,ZNF559
17715,ZNF559-ZNF177
17716,ZNF560
17717,ZNF561
17718,ZNF562
17719,ZNF563
17720,ZNF564
17721,ZNF565
17722,ZNF566
17723,ZNF567
17724,ZNF568
17725,ZNF569
17726,ZNF57
17727,ZNF570
17728,ZNF571
17729,ZNF571-AS1
17730,ZNF572
17731,ZNF574
17732,ZNF575
17733,ZNF576
17734,ZNF577
17735,ZNF578
17736,ZNF579
17737,ZNF580
17738,ZNF581
17739,ZNF582
17740,ZNF583
17741,ZNF584
17742,ZNF585A
17743,ZNF585B
17744,ZNF586
17745,ZNF587
17746,ZNF587B
17747,ZNF589
17748,ZNF592
17749,ZNF593
17750,ZNF594
17751,ZNF595
17752,ZNF596
17753,ZNF597
17754,ZNF599
17755,ZNF600
17756,ZNF605
17757,ZNF606
17758,ZNF607
17759,ZNF608
17760,ZNF609
17761,ZNF610
17762,ZNF611
17763,ZNF613
17764,ZNF614
17765,ZNF615
17766,ZNF616
17767,ZNF618
17768,ZNF619
17769,ZNF620
17770,ZNF621
17771,ZNF622
17772,ZNF623
17773,ZNF624
17774,ZNF625
17775,ZNF626
17776,ZNF627
17777,ZNF628
17778,ZNF629
17779,ZNF630
17780,ZNF638
17781,ZNF639
17782,ZNF641
17783,ZNF644
17784,ZNF646
17785,ZNF648
17786,ZNF649
17787,ZNF649-AS1
17788,ZNF652
17789,ZNF653
17790,ZNF654
17791,ZNF655
17792,ZNF658
17793,ZNF662
17794,ZNF664
17795,ZNF665
17796,ZNF667
17797,ZNF667-AS1
17798,ZNF668
17799,ZNF669
17800,ZNF670
17801,ZNF670-ZNF695
17802,ZNF671
17803,ZNF672
17804,ZNF674
17805,ZNF674-AS1
17806,ZNF675
17807,ZNF677
17808,ZNF678
17809,ZNF679
17810,ZNF680
17811,ZNF681
17812,ZNF682
17813,ZNF683
17814,ZNF684
17815,ZNF687
17816,ZNF688
17817,ZNF689
17818,ZNF69
17819,ZNF691
17820,ZNF692
17821,ZNF695
17822,ZNF696
17823,ZNF697
17824,ZNF699
17825,ZNF7
17826,ZNF70
17827,ZNF700
17828,ZNF701
17829,ZNF703
17830,ZNF704
17831,ZNF705A
17832,ZNF706
17833,ZNF707
17834,ZNF708
17835,ZNF709
17836,ZNF71
17837,ZNF710
17838,ZNF711
17839,ZNF713
17840,ZNF714
17841,ZNF716
17842,ZNF717
17843,ZNF718
17844,ZNF721
17845,ZNF726
17846,ZNF727
17847,ZNF728
17848,ZNF729
17849,ZNF730
17850,ZNF732
17851,ZNF736
17852,ZNF737
17853,ZNF738
17854,ZNF74
17855,ZNF740
17856,ZNF746
17857,ZNF747
17858,ZNF749
17859,ZNF750
17860,ZNF75A
17861,ZNF75D
17862,ZNF76
17863,ZNF761
17864,ZNF763
17865,ZNF764
17866,ZNF765
17867,ZNF766
17868,ZNF768
17869,ZNF77
17870,ZNF770
17871,ZNF771
17872,ZNF772
17873,ZNF773
17874,ZNF774
17875,ZNF775
17876,ZNF776
17877,ZNF777
17878,ZNF778
17879,ZNF781
17880,ZNF782
17881,ZNF783
17882,ZNF784
17883,ZNF785
17884,ZNF786
17885,ZNF787
17886,ZNF789
17887,ZNF79
17888,ZNF790
17889,ZNF790-AS1
17890,ZNF791
17891,ZNF792
17892,ZNF793
17893,ZNF793-AS1
17894,ZNF799
17895,ZNF8
17896,ZNF80
17897,ZNF800
17898,ZNF804A
17899,ZNF804B
17900,ZNF805
17901,ZNF808
17902,ZNF81
17903,ZNF813
17904,ZNF814
17905,ZNF816
17906,ZNF816-ZNF321P
17907,ZNF821
17908,ZNF823
17909,ZNF827
17910,ZNF829
17911,ZNF83
17912,ZNF830
17913,ZNF831
17914,ZNF835
17915,ZNF836
17916,ZNF837
17917,ZNF839
17918,ZNF84
17919,ZNF841
17920,ZNF843
17921,ZNF844
17922,ZNF845
17923,ZNF846
17924,ZNF85
17925,ZNF850
17926,ZNF853
17927,ZNF860
17928,ZNF862
17929,ZNF865
17930,ZNF878
17931,ZNF879
17932,ZNF880
17933,ZNF883
17934,ZNF888
17935,ZNF891
17936,ZNF90
17937,ZNF91
17938,ZNF92
17939,ZNF93
17940,ZNF98
17941,ZNF99
17942,ZNFX1
17943,ZNHIT1
17944,ZNHIT2
17945,ZNHIT3
17946,ZNHIT6
17947,ZNRF1
17948,ZNRF2
17949,ZNRF3
17950,ZNRF3-AS1
17951,ZNRF4
17952,ZP1
17953,ZP3
17954,ZPBP
17955,ZPBP2
17956,ZPLD1
17957,ZPR1
17958,ZRANB1
17959,ZRANB2
17960,ZRANB3
17961,ZRSR2
17962,ZSCAN1
17963,ZSCAN10
17964,ZSCAN12
17965,ZSCAN16
17966,ZSCAN16-AS1
17967,ZSCAN18
17968,ZSCAN2
17969,ZSCAN20
17970,ZSCAN21
17971,ZSCAN22
17972,ZSCAN23
17973,ZSCAN25
17974,ZSCAN26
17975,ZSCAN29
17976,ZSCAN30
17977,ZSCAN31
17978,ZSCAN32
17979,ZSCAN4
17980,ZSCAN5A
17981,ZSCAN5B
17982,ZSCAN9
17983,ZSWIM1
17984,ZSWIM2
17985,ZSWIM3
17986,ZSWIM4
17987,ZSWIM5
17988,ZSWIM6
17989,ZSWIM7
17990,ZSWIM8
17991,ZW10
17992,ZWILCH
17993,ZWINT
17994,ZXDA
17995,ZXDB
17996,ZXDC
17997,ZYG11A
17998,ZYG11B
17999,ZYX
18000,ZZEF1
18001,ZZZ3
