,0
0,ENSG00000121410
1,ENSG00000268895
2,ENSG00000148584
3,ENSG00000175899
4,ENSG00000245105
5,ENSG00000166535
6,ENSG00000128274
7,ENSG00000118017
8,ENSG00000081760
9,ENSG00000114771
10,ENSG00000197953
11,ENSG00000188984
12,ENSG00000204518
13,ENSG00000109576
14,ENSG00000103591
15,ENSG00000115977
16,ENSG00000087884
17,ENSG00000127837
18,ENSG00000129673
19,ENSG00000131043
20,ENSG00000205002
21,ENSG00000124608
22,ENSG00000266967
23,ENSG00000157426
24,ENSG00000149313
25,ENSG00000008311
26,ENSG00000215458
27,ENSG00000275700
28,ENSG00000181409
29,ENSG00000281376
30,ENSG00000183044
31,ENSG00000165029
32,ENSG00000154263
33,ENSG00000144452
34,ENSG00000179869
35,ENSG00000107331
36,ENSG00000167972
37,ENSG00000198691
38,ENSG00000154265
39,ENSG00000154262
40,ENSG00000064687
41,ENSG00000141338
42,ENSG00000154258
43,ENSG00000231749
44,ENSG00000085563
45,ENSG00000135776
46,ENSG00000005471
47,ENSG00000004846
48,ENSG00000115657
49,ENSG00000131269
50,ENSG00000197150
51,ENSG00000150967
52,ENSG00000103222
53,ENSG00000124574
54,ENSG00000121270
55,ENSG00000140798
56,ENSG00000023839
57,ENSG00000108846
58,ENSG00000125257
59,ENSG00000114770
60,ENSG00000223882
61,ENSG00000091262
62,ENSG00000006071
63,ENSG00000069431
64,ENSG00000101986
65,ENSG00000173208
66,ENSG00000117528
67,ENSG00000119688
68,ENSG00000164163
69,ENSG00000033050
70,ENSG00000161204
71,ENSG00000160179
72,ENSG00000118777
73,ENSG00000172350
74,ENSG00000138075
75,ENSG00000143921
76,ENSG00000143994
77,ENSG00000144827
78,ENSG00000106077
79,ENSG00000100997
80,ENSG00000131969
81,ENSG00000139826
82,ENSG00000248487
83,ENSG00000114786
84,ENSG00000114779
85,ENSG00000168792
86,ENSG00000183260
87,ENSG00000129968
88,ENSG00000107362
89,ENSG00000136379
90,ENSG00000164074
91,ENSG00000140526
92,ENSG00000158201
93,ENSG00000100439
94,ENSG00000011198
95,ENSG00000163686
96,ENSG00000127220
97,ENSG00000136754
98,ENSG00000138443
99,ENSG00000108798
100,ENSG00000154175
101,ENSG00000097007
102,ENSG00000143322
103,ENSG00000099204
104,ENSG00000163995
105,ENSG00000173210
106,ENSG00000174429
107,ENSG00000146386
108,ENSG00000114626
109,ENSG00000166016
110,ENSG00000060971
111,ENSG00000167315
112,ENSG00000076555
113,ENSG00000111271
114,ENSG00000240303
115,ENSG00000151498
116,ENSG00000177646
117,ENSG00000115361
118,ENSG00000117054
119,ENSG00000122971
120,ENSG00000196177
121,ENSG00000072778
122,ENSG00000157766
123,ENSG00000072818
124,ENSG00000114331
125,ENSG00000131584
126,ENSG00000075239
127,ENSG00000120437
128,ENSG00000182827
129,ENSG00000181513
130,ENSG00000107897
131,ENSG00000230124
132,ENSG00000176244
133,ENSG00000110455
134,ENSG00000102977
135,ENSG00000159640
136,ENSG00000130234
137,ENSG00000167769
138,ENSG00000177076
139,ENSG00000078124
140,ENSG00000087085
141,ENSG00000100813
142,ENSG00000213088
143,ENSG00000144648
144,ENSG00000144476
145,ENSG00000129048
146,ENSG00000131473
147,ENSG00000153086
148,ENSG00000122729
149,ENSG00000100412
150,ENSG00000184227
151,ENSG00000162390
152,ENSG00000172497
153,ENSG00000112304
154,ENSG00000119673
155,ENSG00000177465
156,ENSG00000205669
157,ENSG00000097021
158,ENSG00000101473
159,ENSG00000123130
160,ENSG00000161533
161,ENSG00000168306
162,ENSG00000087008
163,ENSG00000153093
164,ENSG00000143727
165,ENSG00000134575
166,ENSG00000102575
167,ENSG00000162836
168,ENSG00000183760
169,ENSG00000111644
170,ENSG00000134940
171,ENSG00000103740
172,ENSG00000130377
173,ENSG00000167107
174,ENSG00000176715
175,ENSG00000151726
176,ENSG00000123983
177,ENSG00000068366
178,ENSG00000197142
179,ENSG00000164398
180,ENSG00000166743
181,ENSG00000183747
182,ENSG00000066813
183,ENSG00000005187
184,ENSG00000215009
185,ENSG00000183549
186,ENSG00000173124
187,ENSG00000154930
188,ENSG00000131069
189,ENSG00000111058
190,ENSG00000143632
191,ENSG00000107796
192,ENSG00000180139
193,ENSG00000075624
194,ENSG00000169067
195,ENSG00000159251
196,ENSG00000163017
197,ENSG00000136518
198,ENSG00000077080
199,ENSG00000148156
200,ENSG00000117148
201,ENSG00000072110
202,ENSG00000077522
203,ENSG00000248746
204,ENSG00000131966
205,ENSG00000138107
206,ENSG00000138071
207,ENSG00000115091
208,ENSG00000133627
209,ENSG00000106526
210,ENSG00000101442
211,ENSG00000075089
212,ENSG00000113812
213,ENSG00000123165
214,ENSG00000169717
215,ENSG00000184378
216,ENSG00000115170
217,ENSG00000135503
218,ENSG00000123612
219,ENSG00000121989
220,ENSG00000114739
221,ENSG00000229589
222,ENSG00000139567
223,ENSG00000243989
224,ENSG00000132744
225,ENSG00000119640
226,ENSG00000170634
227,ENSG00000196839
228,ENSG00000140955
229,ENSG00000137845
230,ENSG00000073670
231,ENSG00000148848
232,ENSG00000143537
233,ENSG00000151694
234,ENSG00000135074
235,ENSG00000104755
236,ENSG00000134007
237,ENSG00000139985
238,ENSG00000008277
239,ENSG00000114948
240,ENSG00000042980
241,ENSG00000168594
242,ENSG00000134249
243,ENSG00000197140
244,ENSG00000149451
245,ENSG00000151651
246,ENSG00000134028
247,ENSG00000154734
248,ENSG00000142303
249,ENSG00000151388
250,ENSG00000138316
251,ENSG00000166106
252,ENSG00000145536
253,ENSG00000140470
254,ENSG00000140873
255,ENSG00000145808
256,ENSG00000087116
257,ENSG00000173157
258,ENSG00000156140
259,ENSG00000158859
260,ENSG00000154736
261,ENSG00000049192
262,ENSG00000136378
263,ENSG00000134917
264,ENSG00000163638
265,ENSG00000241158
266,ENSG00000241684
267,ENSG00000178031
268,ENSG00000197859
269,ENSG00000143382
270,ENSG00000185761
271,ENSG00000105963
272,ENSG00000184060
273,ENSG00000160710
274,ENSG00000197381
275,ENSG00000185736
276,ENSG00000205696
277,ENSG00000065457
278,ENSG00000189007
279,ENSG00000213638
280,ENSG00000063761
281,ENSG00000133597
282,ENSG00000173137
283,ENSG00000164742
284,ENSG00000143199
285,ENSG00000078295
286,ENSG00000138031
287,ENSG00000129467
288,ENSG00000173175
289,ENSG00000174233
290,ENSG00000121281
291,ENSG00000155897
292,ENSG00000162104
293,ENSG00000141433
294,ENSG00000078549
295,ENSG00000087274
296,ENSG00000075340
297,ENSG00000148700
298,ENSG00000118492
299,ENSG00000197177
300,ENSG00000020181
301,ENSG00000152990
302,ENSG00000181790
303,ENSG00000121753
304,ENSG00000135298
305,ENSG00000111452
306,ENSG00000180264
307,ENSG00000174837
308,ENSG00000127507
309,ENSG00000131355
310,ENSG00000123146
311,ENSG00000153292
312,ENSG00000173567
313,ENSG00000153294
314,ENSG00000069122
315,ENSG00000205336
316,ENSG00000173698
317,ENSG00000182885
318,ENSG00000156920
319,ENSG00000159618
320,ENSG00000112414
321,ENSG00000144820
322,ENSG00000072071
323,ENSG00000117114
324,ENSG00000150471
325,ENSG00000162618
326,ENSG00000164199
327,ENSG00000187758
328,ENSG00000196616
329,ENSG00000248144
330,ENSG00000198099
331,ENSG00000197894
332,ENSG00000172955
333,ENSG00000196344
334,ENSG00000147576
335,ENSG00000182035
336,ENSG00000181092
337,ENSG00000226482
338,ENSG00000159346
339,ENSG00000148671
340,ENSG00000156110
341,ENSG00000148926
342,ENSG00000128165
343,ENSG00000224420
344,ENSG00000101126
345,ENSG00000259456
346,ENSG00000101544
347,ENSG00000181915
348,ENSG00000163485
349,ENSG00000128271
350,ENSG00000178803
351,ENSG00000170425
352,ENSG00000282608
353,ENSG00000159322
354,ENSG00000260898
355,ENSG00000144843
356,ENSG00000153531
357,ENSG00000170222
358,ENSG00000120907
359,ENSG00000170214
360,ENSG00000171873
361,ENSG00000150594
362,ENSG00000274286
363,ENSG00000184160
364,ENSG00000043591
365,ENSG00000169252
366,ENSG00000188778
367,ENSG00000130706
368,ENSG00000239900
369,ENSG00000111863
370,ENSG00000106624
371,ENSG00000139154
372,ENSG00000181026
373,ENSG00000196526
374,ENSG00000272620
375,ENSG00000157510
376,ENSG00000169129
377,ENSG00000172493
378,ENSG00000155966
379,ENSG00000144218
380,ENSG00000072364
381,ENSG00000141385
382,ENSG00000079557
383,ENSG00000183077
384,ENSG00000081051
385,ENSG00000119844
386,ENSG00000038002
387,ENSG00000157985
388,ENSG00000135439
389,ENSG00000255737
390,ENSG00000133612
391,ENSG00000188234
392,ENSG00000172650
393,ENSG00000204149
394,ENSG00000204172
395,ENSG00000273540
396,ENSG00000260125
397,ENSG00000165923
398,ENSG00000146856
399,ENSG00000186094
400,ENSG00000084693
401,ENSG00000231636
402,ENSG00000173744
403,ENSG00000106351
404,ENSG00000164252
405,ENSG00000006530
406,ENSG00000162688
407,ENSG00000116771
408,ENSG00000187546
409,ENSG00000092847
410,ENSG00000123908
411,ENSG00000126070
412,ENSG00000134698
413,ENSG00000169692
414,ENSG00000160216
415,ENSG00000026652
416,ENSG00000155189
417,ENSG00000018510
418,ENSG00000106541
419,ENSG00000173467
420,ENSG00000188157
421,ENSG00000159723
422,ENSG00000135744
423,ENSG00000135049
424,ENSG00000144891
425,ENSG00000180772
426,ENSG00000177674
427,ENSG00000172482
428,ENSG00000113492
429,ENSG00000153207
430,ENSG00000101444
431,ENSG00000168710
432,ENSG00000158467
433,ENSG00000126705
434,ENSG00000135541
435,ENSG00000124942
436,ENSG00000185567
437,ENSG00000106546
438,ENSG00000063438
439,ENSG00000100591
440,ENSG00000145192
441,ENSG00000169877
442,ENSG00000111732
443,ENSG00000186063
444,ENSG00000204472
445,ENSG00000126878
446,ENSG00000156709
447,ENSG00000042286
448,ENSG00000183773
449,ENSG00000146416
450,ENSG00000163568
451,ENSG00000164022
452,ENSG00000106305
453,ENSG00000110711
454,ENSG00000129221
455,ENSG00000160224
456,ENSG00000268257
457,ENSG00000196581
458,ENSG00000129474
459,ENSG00000106992
460,ENSG00000004455
461,ENSG00000147853
462,ENSG00000162433
463,ENSG00000154027
464,ENSG00000140057
465,ENSG00000165695
466,ENSG00000155085
467,ENSG00000121057
468,ENSG00000108599
469,ENSG00000023516
470,ENSG00000131016
471,ENSG00000170776
472,ENSG00000186471
473,ENSG00000111254
474,ENSG00000147081
475,ENSG00000179841
476,ENSG00000151320
477,ENSG00000118507
478,ENSG00000105127
479,ENSG00000011243
480,ENSG00000127914
481,ENSG00000166452
482,ENSG00000174574
483,ENSG00000135334
484,ENSG00000106948
485,ENSG00000162641
486,ENSG00000117448
487,ENSG00000085662
488,ENSG00000198074
489,ENSG00000227471
490,ENSG00000187134
491,ENSG00000151632
492,ENSG00000196139
493,ENSG00000198610
494,ENSG00000122787
495,ENSG00000165568
496,ENSG00000053371
497,ENSG00000162482
498,ENSG00000142208
499,ENSG00000204673
500,ENSG00000105221
501,ENSG00000117020
502,ENSG00000166971
503,ENSG00000148218
504,ENSG00000023330
505,ENSG00000158578
506,ENSG00000163631
507,ENSG00000170017
508,ENSG00000161618
509,ENSG00000059573
510,ENSG00000165092
511,ENSG00000128918
512,ENSG00000184254
513,ENSG00000137124
514,ENSG00000144908
515,ENSG00000250218
516,ENSG00000246022
517,ENSG00000136010
518,ENSG00000111275
519,ENSG00000108602
520,ENSG00000072210
521,ENSG00000006534
522,ENSG00000132746
523,ENSG00000159423
524,ENSG00000112294
525,ENSG00000119711
526,ENSG00000164904
527,ENSG00000118514
528,ENSG00000143149
529,ENSG00000149925
530,ENSG00000136872
531,ENSG00000109107
532,ENSG00000033011
533,ENSG00000139133
534,ENSG00000175548
535,ENSG00000253710
536,ENSG00000182858
537,ENSG00000101901
538,ENSG00000172339
539,ENSG00000251287
540,ENSG00000119523
541,ENSG00000214160
542,ENSG00000120697
543,ENSG00000088035
544,ENSG00000159063
545,ENSG00000086848
546,ENSG00000171094
547,ENSG00000100601
548,ENSG00000189046
549,ENSG00000166199
550,ENSG00000244926
551,ENSG00000160993
552,ENSG00000091542
553,ENSG00000239382
554,ENSG00000125652
555,ENSG00000137760
556,ENSG00000151360
557,ENSG00000116127
558,ENSG00000108839
559,ENSG00000267532
560,ENSG00000179477
561,ENSG00000161905
562,ENSG00000179593
563,ENSG00000132965
564,ENSG00000179148
565,ENSG00000163295
566,ENSG00000073331
567,ENSG00000198796
568,ENSG00000136383
569,ENSG00000162551
570,ENSG00000163283
571,ENSG00000003393
572,ENSG00000178038
573,ENSG00000180318
574,ENSG00000156150
575,ENSG00000052850
576,ENSG00000183684
577,ENSG00000242110
578,ENSG00000178522
579,ENSG00000106927
580,ENSG00000110497
581,ENSG00000123505
582,ENSG00000139344
583,ENSG00000162066
584,ENSG00000125363
585,ENSG00000099721
586,ENSG00000184675
587,ENSG00000165566
588,ENSG00000178171
589,ENSG00000159461
590,ENSG00000104899
591,ENSG00000135409
592,ENSG00000181754
593,ENSG00000139211
594,ENSG00000176020
595,ENSG00000101935
596,ENSG00000144233
597,ENSG00000166126
598,ENSG00000151743
599,ENSG00000126016
600,ENSG00000166025
601,ENSG00000114019
602,ENSG00000116748
603,ENSG00000116337
604,ENSG00000133805
605,ENSG00000078053
606,ENSG00000145020
607,ENSG00000187689
608,ENSG00000237763
609,ENSG00000174876
610,ENSG00000187733
611,ENSG00000243480
612,ENSG00000240038
613,ENSG00000174945
614,ENSG00000196704
615,ENSG00000153107
616,ENSG00000164162
617,ENSG00000141552
618,ENSG00000129055
619,ENSG00000110200
620,ENSG00000166295
621,ENSG00000176248
622,ENSG00000053900
623,ENSG00000089053
624,ENSG00000196510
625,ENSG00000214274
626,ENSG00000013523
627,ENSG00000174606
628,ENSG00000154188
629,ENSG00000091879
630,ENSG00000101280
631,ENSG00000116194
632,ENSG00000136859
633,ENSG00000132855
634,ENSG00000167772
635,ENSG00000187151
636,ENSG00000130812
637,ENSG00000171819
638,ENSG00000130173
639,ENSG00000227059
640,ENSG00000029534
641,ENSG00000145362
642,ENSG00000151150
643,ENSG00000151687
644,ENSG00000166839
645,ENSG00000189045
646,ENSG00000132623
647,ENSG00000153930
648,ENSG00000185722
649,ENSG00000154122
650,ENSG00000131503
651,ENSG00000254996
652,ENSG00000001629
653,ENSG00000170209
654,ENSG00000160117
655,ENSG00000176915
656,ENSG00000144504
657,ENSG00000106524
658,ENSG00000164331
659,ENSG00000148677
660,ENSG00000088448
661,ENSG00000167522
662,ENSG00000101745
663,ENSG00000076513
664,ENSG00000198720
665,ENSG00000118454
666,ENSG00000172932
667,ENSG00000134461
668,ENSG00000132466
669,ENSG00000180071
670,ENSG00000230453
671,ENSG00000165887
672,ENSG00000260691
673,ENSG00000152766
674,ENSG00000163126
675,ENSG00000089847
676,ENSG00000107890
677,ENSG00000105186
678,ENSG00000206560
679,ENSG00000154065
680,ENSG00000148513
681,ENSG00000180777
682,ENSG00000163046
683,ENSG00000145700
684,ENSG00000167612
685,ENSG00000164236
686,ENSG00000272031
687,ENSG00000189127
688,ENSG00000235711
689,ENSG00000198483
690,ENSG00000174501
691,ENSG00000186352
692,ENSG00000213337
693,ENSG00000154945
694,ENSG00000137494
695,ENSG00000065413
696,ENSG00000186106
697,ENSG00000168876
698,ENSG00000151458
699,ENSG00000139645
700,ENSG00000144031
701,ENSG00000100124
702,ENSG00000164512
703,ENSG00000135299
704,ENSG00000124227
705,ENSG00000157999
706,ENSG00000181626
707,ENSG00000230778
708,ENSG00000235098
709,ENSG00000230062
710,ENSG00000106013
711,ENSG00000156381
712,ENSG00000064999
713,ENSG00000185046
714,ENSG00000168096
715,ENSG00000165138
716,ENSG00000206199
717,ENSG00000163516
718,ENSG00000011426
719,ENSG00000131620
720,ENSG00000160746
721,ENSG00000047617
722,ENSG00000134343
723,ENSG00000171714
724,ENSG00000177119
725,ENSG00000146205
726,ENSG00000074855
727,ENSG00000185101
728,ENSG00000011201
729,ENSG00000140350
730,ENSG00000136938
731,ENSG00000139223
732,ENSG00000143401
733,ENSG00000166825
734,ENSG00000169604
735,ENSG00000163297
736,ENSG00000274209
737,ENSG00000135046
738,ENSG00000109511
739,ENSG00000122359
740,ENSG00000104537
741,ENSG00000182718
742,ENSG00000177721
743,ENSG00000138772
744,ENSG00000196975
745,ENSG00000164111
746,ENSG00000197043
747,ENSG00000138279
748,ENSG00000265190
749,ENSG00000264230
750,ENSG00000143412
751,ENSG00000136250
752,ENSG00000002726
753,ENSG00000131480
754,ENSG00000131471
755,ENSG00000138356
756,ENSG00000138660
757,ENSG00000100280
758,ENSG00000166747
759,ENSG00000213983
760,ENSG00000072958
761,ENSG00000129354
762,ENSG00000106367
763,ENSG00000182287
764,ENSG00000152056
765,ENSG00000196961
766,ENSG00000006125
767,ENSG00000161203
768,ENSG00000042753
769,ENSG00000132842
770,ENSG00000103723
771,ENSG00000065000
772,ENSG00000185009
773,ENSG00000070718
774,ENSG00000177879
775,ENSG00000157823
776,ENSG00000134262
777,ENSG00000226167
778,ENSG00000081014
779,ENSG00000221838
780,ENSG00000100478
781,ENSG00000254470
782,ENSG00000053770
783,ENSG00000125843
784,ENSG00000242802
785,ENSG00000120868
786,ENSG00000034053
787,ENSG00000011132
788,ENSG00000166313
789,ENSG00000077420
790,ENSG00000163697
791,ENSG00000113108
792,ENSG00000134982
793,ENSG00000115266
794,ENSG00000154856
795,ENSG00000198768
796,ENSG00000132703
797,ENSG00000164062
798,ENSG00000248329
799,ENSG00000169188
800,ENSG00000117362
801,ENSG00000138613
802,ENSG00000166181
803,ENSG00000149089
804,ENSG00000169621
805,ENSG00000171388
806,ENSG00000134817
807,ENSG00000105290
808,ENSG00000084234
809,ENSG00000101474
810,ENSG00000118137
811,ENSG00000158874
812,ENSG00000110244
813,ENSG00000110243
814,ENSG00000111701
815,ENSG00000124701
816,ENSG00000179750
817,ENSG00000249310
818,ENSG00000244509
819,ENSG00000243811
820,ENSG00000128394
821,ENSG00000239713
822,ENSG00000100298
823,ENSG00000173627
824,ENSG00000184730
825,ENSG00000130208
826,ENSG00000234906
827,ENSG00000110245
828,ENSG00000267467
829,ENSG00000189058
830,ENSG00000130203
831,ENSG00000175336
832,ENSG00000091583
833,ENSG00000100342
834,ENSG00000128335
835,ENSG00000128284
836,ENSG00000100336
837,ENSG00000221963
838,ENSG00000178878
839,ENSG00000184831
840,ENSG00000155008
841,ENSG00000142192
842,ENSG00000062725
843,ENSG00000157500
844,ENSG00000136044
845,ENSG00000198931
846,ENSG00000214293
847,ENSG00000137074
848,ENSG00000240583
849,ENSG00000143595
850,ENSG00000178301
851,ENSG00000185176
852,ENSG00000167580
853,ENSG00000165272
854,ENSG00000171885
855,ENSG00000260372
856,ENSG00000161798
857,ENSG00000086159
858,ENSG00000165269
859,ENSG00000103375
860,ENSG00000103569
861,ENSG00000021776
862,ENSG00000169083
863,ENSG00000078061
864,ENSG00000186635
865,ENSG00000245148
866,ENSG00000047365
867,ENSG00000120318
868,ENSG00000198576
869,ENSG00000095139
870,ENSG00000109321
871,ENSG00000119682
872,ENSG00000143761
873,ENSG00000134287
874,ENSG00000168374
875,ENSG00000004059
876,ENSG00000165527
877,ENSG00000101199
878,ENSG00000149182
879,ENSG00000242247
880,ENSG00000066777
881,ENSG00000124198
882,ENSG00000112379
883,ENSG00000164144
884,ENSG00000132254
885,ENSG00000101246
886,ENSG00000118520
887,ENSG00000081181
888,ENSG00000134884
889,ENSG00000175220
890,ENSG00000071205
891,ENSG00000198826
892,ENSG00000165322
893,ENSG00000075884
894,ENSG00000140750
895,ENSG00000146376
896,ENSG00000213390
897,ENSG00000269891
898,ENSG00000137727
899,ENSG00000107863
900,ENSG00000128805
901,ENSG00000275832
902,ENSG00000138639
903,ENSG00000163219
904,ENSG00000145819
905,ENSG00000226272
906,ENSG00000088756
907,ENSG00000137962
908,ENSG00000186517
909,ENSG00000031081
910,ENSG00000241155
911,ENSG00000134909
912,ENSG00000004777
913,ENSG00000160007
914,ENSG00000147256
915,ENSG00000147799
916,ENSG00000089820
917,ENSG00000124143
918,ENSG00000165895
919,ENSG00000006740
920,ENSG00000100852
921,ENSG00000047648
922,ENSG00000241484
923,ENSG00000123329
924,ENSG00000141522
925,ENSG00000111348
926,ENSG00000242173
927,ENSG00000076928
928,ENSG00000104728
929,ENSG00000074964
930,ENSG00000132694
931,ENSG00000196914
932,ENSG00000198844
933,ENSG00000130762
934,ENSG00000110237
935,ENSG00000104880
936,ENSG00000116584
937,ENSG00000240771
938,ENSG00000214944
939,ENSG00000163947
940,ENSG00000240198
941,ENSG00000214694
942,ENSG00000183111
943,ENSG00000236699
944,ENSG00000137135
945,ENSG00000136002
946,ENSG00000165801
947,ENSG00000050327
948,ENSG00000129675
949,ENSG00000102606
950,ENSG00000235875
951,ENSG00000131089
952,ENSG00000117713
953,ENSG00000049618
954,ENSG00000189079
955,ENSG00000116017
956,ENSG00000179361
957,ENSG00000205143
958,ENSG00000032219
959,ENSG00000054267
960,ENSG00000196843
961,ENSG00000150347
962,ENSG00000166233
963,ENSG00000177479
964,ENSG00000221883
965,ENSG00000120805
966,ENSG00000175414
967,ENSG00000152213
968,ENSG00000174225
969,ENSG00000169379
970,ENSG00000179674
971,ENSG00000152219
972,ENSG00000268223
973,ENSG00000185305
974,ENSG00000214087
975,ENSG00000185829
976,ENSG00000213465
977,ENSG00000102931
978,ENSG00000138175
979,ENSG00000122644
980,ENSG00000188042
981,ENSG00000175906
982,ENSG00000162980
983,ENSG00000165997
984,ENSG00000141748
985,ENSG00000113966
986,ENSG00000170540
987,ENSG00000182196
988,ENSG00000144746
989,ENSG00000177917
990,ENSG00000143862
991,ENSG00000134108
992,ENSG00000196503
993,ENSG00000104442
994,ENSG00000170632
995,ENSG00000157343
996,ENSG00000118690
997,ENSG00000165309
998,ENSG00000140691
999,ENSG00000105676
1000,ENSG00000125449
1001,ENSG00000114098
1002,ENSG00000135931
1003,ENSG00000126947
1004,ENSG00000184867
1005,ENSG00000102401
1006,ENSG00000196440
1007,ENSG00000125962
1008,ENSG00000198960
1009,ENSG00000254636
1010,ENSG00000143437
1011,ENSG00000172379
1012,ENSG00000241685
1013,ENSG00000130429
1014,ENSG00000163466
1015,ENSG00000111229
1016,ENSG00000241553
1017,ENSG00000250151
1018,ENSG00000162704
1019,ENSG00000136950
1020,ENSG00000242498
1021,ENSG00000128989
1022,ENSG00000172995
1023,ENSG00000137486
1024,ENSG00000141480
1025,ENSG00000197070
1026,ENSG00000203993
1027,ENSG00000105643
1028,ENSG00000113369
1029,ENSG00000281357
1030,ENSG00000140450
1031,ENSG00000205784
1032,ENSG00000100299
1033,ENSG00000113273
1034,ENSG00000006756
1035,ENSG00000229851
1036,ENSG00000062096
1037,ENSG00000141337
1038,ENSG00000205667
1039,ENSG00000183876
1040,ENSG00000180801
1041,ENSG00000164291
1042,ENSG00000129744
1043,ENSG00000156219
1044,ENSG00000111339
1045,ENSG00000167311
1046,ENSG00000117407
1047,ENSG00000173409
1048,ENSG00000099889
1049,ENSG00000004848
1050,ENSG00000214435
1051,ENSG00000104763
1052,ENSG00000188611
1053,ENSG00000204147
1054,ENSG00000153317
1055,ENSG00000151693
1056,ENSG00000065802
1057,ENSG00000146926
1058,ENSG00000165192
1059,ENSG00000198881
1060,ENSG00000196372
1061,ENSG00000239388
1062,ENSG00000146809
1063,ENSG00000161664
1064,ENSG00000267080
1065,ENSG00000154007
1066,ENSG00000182177
1067,ENSG00000115239
1068,ENSG00000005981
1069,ENSG00000164122
1070,ENSG00000148331
1071,ENSG00000183475
1072,ENSG00000177981
1073,ENSG00000102048
1074,ENSG00000138303
1075,ENSG00000100325
1076,ENSG00000112249
1077,ENSG00000139352
1078,ENSG00000183734
1079,ENSG00000176009
1080,ENSG00000187855
1081,ENSG00000232237
1082,ENSG00000111875
1083,ENSG00000141505
1084,ENSG00000161944
1085,ENSG00000116539
1086,ENSG00000235919
1087,ENSG00000129691
1088,ENSG00000110881
1089,ENSG00000108684
1090,ENSG00000213199
1091,ENSG00000072182
1092,ENSG00000101440
1093,ENSG00000126522
1094,ENSG00000196433
1095,ENSG00000169093
1096,ENSG00000070669
1097,ENSG00000138381
1098,ENSG00000108381
1099,ENSG00000204653
1100,ENSG00000166183
1101,ENSG00000198363
1102,ENSG00000174939
1103,ENSG00000128203
1104,ENSG00000066279
1105,ENSG00000106819
1106,ENSG00000244617
1107,ENSG00000169696
1108,ENSG00000162174
1109,ENSG00000130707
1110,ENSG00000034533
1111,ENSG00000188886
1112,ENSG00000152092
1113,ENSG00000148219
1114,ENSG00000229105
1115,ENSG00000171456
1116,ENSG00000143970
1117,ENSG00000141431
1118,ENSG00000154438
1119,ENSG00000138138
1120,ENSG00000156802
1121,ENSG00000119778
1122,ENSG00000197785
1123,ENSG00000160072
1124,ENSG00000215915
1125,ENSG00000176208
1126,ENSG00000167654
1127,ENSG00000107669
1128,ENSG00000123268
1129,ENSG00000115966
1130,ENSG00000162772
1131,ENSG00000128272
1132,ENSG00000169136
1133,ENSG00000118217
1134,ENSG00000170653
1135,ENSG00000171681
1136,ENSG00000166669
1137,ENSG00000152348
1138,ENSG00000123395
1139,ENSG00000145782
1140,ENSG00000175224
1141,ENSG00000126775
1142,ENSG00000168010
1143,ENSG00000110046
1144,ENSG00000066739
1145,ENSG00000144848
1146,ENSG00000101844
1147,ENSG00000168397
1148,ENSG00000125703
1149,ENSG00000130734
1150,ENSG00000057663
1151,ENSG00000197548
1152,ENSG00000198925
1153,ENSG00000181652
1154,ENSG00000138363
1155,ENSG00000198513
1156,ENSG00000119787
1157,ENSG00000184743
1158,ENSG00000149311
1159,ENSG00000111676
1160,ENSG00000172238
1161,ENSG00000179774
1162,ENSG00000168874
1163,ENSG00000177556
1164,ENSG00000206190
1165,ENSG00000118322
1166,ENSG00000145246
1167,ENSG00000068650
1168,ENSG00000232684
1169,ENSG00000197595
1170,ENSG00000058063
1171,ENSG00000101974
1172,ENSG00000075673
1173,ENSG00000105726
1174,ENSG00000159363
1175,ENSG00000133657
1176,ENSG00000127249
1177,ENSG00000187527
1178,ENSG00000163399
1179,ENSG00000018625
1180,ENSG00000105409
1181,ENSG00000132681
1182,ENSG00000143153
1183,ENSG00000129244
1184,ENSG00000069849
1185,ENSG00000101892
1186,ENSG00000196296
1187,ENSG00000260442
1188,ENSG00000174437
1189,ENSG00000074370
1190,ENSG00000070961
1191,ENSG00000157087
1192,ENSG00000067842
1193,ENSG00000058668
1194,ENSG00000017260
1195,ENSG00000064270
1196,ENSG00000105675
1197,ENSG00000186009
1198,ENSG00000071553
1199,ENSG00000182220
1200,ENSG00000033627
1201,ENSG00000185344
1202,ENSG00000105929
1203,ENSG00000117410
1204,ENSG00000185883
1205,ENSG00000159720
1206,ENSG00000147614
1207,ENSG00000113732
1208,ENSG00000171130
1209,ENSG00000204934
1210,ENSG00000114573
1211,ENSG00000116039
1212,ENSG00000239322
1213,ENSG00000147416
1214,ENSG00000155097
1215,ENSG00000143882
1216,ENSG00000100554
1217,ENSG00000131100
1218,ENSG00000250565
1219,ENSG00000128524
1220,ENSG00000136888
1221,ENSG00000254870
1222,ENSG00000151418
1223,ENSG00000047249
1224,ENSG00000165240
1225,ENSG00000123191
1226,ENSG00000124406
1227,ENSG00000132932
1228,ENSG00000081923
1229,ENSG00000143515
1230,ENSG00000130270
1231,ENSG00000104043
1232,ENSG00000054793
1233,ENSG00000123472
1234,ENSG00000171953
1235,ENSG00000175054
1236,ENSG00000138085
1237,ENSG00000164053
1238,ENSG00000088812
1239,ENSG00000107518
1240,ENSG00000085224
1241,ENSG00000124788
1242,ENSG00000130638
1243,ENSG00000224470
1244,ENSG00000204842
1245,ENSG00000168488
1246,ENSG00000066427
1247,ENSG00000163635
1248,ENSG00000146776
1249,ENSG00000162650
1250,ENSG00000087152
1251,ENSG00000253719
1252,ENSG00000230223
1253,ENSG00000148090
1254,ENSG00000127423
1255,ENSG00000115307
1256,ENSG00000087586
1257,ENSG00000175756
1258,ENSG00000178999
1259,ENSG00000105146
1260,ENSG00000158321
1261,ENSG00000169857
1262,ENSG00000135407
1263,ENSG00000105778
1264,ENSG00000101200
1265,ENSG00000119986
1266,ENSG00000166148
1267,ENSG00000198049
1268,ENSG00000126895
1269,ENSG00000204195
1270,ENSG00000147160
1271,ENSG00000162779
1272,ENSG00000103126
1273,ENSG00000168646
1274,ENSG00000167601
1275,ENSG00000160862
1276,ENSG00000163512
1277,ENSG00000155096
1278,ENSG00000142920
1279,ENSG00000166710
1280,ENSG00000169255
1281,ENSG00000172318
1282,ENSG00000162630
1283,ENSG00000183778
1284,ENSG00000184809
1285,ENSG00000176022
1286,ENSG00000109956
1287,ENSG00000112309
1288,ENSG00000149541
1289,ENSG00000187676
1290,ENSG00000170340
1291,ENSG00000179913
1292,ENSG00000176383
1293,ENSG00000176597
1294,ENSG00000198488
1295,ENSG00000156966
1296,ENSG00000177191
1297,ENSG00000237172
1298,ENSG00000135454
1299,ENSG00000167080
1300,ENSG00000139044
1301,ENSG00000182272
1302,ENSG00000086062
1303,ENSG00000233554
1304,ENSG00000117411
1305,ENSG00000158850
1306,ENSG00000121578
1307,ENSG00000158470
1308,ENSG00000118276
1309,ENSG00000027847
1310,ENSG00000174684
1311,ENSG00000108641
1312,ENSG00000123810
1313,ENSG00000164929
1314,ENSG00000105393
1315,ENSG00000186318
1316,ENSG00000278768
1317,ENSG00000182240
1318,ENSG00000156273
1319,ENSG00000112182
1320,ENSG00000002330
1321,ENSG00000107262
1322,ENSG00000112208
1323,ENSG00000151929
1324,ENSG00000156735
1325,ENSG00000166170
1326,ENSG00000266074
1327,ENSG00000140320
1328,ENSG00000175866
1329,ENSG00000006453
1330,ENSG00000128298
1331,ENSG00000007516
1332,ENSG00000030110
1333,ENSG00000095739
1334,ENSG00000278910
1335,ENSG00000175334
1336,ENSG00000125888
1337,ENSG00000153064
1338,ENSG00000172530
1339,ENSG00000163930
1340,ENSG00000138376
1341,ENSG00000125492
1342,ENSG00000143032
1343,ENSG00000131668
1344,ENSG00000043039
1345,ENSG00000176788
1346,ENSG00000156127
1347,ENSG00000168062
1348,ENSG00000123685
1349,ENSG00000087088
1350,ENSG00000198604
1351,ENSG00000009954
1352,ENSG00000076108
1353,ENSG00000123636
1354,ENSG00000105327
1355,ENSG00000214413
1356,ENSG00000119636
1357,ENSG00000129151
1358,ENSG00000254560
1359,ENSG00000174483
1360,ENSG00000179941
1361,ENSG00000181004
1362,ENSG00000125124
1363,ENSG00000140463
1364,ENSG00000163093
1365,ENSG00000138686
1366,ENSG00000122507
1367,ENSG00000114439
1368,ENSG00000187244
1369,ENSG00000132692
1370,ENSG00000075790
1371,ENSG00000185825
1372,ENSG00000050820
1373,ENSG00000137936
1374,ENSG00000262117
1375,ENSG00000064787
1376,ENSG00000116752
1377,ENSG00000141376
1378,ENSG00000124243
1379,ENSG00000060982
1380,ENSG00000105552
1381,ENSG00000107949
1382,ENSG00000186666
1383,ENSG00000258057
1384,ENSG00000114200
1385,ENSG00000248098
1386,ENSG00000083123
1387,ENSG00000103507
1388,ENSG00000142867
1389,ENSG00000119866
1390,ENSG00000127152
1391,ENSG00000171791
1392,ENSG00000140379
1393,ENSG00000171552
1394,ENSG00000137875
1395,ENSG00000153094
1396,ENSG00000126453
1397,ENSG00000099968
1398,ENSG00000121380
1399,ENSG00000188761
1400,ENSG00000129473
1401,ENSG00000258643
1402,ENSG00000069399
1403,ENSG00000113916
1404,ENSG00000161940
1405,ENSG00000110987
1406,ENSG00000106635
1407,ENSG00000099385
1408,ENSG00000116128
1409,ENSG00000186174
1410,ENSG00000029363
1411,ENSG00000135697
1412,ENSG00000197580
1413,ENSG00000183337
1414,ENSG00000085185
1415,ENSG00000186716
1416,ENSG00000074582
1417,ENSG00000236824
1418,ENSG00000164039
1419,ENSG00000100739
1420,ENSG00000168398
1421,ENSG00000176697
1422,ENSG00000245573
1423,ENSG00000166546
1424,ENSG00000261656
1425,ENSG00000126581
1426,ENSG00000183092
1427,ENSG00000177324
1428,ENSG00000178409
1429,ENSG00000188848
1430,ENSG00000162373
1431,ENSG00000151917
1432,ENSG00000165626
1433,ENSG00000167995
1434,ENSG00000039987
1435,ENSG00000127325
1436,ENSG00000142959
1437,ENSG00000105829
1438,ENSG00000177951
1439,ENSG00000133169
1440,ENSG00000133134
1441,ENSG00000102409
1442,ENSG00000125864
1443,ENSG00000170819
1444,ENSG00000249993
1445,ENSG00000242252
1446,ENSG00000182492
1447,ENSG00000180535
1448,ENSG00000180828
1449,ENSG00000125533
1450,ENSG00000134107
1451,ENSG00000235831
1452,ENSG00000123095
1453,ENSG00000145692
1454,ENSG00000132840
1455,ENSG00000122870
1456,ENSG00000151746
1457,ENSG00000185963
1458,ENSG00000015475
1459,ENSG00000100290
1460,ENSG00000136717
1461,ENSG00000110934
1462,ENSG00000147439
1463,ENSG00000110330
1464,ENSG00000023445
1465,ENSG00000089685
1466,ENSG00000115760
1467,ENSG00000279897
1468,ENSG00000101197
1469,ENSG00000282851
1470,ENSG00000134897
1471,ENSG00000281406
1472,ENSG00000204960
1473,ENSG00000166619
1474,ENSG00000259571
1475,ENSG00000136573
1476,ENSG00000197299
1477,ENSG00000108578
1478,ENSG00000095585
1479,ENSG00000135441
1480,ENSG00000196072
1481,ENSG00000189114
1482,ENSG00000186222
1483,ENSG00000188428
1484,ENSG00000104164
1485,ENSG00000106605
1486,ENSG00000090013
1487,ENSG00000117475
1488,ENSG00000104081
1489,ENSG00000168283
1490,ENSG00000168487
1491,ENSG00000130385
1492,ENSG00000125845
1493,ENSG00000138756
1494,ENSG00000152785
1495,ENSG00000125378
1496,ENSG00000112175
1497,ENSG00000153162
1498,ENSG00000101144
1499,ENSG00000183682
1500,ENSG00000116985
1501,ENSG00000164619
1502,ENSG00000107779
1503,ENSG00000138696
1504,ENSG00000204217
1505,ENSG00000165733
1506,ENSG00000102010
1507,ENSG00000169594
1508,ENSG00000173068
1509,ENSG00000113734
1510,ENSG00000140299
1511,ENSG00000176171
1512,ENSG00000104765
1513,ENSG00000163141
1514,ENSG00000144857
1515,ENSG00000145919
1516,ENSG00000038219
1517,ENSG00000228075
1518,ENSG00000176720
1519,ENSG00000178096
1520,ENSG00000183336
1521,ENSG00000169627
1522,ENSG00000163170
1523,ENSG00000152430
1524,ENSG00000261236
1525,ENSG00000136122
1526,ENSG00000196544
1527,ENSG00000166275
1528,ENSG00000254901
1529,ENSG00000172331
1530,ENSG00000137274
1531,ENSG00000101425
1532,ENSG00000198183
1533,ENSG00000131050
1534,ENSG00000131059
1535,ENSG00000125999
1536,ENSG00000078898
1537,ENSG00000186191
1538,ENSG00000167104
1539,ENSG00000184459
1540,ENSG00000162813
1541,ENSG00000171634
1542,ENSG00000157764
1543,ENSG00000089234
1544,ENSG00000106009
1545,ENSG00000012048
1546,ENSG00000139618
1547,ENSG00000185515
1548,ENSG00000100425
1549,ENSG00000169925
1550,ENSG00000141867
1551,ENSG00000166164
1552,ENSG00000112983
1553,ENSG00000028310
1554,ENSG00000137948
1555,ENSG00000185024
1556,ENSG00000104221
1557,ENSG00000164713
1558,ENSG00000184992
1559,ENSG00000182685
1560,ENSG00000078725
1561,ENSG00000198797
1562,ENSG00000162670
1563,ENSG00000136492
1564,ENSG00000113460
1565,ENSG00000254999
1566,ENSG00000174744
1567,ENSG00000100916
1568,ENSG00000162819
1569,ENSG00000156983
1570,ENSG00000096070
1571,ENSG00000102239
1572,ENSG00000160469
1573,ENSG00000185658
1574,ENSG00000238141
1575,ENSG00000165288
1576,ENSG00000168000
1577,ENSG00000160058
1578,ENSG00000172270
1579,ENSG00000164061
1580,ENSG00000162399
1581,ENSG00000119411
1582,ENSG00000109743
1583,ENSG00000130303
1584,ENSG00000095564
1585,ENSG00000064726
1586,ENSG00000148925
1587,ENSG00000138152
1588,ENSG00000204347
1589,ENSG00000233436
1590,ENSG00000222009
1591,ENSG00000133243
1592,ENSG00000132640
1593,ENSG00000184887
1594,ENSG00000189195
1595,ENSG00000183826
1596,ENSG00000226533
1597,ENSG00000174808
1598,ENSG00000169814
1599,ENSG00000145741
1600,ENSG00000134717
1601,ENSG00000133639
1602,ENSG00000159388
1603,ENSG00000137707
1604,ENSG00000010671
1605,ENSG00000186265
1606,ENSG00000124508
1607,ENSG00000026950
1608,ENSG00000186470
1609,ENSG00000111801
1610,ENSG00000168903
1611,ENSG00000113303
1612,ENSG00000165810
1613,ENSG00000166167
1614,ENSG00000169679
1615,ENSG00000156970
1616,ENSG00000154473
1617,ENSG00000137656
1618,ENSG00000106245
1619,ENSG00000112578
1620,ENSG00000082153
1621,ENSG00000136261
1622,ENSG00000214688
1623,ENSG00000232624
1624,ENSG00000178645
1625,ENSG00000222047
1626,ENSG00000203942
1627,ENSG00000179133
1628,ENSG00000177354
1629,ENSG00000119965
1630,ENSG00000154493
1631,ENSG00000120055
1632,ENSG00000176029
1633,ENSG00000110665
1634,ENSG00000171067
1635,ENSG00000149300
1636,ENSG00000110696
1637,ENSG00000166323
1638,ENSG00000175573
1639,ENSG00000180425
1640,ENSG00000173237
1641,ENSG00000185742
1642,ENSG00000205177
1643,ENSG00000187479
1644,ENSG00000257057
1645,ENSG00000278615
1646,ENSG00000179088
1647,ENSG00000157895
1648,ENSG00000165805
1649,ENSG00000177627
1650,ENSG00000185306
1651,ENSG00000111678
1652,ENSG00000182993
1653,ENSG00000214700
1654,ENSG00000235162
1655,ENSG00000174456
1656,ENSG00000179933
1657,ENSG00000227051
1658,ENSG00000179008
1659,ENSG00000100802
1660,ENSG00000183643
1661,ENSG00000167173
1662,ENSG00000169609
1663,ENSG00000189227
1664,ENSG00000188277
1665,ENSG00000166455
1666,ENSG00000185905
1667,ENSG00000154102
1668,ENSG00000166152
1669,ENSG00000159761
1670,ENSG00000155330
1671,ENSG00000153446
1672,ENSG00000215131
1673,ENSG00000260456
1674,ENSG00000205832
1675,ENSG00000256806
1676,ENSG00000205710
1677,ENSG00000270806
1678,ENSG00000186665
1679,ENSG00000214226
1680,ENSG00000108666
1681,ENSG00000278505
1682,ENSG00000187997
1683,ENSG00000177576
1684,ENSG00000166845
1685,ENSG00000206043
1686,ENSG00000131943
1687,ENSG00000177025
1688,ENSG00000119559
1689,ENSG00000167644
1690,ENSG00000214212
1691,ENSG00000105072
1692,ENSG00000160392
1693,ENSG00000104979
1694,ENSG00000188032
1695,ENSG00000221916
1696,ENSG00000235034
1697,ENSG00000262874
1698,ENSG00000197223
1699,ENSG00000106392
1700,ENSG00000223658
1701,ENSG00000173372
1702,ENSG00000173369
1703,ENSG00000108561
1704,ENSG00000159189
1705,ENSG00000131094
1706,ENSG00000144119
1707,ENSG00000165985
1708,ENSG00000186897
1709,ENSG00000173918
1710,ENSG00000265096
1711,ENSG00000145861
1712,ENSG00000082196
1713,ENSG00000273294
1714,ENSG00000172247
1715,ENSG00000223953
1716,ENSG00000133466
1717,ENSG00000163145
1718,ENSG00000184471
1719,ENSG00000240654
1720,ENSG00000205863
1721,ENSG00000139178
1722,ENSG00000182326
1723,ENSG00000180999
1724,ENSG00000162817
1725,ENSG00000182795
1726,ENSG00000197982
1727,ENSG00000203963
1728,ENSG00000131591
1729,ENSG00000143110
1730,ENSG00000215910
1731,ENSG00000198912
1732,ENSG00000204006
1733,ENSG00000119280
1734,ENSG00000116667
1735,ENSG00000253313
1736,ENSG00000142686
1737,ENSG00000213057
1738,ENSG00000239887
1739,ENSG00000143793
1740,ENSG00000164008
1741,ENSG00000162642
1742,ENSG00000203724
1743,ENSG00000118292
1744,ENSG00000143443
1745,ENSG00000162757
1746,ENSG00000162598
1747,ENSG00000142698
1748,ENSG00000258713
1749,ENSG00000149609
1750,ENSG00000215595
1751,ENSG00000198547
1752,ENSG00000196476
1753,ENSG00000160298
1754,ENSG00000154642
1755,ENSG00000240770
1756,ENSG00000128346
1757,ENSG00000100249
1758,ENSG00000242259
1759,ENSG00000205856
1760,ENSG00000157617
1761,ENSG00000172375
1762,ENSG00000168014
1763,ENSG00000198535
1764,ENSG00000205502
1765,ENSG00000183186
1766,ENSG00000225556
1767,ENSG00000111731
1768,ENSG00000273045
1769,ENSG00000115998
1770,ENSG00000135974
1771,ENSG00000187944
1772,ENSG00000168887
1773,ENSG00000178074
1774,ENSG00000204128
1775,ENSG00000237651
1776,ENSG00000186132
1777,ENSG00000187833
1778,ENSG00000188674
1779,ENSG00000284308
1780,ENSG00000125730
1781,ENSG00000171860
1782,ENSG00000088543
1783,ENSG00000131379
1784,ENSG00000180697
1785,ENSG00000174928
1786,ENSG00000179021
1787,ENSG00000163632
1788,ENSG00000114529
1789,ENSG00000188315
1790,ENSG00000187068
1791,ENSG00000180044
1792,ENSG00000244731
1793,ENSG00000123838
1794,ENSG00000123843
1795,ENSG00000138813
1796,ENSG00000151470
1797,ENSG00000205208
1798,ENSG00000181215
1799,ENSG00000237136
1800,ENSG00000106804
1801,ENSG00000197405
1802,ENSG00000134830
1803,ENSG00000113583
1804,ENSG00000082213
1805,ENSG00000181904
1806,ENSG00000172244
1807,ENSG00000178776
1808,ENSG00000185056
1809,ENSG00000187658
1810,ENSG00000164241
1811,ENSG00000039537
1812,ENSG00000112539
1813,ENSG00000185127
1814,ENSG00000188112
1815,ENSG00000197261
1816,ENSG00000203872
1817,ENSG00000184530
1818,ENSG00000112308
1819,ENSG00000198663
1820,ENSG00000112936
1821,ENSG00000136197
1822,ENSG00000170279
1823,ENSG00000164746
1824,ENSG00000157131
1825,ENSG00000021852
1826,ENSG00000176919
1827,ENSG00000165084
1828,ENSG00000248801
1829,ENSG00000164743
1830,ENSG00000241852
1831,ENSG00000171060
1832,ENSG00000189376
1833,ENSG00000213563
1834,ENSG00000253250
1835,ENSG00000274443
1836,ENSG00000113600
1837,ENSG00000188959
1838,ENSG00000187753
1839,ENSG00000196366
1840,ENSG00000135045
1841,ENSG00000157653
1842,ENSG00000179058
1843,ENSG00000204669
1844,ENSG00000147894
1845,ENSG00000136819
1846,ENSG00000155621
1847,ENSG00000133742
1848,ENSG00000154975
1849,ENSG00000063180
1850,ENSG00000074410
1851,ENSG00000185015
1852,ENSG00000118298
1853,ENSG00000104267
1854,ENSG00000164879
1855,ENSG00000167434
1856,ENSG00000174990
1857,ENSG00000169239
1858,ENSG00000131686
1859,ENSG00000168748
1860,ENSG00000178538
1861,ENSG00000107159
1862,ENSG00000120159
1863,ENSG00000135932
1864,ENSG00000102547
1865,ENSG00000099991
1866,ENSG00000134508
1867,ENSG00000149679
1868,ENSG00000157782
1869,ENSG00000175544
1870,ENSG00000105507
1871,ENSG00000100314
1872,ENSG00000154040
1873,ENSG00000160325
1874,ENSG00000158966
1875,ENSG00000141837
1876,ENSG00000148408
1877,ENSG00000151067
1878,ENSG00000157388
1879,ENSG00000198216
1880,ENSG00000102001
1881,ENSG00000006283
1882,ENSG00000250107
1883,ENSG00000196557
1884,ENSG00000100346
1885,ENSG00000081248
1886,ENSG00000153956
1887,ENSG00000007402
1888,ENSG00000157445
1889,ENSG00000243715
1890,ENSG00000067191
1891,ENSG00000165995
1892,ENSG00000167535
1893,ENSG00000182389
1894,ENSG00000108878
1895,ENSG00000166862
1896,ENSG00000006116
1897,ENSG00000075461
1898,ENSG00000130433
1899,ENSG00000105605
1900,ENSG00000142408
1901,ENSG00000105298
1902,ENSG00000226800
1903,ENSG00000151893
1904,ENSG00000116161
1905,ENSG00000084774
1906,ENSG00000182985
1907,ENSG00000175161
1908,ENSG00000162706
1909,ENSG00000105767
1910,ENSG00000163618
1911,ENSG00000081803
1912,ENSG00000164304
1913,ENSG00000104327
1914,ENSG00000172137
1915,ENSG00000110680
1916,ENSG00000175868
1917,ENSG00000012822
1918,ENSG00000136436
1919,ENSG00000004948
1920,ENSG00000064989
1921,ENSG00000122786
1922,ENSG00000185933
1923,ENSG00000138172
1924,ENSG00000183128
1925,ENSG00000198668
1926,ENSG00000143933
1927,ENSG00000160014
1928,ENSG00000178363
1929,ENSG00000129007
1930,ENSG00000178372
1931,ENSG00000169885
1932,ENSG00000183166
1933,ENSG00000179218
1934,ENSG00000269058
1935,ENSG00000128595
1936,ENSG00000130643
1937,ENSG00000134072
1938,ENSG00000183049
1939,ENSG00000008118
1940,ENSG00000070808
1941,ENSG00000058404
1942,ENSG00000145349
1943,ENSG00000148660
1944,ENSG00000162545
1945,ENSG00000163888
1946,ENSG00000152495
1947,ENSG00000004660
1948,ENSG00000110931
1949,ENSG00000143919
1950,ENSG00000164076
1951,ENSG00000164615
1952,ENSG00000164047
1953,ENSG00000130559
1954,ENSG00000118200
1955,ENSG00000076826
1956,ENSG00000171735
1957,ENSG00000108509
1958,ENSG00000111530
1959,ENSG00000144712
1960,ENSG00000171302
1961,ENSG00000131236
1962,ENSG00000112186
1963,ENSG00000042493
1964,ENSG00000014216
1965,ENSG00000142330
1966,ENSG00000137225
1967,ENSG00000182472
1968,ENSG00000162949
1969,ENSG00000214711
1970,ENSG00000103326
1971,ENSG00000162909
1972,ENSG00000092529
1973,ENSG00000149260
1974,ENSG00000077274
1975,ENSG00000131375
1976,ENSG00000203697
1977,ENSG00000135773
1978,ENSG00000126247
1979,ENSG00000256812
1980,ENSG00000135387
1981,ENSG00000110888
1982,ENSG00000105519
1983,ENSG00000180881
1984,ENSG00000152611
1985,ENSG00000116489
1986,ENSG00000198898
1987,ENSG00000177938
1988,ENSG00000077549
1989,ENSG00000100065
1990,ENSG00000198286
1991,ENSG00000141527
1992,ENSG00000204397
1993,ENSG00000255501
1994,ENSG00000165233
1995,ENSG00000132357
1996,ENSG00000105483
1997,ENSG00000268001
1998,ENSG00000187796
1999,ENSG00000138380
2000,ENSG00000153048
2001,ENSG00000142453
2002,ENSG00000156017
2003,ENSG00000172508
2004,ENSG00000134905
2005,ENSG00000249375
2006,ENSG00000249231
2007,ENSG00000260785
2008,ENSG00000257859
2009,ENSG00000177640
2010,ENSG00000229876
2011,ENSG00000260887
2012,ENSG00000108349
2013,ENSG00000246228
2014,ENSG00000249395
2015,ENSG00000127995
2016,ENSG00000147044
2017,ENSG00000167971
2018,ENSG00000177303
2019,ENSG00000137752
2020,ENSG00000003400
2021,ENSG00000105141
2022,ENSG00000106144
2023,ENSG00000164305
2024,ENSG00000196954
2025,ENSG00000137757
2026,ENSG00000138794
2027,ENSG00000165806
2028,ENSG00000064012
2029,ENSG00000132906
2030,ENSG00000143318
2031,ENSG00000118729
2032,ENSG00000036828
2033,ENSG00000087589
2034,ENSG00000130940
2035,ENSG00000121691
2036,ENSG00000158428
2037,ENSG00000237281
2038,ENSG00000175294
2039,ENSG00000166762
2040,ENSG00000152705
2041,ENSG00000188782
2042,ENSG00000133962
2043,ENSG00000174898
2044,ENSG00000099338
2045,ENSG00000105974
2046,ENSG00000105971
2047,ENSG00000182533
2048,ENSG00000099625
2049,ENSG00000078699
2050,ENSG00000129993
2051,ENSG00000067955
2052,ENSG00000110395
2053,ENSG00000114423
2054,ENSG00000142273
2055,ENSG00000105879
2056,ENSG00000102924
2057,ENSG00000141668
2058,ENSG00000139899
2059,ENSG00000054803
2060,ENSG00000159228
2061,ENSG00000159231
2062,ENSG00000145439
2063,ENSG00000160200
2064,ENSG00000108468
2065,ENSG00000173894
2066,ENSG00000122565
2067,ENSG00000141582
2068,ENSG00000094916
2069,ENSG00000183741
2070,ENSG00000100307
2071,ENSG00000141570
2072,ENSG00000100211
2073,ENSG00000204659
2074,ENSG00000154222
2075,ENSG00000048342
2076,ENSG00000188649
2077,ENSG00000060339
2078,ENSG00000158941
2079,ENSG00000280997
2080,ENSG00000183287
2081,ENSG00000135736
2082,ENSG00000150636
2083,ENSG00000173581
2084,ENSG00000159884
2085,ENSG00000168491
2086,ENSG00000164221
2087,ENSG00000161180
2088,ENSG00000159873
2089,ENSG00000160799
2090,ENSG00000176714
2091,ENSG00000151773
2092,ENSG00000007080
2093,ENSG00000183323
2094,ENSG00000169193
2095,ENSG00000164366
2096,ENSG00000244607
2097,ENSG00000173811
2098,ENSG00000100147
2099,ENSG00000128596
2100,ENSG00000185298
2101,ENSG00000163006
2102,ENSG00000175455
2103,ENSG00000163081
2104,ENSG00000163492
2105,ENSG00000135637
2106,ENSG00000170160
2107,ENSG00000233098
2108,ENSG00000135205
2109,ENSG00000153237
2110,ENSG00000181982
2111,ENSG00000149548
2112,ENSG00000144395
2113,ENSG00000198865
2114,ENSG00000197599
2115,ENSG00000187860
2116,ENSG00000163749
2117,ENSG00000183401
2118,ENSG00000203952
2119,ENSG00000255181
2120,ENSG00000198937
2121,ENSG00000242715
2122,ENSG00000250709
2123,ENSG00000159588
2124,ENSG00000120262
2125,ENSG00000164989
2126,ENSG00000182645
2127,ENSG00000154781
2128,ENSG00000151838
2129,ENSG00000267909
2130,ENSG00000166960
2131,ENSG00000255359
2132,ENSG00000122483
2133,ENSG00000197816
2134,ENSG00000117477
2135,ENSG00000166329
2136,ENSG00000213213
2137,ENSG00000228544
2138,ENSG00000177875
2139,ENSG00000178395
2140,ENSG00000165813
2141,ENSG00000260220
2142,ENSG00000234409
2143,ENSG00000185860
2144,ENSG00000163617
2145,ENSG00000101997
2146,ENSG00000159214
2147,ENSG00000147419
2148,ENSG00000229140
2149,ENSG00000162592
2150,ENSG00000024862
2151,ENSG00000160050
2152,ENSG00000151468
2153,ENSG00000186409
2154,ENSG00000140481
2155,ENSG00000109881
2156,ENSG00000165972
2157,ENSG00000141519
2158,ENSG00000161973
2159,ENSG00000180329
2160,ENSG00000108588
2161,ENSG00000152492
2162,ENSG00000164051
2163,ENSG00000138483
2164,ENSG00000176155
2165,ENSG00000133773
2166,ENSG00000108091
2167,ENSG00000183273
2168,ENSG00000104983
2169,ENSG00000130783
2170,ENSG00000173093
2171,ENSG00000180376
2172,ENSG00000166510
2173,ENSG00000198624
2174,ENSG00000216937
2175,ENSG00000123171
2176,ENSG00000177352
2177,ENSG00000253276
2178,ENSG00000186714
2179,ENSG00000163040
2180,ENSG00000152076
2181,ENSG00000120647
2182,ENSG00000162004
2183,ENSG00000169515
2184,ENSG00000091986
2185,ENSG00000149201
2186,ENSG00000149231
2187,ENSG00000150676
2188,ENSG00000055813
2189,ENSG00000175602
2190,ENSG00000205476
2191,ENSG00000110104
2192,ENSG00000182791
2193,ENSG00000115355
2194,ENSG00000168071
2195,ENSG00000015133
2196,ENSG00000179071
2197,ENSG00000105321
2198,ENSG00000137500
2199,ENSG00000123106
2200,ENSG00000119242
2201,ENSG00000125633
2202,ENSG00000142039
2203,ENSG00000197651
2204,ENSG00000262484
2205,ENSG00000185972
2206,ENSG00000187094
2207,ENSG00000163394
2208,ENSG00000110148
2209,ENSG00000108702
2210,ENSG00000172156
2211,ENSG00000181374
2212,ENSG00000276409
2213,ENSG00000275718
2214,ENSG00000275152
2215,ENSG00000102970
2216,ENSG00000172724
2217,ENSG00000108691
2218,ENSG00000115009
2219,ENSG00000137077
2220,ENSG00000102962
2221,ENSG00000274736
2222,ENSG00000106178
2223,ENSG00000131142
2224,ENSG00000006606
2225,ENSG00000213927
2226,ENSG00000151882
2227,ENSG00000108688
2228,ENSG00000108700
2229,ENSG00000136280
2230,ENSG00000101331
2231,ENSG00000133101
2232,ENSG00000145386
2233,ENSG00000134057
2234,ENSG00000157456
2235,ENSG00000147082
2236,ENSG00000112237
2237,ENSG00000110092
2238,ENSG00000118971
2239,ENSG00000255920
2240,ENSG00000112576
2241,ENSG00000166946
2242,ENSG00000105173
2243,ENSG00000175305
2244,ENSG00000162063
2245,ENSG00000113328
2246,ENSG00000138764
2247,ENSG00000134480
2248,ENSG00000118816
2249,ENSG00000205089
2250,ENSG00000107443
2251,ENSG00000135083
2252,ENSG00000090061
2253,ENSG00000163660
2254,ENSG00000221978
2255,ENSG00000152669
2256,ENSG00000129315
2257,ENSG00000082258
2258,ENSG00000108100
2259,ENSG00000163249
2260,ENSG00000103540
2261,ENSG00000260916
2262,ENSG00000163823
2263,ENSG00000184451
2264,ENSG00000121807
2265,ENSG00000183625
2266,ENSG00000183813
2267,ENSG00000160791
2268,ENSG00000112486
2269,ENSG00000126353
2270,ENSG00000179934
2271,ENSG00000173585
2272,ENSG00000121797
2273,ENSG00000173992
2274,ENSG00000154429
2275,ENSG00000184305
2276,ENSG00000107771
2277,ENSG00000166226
2278,ENSG00000163468
2279,ENSG00000115484
2280,ENSG00000150753
2281,ENSG00000146731
2282,ENSG00000132141
2283,ENSG00000135624
2284,ENSG00000156261
2285,ENSG00000198445
2286,ENSG00000122674
2287,ENSG00000146574
2288,ENSG00000134256
2289,ENSG00000156535
2290,ENSG00000170458
2291,ENSG00000177697
2292,ENSG00000117281
2293,ENSG00000177575
2294,ENSG00000177675
2295,ENSG00000135535
2296,ENSG00000174950
2297,ENSG00000204936
2298,ENSG00000134061
2299,ENSG00000177455
2300,ENSG00000158477
2301,ENSG00000158485
2302,ENSG00000158481
2303,ENSG00000158473
2304,ENSG00000158488
2305,ENSG00000116824
2306,ENSG00000091972
2307,ENSG00000163606
2308,ENSG00000206531
2309,ENSG00000116031
2310,ENSG00000090659
2311,ENSG00000012124
2312,ENSG00000150637
2313,ENSG00000272398
2314,ENSG00000122223
2315,ENSG00000198821
2316,ENSG00000174807
2317,ENSG00000139193
2318,ENSG00000120217
2319,ENSG00000103855
2320,ENSG00000178562
2321,ENSG00000198087
2322,ENSG00000169217
2323,ENSG00000167851
2324,ENSG00000167850
2325,ENSG00000186407
2326,ENSG00000186074
2327,ENSG00000161649
2328,ENSG00000241399
2329,ENSG00000167775
2330,ENSG00000105383
2331,ENSG00000174059
2332,ENSG00000135218
2333,ENSG00000104894
2334,ENSG00000004468
2335,ENSG00000167286
2336,ENSG00000198851
2337,ENSG00000160654
2338,ENSG00000010610
2339,ENSG00000101017
2340,ENSG00000102245
2341,ENSG00000026508
2342,ENSG00000117335
2343,ENSG00000196776
2344,ENSG00000117091
2345,ENSG00000110448
2346,ENSG00000169442
2347,ENSG00000143119
2348,ENSG00000196352
2349,ENSG00000116815
2350,ENSG00000085063
2351,ENSG00000073754
2352,ENSG00000013725
2353,ENSG00000135404
2354,ENSG00000129226
2355,ENSG00000110848
2356,ENSG00000173762
2357,ENSG00000125726
2358,ENSG00000137101
2359,ENSG00000019582
2360,ENSG00000105369
2361,ENSG00000007312
2362,ENSG00000121594
2363,ENSG00000110651
2364,ENSG00000238184
2365,ENSG00000085117
2366,ENSG00000112149
2367,ENSG00000066294
2368,ENSG00000114013
2369,ENSG00000153563
2370,ENSG00000172116
2371,ENSG00000010278
2372,ENSG00000125810
2373,ENSG00000153283
2374,ENSG00000002586
2375,ENSG00000102181
2376,ENSG00000158825
2377,ENSG00000102543
2378,ENSG00000140326
2379,ENSG00000151465
2380,ENSG00000079335
2381,ENSG00000081377
2382,ENSG00000130177
2383,ENSG00000117399
2384,ENSG00000164287
2385,ENSG00000094880
2386,ENSG00000164045
2387,ENSG00000101224
2388,ENSG00000158402
2389,ENSG00000176386
2390,ENSG00000004897
2391,ENSG00000099804
2392,ENSG00000105401
2393,ENSG00000106993
2394,ENSG00000168438
2395,ENSG00000070831
2396,ENSG00000143776
2397,ENSG00000198752
2398,ENSG00000171219
2399,ENSG00000128283
2400,ENSG00000149798
2401,ENSG00000163171
2402,ENSG00000179604
2403,ENSG00000167617
2404,ENSG00000197622
2405,ENSG00000158985
2406,ENSG00000093009
2407,ENSG00000096401
2408,ENSG00000094804
2409,ENSG00000097046
2410,ENSG00000134371
2411,ENSG00000184661
2412,ENSG00000111665
2413,ENSG00000170779
2414,ENSG00000146670
2415,ENSG00000144354
2416,ENSG00000164649
2417,ENSG00000134690
2418,ENSG00000163814
2419,ENSG00000157211
2420,ENSG00000039068
2421,ENSG00000040731
2422,ENSG00000140937
2423,ENSG00000154162
2424,ENSG00000140945
2425,ENSG00000129910
2426,ENSG00000166589
2427,ENSG00000079112
2428,ENSG00000145526
2429,ENSG00000071991
2430,ENSG00000170558
2431,ENSG00000101542
2432,ENSG00000149654
2433,ENSG00000107736
2434,ENSG00000139880
2435,ENSG00000124215
2436,ENSG00000062038
2437,ENSG00000179776
2438,ENSG00000113361
2439,ENSG00000081138
2440,ENSG00000150394
2441,ENSG00000113100
2442,ENSG00000148600
2443,ENSG00000074276
2444,ENSG00000128536
2445,ENSG00000187492
2446,ENSG00000089486
2447,ENSG00000103502
2448,ENSG00000170312
2449,ENSG00000185324
2450,ENSG00000008128
2451,ENSG00000248333
2452,ENSG00000167258
2453,ENSG00000065883
2454,ENSG00000058091
2455,ENSG00000138395
2456,ENSG00000102225
2457,ENSG00000059758
2458,ENSG00000117266
2459,ENSG00000155111
2460,ENSG00000123374
2461,ENSG00000156345
2462,ENSG00000111328
2463,ENSG00000167797
2464,ENSG00000250506
2465,ENSG00000135446
2466,ENSG00000164885
2467,ENSG00000176749
2468,ENSG00000171450
2469,ENSG00000101391
2470,ENSG00000136861
2471,ENSG00000108465
2472,ENSG00000105810
2473,ENSG00000132964
2474,ENSG00000136807
2475,ENSG00000145996
2476,ENSG00000100490
2477,ENSG00000138769
2478,ENSG00000006837
2479,ENSG00000205111
2480,ENSG00000008086
2481,ENSG00000124762
2482,ENSG00000111276
2483,ENSG00000147889
2484,ENSG00000168564
2485,ENSG00000237190
2486,ENSG00000147883
2487,ENSG00000240498
2488,ENSG00000123080
2489,ENSG00000129355
2490,ENSG00000100526
2491,ENSG00000185267
2492,ENSG00000129596
2493,ENSG00000064309
2494,ENSG00000205643
2495,ENSG00000140743
2496,ENSG00000109089
2497,ENSG00000223510
2498,ENSG00000214819
2499,ENSG00000239704
2500,ENSG00000163624
2501,ENSG00000101290
2502,ENSG00000167513
2503,ENSG00000091527
2504,ENSG00000113722
2505,ENSG00000165556
2506,ENSG00000182415
2507,ENSG00000153046
2508,ENSG00000166446
2509,ENSG00000079385
2510,ENSG00000213892
2511,ENSG00000186567
2512,ENSG00000273777
2513,ENSG00000170956
2514,ENSG00000105388
2515,ENSG00000086548
2516,ENSG00000124469
2517,ENSG00000245848
2518,ENSG00000172216
2519,ENSG00000277449
2520,ENSG00000221869
2521,ENSG00000092067
2522,ENSG00000153879
2523,ENSG00000115816
2524,ENSG00000218739
2525,ENSG00000099954
2526,ENSG00000241832
2527,ENSG00000170835
2528,ENSG00000139610
2529,ENSG00000142615
2530,ENSG00000215704
2531,ENSG00000142789
2532,ENSG00000219073
2533,ENSG00000149187
2534,ENSG00000048740
2535,ENSG00000181800
2536,ENSG00000237986
2537,ENSG00000159409
2538,ENSG00000101489
2539,ENSG00000161082
2540,ENSG00000140488
2541,ENSG00000075275
2542,ENSG00000143126
2543,ENSG00000008300
2544,ENSG00000103888
2545,ENSG00000205923
2546,ENSG00000184524
2547,ENSG00000115163
2548,ENSG00000125817
2549,ENSG00000145241
2550,ENSG00000138778
2551,ENSG00000117724
2552,ENSG00000153044
2553,ENSG00000102384
2554,ENSG00000123219
2555,ENSG00000120334
2556,ENSG00000100162
2557,ENSG00000138092
2558,ENSG00000031691
2559,ENSG00000102901
2560,ENSG00000151725
2561,ENSG00000166582
2562,ENSG00000203760
2563,ENSG00000116198
2564,ENSG00000154240
2565,ENSG00000168944
2566,ENSG00000110318
2567,ENSG00000100629
2568,ENSG00000141577
2569,ENSG00000174799
2570,ENSG00000103995
2571,ENSG00000135315
2572,ENSG00000110274
2573,ENSG00000143702
2574,ENSG00000099814
2575,ENSG00000174007
2576,ENSG00000101639
2577,ENSG00000126001
2578,ENSG00000198707
2579,ENSG00000166004
2580,ENSG00000178404
2581,ENSG00000135837
2582,ENSG00000106477
2583,ENSG00000164118
2584,ENSG00000138180
2585,ENSG00000166037
2586,ENSG00000183137
2587,ENSG00000182923
2588,ENSG00000011523
2589,ENSG00000114107
2590,ENSG00000112877
2591,ENSG00000101624
2592,ENSG00000148019
2593,ENSG00000173588
2594,ENSG00000130695
2595,ENSG00000111860
2596,ENSG00000121289
2597,ENSG00000258890
2598,ENSG00000182504
2599,ENSG00000134255
2600,ENSG00000147869
2601,ENSG00000167123
2602,ENSG00000100422
2603,ENSG00000188452
2604,ENSG00000223802
2605,ENSG00000143418
2606,ENSG00000154227
2607,ENSG00000090661
2608,ENSG00000139624
2609,ENSG00000172292
2610,ENSG00000198848
2611,ENSG00000172831
2612,ENSG00000172828
2613,ENSG00000172824
2614,ENSG00000147400
2615,ENSG00000153140
2616,ENSG00000087237
2617,ENSG00000163885
2618,ENSG00000188931
2619,ENSG00000160401
2620,ENSG00000156206
2621,ENSG00000070761
2622,ENSG00000272514
2623,ENSG00000163075
2624,ENSG00000163001
2625,ENSG00000197748
2626,ENSG00000206530
2627,ENSG00000213085
2628,ENSG00000171811
2629,ENSG00000165164
2630,ENSG00000166596
2631,ENSG00000172361
2632,ENSG00000188596
2633,ENSG00000243710
2634,ENSG00000120051
2635,ENSG00000089101
2636,ENSG00000181378
2637,ENSG00000105792
2638,ENSG00000156042
2639,ENSG00000186710
2640,ENSG00000142609
2641,ENSG00000188523
2642,ENSG00000164323
2643,ENSG00000206113
2644,ENSG00000136698
2645,ENSG00000197766
2646,ENSG00000153774
2647,ENSG00000000971
2648,ENSG00000244414
2649,ENSG00000116785
2650,ENSG00000134365
2651,ENSG00000134389
2652,ENSG00000205403
2653,ENSG00000172757
2654,ENSG00000165410
2655,ENSG00000003402
2656,ENSG00000226312
2657,ENSG00000126759
2658,ENSG00000001626
2659,ENSG00000135346
2660,ENSG00000104818
2661,ENSG00000189052
2662,ENSG00000196337
2663,ENSG00000213030
2664,ENSG00000163320
2665,ENSG00000143375
2666,ENSG00000128849
2667,ENSG00000138028
2668,ENSG00000100532
2669,ENSG00000138135
2670,ENSG00000188660
2671,ENSG00000128965
2672,ENSG00000143942
2673,ENSG00000136457
2674,ENSG00000100399
2675,ENSG00000167670
2676,ENSG00000159259
2677,ENSG00000198824
2678,ENSG00000070748
2679,ENSG00000172586
2680,ENSG00000106153
2681,ENSG00000106554
2682,ENSG00000163528
2683,ENSG00000125611
2684,ENSG00000159685
2685,ENSG00000170791
2686,ENSG00000153922
2687,ENSG00000131778
2688,ENSG00000173575
2689,ENSG00000170004
2690,ENSG00000111642
2691,ENSG00000116254
2692,ENSG00000124177
2693,ENSG00000171316
2694,ENSG00000100888
2695,ENSG00000177200
2696,ENSG00000016391
2697,ENSG00000149554
2698,ENSG00000183765
2699,ENSG00000085872
2700,ENSG00000072609
2701,ENSG00000089199
2702,ENSG00000133048
2703,ENSG00000064886
2704,ENSG00000134216
2705,ENSG00000204116
2706,ENSG00000109220
2707,ENSG00000177830
2708,ENSG00000133063
2709,ENSG00000110721
2710,ENSG00000100288
2711,ENSG00000254413
2712,ENSG00000134121
2713,ENSG00000234661
2714,ENSG00000188419
2715,ENSG00000203668
2716,ENSG00000131165
2717,ENSG00000255112
2718,ENSG00000130724
2719,ENSG00000083937
2720,ENSG00000115561
2721,ENSG00000101421
2722,ENSG00000164695
2723,ENSG00000086065
2724,ENSG00000176108
2725,ENSG00000147457
2726,ENSG00000128656
2727,ENSG00000106069
2728,ENSG00000154645
2729,ENSG00000231755
2730,ENSG00000187446
2731,ENSG00000166869
2732,ENSG00000123989
2733,ENSG00000033100
2734,ENSG00000111666
2735,ENSG00000104472
2736,ENSG00000090539
2737,ENSG00000101938
2738,ENSG00000054938
2739,ENSG00000168539
2740,ENSG00000181072
2741,ENSG00000133019
2742,ENSG00000234601
2743,ENSG00000233355
2744,ENSG00000180720
2745,ENSG00000184984
2746,ENSG00000138435
2747,ENSG00000129749
2748,ENSG00000120903
2749,ENSG00000080644
2750,ENSG00000101204
2751,ENSG00000169684
2752,ENSG00000147434
2753,ENSG00000175344
2754,ENSG00000174343
2755,ENSG00000160716
2756,ENSG00000147432
2757,ENSG00000117971
2758,ENSG00000135902
2759,ENSG00000108556
2760,ENSG00000196811
2761,ENSG00000175264
2762,ENSG00000115526
2763,ENSG00000171310
2764,ENSG00000136213
2765,ENSG00000180767
2766,ENSG00000169105
2767,ENSG00000182022
2768,ENSG00000175040
2769,ENSG00000122863
2770,ENSG00000140835
2771,ENSG00000135702
2772,ENSG00000183196
2773,ENSG00000147119
2774,ENSG00000124302
2775,ENSG00000154080
2776,ENSG00000131873
2777,ENSG00000198108
2778,ENSG00000127586
2779,ENSG00000168802
2780,ENSG00000160679
2781,ENSG00000213341
2782,ENSG00000258289
2783,ENSG00000125954
2784,ENSG00000144021
2785,ENSG00000005194
2786,ENSG00000159208
2787,ENSG00000185043
2788,ENSG00000136425
2789,ENSG00000141977
2790,ENSG00000157884
2791,ENSG00000079432
2792,ENSG00000176194
2793,ENSG00000187288
2794,ENSG00000179583
2795,ENSG00000138615
2796,ENSG00000160161
2797,ENSG00000100865
2798,ENSG00000198894
2799,ENSG00000099622
2800,ENSG00000267493
2801,ENSG00000122873
2802,ENSG00000145354
2803,ENSG00000114737
2804,ENSG00000260492
2805,ENSG00000122966
2806,ENSG00000125931
2807,ENSG00000164442
2808,ENSG00000179862
2809,ENSG00000148337
2810,ENSG00000136108
2811,ENSG00000169607
2812,ENSG00000136026
2813,ENSG00000175216
2814,ENSG00000166165
2815,ENSG00000217555
2816,ENSG00000254788
2817,ENSG00000104879
2818,ENSG00000223572
2819,ENSG00000237289
2820,ENSG00000131730
2821,ENSG00000247572
2822,ENSG00000173207
2823,ENSG00000123975
2824,ENSG00000074054
2825,ENSG00000163539
2826,ENSG00000104859
2827,ENSG00000105205
2828,ENSG00000016490
2829,ENSG00000137975
2830,ENSG00000016602
2831,ENSG00000121940
2832,ENSG00000175505
2833,ENSG00000188037
2834,ENSG00000114859
2835,ENSG00000109572
2836,ENSG00000073464
2837,ENSG00000171365
2838,ENSG00000011021
2839,ENSG00000103249
2840,ENSG00000186510
2841,ENSG00000184908
2842,ENSG00000163347
2843,ENSG00000134873
2844,ENSG00000223392
2845,ENSG00000013297
2846,ENSG00000157224
2847,ENSG00000159261
2848,ENSG00000106404
2849,ENSG00000113946
2850,ENSG00000156282
2851,ENSG00000066405
2852,ENSG00000164007
2853,ENSG00000165376
2854,ENSG00000171217
2855,ENSG00000177300
2856,ENSG00000253958
2857,ENSG00000228607
2858,ENSG00000165215
2859,ENSG00000234469
2860,ENSG00000189143
2861,ENSG00000184113
2862,ENSG00000184697
2863,ENSG00000156284
2864,ENSG00000213937
2865,ENSG00000080822
2866,ENSG00000160318
2867,ENSG00000132514
2868,ENSG00000105472
2869,ENSG00000172322
2870,ENSG00000256660
2871,ENSG00000176435
2872,ENSG00000038532
2873,ENSG00000187912
2874,ENSG00000157322
2875,ENSG00000140839
2876,ENSG00000157335
2877,ENSG00000261210
2878,ENSG00000150048
2879,ENSG00000165682
2880,ENSG00000188393
2881,ENSG00000110852
2882,ENSG00000069493
2883,ENSG00000236279
2884,ENSG00000166509
2885,ENSG00000163815
2886,ENSG00000111729
2887,ENSG00000198178
2888,ENSG00000166527
2889,ENSG00000166523
2890,ENSG00000152672
2891,ENSG00000182566
2892,ENSG00000104938
2893,ENSG00000258227
2894,ENSG00000205846
2895,ENSG00000172243
2896,ENSG00000197992
2897,ENSG00000153132
2898,ENSG00000162994
2899,ENSG00000155962
2900,ENSG00000169583
2901,ENSG00000169504
2902,ENSG00000112782
2903,ENSG00000159212
2904,ENSG00000113282
2905,ENSG00000130779
2906,ENSG00000106665
2907,ENSG00000105270
2908,ENSG00000115295
2909,ENSG00000013441
2910,ENSG00000176444
2911,ENSG00000179335
2912,ENSG00000113240
2913,ENSG00000257127
2914,ENSG00000165959
2915,ENSG00000166250
2916,ENSG00000188603
2917,ENSG00000102805
2918,ENSG00000128973
2919,ENSG00000109684
2920,ENSG00000074201
2921,ENSG00000134852
2922,ENSG00000172409
2923,ENSG00000162129
2924,ENSG00000125656
2925,ENSG00000137392
2926,ENSG00000204140
2927,ENSG00000196748
2928,ENSG00000104853
2929,ENSG00000049656
2930,ENSG00000166855
2931,ENSG00000163646
2932,ENSG00000249581
2933,ENSG00000180745
2934,ENSG00000092853
2935,ENSG00000171603
2936,ENSG00000158258
2937,ENSG00000250433
2938,ENSG00000139182
2939,ENSG00000122705
2940,ENSG00000175416
2941,ENSG00000141367
2942,ENSG00000070371
2943,ENSG00000120885
2944,ENSG00000103351
2945,ENSG00000132361
2946,ENSG00000079101
2947,ENSG00000177182
2948,ENSG00000146352
2949,ENSG00000125246
2950,ENSG00000092009
2951,ENSG00000111726
2952,ENSG00000164237
2953,ENSG00000187118
2954,ENSG00000182712
2955,ENSG00000153815
2956,ENSG00000174600
2957,ENSG00000162368
2958,ENSG00000134326
2959,ENSG00000184220
2960,ENSG00000089505
2961,ENSG00000140932
2962,ENSG00000140931
2963,ENSG00000183723
2964,ENSG00000166091
2965,ENSG00000091317
2966,ENSG00000153551
2967,ENSG00000170293
2968,ENSG00000137200
2969,ENSG00000180917
2970,ENSG00000164309
2971,ENSG00000176571
2972,ENSG00000149646
2973,ENSG00000169714
2974,ENSG00000150656
2975,ENSG00000133313
2976,ENSG00000205423
2977,ENSG00000105427
2978,ENSG00000198515
2979,ENSG00000144191
2980,ENSG00000132259
2981,ENSG00000070729
2982,ENSG00000170289
2983,ENSG00000100528
2984,ENSG00000174871
2985,ENSG00000143786
2986,ENSG00000143771
2987,ENSG00000142675
2988,ENSG00000149970
2989,ENSG00000153721
2990,ENSG00000130176
2991,ENSG00000064666
2992,ENSG00000117519
2993,ENSG00000119946
2994,ENSG00000148842
2995,ENSG00000168763
2996,ENSG00000158158
2997,ENSG00000125107
2998,ENSG00000182973
2999,ENSG00000158435
3000,ENSG00000111596
3001,ENSG00000080802
3002,ENSG00000113300
3003,ENSG00000138767
3004,ENSG00000198791
3005,ENSG00000155508
3006,ENSG00000173786
3007,ENSG00000115649
3008,ENSG00000146910
3009,ENSG00000257727
3010,ENSG00000137161
3011,ENSG00000166997
3012,ENSG00000118432
3013,ENSG00000188822
3014,ENSG00000119865
3015,ENSG00000162852
3016,ENSG00000176563
3017,ENSG00000242689
3018,ENSG00000122756
3019,ENSG00000044459
3020,ENSG00000018236
3021,ENSG00000184144
3022,ENSG00000113805
3023,ENSG00000144619
3024,ENSG00000149972
3025,ENSG00000134115
3026,ENSG00000108797
3027,ENSG00000174469
3028,ENSG00000106714
3029,ENSG00000154529
3030,ENSG00000152910
3031,ENSG00000155052
3032,ENSG00000119397
3033,ENSG00000170037
3034,ENSG00000106603
3035,ENSG00000183978
3036,ENSG00000181924
3037,ENSG00000183513
3038,ENSG00000168275
3039,ENSG00000162377
3040,ENSG00000068120
3041,ENSG00000106078
3042,ENSG00000082438
3043,ENSG00000100473
3044,ENSG00000166685
3045,ENSG00000135775
3046,ENSG00000136152
3047,ENSG00000103051
3048,ENSG00000164597
3049,ENSG00000133103
3050,ENSG00000168434
3051,ENSG00000213380
3052,ENSG00000121058
3053,ENSG00000123500
3054,ENSG00000060718
3055,ENSG00000111799
3056,ENSG00000197467
3057,ENSG00000187955
3058,ENSG00000204291
3059,ENSG00000084636
3060,ENSG00000065618
3061,ENSG00000082293
3062,ENSG00000108821
3063,ENSG00000164692
3064,ENSG00000101203
3065,ENSG00000124749
3066,ENSG00000169436
3067,ENSG00000050767
3068,ENSG00000171502
3069,ENSG00000188517
3070,ENSG00000160963
3071,ENSG00000196739
3072,ENSG00000215018
3073,ENSG00000139219
3074,ENSG00000187498
3075,ENSG00000134871
3076,ENSG00000232814
3077,ENSG00000224821
3078,ENSG00000169031
3079,ENSG00000081052
3080,ENSG00000188153
3081,ENSG00000197565
3082,ENSG00000130635
3083,ENSG00000204262
3084,ENSG00000080573
3085,ENSG00000142156
3086,ENSG00000142173
3087,ENSG00000163359
3088,ENSG00000172752
3089,ENSG00000206384
3090,ENSG00000114270
3091,ENSG00000144810
3092,ENSG00000171812
3093,ENSG00000112280
3094,ENSG00000049089
3095,ENSG00000092758
3096,ENSG00000196167
3097,ENSG00000184374
3098,ENSG00000118004
3099,ENSG00000158270
3100,ENSG00000130309
3101,ENSG00000198756
3102,ENSG00000206561
3103,ENSG00000173163
3104,ENSG00000145781
3105,ENSG00000114744
3106,ENSG00000148444
3107,ENSG00000140365
3108,ENSG00000170619
3109,ENSG00000188243
3110,ENSG00000149600
3111,ENSG00000169019
3112,ENSG00000110442
3113,ENSG00000105664
3114,ENSG00000093010
3115,ENSG00000165644
3116,ENSG00000122218
3117,ENSG00000129083
3118,ENSG00000184432
3119,ENSG00000105669
3120,ENSG00000181789
3121,ENSG00000158623
3122,ENSG00000172301
3123,ENSG00000166200
3124,ENSG00000141030
3125,ENSG00000138663
3126,ENSG00000121022
3127,ENSG00000168090
3128,ENSG00000111652
3129,ENSG00000144524
3130,ENSG00000198612
3131,ENSG00000111481
3132,ENSG00000005243
3133,ENSG00000135469
3134,ENSG00000115520
3135,ENSG00000173085
3136,ENSG00000132423
3137,ENSG00000167113
3138,ENSG00000110871
3139,ENSG00000119723
3140,ENSG00000167186
3141,ENSG00000088682
3142,ENSG00000145244
3143,ENSG00000102879
3144,ENSG00000172725
3145,ENSG00000110880
3146,ENSG00000106789
3147,ENSG00000103647
3148,ENSG00000167549
3149,ENSG00000262246
3150,ENSG00000241563
3151,ENSG00000103187
3152,ENSG00000006695
3153,ENSG00000166260
3154,ENSG00000178449
3155,ENSG00000014919
3156,ENSG00000133983
3157,ENSG00000138495
3158,ENSG00000163626
3159,ENSG00000240230
3160,ENSG00000203667
3161,ENSG00000131143
3162,ENSG00000131055
3163,ENSG00000178741
3164,ENSG00000135940
3165,ENSG00000111775
3166,ENSG00000156885
3167,ENSG00000126267
3168,ENSG00000160471
3169,ENSG00000164919
3170,ENSG00000161281
3171,ENSG00000112695
3172,ENSG00000115944
3173,ENSG00000131174
3174,ENSG00000170516
3175,ENSG00000127184
3176,ENSG00000176340
3177,ENSG00000187581
3178,ENSG00000047457
3179,ENSG00000091704
3180,ENSG00000158516
3181,ENSG00000163751
3182,ENSG00000128510
3183,ENSG00000158525
3184,ENSG00000165078
3185,ENSG00000160111
3186,ENSG00000153002
3187,ENSG00000080618
3188,ENSG00000235903
3189,ENSG00000108582
3190,ENSG00000109472
3191,ENSG00000214575
3192,ENSG00000259462
3193,ENSG00000137449
3194,ENSG00000107864
3195,ENSG00000113742
3196,ENSG00000106034
3197,ENSG00000168993
3198,ENSG00000145920
3199,ENSG00000213578
3200,ENSG00000166569
3201,ENSG00000135678
3202,ENSG00000120054
3203,ENSG00000178772
3204,ENSG00000214078
3205,ENSG00000140848
3206,ENSG00000085719
3207,ENSG00000196353
3208,ENSG00000124772
3209,ENSG00000100884
3210,ENSG00000178773
3211,ENSG00000139117
3212,ENSG00000144550
3213,ENSG00000144410
3214,ENSG00000080819
3215,ENSG00000103381
3216,ENSG00000104324
3217,ENSG00000021826
3218,ENSG00000165934
3219,ENSG00000119203
3220,ENSG00000160917
3221,ENSG00000187959
3222,ENSG00000111605
3223,ENSG00000149532
3224,ENSG00000110090
3225,ENSG00000205560
3226,ENSG00000169169
3227,ENSG00000157184
3228,ENSG00000224051
3229,ENSG00000106066
3230,ENSG00000147183
3231,ENSG00000088882
3232,ENSG00000121898
3233,ENSG00000109625
3234,ENSG00000203710
3235,ENSG00000197721
3236,ENSG00000117322
3237,ENSG00000166426
3238,ENSG00000143320
3239,ENSG00000130038
3240,ENSG00000177685
3241,ENSG00000169372
3242,ENSG00000007545
3243,ENSG00000095321
3244,ENSG00000258551
3245,ENSG00000134376
3246,ENSG00000148204
3247,ENSG00000130545
3248,ENSG00000113851
3249,ENSG00000241258
3250,ENSG00000169509
3251,ENSG00000118260
3252,ENSG00000107175
3253,ENSG00000157613
3254,ENSG00000182158
3255,ENSG00000060566
3256,ENSG00000143578
3257,ENSG00000146592
3258,ENSG00000005339
3259,ENSG00000111269
3260,ENSG00000164463
3261,ENSG00000137504
3262,ENSG00000143162
3263,ENSG00000175874
3264,ENSG00000163703
3265,ENSG00000184164
3266,ENSG00000095794
3267,ENSG00000147571
3268,ENSG00000145708
3269,ENSG00000106113
3270,ENSG00000213145
3271,ENSG00000182809
3272,ENSG00000146215
3273,ENSG00000119878
3274,ENSG00000124812
3275,ENSG00000124490
3276,ENSG00000096006
3277,ENSG00000121005
3278,ENSG00000103196
3279,ENSG00000167193
3280,ENSG00000099942
3281,ENSG00000006016
3282,ENSG00000205755
3283,ENSG00000176390
3284,ENSG00000088766
3285,ENSG00000072832
3286,ENSG00000101343
3287,ENSG00000143536
3288,ENSG00000058453
3289,ENSG00000226321
3290,ENSG00000005469
3291,ENSG00000132693
3292,ENSG00000095713
3293,ENSG00000109943
3294,ENSG00000170275
3295,ENSG00000105662
3296,ENSG00000160741
3297,ENSG00000140577
3298,ENSG00000259736
3299,ENSG00000105392
3300,ENSG00000008405
3301,ENSG00000121671
3302,ENSG00000109846
3303,ENSG00000108255
3304,ENSG00000163499
3305,ENSG00000196431
3306,ENSG00000100122
3307,ENSG00000244752
3308,ENSG00000100053
3309,ENSG00000080200
3310,ENSG00000168582
3311,ENSG00000182187
3312,ENSG00000163254
3313,ENSG00000118231
3314,ENSG00000127377
3315,ENSG00000213139
3316,ENSG00000165475
3317,ENSG00000103316
3318,ENSG00000116791
3319,ENSG00000205758
3320,ENSG00000062485
3321,ENSG00000139631
3322,ENSG00000172346
3323,ENSG00000009307
3324,ENSG00000124207
3325,ENSG00000184371
3326,ENSG00000182578
3327,ENSG00000164400
3328,ENSG00000100368
3329,ENSG00000108342
3330,ENSG00000119535
3331,ENSG00000147408
3332,ENSG00000169826
3333,ENSG00000136488
3334,ENSG00000213218
3335,ENSG00000204414
3336,ENSG00000103653
3337,ENSG00000183117
3338,ENSG00000121904
3339,ENSG00000231163
3340,ENSG00000164796
3341,ENSG00000126545
3342,ENSG00000135222
3343,ENSG00000171209
3344,ENSG00000113712
3345,ENSG00000180138
3346,ENSG00000141551
3347,ENSG00000213923
3348,ENSG00000169118
3349,ENSG00000133275
3350,ENSG00000180846
3351,ENSG00000151292
3352,ENSG00000101266
3353,ENSG00000070770
3354,ENSG00000254598
3355,ENSG00000173546
3356,ENSG00000114646
3357,ENSG00000104218
3358,ENSG00000144655
3359,ENSG00000110925
3360,ENSG00000178662
3361,ENSG00000159176
3362,ENSG00000175183
3363,ENSG00000129170
3364,ENSG00000170373
3365,ENSG00000125831
3366,ENSG00000170369
3367,ENSG00000101439
3368,ENSG00000101441
3369,ENSG00000170367
3370,ENSG00000175315
3371,ENSG00000077984
3372,ENSG00000125815
3373,ENSG00000101435
3374,ENSG00000121552
3375,ENSG00000160213
3376,ENSG00000101138
3377,ENSG00000101811
3378,ENSG00000177613
3379,ENSG00000176102
3380,ENSG00000125823
3381,ENSG00000268940
3382,ENSG00000269586
3383,ENSG00000271449
3384,ENSG00000228836
3385,ENSG00000270946
3386,ENSG00000169551
3387,ENSG00000225362
3388,ENSG00000204019
3389,ENSG00000184033
3390,ENSG00000126890
3391,ENSG00000212710
3392,ENSG00000236761
3393,ENSG00000249803
3394,ENSG00000267052
3395,ENSG00000159692
3396,ENSG00000280927
3397,ENSG00000175029
3398,ENSG00000117151
3399,ENSG00000178971
3400,ENSG00000102974
3401,ENSG00000124092
3402,ENSG00000175826
3403,ENSG00000060069
3404,ENSG00000144579
3405,ENSG00000175215
3406,ENSG00000144677
3407,ENSG00000137770
3408,ENSG00000150281
3409,ENSG00000116761
3410,ENSG00000164932
3411,ENSG00000134030
3412,ENSG00000163599
3413,ENSG00000044115
3414,ENSG00000066032
3415,ENSG00000183230
3416,ENSG00000119326
3417,ENSG00000168036
3418,ENSG00000178585
3419,ENSG00000132792
3420,ENSG00000198561
3421,ENSG00000169862
3422,ENSG00000040531
3423,ENSG00000171793
3424,ENSG00000047230
3425,ENSG00000198730
3426,ENSG00000162438
3427,ENSG00000141086
3428,ENSG00000064601
3429,ENSG00000164733
3430,ENSG00000109861
3431,ENSG00000117984
3432,ENSG00000196188
3433,ENSG00000174080
3434,ENSG00000100448
3435,ENSG00000103811
3436,ENSG00000143387
3437,ENSG00000135047
3438,ENSG00000256043
3439,ENSG00000163131
3440,ENSG00000136943
3441,ENSG00000172543
3442,ENSG00000101160
3443,ENSG00000085733
3444,ENSG00000077063
3445,ENSG00000143079
3446,ENSG00000142544
3447,ENSG00000174177
3448,ENSG00000178531
3449,ENSG00000233932
3450,ENSG00000205279
3451,ENSG00000107611
3452,ENSG00000180891
3453,ENSG00000107874
3454,ENSG00000055130
3455,ENSG00000108094
3456,ENSG00000036257
3457,ENSG00000139842
3458,ENSG00000158290
3459,ENSG00000166266
3460,ENSG00000044090
3461,ENSG00000112659
3462,ENSG00000112514
3463,ENSG00000119929
3464,ENSG00000257923
3465,ENSG00000111249
3466,ENSG00000138161
3467,ENSG00000150316
3468,ENSG00000163510
3469,ENSG00000153015
3470,ENSG00000095485
3471,ENSG00000152404
3472,ENSG00000109182
3473,ENSG00000006210
3474,ENSG00000168329
3475,ENSG00000154639
3476,ENSG00000265766
3477,ENSG00000163739
3478,ENSG00000169245
3479,ENSG00000169248
3480,ENSG00000107562
3481,ENSG00000156234
3482,ENSG00000145824
3483,ENSG00000161921
3484,ENSG00000189377
3485,ENSG00000081041
3486,ENSG00000163734
3487,ENSG00000163735
3488,ENSG00000124875
3489,ENSG00000169429
3490,ENSG00000138755
3491,ENSG00000163464
3492,ENSG00000180871
3493,ENSG00000186810
3494,ENSG00000121966
3495,ENSG00000160683
3496,ENSG00000172215
3497,ENSG00000154832
3498,ENSG00000168772
3499,ENSG00000171604
3500,ENSG00000185753
3501,ENSG00000215115
3502,ENSG00000215113
3503,ENSG00000165182
3504,ENSG00000204165
3505,ENSG00000008283
3506,ENSG00000162144
3507,ENSG00000174151
3508,ENSG00000114395
3509,ENSG00000166347
3510,ENSG00000103018
3511,ENSG00000182224
3512,ENSG00000167740
3513,ENSG00000159348
3514,ENSG00000166394
3515,ENSG00000100243
3516,ENSG00000065615
3517,ENSG00000215883
3518,ENSG00000051523
3519,ENSG00000165168
3520,ENSG00000071967
3521,ENSG00000179091
3522,ENSG00000172115
3523,ENSG00000055163
3524,ENSG00000161544
3525,ENSG00000183035
3526,ENSG00000083799
3527,ENSG00000140459
3528,ENSG00000148795
3529,ENSG00000137869
3530,ENSG00000140465
3531,ENSG00000140505
3532,ENSG00000138061
3533,ENSG00000232973
3534,ENSG00000119004
3535,ENSG00000019186
3536,ENSG00000095596
3537,ENSG00000003137
3538,ENSG00000187553
3539,ENSG00000135929
3540,ENSG00000111012
3541,ENSG00000186684
3542,ENSG00000197838
3543,ENSG00000255974
3544,ENSG00000198077
3545,ENSG00000197408
3546,ENSG00000108242
3547,ENSG00000165841
3548,ENSG00000138115
3549,ENSG00000138109
3550,ENSG00000130649
3551,ENSG00000197446
3552,ENSG00000134716
3553,ENSG00000186104
3554,ENSG00000167600
3555,ENSG00000155016
3556,ENSG00000073067
3557,ENSG00000146233
3558,ENSG00000160868
3559,ENSG00000021461
3560,ENSG00000106258
3561,ENSG00000160870
3562,ENSG00000282301
3563,ENSG00000036530
3564,ENSG00000187048
3565,ENSG00000162365
3566,ENSG00000142973
3567,ENSG00000171903
3568,ENSG00000186204
3569,ENSG00000186115
3570,ENSG00000171954
3571,ENSG00000226562
3572,ENSG00000186529
3573,ENSG00000265787
3574,ENSG00000186526
3575,ENSG00000145476
3576,ENSG00000186377
3577,ENSG00000186160
3578,ENSG00000001630
3579,ENSG00000188693
3580,ENSG00000167910
3581,ENSG00000172817
3582,ENSG00000180432
3583,ENSG00000205795
3584,ENSG00000173198
3585,ENSG00000152207
3586,ENSG00000197191
3587,ENSG00000120306
3588,ENSG00000108669
3589,ENSG00000105443
3590,ENSG00000008256
3591,ENSG00000100055
3592,ENSG00000115165
3593,ENSG00000170891
3594,ENSG00000166265
3595,ENSG00000197934
3596,ENSG00000228592
3597,ENSG00000180902
3598,ENSG00000100592
3599,ENSG00000146122
3600,ENSG00000173406
3601,ENSG00000226759
3602,ENSG00000153071
3603,ENSG00000136848
3604,ENSG00000276644
3605,ENSG00000126733
3606,ENSG00000165617
3607,ENSG00000164488
3608,ENSG00000197380
3609,ENSG00000245598
3610,ENSG00000129562
3611,ENSG00000173402
3612,ENSG00000134780
3613,ENSG00000164535
3614,ENSG00000178149
3615,ENSG00000179284
3616,ENSG00000235244
3617,ENSG00000110887
3618,ENSG00000112977
3619,ENSG00000132676
3620,ENSG00000196730
3621,ENSG00000035664
3622,ENSG00000167657
3623,ENSG00000163331
3624,ENSG00000070190
3625,ENSG00000117593
3626,ENSG00000123977
3627,ENSG00000071626
3628,ENSG00000183283
3629,ENSG00000092345
3630,ENSG00000281591
3631,ENSG00000006634
3632,ENSG00000161692
3633,ENSG00000123454
3634,ENSG00000225756
3635,ENSG00000155368
3636,ENSG00000113758
3637,ENSG00000003249
3638,ENSG00000244274
3639,ENSG00000136279
3640,ENSG00000105516
3641,ENSG00000138231
3642,ENSG00000137992
3643,ENSG00000109851
3644,ENSG00000185610
3645,ENSG00000122741
3646,ENSG00000100897
3647,ENSG00000198876
3648,ENSG00000198889
3649,ENSG00000164934
3650,ENSG00000132017
3651,ENSG00000163257
3652,ENSG00000115827
3653,ENSG00000119599
3654,ENSG00000182308
3655,ENSG00000176566
3656,ENSG00000139990
3657,ENSG00000143164
3658,ENSG00000136485
3659,ENSG00000132716
3660,ENSG00000226372
3661,ENSG00000172992
3662,ENSG00000251380
3663,ENSG00000164465
3664,ENSG00000057019
3665,ENSG00000187323
3666,ENSG00000161634
3667,ENSG00000170959
3668,ENSG00000146038
3669,ENSG00000222046
3670,ENSG00000214866
3671,ENSG00000166341
3672,ENSG00000197410
3673,ENSG00000156136
3674,ENSG00000133083
3675,ENSG00000170390
3676,ENSG00000163673
3677,ENSG00000198924
3678,ENSG00000118655
3679,ENSG00000152457
3680,ENSG00000011465
3681,ENSG00000272886
3682,ENSG00000172795
3683,ENSG00000110063
3684,ENSG00000163357
3685,ENSG00000163354
3686,ENSG00000164935
3687,ENSG00000080166
3688,ENSG00000129187
3689,ENSG00000204843
3690,ENSG00000237737
3691,ENSG00000175203
3692,ENSG00000137100
3693,ENSG00000132912
3694,ENSG00000166847
3695,ENSG00000104671
3696,ENSG00000179958
3697,ENSG00000043093
3698,ENSG00000150401
3699,ENSG00000188215
3700,ENSG00000109184
3701,ENSG00000137692
3702,ENSG00000077279
3703,ENSG00000169738
3704,ENSG00000130311
3705,ENSG00000153904
3706,ENSG00000167986
3707,ENSG00000134574
3708,ENSG00000132437
3709,ENSG00000226122
3710,ENSG00000100523
3711,ENSG00000085788
3712,ENSG00000197312
3713,ENSG00000165490
3714,ENSG00000175197
3715,ENSG00000168209
3716,ENSG00000145358
3717,ENSG00000181418
3718,ENSG00000203797
3719,ENSG00000244038
3720,ENSG00000162733
3721,ENSG00000198171
3722,ENSG00000099974
3723,ENSG00000079785
3724,ENSG00000178105
3725,ENSG00000013573
3726,ENSG00000245614
3727,ENSG00000100201
3728,ENSG00000088205
3729,ENSG00000168872
3730,ENSG00000157349
3731,ENSG00000064703
3732,ENSG00000165732
3733,ENSG00000174243
3734,ENSG00000089737
3735,ENSG00000109832
3736,ENSG00000124228
3737,ENSG00000182810
3738,ENSG00000125485
3739,ENSG00000123136
3740,ENSG00000215301
3741,ENSG00000067048
3742,ENSG00000152670
3743,ENSG00000183258
3744,ENSG00000198231
3745,ENSG00000080007
3746,ENSG00000145833
3747,ENSG00000213782
3748,ENSG00000105671
3749,ENSG00000108654
3750,ENSG00000107625
3751,ENSG00000185163
3752,ENSG00000184735
3753,ENSG00000123064
3754,ENSG00000111364
3755,ENSG00000136271
3756,ENSG00000118197
3757,ENSG00000110367
3758,ENSG00000137628
3759,ENSG00000181381
3760,ENSG00000177030
3761,ENSG00000104325
3762,ENSG00000158796
3763,ENSG00000160570
3764,ENSG00000023892
3765,ENSG00000140995
3766,ENSG00000239839
3767,ENSG00000164816
3768,ENSG00000184276
3769,ENSG00000131068
3770,ENSG00000180483
3771,ENSG00000180383
3772,ENSG00000125788
3773,ENSG00000088782
3774,ENSG00000186458
3775,ENSG00000214643
3776,ENSG00000205882
3777,ENSG00000205883
3778,ENSG00000205884
3779,ENSG00000171711
3780,ENSG00000177257
3781,ENSG00000143753
3782,ENSG00000168350
3783,ENSG00000124795
3784,ENSG00000119522
3785,ENSG00000213047
3786,ENSG00000205744
3787,ENSG00000146966
3788,ENSG00000175984
3789,ENSG00000162777
3790,ENSG00000105339
3791,ENSG00000174485
3792,ENSG00000198837
3793,ENSG00000137145
3794,ENSG00000184014
3795,ENSG00000170456
3796,ENSG00000255867
3797,ENSG00000174839
3798,ENSG00000205593
3799,ENSG00000139726
3800,ENSG00000024526
3801,ENSG00000234264
3802,ENSG00000035499
3803,ENSG00000166153
3804,ENSG00000100150
3805,ENSG00000121690
3806,ENSG00000155792
3807,ENSG00000023697
3808,ENSG00000136986
3809,ENSG00000072849
3810,ENSG00000099958
3811,ENSG00000175084
3812,ENSG00000100418
3813,ENSG00000121644
3814,ENSG00000140543
3815,ENSG00000182108
3816,ENSG00000160049
3817,ENSG00000169598
3818,ENSG00000062282
3819,ENSG00000184210
3820,ENSG00000070413
3821,ENSG00000273032
3822,ENSG00000183628
3823,ENSG00000128185
3824,ENSG00000128191
3825,ENSG00000065357
3826,ENSG00000136267
3827,ENSG00000077044
3828,ENSG00000153933
3829,ENSG00000058866
3830,ENSG00000102780
3831,ENSG00000157680
3832,ENSG00000274588
3833,ENSG00000145214
3834,ENSG00000149091
3835,ENSG00000114956
3836,ENSG00000116133
3837,ENSG00000172893
3838,ENSG00000117682
3839,ENSG00000104808
3840,ENSG00000228716
3841,ENSG00000139549
3842,ENSG00000102967
3843,ENSG00000095059
3844,ENSG00000157379
3845,ENSG00000278535
3846,ENSG00000102796
3847,ENSG00000167536
3848,ENSG00000100867
3849,ENSG00000162496
3850,ENSG00000157326
3851,ENSG00000100612
3852,ENSG00000109016
3853,ENSG00000184544
3854,ENSG00000073737
3855,ENSG00000181192
3856,ENSG00000109606
3857,ENSG00000067248
3858,ENSG00000132153
3859,ENSG00000089876
3860,ENSG00000005100
3861,ENSG00000134815
3862,ENSG00000101452
3863,ENSG00000150990
3864,ENSG00000140829
3865,ENSG00000108406
3866,ENSG00000163214
3867,ENSG00000108771
3868,ENSG00000067596
3869,ENSG00000135829
3870,ENSG00000184047
3871,ENSG00000131504
3872,ENSG00000147202
3873,ENSG00000236256
3874,ENSG00000139734
3875,ENSG00000100697
3876,ENSG00000235706
3877,ENSG00000101191
3878,ENSG00000086189
3879,ENSG00000211452
3880,ENSG00000211448
3881,ENSG00000258766
3882,ENSG00000197406
3883,ENSG00000258498
3884,ENSG00000160305
3885,ENSG00000066084
3886,ENSG00000151240
3887,ENSG00000176490
3888,ENSG00000165023
3889,ENSG00000162595
3890,ENSG00000231672
3891,ENSG00000083520
3892,ENSG00000166938
3893,ENSG00000144535
3894,ENSG00000162946
3895,ENSG00000154309
3896,ENSG00000140323
3897,ENSG00000150764
3898,ENSG00000130826
3899,ENSG00000262075
3900,ENSG00000107984
3901,ENSG00000155011
3902,ENSG00000050165
3903,ENSG00000104371
3904,ENSG00000104901
3905,ENSG00000150768
3906,ENSG00000164741
3907,ENSG00000091140
3908,ENSG00000008226
3909,ENSG00000176124
3910,ENSG00000231607
3911,ENSG00000186047
3912,ENSG00000075711
3913,ENSG00000227375
3914,ENSG00000150672
3915,ENSG00000082458
3916,ENSG00000231651
3917,ENSG00000132535
3918,ENSG00000170579
3919,ENSG00000263724
3920,ENSG00000263878
3921,ENSG00000261520
3922,ENSG00000198010
3923,ENSG00000116544
3924,ENSG00000080845
3925,ENSG00000232907
3926,ENSG00000126787
3927,ENSG00000185559
3928,ENSG00000171462
3929,ENSG00000090932
3930,ENSG00000128917
3931,ENSG00000119689
3932,ENSG00000144355
3933,ENSG00000115844
3934,ENSG00000064195
3935,ENSG00000108813
3936,ENSG00000105880
3937,ENSG00000006377
3938,ENSG00000178028
3939,ENSG00000187908
3940,ENSG00000197587
3941,ENSG00000100206
3942,ENSG00000198947
3943,ENSG00000132837
3944,ENSG00000161249
3945,ENSG00000152592
3946,ENSG00000104936
3947,ENSG00000137090
3948,ENSG00000173253
3949,ENSG00000064218
3950,ENSG00000176399
3951,ENSG00000142700
3952,ENSG00000269502
3953,ENSG00000142025
3954,ENSG00000135164
3955,ENSG00000158856
3956,ENSG00000185800
3957,ENSG00000172869
3958,ENSG00000104093
3959,ENSG00000138346
3960,ENSG00000154099
3961,ENSG00000165506
3962,ENSG00000167646
3963,ENSG00000164818
3964,ENSG00000114841
3965,ENSG00000105877
3966,ENSG00000174844
3967,ENSG00000185842
3968,ENSG00000187775
3969,ENSG00000183914
3970,ENSG00000158486
3971,ENSG00000039139
3972,ENSG00000115423
3973,ENSG00000118997
3974,ENSG00000124721
3975,ENSG00000007174
3976,ENSG00000122735
3977,ENSG00000171595
3978,ENSG00000086061
3979,ENSG00000069345
3980,ENSG00000140403
3981,ENSG00000132002
3982,ENSG00000090520
3983,ENSG00000148719
3984,ENSG00000187726
3985,ENSG00000164031
3986,ENSG00000135924
3987,ENSG00000162616
3988,ENSG00000137094
3989,ENSG00000105993
3990,ENSG00000172404
3991,ENSG00000179407
3992,ENSG00000242049
3993,ENSG00000128590
3994,ENSG00000136770
3995,ENSG00000077232
3996,ENSG00000007923
3997,ENSG00000108176
3998,ENSG00000138246
3999,ENSG00000135392
4000,ENSG00000120675
4001,ENSG00000116138
4002,ENSG00000104129
4003,ENSG00000170464
4004,ENSG00000205981
4005,ENSG00000105821
4006,ENSG00000168724
4007,ENSG00000178401
4008,ENSG00000170946
4009,ENSG00000059769
4010,ENSG00000244115
4011,ENSG00000115137
4012,ENSG00000224165
4013,ENSG00000102580
4014,ENSG00000176410
4015,ENSG00000110011
4016,ENSG00000101152
4017,ENSG00000147570
4018,ENSG00000163793
4019,ENSG00000116675
4020,ENSG00000168259
4021,ENSG00000126698
4022,ENSG00000213551
4023,ENSG00000236756
4024,ENSG00000119661
4025,ENSG00000100246
4026,ENSG00000163879
4027,ENSG00000213918
4028,ENSG00000013563
4029,ENSG00000167968
4030,ENSG00000163687
4031,ENSG00000105612
4032,ENSG00000137976
4033,ENSG00000256453
4034,ENSG00000187957
4035,ENSG00000179532
4036,ENSG00000213221
4037,ENSG00000106976
4038,ENSG00000087470
4039,ENSG00000079805
4040,ENSG00000197959
4041,ENSG00000107554
4042,ENSG00000227695
4043,ENSG00000130816
4044,ENSG00000119772
4045,ENSG00000088305
4046,ENSG00000142182
4047,ENSG00000123992
4048,ENSG00000112667
4049,ENSG00000107447
4050,ENSG00000101457
4051,ENSG00000067334
4052,ENSG00000149927
4053,ENSG00000272636
4054,ENSG00000150760
4055,ENSG00000135905
4056,ENSG00000147251
4057,ENSG00000134516
4058,ENSG00000088538
4059,ENSG00000128512
4060,ENSG00000225572
4061,ENSG00000147459
4062,ENSG00000130158
4063,ENSG00000116641
4064,ENSG00000107099
4065,ENSG00000088387
4066,ENSG00000129932
4067,ENSG00000115325
4068,ENSG00000147443
4069,ENSG00000146094
4070,ENSG00000125170
4071,ENSG00000101134
4072,ENSG00000206052
4073,ENSG00000175920
4074,ENSG00000175283
4075,ENSG00000167130
4076,ENSG00000159147
4077,ENSG00000104885
4078,ENSG00000172269
4079,ENSG00000166171
4080,ENSG00000015413
4081,ENSG00000167261
4082,ENSG00000141096
4083,ENSG00000011332
4084,ENSG00000133884
4085,ENSG00000205683
4086,ENSG00000108963
4087,ENSG00000132768
4088,ENSG00000154813
4089,ENSG00000117543
4090,ENSG00000134146
4091,ENSG00000148399
4092,ENSG00000000419
4093,ENSG00000136908
4094,ENSG00000179085
4095,ENSG00000175497
4096,ENSG00000235026
4097,ENSG00000254986
4098,ENSG00000197635
4099,ENSG00000130226
4100,ENSG00000176978
4101,ENSG00000074603
4102,ENSG00000142002
4103,ENSG00000205790
4104,ENSG00000163530
4105,ENSG00000187569
4106,ENSG00000121570
4107,ENSG00000203909
4108,ENSG00000204595
4109,ENSG00000143196
4110,ENSG00000173852
4111,ENSG00000177990
4112,ENSG00000178904
4113,ENSG00000156162
4114,ENSG00000162961
4115,ENSG00000188641
4116,ENSG00000232878
4117,ENSG00000235777
4118,ENSG00000147647
4119,ENSG00000092964
4120,ENSG00000113657
4121,ENSG00000151640
4122,ENSG00000157851
4123,ENSG00000144045
4124,ENSG00000117505
4125,ENSG00000245750
4126,ENSG00000136048
4127,ENSG00000156171
4128,ENSG00000175550
4129,ENSG00000162490
4130,ENSG00000157856
4131,ENSG00000171962
4132,ENSG00000159625
4133,ENSG00000184845
4134,ENSG00000149295
4135,ENSG00000151577
4136,ENSG00000069696
4137,ENSG00000169676
4138,ENSG00000185721
4139,ENSG00000108591
4140,ENSG00000165606
4141,ENSG00000189269
4142,ENSG00000113360
4143,ENSG00000102385
4144,ENSG00000134765
4145,ENSG00000134755
4146,ENSG00000134762
4147,ENSG00000171587
4148,ENSG00000235123
4149,ENSG00000177103
4150,ENSG00000136982
4151,ENSG00000184029
4152,ENSG00000198054
4153,ENSG00000230366
4154,ENSG00000111817
4155,ENSG00000171451
4156,ENSG00000134760
4157,ENSG00000266729
4158,ENSG00000046604
4159,ENSG00000264859
4160,ENSG00000134757
4161,ENSG00000175065
4162,ENSG00000149636
4163,ENSG00000096696
4164,ENSG00000152591
4165,ENSG00000151914
4166,ENSG00000125868
4167,ENSG00000133059
4168,ENSG00000125821
4169,ENSG00000129480
4170,ENSG00000197057
4171,ENSG00000143476
4172,ENSG00000134769
4173,ENSG00000138101
4174,ENSG00000047579
4175,ENSG00000104047
4176,ENSG00000169570
4177,ENSG00000135144
4178,ENSG00000178498
4179,ENSG00000163840
4180,ENSG00000110042
4181,ENSG00000168393
4182,ENSG00000243701
4183,ENSG00000137857
4184,ENSG00000140279
4185,ENSG00000140254
4186,ENSG00000140274
4187,ENSG00000169718
4188,ENSG00000167264
4189,ENSG00000141994
4190,ENSG00000120129
4191,ENSG00000143507
4192,ENSG00000081721
4193,ENSG00000149599
4194,ENSG00000111266
4195,ENSG00000167065
4196,ENSG00000162999
4197,ENSG00000158050
4198,ENSG00000189037
4199,ENSG00000112679
4200,ENSG00000158716
4201,ENSG00000133878
4202,ENSG00000188542
4203,ENSG00000108861
4204,ENSG00000120875
4205,ENSG00000138166
4206,ENSG00000139318
4207,ENSG00000164086
4208,ENSG00000130829
4209,ENSG00000128951
4210,ENSG00000260596
4211,ENSG00000258873
4212,ENSG00000107404
4213,ENSG00000004975
4214,ENSG00000161202
4215,ENSG00000170788
4216,ENSG00000133665
4217,ENSG00000141627
4218,ENSG00000178690
4219,ENSG00000197102
4220,ENSG00000158560
4221,ENSG00000144635
4222,ENSG00000135720
4223,ENSG00000187240
4224,ENSG00000138036
4225,ENSG00000088986
4226,ENSG00000264364
4227,ENSG00000125971
4228,ENSG00000168589
4229,ENSG00000146425
4230,ENSG00000165169
4231,ENSG00000157540
4232,ENSG00000105204
4233,ENSG00000127334
4234,ENSG00000143479
4235,ENSG00000010219
4236,ENSG00000135636
4237,ENSG00000232125
4238,ENSG00000089091
4239,ENSG00000134874
4240,ENSG00000158163
4241,ENSG00000198919
4242,ENSG00000101412
4243,ENSG00000112242
4244,ENSG00000205250
4245,ENSG00000133740
4246,ENSG00000169016
4247,ENSG00000165891
4248,ENSG00000129173
4249,ENSG00000167967
4250,ENSG00000144597
4251,ENSG00000145088
4252,ENSG00000129518
4253,ENSG00000103356
4254,ENSG00000147654
4255,ENSG00000164330
4256,ENSG00000221818
4257,ENSG00000108001
4258,ENSG00000088881
4259,ENSG00000105246
4260,ENSG00000255423
4261,ENSG00000117395
4262,ENSG00000147155
4263,ENSG00000123179
4264,ENSG00000122882
4265,ENSG00000117298
4266,ENSG00000145194
4267,ENSG00000171551
4268,ENSG00000104823
4269,ENSG00000093144
4270,ENSG00000121310
4271,ENSG00000134463
4272,ENSG00000127884
4273,ENSG00000167969
4274,ENSG00000198721
4275,ENSG00000143369
4276,ENSG00000249751
4277,ENSG00000130159
4278,ENSG00000114346
4279,ENSG00000203734
4280,ENSG00000158813
4281,ENSG00000131080
4282,ENSG00000135960
4283,ENSG00000186197
4284,ENSG00000179151
4285,ENSG00000038358
4286,ENSG00000181562
4287,ENSG00000181552
4288,ENSG00000134109
4289,ENSG00000088298
4290,ENSG00000116406
4291,ENSG00000107223
4292,ENSG00000164176
4293,ENSG00000078401
4294,ENSG00000127129
4295,ENSG00000124205
4296,ENSG00000151617
4297,ENSG00000136160
4298,ENSG00000107938
4299,ENSG00000236991
4300,ENSG00000102189
4301,ENSG00000074266
4302,ENSG00000156508
4303,ENSG00000101210
4304,ENSG00000114942
4305,ENSG00000104529
4306,ENSG00000124802
4307,ENSG00000254772
4308,ENSG00000167658
4309,ENSG00000103319
4310,ENSG00000118894
4311,ENSG00000122547
4312,ENSG00000185055
4313,ENSG00000140025
4314,ENSG00000172771
4315,ENSG00000178852
4316,ENSG00000159658
4317,ENSG00000228237
4318,ENSG00000172421
4319,ENSG00000176927
4320,ENSG00000186976
4321,ENSG00000203965
4322,ENSG00000215529
4323,ENSG00000214360
4324,ENSG00000114654
4325,ENSG00000115380
4326,ENSG00000172638
4327,ENSG00000163576
4328,ENSG00000096093
4329,ENSG00000183690
4330,ENSG00000115468
4331,ENSG00000142634
4332,ENSG00000169242
4333,ENSG00000099617
4334,ENSG00000143590
4335,ENSG00000243364
4336,ENSG00000184349
4337,ENSG00000090776
4338,ENSG00000125266
4339,ENSG00000108947
4340,ENSG00000132294
4341,ENSG00000084710
4342,ENSG00000100842
4343,ENSG00000108883
4344,ENSG00000138798
4345,ENSG00000198759
4346,ENSG00000172889
4347,ENSG00000241404
4348,ENSG00000164318
4349,ENSG00000249491
4350,ENSG00000248730
4351,ENSG00000146648
4352,ENSG00000224057
4353,ENSG00000135766
4354,ENSG00000269858
4355,ENSG00000129521
4356,ENSG00000235947
4357,ENSG00000120738
4358,ENSG00000122877
4359,ENSG00000179388
4360,ENSG00000135625
4361,ENSG00000115504
4362,ENSG00000173442
4363,ENSG00000110047
4364,ENSG00000024422
4365,ENSG00000013016
4366,ENSG00000103966
4367,ENSG00000259883
4368,ENSG00000135373
4369,ENSG00000113790
4370,ENSG00000181090
4371,ENSG00000237080
4372,ENSG00000149547
4373,ENSG00000255302
4374,ENSG00000176396
4375,ENSG00000176401
4376,ENSG00000255150
4377,ENSG00000173812
4378,ENSG00000175376
4379,ENSG00000173674
4380,ENSG00000198692
4381,ENSG00000114784
4382,ENSG00000144895
4383,ENSG00000086232
4384,ENSG00000055332
4385,ENSG00000172071
4386,ENSG00000128829
4387,ENSG00000111361
4388,ENSG00000119718
4389,ENSG00000070785
4390,ENSG00000115211
4391,ENSG00000145191
4392,ENSG00000143486
4393,ENSG00000134001
4394,ENSG00000125977
4395,ENSG00000130741
4396,ENSG00000107581
4397,ENSG00000106263
4398,ENSG00000184110
4399,ENSG00000205609
4400,ENSG00000100353
4401,ENSG00000104408
4402,ENSG00000175390
4403,ENSG00000130811
4404,ENSG00000147677
4405,ENSG00000084623
4406,ENSG00000104131
4407,ENSG00000100129
4408,ENSG00000149100
4409,ENSG00000161960
4410,ENSG00000156976
4411,ENSG00000141543
4412,ENSG00000063046
4413,ENSG00000151247
4414,ENSG00000175766
4415,ENSG00000135930
4416,ENSG00000163412
4417,ENSG00000187840
4418,ENSG00000148730
4419,ENSG00000243056
4420,ENSG00000184708
4421,ENSG00000114867
4422,ENSG00000110321
4423,ENSG00000075151
4424,ENSG00000106682
4425,ENSG00000100664
4426,ENSG00000132507
4427,ENSG00000163577
4428,ENSG00000253626
4429,ENSG00000158417
4430,ENSG00000242372
4431,ENSG00000141642
4432,ENSG00000006744
4433,ENSG00000066044
4434,ENSG00000107105
4435,ENSG00000196361
4436,ENSG00000162374
4437,ENSG00000120690
4438,ENSG00000109381
4439,ENSG00000163435
4440,ENSG00000102034
4441,ENSG00000135374
4442,ENSG00000225968
4443,ENSG00000236081
4444,ENSG00000166897
4445,ENSG00000126767
4446,ENSG00000111145
4447,ENSG00000158711
4448,ENSG00000105656
4449,ENSG00000118985
4450,ENSG00000128886
4451,ENSG00000155849
4452,ENSG00000224101
4453,ENSG00000062598
4454,ENSG00000102890
4455,ENSG00000110675
4456,ENSG00000179387
4457,ENSG00000115459
4458,ENSG00000049540
4459,ENSG00000130165
4460,ENSG00000066322
4461,ENSG00000197977
4462,ENSG00000119915
4463,ENSG00000118402
4464,ENSG00000012660
4465,ENSG00000170522
4466,ENSG00000164181
4467,ENSG00000134759
4468,ENSG00000134014
4469,ENSG00000109911
4470,ENSG00000163832
4471,ENSG00000169393
4472,ENSG00000170571
4473,ENSG00000127463
4474,ENSG00000161671
4475,ENSG00000104412
4476,ENSG00000125037
4477,ENSG00000128463
4478,ENSG00000127774
4479,ENSG00000134153
4480,ENSG00000131148
4481,ENSG00000100908
4482,ENSG00000164035
4483,ENSG00000102119
4484,ENSG00000154920
4485,ENSG00000197774
4486,ENSG00000126749
4487,ENSG00000186998
4488,ENSG00000138080
4489,ENSG00000132205
4490,ENSG00000183798
4491,ENSG00000066629
4492,ENSG00000125746
4493,ENSG00000149499
4494,ENSG00000143924
4495,ENSG00000165521
4496,ENSG00000214595
4497,ENSG00000134531
4498,ENSG00000213853
4499,ENSG00000142227
4500,ENSG00000158636
4501,ENSG00000135638
4502,ENSG00000170370
4503,ENSG00000229847
4504,ENSG00000163064
4505,ENSG00000164778
4506,ENSG00000154380
4507,ENSG00000132464
4508,ENSG00000171617
4509,ENSG00000149218
4510,ENSG00000167136
4511,ENSG00000111405
4512,ENSG00000173818
4513,ENSG00000106991
4514,ENSG00000167280
4515,ENSG00000168913
4516,ENSG00000124074
4517,ENSG00000151023
4518,ENSG00000074800
4519,ENSG00000230679
4520,ENSG00000111674
4521,ENSG00000108515
4522,ENSG00000188316
4523,ENSG00000145293
4524,ENSG00000132199
4525,ENSG00000120658
4526,ENSG00000165675
4527,ENSG00000138792
4528,ENSG00000197594
4529,ENSG00000136960
4530,ENSG00000154269
4531,ENSG00000001561
4532,ENSG00000112796
4533,ENSG00000164303
4534,ENSG00000182156
4535,ENSG00000143420
4536,ENSG00000176177
4537,ENSG00000138185
4538,ENSG00000226688
4539,ENSG00000054179
4540,ENSG00000168032
4541,ENSG00000280739
4542,ENSG00000197217
4543,ENSG00000187097
4544,ENSG00000197586
4545,ENSG00000198018
4546,ENSG00000188833
4547,ENSG00000120533
4548,ENSG00000163378
4549,ENSG00000163508
4550,ENSG00000100393
4551,ENSG00000231993
4552,ENSG00000183495
4553,ENSG00000116016
4554,ENSG00000159023
4555,ENSG00000088367
4556,ENSG00000079819
4557,ENSG00000082397
4558,ENSG00000129595
4559,ENSG00000095203
4560,ENSG00000115109
4561,ENSG00000166947
4562,ENSG00000120616
4563,ENSG00000135999
4564,ENSG00000119888
4565,ENSG00000086289
4566,ENSG00000152223
4567,ENSG00000182585
4568,ENSG00000229153
4569,ENSG00000183317
4570,ENSG00000142627
4571,ENSG00000044524
4572,ENSG00000116106
4573,ENSG00000145242
4574,ENSG00000250846
4575,ENSG00000080224
4576,ENSG00000135333
4577,ENSG00000070886
4578,ENSG00000154928
4579,ENSG00000133216
4580,ENSG00000182580
4581,ENSG00000196411
4582,ENSG00000143819
4583,ENSG00000120915
4584,ENSG00000105131
4585,ENSG00000172031
4586,ENSG00000112425
4587,ENSG00000178567
4588,ENSG00000063245
4589,ENSG00000072134
4590,ENSG00000235397
4591,ENSG00000049283
4592,ENSG00000130427
4593,ENSG00000187266
4594,ENSG00000101448
4595,ENSG00000249139
4596,ENSG00000261150
4597,ENSG00000085832
4598,ENSG00000127527
4599,ENSG00000151491
4600,ENSG00000131037
4601,ENSG00000177106
4602,ENSG00000198758
4603,ENSG00000133106
4604,ENSG00000121053
4605,ENSG00000083782
4606,ENSG00000120160
4607,ENSG00000132591
4608,ENSG00000164307
4609,ENSG00000164308
4610,ENSG00000187682
4611,ENSG00000141736
4612,ENSG00000065361
4613,ENSG00000178568
4614,ENSG00000082805
4615,ENSG00000187672
4616,ENSG00000012061
4617,ENSG00000104884
4618,ENSG00000163161
4619,ENSG00000175595
4620,ENSG00000134899
4621,ENSG00000225830
4622,ENSG00000186871
4623,ENSG00000182150
4624,ENSG00000049167
4625,ENSG00000124882
4626,ENSG00000105722
4627,ENSG00000157554
4628,ENSG00000113719
4629,ENSG00000087502
4630,ENSG00000125991
4631,ENSG00000100632
4632,ENSG00000104626
4633,ENSG00000196678
4634,ENSG00000117419
4635,ENSG00000204334
4636,ENSG00000178965
4637,ENSG00000234497
4638,ENSG00000204978
4639,ENSG00000177459
4640,ENSG00000163645
4641,ENSG00000165837
4642,ENSG00000068912
4643,ENSG00000107566
4644,ENSG00000147475
4645,ENSG00000164010
4646,ENSG00000130023
4647,ENSG00000136541
4648,ENSG00000099219
4649,ENSG00000178607
4650,ENSG00000134398
4651,ENSG00000197930
4652,ENSG00000086619
4653,ENSG00000139055
4654,ENSG00000089248
4655,ENSG00000023318
4656,ENSG00000116285
4657,ENSG00000213462
4658,ENSG00000244476
4659,ENSG00000233056
4660,ENSG00000142396
4661,ENSG00000226887
4662,ENSG00000269526
4663,ENSG00000268964
4664,ENSG00000242950
4665,ENSG00000149564
4666,ENSG00000141446
4667,ENSG00000171320
4668,ENSG00000139684
4669,ENSG00000089048
4670,ENSG00000164283
4671,ENSG00000135476
4672,ENSG00000187017
4673,ENSG00000144488
4674,ENSG00000091831
4675,ENSG00000140009
4676,ENSG00000104413
4677,ENSG00000103067
4678,ENSG00000173153
4679,ENSG00000119715
4680,ENSG00000196482
4681,ENSG00000123576
4682,ENSG00000139641
4683,ENSG00000117868
4684,ENSG00000158220
4685,ENSG00000143971
4686,ENSG00000120705
4687,ENSG00000140374
4688,ENSG00000105379
4689,ENSG00000171503
4690,ENSG00000105755
4691,ENSG00000139163
4692,ENSG00000143845
4693,ENSG00000164089
4694,ENSG00000134954
4695,ENSG00000157557
4696,ENSG00000006468
4697,ENSG00000105672
4698,ENSG00000117036
4699,ENSG00000253831
4700,ENSG00000175832
4701,ENSG00000244405
4702,ENSG00000139083
4703,ENSG00000010030
4704,ENSG00000115363
4705,ENSG00000142694
4706,ENSG00000166979
4707,ENSG00000072840
4708,ENSG00000173040
4709,ENSG00000126860
4710,ENSG00000067208
4711,ENSG00000142459
4712,ENSG00000196405
4713,ENSG00000167880
4714,ENSG00000106038
4715,ENSG00000212766
4716,ENSG00000182944
4717,ENSG00000178997
4718,ENSG00000081177
4719,ENSG00000187609
4720,ENSG00000174371
4721,ENSG00000164002
4722,ENSG00000090989
4723,ENSG00000112685
4724,ENSG00000180104
4725,ENSG00000179044
4726,ENSG00000283632
4727,ENSG00000205436
4728,ENSG00000131558
4729,ENSG00000070367
4730,ENSG00000138190
4731,ENSG00000144036
4732,ENSG00000182473
4733,ENSG00000116903
4734,ENSG00000157036
4735,ENSG00000171311
4736,ENSG00000171824
4737,ENSG00000130713
4738,ENSG00000107371
4739,ENSG00000178896
4740,ENSG00000077348
4741,ENSG00000223496
4742,ENSG00000075914
4743,ENSG00000120699
4744,ENSG00000123737
4745,ENSG00000110723
4746,ENSG00000182197
4747,ENSG00000151348
4748,ENSG00000158008
4749,ENSG00000162694
4750,ENSG00000012232
4751,ENSG00000246339
4752,ENSG00000104313
4753,ENSG00000064655
4754,ENSG00000158161
4755,ENSG00000112319
4756,ENSG00000188107
4757,ENSG00000108799
4758,ENSG00000106462
4759,ENSG00000092820
4760,ENSG00000233893
4761,ENSG00000126218
4762,ENSG00000231882
4763,ENSG00000088926
4764,ENSG00000251165
4765,ENSG00000158769
4766,ENSG00000131187
4767,ENSG00000124491
4768,ENSG00000180210
4769,ENSG00000181104
4770,ENSG00000164251
4771,ENSG00000164220
4772,ENSG00000127533
4773,ENSG00000117525
4774,ENSG00000198734
4775,ENSG00000057593
4776,ENSG00000185010
4777,ENSG00000277150
4778,ENSG00000103089
4779,ENSG00000117480
4780,ENSG00000165591
4781,ENSG00000185504
4782,ENSG00000162585
4783,ENSG00000131944
4784,ENSG00000163586
4785,ENSG00000197416
4786,ENSG00000145384
4787,ENSG00000121769
4788,ENSG00000170323
4789,ENSG00000164687
4790,ENSG00000170231
4791,ENSG00000164434
4792,ENSG00000205186
4793,ENSG00000168040
4794,ENSG00000149485
4795,ENSG00000134824
4796,ENSG00000221968
4797,ENSG00000172782
4798,ENSG00000185104
4799,ENSG00000113194
4800,ENSG00000103876
4801,ENSG00000180185
4802,ENSG00000158234
4803,ENSG00000135472
4804,ENSG00000228126
4805,ENSG00000273018
4806,ENSG00000168309
4807,ENSG00000065809
4808,ENSG00000125898
4809,ENSG00000169122
4810,ENSG00000184731
4811,ENSG00000197245
4812,ENSG00000166801
4813,ENSG00000189057
4814,ENSG00000197712
4815,ENSG00000055147
4816,ENSG00000121104
4817,ENSG00000138439
4818,ENSG00000100376
4819,ENSG00000197798
4820,ENSG00000048828
4821,ENSG00000188938
4822,ENSG00000184083
4823,ENSG00000150510
4824,ENSG00000124019
4825,ENSG00000175182
4826,ENSG00000159784
4827,ENSG00000185519
4828,ENSG00000179083
4829,ENSG00000234545
4830,ENSG00000082269
4831,ENSG00000147724
4832,ENSG00000035141
4833,ENSG00000226516
4834,ENSG00000218839
4835,ENSG00000138640
4836,ENSG00000031003
4837,ENSG00000148541
4838,ENSG00000109794
4839,ENSG00000138286
4840,ENSG00000162391
4841,ENSG00000152380
4842,ENSG00000170074
4843,ENSG00000268350
4844,ENSG00000179304
4845,ENSG00000170264
4846,ENSG00000156050
4847,ENSG00000114023
4848,ENSG00000183807
4849,ENSG00000143340
4850,ENSG00000196990
4851,ENSG00000183615
4852,ENSG00000054965
4853,ENSG00000152102
4854,ENSG00000198780
4855,ENSG00000164334
4856,ENSG00000172538
4857,ENSG00000234736
4858,ENSG00000148468
4859,ENSG00000161682
4860,ENSG00000144369
4861,ENSG00000174132
4862,ENSG00000185442
4863,ENSG00000151327
4864,ENSG00000197520
4865,ENSG00000168754
4866,ENSG00000189320
4867,ENSG00000196666
4868,ENSG00000182103
4869,ENSG00000111879
4870,ENSG00000047662
4871,ENSG00000222011
4872,ENSG00000185958
4873,ENSG00000135436
4874,ENSG00000177558
4875,ENSG00000125386
4876,ENSG00000146067
4877,ENSG00000123575
4878,ENSG00000221909
4879,ENSG00000237765
4880,ENSG00000165669
4881,ENSG00000124103
4882,ENSG00000213714
4883,ENSG00000108950
4884,ENSG00000116199
4885,ENSG00000177150
4886,ENSG00000124098
4887,ENSG00000267496
4888,ENSG00000204856
4889,ENSG00000179813
4890,ENSG00000196227
4891,ENSG00000250486
4892,ENSG00000164970
4893,ENSG00000178761
4894,ENSG00000178397
4895,ENSG00000188732
4896,ENSG00000204930
4897,ENSG00000139438
4898,ENSG00000255650
4899,ENSG00000173065
4900,ENSG00000279245
4901,ENSG00000272681
4902,ENSG00000231528
4903,ENSG00000225684
4904,ENSG00000184949
4905,ENSG00000166262
4906,ENSG00000186453
4907,ENSG00000219626
4908,ENSG00000225828
4909,ENSG00000203778
4910,ENSG00000277870
4911,ENSG00000167930
4912,ENSG00000084444
4913,ENSG00000203795
4914,ENSG00000213185
4915,ENSG00000188100
4916,ENSG00000189090
4917,ENSG00000231527
4918,ENSG00000105058
4919,ENSG00000071889
4920,ENSG00000183844
4921,ENSG00000196937
4922,ENSG00000198643
4923,ENSG00000244383
4924,ENSG00000230368
4925,ENSG00000185112
4926,ENSG00000183114
4927,ENSG00000185448
4928,ENSG00000198173
4929,ENSG00000189157
4930,ENSG00000272414
4931,ENSG00000071859
4932,ENSG00000145945
4933,ENSG00000174137
4934,ENSG00000189319
4935,ENSG00000233334
4936,ENSG00000120709
4937,ENSG00000226711
4938,ENSG00000255052
4939,ENSG00000215374
4940,ENSG00000196550
4941,ENSG00000188610
4942,ENSG00000263513
4943,ENSG00000215784
4944,ENSG00000009780
4945,ENSG00000077458
4946,ENSG00000126882
4947,ENSG00000188859
4948,ENSG00000157470
4949,ENSG00000153347
4950,ENSG00000147689
4951,ENSG00000204949
4952,ENSG00000168143
4953,ENSG00000125998
4954,ENSG00000101447
4955,ENSG00000105523
4956,ENSG00000133477
4957,ENSG00000188522
4958,ENSG00000145002
4959,ENSG00000182366
4960,ENSG00000177757
4961,ENSG00000182118
4962,ENSG00000176973
4963,ENSG00000137414
4964,ENSG00000171847
4965,ENSG00000229924
4966,ENSG00000176853
4967,ENSG00000223839
4968,ENSG00000119812
4969,ENSG00000171262
4970,ENSG00000130244
4971,ENSG00000183304
4972,ENSG00000177138
4973,ENSG00000187268
4974,ENSG00000198690
4975,ENSG00000187741
4976,ENSG00000181544
4977,ENSG00000158169
4978,ENSG00000144554
4979,ENSG00000163705
4980,ENSG00000112039
4981,ENSG00000183161
4982,ENSG00000221829
4983,ENSG00000140525
4984,ENSG00000115392
4985,ENSG00000187790
4986,ENSG00000203780
4987,ENSG00000078098
4988,ENSG00000197601
4989,ENSG00000064763
4990,ENSG00000152767
4991,ENSG00000231194
4992,ENSG00000006607
4993,ENSG00000145982
4994,ENSG00000179115
4995,ENSG00000266975
4996,ENSG00000116120
4997,ENSG00000026103
4998,ENSG00000117560
4999,ENSG00000169710
5000,ENSG00000164896
5001,ENSG00000138399
5002,ENSG00000118246
5003,ENSG00000124279
5004,ENSG00000215251
5005,ENSG00000083857
5006,ENSG00000086570
5007,ENSG00000165323
5008,ENSG00000196159
5009,ENSG00000147378
5010,ENSG00000149806
5011,ENSG00000146267
5012,ENSG00000170271
5013,ENSG00000188878
5014,ENSG00000162458
5015,ENSG00000188573
5016,ENSG00000077942
5017,ENSG00000163520
5018,ENSG00000140092
5019,ENSG00000144152
5020,ENSG00000166147
5021,ENSG00000138829
5022,ENSG00000142449
5023,ENSG00000165140
5024,ENSG00000130957
5025,ENSG00000156860
5026,ENSG00000112787
5027,ENSG00000127452
5028,ENSG00000161040
5029,ENSG00000171823
5030,ENSG00000107872
5031,ENSG00000127585
5032,ENSG00000145743
5033,ENSG00000155034
5034,ENSG00000099364
5035,ENSG00000260852
5036,ENSG00000153558
5037,ENSG00000108306
5038,ENSG00000197361
5039,ENSG00000005812
5040,ENSG00000112234
5041,ENSG00000118564
5042,ENSG00000182325
5043,ENSG00000183580
5044,ENSG00000135722
5045,ENSG00000147912
5046,ENSG00000138081
5047,ENSG00000141665
5048,ENSG00000214050
5049,ENSG00000269190
5050,ENSG00000116661
5051,ENSG00000135108
5052,ENSG00000167196
5053,ENSG00000106336
5054,ENSG00000147364
5055,ENSG00000161243
5056,ENSG00000143756
5057,ENSG00000110429
5058,ENSG00000118496
5059,ENSG00000103264
5060,ENSG00000156804
5061,ENSG00000165355
5062,ENSG00000178974
5063,ENSG00000153832
5064,ENSG00000145868
5065,ENSG00000177294
5066,ENSG00000151876
5067,ENSG00000163833
5068,ENSG00000163013
5069,ENSG00000156509
5070,ENSG00000132879
5071,ENSG00000174013
5072,ENSG00000177051
5073,ENSG00000204952
5074,ENSG00000204923
5075,ENSG00000112029
5076,ENSG00000116663
5077,ENSG00000100225
5078,ENSG00000164117
5079,ENSG00000112146
5080,ENSG00000171931
5081,ENSG00000072803
5082,ENSG00000164049
5083,ENSG00000119402
5084,ENSG00000107829
5085,ENSG00000159069
5086,ENSG00000109670
5087,ENSG00000174989
5088,ENSG00000132004
5089,ENSG00000162897
5090,ENSG00000179639
5091,ENSG00000158869
5092,ENSG00000104921
5093,ENSG00000119616
5094,ENSG00000150337
5095,ENSG00000143226
5096,ENSG00000072694
5097,ENSG00000203747
5098,ENSG00000162747
5099,ENSG00000104870
5100,ENSG00000130475
5101,ENSG00000157107
5102,ENSG00000197948
5103,ENSG00000137478
5104,ENSG00000162894
5105,ENSG00000085265
5106,ENSG00000160339
5107,ENSG00000142748
5108,ENSG00000163534
5109,ENSG00000132704
5110,ENSG00000160856
5111,ENSG00000163518
5112,ENSG00000143297
5113,ENSG00000181036
5114,ENSG00000132185
5115,ENSG00000162746
5116,ENSG00000181617
5117,ENSG00000079459
5118,ENSG00000160752
5119,ENSG00000137714
5120,ENSG00000255561
5121,ENSG00000161513
5122,ENSG00000066926
5123,ENSG00000141965
5124,ENSG00000169018
5125,ENSG00000145780
5126,ENSG00000168496
5127,ENSG00000268388
5128,ENSG00000151422
5129,ENSG00000249715
5130,ENSG00000214814
5131,ENSG00000253868
5132,ENSG00000101311
5133,ENSG00000073712
5134,ENSG00000149781
5135,ENSG00000182511
5136,ENSG00000090512
5137,ENSG00000163497
5138,ENSG00000149557
5139,ENSG00000171055
5140,ENSG00000128610
5141,ENSG00000230316
5142,ENSG00000153266
5143,ENSG00000126266
5144,ENSG00000126262
5145,ENSG00000185897
5146,ENSG00000186188
5147,ENSG00000171560
5148,ENSG00000171564
5149,ENSG00000102302
5150,ENSG00000146192
5151,ENSG00000127084
5152,ENSG00000139132
5153,ENSG00000154783
5154,ENSG00000225733
5155,ENSG00000180263
5156,ENSG00000113578
5157,ENSG00000070193
5158,ENSG00000248464
5159,ENSG00000114279
5160,ENSG00000230126
5161,ENSG00000226709
5162,ENSG00000129682
5163,ENSG00000226031
5164,ENSG00000102466
5165,ENSG00000272143
5166,ENSG00000196468
5167,ENSG00000158815
5168,ENSG00000156427
5169,ENSG00000162344
5170,ENSG00000138685
5171,ENSG00000078579
5172,ENSG00000105550
5173,ENSG00000070388
5174,ENSG00000118972
5175,ENSG00000186895
5176,ENSG00000138675
5177,ENSG00000140285
5178,ENSG00000107831
5179,ENSG00000102678
5180,ENSG00000137440
5181,ENSG00000137441
5182,ENSG00000174721
5183,ENSG00000077782
5184,ENSG00000111790
5185,ENSG00000066468
5186,ENSG00000068078
5187,ENSG00000160867
5188,ENSG00000127418
5189,ENSG00000171557
5190,ENSG00000172456
5191,ENSG00000104760
5192,ENSG00000127951
5193,ENSG00000000938
5194,ENSG00000091483
5195,ENSG00000142621
5196,ENSG00000137460
5197,ENSG00000189283
5198,ENSG00000022267
5199,ENSG00000115641
5200,ENSG00000183386
5201,ENSG00000112214
5202,ENSG00000135723
5203,ENSG00000134775
5204,ENSG00000130720
5205,ENSG00000176971
5206,ENSG00000172500
5207,ENSG00000198855
5208,ENSG00000112367
5209,ENSG00000183733
5210,ENSG00000182263
5211,ENSG00000132436
5212,ENSG00000118407
5213,ENSG00000168386
5214,ENSG00000145216
5215,ENSG00000213468
5216,ENSG00000214253
5217,ENSG00000197296
5218,ENSG00000179943
5219,ENSG00000179431
5220,ENSG00000141756
5221,ENSG00000134285
5222,ENSG00000106080
5223,ENSG00000119321
5224,ENSG00000088832
5225,ENSG00000119782
5226,ENSG00000198225
5227,ENSG00000173486
5228,ENSG00000100442
5229,ENSG00000004478
5230,ENSG00000096060
5231,ENSG00000077800
5232,ENSG00000079150
5233,ENSG00000105701
5234,ENSG00000122642
5235,ENSG00000181027
5236,ENSG00000106692
5237,ENSG00000160688
5238,ENSG00000154803
5239,ENSG00000143631
5240,ENSG00000143520
5241,ENSG00000151702
5242,ENSG00000177731
5243,ENSG00000249388
5244,ENSG00000177340
5245,ENSG00000275620
5246,ENSG00000276399
5247,ENSG00000183470
5248,ENSG00000196924
5249,ENSG00000136068
5250,ENSG00000244161
5251,ENSG00000128591
5252,ENSG00000132589
5253,ENSG00000126500
5254,ENSG00000185070
5255,ENSG00000125848
5256,ENSG00000102755
5257,ENSG00000122025
5258,ENSG00000090554
5259,ENSG00000037280
5260,ENSG00000162769
5261,ENSG00000119686
5262,ENSG00000059122
5263,ENSG00000162076
5264,ENSG00000248905
5265,ENSG00000155816
5266,ENSG00000184922
5267,ENSG00000157827
5268,ENSG00000161791
5269,ENSG00000010932
5270,ENSG00000094963
5271,ENSG00000007933
5272,ENSG00000076258
5273,ENSG00000131781
5274,ENSG00000122176
5275,ENSG00000102081
5276,ENSG00000176988
5277,ENSG00000115414
5278,ENSG00000167363
5279,ENSG00000141560
5280,ENSG00000187239
5281,ENSG00000137942
5282,ENSG00000164694
5283,ENSG00000102531
5284,ENSG00000075420
5285,ENSG00000115226
5286,ENSG00000160097
5287,ENSG00000143107
5288,ENSG00000073598
5289,ENSG00000172568
5290,ENSG00000217128
5291,ENSG00000052795
5292,ENSG00000168522
5293,ENSG00000257365
5294,ENSG00000188352
5295,ENSG00000227071
5296,ENSG00000086205
5297,ENSG00000110195
5298,ENSG00000165457
5299,ENSG00000110203
5300,ENSG00000170345
5301,ENSG00000125740
5302,ENSG00000175592
5303,ENSG00000075426
5304,ENSG00000129514
5305,ENSG00000125798
5306,ENSG00000170608
5307,ENSG00000171956
5308,ENSG00000204612
5309,ENSG00000054598
5310,ENSG00000176692
5311,ENSG00000251493
5312,ENSG00000186564
5313,ENSG00000237424
5314,ENSG00000187140
5315,ENSG00000230798
5316,ENSG00000170122
5317,ENSG00000184492
5318,ENSG00000187559
5319,ENSG00000184659
5320,ENSG00000204779
5321,ENSG00000273514
5322,ENSG00000178919
5323,ENSG00000186790
5324,ENSG00000103241
5325,ENSG00000137273
5326,ENSG00000176165
5327,ENSG00000160973
5328,ENSG00000168269
5329,ENSG00000186766
5330,ENSG00000214336
5331,ENSG00000129654
5332,ENSG00000065970
5333,ENSG00000198815
5334,ENSG00000164916
5335,ENSG00000141568
5336,ENSG00000176678
5337,ENSG00000183770
5338,ENSG00000206262
5339,ENSG00000111206
5340,ENSG00000109101
5341,ENSG00000170802
5342,ENSG00000053254
5343,ENSG00000258920
5344,ENSG00000259073
5345,ENSG00000139445
5346,ENSG00000150907
5347,ENSG00000118689
5348,ENSG00000184481
5349,ENSG00000204060
5350,ENSG00000114861
5351,ENSG00000244203
5352,ENSG00000128573
5353,ENSG00000049768
5354,ENSG00000137166
5355,ENSG00000234753
5356,ENSG00000164379
5357,ENSG00000176302
5358,ENSG00000189299
5359,ENSG00000110074
5360,ENSG00000100350
5361,ENSG00000179772
5362,ENSG00000136877
5363,ENSG00000254685
5364,ENSG00000259030
5365,ENSG00000171051
5366,ENSG00000171049
5367,ENSG00000187474
5368,ENSG00000148690
5369,ENSG00000138759
5370,ENSG00000165879
5371,ENSG00000181274
5372,ENSG00000164946
5373,ENSG00000150893
5374,ENSG00000183090
5375,ENSG00000225899
5376,ENSG00000172969
5377,ENSG00000111816
5378,ENSG00000153303
5379,ENSG00000172159
5380,ENSG00000151474
5381,ENSG00000114541
5382,ENSG00000171877
5383,ENSG00000139926
5384,ENSG00000258537
5385,ENSG00000165694
5386,ENSG00000126391
5387,ENSG00000070601
5388,ENSG00000170324
5389,ENSG00000147234
5390,ENSG00000169933
5391,ENSG00000156869
5392,ENSG00000260230
5393,ENSG00000166225
5394,ENSG00000137218
5395,ENSG00000073910
5396,ENSG00000075539
5397,ENSG00000162998
5398,ENSG00000265817
5399,ENSG00000189139
5400,ENSG00000075618
5401,ENSG00000186765
5402,ENSG00000106328
5403,ENSG00000105255
5404,ENSG00000106701
5405,ENSG00000186628
5406,ENSG00000170820
5407,ENSG00000150667
5408,ENSG00000188738
5409,ENSG00000231646
5410,ENSG00000134363
5411,ENSG00000163430
5412,ENSG00000070404
5413,ENSG00000053108
5414,ENSG00000168843
5415,ENSG00000237338
5416,ENSG00000226124
5417,ENSG00000167996
5418,ENSG00000132446
5419,ENSG00000087086
5420,ENSG00000181867
5421,ENSG00000140718
5422,ENSG00000068438
5423,ENSG00000108592
5424,ENSG00000230590
5425,ENSG00000162613
5426,ENSG00000107164
5427,ENSG00000179163
5428,ENSG00000001036
5429,ENSG00000069509
5430,ENSG00000165775
5431,ENSG00000148803
5432,ENSG00000140564
5433,ENSG00000089280
5434,ENSG00000174951
5435,ENSG00000176920
5436,ENSG00000171124
5437,ENSG00000196371
5438,ENSG00000130383
5439,ENSG00000156413
5440,ENSG00000180549
5441,ENSG00000033170
5442,ENSG00000172461
5443,ENSG00000010361
5444,ENSG00000165060
5445,ENSG00000114416
5446,ENSG00000129245
5447,ENSG00000266964
5448,ENSG00000137731
5449,ENSG00000089356
5450,ENSG00000150201
5451,ENSG00000089327
5452,ENSG00000137726
5453,ENSG00000255245
5454,ENSG00000221946
5455,ENSG00000163820
5456,ENSG00000010810
5457,ENSG00000122068
5458,ENSG00000157240
5459,ENSG00000111432
5460,ENSG00000180340
5461,ENSG00000104290
5462,ENSG00000174804
5463,ENSG00000163251
5464,ENSG00000164930
5465,ENSG00000155760
5466,ENSG00000177283
5467,ENSG00000188763
5468,ENSG00000105325
5469,ENSG00000123689
5470,ENSG00000092140
5471,ENSG00000145907
5472,ENSG00000138757
5473,ENSG00000152254
5474,ENSG00000141349
5475,ENSG00000160211
5476,ENSG00000171298
5477,ENSG00000109458
5478,ENSG00000033327
5479,ENSG00000160219
5480,ENSG00000170296
5481,ENSG00000139112
5482,ENSG00000034713
5483,ENSG00000204681
5484,ENSG00000136928
5485,ENSG00000154727
5486,ENSG00000104064
5487,ENSG00000143458
5488,ENSG00000022355
5489,ENSG00000151834
5490,ENSG00000011677
5491,ENSG00000109158
5492,ENSG00000186297
5493,ENSG00000145863
5494,ENSG00000163288
5495,ENSG00000145864
5496,ENSG00000166206
5497,ENSG00000187730
5498,ENSG00000102287
5499,ENSG00000163285
5500,ENSG00000113327
5501,ENSG00000182256
5502,ENSG00000094755
5503,ENSG00000268089
5504,ENSG00000146276
5505,ENSG00000111886
5506,ENSG00000183185
5507,ENSG00000265962
5508,ENSG00000236289
5509,ENSG00000128683
5510,ENSG00000136750
5511,ENSG00000116717
5512,ENSG00000099860
5513,ENSG00000130222
5514,ENSG00000179271
5515,ENSG00000144644
5516,ENSG00000215274
5517,ENSG00000216649
5518,ENSG00000224902
5519,ENSG00000224659
5520,ENSG00000274274
5521,ENSG00000189064
5522,ENSG00000178950
5523,ENSG00000069482
5524,ENSG00000128242
5525,ENSG00000175229
5526,ENSG00000197093
5527,ENSG00000054983
5528,ENSG00000117308
5529,ENSG00000108479
5530,ENSG00000156958
5531,ENSG00000143891
5532,ENSG00000141012
5533,ENSG00000141429
5534,ENSG00000164574
5535,ENSG00000178234
5536,ENSG00000119514
5537,ENSG00000144278
5538,ENSG00000158089
5539,ENSG00000131386
5540,ENSG00000100626
5541,ENSG00000110328
5542,ENSG00000143641
5543,ENSG00000115339
5544,ENSG00000257594
5545,ENSG00000136542
5546,ENSG00000139629
5547,ENSG00000109586
5548,ENSG00000130035
5549,ENSG00000106648
5550,ENSG00000174473
5551,ENSG00000197487
5552,ENSG00000166573
5553,ENSG00000182687
5554,ENSG00000128310
5555,ENSG00000213930
5556,ENSG00000130005
5557,ENSG00000261609
5558,ENSG00000089597
5559,ENSG00000214013
5560,ENSG00000172020
5561,ENSG00000111640
5562,ENSG00000105679
5563,ENSG00000266835
5564,ENSG00000175857
5565,ENSG00000165219
5566,ENSG00000109534
5567,ENSG00000141441
5568,ENSG00000157833
5569,ENSG00000136895
5570,ENSG00000180447
5571,ENSG00000226237
5572,ENSG00000148935
5573,ENSG00000185340
5574,ENSG00000270765
5575,ENSG00000139354
5576,ENSG00000183087
5577,ENSG00000007237
5578,ENSG00000221819
5579,ENSG00000184502
5580,ENSG00000102145
5581,ENSG00000179348
5582,ENSG00000107485
5583,ENSG00000197308
5584,ENSG00000130700
5585,ENSG00000141448
5586,ENSG00000266010
5587,ENSG00000157259
5588,ENSG00000167491
5589,ENSG00000059691
5590,ENSG00000257218
5591,ENSG00000171766
5592,ENSG00000070610
5593,ENSG00000114480
5594,ENSG00000107862
5595,ENSG00000148288
5596,ENSG00000117228
5597,ENSG00000162645
5598,ENSG00000117226
5599,ENSG00000162654
5600,ENSG00000154451
5601,ENSG00000183347
5602,ENSG00000213512
5603,ENSG00000164900
5604,ENSG00000168505
5605,ENSG00000145321
5606,ENSG00000115271
5607,ENSG00000100116
5608,ENSG00000179562
5609,ENSG00000135968
5610,ENSG00000214184
5611,ENSG00000105607
5612,ENSG00000005436
5613,ENSG00000115263
5614,ENSG00000131979
5615,ENSG00000137880
5616,ENSG00000106633
5617,ENSG00000084734
5618,ENSG00000001084
5619,ENSG00000023909
5620,ENSG00000137270
5621,ENSG00000124827
5622,ENSG00000089154
5623,ENSG00000187210
5624,ENSG00000111846
5625,ENSG00000140297
5626,ENSG00000176928
5627,ENSG00000124091
5628,ENSG00000137878
5629,ENSG00000169224
5630,ENSG00000140905
5631,ENSG00000119125
5632,ENSG00000104381
5633,ENSG00000124194
5634,ENSG00000196505
5635,ENSG00000006007
5636,ENSG00000266524
5637,ENSG00000135414
5638,ENSG00000130513
5639,ENSG00000184344
5640,ENSG00000125965
5641,ENSG00000156466
5642,ENSG00000143869
5643,ENSG00000164404
5644,ENSG00000203879
5645,ENSG00000057608
5646,ENSG00000168621
5647,ENSG00000153982
5648,ENSG00000130055
5649,ENSG00000102886
5650,ENSG00000178795
5651,ENSG00000158555
5652,ENSG00000183208
5653,ENSG00000164949
5654,ENSG00000092208
5655,ENSG00000179409
5656,ENSG00000082516
5657,ENSG00000152147
5658,ENSG00000142252
5659,ENSG00000046647
5660,ENSG00000178295
5661,ENSG00000239857
5662,ENSG00000131095
5663,ENSG00000127554
5664,ENSG00000162676
5665,ENSG00000165702
5666,ENSG00000168827
5667,ENSG00000164347
5668,ENSG00000145990
5669,ENSG00000141098
5670,ENSG00000198380
5671,ENSG00000131459
5672,ENSG00000151892
5673,ENSG00000168546
5674,ENSG00000146013
5675,ENSG00000125861
5676,ENSG00000187871
5677,ENSG00000261949
5678,ENSG00000100083
5679,ENSG00000103365
5680,ENSG00000125447
5681,ENSG00000134864
5682,ENSG00000006625
5683,ENSG00000115486
5684,ENSG00000137563
5685,ENSG00000179168
5686,ENSG00000152904
5687,ENSG00000100031
5688,ENSG00000099998
5689,ENSG00000167741
5690,ENSG00000131067
5691,ENSG00000149435
5692,ENSG00000100121
5693,ENSG00000274252
5694,ENSG00000259384
5695,ENSG00000136487
5696,ENSG00000167925
5697,ENSG00000281189
5698,ENSG00000165678
5699,ENSG00000112964
5700,ENSG00000118702
5701,ENSG00000106128
5702,ENSG00000157017
5703,ENSG00000240288
5704,ENSG00000121853
5705,ENSG00000141034
5706,ENSG00000101193
5707,ENSG00000146830
5708,ENSG00000204120
5709,ENSG00000213203
5710,ENSG00000106560
5711,ENSG00000133574
5712,ENSG00000196329
5713,ENSG00000133561
5714,ENSG00000179144
5715,ENSG00000171115
5716,ENSG00000145723
5717,ENSG00000055211
5718,ENSG00000101003
5719,ENSG00000131153
5720,ENSG00000181938
5721,ENSG00000147536
5722,ENSG00000159224
5723,ENSG00000123159
5724,ENSG00000137960
5725,ENSG00000179855
5726,ENSG00000010310
5727,ENSG00000108262
5728,ENSG00000139436
5729,ENSG00000152661
5730,ENSG00000121743
5731,ENSG00000187513
5732,ENSG00000265107
5733,ENSG00000121634
5734,ENSG00000131233
5735,ENSG00000169562
5736,ENSG00000165474
5737,ENSG00000188910
5738,ENSG00000189433
5739,ENSG00000189280
5740,ENSG00000121742
5741,ENSG00000164411
5742,ENSG00000182963
5743,ENSG00000198835
5744,ENSG00000176402
5745,ENSG00000159248
5746,ENSG00000183153
5747,ENSG00000177291
5748,ENSG00000198814
5749,ENSG00000175066
5750,ENSG00000165113
5751,ENSG00000169605
5752,ENSG00000183607
5753,ENSG00000102393
5754,ENSG00000170266
5755,ENSG00000163521
5756,ENSG00000149328
5757,ENSG00000166105
5758,ENSG00000106415
5759,ENSG00000138604
5760,ENSG00000178445
5761,ENSG00000186417
5762,ENSG00000119392
5763,ENSG00000090863
5764,ENSG00000111087
5765,ENSG00000074047
5766,ENSG00000106571
5767,ENSG00000250571
5768,ENSG00000278175
5769,ENSG00000139278
5770,ENSG00000173401
5771,ENSG00000180481
5772,ENSG00000122694
5773,ENSG00000174332
5774,ENSG00000126603
5775,ENSG00000262686
5776,ENSG00000107249
5777,ENSG00000237009
5778,ENSG00000174842
5779,ENSG00000198715
5780,ENSG00000124767
5781,ENSG00000167699
5782,ENSG00000171433
5783,ENSG00000112164
5784,ENSG00000065325
5785,ENSG00000145888
5786,ENSG00000101958
5787,ENSG00000145451
5788,ENSG00000109738
5789,ENSG00000173221
5790,ENSG00000023572
5791,ENSG00000108010
5792,ENSG00000182512
5793,ENSG00000115419
5794,ENSG00000135423
5795,ENSG00000151948
5796,ENSG00000016864
5797,ENSG00000120820
5798,ENSG00000139433
5799,ENSG00000182327
5800,ENSG00000148672
5801,ENSG00000135821
5802,ENSG00000149124
5803,ENSG00000166840
5804,ENSG00000156689
5805,ENSG00000203972
5806,ENSG00000168237
5807,ENSG00000140632
5808,ENSG00000196743
5809,ENSG00000087338
5810,ENSG00000112699
5811,ENSG00000162419
5812,ENSG00000101216
5813,ENSG00000197045
5814,ENSG00000089639
5815,ENSG00000104499
5816,ENSG00000205835
5817,ENSG00000112312
5818,ENSG00000144591
5819,ENSG00000173540
5820,ENSG00000137198
5821,ENSG00000100938
5822,ENSG00000163655
5823,ENSG00000088256
5824,ENSG00000146535
5825,ENSG00000120063
5826,ENSG00000156049
5827,ENSG00000231373
5828,ENSG00000060558
5829,ENSG00000127955
5830,ENSG00000114353
5831,ENSG00000065135
5832,ENSG00000141404
5833,ENSG00000087258
5834,ENSG00000156052
5835,ENSG00000087460
5836,ENSG00000235590
5837,ENSG00000114349
5838,ENSG00000134183
5839,ENSG00000214415
5840,ENSG00000128266
5841,ENSG00000078369
5842,ENSG00000185838
5843,ENSG00000172354
5844,ENSG00000111664
5845,ENSG00000114450
5846,ENSG00000069966
5847,ENSG00000159921
5848,ENSG00000242616
5849,ENSG00000127920
5850,ENSG00000172380
5851,ENSG00000232284
5852,ENSG00000127588
5853,ENSG00000186469
5854,ENSG00000162188
5855,ENSG00000168243
5856,ENSG00000174021
5857,ENSG00000176533
5858,ENSG00000167414
5859,ENSG00000127928
5860,ENSG00000167083
5861,ENSG00000134697
5862,ENSG00000163938
5863,ENSG00000130119
5864,ENSG00000115523
5865,ENSG00000124713
5866,ENSG00000116906
5867,ENSG00000113552
5868,ENSG00000163281
5869,ENSG00000100522
5870,ENSG00000111670
5871,ENSG00000090581
5872,ENSG00000147437
5873,ENSG00000125787
5874,ENSG00000135677
5875,ENSG00000136935
5876,ENSG00000167110
5877,ENSG00000090615
5878,ENSG00000144674
5879,ENSG00000066455
5880,ENSG00000159289
5881,ENSG00000215186
5882,ENSG00000140478
5883,ENSG00000174450
5884,ENSG00000184206
5885,ENSG00000197978
5886,ENSG00000147533
5887,ENSG00000155265
5888,ENSG00000215252
5889,ENSG00000261794
5890,ENSG00000249931
5891,ENSG00000188626
5892,ENSG00000206127
5893,ENSG00000186399
5894,ENSG00000261739
5895,ENSG00000173230
5896,ENSG00000173905
5897,ENSG00000135052
5898,ENSG00000113384
5899,ENSG00000143457
5900,ENSG00000174567
5901,ENSG00000111711
5902,ENSG00000116580
5903,ENSG00000047932
5904,ENSG00000120370
5905,ENSG00000114745
5906,ENSG00000115806
5907,ENSG00000108587
5908,ENSG00000108433
5909,ENSG00000120053
5910,ENSG00000169154
5911,ENSG00000125166
5912,ENSG00000185245
5913,ENSG00000169347
5914,ENSG00000178732
5915,ENSG00000169704
5916,ENSG00000143167
5917,ENSG00000197858
5918,ENSG00000133114
5919,ENSG00000119927
5920,ENSG00000186281
5921,ENSG00000138678
5922,ENSG00000158669
5923,ENSG00000076650
5924,ENSG00000152133
5925,ENSG00000092978
5926,ENSG00000089916
5927,ENSG00000198746
5928,ENSG00000160818
5929,ENSG00000186566
5930,ENSG00000179921
5931,ENSG00000062194
5932,ENSG00000159592
5933,ENSG00000063660
5934,ENSG00000213420
5935,ENSG00000147257
5936,ENSG00000076716
5937,ENSG00000179399
5938,ENSG00000235984
5939,ENSG00000183098
5940,ENSG00000125772
5941,ENSG00000167588
5942,ENSG00000152642
5943,ENSG00000115159
5944,ENSG00000164850
5945,ENSG00000149735
5946,ENSG00000171723
5947,ENSG00000105220
5948,ENSG00000277494
5949,ENSG00000068394
5950,ENSG00000112293
5951,ENSG00000150625
5952,ENSG00000046653
5953,ENSG00000198522
5954,ENSG00000142751
5955,ENSG00000111231
5956,ENSG00000136235
5957,ENSG00000148358
5958,ENSG00000125734
5959,ENSG00000132975
5960,ENSG00000183484
5961,ENSG00000181619
5962,ENSG00000173264
5963,ENSG00000077585
5964,ENSG00000180998
5965,ENSG00000187037
5966,ENSG00000257008
5967,ENSG00000101850
5968,ENSG00000164849
5969,ENSG00000174948
5970,ENSG00000154165
5971,ENSG00000178015
5972,ENSG00000175514
5973,ENSG00000158292
5974,ENSG00000163328
5975,ENSG00000175697
5976,ENSG00000180758
5977,ENSG00000151025
5978,ENSG00000233642
5979,ENSG00000173890
5980,ENSG00000143147
5981,ENSG00000250510
5982,ENSG00000144230
5983,ENSG00000174946
5984,ENSG00000184194
5985,ENSG00000147138
5986,ENSG00000166073
5987,ENSG00000277399
5988,ENSG00000125245
5989,ENSG00000152749
5990,ENSG00000169508
5991,ENSG00000183150
5992,ENSG00000188394
5993,ENSG00000170128
5994,ENSG00000154478
5995,ENSG00000170837
5996,ENSG00000181773
5997,ENSG00000120436
5998,ENSG00000171659
5999,ENSG00000178623
6000,ENSG00000170775
6001,ENSG00000170075
6002,ENSG00000183840
6003,ENSG00000177464
6004,ENSG00000126251
6005,ENSG00000102195
6006,ENSG00000234696
6007,ENSG00000203737
6008,ENSG00000135898
6009,ENSG00000146360
6010,ENSG00000156097
6011,ENSG00000180929
6012,ENSG00000112218
6013,ENSG00000140030
6014,ENSG00000119714
6015,ENSG00000119737
6016,ENSG00000155269
6017,ENSG00000171657
6018,ENSG00000123901
6019,ENSG00000139572
6020,ENSG00000164604
6021,ENSG00000138271
6022,ENSG00000181656
6023,ENSG00000117262
6024,ENSG00000188092
6025,ENSG00000198932
6026,ENSG00000158301
6027,ENSG00000013588
6028,ENSG00000167191
6029,ENSG00000111291
6030,ENSG00000173612
6031,ENSG00000169258
6032,ENSG00000204175
6033,ENSG00000185477
6034,ENSG00000169727
6035,ENSG00000160360
6036,ENSG00000121957
6037,ENSG00000167701
6038,ENSG00000166123
6039,ENSG00000233276
6040,ENSG00000176153
6041,ENSG00000211445
6042,ENSG00000167468
6043,ENSG00000116157
6044,ENSG00000164294
6045,ENSG00000089351
6046,ENSG00000023171
6047,ENSG00000178075
6048,ENSG00000075240
6049,ENSG00000154016
6050,ENSG00000100351
6051,ENSG00000189152
6052,ENSG00000106070
6053,ENSG00000115290
6054,ENSG00000177885
6055,ENSG00000141738
6056,ENSG00000196208
6057,ENSG00000141449
6058,ENSG00000180875
6059,ENSG00000134317
6060,ENSG00000083307
6061,ENSG00000158055
6062,ENSG00000137106
6063,ENSG00000155511
6064,ENSG00000120251
6065,ENSG00000125675
6066,ENSG00000152578
6067,ENSG00000182771
6068,ENSG00000152208
6069,ENSG00000215045
6070,ENSG00000171189
6071,ENSG00000164418
6072,ENSG00000163873
6073,ENSG00000149403
6074,ENSG00000105737
6075,ENSG00000176884
6076,ENSG00000183454
6077,ENSG00000273079
6078,ENSG00000161509
6079,ENSG00000105464
6080,ENSG00000198785
6081,ENSG00000116032
6082,ENSG00000178719
6083,ENSG00000155974
6084,ENSG00000144596
6085,ENSG00000125388
6086,ENSG00000198873
6087,ENSG00000198055
6088,ENSG00000114124
6089,ENSG00000152822
6090,ENSG00000164082
6091,ENSG00000198822
6092,ENSG00000124493
6093,ENSG00000168959
6094,ENSG00000255082
6095,ENSG00000113262
6096,ENSG00000196277
6097,ENSG00000236202
6098,ENSG00000226258
6099,ENSG00000179603
6100,ENSG00000030582
6101,ENSG00000134443
6102,ENSG00000109519
6103,ENSG00000164284
6104,ENSG00000126010
6105,ENSG00000132463
6106,ENSG00000139835
6107,ENSG00000225083
6108,ENSG00000105447
6109,ENSG00000215203
6110,ENSG00000261729
6111,ENSG00000245857
6112,ENSG00000186088
6113,ENSG00000133937
6114,ENSG00000167914
6115,ENSG00000073605
6116,ENSG00000104518
6117,ENSG00000131149
6118,ENSG00000111305
6119,ENSG00000169181
6120,ENSG00000105723
6121,ENSG00000082701
6122,ENSG00000100744
6123,ENSG00000148180
6124,ENSG00000235865
6125,ENSG00000103342
6126,ENSG00000189369
6127,ENSG00000104687
6128,ENSG00000100983
6129,ENSG00000243955
6130,ENSG00000244067
6131,ENSG00000174156
6132,ENSG00000170899
6133,ENSG00000182793
6134,ENSG00000138780
6135,ENSG00000197448
6136,ENSG00000134184
6137,ENSG00000213366
6138,ENSG00000134202
6139,ENSG00000168765
6140,ENSG00000134201
6141,ENSG00000148834
6142,ENSG00000065621
6143,ENSG00000084207
6144,ENSG00000100577
6145,ENSG00000169840
6146,ENSG00000180613
6147,ENSG00000165417
6148,ENSG00000242441
6149,ENSG00000140307
6150,ENSG00000137947
6151,ENSG00000153767
6152,ENSG00000197265
6153,ENSG00000125651
6154,ENSG00000188342
6155,ENSG00000183474
6156,ENSG00000111358
6157,ENSG00000272047
6158,ENSG00000263001
6159,ENSG00000006704
6160,ENSG00000196275
6161,ENSG00000174428
6162,ENSG00000122034
6163,ENSG00000077235
6164,ENSG00000115207
6165,ENSG00000234945
6166,ENSG00000119041
6167,ENSG00000125484
6168,ENSG00000148308
6169,ENSG00000155115
6170,ENSG00000100226
6171,ENSG00000105793
6172,ENSG00000172432
6173,ENSG00000130299
6174,ENSG00000107937
6175,ENSG00000163607
6176,ENSG00000263417
6177,ENSG00000075218
6178,ENSG00000170627
6179,ENSG00000124196
6180,ENSG00000048545
6181,ENSG00000112599
6182,ENSG00000138472
6183,ENSG00000197273
6184,ENSG00000044012
6185,ENSG00000138867
6186,ENSG00000152402
6187,ENSG00000070019
6188,ENSG00000132518
6189,ENSG00000101890
6190,ENSG00000151806
6191,ENSG00000143774
6192,ENSG00000144366
6193,ENSG00000169919
6194,ENSG00000151233
6195,ENSG00000172986
6196,ENSG00000163754
6197,ENSG00000056998
6198,ENSG00000170180
6199,ENSG00000250361
6200,ENSG00000136732
6201,ENSG00000197465
6202,ENSG00000104812
6203,ENSG00000111713
6204,ENSG00000125812
6205,ENSG00000145649
6206,ENSG00000100453
6207,ENSG00000100450
6208,ENSG00000113088
6209,ENSG00000197540
6210,ENSG00000049239
6211,ENSG00000162882
6212,ENSG00000148702
6213,ENSG00000130956
6214,ENSG00000165996
6215,ENSG00000206527
6216,ENSG00000074696
6217,ENSG00000188921
6218,ENSG00000085382
6219,ENSG00000131373
6220,ENSG00000138796
6221,ENSG00000084754
6222,ENSG00000138029
6223,ENSG00000063854
6224,ENSG00000103253
6225,ENSG00000224189
6226,ENSG00000084110
6227,ENSG00000105697
6228,ENSG00000113196
6229,ENSG00000164107
6230,ENSG00000237125
6231,ENSG00000101323
6232,ENSG00000116882
6233,ENSG00000173805
6234,ENSG00000145681
6235,ENSG00000140511
6236,ENSG00000187664
6237,ENSG00000231133
6238,ENSG00000180423
6239,ENSG00000112855
6240,ENSG00000105509
6241,ENSG00000170961
6242,ENSG00000248690
6243,ENSG00000103044
6244,ENSG00000152240
6245,ENSG00000137814
6246,ENSG00000214367
6247,ENSG00000092036
6248,ENSG00000249115
6249,ENSG00000147874
6250,ENSG00000213397
6251,ENSG00000131351
6252,ENSG00000113249
6253,ENSG00000135077
6254,ENSG00000143575
6255,ENSG00000206172
6256,ENSG00000188536
6257,ENSG00000244734
6258,ENSG00000213931
6259,ENSG00000113070
6260,ENSG00000213934
6261,ENSG00000196565
6262,ENSG00000206177
6263,ENSG00000105856
6264,ENSG00000086506
6265,ENSG00000112339
6266,ENSG00000130656
6267,ENSG00000196917
6268,ENSG00000182782
6269,ENSG00000255398
6270,ENSG00000260880
6271,ENSG00000004961
6272,ENSG00000172534
6273,ENSG00000235802
6274,ENSG00000103145
6275,ENSG00000111727
6276,ENSG00000231074
6277,ENSG00000101336
6278,ENSG00000180353
6279,ENSG00000164588
6280,ENSG00000099822
6281,ENSG00000143630
6282,ENSG00000138622
6283,ENSG00000281831
6284,ENSG00000161610
6285,ENSG00000121764
6286,ENSG00000137252
6287,ENSG00000126264
6288,ENSG00000116478
6289,ENSG00000100429
6290,ENSG00000163517
6291,ENSG00000244502
6292,ENSG00000196591
6293,ENSG00000171720
6294,ENSG00000068024
6295,ENSG00000108840
6296,ENSG00000094631
6297,ENSG00000061273
6298,ENSG00000147099
6299,ENSG00000048052
6300,ENSG00000140287
6301,ENSG00000111906
6302,ENSG00000184508
6303,ENSG00000143321
6304,ENSG00000112273
6305,ENSG00000167220
6306,ENSG00000119431
6307,ENSG00000115677
6308,ENSG00000165259
6309,ENSG00000119285
6310,ENSG00000155393
6311,ENSG00000187105
6312,ENSG00000129493
6313,ENSG00000008869
6314,ENSG00000068097
6315,ENSG00000013583
6316,ENSG00000051620
6317,ENSG00000112406
6318,ENSG00000092148
6319,ENSG00000165338
6320,ENSG00000126107
6321,ENSG00000173064
6322,ENSG00000002746
6323,ENSG00000138411
6324,ENSG00000173706
6325,ENSG00000127311
6326,ENSG00000119969
6327,ENSG00000163312
6328,ENSG00000187821
6329,ENSG00000198265
6330,ENSG00000130589
6331,ENSG00000136929
6332,ENSG00000114735
6333,ENSG00000162639
6334,ENSG00000165478
6335,ENSG00000188175
6336,ENSG00000089472
6337,ENSG00000181333
6338,ENSG00000221932
6339,ENSG00000103657
6340,ENSG00000148634
6341,ENSG00000138646
6342,ENSG00000138642
6343,ENSG00000051108
6344,ENSG00000122557
6345,ENSG00000114315
6346,ENSG00000069812
6347,ENSG00000188290
6348,ENSG00000197921
6349,ENSG00000144485
6350,ENSG00000179111
6351,ENSG00000163666
6352,ENSG00000213614
6353,ENSG00000260339
6354,ENSG00000049860
6355,ENSG00000186834
6356,ENSG00000168517
6357,ENSG00000164683
6358,ENSG00000135547
6359,ENSG00000163909
6360,ENSG00000010704
6361,ENSG00000162669
6362,ENSG00000113924
6363,ENSG00000019991
6364,ENSG00000109758
6365,ENSG00000235173
6366,ENSG00000185359
6367,ENSG00000165102
6368,ENSG00000054392
6369,ENSG00000010282
6370,ENSG00000230970
6371,ENSG00000152804
6372,ENSG00000164161
6373,ENSG00000248890
6374,ENSG00000182218
6375,ENSG00000143512
6376,ENSG00000132297
6377,ENSG00000114455
6378,ENSG00000106049
6379,ENSG00000198130
6380,ENSG00000177374
6381,ENSG00000169635
6382,ENSG00000167861
6383,ENSG00000263586
6384,ENSG00000100644
6385,ENSG00000166135
6386,ENSG00000124440
6387,ENSG00000181061
6388,ENSG00000131097
6389,ENSG00000214511
6390,ENSG00000146066
6391,ENSG00000175202
6392,ENSG00000135245
6393,ENSG00000172273
6394,ENSG00000169567
6395,ENSG00000137133
6396,ENSG00000111911
6397,ENSG00000127946
6398,ENSG00000130787
6399,ENSG00000163349
6400,ENSG00000235527
6401,ENSG00000064393
6402,ENSG00000110422
6403,ENSG00000160396
6404,ENSG00000100084
6405,ENSG00000149929
6406,ENSG00000095951
6407,ENSG00000010818
6408,ENSG00000127124
6409,ENSG00000123485
6410,ENSG00000156515
6411,ENSG00000159399
6412,ENSG00000160883
6413,ENSG00000156510
6414,ENSG00000204525
6415,ENSG00000242574
6416,ENSG00000196735
6417,ENSG00000204287
6418,ENSG00000198502
6419,ENSG00000204592
6420,ENSG00000159267
6421,ENSG00000108924
6422,ENSG00000071794
6423,ENSG00000136630
6424,ENSG00000257551
6425,ENSG00000101294
6426,ENSG00000230613
6427,ENSG00000147421
6428,ENSG00000256269
6429,ENSG00000183624
6430,ENSG00000143341
6431,ENSG00000148357
6432,ENSG00000140382
6433,ENSG00000064961
6434,ENSG00000137309
6435,ENSG00000149948
6436,ENSG00000189403
6437,ENSG00000164104
6438,ENSG00000029993
6439,ENSG00000176256
6440,ENSG00000117305
6441,ENSG00000146151
6442,ENSG00000113161
6443,ENSG00000112972
6444,ENSG00000134240
6445,ENSG00000205581
6446,ENSG00000198830
6447,ENSG00000118418
6448,ENSG00000270362
6449,ENSG00000198157
6450,ENSG00000113716
6451,ENSG00000100281
6452,ENSG00000158497
6453,ENSG00000072571
6454,ENSG00000100292
6455,ENSG00000103415
6456,ENSG00000221887
6457,ENSG00000215612
6458,ENSG00000188816
6459,ENSG00000188620
6460,ENSG00000135100
6461,ENSG00000275410
6462,ENSG00000101076
6463,ENSG00000229005
6464,ENSG00000164749
6465,ENSG00000150540
6466,ENSG00000177733
6467,ENSG00000135486
6468,ENSG00000139675
6469,ENSG00000122566
6470,ENSG00000170144
6471,ENSG00000197451
6472,ENSG00000092199
6473,ENSG00000277058
6474,ENSG00000138668
6475,ENSG00000152795
6476,ENSG00000169813
6477,ENSG00000126945
6478,ENSG00000096746
6479,ENSG00000165119
6480,ENSG00000143889
6481,ENSG00000099783
6482,ENSG00000153187
6483,ENSG00000105323
6484,ENSG00000214753
6485,ENSG00000234857
6486,ENSG00000241935
6487,ENSG00000152413
6488,ENSG00000103942
6489,ENSG00000051128
6490,ENSG00000134709
6491,ENSG00000095066
6492,ENSG00000168172
6493,ENSG00000171476
6494,ENSG00000143452
6495,ENSG00000176635
6496,ENSG00000227117
6497,ENSG00000228630
6498,ENSG00000233429
6499,ENSG00000254369
6500,ENSG00000105991
6501,ENSG00000253293
6502,ENSG00000253187
6503,ENSG00000005073
6504,ENSG00000240990
6505,ENSG00000106031
6506,ENSG00000105996
6507,ENSG00000105997
6508,ENSG00000197576
6509,ENSG00000106004
6510,ENSG00000106006
6511,ENSG00000122592
6512,ENSG00000078399
6513,ENSG00000230148
6514,ENSG00000233101
6515,ENSG00000242207
6516,ENSG00000120094
6517,ENSG00000159184
6518,ENSG00000173917
6519,ENSG00000120093
6520,ENSG00000182742
6521,ENSG00000120075
6522,ENSG00000108511
6523,ENSG00000260027
6524,ENSG00000120068
6525,ENSG00000170689
6526,ENSG00000250451
6527,ENSG00000180818
6528,ENSG00000123388
6529,ENSG00000123407
6530,ENSG00000123364
6531,ENSG00000249641
6532,ENSG00000198353
6533,ENSG00000172789
6534,ENSG00000197757
6535,ENSG00000037965
6536,ENSG00000180806
6537,ENSG00000128645
6538,ENSG00000128710
6539,ENSG00000128713
6540,ENSG00000128714
6541,ENSG00000128652
6542,ENSG00000170166
6543,ENSG00000175879
6544,ENSG00000128709
6545,ENSG00000257017
6546,ENSG00000127483
6547,ENSG00000121905
6548,ENSG00000115756
6549,ENSG00000116983
6550,ENSG00000158104
6551,ENSG00000186603
6552,ENSG00000164120
6553,ENSG00000163106
6554,ENSG00000105707
6555,ENSG00000227392
6556,ENSG00000261701
6557,ENSG00000165704
6558,ENSG00000107521
6559,ENSG00000163755
6560,ENSG00000100099
6561,ENSG00000110756
6562,ENSG00000166189
6563,ENSG00000173083
6564,ENSG00000172987
6565,ENSG00000110169
6566,ENSG00000168453
6567,ENSG00000234520
6568,ENSG00000130528
6569,ENSG00000196196
6570,ENSG00000113905
6571,ENSG00000196639
6572,ENSG00000113749
6573,ENSG00000101180
6574,ENSG00000134489
6575,ENSG00000135116
6576,ENSG00000197915
6577,ENSG00000118960
6578,ENSG00000153936
6579,ENSG00000002587
6580,ENSG00000122254
6581,ENSG00000153976
6582,ENSG00000125430
6583,ENSG00000182601
6584,ENSG00000249853
6585,ENSG00000136720
6586,ENSG00000171004
6587,ENSG00000185352
6588,ENSG00000230989
6589,ENSG00000226742
6590,ENSG00000100209
6591,ENSG00000117594
6592,ENSG00000167733
6593,ENSG00000176387
6594,ENSG00000108786
6595,ENSG00000072506
6596,ENSG00000198189
6597,ENSG00000149084
6598,ENSG00000170509
6599,ENSG00000087076
6600,ENSG00000086696
6601,ENSG00000130948
6602,ENSG00000133835
6603,ENSG00000025423
6604,ENSG00000132196
6605,ENSG00000203857
6606,ENSG00000203859
6607,ENSG00000099377
6608,ENSG00000103160
6609,ENSG00000119471
6610,ENSG00000025156
6611,ENSG00000160207
6612,ENSG00000102878
6613,ENSG00000176160
6614,ENSG00000171116
6615,ENSG00000169953
6616,ENSG00000196684
6617,ENSG00000080824
6618,ENSG00000096384
6619,ENSG00000166598
6620,ENSG00000165868
6621,ENSG00000132622
6622,ENSG00000155304
6623,ENSG00000187522
6624,ENSG00000126803
6625,ENSG00000170606
6626,ENSG00000164070
6627,ENSG00000044574
6628,ENSG00000173110
6629,ENSG00000109971
6630,ENSG00000113013
6631,ENSG00000106211
6632,ENSG00000170276
6633,ENSG00000254445
6634,ENSG00000169271
6635,ENSG00000004776
6636,ENSG00000173641
6637,ENSG00000152137
6638,ENSG00000260325
6639,ENSG00000169087
6640,ENSG00000133265
6641,ENSG00000144381
6642,ENSG00000115541
6643,ENSG00000270757
6644,ENSG00000142798
6645,ENSG00000120694
6646,ENSG00000109854
6647,ENSG00000102241
6648,ENSG00000126550
6649,ENSG00000135312
6650,ENSG00000179546
6651,ENSG00000168830
6652,ENSG00000179097
6653,ENSG00000102468
6654,ENSG00000224517
6655,ENSG00000135914
6656,ENSG00000147246
6657,ENSG00000166736
6658,ENSG00000149305
6659,ENSG00000178084
6660,ENSG00000186090
6661,ENSG00000186038
6662,ENSG00000238020
6663,ENSG00000164270
6664,ENSG00000157219
6665,ENSG00000158748
6666,ENSG00000148680
6667,ENSG00000166033
6668,ENSG00000115317
6669,ENSG00000170801
6670,ENSG00000169495
6671,ENSG00000197386
6672,ENSG00000251075
6673,ENSG00000142149
6674,ENSG00000136273
6675,ENSG00000188996
6676,ENSG00000086758
6677,ENSG00000122986
6678,ENSG00000114378
6679,ENSG00000068001
6680,ENSG00000186792
6681,ENSG00000106302
6682,ENSG00000157423
6683,ENSG00000178922
6684,ENSG00000229348
6685,ENSG00000188266
6686,ENSG00000198331
6687,ENSG00000242028
6688,ENSG00000134330
6689,ENSG00000121351
6690,ENSG00000067704
6691,ENSG00000181873
6692,ENSG00000029559
6693,ENSG00000005700
6694,ENSG00000003147
6695,ENSG00000163596
6696,ENSG00000090339
6697,ENSG00000108622
6698,ENSG00000076662
6699,ENSG00000105371
6700,ENSG00000105376
6701,ENSG00000164151
6702,ENSG00000128915
6703,ENSG00000116237
6704,ENSG00000163600
6705,ENSG00000160223
6706,ENSG00000125968
6707,ENSG00000115738
6708,ENSG00000235092
6709,ENSG00000117318
6710,ENSG00000172201
6711,ENSG00000119912
6712,ENSG00000138413
6713,ENSG00000231908
6714,ENSG00000182054
6715,ENSG00000166411
6716,ENSG00000101365
6717,ENSG00000067829
6718,ENSG00000067064
6719,ENSG00000148377
6720,ENSG00000232656
6721,ENSG00000148057
6722,ENSG00000131203
6723,ENSG00000188676
6724,ENSG00000010404
6725,ENSG00000127415
6726,ENSG00000160888
6727,ENSG00000134049
6728,ENSG00000162783
6729,ENSG00000188483
6730,ENSG00000010295
6731,ENSG00000169991
6732,ENSG00000163565
6733,ENSG00000119632
6734,ENSG00000216490
6735,ENSG00000068079
6736,ENSG00000137965
6737,ENSG00000137959
6738,ENSG00000126709
6739,ENSG00000115267
6740,ENSG00000185745
6741,ENSG00000204010
6742,ENSG00000119922
6743,ENSG00000119917
6744,ENSG00000152778
6745,ENSG00000185885
6746,ENSG00000244242
6747,ENSG00000185201
6748,ENSG00000142089
6749,ENSG00000206013
6750,ENSG00000197919
6751,ENSG00000147873
6752,ENSG00000120235
6753,ENSG00000142166
6754,ENSG00000159110
6755,ENSG00000171855
6756,ENSG00000184995
6757,ENSG00000111537
6758,ENSG00000255733
6759,ENSG00000027697
6760,ENSG00000159128
6761,ENSG00000147896
6762,ENSG00000183709
6763,ENSG00000197110
6764,ENSG00000185436
6765,ENSG00000177047
6766,ENSG00000006652
6767,ENSG00000214706
6768,ENSG00000163913
6769,ENSG00000187535
6770,ENSG00000138002
6771,ENSG00000109083
6772,ENSG00000128581
6773,ENSG00000100360
6774,ENSG00000119650
6775,ENSG00000118096
6776,ENSG00000101052
6777,ENSG00000114446
6778,ENSG00000096872
6779,ENSG00000234676
6780,ENSG00000068885
6781,ENSG00000122970
6782,ENSG00000032742
6783,ENSG00000089289
6784,ENSG00000174498
6785,ENSG00000103742
6786,ENSG00000017427
6787,ENSG00000140443
6788,ENSG00000167244
6789,ENSG00000099869
6790,ENSG00000159217
6791,ENSG00000073792
6792,ENSG00000163915
6793,ENSG00000136231
6794,ENSG00000197081
6795,ENSG00000099769
6796,ENSG00000146678
6797,ENSG00000115457
6798,ENSG00000146674
6799,ENSG00000141753
6800,ENSG00000115461
6801,ENSG00000167779
6802,ENSG00000163453
6803,ENSG00000245067
6804,ENSG00000137142
6805,ENSG00000188293
6806,ENSG00000204866
6807,ENSG00000188624
6808,ENSG00000204869
6809,ENSG00000126246
6810,ENSG00000163395
6811,ENSG00000254017
6812,ENSG00000211897
6813,ENSG00000132740
6814,ENSG00000211945
6815,ENSG00000211934
6816,ENSG00000211950
6817,ENSG00000211935
6818,ENSG00000211962
6819,ENSG00000211968
6820,ENSG00000188403
6821,ENSG00000277282
6822,ENSG00000274576
6823,ENSG00000259303
6824,ENSG00000211941
6825,ENSG00000211942
6826,ENSG00000211943
6827,ENSG00000211947
6828,ENSG00000211949
6829,ENSG00000270550
6830,ENSG00000211957
6831,ENSG00000278473
6832,ENSG00000211964
6833,ENSG00000211972
6834,ENSG00000211938
6835,ENSG00000211976
6836,ENSG00000224650
6837,ENSG00000270472
6838,ENSG00000211952
6839,ENSG00000211959
6840,ENSG00000276775
6841,ENSG00000224373
6842,ENSG00000211970
6843,ENSG00000211933
6844,ENSG00000211979
6845,ENSG00000182700
6846,ENSG00000211592
6847,ENSG00000243290
6848,ENSG00000253497
6849,ENSG00000240864
6850,ENSG00000240382
6851,ENSG00000244575
6852,ENSG00000242076
6853,ENSG00000239862
6854,ENSG00000242371
6855,ENSG00000243466
6856,ENSG00000239855
6857,ENSG00000240671
6858,ENSG00000241755
6859,ENSG00000278857
6860,ENSG00000276566
6861,ENSG00000241244
6862,ENSG00000242766
6863,ENSG00000239975
6864,ENSG00000250036
6865,ENSG00000251546
6866,ENSG00000242580
6867,ENSG00000239819
6868,ENSG00000156755
6869,ENSG00000253278
6870,ENSG00000254157
6871,ENSG00000253732
6872,ENSG00000241294
6873,ENSG00000254098
6874,ENSG00000244116
6875,ENSG00000253998
6876,ENSG00000243238
6877,ENSG00000241566
6878,ENSG00000211623
6879,ENSG00000242534
6880,ENSG00000243264
6881,ENSG00000239571
6882,ENSG00000241351
6883,ENSG00000244437
6884,ENSG00000239951
6885,ENSG00000243063
6886,ENSG00000211632
6887,ENSG00000224041
6888,ENSG00000211625
6889,ENSG00000211598
6890,ENSG00000211599
6891,ENSG00000211611
6892,ENSG00000225523
6893,ENSG00000211626
6894,ENSG00000211677
6895,ENSG00000211679
6896,ENSG00000254029
6897,ENSG00000254030
6898,ENSG00000222037
6899,ENSG00000211685
6900,ENSG00000271093
6901,ENSG00000128322
6902,ENSG00000254709
6903,ENSG00000142549
6904,ENSG00000211655
6905,ENSG00000211648
6906,ENSG00000211645
6907,ENSG00000211644
6908,ENSG00000211642
6909,ENSG00000211641
6910,ENSG00000211668
6911,ENSG00000211666
6912,ENSG00000211664
6913,ENSG00000211660
6914,ENSG00000278196
6915,ENSG00000211669
6916,ENSG00000211667
6917,ENSG00000211665
6918,ENSG00000211663
6919,ENSG00000211662
6920,ENSG00000211659
6921,ENSG00000211658
6922,ENSG00000253448
6923,ENSG00000211670
6924,ENSG00000211672
6925,ENSG00000211639
6926,ENSG00000211637
6927,ENSG00000211654
6928,ENSG00000211650
6929,ENSG00000211647
6930,ENSG00000211640
6931,ENSG00000211649
6932,ENSG00000211638
6933,ENSG00000223350
6934,ENSG00000253239
6935,ENSG00000147255
6936,ENSG00000152580
6937,ENSG00000144847
6938,ENSG00000117154
6939,ENSG00000179057
6940,ENSG00000216588
6941,ENSG00000143061
6942,ENSG00000183067
6943,ENSG00000140749
6944,ENSG00000162729
6945,ENSG00000085552
6946,ENSG00000080854
6947,ENSG00000163501
6948,ENSG00000113141
6949,ENSG00000166130
6950,ENSG00000104365
6951,ENSG00000263528
6952,ENSG00000269335
6953,ENSG00000185811
6954,ENSG00000030419
6955,ENSG00000161405
6956,ENSG00000123411
6957,ENSG00000095574
6958,ENSG00000136634
6959,ENSG00000110324
6960,ENSG00000243646
6961,ENSG00000095752
6962,ENSG00000137070
6963,ENSG00000168811
6964,ENSG00000244040
6965,ENSG00000113302
6966,ENSG00000096996
6967,ENSG00000081985
6968,ENSG00000169194
6969,ENSG00000131724
6970,ENSG00000123496
6971,ENSG00000164136
6972,ENSG00000134470
6973,ENSG00000172349
6974,ENSG00000112115
6975,ENSG00000127743
6976,ENSG00000124391
6977,ENSG00000172458
6978,ENSG00000112116
6979,ENSG00000177663
6980,ENSG00000056736
6981,ENSG00000163702
6982,ENSG00000144730
6983,ENSG00000163701
6984,ENSG00000188263
6985,ENSG00000150782
6986,ENSG00000137496
6987,ENSG00000115604
6988,ENSG00000115607
6989,ENSG00000142224
6990,ENSG00000115008
6991,ENSG00000125538
6992,ENSG00000136697
6993,ENSG00000115594
6994,ENSG00000115590
6995,ENSG00000196083
6996,ENSG00000169306
6997,ENSG00000189108
6998,ENSG00000115602
6999,ENSG00000115598
7000,ENSG00000136689
7001,ENSG00000109471
7002,ENSG00000162891
7003,ENSG00000016402
7004,ENSG00000174564
7005,ENSG00000138684
7006,ENSG00000227145
7007,ENSG00000103522
7008,ENSG00000259954
7009,ENSG00000127318
7010,ENSG00000142677
7011,ENSG00000164485
7012,ENSG00000110944
7013,ENSG00000162594
7014,ENSG00000162892
7015,ENSG00000166090
7016,ENSG00000111536
7017,ENSG00000197272
7018,ENSG00000134460
7019,ENSG00000100385
7020,ENSG00000147168
7021,ENSG00000164399
7022,ENSG00000204671
7023,ENSG00000164509
7024,ENSG00000008517
7025,ENSG00000137033
7026,ENSG00000157368
7027,ENSG00000136696
7028,ENSG00000136688
7029,ENSG00000136695
7030,ENSG00000125571
7031,ENSG00000113520
7032,ENSG00000104951
7033,ENSG00000077238
7034,ENSG00000113525
7035,ENSG00000091181
7036,ENSG00000136244
7037,ENSG00000160712
7038,ENSG00000134352
7039,ENSG00000104432
7040,ENSG00000168685
7041,ENSG00000145103
7042,ENSG00000143195
7043,ENSG00000143621
7044,ENSG00000129351
7045,ENSG00000166333
7046,ENSG00000132323
7047,ENSG00000148950
7048,ENSG00000184903
7049,ENSG00000132305
7050,ENSG00000177971
7051,ENSG00000136718
7052,ENSG00000133731
7053,ENSG00000141401
7054,ENSG00000154059
7055,ENSG00000106348
7056,ENSG00000178035
7057,ENSG00000112706
7058,ENSG00000081148
7059,ENSG00000148798
7060,ENSG00000257704
7061,ENSG00000259330
7062,ENSG00000196388
7063,ENSG00000149503
7064,ENSG00000281371
7065,ENSG00000203485
7066,ENSG00000153487
7067,ENSG00000168556
7068,ENSG00000071243
7069,ENSG00000111653
7070,ENSG00000168395
7071,ENSG00000123999
7072,ENSG00000122641
7073,ENSG00000224116
7074,ENSG00000163083
7075,ENSG00000175189
7076,ENSG00000139269
7077,ENSG00000148153
7078,ENSG00000241644
7079,ENSG00000128908
7080,ENSG00000115274
7081,ENSG00000274049
7082,ENSG00000153391
7083,ENSG00000169592
7084,ENSG00000151689
7085,ENSG00000040933
7086,ENSG00000109452
7087,ENSG00000068383
7088,ENSG00000204084
7089,ENSG00000168918
7090,ENSG00000148384
7091,ENSG00000198825
7092,ENSG00000185133
7093,ENSG00000132376
7094,ENSG00000165458
7095,ENSG00000129965
7096,ENSG00000188487
7097,ENSG00000186480
7098,ENSG00000125629
7099,ENSG00000248099
7100,ENSG00000120211
7101,ENSG00000172410
7102,ENSG00000120210
7103,ENSG00000173404
7104,ENSG00000168348
7105,ENSG00000171105
7106,ENSG00000027644
7107,ENSG00000164880
7108,ENSG00000104613
7109,ENSG00000138785
7110,ENSG00000108506
7111,ENSG00000149262
7112,ENSG00000185085
7113,ENSG00000102786
7114,ENSG00000236778
7115,ENSG00000143493
7116,ENSG00000164941
7117,ENSG00000104299
7118,ENSG00000164066
7119,ENSG00000119509
7120,ENSG00000176095
7121,ENSG00000068745
7122,ENSG00000161896
7123,ENSG00000074706
7124,ENSG00000151151
7125,ENSG00000086200
7126,ENSG00000117408
7127,ENSG00000196497
7128,ENSG00000065150
7129,ENSG00000205339
7130,ENSG00000133704
7131,ENSG00000198700
7132,ENSG00000231871
7133,ENSG00000197429
7134,ENSG00000127080
7135,ENSG00000232893
7136,ENSG00000173226
7137,ENSG00000160051
7138,ENSG00000106012
7139,ENSG00000173389
7140,ENSG00000229972
7141,ENSG00000214681
7142,ENSG00000103599
7143,ENSG00000259673
7144,ENSG00000214216
7145,ENSG00000283154
7146,ENSG00000174628
7147,ENSG00000140575
7148,ENSG00000145703
7149,ENSG00000144711
7150,ENSG00000124313
7151,ENSG00000120645
7152,ENSG00000164675
7153,ENSG00000184216
7154,ENSG00000146243
7155,ENSG00000134070
7156,ENSG00000090376
7157,ENSG00000198001
7158,ENSG00000136381
7159,ENSG00000125347
7160,ENSG00000168310
7161,ENSG00000170604
7162,ENSG00000168264
7163,ENSG00000119669
7164,ENSG00000126456
7165,ENSG00000137265
7166,ENSG00000128604
7167,ENSG00000117595
7168,ENSG00000140968
7169,ENSG00000124449
7170,ENSG00000237693
7171,ENSG00000167378
7172,ENSG00000169047
7173,ENSG00000185950
7174,ENSG00000133124
7175,ENSG00000170549
7176,ENSG00000170561
7177,ENSG00000177508
7178,ENSG00000113430
7179,ENSG00000176842
7180,ENSG00000159387
7181,ENSG00000135070
7182,ENSG00000165898
7183,ENSG00000136003
7184,ENSG00000187608
7185,ENSG00000172183
7186,ENSG00000143319
7187,ENSG00000016082
7188,ENSG00000159556
7189,ENSG00000129009
7190,ENSG00000167178
7191,ENSG00000101230
7192,ENSG00000100593
7193,ENSG00000066583
7194,ENSG00000063241
7195,ENSG00000182149
7196,ENSG00000175329
7197,ENSG00000240682
7198,ENSG00000105655
7199,ENSG00000078747
7200,ENSG00000129636
7201,ENSG00000111203
7202,ENSG00000213949
7203,ENSG00000143127
7204,ENSG00000137809
7205,ENSG00000164171
7206,ENSG00000005961
7207,ENSG00000005884
7208,ENSG00000115232
7209,ENSG00000161638
7210,ENSG00000091409
7211,ENSG00000135424
7212,ENSG00000077943
7213,ENSG00000156886
7214,ENSG00000083457
7215,ENSG00000005844
7216,ENSG00000169896
7217,ENSG00000138448
7218,ENSG00000140678
7219,ENSG00000150093
7220,ENSG00000119185
7221,ENSG00000147166
7222,ENSG00000160255
7223,ENSG00000227039
7224,ENSG00000259207
7225,ENSG00000142856
7226,ENSG00000132470
7227,ENSG00000082781
7228,ENSG00000115221
7229,ENSG00000139626
7230,ENSG00000105855
7231,ENSG00000198542
7232,ENSG00000055957
7233,ENSG00000151655
7234,ENSG00000162267
7235,ENSG00000055955
7236,ENSG00000239799
7237,ENSG00000123243
7238,ENSG00000102313
7239,ENSG00000113263
7240,ENSG00000179914
7241,ENSG00000158764
7242,ENSG00000078596
7243,ENSG00000136156
7244,ENSG00000135916
7245,ENSG00000125877
7246,ENSG00000100605
7247,ENSG00000258730
7248,ENSG00000137825
7249,ENSG00000143772
7250,ENSG00000086544
7251,ENSG00000150995
7252,ENSG00000123104
7253,ENSG00000096433
7254,ENSG00000148841
7255,ENSG00000198885
7256,ENSG00000205730
7257,ENSG00000205726
7258,ENSG00000198399
7259,ENSG00000128928
7260,ENSG00000163207
7261,ENSG00000116679
7262,ENSG00000163166
7263,ENSG00000009765
7264,ENSG00000182264
7265,ENSG00000161652
7266,ENSG00000099840
7267,ENSG00000077684
7268,ENSG00000043143
7269,ENSG00000102221
7270,ENSG00000101384
7271,ENSG00000184916
7272,ENSG00000171135
7273,ENSG00000162434
7274,ENSG00000096968
7275,ENSG00000105639
7276,ENSG00000152969
7277,ENSG00000176049
7278,ENSG00000280780
7279,ENSG00000188385
7280,ENSG00000154721
7281,ENSG00000166086
7282,ENSG00000160593
7283,ENSG00000008083
7284,ENSG00000235488
7285,ENSG00000153814
7286,ENSG00000132465
7287,ENSG00000140044
7288,ENSG00000050130
7289,ENSG00000171988
7290,ENSG00000272767
7291,ENSG00000081692
7292,ENSG00000070495
7293,ENSG00000243789
7294,ENSG00000168970
7295,ENSG00000161999
7296,ENSG00000152409
7297,ENSG00000100221
7298,ENSG00000161677
7299,ENSG00000104369
7300,ENSG00000149596
7301,ENSG00000154118
7302,ENSG00000092051
7303,ENSG00000225470
7304,ENSG00000234616
7305,ENSG00000183340
7306,ENSG00000167476
7307,ENSG00000143543
7308,ENSG00000177606
7309,ENSG00000171223
7310,ENSG00000130522
7311,ENSG00000173801
7312,ENSG00000146049
7313,ENSG00000160145
7314,ENSG00000107104
7315,ENSG00000197256
7316,ENSG00000186994
7317,ENSG00000132854
7318,ENSG00000144445
7319,ENSG00000139620
7320,ENSG00000114982
7321,ENSG00000232593
7322,ENSG00000108773
7323,ENSG00000114166
7324,ENSG00000172977
7325,ENSG00000083168
7326,ENSG00000136504
7327,ENSG00000103510
7328,ENSG00000186625
7329,ENSG00000102781
7330,ENSG00000167216
7331,ENSG00000140854
7332,ENSG00000134152
7333,ENSG00000107821
7334,ENSG00000189337
7335,ENSG00000283239
7336,ENSG00000187715
7337,ENSG00000170852
7338,ENSG00000182359
7339,ENSG00000123444
7340,ENSG00000165572
7341,ENSG00000120696
7342,ENSG00000163376
7343,ENSG00000267313
7344,ENSG00000176407
7345,ENSG00000111262
7346,ENSG00000177301
7347,ENSG00000177272
7348,ENSG00000182255
7349,ENSG00000130037
7350,ENSG00000104848
7351,ENSG00000169282
7352,ENSG00000242370
7353,ENSG00000240596
7354,ENSG00000069424
7355,ENSG00000170049
7356,ENSG00000158445
7357,ENSG00000182674
7358,ENSG00000129159
7359,ENSG00000166006
7360,ENSG00000131398
7361,ENSG00000116396
7362,ENSG00000102057
7363,ENSG00000184408
7364,ENSG00000171385
7365,ENSG00000180509
7366,ENSG00000159197
7367,ENSG00000175538
7368,ENSG00000152049
7369,ENSG00000176076
7370,ENSG00000162975
7371,ENSG00000026559
7372,ENSG00000178342
7373,ENSG00000171126
7374,ENSG00000168418
7375,ENSG00000143473
7376,ENSG00000055118
7377,ENSG00000135519
7378,ENSG00000089558
7379,ENSG00000140015
7380,ENSG00000173826
7381,ENSG00000184611
7382,ENSG00000183960
7383,ENSG00000182132
7384,ENSG00000120049
7385,ENSG00000226009
7386,ENSG00000115041
7387,ENSG00000280650
7388,ENSG00000151704
7389,ENSG00000177807
7390,ENSG00000187486
7391,ENSG00000184185
7392,ENSG00000115474
7393,ENSG00000182324
7394,ENSG00000157551
7395,ENSG00000153822
7396,ENSG00000260458
7397,ENSG00000123700
7398,ENSG00000267365
7399,ENSG00000162989
7400,ENSG00000168135
7401,ENSG00000120457
7402,ENSG00000157542
7403,ENSG00000121361
7404,ENSG00000162728
7405,ENSG00000135750
7406,ENSG00000100433
7407,ENSG00000184261
7408,ENSG00000152315
7409,ENSG00000124249
7410,ENSG00000095981
7411,ENSG00000124780
7412,ENSG00000082482
7413,ENSG00000171303
7414,ENSG00000182450
7415,ENSG00000164626
7416,ENSG00000099337
7417,ENSG00000173338
7418,ENSG00000169427
7419,ENSG00000156113
7420,ENSG00000236467
7421,ENSG00000145936
7422,ENSG00000197584
7423,ENSG00000171121
7424,ENSG00000135643
7425,ENSG00000105642
7426,ENSG00000080709
7427,ENSG00000143603
7428,ENSG00000104783
7429,ENSG00000053918
7430,ENSG00000237941
7431,ENSG00000269821
7432,ENSG00000184156
7433,ENSG00000117013
7434,ENSG00000185760
7435,ENSG00000229154
7436,ENSG00000198553
7437,ENSG00000124134
7438,ENSG00000156486
7439,ENSG00000170745
7440,ENSG00000107147
7441,ENSG00000162687
7442,ENSG00000215262
7443,ENSG00000164794
7444,ENSG00000168263
7445,ENSG00000135253
7446,ENSG00000134504
7447,ENSG00000110906
7448,ENSG00000178695
7449,ENSG00000174943
7450,ENSG00000151364
7451,ENSG00000153885
7452,ENSG00000183775
7453,ENSG00000100379
7454,ENSG00000155729
7455,ENSG00000168676
7456,ENSG00000180901
7457,ENSG00000112078
7458,ENSG00000188997
7459,ENSG00000246174
7460,ENSG00000136636
7461,ENSG00000180332
7462,ENSG00000167977
7463,ENSG00000168301
7464,ENSG00000243335
7465,ENSG00000183783
7466,ENSG00000104756
7467,ENSG00000105438
7468,ENSG00000136240
7469,ENSG00000100196
7470,ENSG00000175707
7471,ENSG00000004487
7472,ENSG00000165097
7473,ENSG00000173120
7474,ENSG00000089094
7475,ENSG00000115548
7476,ENSG00000120733
7477,ENSG00000066135
7478,ENSG00000127663
7479,ENSG00000107077
7480,ENSG00000186280
7481,ENSG00000073614
7482,ENSG00000117139
7483,ENSG00000126012
7484,ENSG00000012817
7485,ENSG00000147050
7486,ENSG00000132510
7487,ENSG00000006459
7488,ENSG00000155666
7489,ENSG00000128052
7490,ENSG00000119537
7491,ENSG00000079999
7492,ENSG00000139330
7493,ENSG00000135314
7494,ENSG00000256980
7495,ENSG00000203908
7496,ENSG00000121774
7497,ENSG00000112232
7498,ENSG00000131773
7499,ENSG00000138030
7500,ENSG00000100441
7501,ENSG00000088247
7502,ENSG00000235750
7503,ENSG00000122548
7504,ENSG00000170871
7505,ENSG00000137261
7506,ENSG00000142687
7507,ENSG00000189367
7508,ENSG00000135709
7509,ENSG00000100578
7510,ENSG00000198920
7511,ENSG00000185261
7512,ENSG00000100364
7513,ENSG00000163807
7514,ENSG00000122203
7515,ENSG00000250423
7516,ENSG00000120549
7517,ENSG00000150477
7518,ENSG00000122778
7519,ENSG00000110427
7520,ENSG00000168116
7521,ENSG00000135835
7522,ENSG00000232586
7523,ENSG00000197077
7524,ENSG00000149633
7525,ENSG00000165185
7526,ENSG00000182329
7527,ENSG00000116685
7528,ENSG00000134313
7529,ENSG00000138160
7530,ENSG00000136883
7531,ENSG00000137177
7532,ENSG00000197892
7533,ENSG00000118193
7534,ENSG00000089177
7535,ENSG00000117245
7536,ENSG00000121621
7537,ENSG00000186185
7538,ENSG00000196169
7539,ENSG00000130294
7540,ENSG00000054523
7541,ENSG00000129250
7542,ENSG00000112984
7543,ENSG00000138182
7544,ENSG00000139116
7545,ENSG00000116852
7546,ENSG00000079616
7547,ENSG00000137807
7548,ENSG00000186638
7549,ENSG00000125337
7550,ENSG00000229921
7551,ENSG00000066735
7552,ENSG00000165115
7553,ENSG00000068796
7554,ENSG00000142945
7555,ENSG00000131437
7556,ENSG00000101350
7557,ENSG00000084731
7558,ENSG00000090889
7559,ENSG00000226650
7560,ENSG00000155980
7561,ENSG00000170759
7562,ENSG00000164627
7563,ENSG00000166813
7564,ENSG00000088727
7565,ENSG00000075945
7566,ENSG00000167702
7567,ENSG00000140859
7568,ENSG00000151657
7569,ENSG00000126259
7570,ENSG00000149571
7571,ENSG00000218109
7572,ENSG00000170498
7573,ENSG00000116014
7574,ENSG00000157404
7575,ENSG00000049130
7576,ENSG00000088970
7577,ENSG00000232712
7578,ENSG00000133116
7579,ENSG00000134962
7580,ENSG00000126214
7581,ENSG00000174996
7582,ENSG00000104892
7583,ENSG00000137171
7584,ENSG00000105610
7585,ENSG00000155090
7586,ENSG00000172059
7587,ENSG00000118922
7588,ENSG00000266265
7589,ENSG00000163884
7590,ENSG00000129911
7591,ENSG00000171872
7592,ENSG00000127528
7593,ENSG00000109787
7594,ENSG00000136826
7595,ENSG00000102554
7596,ENSG00000067082
7597,ENSG00000118263
7598,ENSG00000102349
7599,ENSG00000119138
7600,ENSG00000197776
7601,ENSG00000128607
7602,ENSG00000165516
7603,ENSG00000124702
7604,ENSG00000104731
7605,ENSG00000179023
7606,ENSG00000130487
7607,ENSG00000162873
7608,ENSG00000185909
7609,ENSG00000162755
7610,ENSG00000150361
7611,ENSG00000161594
7612,ENSG00000178502
7613,ENSG00000117153
7614,ENSG00000003096
7615,ENSG00000197705
7616,ENSG00000174010
7617,ENSG00000187961
7618,ENSG00000114648
7619,ENSG00000109466
7620,ENSG00000076321
7621,ENSG00000162413
7622,ENSG00000099910
7623,ENSG00000213160
7624,ENSG00000114796
7625,ENSG00000183655
7626,ENSG00000167487
7627,ENSG00000179454
7628,ENSG00000119771
7629,ENSG00000146021
7630,ENSG00000168427
7631,ENSG00000124743
7632,ENSG00000186231
7633,ENSG00000185915
7634,ENSG00000149243
7635,ENSG00000135686
7636,ENSG00000175946
7637,ENSG00000102271
7638,ENSG00000157119
7639,ENSG00000239474
7640,ENSG00000087448
7641,ENSG00000109790
7642,ENSG00000172578
7643,ENSG00000242522
7644,ENSG00000122550
7645,ENSG00000145332
7646,ENSG00000198642
7647,ENSG00000167748
7648,ENSG00000129451
7649,ENSG00000167757
7650,ENSG00000186474
7651,ENSG00000167759
7652,ENSG00000129437
7653,ENSG00000174562
7654,ENSG00000167751
7655,ENSG00000142515
7656,ENSG00000167749
7657,ENSG00000167754
7658,ENSG00000167755
7659,ENSG00000169035
7660,ENSG00000129455
7661,ENSG00000164344
7662,ENSG00000111796
7663,ENSG00000134545
7664,ENSG00000205809
7665,ENSG00000205810
7666,ENSG00000183542
7667,ENSG00000134539
7668,ENSG00000150045
7669,ENSG00000256797
7670,ENSG00000139187
7671,ENSG00000188883
7672,ENSG00000213809
7673,ENSG00000117009
7674,ENSG00000118058
7675,ENSG00000272333
7676,ENSG00000055609
7677,ENSG00000167548
7678,ENSG00000005483
7679,ENSG00000183955
7680,ENSG00000110066
7681,ENSG00000133247
7682,ENSG00000162456
7683,ENSG00000171798
7684,ENSG00000113889
7685,ENSG00000103550
7686,ENSG00000128944
7687,ENSG00000184445
7688,ENSG00000114030
7689,ENSG00000182481
7690,ENSG00000102753
7691,ENSG00000186432
7692,ENSG00000196911
7693,ENSG00000025800
7694,ENSG00000185467
7695,ENSG00000108424
7696,ENSG00000118162
7697,ENSG00000133703
7698,ENSG00000172086
7699,ENSG00000183762
7700,ENSG00000131650
7701,ENSG00000129347
7702,ENSG00000001631
7703,ENSG00000111615
7704,ENSG00000167768
7705,ENSG00000186395
7706,ENSG00000171401
7707,ENSG00000186847
7708,ENSG00000171346
7709,ENSG00000186832
7710,ENSG00000128422
7711,ENSG00000111057
7712,ENSG00000171345
7713,ENSG00000172867
7714,ENSG00000213424
7715,ENSG00000167916
7716,ENSG00000204897
7717,ENSG00000186393
7718,ENSG00000171446
7719,ENSG00000173908
7720,ENSG00000186442
7721,ENSG00000108759
7722,ENSG00000131738
7723,ENSG00000197079
7724,ENSG00000126337
7725,ENSG00000196859
7726,ENSG00000170477
7727,ENSG00000204889
7728,ENSG00000186081
7729,ENSG00000205420
7730,ENSG00000185479
7731,ENSG00000170465
7732,ENSG00000135480
7733,ENSG00000139648
7734,ENSG00000170486
7735,ENSG00000186049
7736,ENSG00000257495
7737,ENSG00000170484
7738,ENSG00000170454
7739,ENSG00000185069
7740,ENSG00000189182
7741,ENSG00000170423
7742,ENSG00000185640
7743,ENSG00000170421
7744,ENSG00000167767
7745,ENSG00000205426
7746,ENSG00000161850
7747,ENSG00000170523
7748,ENSG00000135443
7749,ENSG00000170442
7750,ENSG00000171403
7751,ENSG00000221880
7752,ENSG00000221852
7753,ENSG00000205445
7754,ENSG00000212935
7755,ENSG00000221837
7756,ENSG00000182591
7757,ENSG00000221864
7758,ENSG00000205439
7759,ENSG00000212933
7760,ENSG00000198390
7761,ENSG00000182816
7762,ENSG00000186971
7763,ENSG00000184351
7764,ENSG00000244025
7765,ENSG00000186967
7766,ENSG00000186977
7767,ENSG00000187005
7768,ENSG00000198443
7769,ENSG00000213416
7770,ENSG00000196156
7771,ENSG00000171396
7772,ENSG00000198271
7773,ENSG00000198090
7774,ENSG00000240871
7775,ENSG00000204880
7776,ENSG00000204572
7777,ENSG00000204571
7778,ENSG00000241598
7779,ENSG00000244411
7780,ENSG00000241233
7781,ENSG00000254997
7782,ENSG00000184724
7783,ENSG00000274749
7784,ENSG00000163463
7785,ENSG00000157992
7786,ENSG00000188508
7787,ENSG00000141068
7788,ENSG00000171435
7789,ENSG00000198841
7790,ENSG00000126777
7791,ENSG00000186615
7792,ENSG00000105700
7793,ENSG00000174611
7794,ENSG00000115919
7795,ENSG00000198910
7796,ENSG00000240563
7797,ENSG00000087299
7798,ENSG00000126790
7799,ENSG00000185513
7800,ENSG00000100395
7801,ENSG00000198945
7802,ENSG00000154655
7803,ENSG00000264707
7804,ENSG00000179630
7805,ENSG00000135413
7806,ENSG00000103642
7807,ENSG00000147592
7808,ENSG00000246366
7809,ENSG00000159166
7810,ENSG00000089692
7811,ENSG00000196976
7812,ENSG00000167618
7813,ENSG00000167531
7814,ENSG00000101680
7815,ENSG00000196569
7816,ENSG00000053747
7817,ENSG00000112769
7818,ENSG00000130702
7819,ENSG00000228812
7820,ENSG00000091136
7821,ENSG00000172037
7822,ENSG00000196878
7823,ENSG00000091128
7824,ENSG00000135862
7825,ENSG00000058085
7826,ENSG00000050555
7827,ENSG00000185896
7828,ENSG00000005893
7829,ENSG00000078081
7830,ENSG00000125869
7831,ENSG00000225988
7832,ENSG00000149357
7833,ENSG00000116586
7834,ENSG00000109270
7835,ENSG00000188186
7836,ENSG00000134248
7837,ENSG00000115365
7838,ENSG00000132434
7839,ENSG00000147036
7840,ENSG00000002549
7841,ENSG00000068697
7842,ENSG00000104341
7843,ENSG00000162511
7844,ENSG00000155506
7845,ENSG00000138709
7846,ENSG00000161813
7847,ENSG00000107929
7848,ENSG00000166173
7849,ENSG00000174720
7850,ENSG00000011376
7851,ENSG00000001497
7852,ENSG00000002834
7853,ENSG00000213658
7854,ENSG00000086730
7855,ENSG00000131023
7856,ENSG00000150457
7857,ENSG00000122188
7858,ENSG00000204381
7859,ENSG00000213626
7860,ENSG00000162194
7861,ENSG00000129988
7862,ENSG00000143815
7863,ENSG00000138136
7864,ENSG00000179528
7865,ENSG00000257702
7866,ENSG00000135338
7867,ENSG00000157578
7868,ENSG00000213398
7869,ENSG00000186844
7870,ENSG00000196734
7871,ENSG00000197084
7872,ENSG00000172155
7873,ENSG00000186226
7874,ENSG00000185962
7875,ENSG00000163202
7876,ENSG00000186207
7877,ENSG00000182866
7878,ENSG00000172954
7879,ENSG00000205629
7880,ENSG00000260448
7881,ENSG00000260034
7882,ENSG00000168806
7883,ENSG00000160349
7884,ENSG00000187922
7885,ENSG00000184925
7886,ENSG00000177984
7887,ENSG00000148346
7888,ENSG00000267206
7889,ENSG00000204001
7890,ENSG00000214402
7891,ENSG00000196233
7892,ENSG00000178177
7893,ENSG00000136167
7894,ENSG00000043462
7895,ENSG00000115850
7896,ENSG00000188501
7897,ENSG00000118961
7898,ENSG00000198728
7899,ENSG00000169744
7900,ENSG00000122367
7901,ENSG00000134333
7902,ENSG00000166800
7903,ENSG00000171989
7904,ENSG00000111716
7905,ENSG00000166796
7906,ENSG00000166816
7907,ENSG00000130164
7908,ENSG00000203985
7909,ENSG00000187942
7910,ENSG00000179241
7911,ENSG00000168675
7912,ENSG00000267690
7913,ENSG00000157978
7914,ENSG00000182195
7915,ENSG00000164406
7916,ENSG00000145826
7917,ENSG00000138795
7918,ENSG00000243709
7919,ENSG00000143768
7920,ENSG00000197980
7921,ENSG00000203784
7922,ENSG00000186007
7923,ENSG00000226235
7924,ENSG00000161904
7925,ENSG00000174106
7926,ENSG00000163352
7927,ENSG00000226696
7928,ENSG00000166477
7929,ENSG00000174697
7930,ENSG00000116678
7931,ENSG00000213625
7932,ENSG00000104660
7933,ENSG00000168924
7934,ENSG00000165046
7935,ENSG00000050426
7936,ENSG00000106003
7937,ENSG00000100097
7938,ENSG00000133317
7939,ENSG00000105198
7940,ENSG00000006659
7941,ENSG00000249861
7942,ENSG00000100079
7943,ENSG00000131981
7944,ENSG00000108679
7945,ENSG00000205076
7946,ENSG00000178934
7947,ENSG00000116977
7948,ENSG00000223776
7949,ENSG00000168961
7950,ENSG00000170298
7951,ENSG00000171916
7952,ENSG00000119862
7953,ENSG00000108231
7954,ENSG00000153012
7955,ENSG00000168481
7956,ENSG00000153902
7957,ENSG00000100600
7958,ENSG00000205213
7959,ENSG00000139292
7960,ENSG00000133067
7961,ENSG00000146166
7962,ENSG00000104826
7963,ENSG00000138039
7964,ENSG00000182508
7965,ENSG00000145685
7966,ENSG00000187416
7967,ENSG00000156959
7968,ENSG00000197753
7969,ENSG00000107902
7970,ENSG00000106689
7971,ENSG00000107187
7972,ENSG00000121454
7973,ENSG00000089116
7974,ENSG00000106852
7975,ENSG00000162624
7976,ENSG00000143355
7977,ENSG00000121897
7978,ENSG00000128342
7979,ENSG00000113594
7980,ENSG00000244968
7981,ENSG00000105486
7982,ENSG00000005156
7983,ENSG00000174405
7984,ENSG00000239961
7985,ENSG00000105370
7986,ENSG00000050405
7987,ENSG00000064042
7988,ENSG00000144791
7989,ENSG00000136490
7990,ENSG00000203896
7991,ENSG00000106683
7992,ENSG00000182541
7993,ENSG00000169756
7994,ENSG00000228763
7995,ENSG00000072163
7996,ENSG00000256977
7997,ENSG00000131914
7998,ENSG00000187772
7999,ENSG00000267796
8000,ENSG00000205659
8001,ENSG00000189308
8002,ENSG00000111052
8003,ENSG00000104863
8004,ENSG00000148943
8005,ENSG00000183814
8006,ENSG00000231721
8007,ENSG00000258609
8008,ENSG00000233354
8009,ENSG00000259527
8010,ENSG00000225194
8011,ENSG00000225298
8012,ENSG00000223806
8013,ENSG00000185433
8014,ENSG00000230978
8015,ENSG00000226935
8016,ENSG00000234880
8017,ENSG00000261706
8018,ENSG00000179406
8019,ENSG00000224939
8020,ENSG00000229205
8021,ENSG00000223768
8022,ENSG00000170983
8023,ENSG00000279636
8024,ENSG00000270816
8025,ENSG00000203801
8026,ENSG00000225127
8027,ENSG00000258512
8028,ENSG00000224843
8029,ENSG00000280725
8030,ENSG00000259974
8031,ENSG00000215162
8032,ENSG00000230448
8033,ENSG00000231535
8034,ENSG00000280798
8035,ENSG00000224329
8036,ENSG00000236790
8037,ENSG00000181995
8038,ENSG00000176754
8039,ENSG00000180422
8040,ENSG00000179676
8041,ENSG00000227342
8042,ENSG00000184856
8043,ENSG00000230923
8044,ENSG00000227456
8045,ENSG00000179219
8046,ENSG00000237664
8047,ENSG00000224924
8048,ENSG00000226496
8049,ENSG00000178977
8050,ENSG00000231023
8051,ENSG00000232977
8052,ENSG00000235097
8053,ENSG00000182586
8054,ENSG00000197251
8055,ENSG00000218510
8056,ENSG00000235660
8057,ENSG00000236678
8058,ENSG00000226846
8059,ENSG00000231238
8060,ENSG00000226317
8061,ENSG00000226903
8062,ENSG00000227674
8063,ENSG00000230040
8064,ENSG00000224511
8065,ENSG00000232954
8066,ENSG00000229557
8067,ENSG00000235221
8068,ENSG00000232643
8069,ENSG00000224853
8070,ENSG00000231428
8071,ENSG00000235532
8072,ENSG00000231674
8073,ENSG00000238121
8074,ENSG00000236463
8075,ENSG00000227336
8076,ENSG00000236036
8077,ENSG00000228669
8078,ENSG00000229373
8079,ENSG00000225179
8080,ENSG00000234787
8081,ENSG00000233532
8082,ENSG00000233610
8083,ENSG00000234056
8084,ENSG00000153363
8085,ENSG00000177338
8086,ENSG00000181798
8087,ENSG00000233237
8088,ENSG00000197503
8089,ENSG00000236384
8090,ENSG00000235641
8091,ENSG00000258169
8092,ENSG00000230876
8093,ENSG00000205837
8094,ENSG00000214381
8095,ENSG00000250682
8096,ENSG00000250958
8097,ENSG00000235621
8098,ENSG00000203645
8099,ENSG00000248360
8100,ENSG00000281392
8101,ENSG00000256193
8102,ENSG00000227036
8103,ENSG00000259091
8104,ENSG00000258791
8105,ENSG00000196273
8106,ENSG00000146666
8107,ENSG00000269220
8108,ENSG00000249917
8109,ENSG00000281664
8110,ENSG00000224429
8111,ENSG00000276476
8112,ENSG00000260704
8113,ENSG00000275226
8114,ENSG00000281778
8115,ENSG00000260738
8116,ENSG00000229443
8117,ENSG00000260388
8118,ENSG00000261097
8119,ENSG00000260094
8120,ENSG00000261498
8121,ENSG00000259831
8122,ENSG00000224177
8123,ENSG00000223685
8124,ENSG00000224405
8125,ENSG00000231782
8126,ENSG00000228221
8127,ENSG00000280989
8128,ENSG00000251191
8129,ENSG00000258279
8130,ENSG00000215483
8131,ENSG00000235180
8132,ENSG00000281832
8133,ENSG00000250585
8134,ENSG00000251533
8135,ENSG00000226567
8136,ENSG00000235770
8137,ENSG00000257585
8138,ENSG00000196243
8139,ENSG00000248307
8140,ENSG00000224514
8141,ENSG00000278811
8142,ENSG00000225826
8143,ENSG00000280924
8144,ENSG00000227060
8145,ENSG00000203930
8146,ENSG00000241469
8147,ENSG00000240423
8148,ENSG00000259070
8149,ENSG00000258479
8150,ENSG00000233208
8151,ENSG00000258548
8152,ENSG00000259129
8153,ENSG00000237945
8154,ENSG00000179935
8155,ENSG00000205181
8156,ENSG00000233746
8157,ENSG00000226995
8158,ENSG00000261824
8159,ENSG00000268658
8160,ENSG00000232677
8161,ENSG00000263753
8162,ENSG00000265933
8163,ENSG00000179136
8164,ENSG00000213373
8165,ENSG00000254934
8166,ENSG00000245870
8167,ENSG00000228422
8168,ENSG00000233570
8169,ENSG00000224074
8170,ENSG00000244342
8171,ENSG00000224382
8172,ENSG00000225269
8173,ENSG00000281186
8174,ENSG00000223784
8175,ENSG00000280809
8176,ENSG00000261683
8177,ENSG00000185904
8178,ENSG00000226808
8179,ENSG00000233395
8180,ENSG00000227244
8181,ENSG00000245060
8182,ENSG00000280752
8183,ENSG00000231177
8184,ENSG00000224805
8185,ENSG00000237523
8186,ENSG00000229404
8187,ENSG00000245164
8188,ENSG00000203721
8189,ENSG00000224914
8190,ENSG00000232229
8191,ENSG00000232139
8192,ENSG00000267535
8193,ENSG00000277147
8194,ENSG00000243083
8195,ENSG00000258700
8196,ENSG00000241163
8197,ENSG00000243629
8198,ENSG00000241135
8199,ENSG00000224652
8200,ENSG00000243926
8201,ENSG00000281852
8202,ENSG00000236499
8203,ENSG00000205634
8204,ENSG00000242385
8205,ENSG00000267339
8206,ENSG00000267586
8207,ENSG00000266256
8208,ENSG00000259107
8209,ENSG00000168367
8210,ENSG00000260268
8211,ENSG00000281005
8212,ENSG00000261742
8213,ENSG00000251209
8214,ENSG00000259134
8215,ENSG00000247982
8216,ENSG00000259361
8217,ENSG00000259150
8218,ENSG00000281196
8219,ENSG00000226091
8220,ENSG00000249267
8221,ENSG00000249628
8222,ENSG00000189238
8223,ENSG00000226070
8224,ENSG00000228784
8225,ENSG00000235314
8226,ENSG00000251381
8227,ENSG00000242516
8228,ENSG00000249816
8229,ENSG00000253138
8230,ENSG00000246430
8231,ENSG00000242641
8232,ENSG00000225128
8233,ENSG00000240476
8234,ENSG00000237248
8235,ENSG00000250334
8236,ENSG00000189196
8237,ENSG00000242258
8238,ENSG00000261455
8239,ENSG00000228564
8240,ENSG00000233123
8241,ENSG00000236700
8242,ENSG00000244041
8243,ENSG00000281706
8244,ENSG00000228495
8245,ENSG00000249346
8246,ENSG00000248118
8247,ENSG00000267603
8248,ENSG00000232077
8249,ENSG00000230426
8250,ENSG00000232225
8251,ENSG00000230390
8252,ENSG00000227676
8253,ENSG00000260102
8254,ENSG00000236076
8255,ENSG00000269186
8256,ENSG00000224559
8257,ENSG00000212694
8258,ENSG00000231689
8259,ENSG00000249464
8260,ENSG00000249173
8261,ENSG00000248809
8262,ENSG00000281202
8263,ENSG00000231171
8264,ENSG00000251504
8265,ENSG00000242107
8266,ENSG00000235597
8267,ENSG00000232084
8268,ENSG00000175772
8269,ENSG00000225493
8270,ENSG00000226673
8271,ENSG00000254300
8272,ENSG00000163364
8273,ENSG00000224577
8274,ENSG00000222005
8275,ENSG00000204588
8276,ENSG00000222033
8277,ENSG00000279873
8278,ENSG00000227630
8279,ENSG00000224259
8280,ENSG00000236423
8281,ENSG00000274020
8282,ENSG00000215808
8283,ENSG00000267272
8284,ENSG00000224286
8285,ENSG00000237751
8286,ENSG00000281912
8287,ENSG00000256124
8288,ENSG00000227143
8289,ENSG00000232790
8290,ENSG00000280953
8291,ENSG00000232903
8292,ENSG00000240707
8293,ENSG00000259471
8294,ENSG00000281404
8295,ENSG00000249500
8296,ENSG00000266979
8297,ENSG00000250634
8298,ENSG00000234199
8299,ENSG00000248131
8300,ENSG00000231817
8301,ENSG00000226985
8302,ENSG00000229563
8303,ENSG00000228980
8304,ENSG00000242512
8305,ENSG00000228308
8306,ENSG00000243550
8307,ENSG00000271856
8308,ENSG00000235492
8309,ENSG00000269416
8310,ENSG00000260737
8311,ENSG00000261082
8312,ENSG00000269364
8313,ENSG00000249550
8314,ENSG00000270547
8315,ENSG00000234840
8316,ENSG00000236306
8317,ENSG00000260720
8318,ENSG00000227007
8319,ENSG00000231532
8320,ENSG00000234423
8321,ENSG00000247157
8322,ENSG00000260913
8323,ENSG00000204603
8324,ENSG00000249534
8325,ENSG00000249667
8326,ENSG00000244558
8327,ENSG00000250739
8328,ENSG00000229630
8329,ENSG00000249740
8330,ENSG00000224957
8331,ENSG00000251576
8332,ENSG00000203999
8333,ENSG00000233077
8334,ENSG00000231742
8335,ENSG00000226917
8336,ENSG00000224391
8337,ENSG00000235304
8338,ENSG00000236747
8339,ENSG00000230317
8340,ENSG00000203650
8341,ENSG00000234722
8342,ENSG00000253734
8343,ENSG00000260468
8344,ENSG00000204792
8345,ENSG00000254081
8346,ENSG00000253595
8347,ENSG00000237401
8348,ENSG00000231453
8349,ENSG00000231671
8350,ENSG00000205632
8351,ENSG00000229891
8352,ENSG00000228262
8353,ENSG00000237790
8354,ENSG00000244128
8355,ENSG00000248673
8356,ENSG00000251221
8357,ENSG00000250331
8358,ENSG00000223823
8359,ENSG00000280587
8360,ENSG00000228309
8361,ENSG00000238078
8362,ENSG00000231507
8363,ENSG00000231768
8364,ENSG00000215866
8365,ENSG00000233973
8366,ENSG00000236268
8367,ENSG00000230817
8368,ENSG00000231605
8369,ENSG00000227290
8370,ENSG00000236204
8371,ENSG00000230452
8372,ENSG00000244578
8373,ENSG00000233607
8374,ENSG00000225535
8375,ENSG00000281097
8376,ENSG00000273396
8377,ENSG00000258673
8378,ENSG00000238113
8379,ENSG00000249306
8380,ENSG00000260172
8381,ENSG00000260930
8382,ENSG00000253898
8383,ENSG00000233997
8384,ENSG00000234380
8385,ENSG00000225321
8386,ENSG00000227964
8387,ENSG00000232645
8388,ENSG00000230176
8389,ENSG00000229981
8390,ENSG00000231106
8391,ENSG00000224008
8392,ENSG00000266554
8393,ENSG00000264301
8394,ENSG00000231427
8395,ENSG00000205628
8396,ENSG00000236078
8397,ENSG00000238284
8398,ENSG00000224017
8399,ENSG00000279141
8400,ENSG00000250888
8401,ENSG00000225882
8402,ENSG00000205334
8403,ENSG00000221949
8404,ENSG00000258977
8405,ENSG00000249484
8406,ENSG00000239921
8407,ENSG00000261715
8408,ENSG00000267337
8409,ENSG00000255772
8410,ENSG00000270164
8411,ENSG00000267659
8412,ENSG00000253686
8413,ENSG00000254211
8414,ENSG00000241336
8415,ENSG00000257741
8416,ENSG00000225564
8417,ENSG00000247213
8418,ENSG00000258583
8419,ENSG00000229613
8420,ENSG00000237339
8421,ENSG00000233901
8422,ENSG00000225434
8423,ENSG00000234323
8424,ENSG00000234506
8425,ENSG00000231107
8426,ENSG00000250584
8427,ENSG00000237579
8428,ENSG00000231422
8429,ENSG00000233515
8430,ENSG00000237267
8431,ENSG00000229522
8432,ENSG00000234948
8433,ENSG00000235202
8434,ENSG00000224995
8435,ENSG00000224308
8436,ENSG00000205786
8437,ENSG00000226686
8438,ENSG00000227467
8439,ENSG00000267712
8440,ENSG00000260676
8441,ENSG00000183250
8442,ENSG00000232560
8443,ENSG00000246223
8444,ENSG00000186960
8445,ENSG00000235931
8446,ENSG00000236882
8447,ENSG00000180869
8448,ENSG00000198221
8449,ENSG00000180861
8450,ENSG00000177234
8451,ENSG00000203356
8452,ENSG00000236819
8453,ENSG00000235899
8454,ENSG00000198685
8455,ENSG00000224310
8456,ENSG00000262468
8457,ENSG00000261008
8458,ENSG00000248859
8459,ENSG00000258476
8460,ENSG00000259518
8461,ENSG00000249487
8462,ENSG00000214900
8463,ENSG00000238120
8464,ENSG00000254083
8465,ENSG00000253658
8466,ENSG00000164385
8467,ENSG00000205293
8468,ENSG00000253479
8469,ENSG00000253161
8470,ENSG00000253301
8471,ENSG00000272138
8472,ENSG00000253877
8473,ENSG00000253103
8474,ENSG00000231776
8475,ENSG00000250266
8476,ENSG00000230838
8477,ENSG00000261340
8478,ENSG00000168746
8479,ENSG00000238099
8480,ENSG00000258602
8481,ENSG00000169783
8482,ENSG00000259666
8483,ENSG00000174482
8484,ENSG00000220008
8485,ENSG00000213171
8486,ENSG00000140471
8487,ENSG00000107798
8488,ENSG00000166035
8489,ENSG00000079435
8490,ENSG00000213904
8491,ENSG00000182333
8492,ENSG00000101670
8493,ENSG00000163898
8494,ENSG00000188992
8495,ENSG00000204022
8496,ENSG00000204021
8497,ENSG00000173239
8498,ENSG00000204020
8499,ENSG00000144182
8500,ENSG00000175536
8501,ENSG00000189067
8502,ENSG00000145721
8503,ENSG00000271601
8504,ENSG00000171695
8505,ENSG00000281091
8506,ENSG00000215403
8507,ENSG00000220891
8508,ENSG00000131899
8509,ENSG00000073350
8510,ENSG00000139233
8511,ENSG00000074695
8512,ENSG00000140506
8513,ENSG00000169223
8514,ENSG00000114988
8515,ENSG00000105983
8516,ENSG00000139636
8517,ENSG00000168216
8518,ENSG00000164187
8519,ENSG00000071282
8520,ENSG00000103227
8521,ENSG00000260439
8522,ENSG00000100258
8523,ENSG00000185621
8524,ENSG00000232832
8525,ENSG00000160789
8526,ENSG00000113368
8527,ENSG00000176619
8528,ENSG00000152936
8529,ENSG00000166407
8530,ENSG00000135363
8531,ENSG00000048540
8532,ENSG00000143013
8533,ENSG00000136153
8534,ENSG00000261105
8535,ENSG00000178734
8536,ENSG00000163431
8537,ENSG00000170807
8538,ENSG00000163380
8539,ENSG00000164715
8540,ENSG00000142235
8541,ENSG00000162761
8542,ENSG00000136944
8543,ENSG00000206535
8544,ENSG00000113441
8545,ENSG00000072201
8546,ENSG00000250930
8547,ENSG00000139517
8548,ENSG00000205791
8549,ENSG00000196365
8550,ENSG00000102910
8551,ENSG00000170500
8552,ENSG00000175556
8553,ENSG00000113083
8554,ENSG00000167210
8555,ENSG00000129038
8556,ENSG00000261801
8557,ENSG00000134013
8558,ENSG00000115318
8559,ENSG00000138131
8560,ENSG00000198670
8561,ENSG00000198121
8562,ENSG00000064547
8563,ENSG00000171517
8564,ENSG00000147145
8565,ENSG00000184574
8566,ENSG00000139679
8567,ENSG00000153395
8568,ENSG00000087253
8569,ENSG00000111684
8570,ENSG00000176454
8571,ENSG00000123684
8572,ENSG00000134324
8573,ENSG00000101577
8574,ENSG00000132793
8575,ENSG00000175445
8576,ENSG00000167419
8577,ENSG00000145012
8578,ENSG00000270959
8579,ENSG00000110031
8580,ENSG00000121207
8581,ENSG00000198589
8582,ENSG00000136141
8583,ENSG00000130224
8584,ENSG00000186001
8585,ENSG00000077454
8586,ENSG00000204583
8587,ENSG00000128011
8588,ENSG00000156564
8589,ENSG00000126243
8590,ENSG00000173621
8591,ENSG00000165379
8592,ENSG00000171236
8593,ENSG00000155530
8594,ENSG00000121931
8595,ENSG00000144749
8596,ENSG00000198799
8597,ENSG00000139263
8598,ENSG00000183423
8599,ENSG00000123384
8600,ENSG00000259125
8601,ENSG00000197324
8602,ENSG00000120256
8603,ENSG00000147650
8604,ENSG00000168702
8605,ENSG00000081479
8606,ENSG00000109771
8607,ENSG00000130881
8608,ENSG00000134569
8609,ENSG00000247675
8610,ENSG00000162337
8611,ENSG00000070018
8612,ENSG00000157193
8613,ENSG00000163956
8614,ENSG00000138095
8615,ENSG00000165501
8616,ENSG00000137269
8617,ENSG00000198812
8618,ENSG00000204950
8619,ENSG00000160959
8620,ENSG00000185028
8621,ENSG00000172061
8622,ENSG00000128606
8623,ENSG00000165383
8624,ENSG00000184434
8625,ENSG00000163827
8626,ENSG00000268324
8627,ENSG00000172731
8628,ENSG00000010626
8629,ENSG00000254402
8630,ENSG00000175489
8631,ENSG00000184709
8632,ENSG00000148814
8633,ENSG00000168904
8634,ENSG00000160233
8635,ENSG00000114248
8636,ENSG00000137507
8637,ENSG00000171757
8638,ENSG00000159708
8639,ENSG00000176809
8640,ENSG00000185158
8641,ENSG00000162494
8642,ENSG00000122477
8643,ENSG00000179796
8644,ENSG00000128594
8645,ENSG00000066557
8646,ENSG00000132128
8647,ENSG00000116212
8648,ENSG00000158113
8649,ENSG00000169683
8650,ENSG00000141294
8651,ENSG00000130764
8652,ENSG00000137821
8653,ENSG00000131409
8654,ENSG00000148948
8655,ENSG00000162763
8656,ENSG00000162621
8657,ENSG00000183908
8658,ENSG00000161328
8659,ENSG00000180979
8660,ENSG00000163428
8661,ENSG00000108829
8662,ENSG00000127399
8663,ENSG00000173988
8664,ENSG00000188993
8665,ENSG00000214954
8666,ENSG00000033122
8667,ENSG00000186105
8668,ENSG00000160838
8669,ENSG00000205858
8670,ENSG00000204052
8671,ENSG00000100565
8672,ENSG00000187905
8673,ENSG00000181350
8674,ENSG00000178026
8675,ENSG00000136802
8676,ENSG00000197147
8677,ENSG00000171488
8678,ENSG00000171492
8679,ENSG00000171017
8680,ENSG00000131951
8681,ENSG00000133739
8682,ENSG00000240720
8683,ENSG00000124831
8684,ENSG00000093167
8685,ENSG00000133640
8686,ENSG00000162620
8687,ENSG00000188306
8688,ENSG00000154237
8689,ENSG00000188906
8690,ENSG00000175928
8691,ENSG00000170382
8692,ENSG00000173114
8693,ENSG00000125872
8694,ENSG00000177363
8695,ENSG00000162951
8696,ENSG00000146006
8697,ENSG00000198739
8698,ENSG00000176204
8699,ENSG00000148356
8700,ENSG00000144771
8701,ENSG00000161036
8702,ENSG00000185565
8703,ENSG00000240922
8704,ENSG00000041802
8705,ENSG00000281560
8706,ENSG00000175324
8707,ENSG00000181817
8708,ENSG00000155858
8709,ENSG00000161654
8710,ENSG00000257103
8711,ENSG00000149657
8712,ENSG00000170860
8713,ENSG00000130520
8714,ENSG00000106355
8715,ENSG00000164167
8716,ENSG00000130332
8717,ENSG00000128534
8718,ENSG00000181016
8719,ENSG00000179564
8720,ENSG00000130592
8721,ENSG00000105699
8722,ENSG00000160285
8723,ENSG00000111144
8724,ENSG00000227507
8725,ENSG00000213903
8726,ENSG00000213906
8727,ENSG00000049323
8728,ENSG00000119681
8729,ENSG00000168056
8730,ENSG00000090006
8731,ENSG00000111321
8732,ENSG00000213316
8733,ENSG00000012223
8734,ENSG00000062524
8735,ENSG00000198862
8736,ENSG00000135521
8737,ENSG00000196634
8738,ENSG00000007392
8739,ENSG00000146963
8740,ENSG00000108848
8741,ENSG00000139329
8742,ENSG00000171357
8743,ENSG00000153714
8744,ENSG00000235448
8745,ENSG00000169641
8746,ENSG00000187398
8747,ENSG00000102021
8748,ENSG00000172901
8749,ENSG00000079257
8750,ENSG00000167656
8751,ENSG00000160932
8752,ENSG00000176956
8753,ENSG00000160886
8754,ENSG00000054219
8755,ENSG00000248672
8756,ENSG00000112799
8757,ENSG00000216863
8758,ENSG00000122224
8759,ENSG00000154589
8760,ENSG00000145220
8761,ENSG00000144214
8762,ENSG00000185674
8763,ENSG00000104903
8764,ENSG00000254087
8765,ENSG00000180155
8766,ENSG00000150551
8767,ENSG00000197353
8768,ENSG00000124466
8769,ENSG00000273111
8770,ENSG00000159871
8771,ENSG00000187123
8772,ENSG00000150556
8773,ENSG00000259823
8774,ENSG00000120992
8775,ENSG00000011009
8776,ENSG00000143353
8777,ENSG00000102897
8778,ENSG00000083099
8779,ENSG00000214113
8780,ENSG00000186687
8781,ENSG00000232859
8782,ENSG00000163155
8783,ENSG00000140280
8784,ENSG00000176018
8785,ENSG00000183060
8786,ENSG00000143669
8787,ENSG00000133800
8788,ENSG00000090382
8789,ENSG00000120563
8790,ENSG00000151033
8791,ENSG00000157093
8792,ENSG00000275722
8793,ENSG00000162441
8794,ENSG00000163818
8795,ENSG00000099949
8796,ENSG00000061337
8797,ENSG00000253733
8798,ENSG00000107816
8799,ENSG00000159374
8800,ENSG00000003056
8801,ENSG00000180660
8802,ENSG00000181541
8803,ENSG00000173212
8804,ENSG00000183742
8805,ENSG00000228598
8806,ENSG00000127603
8807,ENSG00000133315
8808,ENSG00000172264
8809,ENSG00000235914
8810,ENSG00000002822
8811,ENSG00000164109
8812,ENSG00000124688
8813,ENSG00000116670
8814,ENSG00000099866
8815,ENSG00000110514
8816,ENSG00000090316
8817,ENSG00000143194
8818,ENSG00000178573
8819,ENSG00000179632
8820,ENSG00000182759
8821,ENSG00000204103
8822,ENSG00000185022
8823,ENSG00000197063
8824,ENSG00000264769
8825,ENSG00000198517
8826,ENSG00000261390
8827,ENSG00000105695
8828,ENSG00000198681
8829,ENSG00000124260
8830,ENSG00000185247
8831,ENSG00000268606
8832,ENSG00000183305
8833,ENSG00000147381
8834,ENSG00000197172
8835,ENSG00000156009
8836,ENSG00000123584
8837,ENSG00000267978
8838,ENSG00000214107
8839,ENSG00000177689
8840,ENSG00000189023
8841,ENSG00000099399
8842,ENSG00000120289
8843,ENSG00000188408
8844,ENSG00000176746
8845,ENSG00000155495
8846,ENSG00000046774
8847,ENSG00000179222
8848,ENSG00000102316
8849,ENSG00000154545
8850,ENSG00000187243
8851,ENSG00000198934
8852,ENSG00000186675
8853,ENSG00000177383
8854,ENSG00000187601
8855,ENSG00000151276
8856,ENSG00000240175
8857,ENSG00000187391
8858,ENSG00000081026
8859,ENSG00000162385
8860,ENSG00000111196
8861,ENSG00000102158
8862,ENSG00000111837
8863,ENSG00000198042
8864,ENSG00000172005
8865,ENSG00000147676
8866,ENSG00000251562
8867,ENSG00000144063
8868,ENSG00000204740
8869,ENSG00000156928
8870,ENSG00000172175
8871,ENSG00000204706
8872,ENSG00000177943
8873,ENSG00000161021
8874,ENSG00000184384
8875,ENSG00000196782
8876,ENSG00000013619
8877,ENSG00000176909
8878,ENSG00000111885
8879,ENSG00000198162
8880,ENSG00000177239
8881,ENSG00000117643
8882,ENSG00000112893
8883,ENSG00000196547
8884,ENSG00000104774
8885,ENSG00000013288
8886,ENSG00000140400
8887,ENSG00000109323
8888,ENSG00000101363
8889,ENSG00000172469
8890,ENSG00000185090
8891,ENSG00000145050
8892,ENSG00000205693
8893,ENSG00000189221
8894,ENSG00000069535
8895,ENSG00000212916
8896,ENSG00000166963
8897,ENSG00000131711
8898,ENSG00000101460
8899,ENSG00000140941
8900,ENSG00000258102
8901,ENSG00000197769
8902,ENSG00000130479
8903,ENSG00000078018
8904,ENSG00000169032
8905,ENSG00000126934
8906,ENSG00000034152
8907,ENSG00000065559
8908,ENSG00000137764
8909,ENSG00000108984
8910,ENSG00000076984
8911,ENSG00000095015
8912,ENSG00000130758
8913,ENSG00000173327
8914,ENSG00000139625
8915,ENSG00000073803
8916,ENSG00000006062
8917,ENSG00000180815
8918,ENSG00000176601
8919,ENSG00000169967
8920,ENSG00000198909
8921,ENSG00000085511
8922,ENSG00000197442
8923,ENSG00000142733
8924,ENSG00000135341
8925,ENSG00000156265
8926,ENSG00000107968
8927,ENSG00000006432
8928,ENSG00000047849
8929,ENSG00000104814
8930,ENSG00000168067
8931,ENSG00000011566
8932,ENSG00000071054
8933,ENSG00000012983
8934,ENSG00000171533
8935,ENSG00000180834
8936,ENSG00000135525
8937,ENSG00000116871
8938,ENSG00000184368
8939,ENSG00000129680
8940,ENSG00000164114
8941,ENSG00000100030
8942,ENSG00000109339
8943,ENSG00000185386
8944,ENSG00000188130
8945,ENSG00000156711
8946,ENSG00000112062
8947,ENSG00000168175
8948,ENSG00000102882
8949,ENSG00000141639
8950,ENSG00000069956
8951,ENSG00000166484
8952,ENSG00000107643
8953,ENSG00000121653
8954,ENSG00000008735
8955,ENSG00000138834
8956,ENSG00000050748
8957,ENSG00000119487
8958,ENSG00000162889
8959,ENSG00000114738
8960,ENSG00000089022
8961,ENSG00000234608
8962,ENSG00000137802
8963,ENSG00000101367
8964,ENSG00000166974
8965,ENSG00000084764
8966,ENSG00000277443
8967,ENSG00000175130
8968,ENSG00000019169
8969,ENSG00000116141
8970,ENSG00000072518
8971,ENSG00000075413
8972,ENSG00000007047
8973,ENSG00000247626
8974,ENSG00000155254
8975,ENSG00000140832
8976,ENSG00000130368
8977,ENSG00000127241
8978,ENSG00000009724
8979,ENSG00000105613
8980,ENSG00000086015
8981,ENSG00000099308
8982,ENSG00000069020
8983,ENSG00000120539
8984,ENSG00000151224
8985,ENSG00000168906
8986,ENSG00000038274
8987,ENSG00000007264
8988,ENSG00000162510
8989,ENSG00000186056
8990,ENSG00000132561
8991,ENSG00000132031
8992,ENSG00000124159
8993,ENSG00000015479
8994,ENSG00000129933
8995,ENSG00000088888
8996,ENSG00000125952
8997,ENSG00000103495
8998,ENSG00000198125
8999,ENSG00000180611
9000,ENSG00000141644
9001,ENSG00000134046
9002,ENSG00000071655
9003,ENSG00000170948
9004,ENSG00000230522
9005,ENSG00000237247
9006,ENSG00000129071
9007,ENSG00000204406
9008,ENSG00000166987
9009,ENSG00000151332
9010,ENSG00000165471
9011,ENSG00000214309
9012,ENSG00000176055
9013,ENSG00000152601
9014,ENSG00000229619
9015,ENSG00000139793
9016,ENSG00000076770
9017,ENSG00000172197
9018,ENSG00000143797
9019,ENSG00000177669
9020,ENSG00000197971
9021,ENSG00000011258
9022,ENSG00000140943
9023,ENSG00000012174
9024,ENSG00000258839
9025,ENSG00000185231
9026,ENSG00000124089
9027,ENSG00000166603
9028,ENSG00000076706
9029,ENSG00000100294
9030,ENSG00000171444
9031,ENSG00000078070
9032,ENSG00000124370
9033,ENSG00000183019
9034,ENSG00000101977
9035,ENSG00000126217
9036,ENSG00000053524
9037,ENSG00000180398
9038,ENSG00000128285
9039,ENSG00000152034
9040,ENSG00000234602
9041,ENSG00000143384
9042,ENSG00000065328
9043,ENSG00000073111
9044,ENSG00000112118
9045,ENSG00000160294
9046,ENSG00000215424
9047,ENSG00000104738
9048,ENSG00000100297
9049,ENSG00000076003
9050,ENSG00000166508
9051,ENSG00000125885
9052,ENSG00000111877
9053,ENSG00000197771
9054,ENSG00000178460
9055,ENSG00000090674
9056,ENSG00000153898
9057,ENSG00000055732
9058,ENSG00000147316
9059,ENSG00000187778
9060,ENSG00000175471
9061,ENSG00000140563
9062,ENSG00000232119
9063,ENSG00000156026
9064,ENSG00000050393
9065,ENSG00000112559
9066,ENSG00000135272
9067,ENSG00000112139
9068,ENSG00000139915
9069,ENSG00000014641
9070,ENSG00000138400
9071,ENSG00000146701
9072,ENSG00000110492
9073,ENSG00000111554
9074,ENSG00000135679
9075,ENSG00000198625
9076,ENSG00000112159
9077,ENSG00000213920
9078,ENSG00000197880
9079,ENSG00000065833
9080,ENSG00000082212
9081,ENSG00000151376
9082,ENSG00000124733
9083,ENSG00000163875
9084,ENSG00000085276
9085,ENSG00000169057
9086,ENSG00000116353
9087,ENSG00000125686
9088,ENSG00000161920
9089,ENSG00000184634
9090,ENSG00000144893
9091,ENSG00000108510
9092,ENSG00000123066
9093,ENSG00000180182
9094,ENSG00000099917
9095,ENSG00000042429
9096,ENSG00000130772
9097,ENSG00000156603
9098,ENSG00000124641
9099,ENSG00000152944
9100,ENSG00000112282
9101,ENSG00000008838
9102,ENSG00000104973
9103,ENSG00000105085
9104,ENSG00000160563
9105,ENSG00000118579
9106,ENSG00000063322
9107,ENSG00000164758
9108,ENSG00000108590
9109,ENSG00000136146
9110,ENSG00000229111
9111,ENSG00000133997
9112,ENSG00000155868
9113,ENSG00000159479
9114,ENSG00000141026
9115,ENSG00000102802
9116,ENSG00000068305
9117,ENSG00000213999
9118,ENSG00000081189
9119,ENSG00000248309
9120,ENSG00000103313
9121,ENSG00000214548
9122,ENSG00000223403
9123,ENSG00000145794
9124,ENSG00000157890
9125,ENSG00000162591
9126,ENSG00000105429
9127,ENSG00000106780
9128,ENSG00000167077
9129,ENSG00000269964
9130,ENSG00000197889
9131,ENSG00000239642
9132,ENSG00000162039
9133,ENSG00000180336
9134,ENSG00000143995
9135,ENSG00000230749
9136,ENSG00000134138
9137,ENSG00000105419
9138,ENSG00000165304
9139,ENSG00000162959
9140,ENSG00000133895
9141,ENSG00000005102
9142,ENSG00000106511
9143,ENSG00000112818
9144,ENSG00000141434
9145,ENSG00000152595
9146,ENSG00000153208
9147,ENSG00000166823
9148,ENSG00000188095
9149,ENSG00000106484
9150,ENSG00000272701
9151,ENSG00000105976
9152,ENSG00000164024
9153,ENSG00000111142
9154,ENSG00000103260
9155,ENSG00000176845
9156,ENSG00000037897
9157,ENSG00000010165
9158,ENSG00000145388
9159,ENSG00000169519
9160,ENSG00000127804
9161,ENSG00000165792
9162,ENSG00000171806
9163,ENSG00000144401
9164,ENSG00000139780
9165,ENSG00000067365
9166,ENSG00000181038
9167,ENSG00000053328
9168,ENSG00000127720
9169,ENSG00000087995
9170,ENSG00000165055
9171,ENSG00000165819
9172,ENSG00000101574
9173,ENSG00000138382
9174,ENSG00000206562
9175,ENSG00000123600
9176,ENSG00000254726
9177,ENSG00000183496
9178,ENSG00000176624
9179,ENSG00000181588
9180,ENSG00000140259
9181,ENSG00000117122
9182,ENSG00000037749
9183,ENSG00000198948
9184,ENSG00000166482
9185,ENSG00000197614
9186,ENSG00000168958
9187,ENSG00000140545
9188,ENSG00000171109
9189,ENSG00000116688
9190,ENSG00000100060
9191,ENSG00000118855
9192,ENSG00000092931
9193,ENSG00000161091
9194,ENSG00000168389
9195,ENSG00000205639
9196,ENSG00000151690
9197,ENSG00000185156
9198,ENSG00000164073
9199,ENSG00000174197
9200,ENSG00000257743
9201,ENSG00000137463
9202,ENSG00000131446
9203,ENSG00000168282
9204,ENSG00000128268
9205,ENSG00000227188
9206,ENSG00000071073
9207,ENSG00000182050
9208,ENSG00000205301
9209,ENSG00000152127
9210,ENSG00000167889
9211,ENSG00000259458
9212,ENSG00000246731
9213,ENSG00000074416
9214,ENSG00000125871
9215,ENSG00000170430
9216,ENSG00000111341
9217,ENSG00000102858
9218,ENSG00000008394
9219,ENSG00000085871
9220,ENSG00000143198
9221,ENSG00000261857
9222,ENSG00000150527
9223,ENSG00000154305
9224,ENSG00000225783
9225,ENSG00000244625
9226,ENSG00000101752
9227,ENSG00000197530
9228,ENSG00000135596
9229,ENSG00000133816
9230,ENSG00000243156
9231,ENSG00000100139
9232,ENSG00000164877
9233,ENSG00000107745
9234,ENSG00000165487
9235,ENSG00000155970
9236,ENSG00000101871
9237,ENSG00000165175
9238,ENSG00000080561
9239,ENSG00000167470
9240,ENSG00000100335
9241,ENSG00000141741
9242,ENSG00000198160
9243,ENSG00000105556
9244,ENSG00000155545
9245,ENSG00000125457
9246,ENSG00000116691
9247,ENSG00000271605
9248,ENSG00000268654
9249,ENSG00000253716
9250,ENSG00000141503
9251,ENSG00000107789
9252,ENSG00000164654
9253,ENSG00000100253
9254,ENSG00000135517
9255,ENSG00000027001
9256,ENSG00000151338
9257,ENSG00000174407
9258,ENSG00000255248
9259,ENSG00000265142
9260,ENSG00000225206
9261,ENSG00000284239
9262,ENSG00000234883
9263,ENSG00000224020
9264,ENSG00000262454
9265,ENSG00000166917
9266,ENSG00000254349
9267,ENSG00000267151
9268,ENSG00000284185
9269,ENSG00000253522
9270,ENSG00000284305
9271,ENSG00000266454
9272,ENSG00000265537
9273,ENSG00000264115
9274,ENSG00000280870
9275,ENSG00000228526
9276,ENSG00000234474
9277,ENSG00000224184
9278,ENSG00000251230
9279,ENSG00000261738
9280,ENSG00000227555
9281,ENSG00000245832
9282,ENSG00000257612
9283,ENSG00000228590
9284,ENSG00000172965
9285,ENSG00000247516
9286,ENSG00000228824
9287,ENSG00000224141
9288,ENSG00000229950
9289,ENSG00000228340
9290,ENSG00000176840
9291,ENSG00000260083
9292,ENSG00000255571
9293,ENSG00000215386
9294,ENSG00000197182
9295,ENSG00000167842
9296,ENSG00000159055
9297,ENSG00000227256
9298,ENSG00000129534
9299,ENSG00000099812
9300,ENSG00000158411
9301,ENSG00000187098
9302,ENSG00000185155
9303,ENSG00000148773
9304,ENSG00000125863
9305,ENSG00000128585
9306,ENSG00000079277
9307,ENSG00000269956
9308,ENSG00000099875
9309,ENSG00000133606
9310,ENSG00000075975
9311,ENSG00000225526
9312,ENSG00000179455
9313,ENSG00000011143
9314,ENSG00000150051
9315,ENSG00000120215
9316,ENSG00000100427
9317,ENSG00000110917
9318,ENSG00000178053
9319,ENSG00000089693
9320,ENSG00000076242
9321,ENSG00000119684
9322,ENSG00000146147
9323,ENSG00000168404
9324,ENSG00000130382
9325,ENSG00000078403
9326,ENSG00000213190
9327,ENSG00000171843
9328,ENSG00000275023
9329,ENSG00000102539
9330,ENSG00000115648
9331,ENSG00000167965
9332,ENSG00000108788
9333,ENSG00000009950
9334,ENSG00000103150
9335,ENSG00000151611
9336,ENSG00000139428
9337,ENSG00000132763
9338,ENSG00000168288
9339,ENSG00000108960
9340,ENSG00000196549
9341,ENSG00000142606
9342,ENSG00000169446
9343,ENSG00000196611
9344,ENSG00000166670
9345,ENSG00000099953
9346,ENSG00000262406
9347,ENSG00000137745
9348,ENSG00000157227
9349,ENSG00000102996
9350,ENSG00000156103
9351,ENSG00000198598
9352,ENSG00000123342
9353,ENSG00000087245
9354,ENSG00000137674
9355,ENSG00000154485
9356,ENSG00000189409
9357,ENSG00000125966
9358,ENSG00000008516
9359,ENSG00000137675
9360,ENSG00000149968
9361,ENSG00000137673
9362,ENSG00000118113
9363,ENSG00000100985
9364,ENSG00000138722
9365,ENSG00000173269
9366,ENSG00000155229
9367,ENSG00000146263
9368,ENSG00000169184
9369,ENSG00000020426
9370,ENSG00000121211
9371,ENSG00000163563
9372,ENSG00000138587
9373,ENSG00000070444
9374,ENSG00000130675
9375,ENSG00000235029
9376,ENSG00000165943
9377,ENSG00000114978
9378,ENSG00000173542
9379,ENSG00000172081
9380,ENSG00000120162
9381,ENSG00000142961
9382,ENSG00000115540
9383,ENSG00000168314
9384,ENSG00000075643
9385,ENSG00000124615
9386,ENSG00000164172
9387,ENSG00000124217
9388,ENSG00000124003
9389,ENSG00000166391
9390,ENSG00000106384
9391,ENSG00000115275
9392,ENSG00000080823
9393,ENSG00000164077
9394,ENSG00000103111
9395,ENSG00000061987
9396,ENSG00000114487
9397,ENSG00000133422
9398,ENSG00000235989
9399,ENSG00000159256
9400,ENSG00000133131
9401,ENSG00000185787
9402,ENSG00000123562
9403,ENSG00000116151
9404,ENSG00000188010
9405,ENSG00000139714
9406,ENSG00000171160
9407,ENSG00000185681
9408,ENSG00000101928
9409,ENSG00000130150
9410,ENSG00000106330
9411,ENSG00000155363
9412,ENSG00000073146
9413,ENSG00000079931
9414,ENSG00000060762
9415,ENSG00000143158
9416,ENSG00000129255
9417,ENSG00000107186
9418,ENSG00000197629
9419,ENSG00000103152
9420,ENSG00000124383
9421,ENSG00000135698
9422,ENSG00000196199
9423,ENSG00000051825
9424,ENSG00000178802
9425,ENSG00000117400
9426,ENSG00000168303
9427,ENSG00000008382
9428,ENSG00000005381
9429,ENSG00000130830
9430,ENSG00000108852
9431,ENSG00000161647
9432,ENSG00000082126
9433,ENSG00000150054
9434,ENSG00000154889
9435,ENSG00000186732
9436,ENSG00000066382
9437,ENSG00000133030
9438,ENSG00000128309
9439,ENSG00000115204
9440,ENSG00000254858
9441,ENSG00000158887
9442,ENSG00000197965
9443,ENSG00000149573
9444,ENSG00000160588
9445,ENSG00000153029
9446,ENSG00000170262
9447,ENSG00000135324
9448,ENSG00000158186
9449,ENSG00000260314
9450,ENSG00000011028
9451,ENSG00000118242
9452,ENSG00000179010
9453,ENSG00000178988
9454,ENSG00000101189
9455,ENSG00000184350
9456,ENSG00000172935
9457,ENSG00000256508
9458,ENSG00000236301
9459,ENSG00000183695
9460,ENSG00000179817
9461,ENSG00000037757
9462,ENSG00000227877
9463,ENSG00000278619
9464,ENSG00000134042
9465,ENSG00000179832
9466,ENSG00000185038
9467,ENSG00000171495
9468,ENSG00000184313
9469,ENSG00000117501
9470,ENSG00000169288
9471,ENSG00000159111
9472,ENSG00000174547
9473,ENSG00000262814
9474,ENSG00000172172
9475,ENSG00000180992
9476,ENSG00000137547
9477,ENSG00000166902
9478,ENSG00000158042
9479,ENSG00000112110
9480,ENSG00000115364
9481,ENSG00000112651
9482,ENSG00000242485
9483,ENSG00000197345
9484,ENSG00000082515
9485,ENSG00000143314
9486,ENSG00000108826
9487,ENSG00000086504
9488,ENSG00000114686
9489,ENSG00000185414
9490,ENSG00000106591
9491,ENSG00000243147
9492,ENSG00000130312
9493,ENSG00000132313
9494,ENSG00000171421
9495,ENSG00000116221
9496,ENSG00000204316
9497,ENSG00000154719
9498,ENSG00000105364
9499,ENSG00000185608
9500,ENSG00000182154
9501,ENSG00000198015
9502,ENSG00000055950
9503,ENSG00000135900
9504,ENSG00000259494
9505,ENSG00000136522
9506,ENSG00000175581
9507,ENSG00000149792
9508,ENSG00000136897
9509,ENSG00000111639
9510,ENSG00000172590
9511,ENSG00000204822
9512,ENSG00000183617
9513,ENSG00000162910
9514,ENSG00000173141
9515,ENSG00000143436
9516,ENSG00000048544
9517,ENSG00000181991
9518,ENSG00000128626
9519,ENSG00000120333
9520,ENSG00000116898
9521,ENSG00000182180
9522,ENSG00000239789
9523,ENSG00000096080
9524,ENSG00000163319
9525,ENSG00000122140
9526,ENSG00000266472
9527,ENSG00000175110
9528,ENSG00000181610
9529,ENSG00000062582
9530,ENSG00000131368
9531,ENSG00000125901
9532,ENSG00000113048
9533,ENSG00000147586
9534,ENSG00000112996
9535,ENSG00000102738
9536,ENSG00000090263
9537,ENSG00000074071
9538,ENSG00000061794
9539,ENSG00000144029
9540,ENSG00000243927
9541,ENSG00000125445
9542,ENSG00000135972
9543,ENSG00000148187
9544,ENSG00000124532
9545,ENSG00000053372
9546,ENSG00000156738
9547,ENSG00000172689
9548,ENSG00000071203
9549,ENSG00000204979
9550,ENSG00000166928
9551,ENSG00000166961
9552,ENSG00000214782
9553,ENSG00000149534
9554,ENSG00000149516
9555,ENSG00000110079
9556,ENSG00000214787
9557,ENSG00000166930
9558,ENSG00000110077
9559,ENSG00000166926
9560,ENSG00000166927
9561,ENSG00000166959
9562,ENSG00000188981
9563,ENSG00000120458
9564,ENSG00000066697
9565,ENSG00000170903
9566,ENSG00000178860
9567,ENSG00000235531
9568,ENSG00000095002
9569,ENSG00000113318
9570,ENSG00000057468
9571,ENSG00000116062
9572,ENSG00000135097
9573,ENSG00000153944
9574,ENSG00000188895
9575,ENSG00000174579
9576,ENSG00000005302
9577,ENSG00000102854
9578,ENSG00000162006
9579,ENSG00000263639
9580,ENSG00000052802
9581,ENSG00000215183
9582,ENSG00000147065
9583,ENSG00000038945
9584,ENSG00000198736
9585,ENSG00000148450
9586,ENSG00000174099
9587,ENSG00000166343
9588,ENSG00000173531
9589,ENSG00000164078
9590,ENSG00000138379
9591,ENSG00000125459
9592,ENSG00000163132
9593,ENSG00000120149
9594,ENSG00000198899
9595,ENSG00000228253
9596,ENSG00000198804
9597,ENSG00000198712
9598,ENSG00000198938
9599,ENSG00000198727
9600,ENSG00000198888
9601,ENSG00000198763
9602,ENSG00000198840
9603,ENSG00000198886
9604,ENSG00000212907
9605,ENSG00000198786
9606,ENSG00000198695
9607,ENSG00000205362
9608,ENSG00000169688
9609,ENSG00000169715
9610,ENSG00000198417
9611,ENSG00000125144
9612,ENSG00000205358
9613,ENSG00000244020
9614,ENSG00000205364
9615,ENSG00000187193
9616,ENSG00000125148
9617,ENSG00000087250
9618,ENSG00000182979
9619,ENSG00000149480
9620,ENSG00000057935
9621,ENSG00000099810
9622,ENSG00000172167
9623,ENSG00000137409
9624,ENSG00000109919
9625,ENSG00000168502
9626,ENSG00000214827
9627,ENSG00000147649
9628,ENSG00000127989
9629,ENSG00000120832
9630,ENSG00000156469
9631,ENSG00000122085
9632,ENSG00000188786
9633,ENSG00000143033
9634,ENSG00000103707
9635,ENSG00000242114
9636,ENSG00000066855
9637,ENSG00000117640
9638,ENSG00000146410
9639,ENSG00000148824
9640,ENSG00000101181
9641,ENSG00000100714
9642,ENSG00000120254
9643,ENSG00000065911
9644,ENSG00000163738
9645,ENSG00000177000
9646,ENSG00000136371
9647,ENSG00000103248
9648,ENSG00000085760
9649,ENSG00000122033
9650,ENSG00000171100
9651,ENSG00000063601
9652,ENSG00000014914
9653,ENSG00000150712
9654,ENSG00000163719
9655,ENSG00000087053
9656,ENSG00000100330
9657,ENSG00000108389
9658,ENSG00000139505
9659,ENSG00000003987
9660,ENSG00000102043
9661,ENSG00000104643
9662,ENSG00000168412
9663,ENSG00000135297
9664,ENSG00000198793
9665,ENSG00000225602
9666,ENSG00000107951
9667,ENSG00000105887
9668,ENSG00000116984
9669,ENSG00000120662
9670,ENSG00000112031
9671,ENSG00000124275
9672,ENSG00000170873
9673,ENSG00000138823
9674,ENSG00000180354
9675,ENSG00000129422
9676,ENSG00000132938
9677,ENSG00000236758
9678,ENSG00000173171
9679,ENSG00000128654
9680,ENSG00000177034
9681,ENSG00000185499
9682,ENSG00000205277
9683,ENSG00000173702
9684,ENSG00000169550
9685,ENSG00000181143
9686,ENSG00000169876
9687,ENSG00000204544
9688,ENSG00000169894
9689,ENSG00000215182
9690,ENSG00000117983
9691,ENSG00000171195
9692,ENSG00000172551
9693,ENSG00000090432
9694,ENSG00000172732
9695,ENSG00000030304
9696,ENSG00000132781
9697,ENSG00000141971
9698,ENSG00000196814
9699,ENSG00000167508
9700,ENSG00000110921
9701,ENSG00000013364
9702,ENSG00000157601
9703,ENSG00000183486
9704,ENSG00000059728
9705,ENSG00000213347
9706,ENSG00000123933
9707,ENSG00000119950
9708,ENSG00000101825
9709,ENSG00000182534
9710,ENSG00000162576
9711,ENSG00000179820
9712,ENSG00000185105
9713,ENSG00000118513
9714,ENSG00000132382
9715,ENSG00000185697
9716,ENSG00000101057
9717,ENSG00000196091
9718,ENSG00000086967
9719,ENSG00000134571
9720,ENSG00000133055
9721,ENSG00000221986
9722,ENSG00000136997
9723,ENSG00000214114
9724,ENSG00000005810
9725,ENSG00000236051
9726,ENSG00000136449
9727,ENSG00000116990
9728,ENSG00000134323
9729,ENSG00000233718
9730,ENSG00000223850
9731,ENSG00000120279
9732,ENSG00000172936
9733,ENSG00000074842
9734,ENSG00000104177
9735,ENSG00000172927
9736,ENSG00000111046
9737,ENSG00000109061
9738,ENSG00000133026
9739,ENSG00000133392
9740,ENSG00000006788
9741,ENSG00000105357
9742,ENSG00000144821
9743,ENSG00000125414
9744,ENSG00000109063
9745,ENSG00000264424
9746,ENSG00000197616
9747,ENSG00000092054
9748,ENSG00000078814
9749,ENSG00000133020
9750,ENSG00000100345
9751,ENSG00000272975
9752,ENSG00000168530
9753,ENSG00000106436
9754,ENSG00000101608
9755,ENSG00000118680
9756,ENSG00000111245
9757,ENSG00000160808
9758,ENSG00000198336
9759,ENSG00000215375
9760,ENSG00000092841
9761,ENSG00000196465
9762,ENSG00000106631
9763,ENSG00000101335
9764,ENSG00000007944
9765,ENSG00000065534
9766,ENSG00000239523
9767,ENSG00000101306
9768,ENSG00000140795
9769,ENSG00000145949
9770,ENSG00000085274
9771,ENSG00000145555
9772,ENSG00000091536
9773,ENSG00000266714
9774,ENSG00000041515
9775,ENSG00000236242
9776,ENSG00000196535
9777,ENSG00000133454
9778,ENSG00000278259
9779,ENSG00000166866
9780,ENSG00000128641
9781,ENSG00000197879
9782,ENSG00000176658
9783,ENSG00000157483
9784,ENSG00000142347
9785,ENSG00000136286
9786,ENSG00000174527
9787,ENSG00000095777
9788,ENSG00000071909
9789,ENSG00000197535
9790,ENSG00000167306
9791,ENSG00000128833
9792,ENSG00000196586
9793,ENSG00000137474
9794,ENSG00000169994
9795,ENSG00000066933
9796,ENSG00000099331
9797,ENSG00000034971
9798,ENSG00000141052
9799,ENSG00000129152
9800,ENSG00000138119
9801,ENSG00000122180
9802,ENSG00000101605
9803,ENSG00000036448
9804,ENSG00000142661
9805,ENSG00000120729
9806,ENSG00000177791
9807,ENSG00000172399
9808,ENSG00000164591
9809,ENSG00000138347
9810,ENSG00000176182
9811,ENSG00000124920
9812,ENSG00000166268
9813,ENSG00000170011
9814,ENSG00000162601
9815,ENSG00000186487
9816,ENSG00000263155
9817,ENSG00000170476
9818,ENSG00000099326
9819,ENSG00000267858
9820,ENSG00000204899
9821,ENSG00000173272
9822,ENSG00000102921
9823,ENSG00000078177
9824,ENSG00000139597
9825,ENSG00000244754
9826,ENSG00000145911
9827,ENSG00000102030
9828,ENSG00000156269
9829,ENSG00000164134
9830,ENSG00000172766
9831,ENSG00000173418
9832,ENSG00000111300
9833,ENSG00000139977
9834,ENSG00000135040
9835,ENSG00000183011
9836,ENSG00000110583
9837,ENSG00000121579
9838,ENSG00000122390
9839,ENSG00000138744
9840,ENSG00000168060
9841,ENSG00000177694
9842,ENSG00000138386
9843,ENSG00000166886
9844,ENSG00000173559
9845,ENSG00000139579
9846,ENSG00000196531
9847,ENSG00000253506
9848,ENSG00000136274
9849,ENSG00000160877
9850,ENSG00000148411
9851,ENSG00000008130
9852,ENSG00000152620
9853,ENSG00000245711
9854,ENSG00000172890
9855,ENSG00000159593
9856,ENSG00000145414
9857,ENSG00000198951
9858,ENSG00000124357
9859,ENSG00000108784
9860,ENSG00000103174
9861,ENSG00000161653
9862,ENSG00000171169
9863,ENSG00000249437
9864,ENSG00000102452
9865,ENSG00000233009
9866,ENSG00000237886
9867,ENSG00000271086
9868,ENSG00000105835
9869,ENSG00000111704
9870,ENSG00000205857
9871,ENSG00000255192
9872,ENSG00000188613
9873,ENSG00000188425
9874,ENSG00000170191
9875,ENSG00000095380
9876,ENSG00000187109
9877,ENSG00000186462
9878,ENSG00000186310
9879,ENSG00000177432
9880,ENSG00000105402
9881,ENSG00000125814
9882,ENSG00000161048
9883,ENSG00000134265
9884,ENSG00000131400
9885,ENSG00000141562
9886,ENSG00000137513
9887,ENSG00000132780
9888,ENSG00000171428
9889,ENSG00000135372
9890,ENSG00000090971
9891,ENSG00000167011
9892,ENSG00000156006
9893,ENSG00000185818
9894,ENSG00000109065
9895,ENSG00000274180
9896,ENSG00000134369
9897,ENSG00000166833
9898,ENSG00000254542
9899,ENSG00000254622
9900,ENSG00000067798
9901,ENSG00000151779
9902,ENSG00000172915
9903,ENSG00000144426
9904,ENSG00000160796
9905,ENSG00000158747
9906,ENSG00000104320
9907,ENSG00000271425
9908,ENSG00000263956
9909,ENSG00000268043
9910,ENSG00000270629
9911,ENSG00000266338
9912,ENSG00000271383
9913,ENSG00000162825
9914,ENSG00000273136
9915,ENSG00000142794
9916,ENSG00000269713
9917,ENSG00000188554
9918,ENSG00000104490
9919,ENSG00000149294
9920,ENSG00000154654
9921,ENSG00000130287
9922,ENSG00000010292
9923,ENSG00000151503
9924,ENSG00000109805
9925,ENSG00000146918
9926,ENSG00000121152
9927,ENSG00000025770
9928,ENSG00000136937
9929,ENSG00000114503
9930,ENSG00000225578
9931,ENSG00000170935
9932,ENSG00000074356
9933,ENSG00000188505
9934,ENSG00000020129
9935,ENSG00000144959
9936,ENSG00000158517
9937,ENSG00000116701
9938,ENSG00000100365
9939,ENSG00000158092
9940,ENSG00000071051
9941,ENSG00000061676
9942,ENSG00000123338
9943,ENSG00000176771
9944,ENSG00000167566
9945,ENSG00000213672
9946,ENSG00000115053
9947,ENSG00000125912
9948,ENSG00000184454
9949,ENSG00000084676
9950,ENSG00000140396
9951,ENSG00000124151
9952,ENSG00000266412
9953,ENSG00000124160
9954,ENSG00000198646
9955,ENSG00000111912
9956,ENSG00000232131
9957,ENSG00000141027
9958,ENSG00000196498
9959,ENSG00000096264
9960,ENSG00000188211
9961,ENSG00000107130
9962,ENSG00000162736
9963,ENSG00000058804
9964,ENSG00000080986
9965,ENSG00000166579
9966,ENSG00000131507
9967,ENSG00000102471
9968,ENSG00000173376
9969,ENSG00000188566
9970,ENSG00000124479
9971,ENSG00000104419
9972,ENSG00000165795
9973,ENSG00000101079
9974,ENSG00000103034
9975,ENSG00000070614
9976,ENSG00000166507
9977,ENSG00000164100
9978,ENSG00000138653
9979,ENSG00000125356
9980,ENSG00000130414
9981,ENSG00000174886
9982,ENSG00000184752
9983,ENSG00000186010
9984,ENSG00000131495
9985,ENSG00000170906
9986,ENSG00000128609
9987,ENSG00000267855
9988,ENSG00000119421
9989,ENSG00000139180
9990,ENSG00000004779
9991,ENSG00000137806
9992,ENSG00000164182
9993,ENSG00000178057
9994,ENSG00000123545
9995,ENSG00000101247
9996,ENSG00000156170
9997,ENSG00000003509
9998,ENSG00000183648
9999,ENSG00000147123
10000,ENSG00000090266
10001,ENSG00000240889
10002,ENSG00000119013
10003,ENSG00000065518
10004,ENSG00000136521
10005,ENSG00000165264
10006,ENSG00000099795
10007,ENSG00000166136
10008,ENSG00000147684
10009,ENSG00000109390
10010,ENSG00000151366
10011,ENSG00000259112
10012,ENSG00000023228
10013,ENSG00000158864
10014,ENSG00000213619
10015,ENSG00000164258
10016,ENSG00000168653
10017,ENSG00000145494
10018,ENSG00000115286
10019,ENSG00000110717
10020,ENSG00000167792
10021,ENSG00000178127
10022,ENSG00000266053
10023,ENSG00000160194
10024,ENSG00000245532
10025,ENSG00000183091
10026,ENSG00000078114
10027,ENSG00000123119
10028,ENSG00000103154
10029,ENSG00000125967
10030,ENSG00000089818
10031,ENSG00000139350
10032,ENSG00000069869
10033,ENSG00000049759
10034,ENSG00000255526
10035,ENSG00000111859
10036,ENSG00000100285
10037,ENSG00000277586
10038,ENSG00000104722
10039,ENSG00000172260
10040,ENSG00000140398
10041,ENSG00000154328
10042,ENSG00000109674
10043,ENSG00000137601
10044,ENSG00000163491
10045,ENSG00000114670
10046,ENSG00000117650
10047,ENSG00000136098
10048,ENSG00000114904
10049,ENSG00000197168
10050,ENSG00000119408
10051,ENSG00000151414
10052,ENSG00000160602
10053,ENSG00000119638
10054,ENSG00000185049
10055,ENSG00000188986
10056,ENSG00000101158
10057,ENSG00000165973
10058,ENSG00000184613
10059,ENSG00000165525
10060,ENSG00000166881
10061,ENSG00000189362
10062,ENSG00000117691
10063,ENSG00000067141
10064,ENSG00000132688
10065,ENSG00000173848
10066,ENSG00000166342
10067,ENSG00000171208
10068,ENSG00000115488
10069,ENSG00000162139
10070,ENSG00000107954
10071,ENSG00000214357
10072,ENSG00000124257
10073,ENSG00000163121
10074,ENSG00000162992
10075,ENSG00000171532
10076,ENSG00000123307
10077,ENSG00000181965
10078,ENSG00000178403
10079,ENSG00000122859
10080,ENSG00000162614
10081,ENSG00000235927
10082,ENSG00000196712
10083,ENSG00000186575
10084,ENSG00000235568
10085,ENSG00000163531
10086,ENSG00000102908
10087,ENSG00000131196
10088,ENSG00000101096
10089,ENSG00000176953
10090,ENSG00000072736
10091,ENSG00000123405
10092,ENSG00000082641
10093,ENSG00000116044
10094,ENSG00000050344
10095,ENSG00000230257
10096,ENSG00000162599
10097,ENSG00000237928
10098,ENSG00000147862
10099,ENSG00000141905
10100,ENSG00000165030
10101,ENSG00000008441
10102,ENSG00000109320
10103,ENSG00000077150
10104,ENSG00000100906
10105,ENSG00000167604
10106,ENSG00000146232
10107,ENSG00000144802
10108,ENSG00000170322
10109,ENSG00000244005
10110,ENSG00000169599
10111,ENSG00000086102
10112,ENSG00000170448
10113,ENSG00000001167
10114,ENSG00000120837
10115,ENSG00000066136
10116,ENSG00000165553
10117,ENSG00000129460
10118,ENSG00000066248
10119,ENSG00000134259
10120,ENSG00000064300
10121,ENSG00000151092
10122,ENSG00000182768
10123,ENSG00000225391
10124,ENSG00000187736
10125,ENSG00000171786
10126,ENSG00000177551
10127,ENSG00000187566
10128,ENSG00000196865
10129,ENSG00000188811
10130,ENSG00000257108
10131,ENSG00000145912
10132,ENSG00000188158
10133,ENSG00000230020
10134,ENSG00000135540
10135,ENSG00000204131
10136,ENSG00000145029
10137,ENSG00000116962
10138,ENSG00000087303
10139,ENSG00000196290
10140,ENSG00000155438
10141,ENSG00000236859
10142,ENSG00000177453
10143,ENSG00000100503
10144,ENSG00000131669
10145,ENSG00000171840
10146,ENSG00000101004
10147,ENSG00000132603
10148,ENSG00000170113
10149,ENSG00000140157
10150,ENSG00000163293
10151,ENSG00000104361
10152,ENSG00000001461
10153,ENSG00000172548
10154,ENSG00000164190
10155,ENSG00000184117
10156,ENSG00000136783
10157,ENSG00000165028
10158,ENSG00000010322
10159,ENSG00000158793
10160,ENSG00000114021
10161,ENSG00000084628
10162,ENSG00000188580
10163,ENSG00000185942
10164,ENSG00000101198
10165,ENSG00000101882
10166,ENSG00000189134
10167,ENSG00000140807
10168,ENSG00000105374
10169,ENSG00000278709
10170,ENSG00000197885
10171,ENSG00000168256
10172,ENSG00000179846
10173,ENSG00000186416
10174,ENSG00000114857
10175,ENSG00000229544
10176,ENSG00000136352
10177,ENSG00000253563
10178,ENSG00000125820
10179,ENSG00000119919
10180,ENSG00000125816
10181,ENSG00000183072
10182,ENSG00000136327
10183,ENSG00000167034
10184,ENSG00000109705
10185,ENSG00000163623
10186,ENSG00000148826
10187,ENSG00000165066
10188,ENSG00000073536
10189,ENSG00000169760
10190,ENSG00000169992
10191,ENSG00000196338
10192,ENSG00000146938
10193,ENSG00000165246
10194,ENSG00000228787
10195,ENSG00000087095
10196,ENSG00000123213
10197,ENSG00000167984
10198,ENSG00000091106
10199,ENSG00000140853
10200,ENSG00000091592
10201,ENSG00000179873
10202,ENSG00000142405
10203,ENSG00000158077
10204,ENSG00000022556
10205,ENSG00000162711
10206,ENSG00000160505
10207,ENSG00000171487
10208,ENSG00000174885
10209,ENSG00000167634
10210,ENSG00000179709
10211,ENSG00000185792
10212,ENSG00000160703
10213,ENSG00000197696
10214,ENSG00000135577
10215,ENSG00000169251
10216,ENSG00000239672
10217,ENSG00000011052
10218,ENSG00000243678
10219,ENSG00000103024
10220,ENSG00000103202
10221,ENSG00000112981
10222,ENSG00000172113
10223,ENSG00000143156
10224,ENSG00000086288
10225,ENSG00000181322
10226,ENSG00000123609
10227,ENSG00000173614
10228,ENSG00000157064
10229,ENSG00000163864
10230,ENSG00000153406
10231,ENSG00000106733
10232,ENSG00000077009
10233,ENSG00000204640
10234,ENSG00000136448
10235,ENSG00000152465
10236,ENSG00000109255
10237,ENSG00000171596
10238,ENSG00000132911
10239,ENSG00000053438
10240,ENSG00000166741
10241,ENSG00000112992
10242,ENSG00000084092
10243,ENSG00000141101
10244,ENSG00000188976
10245,ENSG00000173145
10246,ENSG00000151014
10247,ENSG00000106100
10248,ENSG00000167207
10249,ENSG00000156574
10250,ENSG00000183691
10251,ENSG00000115761
10252,ENSG00000130935
10253,ENSG00000273899
10254,ENSG00000140939
10255,ENSG00000101746
10256,ENSG00000197183
10257,ENSG00000165271
10258,ENSG00000225921
10259,ENSG00000162408
10260,ENSG00000166197
10261,ENSG00000146909
10262,ENSG00000103512
10263,ENSG00000185164
10264,ENSG00000103226
10265,ENSG00000147140
10266,ENSG00000182117
10267,ENSG00000087269
10268,ENSG00000048162
10269,ENSG00000111641
10270,ENSG00000101361
10271,ENSG00000055044
10272,ENSG00000196943
10273,ENSG00000089250
10274,ENSG00000198929
10275,ENSG00000007171
10276,ENSG00000164867
10277,ENSG00000142546
10278,ENSG00000148400
10279,ENSG00000134250
10280,ENSG00000074181
10281,ENSG00000214513
10282,ENSG00000185269
10283,ENSG00000139910
10284,ENSG00000104967
10285,ENSG00000007952
10286,ENSG00000074771
10287,ENSG00000086991
10288,ENSG00000255346
10289,ENSG00000188747
10290,ENSG00000165555
10291,ENSG00000185823
10292,ENSG00000130751
10293,ENSG00000170485
10294,ENSG00000151322
10295,ENSG00000174576
10296,ENSG00000149308
10297,ENSG00000183979
10298,ENSG00000141458
10299,ENSG00000015520
10300,ENSG00000119655
10301,ENSG00000107281
10302,ENSG00000215440
10303,ENSG00000141279
10304,ENSG00000139574
10305,ENSG00000148734
10306,ENSG00000056291
10307,ENSG00000144061
10308,ENSG00000113971
10309,ENSG00000274810
10310,ENSG00000248724
10311,ENSG00000131697
10312,ENSG00000161270
10313,ENSG00000183793
10314,ENSG00000214940
10315,ENSG00000196436
10316,ENSG00000198156
10317,ENSG00000233232
10318,ENSG00000255524
10319,ENSG00000196993
10320,ENSG00000135838
10321,ENSG00000182446
10322,ENSG00000181163
10323,ENSG00000158806
10324,ENSG00000107833
10325,ENSG00000168743
10326,ENSG00000175206
10327,ENSG00000120937
10328,ENSG00000163273
10329,ENSG00000169418
10330,ENSG00000159899
10331,ENSG00000113389
10332,ENSG00000114388
10333,ENSG00000103148
10334,ENSG00000187258
10335,ENSG00000156642
10336,ENSG00000171246
10337,ENSG00000106236
10338,ENSG00000221890
10339,ENSG00000183971
10340,ENSG00000122585
10341,ENSG00000164128
10342,ENSG00000185149
10343,ENSG00000164129
10344,ENSG00000181019
10345,ENSG00000124588
10346,ENSG00000169297
10347,ENSG00000131910
10348,ENSG00000126368
10349,ENSG00000174738
10350,ENSG00000131408
10351,ENSG00000025434
10352,ENSG00000012504
10353,ENSG00000144852
10354,ENSG00000143257
10355,ENSG00000120798
10356,ENSG00000177463
10357,ENSG00000184162
10358,ENSG00000112333
10359,ENSG00000278570
10360,ENSG00000175745
10361,ENSG00000237187
10362,ENSG00000185551
10363,ENSG00000160113
10364,ENSG00000113580
10365,ENSG00000151623
10366,ENSG00000123358
10367,ENSG00000153234
10368,ENSG00000119508
10369,ENSG00000136931
10370,ENSG00000116833
10371,ENSG00000148200
10372,ENSG00000197893
10373,ENSG00000198435
10374,ENSG00000213281
10375,ENSG00000248008
10376,ENSG00000148572
10377,ENSG00000115216
10378,ENSG00000185189
10379,ENSG00000091129
10380,ENSG00000078618
10381,ENSG00000119720
10382,ENSG00000134986
10383,ENSG00000106459
10384,ENSG00000157168
10385,ENSG00000158458
10386,ENSG00000185737
10387,ENSG00000169752
10388,ENSG00000154146
10389,ENSG00000180530
10390,ENSG00000053702
10391,ENSG00000175352
10392,ENSG00000123572
10393,ENSG00000137404
10394,ENSG00000124785
10395,ENSG00000188038
10396,ENSG00000099250
10397,ENSG00000118257
10398,ENSG00000174004
10399,ENSG00000152954
10400,ENSG00000125841
10401,ENSG00000225377
10402,ENSG00000171119
10403,ENSG00000179915
10404,ENSG00000110076
10405,ENSG00000021645
10406,ENSG00000164346
10407,ENSG00000165671
10408,ENSG00000147383
10409,ENSG00000088833
10410,ENSG00000168824
10411,ENSG00000117697
10412,ENSG00000035681
10413,ENSG00000169189
10414,ENSG00000156831
10415,ENSG00000107672
10416,ENSG00000165802
10417,ENSG00000126653
10418,ENSG00000037474
10419,ENSG00000178694
10420,ENSG00000117481
10421,ENSG00000130305
10422,ENSG00000241058
10423,ENSG00000179299
10424,ENSG00000125458
10425,ENSG00000116981
10426,ENSG00000185013
10427,ENSG00000076685
10428,ENSG00000122643
10429,ENSG00000141698
10430,ENSG00000178425
10431,ENSG00000168268
10432,ENSG00000111696
10433,ENSG00000144130
10434,ENSG00000135318
10435,ENSG00000205309
10436,ENSG00000185652
10437,ENSG00000225950
10438,ENSG00000065057
10439,ENSG00000182667
10440,ENSG00000148335
10441,ENSG00000065320
10442,ENSG00000162068
10443,ENSG00000074527
10444,ENSG00000142233
10445,ENSG00000162631
10446,ENSG00000196358
10447,ENSG00000135778
10448,ENSG00000198400
10449,ENSG00000148053
10450,ENSG00000140538
10451,ENSG00000133636
10452,ENSG00000101188
10453,ENSG00000169006
10454,ENSG00000074590
10455,ENSG00000163545
10456,ENSG00000013374
10457,ENSG00000103274
10458,ENSG00000095906
10459,ENSG00000151413
10460,ENSG00000104805
10461,ENSG00000235191
10462,ENSG00000070081
10463,ENSG00000069275
10464,ENSG00000090273
10465,ENSG00000120526
10466,ENSG00000170584
10467,ENSG00000015676
10468,ENSG00000106268
10469,ENSG00000122824
10470,ENSG00000196368
10471,ENSG00000112874
10472,ENSG00000166321
10473,ENSG00000183828
10474,ENSG00000136159
10475,ENSG00000198585
10476,ENSG00000168101
10477,ENSG00000186364
10478,ENSG00000275074
10479,ENSG00000213965
10480,ENSG00000164978
10481,ENSG00000167005
10482,ENSG00000149761
10483,ENSG00000272325
10484,ENSG00000173598
10485,ENSG00000165609
10486,ENSG00000170917
10487,ENSG00000140876
10488,ENSG00000167799
10489,ENSG00000170502
10490,ENSG00000143228
10491,ENSG00000083635
10492,ENSG00000108256
10493,ENSG00000189233
10494,ENSG00000137497
10495,ENSG00000133961
10496,ENSG00000105245
10497,ENSG00000111581
10498,ENSG00000069248
10499,ENSG00000124789
10500,ENSG00000113569
10501,ENSG00000030066
10502,ENSG00000095319
10503,ENSG00000155561
10504,ENSG00000132182
10505,ENSG00000143552
10506,ENSG00000126883
10507,ENSG00000163002
10508,ENSG00000075188
10509,ENSG00000120253
10510,ENSG00000093000
10511,ENSG00000138750
10512,ENSG00000139496
10513,ENSG00000213024
10514,ENSG00000198088
10515,ENSG00000125450
10516,ENSG00000108559
10517,ENSG00000102900
10518,ENSG00000110713
10519,ENSG00000176046
10520,ENSG00000185290
10521,ENSG00000153989
10522,ENSG00000137804
10523,ENSG00000102898
10524,ENSG00000184923
10525,ENSG00000223482
10526,ENSG00000188199
10527,ENSG00000225484
10528,ENSG00000214562
10529,ENSG00000228570
10530,ENSG00000130950
10531,ENSG00000188152
10532,ENSG00000143748
10533,ENSG00000188039
10534,ENSG00000174145
10535,ENSG00000162231
10536,ENSG00000269437
10537,ENSG00000147206
10538,ENSG00000126952
10539,ENSG00000171773
10540,ENSG00000130045
10541,ENSG00000095110
10542,ENSG00000204361
10543,ENSG00000144815
10544,ENSG00000137634
10545,ENSG00000122584
10546,ENSG00000144227
10547,ENSG00000182575
10548,ENSG00000182379
10549,ENSG00000132661
10550,ENSG00000101888
10551,ENSG00000166924
10552,ENSG00000144460
10553,ENSG00000205978
10554,ENSG00000188937
10555,ENSG00000184232
10556,ENSG00000124596
10557,ENSG00000089127
10558,ENSG00000111335
10559,ENSG00000111331
10560,ENSG00000135114
10561,ENSG00000065154
10562,ENSG00000104904
10563,ENSG00000180304
10564,ENSG00000143450
10565,ENSG00000122136
10566,ENSG00000171102
10567,ENSG00000154358
10568,ENSG00000124006
10569,ENSG00000253117
10570,ENSG00000104044
10571,ENSG00000099330
10572,ENSG00000109180
10573,ENSG00000248256
10574,ENSG00000145247
10575,ENSG00000197822
10576,ENSG00000122543
10577,ENSG00000135175
10578,ENSG00000122126
10579,ENSG00000149635
10580,ENSG00000109205
10581,ENSG00000115758
10582,ENSG00000155087
10583,ENSG00000136811
10584,ENSG00000225951
10585,ENSG00000122417
10586,ENSG00000184650
10587,ENSG00000046651
10588,ENSG00000105953
10589,ENSG00000197444
10590,ENSG00000087263
10591,ENSG00000111325
10592,ENSG00000181396
10593,ENSG00000060491
10594,ENSG00000229873
10595,ENSG00000119900
10596,ENSG00000114026
10597,ENSG00000147162
10598,ENSG00000104147
10599,ENSG00000138315
10600,ENSG00000138430
10601,ENSG00000152463
10602,ENSG00000130558
10603,ENSG00000105088
10604,ENSG00000118733
10605,ENSG00000102837
10606,ENSG00000183801
10607,ENSG00000185585
10608,ENSG00000162745
10609,ENSG00000116774
10610,ENSG00000184221
10611,ENSG00000205927
10612,ENSG00000177468
10613,ENSG00000235823
10614,ENSG00000173391
10615,ENSG00000162600
10616,ENSG00000127083
10617,ENSG00000169856
10618,ENSG00000119547
10619,ENSG00000205922
10620,ENSG00000203907
10621,ENSG00000198836
10622,ENSG00000224855
10623,ENSG00000125741
10624,ENSG00000197430
10625,ENSG00000183715
10626,ENSG00000079482
10627,ENSG00000178814
10628,ENSG00000102076
10629,ENSG00000268221
10630,ENSG00000269433
10631,ENSG00000128617
10632,ENSG00000054277
10633,ENSG00000122375
10634,ENSG00000124818
10635,ENSG00000116329
10636,ENSG00000082556
10637,ENSG00000112038
10638,ENSG00000188770
10639,ENSG00000123240
10640,ENSG00000172640
10641,ENSG00000255582
10642,ENSG00000169208
10643,ENSG00000186723
10644,ENSG00000171942
10645,ENSG00000175398
10646,ENSG00000172289
10647,ENSG00000130538
10648,ENSG00000277556
10649,ENSG00000197437
10650,ENSG00000189181
10651,ENSG00000262628
10652,ENSG00000136834
10653,ENSG00000239590
10654,ENSG00000171501
10655,ENSG00000165202
10656,ENSG00000243896
10657,ENSG00000244623
10658,ENSG00000187080
10659,ENSG00000171561
10660,ENSG00000177535
10661,ENSG00000124657
10662,ENSG00000168158
10663,ENSG00000196242
10664,ENSG00000178358
10665,ENSG00000171133
10666,ENSG00000196071
10667,ENSG00000203663
10668,ENSG00000279263
10669,ENSG00000184022
10670,ENSG00000177462
10671,ENSG00000185372
10672,ENSG00000238243
10673,ENSG00000159961
10674,ENSG00000237388
10675,ENSG00000175619
10676,ENSG00000181903
10677,ENSG00000254466
10678,ENSG00000176269
10679,ENSG00000230178
10680,ENSG00000176299
10681,ENSG00000176294
10682,ENSG00000279012
10683,ENSG00000183251
10684,ENSG00000167355
10685,ENSG00000176239
10686,ENSG00000180785
10687,ENSG00000167332
10688,ENSG00000167359
10689,ENSG00000181616
10690,ENSG00000232268
10691,ENSG00000196778
10692,ENSG00000181963
10693,ENSG00000180988
10694,ENSG00000181074
10695,ENSG00000181009
10696,ENSG00000184478
10697,ENSG00000188691
10698,ENSG00000181023
10699,ENSG00000172320
10700,ENSG00000176495
10701,ENSG00000169327
10702,ENSG00000172362
10703,ENSG00000198283
10704,ENSG00000255223
10705,ENSG00000184954
10706,ENSG00000185821
10707,ENSG00000196171
10708,ENSG00000203757
10709,ENSG00000188269
10710,ENSG00000127530
10711,ENSG00000188000
10712,ENSG00000237521
10713,ENSG00000196119
10714,ENSG00000170953
10715,ENSG00000279116
10716,ENSG00000197849
10717,ENSG00000255298
10718,ENSG00000179468
10719,ENSG00000186509
10720,ENSG00000160991
10721,ENSG00000175938
10722,ENSG00000085840
10723,ENSG00000115942
10724,ENSG00000135336
10725,ENSG00000115947
10726,ENSG00000164815
10727,ENSG00000091651
10728,ENSG00000229314
10729,ENSG00000228278
10730,ENSG00000128699
10731,ENSG00000123353
10732,ENSG00000172057
10733,ENSG00000135506
10734,ENSG00000110048
10735,ENSG00000184792
10736,ENSG00000144645
10737,ENSG00000232490
10738,ENSG00000144909
10739,ENSG00000141447
10740,ENSG00000130703
10741,ENSG00000070882
10742,ENSG00000021762
10743,ENSG00000079156
10744,ENSG00000006025
10745,ENSG00000091039
10746,ENSG00000117859
10747,ENSG00000116885
10748,ENSG00000132823
10749,ENSG00000128694
10750,ENSG00000253559
10751,ENSG00000140961
10752,ENSG00000164823
10753,ENSG00000099985
10754,ENSG00000145623
10755,ENSG00000143867
10756,ENSG00000164920
10757,ENSG00000228474
10758,ENSG00000198856
10759,ENSG00000134996
10760,ENSG00000081087
10761,ENSG00000225174
10762,ENSG00000188729
10763,ENSG00000233308
10764,ENSG00000036473
10765,ENSG00000115155
10766,ENSG00000188162
10767,ENSG00000165899
10768,ENSG00000183034
10769,ENSG00000182938
10770,ENSG00000125879
10771,ENSG00000178602
10772,ENSG00000171540
10773,ENSG00000167770
10774,ENSG00000089723
10775,ENSG00000165312
10776,ENSG00000169914
10777,ENSG00000164164
10778,ENSG00000068308
10779,ENSG00000189401
10780,ENSG00000155100
10781,ENSG00000169918
10782,ENSG00000264522
10783,ENSG00000154124
10784,ENSG00000115507
10785,ENSG00000165588
10786,ENSG00000248550
10787,ENSG00000236719
10788,ENSG00000262664
10789,ENSG00000187950
10790,ENSG00000183378
10791,ENSG00000085465
10792,ENSG00000172818
10793,ENSG00000255120
10794,ENSG00000125850
10795,ENSG00000105261
10796,ENSG00000155463
10797,ENSG00000083720
10798,ENSG00000198754
10799,ENSG00000162881
10800,ENSG00000165621
10801,ENSG00000204237
10802,ENSG00000154814
10803,ENSG00000164830
10804,ENSG00000151093
10805,ENSG00000172939
10806,ENSG00000101405
10807,ENSG00000180914
10808,ENSG00000108405
10809,ENSG00000187848
10810,ENSG00000109991
10811,ENSG00000135124
10812,ENSG00000083454
10813,ENSG00000257950
10814,ENSG00000099957
10815,ENSG00000089041
10816,ENSG00000169860
10817,ENSG00000078589
10818,ENSG00000244165
10819,ENSG00000169313
10820,ENSG00000181631
10821,ENSG00000174944
10822,ENSG00000175591
10823,ENSG00000186912
10824,ENSG00000171631
10825,ENSG00000182162
10826,ENSG00000117385
10827,ENSG00000090530
10828,ENSG00000225764
10829,ENSG00000110811
10830,ENSG00000141696
10831,ENSG00000122884
10832,ENSG00000072682
10833,ENSG00000237714
10834,ENSG00000149380
10835,ENSG00000185624
10836,ENSG00000178467
10837,ENSG00000170515
10838,ENSG00000175575
10839,ENSG00000070756
10840,ENSG00000101104
10841,ENSG00000186288
10842,ENSG00000184388
10843,ENSG00000151846
10844,ENSG00000090621
10845,ENSG00000254535
10846,ENSG00000174740
10847,ENSG00000234161
10848,ENSG00000100836
10849,ENSG00000205022
10850,ENSG00000112530
10851,ENSG00000281692
10852,ENSG00000225683
10853,ENSG00000163138
10854,ENSG00000175115
10855,ENSG00000179364
10856,ENSG00000124507
10857,ENSG00000100266
10858,ENSG00000165912
10859,ENSG00000117115
10860,ENSG00000142619
10861,ENSG00000159339
10862,ENSG00000276747
10863,ENSG00000122133
10864,ENSG00000006712
10865,ENSG00000007168
10866,ENSG00000168092
10867,ENSG00000079462
10868,ENSG00000158006
10869,ENSG00000076641
10870,ENSG00000068985
10871,ENSG00000234068
10872,ENSG00000238269
10873,ENSG00000204279
10874,ENSG00000101951
10875,ENSG00000158639
10876,ENSG00000280789
10877,ENSG00000171759
10878,ENSG00000128050
10879,ENSG00000172239
10880,ENSG00000120727
10881,ENSG00000124374
10882,ENSG00000149269
10883,ENSG00000111845
10884,ENSG00000180370
10885,ENSG00000077264
10886,ENSG00000130669
10887,ENSG00000137843
10888,ENSG00000083093
10889,ENSG00000107719
10890,ENSG00000129116
10891,ENSG00000099864
10892,ENSG00000187867
10893,ENSG00000099260
10894,ENSG00000145730
10895,ENSG00000217930
10896,ENSG00000149090
10897,ENSG00000135473
10898,ENSG00000152520
10899,ENSG00000281450
10900,ENSG00000152782
10901,ENSG00000125779
10902,ENSG00000120137
10903,ENSG00000157881
10904,ENSG00000110218
10905,ENSG00000073150
10906,ENSG00000154143
10907,ENSG00000148832
10908,ENSG00000100767
10909,ENSG00000090060
10910,ENSG00000218823
10911,ENSG00000115421
10912,ENSG00000182752
10913,ENSG00000256040
10914,ENSG00000116183
10915,ENSG00000138801
10916,ENSG00000198682
10917,ENSG00000163291
10918,ENSG00000162073
10919,ENSG00000137819
10920,ENSG00000160781
10921,ENSG00000182749
10922,ENSG00000170915
10923,ENSG00000188582
10924,ENSG00000241570
10925,ENSG00000148498
10926,ENSG00000116117
10927,ENSG00000102981
10928,ENSG00000124171
10929,ENSG00000178184
10930,ENSG00000267270
10931,ENSG00000227345
10932,ENSG00000116288
10933,ENSG00000175193
10934,ENSG00000169116
10935,ENSG00000143799
10936,ENSG00000178685
10937,ENSG00000111224
10938,ENSG00000059378
10939,ENSG00000173193
10940,ENSG00000173200
10941,ENSG00000138617
10942,ENSG00000041880
10943,ENSG00000102699
10944,ENSG00000137817
10945,ENSG00000151883
10946,ENSG00000138496
10947,ENSG00000185480
10948,ENSG00000162396
10949,ENSG00000152931
10950,ENSG00000197702
10951,ENSG00000188677
10952,ENSG00000138964
10953,ENSG00000166049
10954,ENSG00000115687
10955,ENSG00000171053
10956,ENSG00000196844
10957,ENSG00000166889
10958,ENSG00000229474
10959,ENSG00000100105
10960,ENSG00000281880
10961,ENSG00000177425
10962,ENSG00000125813
10963,ENSG00000075891
10964,ENSG00000135903
10965,ENSG00000196092
10966,ENSG00000007372
10967,ENSG00000009709
10968,ENSG00000125618
10969,ENSG00000198807
10970,ENSG00000238197
10971,ENSG00000157212
10972,ENSG00000102390
10973,ENSG00000108187
10974,ENSG00000254440
10975,ENSG00000163939
10976,ENSG00000185630
10977,ENSG00000167081
10978,ENSG00000105717
10979,ENSG00000163346
10980,ENSG00000173599
10981,ENSG00000253438
10982,ENSG00000265369
10983,ENSG00000267107
10984,ENSG00000254166
10985,ENSG00000251321
10986,ENSG00000280719
10987,ENSG00000228288
10988,ENSG00000231806
10989,ENSG00000166228
10990,ENSG00000132570
10991,ENSG00000169564
10992,ENSG00000197111
10993,ENSG00000183570
10994,ENSG00000090097
10995,ENSG00000175198
10996,ENSG00000114054
10997,ENSG00000156453
10998,ENSG00000138650
10999,ENSG00000102290
11000,ENSG00000099715
11001,ENSG00000113555
11002,ENSG00000150275
11003,ENSG00000118946
11004,ENSG00000189184
11005,ENSG00000165194
11006,ENSG00000197991
11007,ENSG00000169851
11008,ENSG00000136099
11009,ENSG00000184226
11010,ENSG00000234527
11011,ENSG00000228842
11012,ENSG00000204970
11013,ENSG00000204965
11014,ENSG00000204962
11015,ENSG00000243232
11016,ENSG00000171815
11017,ENSG00000120324
11018,ENSG00000187372
11019,ENSG00000120327
11020,ENSG00000113248
11021,ENSG00000113209
11022,ENSG00000113212
11023,ENSG00000120322
11024,ENSG00000204956
11025,ENSG00000253846
11026,ENSG00000253873
11027,ENSG00000253159
11028,ENSG00000081853
11029,ENSG00000254245
11030,ENSG00000262576
11031,ENSG00000253485
11032,ENSG00000253731
11033,ENSG00000253537
11034,ENSG00000253767
11035,ENSG00000261934
11036,ENSG00000254221
11037,ENSG00000253910
11038,ENSG00000262209
11039,ENSG00000253953
11040,ENSG00000276547
11041,ENSG00000253305
11042,ENSG00000254122
11043,ENSG00000240184
11044,ENSG00000242419
11045,ENSG00000240764
11046,ENSG00000132635
11047,ENSG00000179715
11048,ENSG00000165494
11049,ENSG00000115289
11050,ENSG00000277258
11051,ENSG00000185619
11052,ENSG00000180628
11053,ENSG00000156374
11054,ENSG00000126226
11055,ENSG00000100982
11056,ENSG00000124253
11057,ENSG00000186472
11058,ENSG00000078674
11059,ENSG00000120265
11060,ENSG00000168300
11061,ENSG00000132646
11062,ENSG00000081154
11063,ENSG00000160299
11064,ENSG00000106333
11065,ENSG00000224729
11066,ENSG00000163710
11067,ENSG00000174788
11068,ENSG00000183036
11069,ENSG00000248485
11070,ENSG00000175426
11071,ENSG00000102109
11072,ENSG00000125851
11073,ENSG00000115257
11074,ENSG00000099139
11075,ENSG00000140479
11076,ENSG00000259764
11077,ENSG00000160613
11078,ENSG00000169174
11079,ENSG00000141179
11080,ENSG00000116005
11081,ENSG00000145882
11082,ENSG00000161217
11083,ENSG00000102230
11084,ENSG00000185813
11085,ENSG00000106244
11086,ENSG00000116703
11087,ENSG00000188389
11088,ENSG00000114209
11089,ENSG00000148843
11090,ENSG00000197646
11091,ENSG00000071994
11092,ENSG00000126249
11093,ENSG00000150593
11094,ENSG00000105185
11095,ENSG00000249915
11096,ENSG00000170248
11097,ENSG00000090470
11098,ENSG00000136940
11099,ENSG00000163440
11100,ENSG00000115539
11101,ENSG00000112541
11102,ENSG00000128655
11103,ENSG00000174840
11104,ENSG00000115252
11105,ENSG00000123360
11106,ENSG00000154678
11107,ENSG00000186642
11108,ENSG00000172572
11109,ENSG00000152270
11110,ENSG00000065989
11111,ENSG00000184588
11112,ENSG00000105650
11113,ENSG00000113448
11114,ENSG00000178104
11115,ENSG00000138735
11116,ENSG00000132915
11117,ENSG00000133256
11118,ENSG00000095464
11119,ENSG00000156973
11120,ENSG00000185527
11121,ENSG00000139053
11122,ENSG00000205268
11123,ENSG00000171408
11124,ENSG00000073417
11125,ENSG00000160191
11126,ENSG00000258429
11127,ENSG00000197461
11128,ENSG00000100311
11129,ENSG00000145431
11130,ENSG00000170962
11131,ENSG00000134853
11132,ENSG00000113721
11133,ENSG00000104213
11134,ENSG00000131828
11135,ENSG00000163114
11136,ENSG00000168291
11137,ENSG00000110435
11138,ENSG00000185615
11139,ENSG00000167004
11140,ENSG00000155660
11141,ENSG00000065485
11142,ENSG00000143870
11143,ENSG00000175087
11144,ENSG00000169340
11145,ENSG00000152256
11146,ENSG00000005882
11147,ENSG00000067992
11148,ENSG00000004799
11149,ENSG00000107438
11150,ENSG00000120913
11151,ENSG00000154553
11152,ENSG00000131435
11153,ENSG00000163110
11154,ENSG00000196923
11155,ENSG00000164951
11156,ENSG00000172840
11157,ENSG00000140992
11158,ENSG00000162493
11159,ENSG00000090857
11160,ENSG00000088356
11161,ENSG00000121892
11162,ENSG00000083642
11163,ENSG00000148459
11164,ENSG00000164494
11165,ENSG00000139515
11166,ENSG00000179889
11167,ENSG00000160209
11168,ENSG00000241360
11169,ENSG00000101327
11170,ENSG00000120509
11171,ENSG00000133401
11172,ENSG00000067840
11173,ENSG00000186862
11174,ENSG00000165650
11175,ENSG00000174827
11176,ENSG00000162366
11177,ENSG00000121440
11178,ENSG00000239677
11179,ENSG00000165966
11180,ENSG00000162734
11181,ENSG00000173517
11182,ENSG00000187800
11183,ENSG00000089220
11184,ENSG00000134020
11185,ENSG00000261371
11186,ENSG00000115425
11187,ENSG00000162517
11188,ENSG00000242265
11189,ENSG00000198300
11190,ENSG00000197329
11191,ENSG00000139946
11192,ENSG00000174516
11193,ENSG00000152684
11194,ENSG00000141456
11195,ENSG00000133027
11196,ENSG00000181195
11197,ENSG00000124299
11198,ENSG00000179094
11199,ENSG00000132326
11200,ENSG00000049246
11201,ENSG00000187642
11202,ENSG00000112378
11203,ENSG00000100029
11204,ENSG00000229833
11205,ENSG00000232838
11206,ENSG00000127980
11207,ENSG00000157911
11208,ENSG00000166821
11209,ENSG00000131779
11210,ENSG00000104883
11211,ENSG00000108733
11212,ENSG00000162928
11213,ENSG00000142655
11214,ENSG00000121680
11215,ENSG00000162735
11216,ENSG00000164751
11217,ENSG00000215193
11218,ENSG00000034693
11219,ENSG00000139197
11220,ENSG00000114757
11221,ENSG00000244302
11222,ENSG00000124587
11223,ENSG00000112357
11224,ENSG00000163737
11225,ENSG00000109272
11226,ENSG00000178921
11227,ENSG00000113068
11228,ENSG00000143256
11229,ENSG00000101132
11230,ENSG00000123349
11231,ENSG00000158571
11232,ENSG00000123836
11233,ENSG00000170525
11234,ENSG00000114268
11235,ENSG00000141959
11236,ENSG00000152556
11237,ENSG00000067057
11238,ENSG00000108518
11239,ENSG00000070087
11240,ENSG00000196570
11241,ENSG00000176732
11242,ENSG00000229859
11243,ENSG00000229183
11244,ENSG00000256713
11245,ENSG00000171314
11246,ENSG00000164708
11247,ENSG00000226784
11248,ENSG00000247077
11249,ENSG00000197121
11250,ENSG00000148985
11251,ENSG00000161395
11252,ENSG00000137338
11253,ENSG00000185220
11254,ENSG00000182405
11255,ENSG00000177614
11256,ENSG00000096088
11257,ENSG00000142657
11258,ENSG00000119630
11259,ENSG00000164219
11260,ENSG00000102144
11261,ENSG00000170950
11262,ENSG00000130313
11263,ENSG00000008438
11264,ENSG00000161031
11265,ENSG00000159527
11266,ENSG00000163218
11267,ENSG00000079739
11268,ENSG00000169299
11269,ENSG00000165434
11270,ENSG00000013375
11271,ENSG00000154330
11272,ENSG00000224958
11273,ENSG00000277778
11274,ENSG00000277631
11275,ENSG00000184207
11276,ENSG00000130517
11277,ENSG00000183571
11278,ENSG00000082175
11279,ENSG00000101856
11280,ENSG00000164040
11281,ENSG00000087157
11282,ENSG00000112137
11283,ENSG00000112419
11284,ENSG00000087495
11285,ENSG00000204138
11286,ENSG00000164902
11287,ENSG00000215021
11288,ENSG00000111752
11289,ENSG00000134686
11290,ENSG00000173889
11291,ENSG00000102174
11292,ENSG00000233067
11293,ENSG00000112511
11294,ENSG00000130024
11295,ENSG00000136147
11296,ENSG00000109118
11297,ENSG00000116273
11298,ENSG00000106443
11299,ENSG00000119403
11300,ENSG00000197724
11301,ENSG00000025293
11302,ENSG00000129292
11303,ENSG00000135365
11304,ENSG00000056487
11305,ENSG00000040633
11306,ENSG00000122733
11307,ENSG00000118482
11308,ENSG00000100410
11309,ENSG00000156531
11310,ENSG00000010318
11311,ENSG00000172943
11312,ENSG00000092621
11313,ENSG00000233041
11314,ENSG00000146247
11315,ENSG00000067177
11316,ENSG00000231944
11317,ENSG00000044446
11318,ENSG00000102893
11319,ENSG00000164776
11320,ENSG00000156873
11321,ENSG00000139289
11322,ENSG00000174307
11323,ENSG00000019144
11324,ENSG00000144824
11325,ENSG00000176531
11326,ENSG00000081913
11327,ENSG00000040199
11328,ENSG00000173868
11329,ENSG00000144362
11330,ENSG00000165462
11331,ENSG00000109132
11332,ENSG00000054148
11333,ENSG00000116793
11334,ENSG00000006576
11335,ENSG00000107537
11336,ENSG00000175287
11337,ENSG00000168490
11338,ENSG00000165443
11339,ENSG00000175309
11340,ENSG00000137558
11341,ENSG00000164530
11342,ENSG00000124102
11343,ENSG00000155252
11344,ENSG00000038210
11345,ENSG00000241973
11346,ENSG00000143393
11347,ENSG00000139200
11348,ENSG00000033800
11349,ENSG00000078043
11350,ENSG00000131788
11351,ENSG00000105229
11352,ENSG00000083535
11353,ENSG00000073921
11354,ENSG00000100151
11355,ENSG00000153823
11356,ENSG00000177595
11357,ENSG00000103335
11358,ENSG00000154864
11359,ENSG00000140451
11360,ENSG00000165195
11361,ENSG00000069943
11362,ENSG00000225973
11363,ENSG00000135845
11364,ENSG00000151665
11365,ENSG00000174227
11366,ENSG00000100564
11367,ENSG00000142892
11368,ENSG00000108474
11369,ENSG00000143315
11370,ENSG00000197563
11371,ENSG00000165282
11372,ENSG00000185808
11373,ENSG00000007541
11374,ENSG00000162896
11375,ENSG00000087111
11376,ENSG00000124155
11377,ENSG00000101464
11378,ENSG00000060642
11379,ENSG00000163964
11380,ENSG00000119227
11381,ENSG00000104872
11382,ENSG00000150773
11383,ENSG00000155629
11384,ENSG00000011405
11385,ENSG00000133056
11386,ENSG00000139144
11387,ENSG00000078142
11388,ENSG00000121879
11389,ENSG00000051382
11390,ENSG00000171608
11391,ENSG00000179840
11392,ENSG00000231789
11393,ENSG00000105851
11394,ENSG00000100100
11395,ENSG00000145675
11396,ENSG00000105647
11397,ENSG00000117461
11398,ENSG00000196455
11399,ENSG00000141506
11400,ENSG00000276231
11401,ENSG00000115020
11402,ENSG00000085514
11403,ENSG00000121716
11404,ENSG00000137193
11405,ENSG00000102096
11406,ENSG00000198355
11407,ENSG00000127445
11408,ENSG00000102309
11409,ENSG00000158828
11410,ENSG00000117242
11411,ENSG00000234465
11412,ENSG00000258724
11413,ENSG00000159763
11414,ENSG00000150867
11415,ENSG00000276293
11416,ENSG00000166908
11417,ENSG00000143398
11418,ENSG00000107242
11419,ENSG00000186111
11420,ENSG00000167103
11421,ENSG00000179761
11422,ENSG00000087842
11423,ENSG00000233670
11424,ENSG00000241878
11425,ENSG00000281473
11426,ENSG00000057757
11427,ENSG00000174238
11428,ENSG00000236618
11429,ENSG00000180957
11430,ENSG00000154217
11431,ENSG00000110697
11432,ENSG00000090975
11433,ENSG00000091622
11434,ENSG00000107959
11435,ENSG00000237399
11436,ENSG00000069011
11437,ENSG00000164093
11438,ENSG00000107859
11439,ENSG00000125207
11440,ENSG00000197181
11441,ENSG00000184571
11442,ENSG00000134627
11443,ENSG00000181191
11444,ENSG00000198961
11445,ENSG00000008710
11446,ENSG00000158683
11447,ENSG00000277481
11448,ENSG00000118762
11449,ENSG00000107593
11450,ENSG00000078795
11451,ENSG00000162878
11452,ENSG00000130943
11453,ENSG00000170927
11454,ENSG00000205038
11455,ENSG00000171033
11456,ENSG00000254266
11457,ENSG00000135549
11458,ENSG00000168734
11459,ENSG00000067225
11460,ENSG00000127564
11461,ENSG00000123143
11462,ENSG00000065243
11463,ENSG00000237505
11464,ENSG00000160447
11465,ENSG00000160199
11466,ENSG00000165495
11467,ENSG00000081277
11468,ENSG00000057294
11469,ENSG00000184363
11470,ENSG00000144283
11471,ENSG00000144837
11472,ENSG00000123739
11473,ENSG00000138308
11474,ENSG00000103066
11475,ENSG00000170890
11476,ENSG00000188257
11477,ENSG00000187980
11478,ENSG00000117215
11479,ENSG00000158786
11480,ENSG00000100078
11481,ENSG00000116711
11482,ENSG00000243708
11483,ENSG00000105499
11484,ENSG00000269420
11485,ENSG00000159337
11486,ENSG00000188089
11487,ENSG00000246740
11488,ENSG00000168907
11489,ENSG00000127472
11490,ENSG00000184381
11491,ENSG00000146070
11492,ENSG00000153246
11493,ENSG00000137055
11494,ENSG00000170965
11495,ENSG00000145287
11496,ENSG00000173261
11497,ENSG00000189129
11498,ENSG00000181690
11499,ENSG00000118495
11500,ENSG00000126003
11501,ENSG00000104368
11502,ENSG00000122861
11503,ENSG00000011422
11504,ENSG00000163803
11505,ENSG00000121316
11506,ENSG00000256751
11507,ENSG00000151176
11508,ENSG00000182621
11509,ENSG00000137841
11510,ENSG00000149782
11511,ENSG00000101333
11512,ENSG00000187091
11513,ENSG00000161714
11514,ENSG00000115556
11515,ENSG00000138193
11516,ENSG00000268894
11517,ENSG00000232913
11518,ENSG00000124181
11519,ENSG00000226648
11520,ENSG00000197943
11521,ENSG00000114805
11522,ENSG00000149527
11523,ENSG00000115896
11524,ENSG00000154822
11525,ENSG00000182378
11526,ENSG00000240891
11527,ENSG00000182836
11528,ENSG00000139151
11529,ENSG00000075651
11530,ENSG00000129219
11531,ENSG00000105223
11532,ENSG00000166428
11533,ENSG00000180287
11534,ENSG00000179598
11535,ENSG00000178209
11536,ENSG00000115956
11537,ENSG00000100558
11538,ENSG00000107679
11539,ENSG00000169499
11540,ENSG00000116095
11541,ENSG00000105559
11542,ENSG00000052126
11543,ENSG00000143850
11544,ENSG00000166689
11545,ENSG00000106086
11546,ENSG00000021300
11547,ENSG00000115762
11548,ENSG00000175985
11549,ENSG00000166289
11550,ENSG00000175895
11551,ENSG00000120278
11552,ENSG00000090924
11553,ENSG00000126822
11554,ENSG00000196155
11555,ENSG00000153404
11556,ENSG00000171680
11557,ENSG00000008323
11558,ENSG00000187510
11559,ENSG00000054690
11560,ENSG00000152527
11561,ENSG00000068137
11562,ENSG00000104886
11563,ENSG00000116786
11564,ENSG00000178385
11565,ENSG00000187583
11566,ENSG00000023902
11567,ENSG00000241839
11568,ENSG00000148735
11569,ENSG00000122194
11570,ENSG00000183281
11571,ENSG00000125551
11572,ENSG00000107020
11573,ENSG00000166819
11574,ENSG00000147872
11575,ENSG00000105355
11576,ENSG00000167676
11577,ENSG00000214456
11578,ENSG00000166851
11579,ENSG00000145632
11580,ENSG00000173846
11581,ENSG00000142731
11582,ENSG00000185988
11583,ENSG00000102934
11584,ENSG00000198523
11585,ENSG00000083444
11586,ENSG00000152952
11587,ENSG00000106397
11588,ENSG00000123560
11589,ENSG00000102007
11590,ENSG00000067113
11591,ENSG00000141934
11592,ENSG00000162407
11593,ENSG00000203805
11594,ENSG00000147535
11595,ENSG00000205808
11596,ENSG00000160539
11597,ENSG00000148123
11598,ENSG00000105520
11599,ENSG00000117600
11600,ENSG00000117598
11601,ENSG00000171566
11602,ENSG00000120756
11603,ENSG00000102024
11604,ENSG00000271826
11605,ENSG00000188313
11606,ENSG00000163746
11607,ENSG00000114698
11608,ENSG00000231213
11609,ENSG00000100979
11610,ENSG00000130300
11611,ENSG00000161381
11612,ENSG00000120594
11613,ENSG00000114554
11614,ENSG00000076356
11615,ENSG00000130827
11616,ENSG00000221866
11617,ENSG00000164050
11618,ENSG00000196576
11619,ENSG00000198753
11620,ENSG00000136040
11621,ENSG00000004399
11622,ENSG00000162877
11623,ENSG00000146281
11624,ENSG00000141682
11625,ENSG00000183395
11626,ENSG00000185664
11627,ENSG00000124225
11628,ENSG00000160783
11629,ENSG00000260238
11630,ENSG00000118557
11631,ENSG00000140464
11632,ENSG00000100417
11633,ENSG00000140650
11634,ENSG00000147588
11635,ENSG00000109099
11636,ENSG00000165688
11637,ENSG00000105819
11638,ENSG00000064933
11639,ENSG00000122512
11640,ENSG00000163344
11641,ENSG00000130822
11642,ENSG00000132424
11643,ENSG00000127838
11644,ENSG00000039650
11645,ENSG00000146453
11646,ENSG00000175535
11647,ENSG00000187021
11648,ENSG00000203837
11649,ENSG00000176903
11650,ENSG00000240694
11651,ENSG00000183837
11652,ENSG00000235961
11653,ENSG00000141744
11654,ENSG00000100941
11655,ENSG00000115946
11656,ENSG00000168081
11657,ENSG00000198805
11658,ENSG00000180316
11659,ENSG00000177666
11660,ENSG00000100344
11661,ENSG00000006757
11662,ENSG00000100341
11663,ENSG00000032444
11664,ENSG00000130653
11665,ENSG00000135241
11666,ENSG00000108439
11667,ENSG00000138035
11668,ENSG00000146278
11669,ENSG00000189266
11670,ENSG00000164087
11671,ENSG00000139323
11672,ENSG00000259075
11673,ENSG00000152359
11674,ENSG00000174348
11675,ENSG00000128567
11676,ENSG00000114631
11677,ENSG00000124429
11678,ENSG00000101346
11679,ENSG00000186866
11680,ENSG00000143157
11681,ENSG00000163389
11682,ENSG00000143442
11683,ENSG00000101868
11684,ENSG00000014138
11685,ENSG00000070501
11686,ENSG00000062822
11687,ENSG00000106628
11688,ENSG00000077514
11689,ENSG00000175482
11690,ENSG00000004142
11691,ENSG00000100227
11692,ENSG00000177084
11693,ENSG00000100479
11694,ENSG00000148229
11695,ENSG00000115350
11696,ENSG00000140521
11697,ENSG00000256525
11698,ENSG00000170734
11699,ENSG00000101751
11700,ENSG00000122008
11701,ENSG00000166169
11702,ENSG00000122678
11703,ENSG00000130997
11704,ENSG00000051341
11705,ENSG00000068654
11706,ENSG00000125630
11707,ENSG00000171453
11708,ENSG00000186184
11709,ENSG00000137054
11710,ENSG00000181222
11711,ENSG00000047315
11712,ENSG00000102978
11713,ENSG00000144231
11714,ENSG00000099817
11715,ENSG00000100142
11716,ENSG00000168002
11717,ENSG00000163882
11718,ENSG00000105258
11719,ENSG00000005075
11720,ENSG00000228049
11721,ENSG00000147669
11722,ENSG00000177700
11723,ENSG00000255529
11724,ENSG00000148606
11725,ENSG00000013503
11726,ENSG00000186141
11727,ENSG00000168495
11728,ENSG00000058600
11729,ENSG00000132664
11730,ENSG00000113356
11731,ENSG00000121851
11732,ENSG00000100413
11733,ENSG00000161980
11734,ENSG00000099821
11735,ENSG00000196313
11736,ENSG00000272391
11737,ENSG00000158553
11738,ENSG00000115138
11739,ENSG00000085998
11740,ENSG00000144647
11741,ENSG00000185900
11742,ENSG00000132963
11743,ENSG00000130714
11744,ENSG00000009830
11745,ENSG00000146707
11746,ENSG00000005421
11747,ENSG00000105854
11748,ENSG00000105852
11749,ENSG00000104356
11750,ENSG00000105171
11751,ENSG00000167272
11752,ENSG00000172336
11753,ENSG00000121577
11754,ENSG00000132429
11755,ENSG00000127948
11756,ENSG00000102312
11757,ENSG00000133110
11758,ENSG00000128513
11759,ENSG00000224897
11760,ENSG00000183206
11761,ENSG00000188219
11762,ENSG00000196604
11763,ENSG00000187537
11764,ENSG00000198062
11765,ENSG00000196834
11766,ENSG00000222038
11767,ENSG00000064835
11768,ENSG00000110777
11769,ENSG00000143190
11770,ENSG00000028277
11771,ENSG00000137709
11772,ENSG00000185668
11773,ENSG00000184486
11774,ENSG00000198914
11775,ENSG00000196767
11776,ENSG00000152192
11777,ENSG00000151615
11778,ENSG00000212993
11779,ENSG00000248483
11780,ENSG00000184271
11781,ENSG00000106536
11782,ENSG00000224122
11783,ENSG00000226757
11784,ENSG00000183977
11785,ENSG00000180817
11786,ENSG00000138777
11787,ENSG00000130810
11788,ENSG00000243207
11789,ENSG00000186951
11790,ENSG00000112033
11791,ENSG00000132170
11792,ENSG00000109819
11793,ENSG00000155846
11794,ENSG00000128059
11795,ENSG00000163736
11796,ENSG00000138621
11797,ENSG00000127125
11798,ENSG00000125534
11799,ENSG00000086717
11800,ENSG00000156194
11801,ENSG00000139220
11802,ENSG00000177380
11803,ENSG00000143847
11804,ENSG00000110841
11805,ENSG00000166387
11806,ENSG00000134283
11807,ENSG00000196262
11808,ENSG00000271567
11809,ENSG00000236334
11810,ENSG00000166794
11811,ENSG00000168938
11812,ENSG00000171497
11813,ENSG00000084072
11814,ENSG00000108179
11815,ENSG00000138398
11816,ENSG00000171960
11817,ENSG00000137168
11818,ENSG00000100023
11819,ENSG00000240344
11820,ENSG00000131013
11821,ENSG00000185250
11822,ENSG00000168781
11823,ENSG00000145725
11824,ENSG00000118898
11825,ENSG00000100614
11826,ENSG00000138032
11827,ENSG00000170836
11828,ENSG00000175175
11829,ENSG00000100034
11830,ENSG00000115241
11831,ENSG00000111110
11832,ENSG00000155367
11833,ENSG00000163644
11834,ENSG00000163590
11835,ENSG00000164088
11836,ENSG00000213889
11837,ENSG00000214517
11838,ENSG00000143224
11839,ENSG00000172531
11840,ENSG00000213639
11841,ENSG00000186298
11842,ENSG00000058272
11843,ENSG00000077157
11844,ENSG00000125503
11845,ENSG00000088808
11846,ENSG00000104881
11847,ENSG00000167641
11848,ENSG00000173457
11849,ENSG00000198729
11850,ENSG00000166143
11851,ENSG00000087074
11852,ENSG00000158615
11853,ENSG00000160972
11854,ENSG00000101445
11855,ENSG00000106341
11856,ENSG00000135447
11857,ENSG00000131771
11858,ENSG00000150722
11859,ENSG00000184203
11860,ENSG00000162869
11861,ENSG00000196422
11862,ENSG00000225361
11863,ENSG00000182676
11864,ENSG00000160813
11865,ENSG00000165807
11866,ENSG00000104866
11867,ENSG00000154415
11868,ENSG00000173281
11869,ENSG00000119938
11870,ENSG00000132825
11871,ENSG00000235194
11872,ENSG00000049769
11873,ENSG00000219607
11874,ENSG00000178125
11875,ENSG00000115685
11876,ENSG00000117751
11877,ENSG00000158528
11878,ENSG00000108819
11879,ENSG00000113575
11880,ENSG00000104695
11881,ENSG00000105568
11882,ENSG00000137713
11883,ENSG00000221914
11884,ENSG00000156475
11885,ENSG00000074211
11886,ENSG00000175470
11887,ENSG00000073711
11888,ENSG00000092020
11889,ENSG00000066027
11890,ENSG00000068971
11891,ENSG00000078304
11892,ENSG00000112640
11893,ENSG00000154001
11894,ENSG00000138814
11895,ENSG00000107758
11896,ENSG00000120910
11897,ENSG00000221823
11898,ENSG00000188386
11899,ENSG00000149923
11900,ENSG00000154845
11901,ENSG00000163605
11902,ENSG00000100796
11903,ENSG00000275052
11904,ENSG00000119698
11905,ENSG00000011485
11906,ENSG00000119414
11907,ENSG00000105063
11908,ENSG00000100239
11909,ENSG00000110075
11910,ENSG00000148840
11911,ENSG00000131238
11912,ENSG00000221988
11913,ENSG00000258388
11914,ENSG00000196850
11915,ENSG00000113593
11916,ENSG00000108849
11917,ENSG00000102103
11918,ENSG00000159182
11919,ENSG00000229637
11920,ENSG00000135617
11921,ENSG00000243279
11922,ENSG00000133246
11923,ENSG00000185686
11924,ENSG00000182330
11925,ENSG00000165828
11926,ENSG00000121335
11927,ENSG00000197870
11928,ENSG00000198901
11929,ENSG00000258725
11930,ENSG00000143294
11931,ENSG00000214140
11932,ENSG00000137509
11933,ENSG00000057657
11934,ENSG00000170325
11935,ENSG00000019485
11936,ENSG00000130711
11937,ENSG00000112238
11938,ENSG00000147596
11939,ENSG00000141956
11940,ENSG00000142611
11941,ENSG00000116731
11942,ENSG00000110851
11943,ENSG00000138738
11944,ENSG00000061455
11945,ENSG00000126856
11946,ENSG00000152784
11947,ENSG00000117450
11948,ENSG00000167815
11949,ENSG00000165672
11950,ENSG00000123131
11951,ENSG00000126432
11952,ENSG00000117592
11953,ENSG00000138073
11954,ENSG00000169230
11955,ENSG00000186314
11956,ENSG00000141391
11957,ENSG00000101166
11958,ENSG00000188783
11959,ENSG00000085377
11960,ENSG00000138078
11961,ENSG00000124126
11962,ENSG00000046889
11963,ENSG00000180644
11964,ENSG00000186652
11965,ENSG00000156575
11966,ENSG00000116690
11967,ENSG00000275778
11968,ENSG00000139174
11969,ENSG00000163637
11970,ENSG00000241111
11971,ENSG00000226017
11972,ENSG00000012211
11973,ENSG00000278224
11974,ENSG00000198056
11975,ENSG00000146143
11976,ENSG00000164306
11977,ENSG00000132356
11978,ENSG00000162409
11979,ENSG00000111725
11980,ENSG00000131791
11981,ENSG00000142875
11982,ENSG00000181929
11983,ENSG00000106617
11984,ENSG00000115592
11985,ENSG00000108946
11986,ENSG00000188191
11987,ENSG00000114302
11988,ENSG00000224424
11989,ENSG00000005249
11990,ENSG00000154229
11991,ENSG00000166501
11992,ENSG00000163932
11993,ENSG00000171132
11994,ENSG00000126583
11995,ENSG00000027075
11996,ENSG00000163558
11997,ENSG00000065675
11998,ENSG00000130175
11999,ENSG00000067606
12000,ENSG00000184304
12001,ENSG00000105287
12002,ENSG00000115825
12003,ENSG00000253729
12004,ENSG00000185532
12005,ENSG00000236671
12006,ENSG00000138669
12007,ENSG00000180228
12008,ENSG00000128563
12009,ENSG00000183943
12010,ENSG00000236188
12011,ENSG00000172179
12012,ENSG00000071677
12013,ENSG00000119973
12014,ENSG00000113494
12015,ENSG00000175646
12016,ENSG00000122304
12017,ENSG00000178257
12018,ENSG00000126457
12019,ENSG00000160310
12020,ENSG00000185238
12021,ENSG00000100462
12022,ENSG00000198890
12023,ENSG00000132600
12024,ENSG00000111218
12025,ENSG00000164169
12026,ENSG00000282961
12027,ENSG00000171864
12028,ENSG00000171867
12029,ENSG00000228672
12030,ENSG00000115718
12031,ENSG00000167525
12032,ENSG00000101000
12033,ENSG00000100033
12034,ENSG00000250799
12035,ENSG00000143125
12036,ENSG00000163421
12037,ENSG00000169618
12038,ENSG00000007062
12039,ENSG00000184500
12040,ENSG00000120685
12041,ENSG00000148426
12042,ENSG00000225778
12043,ENSG00000167595
12044,ENSG00000117707
12045,ENSG00000230461
12046,ENSG00000119608
12047,ENSG00000126231
12048,ENSG00000165630
12049,ENSG00000110107
12050,ENSG00000117360
12051,ENSG00000134748
12052,ENSG00000134186
12053,ENSG00000185246
12054,ENSG00000136875
12055,ENSG00000196504
12056,ENSG00000110844
12057,ENSG00000101161
12058,ENSG00000135406
12059,ENSG00000112619
12060,ENSG00000147224
12061,ENSG00000229937
12062,ENSG00000101911
12063,ENSG00000161542
12064,ENSG00000141127
12065,ENSG00000068489
12066,ENSG00000126464
12067,ENSG00000205352
12068,ENSG00000156858
12069,ENSG00000183530
12070,ENSG00000176532
12071,ENSG00000167183
12072,ENSG00000184838
12073,ENSG00000176381
12074,ENSG00000188368
12075,ENSG00000212123
12076,ENSG00000233701
12077,ENSG00000187533
12078,ENSG00000224383
12079,ENSG00000264954
12080,ENSG00000183631
12081,ENSG00000161992
12082,ENSG00000183248
12083,ENSG00000111215
12084,ENSG00000186654
12085,ENSG00000248405
12086,ENSG00000135362
12087,ENSG00000131188
12088,ENSG00000203783
12089,ENSG00000164244
12090,ENSG00000117523
12091,ENSG00000130962
12092,ENSG00000126460
12093,ENSG00000130032
12094,ENSG00000135378
12095,ENSG00000167371
12096,ENSG00000163704
12097,ENSG00000230082
12098,ENSG00000224940
12099,ENSG00000116132
12100,ENSG00000167157
12101,ENSG00000236024
12102,ENSG00000204983
12103,ENSG00000164099
12104,ENSG00000112812
12105,ENSG00000275896
12106,ENSG00000007038
12107,ENSG00000150687
12108,ENSG00000172382
12109,ENSG00000010438
12110,ENSG00000103355
12111,ENSG00000146250
12112,ENSG00000178226
12113,ENSG00000165076
12114,ENSG00000185888
12115,ENSG00000189099
12116,ENSG00000283706
12117,ENSG00000151006
12118,ENSG00000103023
12119,ENSG00000184647
12120,ENSG00000237412
12121,ENSG00000185198
12122,ENSG00000258223
12123,ENSG00000052344
12124,ENSG00000099256
12125,ENSG00000166450
12126,ENSG00000106772
12127,ENSG00000105227
12128,ENSG00000197746
12129,ENSG00000178597
12130,ENSG00000135069
12131,ENSG00000167653
12132,ENSG00000059915
12133,ENSG00000146005
12134,ENSG00000156011
12135,ENSG00000125637
12136,ENSG00000080815
12137,ENSG00000143801
12138,ENSG00000205155
12139,ENSG00000231924
12140,ENSG00000242221
12141,ENSG00000221826
12142,ENSG00000243137
12143,ENSG00000204941
12144,ENSG00000170848
12145,ENSG00000124467
12146,ENSG00000183668
12147,ENSG00000164985
12148,ENSG00000159792
12149,ENSG00000147613
12150,ENSG00000129084
12151,ENSG00000106588
12152,ENSG00000100567
12153,ENSG00000257621
12154,ENSG00000041357
12155,ENSG00000143106
12156,ENSG00000100902
12157,ENSG00000101182
12158,ENSG00000154611
12159,ENSG00000008018
12160,ENSG00000205220
12161,ENSG00000222028
12162,ENSG00000126067
12163,ENSG00000277791
12164,ENSG00000159377
12165,ENSG00000100804
12166,ENSG00000142507
12167,ENSG00000136930
12168,ENSG00000100764
12169,ENSG00000161057
12170,ENSG00000165916
12171,ENSG00000131470
12172,ENSG00000087191
12173,ENSG00000100519
12174,ENSG00000173692
12175,ENSG00000101843
12176,ENSG00000108671
12177,ENSG00000197170
12178,ENSG00000185627
12179,ENSG00000115233
12180,ENSG00000175166
12181,ENSG00000108344
12182,ENSG00000159352
12183,ENSG00000095261
12184,ENSG00000163636
12185,ENSG00000239653
12186,ENSG00000103035
12187,ENSG00000099341
12188,ENSG00000110801
12189,ENSG00000131467
12190,ENSG00000068878
12191,ENSG00000125818
12192,ENSG00000183527
12193,ENSG00000128789
12194,ENSG00000157778
12195,ENSG00000230487
12196,ENSG00000180822
12197,ENSG00000204538
12198,ENSG00000121390
12199,ENSG00000146733
12200,ENSG00000125650
12201,ENSG00000134222
12202,ENSG00000179988
12203,ENSG00000140368
12204,ENSG00000152229
12205,ENSG00000169403
12206,ENSG00000188647
12207,ENSG00000011304
12208,ENSG00000117569
12209,ENSG00000119314
12210,ENSG00000106246
12211,ENSG00000049883
12212,ENSG00000132300
12213,ENSG00000185920
12214,ENSG00000117425
12215,ENSG00000165186
12216,ENSG00000244694
12217,ENSG00000171611
12218,ENSG00000236130
12219,ENSG00000259104
12220,ENSG00000156471
12221,ENSG00000281128
12222,ENSG00000165983
12223,ENSG00000168267
12224,ENSG00000168229
12225,ENSG00000183134
12226,ENSG00000107317
12227,ENSG00000160951
12228,ENSG00000125384
12229,ENSG00000050628
12230,ENSG00000171522
12231,ENSG00000148344
12232,ENSG00000148334
12233,ENSG00000110958
12234,ENSG00000267060
12235,ENSG00000108825
12236,ENSG00000122420
12237,ENSG00000134247
12238,ENSG00000160013
12239,ENSG00000124212
12240,ENSG00000106853
12241,ENSG00000140043
12242,ENSG00000095303
12243,ENSG00000073756
12244,ENSG00000160801
12245,ENSG00000142538
12246,ENSG00000144407
12247,ENSG00000087494
12248,ENSG00000169398
12249,ENSG00000120899
12250,ENSG00000101213
12251,ENSG00000112655
12252,ENSG00000187514
12253,ENSG00000159335
12254,ENSG00000105894
12255,ENSG00000104960
12256,ENSG00000268006
12257,ENSG00000112245
12258,ENSG00000184007
12259,ENSG00000158079
12260,ENSG00000110536
12261,ENSG00000196396
12262,ENSG00000179295
12263,ENSG00000127947
12264,ENSG00000163629
12265,ENSG00000152104
12266,ENSG00000072135
12267,ENSG00000175354
12268,ENSG00000204179
12269,ENSG00000070778
12270,ENSG00000134242
12271,ENSG00000076201
12272,ENSG00000070159
12273,ENSG00000088179
12274,ENSG00000110786
12275,ENSG00000111679
12276,ENSG00000143851
12277,ENSG00000169410
12278,ENSG00000132670
12279,ENSG00000127329
12280,ENSG00000213402
12281,ENSG00000153707
12282,ENSG00000225706
12283,ENSG00000132334
12284,ENSG00000142949
12285,ENSG00000144724
12286,ENSG00000080031
12287,ENSG00000149177
12288,ENSG00000173482
12289,ENSG00000054356
12290,ENSG00000151490
12291,ENSG00000139304
12292,ENSG00000153233
12293,ENSG00000105426
12294,ENSG00000196090
12295,ENSG00000060656
12296,ENSG00000106278
12297,ENSG00000187024
12298,ENSG00000141378
12299,ENSG00000184924
12300,ENSG00000150787
12301,ENSG00000164611
12302,ENSG00000183255
12303,ENSG00000250254
12304,ENSG00000163661
12305,ENSG00000251692
12306,ENSG00000130021
12307,ENSG00000179950
12308,ENSG00000134644
12309,ENSG00000055917
12310,ENSG00000080608
12311,ENSG00000185129
12312,ENSG00000146676
12313,ENSG00000172733
12314,ENSG00000177192
12315,ENSG00000162927
12316,ENSG00000110060
12317,ENSG00000091127
12318,ENSG00000129317
12319,ENSG00000169972
12320,ENSG00000100362
12321,ENSG00000073008
12322,ENSG00000213413
12323,ENSG00000249859
12324,ENSG00000136045
12325,ENSG00000241945
12326,ENSG00000259905
12327,ENSG00000260551
12328,ENSG00000170234
12329,ENSG00000171813
12330,ENSG00000168994
12331,ENSG00000130508
12332,ENSG00000147485
12333,ENSG00000168297
12334,ENSG00000176894
12335,ENSG00000101417
12336,ENSG00000089159
12337,ENSG00000255857
12338,ENSG00000179165
12339,ENSG00000155893
12340,ENSG00000103490
12341,ENSG00000261359
12342,ENSG00000183010
12343,ENSG00000143811
12344,ENSG00000169900
12345,ENSG00000253548
12346,ENSG00000100994
12347,ENSG00000100504
12348,ENSG00000068976
12349,ENSG00000171016
12350,ENSG00000163348
12351,ENSG00000163564
12352,ENSG00000170473
12353,ENSG00000121350
12354,ENSG00000119943
12355,ENSG00000145337
12356,ENSG00000131096
12357,ENSG00000126838
12358,ENSG00000151552
12359,ENSG00000112531
12360,ENSG00000115828
12361,ENSG00000011478
12362,ENSG00000103485
12363,ENSG00000188710
12364,ENSG00000186867
12365,ENSG00000198218
12366,ENSG00000129646
12367,ENSG00000130348
12368,ENSG00000060749
12369,ENSG00000116260
12370,ENSG00000165661
12371,ENSG00000213339
12372,ENSG00000104679
12373,ENSG00000166024
12374,ENSG00000048991
12375,ENSG00000179912
12376,ENSG00000198858
12377,ENSG00000101074
12378,ENSG00000084733
12379,ENSG00000103769
12380,ENSG00000185236
12381,ENSG00000269386
12382,ENSG00000156675
12383,ENSG00000107560
12384,ENSG00000131242
12385,ENSG00000135631
12386,ENSG00000206418
12387,ENSG00000143545
12388,ENSG00000119396
12389,ENSG00000139998
12390,ENSG00000124839
12391,ENSG00000099246
12392,ENSG00000146955
12393,ENSG00000138069
12394,ENSG00000174903
12395,ENSG00000139832
12396,ENSG00000080371
12397,ENSG00000124209
12398,ENSG00000112210
12399,ENSG00000169228
12400,ENSG00000132698
12401,ENSG00000167964
12402,ENSG00000069974
12403,ENSG00000041353
12404,ENSG00000157869
12405,ENSG00000117280
12406,ENSG00000104388
12407,ENSG00000129472
12408,ENSG00000137502
12409,ENSG00000168461
12410,ENSG00000118508
12411,ENSG00000134594
12412,ENSG00000172007
12413,ENSG00000109113
12414,ENSG00000111737
12415,ENSG00000100228
12416,ENSG00000172794
12417,ENSG00000123892
12418,ENSG00000179331
12419,ENSG00000155961
12420,ENSG00000105649
12421,ENSG00000169213
12422,ENSG00000152932
12423,ENSG00000105514
12424,ENSG00000115839
12425,ENSG00000118873
12426,ENSG00000167994
12427,ENSG00000127328
12428,ENSG00000172476
12429,ENSG00000102128
12430,ENSG00000141542
12431,ENSG00000197562
12432,ENSG00000147127
12433,ENSG00000188060
12434,ENSG00000172780
12435,ENSG00000255587
12436,ENSG00000168118
12437,ENSG00000167578
12438,ENSG00000144566
12439,ENSG00000111540
12440,ENSG00000108774
12441,ENSG00000175582
12442,ENSG00000154917
12443,ENSG00000222014
12444,ENSG00000075785
12445,ENSG00000276600
12446,ENSG00000167461
12447,ENSG00000166128
12448,ENSG00000123595
12449,ENSG00000123570
12450,ENSG00000105404
12451,ENSG00000029725
12452,ENSG00000177548
12453,ENSG00000136933
12454,ENSG00000011454
12455,ENSG00000152061
12456,ENSG00000154710
12457,ENSG00000100949
12458,ENSG00000137955
12459,ENSG00000183155
12460,ENSG00000144134
12461,ENSG00000079974
12462,ENSG00000144840
12463,ENSG00000196642
12464,ENSG00000136238
12465,ENSG00000128340
12466,ENSG00000169750
12467,ENSG00000161800
12468,ENSG00000113456
12469,ENSG00000152942
12470,ENSG00000070950
12471,ENSG00000164754
12472,ENSG00000253327
12473,ENSG00000244588
12474,ENSG00000179262
12475,ENSG00000119318
12476,ENSG00000113522
12477,ENSG00000051180
12478,ENSG00000111247
12479,ENSG00000214842
12480,ENSG00000182185
12481,ENSG00000108384
12482,ENSG00000185379
12483,ENSG00000002016
12484,ENSG00000197275
12485,ENSG00000085999
12486,ENSG00000164080
12487,ENSG00000172613
12488,ENSG00000151164
12489,ENSG00000157927
12490,ENSG00000101146
12491,ENSG00000164520
12492,ENSG00000223701
12493,ENSG00000203722
12494,ENSG00000155918
12495,ENSG00000132155
12496,ENSG00000166349
12497,ENSG00000175097
12498,ENSG00000108557
12499,ENSG00000237328
12500,ENSG00000039560
12501,ENSG00000131831
12502,ENSG00000006451
12503,ENSG00000144118
12504,ENSG00000017797
12505,ENSG00000174373
12506,ENSG00000188559
12507,ENSG00000170471
12508,ENSG00000160271
12509,ENSG00000136828
12510,ENSG00000116191
12511,ENSG00000125970
12512,ENSG00000184672
12513,ENSG00000132329
12514,ENSG00000131477
12515,ENSG00000197291
12516,ENSG00000122679
12517,ENSG00000132341
12518,ENSG00000099901
12519,ENSG00000141084
12520,ENSG00000204764
12521,ENSG00000153201
12522,ENSG00000031823
12523,ENSG00000164188
12524,ENSG00000137040
12525,ENSG00000010017
12526,ENSG00000100401
12527,ENSG00000108961
12528,ENSG00000116473
12529,ENSG00000127314
12530,ENSG00000076864
12531,ENSG00000132359
12532,ENSG00000138698
12533,ENSG00000125249
12534,ENSG00000181467
12535,ENSG00000123728
12536,ENSG00000232160
12537,ENSG00000107263
12538,ENSG00000109756
12539,ENSG00000079337
12540,ENSG00000091428
12541,ENSG00000228016
12542,ENSG00000136237
12543,ENSG00000158987
12544,ENSG00000108352
12545,ENSG00000173166
12546,ENSG00000165917
12547,ENSG00000131759
12548,ENSG00000265666
12549,ENSG00000077092
12550,ENSG00000172819
12551,ENSG00000118849
12552,ENSG00000106538
12553,ENSG00000146282
12554,ENSG00000145715
12555,ENSG00000155903
12556,ENSG00000105808
12557,ENSG00000170667
12558,ENSG00000111344
12559,ENSG00000075391
12560,ENSG00000224687
12561,ENSG00000105122
12562,ENSG00000108551
12563,ENSG00000100302
12564,ENSG00000165105
12565,ENSG00000198915
12566,ENSG00000138670
12567,ENSG00000146090
12568,ENSG00000058335
12569,ENSG00000113319
12570,ENSG00000172575
12571,ENSG00000068831
12572,ENSG00000152689
12573,ENSG00000171777
12574,ENSG00000105538
12575,ENSG00000100276
12576,ENSG00000270885
12577,ENSG00000122035
12578,ENSG00000128045
12579,ENSG00000103710
12580,ENSG00000068028
12581,ENSG00000281358
12582,ENSG00000189431
12583,ENSG00000101265
12584,ENSG00000153179
12585,ENSG00000107551
12586,ENSG00000266094
12587,ENSG00000169435
12588,ENSG00000099849
12589,ENSG00000123094
12590,ENSG00000246695
12591,ENSG00000198774
12592,ENSG00000161847
12593,ENSG00000162437
12594,ENSG00000134438
12595,ENSG00000173976
12596,ENSG00000139687
12597,ENSG00000023287
12598,ENSG00000146587
12599,ENSG00000272968
12600,ENSG00000273313
12601,ENSG00000162521
12602,ENSG00000117222
12603,ENSG00000122257
12604,ENSG00000102054
12605,ENSG00000101773
12606,ENSG00000130701
12607,ENSG00000089050
12608,ENSG00000125826
12609,ENSG00000101546
12610,ENSG00000078328
12611,ENSG00000167281
12612,ENSG00000171174
12613,ENSG00000080839
12614,ENSG00000103479
12615,ENSG00000182872
12616,ENSG00000185272
12617,ENSG00000244462
12618,ENSG00000183808
12619,ENSG00000239306
12620,ENSG00000248643
12621,ENSG00000162775
12622,ENSG00000259956
12623,ENSG00000134453
12624,ENSG00000119446
12625,ENSG00000122965
12626,ENSG00000203867
12627,ENSG00000086589
12628,ENSG00000100461
12629,ENSG00000112183
12630,ENSG00000119707
12631,ENSG00000139746
12632,ENSG00000227354
12633,ENSG00000091009
12634,ENSG00000106344
12635,ENSG00000102317
12636,ENSG00000184863
12637,ENSG00000188739
12638,ENSG00000132819
12639,ENSG00000131051
12640,ENSG00000173933
12641,ENSG00000089682
12642,ENSG00000126254
12643,ENSG00000184898
12644,ENSG00000177483
12645,ENSG00000155636
12646,ENSG00000151962
12647,ENSG00000163694
12648,ENSG00000127993
12649,ENSG00000173914
12650,ENSG00000003756
12651,ENSG00000281691
12652,ENSG00000004534
12653,ENSG00000076053
12654,ENSG00000265241
12655,ENSG00000153250
12656,ENSG00000076067
12657,ENSG00000144642
12658,ENSG00000203506
12659,ENSG00000235904
12660,ENSG00000147274
12661,ENSG00000134597
12662,ENSG00000213516
12663,ENSG00000170748
12664,ENSG00000242389
12665,ENSG00000114115
12666,ENSG00000114113
12667,ENSG00000265203
12668,ENSG00000138207
12669,ENSG00000162444
12670,ENSG00000168214
12671,ENSG00000124232
12672,ENSG00000157110
12673,ENSG00000254109
12674,ENSG00000166831
12675,ENSG00000131381
12676,ENSG00000100387
12677,ENSG00000135870
12678,ENSG00000056586
12679,ENSG00000159200
12680,ENSG00000172348
12681,ENSG00000117602
12682,ENSG00000136144
12683,ENSG00000136161
12684,ENSG00000180198
12685,ENSG00000166965
12686,ENSG00000173653
12687,ENSG00000163743
12688,ENSG00000120158
12689,ENSG00000049449
12690,ENSG00000117906
12691,ENSG00000142552
12692,ENSG00000089902
12693,ENSG00000167771
12694,ENSG00000117625
12695,ENSG00000198771
12696,ENSG00000109047
12697,ENSG00000198570
12698,ENSG00000121039
12699,ENSG00000250295
12700,ENSG00000072042
12701,ENSG00000139988
12702,ENSG00000240857
12703,ENSG00000139547
12704,ENSG00000135437
12705,ENSG00000080511
12706,ENSG00000278023
12707,ENSG00000137710
12708,ENSG00000183324
12709,ENSG00000122707
12710,ENSG00000004700
12711,ENSG00000160957
12712,ENSG00000108469
12713,ENSG00000068615
12714,ENSG00000132563
12715,ENSG00000165476
12716,ENSG00000168476
12717,ENSG00000129625
12718,ENSG00000115255
12719,ENSG00000115386
12720,ENSG00000172023
12721,ENSG00000172016
12722,ENSG00000143954
12723,ENSG00000134193
12724,ENSG00000162924
12725,ENSG00000173039
12726,ENSG00000104856
12727,ENSG00000181826
12728,ENSG00000164620
12729,ENSG00000189056
12730,ENSG00000054967
12731,ENSG00000088320
12732,ENSG00000139890
12733,ENSG00000143839
12734,ENSG00000102032
12735,ENSG00000174236
12736,ENSG00000214022
12737,ENSG00000135597
12738,ENSG00000169891
12739,ENSG00000157916
12740,ENSG00000142599
12741,ENSG00000134533
12742,ENSG00000255660
12743,ENSG00000111404
12744,ENSG00000182698
12745,ENSG00000084093
12746,ENSG00000165731
12747,ENSG00000104918
12748,ENSG00000042445
12749,ENSG00000135945
12750,ENSG00000009413
12751,ENSG00000079313
12752,ENSG00000076043
12753,ENSG00000148300
12754,ENSG00000035928
12755,ENSG00000049541
12756,ENSG00000133119
12757,ENSG00000163918
12758,ENSG00000111445
12759,ENSG00000175449
12760,ENSG00000092871
12761,ENSG00000135002
12762,ENSG00000169733
12763,ENSG00000128250
12764,ENSG00000128253
12765,ENSG00000128276
12766,ENSG00000205853
12767,ENSG00000223638
12768,ENSG00000229292
12769,ENSG00000251258
12770,ENSG00000163933
12771,ENSG00000131378
12772,ENSG00000162944
12773,ENSG00000168411
12774,ENSG00000087903
12775,ENSG00000080298
12776,ENSG00000111783
12777,ENSG00000143390
12778,ENSG00000185002
12779,ENSG00000181827
12780,ENSG00000196460
12781,ENSG00000064490
12782,ENSG00000133111
12783,ENSG00000102760
12784,ENSG00000143344
12785,ENSG00000205517
12786,ENSG00000159496
12787,ENSG00000182175
12788,ENSG00000174136
12789,ENSG00000246763
12790,ENSG00000130988
12791,ENSG00000107185
12792,ENSG00000187627
12793,ENSG00000185304
12794,ENSG00000153165
12795,ENSG00000196862
12796,ENSG00000015568
12797,ENSG00000183054
12798,ENSG00000169629
12799,ENSG00000148604
12800,ENSG00000090104
12801,ENSG00000148908
12802,ENSG00000076344
12803,ENSG00000159788
12804,ENSG00000127074
12805,ENSG00000169220
12806,ENSG00000143333
12807,ENSG00000091844
12808,ENSG00000150681
12809,ENSG00000171700
12810,ENSG00000116741
12811,ENSG00000147509
12812,ENSG00000132554
12813,ENSG00000138835
12814,ENSG00000117152
12815,ENSG00000143248
12816,ENSG00000182732
12817,ENSG00000182901
12818,ENSG00000186479
12819,ENSG00000135824
12820,ENSG00000108370
12821,ENSG00000186326
12822,ENSG00000121446
12823,ENSG00000112077
12824,ENSG00000144468
12825,ENSG00000005486
12826,ENSG00000100263
12827,ENSG00000007384
12828,ENSG00000129667
12829,ENSG00000103269
12830,ENSG00000158315
12831,ENSG00000141314
12832,ENSG00000132677
12833,ENSG00000188672
12834,ENSG00000140519
12835,ENSG00000187010
12836,ENSG00000106615
12837,ENSG00000167550
12838,ENSG00000171792
12839,ENSG00000163914
12840,ENSG00000067560
12841,ENSG00000143878
12842,ENSG00000072422
12843,ENSG00000008853
12844,ENSG00000164292
12845,ENSG00000155366
12846,ENSG00000173156
12847,ENSG00000139725
12848,ENSG00000177105
12849,ENSG00000168421
12850,ENSG00000126785
12851,ENSG00000119729
12852,ENSG00000126858
12853,ENSG00000140983
12854,ENSG00000116574
12855,ENSG00000104140
12856,ENSG00000101883
12857,ENSG00000258545
12858,ENSG00000131721
12859,ENSG00000203989
12860,ENSG00000158106
12861,ENSG00000254389
12862,ENSG00000131941
12863,ENSG00000158423
12864,ENSG00000128408
12865,ENSG00000107036
12866,ENSG00000166405
12867,ENSG00000177963
12868,ENSG00000111785
12869,ENSG00000164327
12870,ENSG00000080345
12871,ENSG00000178796
12872,ENSG00000188026
12873,ENSG00000150977
12874,ENSG00000060709
12875,ENSG00000275793
12876,ENSG00000183246
12877,ENSG00000177181
12878,ENSG00000166532
12879,ENSG00000079841
12880,ENSG00000176406
12881,ENSG00000117016
12882,ENSG00000101098
12883,ENSG00000174791
12884,ENSG00000132669
12885,ENSG00000100599
12886,ENSG00000204227
12887,ENSG00000187994
12888,ENSG00000135249
12889,ENSG00000124784
12890,ENSG00000058729
12891,ENSG00000101782
12892,ENSG00000137275
12893,ENSG00000104312
12894,ENSG00000183421
12895,ENSG00000147223
12896,ENSG00000203877
12897,ENSG00000183145
12898,ENSG00000143622
12899,ENSG00000152214
12900,ENSG00000139405
12901,ENSG00000140522
12902,ENSG00000117000
12903,ENSG00000131263
12904,ENSG00000107018
12905,ENSG00000107014
12906,ENSG00000176623
12907,ENSG00000115841
12908,ENSG00000137824
12909,ENSG00000178966
12910,ENSG00000175643
12911,ENSG00000155906
12912,ENSG00000153561
12913,ENSG00000145916
12914,ENSG00000277027
12915,ENSG00000243819
12916,ENSG00000129538
12917,ENSG00000206150
12918,ENSG00000169385
12919,ENSG00000169397
12920,ENSG00000258818
12921,ENSG00000169413
12922,ENSG00000165799
12923,ENSG00000188655
12924,ENSG00000171865
12925,ENSG00000104889
12926,ENSG00000136104
12927,ENSG00000172922
12928,ENSG00000219200
12929,ENSG00000161939
12930,ENSG00000135828
12931,ENSG00000026297
12932,ENSG00000172602
12933,ENSG00000108830
12934,ENSG00000115963
12935,ENSG00000022840
12936,ENSG00000239305
12937,ENSG00000249884
12938,ENSG00000123091
12939,ENSG00000157450
12940,ENSG00000128482
12941,ENSG00000125352
12942,ENSG00000139797
12943,ENSG00000124226
12944,ENSG00000265491
12945,ENSG00000137522
12946,ENSG00000133874
12947,ENSG00000164068
12948,ENSG00000101695
12949,ENSG00000070423
12950,ENSG00000133135
12951,ENSG00000082996
12952,ENSG00000113269
12953,ENSG00000188050
12954,ENSG00000181481
12955,ENSG00000134758
12956,ENSG00000013561
12957,ENSG00000110315
12958,ENSG00000151692
12959,ENSG00000137393
12960,ENSG00000145860
12961,ENSG00000118518
12962,ENSG00000235631
12963,ENSG00000163162
12964,ENSG00000170153
12965,ENSG00000176641
12966,ENSG00000141576
12967,ENSG00000158717
12968,ENSG00000108523
12969,ENSG00000163961
12970,ENSG00000166439
12971,ENSG00000132972
12972,ENSG00000120925
12973,ENSG00000145428
12974,ENSG00000164197
12975,ENSG00000168894
12976,ENSG00000180537
12977,ENSG00000165188
12978,ENSG00000138942
12979,ENSG00000178828
12980,ENSG00000168159
12981,ENSG00000034677
12982,ENSG00000116514
12983,ENSG00000121481
12984,ENSG00000155827
12985,ENSG00000158286
12986,ENSG00000212864
12987,ENSG00000178222
12988,ENSG00000215277
12989,ENSG00000173821
12990,ENSG00000167257
12991,ENSG00000099999
12992,ENSG00000011275
12993,ENSG00000146373
12994,ENSG00000236548
12995,ENSG00000187147
12996,ENSG00000189051
12997,ENSG00000237330
12998,ENSG00000233198
12999,ENSG00000269855
13000,ENSG00000101236
13001,ENSG00000163481
13002,ENSG00000173456
13003,ENSG00000092098
13004,ENSG00000105982
13005,ENSG00000170633
13006,ENSG00000137075
13007,ENSG00000063978
13008,ENSG00000103549
13009,ENSG00000181852
13010,ENSG00000108375
13011,ENSG00000146083
13012,ENSG00000127870
13013,ENSG00000114125
13014,ENSG00000112130
13015,ENSG00000189050
13016,ENSG00000135119
13017,ENSG00000111880
13018,ENSG00000023191
13019,ENSG00000184719
13020,ENSG00000101654
13021,ENSG00000185946
13022,ENSG00000176393
13023,ENSG00000142327
13024,ENSG00000205937
13025,ENSG00000274978
13026,ENSG00000276027
13027,ENSG00000169855
13028,ENSG00000185008
13029,ENSG00000154134
13030,ENSG00000154133
13031,ENSG00000067900
13032,ENSG00000134318
13033,ENSG00000067836
13034,ENSG00000149489
13035,ENSG00000125995
13036,ENSG00000065371
13037,ENSG00000114547
13038,ENSG00000145491
13039,ENSG00000185483
13040,ENSG00000223949
13041,ENSG00000169071
13042,ENSG00000069667
13043,ENSG00000245534
13044,ENSG00000198963
13045,ENSG00000143365
13046,ENSG00000047936
13047,ENSG00000104237
13048,ENSG00000183638
13049,ENSG00000102218
13050,ENSG00000164610
13051,ENSG00000132383
13052,ENSG00000117748
13053,ENSG00000106399
13054,ENSG00000204086
13055,ENSG00000129197
13056,ENSG00000103932
13057,ENSG00000122484
13058,ENSG00000005175
13059,ENSG00000197713
13060,ENSG00000116745
13061,ENSG00000235376
13062,ENSG00000117133
13063,ENSG00000197498
13064,ENSG00000156313
13065,ENSG00000092200
13066,ENSG00000103494
13067,ENSG00000089169
13068,ENSG00000181031
13069,ENSG00000153574
13070,ENSG00000147403
13071,ENSG00000198755
13072,ENSG00000165496
13073,ENSG00000142676
13074,ENSG00000197958
13075,ENSG00000167526
13076,ENSG00000142541
13077,ENSG00000188846
13078,ENSG00000174748
13079,ENSG00000265681
13080,ENSG00000215472
13081,ENSG00000063177
13082,ENSG00000105640
13083,ENSG00000108298
13084,ENSG00000122026
13085,ENSG00000116251
13086,ENSG00000163584
13087,ENSG00000125691
13088,ENSG00000198242
13089,ENSG00000114391
13090,ENSG00000161970
13091,ENSG00000037241
13092,ENSG00000131469
13093,ENSG00000166441
13094,ENSG00000108107
13095,ENSG00000162244
13096,ENSG00000100316
13097,ENSG00000156482
13098,ENSG00000071082
13099,ENSG00000144713
13100,ENSG00000109475
13101,ENSG00000136942
13102,ENSG00000182899
13103,ENSG00000130255
13104,ENSG00000241343
13105,ENSG00000257529
13106,ENSG00000165502
13107,ENSG00000145592
13108,ENSG00000197756
13109,ENSG00000172809
13110,ENSG00000198918
13111,ENSG00000163923
13112,ENSG00000140986
13113,ENSG00000174444
13114,ENSG00000229117
13115,ENSG00000122406
13116,ENSG00000089009
13117,ENSG00000147604
13118,ENSG00000148303
13119,ENSG00000146223
13120,ENSG00000161016
13121,ENSG00000163682
13122,ENSG00000089157
13123,ENSG00000137818
13124,ENSG00000177600
13125,ENSG00000163902
13126,ENSG00000163684
13127,ENSG00000178718
13128,ENSG00000164967
13129,ENSG00000148688
13130,ENSG00000152464
13131,ENSG00000124787
13132,ENSG00000141425
13133,ENSG00000101413
13134,ENSG00000163125
13135,ENSG00000177519
13136,ENSG00000179673
13137,ENSG00000124614
13138,ENSG00000270800
13139,ENSG00000142534
13140,ENSG00000112306
13141,ENSG00000110700
13142,ENSG00000164587
13143,ENSG00000115268
13144,ENSG00000134419
13145,ENSG00000105193
13146,ENSG00000182774
13147,ENSG00000105372
13148,ENSG00000187051
13149,ENSG00000008988
13150,ENSG00000171858
13151,ENSG00000186468
13152,ENSG00000138326
13153,ENSG00000118181
13154,ENSG00000197728
13155,ENSG00000177954
13156,ENSG00000143947
13157,ENSG00000185088
13158,ENSG00000233927
13159,ENSG00000213741
13160,ENSG00000149273
13161,ENSG00000145425
13162,ENSG00000198034
13163,ENSG00000129824
13164,ENSG00000280969
13165,ENSG00000083845
13166,ENSG00000137154
13167,ENSG00000071242
13168,ENSG00000177189
13169,ENSG00000162302
13170,ENSG00000100784
13171,ENSG00000072133
13172,ENSG00000108443
13173,ENSG00000175634
13174,ENSG00000136643
13175,ENSG00000198208
13176,ENSG00000171863
13177,ENSG00000142937
13178,ENSG00000168028
13179,ENSG00000215853
13180,ENSG00000141564
13181,ENSG00000007376
13182,ENSG00000166133
13183,ENSG00000156990
13184,ENSG00000165526
13185,ENSG00000166592
13186,ENSG00000155876
13187,ENSG00000083750
13188,ENSG00000116954
13189,ENSG00000025039
13190,ENSG00000126458
13191,ENSG00000133818
13192,ENSG00000125844
13193,ENSG00000124782
13194,ENSG00000180245
13195,ENSG00000167325
13196,ENSG00000171848
13197,ENSG00000048392
13198,ENSG00000085721
13199,ENSG00000160214
13200,ENSG00000052749
13201,ENSG00000067533
13202,ENSG00000160208
13203,ENSG00000124541
13204,ENSG00000189306
13205,ENSG00000132275
13206,ENSG00000114767
13207,ENSG00000179041
13208,ENSG00000102104
13209,ENSG00000136444
13210,ENSG00000134321
13211,ENSG00000081019
13212,ENSG00000187257
13213,ENSG00000048649
13214,ENSG00000171490
13215,ENSG00000137876
13216,ENSG00000160188
13217,ENSG00000155026
13218,ENSG00000169402
13219,ENSG00000100218
13220,ENSG00000130363
13221,ENSG00000111834
13222,ENSG00000104941
13223,ENSG00000172426
13224,ENSG00000169218
13225,ENSG00000147655
13226,ENSG00000146374
13227,ENSG00000101282
13228,ENSG00000159579
13229,ENSG00000174891
13230,ENSG00000111011
13231,ENSG00000117616
13232,ENSG00000148484
13233,ENSG00000132026
13234,ENSG00000137996
13235,ENSG00000100220
13236,ENSG00000258366
13237,ENSG00000026036
13238,ENSG00000137815
13239,ENSG00000114993
13240,ENSG00000182010
13241,ENSG00000254656
13242,ENSG00000139970
13243,ENSG00000125744
13244,ENSG00000133318
13245,ENSG00000115310
13246,ENSG00000130347
13247,ENSG00000040608
13248,ENSG00000185924
13249,ENSG00000186907
13250,ENSG00000198471
13251,ENSG00000163825
13252,ENSG00000136514
13253,ENSG00000188011
13254,ENSG00000176225
13255,ENSG00000145016
13256,ENSG00000204130
13257,ENSG00000018189
13258,ENSG00000188282
13259,ENSG00000198863
13260,ENSG00000108309
13261,ENSG00000105784
13262,ENSG00000159216
13263,ENSG00000079102
13264,ENSG00000124813
13265,ENSG00000020633
13266,ENSG00000160753
13267,ENSG00000225855
13268,ENSG00000198853
13269,ENSG00000175792
13270,ENSG00000239608
13271,ENSG00000183207
13272,ENSG00000111832
13273,ENSG00000013392
13274,ENSG00000122481
13275,ENSG00000182552
13276,ENSG00000171509
13277,ENSG00000133105
13278,ENSG00000173080
13279,ENSG00000186350
13280,ENSG00000143171
13281,ENSG00000163602
13282,ENSG00000163785
13283,ENSG00000196218
13284,ENSG00000198626
13285,ENSG00000198838
13286,ENSG00000160678
13287,ENSG00000197747
13288,ENSG00000163191
13289,ENSG00000163221
13290,ENSG00000189171
13291,ENSG00000189334
13292,ENSG00000188643
13293,ENSG00000196754
13294,ENSG00000188015
13295,ENSG00000196154
13296,ENSG00000196420
13297,ENSG00000197956
13298,ENSG00000143556
13299,ENSG00000184330
13300,ENSG00000143546
13301,ENSG00000163220
13302,ENSG00000160307
13303,ENSG00000169906
13304,ENSG00000163993
13305,ENSG00000116497
13306,ENSG00000171643
13307,ENSG00000170989
13308,ENSG00000267534
13309,ENSG00000213694
13310,ENSG00000125910
13311,ENSG00000180739
13312,ENSG00000134339
13313,ENSG00000255071
13314,ENSG00000148965
13315,ENSG00000166788
13316,ENSG00000168061
13317,ENSG00000211456
13318,ENSG00000151835
13319,ENSG00000229558
13320,ENSG00000142230
13321,ENSG00000160633
13322,ENSG00000130254
13323,ENSG00000130561
13324,ENSG00000181433
13325,ENSG00000103449
13326,ENSG00000165821
13327,ENSG00000256463
13328,ENSG00000101115
13329,ENSG00000280515
13330,ENSG00000130590
13331,ENSG00000187634
13332,ENSG00000177570
13333,ENSG00000203943
13334,ENSG00000167100
13335,ENSG00000100583
13336,ENSG00000164483
13337,ENSG00000020577
13338,ENSG00000179134
13339,ENSG00000203727
13340,ENSG00000187033
13341,ENSG00000156671
13342,ENSG00000205413
13343,ENSG00000177409
13344,ENSG00000101347
13345,ENSG00000100347
13346,ENSG00000155307
13347,ENSG00000223662
13348,ENSG00000136715
13349,ENSG00000150459
13350,ENSG00000205307
13351,ENSG00000164105
13352,ENSG00000161526
13353,ENSG00000164576
13354,ENSG00000245275
13355,ENSG00000186193
13356,ENSG00000079332
13357,ENSG00000152700
13358,ENSG00000133872
13359,ENSG00000123453
13360,ENSG00000004139
13361,ENSG00000205323
13362,ENSG00000175467
13363,ENSG00000075856
13364,ENSG00000111961
13365,ENSG00000122122
13366,ENSG00000156876
13367,ENSG00000130066
13368,ENSG00000141504
13369,ENSG00000182568
13370,ENSG00000119042
13371,ENSG00000225953
13372,ENSG00000184788
13373,ENSG00000151748
13374,ENSG00000155875
13375,ENSG00000188659
13376,ENSG00000112167
13377,ENSG00000126524
13378,ENSG00000100241
13379,ENSG00000133812
13380,ENSG00000246273
13381,ENSG00000188322
13382,ENSG00000231274
13383,ENSG00000139697
13384,ENSG00000064932
13385,ENSG00000189001
13386,ENSG00000164764
13387,ENSG00000109929
13388,ENSG00000280620
13389,ENSG00000126461
13390,ENSG00000139218
13391,ENSG00000156304
13392,ENSG00000213079
13393,ENSG00000173611
13394,ENSG00000085365
13395,ENSG00000245556
13396,ENSG00000140497
13397,ENSG00000116521
13398,ENSG00000227500
13399,ENSG00000198794
13400,ENSG00000171222
13401,ENSG00000114650
13402,ENSG00000140386
13403,ENSG00000168077
13404,ENSG00000168079
13405,ENSG00000073060
13406,ENSG00000138760
13407,ENSG00000074660
13408,ENSG00000244486
13409,ENSG00000278249
13410,ENSG00000254911
13411,ENSG00000143653
13412,ENSG00000099194
13413,ENSG00000145284
13414,ENSG00000136155
13415,ENSG00000092108
13416,ENSG00000184178
13417,ENSG00000171951
13418,ENSG00000104112
13419,ENSG00000166922
13420,ENSG00000149021
13421,ENSG00000188076
13422,ENSG00000268320
13423,ENSG00000168515
13424,ENSG00000124935
13425,ENSG00000197745
13426,ENSG00000124939
13427,ENSG00000110484
13428,ENSG00000205209
13429,ENSG00000161055
13430,ENSG00000164265
13431,ENSG00000079689
13432,ENSG00000151967
13433,ENSG00000281131
13434,ENSG00000161929
13435,ENSG00000006747
13436,ENSG00000151466
13437,ENSG00000132330
13438,ENSG00000010803
13439,ENSG00000047634
13440,ENSG00000102098
13441,ENSG00000146285
13442,ENSG00000185313
13443,ENSG00000168356
13444,ENSG00000144285
13445,ENSG00000105711
13446,ENSG00000136531
13447,ENSG00000149575
13448,ENSG00000153253
13449,ENSG00000166257
13450,ENSG00000007314
13451,ENSG00000177098
13452,ENSG00000183873
13453,ENSG00000136546
13454,ENSG00000196876
13455,ENSG00000169432
13456,ENSG00000163156
13457,ENSG00000111319
13458,ENSG00000168447
13459,ENSG00000162572
13460,ENSG00000166828
13461,ENSG00000133028
13462,ENSG00000284194
13463,ENSG00000153130
13464,ENSG00000196951
13465,ENSG00000116171
13466,ENSG00000121064
13467,ENSG00000164106
13468,ENSG00000180900
13469,ENSG00000136193
13470,ENSG00000141295
13471,ENSG00000144306
13472,ENSG00000261678
13473,ENSG00000080293
13474,ENSG00000159307
13475,ENSG00000175356
13476,ENSG00000146197
13477,ENSG00000260428
13478,ENSG00000142186
13479,ENSG00000136021
13480,ENSG00000000457
13481,ENSG00000198301
13482,ENSG00000115884
13483,ENSG00000169439
13484,ENSG00000162512
13485,ENSG00000124145
13486,ENSG00000137575
13487,ENSG00000125775
13488,ENSG00000234684
13489,ENSG00000143751
13490,ENSG00000132581
13491,ENSG00000128228
13492,ENSG00000078808
13493,ENSG00000073578
13494,ENSG00000205138
13495,ENSG00000167985
13496,ENSG00000196636
13497,ENSG00000154079
13498,ENSG00000117118
13499,ENSG00000143252
13500,ENSG00000204370
13501,ENSG00000146555
13502,ENSG00000069188
13503,ENSG00000170786
13504,ENSG00000100445
13505,ENSG00000184860
13506,ENSG00000183921
13507,ENSG00000170426
13508,ENSG00000135094
13509,ENSG00000139410
13510,ENSG00000140612
13511,ENSG00000166562
13512,ENSG00000157020
13513,ENSG00000129657
13514,ENSG00000100003
13515,ENSG00000100012
13516,ENSG00000133488
13517,ENSG00000103184
13518,ENSG00000214491
13519,ENSG00000148396
13520,ENSG00000120341
13521,ENSG00000121542
13522,ENSG00000265808
13523,ENSG00000093183
13524,ENSG00000100934
13525,ENSG00000101310
13526,ENSG00000107651
13527,ENSG00000113615
13528,ENSG00000138802
13529,ENSG00000247950
13530,ENSG00000176986
13531,ENSG00000150961
13532,ENSG00000138674
13533,ENSG00000075826
13534,ENSG00000058262
13535,ENSG00000065665
13536,ENSG00000106803
13537,ENSG00000132432
13538,ENSG00000008952
13539,ENSG00000025796
13540,ENSG00000187742
13541,ENSG00000138593
13542,ENSG00000141574
13543,ENSG00000085415
13544,ENSG00000071537
13545,ENSG00000101251
13546,ENSG00000091490
13547,ENSG00000007908
13548,ENSG00000143416
13549,ENSG00000188404
13550,ENSG00000174175
13551,ENSG00000110876
13552,ENSG00000075213
13553,ENSG00000012171
13554,ENSG00000075223
13555,ENSG00000153993
13556,ENSG00000170381
13557,ENSG00000001617
13558,ENSG00000235016
13559,ENSG00000010319
13560,ENSG00000196189
13561,ENSG00000185033
13562,ENSG00000168758
13563,ENSG00000187764
13564,ENSG00000135622
13565,ENSG00000095539
13566,ENSG00000112902
13567,ENSG00000082684
13568,ENSG00000092421
13569,ENSG00000248445
13570,ENSG00000167680
13571,ENSG00000143434
13572,ENSG00000137872
13573,ENSG00000138623
13574,ENSG00000124233
13575,ENSG00000124157
13576,ENSG00000254703
13577,ENSG00000079387
13578,ENSG00000163904
13579,ENSG00000161956
13580,ENSG00000119231
13581,ENSG00000112701
13582,ENSG00000138468
13583,ENSG00000166192
13584,ENSG00000086475
13585,ENSG00000179918
13586,ENSG00000109618
13587,ENSG00000281501
13588,ENSG00000122335
13589,ENSG00000142864
13590,ENSG00000172058
13591,ENSG00000140264
13592,ENSG00000129158
13593,ENSG00000183569
13594,ENSG00000111897
13595,ENSG00000168528
13596,ENSG00000132824
13597,ENSG00000184716
13598,ENSG00000164300
13599,ENSG00000120742
13600,ENSG00000151778
13601,ENSG00000186910
13602,ENSG00000196136
13603,ENSG00000100665
13604,ENSG00000188488
13605,ENSG00000170099
13606,ENSG00000123561
13607,ENSG00000170054
13608,ENSG00000021355
13609,ENSG00000242550
13610,ENSG00000206072
13611,ENSG00000166634
13612,ENSG00000197641
13613,ENSG00000197632
13614,ENSG00000057149
13615,ENSG00000206073
13616,ENSG00000206075
13617,ENSG00000124570
13618,ENSG00000166396
13619,ENSG00000166401
13620,ENSG00000170542
13621,ENSG00000117601
13622,ENSG00000099937
13623,ENSG00000106366
13624,ENSG00000135919
13625,ENSG00000253309
13626,ENSG00000167711
13627,ENSG00000149131
13628,ENSG00000149257
13629,ENSG00000163536
13630,ENSG00000114204
13631,ENSG00000197019
13632,ENSG00000179833
13633,ENSG00000167565
13634,ENSG00000082497
13635,ENSG00000180440
13636,ENSG00000080546
13637,ENSG00000149212
13638,ENSG00000187231
13639,ENSG00000119335
13640,ENSG00000152217
13641,ENSG00000099381
13642,ENSG00000139718
13643,ENSG00000181555
13644,ENSG00000183576
13645,ENSG00000185917
13646,ENSG00000168137
13647,ENSG00000103037
13648,ENSG00000145391
13649,ENSG00000155542
13650,ENSG00000143379
13651,ENSG00000136169
13652,ENSG00000170364
13653,ENSG00000230667
13654,ENSG00000107290
13655,ENSG00000063015
13656,ENSG00000100095
13657,ENSG00000174938
13658,ENSG00000168066
13659,ENSG00000099995
13660,ENSG00000104897
13661,ENSG00000183431
13662,ENSG00000115524
13663,ENSG00000087365
13664,ENSG00000189091
13665,ENSG00000143368
13666,ENSG00000169976
13667,ENSG00000115128
13668,ENSG00000198089
13669,ENSG00000163935
13670,ENSG00000198879
13671,ENSG00000175793
13672,ENSG00000116560
13673,ENSG00000156384
13674,ENSG00000104332
13675,ENSG00000145423
13676,ENSG00000106483
13677,ENSG00000120057
13678,ENSG00000061936
13679,ENSG00000198818
13680,ENSG00000213064
13681,ENSG00000173349
13682,ENSG00000225383
13683,ENSG00000196260
13684,ENSG00000257520
13685,ENSG00000122852
13686,ENSG00000185303
13687,ENSG00000168878
13688,ENSG00000168484
13689,ENSG00000133661
13690,ENSG00000164466
13691,ENSG00000156398
13692,ENSG00000107819
13693,ENSG00000183605
13694,ENSG00000144040
13695,ENSG00000108823
13696,ENSG00000163069
13697,ENSG00000170624
13698,ENSG00000127990
13699,ENSG00000102683
13700,ENSG00000185053
13701,ENSG00000176476
13702,ENSG00000118473
13703,ENSG00000118515
13704,ENSG00000101049
13705,ENSG00000104205
13706,ENSG00000198964
13707,ENSG00000164023
13708,ENSG00000166224
13709,ENSG00000163082
13710,ENSG00000181523
13711,ENSG00000167037
13712,ENSG00000141258
13713,ENSG00000100359
13714,ENSG00000104969
13715,ENSG00000197860
13716,ENSG00000178188
13717,ENSG00000160999
13718,ENSG00000111252
13719,ENSG00000183918
13720,ENSG00000198574
13721,ENSG00000027869
13722,ENSG00000125731
13723,ENSG00000095370
13724,ENSG00000104611
13725,ENSG00000178217
13726,ENSG00000189410
13727,ENSG00000152292
13728,ENSG00000183476
13729,ENSG00000185437
13730,ENSG00000131171
13731,ENSG00000198478
13732,ENSG00000142669
13733,ENSG00000100092
13734,ENSG00000087266
13735,ENSG00000130147
13736,ENSG00000131370
13737,ENSG00000224660
13738,ENSG00000175137
13739,ENSG00000109686
13740,ENSG00000214193
13741,ENSG00000141985
13742,ENSG00000107295
13743,ENSG00000140600
13744,ENSG00000097033
13745,ENSG00000148341
13746,ENSG00000147010
13747,ENSG00000107957
13748,ENSG00000280693
13749,ENSG00000174705
13750,ENSG00000154447
13751,ENSG00000156463
13752,ENSG00000172985
13753,ENSG00000125089
13754,ENSG00000169247
13755,ENSG00000035115
13756,ENSG00000161681
13757,ENSG00000162105
13758,ENSG00000226627
13759,ENSG00000171671
13760,ENSG00000179526
13761,ENSG00000107338
13762,ENSG00000129214
13763,ENSG00000160691
13764,ENSG00000129946
13765,ENSG00000148082
13766,ENSG00000185634
13767,ENSG00000171241
13768,ENSG00000157060
13769,ENSG00000105251
13770,ENSG00000169291
13771,ENSG00000138606
13772,ENSG00000164690
13773,ENSG00000180730
13774,ENSG00000178343
13775,ENSG00000198892
13776,ENSG00000164054
13777,ENSG00000188803
13778,ENSG00000187902
13779,ENSG00000234965
13780,ENSG00000237515
13781,ENSG00000160410
13782,ENSG00000176974
13783,ENSG00000182199
13784,ENSG00000108061
13785,ENSG00000185960
13786,ENSG00000168779
13787,ENSG00000197417
13788,ENSG00000146414
13789,ENSG00000144736
13790,ENSG00000164403
13791,ENSG00000146950
13792,ENSG00000138771
13793,ENSG00000158352
13794,ENSG00000187164
13795,ENSG00000090402
13796,ENSG00000110013
13797,ENSG00000196470
13798,ENSG00000181788
13799,ENSG00000215475
13800,ENSG00000072858
13801,ENSG00000149577
13802,ENSG00000185187
13803,ENSG00000088827
13804,ENSG00000142512
13805,ENSG00000161640
13806,ENSG00000254521
13807,ENSG00000254415
13808,ENSG00000197046
13809,ENSG00000268500
13810,ENSG00000105492
13811,ENSG00000168995
13812,ENSG00000105366
13813,ENSG00000129450
13814,ENSG00000179213
13815,ENSG00000147955
13816,ENSG00000142178
13817,ENSG00000170145
13818,ENSG00000160584
13819,ENSG00000052723
13820,ENSG00000120725
13821,ENSG00000112246
13822,ENSG00000159263
13823,ENSG00000170085
13824,ENSG00000169375
13825,ENSG00000127511
13826,ENSG00000213445
13827,ENSG00000197555
13828,ENSG00000116991
13829,ENSG00000105738
13830,ENSG00000198053
13831,ENSG00000101307
13832,ENSG00000196209
13833,ENSG00000125900
13834,ENSG00000089012
13835,ENSG00000237914
13836,ENSG00000096717
13837,ENSG00000068903
13838,ENSG00000142082
13839,ENSG00000089163
13840,ENSG00000124523
13841,ENSG00000077463
13842,ENSG00000187531
13843,ENSG00000137078
13844,ENSG00000184990
13845,ENSG00000126778
13846,ENSG00000170577
13847,ENSG00000138083
13848,ENSG00000236502
13849,ENSG00000100625
13850,ENSG00000177045
13851,ENSG00000184302
13852,ENSG00000182628
13853,ENSG00000165480
13854,ENSG00000141293
13855,ENSG00000005020
13856,ENSG00000157933
13857,ENSG00000180592
13858,ENSG00000136603
13859,ENSG00000188779
13860,ENSG00000215474
13861,ENSG00000113558
13862,ENSG00000145604
13863,ENSG00000155926
13864,ENSG00000101082
13865,ENSG00000139737
13866,ENSG00000109171
13867,ENSG00000117090
13868,ENSG00000162739
13869,ENSG00000026751
13870,ENSG00000158714
13871,ENSG00000162723
13872,ENSG00000163950
13873,ENSG00000100652
13874,ENSG00000125255
13875,ENSG00000126903
13876,ENSG00000145248
13877,ENSG00000253598
13878,ENSG00000145283
13879,ENSG00000120519
13880,ENSG00000018280
13881,ENSG00000110911
13882,ENSG00000074803
13883,ENSG00000064651
13884,ENSG00000070915
13885,ENSG00000124067
13886,ENSG00000124140
13887,ENSG00000140199
13888,ENSG00000221955
13889,ENSG00000146828
13890,ENSG00000081800
13891,ENSG00000007216
13892,ENSG00000158296
13893,ENSG00000164707
13894,ENSG00000141485
13895,ENSG00000141469
13896,ENSG00000132874
13897,ENSG00000088386
13898,ENSG00000163406
13899,ENSG00000110446
13900,ENSG00000139370
13901,ENSG00000188991
13902,ENSG00000155380
13903,ENSG00000226419
13904,ENSG00000112394
13905,ENSG00000174326
13906,ENSG00000152779
13907,ENSG00000234452
13908,ENSG00000174327
13909,ENSG00000163053
13910,ENSG00000147100
13911,ENSG00000141526
13912,ENSG00000168679
13913,ENSG00000170190
13914,ENSG00000108932
13915,ENSG00000118596
13916,ENSG00000100156
13917,ENSG00000165449
13918,ENSG00000124568
13919,ENSG00000124564
13920,ENSG00000146039
13921,ENSG00000119899
13922,ENSG00000104888
13923,ENSG00000179520
13924,ENSG00000101194
13925,ENSG00000036565
13926,ENSG00000165646
13927,ENSG00000187714
13928,ENSG00000146409
13929,ENSG00000173638
13930,ENSG00000117479
13931,ENSG00000135917
13932,ENSG00000106688
13933,ENSG00000110436
13934,ENSG00000079215
13935,ENSG00000115902
13936,ENSG00000105281
13937,ENSG00000105143
13938,ENSG00000162383
13939,ENSG00000144136
13940,ENSG00000168575
13941,ENSG00000175003
13942,ENSG00000184999
13943,ENSG00000168065
13944,ENSG00000172940
13945,ENSG00000144671
13946,ENSG00000163393
13947,ENSG00000004809
13948,ENSG00000092096
13949,ENSG00000112499
13950,ENSG00000137266
13951,ENSG00000196600
13952,ENSG00000146477
13953,ENSG00000259803
13954,ENSG00000197208
13955,ENSG00000197375
13956,ENSG00000197901
13957,ENSG00000137204
13958,ENSG00000149452
13959,ENSG00000149742
13960,ENSG00000170482
13961,ENSG00000089057
13962,ENSG00000213901
13963,ENSG00000074621
13964,ENSG00000155886
13965,ENSG00000185052
13966,ENSG00000140090
13967,ENSG00000188467
13968,ENSG00000100075
13969,ENSG00000183048
13970,ENSG00000108528
13971,ENSG00000115840
13972,ENSG00000004864
13973,ENSG00000102078
13974,ENSG00000102743
13975,ENSG00000122912
13976,ENSG00000100372
13977,ENSG00000182902
13978,ENSG00000125454
13979,ENSG00000120329
13980,ENSG00000178537
13981,ENSG00000183032
13982,ENSG00000258708
13983,ENSG00000177542
13984,ENSG00000125648
13985,ENSG00000085491
13986,ENSG00000148339
13987,ENSG00000144741
13988,ENSG00000153291
13989,ENSG00000155287
13990,ENSG00000197119
13991,ENSG00000075415
13992,ENSG00000174032
13993,ENSG00000151475
13994,ENSG00000164933
13995,ENSG00000171612
13996,ENSG00000162461
13997,ENSG00000125434
13998,ENSG00000114120
13999,ENSG00000147454
14000,ENSG00000144659
14001,ENSG00000013306
14002,ENSG00000151729
14003,ENSG00000075303
14004,ENSG00000181240
14005,ENSG00000181035
14006,ENSG00000077713
14007,ENSG00000160785
14008,ENSG00000162241
14009,ENSG00000164209
14010,ENSG00000140107
14011,ENSG00000145832
14012,ENSG00000005022
14013,ENSG00000122696
14014,ENSG00000141437
14015,ENSG00000269743
14016,ENSG00000145217
14017,ENSG00000181045
14018,ENSG00000155850
14019,ENSG00000091138
14020,ENSG00000091137
14021,ENSG00000170615
14022,ENSG00000225697
14023,ENSG00000147606
14024,ENSG00000112053
14025,ENSG00000174502
14026,ENSG00000130304
14027,ENSG00000140284
14028,ENSG00000143554
14029,ENSG00000167114
14030,ENSG00000083807
14031,ENSG00000113396
14032,ENSG00000156222
14033,ENSG00000137860
14034,ENSG00000197506
14035,ENSG00000112759
14036,ENSG00000174669
14037,ENSG00000198246
14038,ENSG00000164638
14039,ENSG00000117394
14040,ENSG00000197496
14041,ENSG00000146411
14042,ENSG00000151229
14043,ENSG00000173262
14044,ENSG00000163581
14045,ENSG00000059804
14046,ENSG00000125520
14047,ENSG00000142583
14048,ENSG00000197241
14049,ENSG00000136856
14050,ENSG00000109667
14051,ENSG00000170385
14052,ENSG00000196660
14053,ENSG00000158014
14054,ENSG00000115194
14055,ENSG00000104154
14056,ENSG00000145740
14057,ENSG00000152683
14058,ENSG00000162695
14059,ENSG00000164756
14060,ENSG00000014824
14061,ENSG00000136868
14062,ENSG00000136867
14063,ENSG00000101438
14064,ENSG00000169359
14065,ENSG00000131183
14066,ENSG00000157765
14067,ENSG00000198569
14068,ENSG00000164414
14069,ENSG00000117620
14070,ENSG00000176087
14071,ENSG00000138459
14072,ENSG00000121073
14073,ENSG00000157593
14074,ENSG00000124786
14075,ENSG00000205060
14076,ENSG00000181830
14077,ENSG00000116704
14078,ENSG00000130958
14079,ENSG00000182747
14080,ENSG00000127526
14081,ENSG00000189339
14082,ENSG00000175782
14083,ENSG00000100036
14084,ENSG00000196376
14085,ENSG00000110660
14086,ENSG00000183780
14087,ENSG00000151812
14088,ENSG00000115084
14089,ENSG00000213699
14090,ENSG00000176273
14091,ENSG00000168917
14092,ENSG00000164729
14093,ENSG00000177710
14094,ENSG00000259224
14095,ENSG00000123643
14096,ENSG00000186335
14097,ENSG00000186334
14098,ENSG00000180773
14099,ENSG00000160190
14100,ENSG00000134955
14101,ENSG00000157800
14102,ENSG00000111371
14103,ENSG00000157637
14104,ENSG00000169507
14105,ENSG00000134294
14106,ENSG00000188338
14107,ENSG00000139209
14108,ENSG00000017483
14109,ENSG00000139974
14110,ENSG00000103042
14111,ENSG00000166558
14112,ENSG00000177058
14113,ENSG00000143570
14114,ENSG00000196950
14115,ENSG00000133195
14116,ENSG00000148482
14117,ENSG00000226083
14118,ENSG00000165915
14119,ENSG00000104635
14120,ENSG00000165794
14121,ENSG00000141873
14122,ENSG00000147804
14123,ENSG00000139540
14124,ENSG00000141424
14125,ENSG00000138821
14126,ENSG00000029364
14127,ENSG00000138079
14128,ENSG00000168003
14129,ENSG00000138449
14130,ENSG00000133065
14131,ENSG00000136052
14132,ENSG00000114544
14133,ENSG00000149150
14134,ENSG00000167703
14135,ENSG00000134802
14136,ENSG00000070214
14137,ENSG00000129353
14138,ENSG00000143036
14139,ENSG00000137968
14140,ENSG00000162426
14141,ENSG00000164175
14142,ENSG00000158715
14143,ENSG00000022567
14144,ENSG00000076351
14145,ENSG00000119457
14146,ENSG00000139508
14147,ENSG00000142494
14148,ENSG00000180638
14149,ENSG00000211584
14150,ENSG00000004939
14151,ENSG00000144290
14152,ENSG00000088836
14153,ENSG00000163798
14154,ENSG00000164889
14155,ENSG00000114923
14156,ENSG00000080493
14157,ENSG00000188687
14158,ENSG00000033867
14159,ENSG00000050438
14160,ENSG00000113073
14161,ENSG00000169241
14162,ENSG00000163959
14163,ENSG00000186198
14164,ENSG00000132517
14165,ENSG00000185803
14166,ENSG00000101276
14167,ENSG00000100170
14168,ENSG00000154025
14169,ENSG00000148942
14170,ENSG00000140675
14171,ENSG00000198743
14172,ENSG00000100191
14173,ENSG00000105641
14174,ENSG00000138074
14175,ENSG00000115665
14176,ENSG00000256870
14177,ENSG00000117834
14178,ENSG00000157103
14179,ENSG00000132164
14180,ENSG00000111181
14181,ENSG00000010379
14182,ENSG00000268104
14183,ENSG00000072041
14184,ENSG00000063127
14185,ENSG00000197106
14186,ENSG00000164363
14187,ENSG00000174358
14188,ENSG00000103546
14189,ENSG00000163817
14190,ENSG00000142319
14191,ENSG00000108576
14192,ENSG00000131389
14193,ENSG00000011083
14194,ENSG00000130821
14195,ENSG00000196517
14196,ENSG00000139514
14197,ENSG00000130876
14198,ENSG00000151012
14199,ENSG00000164893
14200,ENSG00000013293
14201,ENSG00000003989
14202,ENSG00000165349
14203,ENSG00000099960
14204,ENSG00000103257
14205,ENSG00000103064
14206,ENSG00000103061
14207,ENSG00000155465
14208,ENSG00000092068
14209,ENSG00000021488
14210,ENSG00000183023
14211,ENSG00000118160
14212,ENSG00000100678
14213,ENSG00000089060
14214,ENSG00000090020
14215,ENSG00000115616
14216,ENSG00000180251
14217,ENSG00000135740
14218,ENSG00000198689
14219,ENSG00000065923
14220,ENSG00000197818
14221,ENSG00000181804
14222,ENSG00000240012
14223,ENSG00000164037
14224,ENSG00000164038
14225,ENSG00000172139
14226,ENSG00000162753
14227,ENSG00000084453
14228,ENSG00000134538
14229,ENSG00000111700
14230,ENSG00000139155
14231,ENSG00000174640
14232,ENSG00000137491
14233,ENSG00000176463
14234,ENSG00000101187
14235,ENSG00000232803
14236,ENSG00000173930
14237,ENSG00000137571
14238,ENSG00000205359
14239,ENSG00000133302
14240,ENSG00000119906
14241,ENSG00000172716
14242,ENSG00000172123
14243,ENSG00000205045
14244,ENSG00000154760
14245,ENSG00000236320
14246,ENSG00000166750
14247,ENSG00000171790
14248,ENSG00000281207
14249,ENSG00000119705
14250,ENSG00000187122
14251,ENSG00000145147
14252,ENSG00000184347
14253,ENSG00000178235
14254,ENSG00000185985
14255,ENSG00000121871
14256,ENSG00000179542
14257,ENSG00000165300
14258,ENSG00000184564
14259,ENSG00000065613
14260,ENSG00000163681
14261,ENSG00000170290
14262,ENSG00000124107
14263,ENSG00000137776
14264,ENSG00000164609
14265,ENSG00000126233
14266,ENSG00000132207
14267,ENSG00000181625
14268,ENSG00000188827
14269,ENSG00000149346
14270,ENSG00000170365
14271,ENSG00000250902
14272,ENSG00000175387
14273,ENSG00000166949
14274,ENSG00000141646
14275,ENSG00000113658
14276,ENSG00000164621
14277,ENSG00000137834
14278,ENSG00000101665
14279,ENSG00000120693
14280,ENSG00000170545
14281,ENSG00000112305
14282,ENSG00000084070
14283,ENSG00000102038
14284,ENSG00000080503
14285,ENSG00000127616
14286,ENSG00000153147
14287,ENSG00000163104
14288,ENSG00000138375
14289,ENSG00000099956
14290,ENSG00000173473
14291,ENSG00000139613
14292,ENSG00000066117
14293,ENSG00000108604
14294,ENSG00000082014
14295,ENSG00000073584
14296,ENSG00000072501
14297,ENSG00000077935
14298,ENSG00000136824
14299,ENSG00000108055
14300,ENSG00000113810
14301,ENSG00000198887
14302,ENSG00000163029
14303,ENSG00000101596
14304,ENSG00000214097
14305,ENSG00000165935
14306,ENSG00000179256
14307,ENSG00000166002
14308,ENSG00000163206
14309,ENSG00000223979
14310,ENSG00000226746
14311,ENSG00000176994
14312,ENSG00000157106
14313,ENSG00000198952
14314,ENSG00000070366
14315,ENSG00000116698
14316,ENSG00000167447
14317,ENSG00000105771
14318,ENSG00000235169
14319,ENSG00000184785
14320,ENSG00000256537
14321,ENSG00000178947
14322,ENSG00000196972
14323,ENSG00000163866
14324,ENSG00000224531
14325,ENSG00000163683
14326,ENSG00000188725
14327,ENSG00000268182
14328,ENSG00000253457
14329,ENSG00000176209
14330,ENSG00000226519
14331,ENSG00000227258
14332,ENSG00000250317
14333,ENSG00000206026
14334,ENSG00000267795
14335,ENSG00000095932
14336,ENSG00000256235
14337,ENSG00000204323
14338,ENSG00000214046
14339,ENSG00000111850
14340,ENSG00000203870
14341,ENSG00000240204
14342,ENSG00000119953
14343,ENSG00000128602
14344,ENSG00000198732
14345,ENSG00000112562
14346,ENSG00000088826
14347,ENSG00000166311
14348,ENSG00000135587
14349,ENSG00000103056
14350,ENSG00000136699
14351,ENSG00000172594
14352,ENSG00000130768
14353,ENSG00000091482
14354,ENSG00000109208
14355,ENSG00000171201
14356,ENSG00000102172
14357,ENSG00000183963
14358,ENSG00000214872
14359,ENSG00000188176
14360,ENSG00000122692
14361,ENSG00000123415
14362,ENSG00000198742
14363,ENSG00000108854
14364,ENSG00000115593
14365,ENSG00000143499
14366,ENSG00000185420
14367,ENSG00000186532
14368,ENSG00000135632
14369,ENSG00000124216
14370,ENSG00000019549
14371,ENSG00000185669
14372,ENSG00000260630
14373,ENSG00000092531
14374,ENSG00000132639
14375,ENSG00000227906
14376,ENSG00000099940
14377,ENSG00000143740
14378,ENSG00000065609
14379,ENSG00000023608
14380,ENSG00000104976
14381,ENSG00000164975
14382,ENSG00000165684
14383,ENSG00000174446
14384,ENSG00000143553
14385,ENSG00000145335
14386,ENSG00000247775
14387,ENSG00000064692
14388,ENSG00000074317
14389,ENSG00000173267
14390,ENSG00000197157
14391,ENSG00000279078
14392,ENSG00000162804
14393,ENSG00000159210
14394,ENSG00000247092
14395,ENSG00000197989
14396,ENSG00000232956
14397,ENSG00000250786
14398,ENSG00000260260
14399,ENSG00000250988
14400,ENSG00000267322
14401,ENSG00000266402
14402,ENSG00000233016
14403,ENSG00000163877
14404,ENSG00000184602
14405,ENSG00000101298
14406,ENSG00000163788
14407,ENSG00000144028
14408,ENSG00000161981
14409,ENSG00000124380
14410,ENSG00000184209
14411,ENSG00000060688
14412,ENSG00000168566
14413,ENSG00000104852
14414,ENSG00000077312
14415,ENSG00000131876
14416,ENSG00000125835
14417,ENSG00000125870
14418,ENSG00000124562
14419,ENSG00000167088
14420,ENSG00000125743
14421,ENSG00000100028
14422,ENSG00000182004
14423,ENSG00000139343
14424,ENSG00000143977
14425,ENSG00000128739
14426,ENSG00000101400
14427,ENSG00000172164
14428,ENSG00000147481
14429,ENSG00000172554
14430,ENSG00000188817
14431,ENSG00000100138
14432,ENSG00000169371
14433,ENSG00000273173
14434,ENSG00000100603
14435,ENSG00000028528
14436,ENSG00000086300
14437,ENSG00000002919
14438,ENSG00000147164
14439,ENSG00000071189
14440,ENSG00000135317
14441,ENSG00000110025
14442,ENSG00000104497
14443,ENSG00000115234
14444,ENSG00000178996
14445,ENSG00000120451
14446,ENSG00000205302
14447,ENSG00000167208
14448,ENSG00000124104
14449,ENSG00000157734
14450,ENSG00000064652
14451,ENSG00000109762
14452,ENSG00000143376
14453,ENSG00000048471
14454,ENSG00000112335
14455,ENSG00000148158
14456,ENSG00000174226
14457,ENSG00000172803
14458,ENSG00000173548
14459,ENSG00000114520
14460,ENSG00000089006
14461,ENSG00000129515
14462,ENSG00000162627
14463,ENSG00000106266
14464,ENSG00000130340
14465,ENSG00000057252
14466,ENSG00000167780
14467,ENSG00000112320
14468,ENSG00000185338
14469,ENSG00000120833
14470,ENSG00000184557
14471,ENSG00000180008
14472,ENSG00000171150
14473,ENSG00000170677
14474,ENSG00000274211
14475,ENSG00000142168
14476,ENSG00000109610
14477,ENSG00000165643
14478,ENSG00000120669
14479,ENSG00000159140
14480,ENSG00000095637
14481,ENSG00000154556
14482,ENSG00000120896
14483,ENSG00000108018
14484,ENSG00000184985
14485,ENSG00000156395
14486,ENSG00000140263
14487,ENSG00000137642
14488,ENSG00000134243
14489,ENSG00000115904
14490,ENSG00000100485
14491,ENSG00000167941
14492,ENSG00000171243
14493,ENSG00000198944
14494,ENSG00000186212
14495,ENSG00000198142
14496,ENSG00000187808
14497,ENSG00000182968
14498,ENSG00000100146
14499,ENSG00000176887
14500,ENSG00000177732
14501,ENSG00000143842
14502,ENSG00000168875
14503,ENSG00000129194
14504,ENSG00000164736
14505,ENSG00000203883
14506,ENSG00000181449
14507,ENSG00000125285
14508,ENSG00000227640
14509,ENSG00000134595
14510,ENSG00000039600
14511,ENSG00000124766
14512,ENSG00000134532
14513,ENSG00000110693
14514,ENSG00000171056
14515,ENSG00000005513
14516,ENSG00000125398
14517,ENSG00000185591
14518,ENSG00000067066
14519,ENSG00000135899
14520,ENSG00000079263
14521,ENSG00000185404
14522,ENSG00000167182
14523,ENSG00000172845
14524,ENSG00000105866
14525,ENSG00000204335
14526,ENSG00000189120
14527,ENSG00000170374
14528,ENSG00000164651
14529,ENSG00000217236
14530,ENSG00000064199
14531,ENSG00000118434
14532,ENSG00000141316
14533,ENSG00000177202
14534,ENSG00000153498
14535,ENSG00000104450
14536,ENSG00000144451
14537,ENSG00000155761
14538,ENSG00000061656
14539,ENSG00000076382
14540,ENSG00000077327
14541,ENSG00000091640
14542,ENSG00000137098
14543,ENSG00000008294
14544,ENSG00000106304
14545,ENSG00000277215
14546,ENSG00000227234
14547,ENSG00000198573
14548,ENSG00000196406
14549,ENSG00000203923
14550,ENSG00000268988
14551,ENSG00000189252
14552,ENSG00000189326
14553,ENSG00000204363
14554,ENSG00000113140
14555,ENSG00000152583
14556,ENSG00000021574
14557,ENSG00000186451
14558,ENSG00000182957
14559,ENSG00000227213
14560,ENSG00000144962
14561,ENSG00000162814
14562,ENSG00000163071
14563,ENSG00000166118
14564,ENSG00000158480
14565,ENSG00000006282
14566,ENSG00000187144
14567,ENSG00000141255
14568,ENSG00000170469
14569,ENSG00000149634
14570,ENSG00000158792
14571,ENSG00000173699
14572,ENSG00000238062
14573,ENSG00000276040
14574,ENSG00000186788
14575,ENSG00000177992
14576,ENSG00000184361
14577,ENSG00000167523
14578,ENSG00000150628
14579,ENSG00000203897
14580,ENSG00000185523
14581,ENSG00000132122
14582,ENSG00000106686
14583,ENSG00000042317
14584,ENSG00000185594
14585,ENSG00000145757
14586,ENSG00000186583
14587,ENSG00000160284
14588,ENSG00000249481
14589,ENSG00000123352
14590,ENSG00000196141
14591,ENSG00000161888
14592,ENSG00000152253
14593,ENSG00000114902
14594,ENSG00000118363
14595,ENSG00000129128
14596,ENSG00000124664
14597,ENSG00000040275
14598,ENSG00000163806
14599,ENSG00000204710
14600,ENSG00000136206
14601,ENSG00000185040
14602,ENSG00000214300
14603,ENSG00000183318
14604,ENSG00000170092
14605,ENSG00000260097
14606,ENSG00000128487
14607,ENSG00000100014
14608,ENSG00000258555
14609,ENSG00000101222
14610,ENSG00000152582
14611,ENSG00000072195
14612,ENSG00000065526
14613,ENSG00000258484
14614,ENSG00000104133
14615,ENSG00000090487
14616,ENSG00000197912
14617,ENSG00000176170
14618,ENSG00000063176
14619,ENSG00000153820
14620,ENSG00000066336
14621,ENSG00000269404
14622,ENSG00000166211
14623,ENSG00000163611
14624,ENSG00000164808
14625,ENSG00000106723
14626,ENSG00000147059
14627,ENSG00000186787
14628,ENSG00000204271
14629,ENSG00000186767
14630,ENSG00000164266
14631,ENSG00000214510
14632,ENSG00000196800
14633,ENSG00000128040
14634,ENSG00000122711
14635,ENSG00000133710
14636,ENSG00000178172
14637,ENSG00000145879
14638,ENSG00000229453
14639,ENSG00000204909
14640,ENSG00000166145
14641,ENSG00000167642
14642,ENSG00000101446
14643,ENSG00000149651
14644,ENSG00000134278
14645,ENSG00000204991
14646,ENSG00000197471
14647,ENSG00000169682
14648,ENSG00000183018
14649,ENSG00000182557
14650,ENSG00000134668
14651,ENSG00000152377
14652,ENSG00000107742
14653,ENSG00000196104
14654,ENSG00000262655
14655,ENSG00000159674
14656,ENSG00000121067
14657,ENSG00000144228
14658,ENSG00000118785
14659,ENSG00000072080
14660,ENSG00000138600
14661,ENSG00000005206
14662,ENSG00000157837
14663,ENSG00000116096
14664,ENSG00000166068
14665,ENSG00000198369
14666,ENSG00000188766
14667,ENSG00000203772
14668,ENSG00000169474
14669,ENSG00000169469
14670,ENSG00000241794
14671,ENSG00000196805
14672,ENSG00000163216
14673,ENSG00000203785
14674,ENSG00000244094
14675,ENSG00000159516
14676,ENSG00000163209
14677,ENSG00000184148
14678,ENSG00000010072
14679,ENSG00000164056
14680,ENSG00000136158
14681,ENSG00000168939
14682,ENSG00000187678
14683,ENSG00000167778
14684,ENSG00000176422
14685,ENSG00000123178
14686,ENSG00000171621
14687,ENSG00000111671
14688,ENSG00000162032
14689,ENSG00000175093
14690,ENSG00000163554
14691,ENSG00000197694
14692,ENSG00000070182
14693,ENSG00000115306
14694,ENSG00000173898
14695,ENSG00000160460
14696,ENSG00000137877
14697,ENSG00000090054
14698,ENSG00000100596
14699,ENSG00000172296
14700,ENSG00000165389
14701,ENSG00000196542
14702,ENSG00000179119
14703,ENSG00000134548
14704,ENSG00000164299
14705,ENSG00000104549
14706,ENSG00000161011
14707,ENSG00000213523
14708,ENSG00000068784
14709,ENSG00000080603
14710,ENSG00000277363
14711,ENSG00000145545
14712,ENSG00000277893
14713,ENSG00000128039
14714,ENSG00000072310
14715,ENSG00000198911
14716,ENSG00000153914
14717,ENSG00000153006
14718,ENSG00000112658
14719,ENSG00000151304
14720,ENSG00000196935
14721,ENSG00000266028
14722,ENSG00000230806
14723,ENSG00000196369
14724,ENSG00000171943
14725,ENSG00000196220
14726,ENSG00000228723
14727,ENSG00000227929
14728,ENSG00000235830
14729,ENSG00000122862
14730,ENSG00000075142
14731,ENSG00000185739
14732,ENSG00000116649
14733,ENSG00000125508
14734,ENSG00000140319
14735,ENSG00000153037
14736,ENSG00000100883
14737,ENSG00000167881
14738,ENSG00000174780
14739,ENSG00000143742
14740,ENSG00000096063
14741,ENSG00000135250
14742,ENSG00000184343
14743,ENSG00000182934
14744,ENSG00000144867
14745,ENSG00000101955
14746,ENSG00000102359
14747,ENSG00000167720
14748,ENSG00000100104
14749,ENSG00000133226
14750,ENSG00000167978
14751,ENSG00000205913
14752,ENSG00000177679
14753,ENSG00000139767
14754,ENSG00000226763
14755,ENSG00000087087
14756,ENSG00000136450
14757,ENSG00000188529
14758,ENSG00000116754
14759,ENSG00000154548
14760,ENSG00000161547
14761,ENSG00000112081
14762,ENSG00000116350
14763,ENSG00000100650
14764,ENSG00000124193
14765,ENSG00000115875
14766,ENSG00000263465
14767,ENSG00000111786
14768,ENSG00000271303
14769,ENSG00000184895
14770,ENSG00000141380
14771,ENSG00000184402
14772,ENSG00000008324
14773,ENSG00000138385
14774,ENSG00000145687
14775,ENSG00000157216
14776,ENSG00000198711
14777,ENSG00000130511
14778,ENSG00000146700
14779,ENSG00000179954
14780,ENSG00000084112
14781,ENSG00000141298
14782,ENSG00000172830
14783,ENSG00000165120
14784,ENSG00000176101
14785,ENSG00000123096
14786,ENSG00000124783
14787,ENSG00000163479
14788,ENSG00000114850
14789,ENSG00000180879
14790,ENSG00000149136
14791,ENSG00000157005
14792,ENSG00000139874
14793,ENSG00000180616
14794,ENSG00000278195
14795,ENSG00000162009
14796,ENSG00000160075
14797,ENSG00000125046
14798,ENSG00000126752
14799,ENSG00000117155
14800,ENSG00000165583
14801,ENSG00000100380
14802,ENSG00000149418
14803,ENSG00000147488
14804,ENSG00000180953
14805,ENSG00000259332
14806,ENSG00000008513
14807,ENSG00000157350
14808,ENSG00000126091
14809,ENSG00000110080
14810,ENSG00000115525
14811,ENSG00000064225
14812,ENSG00000073849
14813,ENSG00000144057
14814,ENSG00000070526
14815,ENSG00000070731
14816,ENSG00000184005
14817,ENSG00000136840
14818,ENSG00000117069
14819,ENSG00000160408
14820,ENSG00000004866
14821,ENSG00000227199
14822,ENSG00000226367
14823,ENSG00000007341
14824,ENSG00000111728
14825,ENSG00000140557
14826,ENSG00000113532
14827,ENSG00000101638
14828,ENSG00000148488
14829,ENSG00000204832
14830,ENSG00000010327
14831,ENSG00000136011
14832,ENSG00000144681
14833,ENSG00000141750
14834,ENSG00000185482
14835,ENSG00000118007
14836,ENSG00000101972
14837,ENSG00000066923
14838,ENSG00000136738
14839,ENSG00000115145
14840,ENSG00000124356
14841,ENSG00000138134
14842,ENSG00000035720
14843,ENSG00000178078
14844,ENSG00000147465
14845,ENSG00000214530
14846,ENSG00000133121
14847,ENSG00000131748
14848,ENSG00000010270
14849,ENSG00000164211
14850,ENSG00000246859
14851,ENSG00000172345
14852,ENSG00000174448
14853,ENSG00000084090
14854,ENSG00000130052
14855,ENSG00000159433
14856,ENSG00000115415
14857,ENSG00000170581
14858,ENSG00000168610
14859,ENSG00000138378
14860,ENSG00000126561
14861,ENSG00000173757
14862,ENSG00000166888
14863,ENSG00000124214
14864,ENSG00000040341
14865,ENSG00000253302
14866,ENSG00000118804
14867,ENSG00000159167
14868,ENSG00000113739
14869,ENSG00000164647
14870,ENSG00000105889
14871,ENSG00000157214
14872,ENSG00000115107
14873,ENSG00000229867
14874,ENSG00000127954
14875,ENSG00000256762
14876,ENSG00000123473
14877,ENSG00000167323
14878,ENSG00000109689
14879,ENSG00000168439
14880,ENSG00000072786
14881,ENSG00000118046
14882,ENSG00000144589
14883,ENSG00000115661
14884,ENSG00000164543
14885,ENSG00000081320
14886,ENSG00000102572
14887,ENSG00000115694
14888,ENSG00000134602
14889,ENSG00000104375
14890,ENSG00000196335
14891,ENSG00000169302
14892,ENSG00000152953
14893,ENSG00000165752
14894,ENSG00000130413
14895,ENSG00000125834
14896,ENSG00000163482
14897,ENSG00000112079
14898,ENSG00000211455
14899,ENSG00000198648
14900,ENSG00000101109
14901,ENSG00000196182
14902,ENSG00000117632
14903,ENSG00000104435
14904,ENSG00000197457
14905,ENSG00000015592
14906,ENSG00000230873
14907,ENSG00000148175
14908,ENSG00000067221
14909,ENSG00000165283
14910,ENSG00000133115
14911,ENSG00000243244
14912,ENSG00000068781
14913,ENSG00000140022
14914,ENSG00000165730
14915,ENSG00000173320
14916,ENSG00000001460
14917,ENSG00000163116
14918,ENSG00000251620
14919,ENSG00000146857
14920,ENSG00000266173
14921,ENSG00000082146
14922,ENSG00000023734
14923,ENSG00000165209
14924,ENSG00000242866
14925,ENSG00000143093
14926,ENSG00000128578
14927,ENSG00000115808
14928,ENSG00000196792
14929,ENSG00000090372
14930,ENSG00000101846
14931,ENSG00000134910
14932,ENSG00000163527
14933,ENSG00000103266
14934,ENSG00000104915
14935,ENSG00000135604
14936,ENSG00000117758
14937,ENSG00000124222
14938,ENSG00000254995
14939,ENSG00000136874
14940,ENSG00000168818
14941,ENSG00000247708
14942,ENSG00000178750
14943,ENSG00000106089
14944,ENSG00000099365
14945,ENSG00000111450
14946,ENSG00000166900
14947,ENSG00000103496
14948,ENSG00000162236
14949,ENSG00000135823
14950,ENSG00000079950
14951,ENSG00000170310
14952,ENSG00000136854
14953,ENSG00000076944
14954,ENSG00000116266
14955,ENSG00000166263
14956,ENSG00000164506
14957,ENSG00000233452
14958,ENSG00000145087
14959,ENSG00000168952
14960,ENSG00000060140
14961,ENSG00000198252
14962,ENSG00000127952
14963,ENSG00000113387
14964,ENSG00000136143
14965,ENSG00000227848
14966,ENSG00000163541
14967,ENSG00000172340
14968,ENSG00000198829
14969,ENSG00000094975
14970,ENSG00000111707
14971,ENSG00000107882
14972,ENSG00000175600
14973,ENSG00000105705
14974,ENSG00000064607
14975,ENSG00000165416
14976,ENSG00000137573
14977,ENSG00000196562
14978,ENSG00000196502
14979,ENSG00000197165
14980,ENSG00000261052
14981,ENSG00000213648
14982,ENSG00000173597
14983,ENSG00000198203
14984,ENSG00000198075
14985,ENSG00000109193
14986,ENSG00000105398
14987,ENSG00000088002
14988,ENSG00000130540
14989,ENSG00000138068
14990,ENSG00000144455
14991,ENSG00000129103
14992,ENSG00000116030
14993,ENSG00000188612
14994,ENSG00000184900
14995,ENSG00000177688
14996,ENSG00000164828
14997,ENSG00000100242
14998,ENSG00000164744
14999,ENSG00000167098
15000,ENSG00000139531
15001,ENSG00000092201
15002,ENSG00000102710
15003,ENSG00000196284
15004,ENSG00000213246
15005,ENSG00000196235
15006,ENSG00000109111
15007,ENSG00000119760
15008,ENSG00000156502
15009,ENSG00000148291
15010,ENSG00000148248
15011,ENSG00000106868
15012,ENSG00000099994
15013,ENSG00000157303
15014,ENSG00000143502
15015,ENSG00000173705
15016,ENSG00000100647
15017,ENSG00000101945
15018,ENSG00000152455
15019,ENSG00000178691
15020,ENSG00000159164
15021,ENSG00000185518
15022,ENSG00000122012
15023,ENSG00000177868
15024,ENSG00000165124
15025,ENSG00000197321
15026,ENSG00000198168
15027,ENSG00000166111
15028,ENSG00000157703
15029,ENSG00000133789
15030,ENSG00000175854
15031,ENSG00000173928
15032,ENSG00000116668
15033,ENSG00000169895
15034,ENSG00000147642
15035,ENSG00000171772
15036,ENSG00000205078
15037,ENSG00000161860
15038,ENSG00000217442
15039,ENSG00000179751
15040,ENSG00000198765
15041,ENSG00000196074
15042,ENSG00000153157
15043,ENSG00000139351
15044,ENSG00000105137
15045,ENSG00000097096
15046,ENSG00000117614
15047,ENSG00000165025
15048,ENSG00000125755
15049,ENSG00000008056
15050,ENSG00000157152
15051,ENSG00000185666
15052,ENSG00000162520
15053,ENSG00000271793
15054,ENSG00000101463
15055,ENSG00000183379
15056,ENSG00000131018
15057,ENSG00000234577
15058,ENSG00000054654
15059,ENSG00000176438
15060,ENSG00000181392
15061,ENSG00000197283
15062,ENSG00000100321
15063,ENSG00000108639
15064,ENSG00000127561
15065,ENSG00000105467
15066,ENSG00000159082
15067,ENSG00000078269
15068,ENSG00000213463
15069,ENSG00000258644
15070,ENSG00000182253
15071,ENSG00000171992
15072,ENSG00000172403
15073,ENSG00000166317
15074,ENSG00000163630
15075,ENSG00000241359
15076,ENSG00000102003
15077,ENSG00000237341
15078,ENSG00000008282
15079,ENSG00000143028
15080,ENSG00000204070
15081,ENSG00000254806
15082,ENSG00000067715
15083,ENSG00000110975
15084,ENSG00000132718
15085,ENSG00000173227
15086,ENSG00000019505
15087,ENSG00000143469
15088,ENSG00000204176
15089,ENSG00000139973
15090,ENSG00000103528
15091,ENSG00000143858
15092,ENSG00000213023
15093,ENSG00000132872
15094,ENSG00000129990
15095,ENSG00000134207
15096,ENSG00000011347
15097,ENSG00000170743
15098,ENSG00000142765
15099,ENSG00000137501
15100,ENSG00000164674
15101,ENSG00000102362
15102,ENSG00000147041
15103,ENSG00000162298
15104,ENSG00000198198
15105,ENSG00000229372
15106,ENSG00000146378
15107,ENSG00000100324
15108,ENSG00000055208
15109,ENSG00000157625
15110,ENSG00000006128
15111,ENSG00000166863
15112,ENSG00000176358
15113,ENSG00000147526
15114,ENSG00000138162
15115,ENSG00000013810
15116,ENSG00000136463
15117,ENSG00000115353
15118,ENSG00000075073
15119,ENSG00000169836
15120,ENSG00000184292
15121,ENSG00000152382
15122,ENSG00000173011
15123,ENSG00000171148
15124,ENSG00000147133
15125,ENSG00000166337
15126,ENSG00000064995
15127,ENSG00000120656
15128,ENSG00000197780
15129,ENSG00000270647
15130,ENSG00000143498
15131,ENSG00000225265
15132,ENSG00000115750
15133,ENSG00000103168
15134,ENSG00000166012
15135,ENSG00000122728
15136,ENSG00000064313
15137,ENSG00000165632
15138,ENSG00000141384
15139,ENSG00000148835
15140,ENSG00000135801
15141,ENSG00000106290
15142,ENSG00000162227
15143,ENSG00000178913
15144,ENSG00000102387
15145,ENSG00000137413
15146,ENSG00000273841
15147,ENSG00000187325
15148,ENSG00000164691
15149,ENSG00000149591
15150,ENSG00000158710
15151,ENSG00000144834
15152,ENSG00000162367
15153,ENSG00000186051
15154,ENSG00000177156
15155,ENSG00000144559
15156,ENSG00000115183
15157,ENSG00000170921
15158,ENSG00000183597
15159,ENSG00000103047
15160,ENSG00000136560
15161,ENSG00000160551
15162,ENSG00000149930
15163,ENSG00000135090
15164,ENSG00000168394
15165,ENSG00000231925
15166,ENSG00000139192
15167,ENSG00000169762
15168,ENSG00000263327
15169,ENSG00000059588
15170,ENSG00000139546
15171,ENSG00000120948
15172,ENSG00000227954
15173,ENSG00000143374
15174,ENSG00000173662
15175,ENSG00000169962
15176,ENSG00000169777
15177,ENSG00000255837
15178,ENSG00000127362
15179,ENSG00000256188
15180,ENSG00000256436
15181,ENSG00000257138
15182,ENSG00000127364
15183,ENSG00000255374
15184,ENSG00000127366
15185,ENSG00000185899
15186,ENSG00000089123
15187,ENSG00000198650
15188,ENSG00000157014
15189,ENSG00000203705
15190,ENSG00000106052
15191,ENSG00000213977
15192,ENSG00000166220
15193,ENSG00000065882
15194,ENSG00000099992
15195,ENSG00000169221
15196,ENSG00000175463
15197,ENSG00000108239
15198,ENSG00000107021
15199,ENSG00000132405
15200,ENSG00000121749
15201,ENSG00000167291
15202,ENSG00000104946
15203,ENSG00000109680
15204,ENSG00000095383
15205,ENSG00000125875
15206,ENSG00000054611
15207,ENSG00000065491
15208,ENSG00000036054
15209,ENSG00000162065
15210,ENSG00000068354
15211,ENSG00000214946
15212,ENSG00000167202
15213,ENSG00000111490
15214,ENSG00000156787
15215,ENSG00000146350
15216,ENSG00000274808
15217,ENSG00000278299
15218,ENSG00000274419
15219,ENSG00000274933
15220,ENSG00000274512
15221,ENSG00000267104
15222,ENSG00000136111
15223,ENSG00000131374
15224,ENSG00000145979
15225,ENSG00000204634
15226,ENSG00000133138
15227,ENSG00000109436
15228,ENSG00000197226
15229,ENSG00000171530
15230,ENSG00000105254
15231,ENSG00000124659
15232,ENSG00000113838
15233,ENSG00000141556
15234,ENSG00000154114
15235,ENSG00000145348
15236,ENSG00000183735
15237,ENSG00000198933
15238,ENSG00000101849
15239,ENSG00000177565
15240,ENSG00000092377
15241,ENSG00000106638
15242,ENSG00000112592
15243,ENSG00000028839
15244,ENSG00000182521
15245,ENSG00000136535
15246,ENSG00000154144
15247,ENSG00000136270
15248,ENSG00000184058
15249,ENSG00000167800
15250,ENSG00000092607
15251,ENSG00000112837
15252,ENSG00000143178
15253,ENSG00000121068
15254,ENSG00000267280
15255,ENSG00000164532
15256,ENSG00000073861
15257,ENSG00000135111
15258,ENSG00000121075
15259,ENSG00000089225
15260,ENSG00000255399
15261,ENSG00000149922
15262,ENSG00000006638
15263,ENSG00000059377
15264,ENSG00000198420
15265,ENSG00000170379
15266,ENSG00000179152
15267,ENSG00000173991
15268,ENSG00000187735
15269,ENSG00000171703
15270,ENSG00000204219
15271,ENSG00000172465
15272,ENSG00000184905
15273,ENSG00000196507
15274,ENSG00000133142
15275,ENSG00000204065
15276,ENSG00000182916
15277,ENSG00000180964
15278,ENSG00000176896
15279,ENSG00000116205
15280,ENSG00000113649
15281,ENSG00000176769
15282,ENSG00000140262
15283,ENSG00000125878
15284,ENSG00000118526
15285,ENSG00000163792
15286,ENSG00000261787
15287,ENSG00000141002
15288,ENSG00000071564
15289,ENSG00000196628
15290,ENSG00000267028
15291,ENSG00000081059
15292,ENSG00000152284
15293,ENSG00000148737
15294,ENSG00000101190
15295,ENSG00000159450
15296,ENSG00000182898
15297,ENSG00000139437
15298,ENSG00000110719
15299,ENSG00000100721
15300,ENSG00000213231
15301,ENSG00000134827
15302,ENSG00000185339
15303,ENSG00000070814
15304,ENSG00000120438
15305,ENSG00000242220
15306,ENSG00000124678
15307,ENSG00000176148
15308,ENSG00000166046
15309,ENSG00000215029
15310,ENSG00000145022
15311,ENSG00000204852
15312,ENSG00000168778
15313,ENSG00000119977
15314,ENSG00000139372
15315,ENSG00000042088
15316,ENSG00000111802
15317,ENSG00000095627
15318,ENSG00000163239
15319,ENSG00000173809
15320,ENSG00000083544
15321,ENSG00000162782
15322,ENSG00000180113
15323,ENSG00000196116
15324,ENSG00000156414
15325,ENSG00000204091
15326,ENSG00000182134
15327,ENSG00000180190
15328,ENSG00000187079
15329,ENSG00000074219
15330,ENSG00000007866
15331,ENSG00000197905
15332,ENSG00000205356
15333,ENSG00000196663
15334,ENSG00000099797
15335,ENSG00000205678
15336,ENSG00000109927
15337,ENSG00000119913
15338,ENSG00000203730
15339,ENSG00000167074
15340,ENSG00000172171
15341,ENSG00000120156
15342,ENSG00000167858
15343,ENSG00000092850
15344,ENSG00000125409
15345,ENSG00000163060
15346,ENSG00000153060
15347,ENSG00000100726
15348,ENSG00000257949
15349,ENSG00000261408
15350,ENSG00000009694
15351,ENSG00000145934
15352,ENSG00000218336
15353,ENSG00000149256
15354,ENSG00000270141
15355,ENSG00000147601
15356,ENSG00000132604
15357,ENSG00000166848
15358,ENSG00000164362
15359,ENSG00000135269
15360,ENSG00000088992
15361,ENSG00000107140
15362,ENSG00000070759
15363,ENSG00000135426
15364,ENSG00000138336
15365,ENSG00000168769
15366,ENSG00000187605
15367,ENSG00000136891
15368,ENSG00000131126
15369,ENSG00000120498
15370,ENSG00000150783
15371,ENSG00000282815
15372,ENSG00000282419
15373,ENSG00000121101
15374,ENSG00000133863
15375,ENSG00000182459
15376,ENSG00000136478
15377,ENSG00000226174
15378,ENSG00000175664
15379,ENSG00000224743
15380,ENSG00000144043
15381,ENSG00000164081
15382,ENSG00000278057
15383,ENSG00000153495
15384,ENSG00000151287
15385,ENSG00000240021
15386,ENSG00000175018
15387,ENSG00000186118
15388,ENSG00000226674
15389,ENSG00000151575
15390,ENSG00000091513
15391,ENSG00000108064
15392,ENSG00000137203
15393,ENSG00000008196
15394,ENSG00000087510
15395,ENSG00000008197
15396,ENSG00000116819
15397,ENSG00000090447
15398,ENSG00000029639
15399,ENSG00000162851
15400,ENSG00000135457
15401,ENSG00000115112
15402,ENSG00000198176
15403,ENSG00000114126
15404,ENSG00000183434
15405,ENSG00000068323
15406,ENSG00000112561
15407,ENSG00000105967
15408,ENSG00000160182
15409,ENSG00000160181
15410,ENSG00000160180
15411,ENSG00000114354
15412,ENSG00000100109
15413,ENSG00000003436
15414,ENSG00000105825
15415,ENSG00000105619
15416,ENSG00000106327
15417,ENSG00000072274
15418,ENSG00000042832
15419,ENSG00000088451
15420,ENSG00000163235
15421,ENSG00000105329
15422,ENSG00000140682
15423,ENSG00000092969
15424,ENSG00000119699
15425,ENSG00000120708
15426,ENSG00000106799
15427,ENSG00000163513
15428,ENSG00000069702
15429,ENSG00000260001
15430,ENSG00000135966
15431,ENSG00000177426
15432,ENSG00000118707
15433,ENSG00000153779
15434,ENSG00000198959
15435,ENSG00000125780
15436,ENSG00000104055
15437,ENSG00000159495
15438,ENSG00000152291
15439,ENSG00000137574
15440,ENSG00000180176
15441,ENSG00000223442
15442,ENSG00000115970
15443,ENSG00000131931
15444,ENSG00000129028
15445,ENSG00000168286
15446,ENSG00000173451
15447,ENSG00000041988
15448,ENSG00000176946
15449,ENSG00000177683
15450,ENSG00000174796
15451,ENSG00000184436
15452,ENSG00000161277
15453,ENSG00000168152
15454,ENSG00000251022
15455,ENSG00000178726
15456,ENSG00000137801
15457,ENSG00000186340
15458,ENSG00000169231
15459,ENSG00000113296
15460,ENSG00000159445
15461,ENSG00000196407
15462,ENSG00000130193
15463,ENSG00000130775
15464,ENSG00000113272
15465,ENSG00000185875
15466,ENSG00000144115
15467,ENSG00000079134
15468,ENSG00000125676
15469,ENSG00000051596
15470,ENSG00000100296
15471,ENSG00000131652
15472,ENSG00000163634
15473,ENSG00000240549
15474,ENSG00000172009
15475,ENSG00000090534
15476,ENSG00000126351
15477,ENSG00000054118
15478,ENSG00000151090
15479,ENSG00000280634
15480,ENSG00000151365
15481,ENSG00000136114
15482,ENSG00000187720
15483,ENSG00000005108
15484,ENSG00000144229
15485,ENSG00000259431
15486,ENSG00000066654
15487,ENSG00000138050
15488,ENSG00000134077
15489,ENSG00000206573
15490,ENSG00000154096
15491,ENSG00000151500
15492,ENSG00000116001
15493,ENSG00000151923
15494,ENSG00000156299
15495,ENSG00000146426
15496,ENSG00000127666
15497,ENSG00000243414
15498,ENSG00000140534
15499,ENSG00000066056
15500,ENSG00000145365
15501,ENSG00000255833
15502,ENSG00000078237
15503,ENSG00000221944
15504,ENSG00000180346
15505,ENSG00000173825
15506,ENSG00000169989
15507,ENSG00000179886
15508,ENSG00000164296
15509,ENSG00000140993
15510,ENSG00000181847
15511,ENSG00000145850
15512,ENSG00000111602
15513,ENSG00000134809
15514,ENSG00000132286
15515,ENSG00000099800
15516,ENSG00000134375
15517,ENSG00000075336
15518,ENSG00000177370
15519,ENSG00000265354
15520,ENSG00000204152
15521,ENSG00000104980
15522,ENSG00000105197
15523,ENSG00000126953
15524,ENSG00000150779
15525,ENSG00000100575
15526,ENSG00000113845
15527,ENSG00000102265
15528,ENSG00000035862
15529,ENSG00000100234
15530,ENSG00000157150
15531,ENSG00000137251
15532,ENSG00000142910
15533,ENSG00000223573
15534,ENSG00000163659
15535,ENSG00000075131
15536,ENSG00000143155
15537,ENSG00000150455
15538,ENSG00000137221
15539,ENSG00000119139
15540,ENSG00000105289
15541,ENSG00000167900
15542,ENSG00000166548
15543,ENSG00000149476
15544,ENSG00000163931
15545,ENSG00000007350
15546,ENSG00000151005
15547,ENSG00000160606
15548,ENSG00000185561
15549,ENSG00000101342
15550,ENSG00000196781
15551,ENSG00000065717
15552,ENSG00000140332
15553,ENSG00000106829
15554,ENSG00000104953
15555,ENSG00000198586
15556,ENSG00000146872
15557,ENSG00000038295
15558,ENSG00000095587
15559,ENSG00000137076
15560,ENSG00000171914
15561,ENSG00000174125
15562,ENSG00000174123
15563,ENSG00000137462
15564,ENSG00000164342
15565,ENSG00000136869
15566,ENSG00000187554
15567,ENSG00000174130
15568,ENSG00000196664
15569,ENSG00000101916
15570,ENSG00000233338
15571,ENSG00000239732
15572,ENSG00000107807
15573,ENSG00000115297
15574,ENSG00000164438
15575,ENSG00000162604
15576,ENSG00000169490
15577,ENSG00000184277
15578,ENSG00000169908
15579,ENSG00000240541
15580,ENSG00000163762
15581,ENSG00000145107
15582,ENSG00000235897
15583,ENSG00000168955
15584,ENSG00000169903
15585,ENSG00000142484
15586,ENSG00000136404
15587,ENSG00000213996
15588,ENSG00000149809
15589,ENSG00000064115
15590,ENSG00000100926
15591,ENSG00000125304
15592,ENSG00000077147
15593,ENSG00000101337
15594,ENSG00000198498
15595,ENSG00000232112
15596,ENSG00000135926
15597,ENSG00000155957
15598,ENSG00000139644
15599,ENSG00000165091
15600,ENSG00000149488
15601,ENSG00000188869
15602,ENSG00000103534
15603,ENSG00000141524
15604,ENSG00000170537
15605,ENSG00000167895
15606,ENSG00000172765
15607,ENSG00000133069
15608,ENSG00000057704
15609,ENSG00000143183
15610,ENSG00000188800
15611,ENSG00000162542
15612,ENSG00000166069
15613,ENSG00000113119
15614,ENSG00000099203
15615,ENSG00000170348
15616,ENSG00000086598
15617,ENSG00000166557
15618,ENSG00000158604
15619,ENSG00000117500
15620,ENSG00000157315
15621,ENSG00000134970
15622,ENSG00000251201
15623,ENSG00000100580
15624,ENSG00000184840
15625,ENSG00000241697
15626,ENSG00000144339
15627,ENSG00000166292
15628,ENSG00000091947
15629,ENSG00000185332
15630,ENSG00000184988
15631,ENSG00000106460
15632,ENSG00000134291
15633,ENSG00000179029
15634,ENSG00000144868
15635,ENSG00000110108
15636,ENSG00000178307
15637,ENSG00000232258
15638,ENSG00000126062
15639,ENSG00000198270
15640,ENSG00000139173
15641,ENSG00000183160
15642,ENSG00000189077
15643,ENSG00000188735
15644,ENSG00000184986
15645,ENSG00000152558
15646,ENSG00000179178
15647,ENSG00000171202
15648,ENSG00000171204
15649,ENSG00000135956
15650,ENSG00000132406
15651,ENSG00000168936
15652,ENSG00000166448
15653,ENSG00000075568
15654,ENSG00000006118
15655,ENSG00000139364
15656,ENSG00000181234
15657,ENSG00000151952
15658,ENSG00000181291
15659,ENSG00000172663
15660,ENSG00000166575
15661,ENSG00000149483
15662,ENSG00000178826
15663,ENSG00000146859
15664,ENSG00000244187
15665,ENSG00000161558
15666,ENSG00000164124
15667,ENSG00000167619
15668,ENSG00000105677
15669,ENSG00000236144
15670,ENSG00000096092
15671,ENSG00000137210
15672,ENSG00000111843
15673,ENSG00000168890
15674,ENSG00000180061
15675,ENSG00000249242
15676,ENSG00000179292
15677,ENSG00000178233
15678,ENSG00000170006
15679,ENSG00000121895
15680,ENSG00000249992
15681,ENSG00000130748
15682,ENSG00000064545
15683,ENSG00000164180
15684,ENSG00000152128
15685,ENSG00000157600
15686,ENSG00000134851
15687,ENSG00000174695
15688,ENSG00000215717
15689,ENSG00000146802
15690,ENSG00000163449
15691,ENSG00000186889
15692,ENSG00000166822
15693,ENSG00000205269
15694,ENSG00000157111
15695,ENSG00000164325
15696,ENSG00000127419
15697,ENSG00000002933
15698,ENSG00000106565
15699,ENSG00000144120
15700,ENSG00000152154
15701,ENSG00000261115
15702,ENSG00000258986
15703,ENSG00000185475
15704,ENSG00000151353
15705,ENSG00000146433
15706,ENSG00000170417
15707,ENSG00000163444
15708,ENSG00000164855
15709,ENSG00000198792
15710,ENSG00000164168
15711,ENSG00000269556
15712,ENSG00000226479
15713,ENSG00000184857
15714,ENSG00000177854
15715,ENSG00000139291
15716,ENSG00000160472
15717,ENSG00000278558
15718,ENSG00000206140
15719,ENSG00000170088
15720,ENSG00000173452
15721,ENSG00000188760
15722,ENSG00000164484
15723,ENSG00000253304
15724,ENSG00000206432
15725,ENSG00000188807
15726,ENSG00000187806
15727,ENSG00000187713
15728,ENSG00000131634
15729,ENSG00000105518
15730,ENSG00000198398
15731,ENSG00000168701
15732,ENSG00000146842
15733,ENSG00000185863
15734,ENSG00000186329
15735,ENSG00000214128
15736,ENSG00000119777
15737,ENSG00000188133
15738,ENSG00000187049
15739,ENSG00000172738
15740,ENSG00000150433
15741,ENSG00000149932
15742,ENSG00000187824
15743,ENSG00000263400
15744,ENSG00000188051
15745,ENSG00000186501
15746,ENSG00000168569
15747,ENSG00000234224
15748,ENSG00000198133
15749,ENSG00000089063
15750,ENSG00000205084
15751,ENSG00000186952
15752,ENSG00000224982
15753,ENSG00000160055
15754,ENSG00000204278
15755,ENSG00000148483
15756,ENSG00000155755
15757,ENSG00000233493
15758,ENSG00000198326
15759,ENSG00000205090
15760,ENSG00000215712
15761,ENSG00000135185
15762,ENSG00000203756
15763,ENSG00000106771
15764,ENSG00000225376
15765,ENSG00000106609
15766,ENSG00000149582
15767,ENSG00000181778
15768,ENSG00000232070
15769,ENSG00000133678
15770,ENSG00000125355
15771,ENSG00000205544
15772,ENSG00000134825
15773,ENSG00000182087
15774,ENSG00000196932
15775,ENSG00000237233
15776,ENSG00000070269
15777,ENSG00000151135
15778,ENSG00000169758
15779,ENSG00000112697
15780,ENSG00000182107
15781,ENSG00000179363
15782,ENSG00000109133
15783,ENSG00000171227
15784,ENSG00000072954
15785,ENSG00000095209
15786,ENSG00000176142
15787,ENSG00000121775
15788,ENSG00000088726
15789,ENSG00000163900
15790,ENSG00000166471
15791,ENSG00000170876
15792,ENSG00000145014
15793,ENSG00000181458
15794,ENSG00000151715
15795,ENSG00000147027
15796,ENSG00000183726
15797,ENSG00000171729
15798,ENSG00000175147
15799,ENSG00000178821
15800,ENSG00000165685
15801,ENSG00000126106
15802,ENSG00000121900
15803,ENSG00000116209
15804,ENSG00000105696
15805,ENSG00000135211
15806,ENSG00000143001
15807,ENSG00000137842
15808,ENSG00000196187
15809,ENSG00000137216
15810,ENSG00000165548
15811,ENSG00000180694
15812,ENSG00000164983
15813,ENSG00000164953
15814,ENSG00000167904
15815,ENSG00000159596
15816,ENSG00000175606
15817,ENSG00000165071
15818,ENSG00000187783
15819,ENSG00000224812
15820,ENSG00000164841
15821,ENSG00000125895
15822,ENSG00000177800
15823,ENSG00000163472
15824,ENSG00000177042
15825,ENSG00000174529
15826,ENSG00000162460
15827,ENSG00000151117
15828,ENSG00000180089
15829,ENSG00000103978
15830,ENSG00000153214
15831,ENSG00000167874
15832,ENSG00000183396
15833,ENSG00000137103
15834,ENSG00000116857
15835,ENSG00000142046
15836,ENSG00000167105
15837,ENSG00000251179
15838,ENSG00000177728
15839,ENSG00000109084
15840,ENSG00000006042
15841,ENSG00000175348
15842,ENSG00000144747
15843,ENSG00000181585
15844,ENSG00000182271
15845,ENSG00000167664
15846,ENSG00000121933
15847,ENSG00000185973
15848,ENSG00000224533
15849,ENSG00000136842
15850,ENSG00000128872
15851,ENSG00000138594
15852,ENSG00000163157
15853,ENSG00000120802
15854,ENSG00000257167
15855,ENSG00000188167
15856,ENSG00000187054
15857,ENSG00000185873
15858,ENSG00000153802
15859,ENSG00000198092
15860,ENSG00000186452
15861,ENSG00000137747
15862,ENSG00000154646
15863,ENSG00000184012
15864,ENSG00000160183
15865,ENSG00000137648
15866,ENSG00000166682
15867,ENSG00000187045
15868,ENSG00000176040
15869,ENSG00000178297
15870,ENSG00000034510
15871,ENSG00000158164
15872,ENSG00000158427
15873,ENSG00000205542
15874,ENSG00000154620
15875,ENSG00000133687
15876,ENSG00000179104
15877,ENSG00000139324
15878,ENSG00000125247
15879,ENSG00000164897
15880,ENSG00000168591
15881,ENSG00000139921
15882,ENSG00000213593
15883,ENSG00000166479
15884,ENSG00000125827
15885,ENSG00000041982
15886,ENSG00000109079
15887,ENSG00000185215
15888,ENSG00000118503
15889,ENSG00000123610
15890,ENSG00000145779
15891,ENSG00000185361
15892,ENSG00000163154
15893,ENSG00000183578
15894,ENSG00000104689
15895,ENSG00000120889
15896,ENSG00000173535
15897,ENSG00000173530
15898,ENSG00000141655
15899,ENSG00000164761
15900,ENSG00000006327
15901,ENSG00000240505
15902,ENSG00000159958
15903,ENSG00000048462
15904,ENSG00000186891
15905,ENSG00000127863
15906,ENSG00000067182
15907,ENSG00000028137
15908,ENSG00000146072
15909,ENSG00000215788
15910,ENSG00000186827
15911,ENSG00000120949
15912,ENSG00000049249
15913,ENSG00000121858
15914,ENSG00000120659
15915,ENSG00000239697
15916,ENSG00000161955
15917,ENSG00000102524
15918,ENSG00000125735
15919,ENSG00000181634
15920,ENSG00000120337
15921,ENSG00000117586
15922,ENSG00000106952
15923,ENSG00000125657
15924,ENSG00000154310
15925,ENSG00000145901
15926,ENSG00000168884
15927,ENSG00000050730
15928,ENSG00000174292
15929,ENSG00000061938
15930,ENSG00000173273
15931,ENSG00000149115
15932,ENSG00000107854
15933,ENSG00000000005
15934,ENSG00000120332
15935,ENSG00000114854
15936,ENSG00000101470
15937,ENSG00000159173
15938,ENSG00000130598
15939,ENSG00000129991
15940,ENSG00000116783
15941,ENSG00000105048
15942,ENSG00000118194
15943,ENSG00000083312
15944,ENSG00000105576
15945,ENSG00000064419
15946,ENSG00000116147
15947,ENSG00000182095
15948,ENSG00000090905
15949,ENSG00000100354
15950,ENSG00000078687
15951,ENSG00000079308
15952,ENSG00000111077
15953,ENSG00000136205
15954,ENSG00000131746
15955,ENSG00000168477
15956,ENSG00000141232
15957,ENSG00000183864
15958,ENSG00000132773
15959,ENSG00000078902
15960,ENSG00000100284
15961,ENSG00000141198
15962,ENSG00000175662
15963,ENSG00000173726
15964,ENSG00000196860
15965,ENSG00000100216
15966,ENSG00000025772
15967,ENSG00000130204
15968,ENSG00000158882
15969,ENSG00000175768
15970,ENSG00000196683
15971,ENSG00000160949
15972,ENSG00000198900
15973,ENSG00000184428
15974,ENSG00000131747
15975,ENSG00000077097
15976,ENSG00000100038
15977,ENSG00000173769
15978,ENSG00000163781
15979,ENSG00000197579
15980,ENSG00000136827
15981,ENSG00000143337
15982,ENSG00000169905
15983,ENSG00000136816
15984,ENSG00000160404
15985,ENSG00000186283
15986,ENSG00000198113
15987,ENSG00000198846
15988,ENSG00000124191
15989,ENSG00000103460
15990,ENSG00000092203
15991,ENSG00000141510
15992,ENSG00000120471
15993,ENSG00000067369
15994,ENSG00000143514
15995,ENSG00000175274
15996,ENSG00000167543
15997,ENSG00000115129
15998,ENSG00000164938
15999,ENSG00000078804
16000,ENSG00000172315
16001,ENSG00000182165
16002,ENSG00000183632
16003,ENSG00000205456
16004,ENSG00000124251
16005,ENSG00000073282
16006,ENSG00000078900
16007,ENSG00000146242
16008,ENSG00000261594
16009,ENSG00000186815
16010,ENSG00000162341
16011,ENSG00000076554
16012,ENSG00000111907
16013,ENSG00000101150
16014,ENSG00000170777
16015,ENSG00000141933
16016,ENSG00000134779
16017,ENSG00000129167
16018,ENSG00000139287
16019,ENSG00000111669
16020,ENSG00000196511
16021,ENSG00000140416
16022,ENSG00000198467
16023,ENSG00000143549
16024,ENSG00000167460
16025,ENSG00000137364
16026,ENSG00000115705
16027,ENSG00000166340
16028,ENSG00000134900
16029,ENSG00000171368
16030,ENSG00000179636
16031,ENSG00000159713
16032,ENSG00000047410
16033,ENSG00000163870
16034,ENSG00000188001
16035,ENSG00000230115
16036,ENSG00000158109
16037,ENSG00000176058
16038,ENSG00000180438
16039,ENSG00000172236
16040,ENSG00000197253
16041,ENSG00000095917
16042,ENSG00000116176
16043,ENSG00000169902
16044,ENSG00000128294
16045,ENSG00000133112
16046,ENSG00000274391
16047,ENSG00000132958
16048,ENSG00000100181
16049,ENSG00000088325
16050,ENSG00000164548
16051,ENSG00000136527
16052,ENSG00000170638
16053,ENSG00000186854
16054,ENSG00000269113
16055,ENSG00000277734
16056,ENSG00000102871
16057,ENSG00000056558
16058,ENSG00000127191
16059,ENSG00000131323
16060,ENSG00000204104
16061,ENSG00000056972
16062,ENSG00000231889
16063,ENSG00000009790
16064,ENSG00000076604
16065,ENSG00000082512
16066,ENSG00000175104
16067,ENSG00000131653
16068,ENSG00000135148
16069,ENSG00000183763
16070,ENSG00000182606
16071,ENSG00000115993
16072,ENSG00000067167
16073,ENSG00000174599
16074,ENSG00000065308
16075,ENSG00000225791
16076,ENSG00000168016
16077,ENSG00000126602
16078,ENSG00000170043
16079,ENSG00000160218
16080,ENSG00000168538
16081,ENSG00000113597
16082,ENSG00000196459
16083,ENSG00000167515
16084,ENSG00000054116
16085,ENSG00000173626
16086,ENSG00000196655
16087,ENSG00000181029
16088,ENSG00000007255
16089,ENSG00000182400
16090,ENSG00000153339
16091,ENSG00000167632
16092,ENSG00000163519
16093,ENSG00000255569
16094,ENSG00000256553
16095,ENSG00000211784
16096,ENSG00000256474
16097,ENSG00000211785
16098,ENSG00000211789
16099,ENSG00000211794
16100,ENSG00000211788
16101,ENSG00000211791
16102,ENSG00000211792
16103,ENSG00000211796
16104,ENSG00000211797
16105,ENSG00000211798
16106,ENSG00000211799
16107,ENSG00000211776
16108,ENSG00000211800
16109,ENSG00000211801
16110,ENSG00000211802
16111,ENSG00000211803
16112,ENSG00000211805
16113,ENSG00000211806
16114,ENSG00000211807
16115,ENSG00000211812
16116,ENSG00000211809
16117,ENSG00000211810
16118,ENSG00000211777
16119,ENSG00000259092
16120,ENSG00000258812
16121,ENSG00000211813
16122,ENSG00000211814
16123,ENSG00000211815
16124,ENSG00000211816
16125,ENSG00000211817
16126,ENSG00000211818
16127,ENSG00000211778
16128,ENSG00000211819
16129,ENSG00000211820
16130,ENSG00000211779
16131,ENSG00000211780
16132,ENSG00000211782
16133,ENSG00000211786
16134,ENSG00000211787
16135,ENSG00000211790
16136,ENSG00000211795
16137,ENSG00000211783
16138,ENSG00000211793
16139,ENSG00000183938
16140,ENSG00000231165
16141,ENSG00000211721
16142,ENSG00000107614
16143,ENSG00000186439
16144,ENSG00000211804
16145,ENSG00000211821
16146,ENSG00000256590
16147,ENSG00000118094
16148,ENSG00000124731
16149,ENSG00000095970
16150,ENSG00000161911
16151,ENSG00000112195
16152,ENSG00000188056
16153,ENSG00000124496
16154,ENSG00000213689
16155,ENSG00000183479
16156,ENSG00000281103
16157,ENSG00000227191
16158,ENSG00000211701
16159,ENSG00000211694
16160,ENSG00000211693
16161,ENSG00000233306
16162,ENSG00000211699
16163,ENSG00000211698
16164,ENSG00000211697
16165,ENSG00000249978
16166,ENSG00000211696
16167,ENSG00000211695
16168,ENSG00000231202
16169,ENSG00000170893
16170,ENSG00000072657
16171,ENSG00000174417
16172,ENSG00000170855
16173,ENSG00000173334
16174,ENSG00000071575
16175,ENSG00000101255
16176,ENSG00000255690
16177,ENSG00000154370
16178,ENSG00000204977
16179,ENSG00000106785
16180,ENSG00000221926
16181,ENSG00000162931
16182,ENSG00000109654
16183,ENSG00000132109
16184,ENSG00000132274
16185,ENSG00000113595
16186,ENSG00000122779
16187,ENSG00000121060
16188,ENSG00000130726
16189,ENSG00000137699
16190,ENSG00000110171
16191,ENSG00000119401
16192,ENSG00000197323
16193,ENSG00000258659
16194,ENSG00000104228
16195,ENSG00000152503
16196,ENSG00000108395
16197,ENSG00000112343
16198,ENSG00000248167
16199,ENSG00000146833
16200,ENSG00000146063
16201,ENSG00000166326
16202,ENSG00000134253
16203,ENSG00000163462
16204,ENSG00000132481
16205,ENSG00000150244
16206,ENSG00000168930
16207,ENSG00000204449
16208,ENSG00000132256
16209,ENSG00000146755
16210,ENSG00000124900
16211,ENSG00000183718
16212,ENSG00000138100
16213,ENSG00000147573
16214,ENSG00000169871
16215,ENSG00000162722
16216,ENSG00000213186
16217,ENSG00000121236
16218,ENSG00000176979
16219,ENSG00000183439
16220,ENSG00000116525
16221,ENSG00000158022
16222,ENSG00000141569
16223,ENSG00000166436
16224,ENSG00000119283
16225,ENSG00000167333
16226,ENSG00000185880
16227,ENSG00000146054
16228,ENSG00000177238
16229,ENSG00000178809
16230,ENSG00000155428
16231,ENSG00000171206
16232,ENSG00000100505
16233,ENSG00000184108
16234,ENSG00000179046
16235,ENSG00000038382
16236,ENSG00000100106
16237,ENSG00000125733
16238,ENSG00000100815
16239,ENSG00000153827
16240,ENSG00000071539
16241,ENSG00000103671
16242,ENSG00000087077
16243,ENSG00000205133
16244,ENSG00000043514
16245,ENSG00000136932
16246,ENSG00000104907
16247,ENSG00000145331
16248,ENSG00000165275
16249,ENSG00000174173
16250,ENSG00000066651
16251,ENSG00000173113
16252,ENSG00000122435
16253,ENSG00000121486
16254,ENSG00000099899
16255,ENSG00000188917
16256,ENSG00000155275
16257,ENSG00000126814
16258,ENSG00000089195
16259,ENSG00000166166
16260,ENSG00000171103
16261,ENSG00000100416
16262,ENSG00000180098
16263,ENSG00000253368
16264,ENSG00000072756
16265,ENSG00000067445
16266,ENSG00000135451
16267,ENSG00000104321
16268,ENSG00000144935
16269,ENSG00000138741
16270,ENSG00000133107
16271,ENSG00000100991
16272,ENSG00000204025
16273,ENSG00000137672
16274,ENSG00000248211
16275,ENSG00000142185
16276,ENSG00000083067
16277,ENSG00000130529
16278,ENSG00000070985
16279,ENSG00000119121
16280,ENSG00000092439
16281,ENSG00000144481
16282,ENSG00000104447
16283,ENSG00000149743
16284,ENSG00000196689
16285,ENSG00000187688
16286,ENSG00000167723
16287,ENSG00000111199
16288,ENSG00000127412
16289,ENSG00000196367
16290,ENSG00000165832
16291,ENSG00000167112
16292,ENSG00000163467
16293,ENSG00000165699
16294,ENSG00000103197
16295,ENSG00000102804
16296,ENSG00000278156
16297,ENSG00000196428
16298,ENSG00000157514
16299,ENSG00000166925
16300,ENSG00000198860
16301,ENSG00000154743
16302,ENSG00000182173
16303,ENSG00000123297
16304,ENSG00000074319
16305,ENSG00000135951
16306,ENSG00000175513
16307,ENSG00000213265
16308,ENSG00000165409
16309,ENSG00000179981
16310,ENSG00000182463
16311,ENSG00000121297
16312,ENSG00000270641
16313,ENSG00000126467
16314,ENSG00000182704
16315,ENSG00000145777
16316,ENSG00000211460
16317,ENSG00000171045
16318,ENSG00000116918
16319,ENSG00000102904
16320,ENSG00000117472
16321,ENSG00000182612
16322,ENSG00000110900
16323,ENSG00000106025
16324,ENSG00000106537
16325,ENSG00000108219
16326,ENSG00000099282
16327,ENSG00000130167
16328,ENSG00000048140
16329,ENSG00000157570
16330,ENSG00000231738
16331,ENSG00000134198
16332,ENSG00000140391
16333,ENSG00000135452
16334,ENSG00000064201
16335,ENSG00000158457
16336,ENSG00000214063
16337,ENSG00000168785
16338,ENSG00000000003
16339,ENSG00000156298
16340,ENSG00000127324
16341,ENSG00000011105
16342,ENSG00000175894
16343,ENSG00000235890
16344,ENSG00000100300
16345,ENSG00000112212
16346,ENSG00000168757
16347,ENSG00000189241
16348,ENSG00000184205
16349,ENSG00000187189
16350,ENSG00000180543
16351,ENSG00000178021
16352,ENSG00000167721
16353,ENSG00000158526
16354,ENSG00000007520
16355,ENSG00000184281
16356,ENSG00000212122
16357,ENSG00000206203
16358,ENSG00000162526
16359,ENSG00000139908
16360,ENSG00000178093
16361,ENSG00000128311
16362,ENSG00000215845
16363,ENSG00000136925
16364,ENSG00000279170
16365,ENSG00000146216
16366,ENSG00000128881
16367,ENSG00000113312
16368,ENSG00000149292
16369,ENSG00000143643
16370,ENSG00000163728
16371,ENSG00000167094
16372,ENSG00000052841
16373,ENSG00000011295
16374,ENSG00000168026
16375,ENSG00000123607
16376,ENSG00000006555
16377,ENSG00000103852
16378,ENSG00000205838
16379,ENSG00000187862
16380,ENSG00000018699
16381,ENSG00000100154
16382,ENSG00000137473
16383,ENSG00000182670
16384,ENSG00000228677
16385,ENSG00000115282
16386,ENSG00000183891
16387,ENSG00000113638
16388,ENSG00000215912
16389,ENSG00000172425
16390,ENSG00000075234
16391,ENSG00000085831
16392,ENSG00000261664
16393,ENSG00000155158
16394,ENSG00000168234
16395,ENSG00000264745
16396,ENSG00000243725
16397,ENSG00000136319
16398,ENSG00000139865
16399,ENSG00000068724
16400,ENSG00000165914
16401,ENSG00000165533
16402,ENSG00000133985
16403,ENSG00000174521
16404,ENSG00000162222
16405,ENSG00000125482
16406,ENSG00000116830
16407,ENSG00000101407
16408,ENSG00000129696
16409,ENSG00000112742
16410,ENSG00000114999
16411,ENSG00000100271
16412,ENSG00000162571
16413,ENSG00000205231
16414,ENSG00000175764
16415,ENSG00000100304
16416,ENSG00000120440
16417,ENSG00000214021
16418,ENSG00000135912
16419,ENSG00000119685
16420,ENSG00000170703
16421,ENSG00000137941
16422,ENSG00000131044
16423,ENSG00000155657
16424,ENSG00000237298
16425,ENSG00000137561
16426,ENSG00000124120
16427,ENSG00000118271
16428,ENSG00000229236
16429,ENSG00000176728
16430,ENSG00000215560
16431,ENSG00000147753
16432,ENSG00000131007
16433,ENSG00000141540
16434,ENSG00000136295
16435,ENSG00000166402
16436,ENSG00000167552
16437,ENSG00000123416
16438,ENSG00000167553
16439,ENSG00000198033
16440,ENSG00000075886
16441,ENSG00000127824
16442,ENSG00000243910
16443,ENSG00000183785
16444,ENSG00000178462
16445,ENSG00000101162
16446,ENSG00000137267
16447,ENSG00000137285
16448,ENSG00000258947
16449,ENSG00000104833
16450,ENSG00000188229
16451,ENSG00000176014
16452,ENSG00000261456
16453,ENSG00000108423
16454,ENSG00000074935
16455,ENSG00000131462
16456,ENSG00000037042
16457,ENSG00000130640
16458,ENSG00000126216
16459,ENSG00000137822
16460,ENSG00000128159
16461,ENSG00000178952
16462,ENSG00000143367
16463,ENSG00000253352
16464,ENSG00000112041
16465,ENSG00000104804
16466,ENSG00000078246
16467,ENSG00000130338
16468,ENSG00000250366
16469,ENSG00000198680
16470,ENSG00000114383
16471,ENSG00000104723
16472,ENSG00000243197
16473,ENSG00000149016
16474,ENSG00000166676
16475,ENSG00000171928
16476,ENSG00000175106
16477,ENSG00000259024
16478,ENSG00000151239
16479,ENSG00000247596
16480,ENSG00000122691
16481,ENSG00000128791
16482,ENSG00000074966
16483,ENSG00000084652
16484,ENSG00000164440
16485,ENSG00000086712
16486,ENSG00000136810
16487,ENSG00000100348
16488,ENSG00000153066
16489,ENSG00000117862
16490,ENSG00000228369
16491,ENSG00000113621
16492,ENSG00000087301
16493,ENSG00000129235
16494,ENSG00000168454
16495,ENSG00000239264
16496,ENSG00000204193
16497,ENSG00000115514
16498,ENSG00000265972
16499,ENSG00000091164
16500,ENSG00000141759
16501,ENSG00000140830
16502,ENSG00000198431
16503,ENSG00000184470
16504,ENSG00000197763
16505,ENSG00000105397
16506,ENSG00000025708
16507,ENSG00000176890
16508,ENSG00000077498
16509,ENSG00000092445
16510,ENSG00000011600
16511,ENSG00000107165
16512,ENSG00000156521
16513,ENSG00000198874
16514,ENSG00000277149
16515,ENSG00000162623
16516,ENSG00000162971
16517,ENSG00000160201
16518,ENSG00000161265
16519,ENSG00000063244
16520,ENSG00000163714
16521,ENSG00000137831
16522,ENSG00000117143
16523,ENSG00000197355
16524,ENSG00000130985
16525,ENSG00000126261
16526,ENSG00000144744
16527,ENSG00000081307
16528,ENSG00000221983
16529,ENSG00000033178
16530,ENSG00000182179
16531,ENSG00000130560
16532,ENSG00000134882
16533,ENSG00000228889
16534,ENSG00000153443
16535,ENSG00000185262
16536,ENSG00000165006
16537,ENSG00000246922
16538,ENSG00000137073
16539,ENSG00000143569
16540,ENSG00000160185
16541,ENSG00000154127
16542,ENSG00000170315
16543,ENSG00000150991
16544,ENSG00000077721
16545,ENSG00000119048
16546,ENSG00000175063
16547,ENSG00000072401
16548,ENSG00000131508
16549,ENSG00000109332
16550,ENSG00000078967
16551,ENSG00000170142
16552,ENSG00000182247
16553,ENSG00000170035
16554,ENSG00000184182
16555,ENSG00000258984
16556,ENSG00000132388
16557,ENSG00000184787
16558,ENSG00000186591
16559,ENSG00000103275
16560,ENSG00000198833
16561,ENSG00000160087
16562,ENSG00000078140
16563,ENSG00000185651
16564,ENSG00000156587
16565,ENSG00000130725
16566,ENSG00000177889
16567,ENSG00000175931
16568,ENSG00000160714
16569,ENSG00000229780
16570,ENSG00000140367
16571,ENSG00000107341
16572,ENSG00000235481
16573,ENSG00000108106
16574,ENSG00000077152
16575,ENSG00000177414
16576,ENSG00000244687
16577,ENSG00000169139
16578,ENSG00000104343
16579,ENSG00000159202
16580,ENSG00000114062
16581,ENSG00000151148
16582,ENSG00000009335
16583,ENSG00000118420
16584,ENSG00000110344
16585,ENSG00000130939
16586,ENSG00000103353
16587,ENSG00000120942
16588,ENSG00000122042
16589,ENSG00000102178
16590,ENSG00000186150
16591,ENSG00000198258
16592,ENSG00000164332
16593,ENSG00000118900
16594,ENSG00000157741
16595,ENSG00000185019
16596,ENSG00000235958
16597,ENSG00000153560
16598,ENSG00000135018
16599,ENSG00000188021
16600,ENSG00000160803
16601,ENSG00000175518
16602,ENSG00000159459
16603,ENSG00000024048
16604,ENSG00000144357
16605,ENSG00000127481
16606,ENSG00000104517
16607,ENSG00000012963
16608,ENSG00000165886
16609,ENSG00000168246
16610,ENSG00000108312
16611,ENSG00000255009
16612,ENSG00000162191
16613,ENSG00000162543
16614,ENSG00000158062
16615,ENSG00000173960
16616,ENSG00000215114
16617,ENSG00000144224
16618,ENSG00000167671
16619,ENSG00000163960
16620,ENSG00000225822
16621,ENSG00000104691
16622,ENSG00000154277
16623,ENSG00000118939
16624,ENSG00000116750
16625,ENSG00000130717
16626,ENSG00000143179
16627,ENSG00000198276
16628,ENSG00000280213
16629,ENSG00000165623
16630,ENSG00000163794
16631,ENSG00000145040
16632,ENSG00000178473
16633,ENSG00000109424
16634,ENSG00000175567
16635,ENSG00000175564
16636,ENSG00000151116
16637,ENSG00000143222
16638,ENSG00000014123
16639,ENSG00000120686
16640,ENSG00000176125
16641,ENSG00000109775
16642,ENSG00000148154
16643,ENSG00000109814
16644,ENSG00000249348
16645,ENSG00000136731
16646,ENSG00000102595
16647,ENSG00000169764
16648,ENSG00000241635
16649,ENSG00000242515
16650,ENSG00000167165
16651,ENSG00000244122
16652,ENSG00000242366
16653,ENSG00000241119
16654,ENSG00000173610
16655,ENSG00000213759
16656,ENSG00000197888
16657,ENSG00000135226
16658,ENSG00000156096
16659,ENSG00000171234
16660,ENSG00000145626
16661,ENSG00000168671
16662,ENSG00000174607
16663,ENSG00000152332
16664,ENSG00000276043
16665,ENSG00000147854
16666,ENSG00000087206
16667,ENSG00000111981
16668,ENSG00000131015
16669,ENSG00000131019
16670,ENSG00000177169
16671,ENSG00000083290
16672,ENSG00000140474
16673,ENSG00000168038
16674,ENSG00000219545
16675,ENSG00000177398
16676,ENSG00000114491
16677,ENSG00000109103
16678,ENSG00000175970
16679,ENSG00000130477
16680,ENSG00000198722
16681,ENSG00000137766
16682,ENSG00000092929
16683,ENSG00000140553
16684,ENSG00000141161
16685,ENSG00000115446
16686,ENSG00000113763
16687,ENSG00000107731
16688,ENSG00000237512
16689,ENSG00000182168
16690,ENSG00000124602
16691,ENSG00000156687
16692,ENSG00000133958
16693,ENSG00000144406
16694,ENSG00000112494
16695,ENSG00000110057
16696,ENSG00000164853
16697,ENSG00000076248
16698,ENSG00000132478
16699,ENSG00000059145
16700,ENSG00000100024
16701,ENSG00000005007
16702,ENSG00000151461
16703,ENSG00000169062
16704,ENSG00000125351
16705,ENSG00000105668
16706,ENSG00000114638
16707,ENSG00000110375
16708,ENSG00000100373
16709,ENSG00000183696
16710,ENSG00000007001
16711,ENSG00000094841
16712,ENSG00000101019
16713,ENSG00000137288
16714,ENSG00000204922
16715,ENSG00000184076
16716,ENSG00000127540
16717,ENSG00000156467
16718,ENSG00000010256
16719,ENSG00000140740
16720,ENSG00000169021
16721,ENSG00000173660
16722,ENSG00000233954
16723,ENSG00000164405
16724,ENSG00000183463
16725,ENSG00000142207
16726,ENSG00000135763
16727,ENSG00000106608
16728,ENSG00000270617
16729,ENSG00000105176
16730,ENSG00000167118
16731,ENSG00000159650
16732,ENSG00000126088
16733,ENSG00000188690
16734,ENSG00000103005
16735,ENSG00000053501
16736,ENSG00000158773
16737,ENSG00000105698
16738,ENSG00000176542
16739,ENSG00000006611
16740,ENSG00000182040
16741,ENSG00000042781
16742,ENSG00000130307
16743,ENSG00000138768
16744,ENSG00000162607
16745,ENSG00000103194
16746,ENSG00000102226
16747,ENSG00000152484
16748,ENSG00000058056
16749,ENSG00000101557
16750,ENSG00000135655
16751,ENSG00000156256
16752,ENSG00000184979
16753,ENSG00000172046
16754,ENSG00000036672
16755,ENSG00000245248
16756,ENSG00000136878
16757,ENSG00000143258
16758,ENSG00000124422
16759,ENSG00000162402
16760,ENSG00000155313
16761,ENSG00000134588
16762,ENSG00000273820
16763,ENSG00000048028
16764,ENSG00000131864
16765,ENSG00000140455
16766,ENSG00000259248
16767,ENSG00000135093
16768,ENSG00000103404
16769,ENSG00000170832
16770,ENSG00000077254
16771,ENSG00000115464
16772,ENSG00000118369
16773,ENSG00000055483
16774,ENSG00000135913
16775,ENSG00000170185
16776,ENSG00000168883
16777,ENSG00000114316
16778,ENSG00000085982
16779,ENSG00000106346
16780,ENSG00000154914
16781,ENSG00000136014
16782,ENSG00000123552
16783,ENSG00000109189
16784,ENSG00000170242
16785,ENSG00000090686
16786,ENSG00000164663
16787,ENSG00000111667
16788,ENSG00000170236
16789,ENSG00000247746
16790,ENSG00000145390
16791,ENSG00000166348
16792,ENSG00000129204
16793,ENSG00000148429
16794,ENSG00000187555
16795,ENSG00000138592
16796,ENSG00000124486
16797,ENSG00000114374
16798,ENSG00000132952
16799,ENSG00000111962
16800,ENSG00000171794
16801,ENSG00000156697
16802,ENSG00000253797
16803,ENSG00000164338
16804,ENSG00000011260
16805,ENSG00000120800
16806,ENSG00000147679
16807,ENSG00000132467
16808,ENSG00000108651
16809,ENSG00000152818
16810,ENSG00000049247
16811,ENSG00000188958
16812,ENSG00000181408
16813,ENSG00000183878
16814,ENSG00000198382
16815,ENSG00000163945
16816,ENSG00000115652
16817,ENSG00000126756
16818,ENSG00000267064
16819,ENSG00000103043
16820,ENSG00000214353
16821,ENSG00000139190
16822,ENSG00000220205
16823,ENSG00000049245
16824,ENSG00000117533
16825,ENSG00000168899
16826,ENSG00000124333
16827,ENSG00000118640
16828,ENSG00000173218
16829,ENSG00000162738
16830,ENSG00000101558
16831,ENSG00000124164
16832,ENSG00000071246
16833,ENSG00000143494
16834,ENSG00000168140
16835,ENSG00000125753
16836,ENSG00000108828
16837,ENSG00000171724
16838,ENSG00000141968
16839,ENSG00000160293
16840,ENSG00000134215
16841,ENSG00000148704
16842,ENSG00000116035
16843,ENSG00000155959
16844,ENSG00000162692
16845,ENSG00000038427
16846,ENSG00000249835
16847,ENSG00000035403
16848,ENSG00000165280
16849,ENSG00000175073
16850,ENSG00000100483
16851,ENSG00000182583
16852,ENSG00000177504
16853,ENSG00000169059
16854,ENSG00000205642
16855,ENSG00000213585
16856,ENSG00000165637
16857,ENSG00000078668
16858,ENSG00000111424
16859,ENSG00000112715
16860,ENSG00000173511
16861,ENSG00000150630
16862,ENSG00000151650
16863,ENSG00000259849
16864,ENSG00000197415
16865,ENSG00000136451
16866,ENSG00000028203
16867,ENSG00000128564
16868,ENSG00000102243
16869,ENSG00000170162
16870,ENSG00000206538
16871,ENSG00000144560
16872,ENSG00000134086
16873,ENSG00000189030
16874,ENSG00000127831
16875,ENSG00000136059
16876,ENSG00000026025
16877,ENSG00000229124
16878,ENSG00000146469
16879,ENSG00000151445
16880,ENSG00000114812
16881,ENSG00000106018
16882,ENSG00000205221
16883,ENSG00000167397
16884,ENSG00000196715
16885,ENSG00000147852
16886,ENSG00000236404
16887,ENSG00000160131
16888,ENSG00000182853
16889,ENSG00000062716
16890,ENSG00000178201
16891,ENSG00000196131
16892,ENSG00000228567
16893,ENSG00000112299
16894,ENSG00000112303
16895,ENSG00000154978
16896,ENSG00000169575
16897,ENSG00000128218
16898,ENSG00000160695
16899,ENSG00000197969
16900,ENSG00000232998
16901,ENSG00000132549
16902,ENSG00000129003
16903,ENSG00000048707
16904,ENSG00000215305
16905,ENSG00000104142
16906,ENSG00000131475
16907,ENSG00000122958
16908,ENSG00000151502
16909,ENSG00000160948
16910,ENSG00000111237
16911,ENSG00000139719
16912,ENSG00000184056
16913,ENSG00000069329
16914,ENSG00000136100
16915,ENSG00000155975
16916,ENSG00000139722
16917,ENSG00000167987
16918,ENSG00000176428
16919,ENSG00000166887
16920,ENSG00000006715
16921,ENSG00000136631
16922,ENSG00000132612
16923,ENSG00000119541
16924,ENSG00000004766
16925,ENSG00000149823
16926,ENSG00000141252
16927,ENSG00000143952
16928,ENSG00000163159
16929,ENSG00000156931
16930,ENSG00000075399
16931,ENSG00000261373
16932,ENSG00000100749
16933,ENSG00000028116
16934,ENSG00000105053
16935,ENSG00000133980
16936,ENSG00000101842
16937,ENSG00000176834
16938,ENSG00000186806
16939,ENSG00000019102
16940,ENSG00000155659
16941,ENSG00000243284
16942,ENSG00000163032
16943,ENSG00000189068
16944,ENSG00000170419
16945,ENSG00000187135
16946,ENSG00000132821
16947,ENSG00000165633
16948,ENSG00000214376
16949,ENSG00000100987
16950,ENSG00000119614
16951,ENSG00000009844
16952,ENSG00000134258
16953,ENSG00000151532
16954,ENSG00000100568
16955,ENSG00000109072
16956,ENSG00000179403
16957,ENSG00000165816
16958,ENSG00000175267
16959,ENSG00000168658
16960,ENSG00000110002
16961,ENSG00000158816
16962,ENSG00000145198
16963,ENSG00000102763
16964,ENSG00000278338
16965,ENSG00000188730
16966,ENSG00000174453
16967,ENSG00000167992
16968,ENSG00000146530
16969,ENSG00000110799
16970,ENSG00000095787
16971,ENSG00000062650
16972,ENSG00000116874
16973,ENSG00000015285
16974,ENSG00000112290
16975,ENSG00000158195
16976,ENSG00000132970
16977,ENSG00000231439
16978,ENSG00000106299
16979,ENSG00000239779
16980,ENSG00000084463
16981,ENSG00000166272
16982,ENSG00000132471
16983,ENSG00000183066
16984,ENSG00000120688
16985,ENSG00000085449
16986,ENSG00000139668
16987,ENSG00000163625
16988,ENSG00000251260
16989,ENSG00000128815
16990,ENSG00000198554
16991,ENSG00000143951
16992,ENSG00000071127
16993,ENSG00000120008
16994,ENSG00000138442
16995,ENSG00000101940
16996,ENSG00000150627
16997,ENSG00000065268
16998,ENSG00000157796
16999,ENSG00000140153
17000,ENSG00000127580
17001,ENSG00000176473
17002,ENSG00000162923
17003,ENSG00000184465
17004,ENSG00000065183
17005,ENSG00000148225
17006,ENSG00000136709
17007,ENSG00000118965
17008,ENSG00000134987
17009,ENSG00000047056
17010,ENSG00000136918
17011,ENSG00000160193
17012,ENSG00000164253
17013,ENSG00000163811
17014,ENSG00000131725
17015,ENSG00000141580
17016,ENSG00000227057
17017,ENSG00000085433
17018,ENSG00000114742
17019,ENSG00000174776
17020,ENSG00000196363
17021,ENSG00000185798
17022,ENSG00000005448
17023,ENSG00000120314
17024,ENSG00000103091
17025,ENSG00000196981
17026,ENSG00000178252
17027,ENSG00000075702
17028,ENSG00000162843
17029,ENSG00000091157
17030,ENSG00000082068
17031,ENSG00000166415
17032,ENSG00000177082
17033,ENSG00000133316
17034,ENSG00000115368
17035,ENSG00000092470
17036,ENSG00000116455
17037,ENSG00000164091
17038,ENSG00000123154
17039,ENSG00000105583
17040,ENSG00000187260
17041,ENSG00000171804
17042,ENSG00000166359
17043,ENSG00000140006
17044,ENSG00000161996
17045,ENSG00000105875
17046,ENSG00000140527
17047,ENSG00000179698
17048,ENSG00000196151
17049,ENSG00000142784
17050,ENSG00000166483
17051,ENSG00000214102
17052,ENSG00000228775
17053,ENSG00000103175
17054,ENSG00000180305
17055,ENSG00000182931
17056,ENSG00000180083
17057,ENSG00000168703
17058,ENSG00000168634
17059,ENSG00000101443
17060,ENSG00000124116
17061,ENSG00000175121
17062,ENSG00000243543
17063,ENSG00000158901
17064,ENSG00000180205
17065,ENSG00000127578
17066,ENSG00000173714
17067,ENSG00000109501
17068,ENSG00000156232
17069,ENSG00000156076
17070,ENSG00000115935
17071,ENSG00000171475
17072,ENSG00000122574
17073,ENSG00000070540
17074,ENSG00000157954
17075,ENSG00000011451
17076,ENSG00000116729
17077,ENSG00000060237
17078,ENSG00000165238
17079,ENSG00000196632
17080,ENSG00000126562
17081,ENSG00000125084
17082,ENSG00000135925
17083,ENSG00000169884
17084,ENSG00000085741
17085,ENSG00000002745
17086,ENSG00000105989
17087,ENSG00000134245
17088,ENSG00000154342
17089,ENSG00000162552
17090,ENSG00000114251
17091,ENSG00000244586
17092,ENSG00000111186
17093,ENSG00000115596
17094,ENSG00000154764
17095,ENSG00000188064
17096,ENSG00000075290
17097,ENSG00000143816
17098,ENSG00000141499
17099,ENSG00000116213
17100,ENSG00000165392
17101,ENSG00000124535
17102,ENSG00000109046
17103,ENSG00000176871
17104,ENSG00000179314
17105,ENSG00000075035
17106,ENSG00000184937
17107,ENSG00000183242
17108,ENSG00000146457
17109,ENSG00000142279
17110,ENSG00000113645
17111,ENSG00000151718
17112,ENSG00000251128
17113,ENSG00000251359
17114,ENSG00000047644
17115,ENSG00000186153
17116,ENSG00000123124
17117,ENSG00000198373
17118,ENSG00000018408
17119,ENSG00000241313
17120,ENSG00000076924
17121,ENSG00000132530
17122,ENSG00000204379
17123,ENSG00000204382
17124,ENSG00000155622
17125,ENSG00000171402
17126,ENSG00000171405
17127,ENSG00000100219
17128,ENSG00000143184
17129,ENSG00000143185
17130,ENSG00000173578
17131,ENSG00000158125
17132,ENSG00000124343
17133,ENSG00000101966
17134,ENSG00000168334
17135,ENSG00000163092
17136,ENSG00000229807
17137,ENSG00000047597
17138,ENSG00000172967
17139,ENSG00000206579
17140,ENSG00000260903
17141,ENSG00000158156
17142,ENSG00000221947
17143,ENSG00000182489
17144,ENSG00000136936
17145,ENSG00000154767
17146,ENSG00000108039
17147,ENSG00000122121
17148,ENSG00000196236
17149,ENSG00000082898
17150,ENSG00000132953
17151,ENSG00000124571
17152,ENSG00000169180
17153,ENSG00000130227
17154,ENSG00000184575
17155,ENSG00000143324
17156,ENSG00000073050
17157,ENSG00000196584
17158,ENSG00000126215
17159,ENSG00000152422
17160,ENSG00000079246
17161,ENSG00000196419
17162,ENSG00000114127
17163,ENSG00000088930
17164,ENSG00000166435
17165,ENSG00000173950
17166,ENSG00000093217
17167,ENSG00000103489
17168,ENSG00000015532
17169,ENSG00000015153
17170,ENSG00000137693
17171,ENSG00000139131
17172,ENSG00000182362
17173,ENSG00000065978
17174,ENSG00000060138
17175,ENSG00000161179
17176,ENSG00000163872
17177,ENSG00000127337
17178,ENSG00000176105
17179,ENSG00000174851
17180,ENSG00000167645
17181,ENSG00000058799
17182,ENSG00000130733
17183,ENSG00000137207
17184,ENSG00000119820
17185,ENSG00000145817
17186,ENSG00000181704
17187,ENSG00000177752
17188,ENSG00000250067
17189,ENSG00000106636
17190,ENSG00000119596
17191,ENSG00000136758
17192,ENSG00000180667
17193,ENSG00000100027
17194,ENSG00000175155
17195,ENSG00000090238
17196,ENSG00000166793
17197,ENSG00000119801
17198,ENSG00000196449
17199,ENSG00000047188
17200,ENSG00000149658
17201,ENSG00000198492
17202,ENSG00000185728
17203,ENSG00000166913
17204,ENSG00000170027
17205,ENSG00000128245
17206,ENSG00000134308
17207,ENSG00000164924
17208,ENSG00000100811
17209,ENSG00000163374
17210,ENSG00000230797
17211,ENSG00000186919
17212,ENSG00000146839
17213,ENSG00000115085
17214,ENSG00000182223
17215,ENSG00000189167
17216,ENSG00000169064
17217,ENSG00000214717
17218,ENSG00000177494
17219,ENSG00000132846
17220,ENSG00000250802
17221,ENSG00000100426
17222,ENSG00000236287
17223,ENSG00000247271
17224,ENSG00000257315
17225,ENSG00000124256
17226,ENSG00000126804
17227,ENSG00000205189
17228,ENSG00000066422
17229,ENSG00000256628
17230,ENSG00000198081
17231,ENSG00000109906
17232,ENSG00000116809
17233,ENSG00000179456
17234,ENSG00000181472
17235,ENSG00000181722
17236,ENSG00000241560
17237,ENSG00000239946
17238,ENSG00000242767
17239,ENSG00000173276
17240,ENSG00000236104
17241,ENSG00000112365
17242,ENSG00000089775
17243,ENSG00000171448
17244,ENSG00000185670
17245,ENSG00000011590
17246,ENSG00000177485
17247,ENSG00000177125
17248,ENSG00000185278
17249,ENSG00000177311
17250,ENSG00000166860
17251,ENSG00000184677
17252,ENSG00000177888
17253,ENSG00000179627
17254,ENSG00000169155
17255,ENSG00000196323
17256,ENSG00000119574
17257,ENSG00000130584
17258,ENSG00000114853
17259,ENSG00000204859
17260,ENSG00000168826
17261,ENSG00000168795
17262,ENSG00000186130
17263,ENSG00000178951
17264,ENSG00000160685
17265,ENSG00000184828
17266,ENSG00000160062
17267,ENSG00000273274
17268,ENSG00000176261
17269,ENSG00000213588
17270,ENSG00000104427
17271,ENSG00000119703
17272,ENSG00000135482
17273,ENSG00000058673
17274,ENSG00000163874
17275,ENSG00000102053
17276,ENSG00000149289
17277,ENSG00000178199
17278,ENSG00000123200
17279,ENSG00000100722
17280,ENSG00000065548
17281,ENSG00000158545
17282,ENSG00000014164
17283,ENSG00000130749
17284,ENSG00000188177
17285,ENSG00000122299
17286,ENSG00000100403
17287,ENSG00000144161
17288,ENSG00000105939
17289,ENSG00000146858
17290,ENSG00000091732
17291,ENSG00000126970
17292,ENSG00000155329
17293,ENSG00000174460
17294,ENSG00000140948
17295,ENSG00000121766
17296,ENSG00000166707
17297,ENSG00000141664
17298,ENSG00000165424
17299,ENSG00000247315
17300,ENSG00000168228
17301,ENSG00000147905
17302,ENSG00000033030
17303,ENSG00000131732
17304,ENSG00000139168
17305,ENSG00000078487
17306,ENSG00000206559
17307,ENSG00000204186
17308,ENSG00000159714
17309,ENSG00000188818
17310,ENSG00000206077
17311,ENSG00000160446
17312,ENSG00000177054
17313,ENSG00000175048
17314,ENSG00000102383
17315,ENSG00000171307
17316,ENSG00000186908
17317,ENSG00000204160
17318,ENSG00000163958
17319,ENSG00000104219
17320,ENSG00000180776
17321,ENSG00000175893
17322,ENSG00000177108
17323,ENSG00000184307
17324,ENSG00000174165
17325,ENSG00000163812
17326,ENSG00000136247
17327,ENSG00000156599
17328,ENSG00000023041
17329,ENSG00000153786
17330,ENSG00000099904
17331,ENSG00000188706
17332,ENSG00000148516
17333,ENSG00000237036
17334,ENSG00000169554
17335,ENSG00000238057
17336,ENSG00000160445
17337,ENSG00000104231
17338,ENSG00000178381
17339,ENSG00000158552
17340,ENSG00000156639
17341,ENSG00000172671
17342,ENSG00000107372
17343,ENSG00000086666
17344,ENSG00000177410
17345,ENSG00000066827
17346,ENSG00000248492
17347,ENSG00000133858
17348,ENSG00000136367
17349,ENSG00000140836
17350,ENSG00000091656
17351,ENSG00000184517
17352,ENSG00000142065
17353,ENSG00000198939
17354,ENSG00000196867
17355,ENSG00000180787
17356,ENSG00000120784
17357,ENSG00000128016
17358,ENSG00000185650
17359,ENSG00000152518
17360,ENSG00000136866
17361,ENSG00000181638
17362,ENSG00000179059
17363,ENSG00000196670
17364,ENSG00000020256
17365,ENSG00000187815
17366,ENSG00000187801
17367,ENSG00000181007
17368,ENSG00000184939
17369,ENSG00000186660
17370,ENSG00000189420
17371,ENSG00000162300
17372,ENSG00000179588
17373,ENSG00000169946
17374,ENSG00000056097
17375,ENSG00000105278
17376,ENSG00000005889
17377,ENSG00000234230
17378,ENSG00000067646
17379,ENSG00000165861
17380,ENSG00000039319
17381,ENSG00000166140
17382,ENSG00000100711
17383,ENSG00000072121
17384,ENSG00000155256
17385,ENSG00000159733
17386,ENSG00000157077
17387,ENSG00000174992
17388,ENSG00000220201
17389,ENSG00000197114
17390,ENSG00000138658
17391,ENSG00000165156
17392,ENSG00000259305
17393,ENSG00000178764
17394,ENSG00000174306
17395,ENSG00000152977
17396,ENSG00000043355
17397,ENSG00000156925
17398,ENSG00000174963
17399,ENSG00000139800
17400,ENSG00000171649
17401,ENSG00000269699
17402,ENSG00000141946
17403,ENSG00000106261
17404,ENSG00000155592
17405,ENSG00000189298
17406,ENSG00000187626
17407,ENSG00000196652
17408,ENSG00000196345
17409,ENSG00000198315
17410,ENSG00000166432
17411,ENSG00000146007
17412,ENSG00000172667
17413,ENSG00000165061
17414,ENSG00000100319
17415,ENSG00000108175
17416,ENSG00000224596
17417,ENSG00000122515
17418,ENSG00000084073
17419,ENSG00000197056
17420,ENSG00000121741
17421,ENSG00000147130
17422,ENSG00000146463
17423,ENSG00000227409
17424,ENSG00000132950
17425,ENSG00000163867
17426,ENSG00000004838
17427,ENSG00000015171
17428,ENSG00000066185
17429,ENSG00000141497
17430,ENSG00000165724
17431,ENSG00000101040
17432,ENSG00000256223
17433,ENSG00000181896
17434,ENSG00000103994
17435,ENSG00000196247
17436,ENSG00000062370
17437,ENSG00000178150
17438,ENSG00000152926
17439,ENSG00000164631
17440,ENSG00000197961
17441,ENSG00000196418
17442,ENSG00000172262
17443,ENSG00000131849
17444,ENSG00000125846
17445,ENSG00000213762
17446,ENSG00000176293
17447,ENSG00000196646
17448,ENSG00000197008
17449,ENSG00000105708
17450,ENSG00000196387
17451,ENSG00000131127
17452,ENSG00000115568
17453,ENSG00000166478
17454,ENSG00000167635
17455,ENSG00000163848
17456,ENSG00000179909
17457,ENSG00000204920
17458,ENSG00000147117
17459,ENSG00000170631
17460,ENSG00000170949
17461,ENSG00000197279
17462,ENSG00000175787
17463,ENSG00000186272
17464,ENSG00000103343
17465,ENSG00000105497
17466,ENSG00000188629
17467,ENSG00000154957
17468,ENSG00000167384
17469,ENSG00000197841
17470,ENSG00000147118
17471,ENSG00000096654
17472,ENSG00000147394
17473,ENSG00000136870
17474,ENSG00000157429
17475,ENSG00000005801
17476,ENSG00000186448
17477,ENSG00000275111
17478,ENSG00000132010
17479,ENSG00000010539
17480,ENSG00000166261
17481,ENSG00000122386
17482,ENSG00000010244
17483,ENSG00000160321
17484,ENSG00000121417
17485,ENSG00000170260
17486,ENSG00000085644
17487,ENSG00000263072
17488,ENSG00000149050
17489,ENSG00000149054
17490,ENSG00000171940
17491,ENSG00000165804
17492,ENSG00000165512
17493,ENSG00000159905
17494,ENSG00000159885
17495,ENSG00000178386
17496,ENSG00000267680
17497,ENSG00000256294
17498,ENSG00000167380
17499,ENSG00000131115
17500,ENSG00000278318
17501,ENSG00000167377
17502,ENSG00000159882
17503,ENSG00000167840
17504,ENSG00000159915
17505,ENSG00000263002
17506,ENSG00000159917
17507,ENSG00000130856
17508,ENSG00000196793
17509,ENSG00000172466
17510,ENSG00000198105
17511,ENSG00000175395
17512,ENSG00000196150
17513,ENSG00000198169
17514,ENSG00000255559
17515,ENSG00000256771
17516,ENSG00000213096
17517,ENSG00000152454
17518,ENSG00000197134
17519,ENSG00000198393
17520,ENSG00000254004
17521,ENSG00000006194
17522,ENSG00000083844
17523,ENSG00000174652
17524,ENSG00000185947
17525,ENSG00000090612
17526,ENSG00000198039
17527,ENSG00000171606
17528,ENSG00000063587
17529,ENSG00000158805
17530,ENSG00000198839
17531,ENSG00000198538
17532,ENSG00000169548
17533,ENSG00000275004
17534,ENSG00000056277
17535,ENSG00000137871
17536,ENSG00000162702
17537,ENSG00000170265
17538,ENSG00000167637
17539,ENSG00000186026
17540,ENSG00000267508
17541,ENSG00000187607
17542,ENSG00000249459
17543,ENSG00000141040
17544,ENSG00000188994
17545,ENSG00000237232
17546,ENSG00000170684
17547,ENSG00000166526
17548,ENSG00000168661
17549,ENSG00000145908
17550,ENSG00000089335
17551,ENSG00000131845
17552,ENSG00000205903
17553,ENSG00000130803
17554,ENSG00000171467
17555,ENSG00000166188
17556,ENSG00000169740
17557,ENSG00000226245
17558,ENSG00000228426
17559,ENSG00000182986
17560,ENSG00000181315
17561,ENSG00000083812
17562,ENSG00000249471
17563,ENSG00000162664
17564,ENSG00000181894
17565,ENSG00000109445
17566,ENSG00000130844
17567,ENSG00000160961
17568,ENSG00000198185
17569,ENSG00000198026
17570,ENSG00000130684
17571,ENSG00000213742
17572,ENSG00000189180
17573,ENSG00000196693
17574,ENSG00000196378
17575,ENSG00000131061
17576,ENSG00000230753
17577,ENSG00000088876
17578,ENSG00000251247
17579,ENSG00000113761
17580,ENSG00000197937
17581,ENSG00000169981
17582,ENSG00000256683
17583,ENSG00000269235
17584,ENSG00000169131
17585,ENSG00000178338
17586,ENSG00000177932
17587,ENSG00000198816
17588,ENSG00000160094
17589,ENSG00000138311
17590,ENSG00000178175
17591,ENSG00000165244
17592,ENSG00000075407
17593,ENSG00000161298
17594,ENSG00000188283
17595,ENSG00000126746
17596,ENSG00000161642
17597,ENSG00000144331
17598,ENSG00000187595
17599,ENSG00000151789
17600,ENSG00000225542
17601,ENSG00000124613
17602,ENSG00000160908
17603,ENSG00000186918
17604,ENSG00000186496
17605,ENSG00000186812
17606,ENSG00000197024
17607,ENSG00000176222
17608,ENSG00000215421
17609,ENSG00000175213
17610,ENSG00000147124
17611,ENSG00000119725
17612,ENSG00000133250
17613,ENSG00000170954
17614,ENSG00000083817
17615,ENSG00000173480
17616,ENSG00000196724
17617,ENSG00000105136
17618,ENSG00000197050
17619,ENSG00000102935
17620,ENSG00000204947
17621,ENSG00000130818
17622,ENSG00000131116
17623,ENSG00000197013
17624,ENSG00000198521
17625,ENSG00000196705
17626,ENSG00000256087
17627,ENSG00000197647
17628,ENSG00000125945
17629,ENSG00000249087
17630,ENSG00000183621
17631,ENSG00000171291
17632,ENSG00000197857
17633,ENSG00000171295
17634,ENSG00000197044
17635,ENSG00000198342
17636,ENSG00000180855
17637,ENSG00000167685
17638,ENSG00000185219
17639,ENSG00000083838
17640,ENSG00000173275
17641,ENSG00000124459
17642,ENSG00000112200
17643,ENSG00000178187
17644,ENSG00000197714
17645,ENSG00000197808
17646,ENSG00000148143
17647,ENSG00000181444
17648,ENSG00000204604
17649,ENSG00000225614
17650,ENSG00000197016
17651,ENSG00000196263
17652,ENSG00000142528
17653,ENSG00000164185
17654,ENSG00000185177
17655,ENSG00000180035
17656,ENSG00000198464
17657,ENSG00000173258
17658,ENSG00000127081
17659,ENSG00000198298
17660,ENSG00000256229
17661,ENSG00000243660
17662,ENSG00000265763
17663,ENSG00000188033
17664,ENSG00000177599
17665,ENSG00000229676
17666,ENSG00000196268
17667,ENSG00000174586
17668,ENSG00000103199
17669,ENSG00000196653
17670,ENSG00000165655
17671,ENSG00000226051
17672,ENSG00000237149
17673,ENSG00000081665
17674,ENSG00000168813
17675,ENSG00000081386
17676,ENSG00000198546
17677,ENSG00000243943
17678,ENSG00000196700
17679,ENSG00000163795
17680,ENSG00000144026
17681,ENSG00000101493
17682,ENSG00000197363
17683,ENSG00000177853
17684,ENSG00000178163
17685,ENSG00000175322
17686,ENSG00000198795
17687,ENSG00000171443
17688,ENSG00000203326
17689,ENSG00000167625
17690,ENSG00000189164
17691,ENSG00000167555
17692,ENSG00000186020
17693,ENSG00000233527
17694,ENSG00000183647
17695,ENSG00000074657
17696,ENSG00000198633
17697,ENSG00000198597
17698,ENSG00000171817
17699,ENSG00000118156
17700,ENSG00000178229
17701,ENSG00000198131
17702,ENSG00000187187
17703,ENSG00000152433
17704,ENSG00000188785
17705,ENSG00000121406
17706,ENSG00000251369
17707,ENSG00000204519
17708,ENSG00000178935
17709,ENSG00000172006
17710,ENSG00000186300
17711,ENSG00000172000
17712,ENSG00000130544
17713,ENSG00000167785
17714,ENSG00000188321
17715,ENSG00000270011
17716,ENSG00000198028
17717,ENSG00000171469
17718,ENSG00000171466
17719,ENSG00000188868
17720,ENSG00000249709
17721,ENSG00000196357
17722,ENSG00000186017
17723,ENSG00000189042
17724,ENSG00000198453
17725,ENSG00000196437
17726,ENSG00000171970
17727,ENSG00000171827
17728,ENSG00000180479
17729,ENSG00000267470
17730,ENSG00000180938
17731,ENSG00000105732
17732,ENSG00000176472
17733,ENSG00000124444
17734,ENSG00000161551
17735,ENSG00000258405
17736,ENSG00000218891
17737,ENSG00000213015
17738,ENSG00000171425
17739,ENSG00000018869
17740,ENSG00000198440
17741,ENSG00000171574
17742,ENSG00000196967
17743,ENSG00000245680
17744,ENSG00000083828
17745,ENSG00000198466
17746,ENSG00000269343
17747,ENSG00000164048
17748,ENSG00000166716
17749,ENSG00000142684
17750,ENSG00000180626
17751,ENSG00000272602
17752,ENSG00000172748
17753,ENSG00000167981
17754,ENSG00000153896
17755,ENSG00000189190
17756,ENSG00000196458
17757,ENSG00000166704
17758,ENSG00000198182
17759,ENSG00000168916
17760,ENSG00000180357
17761,ENSG00000167554
17762,ENSG00000213020
17763,ENSG00000176024
17764,ENSG00000142556
17765,ENSG00000197619
17766,ENSG00000204611
17767,ENSG00000157657
17768,ENSG00000177873
17769,ENSG00000177842
17770,ENSG00000172888
17771,ENSG00000173545
17772,ENSG00000183309
17773,ENSG00000197566
17774,ENSG00000257591
17775,ENSG00000188171
17776,ENSG00000198551
17777,ENSG00000197483
17778,ENSG00000102870
17779,ENSG00000221994
17780,ENSG00000075292
17781,ENSG00000121864
17782,ENSG00000167528
17783,ENSG00000122482
17784,ENSG00000167395
17785,ENSG00000179930
17786,ENSG00000198093
17787,ENSG00000268095
17788,ENSG00000198740
17789,ENSG00000161914
17790,ENSG00000175105
17791,ENSG00000197343
17792,ENSG00000274349
17793,ENSG00000182983
17794,ENSG00000179195
17795,ENSG00000197497
17796,ENSG00000198046
17797,ENSG00000166770
17798,ENSG00000167394
17799,ENSG00000188295
17800,ENSG00000277462
17801,ENSG00000135747
17802,ENSG00000083814
17803,ENSG00000171161
17804,ENSG00000251192
17805,ENSG00000230844
17806,ENSG00000197372
17807,ENSG00000197928
17808,ENSG00000181450
17809,ENSG00000197123
17810,ENSG00000173041
17811,ENSG00000196172
17812,ENSG00000197124
17813,ENSG00000176083
17814,ENSG00000117010
17815,ENSG00000143373
17816,ENSG00000229809
17817,ENSG00000156853
17818,ENSG00000198429
17819,ENSG00000164011
17820,ENSG00000171163
17821,ENSG00000197472
17822,ENSG00000185730
17823,ENSG00000143067
17824,ENSG00000196110
17825,ENSG00000147789
17826,ENSG00000187792
17827,ENSG00000196757
17828,ENSG00000167562
17829,ENSG00000183779
17830,ENSG00000164684
17831,ENSG00000196946
17832,ENSG00000120963
17833,ENSG00000181135
17834,ENSG00000182141
17835,ENSG00000242852
17836,ENSG00000197951
17837,ENSG00000140548
17838,ENSG00000147180
17839,ENSG00000178665
17840,ENSG00000160352
17841,ENSG00000182111
17842,ENSG00000227124
17843,ENSG00000250312
17844,ENSG00000182903
17845,ENSG00000213967
17846,ENSG00000214652
17847,ENSG00000269067
17848,ENSG00000196350
17849,ENSG00000183850
17850,ENSG00000186777
17851,ENSG00000234444
17852,ENSG00000237440
17853,ENSG00000172687
17854,ENSG00000185252
17855,ENSG00000139651
17856,ENSG00000181220
17857,ENSG00000169955
17858,ENSG00000186230
17859,ENSG00000141579
17860,ENSG00000162086
17861,ENSG00000186376
17862,ENSG00000065029
17863,ENSG00000160336
17864,ENSG00000197054
17865,ENSG00000169951
17866,ENSG00000196417
17867,ENSG00000196214
17868,ENSG00000169957
17869,ENSG00000175691
17870,ENSG00000198146
17871,ENSG00000179965
17872,ENSG00000197128
17873,ENSG00000152439
17874,ENSG00000196391
17875,ENSG00000196456
17876,ENSG00000152443
17877,ENSG00000196453
17878,ENSG00000170100
17879,ENSG00000196381
17880,ENSG00000196597
17881,ENSG00000204946
17882,ENSG00000179922
17883,ENSG00000197162
17884,ENSG00000197362
17885,ENSG00000142409
17886,ENSG00000198556
17887,ENSG00000196152
17888,ENSG00000197863
17889,ENSG00000267254
17890,ENSG00000173875
17891,ENSG00000180884
17892,ENSG00000188227
17893,ENSG00000266916
17894,ENSG00000196466
17895,ENSG00000278129
17896,ENSG00000174255
17897,ENSG00000048405
17898,ENSG00000170396
17899,ENSG00000182348
17900,ENSG00000204524
17901,ENSG00000198482
17902,ENSG00000197779
17903,ENSG00000198346
17904,ENSG00000204514
17905,ENSG00000180257
17906,ENSG00000221874
17907,ENSG00000102984
17908,ENSG00000197933
17909,ENSG00000151612
17910,ENSG00000185869
17911,ENSG00000167766
17912,ENSG00000198783
17913,ENSG00000124203
17914,ENSG00000127903
17915,ENSG00000196267
17916,ENSG00000152475
17917,ENSG00000022976
17918,ENSG00000198040
17919,ENSG00000197608
17920,ENSG00000176723
17921,ENSG00000223547
17922,ENSG00000213799
17923,ENSG00000196605
17924,ENSG00000105750
17925,ENSG00000267041
17926,ENSG00000236609
17927,ENSG00000197385
17928,ENSG00000106479
17929,ENSG00000261221
17930,ENSG00000257446
17931,ENSG00000234284
17932,ENSG00000221923
17933,ENSG00000228623
17934,ENSG00000213793
17935,ENSG00000214029
17936,ENSG00000213988
17937,ENSG00000167232
17938,ENSG00000146757
17939,ENSG00000184635
17940,ENSG00000197360
17941,ENSG00000213973
17942,ENSG00000124201
17943,ENSG00000106400
17944,ENSG00000174276
17945,ENSG00000273611
17946,ENSG00000117174
17947,ENSG00000186187
17948,ENSG00000180233
17949,ENSG00000183579
17950,ENSG00000177993
17951,ENSG00000105428
17952,ENSG00000149506
17953,ENSG00000188372
17954,ENSG00000042813
17955,ENSG00000186075
17956,ENSG00000170044
17957,ENSG00000109917
17958,ENSG00000019995
17959,ENSG00000132485
17960,ENSG00000121988
17961,ENSG00000169249
17962,ENSG00000152467
17963,ENSG00000130182
17964,ENSG00000158691
17965,ENSG00000196812
17966,ENSG00000269293
17967,ENSG00000121413
17968,ENSG00000176371
17969,ENSG00000121903
17970,ENSG00000166529
17971,ENSG00000182318
17972,ENSG00000187987
17973,ENSG00000197037
17974,ENSG00000197062
17975,ENSG00000140265
17976,ENSG00000186814
17977,ENSG00000235109
17978,ENSG00000140987
17979,ENSG00000180532
17980,ENSG00000131848
17981,ENSG00000197213
17982,ENSG00000137185
17983,ENSG00000168612
17984,ENSG00000163012
17985,ENSG00000132801
17986,ENSG00000132003
17987,ENSG00000162415
17988,ENSG00000130449
17989,ENSG00000214941
17990,ENSG00000214655
17991,ENSG00000086827
17992,ENSG00000174442
17993,ENSG00000122952
17994,ENSG00000198205
17995,ENSG00000198455
17996,ENSG00000070476
17997,ENSG00000203995
17998,ENSG00000162378
17999,ENSG00000159840
18000,ENSG00000074755
18001,ENSG00000036549
