,0
0,TSPAN6
1,TNMD
2,DPM1
3,SCYL3
4,FGR
5,CFH
6,FUCA2
7,GCLC
8,NFYA
9,STPG1
10,NIPAL3
11,LAS1L
12,ENPP4
13,SEMA3F
14,CFTR
15,ANKIB1
16,CYP51A1
17,KRIT1
18,RAD52
19,BAD
20,LAP3
21,CD99
22,HS3ST1
23,AOC1
24,WNT16
25,HECW1
26,MAD1L1
27,LASP1
28,SNX11
29,TMEM176A
30,M6PR
31,KLHL13
32,CYP26B1
33,ICA1
34,DBNDD1
35,ALS2
36,CASP10
37,CFLAR
38,TFPI
39,NDUFAF7
40,RBM5
41,MTMR7
42,SLC7A2
43,ARF5
44,SARM1
45,POLDIP2
46,PLXND1
47,AK2
48,CD38
49,FKBP4
50,KDM1A
51,RBM6
52,CAMKK1
53,RECQL
54,VPS50
55,HSPB6
56,ARHGAP33
57,NDUFAB1
58,PDK4
59,SLC22A16
60,ZMYND10
61,ABCB5
62,ARX
63,SLC25A13
64,ST7
65,CDC27
66,SLC4A1
67,CALCR
68,HCCS
69,DVL2
70,UPF1
71,SKAP2
72,SLC25A5
73,MCUB
74,HOXA11
75,POLR2J
76,DHX33
77,MEOX1
78,THSD7A
79,LIG3
80,RPAP3
81,ACSM3
82,REXO5
83,CIAPIN1
84,SPPL2B
85,COPZ2
86,PRKAR2B
87,MSL3
88,CREBBP
89,TSPOAP1
90,MPO
91,PON1
92,GCFC2
93,WDR54
94,CROT
95,ABCB4
96,KMT2E
97,RHBDD2
98,SOX8
99,IBTK
100,ZNF195
101,MYCBP2
102,FBXL3
103,ITGAL
104,PDK2
105,ITGA3
106,ZFX
107,LAMP2
108,ITGA2B
109,ASB4
110,GDE1
111,REX1BD
112,CRLF1
113,OSBPL7
114,TMEM98
115,MAP3K14
116,ABCC8
117,TMEM132A
118,AP2B1
119,TAC1
120,ZNF263
121,CX3CL1
122,SPATA20
123,CACNA1G
124,TNFRSF12A
125,DLX6
126,MAP3K9
127,RALA
128,BAIAP2L1
129,KDM7A
130,ETV1
131,AGK
132,ALDH3B1
133,TTC22
134,PHTF2
135,CCL26
136,FARP2
137,USH1C
138,GGCT
139,DBF4
140,TBXA2R
141,IFRD1
142,LGALS14
143,COX10
144,GTF2IRD1
145,PAF1
146,VPS41
147,ARHGAP44
148,ELAC2
149,SCIN
150,ARSD
151,PNPLA4
152,MYH13
153,CDKL3
154,UPP2
155,PRSS21
156,MARK4
157,PROM1
158,CCDC124
159,PAFAH1B1
160,NOS2
161,DNAH9
162,SLC13A2
163,GAS7
164,TRAPPC6A
165,MATK
166,CD79B
167,SCN4A
168,ST7L
169,TKTL1
170,PAX6
171,RPUSD1
172,RHBDF1
173,LUC7L
174,CACNA2D2
175,BAIAP3
176,TSR3
177,PIGQ
178,CRAMP1
179,TEAD3
180,SELE
181,DNAJC11
182,FMO3
183,MYLIP
184,NOX1
185,PSMB1
186,SYN1
187,JARID2
188,CDKL5
189,CAMK1G
190,CDK11A
191,NADK
192,TFAP2B
193,DLEC1
194,CYTH3
195,ADAM22
196,SYPL1
197,CYB561
198,SPAG9
199,CELSR3
200,AASS
201,PLEKHG6
202,SS18L2
203,MPND
204,MGST1
205,CRY1
206,PGLYRP1
207,NFIX
208,ST3GAL1
209,MMP25
210,IL32
211,PKD1
212,MAPK8IP2
213,MED24
214,RHOBTB2
215,HEATR5B
216,SEC62
217,RPS20
218,CSDE1
219,UBE3C
220,REV3L
221,TENM1
222,MASP2
223,IYD
224,FAM76A
225,TRAF3IP3
226,POMT2
227,VTA1
228,MLXIPL
229,BAZ1B
230,RANBP9
231,ETV7
232,SPRTN
233,METTL13
234,DYRK4
235,ZNF207
236,UQCRC1
237,STARD3NL
238,CD9
239,NCAPD2
240,IFFO1
241,GIPR
242,PHF7
243,SEMA3G
244,NISCH
245,STAB1
246,FUZ
247,SLC6A13
248,IDS
249,PRSS3
250,ZNF200
251,CD4
252,LRRC23
253,BTK
254,HFE
255,SCMH1
256,FYN
257,HIVEP2
258,FMO1
259,ELOA
260,LYPLA2
261,CLCN6
262,MRC2
263,NME1-NME2
264,SLC6A7
265,TSPAN9
266,APBA3
267,MKS1
268,ABHD5
269,ANOS1
270,AKAP8L
271,MBTD1
272,UTP18
273,RNF216
274,TTC19
275,PTBP1
276,DPF1
277,SYT7
278,LARS2
279,PIK3C2A
280,PLAUR
281,ANLN
282,WIZ
283,RABGAP1
284,DCN
285,QPCTL
286,PPP5C
287,CEP68
288,MAP4K3
289,ZBTB32
290,TYROBP
291,GABRA3
292,BRCA1
293,ERCC1
294,CD22
295,SEMA3B
296,MBTPS2
297,PRICKLE3
298,LTF
299,EXTL3
300,NR1H4
301,ELOVL5
302,KDM5D
303,CALCOCO1
304,UBR7
305,MAP4K5
306,EHD3
307,MAN2B2
308,SLC7A14
309,CLDN11
310,SLC25A39
311,MVP
312,NUB1
313,PGM3
314,RWDD2A
315,CLK1
316,POLR3B
317,ANGEL1
318,RNF14
319,DNASE1L1
320,DDX11
321,HEBP1
322,GPRC5A
323,MAMLD1
324,CD6
325,TACC3
326,UFL1
327,POLA2
328,ZC3H3
329,CAPN1
330,MDH1
331,SLC30A9
332,MTMR11
333,COX15
334,CCDC88C
335,YAF2
336,ZMYND11
337,WAS
338,DPEP1
339,BID
340,MATR3
341,NPC1L1
342,XYLT2
343,RGPD5
344,NUDCD3
345,ISL1
346,CHDH
347,IL20RA
348,CLCA1
349,CLCA4
350,GLT8D1
351,ATP2C1
352,IGF1
353,SLC38A5
354,RALBP1
355,RUFY3
356,CNTN1
357,SLC11A1
358,WWTR1
359,AGPS
360,ATP1A2
361,TTC27
362,ZNF582
363,VSIG2
364,PHLDB1
365,MARCO
366,CYP24A1
367,PRDM11
368,SYT13
369,SNAI2
370,CD74
371,HGF
372,ZRANB1
373,NCDN
374,ADGRA2
375,ZFP64
376,MNAT1
377,SAMD4A
378,RUNX3
379,MRE11
380,PLEKHB1
381,SERPINB1
382,CYP3A43
383,SLC7A9
384,SPAST
385,NRXN3
386,OSBPL5
387,AQR
388,CPS1
389,C8B
390,FHL1
391,RTF2
392,GABRA1
393,NLRP2
394,SLC45A4
395,RNF10
396,ZNF839
397,ZDHHC6
398,GRAMD1B
399,RNH1
400,NDUFS1
401,RB1CC1
402,ERP44
403,ALAS1
404,BIRC3
405,AKAP11
406,GLRX2
407,SNAPC1
408,DERA
409,STRAP
410,ABCC2
411,DEF6
412,PLEKHO1
413,GCLM
414,UBR2
415,EHD2
416,DEPDC1
417,CCDC28A
418,RRAGD
419,HSF2
420,PHF20
421,HSD17B6
422,NR1H3
423,TYMP
424,NCAPH2
425,TOMM34
426,SEC63
427,KPNA6
428,VIM
429,RTEL1-TNFRSF6B
430,FAS
431,RNASET2
432,CD44
433,KCNG1
434,AGPAT4
435,SLAMF7
436,BTN3A1
437,MIPEP
438,PRKCH
439,INSRR
440,IFNGR1
441,B4GALT7
442,SH2D2A
443,VRK2
444,TNFRSF1B
445,VEZT
446,POU2F2
447,BRD9
448,SNX1
449,TBPL1
450,BCLAF1
451,SLC39A9
452,ANK1
453,IBSP
454,TFB1M
455,RABEP1
456,HMGB3
457,NUP160
458,BAK1
459,MUSK
460,IKZF2
461,GRN
462,FAM13B
463,ARHGAP31
464,CENPQ
465,RANBP3
466,ARID4A
467,EIPR1
468,PNPLA6
469,IFT88
470,ALG1
471,ZCCHC8
472,ABCF2
473,CHPF2
474,LRRC7
475,FUT8
476,UBA6
477,GAB2
478,ATP6V0A1
479,PIAS1
480,SLC4A7
481,APBA2
482,MAP2K3
483,TMSB10
484,ASTE1
485,RNF19A
486,PEX3
487,GABARAPL2
488,MYOC
489,SH3YL1
490,FAM136A
491,VCL
492,DEPDC1B
493,DAPK2
494,NSMAF
495,STAP1
496,TIMP2
497,RFC1
498,TBC1D23
499,CUL3
500,MYOM2
501,OTC
502,CYP46A1
503,SLC18A1
504,USP2
505,CASR
506,TUBG2
507,RPL26L1
508,FLT4
509,NSUN2
510,MFAP3
511,MRI1
512,METTL1
513,HOXC8
514,AGA
515,PI4K2B
516,BOD1L1
517,MAT2B
518,TLL1
519,EDC4
520,TRIO
521,VCAN
522,CLEC16A
523,MSR1
524,CDH1
525,MTREX
526,DNAH5
527,ZFYVE16
528,RIPOR1
529,C6
530,RAI14
531,SOX30
532,PNKP
533,BEST2
534,PHLPP2
535,SPDL1
536,STAU2
537,CTNS
538,RTN4R
539,PHF23
540,CDH10
541,INPP4A
542,RAB27B
543,PSMA4
544,MYO16
545,LSG1
546,PARP3
547,TNC
548,THAP3
549,RIPOR3
550,TDP1
551,AIFM2
552,SPATA7
553,MED17
554,RETSAT
555,CAPG
556,AP2S1
557,USH2A
558,ZPBP
559,TG
560,ADAM28
561,BARX2
562,DCUN1D1
563,JADE2
564,ZIC2
565,LCP2
566,TRIT1
567,ADRB1
568,GUCA2B
569,CUL7
570,CTNNA1
571,PHKA2
572,CNTLN
573,EPHA3
574,HSPA5
575,DSG2
576,GEMIN8
577,OFD1
578,GPM6B
579,MAGEC2
580,PREX2
581,WDR37
582,YTHDC2
583,CTPS2
584,ATP6V1H
585,POLR2B
586,ARAP2
587,TPR
588,CP
589,DTNBP1
590,XK
591,ANO2
592,SCML1
593,WWC3
594,ARHGAP6
595,FAM184B
596,MAP4
597,GOPC
598,ROS1
599,USP28
600,HDAC9
601,TSPAN17
602,NOP16
603,CC2D2A
604,RRM2B
605,ZNF800
606,TNFRSF17
607,SNX29
608,LMO3
609,MRPS10
610,GUCA1A
611,RSF1
612,VPS13D
613,CELF2
614,FAM120A
615,R3HDM1
616,COL9A2
617,KITLG
618,ERCC8
619,ADAMTS6
620,H6PD
621,VAMP3
622,PER3
623,UTS2
624,TNFRSF9
625,EPN3
626,LTBP1
627,RCN1
628,ELN
629,RFC2
630,ARID1B
631,CLPTM1L
632,NEDD4L
633,FOXP3
634,PPP1R3F
635,HEXB
636,PTCD2
637,NEXMIF
638,JKAMP
639,DKK3
640,ARHGEF5
641,NFE2L3
642,MCUR1
643,LIMA1
644,LETMD1
645,SLC4A8
646,LAMC3
647,PTGER3
648,TNIP3
649,MAPK9
650,COL23A1
651,BCAR1
652,HERPUD1
653,HOMER3
654,RAD51
655,POLQ
656,PIK3CB
657,CYBA
658,THOC3
659,HEBP2
660,MPHOSPH9
661,PLEKHA5
662,PRSS8
663,SIKE1
664,RRP12
665,FNIP2
666,MSMO1
667,TTC17
668,ALX4
669,FSTL4
670,FOXN3
671,METTL24
672,AKR7A2
673,MRTO4
674,NNAT
675,USE1
676,MCF2L2
677,NRIP2
678,LAMA3
679,AP5M1
680,ANAPC4
681,KCNQ1
682,TRAPPC3
683,THRAP3
684,PHPT1
685,ENTPD2
686,LY75
687,ARID4B
688,OPN3
689,PTPRN
690,HHAT
691,KIF1B
692,FOXC1
693,TBC1D22A
694,SYNE2
695,PLEKHH1
696,ATP9A
697,SPO11
698,CBLN4
699,CHRDL2
700,FAM168A
701,RELT
702,GALC
703,NOP58
704,KCNH2
705,CUL1
706,FAM114A2
707,CYFIP2
708,TAB2
709,GINM1
710,EIF2AK2
711,USP36
712,KMT2C
713,MCOLN3
714,CCDC85A
715,PUM2
716,MRPL43
717,ITIH4
718,ITIH1
719,HPF1
720,ZFR
721,ZNF280C
722,NPFFR2
723,PHF21B
724,TRAF1
725,RC3H2
726,IL17RB
727,TRAF3IP2
728,GYG2
729,DCBLD2
730,SERPINB3
731,SOAT1
732,PKP2
733,MSH4
734,F7
735,GDI2
736,PRDM1
737,ATG5
738,TMCC3
739,PITHD1
740,MTA3
741,USP13
742,ATP11B
743,LAMC2
744,CDK14
745,SEC61A1
746,PPP1R12A
747,RASGRF1
748,CAMK2B
749,CROCC
750,POLR3E
751,ATP2B4
752,ZC3H11A
753,RIOK2
754,YIPF1
755,NDC1
756,DGKG
757,FLYWCH1
758,UNKL
759,TBXAS1
760,PARP12
761,ALDH18A1
762,TARBP1
763,GATB
764,MXD1
765,CDK17
766,DNAJC25
767,SLC2A3
768,PSD
769,CTDP1
770,YBX3
771,STYK1
772,WNK1
773,CCAR1
774,OGFR
775,GNA15
776,CREB3L3
777,PIGV
778,PTPRU
779,SNRNP40
780,RIMBP2
781,COL11A1
782,QSER1
783,MPC1
784,ACAA1
785,BCAT1
786,HDAC7
787,LZTS1
788,PRDM6
789,SPAG4
790,NCKAP1
791,MRPS35
792,GUCY1B1
793,SFSWAP
794,TNK2
795,MON2
796,CDH3
797,ARSF
798,GPBP1
799,DGAT2
800,ZNF112
801,CS
802,LTK
803,MRPS24
804,ELMO2
805,WAPL
806,VMP1
807,APPBP2
808,POLD1
809,SEZ6
810,EIF4B
811,SLC6A16
812,BICRA
813,SPHK2
814,RPL18
815,CA11
816,ISOC2
817,U2AF2
818,EPN1
819,MED29
820,AHRR
821,ZNF275
822,MTMR1
823,GPC1
824,ADCK1
825,HAGH
826,RNF4
827,CASP8
828,LIMCH1
829,INTS13
830,TM7SF3
831,DLX3
832,SPA17
833,TSPAN32
834,DMRT3
835,ST3GAL6
836,ATP2C2
837,NGFR
838,CDON
839,TAF2
840,HIPK2
841,TNPO3
842,RFXANK
843,TMEM161A
844,LPAR2
845,CTSA
846,SUGP2
847,SLC12A2
848,SNX24
849,EYA2
850,CNN2
851,ABCA7
852,SNCAIP
853,DDX20
854,BTBD1
855,FAR2
856,BCAS1
857,CHI3L2
858,SBNO2
859,PMS1
860,HMG20B
861,CALCRL
862,TAF11
863,ANKS1A
864,AP3D1
865,ZNF76
866,NTHL1
867,GNAI3
868,IPO5
869,OAT
870,WDR3
871,PKN2
872,WDR18
873,TRAM2
874,NTN1
875,GLP2R
876,MCM10
877,DGKA
878,ERBB3
879,ROPN1
880,ANKRD44
881,ADAT1
882,PDIA5
883,TBC1D22B
884,NDUFB4
885,SPEN
886,MYLK
887,ZC3H15
888,MAP2K4
889,SNAP91
890,SLK
891,CYB5R4
892,COL17A1
893,GSTO2
894,SEC61A2
895,PRKCQ
896,TLE2
897,ASB1
898,FAM107B
899,ME1
900,TBC1D1
901,CDK13
902,MTHFD2
903,SLC9A7
904,FOXJ2
905,YBX1
906,PDE4A
907,PPP2R5A
908,CTNNA2
909,ELAVL1
910,TIE1
911,DIP2B
912,SMARCD1
913,KDM4A
914,NFYC
915,ZMYND12
916,SLC9A3
917,NGEF
918,ASPM
919,CD84
920,ELOVL1
921,SPI1
922,MPPED2
923,CLDN18
924,ZBTB11
925,ATXN3
926,GOLGA5
927,FGFR2
928,LRRC40
929,ISOC1
930,EML1
931,TRMT11
932,THUMPD1
933,MSANTD3
934,KIF26A
935,ATG2B
936,ARFGEF1
937,ACSM2B
938,ZFAT
939,MTFR1
940,STAG3
941,FECH
942,MYO9A
943,DDX3Y
944,PFKP
945,IDI1
946,SP100
947,KLF6
948,PLPP1
949,NEO1
950,TRAM1
951,PHKA1
952,TNFRSF1A
953,CACNB1
954,EVI5
955,STOML1
956,PKM
957,DHX29
958,DNTTIP2
959,METTL22
960,TP53BP1
961,TRO
962,RRP15
963,RHOA
964,DHX8
965,PRKCZ
966,ZFY
967,IARS2
968,SYT1
969,NAV3
970,IDH3G
971,ROGDI
972,PDZD4
973,ATP2B3
974,ROCK1
975,CBFB
976,PDK3
977,HYAL2
978,HDAC4
979,RASSF1
980,FGFR3
981,IFI35
982,HEATR6
983,COASY
984,PLEKHH3
985,MEF2A
986,OTUD5
987,TFE3
988,TBC1D25
989,ACSL4
990,INPP5A
991,GPKOW
992,FTSJ1
993,PRR11
994,REEP1
995,ATP11A
996,POLR1A
997,LAPTM4A
998,TTC7A
999,IP6K2
1000,STON1-GTF2A1L
1001,SRBD1
1002,KIF2A
1003,RASGRP2
1004,PSME4
1005,IFT80
1006,SIRT2
1007,ERLEC1
1008,PPP2R5B
1009,PYGM
1010,PAGE1
1011,PITX1
1012,MAST4
1013,ADGRF5
1014,SDK2
1015,NUP133
1016,NUCKS1
1017,VPS35
1018,DNAJA2
1019,BCL3
1020,KCNAB2
1021,ABCC9
1022,GAL
1023,CLEC2D
1024,FUNDC1
1025,MAOB
1026,RORA
1027,DRD4
1028,TGFBR3
1029,HES2
1030,ATP1B3
1031,NEDD4
1032,PIGB
1033,MAPK6
1034,GNB5
1035,RAB27A
1036,HDHD5
1037,UFD1
1038,LRP6
1039,GUCY2C
1040,ELP1
1041,NUCB2
1042,PFN2
1043,PTPN3
1044,SPTB
1045,DAPP1
1046,FGF10
1047,SLC44A1
1048,TMEM260
1049,SMG6
1050,EXOC5
1051,CLTCL1
1052,FGF22
1053,FSTL3
1054,DGCR2
1055,RNF126
1056,MNT
1057,ZXDC
1058,JMJD6
1059,POLB
1060,ST6GALNAC1
1061,WIPI1
1062,FRMPD1
1063,GBA2
1064,NDST1
1065,ASNS
1066,AP3M2
1067,CNGB1
1068,ST6GALNAC2
1069,CHAT
1070,PABPC1
1071,TESK2
1072,CFAP20
1073,CSNK2A2
1074,PTPN21
1075,EIF2B3
1076,CAMK2A
1077,TCOF1
1078,CDC42
1079,OSBPL3
1080,EPHA8
1081,SLC12A3
1082,RAD18
1083,ATP2B1
1084,TRPM5
1085,NCK2
1086,MAP4K4
1087,MGAT4A
1088,RPL31
1089,WDR1
1090,SNX13
1091,MS4A12
1092,ARHGAP10
1093,RPS6KA2
1094,ING3
1095,VASH1
1096,LMCD1
1097,BUD23
1098,SEL1L
1099,TRIP13
1100,ATP6AP1
1101,TCF3
1102,TRIB2
1103,DAZAP1
1104,MBD3
1105,PRLH
1106,HLTF
1107,FAM50A
1108,FAM3A
1109,MYO3B
1110,CYBRD1
1111,CDH19
1112,PDCD2
1113,SLC6A15
1114,RDH11
1115,ADGRL1
1116,ACTN1
1117,ZFYVE26
1118,RPS6KA6
1119,EPN2
1120,PTPN18
1121,LIMS2
1122,ASIC4
1123,SPEG
1124,LNX1
1125,ALDH3A2
1126,TFRC
1127,SREBF1
1128,TRPC5
1129,AFF4
1130,UBE2D1
1131,RHOBTB1
1132,SMC1A
1133,HSD17B10
1134,MARK2
1135,HMMR
1136,CHFR
1137,TRHDE
1138,P4HA2
1139,FCGR2B
1140,NFATC3
1141,TRNT1
1142,ACADVL
1143,STK10
1144,FBXW11
1145,ACAP1
1146,CRMP1
1147,EVC
1148,DERL2
1149,SIDT1
1150,TMEM38A
1151,AP1M1
1152,PVR
1153,XRCC1
1154,SCARB1
1155,CYP2W1
1156,MCM2
1157,MOV10L1
1158,PANX2
1159,SELENOO
1160,TP63
1161,ALPK1
1162,LLGL2
1163,PDE8A
1164,CLCN4
1165,NLE1
1166,SDHA
1167,SMARCE1
1168,GSDMB
1169,KDM5A
1170,ADAM11
1171,PPP2R3A
1172,FERMT2
1173,DHRS9
1174,CD5L
1175,PTGS2
1176,IGF2BP2
1177,MAP3K13
1178,ST6GAL1
1179,TBX21
1180,FRY
1181,PICALM
1182,GLI2
1183,CLASP1
1184,MRPS34
1185,NOTCH3
1186,CLNS1A
1187,PPP2R2C
1188,TEAD2
1189,EED
1190,CDHR2
1191,SNCB
1192,TSG101
1193,NCBP3
1194,ATP2A3
1195,CA12
1196,MGLL
1197,NTN4
1198,BCS1L
1199,NUAK1
1200,DPP8
1201,SLC24A1
1202,ZNF532
1203,SCARF1
1204,LMAN1
1205,HACD3
1206,IPCEF1
1207,ZZEF1
1208,NOX3
1209,ENO1
1210,SLC12A1
1211,MYDGF
1212,ANO8
1213,TUBE1
1214,ARHGEF10L
1215,TXK
1216,WSCD2
1217,TACR2
1218,ACTR6
1219,TIPIN
1220,SRI
1221,EIF4G3
1222,NUP37
1223,SEMA3A
1224,GTSE1
1225,SEMA3C
1226,TTC38
1227,ACAT1
1228,GRAMD4
1229,CELSR1
1230,ZNF638
1231,SLC25A40
1232,TIMM21
1233,ADD2
1234,FGF4
1235,RASAL2
1236,VPS9D1
1237,ZNF37A
1238,MARK3
1239,SLC25A3
1240,FNDC3B
1241,FOSL2
1242,CACNG4
1243,FRYL
1244,TMEM131
1245,FSCN1
1246,ACTB
1247,MOCOS
1248,PLD1
1249,ATP12A
1250,WDR62
1251,DLG1
1252,RAB7A
1253,BCAP29
1254,SEC31B
1255,SART3
1256,ARHGAP15
1257,TUBA3D
1258,PAX2
1259,EXOSC7
1260,KIFAP3
1261,MKRN2
1262,MCM6
1263,REXO2
1264,RBM7
1265,RBMS2
1266,BAZ2A
1267,PTPN23
1268,MLH1
1269,UNG
1270,FMO4
1271,KLHL20
1272,RGS11
1273,SLC46A1
1274,PLXNA2
1275,SPAG5
1276,ANKRD13A
1277,TPD52
1278,ACACB
1279,TRAF4
1280,PAG1
1281,GPATCH1
1282,ICAM3
1283,NT5C2
1284,MCAM
1285,GPC4
1286,MBNL3
1287,CAMSAP3
1288,RAP1GAP
1289,XAB2
1290,ARHGEF1
1291,STXBP2
1292,MAP2K7
1293,NMRK2
1294,DGKD
1295,CTTNBP2
1296,ACTL6B
1297,RARB
1298,TOP2B
1299,TM9SF3
1300,NFKB2
1301,UBE2T
1302,PPP1R12B
1303,DNAJC10
1304,GTF3C1
1305,IL4R
1306,USP33
1307,PAK3
1308,CAPN6
1309,DCX
1310,SNRPA
1311,SPAG6
1312,EXOSC5
1313,APBB1IP
1314,LRCH4
1315,FAM76B
1316,SIRT6
1317,POLD3
1318,ACTN2
1319,CAPZB
1320,GPR137B
1321,JADE1
1322,SLC25A43
1323,UBE2A
1324,FGFR1
1325,FKBP6
1326,SMC1B
1327,FBLN1
1328,ITGA8
1329,CST7
1330,MAP2
1331,PIAS2
1332,AMPH
1333,ARAF
1334,MCCC1
1335,LAMP3
1336,FAP
1337,NEBL
1338,ACER3
1339,UBE2K
1340,PIK3C3
1341,N4BP2
1342,TIGAR
1343,TULP3
1344,SYNJ2
1345,ADCY2
1346,PPP2R5C
1347,RBFOX1
1348,GNB1
1349,HOXA9
1350,EDN1
1351,MLLT10
1352,ZCWPW1
1353,ADCYAP1R1
1354,FGF20
1355,P2RY10
1356,ITM2A
1357,NRDC
1358,VDAC3
1359,PCM1
1360,TNRC6C
1361,CBFA2T2
1362,BRINP1
1363,ITCH
1364,PKD2L2
1365,TP53INP2
1366,SDF4
1367,MYH7B
1368,BPIFB2
1369,TP73
1370,TOLLIP
1371,UBE2D4
1372,CLUL1
1373,RUNX1T1
1374,CDH17
1375,THOC1
1376,FKBP7
1377,OSBPL6
1378,SLC1A3
1379,XRCC5
1380,LXN
1381,SP140
1382,MKNK1
1383,TNS1
1384,REXO1
1385,SAR1A
1386,CDC14A
1387,RAPGEF3
1388,CEACAM1
1389,SENP1
1390,CIC
1391,LIPE
1392,FDFT1
1393,PAFAH1B3
1394,OPHN1
1395,AFM
1396,KIF22
1397,SCGN
1398,CARMIL1
1399,PGM1
1400,DDX1
1401,DNM2
1402,EPB41L2
1403,RIMS1
1404,MOXD1
1405,STX7
1406,RABL2B
1407,KEAP1
1408,DDX43
1409,PTPRH
1410,DCT
1411,CRYBG3
1412,EPHA6
1413,SCTR
1414,RFX3
1415,RIF1
1416,RAB21
1417,SLC4A4
1418,SMARCA2
1419,RDH8
1420,SESN1
1421,MID2
1422,COL5A3
1423,SRCAP
1424,PUM3
1425,CHRNA3
1426,KCNN2
1427,CNOT4
1428,PSEN1
1429,CPOX
1430,CLDND1
1431,MOK
1432,HSP90AA1
1433,RBL1
1434,DLGAP4
1435,IGSF9B
1436,NDC80
1437,AP4E1
1438,RSBN1
1439,MAGI3
1440,CXCL2
1441,AFP
1442,COL4A4
1443,TCF7
1444,OSTM1
1445,CDH7
1446,IMPG2
1447,PCNP
1448,EXD2
1449,ARG2
1450,MEF2C
1451,CACNA1S
1452,PKP1
1453,UBA5
1454,STK17B
1455,CDC14B
1456,ZNF510
1457,LRP2
1458,ZNF506
1459,JMJD4
1460,DUSP12
1461,AACS
1462,DELE1
1463,CADPS2
1464,PCDHGA2
1465,PHLPP1
1466,ATP8B1
1467,IL12RB2
1468,SMARCD3
1469,WDR70
1470,FYB1
1471,MPP4
1472,STRADB
1473,BZW1
1474,PGR
1475,C1QTNF3
1476,ME2
1477,C5orf22
1478,CCNT2
1479,FAM135A
1480,COL19A1
1481,EPB41L3
1482,COBLL1
1483,DLG3
1484,KCNK2
1485,SERTAD4
1486,TRAF5
1487,MRPL22
1488,GEMIN5
1489,NFE2L1
1490,SEMA5B
1491,GSK3B
1492,ITGB5
1493,ERC1
1494,XPO1
1495,RNF13
1496,TRPM3
1497,PALB2
1498,LYRM2
1499,BCKDHB
1500,KAT6A
1501,TUT7
1502,ULK2
1503,GRHL2
1504,TNPO1
1505,PLOD1
1506,P2RX5
1507,ITGAE
1508,DIS3
1509,PIBF1
1510,TDRD3
1511,NUFIP1
1512,PDS5B
1513,OXCT1
1514,RRAGB
1515,EPYC
1516,CYLD
1517,SLC27A5
1518,ZNF324
1519,ZNF671
1520,ZNF416
1521,ZNF586
1522,ZNF446
1523,ZNF264
1524,RPS5
1525,FAT1
1526,CHMP2B
1527,SMAP2
1528,PPIE
1529,ZMPSTE24
1530,STARD7
1531,NOA1
1532,REST
1533,HAL
1534,SSH1
1535,GSTP1
1536,APLP2
1537,FAM234B
1538,SLCO1A2
1539,WBP11
1540,EIF3I
1541,NKAIN1
1542,COL16A1
1543,TXLNA
1544,NCOA1
1545,AGBL5
1546,EFR3B
1547,KIF3C
1548,RAB10
1549,GCKR
1550,HADHA
1551,MAPRE3
1552,CAD
1553,CD59
1554,CD82
1555,BCORL1
1556,ATRX
1557,FCN1
1558,MYNN
1559,MECOM
1560,SCAMP1
1561,PREP
1562,HACE1
1563,SEH1L
1564,WDR47
1565,WDFY1
1566,OVGP1
1567,SLC25A24
1568,MAP3K4
1569,PILRA
1570,IGSF9
1571,ABCB1
1572,ZNF213
1573,AKR1B1
1574,CPNE3
1575,RRN3
1576,CTTN
1577,WNT11
1578,MTIF2
1579,DDHD2
1580,TTC39A
1581,EPS15
1582,ORC1
1583,MGST2
1584,CHERP
1585,USP40
1586,POMGNT1
1587,RAD54L
1588,MAST2
1589,DNAJA1
1590,B4GALT1
1591,CHMP5
1592,NFX1
1593,AQP6
1594,DIMT1
1595,IPO11
1596,FOLH1
1597,EIF2AK1
1598,NME8
1599,EPDR1
1600,SNX10
1601,SEPHS1
1602,MRPL28
1603,HBQ1
1604,ITPKC
1605,CEACAM6
1606,FAT2
1607,RBM22
1608,TMED2
1609,ERO1B
1610,ZFAND6
1611,HSD17B2
1612,TXLNG
1613,PPEF1
1614,LAT2
1615,HUWE1
1616,ZW10
1617,ALG9
1618,MYBPC2
1619,NOX4
1620,ACOX3
1621,MTMR2
1622,PPP1R15A
1623,HSD17B14
1624,TRIP6
1625,ACHE
1626,FTL
1627,SRRT
1628,BAX
1629,NLK
1630,PIGS
1631,ADAMTS2
1632,ATXN7L3
1633,PGS1
1634,PSMC5
1635,UIMC1
1636,CETP
1637,MMP2
1638,MT3
1639,LPCAT2
1640,GNAO1
1641,OGFOD1
1642,SH3BP2
1643,NOP14
1644,ADD1
1645,L2HGDH
1646,TXNDC16
1647,RTRAF
1648,NID2
1649,GMCL1
1650,SF3B2
1651,KLHL42
1652,GNAS
1653,DNM1L
1654,PTHLH
1655,PHACTR3
1656,ERGIC2
1657,TFAP2C
1658,AURKA
1659,CASS4
1660,PIR
1661,AAMDC
1662,RFX2
1663,METTL2A
1664,SULT2B1
1665,ALG6
1666,PTPN4
1667,DDX18
1668,KHSRP
1669,GNA11
1670,EDEM2
1671,DNMT3B
1672,REM1
1673,TPX2
1674,PDRG1
1675,EPB41L1
1676,SLC15A1
1677,DOCK9
1678,ANKRD10
1679,TGDS
1680,DOCK3
1681,C3orf18
1682,COQ9
1683,TMEM40
1684,KIF9
1685,ARHGAP28
1686,CRLS1
1687,PPP1R13B
1688,ATRN
1689,SMOX
1690,SIGLEC1
1691,FKBP1A
1692,NSFL1C
1693,SLC4A11
1694,ZNF343
1695,EBF4
1696,CPXM1
1697,MAVS
1698,LZTS3
1699,F11
1700,XRN2
1701,KIZ
1702,DYNLL1
1703,TESC
1704,SNX5
1705,RPL6
1706,SIRPG
1707,MAPKAPK5
1708,P2RX7
1709,ESF1
1710,RBBP9
1711,ANAPC5
1712,SLC23A2
1713,SLC8B1
1714,TMEM230
1715,DZANK1
1716,KDM2B
1717,CFAP61
1718,LHX5
1719,TASP1
1720,OAS1
1721,GCN1
1722,RPLP0
1723,PXN
1724,SIRT4
1725,RPH3A
1726,KIF16B
1727,TRMT6
1728,CHGB
1729,PEBP1
1730,TBX5
1731,BRAP
1732,ERP29
1733,NOS1
1734,FUS
1735,IGBP1
1736,FXYD5
1737,ZNF302
1738,GRAMD1A
1739,FXYD3
1740,HEPH
1741,CDIP1
1742,CMTM1
1743,KCNH4
1744,GANAB
1745,GMIP
1746,RBM41
1747,BIRC5
1748,LAG3
1749,MLF2
1750,OTUB2
1751,DDX24
1752,ZBTB25
1753,NECAP1
1754,ARHGAP4
1755,ANKRD24
1756,DHX32
1757,RCOR1
1758,GPATCH2L
1759,LTBP4
1760,BLVRB
1761,SLC9A1
1762,SPTLC1
1763,PAPOLA
1764,CCNK
1765,PCBP4
1766,RGS1
1767,YPEL3
1768,MRPS33
1769,NDUFB2
1770,NUDC
1771,MAEA
1772,ICAM1
1773,STRN4
1774,IRAK3
1775,LYZ
1776,SI
1777,MUL1
1778,TFAP4
1779,PDCD7
1780,SPG21
1781,DNAJB11
1782,P3H2
1783,THPO
1784,CHRD
1785,FLT3LG
1786,GNPTG
1787,ZNF268
1788,GOLGA3
1789,PABPC4
1790,CD209
1791,CERS4
1792,MCOLN1
1793,USP48
1794,EFNB1
1795,PDPR
1796,GLG1
1797,KIF4A
1798,TNRC6A
1799,PLEKHG2
1800,DLL3
1801,NAT14
1802,PITPNM2
1803,EXOC1
1804,RBM27
1805,POU4F3
1806,OSBPL8
1807,NLRC4
1808,PUS7
1809,LAMB4
1810,NRCAM
1811,LAMB1
1812,SLC26A4
1813,SLC26A3
1814,DLD
1815,WDR7
1816,TXNL1
1817,IL5RA
1818,ABCC6
1819,CMTM6
1820,ITGA6
1821,RAPGEF4
1822,MAP3K20
1823,SMPX
1824,FH
1825,SEL1L3
1826,TF
1827,CDV3
1828,MYO15A
1829,ALKBH5
1830,APOH
1831,NLRP1
1832,PITPNM3
1833,SPAG7
1834,ORC6
1835,ZFHX4
1836,CPA1
1837,ZC3HC1
1838,ESR1
1839,RGS17
1840,ANGPT2
1841,TMEM101
1842,CD200
1843,CCDC80
1844,CMA1
1845,PPP2R3C
1846,HAUS4
1847,JPH4
1848,MYH7
1849,CEBPE
1850,SLC7A8
1851,SLC22A17
1852,RNF31
1853,SCFD1
1854,G2E3
1855,HECTD1
1856,HNRNPC
1857,RPGRIP1
1858,SUPT16H
1859,TOX4
1860,GEMIN2
1861,DAZL
1862,TBL1Y
1863,SEMA6A
1864,TRPM7
1865,TYRO3
1866,WDR76
1867,CAPN3
1868,SNAP23
1869,TBX15
1870,PHGDH
1871,COL9A3
1872,EZR
1873,MYL6
1874,AGO1
1875,TEKT2
1876,CLSPN
1877,RFFL
1878,UNC13D
1879,MFSD11
1880,DPYSL2
1881,TGFB2
1882,GPATCH2
1883,NUP50
1884,CDC45
1885,COMT
1886,ADA2
1887,ECHDC1
1888,LRRFIP2
1889,SEC22C
1890,XYLB
1891,HDAC6
1892,OR1I1
1893,GABRP
1894,CDC6
1895,UPRT
1896,CDC23
1897,CBX5
1898,FMO2
1899,SUCO
1900,MSH2
1901,MAP3K1
1902,DHPS
1903,HOOK2
1904,NXPE1
1905,ARCN1
1906,EPB41L4B
1907,TMEM38B
1908,PSMD5
1909,PTGS1
1910,NUP188
1911,CRAT
1912,SH2D3C
1913,NANS
1914,TBC1D2
1915,WHRN
1916,CWF19L1
1917,SEMA4G
1918,BTAF1
1919,IKZF5
1920,BLNK
1921,TLL2
1922,CYP26A1
1923,TDRD1
1924,SORBS1
1925,CRTAC1
1926,BAMBI
1927,IL11
1928,MYO3A
1929,WAC
1930,CREM
1931,NUBP2
1932,TPSD1
1933,SMIM24
1934,HIVEP1
1935,TREM2
1936,KCNK16
1937,CRISP3
1938,FKBP5
1939,SRPK1
1940,BRPF3
1941,MRPS18A
1942,PGC
1943,TMEM14A
1944,EFHC1
1945,NCR2
1946,HSP90AB1
1947,MLN
1948,CDC5L
1949,ITPR3
1950,ZNF184
1951,DSP
1952,SIRT1
1953,HNRNPH3
1954,IFT74
1955,JAK2
1956,IL12RB1
1957,ABL1
1958,ACOT7
1959,SH3GLB1
1960,CDC7
1961,SYDE2
1962,PCSK5
1963,SCD
1964,TMED1
1965,ABLIM1
1966,ERMP1
1967,RAB18
1968,NRP1
1969,PRTFDC1
1970,PALMD
1971,TSPAN15
1972,WASHC2A
1973,MAST3
1974,MZF1
1975,OCEL1
1976,MYO9B
1977,KCNK6
1978,CATSPERG
1979,PSMD8
1980,FBXL19
1981,STX1B
1982,HSD3B7
1983,SETD1A
1984,BCL7C
1985,MAGEB2
1986,EFNA2
1987,CIRBP
1988,ATP5F1D
1989,CBARP
1990,PCDH11Y
1991,IGFALS
1992,HNRNPM
1993,NDUFB7
1994,TECR
1995,TIMM13
1996,CDC34
1997,MTAP
1998,MISP
1999,CEP170B
2000,POLR2E
2001,POLRMT
2002,HCN2
2003,IZUMO4
2004,RASSF7
2005,GADD45B
2006,PALM
2007,MADCAM1
2008,IGF2-AS
2009,MKNK2
2010,ARVCF
2011,TRMT2A
2012,RANBP1
2013,ZDHHC8
2014,KLHL22
2015,MED15
2016,SERPIND1
2017,SNAP29
2018,CRKL
2019,LZTR1
2020,MMP11
2021,CECR2
2022,SMARCB1
2023,P2RX6
2024,DERL3
2025,SLC7A4
2026,BCL2L13
2027,DDTL
2028,OSM
2029,CABIN1
2030,TBC1D10A
2031,SUSD2
2032,SF3A1
2033,GGT5
2034,RNF215
2035,SEC14L2
2036,SEC14L3
2037,SPECC1L
2038,PPIL2
2039,UPB1
2040,YPEL1
2041,SNRPD3
2042,PES1
2043,MAPK1
2044,GGT1
2045,PRODH
2046,PPM1F
2047,SLC35E4
2048,TOP3B
2049,CRYBB3
2050,CYTH4
2051,ESS2
2052,MFNG
2053,CARD10
2054,SLC25A1
2055,GRK3
2056,PLA2G3
2057,LGALS2
2058,GGA1
2059,HIRA
2060,SH3BP1
2061,SEZ6L
2062,LGALS1
2063,HPS4
2064,PIK3IP1
2065,SRRD
2066,PATZ1
2067,TRIOBP
2068,TFIP11
2069,GCAT
2070,GGTLC2
2071,CRYBB1
2072,ANKRD54
2073,EIF3L
2074,SNU13
2075,MICALL1
2076,POLR2F
2077,SOX10
2078,CCDC134
2079,DEPDC5
2080,PICK1
2081,TTC28
2082,SLC16A8
2083,CENPM
2084,SLC5A1
2085,SLC5A4
2086,KDELR3
2087,DDX17
2088,DMC1
2089,HSCB
2090,CBY1
2091,TOMM22
2092,RSPH14
2093,XBP1
2094,RTCB
2095,JOSD1
2096,FBXO7
2097,GTPBP1
2098,POLDIP3
2099,RAB36
2100,TIMP3
2101,PPP6R2
2102,SBF1
2103,SUN2
2104,CYB5R3
2105,DNAL4
2106,C22orf31
2107,MIOX
2108,LMF2
2109,RHBDD3
2110,PACSIN2
2111,TTLL1
2112,RASL10A
2113,AP1B1
2114,HMGXB4
2115,TOM1
2116,NEFH
2117,CHKB
2118,BIK
2119,HMOX1
2120,MCAT
2121,THOC5
2122,MCM5
2123,APOBEC3H
2124,ARSA
2125,TSPO
2126,RASD2
2127,TTLL12
2128,CBX7
2129,PDGFB
2130,CABP7
2131,RPL3
2132,ZMAT5
2133,SYNGR1
2134,TAB1
2135,ASCC2
2136,MTMR3
2137,MIEF1
2138,APOL4
2139,APOL1
2140,PNPLA3
2141,MYH9
2142,CACNA1I
2143,SAMM50
2144,TXN2
2145,FOXRED2
2146,GRAP2
2147,EIF3D
2148,TNRC6B
2149,SGSM3
2150,IFT27
2151,PVALB
2152,KIAA0930
2153,NCF4
2154,CSF2RB
2155,SLC25A17
2156,UPK3A
2157,FAM118A
2158,KCTD17
2159,ST13
2160,IL2RB
2161,RBX1
2162,EP300
2163,L3MBTL2
2164,CHADL
2165,RANGAP1
2166,ZC3H7B
2167,PHF5A
2168,ACO2
2169,POLR3H
2170,TRMU
2171,PMM1
2172,DESI1
2173,CERK
2174,BRD1
2175,ZBED4
2176,MLC1
2177,HDAC10
2178,KCNK10
2179,ABHD4
2180,KHNYN
2181,FKBP3
2182,SDR39U1
2183,CTSG
2184,GZMH
2185,GZMB
2186,RBM23
2187,PRMT5
2188,COCH
2189,AP4S1
2190,POLE2
2191,VCPKMT
2192,SOS2
2193,CDKL1
2194,NIN
2195,PYGL
2196,TRIM9
2197,PSMC6
2198,GNPNAT1
2199,DDHD1
2200,CDKN3
2201,CNIH1
2202,CGRRF1
2203,ATP6V1D
2204,CCDC198
2205,PLEK2
2206,PIGH
2207,LRRC74A
2208,PSMA3
2209,VTI1B
2210,TIMM9
2211,GSTZ1
2212,KIAA0586
2213,TMED8
2214,SAMD15
2215,AHSA1
2216,DAAM1
2217,ISM2
2218,SPTLC2
2219,RIN3
2220,LGMN
2221,ALKBH1
2222,SNW1
2223,ITPK1
2224,DHRS7
2225,PPM1A
2226,SIX4
2227,GALNT16
2228,CEP128
2229,ERH
2230,HIF1A
2231,SUSD6
2232,SRSF5
2233,SLC10A1
2234,EIF5
2235,SERPINA4
2236,SLC8A3
2237,DICER1
2238,ZFYVE21
2239,MTHFD1
2240,TCL1A
2241,ZC3H14
2242,TELO2
2243,PCNX1
2244,BDKRB1
2245,GSKIP
2246,VRK1
2247,PSMC1
2248,PAPLN
2249,RPS6KA5
2250,PPP4R3A
2251,C14orf93
2252,PSMB5
2253,YY1
2254,ACIN1
2255,TRIP11
2256,PABPN1
2257,EFS
2258,ARHGAP5
2259,CINP
2260,DHRS2
2261,SRP54
2262,CPNE6
2263,CHD8
2264,DCAF11
2265,PSMA6
2266,NFKBIA
2267,EMC9
2268,BRMS1L
2269,TM9SF1
2270,SEC23A
2271,GMPR2
2272,PNN
2273,RABGGTA
2274,PLTP
2275,PCIF1
2276,GSS
2277,MMP9
2278,VSX1
2279,TRPC4AP
2280,PYGB
2281,ABHD12
2282,PROCR
2283,GINS1
2284,NINL
2285,CD40
2286,UQCC1
2287,ZMYND8
2288,SGK2
2289,IFT52
2290,MYBL2
2291,R3HDML
2292,HNF4A
2293,NDRG3
2294,SLA2
2295,RAB5IF
2296,NFATC2
2297,RIMS4
2298,PABPC1L
2299,STK4
2300,SALL4
2301,ADNP
2302,PFDN4
2303,DOK5
2304,CSTF1
2305,BMP7
2306,RAE1
2307,TPD52L2
2308,DNAJC5
2309,NELFCD
2310,CTSZ
2311,PRPF6
2312,TUBB1
2313,PRELID3B
2314,MTG2
2315,PSMA7
2316,SLCO4A1
2317,NTSR1
2318,MRGBP
2319,TCFL5
2320,DIDO1
2321,GID8
2322,SLC17A9
2323,BIRC7
2324,NKAIN4
2325,ARFGAP1
2326,AVP
2327,COL20A1
2328,EEF1A2
2329,PTK6
2330,GMEB2
2331,SPEF1
2332,CDC25B
2333,ISM1
2334,RNF24
2335,ARFRP1
2336,NDUFAF5
2337,SEL1L2
2338,TRIB3
2339,RASSF2
2340,CSNK2A1
2341,SLC52A3
2342,ANGPT4
2343,RSPO4
2344,CDS2
2345,HM13
2346,SNPH
2347,MYLK2
2348,SIRPB1
2349,SEC23B
2350,FERMT1
2351,HAO1
2352,PDYN
2353,CCM2L
2354,PLCB4
2355,MYL9
2356,HCK
2357,TM9SF4
2358,TLDC2
2359,CRNKL1
2360,POFUT1
2361,SAMHD1
2362,PAK5
2363,KIF3B
2364,NOP56
2365,MANBAL
2366,IDH3B
2367,MAPRE1
2368,JAG1
2369,CDK5RAP1
2370,SNTA1
2371,OXT
2372,TTI1
2373,E2F1
2374,RPRD1B
2375,PXMP4
2376,CHMP4B
2377,BPI
2378,SLC32A1
2379,CST3
2380,ASIP
2381,CST4
2382,ACTR5
2383,WFDC2
2384,AHCY
2385,PPP1R16B
2386,FAM83D
2387,EPPIN
2388,DHX35
2389,DNTTIP1
2390,MAP1LC3A
2391,SYNDIG1
2392,PIGU
2393,TNNC2
2394,ACOT8
2395,APMAP
2396,CELF4
2397,ZNF516
2398,CDH20
2399,ADNP2
2400,RBFA
2401,USP14
2402,VAPA
2403,METTL4
2404,LPIN2
2405,SMCHD1
2406,MYOM1
2407,MYL12A
2408,CEP76
2409,ST8SIA5
2410,CEP192
2411,RNMT
2412,SMAD7
2413,LIPG
2414,LAMA1
2415,RNF125
2416,ANKRD12
2417,NOL4
2418,POLI
2419,MIB1
2420,RBBP8
2421,RIOK3
2422,CSTF2
2423,MXRA5
2424,VSIG1
2425,PSMD10
2426,ATG4A
2427,STS
2428,TBL1X
2429,GPR143
2430,PGRMC1
2431,POLA1
2432,MID1
2433,NKAP
2434,RHOXF1
2435,NXT2
2436,GUCY2F
2437,ALG13
2438,PRPS2
2439,TLR8
2440,MOSPD1
2441,AMMECR1
2442,CHRDL1
2443,WDR13
2444,SUV39H1
2445,PAGE4
2446,SRPX
2447,GLRA2
2448,XIAP
2449,STAG2
2450,ATP11C
2451,MCF2
2452,ABCD1
2453,CCDC22
2454,CACNA1F
2455,SYP
2456,PLP2
2457,BMX
2458,PLS3
2459,NAA10
2460,RENBP
2461,ELF4
2462,SMARCA1
2463,MTMR8
2464,ASB9
2465,ZC3H12B
2466,RBBP7
2467,PPP1R2C
2468,KCND1
2469,SLC25A14
2470,FMR1
2471,PIM2
2472,SCML2
2473,PQBP1
2474,PCSK1N
2475,EMD
2476,RAB40AL
2477,PGK1
2478,GATA1
2479,MAGT1
2480,SMS
2481,PHEX
2482,UBL4A
2483,CD99L2
2484,EEA1
2485,GPR50
2486,RP2
2487,JADE3
2488,CDK16
2489,USP11
2490,PCYT1B
2491,BRS3
2492,HTATSF1
2493,VGLL1
2494,CD40LG
2495,TIMP1
2496,KLHL4
2497,GABRE
2498,PCDH11X
2499,FGD1
2500,PIN4
2501,PORCN
2502,ITIH6
2503,MAGED2
2504,RBM3
2505,KLF8
2506,SRPX2
2507,SYTL4
2508,ZDHHC15
2509,CENPI
2510,DRP2
2511,TAF7L
2512,PBDC1
2513,GLA
2514,ARMCX3
2515,BEX4
2516,RUBCNL
2517,NALCN
2518,FGF14
2519,HTR2A
2520,NDFIP2
2521,TNFSF13B
2522,FNDC3A
2523,MLNR
2524,CDADC1
2525,CAB39L
2526,KLF5
2527,STK24
2528,ACP5
2529,DNAJC3
2530,UGGT2
2531,ARHGEF7
2532,FGF9
2533,SGCG
2534,PARP4
2535,SUPT20H
2536,MRPS31
2537,SLC25A15
2538,KPNA3
2539,FLT1
2540,RGCC
2541,VWA8
2542,DGKH
2543,KATNAL1
2544,INTS6
2545,ACOD1
2546,DHRS12
2547,MEDAG
2548,TSC22D1
2549,CLN5
2550,OLFM4
2551,MSLN
2552,MGRN1
2553,ZNF629
2554,TRADD
2555,HSF4
2556,CORO1A
2557,MAPK3
2558,GDPD3
2559,ELMO3
2560,MT4
2561,PHKB
2562,LYRM1
2563,NUTF2
2564,NUP93
2565,CENPT
2566,TSNAXIP1
2567,NFAT5
2568,LONP2
2569,N4BP1
2570,CBLN1
2571,ARL2BP
2572,PLLP
2573,ZNF423
2574,CCL22
2575,DHODH
2576,CCL17
2577,CTCF
2578,ACD
2579,POLR2C
2580,PARD6A
2581,ZNF821
2582,MMP15
2583,USB1
2584,CYB5B
2585,NME3
2586,NDRG4
2587,PSMD7
2588,SETD6
2589,SLC38A7
2590,VAC14
2591,HAS3
2592,TANGO6
2593,COG4
2594,SMPD3
2595,SLC7A6OS
2596,SLC7A6
2597,PLA2G15
2598,ESRP2
2599,FA2H
2600,WDR59
2601,MON1B
2602,AXIN1
2603,HCFC1R1
2604,NPRL3
2605,MLYCD
2606,MPG
2607,NECAB2
2608,HSDL1
2609,TAF1C
2610,NAGPA
2611,WFDC1
2612,SEC14L5
2613,COTL1
2614,USP10
2615,CRISPLD2
2616,TSC2
2617,ZNF500
2618,NME4
2619,ABCC1
2620,NOMO3
2621,LMF1
2622,FOXF1
2623,MTHFSD
2624,CLCN7
2625,HAGHL
2626,SLC7A5
2627,METRN
2628,FBXO31
2629,STUB1
2630,RHBDL1
2631,NUBP1
2632,UBE2I
2633,MEFV
2634,CRYM
2635,EEF2K
2636,CAPN15
2637,PIEZO1
2638,GSPT1
2639,ZNF174
2640,CLUAP1
2641,UBFD1
2642,PRSS33
2643,EARS2
2644,ELOB
2645,GGA2
2646,AQP8
2647,CPPED1
2648,USP31
2649,HMOX2
2650,SALL1
2651,TOX3
2652,RBL2
2653,QPRT
2654,XYLT1
2655,PYCARD
2656,RPGRIP1L
2657,MAZ
2658,STX4
2659,CDIPT
2660,BCKDK
2661,KAT8
2662,NOMO1
2663,IL21R
2664,SYT17
2665,TMC5
2666,CCP110
2667,VPS35L
2668,SLC6A2
2669,RNF40
2670,KNOP1
2671,AQP9
2672,AAGAB
2673,IQCH
2674,LACTB
2675,CORO2B
2676,CSK
2677,HERC1
2678,TRIP4
2679,MTFMT
2680,RASL12
2681,AP3B2
2682,ACSBG1
2683,IGDCC4
2684,RAB11A
2685,CTSH
2686,TTC23
2687,CD276
2688,FAH
2689,CEMIP
2690,RPAP1
2691,HOMER2
2692,EHD4
2693,TMEM87A
2694,ZNF106
2695,CEP152
2696,ATP8B4
2697,OCA2
2698,DTWD1
2699,TGM5
2700,GABPB1
2701,BMF
2702,DMXL2
2703,SCG3
2704,DNAJC17
2705,EIF3J
2706,SPG11
2707,RHOV
2708,VPS18
2709,OIP5
2710,SLC30A4
2711,BLOC1S6
2712,MYEF2
2713,SGK3
2714,PDGFRL
2715,CSPP1
2716,ZDHHC2
2717,BRF2
2718,TRIM35
2719,ZFAND1
2720,RP1
2721,CA2
2722,FZD3
2723,INTS9
2724,RIPK2
2725,EYA1
2726,NBN
2727,TRPA1
2728,CPQ
2729,DECR1
2730,CALB1
2731,SFRP1
2732,LAPTM4B
2733,UBE2W
2734,POP1
2735,NIPAL2
2736,IKBKB
2737,PLAT
2738,JPH1
2739,DKK4
2740,STK3
2741,GDAP1
2742,RAB2A
2743,EIF3E
2744,EMC2
2745,ESRP1
2746,NDRG1
2747,ZC2HC1A
2748,IL7
2749,STMN2
2750,ARMC1
2751,TRPS1
2752,SPAG1
2753,CHRAC1
2754,NCALD
2755,SNX16
2756,GML
2757,UBR5
2758,GSDMD
2759,PYCR3
2760,EEF1D
2761,ANXA13
2762,SQLE
2763,SH2D4A
2764,INTS10
2765,ERI1
2766,SLC39A14
2767,MTMR9
2768,LEPROTL1
2769,DCTN6
2770,R3HCC1
2771,GSR
2772,TNFRSF10A
2773,UBXN8
2774,PPP2CB
2775,NEFM
2776,TUSC3
2777,ARHGEF10
2778,KLHDC4
2779,MCM4
2780,KCTD9
2781,FGL1
2782,ASAH1
2783,BNIP3L
2784,MAN2B1
2785,KCNN4
2786,TULP2
2787,NUCB1
2788,DHDH
2789,GYS1
2790,MAP4K1
2791,CGB2
2792,ECH1
2793,LHB
2794,CGB3
2795,TUBB4A
2796,KCNA7
2797,SNRNP70
2798,CLPTM1
2799,RELB
2800,CLASRP
2801,LIN7B
2802,PPP1R37
2803,FCGRT
2804,PIH1D1
2805,CKM
2806,ARHGEF18
2807,PPP1R13L
2808,PEX11G
2809,ERCC2
2810,DOT1L
2811,PLEKHJ1
2812,SLC17A7
2813,RNASEH2A
2814,KLC3
2815,CD37
2816,SF3A2
2817,AMH
2818,DKKL1
2819,LYL1
2820,OAZ1
2821,TRMT1
2822,STX10
2823,RETN
2824,FCER2
2825,DMPK
2826,CLEC4M
2827,RSPH6A
2828,TBC1D17
2829,IL4I1
2830,TLE6
2831,PTOV1
2832,NOVA2
2833,SGTA
2834,MED25
2835,SNAPC2
2836,C19orf53
2837,TIMM44
2838,CCDC61
2839,TNNT1
2840,VRK3
2841,FAM32A
2842,PPP6R1
2843,C19orf44
2844,MED26
2845,OLFM2
2846,RASAL3
2847,AKAP8
2848,EPHX3
2849,ZNF419
2850,SYDE1
2851,SLC1A6
2852,AURKC
2853,POP4
2854,CCNE1
2855,URI1
2856,PDCD5
2857,ANKRD27
2858,RPS16
2859,TIMM50
2860,LGALS13
2861,DYRK1B
2862,CLC
2863,GPI
2864,AKT2
2865,PLD3
2866,PRX
2867,PIAS4
2868,NUMBL
2869,EBI3
2870,YJU2
2871,SHD
2872,TBCB
2873,FSD1
2874,POLR2I
2875,OVOL3
2876,CLIP3
2877,ZFR2
2878,SLC1A5
2879,PRKD2
2880,TJP3
2881,APLP1
2882,CACTIN
2883,CCDC9
2884,HNRNPUL1
2885,FZR1
2886,BBC3
2887,TGFB1
2888,DENND3
2889,DMAC2
2890,PLIN3
2891,MYH14
2892,MRPL4
2893,SIGLEC8
2894,CD79A
2895,LIM2
2896,ICAM4
2897,RPS19
2898,NOP53
2899,NKG7
2900,ICAM5
2901,ETFB
2902,CD33
2903,CEACAM5
2904,CRX
2905,BABAM1
2906,TYK2
2907,SULT2A1
2908,CDC37
2909,NAPA
2910,RABAC1
2911,ATP1A3
2912,MEIS3
2913,PTPRS
2914,CNFN
2915,MEGF8
2916,KDELR1
2917,CYTH2
2918,GRWD1
2919,GRIN2D
2920,SYNGR4
2921,CLEC11A
2922,CARD8
2923,LIG1
2924,SIGLEC6
2925,ZNF175
2926,PLA2G4C
2927,HAS1
2928,RAB3D
2929,DBP
2930,TMEM205
2931,CAPS
2932,PLPPR2
2933,FAM83E
2934,RASIP1
2935,FGF21
2936,BCAT2
2937,MIER2
2938,PLEKHA4
2939,PPP2R1A
2940,TNPO2
2941,WDR83OS
2942,CACNG7
2943,GCDH
2944,KLF1
2945,DNASE2
2946,MAST1
2947,TFPT
2948,JAK3
2949,RPL18A
2950,SLC5A5
2951,KCNN1
2952,ARRDC2
2953,PIK3R2
2954,RAB3A
2955,PDE4C
2956,ISYNA1
2957,ELL
2958,CRTC1
2959,COMP
2960,UPK1A
2961,COPE
2962,DDX49
2963,ETV2
2964,ATP4A
2965,ARMC6
2966,TMEM147
2967,GAPDHS
2968,MAG
2969,TMEM59L
2970,HAMP
2971,USF2
2972,LSR
2973,KXD1
2974,FKBP8
2975,SUGP1
2976,HPN
2977,ZNF14
2978,SCN1B
2979,PBX4
2980,ERF
2981,GSK3A
2982,ATP13A1
2983,ZNF574
2984,GRIK5
2985,SIPA1L3
2986,ZNF85
2987,ETHE1
2988,CADM4
2989,SMG9
2990,AVL9
2991,RUNDC3B
2992,CFAP69
2993,GTPBP10
2994,RASA4
2995,CDK6
2996,PMPCB
2997,DNAJC2
2998,TFPI2
2999,BET1
3000,NAMPT
3001,PIK3CG
3002,PON3
3003,PON2
3004,ITGB8
3005,HBP1
3006,SP4
3007,WDR91
3008,DNAH11
3009,CBLL1
3010,DLX5
3011,MTPN
3012,STEAP1B
3013,PTN
3014,GSDME
3015,ATP6V0A4
3016,ZC3HAV1
3017,OGDH
3018,ADAP1
3019,TFEC
3020,CAV2
3021,CAV1
3022,MET
3023,RNF32
3024,LMBR1
3025,WNT2
3026,HOXA1
3027,DNAJB6
3028,HOXA2
3029,HOXA3
3030,LFNG
3031,HOXA5
3032,HOXA6
3033,BRAT1
3034,IQCE
3035,ANKRD7
3036,VIPR2
3037,TSPAN12
3038,HOXA13
3039,CPED1
3040,EVX1
3041,HIBADH
3042,TAX1BP1
3043,CPVL
3044,CHN2
3045,GRB10
3046,ABHD11
3047,COBL
3048,FKBP14
3049,PLEKHA8
3050,STX1A
3051,NOD1
3052,CRHR2
3053,MINDY4
3054,GHRHR
3055,CASP2
3056,CHCHD2
3057,CCL24
3058,HSPB1
3059,NPTX2
3060,PDAP1
3061,BUD31
3062,PTCD1
3063,CYP3A5
3064,ZKSCAN1
3065,EIF3B
3066,SNX8
3067,NUDT1
3068,PTPRZ1
3069,TAF6
3070,WASL
3071,HYAL4
3072,SPAM1
3073,AIMP2
3074,TFR2
3075,FSCN3
3076,MOSPD3
3077,PAX4
3078,PCOLCE
3079,FBXO24
3080,PPP1R17
3081,RBM28
3082,USP42
3083,IMPDH1
3084,AGFG2
3085,LSM5
3086,SERPINE1
3087,AP1S1
3088,MOGAT3
3089,C1GALT1
3090,PLOD3
3091,RPA3
3092,ZNHIT1
3093,CLDN15
3094,GLCCI1
3095,MYL10
3096,PHF14
3097,NRF1
3098,TMEM106B
3099,EZH2
3100,CEP41
3101,ZNF862
3102,SFRP4
3103,MEST
3104,MEOX2
3105,ANKMY2
3106,ACTR3C
3107,POU6F2
3108,TSPAN13
3109,RARRES2
3110,AGR2
3111,AHR
3112,CHCHD3
3113,GIMAP2
3114,TMEM176B
3115,GLI3
3116,PSMA2
3117,MRPL32
3118,COA1
3119,BLVRA
3120,URGCP
3121,TMEM248
3122,RHEB
3123,PRKAG2
3124,AEBP1
3125,POLD2
3126,MYL7
3127,GCK
3128,BCL7B
3129,YKT6
3130,TBL2
3131,CLIP2
3132,EIF4H
3133,LIMK1
3134,SPATA6L
3135,SLC1A1
3136,LHX2
3137,FKTN
3138,FSD1L
3139,CNTNAP3
3140,SPIN1
3141,NMRK1
3142,TMEM245
3143,PRUNE2
3144,MEGF9
3145,TRIM14
3146,CORO2A
3147,TGFBR1
3148,SEC61B
3149,C5
3150,ASPN
3151,TLE4
3152,LHX6
3153,PTGR1
3154,SUSD1
3155,AMBP
3156,AKNA
3157,TNFSF8
3158,DNM1
3159,ENG
3160,AK1
3161,CDC37L1
3162,RLN2
3163,RLN1
3164,PLGRKT
3165,TBC1D13
3166,RIC1
3167,KDM4C
3168,DOCK8
3169,KANK1
3170,ELAVL2
3171,NCS1
3172,TESK1
3173,KCNT1
3174,CA9
3175,FUBP3
3176,TYRP1
3177,CREB3
3178,RGP1
3179,MPDZ
3180,LHX3
3181,EDF1
3182,PIP5K1B
3183,GLIS3
3184,BAG1
3185,RAPGEF1
3186,NPDC1
3187,SETX
3188,SH3GL2
3189,PTGDS
3190,ABCA2
3191,SHB
3192,UBE2R2
3193,ABHD17B
3194,EXOSC3
3195,ZFAND5
3196,DVL1
3197,PDLIM1
3198,CCNJ
3199,DNTT
3200,GATA3
3201,ATRNL1
3202,HPS1
3203,PHYH
3204,RASSF4
3205,DNMBP
3206,RAB11FIP2
3207,CXCL12
3208,ERLIN1
3209,EIF3A
3210,PKD2L1
3211,CUBN
3212,TRDMT1
3213,DDX50
3214,MAPK8
3215,SEC23IP
3216,ATE1
3217,NSMCE4A
3218,PLEKHA1
3219,PALD1
3220,UNC5B
3221,CDH23
3222,VSIR
3223,SPOCK2
3224,MICU1
3225,PPP3CB
3226,CCSER2
3227,BMPR1A
3228,MINPP1
3229,ACTA2
3230,LIPA
3231,TLX1
3232,TWNK
3233,LZTS2
3234,SFXN3
3235,KAZALD1
3236,FBXW4
3237,FGF8
3238,NPM3
3239,TNKS2
3240,PITX3
3241,GBF1
3242,ARHGAP21
3243,CPEB3
3244,FBXL15
3245,CUEDC2
3246,SUFU
3247,ANKRD26
3248,ACBD5
3249,LHPP
3250,LARP4B
3251,GTPBP4
3252,EDRF1
3253,BCCIP
3254,MTPAP
3255,NEURL1
3256,SH3PXD2A
3257,PITRM1
3258,STN1
3259,MAP3K8
3260,DKK1
3261,EBF3
3262,GLRX3
3263,SORCS1
3264,XPNPEP1
3265,SMC3
3266,SHOC2
3267,TFAM
3268,CCDC6
3269,CUL2
3270,CCNY
3271,UBE2S
3272,RPL28
3273,ZMIZ1
3274,DNAJC12
3275,PPIF
3276,PBLD
3277,TSPAN14
3278,LGI1
3279,TBC1D12
3280,CYP2C18
3281,CRYBA1
3282,NUFIP2
3283,GIT1
3284,RPL19
3285,FBXL20
3286,RUNDC3A
3287,UBTF
3288,CSF3
3289,PSMD3
3290,CASC3
3291,RAPGEFL1
3292,RGS9
3293,RNF43
3294,ASPA
3295,RAD51C
3296,MTMR4
3297,TRIM37
3298,P2RX1
3299,DHX40
3300,TUBD1
3301,KPNB1
3302,GOSR2
3303,PNPO
3304,RPS6KB1
3305,CDK5RAP3
3306,CBX1
3307,RECQL5
3308,PIGL
3309,GALK1
3310,INTS2
3311,CAMTA2
3312,MED13
3313,HOXB6
3314,ENO3
3315,PFN1
3316,RNF167
3317,SLC25A11
3318,RASD1
3319,CHRNE
3320,RAI1
3321,NUP88
3322,C1QBP
3323,SLC6A4
3324,BLMH
3325,CPD
3326,GOSR1
3327,CCDC47
3328,MED31
3329,DRG2
3330,FTSJ3
3331,AKAP10
3332,ALDH3A1
3333,SMARCD2
3334,ICAM2
3335,SYNGR2
3336,B9D1
3337,UTP6
3338,DDX5
3339,C17orf75
3340,CYTH1
3341,PSMD11
3342,LGALS3BP
3343,ASIC2
3344,CCL7
3345,CCL2
3346,CCL8
3347,CCL1
3348,PEX12
3349,KRT32
3350,DHX58
3351,KAT2A
3352,RAB5C
3353,NAGLU
3354,HSD17B1
3355,MLX
3356,CNTNAP1
3357,ABI3
3358,EZH1
3359,DLX4
3360,PPP1R9B
3361,COL1A1
3362,SGCA
3363,PTGES3L-AARSD1
3364,MRPL27
3365,VAT1
3366,LRRC59
3367,RND2
3368,ALOX12
3369,HDAC5
3370,ABCC3
3371,LUC7L3
3372,PPY
3373,MPP2
3374,SMURF2
3375,DUSP3
3376,CACNG1
3377,EFTUD2
3378,HLF
3379,SLC16A6
3380,PRKAR1A
3381,EFNB3
3382,FAM20A
3383,MMD
3384,RANGRF
3385,DPH1
3386,MAP2K6
3387,DHRS7B
3388,WSB1
3389,RCVRN
3390,MYH1
3391,MYH3
3392,NAT9
3393,VTN
3394,TNFAIP1
3395,IFT20
3396,TMEM97
3397,CDR2L
3398,PMP22
3399,FOXN1
3400,UNC119
3401,ALDOC
3402,SUPT6H
3403,RAB34
3404,PHF12
3405,TMEM33
3406,GABRA4
3407,SLAIN2
3408,OCIAD1
3409,CWH43
3410,DCUN1D4
3411,USP46
3412,SULT1E1
3413,ODAM
3414,CHIC2
3415,NMU
3416,LAMTOR3
3417,PF4V1
3418,NFKB1
3419,AREG
3420,MANBA
3421,UBE2D3
3422,MAPK10
3423,ELF2
3424,NDUFC1
3425,UCP1
3426,TBC1D9
3427,ZNF330
3428,INPP4B
3429,GAB1
3430,KLHL2
3431,IL2
3432,CPE
3433,RPL34
3434,WFS1
3435,ANXA10
3436,GRPEL1
3437,GAR1
3438,CLCN3
3439,AADAT
3440,GALNT7
3441,DHX15
3442,SOD3
3443,SEPSECS
3444,CPZ
3445,TRIM2
3446,SLC2A9
3447,FBXW7
3448,NEIL3
3449,TBC1D19
3450,CLNK
3451,NSD2
3452,SH3D19
3453,STIM2
3454,NKX3-2
3455,GLRB
3456,BST1
3457,RAPGEF2
3458,HGFAC
3459,SNX25
3460,LRP2BP
3461,UFSP2
3462,KLF3
3463,KLHL5
3464,FAM149A
3465,NCAPG
3466,UGDH
3467,PPARGC1A
3468,DDX25
3469,CRYAB
3470,HTATIP2
3471,CTSC
3472,CCDC34
3473,ZBTB16
3474,ELP4
3475,ZPR1
3476,MTCH2
3477,TECTA
3478,SC5D
3479,CRTAM
3480,JHY
3481,B3GAT1
3482,HSPA8
3483,P2RX3
3484,VWA5A
3485,DNAJC4
3486,SIAE
3487,SNX15
3488,LPXN
3489,DTX4
3490,ATG2A
3491,EHD1
3492,OSBP
3493,UNC93B1
3494,PUS3
3495,DCPS
3496,KMT5B
3497,FOXRED1
3498,PPP6R3
3499,NRXN2
3500,MS4A6A
3501,MS4A4A
3502,ST3GAL4
3503,CPT1A
3504,CCND1
3505,CCDC86
3506,PRPF19
3507,TMEM109
3508,CCKBR
3509,HPX
3510,TRIM3
3511,FOLR1
3512,ANAPC15
3513,FOLR3
3514,PANX1
3515,ARHGEF17
3516,APOA5
3517,APOA4
3518,APOC3
3519,CEP164
3520,RNF141
3521,CEP126
3522,EIF4G2
3523,IL10RA
3524,GALNT18
3525,BIRC2
3526,UBE4A
3527,DDX6
3528,UPK2
3529,CBL
3530,NECTIN1
3531,HIPK3
3532,KIAA1549L
3533,FBXO3
3534,PDHX
3535,SLC1A2
3536,COMMD9
3537,SLC15A3
3538,CD5
3539,ACCS
3540,SCGB2A2
3541,MDK
3542,AMBRA1
3543,MADD
3544,PTPMT1
3545,NAA40
3546,CD81
3547,SLC35F2
3548,C11orf21
3549,ELMOD1
3550,CALCA
3551,SOX6
3552,C11orf58
3553,PITPNM1
3554,RPS13
3555,AIP
3556,NUP98
3557,NDUFS8
3558,TCIRG1
3559,CHKA
3560,EXPH5
3561,HPS5
3562,POU2AF1
3563,PTPN5
3564,VWF
3565,PSMD9
3566,P3H3
3567,PPFIBP1
3568,PRPF40B
3569,CD69
3570,PRDM4
3571,CLEC2B
3572,COQ5
3573,SELPLG
3574,CORO1C
3575,ASIC1
3576,DAO
3577,CAPRIN2
3578,TSPAN11
3579,KCTD10
3580,SLC11A2
3581,MLEC
3582,MVK
3583,CSRNP2
3584,CAMKK2
3585,BIN2
3586,IL23A
3587,ATP5F1B
3588,PTGES3
3589,SYT10
3590,BCL7A
3591,RSRC2
3592,CYP27B1
3593,MYF6
3594,LIN7A
3595,KRT18
3596,ACSS3
3597,TNS2
3598,GLI1
3599,PPM1H
3600,METAP2
3601,LTA4H
3602,ELK3
3603,SLC6A12
3604,WNT5B
3605,MAGOHB
3606,TRPV4
3607,ITFG2
3608,FOXM1
3609,PRR4
3610,PRMT8
3611,PARP11
3612,ARPC3
3613,GPN3
3614,VPS29
3615,MYL2
3616,RAD51AP1
3617,CUX2
3618,SH2B3
3619,AKAP3
3620,KCNA1
3621,DUSP16
3622,CREBL2
3623,ACAD10
3624,ALDH2
3625,CDKN1B
3626,GPRC5D
3627,NAA25
3628,GSG1
3629,SCNN1A
3630,LTBR
3631,OGFOD2
3632,CDK2AP1
3633,OAS3
3634,OAS2
3635,ART4
3636,MGP
3637,RASAL1
3638,ARHGDIB
3639,GTF2H3
3640,EIF2B1
3641,DDX55
3642,SLC38A1
3643,RERGL
3644,ENDOU
3645,VDR
3646,FZD10
3647,RFC5
3648,STX2
3649,ADGRD1
3650,COPZ1
3651,TBC1D30
3652,CAND1
3653,IL26
3654,IFNG
3655,RAB5B
3656,MDM1
3657,NUP107
3658,CNOT2
3659,TIMELESS
3660,CPSF6
3661,KRR1
3662,MRPL51
3663,GAPDH
3664,NOP2
3665,CHD4
3666,ACRBP
3667,COPS7A
3668,ING4
3669,GNB3
3670,CDCA3
3671,CHPT1
3672,USP5
3673,TPI1
3674,GNPTAB
3675,SPSB2
3676,ENO2
3677,ATN1
3678,C12orf57
3679,PTPN6
3680,LPCAT3
3681,NT5DC3
3682,SLCO1B3
3683,APOBEC1
3684,NANOG
3685,SUDS3
3686,GOLT1B
3687,GYS2
3688,LDHB
3689,PRKAB1
3690,CMAS
3691,HCFC2
3692,ST8SIA1
3693,CLEC4A
3694,C2CD5
3695,AICDA
3696,RAB35
3697,PHC1
3698,COX6A1
3699,RIC8B
3700,SRSF9
3701,FGFR1OP2
3702,KLRB1
3703,COL12A1
3704,BTN3A3
3705,TDP2
3706,FRK
3707,DSE
3708,RWDD1
3709,RSPH4A
3710,MAK
3711,TMEM14C
3712,PAK1IP1
3713,GCNT2
3714,SMIM8
3715,NEDD9
3716,CEP85L
3717,ADTRP
3718,ASF1A
3719,MCM9
3720,FAM184A
3721,RNGTT
3722,MAN1A1
3723,GABRR2
3724,SERINC1
3725,HDDC2
3726,TPD52L1
3727,HINT3
3728,NCOA7
3729,RIPOR2
3730,SASH1
3731,UST
3732,ULBP1
3733,FBXO5
3734,MTRF1L
3735,PPARD
3736,OPRM1
3737,FANCE
3738,TULP1
3739,SLC26A8
3740,MAPK14
3741,RHAG
3742,KCTD20
3743,STK38
3744,SRSF3
3745,MRPL18
3746,IL17A
3747,IL17F
3748,MCM3
3749,RNF8
3750,PHACTR1
3751,MDGA1
3752,FBXO9
3753,CD83
3754,MDN1
3755,GLP1R
3756,SAYSD1
3757,BMP5
3758,BACH2
3759,RBM24
3760,CAP2
3761,TREML2
3762,ZNF451
3763,BAG2
3764,RAB23
3765,TSPO2
3766,FHL5
3767,GPR63
3768,KHDRBS2
3769,FBXL4
3770,CCNC
3771,PRDM13
3772,E2F3
3773,PTP4A1
3774,SIM1
3775,ASCC3
3776,COL9A1
3777,MED23
3778,WASF1
3779,GPLD1
3780,ALDH5A1
3781,CRYBG1
3782,VNN1
3783,VNN2
3784,ACOT13
3785,SMAP1
3786,RPS12
3787,C6orf62
3788,B3GAT2
3789,GMNN
3790,EYA4
3791,SOBP
3792,NR2E1
3793,SNX3
3794,HBS1L
3795,TRIM38
3796,PEX7
3797,ZBTB24
3798,FIG4
3799,PERP
3800,ARFGEF3
3801,SLC16A10
3802,HECA
3803,ADGRG6
3804,PHACTR2
3805,EPM2A
3806,CCR6
3807,UNC93A
3808,SLC22A2
3809,PHF1
3810,CUTA
3811,PACRG
3812,QKI
3813,C6orf118
3814,PDE10A
3815,MDFI
3816,TFEB
3817,SMOC2
3818,CCND3
3819,BYSL
3820,TBP
3821,GUCA1B
3822,PRPH2
3823,BICRAL
3824,PPP2R5D
3825,MRPL2
3826,PTK7
3827,SRF
3828,CUL9
3829,DNPH1
3830,DUSP22
3831,EXOC2
3832,COX7A2
3833,TMEM30A
3834,GMDS
3835,SENP6
3836,IMPG1
3837,VEGFA
3838,TTK
3839,SLC29A1
3840,LAMA4
3841,TENT5A
3842,CLIC5
3843,FBRSL1
3844,ENPP5
3845,LY86
3846,PRSS16
3847,MEP1A
3848,TBX18
3849,ERBIN
3850,HARS2
3851,NUDT12
3852,CEP72
3853,MAN2A1
3854,SEMA5A
3855,C7
3856,TENT4A
3857,GHR
3858,HMGCS1
3859,DAP
3860,NME5
3861,BRD8
3862,KIF20A
3863,NNT
3864,MRPS30
3865,HSPA9
3866,MRPS27
3867,PFDN1
3868,HBEGF
3869,SLC4A9
3870,LOX
3871,GZMK
3872,CDH9
3873,APBB3
3874,TMCO6
3875,SPARC
3876,IK
3877,HMGCR
3878,FAF2
3879,HAND1
3880,PCDHB5
3881,PCDHB7
3882,CLK4
3883,PCDHB15
3884,HAVCR1
3885,GRM6
3886,ITK
3887,RNF130
3888,THG1L
3889,ARSB
3890,CLINT1
3891,THBS4
3892,CNOT6
3893,IL12B
3894,BTNL8
3895,TTC1
3896,MSH3
3897,RASGRF2
3898,GABRG2
3899,CCNG1
3900,POLR3G
3901,DROSHA
3902,CDH6
3903,LMNB1
3904,ARRDC3
3905,GOLPH3
3906,SUB1
3907,NPR3
3908,SLC27A6
3909,LNPEP
3910,PDE4D
3911,RAD1
3912,BRIX1
3913,AGXT2
3914,PRLR
3915,IL4
3916,RAD50
3917,IL5
3918,ST8SIA4
3919,GNPDA1
3920,PCDH12
3921,SKP1
3922,NUP155
3923,PPP2CA
3924,FGF1
3925,NR3C1
3926,C5orf15
3927,PPWD1
3928,LIFR
3929,TRIM23
3930,TRAPPC13
3931,C9
3932,SEC24A
3933,TXNDC15
3934,TTC33
3935,WWC1
3936,TCERG1
3937,DPYSL3
3938,SMAD5
3939,CSNK1A1
3940,HMGXB3
3941,ERGIC1
3942,PDGFRB
3943,CDX1
3944,ATP6V0E1
3945,BNIP1
3946,STC2
3947,CPEB4
3948,HRH2
3949,DBN1
3950,ZNF346
3951,UNC5A
3952,EHHADH
3953,CNTN3
3954,SMC4
3955,SELENOK
3956,ACTR8
3957,TBCCD1
3958,TIMMDC1
3959,CRBN
3960,KNG1
3961,BCL6
3962,HGD
3963,CLDN16
3964,ARL6
3965,NPHP3
3966,CD86
3967,AMOTL2
3968,NIT2
3969,FAM162A
3970,OGG1
3971,KPNA1
3972,PCCB
3973,UBE3A
3974,ARMC8
3975,CEP70
3976,RBP2
3977,RBP1
3978,SLC25A36
3979,GRK7
3980,RNF7
3981,TFDP2
3982,XRN1
3983,KAT2B
3984,BCHE
3985,SERPINI2
3986,PDCD10
3987,LRRC31
3988,WNT5A
3989,PFKFB4
3990,COL7A1
3991,FGF12
3992,PRKAR2A
3993,HES1
3994,USP4
3995,ACAP2
3996,ECT2
3997,GNAT1
3998,GNAI2
3999,TFG
4000,USP9Y
4001,HYAL1
4002,TUSC2
4003,NPRL2
4004,RPL24
4005,CYB561D2
4006,FXR1
4007,CBLB
4008,BBX
4009,IFT57
4010,GNB4
4011,HHLA2
4012,GBE1
4013,MORC1
4014,UMPS
4015,NCBP2
4016,SNX4
4017,C3orf52
4018,FRMD4B
4019,SLC41A3
4020,ROPN1B
4021,PLXNA1
4022,ATP6V1A
4023,ABTB1
4024,PODXL2
4025,UPK1B
4026,CSPG5
4027,KLHL18
4028,SCAP
4029,EFCC1
4030,NEK11
4031,MRPL3
4032,PLSCR4
4033,HEMK1
4034,CISH
4035,MAPKAPK3
4036,ACVR2B
4037,WDR48
4038,COMMD2
4039,GORASP1
4040,PEX5L
4041,RRP9
4042,ABCC5
4043,AADAC
4044,ABHD14B
4045,EIF1B
4046,ABHD14A-ACY1
4047,KLHL24
4048,PLCH1
4049,VIPR1
4050,DNAH1
4051,SSR3
4052,ZBTB47
4053,TNNC1
4054,NKTR
4055,CLCN2
4056,FOXP1
4057,EIF4G1
4058,SPCS1
4059,NEK4
4060,SLC4A3
4061,EEF1B2
4062,ADAM23
4063,DGUOK
4064,MOB1A
4065,KANSL3
4066,LMAN2L
4067,RTKN
4068,TTL
4069,IL1A
4070,CCL20
4071,PIKFYVE
4072,KCNIP3
4073,NCL
4074,SLC35F5
4075,ZAP70
4076,ACTR3
4077,STEAP3
4078,EPB41L5
4079,TFCP2L1
4080,SF3B6
4081,TP53I3
4082,DNAJC27
4083,POMC
4084,STAM2
4085,OTOF
4086,GPD2
4087,CENPA
4088,CYTIP
4089,ACVR1
4090,TANC1
4091,SLC30A3
4092,MPV17
4093,GTF3C2
4094,EIF2B4
4095,NRBP1
4096,ITGB6
4097,FNDC4
4098,ITGA4
4099,PSMD14
4100,SNX17
4101,ASB3
4102,PPM1G
4103,PDE1A
4104,REEP6
4105,PCSK4
4106,GCG
4107,APC2
4108,IFIH1
4109,RPS15
4110,GCA
4111,INO80B
4112,MOGS
4113,TTC31
4114,NDUFS7
4115,PCGF1
4116,GRB14
4117,CLIP4
4118,TLX2
4119,SPTBN1
4120,AUP1
4121,RTN4
4122,HTRA2
4123,LOXL3
4124,DOK1
4125,GALNT3
4126,POLE4
4127,TACR1
4128,CCDC88A
4129,ACADL
4130,EVA1A
4131,MRPL19
4132,LANCL1
4133,WDR75
4134,EFEMP1
4135,REG1A
4136,FANCL
4137,FN1
4138,STAT1
4139,GLS
4140,PAPOLG
4141,DNAH6
4142,PECR
4143,UNC50
4144,IGFBP2
4145,ELMOD3
4146,IGFBP5
4147,USP34
4148,EFHD1
4149,KCNJ13
4150,CCT4
4151,GGCX
4152,EHBP1
4153,OTX1
4154,TXNDC9
4155,COQ10B
4156,GNLY
4157,SF3B1
4158,ST3GAL5
4159,CHST10
4160,PDCL3
4161,MOB4
4162,HSPE1
4163,KDM3A
4164,PLCD4
4165,CHMP3
4166,ZNF142
4167,IL1R2
4168,PRKAG3
4169,IL1R1
4170,WNT6
4171,IL1RL2
4172,IL1RL1
4173,IL18R1
4174,IL18RAP
4175,SLC9A2
4176,FHL2
4177,MLPH
4178,CNPPD1
4179,UXS1
4180,ABCB6
4181,STK16
4182,SLC5A7
4183,HDLBP
4184,PPP1R7
4185,PASK
4186,STK25
4187,TPO
4188,PROC
4189,ID2
4190,TAF1B
4191,HPCAL1
4192,ODC1
4193,BIRC6
4194,NOL10
4195,PLEKHB2
4196,GORASP2
4197,STRN
4198,CEBPZ
4199,PRKD3
4200,DCAF17
4201,QPCT
4202,RAB3GAP1
4203,SLC25A12
4204,RMDN2
4205,DLX2
4206,LCT
4207,SRSF7
4208,SDC1
4209,PLCL1
4210,SLC1A4
4211,SOS1
4212,KYNU
4213,WIPF1
4214,ORC2
4215,COX7A2L
4216,PNO1
4217,ORC4
4218,PLEK
4219,RND3
4220,ATF2
4221,THADA
4222,AAK1
4223,TRAK2
4224,C2orf42
4225,TIA1
4226,PCYOX1
4227,KISS1R
4228,EPAS1
4229,ARID3A
4230,SUMO1
4231,CD207
4232,GRIN3B
4233,VAX2
4234,ATP6V1B1
4235,NFE2L2
4236,MSH6
4237,PLEKHA3
4238,SPR
4239,EPHA4
4240,PARD3B
4241,FARSB
4242,ALMS1
4243,BCL9
4244,PRRX1
4245,DHCR24
4246,DNAJC16
4247,MARK1
4248,TNR
4249,MORN1
4250,GPX7
4251,CACYBP
4252,SCP2
4253,TPSG1
4254,PAPPA2
4255,RALGPS2
4256,ANGPTL1
4257,CEP104
4258,FAM20B
4259,TCEANC2
4260,TMEM59
4261,LRRC42
4262,WRAP73
4263,NPHS2
4264,MRPL37
4265,ICMT
4266,RPL22
4267,CHD5
4268,QSOX1
4269,STXBP3
4270,PHF13
4271,ERRFI1
4272,PARK7
4273,OPRD1
4274,AMPD2
4275,SRSF4
4276,MECR
4277,KCNC4
4278,EDEM3
4279,WDR77
4280,ATP5PB
4281,RAP1A
4282,HDAC1
4283,CAPZA1
4284,S100PBP
4285,RNF19B
4286,SCAMP3
4287,TRIM62
4288,ASH1L
4289,DLGAP3
4290,SFPQ
4291,RHOU
4292,GON4L
4293,ARHGEF2
4294,LAMTOR2
4295,DOCK7
4296,SRM
4297,FBXO2
4298,FBXO6
4299,C1orf21
4300,SWT1
4301,MAD2L2
4302,DNAJC6
4303,LEPR
4304,IVNS1ABP
4305,KIAA2013
4306,MFN2
4307,PRG4
4308,MIIP
4309,SMG7
4310,NCF2
4311,PDC
4312,SLC35D1
4313,PLA2G4A
4314,GADD45A
4315,WLS
4316,PRDM2
4317,RGS2
4318,RPE65
4319,AMPD1
4320,UCHL5
4321,BCAS2
4322,SRSF11
4323,CTH
4324,AGMAT
4325,OLFML3
4326,TNNI3K
4327,CFHR3
4328,PLEKHM2
4329,CRYZ
4330,PHTF1
4331,ZBTB17
4332,CD58
4333,TFAP2E
4334,CD2
4335,TTF2
4336,NR5A2
4337,KIF21B
4338,TMEM9
4339,MAP7D1
4340,WARS2
4341,HAO2
4342,OSCP1
4343,MRPS15
4344,EXOC8
4345,GNPAT
4346,TSNAX
4347,RRAGC
4348,NID1
4349,LGALS8
4350,NT5C1A
4351,HPCAL4
4352,MTR
4353,BMP8B
4354,MYCL
4355,SIPA1L2
4356,RLF
4357,KMO
4358,ZNF684
4359,KCNQ4
4360,RIMS3
4361,AKT3
4362,ETV3
4363,ACADM
4364,ST6GALNAC5
4365,SLAMF1
4366,CD48
4367,ADGRL2
4368,PADI2
4369,SDHB
4370,MFAP2
4371,RPF1
4372,KDM5B
4373,UAP1
4374,ACTL8
4375,CTBS
4376,RGS4
4377,KLHL12
4378,IGSF21
4379,SSX2IP
4380,ZNHIT6
4381,PLA2G2D
4382,RBBP5
4383,GBP3
4384,GBP1
4385,PINK1-AS
4386,KIF17
4387,GPR89A
4388,CDK18
4389,RAB29
4390,CD160
4391,ECE1
4392,HMGCL
4393,GALE
4394,ID3
4395,CR2
4396,CD46
4397,PRPF3
4398,APH1A
4399,P3H1
4400,SLC2A1
4401,EBNA1BP2
4402,CDC20
4403,MPL
4404,ARTN
4405,IPO13
4406,ATP6V0B
4407,B4GALT2
4408,ERI3
4409,PTCH2
4410,AKR1A1
4411,PRDX1
4412,PIK3R3
4413,TSPAN1
4414,BLZF1
4415,CCDC181
4416,SLC19A2
4417,FAAH
4418,NSUN4
4419,TMED5
4420,MROH9
4421,DR1
4422,CNN3
4423,PRRC2C
4424,F3
4425,ABCD3
4426,VAMP4
4427,DPH5
4428,FASLG
4429,PTBP2
4430,TNFSF4
4431,PRDX6
4432,DARS2
4433,HSD11B1
4434,IRF6
4435,UTP25
4436,PLPPR5
4437,PLPPR4
4438,SERPINC1
4439,RCAN3
4440,SYF2
4441,RSRP1
4442,SLC35A3
4443,RCOR3
4444,STMN1
4445,MTFR1L
4446,MAN1C1
4447,NEK2
4448,DHDDS
4449,NENF
4450,NSL1
4451,PROX1
4452,ARID1A
4453,CENPF
4454,RPA2
4455,PPP1R8
4456,STX12
4457,SLC5A9
4458,OSBPL9
4459,TXNDC12
4460,ESYT2
4461,MESD
4462,RCN2
4463,CHRNB4
4464,MUC5B
4465,CTSD
4466,COLEC11
4467,STAG1
4468,A4GNT
4469,STK11
4470,KMT2A
4471,TREH
4472,IFT46
4473,MMP8
4474,APOA1
4475,ZNF541
4476,SLC8A2
4477,KPTN
4478,RPS25
4479,KIF14
4480,TNNT2
4481,DDX59
4482,CAMSAP2
4483,ATF6
4484,CRYGD
4485,MREG
4486,TNP1
4487,FASTKD2
4488,NRP2
4489,CREB1
4490,KLF7
4491,TTR
4492,B4GALT6
4493,C1orf54
4494,CA14
4495,ATP10B
4496,SPCS2
4497,USP35
4498,ELOVL4
4499,FILIP1
4500,HMGN3
4501,UBE3D
4502,CNR1
4503,ANKRD13C
4504,SGIP1
4505,PHF3
4506,ADGB
4507,PLAGL1
4508,FBXO30
4509,TNFAIP3
4510,AKAP7
4511,RAB32
4512,MYB
4513,ALDH8A1
4514,SGK1
4515,RNF146
4516,ARG1
4517,TCF21
4518,PMFBP1
4519,FBXL5
4520,MED28
4521,SLC16A7
4522,RXYLT1
4523,VAMP8
4524,DCLRE1B
4525,MYL12B
4526,FOXO3
4527,ARMC2
4528,GHRH
4529,TGIF2
4530,CASQ2
4531,OLFM3
4532,PKD2
4533,ABCG2
4534,SPP1
4535,STBD1
4536,CCNI
4537,RARRES1
4538,MFSD1
4539,RAB3GAP2
4540,EEF2KMT
4541,PPL
4542,UBN1
4543,KLF12
4544,UCHL3
4545,PCDH17
4546,HS1BP3
4547,LDAH
4548,WDR35
4549,CCND2
4550,FGF23
4551,ELL2
4552,DNAH7
4553,CYP20A1
4554,NDUFB3
4555,GTF3C3
4556,SATB2
4557,UBE2B
4558,TRPM6
4559,GDA
4560,KLF9
4561,TJP2
4562,ITGB1BP1
4563,CPSF3
4564,PIGZ
4565,SENP5
4566,CCDC92
4567,C1orf198
4568,TRIM67
4569,HEATR1
4570,PTBP3
4571,RAD23B
4572,FKBP15
4573,CTNNAL1
4574,SET
4575,PTPA
4576,GLE1
4577,RAB14
4578,CNTRL
4579,TRIM32
4580,FBXW2
4581,PHF19
4582,NEK6
4583,BSPRY
4584,PPP6C
4585,NDUFA8
4586,HDHD3
4587,RBM18
4588,SLC46A2
4589,HSDL2
4590,MAPKAP1
4591,NR4A3
4592,INVS
4593,GALNT12
4594,DENND1A
4595,ALG2
4596,CSF3R
4597,KDSR
4598,VPS4B
4599,ONECUT2
4600,C19orf25
4601,ZBTB45
4602,YLPM1
4603,DCAF4
4604,PROX2
4605,FCF1
4606,PGF
4607,IFI27L2
4608,BBOF1
4609,NEK9
4610,ACYP1
4611,IFT43
4612,NPC2
4613,DNAL1
4614,IRF2BPL
4615,ACOT2
4616,LTBP2
4617,AREL1
4618,MLH3
4619,TTLL5
4620,FLVCR2
4621,ABCD4
4622,DLST
4623,PPP4R4
4624,TGFB3
4625,ZC2HC1C
4626,SLIRP
4627,RBM25
4628,ALDH6A1
4629,GPR68
4630,ESRRB
4631,EIF2B2
4632,NRDE2
4633,COQ6
4634,ZNF410
4635,RHOQ
4636,GPR75
4637,SUPT7L
4638,KLHL29
4639,DNMT3A
4640,TMEM214
4641,ATAD2B
4642,FKBP1B
4643,ATL2
4644,YPEL5
4645,FAM98A
4646,YIPF4
4647,AFTPH
4648,LGALSL
4649,CNRIP1
4650,BCL11A
4651,CRIPT
4652,EPCAM
4653,SLC17A5
4654,OGFRL1
4655,SLF2
4656,IDE
4657,TECTB
4658,ELOVL3
4659,IFIT3
4660,NKX2-3
4661,IFIT2
4662,GPAM
4663,CUTC
4664,PPP1R3C
4665,PYROXD2
4666,CNNM1
4667,MXI1
4668,SMNDC1
4669,C10orf88
4670,HELLS
4671,PRLHR
4672,TCTN3
4673,AVPI1
4674,WDR11
4675,ARMH3
4676,KCNIP2
4677,CFAP58
4678,GOT1
4679,CPN1
4680,C10orf95
4681,SFRP5
4682,GNA13
4683,HOXB8
4684,HOXB5
4685,HOXB3
4686,HOXB1
4687,DUSP1
4688,PANK3
4689,MSX2
4690,TEK
4691,RCL1
4692,CAAP1
4693,EQTN
4694,MOB3B
4695,INSL6
4696,INSL4
4697,MLANA
4698,CD274
4699,GRIA2
4700,NUP43
4701,MTHFD1L
4702,LRP11
4703,CCDC170
4704,PCMT1
4705,PLEKHG1
4706,MYCT1
4707,CYSTM1
4708,WDR55
4709,ARAP3
4710,PCDHB8
4711,PCDHB10
4712,PCDHB14
4713,SLC25A2
4714,TNN
4715,MRPS14
4716,CENPL
4717,TNFSF18
4718,SEC16B
4719,GORAB
4720,GPR31
4721,ACAT2
4722,TCP1
4723,SNX19
4724,KCNJ5
4725,MSANTD2
4726,TP53AIP1
4727,TEX11
4728,ARR3
4729,PDZD11
4730,SLC10A7
4731,NUDCD1
4732,ENY2
4733,MASTL
4734,KIAA1217
4735,PLXDC2
4736,EPC1
4737,IQSEC3
4738,CCDC77
4739,TAF12
4740,ENOX1
4741,TNFSF11
4742,MTRF1
4743,SPART-AS1
4744,SOHLH2
4745,DNAJC15
4746,PROSER1
4747,UFM1
4748,WBP4
4749,ELF1
4750,SMAD9
4751,HSPH1
4752,KBTBD7
4753,ALG5
4754,EXOSC8
4755,ETF1
4756,TGFBI
4757,FAM53C
4758,SIL1
4759,PAIP2
4760,MYOT
4761,KDM3B
4762,EGR1
4763,SERP1
4764,PLS1
4765,ZFP30
4766,NR2C1
4767,UTP20
4768,TMPO
4769,ARL1
4770,GLT8D2
4771,MTERF2
4772,SOCS2
4773,NFYB
4774,WASHC3
4775,APAF1
4776,DUSP4
4777,CLU
4778,TNFRSF10B
4779,SORBS3
4780,PTK2B
4781,CHRNA2
4782,ADRA1A
4783,PPP3CC
4784,PDLIM2
4785,EPHX2
4786,RNF170
4787,NPPB
4788,UBIAD1
4789,TARDBP
4790,TNFRSF8
4791,ZNF706
4792,LYPLA1
4793,CRISPLD1
4794,COPS5
4795,RDH10
4796,EPX
4797,AKAP1
4798,COIL
4799,TRIM25
4800,SCPEP1
4801,SPOP
4802,TBX2
4803,SLC35B1
4804,TBX4
4805,TEX14
4806,FAM117A
4807,NCAPH
4808,LRAT
4809,TMEM131L
4810,MND1
4811,TRIM6
4812,ABCC11
4813,TENT4B
4814,ADCY7
4815,CEP89
4816,TSHZ3
4817,ECHDC2
4818,PLBD1
4819,PRB2
4820,PYROXD1
4821,KCNJ8
4822,TAS2R7
4823,BCL2L14
4824,PSPC1
4825,ZNF549
4826,A1BG
4827,ZSCAN18
4828,ZNF211
4829,PDZRN3
4830,RGSL1
4831,LHX4
4832,RNF2
4833,TRMT1L
4834,SEC22A
4835,CSTA
4836,DPPA4
4837,POPDC2
4838,B4GALT4
4839,NAA50
4840,CD80
4841,KIF18A
4842,DESI2
4843,MAPK8IP1
4844,CRY2
4845,PEX16
4846,DEPDC7
4847,CAT
4848,PILRB
4849,ZMYM2
4850,GJB6
4851,GJA3
4852,TBC1D15
4853,ADGRB2
4854,HCRTR1
4855,ZCCHC17
4856,FABP3
4857,KHDRBS1
4858,TMEM39B
4859,CCRL2
4860,CCR2
4861,POLR3GL
4862,GHSR
4863,TNFSF10
4864,ZNF639
4865,SLITRK3
4866,PIK3CA
4867,PDS5A
4868,TMEM156
4869,LIAS
4870,CPXM2
4871,TMEM54
4872,ZSCAN20
4873,CSMD2
4874,HPCA
4875,LRIF1
4876,TMIGD3
4877,CLCC1
4878,GPSM2
4879,CXCR4
4880,ZRANB3
4881,ACVR2A
4882,POLK
4883,SV2C
4884,FLT3
4885,RPL21
4886,MTIF3
4887,GTF3A
4888,RASL11A
4889,UBL3
4890,FYTTD1
4891,MTERF4
4892,XPNPEP2
4893,SASH3
4894,OCRL
4895,PAEP
4896,OBP2A
4897,MRPS2
4898,FMOD
4899,LAX1
4900,PLG
4901,KIAA1191
4902,COPA
4903,CD244
4904,LY9
4905,HS3ST2
4906,RBBP6
4907,ZC3H7A
4908,SERAC1
4909,ANXA11
4910,LDB3
4911,OPN4
4912,SHLD2
4913,ZNF205
4914,NAA60
4915,RPL5
4916,ODF2L
4917,PTGFR
4918,SPATA1
4919,TRMT13
4920,LRRC39
4921,RWDD3
4922,ZNF644
4923,CCDC18
4924,RPAP2
4925,BBS9
4926,PMS2
4927,ZMIZ2
4928,OCM
4929,EEPD1
4930,KIAA0087
4931,KLHL7
4932,HERPUD2
4933,CBX3
4934,HNRNPA2B1
4935,WIPF3
4936,NXPH1
4937,NPY
4938,HOXA7
4939,INHBA
4940,FKBP9
4941,NT5C3A
4942,ARL4A
4943,CCZ1
4944,POLM
4945,RAMP3
4946,MRM2
4947,TWIST1
4948,SMU1
4949,GLIPR2
4950,SLC25A51
4951,CLTA
4952,RECK
4953,SPINK4
4954,ACO1
4955,PHF24
4956,DNAI1
4957,DCAF10
4958,CNTFR
4959,KIAA1549
4960,TRIM24
4961,CYREN
4962,CALD1
4963,AKR1D1
4964,NUDT10
4965,NEUROG3
4966,PLAU
4967,SRGN
4968,CHST3
4969,BICC1
4970,CISD1
4971,EGR2
4972,ECD
4973,P4HA1
4974,SLC25A16
4975,ZWINT
4976,VPS26A
4977,RBM19
4978,CIT
4979,IFT81
4980,ACADS
4981,HVCN1
4982,DDX54
4983,MED13L
4984,CDKN2C
4985,RNF11
4986,RASSF8
4987,BHLHE41
4988,SSPN
4989,ITPR2
4990,CCDC91
4991,NECAB1
4992,WWP1
4993,ACOT9
4994,PRDX4
4995,DDX39A
4996,PKN1
4997,TRIR
4998,ADGRE5
4999,WDR83
5000,GIPC1
5001,CCDC70
5002,SPRYD7
5003,EBPL
5004,ATP7B
5005,ZC3H13
5006,NLN
5007,CENPK
5008,OPTN
5009,ITIH5
5010,ATF1
5011,TSFM
5012,NEUROD4
5013,ARHGAP9
5014,NCKAP1L
5015,MMP19
5016,PFDN5
5017,SPATS2
5018,ORMDL2
5019,NR4A1
5020,PDE1B
5021,HOXC13
5022,CDK2
5023,LRP1
5024,HOXC11
5025,ATG101
5026,NFE2
5027,HOXC12
5028,IKZF4
5029,SMUG1
5030,TUBA1B
5031,EEF1AKMT3
5032,KBTBD4
5033,SARDH
5034,DBH
5035,ATPAF1
5036,STIL
5037,HJURP
5038,IL13RA2
5039,COL10A1
5040,AMD1
5041,NDUFAF4
5042,USP45
5043,PLP1
5044,SERPINA7
5045,MORF4L2
5046,RAB9B
5047,NRK
5048,FAM199X
5049,MAGEA9
5050,RAB9A
5051,METTL8
5052,TTC21B
5053,NMI
5054,TNFAIP6
5055,ACVR1C
5056,BAZ2B
5057,SLC36A1
5058,LPGAT1
5059,BATF3
5060,G0S2
5061,KCNJ2
5062,RAP2C
5063,EXOSC9
5064,PLA2G12A
5065,B9D2
5066,COQ8B
5067,PFKFB2
5068,C4BPA
5069,C4BPB
5070,RAB38
5071,GPR83
5072,AGO2
5073,MXD4
5074,CKS2
5075,DAW1
5076,ACSL3
5077,CHPF
5078,DNPEP
5079,INHA
5080,MOGAT1
5081,OBSL1
5082,FAM124B
5083,SLC12A4
5084,ENKD1
5085,CTCFL
5086,FAM210B
5087,PI3
5088,FAM209A
5089,SNX21
5090,SLPI
5091,WFDC3
5092,TTPAL
5093,PREX1
5094,KCNS1
5095,SLC12A5
5096,ARHGAP40
5097,SDC4
5098,NCOA3
5099,PIGT
5100,SEMG2
5101,MATN4
5102,NCOA5
5103,VAPB
5104,PARD6B
5105,ATP5F1E
5106,CHD6
5107,PLCG1
5108,TOX2
5109,SRSF6
5110,GDAP1L1
5111,GTSF1L
5112,ARFGEF2
5113,ZNFX1
5114,ZNF831
5115,EDN3
5116,CSE1L
5117,RAB22A
5118,PTGIS
5119,STAU1
5120,CDH26
5121,SNAI1
5122,MOCS3
5123,STX16
5124,PMEPA1
5125,RNF114
5126,ANKRD60
5127,DDX27
5128,RBPJL
5129,SEMG1
5130,BCAS4
5131,KCNK15
5132,TP53TG5
5133,PCK1
5134,ZBP1
5135,NEURL2
5136,MAGEA10
5137,MTRR
5138,FASTKD3
5139,PEPD
5140,CHST8
5141,IQSEC2
5142,VAMP7
5143,XG
5144,STAMBP
5145,NAGK
5146,MCEE
5147,PAIP2B
5148,SNRNP27
5149,MPHOSPH10
5150,IL17C
5151,ATP8A1
5152,USP22
5153,POF1B
5154,HIF3A
5155,ZNF576
5156,ZNF45
5157,LYPD3
5158,NDP
5159,USP9X
5160,CRISP2
5161,F13A1
5162,GRM4
5163,TRERF1
5164,PACSIN1
5165,BTN2A2
5166,SIRT5
5167,MRS2
5168,WRNIP1
5169,RRP36
5170,SNRPC
5171,SLC17A3
5172,SERPINB6
5173,XPO5
5174,ABCC10
5175,PEX6
5176,NQO2
5177,OARD1
5178,UNC5CL
5179,AARS2
5180,ZNF391
5181,RPS10
5182,MOCS1
5183,MED20
5184,OR2B6
5185,TBCC
5186,SPDEF
5187,TCP11
5188,MAD2L1BP
5189,APOBEC2
5190,KLHDC3
5191,GNMT
5192,DNAH8
5193,TREM1
5194,MEA1
5195,KLHL31
5196,COL21A1
5197,CDKN1A
5198,SOX4
5199,GLO1
5200,CPNE5
5201,KCNK17
5202,RREB1
5203,SSR1
5204,RIOK1
5205,NRN1
5206,SLC35B3
5207,RPP40
5208,ATXN1
5209,NUP153
5210,DEK
5211,EEF1E1
5212,CRISP1
5213,RUNX2
5214,OPN5
5215,LRRFIP1
5216,RAB17
5217,CXCL6
5218,EREG
5219,MYRF
5220,SCGB1D2
5221,SCGB2A1
5222,AHNAK
5223,EMC3
5224,SSUH2
5225,WNT1
5226,SH3TC1
5227,CNOT1
5228,BBS2
5229,MT1G
5230,MT2A
5231,GOT2
5232,DOK4
5233,PIWIL1
5234,GPR18
5235,CLYBL
5236,TMTC4
5237,RAP2A
5238,SLC10A2
5239,ABCC4
5240,EFNB2
5241,SOX21
5242,TM9SF2
5243,KIF25
5244,IRF1
5245,UPF3B
5246,RNF113A
5247,TMEM255A
5248,NDUFA1
5249,AMELX
5250,BMP4
5251,PTGER2
5252,FAM193A
5253,GRK4
5254,SOX9
5255,TEKT3
5256,MYH2
5257,HS3ST3B1
5258,SLC25A35
5259,MRPS7
5260,GGA3
5261,ARMC7
5262,NUP85
5263,SLC25A19
5264,MIF4GD
5265,NT5C
5266,MSTO1
5267,TTF1
5268,GTF3C4
5269,DDX31
5270,BARHL1
5271,PPP1R12C
5272,SRMS
5273,SLC2A4RG
5274,FNDC11
5275,BHLHE23
5276,PPDPF
5277,IL1B
5278,PLGLB2
5279,IL37
5280,CHCHD5
5281,PAX8
5282,INSIG2
5283,POLR1B
5284,CCDC93
5285,PSD4
5286,SLC25A23
5287,PSPN
5288,GTF2F1
5289,ALKBH7
5290,CLPP
5291,TNFSF9
5292,GRIA3
5293,THOC2
5294,MED1
5295,RPL23
5296,ATG4C
5297,CD70
5298,C3
5299,SH2D3A
5300,TRIP10
5301,GPR108
5302,TNFSF14
5303,FOSB
5304,OPA3
5305,SNRPD2
5306,RTN2
5307,EML2
5308,VASP
5309,SYMPK
5310,GPCPD1
5311,SDCBP2
5312,PANK2
5313,TGM3
5314,GNRH2
5315,DEFB126
5316,FOXA2
5317,CD93
5318,GZF1
5319,PAX1
5320,NAPB
5321,CENPB
5322,PSMF1
5323,NKX2-2
5324,DTD1
5325,CSTL1
5326,RBCK1
5327,TMX4
5328,STK35
5329,SNRPB
5330,NRSN2
5331,AP5S1
5332,RRBP1
5333,BMP2
5334,ZNF133
5335,FLRT3
5336,OVOL2
5337,PCSK2
5338,MKKS
5339,BFSP1
5340,DSTN
5341,LAMP5
5342,SNRPB2
5343,MGME1
5344,LRRN4
5345,TBC1D20
5346,ITPA
5347,TCF15
5348,OTOR
5349,MCM8
5350,BANF2
5351,TMEM74B
5352,FAM110A
5353,SIRPD
5354,MRPS26
5355,S1PR4
5356,NCLN
5357,CITED1
5358,ZNF436
5359,MAX
5360,CHURC1-FNTB
5361,ARMCX5
5362,GDF5
5363,MMP24
5364,NECAB3
5365,ID1
5366,RALY
5367,DYNLRB1
5368,EIF2S2
5369,ERGIC3
5370,ROMO1
5371,FAM83C
5372,BPIFB1
5373,CEP250
5374,PLAGL2
5375,MMP24OS
5376,GRPR
5377,KDM5C
5378,AMOT
5379,TMEM115
5380,PSMB2
5381,AGO3
5382,UROD
5383,ST3GAL3
5384,TMEM53
5385,HECTD3
5386,KLC1
5387,XRCC3
5388,TUBGCP3
5389,MCF2L
5390,F10
5391,PCID2
5392,PROZ
5393,SLURP1
5394,LRFN3
5395,IGFLR1
5396,CAPNS1
5397,PDCD2L
5398,GPR42
5399,RBM42
5400,KIRREL2
5401,UBA2
5402,FFAR2
5403,HCST
5404,FFAR1
5405,COX6B1
5406,KRT36
5407,THRA
5408,CCR7
5409,NR1D1
5410,FRMD8
5411,PRDX5
5412,BCL2L12
5413,IRF3
5414,PRMT1
5415,RRAS
5416,PRRG2
5417,SCAF1
5418,PRR12
5419,TSKS
5420,FLRT1
5421,ASL
5422,SBDS
5423,CSN1S1
5424,STAT5A
5425,WNK4
5426,BECN1
5427,PRKCG
5428,TRAP1
5429,GLIS2
5430,NSRP1
5431,DNAJC8
5432,AHDC1
5433,IFI6
5434,DACH2
5435,ZNF384
5436,EMG1
5437,UXT
5438,CFP
5439,ELK1
5440,PCNX4
5441,ATG14
5442,KTN1
5443,SIX1
5444,RHOJ
5445,DLGAP5
5446,L3HYPDH
5447,HSPA2
5448,ZBTB1
5449,TRMT5
5450,PLEKHG3
5451,PZP
5452,PRDM7
5453,RHOT1
5454,EVI2A
5455,AIF1L
5456,FAM78A
5457,NUP214
5458,CTAG2
5459,AVPR2
5460,SLC10A3
5461,MAP2K2
5462,HNRNPH2
5463,ARMCX1
5464,TMEM35A
5465,TIMM8A
5466,ZC4H2
5467,INTS11
5468,RGS13
5469,IPPK
5470,ZNF484
5471,OMD
5472,FGD3
5473,HIVEP3
5474,PPCS
5475,EDN2
5476,BCL11B
5477,COX7C
5478,TRAF2
5479,ABHD8
5480,MASP1
5481,ATP13A4
5482,HELB
5483,RAP1B
5484,IL22
5485,TSPAN8
5486,BEST3
5487,RAB3IP
5488,PTPRB
5489,DYRK2
5490,YEATS4
5491,TAS2R4
5492,TAS2R5
5493,CRYGN
5494,LRRC61
5495,TRPV5
5496,IDUA
5497,FGFRL1
5498,TMEM175
5499,AUNIP
5500,PIN1
5501,FBXL12
5502,EMC1
5503,PLA2G5
5504,UBR4
5505,HP1BP3
5506,ADGRE2
5507,SIN3B
5508,SLC35E1
5509,EPS15L1
5510,KLF2
5511,OR7C1
5512,F2RL3
5513,UQCR11
5514,GFER
5515,SYNGR3
5516,PKMYT1
5517,WFIKKN1
5518,WDR24
5519,FBXL16
5520,CHTF18
5521,GNG13
5522,MACF1
5523,SMARCA4
5524,KDM4B
5525,TICAM1
5526,METTL25
5527,IL17B
5528,EMC6
5529,METTL16
5530,TUBA4A
5531,VIL1
5532,AAMP
5533,PNKD
5534,TNFRSF19
5535,RNF6
5536,ECHS1
5537,ZNF835
5538,AKAP9
5539,GNG11
5540,SEM1
5541,GNGT1
5542,HIP1
5543,PTPN12
5544,POR
5545,FGL2
5546,STYXL1
5547,STEAP4
5548,GNAI1
5549,PEX1
5550,MTERF1
5551,SGCE
5552,RBM48
5553,CASD1
5554,LRFN1
5555,ZFP36
5556,SRD5A3
5557,SPINK2
5558,RASL11B
5559,PAICS
5560,KDR
5561,PPAT
5562,TUBGCP6
5563,ADM2
5564,DGCR6L
5565,DGCR8
5566,ASPHD2
5567,VPREB3
5568,SDF2L1
5569,GAL3ST1
5570,YWHAH
5571,RFPL1
5572,RFPL2
5573,GNAZ
5574,MGAT3
5575,ADORA2A
5576,ATF4
5577,A4GALT
5578,CDC42EP1
5579,APOL3
5580,MCHR1
5581,TPST2
5582,BAIAP2L2
5583,MPST
5584,GALR3
5585,TST
5586,IGLL1
5587,APOL2
5588,RAC2
5589,LIF
5590,C22orf23
5591,APOBEC3F
5592,RIBC2
5593,KRT17
5594,EMC4
5595,RNF112
5596,SPECC1
5597,CPA4
5598,DOCK4
5599,POT1
5600,ATP6V1F
5601,LSM8
5602,CDHR3
5603,PRKRIP1
5604,VGF
5605,PODXL
5606,FOXP2
5607,STRIP2
5608,IFT22
5609,MKLN1
5610,DNAJB9
5611,FLNC
5612,LRRC4
5613,CALU
5614,CCDC136
5615,SMO
5616,IRF5
5617,LRRC17
5618,KLHDC10
5619,NDUFA5
5620,FEZF1
5621,OPN1SW
5622,MRPS12
5623,MYO1B
5624,HOXD1
5625,HOXD3
5626,MTX2
5627,PDE11A
5628,CHN1
5629,GAD1
5630,OSGEPL1
5631,ORMDL1
5632,HOXD9
5633,HOXD10
5634,HOXD11
5635,HOXD13
5636,SNRPN
5637,PSMG2
5638,TWSG1
5639,ARHGAP22
5640,WDFY4
5641,EIF2AK4
5642,MYO5C
5643,CGNL1
5644,TMOD2
5645,TTBK2
5646,ELL3
5647,CCDC32
5648,INO80
5649,ICE2
5650,DLL4
5651,ALDH1A2
5652,MINDY2
5653,IVD
5654,KNSTRN
5655,DUT
5656,CHAC1
5657,CLN6
5658,ARPP19
5659,VPS13C
5660,CALML4
5661,ISLR
5662,THAP10
5663,LOXL1
5664,ACKR4
5665,ANAPC13
5666,MBD4
5667,COPB1
5668,PSMA1
5669,SUMF2
5670,PALLD
5671,SPCS3
5672,BBOX1
5673,SERGEF
5674,KCNC1
5675,TPH1
5676,CSRP3
5677,E2F8
5678,DCTD
5679,SOX15
5680,PIMREG
5681,RPAIN
5682,USP6
5683,SHBG
5684,PLD2
5685,AIPL1
5686,CD68
5687,TXNDC17
5688,ATP1B2
5689,FXR2
5690,KIF1C
5691,MPDU1
5692,PHF20L1
5693,CCNT1
5694,PUS7L
5695,KRI1
5696,ILF3
5697,SLC44A2
5698,AP1M2
5699,CDKN2D
5700,MTUS1
5701,KLK14
5702,SIGLEC9
5703,KLK10
5704,KLK8
5705,NGDN
5706,ADCY4
5707,RAB2B
5708,BCL2L2
5709,AJUBA
5710,DTD2
5711,HEATR5A
5712,FOXA1
5713,SNX6
5714,EAPP
5715,EGLN3
5716,MIS18BP1
5717,RNASE1
5718,DAD1
5719,EPB41L4A
5720,CDO1
5721,REEP5
5722,ITFG1
5723,QRICH2
5724,FOXJ1
5725,SEC14L1
5726,RHBDF2
5727,AANAT
5728,ARHGEF6
5729,MAP7D3
5730,FGF13
5731,ASH2L
5732,TTI2
5733,CHRNA10
5734,SGO1
5735,RPS4Y1
5736,CDH15
5737,KLF16
5738,DOHH
5739,MAU2
5740,SHC2
5741,ABHD17A
5742,LBP
5743,SYT5
5744,TNNI3
5745,CBFA2T3
5746,GAMT
5747,PUDP
5748,ERMARD
5749,PHF10
5750,PRRG3
5751,GALNT8
5752,KCNA5
5753,CRACR2A
5754,NXNL2
5755,STARD8
5756,GDPD2
5757,SAT1
5758,GNL3L
5759,SH3BP4
5760,MOSPD2
5761,DOCK6
5762,ECSIT
5763,LDLR
5764,ELOF1
5765,TSPAN16
5766,ANGPTL8
5767,PRKCSH
5768,CNN1
5769,CDC16
5770,ZSCAN10
5771,THEM6
5772,NECTIN2
5773,APOE
5774,TOMM40
5775,APOC1
5776,GADD45G
5777,LRCH2
5778,DPP6
5779,XPO7
5780,ACE2
5781,FAM98C
5782,SAFB2
5783,RPL36
5784,ATP8B3
5785,NCAN
5786,KIF1A
5787,GTPBP3
5788,PLVAP
5789,BST2
5790,SLC27A1
5791,NSUN5
5792,USHBP1
5793,COLGALT1
5794,DDA1
5795,MRPL34
5796,PGLS
5797,LSM7
5798,TULP4
5799,SNX9
5800,RTN4IP1
5801,QRSL1
5802,RSPH3
5803,MAS1
5804,ACSBG2
5805,MLLT1
5806,FUT5
5807,AFDN
5808,STK33
5809,NDUFA10
5810,EPO
5811,ARPC1B
5812,CACNG6
5813,ZSWIM6
5814,FCHO1
5815,UNC13A
5816,MAP1S
5817,KLHDC7B
5818,PXDN
5819,SSBP4
5820,GDF15
5821,PGPEP1
5822,IQCN
5823,LSM4
5824,JUND
5825,HRC
5826,TRPM4
5827,SULT4A1
5828,ZNF557
5829,CRB3
5830,OLFM1
5831,CAMSAP1
5832,UBAC1
5833,SAG
5834,ZBTB46
5835,HELZ2
5836,SAMD10
5837,LSP1
5838,TNNI2
5839,COL5A1
5840,ATXN10
5841,TUBGCP2
5842,CALY
5843,CYP2E1
5844,PNPLA7
5845,HBZ
5846,PAK4
5847,MNX1
5848,ZNF337
5849,CEP85
5850,GATA5
5851,RBBP8NL
5852,LAMA5
5853,OSBPL2
5854,ADRM1
5855,ASS1
5856,PRDM12
5857,EXOSC2
5858,POMT1
5859,UCK1
5860,FIBCD1
5861,CHMP2A
5862,UBE2M
5863,TRIM28
5864,METTL26
5865,YIPF2
5866,ATG4D
5867,EIF2S3
5868,TMEM160
5869,ZC3H4
5870,NPAS1
5871,MAP3K10
5872,ARHGEF16
5873,LRRC47
5874,SMPDL3B
5875,ATP5IF1
5876,MED18
5877,THEMIS2
5878,CLIP1
5879,CCDC62
5880,HIP1R
5881,ZNF317
5882,PPAN
5883,EIF3G
5884,ANGPTL6
5885,DNMT1
5886,ZNF426
5887,SLC6A8
5888,PNCK
5889,DKC1
5890,PLXNA3
5891,DUSP9
5892,MPP1
5893,ZNF331
5894,ZNF236
5895,SLC7A10
5896,LRP3
5897,NOL11
5898,UBE4B
5899,CASZ1
5900,PKDREJ
5901,HSD17B3
5902,NUTM2F
5903,HABP4
5904,FBP2
5905,SLC35D2
5906,PRRG1
5907,UBA1
5908,RGN
5909,POLN
5910,PPIL4
5911,ULBP2
5912,AKAP12
5913,SYNE1
5914,ULBP3
5915,LATS1
5916,EPS8L1
5917,AAR2
5918,TTLL9
5919,BPIFA2
5920,RBM39
5921,COX4I2
5922,ZNF341
5923,GGT7
5924,ACSS2
5925,EDA2R
5926,ARHGEF9
5927,C1QL1
5928,GFAP
5929,PYY
5930,HIGD1B
5931,ATP6V1E1
5932,ZNF227
5933,ZNF428
5934,TEX101
5935,ZNF141
5936,CCL25
5937,COX4I1
5938,EMC8
5939,GSE1
5940,GINS2
5941,CHMP1A
5942,SH3BGRL
5943,COX7B
5944,SLC34A1
5945,F12
5946,PRR7
5947,NFATC1
5948,IDO1
5949,CAP1
5950,PPT1
5951,RAB11FIP4
5952,RLIM
5953,ABCB7
5954,TRAF3
5955,HAUS8
5956,ADGRE3
5957,MRPS25
5958,SH3BP5
5959,HACL1
5960,TBC1D5
5961,CAPN7
5962,RFTN1
5963,C3orf20
5964,RBSN
5965,GALNT15
5966,SLC6A6
5967,KCNC3
5968,NAPSA
5969,NR1H2
5970,LRRC4B
5971,PDLIM4
5972,KIF3A
5973,MGAT1
5974,GFPT2
5975,TUBG1
5976,PSME3
5977,RPL27
5978,PSMC3IP
5979,AOC3
5980,ACLY
5981,VPS25
5982,RAMP2
5983,AOC2
5984,NDUFA2
5985,ANKHD1
5986,DIAPH1
5987,NDFIP1
5988,UBE2D2
5989,EXOC4
5990,ACAP3
5991,C1orf159
5992,ANO1
5993,TMEM204
5994,KREMEN2
5995,THOC6
5996,TRAF7
5997,BARX1
5998,NINJ1
5999,NPHP4
6000,MAP1B
6001,IL13RA1
6002,WDR44
6003,CKMT2
6004,ZCCHC9
6005,KRT33B
6006,TNS4
6007,TOP2A
6008,STARD3
6009,RARA
6010,PPP1R1B
6011,KHDRBS3
6012,CHD1L
6013,PEX11B
6014,FMO5
6015,PIAS3
6016,PRKAB2
6017,FSHB
6018,PDHA1
6019,RAI2
6020,ZNF304
6021,ZSCAN5A
6022,ZNF132
6023,SELENOS
6024,CHSY1
6025,SNRPA1
6026,LLGL1
6027,NR0B2
6028,LIN28A
6029,THAP1
6030,RHPN2
6031,C19orf12
6032,FAAP24
6033,LRRC9
6034,ACTR10
6035,ABHD12B
6036,GCH1
6037,LGALS3
6038,DNAJB1
6039,ZSWIM4
6040,FBXW9
6041,ZNF20
6042,DCAF15
6043,RTBDN
6044,MATN3
6045,TRIM21
6046,SPATA6
6047,LRRC41
6048,CCT6B
6049,DHX30
6050,RAF1
6051,SLC6A11
6052,PPARG
6053,NUP210
6054,FCRLA
6055,HSD17B7
6056,ENOSF1
6057,EMILIN2
6058,SLX1A
6059,ARFIP2
6060,TRIM5
6061,CNGA4
6062,TRIM22
6063,RRP8
6064,TIMM10B
6065,EFR3A
6066,HHLA1
6067,PTCD3
6068,IMMT
6069,MRPL35
6070,ILKAP
6071,PER2
6072,RAMP1
6073,SCLY
6074,PTPRE
6075,RAN
6076,PRKAA1
6077,CARD6
6078,RAP1GAP2
6079,CLUH
6080,INPP5K
6081,MYBBP1A
6082,RPA1
6083,UBE2G1
6084,TBC1D14
6085,TMEM128
6086,COQ3
6087,PNISR
6088,POPDC3
6089,SEC61G
6090,LANCL2
6091,FIGNL1
6092,DDC
6093,GRSF1
6094,ENAM
6095,JCHAIN
6096,ANKRD17
6097,UTP3
6098,ITGB4
6099,WBP2
6100,UNK
6101,TRIM47
6102,ZRANB2
6103,EIF5A
6104,KDM6B
6105,CLEC10A
6106,SLC52A1
6107,GUCY2D
6108,XAF1
6109,DLG4
6110,RIDA
6111,VPS13B
6112,RGS22
6113,MATN2
6114,REEP2
6115,PCBD2
6116,SDF2
6117,FLOT2
6118,ERAL1
6119,PRMT7
6120,NIP7
6121,TERF2
6122,VPS4A
6123,HSPA12B
6124,ANKEF1
6125,PCED1A
6126,SNAP25
6127,BTBD3
6128,PCNA
6129,NXT1
6130,POLR3F
6131,RIN2
6132,PTPRA
6133,SSTR4
6134,DAP3
6135,RHBG
6136,KHDC4
6137,ATP1A4
6138,NES
6139,BCAN
6140,CRP
6141,ARHGEF11
6142,RAB25
6143,FCRL2
6144,DCAF8
6145,SYT11
6146,IGHMBP2
6147,ACY3
6148,ALDH3B2
6149,TESMIN
6150,MMACHC
6151,DPH2
6152,TOE1
6153,NASP
6154,MUTYH
6155,CTNNBL1
6156,LPIN3
6157,ZSWIM3
6158,RBM38
6159,VSTM2L
6160,OSER1
6161,SERINC3
6162,PPP1R3D
6163,DMGDH
6164,BHMT2
6165,AP3B1
6166,ZBED3
6167,PATJ
6168,KANK4
6169,ANGPTL3
6170,SYT4
6171,SLC14A2
6172,FBXO44
6173,CPLANE2
6174,CASP9
6175,NMUR2
6176,DCTN4
6177,PDE6A
6178,ATP8A2
6179,MTUS2
6180,ZMYM5
6181,USPL1
6182,XPO4
6183,TPTE2
6184,POMP
6185,CDK8
6186,ALOX5AP
6187,WASF3
6188,RNF17
6189,GPR12
6190,CHRM3
6191,MYH8
6192,MYH10
6193,PEMT
6194,SCO1
6195,MPRIP
6196,CHI3L1
6197,MYBPH
6198,PIK3C2B
6199,DSTYK
6200,CHIT1
6201,SLC41A1
6202,LGR6
6203,TMCC2
6204,DCLK1
6205,CCNA1
6206,COG6
6207,SPART
6208,RXFP2
6209,EPSTI1
6210,TRPC4
6211,POSTN
6212,RFXAP
6213,TPT1
6214,GPALPP1
6215,STOML3
6216,KL
6217,RFC3
6218,STARD13
6219,IRS4
6220,MORC4
6221,BEX2
6222,RNF128
6223,TBC1D8B
6224,TCEAL4
6225,BEX1
6226,SLC39A11
6227,EPHB2
6228,SRRM1
6229,BTBD2
6230,PRAM1
6231,KMT5C
6232,ZNF414
6233,PDE6B
6234,HSPBP1
6235,CSNK1G2
6236,SLF1
6237,CNDP2
6238,MACROD1
6239,WDR74
6240,LGALS12
6241,RTN3
6242,MYH11
6243,PDZD2
6244,MORC2
6245,LARGE1
6246,MYO18B
6247,C1QTNF6
6248,FAM83F
6249,SEC14L4
6250,GIMAP6
6251,GIMAP4
6252,ADCK2
6253,MKRN1
6254,AGAP3
6255,ACTR3B
6256,NTS
6257,BTG1
6258,LRRIQ1
6259,ATP13A3
6260,SFTPD
6261,DYDC2
6262,TMEM254
6263,TMTC1
6264,KRAS
6265,IPO8
6266,SPINK5
6267,IMPA1
6268,LRRCC1
6269,E2F5
6270,CA1
6271,CCDC59
6272,SWAP70
6273,LYVE1
6274,AMPD3
6275,SBF2
6276,MICAL2
6277,RRAS2
6278,HSD17B4
6279,ZFC3H1
6280,TEX15
6281,SARAF
6282,RNF122
6283,DUSP26
6284,DPF2
6285,MEN1
6286,ERG28
6287,GSC
6288,DGLUCY
6289,UNC79
6290,NUMB
6291,CATSPERB
6292,VRTN
6293,COX16
6294,TTC9
6295,MED6
6296,EIF2S1
6297,ADAM20
6298,LOXL2
6299,ELP3
6300,PEBP4
6301,ADAMDEC1
6302,CTIF
6303,MRO
6304,MBD2
6305,IER3IP1
6306,CCNB1
6307,CD180
6308,IRAK2
6309,CAMK1
6310,THUMPD3
6311,VHL
6312,BHLHE40
6313,ARL8B
6314,EDEM1
6315,CNTN6
6316,CHL1
6317,MEIS2
6318,DPH6
6319,KATNBL1
6320,EMC7
6321,GNAT2
6322,GSTM1
6323,PRPF38B
6324,REG4
6325,TSPAN2
6326,TSHB
6327,GSTM5
6328,GSTM3
6329,SYT6
6330,VAV3
6331,CHIA
6332,PSRC1
6333,HMGCS2
6334,PTPN22
6335,SORT1
6336,WNT2B
6337,PTGFRN
6338,LAMTOR5
6339,ADAM30
6340,NOTCH2
6341,TRIM45
6342,CEPT1
6343,CD101
6344,VTCN1
6345,NGF
6346,AP4B1
6347,NAPG
6348,SPIRE1
6349,PPHLN1
6350,FKBP11
6351,ARF3
6352,TMEM106C
6353,SLC38A2
6354,YWHAQ
6355,KIDINS220
6356,GRHL1
6357,ROCK2
6358,RSAD2
6359,MYCN
6360,LPIN1
6361,CMPK2
6362,IAH1
6363,LDHA
6364,SAA2
6365,ANO3
6366,IL6ST
6367,FST
6368,NAV1
6369,CDC73
6370,TIMM17A
6371,CRB1
6372,ERN2
6373,RPS15A
6374,RAX
6375,GRP
6376,FBH1
6377,RBM17
6378,IL2RA
6379,ANKRD16
6380,ECHDC3
6381,IL15RA
6382,CCNH
6383,HRH4
6384,KCTD1
6385,CABLES1
6386,DOCK2
6387,EMP1
6388,SOX5
6389,RERG
6390,SLCO1B1
6391,KLRD1
6392,KLRC1
6393,SPX
6394,LRP4
6395,MYBPC3
6396,DDB2
6397,ACP2
6398,USP26
6399,RTL8C
6400,RAB33A
6401,RBMX2
6402,STK26
6403,PIWIL4
6404,PUM1
6405,SPOCD1
6406,PHC2
6407,CDCA8
6408,GNL2
6409,AGO4
6410,HOOK1
6411,CYP2J2
6412,BTF3L4
6413,TUT4
6414,PRPF38A
6415,DSC2
6416,DSG3
6417,RNF138
6418,ELP2
6419,DSG1
6420,DSC3
6421,DSC1
6422,DTNA
6423,FHOD3
6424,TPGS2
6425,DAGLA
6426,SLC43A3
6427,TIMM10
6428,DHX34
6429,APLNR
6430,FADS2
6431,TMEM258
6432,TCN1
6433,C5AR2
6434,TMEM165
6435,CLOCK
6436,PDGFRA
6437,GGACT
6438,COL4A2
6439,CLDN10
6440,DZIP1
6441,UBAC2
6442,ARGLU1
6443,BIVM
6444,ERCC5
6445,TPP2
6446,CARS2
6447,ARHGAP32
6448,STT3A
6449,ADAMTS8
6450,ACRV1
6451,ETS1
6452,SLC37A2
6453,KLB
6454,TMED7
6455,APC
6456,NREP
6457,WDR36
6458,OSTF1
6459,RFK
6460,UBQLN1
6461,NAA35
6462,C9orf40
6463,ANXA1
6464,CTSL
6465,CEMIP2
6466,AGTPBP1
6467,GOLM1
6468,PSAT1
6469,ISCA1
6470,ADAM19
6471,HAVCR2
6472,CCNJL
6473,TAOK3
6474,USP30
6475,SDS
6476,MSI1
6477,HNF1A
6478,FBXO21
6479,TBX3
6480,OASL
6481,HRK
6482,RNFT2
6483,P2RX4
6484,BICDL1
6485,DTX1
6486,TRAFD1
6487,DMTF1
6488,TMEM243
6489,CCDC146
6490,TMEM60
6491,CD36
6492,UGT2A3
6493,PNPLA8
6494,HILPDA
6495,RINT1
6496,SRPK2
6497,KCP
6498,TES
6499,MDFIC
6500,MTO1
6501,ADGRB3
6502,ANKRD6
6503,HTR1B
6504,KHDC1
6505,CEP162
6506,SNX14
6507,NT5E
6508,MRAP2
6509,EPHA7
6510,AKIRIN2
6511,ORC3
6512,LCA5
6513,MAP3K7
6514,CGA
6515,PRR5L
6516,LMO2
6517,PHF21A
6518,NAT10
6519,EHF
6520,ELF5
6521,PRRG4
6522,CAPRIN1
6523,ATP5MC2
6524,DNAJC14
6525,CD63
6526,PRPH
6527,AVIL
6528,AMHR2
6529,GDF11
6530,GLS2
6531,ITGA7
6532,TESPA1
6533,FAM186B
6534,RDH5
6535,AGAP2
6536,BLOC1S1
6537,KRT85
6538,CDK4
6539,PPP1R1A
6540,TROAP
6541,TSPAN31
6542,B4GALNT1
6543,TFCP2
6544,COQ10A
6545,FAIM2
6546,PAN2
6547,ESPL1
6548,KRT7
6549,ZC3H10
6550,HNRNPA1
6551,ACVR1B
6552,OS9
6553,MIP
6554,KCNH3
6555,LTV1
6556,MAP7
6557,CD164
6558,AFG1L
6559,NHSL1
6560,AHI1
6561,HEY2
6562,PKIB
6563,NMBR
6564,SMPD2
6565,MICAL1
6566,REPS1
6567,STX11
6568,PRADC1
6569,SEMA4F
6570,CCT7
6571,EGR4
6572,RAB11FIP5
6573,SMYD5
6574,DYSF
6575,CCDC142
6576,EMX1
6577,KCNMB4
6578,USP15
6579,GNS
6580,CPM
6581,MDM2
6582,KLHL36
6583,BCO1
6584,MPHOSPH6
6585,CHST5
6586,KIAA0513
6587,DYNC1LI2
6588,FBXL8
6589,FHOD1
6590,CCDC102A
6591,SLC9A5
6592,AGT
6593,ZNF670-ZNF695
6594,PCNX2
6595,KCNK1
6596,URB2
6597,EGLN1
6598,CAPN9
6599,COG2
6600,ABCB10
6601,NTPCR
6602,TAF5L
6603,GLUL
6604,STX6
6605,RGS8
6606,RNASEL
6607,DHX9
6608,KIAA1614
6609,CEP350
6610,NPL
6611,PIGC
6612,LAMC1
6613,RC3H1
6614,GPR55
6615,SP110
6616,MRPL44
6617,PAX3
6618,DOCK10
6619,TTLL4
6620,USP37
6621,HTR2B
6622,ITM2C
6623,SLC19A3
6624,SERPINE2
6625,DNAJB2
6626,WNT10A
6627,TMBIM1
6628,CYP27A1
6629,EIF4E2
6630,ARMC9
6631,CAB39
6632,COX5B
6633,REV1
6634,TSGA10
6635,TMEM127
6636,EDAR
6637,TGFBRAP1
6638,GCC2
6639,MRPS9
6640,C2orf49
6641,EPC2
6642,ARHGEF4
6643,ISCU
6644,ALDH1L2
6645,STAB2
6646,USP44
6647,SCYL2
6648,CKAP4
6649,PLXNC1
6650,APPL2
6651,PWP1
6652,DRAM1
6653,WASHC4
6654,SLC41A2
6655,VILL
6656,FLNB
6657,NEK3
6658,PCDH8
6659,VPS36
6660,RNASEH2B
6661,CKAP2
6662,CNMD
6663,TBC1D4
6664,THSD1
6665,BORA
6666,LRCH1
6667,SUCLA2
6668,RCBTB1
6669,MED4
6670,PHF11
6671,COG3
6672,LMO7
6673,SCEL
6674,ITM2B
6675,SPRY2
6676,NUDT15
6677,EDNRB
6678,RCBTB2
6679,LCP1
6680,SETDB2
6681,SCRN1
6682,C7orf25
6683,TNS3
6684,SPDYE1
6685,CHST12
6686,IGF2BP3
6687,GPNMB
6688,RAPGEF5
6689,RAC1
6690,KDELR2
6691,IL6
6692,ZDHHC4
6693,AOAH
6694,BZW2
6695,DGKB
6696,TBRG4
6697,DDX56
6698,HUS1
6699,NACAD
6700,DBNL
6701,CCM2
6702,MYO1G
6703,TTYH3
6704,TTC5
6705,NKX2-8
6706,NKX2-1
6707,ZFHX2
6708,MTHFS
6709,ADAMTS7
6710,ABHD17C
6711,IREB2
6712,ALPK3
6713,TM6SF1
6714,CIB2
6715,CALCOCO2
6716,RSAD1
6717,NMT1
6718,MYCBPAP
6719,SRSF1
6720,VEZF1
6721,CHAD
6722,TACO1
6723,TEX2
6724,DCAF7
6725,GH2
6726,CSH1
6727,LIMD2
6728,BRIP1
6729,KAT7
6730,RTP4
6731,ACTL6A
6732,NDUFB5
6733,MRPL47
6734,TRA2B
6735,SCN2A
6736,TBR1
6737,ERMN
6738,GALNT5
6739,SCN7A
6740,TANK
6741,BLK
6742,SKIL
6743,HLX
6744,VPS45
6745,IL10
6746,KCTD3
6747,RPS6KC1
6748,IL36G
6749,IL1RN
6750,IL36RN
6751,IL36B
6752,IL1F10
6753,CFC1
6754,SMPD4
6755,WDR33
6756,SAP130
6757,BIN1
6758,IMP4
6759,HS6ST1
6760,UGGT1
6761,GYPC
6762,STAM
6763,GAD2
6764,ABI1
6765,YME1L1
6766,DNAJC1
6767,NIPSNAP3A
6768,LRRC8A
6769,CDK9
6770,TXN
6771,ODF2
6772,ECPAS
6773,TOR1B
6774,C9orf78
6775,SMC2
6776,KLF4
6777,TOR1A
6778,RALGPS1
6779,ST6GALNAC4
6780,TMOD1
6781,DAB2IP
6782,STXBP1
6783,SLC2A8
6784,ANGPTL2
6785,CDK5RAP2
6786,ZFP37
6787,SLC31A2
6788,SLC31A1
6789,TLR4
6790,ZNF189
6791,ALDOB
6792,STX17
6793,PRPF4
6794,FPGS
6795,USP20
6796,KIF12
6797,ATP6V1G1
6798,TEX10
6799,GARNL3
6800,MRPL50
6801,DPM2
6802,WDR38
6803,TSTD2
6804,GABBR2
6805,HEMGN
6806,PSMB7
6807,NR5A1
6808,TRMO
6809,RABEPK
6810,GOLGA1
6811,XPA
6812,NCBP1
6813,ANP32B
6814,PDCL
6815,RPL35
6816,CTSV
6817,LMX1B
6818,ARPC5L
6819,ENPP2
6820,DSCC1
6821,DERL1
6822,MYC
6823,IL33
6824,DMAC1
6825,RANBP6
6826,POLR1E
6827,PLAA
6828,IL11RA
6829,UBAP2
6830,APTX
6831,RNF38
6832,TLN1
6833,CCL21
6834,SIT1
6835,DMRT1
6836,DNAJB5
6837,SPAG8
6838,DCTN3
6839,CD72
6840,TMEM8B
6841,GRHPR
6842,ALDH1B1
6843,HINT2
6844,ARHGEF39
6845,IGFBPL1
6846,DENND4C
6847,RPS6
6848,CNPY3
6849,FOXP4
6850,PPIL1
6851,KLC4
6852,KIF13A
6853,ZSCAN9
6854,PIM1
6855,GMPR
6856,CMTR1
6857,TFAP2A
6858,SLC22A7
6859,YIPF3
6860,TMEM14B
6861,TMEM63B
6862,FRS3
6863,TJAP1
6864,CAPN11
6865,TINAG
6866,HCRTR2
6867,KIAA0319
6868,IRF4
6869,SLC22A23
6870,TUBB2A
6871,LRRC1
6872,GCM1
6873,FOXF2
6874,BPHL
6875,RIPK1
6876,TUBB2B
6877,UQCC2
6878,HMGA1
6879,PGBD1
6880,TPMT
6881,CLPS
6882,RNF144B
6883,NRM
6884,MTCH1
6885,TAF8
6886,FAM8A1
6887,FGFBP1
6888,FGFBP2
6889,CPEB2
6890,FHDC1
6891,TLR2
6892,MGARP
6893,TTC29
6894,MYO7A
6895,FCHSD2
6896,ARRB1
6897,SLCO2B1
6898,THAP12
6899,ANKRD42
6900,IL18BP
6901,NUMA1
6902,CCDC90B
6903,SYTL2
6904,RAB30
6905,CREBZF
6906,LRRC32
6907,PRCP
6908,NARS2
6909,RNF121
6910,MRPL15
6911,PI15
6912,TTPA
6913,GGH
6914,SLCO5A1
6915,SULF1
6916,TGS1
6917,SDCBP
6918,NEK1
6919,DDX60
6920,NXPE4
6921,SORL1
6922,TMPRSS4
6923,BUD13
6924,TRPC6
6925,MMP7
6926,MMP20
6927,MMP27
6928,CFAP300
6929,DCUN1D5
6930,YAP1
6931,TRIM29
6932,POU2F3
6933,RDX
6934,PPP2R1B
6935,FDX1
6936,FXYD6
6937,ARHGAP20
6938,FXYD2
6939,MMP13
6940,TMPRSS13
6941,CASP1
6942,CASP5
6943,ALKBH8
6944,MAP2K5
6945,UNC13C
6946,SQOR
6947,CTDSPL2
6948,SLTM
6949,THBS1
6950,MAPKBP1
6951,NUSAP1
6952,NDUFAF1
6953,KIF23
6954,ITGA11
6955,KNL1
6956,HAUS2
6957,RTF1
6958,PARP6
6959,RPLP1
6960,PAQR5
6961,LRRC49
6962,TUBGCP4
6963,RMDN3
6964,ITPKA
6965,UACA
6966,SMAD6
6967,PLCB2
6968,TMEM62
6969,PAK6
6970,ADAM10
6971,DUOX1
6972,SLC28A2
6973,CYP19A1
6974,ZNF280D
6975,SEMA6D
6976,BCL2L10
6977,RSL24D1
6978,SPTBN5
6979,GCOM1
6980,GCHFR
6981,BCAR3
6982,TTLL7
6983,FNBP1L
6984,KYAT3
6985,GTF2B
6986,BRDT
6987,RABGGTB
6988,IFI44L
6989,GIPC2
6990,ARHGAP29
6991,IFI44
6992,SLC44A5
6993,CLCA2
6994,DNASE2B
6995,DBT
6996,RTCA
6997,IFT172
6998,SELENOI
6999,CGREF1
7000,HADHB
7001,KHK
7002,ADCY3
7003,PPM1B
7004,PNPT1
7005,DYNC2LI1
7006,LHCGR
7007,THUMPD2
7008,CYP1B1
7009,RAB1A
7010,ACTR2
7011,PREB
7012,SLC5A6
7013,ABCG5
7014,PREPL
7015,SLC3A1
7016,EMILIN1
7017,FBXO11
7018,SIX3
7019,ATRAID
7020,CENPO
7021,LRPPRC
7022,TRIM54
7023,DTNB
7024,ACTR1A
7025,CYP2C9
7026,CYP2C8
7027,MYOF
7028,LOXL4
7029,STAMBPL1
7030,CH25H
7031,LBX1
7032,ATAD1
7033,BTBD16
7034,KIF11
7035,CUZD1
7036,TACC2
7037,DUSP5
7038,CALHM2
7039,ARL3
7040,CEP55
7041,KIF20B
7042,ENTPD1
7043,EXOC6
7044,PLCE1
7045,RBP4
7046,DBR1
7047,DNAJC13
7048,GPR87
7049,ANXA7
7050,FAM149B1
7051,ASCC1
7052,PLA2G12B
7053,ZNF365
7054,OIT3
7055,ADAMTS14
7056,RPS24
7057,TET1
7058,DNA2
7059,MYPN
7060,AOX1
7061,ATIC
7062,SMARCAL1
7063,BARD1
7064,STAT4
7065,MSTN
7066,CARF
7067,ASNSD1
7068,METTL5
7069,SSB
7070,NAB1
7071,CDK15
7072,PPIG
7073,FASTKD1
7074,MDH1B
7075,HECW2
7076,IDH1
7077,OLA1
7078,CHRNA1
7079,FAM117B
7080,WDR12
7081,ABI2
7082,ITGAV
7083,SLC40A1
7084,SLC35A5
7085,SENP7
7086,GUCA1C
7087,COX17
7088,PARP9
7089,MNS1
7090,USP8
7091,SECISBP2L
7092,TMOD3
7093,SPPL2A
7094,GLCE
7095,SHF
7096,APH1B
7097,INTS14
7098,CILP
7099,PARP16
7100,PPCDC
7101,HCN4
7102,SEMA7A
7103,ARHGAP24
7104,FAM13A
7105,HERC6
7106,HERC5
7107,PCDH10
7108,NDST4
7109,ZGRF1
7110,AP1AR
7111,COPS4
7112,HNRNPD
7113,PRKG2
7114,RASGEF1B
7115,SEC31A
7116,FGF5
7117,GPAT3
7118,IL21
7119,FGF2
7120,BBS7
7121,BMPR1B
7122,RAP1GDS1
7123,LARP1B
7124,MMRN1
7125,PDE5A
7126,PRDM5
7127,TRPC3
7128,NAAA
7129,NUP54
7130,CXCL9
7131,BMP2K
7132,G3BP2
7133,FRAS1
7134,SCARB2
7135,CCNG2
7136,CNOT6L
7137,USO1
7138,CDKL2
7139,SHROOM3
7140,ANXA3
7141,PPA2
7142,CENPE
7143,GSTCD
7144,INTS12
7145,ENPEP
7146,CASP6
7147,LEF1
7148,HADH
7149,EGF
7150,PAPSS1
7151,SEC24B
7152,PPP3CA
7153,SLC39A8
7154,MTTP
7155,FBN2
7156,MAPK8IP3
7157,RGS3
7158,GUCD1
7159,TTLL8
7160,RNF185
7161,SHISAL1
7162,PARVG
7163,B4GALNT3
7164,PDE6H
7165,ERP27
7166,ETV6
7167,GABARAPL1
7168,KIF21A
7169,CPNE8
7170,YARS2
7171,FGD4
7172,ALG10
7173,PIK3C2G
7174,PLCZ1
7175,AEBP2
7176,SLCO1C1
7177,ETFBKMT
7178,ETNK1
7179,ZCRB1
7180,TMEM117
7181,PRICKLE1
7182,C1RL
7183,NDUFA9
7184,CLSTN3
7185,KLRG1
7186,VAMP1
7187,TAPBPL
7188,CD27
7189,PEX5
7190,PIANP
7191,SLC38A4
7192,AMIGO2
7193,SCAF11
7194,COL2A1
7195,PPFIA2
7196,LLPH
7197,LRIG3
7198,INHBE
7199,GLIPR1
7200,TPH2
7201,PHLDA1
7202,TMEM19
7203,LGR5
7204,PTPRQ
7205,DUSP6
7206,POC1B
7207,TMTC3
7208,LUM
7209,KERA
7210,SNRPF
7211,AMDHD1
7212,NEDD1
7213,SYCP3
7214,ASCL1
7215,GAS2L3
7216,TMEM132B
7217,SLC15A4
7218,TDG
7219,RITA1
7220,SDSL
7221,MMAB
7222,GLTP
7223,GIT2
7224,TCHP
7225,FAM222A
7226,NUP58
7227,MTMR6
7228,SLC46A3
7229,SLC7A1
7230,PDX1
7231,LNX2
7232,SUOX
7233,SLC39A5
7234,TARBP2
7235,RDH16
7236,DHH
7237,ACVRL1
7238,GPR84
7239,NPFF
7240,NABP2
7241,N4BP2L1
7242,CELA1
7243,SMARCC2
7244,BRCA2
7245,KANSL2
7246,CERS5
7247,MAP3K12
7248,ITGB7
7249,GALNT6
7250,CSAD
7251,LMBR1L
7252,ESYT1
7253,TMBIM6
7254,ANKRD52
7255,KRT71
7256,ZNF740
7257,WDFY2
7258,HNRNPA1L2
7259,LPAR6
7260,ESD
7261,RB1
7262,SBNO1
7263,MORN3
7264,SETD1B
7265,VPS33A
7266,VPS37B
7267,RHOF
7268,DENR
7269,DIAPH3
7270,SLAIN1
7271,RBM26
7272,SRRM4
7273,METTL21C
7274,MBNL2
7275,ZIC5
7276,ABHD13
7277,RAB20
7278,GRTP1
7279,CUL4A
7280,TTC6
7281,SSTR1
7282,CDH24
7283,REM2
7284,CBLN3
7285,TSSK4
7286,NOVA1
7287,MDGA2
7288,TMX1
7289,FRMD6
7290,PELI2
7291,RTN1
7292,ARMH4
7293,SYT16
7294,SLC38A6
7295,NAA30
7296,ADAM21
7297,RDH12
7298,DCAF5
7299,RAB15
7300,WDR89
7301,ESR2
7302,KCNH5
7303,STON2
7304,EFCAB11
7305,GPR65
7306,PTGR2
7307,JDP2
7308,AK7
7309,SLC24A4
7310,FBLN5
7311,CLBA1
7312,SLC25A47
7313,WDR20
7314,NIPA2
7315,SLC12A6
7316,DUOXA1
7317,MFAP1
7318,TCF12
7319,SORD
7320,SERF2
7321,ZSCAN29
7322,DUOXA2
7323,DUOX2
7324,LYSMD2
7325,SLC27A2
7326,FGF7
7327,HDC
7328,GCNT3
7329,BNIP2
7330,GTF2A2
7331,SRP14
7332,BAHD1
7333,DISP2
7334,CDAN1
7335,TLE3
7336,ANP32A
7337,COMMD4
7338,UBE2Q2
7339,PSTPIP1
7340,ETFA
7341,BCL2A1
7342,HMG20A
7343,SCAPER
7344,TSPAN3
7345,NCOA2
7346,NEIL1
7347,MAN2C1
7348,DNAJA4
7349,TLNRD1
7350,TPM1
7351,IGF1R
7352,ARRDC4
7353,PIF1
7354,USP3
7355,CYP11A1
7356,BBS4
7357,PML
7358,CYP1A1
7359,ADAMTS17
7360,LINS1
7361,ULK3
7362,GOLGA6D
7363,PCSK6
7364,CCDC33
7365,CELF6
7366,SCAMP2
7367,LMAN1L
7368,HAPLN3
7369,RHCG
7370,POLG
7371,RLBP1
7372,FANCI
7373,ABHD2
7374,WDR93
7375,TICRR
7376,NTRK3
7377,DET1
7378,MFGE8
7379,ZNF710
7380,UNC45A
7381,ST8SIA2
7382,MCTP2
7383,FURIN
7384,IQGAP1
7385,CRTC3
7386,EFL1
7387,SH3GL3
7388,SEC11A
7389,GLYR1
7390,PMM2
7391,SLC5A2
7392,ITGAX
7393,TGFB1I1
7394,ARMC5
7395,FTO
7396,UQCRC2
7397,CDR2
7398,IGSF6
7399,ARHGAP17
7400,MYLK3
7401,ABCC12
7402,NKD1
7403,DHX38
7404,TXNL4B
7405,MARVELD3
7406,CHST4
7407,ZFHX3
7408,CLEC18B
7409,CPNE2
7410,NLRC5
7411,KATNB1
7412,KIFC3
7413,ADAMTS18
7414,NUDT7
7415,GCSH
7416,CMTM3
7417,CMTM2
7418,CDH11
7419,NOL3
7420,MAP1LC3B
7421,MBTPS1
7422,CDH13
7423,ZCCHC14
7424,ADAD2
7425,OSGIN1
7426,IRF8
7427,RHOT2
7428,RPL3L
7429,ZSCAN32
7430,PDPK1
7431,TIGD7
7432,DEF8
7433,TCF25
7434,GALNS
7435,MED9
7436,NCOR1
7437,COPS3
7438,GID4
7439,ZNF287
7440,MYOCD
7441,KSR1
7442,RANBP10
7443,CTRL
7444,DPEP3
7445,GFOD2
7446,NOB1
7447,PRPSAP2
7448,UNC45B
7449,PCTP
7450,OR4D1
7451,TOM1L1
7452,TOB1
7453,VPS53
7454,SPATA22
7455,SGSM2
7456,NPEPPS
7457,SKAP1
7458,LRRC46
7459,SCRN2
7460,SSH2
7461,RHBDL3
7462,SPACA3
7463,ARSG
7464,ABCA8
7465,G6PC3
7466,CLTC
7467,BCAS3
7468,PTRH2
7469,SS18
7470,TAF4B
7471,AFG3L2
7472,PRELID3A
7473,IMPA2
7474,GNAL
7475,SLC39A6
7476,RPRD1A
7477,GALNT1
7478,ASXL3
7479,ADCYAP1
7480,MEP1B
7481,SLC25A52
7482,GAREM1
7483,ESCO1
7484,OSBPL1A
7485,GATA6
7486,GREB1L
7487,RMC1
7488,PELP1
7489,NPC1
7490,SLC14A1
7491,ARRB2
7492,SLC13A5
7493,ZMYND15
7494,WRAP53
7495,MINK1
7496,SAT2
7497,ASGR1
7498,PIK3R5
7499,TP53
7500,CCDC40
7501,ARHGDIA
7502,TMC6
7503,SLC16A3
7504,CARD14
7505,TTYH2
7506,RAB40B
7507,EIF4A3
7508,CSNK1D
7509,ANAPC11
7510,TBCD
7511,FN3KRP
7512,NARF
7513,RPTOR
7514,FOXK2
7515,TRIM65
7516,CBX8
7517,SECTM1
7518,RNF157
7519,CEP131
7520,ZNF750
7521,WDR45B
7522,CBX4
7523,DYM
7524,MAPK4
7525,ELAC1
7526,MBD1
7527,SMAD4
7528,TNFRSF11A
7529,ZCCHC2
7530,FBXO15
7531,CBLN2
7532,PMAIP1
7533,P3H4
7534,NT5C3B
7535,RETREG3
7536,ERBB2
7537,GRB7
7538,MIEN1
7539,PNMT
7540,ARL5C
7541,STAC2
7542,IGFBP4
7543,FKBP10
7544,TXNL4A
7545,CACNA1A
7546,MISP3
7547,BRD4
7548,SLC39A3
7549,NFIC
7550,TPGS1
7551,PLPP2
7552,PRDM15
7553,PFKL
7554,FEM1A
7555,VAV1
7556,MVB12A
7557,CIB3
7558,SH3GL1
7559,DUS3L
7560,DPP9
7561,CCDC97
7562,TMEM91
7563,ZFP14
7564,SIRT3
7565,IFITM3
7566,PGGHG
7567,HUNK
7568,COL6A1
7569,IFNAR1
7570,SOD1
7571,COL6A2
7572,SIK1
7573,DNMT3L
7574,TRPM2
7575,SCYL1
7576,APP
7577,URB1
7578,AKT1
7579,IL19
7580,EMP3
7581,SAE1
7582,NTN5
7583,LMTK3
7584,GEMIN7
7585,CBLC
7586,WTIP
7587,ADAMTS10
7588,SLC6A3
7589,RNPEPL1
7590,CAPN10
7591,MYO1F
7592,ERVK3-1
7593,NLRP12
7594,CACNG8
7595,ZNF787
7596,TIMM29
7597,CARM1
7598,EVI5L
7599,TM4SF5
7600,SLC47A1
7601,PSMB6
7602,SIGLEC10
7603,KLK3
7604,ZNF473
7605,RPS11
7606,PTH2
7607,RPL13A
7608,CTU1
7609,NOSIP
7610,IGLON5
7611,RCN3
7612,ZNF614
7613,SLC2A5
7614,RERE
7615,MMEL1
7616,CFAP74
7617,PRDM16
7618,CELA2A
7619,PADI3
7620,FHAD1
7621,EPHA2
7622,EFHD2
7623,PEX14
7624,PGD
7625,MYOM3
7626,SH3BGRL3
7627,CNKSR1
7628,RPL11
7629,IL22RA1
7630,ZNF593
7631,C1orf216
7632,KIAA0319L
7633,EVA1B
7634,C1orf94
7635,DMRTA2
7636,PLK4
7637,MAP3K6
7638,FCN3
7639,GPN2
7640,SYTL1
7641,WDTC1
7642,CELA3A
7643,NBPF3
7644,HSPG2
7645,ITGB3BP
7646,SERBP1
7647,BCL10
7648,PRKACB
7649,PIGK
7650,TINAGL1
7651,AZIN2
7652,RPS8
7653,KIF2C
7654,PTPRF
7655,BEST4
7656,MOB3C
7657,CYP4B1
7658,TMEM61
7659,LMO4
7660,SYPL2
7661,MTF2
7662,SLC44A3
7663,IGSF3
7664,ZNF697
7665,CTTNBP2NL
7666,STRIP1
7667,KCNA10
7668,PSMA5
7669,FNDC7
7670,C1orf162
7671,CD53
7672,PROK1
7673,CELSR2
7674,ITGA10
7675,GPR161
7676,ALDH9A1
7677,ATP1B1
7678,TIPRL
7679,NME7
7680,POGK
7681,MPC2
7682,CREG1
7683,DCAF6
7684,GPA33
7685,RXRG
7686,TBX19
7687,UCK2
7688,TMCO1
7689,XCL1
7690,XCL2
7691,POU2F1
7692,MAEL
7693,ILDR2
7694,DPT
7695,MGST3
7696,ADCY10
7697,COP1
7698,NECTIN4
7699,UFC1
7700,PPOX
7701,FCGR2A
7702,NUF2
7703,RGS5
7704,SDHC
7705,PFDN2
7706,NR1I3
7707,USP21
7708,PRCC
7709,FCRL5
7710,MRPL24
7711,PIGM
7712,CASQ1
7713,ISG20L2
7714,CRABP2
7715,HDGF
7716,ABL2
7717,XPR1
7718,RGS16
7719,TOR1AIP1
7720,FAM163A
7721,HMCN1
7722,RGL1
7723,LYPLAL1
7724,LHX9
7725,PRUNE1
7726,RORC
7727,TUFT1
7728,SF3B4
7729,ECM1
7730,ZNF687
7731,TARS2
7732,CGN
7733,SNX27
7734,SETDB1
7735,ADAMTSL4
7736,MCL1
7737,CTSK
7738,RFX5
7739,PI4KB
7740,PIP5K1A
7741,ANP32E
7742,MINDY1
7743,ANXA9
7744,SELENBP1
7745,CERS2
7746,ENSA
7747,SEMA6C
7748,MRPL9
7749,ARNT
7750,POGZ
7751,C1orf56
7752,OAZ3
7753,HORMAD1
7754,GOLPH3L
7755,GABPB2
7756,SYT14
7757,KCNH1
7758,DTL
7759,DYRK3
7760,EIF2D
7761,INTS7
7762,VASH2
7763,TAF1A
7764,SMYD2
7765,SUSD4
7766,DUSP10
7767,HHIPL2
7768,TP53BP2
7769,ATP8B2
7770,FLG2
7771,ADAM15
7772,JTB
7773,RAB13
7774,S100A8
7775,TPM3
7776,NUP210L
7777,SNAPIN
7778,SLC27A3
7779,S100A7
7780,UBAP2L
7781,SLC39A1
7782,HAX1
7783,CREB3L4
7784,EFNA3
7785,AQP10
7786,KCNN3
7787,ILF2
7788,RIT1
7789,HCN3
7790,FLG
7791,ACTA1
7792,GALNT2
7793,TTC13
7794,SCCPDH
7795,LYST
7796,MAP3K21
7797,CEP170
7798,ACP1
7799,SNAP47
7800,SRP9
7801,NVL
7802,SDE2
7803,DEGS1
7804,FBXO28
7805,ARF1
7806,LEFTY2
7807,CNIH4
7808,ITPKB
7809,GUK1
7810,CDC42BPA
7811,CNIH3
7812,C1orf35
7813,MBOAT2
7814,PARP1
7815,PSEN2
7816,PYCR2
7817,LBR
7818,WNT9A
7819,EPHX1
7820,REN
7821,SOX13
7822,ETNK2
7823,PPFIA4
7824,PLEKHA6
7825,PTPN7
7826,SYT2
7827,ARL8A
7828,OSR1
7829,GDF7
7830,PDIA6
7831,RHOB
7832,ATP6V1C2
7833,HNRNPLL
7834,GALM
7835,CAMKMT
7836,ABCG8
7837,EML4
7838,CALM2
7839,CHAC2
7840,RPS27A
7841,WDPCP
7842,VPS54
7843,REG3G
7844,ASXL2
7845,ETAA1
7846,SNRPG
7847,ABHD1
7848,MEIS1
7849,CIAO1
7850,ZNF514
7851,SNRNP200
7852,MRPS5
7853,ANKRD53
7854,EXOC6B
7855,SFXN5
7856,TEX261
7857,DQX1
7858,ST6GAL2
7859,NPHP1
7860,MALL
7861,THNSL2
7862,RALB
7863,TMEM177
7864,NT5DC4
7865,RABL2A
7866,SLC20A1
7867,FBLN7
7868,ZC3H8
7869,LIPT1
7870,CNGA3
7871,LYG1
7872,AFF3
7873,UBXN4
7874,NXPH2
7875,SPOPL
7876,THSD7B
7877,GPR17
7878,POLR2D
7879,AMMECR1L
7880,GALNT13
7881,PKP4
7882,SLC4A10
7883,SCRN3
7884,LNPK
7885,ZNF385B
7886,TMEFF2
7887,CDCA7
7888,DLX1
7889,UBR3
7890,PHOSPHO2
7891,GULP1
7892,FAM171B
7893,HSPD1
7894,CCDC150
7895,METTL21A
7896,UNC80
7897,PTH2R
7898,CPO
7899,NBEAL1
7900,KANSL1L
7901,SPAG16
7902,ABCA12
7903,SUMF1
7904,NYAP2
7905,RHBDD1
7906,ACKR3
7907,TRPM8
7908,HES6
7909,ESPNL
7910,ANKMY1
7911,COPS7B
7912,DIS3L2
7913,CPNE9
7914,FANCD2
7915,TAMM41
7916,VGLL4
7917,RAB5A
7918,RETREG2
7919,CTDSP1
7920,CNOT9
7921,STK11IP
7922,GMPPA
7923,GRIP2
7924,EAF1
7925,CNTN4
7926,DYNC1LI1
7927,RBMS3
7928,GADL1
7929,OSBPL10
7930,POMGNT2
7931,ACKR2
7932,CSRNP1
7933,SLC25A38
7934,SLC22A14
7935,GOLGA4
7936,CTDSPL
7937,STAC
7938,IQSEC1
7939,CAND2
7940,RPL32
7941,PTPRG
7942,IL17RD
7943,SHQ1
7944,SLC25A26
7945,UBA3
7946,ARL6IP5
7947,TMF1
7948,LRIG1
7949,LRTM1
7950,LIMD1
7951,NFKBIZ
7952,COL8A1
7953,NXPE3
7954,ADGRG7
7955,MYH15
7956,PHLDB2
7957,ABHD10
7958,TAGLN3
7959,PLA1A
7960,RABL3
7961,ADPRH
7962,IGSF11
7963,ATG3
7964,NR1I2
7965,BOC
7966,SRPRB
7967,TMEM108
7968,AGTR1
7969,MED12L
7970,EIF2A
7971,ALDH1L1
7972,OSBPL11
7973,TRPC1
7974,NCEH1
7975,SPATA16
7976,FAM86B2
7977,LPP
7978,TMEM44
7979,RUBCN
7980,AMT
7981,TCTA
7982,NICN1
7983,UCN2
7984,DCAF1
7985,MANF
7986,STXBP5L
7987,EAF2
7988,ILDR1
7989,TM4SF19
7990,SLIT2
7991,EIF2B5
7992,AHSG
7993,ECE2
7994,VWA5B2
7995,DGKQ
7996,FIP1L1
7997,SLC26A1
7998,LYAR
7999,CENPC
8000,EPHA5
8001,CORIN
8002,ATP10D
8003,OCIAD2
8004,SLC10A4
8005,SLC10A6
8006,SCD5
8007,PLAC8
8008,ENOPH1
8009,GC
8010,TRMT10A
8011,KLHL8
8012,SNCA
8013,PYURF
8014,TBCK
8015,CAMK2D
8016,CISD2
8017,DDIT4L
8018,ANK2
8019,TIFA
8020,FABP2
8021,CCNA2
8022,METTL14
8023,USP53
8024,SETD7
8025,NAF1
8026,SFRP2
8027,RPS3A
8028,RNF175
8029,PDGFC
8030,CBR4
8031,GLRA3
8032,CYP4V2
8033,ROPN1L
8034,NDUFS6
8035,CDH18
8036,ADAMTS16
8037,SRD5A1
8038,MYO10
8039,OTULINL
8040,RPL37
8041,SKP2
8042,OSMR
8043,UGT3A1
8044,PLK2
8045,SHISAL2B
8046,GZMA
8047,PIK3R1
8048,HAPLN1
8049,LHFPL2
8050,SSBP2
8051,BHMT
8052,ANKRD31
8053,IQGAP2
8054,CRHBP
8055,RASA1
8056,LIX1
8057,GIN1
8058,PPIP5K2
8059,PAM
8060,SLC30A5
8061,BTF3
8062,FBXL17
8063,SPATA9
8064,TSLP
8065,TNFAIP8
8066,FEM1C
8067,COMMD10
8068,ATG12
8069,MEGF10
8070,ADAMTS19
8071,YIPF5
8072,ARHGAP26
8073,CXCL14
8074,SLC25A48
8075,DDX46
8076,IL9
8077,TIMD4
8078,RNF145
8079,C1QTNF2
8080,GABRB2
8081,FBXO38
8082,SPINK7
8083,PCYOX1L
8084,TNIP1
8085,G3BP1
8086,ZNF300
8087,N4BP3
8088,NHP2
8089,RMND5B
8090,BOD1
8091,CPLX2
8092,TENM2
8093,KCNMB1
8094,FAM50B
8095,MYLK4
8096,FAM217A
8097,TBC1D7
8098,FARS2
8099,GFOD1
8100,CDKAL1
8101,PSD2
8102,LRRTM2
8103,ZMAT2
8104,GFRA3
8105,KLHL3
8106,DCDC2
8107,SLC17A4
8108,KAAG1
8109,TRIM7
8110,TRIM41
8111,HIGD2A
8112,FAM193B
8113,PLA2G7
8114,TNFRSF21
8115,RNF44
8116,RASGEF1C
8117,DOK3
8118,DAAM2
8119,PRIM2
8120,MLIP
8121,HMGCLL1
8122,LGSN
8123,FGD2
8124,SCUBE3
8125,ANO7
8126,CRIP3
8127,TTBK1
8128,RPL7L1
8129,NFKBIE
8130,CYP39A1
8131,TPBG
8132,IRAK1BP1
8133,PHIP
8134,PRSS35
8135,MMS22L
8136,FAXC
8137,GABRR1
8138,PNRC1
8139,PM20D2
8140,RARS2
8141,SCML4
8142,TBC1D32
8143,CLVS2
8144,RNF217
8145,RSPO3
8146,ARHGAP18
8147,ABRACL
8148,TAAR1
8149,SLC18B1
8150,MTFR2
8151,SLC2A12
8152,SHPRH
8153,AIG1
8154,DYNLT1
8155,TIAM2
8156,TMEM181
8157,PNLDC1
8158,WTAP
8159,ZMYM4
8160,VIP
8161,SLC22A3
8162,VWDE
8163,GNA12
8164,SDK1
8165,CCZ1B
8166,RBAK
8167,CREB5
8168,EGFR
8169,LINC00525
8170,CDCA5
8171,IGFBP3
8172,PURB
8173,IGFBP1
8174,SSC4D
8175,MDH2
8176,POMZP3
8177,NIPSNAP2
8178,CCT6A
8179,PSPH
8180,TRIM50
8181,ZNF92
8182,ATXN7L1
8183,TMEM168
8184,ASB15
8185,SLC12A9
8186,GIGYF1
8187,TRIM4
8188,ZAN
8189,TMEM209
8190,AGBL3
8191,STRA8
8192,ZC3HAV1L
8193,TMEM140
8194,TLK2
8195,NOM1
8196,CNPY1
8197,NCAPG2
8198,NLGN4X
8199,SHROOM2
8200,RAB19
8201,LUC7L2
8202,DENND2A
8203,CLTRN
8204,SH3KBP1
8205,TMEM47
8206,LANCL3
8207,SYTL5
8208,CASK
8209,KDM6A
8210,SPIN2A
8211,MSN
8212,AKAP4
8213,CCNB3
8214,HDAC8
8215,SLC16A2
8216,ZNF157
8217,ZNF182
8218,CHST7
8219,NDUFB11
8220,ZNF41
8221,ZMYM3
8222,TAF1
8223,GPR174
8224,NONO
8225,LPAR4
8226,EBP
8227,AWAT2
8228,OGT
8229,SNX12
8230,ITGB1BP2
8231,IL2RG
8232,GCNA
8233,ZNF711
8234,DIAPH2
8235,NXF3
8236,RIPPLY1
8237,PRPS1
8238,FRMPD3
8239,HTR2C
8240,DOCK11
8241,IGSF1
8242,GPC3
8243,GPR119
8244,RBMX
8245,MCPH1
8246,FBXO25
8247,FATE1
8248,MAGEA4
8249,NSDHL
8250,ZNF185
8251,CETN2
8252,RPL10
8253,CSGALNACT1
8254,ATP6V1B2
8255,CCDC25
8256,HMBOX1
8257,CHRNB3
8258,CHRNA6
8259,GNRH1
8260,BIN3
8261,DOK2
8262,SLC25A37
8263,CHMP7
8264,DOCK5
8265,STAR
8266,PLPBP
8267,ERLIN2
8268,SNTG1
8269,PXDNL
8270,ST18
8271,RGS20
8272,TACC1
8273,GOLGA7
8274,PLPP5
8275,GINS4
8276,NSD3
8277,DNAJC5B
8278,CRH
8279,TRIM55
8280,ADHFE1
8281,MRPS28
8282,PMP2
8283,LACTB2
8284,PRDM14
8285,TERF1
8286,RPL7
8287,SLC26A7
8288,ATP6V0D2
8289,SYBU
8290,DPYS
8291,MTDH
8292,LRP12
8293,EBAG9
8294,RSPO2
8295,POLR2K
8296,MAL2
8297,EIF3H
8298,UTP23
8299,NDUFB9
8300,FAM83A
8301,FAM135B
8302,ZNF7
8303,ARHGAP39
8304,SLC39A4
8305,VLDLR
8306,AK3
8307,UHRF2
8308,NFIB
8309,PLIN2
8310,HAUS6
8311,CDKN2B
8312,CDKN2A
8313,C9orf72
8314,IFNK
8315,ZCCHC7
8316,FBXO10
8317,SIGMAR1
8318,CEP78
8319,NTRK2
8320,IDNK
8321,SHC3
8322,AUH
8323,PLPPR1
8324,ZNF462
8325,INIP
8326,UGCG
8327,ACTL7B
8328,SNX30
8329,STOM
8330,GSN
8331,MRRF
8332,NR6A1
8333,CRB2
8334,ALAD
8335,ASTN2
8336,WDR31
8337,POLE3
8338,SURF4
8339,GBGT1
8340,SURF2
8341,REXO4
8342,RPL7A
8343,GTF3C5
8344,ASB6
8345,PTGES2
8346,NTMT1
8347,CIZ1
8348,SLC25A25
8349,SH3GLB2
8350,MIGA2
8351,PTGES
8352,LCN2
8353,LRSAM1
8354,HMCN2
8355,GPR107
8356,IDI2
8357,INPP5E
8358,SEC16A
8359,DPH7
8360,NOTCH1
8361,CACNA1B
8362,NACC2
8363,PROSER2
8364,USP6NL
8365,COMMD3
8366,MSRB2
8367,PDSS1
8368,FAM171A1
8369,MINDY3
8370,SLC39A12
8371,TMEM236
8372,RSU1
8373,ST8SIA6
8374,PARD3
8375,ANKRD30A
8376,ZEB1
8377,FAM13C
8378,NRBF2
8379,A1CF
8380,CDHR1
8381,RGR
8382,POLR3A
8383,HERC4
8384,LRMDA
8385,CAMK2G
8386,ADIRF
8387,GLUD1
8388,ANKRD1
8389,HTR7
8390,RPP30
8391,FRA10AC1
8392,ADD3
8393,HABP2
8394,DNAJB12
8395,EIF4EBP2
8396,NPFFR1
8397,PLEKHS1
8398,TCF7L2
8399,MKI67
8400,CYP17A1
8401,INA
8402,FUOM
8403,LRRC27
8404,MTG1
8405,NKX6-2
8406,PAOX
8407,GSTO1
8408,TAF5
8409,PPRC1
8410,ITPRIP
8411,CNNM2
8412,PDCD11
8413,ADAM12
8414,RGS10
8415,BTBD10
8416,ADM
8417,GAS2
8418,SLC5A12
8419,LIN7C
8420,LRRC4C
8421,IMMP1L
8422,SAA4
8423,PGAP2
8424,TUT1
8425,ZNF214
8426,ZNF215
8427,HSD17B12
8428,APIP
8429,PAMR1
8430,DGKZ
8431,EIF3M
8432,TNKS1BP1
8433,SERPING1
8434,SSRP1
8435,SLC43A1
8436,PTPRJ
8437,ARFGAP2
8438,CELF1
8439,HIKESHI
8440,CCDC81
8441,SESN3
8442,ENDOD1
8443,CCDC82
8444,KLHL35
8445,TENM4
8446,SERPINH1
8447,CAPN5
8448,INTS4
8449,PAK1
8450,RPS3
8451,ZC3H12C
8452,TTC12
8453,NCAM1
8454,DRD2
8455,C11orf52
8456,NPAT
8457,ATM
8458,AASDHPPT
8459,GLB1L2
8460,SLX4IP
8461,LAMTOR1
8462,P4HA3
8463,GRIK4
8464,ST14
8465,ADAM33
8466,SLC22A8
8467,KAT14
8468,TKFC
8469,MTA2
8470,TMEM138
8471,FADS1
8472,TMC2
8473,ROM1
8474,EML3
8475,INCENP
8476,ZP1
8477,MS4A3
8478,PLCH2
8479,CPSF7
8480,MS4A2
8481,B3GAT3
8482,EI24
8483,CCDC15
8484,CHEK1
8485,FEZ1
8486,ESAM
8487,KIRREL3
8488,MPZL2
8489,SCN2B
8490,SIDT2
8491,TMEM25
8492,TAGLN
8493,JPH2
8494,DUSP15
8495,COMMD7
8496,C20orf144
8497,KIAA1755
8498,SPATA25
8499,OCSTAMP
8500,DSN1
8501,CNBD2
8502,CDH22
8503,LSM14B
8504,YTHDF1
8505,CABLES2
8506,GPHA2
8507,SLC22A9
8508,TRPT1
8509,NUDT22
8510,FERMT3
8511,PLCB3
8512,MRPL49
8513,CDC42EP2
8514,FAU
8515,TM7SF2
8516,VPS51
8517,TBX6
8518,PPP4C
8519,ALDOA
8520,DOC2A
8521,HIRIP3
8522,TAOK2
8523,TMEM219
8524,HMGA2
8525,MMP3
8526,CNKSR2
8527,CNTN5
8528,KLRF1
8529,CLEC1A
8530,MKX
8531,MPP7
8532,ITGB1
8533,FXYD4
8534,PCDH15
8535,CTF1
8536,CWC15
8537,FCGR1A
8538,ARID5B
8539,KLHL1
8540,CDH8
8541,DCUN1D2
8542,TMEM218
8543,TIRAP
8544,EEF1AKMT1
8545,LATS2
8546,SAP18
8547,ADGRL3
8548,KIAA1328
8549,FAM124A
8550,MIA2
8551,HNMT
8552,LYPD1
8553,LYPD6B
8554,PDCD4
8555,ADRA2A
8556,GPM6A
8557,WDR17
8558,SPATA4
8559,VEGFC
8560,CCDC102B
8561,CD226
8562,CNDP1
8563,FSIP1
8564,DLG2
8565,CCDC83
8566,RGS18
8567,PRSS23
8568,MTMR12
8569,PPP1R1C
8570,CCT5
8571,DOCK1
8572,DIXDC1
8573,DLAT
8574,PIH1D2
8575,NKAPD1
8576,TIMM8B
8577,IL18
8578,TEX12
8579,PTS
8580,PIP4K2A
8581,FREM2
8582,FOXO1
8583,SEC24D
8584,ABCB9
8585,RILPL2
8586,DHX37
8587,UBC
8588,ITPR1
8589,PRSS53
8590,SLC7A11
8591,NOCT
8592,ENKUR
8593,GPR158
8594,CACNA1C
8595,THRB
8596,NGLY1
8597,OXSM
8598,UEVLD
8599,TMEM86A
8600,TMEM263
8601,UBE3B
8602,ANK3
8603,IPMK
8604,RAD9B
8605,PLBD2
8606,MAT1A
8607,SLC2A13
8608,GXYLT1
8609,TWF1
8610,DIP2C
8611,EIF4E
8612,MAGI1
8613,TEX30
8614,CSNK1G3
8615,SRFBP1
8616,AKAP6
8617,NPAS3
8618,FAM177A1
8619,MBIP
8620,MIPOL1
8621,EXT2
8622,TMEM18
8623,ALLC
8624,KCTD14
8625,THRSP
8626,NDUFC2
8627,ME3
8628,ADAMTS12
8629,NUBPL
8630,NEK7
8631,ATP6V1G3
8632,FER
8633,VIPAS39
8634,ANKRD50
8635,UPF2
8636,CDC123
8637,SCLT1
8638,CCDC3
8639,C4orf33
8640,FRMD4A
8641,PTPRO
8642,EPS8
8643,ACAD8
8644,THYN1
8645,VPS26B
8646,NCAPD3
8647,VTI1A
8648,QDPR
8649,TEX9
8650,QTRT2
8651,MMAA
8652,ZNF827
8653,EDNRA
8654,NR3C2
8655,AKR1C2
8656,DPYSL4
8657,VENTX
8658,ADAM8
8659,ITIH2
8660,KIN
8661,PIGF
8662,ANKAR
8663,INPP1
8664,MFSD6
8665,RNF144A
8666,ASAP2
8667,ADAM17
8668,FLI1
8669,KCNJ1
8670,TMEM45B
8671,WWC2
8672,CENPU
8673,ACSL1
8674,SLC25A4
8675,AMN1
8676,BICD1
8677,SAV1
8678,CCDC122
8679,SERP2
8680,NBAS
8681,ZNF385D
8682,GUF1
8683,SLC35F4
8684,GABRA2
8685,SACS
8686,CCDC175
8687,PABPC3
8688,FBXO4
8689,TMEM267
8690,CCL28
8691,PARP8
8692,GFRA1
8693,CACUL1
8694,DST
8695,BEND6
8696,TIAL1
8697,BAG3
8698,GLT1D1
8699,TMEM132D
8700,RBM46
8701,SCHIP1
8702,KCNE4
8703,AP1S3
8704,RABGAP1L
8705,CCDC74B
8706,ASTN1
8707,CFC1B
8708,FAM168B
8709,PTPN14
8710,MGAT5
8711,TMEM163
8712,GPATCH11
8713,HSPB8
8714,GEMIN6
8715,TMEM178A
8716,POU4F1
8717,CYSLTR2
8718,GRID2
8719,ARL11
8720,SETBP1
8721,ARL14EP
8722,EPG5
8723,PSTPIP2
8724,ATP5F1A
8725,HAUS1
8726,SPC25
8727,G6PC2
8728,PDK1
8729,PTH
8730,PDE3B
8731,TCF7L1
8732,TGOLN2
8733,SH2D6
8734,KCNK13
8735,UHMK1
8736,ATG10
8737,POC5
8738,SPOCK1
8739,FAM151B
8740,TADA1
8741,GUCY1A2
8742,CWF19L2
8743,JMY
8744,HOMER1
8745,XRCC4
8746,ZNF547
8747,ZNF773
8748,ZNF776
8749,ZNF256
8750,SUV39H2
8751,DCLRE1C
8752,OLAH
8753,RPP38
8754,NMT2
8755,ZSCAN1
8756,ZNF837
8757,USP12
8758,CCDC50
8759,CAMK4
8760,TRIM36
8761,ZFP36L2
8762,PAN3
8763,PLEKHH2
8764,PFKM
8765,TMEM123
8766,GRIA4
8767,IGSF10
8768,SPEF2
8769,SPARCL1
8770,DSPP
8771,DMP1
8772,MEPE
8773,MBNL1
8774,CAPSL
8775,NADK2
8776,GPD1L
8777,GJA1
8778,CCNO
8779,DDX4
8780,CLEC4F
8781,SLC30A6
8782,PELO
8783,RASGRP3
8784,SAR1B
8785,CATSPER3
8786,GPR180
8787,ANKRD22
8788,FARP1
8789,IFIT5
8790,SLC16A12
8791,PANK1
8792,PRDM8
8793,BMP3
8794,HNRNPDL
8795,HHEX
8796,UTRN
8797,GRM1
8798,GGPS1
8799,CNTNAP4
8800,ZNF117
8801,PART1
8802,RAB3C
8803,RAD17
8804,MED21
8805,PLOD2
8806,STK32B
8807,NRSN1
8808,JAKMIP1
8809,ZIC1
8810,ADGRA3
8811,CPB1
8812,SREK1IP1
8813,LGI2
8814,CWC27
8815,MR1
8816,SRP19
8817,CENPH
8818,CDYL
8819,CARHSP1
8820,TEKT5
8821,BANK1
8822,TXNDC11
8823,DAB2
8824,ACMSD
8825,ACOXL
8826,BCL2L11
8827,ANAPC1
8828,SCOC
8829,CLGN
8830,CETN3
8831,SMARCA5
8832,SYCP2L
8833,BMP6
8834,RGPD3
8835,RASSF3
8836,HNRNPU
8837,RANBP2
8838,AHCTF1
8839,MERTK
8840,TMEM87B
8841,PTPRR
8842,NR4A2
8843,CCDC148
8844,PLA2R1
8845,RBMS1
8846,SCN3A
8847,CD96
8848,SLC25A27
8849,ADGRF1
8850,ADGRF4
8851,FRMD1
8852,ASAP1
8853,TRAPPC8
8854,FAM81B
8855,LINC00467
8856,INO80C
8857,LPCAT1
8858,PLEKHG4B
8859,NMRAL1
8860,UBALD1
8861,C16orf89
8862,ING1
8863,TEX29
8864,ADPRHL1
8865,CMTM7
8866,FBXL2
8867,UBP1
8868,RMND5A
8869,CD8A
8870,RPIA
8871,GOLGA8F
8872,PTPRD
8873,LURAP1L
8874,CNKSR3
8875,GTF2E1
8876,CFDP1
8877,TGIF2LX
8878,ZDHHC7
8879,TMPRSS11D
8880,JAZF1
8881,CMIP
8882,SPHKAP
8883,KCNJ16
8884,PID1
8885,TRIP12
8886,FBXO36
8887,CEBPG
8888,KCTD15
8889,ZNF599
8890,MCOLN2
8891,LGI4
8892,DDAH1
8893,SREK1
8894,CHD1
8895,ANKFN1
8896,DGKE
8897,HS2ST1
8898,MSI2
8899,CACNA2D1
8900,ZUP1
8901,HS3ST3A1
8902,GDPD1
8903,NUS1
8904,SEMA3D
8905,PPP2R5E
8906,GRAP
8907,SLC5A10
8908,AK5
8909,CABYR
8910,IMPACT
8911,ANKRD29
8912,SDHAF4
8913,CHST9
8914,THY1
8915,DNAAF1
8916,C16orf74
8917,TBCEL
8918,JPH3
8919,ANKH
8920,OTULIN
8921,UBASH3B
8922,ROBO4
8923,ROBO3
8924,TBRG1
8925,NRGN
8926,RETREG1
8927,CDH12
8928,GPR15
8929,TOMM70
8930,ABI3BP
8931,ANGPT1
8932,PITPNC1
8933,CC2D1B
8934,CERS3
8935,PRKCA
8936,LRRK1
8937,CEP112
8938,ABCA9
8939,ABCA6
8940,ABCA10
8941,ABCA5
8942,ENPP3
8943,UCHL1
8944,MIA3
8945,DISP1
8946,TNIK
8947,NEIL2
8948,PGM5
8949,WNT3A
8950,OBSCN
8951,TRIM11
8952,ENAH
8953,CCSAP
8954,SH3RF1
8955,GBP5
8956,BUB3
8957,MMP21
8958,C10orf90
8959,ATP5MC3
8960,CNTNAP3B
8961,MAGED4
8962,SRSF12
8963,PDLIM3
8964,SORBS2
8965,ELOC
8966,LY96
8967,PSMA8
8968,TMSB4Y
8969,CXADR
8970,C21orf91
8971,CHODL
8972,TMPRSS15
8973,NCAM2
8974,L3MBTL4
8975,PDE1C
8976,RABGEF1
8977,MRPL39
8978,JAM2
8979,ATP5PF
8980,GABPA
8981,ADAMTS1
8982,ADAMTS5
8983,TSEN2
8984,SLFN13
8985,WNT7A
8986,XPC
8987,CCDC174
8988,FGD5
8989,FLCN
8990,DPH3
8991,OXNAD1
8992,PLCL2
8993,CXXC1
8994,PPP4R1
8995,APCDD1
8996,PIEZO2
8997,MPPE1
8998,USP43
8999,RAB6B
9000,EME1
9001,EPHB1
9002,ACSS1
9003,ANKRD40
9004,ZNF18
9005,CA10
9006,VOPP1
9007,APOOL
9008,DKK2
9009,CYP2U1
9010,RSPH10B
9011,FBXL18
9012,CNTNAP5
9013,AK9
9014,ODF1
9015,KLF10
9016,AZIN1
9017,ATP6V1C1
9018,PIP4P2
9019,OTUD6B
9020,CDK19
9021,GTF3C6
9022,TTC39B
9023,AGPAT5
9024,MMS19
9025,PI4K2A
9026,MARVELD1
9027,ZFYVE27
9028,GOLGA7B
9029,GPR78
9030,TRMT44
9031,SLC25A28
9032,HSPA13
9033,SAMSN1
9034,USP25
9035,GRAMD2B
9036,ZCCHC10
9037,C16orf87
9038,MOV10
9039,RHOC
9040,PPM1J
9041,DBI
9042,SLC16A1
9043,HEATR3
9044,TRIM74
9045,NIFK
9046,OXA1L
9047,SLC7A7
9048,LARP1
9049,CNOT8
9050,GRIA1
9051,LRGUK
9052,SETD9
9053,MIER3
9054,NUP205
9055,ZKSCAN2
9056,C9orf85
9057,XAGE2
9058,PIK3AP1
9059,RBM45
9060,TTN
9061,VSIG4
9062,PDIA4
9063,KDM8
9064,KCTD18
9065,TMEM237
9066,FZD7
9067,SPAG17
9068,DEPTOR
9069,FMN2
9070,RNF20
9071,PPARGC1B
9072,ELMO1
9073,SLC26A2
9074,LSM11
9075,MED7
9076,SAXO1
9077,RRAGA
9078,SLC24A2
9079,PXYLP1
9080,ADCY8
9081,RASA2
9082,RMND1
9083,RAET1L
9084,SLA
9085,TMBIM4
9086,VBP1
9087,RAB39B
9088,CLIC2
9089,AFF2
9090,MICU3
9091,GRIP1
9092,VPS37A
9093,KIF5A
9094,NAT2
9095,MAGEA8
9096,PSD3
9097,CARNMT1
9098,MCU
9099,CFAP70
9100,GNA14
9101,FAM161B
9102,GNAQ
9103,WIF1
9104,GPR61
9105,MMP16
9106,ADK
9107,KCNMA1
9108,BATF
9109,DCK
9110,ADAMTS3
9111,ALX3
9112,DPY19L4
9113,NDUFAF6
9114,DRAM2
9115,PPEF2
9116,CFAP161
9117,ART3
9118,SLC28A1
9119,WHAMM
9120,CXCL13
9121,USP16
9122,CCT8
9123,MAP3K7CL
9124,BACH1
9125,TSPAN7
9126,TIAM1
9127,SCAF4
9128,RPGR
9129,CDK20
9130,PCGF6
9131,ANKRD9
9132,SFR1
9133,SORCS3
9134,SFXN2
9135,FUT6
9136,TDRD9
9137,FGF18
9138,PCDH1
9139,SH3RF2
9140,GDF6
9141,UQCRB
9142,MTERF3
9143,PTDSS1
9144,PPP2R2B
9145,RPL30
9146,KCNS2
9147,SUPV3L1
9148,EEF1A1
9149,FBXO43
9150,HKDC1
9151,HK1
9152,TYSND1
9153,PHF6
9154,CD109
9155,LRFN2
9156,NODAL
9157,UBE2L6
9158,ZDHHC5
9159,MED19
9160,ZFAND3
9161,NPTN
9162,SAMD8
9163,RAB11FIP1
9164,UNC5D
9165,GLYATL2
9166,UTP14A
9167,AIFM1
9168,MAPK13
9169,BAG4
9170,MS4A1
9171,IGKV1OR-2
9172,TBC1D31
9173,ATAD2
9174,FBXO32
9175,NSMCE2
9176,ZNF689
9177,PRR14
9178,FBRS
9179,FRRS1
9180,PHKG2
9181,SASS6
9182,COX6A2
9183,ITGAD
9184,ADGRG4
9185,ZIC3
9186,MALSU1
9187,VPS8
9188,GALK2
9189,LHFPL4
9190,B3GNT7
9191,BUB1B
9192,PDE6D
9193,EIF4A2
9194,BRPF1
9195,RPUSD3
9196,SST
9197,TATDN2
9198,GHRL
9199,SEC13
9200,EXOG
9201,SHCBP1L
9202,NMNAT2
9203,ZFYVE9
9204,ATP2B2
9205,SLC6A1
9206,SMG1
9207,FCHO2
9208,RBPMS
9209,TMEM171
9210,C8A
9211,TIMP4
9212,SYN2
9213,NRG1
9214,ODR4
9215,CPT2
9216,LRP8
9217,PAXIP1
9218,STEAP2
9219,SSBP3
9220,CLDN12
9221,MMP14
9222,FZD1
9223,GATAD1
9224,SUSD3
9225,TMED6
9226,CLEC18A
9227,DHRS4
9228,CLEC18C
9229,ARMC12
9230,DDX19B
9231,ST3GAL2
9232,IL34
9233,DHRS1
9234,CACNA1D
9235,KIT
9236,HYDIN
9237,AASDH
9238,ZNF19
9239,CACNA2D3
9240,RNF111
9241,CCNB2
9242,FAM81A
9243,MYO1E
9244,APPL1
9245,AFAP1L1
9246,TSC22D3
9247,VPS26C
9248,DYRK1A
9249,KCNJ6
9250,KCNJ15
9251,ERG
9252,ETS2
9253,TSPAN18
9254,LCA5L
9255,SLC35B2
9256,TMEM164
9257,MX1
9258,CREB3L1
9259,C2CD2
9260,TAB3
9261,SLC38A10
9262,C9orf43
9263,ZNF618
9264,DGKI
9265,TMEM268
9266,SVOPL
9267,SNX22
9268,UBN2
9269,BRAF
9270,SLC34A2
9271,ACAN
9272,PSMG3
9273,CABP1
9274,WDR19
9275,SLC37A3
9276,AP3S2
9277,FMNL2
9278,GAREM2
9279,SPPL3
9280,DPYSL5
9281,DRC1
9282,RAB28
9283,PANK4
9284,CIB4
9285,MEGF11
9286,C12orf43
9287,PEX10
9288,RER1
9289,RADIL
9290,SKI
9291,WIPI2
9292,LDLRAP1
9293,AGAP1
9294,KRTCAP3
9295,ANKRD61
9296,PAFAH2
9297,EXTL1
9298,SLC30A2
9299,BABAM2
9300,TRIM63
9301,MRPL17
9302,DUSP2
9303,GRHL3
9304,UBXN11
9305,NLRP14
9306,PTPDC1
9307,GALNT14
9308,NCK1
9309,HPD
9310,RHPN1
9311,TPRG1L
9312,LRRC43
9313,XDH
9314,XKR8
9315,CNNM4
9316,EYA3
9317,DZIP1L
9318,TMSB15A
9319,FANCC
9320,MRAS
9321,WASF2
9322,ABHD3
9323,ESYT3
9324,FAIM
9325,TENT5B
9326,CLSTN2
9327,COLEC12
9328,RNF207
9329,CUL4B
9330,GPR153
9331,SLC13A3
9332,GPRASP2
9333,RHBDL2
9334,AUTS2
9335,SHROOM4
9336,CDC25C
9337,MITD1
9338,EIF5B
9339,RIBC1
9340,TMSB15B
9341,CATIP
9342,CNOT11
9343,KCNB1
9344,TSPAN33
9345,NRG2
9346,AHCYL2
9347,B4GALT5
9348,CD1D
9349,CD1A
9350,SPATA2
9351,CD1C
9352,CD1B
9353,DNAH3
9354,CD1E
9355,HMHB1
9356,CPA2
9357,NCF1
9358,CPA5
9359,TSR2
9360,PPP1R9A
9361,ZC3H18
9362,ZFAND2B
9363,GDPD5
9364,DYNC1I1
9365,PFKFB1
9366,ALAS2
9367,TMED4
9368,PPP1R15B
9369,COPG2
9370,EMSY
9371,PAGE5
9372,GPAT4
9373,PKD1L1
9374,ZSCAN12
9375,TAGLN2
9376,ELK4
9377,SLAMF8
9378,SLC45A3
9379,DUSP23
9380,RNF166
9381,NBL1
9382,HTR6
9383,ITLN2
9384,F11R
9385,USF1
9386,PLA2G2F
9387,SPATA2L
9388,NIT1
9389,DEDD
9390,ZNF276
9391,NPM2
9392,EDA
9393,FGF17
9394,VWA5B1
9395,CDA
9396,PINK1
9397,B4GALT3
9398,DMTN
9399,ADAMTS4
9400,NDUFS2
9401,FCER1G
9402,APOA2
9403,TOMM40L
9404,MPZ
9405,WFDC8
9406,CCAR2
9407,CACHD1
9408,CDC42SE2
9409,RAPGEF6
9410,EPB41
9411,MIS18A
9412,ALG8
9413,FBXW5
9414,CFAP298
9415,SYNJ1
9416,IFNAR2
9417,MRPL10
9418,IFNGR2
9419,SON
9420,DONSON
9421,SV2A
9422,LAD1
9423,STC1
9424,TNNI1
9425,CSRP1
9426,PRAC1
9427,HOXB13
9428,C1QC
9429,KCNE2
9430,ATP5MC1
9431,RCAN1
9432,UBE2Z
9433,CIART
9434,SNF8
9435,CLIC6
9436,CCDC24
9437,RUNX1
9438,IGF2BP1
9439,GIP
9440,CBR1
9441,CBR3
9442,GJD2
9443,ACTC1
9444,MORC3
9445,CHAF1B
9446,CLDN14
9447,SIM2
9448,HLCS
9449,GOLGA6A
9450,SCUBE1
9451,ADPGK
9452,PTMS
9453,PLA2G4D
9454,PADI4
9455,ADIPOR1
9456,CYB5R1
9457,PSMD4
9458,ATP13A2
9459,M1AP
9460,PSMB4
9461,IRX6
9462,BTG2
9463,HK2
9464,CELF3
9465,ALDH4A1
9466,STARD9
9467,THEM4
9468,TCHH
9469,UBR1
9470,AMFR
9471,MED8
9472,RGL4
9473,SPRR2G
9474,PGLYRP3
9475,ISL2
9476,RSPRY1
9477,CCDC17
9478,GPBP1L1
9479,NAE1
9480,TMEM69
9481,ADGRG5
9482,DRC7
9483,ACE
9484,UROC1
9485,EFCAB14
9486,SPON2
9487,CHCHD6
9488,CTBP1
9489,LRRC36
9490,TPPP3
9491,ZDHHC1
9492,ATP6V0D1
9493,AGRP
9494,ZFYVE28
9495,CARMIL2
9496,C16orf86
9497,PIP
9498,FAM131B
9499,RGS12
9500,PSKH1
9501,ZYX
9502,LYPD5
9503,CCDC117
9504,ZNF230
9505,CCDC107
9506,ZNF222
9507,NPR2
9508,ZNF221
9509,ZNF233
9510,ZNF235
9511,GNE
9512,TNFRSF13C
9513,ARHGAP35
9514,PTGIR
9515,CALM3
9516,DFFA
9517,CCDC28B
9518,IQCC
9519,TMEM234
9520,BSDC1
9521,ZBTB8A
9522,ATAD3B
9523,SSU72
9524,UBE2J2
9525,ZNF362
9526,FNDC5
9527,CPAMD8
9528,NR2F6
9529,ANKLE1
9530,VMA21
9531,KALRN
9532,CILP2
9533,ABCG1
9534,TFF3
9535,TFF2
9536,TFF1
9537,TMPRSS3
9538,UBASH3A
9539,RSPH1
9540,SLC37A1
9541,PDE9A
9542,WDR4
9543,NDUFV3
9544,PKNOX1
9545,CBS
9546,U2AF1
9547,HSF2BP
9548,RRP1B
9549,PDXK
9550,G6PD
9551,CSTB
9552,RRP1
9553,AGPAT3
9554,TRAPPC10
9555,GAB3
9556,ICOSLG
9557,AIRE
9558,LRRC3
9559,ITGB2
9560,RALGDS
9561,SPATC1L
9562,LSS
9563,VAV2
9564,MCM3AP
9565,C21orf58
9566,PCNT
9567,DIP2A
9568,S100B
9569,PRMT2
9570,CLDND2
9571,ZNF208
9572,CACFD1
9573,ZNF761
9574,FCN2
9575,LCN1
9576,ZNF714
9577,GPSM1
9578,C19orf47
9579,HIPK4
9580,CFAP157
9581,TOR2A
9582,ST6GALNAC6
9583,SHKBP1
9584,ZER1
9585,ZDHHC12
9586,PKN3
9587,SPTBN4
9588,BRSK1
9589,COX6B2
9590,TMEM190
9591,NLRP4
9592,PLPP7
9593,TAOK1
9594,MED27
9595,DEDD2
9596,SIK3
9597,MPZL3
9598,JAML
9599,NEK8
9600,TLCD1
9601,PCSK7
9602,SAFB
9603,CD3G
9604,S100A1
9605,CHTOP
9606,CXCR5
9607,ZBTB7B
9608,FLAD1
9609,SHC1
9610,VPS11
9611,NLRX1
9612,ADAR
9613,IL6R
9614,UBE2Q1
9615,CHRNB2
9616,CRTC2
9617,ANO10
9618,FDPS
9619,RUSC1
9620,PAQR6
9621,PMF1
9622,SLC25A44
9623,LMNA
9624,CCR5
9625,NBEAL2
9626,CCDC12
9627,PTH1R
9628,UBQLN4
9629,MYL3
9630,PPP1R35
9631,GPATCH4
9632,LRRC71
9633,FCRL3
9634,AZGP1
9635,FGFR4
9636,CYP3A4
9637,CYP3A7
9638,NACC1
9639,HK3
9640,LY6K
9641,IER2
9642,ZNF394
9643,CPSF4
9644,LY6E
9645,VPS28
9646,TONSL
9647,PTGER1
9648,RECQL4
9649,LRRC14
9650,ZNF333
9651,COL26A1
9652,PPP1R16A
9653,FOXH1
9654,ORAI2
9655,ALKBH4
9656,SH2B2
9657,SQSTM1
9658,RPL8
9659,MAML1
9660,PGLYRP2
9661,LRWD1
9662,FBXL13
9663,NAPEPLD
9664,SCGB3A1
9665,PSMC2
9666,CELF5
9667,MFSD12
9668,YDJC
9669,CCDC116
9670,DVL3
9671,AP2M1
9672,ABCF3
9673,PCYT1A
9674,FBXO27
9675,DMKN
9676,U2AF1L4
9677,NPHS1
9678,THAP8
9679,COX7A1
9680,ZNF382
9681,LRRC56
9682,PLXDC1
9683,PGAP3
9684,IKZF3
9685,GRIN2C
9686,FDXR
9687,SAP30BP
9688,ACOX1
9689,PRPSAP1
9690,CYGB
9691,SRSF2
9692,ZNF577
9693,TMEM143
9694,KLHL10
9695,HCRT
9696,ALDH16A1
9697,ITGA5
9698,SIGLEC11
9699,ZNF385A
9700,MPP3
9701,CD300LG
9702,IZUMO2
9703,NAGS
9704,LSM12
9705,ASB16
9706,EMC10
9707,JOSD2
9708,SHANK1
9709,FAM171A2
9710,DBF4B
9711,PLCD3
9712,FMNL3
9713,AQP5
9714,RACGAP1
9715,LARP4
9716,RAVER1
9717,SYCE2
9718,SPC24
9719,IP6K3
9720,LEMD2
9721,ALOX15
9722,TREML1
9723,ZNF653
9724,MED11
9725,CXCL16
9726,SCIMP
9727,RNASEK-C17orf49
9728,BCL6B
9729,ASGR2
9730,TNFSF13
9731,SENP3
9732,EIF4A1
9733,RPL26
9734,CCDC42
9735,POLR3K
9736,SNRNP25
9737,PRR35
9738,WDR90
9739,JMJD8
9740,CCDC78
9741,MSLNL
9742,SSTR5
9743,SPSB3
9744,MEIOB
9745,TEDC2
9746,CCNF
9747,TBC1D24
9748,AMDHD2
9749,BICDL2
9750,PAQR4
9751,FLYWCH2
9752,ZNF75A
9753,ADCY9
9754,SHANK2
9755,CLPB
9756,NEU3
9757,CYB561A3
9758,ASRGL1
9759,GNG3
9760,UBXN1
9761,LBHD1
9762,TTC9C
9763,TAF6L
9764,NXF1
9765,STX5
9766,SLC25A45
9767,RPL29
9768,ITIH3
9769,SYVN1
9770,ZFPL1
9771,RPS6KA4
9772,LRP5
9773,TPCN2
9774,FGF19
9775,PDZK1IP1
9776,TAL1
9777,CMPK1
9778,BEND5
9779,ELAVL4
9780,COA7
9781,ZYG11B
9782,SLC1A7
9783,MAGOH
9784,ACOT11
9785,FAM151A
9786,PARS2
9787,BSND
9788,USP24
9789,PLPP3
9790,NOL9
9791,PRKAA2
9792,KLHL21
9793,ZSWIM5
9794,GMEB1
9795,SLC45A1
9796,SELENON
9797,AK4
9798,JAK1
9799,RAVER2
9800,CTRC
9801,LZIC
9802,RBP7
9803,FBLIM1
9804,TMEM82
9805,SLC25A34
9806,AKR7A3
9807,DRAXIN
9808,PDPN
9809,LRRC38
9810,DHRS3
9811,MATN1
9812,LAPTM5
9813,SDC3
9814,PEF1
9815,SYNC
9816,RBBP4
9817,TSSK3
9818,TMCO4
9819,UBXN10
9820,CAMK2N1
9821,ALPL
9822,WNT4
9823,TTLL10
9824,SCNN1D
9825,MXRA8
9826,FAAP20
9827,MEGF6
9828,CCDC27
9829,IL23R
9830,DIRAS3
9831,NFIA
9832,OMA1
9833,MYSM1
9834,TM2D1
9835,USP1
9836,FUBP1
9837,NEXN
9838,DNAJB4
9839,ADGRL4
9840,LRRIQ3
9841,LRRC53
9842,TYW3
9843,SNX7
9844,B3GALT2
9845,NTNG1
9846,HENMT1
9847,AKNAD1
9848,C1orf52
9849,GBP2
9850,ATXN7L2
9851,GBP4
9852,ZNF326
9853,HFM1
9854,BRINP3
9855,GFI1
9856,KCNT2
9857,AGL
9858,VCAM1
9859,EXTL2
9860,SLC30A7
9861,ZNF281
9862,ARPC5
9863,CADM3
9864,NLRP3
9865,TRIM58
9866,SLAMF9
9867,KCNJ9
9868,IGSF8
9869,DDR2
9870,PEA15
9871,PEX19
9872,NCSTN
9873,VANGL2
9874,SLAMF6
9875,OLFML2B
9876,FCRLB
9877,FCGR3B
9878,SLC9C2
9879,KLHDC9
9880,C1orf74
9881,LMX1A
9882,LRRC52
9883,FLVCR1
9884,ATF3
9885,RBM15
9886,DENND2D
9887,AXDND1
9888,TDRD5
9889,IER5
9890,SNED1
9891,BPNT1
9892,SPATA17
9893,C1orf115
9894,BROX
9895,NBPF20
9896,ACP6
9897,WDR64
9898,TFB2M
9899,CNST
9900,PPP1R21
9901,KLHDC8A
9902,PM20D1
9903,PKDCC
9904,OXER1
9905,HAAO
9906,MAPKAPK2
9907,IL20
9908,IL24
9909,FCMR
9910,PIGR
9911,FCAMR
9912,CAPN2
9913,MRPL55
9914,OBSCN-AS1
9915,WDR26
9916,REL
9917,PUS10
9918,PEX13
9919,TRIM17
9920,RFTN2
9921,DISC1
9922,LINC01931
9923,CAPN13
9924,LRRTM1
9925,MEMO1
9926,DPY30
9927,TYW5
9928,MAIP1
9929,KCNF1
9930,ARL5A
9931,KCNJ3
9932,NEUROD1
9933,CLHC1
9934,FRZB
9935,DUSP19
9936,CFAP36
9937,NUP35
9938,CCDC138
9939,ZSWIM2
9940,FBXO41
9941,ACTG2
9942,WDCP
9943,SMC6
9944,VSNL1
9945,CCDC74A
9946,ANKRD30BL
9947,COQ8A
9948,SLC16A14
9949,TEKT4
9950,EN1
9951,SGCB
9952,SPATA18
9953,CFAP221
9954,SGPP2
9955,INHBB
9956,BBS5
9957,SMARCAD1
9958,HPGDS
9959,PDLIM5
9960,STPG2
9961,NEURL3
9962,RPRD2
9963,ANKRD23
9964,CTSS
9965,MSX1
9966,PACRGL
9967,BNIPL
9968,C1QTNF7
9969,TNFAIP8L2
9970,LYSMD1
9971,SCNM1
9972,TMOD4
9973,VPS72
9974,ERCC3
9975,RNF149
9976,IWS1
9977,BOLA3
9978,CDC42EP3
9979,S100A11
9980,LCE3D
9981,SMCP
9982,IVL
9983,SPRR3
9984,DHX57
9985,SPRR2D
9986,PGLYRP4
9987,ARHGAP25
9988,S100A9
9989,S100A12
9990,TGFA
9991,TDRD10
9992,CCNYL1
9993,FZD5
9994,DCAF16
9995,NPPC
9996,GNPDA2
9997,ALPP
9998,GABRG1
9999,ALPG
10000,GABRB1
10001,PAQR3
10002,NIPAL1
10003,ALPI
10004,ANTXR2
10005,HELQ
10006,MRPS18C
10007,CGGBP1
10008,ABRAXAS1
10009,GPR155
10010,DAPL1
10011,PMVK
10012,PBXIP1
10013,CLDN1
10014,PYGO2
10015,HIPK1
10016,LENEP
10017,DCST2
10018,DCST1
10019,COL6A3
10020,INAVA
10021,LINC01116
10022,YY1AP1
10023,KBTBD8
10024,EOGT
10025,LMOD3
10026,NAXE
10027,POGLUT1
10028,SLC22A15
10029,CCKAR
10030,IGFN1
10031,ATP1A1
10032,SLC15A2
10033,EIF4E3
10034,PROK2
10035,LRRC58
10036,FSTL1
10037,LMOD1
10038,ELF3
10039,PDCL2
10040,TMEM183A
10041,TMEM169
10042,IGFBP7
10043,TRIM46
10044,KRTCAP2
10045,CXCR1
10046,ARPC2
10047,TSACC
10048,CCT3
10049,TMEM79
10050,SSR2
10051,RNF25
10052,STK36
10053,ADORA1
10054,NEK10
10055,CCDC141
10056,FEV
10057,CRYBA2
10058,IHH
10059,CIP2A
10060,EOMES
10061,CWC22
10062,AZI2
10063,TGFBR2
10064,RETNLB
10065,ANKZF1
10066,HDAC11
10067,FCRL4
10068,TRAT1
10069,FBLN2
10070,GLB1L
10071,STT3B
10072,CHCHD4
10073,DPPA2
10074,NFASC
10075,FCRL1
10076,SGO2
10077,SERPINI1
10078,CLASP2
10079,SUCLG1
10080,NUAK2
10081,SPTA1
10082,PRKCI
10083,MNDA
10084,PYHIN1
10085,IFI16
10086,AIM2
10087,EFHB
10088,EIF5A2
10089,SLC2A2
10090,RPL22L1
10091,FABP1
10092,PPM1L
10093,ICA1L
10094,CTLA4
10095,ICOS
10096,RYBP
10097,PPP4R2
10098,CD200R1
10099,GTPBP8
10100,SPICE1
10101,CCDC191
10102,CADPS
10103,NKX6-1
10104,CDS1
10105,WDFY3
10106,COX18
10107,PTPN13
10108,SYNPR
10109,ALB
10110,C3orf49
10111,THOC7
10112,ATXN7
10113,PSMD6
10114,PRICKLE2
10115,ADAMTS9
10116,PPM1K
10117,ERICH6
10118,CLRN1
10119,GMPS
10120,TIPARP
10121,CCNL1
10122,PTX3
10123,HESX1
10124,DCLK3
10125,SLMAP
10126,RPL9
10127,SMIM14
10128,RPP14
10129,ABHD6
10130,DNASE1L3
10131,RBM47
10132,APBB2
10133,IL17RE
10134,IL17RC
10135,CRELD1
10136,PRRT3
10137,FANCD2OS
10138,PCOLCE2
10139,U2SURP
10140,MTMR14
10141,TTC14
10142,CXCL3
10143,CXCL5
10144,PPBP
10145,PF4
10146,MTHFD2L
10147,CXCL1
10148,RCHY1
10149,PLSCR2
10150,CCDC158
10151,CPA3
10152,GYG1
10153,HPS3
10154,TM4SF18
10155,TOPBP1
10156,RYK
10157,SNRK
10158,TCF23
10159,UCN
10160,ZNF513
10161,SLC4A1AP
10162,PLB1
10163,SPDYA
10164,KIAA1143
10165,WDR43
10166,ZDHHC3
10167,CDCP1
10168,CLEC3B
10169,SLC6A20
10170,LZTFL1
10171,FYCO1
10172,CCR1
10173,LRRC2
10174,ELP6
10175,FBXO40
10176,DTX3L
10177,ZNF148
10178,NMNAT3
10179,SMIM12
10180,ZMYM6
10181,TPRA1
10182,YEATS2
10183,GRIK3
10184,ZC3H12A
10185,MEAF6
10186,SNIP1
10187,DNALI1
10188,POLR2H
10189,KLF15
10190,CFAP100
10191,CAMK2N2
10192,LIPH
10193,TMEM41A
10194,RPN1
10195,SENP2
10196,HEYL
10197,IFT122
10198,RHO
10199,IGF2BP2-AS1
10200,RFC4
10201,RPL39L
10202,BAP1
10203,TKT
10204,PRKCD
10205,RFT1
10206,SFMBT1
10207,GNL3
10208,PBRM1
10209,UVSSA
10210,ARHGEF3
10211,SLBP
10212,LRPAP1
10213,ZDHHC19
10214,SLC51A
10215,UBXN7
10216,RNF168
10217,PIGX
10218,MELTF
10219,S100P
10220,ABLIM2
10221,EXO5
10222,CLDN19
10223,C1orf50
10224,ERMAP
10225,ZNF691
10226,AIMP1
10227,SGMS2
10228,METAP1
10229,DNAJB14
10230,EMCN
10231,SLC9B1
10232,SLC9B2
10233,BDH2
10234,PGRMC2
10235,CDC25A
10236,CAMP
10237,ZNF589
10238,PLXNB1
10239,CCDC51
10240,ATRIP
10241,SHISA5
10242,SPRY1
10243,BSN
10244,APEH
10245,INTU
10246,RNF123
10247,HSPA4L
10248,MFSD8
10249,ABHD18
10250,CAMKV
10251,MON1A
10252,MST1R
10253,RAD54L2
10254,TEX264
10255,GRM2
10256,DUSP7
10257,POC1A
10258,PPM1M
10259,ETNPPL
10260,WDR82
10261,PITX2
10262,PRSS12
10263,NDST3
10264,HMGB2
10265,SAP30
10266,SCRG1
10267,HAND2
10268,MAD2L1
10269,ANXA5
10270,MAP9
10271,GUCY1A1
10272,FBXO8
10273,CEP44
10274,HPGD
10275,TMEM144
10276,NPY1R
10277,NPY5R
10278,NAA15
10279,IL15
10280,ARFIP1
10281,ICE1
10282,HHIP
10283,ANAPC10
10284,ABCE1
10285,OTUD4
10286,LSM6
10287,TMEM184C
10288,PRMT9
10289,ITGA2
10290,MOCS2
10291,SLC45A2
10292,EDIL3
10293,TMEM161B
10294,ELOVL7
10295,NDUFAF2
10296,ZNF474
10297,LMBRD2
10298,RANBP3L
10299,NIPBL
10300,RNF180
10301,ADGRV1
10302,SLC25A46
10303,STARD4
10304,PGGT1B
10305,F2RL2
10306,CCDC112
10307,ANKRD33B
10308,CMBL
10309,C5orf63
10310,PRRC1
10311,F2RL1
10312,AGGF1
10313,WDR41
10314,NDUFS4
10315,SCGB3A2
10316,SPINK1
10317,HTR4
10318,ESM1
10319,GRPEL2
10320,CDC20B
10321,ARSK
10322,RHOBTB3
10323,GPX8
10324,TIGD6
10325,SERINC5
10326,ENPP6
10327,CAGE1
10328,CASP3
10329,PRIMPOL
10330,ERAP1
10331,ERAP2
10332,CMYA5
10333,EGFLAM
10334,CFAP97
10335,CARTPT
10336,RICTOR
10337,TENT2
10338,EBF1
10339,ANKRA2
10340,UBLCP1
10341,UTP15
10342,TLR3
10343,KLKB1
10344,NSA2
10345,GFM2
10346,TERT
10347,SLC6A18
10348,CCDC127
10349,FOXQ1
10350,LINC01600
10351,ACSL6
10352,IL3
10353,CSF2
10354,SHROOM1
10355,GDF9
10356,UQCRQ
10357,LEAP2
10358,GJB7
10359,SLC35A1
10360,GRIK2
10361,CGAS
10362,FABP7
10363,TLX3
10364,TXLNB
10365,CITED2
10366,CALHM4
10367,TBXT
10368,CREBRF
10369,DCBLD1
10370,SFXN1
10371,SAMD3
10372,TMEM200A
10373,IL22RA2
10374,DACT2
10375,PDSS2
10376,STXBP5
10377,IL31RA
10378,ANKRD55
10379,RAET1E
10380,PI16
10381,TBX20
10382,DAGLB
10383,STK17A
10384,TRA2A
10385,GALNT10
10386,SAP30L
10387,RPS14
10388,HCN1
10389,MYOZ3
10390,COG5
10391,NEUROD6
10392,GPR85
10393,SLU7
10394,RP9
10395,PTTG1
10396,CAMLG
10397,BMPER
10398,RELL2
10399,SMAD5-AS1
10400,KCNK5
10401,KIF6
10402,ZNF12
10403,SLC29A4
10404,STEAP1
10405,CDCA7L
10406,SP8
10407,MIOS
10408,USP49
10409,SYTL3
10410,IQUB
10411,HEY1
10412,ZNF704
10413,FABP5
10414,SHH
10415,TAGAP
10416,COL1A2
10417,FNDC1
10418,CHMP4C
10419,SLC13A4
10420,PGAM2
10421,BRI3
10422,LMTK2
10423,CTSB
10424,SOX17
10425,DLC1
10426,ADCY1
10427,C8orf48
10428,SUN3
10429,C7orf57
10430,HNF4G
10431,PEX2
10432,RAD21
10433,SLC30A8
10434,MED30
10435,TNFRSF11B
10436,SBSPON
10437,PHKG1
10438,EN2
10439,KCNV1
10440,CSMD3
10441,SPIDR
10442,ORC5
10443,DEFA5
10444,DNAAF5
10445,OSGIN2
10446,SUN1
10447,OXR1
10448,TMEM74
10449,GPR146
10450,GPER1
10451,UNCX
10452,TMEM184A
10453,NOS3
10454,MICALL2
10455,CA3
10456,INTS1
10457,CDK5
10458,SLC4A2
10459,FASTK
10460,TMUB1
10461,FMC1
10462,PHAX
10463,ALDH7A1
10464,FOXK1
10465,COX6C
10466,OSR2
10467,YWHAZ
10468,BAALC
10469,FZD6
10470,CTHRC1
10471,SLC25A32
10472,DCAF13
10473,DCSTAMP
10474,TP53INP1
10475,INTS8
10476,VIRMA
10477,FREM1
10478,GEM
10479,PDP1
10480,TMEM67
10481,WASHC5
10482,RPP25L
10483,FAM219A
10484,SNAPC3
10485,MYORG
10486,NUDT2
10487,TMEM65
10488,PSIP1
10489,CCDC171
10490,UBAP1
10491,DIRAS2
10492,SYK
10493,NIPSNAP3B
10494,ABCA1
10495,NFIL3
10496,LETM2
10497,METTL2B
10498,FXN
10499,ZMAT4
10500,NKX6-3
10501,TMEM71
10502,PRSS37
10503,CPA6
10504,C8orf34
10505,TMC1
10506,ALDH1A1
10507,KDM1B
10508,HGSNAT
10509,RASEF
10510,GKAP1
10511,KIF27
10512,HNRNPK
10513,SSMEM1
10514,SVEP1
10515,ANKS6
10516,FBP1
10517,ZHX1
10518,CFAP47
10519,CYBB
10520,DYNLT3
10521,METTL27
10522,MID1IP1
10523,CXorf58
10524,KIAA1958
10525,PTCHD1
10526,RNF183
10527,ASB11
10528,PCDH19
10529,PIGA
10530,VEGFD
10531,STRBP
10532,CLDN3
10533,GAPVD1
10534,CARD19
10535,WNK2
10536,ATP7A
10537,ZNF367
10538,NLGN4Y
10539,HDX
10540,NDUFB6
10541,AQP7
10542,NOL6
10543,AQP3
10544,TRMT10B
10545,VCP
10546,PIGO
10547,STOML2
10548,BRWD3
10549,SLITRK5
10550,MELK
10551,ARMC3
10552,OTUD1
10553,ARHGAP12
10554,FAT3
10555,DEUP1
10556,HECTD2
10557,SLC7A3
10558,FBXO33
10559,INTS6L
10560,CLDN2
10561,LRFN5
10562,LRRC18
10563,SPTSSA
10564,WRN
10565,TSHR
10566,CFL2
10567,SUGT1
10568,GTF2A1
10569,ZCCHC24
10570,PGM2L1
10571,PHYHIPL
10572,SLC16A9
10573,FOLR2
10574,INPPL1
10575,PHOX2A
10576,GJB2
10577,CRYL1
10578,REEP3
10579,HEPACAM
10580,SKA3
10581,MICU2
10582,DDIAS
10583,PCF11
10584,PKNOX2
10585,RPL10L
10586,LRR1
10587,RPL36AL
10588,DNAAF2
10589,DEPP1
10590,MAGEC3
10591,ZNF22
10592,KLHDC2
10593,EML5
10594,NEMF
10595,RPUSD4
10596,ARF6
10597,TTC8
10598,TMEM63C
10599,NOXRED1
10600,CDX2
10601,AMER2
10602,AKR1E2
10603,KBTBD6
10604,SSX5
10605,OTX2
10606,FAAH2
10607,DRGX
10608,NUDT5
10609,DACT1
10610,OXGR1
10611,BEND7
10612,ATP5F1C
10613,PRPF18
10614,TAF3
10615,VSTM4
10616,VDAC2
10617,SOHLH1
10618,COMTD1
10619,SLC18A2
10620,PDZD8
10621,ZNF503
10622,ABRAXAS2
10623,QSOX2
10624,FAM204A
10625,NSD1
10626,PRDX3
10627,ENOX2
10628,GHITM
10629,SNAPC4
10630,TMEM52B
10631,PMPCA
10632,ENTR1
10633,FRMD7
10634,AK8
10635,SPACA9
10636,TSC1
10637,GFI1B
10638,HPRT1
10639,ZMYND19
10640,STOX1
10641,RET
10642,DDX21
10643,BMS1
10644,STK32C
10645,JCAD
10646,FUNDC2
10647,PIP4P1
10648,METTL17
10649,SLC39A2
10650,NDRG2
10651,RNASE7
10652,ARHGEF40
10653,NSMF
10654,ZNF219
10655,C12orf50
10656,CASP7
10657,PPP1R36
10658,BTNL9
10659,CCDC186
10660,VWA2
10661,METTL3
10662,SALL2
10663,PRAP1
10664,TRUB1
10665,CYP2C19
10666,ZFYVE1
10667,HSPA12A
10668,FRAT1
10669,UBTD1
10670,ANKRD2
10671,E2F7
10672,ARHGAP42
10673,ISCA2
10674,OTOGL
10675,LARGE2
10676,PACSIN3
10677,TTC7B
10678,SLC39A13
10679,PSMC3
10680,RAPSN
10681,AGBL2
10682,CPSF2
10683,SMCO2
10684,MOAP1
10685,CLMN
10686,PDZRN4
10687,SLC6A5
10688,CCDC38
10689,NELL1
10690,PTER
10691,C1QL3
10692,CACNB2
10693,HACD1
10694,ARL5B
10695,SMCO4
10696,CEP295
10697,TAF1D
10698,ABTB2
10699,R3HCC1L
10700,AMOTL1
10701,HTRA1
10702,LIPC
10703,CEP57
10704,TCP11L2
10705,SPRED1
10706,TMCO5A
10707,GPR176
10708,JAM3
10709,CMTM5
10710,GLB1L3
10711,ADAMTS15
10712,SVOP
10713,GPT2
10714,AMN
10715,RAB8B
10716,IKBIP
10717,RPUSD2
10718,HIF1AN
10719,NDUFB8
10720,ZFYVE19
10721,PPP1R14D
10722,SPINT1
10723,FBN1
10724,AVPR1A
10725,DEPDC4
10726,BRD7
10727,CKB
10728,TRMT61A
10729,BTRC
10730,POLL
10731,BAG5
10732,DPCD
10733,LARP6
10734,API5
10735,ASPG
10736,ZNF319
10737,HPS6
10738,SENP8
10739,NOLC1
10740,ALKBH3
10741,COPS2
10742,GABRB3
10743,SPIC
10744,SGPL1
10745,FRS2
10746,CCT2
10747,PCBD1
10748,ARIH1
10749,CLMP
10750,SCN3B
10751,COX11
10752,ZNF202
10753,FAM227B
10754,STXBP4
10755,CYYR1
10756,CUL5
10757,MYRFL
10758,WBP1L
10759,BORCS7
10760,PLEKHF1
10761,TMEM100
10762,ANAPC16
10763,SMPD1
10764,APBB1
10765,SYNPO2L
10766,NUDT13
10767,C11orf65
10768,TRIM44
10769,ILK
10770,TAF10
10771,TPP1
10772,DCHS1
10773,NETO1
10774,MSS51
10775,CYB5A
10776,USP54
10777,RAG1
10778,WDR88
10779,OR2D2
10780,PPFIBP2
10781,MOGAT2
10782,CYB5R2
10783,SERPINB7
10784,SERPINB8
10785,TUB
10786,RIC3
10787,LMO1
10788,IDH3A
10789,WDR72
10790,CRABP1
10791,PLD4
10792,ZMAT1
10793,XRRA1
10794,TRIM66
10795,RNF169
10796,RPL27A
10797,CDYL2
10798,TMEM130
10799,PRTG
10800,AKIP1
10801,C16orf46
10802,TMEM41B
10803,LEO1
10804,ZNF143
10805,TMX3
10806,MFAP4
10807,WEE1
10808,MAPK7
10809,PRKCB
10810,HDGFL3
10811,NDST2
10812,MCM7
10813,CCDC68
10814,CLEC4E
10815,ZNF3
10816,CLEC4D
10817,ZSCAN21
10818,RIMKLB
10819,A2ML1
10820,BEAN1
10821,TK2
10822,TMED3
10823,SLC38A8
10824,SEC11C
10825,CPLX4
10826,GALR1
10827,TMEM135
10828,NDEL1
10829,CENPV
10830,CDH16
10831,RRAD
10832,CFAP52
10833,HSP90B1
10834,MC4R
10835,BLCAP
10836,ATF7IP2
10837,MMP10
10838,TVP23A
10839,BEX3
10840,TMPRSS5
10841,COG1
10842,PLEKHA7
10843,ZNF606
10844,ZCCHC18
10845,B2M
10846,ZNF592
10847,HTR3A
10848,NNMT
10849,ACSM1
10850,AP1G1
10851,SLFN5
10852,CATSPER2
10853,ZNF667-AS1
10854,MARF1
10855,SAAL1
10856,YPEL4
10857,PPIB
10858,LDHC
10859,LDHAL6A
10860,FAM111A
10861,PCLAF
10862,KIF7
10863,LDHD
10864,PLIN1
10865,PEX11A
10866,TMEM170A
10867,MESP1
10868,ANPEP
10869,SCNN1G
10870,RBPMS2
10871,NAV2
10872,ANKDD1A
10873,GLYATL1
10874,C18orf54
10875,DCTN5
10876,TERF2IP
10877,PLK1
10878,CLPX
10879,ZBTB39
10880,CACNG2
10881,TAC3
10882,MYO1A
10883,CHP2
10884,NEMP1
10885,NAB2
10886,VPS39
10887,STAT6
10888,PATL1
10889,ELFN2
10890,STX3
10891,MRPL16
10892,PIP4K2C
10893,YWHAB
10894,MIR202HG
10895,SCG5
10896,NYAP1
10897,TSC22D4
10898,MS4A6E
10899,MS4A7
10900,MS4A14
10901,DIS3L
10902,CCNDBP1
10903,EPB42
10904,SMAD3
10905,MS4A8
10906,CCDC178
10907,MS4A15
10908,MAP1A
10909,RCCD1
10910,AKTIP
10911,MAPRE2
10912,EVA1C
10913,MBD6
10914,CNPY4
10915,PDIA3
10916,NUDT21
10917,NAT16
10918,NKX3-1
10919,SGSM1
10920,DUSP18
10921,TEF
10922,MEI1
10923,B4GALNT2
10924,PBX3
10925,GNGT2
10926,SNRPD1
10927,TTC16
10928,SAMD14
10929,PIP5KL1
10930,TMEM92
10931,ACSF2
10932,GOLGA2
10933,TRUB2
10934,COQ4
10935,SLC27A4
10936,URM1
10937,CERCAM
10938,DOLPP1
10939,ENDOG
10940,PRRX2
10941,UGT1A6
10942,C15orf39
10943,ISLR2
10944,SP2
10945,PRR15L
10946,COQ7
10947,GPRC5B
10948,CRK
10949,FBXO22
10950,TBC1D2B
10951,NOD2
10952,SNX20
10953,LOXHD1
10954,KATNAL2
10955,HDHD2
10956,ZNF91
10957,IGF2
10958,RNF214
10959,CDK12
10960,DPEP2
10961,DUS2
10962,POP5
10963,ENGASE
10964,RBFOX3
10965,ATP5MG
10966,CD3D
10967,TBC1D16
10968,TEPSIN
10969,MYO5B
10970,ART5
10971,ACAA2
10972,STIM1
10973,RRM1
10974,OR51E2
10975,TRIM68
10976,OR51B5
10977,FN3K
10978,PRRT2
10979,ZNF23
10980,IRGQ
10981,ZNF226
10982,ZNF180
10983,ZNF668
10984,ZNF646
10985,VKORC1
10986,GNG8
10987,LPO
10988,CA4
10989,SMG8
10990,TPM4
10991,RAB8A
10992,GPX4
10993,MIDN
10994,JSRP1
10995,KLHL26
10996,GATAD2A
10997,MVD
10998,CDT1
10999,TRAPPC2L
11000,ANKRD11
11001,SPATA33
11002,PROCA1
11003,RPL13
11004,ZNF641
11005,CACNB3
11006,DHRS13
11007,TP53I13
11008,KMT2D
11009,CORO6
11010,RHEBL1
11011,TUBA1A
11012,TUBA1C
11013,ZNF610
11014,ZNF528
11015,ZNF701
11016,SERTAD3
11017,NCKAP5L
11018,RAB4B
11019,AQP2
11020,GPD1
11021,PROSER3
11022,CYP2S1
11023,AXL
11024,NFKBID
11025,ANKRD33
11026,CDC42EP5
11027,LAIR2
11028,TMEM145
11029,ZNF526
11030,TRAPPC9
11031,NLRP7
11032,ZNF146
11033,ZNF283
11034,PPP1R14A
11035,SPINT2
11036,C19orf33
11037,YIF1B
11038,DNAAF3
11039,PSCA
11040,ATCAY
11041,LY6D
11042,DAPK3
11043,EEF2
11044,TMIGD2
11045,CHAF1A
11046,UBXN6
11047,HDGFL2
11048,PLIN4
11049,SEMA6B
11050,ZNF444
11051,GLOD4
11052,GPT
11053,KIFC2
11054,SLC43A2
11055,SERPINF2
11056,SRR
11057,TSR1
11058,TRPV3
11059,HSD11B1L
11060,CYB5D2
11061,GGT6
11062,KLK1
11063,KLK4
11064,KLK2
11065,KLK5
11066,KLK6
11067,KLK11
11068,KLK13
11069,ZNF83
11070,KRT80
11071,KRT1
11072,ACER1
11073,OTUB1
11074,RCOR2
11075,ANGPTL4
11076,CD320
11077,SPRYD3
11078,IGFBP6
11079,SOAT2
11080,ZNF558
11081,CABP2
11082,NDUFV1
11083,CDK2AP2
11084,NUDT8
11085,TBX10
11086,PRDX2
11087,ZNF232
11088,MIS12
11089,CD300C
11090,CD300A
11091,TEKT1
11092,HID1
11093,MRPL58
11094,ATP5PD
11095,TMEM88
11096,EVPL
11097,SRP68
11098,MGAT5B
11099,TMC8
11100,TK1
11101,TMEM68
11102,CYP7A1
11103,GSDMA
11104,KRT24
11105,GHDC
11106,FAM234A
11107,SOST
11108,RAB26
11109,MLST8
11110,E4F1
11111,DNASE1L2
11112,ECI1
11113,CASKIN1
11114,ABCA3
11115,KCTD5
11116,SRRM2
11117,ZNF597
11118,NLRC3
11119,SDHAF2
11120,DDB1
11121,VPS37C
11122,VWCE
11123,RAB3IL1
11124,BEST1
11125,FTH1
11126,BSCL2
11127,POLR2G
11128,SLC3A2
11129,SPINDOC
11130,ATG16L2
11131,C2CD3
11132,TRANK1
11133,TTC21A
11134,RPSA
11135,ENTPD3
11136,CTNNB1
11137,ULK4
11138,FADD
11139,LTBP3
11140,NAALADL1
11141,SAC3D1
11142,BATF2
11143,SLC22A11
11144,SF1
11145,MAP4K2
11146,MAJIN
11147,CCDC88B
11148,SCARA3
11149,SCARA5
11150,PNOC
11151,COPS6
11152,PAFAH1B2
11153,ANKS3
11154,NUDT16L1
11155,KIAA1586
11156,RAB4A
11157,OR1F1
11158,KCNJ4
11159,SETD5
11160,VASN
11161,FAM83B
11162,THAP9
11163,RNF187
11164,HOOK3
11165,MAPK1IP1L
11166,DDIT4
11167,RBPJ
11168,LMBRD1
11169,ZCCHC4
11170,PTGDR
11171,TTC39C
11172,GLYCTK
11173,GNG4
11174,UBTD2
11175,NKIRAS2
11176,DNAJC7
11177,IRF2BP2
11178,PTF1A
11179,NT5DC2
11180,FOXI1
11181,COA6
11182,MGAT2
11183,BMI1
11184,THAP11
11185,MMADHC
11186,PDHB
11187,PXK
11188,PCMTD1
11189,KCTD6
11190,MPLKIP
11191,ACOX2
11192,FAM107A
11193,IRF2
11194,MOBP
11195,CX3CR1
11196,PPDPFL
11197,XIRP1
11198,INSM2
11199,DEGS2
11200,SCN11A
11201,LINC00917
11202,ARF4
11203,FILIP1L
11204,MFSD2A
11205,DTYMK
11206,TAP1
11207,ING5
11208,ATG4B
11209,BDKRB2
11210,MLKL
11211,RFWD3
11212,MTNR1A
11213,RHOH
11214,KLHL30
11215,COG7
11216,CDC40
11217,STIP1
11218,SCNN1B
11219,HR
11220,TXNDC2
11221,RAB31
11222,REEP4
11223,TNXB
11224,LGI3
11225,BMP1
11226,ATXN2L
11227,PHYHIP
11228,CCDC110
11229,POLR3D
11230,FEN1
11231,CAVIN2
11232,MTCL1
11233,GBX2
11234,HJV
11235,SCGB1D1
11236,HEXIM2
11237,FNTA
11238,SERINC2
11239,TRAPPC11
11240,CHRM1
11241,GFRA2
11242,ING2
11243,CDKN2AIP
11244,SNRNP48
11245,TMEM223
11246,SLC20A2
11247,DYNLRB2
11248,TMUB2
11249,ADAM29
11250,STAT3
11251,ZSWIM1
11252,GDNF
11253,WFDC13
11254,AXIN2
11255,NDUFS5
11256,VWA3B
11257,ZNF30
11258,UGT3A2
11259,LDLRAD4
11260,KCTD19
11261,SLC16A4
11262,IL7R
11263,TMEM208
11264,LRP1B
11265,WFDC12
11266,AHCYL1
11267,DNAJC21
11268,PKIG
11269,NPNT
11270,LINC01620
11271,CA7
11272,FAM178B
11273,SEMA4C
11274,CNNM3
11275,GSTM4
11276,TET2
11277,CXXC4
11278,TCTN2
11279,SHOX2
11280,PPIP5K1
11281,TSPAN5
11282,ABHD15
11283,ZBTB5
11284,CHTF8
11285,LCMT2
11286,IL12A
11287,ZNF507
11288,STX18
11289,NSG1
11290,ZBTB49
11291,GFM1
11292,HTR1E
11293,FSTL5
11294,DDX19A
11295,ATOH8
11296,SOX14
11297,ANKRD49
11298,SFTPB
11299,USP39
11300,TNIP2
11301,C2orf68
11302,TMEM150A
11303,RNF181
11304,VAMP5
11305,BTNL3
11306,LRRC28
11307,MAT2A
11308,PLA2G4F
11309,ENHO
11310,ZNF608
11311,SLC35G2
11312,INPP5D
11313,LETM1
11314,TMEM129
11315,PPIC
11316,SPRY3
11317,CEP120
11318,STXBP6
11319,TM4SF20
11320,MFF
11321,GRM5
11322,LGALS9
11323,JMJD7-PLA2G4B
11324,CPLX1
11325,PXDC1
11326,SIGLEC7
11327,NTSR2
11328,E2F6
11329,FEM1B
11330,COMMD8
11331,ATP5ME
11332,UQCRFS1
11333,SLC49A3
11334,COL4A3
11335,MAP2K1
11336,KLK7
11337,IRS1
11338,MECP2
11339,VCX3A
11340,UPF3A
11341,ZBBX
11342,ACTBL2
11343,ROR2
11344,AR
11345,VXN
11346,HSPBAP1
11347,ASMTL
11348,CHST14
11349,PARM1
11350,CSNK1G1
11351,FAM110B
11352,AFAP1L2
11353,ZNF354A
11354,ATF5
11355,UBE2V2
11356,ZBTB43
11357,CPT1C
11358,PCSK9
11359,XPO6
11360,GSG1L
11361,MN1
11362,APEX2
11363,NSMCE1
11364,CCDC126
11365,IL13
11366,NPIPB12
11367,RAB3B
11368,CD2BP2
11369,RSPO1
11370,RGS14
11371,TBC1D10B
11372,LMAN2
11373,GCSAML
11374,RAB24
11375,PRELID1
11376,THBS3
11377,CA5B
11378,SLC50A1
11379,EFNA1
11380,CXCL10
11381,SH3TC2
11382,CXCL11
11383,ZRSR2
11384,NMD3
11385,ADRB2
11386,B3GALNT1
11387,GPRIN1
11388,HSPB3
11389,KCNAB1
11390,MRPL1
11391,SHE
11392,NR0B1
11393,PGM2
11394,STK32A
11395,IL1RAPL1
11396,P2RY12
11397,OR5AU1
11398,PDILT
11399,UMOD
11400,GP2
11401,SLC33A1
11402,SNUPN
11403,CRADD
11404,SIN3A
11405,ARL13B
11406,RNASE2
11407,ELSPBP1
11408,RNASE3
11409,PTK2
11410,RSPH10B2
11411,PTAFR
11412,PTPN9
11413,RNASE6
11414,NPR1
11415,KCNK9
11416,CXCL8
11417,SCN9A
11418,RASSF6
11419,COL22A1
11420,SDC2
11421,CD52
11422,MMGT1
11423,SPRR1B
11424,SPRR1A
11425,TM2D2
11426,HTRA4
11427,PLEKHA2
11428,CLIC4
11429,SLC38A11
11430,GPR183
11431,CRCT1
11432,CCDC8
11433,METTL15
11434,ZNF280A
11435,MUC15
11436,CT55
11437,ZEB2
11438,GJB1
11439,PCBP1
11440,HINT1
11441,DTWD2
11442,VPREB1
11443,CLIC3
11444,INO80E
11445,BNC1
11446,DFFB
11447,NFU1
11448,ANTXR1
11449,GKN1
11450,CKAP2L
11451,C15orf40
11452,PROKR1
11453,APLF
11454,BOLA2B
11455,RGPD8
11456,HIC2
11457,LUZP1
11458,DRD5
11459,BUB1
11460,SPNS1
11461,LRRC45
11462,CHRNA5
11463,MT1B
11464,CENPX
11465,AGPAT2
11466,ASPSCR1
11467,GP9
11468,FASN
11469,CNBP
11470,MT1E
11471,DUS1L
11472,GPS1
11473,RFNG
11474,DCXR
11475,ZNF32
11476,LDB2
11477,RAC3
11478,NRG4
11479,LIMS1
11480,TMEM266
11481,NLGN1
11482,TAPT1
11483,UGP2
11484,LINGO1
11485,HNRNPF
11486,BTD
11487,CSGALNACT2
11488,TACR3
11489,PCDH7
11490,ROBO1
11491,ONECUT1
11492,AVEN
11493,P2RY1
11494,CTNND2
11495,TRIM56
11496,MUC17
11497,AHSP
11498,WNT10B
11499,CALML6
11500,REPS2
11501,MUC3A
11502,SYAP1
11503,ITGAM
11504,PYDC1
11505,TPST1
11506,TM4SF4
11507,TOR1AIP2
11508,S100G
11509,TM4SF1
11510,OTUD3
11511,OTUD7A
11512,GUSB
11513,BRD3
11514,FRMPD4
11515,ZFPM2
11516,ZNF764
11517,ZNF747
11518,ZNF768
11519,TAS1R3
11520,MAP3K2
11521,PUSL1
11522,SF3B5
11523,ZNF35
11524,TIGD4
11525,IFFO2
11526,NLGN2
11527,MYO7B
11528,CHD3
11529,TMEM154
11530,MYRIP
11531,ALCAM
11532,YWHAG
11533,UBE2E3
11534,CNTROB
11535,TRAPPC1
11536,ZPLD1
11537,KCNAB3
11538,SERPINA9
11539,FAM153A
11540,GPR37L1
11541,SIMC1
11542,TMEM192
11543,NSG2
11544,SPDYE5
11545,SERPINA6
11546,ZNF778
11547,NIPA1
11548,FOXD4
11549,GPR25
11550,UBE2E1
11551,HNRNPA3
11552,SIK2
11553,RNF150
11554,CCDC144A
11555,VGLL2
11556,HOXD4
11557,GYPA
11558,USP38
11559,SLC16A5
11560,NANP
11561,ANKK1
11562,ADRA1B
11563,ADPRM
11564,FABP6
11565,PWWP2A
11566,USP50
11567,USP47
11568,PDCD6IP
11569,ZNF212
11570,MRAP
11571,FAM161A
11572,ZNF282
11573,GLB1
11574,FAXDC2
11575,CRTAP
11576,HSPB2
11577,C7orf33
11578,CNGB3
11579,SLN
11580,CMTM8
11581,GABARAP
11582,LGALS9B
11583,STX8
11584,CDK1
11585,UBB
11586,NFRKB
11587,FABP4
11588,FRMPD2
11589,PRDM10
11590,B3GNT2
11591,FOS
11592,TMED10
11593,SETMAR
11594,SMAD1
11595,CST2
11596,EMX2
11597,CST1
11598,SP7
11599,TCAF2
11600,SEMA3E
11601,LRRN2
11602,SLC30A1
11603,DCLK2
11604,ZNF804A
11605,TMEM182
11606,VSTM2A
11607,KRT8
11608,KRT78
11609,ADORA2B
11610,SDR9C7
11611,MGMT
11612,KRT86
11613,NFXL1
11614,DENND5B
11615,CD14
11616,DNAJC18
11617,KRT6C
11618,RIOX1
11619,SPATA24
11620,RALGAPB
11621,PYM1
11622,MZB1
11623,KRT4
11624,SLC23A1
11625,NPAS2
11626,KRT72
11627,KISS1
11628,LONRF2
11629,NUDT9
11630,HSD17B13
11631,PA2G4
11632,COX7B2
11633,ELOVL6
11634,KRT83
11635,PFKFB3
11636,TMC7
11637,ARL6IP1
11638,SERPINB9
11639,SMAGP
11640,IRX1
11641,CDH2
11642,IRX2
11643,EMB
11644,SIX2
11645,DLGAP1
11646,STAT2
11647,NUDCD2
11648,IRF2BP1
11649,HSPA4
11650,FOXA3
11651,SLC26A5
11652,COMMD5
11653,SGCD
11654,GTSF1
11655,ZNF16
11656,ARMC10
11657,RNF34
11658,ACYP2
11659,TRABD
11660,ATF7
11661,RASA4B
11662,SOCS6
11663,CAVIN4
11664,ZNF296
11665,HOXB9
11666,TTLL6
11667,POLH
11668,SYT9
11669,KCNS3
11670,RBMXL2
11671,KIF5B
11672,GPR37
11673,AKAP13
11674,CDCA4
11675,OR10A4
11676,SDR16C5
11677,OR10A2
11678,CHCHD7
11679,HTRA3
11680,FOXN2
11681,LMOD2
11682,BFSP2
11683,FSHR
11684,USP32
11685,CEL
11686,PPM1D
11687,GPR27
11688,KBTBD2
11689,RIOX2
11690,TRIAP1
11691,LSM3
11692,KIAA0232
11693,MTSS1
11694,TMEM43
11695,PLA2G1B
11696,CYTL1
11697,TRH
11698,GSTA4
11699,MSANTD4
11700,NDUFA3
11701,PAQR8
11702,NUDT6
11703,TANC2
11704,PKHD1
11705,NCBP2L
11706,DNAJC24
11707,MBD3L1
11708,ZNF160
11709,ZNF415
11710,CAVIN3
11711,CEACAM3
11712,DCDC1
11713,HAS2
11714,PDGFD
11715,PLAC1
11716,S1PR1
11717,HS6ST2
11718,PYGO1
11719,LRRC8E
11720,PKIA
11721,TSNARE1
11722,FPR2
11723,FPR1
11724,FEZ2
11725,SOX7
11726,C11orf24
11727,ALK
11728,MTM1
11729,OBP2B
11730,TRMT61B
11731,INSR
11732,MFN1
11733,GIMAP8
11734,HSFX1
11735,NRTN
11736,KCNMB3
11737,FUT3
11738,KCNG3
11739,ATP6V0E2
11740,PRKCE
11741,JAGN1
11742,RLN3
11743,TADA3
11744,SOCS5
11745,MORN4
11746,ZNF672
11747,ZNF692
11748,NAIF1
11749,RBKS
11750,GRIK1
11751,TMEM126A
11752,TMEM126B
11753,TRIM8
11754,NETO2
11755,CLDN20
11756,CDC42BPG
11757,SCAND1
11758,JUNB
11759,FAM241B
11760,TMEM37
11761,UGT2B7
11762,LRG1
11763,SHCBP1
11764,SOSTDC1
11765,NPTX1
11766,FAM98B
11767,ZNF439
11768,ZNF440
11769,GAA
11770,CANT1
11771,KCNK3
11772,ZDHHC16
11773,CHST11
11774,EXOSC1
11775,PGAM1
11776,CHD7
11777,ESCO2
11778,KRT19
11779,KRT15
11780,LURAP1
11781,KRT38
11782,CLCN5
11783,TPPP
11784,KCND3
11785,APLN
11786,KRT13
11787,XAGE3
11788,KRT9
11789,XAGE5
11790,PDE7B
11791,MRPL36
11792,ZNF581
11793,NAT1
11794,GLOD5
11795,KSR2
11796,ZNF524
11797,MCC
11798,KRT27
11799,ZBTB26
11800,CDK5R2
11801,DSEL
11802,POLR1C
11803,ASXL1
11804,DLK2
11805,ZNF562
11806,ZNF318
11807,ZNF561
11808,WIPF2
11809,HOPX
11810,LRRC8C
11811,RSL1D1
11812,LRRC8D
11813,MROH2B
11814,PPID
11815,COL24A1
11816,ETFDH
11817,RXFP1
11818,LPAR3
11819,PTGER4
11820,TBCA
11821,NEUROD2
11822,MAP6
11823,OTP
11824,ECEL1
11825,BCL2L1
11826,FGG
11827,FGA
11828,FGB
11829,PLRG1
11830,ZNF584
11831,DSCAM
11832,DNAI2
11833,NMUR1
11834,CLSTN1
11835,CXXC5
11836,ZNF274
11837,PIK3CD
11838,PTCRA
11839,SLC25A33
11840,ENC1
11841,SPSB1
11842,P2RY6
11843,BPTF
11844,S100Z
11845,ZIK1
11846,GPR82
11847,GPR34
11848,PLEKHG5
11849,ATF7IP
11850,LKAAEAR1
11851,RGS19
11852,TCEA2
11853,DEFB4A
11854,ANO5
11855,HDAC3
11856,GPHN
11857,VAT1L
11858,TMEM51
11859,CAMTA1
11860,LRRC34
11861,PAH
11862,GATM
11863,SYCE1
11864,NXNL1
11865,RASGRP4
11866,NHLH1
11867,SLFNL1
11868,BCL2
11869,RHNO1
11870,CTPS1
11871,UTF1
11872,KNDC1
11873,WDR87
11874,METTL18
11875,CFAP46
11876,COL8A2
11877,PWWP2B
11878,PCDHB1
11879,ZNF540
11880,ANGPTL7
11881,FBXL14
11882,EXOSC10
11883,ZNF570
11884,NINJ2
11885,MLLT3
11886,FAM90A1
11887,RRM2
11888,IFNB1
11889,RPS21
11890,C3AR1
11891,MRM3
11892,RPS7
11893,PRND
11894,RNASEH1
11895,PRNP
11896,KLF17
11897,ADRA1D
11898,FRMD5
11899,AQP4
11900,CYP4F11
11901,TLN2
11902,LGALS9C
11903,TVP23B
11904,FBXW10
11905,ZNF217
11906,SRGAP2C
11907,SCG2
11908,ATPAF2
11909,CYP4F22
11910,FOXB1
11911,PPIH
11912,DRC3
11913,ZNF57
11914,SHLD1
11915,JMJD1C
11916,LDHAL6B
11917,SYNPO
11918,ZNF556
11919,MAL
11920,ZNF554
11921,RAB33B
11922,THOP1
11923,REG3A
11924,GAP43
11925,REG1B
11926,EPHX4
11927,LAMB2
11928,USP19
11929,ORMDL3
11930,SERF1A
11931,KLF11
11932,LRRC15
11933,EIF2AK3
11934,MOB3A
11935,KRCC1
11936,NME6
11937,CYCS
11938,CD8B
11939,SLFN12
11940,CALB2
11941,SLC9C1
11942,CCL11
11943,FRMD3
11944,SNTB1
11945,MTBP
11946,TEFM
11947,MRPL13
11948,MALT1
11949,PRL
11950,ISG20
11951,MBOAT1
11952,ID4
11953,CXCR6
11954,CEBPB
11955,TPSAB1
11956,ATOH1
11957,PAIP1
11958,CLEC7A
11959,C5orf34
11960,C1QTNF4
11961,NEGR1
11962,ZNF131
11963,MACROD2
11964,DPAGT1
11965,BSG
11966,HINFP
11967,OR10V1
11968,CERS6
11969,SPTLC3
11970,COPRS
11971,TP53RK
11972,B3GALT1
11973,CLEC12A
11974,BPGM
11975,POP7
11976,ALG14
11977,SUCLG2
11978,STARD5
11979,CSDC2
11980,RCAN2
11981,IL16
11982,ABCG4
11983,GNB2
11984,CFAP53
11985,OR5B12
11986,OR5B2
11987,MCRIP2
11988,C2CD2L
11989,ARNT2
11990,GNG12
11991,PRSS27
11992,MYOZ2
11993,SYNPO2
11994,DNAJB7
11995,CLP1
11996,INSL5
11997,TTC36
11998,RSPH9
11999,COPS9
12000,GTPBP2
12001,FGGY
12002,IL17D
12003,FUT9
12004,TCEAL1
12005,ZNF24
12006,MANEA
12007,RAB40A
12008,AGXT
12009,AFF1
12010,ACOT12
12011,FIBP
12012,CARNS1
12013,BANP
12014,PPP1CA
12015,HCFC1
12016,FAM170B
12017,CTSW
12018,NIPAL4
12019,MUCL1
12020,SNTG2
12021,FNDC9
12022,PDE3A
12023,RASGRP1
12024,KLHL6
12025,CHCHD1
12026,MRPL52
12027,SMPDL3A
12028,RND1
12029,RAD9A
12030,EFEMP2
12031,AGAP5
12032,WASHC2C
12033,TMEM134
12034,ZMAT3
12035,ZFAND4
12036,ZNF738
12037,MS4A10
12038,SLFN11
12039,CCL19
12040,CORO1B
12041,LRRC20
12042,MUS81
12043,PURG
12044,TMEM217
12045,OR4D9
12046,ZNF596
12047,COL6A5
12048,CFL1
12049,TMCC1
12050,NAA16
12051,EFCAB12
12052,RAB43
12053,FADS6
12054,HOXC5
12055,RAB37
12056,DCP2
12057,SNX32
12058,RPL38
12059,CYP7B1
12060,OVOL1
12061,RARG
12062,CES4A
12063,CES3
12064,SSH3
12065,CES2
12066,PDP2
12067,SP3
12068,KRT2
12069,DMXL1
12070,ZNF621
12071,EGFL7
12072,NADSYN1
12073,DHCR7
12074,LVRN
12075,NBEA
12076,RNASEH2C
12077,MYEOV
12078,ANKRD13D
12079,MRGPRF
12080,MYD88
12081,OXSR1
12082,SLC22A13
12083,PHF8
12084,LCLAT1
12085,ADH6
12086,MIR4435-2HG
12087,XKR3
12088,FRG2C
12089,KAT5
12090,SH3RF3
12091,GXYLT2
12092,HPSE2
12093,DCAKD
12094,ARPP21
12095,TADA2B
12096,GRK2
12097,RELA
12098,EVC2
12099,ZNF680
12100,HECTD4
12101,FAM222B
12102,BNC2
12103,RXFP4
12104,HPSE
12105,COQ2
12106,CCDC63
12107,HSPA6
12108,TRMT112
12109,LRRN3
12110,KDM2A
12111,ACSM6
12112,ADCK5
12113,MRPL57
12114,NOC3L
12115,ESRRA
12116,RHOD
12117,ADAMTS20
12118,COMMD1
12119,RAPH1
12120,MTX1
12121,ADCY5
12122,PARP14
12123,CYSLTR1
12124,PARP15
12125,CKS1B
12126,ABCD2
12127,ABLIM3
12128,MAB21L3
12129,VANGL1
12130,GLRX
12131,IQCB1
12132,SYT12
12133,GOLGB1
12134,C11orf86
12135,LIPM
12136,GPR151
12137,DMRT2
12138,ZNF483
12139,PLAC8L1
12140,SLC2A14
12141,GPR137
12142,SNCG
12143,MMRN2
12144,MZT2A
12145,TNKS
12146,ZNF449
12147,ZBTB21
12148,PPP1R3B
12149,OR10K1
12150,GPR148
12151,STOX2
12152,MAP3K11
12153,TRIB1
12154,CST9
12155,KCNK7
12156,SFT2D3
12157,C1QB
12158,C1QA
12159,NDNF
12160,IQCF1
12161,OLR1
12162,GLIPR1L1
12163,DAG1
12164,INSM1
12165,DAB1
12166,ARV1
12167,NAA20
12168,EHBP1L1
12169,THAP2
12170,TMEM196
12171,RNF26
12172,PPP1R14B
12173,AGR3
12174,SMARCC1
12175,ZNF417
12176,PTPRM
12177,FKBP2
12178,VEGFB
12179,PEAK1
12180,TNFRSF10D
12181,MST1
12182,TNFRSF10C
12183,GMPPB
12184,MOB1B
12185,ZNF622
12186,CSPG4
12187,SNX33
12188,NABP1
12189,ADGRF3
12190,CHD2
12191,XCR1
12192,CCDC106
12193,CCR9
12194,CEP83
12195,SULT1B1
12196,NUDT4
12197,PC
12198,UGT2A1
12199,SCAI
12200,GPRC6A
12201,NMNAT1
12202,LRFN4
12203,TRAPPC3L
12204,APOBEC4
12205,SLC19A1
12206,HSPB7
12207,RCE1
12208,UQCRH
12209,TAS1R1
12210,HES3
12211,EIF1AX
12212,SPDYE2B
12213,BCLAF3
12214,PSMD1
12215,ADGRG2
12216,SPATA3
12217,MUC13
12218,SUSD5
12219,HEG1
12220,WFIKKN2
12221,TOMM20
12222,AGFG1
12223,STAT5B
12224,CD7
12225,CNP
12226,JUP
12227,HAP1
12228,TDRD12
12229,EIF1
12230,ENDOV
12231,RNF213
12232,TIGD3
12233,KCNH6
12234,PLK3
12235,NET1
12236,DPY19L1
12237,PHOSPHO1
12238,ZNF791
12239,PHC3
12240,GPR160
12241,CBX2
12242,SPTBN2
12243,GOLIM4
12244,RBM4B
12245,HOXB2
12246,C1QTNF1
12247,SWSAP1
12248,SLCO4C1
12249,RBM4
12250,XXYLT1
12251,UBXN2A
12252,RAX2
12253,LRRC63
12254,TCAP
12255,CCS
12256,NRROS
12257,CEP19
12258,KLHL15
12259,FBXO45
12260,TENT5D
12261,GNG5
12262,SLC25A30
12263,CD34
12264,CTSF
12265,MSRB3
12266,LEMD3
12267,TLR10
12268,TLR1
12269,TLR6
12270,FAM174A
12271,RGMB
12272,FAM53A
12273,NWD2
12274,CYB561D1
12275,GSTA3
12276,ZDHHC24
12277,TRMT10C
12278,SELP
12279,CTU2
12280,MGA
12281,SNX31
12282,PIGG
12283,ADCY6
12284,REP15
12285,PITPNA
12286,DDX23
12287,ZNF80
12288,ZNHIT2
12289,TNK1
12290,ZHX3
12291,PHLDA3
12292,SLC16A11
12293,SLC16A13
12294,GLIS1
12295,CHRNA9
12296,PODN
12297,SLC6A19
12298,EXO1
12299,RALGAPA1
12300,LIG4
12301,GTF2IRD2B
12302,ABRA
12303,ATP2A2
12304,ZWILCH
12305,RPL4
12306,SNAPC5
12307,STARD6
12308,GOLGA6L2
12309,VWC2L
12310,C12orf76
12311,ZCCHC12
12312,CNTNAP2
12313,GALNTL6
12314,LINGO2
12315,BBS1
12316,DENND4A
12317,IGDCC3
12318,ANKRD36C
12319,SLC26A9
12320,PELI3
12321,TTC9B
12322,MYO1H
12323,TMEM81
12324,MRPL11
12325,KLK15
12326,IL20RB
12327,GOLT1A
12328,AKIRIN1
12329,NPAS4
12330,MSL2
12331,ZNF497
12332,TRAM1L1
12333,CMKLR1
12334,ANGEL2
12335,UGT8
12336,KY
12337,IQCK
12338,SLCO2A1
12339,ZNF266
12340,SLC29A2
12341,B4GAT1
12342,TMEM167A
12343,LEP
12344,SH3PXD2B
12345,LARP7
12346,FGFBP3
12347,NR1D2
12348,PABPC5
12349,BRMS1
12350,RPL15
12351,FAM241A
12352,WDR49
12353,SRP72
12354,PCP2
12355,RIN1
12356,ODAPH
12357,THAP6
12358,CEP135
12359,FZD4
12360,CD248
12361,BTC
12362,PDZK1
12363,ADGRE1
12364,DENND6A
12365,PDE12
12366,GLMN
12367,DNAH12
12368,YIF1A
12369,CNIH2
12370,NLRP6
12371,NDUFA11
12372,RSRC1
12373,CATSPERD
12374,RAB1B
12375,C3orf33
12376,SEZ6L2
12377,ASPHD1
12378,KCTD13
12379,P2RY14
12380,AMZ1
12381,GPR171
12382,GPR149
12383,CD164L2
12384,FUT1
12385,FBXW8
12386,CA5A
12387,ZG16
12388,KLC2
12389,SLC22A1
12390,CTBP2
12391,CHST2
12392,ZDHHC14
12393,ATR
12394,UBE2C
12395,DSG4
12396,GK5
12397,VCPIP1
12398,DES
12399,PDIK1L
12400,SPSB4
12401,RAG2
12402,TRAF6
12403,ZNF654
12404,TVP23C
12405,MRPS22
12406,PACS1
12407,MARCKSL1
12408,SH3BP5L
12409,TMEM51-AS1
12410,YPEL2
12411,CADM2
12412,PSMD2
12413,PPM1E
12414,FAM131A
12415,CSRP2
12416,INHBC
12417,PARL
12418,DDIT3
12419,PCCA
12420,HIGD2B
12421,DCTN2
12422,NPPA
12423,ZNF408
12424,CTDSP2
12425,CKAP5
12426,ARHGAP1
12427,ATG13
12428,GAL3ST3
12429,CHST1
12430,VWA3A
12431,TP53I11
12432,CENPS
12433,DOLK
12434,PHYHD1
12435,CATSPER1
12436,CCNE2
12437,PHYKPL
12438,CST6
12439,GRAMD2A
12440,ZNF519
12441,LSM1
12442,ISX
12443,BANF1
12444,APOF
12445,CHRNA7
12446,TMEM9B
12447,NRIP3
12448,PTPN2
12449,SCUBE2
12450,EIF1AD
12451,SMAD2
12452,EIF3F
12453,ZNF25
12454,ARL10
12455,CLTB
12456,PCSK1
12457,LPL
12458,RFESD
12459,CCDC14
12460,TBC1D10C
12461,SART1
12462,PPP2R2D
12463,MCTP1
12464,POLD4
12465,LRRC25
12466,DPP10
12467,CLCF1
12468,GPR152
12469,UBQLNL
12470,LIPT2
12471,KCNE3
12472,CABP4
12473,ALG10B
12474,DRAP1
12475,LONRF3
12476,UCP3
12477,UCP2
12478,C11orf68
12479,PAAF1
12480,MRPL48
12481,RAB6A
12482,P2RY2
12483,FOSL1
12484,ERCC4
12485,SUGCT
12486,CCDC85B
12487,TMEM70
12488,RPS6KB2
12489,RMI2
12490,TOM1L2
12491,TEX26
12492,ZNF77
12493,GPR156
12494,KDF1
12495,NR2F1
12496,AURKAIP1
12497,TTLL11
12498,EIF4E1B
12499,TOMM5
12500,LINC01106
12501,SLC35E3
12502,ZNF169
12503,RUVBL1
12504,SFN
12505,CTDNEP1
12506,ETV4
12507,SWI5
12508,GAPT
12509,BAIAP2
12510,CALCB
12511,CREG2
12512,TMEM270
12513,HOXD8
12514,ZDHHC21
12515,TSPEAR
12516,PLEKHF2
12517,A2M
12518,ARL4D
12519,DOK7
12520,LRRN1
12521,UBE2O
12522,ORAI3
12523,KLHL38
12524,UNC119B
12525,DENND2C
12526,PLEKHD1
12527,ASCL3
12528,TUBB6
12529,LYSMD3
12530,AMIGO3
12531,B3GALT6
12532,ZNF613
12533,C11orf16
12534,TMPRSS7
12535,NUPR1
12536,JAKMIP2
12537,MBLAC2
12538,TPRN
12539,KCNE5
12540,ZNF683
12541,SLC35A4
12542,CRYBG2
12543,IP6K1
12544,SSNA1
12545,CSTF3
12546,YES1
12547,CHMP6
12548,UFSP1
12549,MC5R
12550,TMEM39A
12551,TCP11L1
12552,GPX2
12553,CCDC57
12554,HSF5
12555,SPHK1
12556,BNIP3
12557,ENTHD1
12558,MYPOP
12559,CIDEA
12560,LRRTM4
12561,ATAD5
12562,SMIM19
12563,ZNF404
12564,RTTN
12565,ACBD7
12566,ANAPC2
12567,ZBTB8OS
12568,SLC35G1
12569,ZNF135
12570,OR4N2
12571,COX8A
12572,ZSCAN2
12573,PRR18
12574,B3GNT4
12575,CDC26
12576,HSD11B2
12577,CRLF3
12578,RNPEP
12579,EID2
12580,DMRTA1
12581,EID2B
12582,GJC3
12583,RIMS2
12584,KCMF1
12585,DNAJC30
12586,SPRYD4
12587,VPS37D
12588,CLEC14A
12589,SYNE3
12590,CLK2
12591,LPCAT4
12592,SLCO3A1
12593,ZNF575
12594,WDR25
12595,SGF29
12596,DIRAS1
12597,PHLDB3
12598,PRR15
12599,GNG7
12600,USF3
12601,CNTD1
12602,B3GNT5
12603,MAP3K19
12604,LMNB2
12605,RMDN1
12606,MEX3C
12607,HORMAD2
12608,RNF152
12609,MYO1D
12610,FOXL1
12611,FOXC2
12612,OR4F17
12613,BDNF
12614,CCDC121
12615,ACSF3
12616,BOK
12617,ZNF843
12618,TTTY14
12619,PFN4
12620,CDK5R1
12621,TCERG1L
12622,NCKAP5
12623,BASP1
12624,LRRC37A3
12625,VSIG10
12626,MIR7-3HG
12627,IRX5
12628,METRNL
12629,FAM91A1
12630,WSB2
12631,GRIN1
12632,SOX11
12633,TYMS
12634,PXMP2
12635,TCEANC
12636,PNMA1
12637,TCIM
12638,MAMSTR
12639,ANKLE2
12640,C8G
12641,FUT2
12642,EFCAB5
12643,GCNT4
12644,THAP4
12645,NFATC2IP
12646,LY6H
12647,FIBIN
12648,FAM89B
12649,SHMT1
12650,DPP7
12651,SEC24C
12652,SMCR8
12653,MTHFR
12654,C19orf18
12655,DEAF1
12656,MTX3
12657,TMEM80
12658,SIX5
12659,FBXO46
12660,ZDHHC13
12661,SLC38A9
12662,ACER2
12663,WDR73
12664,POLE
12665,PHETA2
12666,SCN4B
12667,DSCAML1
12668,RHOG
12669,EPS8L2
12670,ZDHHC22
12671,ANO6
12672,ZBTB34
12673,FAM9B
12674,NUDT4B
12675,FAM210A
12676,TALDO1
12677,ULK1
12678,RIMKLA
12679,CLVS1
12680,RPS6KA3
12681,B3GNT8
12682,PUS1
12683,CHD9
12684,SPACA4
12685,GATD1
12686,LINC01561
12687,TRIM72
12688,MAN1B1
12689,DEFB103B
12690,DEFB4B
12691,KCNA3
12692,FZD8
12693,GJD4
12694,FBXO39
12695,CLDN22
12696,KCNA2
12697,CASKIN2
12698,ZBTB38
12699,LINC00469
12700,CCDC71
12701,LRRN4CL
12702,TIMM22
12703,HIC1
12704,PPFIA3
12705,MAGEF1
12706,UMODL1
12707,SAMD9L
12708,ZFAS1
12709,UBE2U
12710,PAWR
12711,TGIF1
12712,NAP1L5
12713,NIM1K
12714,CD19
12715,ERICH5
12716,NR2C2
12717,GPR4
12718,ACOT4
12719,OLIG3
12720,CAVIN1
12721,OR2G3
12722,ARIH2
12723,RBM44
12724,ZBTB33
12725,ZBED2
12726,IRX3
12727,ST8SIA3
12728,RPRM
12729,OR2B11
12730,SLC25A22
12731,RABEP2
12732,NHLH2
12733,ATOX1
12734,FAM187B
12735,TBL1XR1
12736,SAMD12
12737,CD163
12738,C18orf32
12739,PIDD1
12740,ZNF491
12741,RPLP2
12742,HASPIN
12743,JUN
12744,CSTF2T
12745,PGBD5
12746,C12orf54
12747,CASC2
12748,ACAD9
12749,IL17RA
12750,PNPLA2
12751,MBOAT4
12752,AGTRAP
12753,CD163L1
12754,SRRM3
12755,THAP5
12756,CRACR2B
12757,SUMO4
12758,NAALADL2
12759,CD151
12760,POLR2L
12761,NECTIN3
12762,SLC35G5
12763,ANXA2R
12764,TMEM94
12765,FLII
12766,SOX12
12767,HNRNPA0
12768,YIPF7
12769,FAM87B
12770,MYOZ1
12771,KCNJ10
12772,CHID1
12773,ZNF620
12774,ZNF518A
12775,TMEM187
12776,SVBP
12777,ZNF619
12778,CCDC184
12779,AP3S1
12780,GRB2
12781,ZBTB41
12782,UBE2N
12783,ARL6IP6
12784,ZNF354C
12785,CAPZA3
12786,MAMDC4
12787,BET1L
12788,RPS27
12789,RIC8A
12790,IMP3
12791,ASB8
12792,LCN15
12793,DPY19L2
12794,ZNRF3-AS1
12795,GPR150
12796,LRRC75B
12797,DMAP1
12798,ADAMTSL1
12799,CALHM5
12800,IMPDH2
12801,ALS2CL
12802,MLF1
12803,NDUFAF3
12804,C2orf69
12805,GRAMD1C
12806,STAP2
12807,HTR3C
12808,TSSK6
12809,BOLA1
12810,PDE4DIP
12811,DDX10
12812,PPP1R42
12813,NDUFV2
12814,DALRD3
12815,ZNF114
12816,ZNF518B
12817,AMER3
12818,SPINK6
12819,ZNF366
12820,LCORL
12821,PARD6G
12822,ZNF454
12823,SH2B1
12824,ZC3H12D
12825,VN1R1
12826,PLEC
12827,SH2D4B
12828,RNF212
12829,PRSS36
12830,ZNF543
12831,TMEM151B
12832,GALNT11
12833,WDR6
12834,GEN1
12835,TMPRSS9
12836,AQP11
12837,TMEM11
12838,ZNF354B
12839,KCNG2
12840,SHISA3
12841,OR2D3
12842,CALML3
12843,CALML5
12844,ZFAND2A
12845,PLEKHM3
12846,ZNF223
12847,FAM220A
12848,DNAJC22
12849,CEP295NL
12850,BEND3
12851,NT5DC1
12852,GLDC
12853,COX14
12854,MCMDC2
12855,TUBAL3
12856,P4HTM
12857,UCN3
12858,DTX3
12859,KLHL11
12860,AMBN
12861,CTXN1
12862,SLC25A20
12863,CA8
12864,CD28
12865,EPM2AIP1
12866,ERBB4
12867,MAF
12868,CTNNBIP1
12869,PSAPL1
12870,OTOS
12871,ERN1
12872,GPR35
12873,CSRNP3
12874,ZNF713
12875,PARP10
12876,DYNAP
12877,SUZ12
12878,NSUN3
12879,KCTD12
12880,DHFR2
12881,RPP25
12882,GRINA
12883,THBD
12884,GP5
12885,LMO7DN
12886,COX5A
12887,STX19
12888,ERFE
12889,FAM219B
12890,ZHX2
12891,CPN2
12892,CPNE7
12893,C5orf46
12894,GDPD4
12895,RIIAD1
12896,MPI
12897,ADORA2A-AS1
12898,TRIM73
12899,OPLAH
12900,TMEM52
12901,TMEM139
12902,RNF186
12903,EFCAB13
12904,MSC
12905,APOLD1
12906,RFLNA
12907,EXOSC4
12908,DPY19L3
12909,TAF7
12910,FOXE1
12911,PFAS
12912,HYI
12913,CYBC1
12914,LGALS7B
12915,ZNF552
12916,SMIM10L2A
12917,GAK
12918,ZBTB7A
12919,TUFM
12920,ERICH3
12921,RMI1
12922,CTC1
12923,FBXO34
12924,LINC00324
12925,SELENOW
12926,MRFAP1L1
12927,SNX18
12928,EXD1
12929,AURKB
12930,MRFAP1
12931,C3orf38
12932,KLHDC7A
12933,TMEM107
12934,RRS1
12935,EXOC3L1
12936,TRIML2
12937,IGSF22
12938,C9orf50
12939,ZFP42
12940,CCDC89
12941,FAM133A
12942,DPM3
12943,C12orf42
12944,CYC1
12945,PER1
12946,HTR1F
12947,TMTC2
12948,HES7
12949,FARSA
12950,SPTY2D1
12951,C10orf67
12952,SAMD4B
12953,LINC00670
12954,GIMAP7
12955,ALOXE3
12956,EDC3
12957,TCAIM
12958,FUCA1
12959,PXT1
12960,GGN
12961,TMEM125
12962,ZNF664
12963,CALR
12964,LINC00311
12965,MAGED1
12966,GVQW3
12967,LDLRAD3
12968,SMCO3
12969,RAD23A
12970,GADD45GIP1
12971,DAND5
12972,TMEM151A
12973,PTPN11
12974,NSUN7
12975,RTL3
12976,FAM156B
12977,WSCD1
12978,RAB39A
12979,CLK3
12980,GATA2
12981,ARID3B
12982,TMEM31
12983,PACS2
12984,ELMOD2
12985,EGR3
12986,CATSPERE
12987,GPC5
12988,VWA1
12989,GEMIN4
12990,FJX1
12991,KLHL28
12992,MKRN3
12993,ZBTB18
12994,ALOX12B
12995,SLC17A8
12996,EIF3J-DT
12997,SHARPIN
12998,LBX2
12999,DNHD1
13000,SLITRK4
13001,HTR1D
13002,GCC1
13003,LSMEM2
13004,CIITA
13005,ZFPM1
13006,ALOX15B
13007,PLD6
13008,GRM8
13009,CDC42EP4
13010,ZBTB42
13011,LACC1
13012,MAF1
13013,TPPP2
13014,FCER1A
13015,RPRML
13016,ARL14
13017,WDR97
13018,PCED1B
13019,APOBEC3B
13020,SYCN
13021,PIPOX
13022,FOXS1
13023,ATOH7
13024,CDH5
13025,LRRC3B
13026,FAM216B
13027,MYADM
13028,MRGPRX3
13029,MROH1
13030,SERTAD2
13031,PIK3CD-AS1
13032,AKAP5
13033,NKPD1
13034,GIPC3
13035,RNF227
13036,CITED4
13037,ABCA13
13038,NLRP11
13039,TIGD5
13040,PDXDC1
13041,ZNF154
13042,R3HDM2
13043,B3GNT3
13044,ITLN1
13045,NRXN1
13046,SEPHS2
13047,GPBAR1
13048,ZNF784
13049,C14orf119
13050,CCR8
13051,LINC00652
13052,BBS10
13053,FIZ1
13054,PUF60
13055,SSC5D
13056,DCTPP1
13057,ZNF771
13058,TSHZ1
13059,PSTK
13060,SOCS4
13061,ZNF48
13062,C3orf80
13063,TMEM150B
13064,ANKRD18A
13065,WFDC11
13066,TMEM86B
13067,TRNAU1AP
13068,EXOC3
13069,TDRD6
13070,ACTA2-AS1
13071,LYNX1
13072,TH
13073,MED14
13074,FAHD1
13075,TDRP
13076,RCC1
13077,F2
13078,PRKRA
13079,ZNRF2
13080,RRH
13081,SLC9A4
13082,ZNF816
13083,FGD6
13084,PLD5
13085,OAZ2
13086,WFDC10A
13087,PNPLA1
13088,ALX1
13089,CCDC43
13090,KCTD4
13091,MEIOC
13092,FZD2
13093,TIGD2
13094,HCLS1
13095,MTURN
13096,ZNF609
13097,PAK2
13098,CCDC66
13099,DEFB124
13100,MCFD2
13101,LINC00304
13102,HARBI1
13103,C11orf71
13104,SERTM1
13105,GAS1
13106,ARHGAP45
13107,OR10Q1
13108,ZNF571
13109,GLIPR1L2
13110,MIGA1
13111,KCNE1
13112,NRIP1
13113,ZSCAN4
13114,BHLHA15
13115,RNF182
13116,TSPYL5
13117,FUT7
13118,EIF2S3B
13119,SKIDA1
13120,MB21D2
13121,GSX2
13122,SSTR2
13123,ZNF594
13124,PCGF5
13125,SLC47A2
13126,PRF1
13127,MAB21L1
13128,YOD1
13129,TMEM64
13130,C3orf22
13131,LINC02363
13132,CHRM4
13133,SHISA2
13134,S1PR5
13135,CLRN3
13136,GPR157
13137,CHST13
13138,SLC36A4
13139,ZDHHC20
13140,ANKRD30B
13141,OR51E1
13142,ZFP3
13143,ARSJ
13144,HOXC9
13145,MAP3K15
13146,PPA1
13147,HOXC10
13148,PSMG4
13149,BHLHE22
13150,MAP6D1
13151,CSNK1G2-AS1
13152,ZNF443
13153,LINC01559
13154,LINC01555
13155,CXCR2
13156,GREM2
13157,SSR4
13158,CAPS2
13159,ZNF792
13160,CUEDC1
13161,SCRIB
13162,KCTD2
13163,D2HGDH
13164,OXTR
13165,CMTR2
13166,GPR62
13167,ZNF572
13168,ST20
13169,PITPNB
13170,TCEAL8
13171,LRRC57
13172,MRPL14
13173,GPR137C
13174,C1orf105
13175,OR52N1
13176,BBS12
13177,ZFP82
13178,OR52N5
13179,LSMEM1
13180,NQO1
13181,AEN
13182,FKRP
13183,TRAPPC5
13184,RPH3AL
13185,SLC25A42
13186,FCRL6
13187,METTL23
13188,SLC26A11
13189,HIGD1A
13190,CHRM2
13191,OR52N4
13192,EHMT1
13193,ADIPOQ
13194,F2R
13195,ZNF707
13196,MUC16
13197,NPM1
13198,FER1L6-AS1
13199,PJA1
13200,DHTKD1
13201,PENK
13202,C4orf50
13203,ZNF746
13204,POLR2A
13205,TMEM132C
13206,SLC25A41
13207,FRAT2
13208,TMEM132E
13209,ZNF322
13210,NME9
13211,HEPHL1
13212,LRRC75A
13213,CCL13
13214,CFAP65
13215,DDX60L
13216,SYNE4
13217,OGFOD3
13218,WASHC1
13219,UTS2R
13220,AATK
13221,DDN
13222,SAGE1
13223,ZNF467
13224,SOX2
13225,ZNF678
13226,TMEM45A
13227,RAP2B
13228,ZBTB2
13229,RNF135
13230,ACBD4
13231,OR8D4
13232,SGSH
13233,MAB21L2
13234,FANCB
13235,SETD2
13236,EDDM3A
13237,TMIE
13238,MEX3D
13239,MRPS23
13240,OR52H1
13241,FDCSP
13242,GPR135
13243,SLX1B
13244,ANKRD62
13245,P2RY13
13246,TNFSF15
13247,ZFP41
13248,ATG9B
13249,GPR88
13250,PLAG1
13251,YIPF6
13252,ZBTB20
13253,AMIGO1
13254,GPR3
13255,TMEM252
13256,SIAH2
13257,COPG1
13258,ADGRB1
13259,LINC00471
13260,CELF2-AS1
13261,SLC9A9
13262,LSM10
13263,RELL1
13264,RFX7
13265,SLC35C1
13266,TIGIT
13267,RNF41
13268,IBA57
13269,ZNF329
13270,ZNF101
13271,OR4C6
13272,C5orf24
13273,ADO
13274,COA4
13275,PRKAG1
13276,GINS3
13277,CCDC149
13278,MRPS11
13279,SNRPE
13280,RTKN2
13281,PNMA8A
13282,CHST15
13283,USH1G
13284,MGAT4C
13285,IDH2
13286,OR52A1
13287,TMEM259
13288,TNRC18
13289,FAM181B
13290,TMEM30B
13291,DEXI
13292,ZNF716
13293,NOP10
13294,FAM89A
13295,KCNIP1
13296,TDRKH
13297,ZNF708
13298,IST1
13299,ERCC6L2
13300,MRPL41
13301,ENPP7
13302,CREB3L2
13303,P2RY8
13304,TP53TG1
13305,UNC5C
13306,MRGPRG
13307,TSEN54
13308,RGMA
13309,UBA7
13310,MRPS16
13311,SHISAL2A
13312,RAD51B
13313,LDOC1
13314,ARL6IP4
13315,EXT1
13316,SHMT2
13317,HHIPL1
13318,ATP6AP2
13319,CYB5D1
13320,BACE2
13321,UBE2E2
13322,SYNM
13323,KCNA4
13324,GABRG3
13325,FIGN
13326,IZUMO1
13327,TMIGD1
13328,B4GALNT4
13329,AP1S2
13330,DCAF4L1
13331,SPACA6
13332,MBD3L3
13333,ZSCAN22
13334,KCNJ14
13335,FBXL6
13336,C1S
13337,GLTPD2
13338,KIAA2012
13339,LIPF
13340,KBTBD3
13341,YBEY
13342,FAM87A
13343,PLCXD1
13344,NXPH4
13345,CACNB4
13346,TRAPPC6B
13347,PGBD4
13348,NPLOC4
13349,KCNK4
13350,TEX19
13351,TSHZ2
13352,CAPN12
13353,EXOC7
13354,KPNA2
13355,XKRX
13356,BGN
13357,CEP97
13358,LHFPL1
13359,FES
13360,GLRX5
13361,TBPL2
13362,CAV3
13363,MXRA7
13364,LIMK2
13365,RWDD4
13366,SPNS3
13367,CLEC4G
13368,SATB1
13369,NXPH3
13370,CSF1R
13371,EPHB3
13372,VCX
13373,EPGN
13374,LINC00334
13375,SNORC
13376,HS3ST4
13377,TRAK1
13378,TSPAN10
13379,OR2V2
13380,PLCB1
13381,SKA2
13382,CCDC172
13383,NTM
13384,TTC3
13385,KCNB2
13386,PPP1R27
13387,BRICD5
13388,GALR2
13389,IGIP
13390,TSKU
13391,CMC4
13392,ANXA2
13393,RGS6
13394,HOXB4
13395,SLC35D3
13396,PAQR7
13397,PAPPA
13398,MAFA
13399,NGRN
13400,GRID1
13401,RPS17
13402,HCAR2
13403,CCDC87
13404,C1orf116
13405,MAGEB17
13406,CRIP2
13407,DDX28
13408,KRTAP13-2
13409,ACBD3
13410,PLCXD3
13411,VMO1
13412,ALG12
13413,LCK
13414,RBM10
13415,PRKCZ-AS1
13416,ADGRG3
13417,RPL35A
13418,RGS7
13419,SLC25A18
13420,ZNF721
13421,TCEAL7
13422,CEP63
13423,WFDC10B
13424,SRPRA
13425,OTOP3
13426,EWSR1
13427,SPATA13
13428,GJC1
13429,SOX1
13430,CNOT10
13431,MTA1
13432,ZNF662
13433,CADM1
13434,ZNF320
13435,C12orf60
13436,PYCR1
13437,NAA38
13438,SPNS2
13439,MCEMP1
13440,SLC8A1
13441,SLC25A21
13442,OTOP2
13443,PCP4
13444,ABAT
13445,SLC25A10
13446,CAMK1D
13447,RGPD6
13448,LYSMD4
13449,WBP2NL
13450,IGSF5
13451,NKX2-5
13452,AFMID
13453,GAS6
13454,FREM3
13455,NEB
13456,BEGAIN
13457,GPC6
13458,ARHGEF37
13459,FAM43B
13460,CSMD1
13461,CALHM3
13462,PTGDR2
13463,CEP57L1
13464,RIPPLY3
13465,GPR19
13466,GJD3
13467,RABIF
13468,TMEM119
13469,FANCF
13470,CALN1
13471,GABRR3
13472,C2CD4C
13473,CHST6
13474,POTEC
13475,RUVBL2
13476,GDPGP1
13477,CTNNA3
13478,RIMBP3C
13479,PRR36
13480,LINC01547
13481,PTTG1IP
13482,DDX41
13483,ABHD16B
13484,CCDC60
13485,PLGLB1
13486,DAZAP2
13487,CCBE1
13488,SELENOF
13489,PRSS40A
13490,MAGEA2B
13491,TMEM121B
13492,ZNF623
13493,EPHA10
13494,SPDYE4
13495,CCDC125
13496,BOLA2
13497,BCOR
13498,JRKL
13499,CABCOCO1
13500,GBP6
13501,OVCH2
13502,SYNDIG1L
13503,FHL3
13504,PMCH
13505,TMEM89
13506,CCDC159
13507,RIPK4
13508,LRIT3
13509,SF3A3
13510,TRIM61
13511,GRIN2A
13512,URAD
13513,GTF2H2C
13514,ASB7
13515,SH2D7
13516,TREX2
13517,GPR132
13518,MX2
13519,EP400
13520,MEX3B
13521,TENT5C
13522,COA5
13523,UTP11
13524,PSMG1
13525,PRR14L
13526,KLRC4
13527,ACSM5
13528,SERHL2
13529,PCBP3
13530,PGPEP1L
13531,SETD3
13532,TNFAIP8L3
13533,ZNRF3
13534,FBXL7
13535,TANGO2
13536,SFXN4
13537,GKN2
13538,FAM167B
13539,MRPL54
13540,ZNF438
13541,HMCES
13542,CCR3
13543,DGCR6
13544,TP53TG3
13545,RP1L1
13546,ZNF530
13547,NDUFB1
13548,KLHL25
13549,BMP8A
13550,ALYREF
13551,RFLNB
13552,EFHC2
13553,NOG
13554,UPP1
13555,IFNL2
13556,OPCML
13557,TRIM52
13558,LHFPL6
13559,CMTM4
13560,TMEM50A
13561,FIGLA
13562,ASCL2
13563,TBK1
13564,CBX6
13565,MACC1
13566,ACSM2A
13567,ACP7
13568,KREMEN1
13569,TRAIP
13570,CHEK2
13571,FOXL2
13572,AIFM3
13573,KCTD16
13574,B3GALT5
13575,ZNF703
13576,SLC35F3
13577,KCTD8
13578,TUBA8
13579,NPIPA5
13580,EMILIN3
13581,OLFML1
13582,FAM162B
13583,RBM12B
13584,CCR4
13585,LIN9
13586,BTBD9
13587,NUDT14
13588,PNMA3
13589,GPR39
13590,FAM3B
13591,ZNF730
13592,KIRREL1
13593,TOB2
13594,SCN5A
13595,ARSI
13596,UTY
13597,SRARP
13598,TTC32
13599,LRRC55
13600,DNAH2
13601,SH2D1A
13602,SDR42E2
13603,PRKX
13604,KMT5A
13605,KCNH8
13606,SMTN
13607,NPW
13608,COA3
13609,NPB
13610,ST6GALNAC3
13611,PTP4A2
13612,TMPRSS2
13613,DENND5A
13614,DSCR4
13615,DIABLO
13616,VPS33B
13617,TBX1
13618,ADAP2
13619,UQCR10
13620,FAM120C
13621,EIF3C
13622,CLDN5
13623,NIPSNAP1
13624,CNTN2
13625,KCNQ3
13626,ADRA2C
13627,NR2C2AP
13628,C1QTNF12
13629,CRELD2
13630,SCFD2
13631,UBE2F
13632,KCNJ12
13633,GPR173
13634,PPP1R2
13635,TSPYL2
13636,GOLGA6L4
13637,PGP
13638,SNRNP35
13639,IRAK1
13640,CMSS1
13641,OLIG1
13642,PCDH9
13643,ACOT1
13644,OAF
13645,ALDH1A3
13646,KCNK12
13647,POU6F1
13648,TM2D3
13649,TSSC4
13650,TACSTD2
13651,PRKD1
13652,CCSER1
13653,ZDHHC23
13654,MROH7
13655,SRPK3
13656,GDF3
13657,SLIT3
13658,EFNA5
13659,SPATA32
13660,PKP3
13661,MAP7D2
13662,CSF1
13663,COLEC10
13664,ACTRT3
13665,PLA2G6
13666,MAML2
13667,A3GALT2
13668,SS18L1
13669,KCND2
13670,TOP1MT
13671,COPB2
13672,LRRC19
13673,THAP7
13674,KNTC1
13675,CCR10
13676,NCMAP
13677,WDR27
13678,TXNRD2
13679,C1QTNF8
13680,OR56A3
13681,FOXO4
13682,POU3F2
13683,FOXD4L1
13684,PROS1
13685,GAST
13686,HDDC3
13687,ZFP1
13688,CEND1
13689,C6orf58
13690,DHRS7C
13691,SOCS3
13692,SLITRK6
13693,LPAR5
13694,XPOT
13695,PDE4B
13696,SNN
13697,FAM167A-AS1
13698,KCNH7
13699,NELL2
13700,MED12
13701,ZNF93
13702,PRSS55
13703,FOXD4L4
13704,CDCA2
13705,RALYL
13706,AMER1
13707,ZBTB40
13708,CLDN6
13709,OR51M1
13710,EIF4ENIF1
13711,LRRC26
13712,SERINC4
13713,RNLS
13714,APOBR
13715,FAM110C
13716,DDX53
13717,ATL3
13718,NDUFA12
13719,SMIM10
13720,UBE2G2
13721,SATL1
13722,OSBP2
13723,B3GALT5-AS1
13724,ZBTB7C
13725,APOO
13726,PRR16
13727,TMED9
13728,DRD1
13729,TMEM186
13730,SDR42E1
13731,RBM33
13732,ARMCX2
13733,BTBD6
13734,SRY
13735,RBM43
13736,SUMO3
13737,IMMP2L
13738,TCEAL2
13739,CLCNKB
13740,DMRTC1B
13741,JAG2
13742,FMNL1
13743,NUTM2A
13744,PTRHD1
13745,LCN12
13746,OR6A2
13747,WT1
13748,ZFP90
13749,AQP12A
13750,FAM227A
13751,USP18
13752,CHRM5
13753,SORCS2
13754,TMEM121
13755,TMEM106A
13756,SIVA1
13757,BRI3BP
13758,IFNE
13759,SLC22A10
13760,RFX6
13761,ROBO2
13762,AP3M1
13763,F8
13764,NT5C1B
13765,CA13
13766,UBOX5
13767,MAFF
13768,BRF1
13769,LRRC14B
13770,SEMA4B
13771,MROH2A
13772,SPDYE16
13773,CIB1
13774,ANKS1B
13775,NELFA
13776,SLC24A3
13777,SGCZ
13778,EFCAB10
13779,C5orf47
13780,KRT76
13781,FLRT2
13782,INTS5
13783,RPS27L
13784,MANEAL
13785,ANO9
13786,FAF1
13787,MYADML2
13788,FAM43A
13789,C6orf120
13790,PURA
13791,INPP5J
13792,NPY2R
13793,MIXL1
13794,MFSD6L
13795,LRRC37B
13796,DDX51
13797,NOMO2
13798,AQP12B
13799,SIGIRR
13800,NRBP2
13801,PRSS57
13802,IFITM2
13803,TNFAIP2
13804,ZNF445
13805,PGBD2
13806,TCEAL9
13807,RAB11B
13808,PRMT3
13809,GP1BA
13810,PRPF39
13811,MAGEA11
13812,PPIL6
13813,ZNF74
13814,KIAA0825
13815,UBALD2
13816,CDNF
13817,NOTUM
13818,RBM11
13819,GALNT17
13820,ZBTB37
13821,NUPR2
13822,CCDC137
13823,SFTPA2
13824,RGPD2
13825,ARL15
13826,C12orf56
13827,CDK10
13828,TMEM105
13829,SOCS1
13830,TCN2
13831,GAS2L1
13832,ATP6V0A2
13833,PRKN
13834,TEDC1
13835,HS6ST3
13836,HGS
13837,TNFAIP8L1
13838,RAD51D
13839,OR7A17
13840,MAPK11
13841,SP140L
13842,MRPL30
13843,SMYD3
13844,LINC00158
13845,IFNLR1
13846,SH3BGR
13847,FAM174B
13848,ZSWIM9
13849,KPNA7
13850,TMEM179B
13851,GPRIN3
13852,KRT6B
13853,PARPBP
13854,STAC3
13855,ROR1
13856,MUC1
13857,FAAP100
13858,L3MBTL1
13859,BRCC3
13860,SV2B
13861,FAM131C
13862,SPATA45
13863,PDE6G
13864,PRKG1
13865,NR2F2
13866,TLCD2
13867,LSAMP
13868,AHNAK2
13869,OLFML2A
13870,SP1
13871,SPATA8
13872,MRPL40
13873,DBX2
13874,INKA1
13875,PDIA2
13876,PCGF3
13877,LMLN
13878,P4HB
13879,PSMD13
13880,PBX1
13881,SHC4
13882,KRT79
13883,ZFP36L1
13884,UBE2L3
13885,NTF3
13886,BRWD1
13887,PMEL
13888,SYN3
13889,POU3F1
13890,SNAI3
13891,ZBTB3
13892,LYG2
13893,MORN5
13894,PRAME
13895,MYBL1
13896,DRG1
13897,ANKFY1
13898,YTHDF3
13899,ZNF696
13900,ADARB2
13901,NRG3
13902,SRL
13903,C11orf87
13904,IFIT1
13905,CXorf38
13906,KCNQ5
13907,ADAMTSL5
13908,SPATA31A6
13909,MORF4L1
13910,NLRP9
13911,WDR53
13912,DMWD
13913,SLC52A2
13914,PIGP
13915,IKZF1
13916,PCYT2
13917,NAT8L
13918,NPAP1
13919,BCAP31
13920,ARL17A
13921,HDHD5-AS1
13922,GNB1L
13923,DNAH14
13924,CCDC190
13925,TMEM210
13926,ZNF829
13927,TMPRSS11B
13928,THNSL1
13929,TRIM69
13930,ATP6V0C
13931,IFITM1
13932,LAMP1
13933,FFAR3
13934,POMK
13935,LINC00839
13936,C16orf54
13937,KLHDC8B
13938,KLHL34
13939,SETD4
13940,PTCH1
13941,RTN4RL1
13942,CALHM1
13943,NKAIN3
13944,RNPC3
13945,ZNF267
13946,IRS2
13947,FAM186A
13948,BICD2
13949,LCE3E
13950,CCIN
13951,TMLHE
13952,SLITRK2
13953,PLK5
13954,LRCH3
13955,LEMD1
13956,ATP4B
13957,NDUFA13
13958,ZNF566
13959,ZNF529
13960,ZNF284
13961,HTR3E
13962,DLEU7
13963,KRT73
13964,TAL2
13965,MATN1-AS1
13966,AIDA
13967,CD300LF
13968,ZPBP2
13969,KRT5
13970,NBPF6
13971,GSAP
13972,AGBL4
13973,CYP2R1
13974,LRRC70
13975,ANKRD46
13976,PIP5K1C
13977,CYP4F2
13978,TEX38
13979,ZBTB6
13980,C2orf76
13981,POLR3C
13982,DEFB131A
13983,UBL4B
13984,WWOX
13985,CYP4Z1
13986,BCL9L
13987,POLR1D
13988,KIF18B
13989,ZNRF1
13990,FFAR4
13991,BPIFB4
13992,SAPCD2
13993,EDARADD
13994,SLC51B
13995,CYP4F12
13996,SOWAHB
13997,BLOC1S4
13998,LCE1E
13999,ZNF749
14000,KLHL32
14001,BTLA
14002,ZNF17
14003,KDM4D
14004,GPAT2
14005,TOR3A
14006,GABRA5
14007,PPP1CC
14008,ZNF555
14009,NAP1L3
14010,PRELID2
14011,BACE1
14012,RGS9BP
14013,THBS2
14014,RXRA
14015,ANKRD37
14016,NUDT17
14017,ZNF75D
14018,CYP4X1
14019,KRT10
14020,GOLGA8R
14021,CD300E
14022,CCDC30
14023,NKRF
14024,GLDN
14025,KPNA4
14026,TRDN
14027,KRT3
14028,ZNF197
14029,SPATA12
14030,TMPRSS12
14031,FAM228A
14032,DEFB132
14033,NAP1L2
14034,RPS23
14035,GNG2
14036,BTN3A2
14037,AKAP14
14038,PCLO
14039,KLK12
14040,RGS7BP
14041,INSIG1
14042,MYT1L
14043,ZNF396
14044,TMEM222
14045,OR9Q1
14046,CLCNKA
14047,OR9Q2
14048,ARHGAP30
14049,CYP4F8
14050,CYP4F3
14051,SMYD4
14052,FOXD2
14053,GPATCH8
14054,CEACAM19
14055,NF2
14056,SMIM29
14057,SPATC1
14058,UBE2H
14059,HPDL
14060,KTN1-AS1
14061,KATNA1
14062,FSD2
14063,ARAP1
14064,KIF24
14065,PDE2A
14066,PRG2
14067,PRR5
14068,ZFP91
14069,C17orf58
14070,BCDIN3D
14071,CYP27C1
14072,LYRM7
14073,CFAP73
14074,CCDC73
14075,BCR
14076,OR10H1
14077,MPPED1
14078,FSCN2
14079,FOXI2
14080,SPIN4
14081,ZNF732
14082,SPIN2B
14083,FOXE3
14084,HYAL3
14085,VSIG10L
14086,CXCR3
14087,ZNF397
14088,ZSCAN30
14089,TPCN1
14090,TNFRSF4
14091,KRT16
14092,HEXIM1
14093,SELENOV
14094,KRT14
14095,TRABD2A
14096,PDZD7
14097,POFUT2
14098,QRFPR
14099,ERCC6L
14100,TMEM17
14101,TNFRSF18
14102,FGF3
14103,C1QL4
14104,RTN4RL2
14105,ZDHHC17
14106,SERPINA11
14107,P2RY4
14108,ZNF395
14109,ZACN
14110,PPARA
14111,TMEM232
14112,LINC01551
14113,EFCAB6
14114,KRTAP19-5
14115,KANK3
14116,EMID1
14117,RHD
14118,ESPN
14119,PNLIPRP1
14120,PTRH1
14121,SAMD7
14122,GPR141
14123,TMPRSS6
14124,CYP4A11
14125,TMEM216
14126,RPS19BP1
14127,TMPRSS11A
14128,C3orf70
14129,TEAD1
14130,PLCD1
14131,CCK
14132,ENTPD5
14133,MITF
14134,HEATR4
14135,NAP1L1
14136,CMC1
14137,SLIT1
14138,LYPD6
14139,AKR1C1
14140,VSTM2B
14141,FOXD3
14142,SPATA21
14143,RNF220
14144,ANGPTL5
14145,SHTN1
14146,ZNF546
14147,TSPYL4
14148,DAZ3
14149,MT1X
14150,GCNT1
14151,SESTD1
14152,FNBP1
14153,DYNC2H1
14154,MAGED4B
14155,BCAM
14156,RSBN1L
14157,NPSR1
14158,WDR86
14159,EPOR
14160,FAM9C
14161,CIDEC
14162,DCC
14163,TAF9B
14164,PCDHB13
14165,MAGI2
14166,LUZP2
14167,LHFPL3
14168,CHP1
14169,FPR3
14170,C11orf96
14171,KCNJ11
14172,CDHR4
14173,COL4A1
14174,PLEKHG7
14175,GJA4
14176,PTMA
14177,HSPA14
14178,ATP13A5
14179,SIRT7
14180,PRR27
14181,IFT140
14182,POTEG
14183,AGMO
14184,SBK2
14185,CYP26C1
14186,TLR5
14187,USP7
14188,FOXD4L3
14189,NHLRC1
14190,DPPA3
14191,COX8C
14192,PLEKHN1
14193,ZNF385C
14194,LINC02583
14195,MAGEH1
14196,TET3
14197,ZNF286A
14198,ISG15
14199,EXD3
14200,MYMK
14201,ZKSCAN4
14202,RGPD1
14203,SAMD11
14204,PERM1
14205,C5orf52
14206,HAPLN4
14207,ERC2
14208,B3GLCT
14209,SPRY4
14210,ERAS
14211,TRPV2
14212,AMTN
14213,TMEM203
14214,SLC18A3
14215,KBTBD12
14216,THSD4
14217,DNAJB13
14218,GABRD
14219,TCEA1
14220,NHEJ1
14221,FANCA
14222,SECISBP2
14223,C9orf153
14224,ADH1A
14225,SEMA4D
14226,LIN28B
14227,DNAH17
14228,MCRS1
14229,TMEM72
14230,FANCM
14231,ZNF70
14232,CARD9
14233,PEAR1
14234,ZFP69B
14235,SOWAHD
14236,ZFP69
14237,HELT
14238,TMEM220
14239,PLSCR3
14240,EIF4EBP1
14241,P2RX2
14242,ASCL4
14243,CCDC157
14244,TTC24
14245,PALM3
14246,GFRAL
14247,FYB2
14248,SHISA7
14249,LRRC74B
14250,DMBT1
14251,CLEC17A
14252,LCN10
14253,LDLRAD2
14254,C2orf66
14255,OVCH1
14256,COL14A1
14257,DNER
14258,CPSF4L
14259,KLHL17
14260,PLA2G2C
14261,ZSCAN23
14262,RINL
14263,C17orf99
14264,OR7D2
14265,TPRG1
14266,SNHG28
14267,MORN2
14268,RTP5
14269,S100A3
14270,UBQLN2
14271,RILPL1
14272,C19orf67
14273,ZNF490
14274,CLCN1
14275,NRN1L
14276,NWD1
14277,ARL4C
14278,RNF133
14279,TMEM221
14280,TREML4
14281,RAB42
14282,WNT7B
14283,PLA2G4E
14284,GPR89B
14285,MESP2
14286,FAM25A
14287,EYS
14288,C6orf132
14289,DAZ1
14290,OR2AG2
14291,MAPK12
14292,TMEM215
14293,NUTM2G
14294,COL4A5
14295,AGRN
14296,NHS
14297,OTOG
14298,TMPPE
14299,ZNF626
14300,HEPACAM2
14301,SMTNL2
14302,ZC3H6
14303,LAMTOR4
14304,PRKAR1B
14305,NUTM2B
14306,NCR3LG1
14307,DCUN1D3
14308,POTEE
14309,ZNF793
14310,TUBB4B
14311,AGAP4
14312,COMMD6
14313,PLA2G2A
14314,IL17REL
14315,HYKK
14316,C15orf62
14317,RUFY4
14318,ZNF383
14319,HES4
14320,IGFL1
14321,ZNF669
14322,PEAK3
14323,LRRIQ4
14324,PLSCR1
14325,C3orf62
14326,ENO4
14327,ZNF559
14328,SBK1
14329,SLC38A3
14330,GTF2F2
14331,FOCAD
14332,PRR19
14333,ZP3
14334,JAKMIP3
14335,PDCD1
14336,CLEC2A
14337,IGHV1OR15-9
14338,SELL
14339,CHM
14340,NANOS2
14341,BLOC1S5
14342,CERKL
14343,SLC24A5
14344,IER5L
14345,INSC
14346,SERPINA5
14347,LCTL
14348,NCCRP1
14349,KRTDAP
14350,COL25A1
14351,FAM83G
14352,CFAP77
14353,SRSF10
14354,HBA2
14355,DUSP28
14356,CCDC9B
14357,NBR1
14358,RALGAPA2
14359,NDOR1
14360,FBLL1
14361,NKAIN2
14362,PAQR9
14363,CLEC20A
14364,CFAP54
14365,CLN3
14366,FAM72B
14367,ASAH2
14368,SUMO2
14369,NANOS1
14370,HMX3
14371,IGFL3
14372,GOLGA8M
14373,ZNF177
14374,RTL6
14375,DPYD
14376,S100A16
14377,PTAR1
14378,CC2D2B
14379,SAXO2
14380,RHCE
14381,C2orf80
14382,IDO2
14383,PARVB
14384,SLC4A5
14385,UROS
14386,OR56A5
14387,CYP51A1-AS1
14388,ZDHHC9
14389,QRFP
14390,SMIM15
14391,OSTN
14392,VWC2
14393,FAM221A
14394,TMEM120B
14395,FSIP2
14396,RBM34
14397,NOXA1
14398,TMEM198
14399,BCL2L15
14400,FZD9
14401,SPRED3
14402,ADRB3
14403,SKOR1
14404,CATSPER4
14405,PRELP
14406,ZNF548
14407,MTF1
14408,TMCO2
14409,SHISA6
14410,TMEM201
14411,NHLRC3
14412,HMX2
14413,SNTN
14414,ZDHHC11
14415,CALHM6
14416,CNR2
14417,SLX4
14418,ENTPD8
14419,RPL14
14420,BEND4
14421,FAM78B
14422,ZNF563
14423,TMC3
14424,FBF1
14425,KLRG2
14426,ASTL
14427,MSL1
14428,LRRK2
14429,BSX
14430,GJB3
14431,TRMT2B
14432,HACD4
14433,CFAP126
14434,NYX
14435,FAM120AOS
14436,UTS2B
14437,C9orf152
14438,NOC2L
14439,MSANTD1
14440,NELFB
14441,LRRC66
14442,ZNF292
14443,HUS1B
14444,KCTD21
14445,SBSN
14446,ADAT2
14447,VHLL
14448,DUSP21
14449,ZNF567
14450,ANKDD1B
14451,ALKBH2
14452,RNFT1
14453,RNF222
14454,CGB5
14455,RELN
14456,FAM111B
14457,APOD
14458,GAGE2A
14459,LITAF
14460,VSTM1
14461,TMEM120A
14462,ARID2
14463,FAM25G
14464,SF3B3
14465,PRSS48
14466,IL1RAPL2
14467,BLOC1S3
14468,SP6
14469,ANKRD34B
14470,PLAC9
14471,NKAPL
14472,FSCB
14473,CLDN4
14474,GRAPL
14475,FAM47E
14476,JPT1
14477,ZNF527
14478,ZAR1L
14479,S100A13
14480,ZNF33A
14481,OR14I1
14482,PCDH18
14483,ZNF600
14484,BTBD8
14485,LINC00994
14486,MAOA
14487,C15orf61
14488,NUGGC
14489,LINC00943
14490,TSPYL1
14491,SPANXN3
14492,PNRC2
14493,DRICH1
14494,GJB5
14495,FHIT
14496,ALKAL2
14497,ZKSCAN3
14498,RRP7A
14499,LIN54
14500,FAM53B
14501,FAM180A
14502,S100A14
14503,KAZN
14504,SLC35E2B
14505,TOGARAM2
14506,NEMP2
14507,KIAA0408
14508,GSPT2
14509,C8orf76
14510,CXCL17
14511,HMGB1
14512,MMP23B
14513,SH2D5
14514,ZFP92
14515,RASSF10
14516,GJB4
14517,OR2L13
14518,BLOC1S2
14519,SYCP2
14520,ZNF724
14521,IL1RAP
14522,PTPRT
14523,MYBPC1
14524,PAX5
14525,SPOCK3
14526,ZNF699
14527,TDRD7
14528,OR8A1
14529,SERPINA3
14530,AKR1C3
14531,SPATS2L
14532,ZNF250
14533,WDSUB1
14534,ZNF79
14535,S100A4
14536,PLEKHG4
14537,FAT4
14538,COLCA1
14539,KIF19
14540,ZNF681
14541,ACADSB
14542,STK40
14543,TMEM63A
14544,CTSE
14545,SEMA4A
14546,HRCT1
14547,MPHOSPH8
14548,GREB1
14549,SIRPB2
14550,ZNF766
14551,RYR1
14552,SRGAP3
14553,FAM217B
14554,SULT1C3
14555,LCOR
14556,SUPT5H
14557,XPNPEP3
14558,OR2C3
14559,ZNF107
14560,SFTA2
14561,PPIA
14562,ZNF471
14563,ZNF836
14564,ZNF493
14565,LINC00523
14566,GTF2IRD2
14567,GRM7
14568,SUPT3H
14569,NIF3L1
14570,ATP2A1
14571,POM121
14572,ZBTB44
14573,GIMAP5
14574,STK31
14575,CGB7
14576,NLGN3
14577,ADH7
14578,ZKSCAN7
14579,ZNF729
14580,CD55
14581,CPNE4
14582,ZNF565
14583,NTNG2
14584,ELAVL3
14585,WDR5
14586,LONP1
14587,C9orf163
14588,TRRAP
14589,NUDT11
14590,SRGAP2B
14591,FUT4
14592,ASB13
14593,SLC35F1
14594,ZNF34
14595,ZNF781
14596,ZNF140
14597,INCA1
14598,ZNF774
14599,PTPN1
14600,EVL
14601,THEM5
14602,EPHB4
14603,ZNF765
14604,ZNF124
14605,XRCC6
14606,S100A5
14607,C20orf204
14608,PPP1R26
14609,TSC22D2
14610,CRYBA4
14611,ASMT
14612,NPIPB15
14613,ZNF569
14614,ARMCX4
14615,YRDC
14616,ZNF777
14617,PIK3R4
14618,ZNF775
14619,ZNF605
14620,TRAPPC2
14621,RFX8
14622,MYL6B
14623,ZNF799
14624,FGF16
14625,SIAH1
14626,C20orf96
14627,ESRRG
14628,IPO4
14629,NCOR2
14630,SULT1A1
14631,ARL9
14632,PRPF40A
14633,GDAP2
14634,TCEAL3
14635,ANAPC7
14636,TPK1
14637,SLC6A9
14638,AFAP1
14639,NACA
14640,MYO18A
14641,SPTSSB
14642,BORCS6
14643,MAN2A2
14644,MME
14645,FAM72A
14646,CCDC196
14647,CACNA1H
14648,SULF2
14649,HBG2
14650,LAMA2
14651,PFN3
14652,PLXNB2
14653,AJAP1
14654,XRCC2
14655,MYO6
14656,HDAC2
14657,ZNF782
14658,POTEF
14659,ZNF846
14660,MMP1
14661,ADH1B
14662,TCF4
14663,WNK3
14664,SDHAF3
14665,HRH1
14666,RABL6
14667,ZNF136
14668,ZKSCAN5
14669,ZNF502
14670,TRAPPC4
14671,SLC30A10
14672,TECPR2
14673,TLR7
14674,FAM180B
14675,ZFP62
14676,ERI2
14677,TOMM7
14678,HSH2D
14679,TRPV1
14680,ZNF33B
14681,ZNF512B
14682,AMZ2
14683,ZNF431
14684,ALKAL1
14685,NF1
14686,VKORC1L1
14687,ZNF418
14688,DAPK1
14689,LCE1B
14690,HLA-DQA1
14691,COL27A1
14692,GM2A
14693,CLPSL2
14694,S100A2
14695,ZNF700
14696,OR14A16
14697,CD47
14698,OR52K1
14699,TLE1
14700,MAML3
14701,STRN3
14702,ZNF239
14703,SPINK14
14704,SPRR2B
14705,CTBP1-DT
14706,ZSCAN16
14707,MVB12B
14708,POTEI
14709,ADA
14710,ARID5A
14711,PATE2
14712,PPTC7
14713,KRT39
14714,TOMM20L
14715,RGPD4
14716,NHLRC2
14717,ZFP28
14718,SCN8A
14719,LAMB3
14720,KPNA5
14721,ARHGEF12
14722,HCAR1
14723,PDLIM7
14724,FLNA
14725,TMEM26
14726,SRGAP1
14727,FAM3C
14728,NOP9
14729,ZNF705A
14730,SLC39A10
14731,SCOC-AS1
14732,CASP4
14733,AP2A1
14734,ZNF585A
14735,SMIM10L2B
14736,ANXA4
14737,LAGE3
14738,WDR5B
14739,NPIPB9
14740,ZNF138
14741,ZNF429
14742,ZNF470
14743,SERTAD1
14744,ZNF398
14745,ZSCAN25
14746,ANXA6
14747,ZNF441
14748,GMFB
14749,SIGLEC15
14750,ZNF420
14751,ZNF763
14752,ZMYM1
14753,DTHD1
14754,ZSCAN26
14755,MAFG
14756,ARRDC1
14757,KIAA1671
14758,KRT35
14759,IGF2R
14760,GAL3ST4
14761,DYNC1H1
14762,SLC6A17
14763,IFNL3
14764,PCBP2
14765,ZGPAT
14766,SLC25A29
14767,PGAP1
14768,ZNF679
14769,ZNF682
14770,ZNF772
14771,ZNF257
14772,PCNX3
14773,ADAM32
14774,ACSL5
14775,LRRC8B
14776,ABCB8
14777,SND1
14778,ZNF785
14779,SULT1A2
14780,NEK5
14781,PSMD12
14782,MAGEA6
14783,ADGRA1
14784,PIWIL2
14785,MIRLET7BHG
14786,NOL4L
14787,CYSRT1
14788,SLC22A4
14789,ZSCAN5B
14790,ENTPD4
14791,C1D
14792,TBC1D9B
14793,SLC2A7
14794,FAM110D
14795,LINC00336
14796,TPSB2
14797,KANK2
14798,C6orf141
14799,GTF2E2
14800,IL27
14801,GUCA2A
14802,RAD54B
14803,ZNF165
14804,SYNGAP1
14805,RAMP2-AS1
14806,FITM2
14807,BLM
14808,GATA3-AS1
14809,DDI2
14810,SVIL
14811,TRIM33
14812,LRP10
14813,PELI1
14814,ZNF655
14815,MRPL21
14816,LYPD2
14817,UAP1L1
14818,ZNF98
14819,FBXL22
14820,ZNF786
14821,ZNF517
14822,ZNF675
14823,SLC22A5
14824,DACT3
14825,ADARB1
14826,ZNF860
14827,HTT
14828,OR6N1
14829,C5AR1
14830,DIO3
14831,CYP2B6
14832,DCHS2
14833,VEPH1
14834,SHPK
14835,IPP
14836,OPALIN
14837,MAP3K5
14838,OGDHL
14839,CYP2F1
14840,GSTK1
14841,HNRNPAB
14842,STMN3
14843,PDGFA
14844,GYPE
14845,COL13A1
14846,SPN
14847,ZNF695
14848,ZNF628
14849,SLC2A10
14850,ZNF665
14851,RPF2
14852,LINC00477
14853,SLC28A3
14854,FAM177B
14855,MIB2
14856,MYO5A
14857,GZMM
14858,ATG7
14859,SIPA1L1
14860,RAB40C
14861,PIGN
14862,COL4A6
14863,ZNF624
14864,HOXA4
14865,TOPORS
14866,BCO2
14867,KCNMB2
14868,ENTPD6
14869,DMBX1
14870,ENPP1
14871,CCDC154
14872,FAR1
14873,CPLANE1
14874,ZNF841
14875,MFAP5
14876,ZNF615
14877,CDC42SE1
14878,MPEG1
14879,SERPINB2
14880,DPP4
14881,PDCD1LG2
14882,ZNF433
14883,SPTAN1
14884,NMB
14885,PARVA
14886,KLHL14
14887,FAM114A1
14888,RPE
14889,ZNF460
14890,CR1L
14891,PHF2
14892,RPS26
14893,SCGB1D4
14894,PSAP
14895,S100A10
14896,CFAP43
14897,LHFPL5
14898,RPL37A
14899,HOXC6
14900,TXNRD3
14901,CFD
14902,STPG3
14903,MAP1LC3C
14904,MCMBP
14905,EME2
14906,KLHDC1
14907,ZNF81
14908,TAF13
14909,ATAD3A
14910,FAM118B
14911,ZNF461
14912,CCDC180
14913,SLC9A8
14914,OCLN
14915,CFAP299
14916,ZNF181
14917,OR8G1
14918,INKA2
14919,ZNF44
14920,GPAA1
14921,ADAMTSL2
14922,SGTB
14923,ZNF790
14924,PRB3
14925,MYO1C
14926,MDS2
14927,NKIRAS1
14928,UGT2B17
14929,MEIG1
14930,KIF13B
14931,NRAP
14932,ADH5
14933,TEAD4
14934,SPG7
14935,HRNR
14936,HES5
14937,ZNF677
14938,ERO1A
14939,ZNF823
14940,CYYR1-AS1
14941,ZNF347
14942,PLCG2
14943,FCHSD1
14944,ZNF71
14945,AADACL2
14946,S100A6
14947,RPL12
14948,DNM3
14949,ZNF121
14950,MPZL1
14951,VPS13A
14952,MBP
14953,ELOVL2
14954,GOLGA6L9
14955,LEKR1
14956,C1orf122
14957,SNHG12
14958,PCDH20
14959,CLEC9A
14960,IRAK4
14961,DLGAP2
14962,MRPL42
14963,ENTPD7
14964,ZNF335
14965,ZNF560
14966,TUBA3C
14967,RPS4X
14968,ZNF273
14969,ZNF84
14970,MAK16
14971,ZNF667
14972,AVPR1B
14973,SIRPA
14974,DSCR8
14975,GRK6
14976,PRIM1
14977,POTEH
14978,NPIPB13
14979,AKR1B10
14980,SULT1C4
14981,CYP2A7
14982,ZBTB14
14983,CD2AP
14984,NUP62CL
14985,SFI1
14986,KRTAP4-6
14987,ZNF649
14988,ADH4
14989,ZNF248
14990,CHSY3
14991,TOR4A
14992,LPAR1
14993,MB
14994,HIBCH
14995,ZNF544
14996,TMEM229B
14997,SOWAHC
14998,ZNF770
14999,NPIPB6
15000,HMGN5
15001,MIER1
15002,MAN1A2
15003,SVIP
15004,ZNF251
15005,DDRGK1
15006,TFDP1
15007,CLEC4C
15008,ZNF607
15009,ZNF334
15010,HSD17B11
15011,SZT2
15012,SULT1C2
15013,ZXDA
15014,RPS6KL1
15015,CACNA1E
15016,QRICH1
15017,LINC01558
15018,FKBP1C
15019,DDX42
15020,RPL23A
15021,SLC29A3
15022,STYX
15023,UBL5
15024,HELZ
15025,TMEM116
15026,UCKL1
15027,OR5B21
15028,CARD11
15029,ZNF485
15030,PEG3
15031,SDAD1
15032,ZKSCAN8
15033,PHETA1
15034,HYLS1
15035,MYL4
15036,ZNF442
15037,ZNF813
15038,HOXC4
15039,DCAF12L2
15040,PIM3
15041,ASPH
15042,SPRED2
15043,WWP2
15044,GFPT1
15045,UVRAG
15046,ZNF26
15047,ITSN2
15048,NTRK1
15049,OGA
15050,MT1F
15051,TCAF1
15052,ZNF69
15053,TXNRD1
15054,NRARP
15055,ZNF583
15056,KRTAP4-1
15057,ZNF568
15058,ZXDB
15059,ZNF480
15060,ZNF587
15061,TPM2
15062,FLVCR1-DT
15063,SH3BGRL2
15064,ZNF808
15065,ANKRD35
15066,B3GNT6
15067,YTHDF2
15068,TMA16
15069,HLA-DRB5
15070,ATL1
15071,CNGA1
15072,MAFK
15073,ARMH1
15074,ZNF43
15075,GPN1
15076,PLN
15077,C2CD4A
15078,ZNF28
15079,ITGBL1
15080,ZNF511
15081,C20orf203
15082,ZNF627
15083,KCNRG
15084,WDHD1
15085,ZNF789
15086,CTNND1
15087,SLC34A3
15088,RD3
15089,SH2D1B
15090,ARC
15091,NUDT16
15092,TLK1
15093,LRBA
15094,ZNF536
15095,MMP17
15096,BAZ1A
15097,AKR1C4
15098,COPS8
15099,CCDC69
15100,MDM4
15101,RYR2
15102,ZNF534
15103,KLHL9
15104,FAM3D
15105,NCOA6
15106,STK39
15107,TAT
15108,C6orf89
15109,CALM1
15110,TUSC1
15111,MAGEA1
15112,PAPSS2
15113,LINC01565
15114,SLC9A6
15115,FAN1
15116,ABCA4
15117,EIF1AY
15118,MT-ND6
15119,IPO9
15120,CEP290
15121,SSBP3-AS1
15122,MT-CO2
15123,GLMP
15124,TOGARAM1
15125,ANKRD13B
15126,ECI2
15127,UNC13B
15128,MT-CYB
15129,LDB1
15130,PPP1R14C
15131,CTR9
15132,SMOC1
15133,F5
15134,MSRB1
15135,LRRTM3
15136,ZNF652
15137,SMURF1
15138,SLC5A3
15139,GPATCH3
15140,CDC42BPB
15141,PLXNB3
15142,OXCT2
15143,RPL10A
15144,COLGALT2
15145,EPS8L3
15146,EGFL6
15147,MT-ND2
15148,APCDD1L
15149,RCSD1
15150,RASSF9
15151,FAM169A
15152,ZNF830
15153,GRIN3A
15154,MT-ND5
15155,CNOT7
15156,TMEM184B
15157,MTOR
15158,SCAMP5
15159,ZNF521
15160,ALPK2
15161,BRINP2
15162,LRIG2
15163,MT-CO1
15164,PNP
15165,PAX9
15166,GK
15167,FOXJ3
15168,ZNF358
15169,SFT2D1
15170,CD247
15171,GRM3
15172,CHAMP1
15173,INPP5F
15174,ARHGAP11A
15175,SUCNR1
15176,HMGN2
15177,SELENOM
15178,UBE2J1
15179,GJC2
15180,OPA1
15181,DENND4B
15182,RYR3
15183,ZNF277
15184,MT-ND3
15185,KTI12
15186,SELENOT
15187,ARHGEF15
15188,TOX
15189,CES1
15190,CD3E
15191,RUSC2
15192,FICD
15193,OSTC
15194,R3HDM4
15195,TSEN15
15196,LTN1
15197,RUNDC1
15198,CCDC152
15199,GRK5
15200,TYW1
15201,DCAF12
15202,SFMBT2
15203,ASB12
15204,ITPRIPL1
15205,MT-ND4
15206,SMC5
15207,MT-ND1
15208,DCAF12L1
15209,PRMT6
15210,SHISA4
15211,CIPC
15212,CAPZA2
15213,MT-ATP6
15214,TOP1
15215,PRC1
15216,MAP3K3
15217,L1CAM
15218,SREBF2
15219,C1orf174
15220,POU3F3
15221,RASGEF1A
15222,SPOUT1
15223,RPL39
15224,DZIP3
15225,KIAA0753
15226,DCLRE1A
15227,ATG9A
15228,NOS1AP
15229,APRT
15230,GPRASP1
15231,TBKBP1
15232,MAGEE1
15233,CCDC167
15234,MT-CO3
15235,ZFP2
15236,SOWAHA
15237,L3MBTL3
15238,DMD
15239,MFAP3L
15240,NAGA
15241,SMG5
15242,TGM2
15243,ARMCX6
15244,PJA2
15245,RORB
15246,SGMS1
15247,TDRKH-AS1
15248,ZNF525
15249,LINC01562
15250,INF2
15251,IQANK1
15252,LINC02408
15253,LINC00501
15254,LINC01285
15255,OR2L2
15256,COX20
15257,CHML
15258,STUM
15259,LINC02487
15260,CAPN8
15261,TATDN3
15262,CR1
15263,LINC00862
15264,RAET1G
15265,C1orf53
15266,SAMD5
15267,ECT2L
15268,GPR52
15269,FCGR3A
15270,TMEM244
15271,CENPW
15272,SPRN
15273,FAM229B
15274,FANK1
15275,PRR9
15276,LELP1
15277,SPRR2E
15278,EEF1AKMT2
15279,DDO
15280,LINC00222
15281,PLPP4
15282,HSD3B1
15283,HSD3B2
15284,RBM20
15285,C6orf163
15286,RIPPLY2
15287,GDI1
15288,SOX18
15289,LIME1
15290,OOEP
15291,DPPA5
15292,SPANXN1
15293,LINC00632
15294,SAMD13
15295,RTL8A
15296,CCDC160
15297,C1orf141
15298,EFCAB7
15299,GLYATL3
15300,LDLRAD1
15301,ARRDC1-AS1
15302,ZYG11A
15303,LINC01270
15304,LCN8
15305,IFIT1B
15306,CT83
15307,LIPN
15308,LIPJ
15309,SLC12A5-AS1
15310,LRRC73
15311,FOXO6
15312,TCEAL5
15313,SYS1
15314,INPP5B
15315,RPA4
15316,MAFB
15317,TRAF3IP1
15318,CHIC1
15319,GIGYF2
15320,C2orf72
15321,RUFY2
15322,NHSL2
15323,PHACTR4
15324,CLPSL1
15325,ASAH2B
15326,AGAP6
15327,TIMM23B
15328,ZDHHC18
15329,TMEM273
15330,CXorf65
15331,AGAP9
15332,NPY4R
15333,GPRIN2
15334,SYT15
15335,MACO1
15336,PTPN20
15337,ZDBF2
15338,AWAT1
15339,BMPR2
15340,TCEA3
15341,RING1
15342,OXLD1
15343,COL5A2
15344,SPIN3
15345,NBDY
15346,LINC01993
15347,TMEM235
15348,PAGE3
15349,LINC01973
15350,HLA-DRA
15351,COL15A1
15352,PJVK
15353,MRPL38
15354,SMIM5
15355,ERICH2
15356,SP5
15357,BTBD17
15358,NXPE2
15359,SPANXN5
15360,SDHD
15361,XAGE1A
15362,PKP4-AS1
15363,LAYN
15364,XAGE1B
15365,CARD16
15366,MBD5
15367,CSHL1
15368,LINC01854
15369,AIF1
15370,ZNF814
15371,AADACL4
15372,ZNF551
15373,ZNF805
15374,HLA-C
15375,PSORS1C2
15376,MUC21
15377,KRTAP5-11
15378,KRTAP5-10
15379,ACOXL-AS1
15380,LRCOL1
15381,LINC01123
15382,HLA-E
15383,DPRX
15384,LINC01257
15385,ZNF468
15386,ZNF616
15387,DISP3
15388,RACK1
15389,TBC1D8
15390,NMS
15391,ASPDH
15392,CBY3
15393,AKT1S1
15394,GABBR1
15395,MAMDC2-AS1
15396,SPDYC
15397,MALRD1
15398,RANBP17
15399,FOXD4L5
15400,LINC01291
15401,MRPL53
15402,ST8SIA6-AS1
15403,ATXN2
15404,DCTN1
15405,PNMA8B
15406,TCTN1
15407,FAM216A
15408,ZBTB48
15409,IGFL2
15410,IGFL4
15411,KRT40
15412,KRT25
15413,MZT1
15414,SPINK9
15415,ZNF155
15416,UQCC3
15417,FBXO48
15418,FAM221B
15419,ATP6V0E2-AS1
15420,CD177
15421,ZNF783
15422,ZNF425
15423,FAM83A-AS1
15424,LRRC10B
15425,FBXO47
15426,PCDHGA1
15427,PCDHA5
15428,PCDHA1
15429,TRIM13
15430,ERICH4
15431,PRSS1
15432,SPIRE2
15433,AARD
15434,LINC02138
15435,PABPN1L
15436,PKHD1L1
15437,SLFN12L
15438,SLC35B4
15439,LGALS7
15440,SYCE1L
15441,TMEM231
15442,CCNI2
15443,TMEM240
15444,CDKL4
15445,TRIQK
15446,SDHAF1
15447,ARID3C
15448,PSENEN
15449,C11orf91
15450,LINC00654
15451,ZBTB10
15452,C4orf46
15453,SCGB2B2
15454,LGR4
15455,PSMB10
15456,VIT
15457,TTLL10-AS1
15458,SPDYE2
15459,E2F4
15460,PDE7A
15461,TMEM170B
15462,MUC12
15463,LINC01602
15464,SNX2
15465,SAP25
15466,NT5M
15467,SARNP
15468,LINC01460
15469,ADGRG1
15470,IPO7
15471,PRR13
15472,TECPR1
15473,MT1H
15474,SLCO6A1
15475,MT1A
15476,MT1M
15477,CFI
15478,SAMD9
15479,KRT6A
15480,CNEP1R1
15481,KRT81
15482,EXOC3L4
15483,KRTAP12-3
15484,TP53TG3D
15485,CCDC85C
15486,C2CD4B
15487,RGL3
15488,TMSB4X
15489,TMEM256
15490,CHKB-DT
15491,CPT1B
15492,HMGN1
15493,MUC19
15494,DENND6B
15495,EIF3CL
15496,LINC01446
15497,LCMT1
15498,LINC00898
15499,MFSD2B
15500,VCX3B
15501,CDPF1
15502,LIN52
15503,ARSH
15504,ACOT6
15505,DPF3
15506,MANSC4
15507,ADARB2-AS1
15508,ETFRF1
15509,C17orf107
15510,ITSN1
15511,ITPRIPL2
15512,DENND1C
15513,CRLF2
15514,CRYZL1
15515,ARRDC5
15516,LINC01531
15517,DPP9-AS1
15518,LOH12CR2
15519,CYS1
15520,PLPP6
15521,KLRC2
15522,KLRC3
15523,C16orf96
15524,GMNC
15525,LINC00487
15526,TTC23L
15527,CLEC6A
15528,RFPL3S
15529,C22orf42
15530,C1QTNF9B
15531,KRTAP5-1
15532,ZNF316
15533,SRRM2-AS1
15534,DAZ4
15535,ONECUT3
15536,CEMP1
15537,OLIG2
15538,RNPS1
15539,DAZ2
15540,NYNRIN
15541,DNAJC19
15542,IFITM5
15543,DOK6
15544,JPT2
15545,SERPINB11
15546,SERPINB4
15547,SERPINB5
15548,ZDHHC11B
15549,CFAP99
15550,GOLGA8O
15551,TMEM191C
15552,HBA1
15553,HBM
15554,ATP10A
15555,ANKUB1
15556,FOXL2NB
15557,COL6A6
15558,RAB12
15559,TMEM200C
15560,HACD2
15561,CFAP44
15562,CD200R1L
15563,LNP1
15564,VGLL3
15565,ZCWPW2
15566,ANKRD28
15567,COLQ
15568,METTL6
15569,THUMPD3-AS1
15570,XKR4
15571,GPX3
15572,DIO2
15573,SELENOH
15574,DIO1
15575,STK38L
15576,SACM1L
15577,TSN
15578,SLC48A1
15579,IGKC
15580,IGKJ5
15581,IGKJ4
15582,IGKJ1
15583,IGKV4-1
15584,IGKV5-2
15585,IGKV6-21
15586,IGKV2D-26
15587,IGKV3D-20
15588,IGKV6D-41
15589,IGKV3D-11
15590,IGKV1D-42
15591,IGLV4-69
15592,IGLV8-61
15593,IGLV4-60
15594,IGLV6-57
15595,IGLV11-55
15596,IGLV10-54
15597,IGLV1-51
15598,IGLV1-50
15599,IGLV5-48
15600,IGLV1-47
15601,IGLV7-46
15602,IGLV5-45
15603,IGLV5-37
15604,IGLV1-36
15605,IGLV2-33
15606,IGLV3-32
15607,IGLV3-27
15608,IGLV3-25
15609,IGLV2-23
15610,IGLV3-22
15611,IGLV3-21
15612,IGLV3-19
15613,IGLV2-18
15614,IGLV3-16
15615,IGLV2-14
15616,IGLV3-12
15617,IGLV2-11
15618,IGLV3-10
15619,IGLV3-9
15620,IGLV4-3
15621,IGLC2
15622,IGLC3
15623,IGLC7
15624,TRGV11
15625,TRGV10
15626,TRGV9
15627,TRGV8
15628,TRGV5
15629,TRGV4
15630,TRGV3
15631,TRGV1
15632,TRBV6-5
15633,TRAV2
15634,TRAV3
15635,TRAV4
15636,TRAV5
15637,TRAV6
15638,TRAV8-1
15639,TRAV9-1
15640,TRAV10
15641,TRAV12-1
15642,TRAV8-2
15643,TRAV8-3
15644,TRAV13-1
15645,TRAV12-2
15646,TRAV8-4
15647,TRAV13-2
15648,TRAV14DV4
15649,TRAV9-2
15650,TRAV12-3
15651,TRAV8-6
15652,TRAV16
15653,TRAV17
15654,TRAV18
15655,TRAV19
15656,TRAV20
15657,TRAV21
15658,TRAV22
15659,TRAV23DV6
15660,TRDV1
15661,TRAV24
15662,TRAV25
15663,TRAV26-1
15664,TRAV27
15665,TRAV29DV5
15666,TRAV26-2
15667,TRAV34
15668,TRAV35
15669,TRAV36DV7
15670,TRAV38-1
15671,TRAV38-2DV8
15672,TRAV39
15673,TRAV40
15674,TRAV41
15675,TRDV2
15676,TRAJ52
15677,TRAJ47
15678,TRAJ45
15679,TRAJ44
15680,TRAJ42
15681,TRAJ41
15682,TRAJ40
15683,TRAJ39
15684,TRAJ38
15685,TRAJ34
15686,TRAJ33
15687,TRAJ23
15688,TRAJ22
15689,TRAJ18
15690,TRAJ17
15691,TRAJ16
15692,TRAJ13
15693,TRAJ9
15694,TRAJ6
15695,TRAJ5
15696,TRAJ4
15697,IGHG3
15698,IGHJ2
15699,IGHV6-1
15700,IGHV1-2
15701,IGHV1-3
15702,IGHV3-7
15703,IGHV3-11
15704,IGHV3-13
15705,IGHV3-15
15706,IGHV1-18
15707,IGHV3-21
15708,IGHV3-23
15709,IGHV1-24
15710,IGHV4-28
15711,IGHV3-35
15712,IGHV4-39
15713,IGHV1-46
15714,IGHV3-48
15715,IGHV1-58
15716,IGHV4-61
15717,IGHV3-66
15718,IGHV3-73
15719,IGHV7-81
15720,PRR22
15721,LINC01089
15722,CTAGE1
15723,RTL8B
15724,EWSAT1
15725,OR2A42
15726,RNF208
15727,MT-ND4L
15728,MAP10
15729,POU5F1B
15730,ZNF580
15731,ZNF611
15732,SYT3
15733,NUP62
15734,CGB8
15735,DENND1B
15736,C1orf220
15737,SFT2D2
15738,SCAF8
15739,CFAP45
15740,ACKR1
15741,ZNF254
15742,CRYGS
15743,CRIP1
15744,KLHL23
15745,LINGO4
15746,FAM24B
15747,TRIM59
15748,MLLT11
15749,ASIC3
15750,GIMAP1
15751,CCDC183
15752,DNLZ
15753,TCL1B
15754,SUPT4H1
15755,TSGA13
15756,NRAS
15757,LTC4S
15758,ANKRD39
15759,QTRT1
15760,CHUK
15761,MXD3
15762,GSTM2
15763,LINC00671
15764,COG8
15765,ARHGAP19
15766,HAUS7
15767,LCAT
15768,PTPRCAP
15769,PVRIG
15770,GPC2
15771,KRT222
15772,SIPA1
15773,ERV3-1
15774,SYNJ2BP
15775,ARL2
15776,FIRRE
15777,GBP7
15778,RBMXL1
15779,SRA1
15780,STIMATE
15781,DNAJC9
15782,C8orf82
15783,CPLX3
15784,VDAC1
15785,ZBTB9
15786,TMX2
15787,HEXA
15788,NDUFS3
15789,LEPROT
15790,LBH
15791,ADAT3
15792,PPP1CB
15793,SULT1A4
15794,LAT
15795,NCKIPSD
15796,TREX1
15797,S1PR3
15798,SLC35F6
15799,FAM209B
15800,RPS29
15801,ZNF337-AS1
15802,UGT2B11
15803,ZNF134
15804,DDX47
15805,ZNF888
15806,ZNF845
15807,KLRK1
15808,CEACAM18
15809,EMP2
15810,PPM1N
15811,CEACAM16
15812,SLC23A3
15813,LTB4R
15814,LIPE-AS1
15815,LTB4R2
15816,DNASE1
15817,MDP1
15818,CSNK1E
15819,CCL27
15820,GALT
15821,HBG1
15822,CLDN9
15823,ITGA1
15824,NUDT19
15825,ZNF726
15826,ZNF99
15827,TAX1BP3
15828,AP1G2
15829,ZNF90
15830,NAXD
15831,TM6SF2
15832,MEF2B
15833,GANC
15834,TTLL3
15835,REPIN1
15836,ZNF891
15837,LINC02418
15838,SMIM7
15839,FBXO16
15840,TSPAN4
15841,CPNE1
15842,ARL16
15843,WEE2
15844,MAGEB1
15845,LYRM4
15846,MYCBP
15847,TMEM213
15848,PRCD
15849,LINC02026
15850,ALG3
15851,GCC2-AS1
15852,SH3D21
15853,SMIM30
15854,C19orf38
15855,C17orf67
15856,FIS1
15857,ANG
15858,SCART1
15859,APTR
15860,SPDYE3
15861,MBLAC1
15862,FOXI3
15863,VAC14-AS1
15864,NEURL1B
15865,HAUS3
15866,VSTM5
15867,LINC00488
15868,LCNL1
15869,BBIP1
15870,GNAT3
15871,VPS33B-DT
15872,AS3MT
15873,FAM187A
15874,PLIN5
15875,SEC14L6
15876,SPINK13
15877,NOTO
15878,PPME1
15879,STARD10
15880,MEG3
15881,NUTM2D
15882,CPEB1
15883,EML6
15884,ZNF727
15885,ZSWIM8
15886,C10orf105
15887,LINC01913
15888,ARHGEF33
15889,IFRD2
15890,CAPN14
15891,ZBED1
15892,HNRNPUL2
15893,CSKMT
15894,MS4A18
15895,MS4A4E
15896,FER1L6
15897,MTCP1
15898,RAD51AP2
15899,DCDC2C
15900,SMTNL1
15901,PNMA6E
15902,LINC01588
15903,NPIPA8
15904,ZSWIM7
15905,GPR33
15906,ARHGEF28
15907,LRRC69
15908,GSG1L2
15909,RTL10
15910,COL28A1
15911,PHB2
15912,GRID2IP
15913,CXorf49B
15914,UBXN2B
15915,CXorf49
15916,PRSS41
15917,NLRP2B
15918,MUC5AC
15919,MSMP
15920,GOLGA6B
15921,PEX26
15922,BASP1-AS1
15923,LINC02449
15924,FASTKD5
15925,GOLGA8B
15926,KCNU1
15927,RNF212B
15928,DDX3X
15929,VPS16
15930,FAM66E
15931,MYL5
15932,MIR99AHG
15933,ZNF407
15934,MCM3AP-AS1
15935,NPEPL1
15936,KRTAP10-4
15937,AATBC
15938,RPL17-C18orf32
15939,SIAH3
15940,LINC00598
15941,EFCAB8
15942,C20orf202
15943,HMX1
15944,CELA2B
15945,TMEM242
15946,TMEM167B
15947,FAM72D
15948,TNFRSF25
15949,LINC01139
15950,ZC3H11B
15951,TSTD1
15952,RPTN
15953,LINC01356
15954,CYB5RL
15955,C1orf167
15956,TTC34
15957,ATAD3C
15958,IFI30
15959,IGSF23
15960,LY86-AS1
15961,CCDC7
15962,FNIP1
15963,SP9
15964,SYCE3
15965,CKLF
15966,PAM16
15967,TENM3
15968,LINC01644
15969,CEBPZOS
15970,PAPOLB
15971,ZNF579
15972,CELA3B
15973,RNASEK
15974,CATSPERZ
15975,UMAD1
15976,PPP1R3G
15977,FAM228B
15978,LINGO3
15979,ZGLP1
15980,VAMP2
15981,EBF2
15982,PPP3R1
15983,FANCG
15984,AP4M1
15985,KRTAP1-5
15986,PLXNA4
15987,CEBPD
15988,ZNF816-ZNF321P
15989,OR3A2
15990,ARIH2OS
15991,HMSD
15992,NPTXR
15993,FAM200A
15994,PPP2R2A
15995,C19orf73
15996,ZNF880
15997,TRIM16
15998,HEPN1
15999,TIGD1
16000,FXYD7
16001,XKR9
16002,LINC01465
16003,SLC12A8
16004,APOL6
16005,FADS3
16006,OR2A1
16007,CCNL2
16008,UBA52
16009,MYBPHL
16010,PPT2
16011,ZNF630
16012,LINC01118
16013,BTBD19
16014,FAM185A
16015,RAB6C
16016,LINC01124
16017,IGLC6
16018,POTEJ
16019,CYTOR
16020,DCDC2B
16021,C10orf55
16022,IGLV9-49
16023,LINC01778
16024,LINC02068
16025,CLDN10-AS1
16026,TRBV29OR9-2
16027,MEG9
16028,TH2LCRR
16029,USP17L2
16030,LINC01825
16031,NUTM2A-AS1
16032,EXOSC6
16033,ZNF844
16034,CKMT1A
16035,TINCR
16036,RFPL4A
16037,C1GALT1C1L
16038,SAMSN1-AS1
16039,LINC00571
16040,RAET1E-AS1
16041,LINC02247
16042,LGALS8-AS1
16043,LINC00707
16044,CERS1
16045,LINC00114
16046,LINC01342
16047,FAM95B1
16048,ABCC5-AS1
16049,OSER1-DT
16050,LINC02471
16051,ROR1-AS1
16052,C1QTNF5
16053,LINC01767
16054,SMCR2
16055,LINC01449
16056,MIR181A2HG
16057,IGKV3D-15
16058,CPTP
16059,EGFR-AS1
16060,LINC00691
16061,ELMO1-AS1
16062,CENPVL3
16063,INHBA-AS1
16064,POU6F2-AS1
16065,LINC01857
16066,MIR548XHG
16067,DNAJC27-AS1
16068,LINC00570
16069,MIR3681HG
16070,HAGLR
16071,LINC01133
16072,LINC01142
16073,PINCR
16074,LINC01527
16075,IGHV4-59
16076,PRR29
16077,ADM5
16078,PRKAR2A-AS1
16079,LINC00539
16080,LINC01708
16081,ATXN1L
16082,LINC00365
16083,SMIM13
16084,TMLHE-AS1
16085,LINC01087
16086,LINC01886
16087,LINC01117
16088,ZMIZ1-AS1
16089,IGHV3-74
16090,LINC00885
16091,SH3BP5-AS1
16092,RASAL2-AS1
16093,PCOLCE-AS1
16094,TEX26-AS1
16095,LINC00853
16096,TMEM72-AS1
16097,COL4A2-AS2
16098,LINC00240
16099,LINC00393
16100,NDUFAF8
16101,POT1-AS1
16102,LINC00184
16103,PRRT4
16104,LINC01266
16105,PGM5-AS1
16106,TMEM233
16107,LINC01526
16108,GRTP1-AS1
16109,PNMA6F
16110,LINC00237
16111,LINC00972
16112,LINC00092
16113,MIR137HG
16114,LINC02470
16115,INTS6L-AS1
16116,TAF1A-AS1
16117,LINC00705
16118,LINC01770
16119,LINC00113
16120,PPP1R26-AS1
16121,CT62
16122,NRSN2-AS1
16123,SFTA1P
16124,LINC01671
16125,LINC01504
16126,JPX
16127,NUTM2B-AS1
16128,LINC01703
16129,IGKV6D-21
16130,MKRN2OS
16131,LINC01393
16132,LINC02476
16133,LINC01980
16134,C2CD4D
16135,DOCK4-AS1
16136,NCBP2-AS1
16137,ZNF469
16138,FAM225B
16139,SLC26A6
16140,PTPRD-AS1
16141,FGD5-AS1
16142,DBH-AS1
16143,P3H2-AS1
16144,LINC01831
16145,PROSER2-AS1
16146,MIAT
16147,TRAM2-AS1
16148,UBXN7-AS1
16149,LINC00626
16150,FAM229A
16151,ERCC6
16152,RUSC1-AS1
16153,FRG2B
16154,NOL7
16155,TAB2-AS1
16156,LINC02249
16157,PCA3
16158,NTF4
16159,SATB2-AS1
16160,ELFN1
16161,PIGBOS1
16162,LAMP5-AS1
16163,KCNIP2-AS1
16164,PRICKLE2-AS3
16165,LINC01772
16166,FGF13-AS1
16167,ZNF503-AS1
16168,LINC01776
16169,LINC00951
16170,LINC00937
16171,DDC-AS1
16172,FTCDNL1
16173,LINC01907
16174,BAIAP2-DT
16175,AP4B1-AS1
16176,TEX22
16177,LINC02519
16178,LEMD1-AS1
16179,GAS1RR
16180,ZNF32-AS1
16181,ARHGAP26-AS1
16182,CFLAR-AS1
16183,LINC01811
16184,CROCC2
16185,NUP50-DT
16186,LINC02089
16187,ST7-AS2
16188,LINC01345
16189,LINC01876
16190,SLC16A1-AS1
16191,LINC02542
16192,LINC01748
16193,TMEM185B
16194,LINC00323
16195,LINC01918
16196,FAM138B
16197,SHANK2-AS1
16198,LINC00974
16199,PLCG1-AS1
16200,KIF4B
16201,LINC01108
16202,TEX41
16203,LINC01535
16204,ENTPD1-AS1
16205,LENG8-AS1
16206,FAM66C
16207,LINC01709
16208,LINC02554
16209,HSBP1L1
16210,SMCR5
16211,SRRM5
16212,PGAM4
16213,CACTIN-AS1
16214,LINC00840
16215,LINC00348
16216,ERVMER34-1
16217,BSN-DT
16218,LINC01276
16219,LINC01203
16220,LINC02527
16221,LINC00511
16222,ITGB2-AS1
16223,C14orf132
16224,WDR46
16225,LINC00629
16226,FOCAD-AS1
16227,LINC01630
16228,HORMAD2-AS1
16229,ZNF717
16230,IL21-AS1
16231,MGAT3-AS1
16232,TRGC2
16233,ST7-AS1
16234,SPATA13-AS1
16235,SPANXB1
16236,MIS18A-AS1
16237,SMIM2-AS1
16238,LINC01985
16239,LINC01364
16240,LINC00434
16241,PARG
16242,RBM26-AS1
16243,DLG1-AS1
16244,HPN-AS1
16245,ZMYM4-AS1
16246,LINC00310
16247,LINC01537
16248,AKR1B15
16249,SCAMP4
16250,LTB
16251,MIR4290HG
16252,LINC01132
16253,SOX21-AS1
16254,LINC00355
16255,LINC01068
16256,DNMBP-AS1
16257,LINC01940
16258,SUCLA2-AS1
16259,TEX46
16260,MRLN
16261,SNAP25-AS1
16262,TARID
16263,RBM15-AS1
16264,IL6R-AS1
16265,RAPGEF4-AS1
16266,POLR2J2
16267,LINC01736
16268,LYPLAL1-DT
16269,MELTF-AS1
16270,FALEC
16271,LINC00578
16272,MT-ATP8
16273,LINC01317
16274,ORM2
16275,PCAT6
16276,LINC01209
16277,LINC01890
16278,MIR646HG
16279,LINC01635
16280,ZNF32-AS2
16281,OST4
16282,LINC01013
16283,MIR34AHG
16284,CCDC183-AS1
16285,NUTM2E
16286,FNDC10
16287,MACC1-AS1
16288,ZNF883
16289,HDAC2-AS2
16290,HOTAIR
16291,TRGV5P
16292,PROB1
16293,TTC3-AS1
16294,DHFR
16295,SRGAP3-AS2
16296,LINC02577
16297,WEE2-AS1
16298,LINC00954
16299,LAMA5-AS1
16300,MIR4500HG
16301,CT45A5
16302,UBAC2-AS1
16303,HNF4A-AS1
16304,LINC01788
16305,ANKRD20A8P
16306,LINC02587
16307,MED4-AS1
16308,RPL41
16309,VIM-AS1
16310,CCDC26
16311,EPHA1-AS1
16312,PGA4
16313,LINC00200
16314,TTTY10
16315,ORM1
16316,LRRC3-DT
16317,SZT2-AS1
16318,LINC00452
16319,LINC00858
16320,LINC02069
16321,LINC00560
16322,SPINK8
16323,PATL2
16324,LINC02572
16325,LINC00379
16326,SACS-AS1
16327,LINC01204
16328,ACVR2B-AS1
16329,LINC01501
16330,MBNL1-AS1
16331,LINC01264
16332,PRAC2
16333,LINC02526
16334,ITGB1-DT
16335,ZNF492
16336,UBE2Q1-AS1
16337,XIST
16338,ZNF688
16339,PET100
16340,EMX2OS
16341,ARSD-AS1
16342,PGA3
16343,STEAP3-AS1
16344,OGFR-AS1
16345,CASC20
16346,LINC01315
16347,KIF25-AS1
16348,MIR5689HG
16349,MAGEA4-AS1
16350,ANKRD66
16351,PRRT3-AS1
16352,ACBD6
16353,FGF12-AS2
16354,HOXB-AS1
16355,LINC01433
16356,LINC01840
16357,ATXN8OS
16358,NFE4
16359,ELOVL2-AS1
16360,FEZF1-AS1
16361,LINC01284
16362,DSCR9
16363,FAM41C
16364,LINC01048
16365,LINC00595
16366,LINC00276
16367,LINC01381
16368,ANKRD18B
16369,PSMG3-AS1
16370,LINC01756
16371,ERLNC1
16372,CCDC192
16373,FTX
16374,TEX48
16375,HM13-AS1
16376,SETSIP
16377,ENO1-AS1
16378,MEIS1-AS2
16379,ZNF341-AS1
16380,YY2
16381,FOXD3-AS1
16382,SRGAP2-AS1
16383,LINC01614
16384,ZNF674-AS1
16385,STMND1
16386,LINC00486
16387,LINC00309
16388,LINC02541
16389,LINC02090
16390,HSBP1
16391,HCG18
16392,MIR4422HG
16393,LINC01436
16394,LINC01508
16395,HAR1B
16396,LINC00852
16397,LINC01844
16398,FARP1-AS1
16399,TRGVB
16400,CFAP58-DT
16401,ITPR1-DT
16402,CFAP97D1
16403,SBK3
16404,MANCR
16405,LINC01816
16406,OOEP-AS1
16407,LINC01516
16408,FILNC1
16409,LINC01445
16410,LINC01750
16411,WASIR2
16412,LINC01305
16413,RB1-DT
16414,LINC01353
16415,FAM27C
16416,FAM225A
16417,LINC00278
16418,CLEC12A-AS1
16419,LINC02015
16420,DLEU2
16421,AGBL5-AS1
16422,FSIP2-AS1
16423,DLG3-AS1
16424,LINC01704
16425,LINC01307
16426,DIRC3
16427,LINC01891
16428,LINC01090
16429,TSPAN19
16430,LINC01273
16431,ABCA9-AS1
16432,LINC01354
16433,LINC01611
16434,PIK3CD-AS2
16435,PCAT7
16436,LINC01198
16437,AKAIN1
16438,LINC01819
16439,IPO9-AS1
16440,F10-AS1
16441,TRAF3IP2-AS1
16442,IDH1-AS1
16443,TAPBP
16444,PPP1R2B
16445,EP300-AS1
16446,LRRC8C-DT
16447,LINC01799
16448,TMEM253
16449,LINC01031
16450,DCST1-AS1
16451,TMA7
16452,MCTS1
16453,NCOA7-AS1
16454,LINC00867
16455,RAP2C-AS1
16456,LINC01873
16457,LINC02181
16458,LINC00865
16459,LINC02043
16460,ASCL5
16461,TMEM114
16462,OR52I1
16463,GNG12-AS1
16464,LINC02518
16465,SMIM26
16466,ELN-AS1
16467,AJM1
16468,MHENCR
16469,OSBPL10-AS1
16470,LIF-AS1
16471,LINC01549
16472,KIAA1614-AS1
16473,KANTR
16474,LINC02576
16475,LINC01431
16476,IDI2-AS1
16477,LINC00665
16478,LINC02257
16479,ATP11A-AS1
16480,KIZ-AS1
16481,LINC01162
16482,SLCO4A1-AS1
16483,LINC01717
16484,COL4A2-AS1
16485,PET117
16486,LYRM9
16487,DPYD-AS1
16488,LINC01166
16489,DLGAP4-AS1
16490,SNHG15
16491,CYP1B1-AS1
16492,LINC00327
16493,VPS13A-AS1
16494,LINC01725
16495,NALCN-AS1
16496,SNHG7
16497,PHGR1
16498,ERVH48-1
16499,LINC01271
16500,RAB6D
16501,CCDC144NL-AS1
16502,HOXB-AS3
16503,LINC01794
16504,LINC01762
16505,RNF224
16506,LINC00642
16507,NPIPB7
16508,LINC00472
16509,TRGV2
16510,OSTN-AS1
16511,FAM53B-AS1
16512,TLR8-AS1
16513,LINC00028
16514,CHRM3-AS2
16515,LINC01783
16516,HOTAIRM1
16517,STXBP5-AS1
16518,TMEM238
16519,LINC01518
16520,LINC01638
16521,ZNF529-AS1
16522,LINC00460
16523,B4GALT1-AS1
16524,LINC00513
16525,LINC00462
16526,GPR158-AS1
16527,PIRT
16528,LINC02579
16529,MYCNOS
16530,LINC00656
16531,EZR-AS1
16532,PDYN-AS1
16533,LINC01503
16534,LINC01694
16535,RPS28
16536,CTXN2
16537,UQCRHL
16538,PAGE2
16539,LINC02433
16540,LINC02535
16541,PABPC5-AS1
16542,LINC01781
16543,LINC01191
16544,LIX1L-AS1
16545,TMEM229A
16546,ZFX-AS1
16547,DEPDC1-AS1
16548,LINC01641
16549,ZNF879
16550,LINC01505
16551,LINC01914
16552,LINC01426
16553,CCDC188
16554,ZNF736
16555,SLC16A12-AS1
16556,PINLYP
16557,CLDN34
16558,LINC01506
16559,C5orf58
16560,FAM133B
16561,LINC01800
16562,SYNE1-AS1
16563,MCIDAS
16564,MAPKAPK5-AS1
16565,JRK
16566,CHL1-AS1
16567,IFT74-AS1
16568,SDCBP2-AS1
16569,NPIPB2
16570,LINC01287
16571,FAM170B-AS1
16572,FOXP4-AS1
16573,BNC2-AS1
16574,IQCM
16575,LINC01239
16576,HNRNPUL2-BSCL2
16577,LINC00163
16578,MIR155HG
16579,APOC2
16580,LINC01827
16581,GTF3C2-AS1
16582,LINC01524
16583,LINC02539
16584,SHISA8
16585,LINC01849
16586,SEMA3F-AS1
16587,DPP10-AS1
16588,MNX1-AS2
16589,C19orf81
16590,LINC01777
16591,ID2-AS1
16592,LINC00330
16593,ANKRD65
16594,BRD3OS
16595,ZSCAN31
16596,LINC02532
16597,LINC02248
16598,C12orf75
16599,SMIM1
16600,HGH1
16601,LINC00601
16602,NUCB1-AS1
16603,PPP1R3E
16604,LINC00383
16605,IGKV1OR2-1
16606,DANT2
16607,KDM4E
16608,LINC02331
16609,LINC01634
16610,LINC01281
16611,LINC00957
16612,LINC01665
16613,RPEL1
16614,LINC02154
16615,SPAAR
16616,EPN2-AS1
16617,CYMP-AS1
16618,LURAP1L-AS1
16619,SMIM27
16620,NEURL1-AS1
16621,LINC01664
16622,UBE2R2-AS1
16623,JARID2-AS1
16624,HIPK1-AS1
16625,MSC-AS1
16626,LINC00402
16627,NFAM1
16628,LINC01871
16629,GNAS-AS1
16630,LINC01102
16631,BARX1-DT
16632,LINC00494
16633,RNF148
16634,LINC00484
16635,LINC01647
16636,MIR670HG
16637,DICER1-AS1
16638,ANKRD34C
16639,MFRP
16640,KIAA0040
16641,LINC00607
16642,DPYD-AS2
16643,HCFC1-AS1
16644,OLMALINC
16645,BHLHE40-AS1
16646,GSN-AS1
16647,ARHGEF7-AS2
16648,TSPEAR-AS1
16649,TM4SF19-AS1
16650,LINC01564
16651,CPB2-AS1
16652,RBMS3-AS3
16653,MACROD2-AS1
16654,ASH1L-AS1
16655,NEXN-AS1
16656,LINC01779
16657,EGOT
16658,PNMA6A
16659,GPC5-AS1
16660,MORC2-AS1
16661,LINC01447
16662,ELFN1-AS1
16663,LINC02243
16664,ZBTB22
16665,TMEM147-AS1
16666,GRM7-AS1
16667,LINC01376
16668,MYO16-AS1
16669,DIAPH2-AS1
16670,CLEC2L
16671,ZBED5
16672,MRGPRG-AS1
16673,SLC12A9-AS1
16674,TLX1NB
16675,SLFN14
16676,PPIAL4G
16677,LINC00479
16678,VLDLR-AS1
16679,LINC01134
16680,UBE2L5
16681,LINC02195
16682,LINC00896
16683,SIX3-AS1
16684,LINC01231
16685,GPC6-AS1
16686,LINC01695
16687,RNF217-AS1
16688,ZNF853
16689,PITPNA-AS1
16690,DLX2-DT
16691,PRKG1-AS1
16692,ARHGEF38
16693,LINC01010
16694,OVAAL
16695,LINC01282
16696,DNAJC9-AS1
16697,CTAGE9
16698,INTS6-AS1
16699,LINC01829
16700,LINC00299
16701,ELOA-AS1
16702,LINC01563
16703,NIFK-AS1
16704,LINC01554
16705,LINC01852
16706,EDRF1-AS1
16707,GLIS3-AS1
16708,LINC01812
16709,ZEB1-AS1
16710,EHMT2-AS1
16711,HAND2-AS1
16712,C4orf51
16713,ZNF503-AS2
16714,B3GNT9
16715,LINC01797
16716,NR2F1-AS1
16717,CDKN2AIPNL
16718,ZNF295-AS1
16719,TMEM26-AS1
16720,LINC00987
16721,CATIP-AS2
16722,CKMT1B
16723,TTN-AS1
16724,RNF223
16725,FTCD-AS1
16726,PITRM1-AS1
16727,PRSS56
16728,FOXD2-AS1
16729,ZNF737
16730,LINC01637
16731,LINC01684
16732,C10orf143
16733,PKN2-AS1
16734,UNC5B-AS1
16735,SHISA9
16736,LINC00857
16737,KCND3-AS1
16738,LINC01888
16739,LINC02245
16740,C2orf74
16741,LINC00316
16742,IRGM
16743,P4HA2-AS1
16744,DCTN1-AS1
16745,LINC01143
16746,FAM200B
16747,LINC01370
16748,NALT1
16749,NFIA-AS2
16750,KCNQ1DN
16751,LINC00649
16752,CELF2-AS2
16753,LINC01679
16754,ZEB2-AS1
16755,SPATA3-AS1
16756,LINC01352
16757,LINC02037
16758,LINC01625
16759,LINC01410
16760,LINC01589
16761,LINC00426
16762,MAP3K20-AS1
16763,CD81-AS1
16764,PAXBP1-AS1
16765,TMEM250
16766,LINC00391
16767,OR2W3
16768,PAGE2B
16769,LINC01448
16770,NCK1-DT
16771,TXNDC5
16772,CASTOR1
16773,RNF103
16774,RBM14
16775,ATP6V1B1-AS1
16776,LLPH-DT
16777,ALKBH6
16778,ASB14
16779,KLHL41
16780,LINC01210
16781,IGKV2D-30
16782,STPG4
16783,RUVBL1-AS1
16784,MEIKIN
16785,PSMD6-AS2
16786,NME1
16787,PDZRN3-AS1
16788,TNFSF12
16789,CDRT4
16790,APOBEC3G
16791,TLR9
16792,WBP1
16793,MRPS17
16794,IGKV1D-8
16795,DEFA3
16796,IGKV1-6
16797,GET4
16798,IGKV1-37
16799,C1orf226
16800,ADSL
16801,LINC01471
16802,IGKV3-20
16803,LILRA4
16804,IGKV1D-33
16805,TEX35
16806,LNCSRLR
16807,AMY2B
16808,MAGI1-AS1
16809,PCDHGC3
16810,SMKR1
16811,COX19
16812,GHRLOS
16813,ACAD11
16814,PPIL3
16815,IGKV1-17
16816,SAMMSON
16817,LINC00636
16818,LINC00973
16819,CDKN2B-AS1
16820,TNFRSF13B
16821,TM4SF1-AS1
16822,THOC7-AS1
16823,L1TD1
16824,LINC02067
16825,AQP1
16826,C1QTNF9
16827,IGKV1-8
16828,ISY1
16829,PNMA2
16830,LINC01168
16831,LRRD1
16832,PCDHGC5
16833,C21orf91-OT1
16834,ARHGEF25
16835,RDH14
16836,IGKV1-16
16837,NDUFB2-AS1
16838,PLCXD2
16839,LINC02042
16840,LSAMP-AS1
16841,HOXA11-AS
16842,NSUN6
16843,UGT1A9
16844,LINC02032
16845,LINC00881
16846,ARHGAP31-AS1
16847,ADAMTS9-AS1
16848,LINC00877
16849,LINC02024
16850,C3orf85
16851,KRTAP5-8
16852,IGKV1D-16
16853,CRCP
16854,IGKV2-24
16855,WWTR1-AS1
16856,RPL36A
16857,IGKV3-11
16858,SYNPR-AS1
16859,PDXP
16860,CD302
16861,EGFL8
16862,ATP5MF
16863,LINC00635
16864,ARHGAP8
16865,LINC02029
16866,ARPC4
16867,ZBTB20-AS1
16868,CORT
16869,IGKV2D-24
16870,PAQR9-AS1
16871,UGT1A1
16872,INMT
16873,ADAMTS9-AS2
16874,ARPC1A
16875,TMEFF1
16876,IGKV1-9
16877,SPRR2A
16878,CECR3
16879,ATP5PO
16880,PLEKHO2
16881,C8orf58
16882,PISD
16883,DENND6A-DT
16884,HOGA1
16885,PWP2
16886,PI4KA
16887,HYPK
16888,IGKV1-33
16889,SLC5A4-AS1
16890,AMACR
16891,MTFP1
16892,MDFIC2
16893,ARHGDIG
16894,HOXB-AS4
16895,TCP10L
16896,ARFGAP3
16897,BGLAP
16898,LINC00996
16899,C22orf39
16900,PEG10
16901,ZBTB20-AS5
16902,UGT1A8
16903,IGKV1-39
16904,EIF6
16905,PCDHGC4
16906,GTF2A1L
16907,MRPL20
16908,ARPIN
16909,LINC01206
16910,UGT1A10
16911,LINC00960
16912,KLHL6-AS1
16913,IGKV2D-28
16914,SERPINB10
16915,HLA-DMB
16916,IGKV1D-43
16917,GNG10
16918,LINC00971
16919,CNTF
16920,CCDC169
16921,RTL5
16922,IGKV1D-17
16923,ZBTB20-AS4
16924,LINC02050
16925,AP5Z1
16926,ZNF709
16927,STRC
16928,ERVW-1
16929,EIF4EBP3
16930,IGKV3-7
16931,LINC00870
16932,PSG4
16933,MRPL33
16934,MICAL3
16935,PPAN-P2RY11
16936,PCDHAC2
16937,IGKV2-30
16938,STON1
16939,IGKV2D-29
16940,PRAF2
16941,VSIG8
16942,IGKV1-12
16943,STMP1
16944,KCTD7
16945,EFNA4
16946,PSMD6-AS1
16947,TICAM2
16948,IGKV1-5
16949,NAA80
16950,WFDC6
16951,LINC01214
16952,LINC00880
16953,IL10RB
16954,ZNF487
16955,NME2
16956,DUBR
16957,PLA2G4B
16958,LEFTY1
16959,CFAP57
16960,TTC4
16961,TMEM35B
16962,JMJD7
16963,LINC02044
16964,APOBEC3D
16965,RN7SL832P
16966,OR2A7
16967,TUBA4B
16968,LINC00886
16969,MRPS6
16970,ZNF512
16971,GSTA1
16972,RTL9
16973,ACY1
16974,NFS1
16975,MT1HL1
16976,DDOST
16977,IL12A-AS1
16978,LINC01011
16979,GSTA2
16980,SPRR2F
16981,DNAJC25-GNG10
16982,IGKV2-28
16983,UGT1A7
16984,LINC01322
16985,FLNB-AS1
16986,P2RY11
16987,TMEM141
16988,TMEM225B
16989,IFITM10
16990,DBNDD2
16991,LINC00698
16992,FAM3D-AS1
16993,ETV5
16994,KRTAP5-7
16995,CFHR1
16996,IGKV3-15
16997,RBM12
16998,UGT1A4
16999,ERVFRD-1
17000,SCARF2
17001,HDAC11-AS1
17002,APOBEC3C
17003,LINC01260
17004,IGKV1-27
17005,WNT5A-AS1
17006,RAD21L1
17007,CCDC13
17008,ASPRV1
17009,MIATNB
17010,UBE2V1
17011,PTCHD4
17012,C4A
17013,HBB
17014,CRYBB2
17015,N4BP2L2
17016,ALKBH3-AS1
17017,LIFR-AS1
17018,LINC02453
17019,LINC00847
17020,IGFBP7-AS1
17021,MIR3150BHG
17022,A2M-AS1
17023,ARAP1-AS2
17024,LINC00861
17025,USP2-AS1
17026,SAP30L-AS1
17027,NEAT1
17028,RORA-AS1
17029,SCAMP1-AS1
17030,FAM111A-DT
17031,BDNF-AS
17032,DACT3-AS1
17033,DDX11-AS1
17034,ZNF585B
17035,DRAIC
17036,LINC02202
17037,MIR4300HG
17038,CEBPA
17039,MEF2C-AS2
17040,LINC02273
17041,ALDH1L1-AS2
17042,LINC02325
17043,KCTD21-AS1
17044,P4HA3-AS1
17045,LINC01550
17046,CASC8
17047,SBF2-AS1
17048,EXTL3-AS1
17049,LINC02458
17050,LACTB2-AS1
17051,LINC00968
17052,LINC02288
17053,RASSF8-AS1
17054,PLA2G4E-AS1
17055,RGMB-AS1
17056,STARD4-AS1
17057,UBAP1L
17058,PGAM5
17059,SNHG10
17060,CSTF3-DT
17061,LINC01252
17062,ZBED5-AS1
17063,ZCCHC3
17064,DNAJC3-DT
17065,GPRC5D-AS1
17066,MIR4458HG
17067,CKMT2-AS1
17068,TWF2
17069,CPEB2-DT
17070,MARS2
17071,LRP4-AS1
17072,STX18-AS1
17073,USP51
17074,SEC24B-AS1
17075,LINC00926
17076,NRAV
17077,DPH6-DT
17078,BCKDHA
17079,INSL3
17080,MARCOL
17081,LINC01194
17082,LINC02101
17083,ADH1C
17084,LINC02150
17085,TRIM39-RPP21
17086,LINC02268
17087,LINC02355
17088,TRPC7-AS1
17089,LINC02014
17090,OCIAD1-AS1
17091,LINC02360
17092,LINC00616
17093,MEF2C-AS1
17094,APELA
17095,CDK11B
17096,LINC00504
17097,PRR5-ARHGAP8
17098,SEMA6A-AS1
17099,FGF10-AS1
17100,LINC01962
17101,LINC02122
17102,POU5F2
17103,PCP4L1
17104,ABHD14A
17105,ZFAT-AS1
17106,RBM14-RBM4
17107,LY75-CD302
17108,LINC01331
17109,LINC02102
17110,HAS2-AS1
17111,LINC02415
17112,C4orf54
17113,NPHP3-AS1
17114,ACTN3
17115,SMIM31
17116,C8orf34-AS1
17117,LINC01095
17118,LINC02432
17119,LINC01574
17120,LINC02511
17121,HHIP-AS1
17122,FMN1
17123,ATP5MF-PTCD1
17124,CLMAT3
17125,ZNF436-AS1
17126,HAUS5
17127,LINC02517
17128,SEMA6A-AS2
17129,LINC01093
17130,TMEM132D-AS1
17131,ATP5MGL
17132,CASC16
17133,LINC02265
17134,TMEM150C
17135,LINC00939
17136,LINC02057
17137,LINC01411
17138,APOBEC3B-AS1
17139,LINC02405
17140,LINC01016
17141,UGDH-AS1
17142,CASC11
17143,LINC02071
17144,CASC9
17145,LINC02212
17146,NAIP
17147,ZNF286B
17148,LINC01091
17149,ZNF324B
17150,LINC01586
17151,LINC01258
17152,LINC01234
17153,LINC02503
17154,HOXC13-AS
17155,LINC02218
17156,LINC01259
17157,LINC02261
17158,ZNF564
17159,FER1L5
17160,LINC02242
17161,ECSCR
17162,LINC00964
17163,VCAN-AS1
17164,LINC02021
17165,HS3ST5
17166,PVT1
17167,RNF103-CHMP3
17168,PDCD6
17169,GOLGA8K
17170,LINC02223
17171,TERB1
17172,TRGV7
17173,TMEM158
17174,BFSP2-AS1
17175,IGKV1D-37
17176,YJEFN3
17177,SH3TC2-DT
17178,LINC02377
17179,CACNA1G-AS1
17180,LINC02232
17181,LINC02108
17182,ARPC4-TTLL3
17183,PTTG2
17184,LINC01612
17185,RDH10-AS1
17186,GIMD1
17187,ZNF718
17188,SMIM20
17189,LINC01340
17190,LINC00989
17191,PURPL
17192,GYPB
17193,TUNAR
17194,KIAA1210
17195,LINC02148
17196,LINC02499
17197,LINC02105
17198,HOXC-AS1
17199,FAM218A
17200,LINC02145
17201,CDK3
17202,GPR162
17203,LINC02125
17204,LINC02059
17205,LINC01303
17206,ATP6V1E2
17207,GLI4
17208,LINC01511
17209,LINC02492
17210,CXXC5-AS1
17211,REELD1
17212,LINC00491
17213,LINC02269
17214,SELENOP
17215,LINC01262
17216,LINC02381
17217,SNHG18
17218,PRODH2
17219,ZBED3-AS1
17220,EXOC1L
17221,EPHA5-AS1
17222,SMAD1-AS1
17223,GMDS-DT
17224,SNHG21
17225,THAP9-AS1
17226,LINC01950
17227,IGKV2D-40
17228,LMNB1-DT
17229,HTT-AS
17230,LINC02506
17231,MRPS30-DT
17232,F11-AS1
17233,LINC01843
17234,TMEM92-AS1
17235,LINC00589
17236,ZNF674
17237,TMED7-TICAM2
17238,LINC00923
17239,LINC01337
17240,MIR3945HG
17241,ZNF345
17242,RFPL4B
17243,WDFY3-AS1
17244,ALG1L2
17245,MSANTD3-TMEFF1
17246,LINC02475
17247,WWC2-AS2
17248,ZNF550
17249,LINC00958
17250,FOXD1
17251,PITPNM2-AS1
17252,CENPS-CORT
17253,LINC01099
17254,LINC00605
17255,LINC02201
17256,IGKV1D-39
17257,MALAT1
17258,LINC02106
17259,LINC01267
17260,LINC02241
17261,LINC02172
17262,IGKV2D-36
17263,LINC00967
17264,IGLV3-17
17265,PCDHGA12
17266,LINC01605
17267,HOXA10-AS
17268,IGLVI-70
17269,C8orf88
17270,SHLD3
17271,CCDC71L
17272,LINC02209
17273,HOXA10
17274,LINC01606
17275,STAU2-AS1
17276,TMEM200B
17277,PCDHGB6
17278,SERPINE3
17279,IGHVIII-76-1
17280,C1orf210
17281,LINC01932
17282,RAD21-AS1
17283,TRNP1
17284,EVX1-AS
17285,LINC02159
17286,LINC02237
17287,IGKV2-4
17288,PCAT1
17289,IGLV3-6
17290,IGLV2-28
17291,SMIM18
17292,PCDHGA5
17293,IGKV2-36
17294,LINC02099
17295,IGKV1-13
17296,NACA2
17297,MIR3142HG
17298,PCDHGA7
17299,OSGEPL1-AS1
17300,NKX2-1-AS1
17301,LINC01300
17302,SLC10A5
17303,EIF5AL1
17304,LINC01592
17305,LINC01484
17306,ALG11
17307,MINCR
17308,ATXN7L3B
17309,PRKDC
17310,PCDHGA6
17311,LZTS1-AS1
17312,LINC01289
17313,PCDHGA8
17314,UTP14C
17315,ETV3L
17316,PCDHGA10
17317,FER1L6-AS2
17318,PCDHGA11
17319,LINC01419
17320,PCDHGB2
17321,PCDHGB4
17322,CLDN23
17323,MAL2-AS1
17324,IGKV2-29
17325,ZNF260
17326,LINC00051
17327,IGHEP2
17328,IGLC4
17329,IGLC5
17330,LYN
17331,IGKV2-26
17332,LINC02055
17333,RBPMS-AS1
17334,PCDHGB7
17335,CD8B2
17336,IGKV2-18
17337,LINC01485
17338,IGKV2D-18
17339,PCDHGB1
17340,LINC01933
17341,PCDHGA3
17342,PKIA-AS1
17343,MIR2052HG
17344,HOXA-AS3
17345,RHPN1-AS1
17346,LRRC24
17347,CHKB-CPT1B
17348,SIGLEC14
17349,PBOV1
17350,AP5B1
17351,SIGLEC12
17352,PABPC4L
17353,NAV2-AS3
17354,OMP
17355,BBOX1-AS1
17356,CSNK2A3
17357,NAV2-AS4
17358,ARMS2
17359,RTL1
17360,FPGT
17361,LINC02235
17362,SENCR
17363,IGLL5
17364,MEX3A
17365,OR10G4
17366,EEF1G
17367,CKLF-CMTM1
17368,SYS1-DBNDD2
17369,NPIPA2
17370,MPV17L2
17371,ATP6V1G2-DDX39B
17372,BORCS8
17373,SCARNA9
17374,PKNOX2-AS1
17375,INMT-MINDY4
17376,DPP3
17377,STX16-NPEPL1
17378,ANKHD1-EIF4EBP3
17379,KRTAP5-9
17380,BRK1
17381,LINC02324
17382,FAM66D
17383,SAA2-SAA4
17384,GRM5-AS1
17385,CHMP1B
17386,OVOL1-AS1
17387,EID3
17388,HTD2
17389,CCDC166
17390,FXYD6-FXYD2
17391,SMIM35
17392,OR8G5
17393,EID1
17394,NOX5
17395,TAS2R43
17396,HCAR3
17397,TBX5-AS1
17398,EBLN2
17399,CARD18
17400,NPIPB8
17401,NEDD8-MDP1
17402,POLR2M
17403,ZNF252P-AS1
17404,FDXACB1
17405,TRAV1-1
17406,MIR9-3HG
17407,RAB44
17408,FAM222A-AS1
17409,TRIL
17410,LINC02389
17411,OR4D2
17412,IFNG-AS1
17413,AGAP2-AS1
17414,LINC02422
17415,LINC01479
17416,TIFAB
17417,TAS2R20
17418,RXYLT1-AS1
17419,KDM4F
17420,PXN-AS1
17421,DENND5B-AS1
17422,LINC02421
17423,CYP2A6
17424,LINC02411
17425,LINC02446
17426,PAPPA-AS1
17427,CTSO
17428,TRAPPC2B
17429,DNAAF4
17430,ZNF432
17431,SOX5-AS1
17432,LINC01152
17433,SMLR1
17434,LINC02420
17435,TAS2R30
17436,LINC00507
17437,ZNF10
17438,ZNF486
17439,LINC02387
17440,SMIM3
17441,LINC02454
17442,HMBS
17443,ZNF225
17444,LINC02552
17445,TAS2R31
17446,DND1
17447,MRGPRF-AS1
17448,POLG2
17449,SMIM10L1
17450,TRAV1-2
17451,TRDV3
17452,ZBTB11-AS1
17453,CLEC12B
17454,ZNF350
17455,TMEM132D-AS2
17456,PGA5
17457,PLBD1-AS1
17458,ZNF253
17459,KLRF2
17460,C17orf100
17461,CAPNS2
17462,SLC5A8
17463,LIMS3
17464,KHDC1L
17465,GPR142
17466,HP
17467,C11orf97
17468,MIR200CHG
17469,LSM14A
17470,NHLRC4
17471,LINC02450
17472,TAS2R38
17473,TMPO-AS1
17474,GATC
17475,LINC02388
17476,ZBED6
17477,FNTB
17478,ZNF878
17479,PPFIA2-AS1
17480,KRT73-AS1
17481,SFTA3
17482,RPL36A-HNRNPH2
17483,HLX-AS1
17484,ZNF625
17485,GALNT4
17486,LINC02356
17487,PSMA3-AS1
17488,G2E3-AS1
17489,KRT7-AS
17490,LBX2-AS1
17491,INAFM1
17492,CNPY2
17493,MGAM2
17494,LINC02426
17495,LINC02294
17496,CASC18
17497,LINC02404
17498,DDN-AS1
17499,CUX1
17500,TEN1
17501,P2RX5-TAX1BP3
17502,LINC02327
17503,BCDIN3D-AS1
17504,ATXN2-AS
17505,MAP1LC3B2
17506,LINC02412
17507,CLEC5A
17508,LINC00592
17509,CHURC1
17510,LINC02410
17511,ITFG2-AS1
17512,LINC02461
17513,RTEL1
17514,PPT2-EGFL8
17515,ZNF578
17516,PDF
17517,LINC01580
17518,LINC00640
17519,LINC02251
17520,SPESP1
17521,DIO3OS
17522,LINC02290
17523,LINC00239
17524,FRMD6-AS2
17525,RHOXF1-AS1
17526,LINC01500
17527,LINC02274
17528,LINC01629
17529,LINC-ROR
17530,LINC02303
17531,LINC02302
17532,BCL2L2-PABPN1
17533,SYNJ2BP-COX16
17534,SEC23A-AS1
17535,TRIM34
17536,LINC01397
17537,LINC00871
17538,SLC25A21-AS1
17539,C20orf141
17540,PRC1-AS1
17541,ITPK1-AS1
17542,LINC02328
17543,LINC00520
17544,RNASE4
17545,LINC02289
17546,MC1R
17547,LINC02321
17548,CEP95
17549,LINC01956
17550,FOXN3-AS1
17551,TUBB3
17552,LINC01467
17553,UBE2F-SCLY
17554,TMEM179
17555,LINC02285
17556,TVP23C-CDRT4
17557,FPGT-TNNI3K
17558,LINC00639
17559,POC1B-GALNT4
17560,LINC00517
17561,TRAV30
17562,PTCSC3
17563,LINC00911
17564,NDUFC2-KCTD14
17565,LRP1-AS
17566,LINC00648
17567,LINC00924
17568,LINC00929
17569,ITGB3
17570,SLC35G6
17571,LINC02345
17572,LINC02323
17573,MIR4713HG
17574,USP3-AS1
17575,LINC02349
17576,ZNF710-AS1
17577,IGHV2OR16-5
17578,ZHX1-C8orf76
17579,INAFM2
17580,ST20-MTHFS
17581,GH1
17582,TGIF2-RAB5IF
17583,CTXND1
17584,THTPA
17585,LINC01833
17586,LINC02352
17587,ADNP-AS1
17588,CPEB1-AS1
17589,LINC01169
17590,LINC02205
17591,LINC02253
17592,MRPL46
17593,LINC01583
17594,LINC00052
17595,BLID
17596,LINC01582
17597,IQCH-AS1
17598,LINC02284
17599,LINC01581
17600,CRTC3-AS1
17601,PCSK6-AS1
17602,LINC02259
17603,SLC22A31
17604,LYPD8
17605,LINC00567
17606,LINC02126
17607,EHD4-AS1
17608,PWRN1
17609,IL21R-AS1
17610,RBM15B
17611,LINC00261
17612,TGFBR3L
17613,LINC01992
17614,HOXB7
17615,NORAD
17616,LCMT1-AS2
17617,MIR762HG
17618,LINC00564
17619,AGBL1-AS1
17620,LINC01413
17621,LINC02240
17622,CCDC187
17623,FRRS1L
17624,PMF1-BGLAP
17625,LINC02166
17626,SNHG19
17627,TBC1D3G
17628,MRC1
17629,HSPB9
17630,HEXA-AS1
17631,AQP4-AS1
17632,LINC00562
17633,LINC02367
17634,SCX
17635,LINC01917
17636,LMF1-AS1
17637,ATP2A1-AS1
17638,C16orf95
17639,KCNJ18
17640,LINC01290
17641,CISTR
17642,LINC02193
17643,SNAI3-AS1
17644,ANKRD20A1
17645,LINC00543
17646,LINC01227
17647,LINC02280
17648,SERTM2
17649,LINC01963
17650,FBXL19-AS1
17651,LINC01960
17652,HCCAT5
17653,ADPGK-AS1
17654,XKR7
17655,LINC01254
17656,CCPG1
17657,CAPN10-DT
17658,LINC01572
17659,SULT1A3
17660,LINC02256
17661,LINC01228
17662,LINC00563
17663,LMO7-AS1
17664,TMEM178B
17665,LINC02473
17666,LINC02167
17667,RBFADN
17668,EPPK1
17669,SPINT1-AS1
17670,CLEC19A
17671,ZNF865
17672,BOP1
17673,ATP2C2-AS1
17674,FIGNL2
17675,LINC01616
17676,PYCARD-AS1
17677,MANEA-DT
17678,PECAM1
17679,VPS9D1-AS1
17680,MAFTRR
17681,LINC01003
17682,TUBB8
17683,LINC00566
17684,LINC01686
17685,DLGAP1-AS5
17686,TPBGL
17687,GAN
17688,LINC02177
17689,GOLGA6L7
17690,BEAN1-AS1
17691,TTC39A-AS1
17692,SCRT1
17693,HPR
17694,LINC00165
17695,GOLGA8S
17696,BOLA2-SMG1P6
17697,LINC00922
17698,TCF24
17699,GOLGA8H
17700,LOXL1-AS1
17701,LINC00662
17702,MIA
17703,PCDHGA9
17704,GFY
17705,LINC02175
17706,MYMX
17707,LINC01978
17708,PCDHGB3
17709,CORO7
17710,MMP12
17711,MIR193BHG
17712,LINC01569
17713,CCER2
17714,SMIM28
17715,PCDHGA4
17716,LINC01979
17717,SPON1
17718,OVCA2
17719,GLIS2-AS1
17720,MRPL12
17721,C19orf84
17722,CCNQ
17723,GTF2I
17724,ZNF234
17725,ZNF213-AS1
17726,MYZAP
17727,DPEP2NB
17728,TAPT1-AS1
17729,TMEM220-AS1
17730,GTSCR1
17731,TMEM238L
17732,SRSF8
17733,FAM72C
17734,LINC02563
17735,IKBKE
17736,HID1-AS1
17737,MSMB
17738,LINC02210-CRHR1
17739,DLGAP1-AS3
17740,LINC00667
17741,DLGAP1-AS4
17742,NBPF11
17743,RHEX
17744,LINC02003
17745,ANXA8L1
17746,ZNF236-DT
17747,DYNLL2
17748,MYH4
17749,OTUD7B
17750,L3MBTL4-AS1
17751,NPY4R2
17752,TTC39C-AS1
17753,DSG2-AS1
17754,PRR29-AS1
17755,C1QTNF1-AS1
17756,GJA5
17757,MIR133A1HG
17758,TSPOAP1-AS1
17759,ANXA8
17760,RBP3
17761,RBM8A
17762,IGLJCOR18
17763,TIMM23
17764,PCAT18
17765,LINC01915
17766,RNF115
17767,RARA-AS1
17768,RPL17
17769,LINC01970
17770,ZNF488
17771,SEC22B
17772,FSBP
17773,LINC00668
17774,GACAT2
17775,TXNIP
17776,GATA6-AS1
17777,SRGAP2
17778,NDUFV2-AS1
17779,BAHCC1
17780,RASSF5
17781,STRADA
17782,LINC00908
17783,LINC01909
17784,KLF14
17785,LINC01910
17786,NBPF15
17787,LINC02074
17788,SNHG25
17789,NCOA4
17790,MRPS21
17791,GDF10
17792,LINC01443
17793,MYO15B
17794,DSG1-AS1
17795,GAPLINC
17796,ZNF793-AS1
17797,FXYD1
17798,AARSD1
17799,FARSA-AS1
17800,LINC01929
17801,ZNF850
17802,LINC01905
17803,PTGES3L
17804,UXT-AS1
17805,LINC02080
17806,ASB16-AS1
17807,ILF3-DT
17808,PCAT19
17809,RNF157-AS1
17810,LINC01775
17811,LCN6
17812,C17orf113
17813,PARD6G-AS1
17814,LINC01140
17815,TBX2-AS1
17816,CEBPA-DT
17817,RNFT1-DT
17818,SNHG22
17819,LINC00906
17820,KCNJ2-AS1
17821,UPK3BL1
17822,LINC01901
17823,LINC02073
17824,ZNF571-AS1
17825,CIRBP-AS1
17826,FAM215A
17827,ZNF285
17828,ALOX12-AS1
17829,S1PR2
17830,LINC00907
17831,LINC01926
17832,LINC01028
17833,LINC01482
17834,FDX2
17835,ZNF224
17836,LDLRAD4-AS1
17837,EDDM13
17838,LINC01539
17839,LINC02078
17840,MIR4527HG
17841,LINC01801
17842,LINC01999
17843,LINC01987
17844,SMIM22
17845,LIN37
17846,NDUFA7
17847,MZF1-AS1
17848,ZNF460-AS1
17849,CCDC177
17850,MAGEA9B
17851,CARD8-AS1
17852,PTOV1-AS1
17853,LINC01785
17854,NBPF12
17855,GABRQ
17856,ZNF649-AS1
17857,SLC6A14
17858,SMIM17
17859,ARL14EPL
17860,AIRN
17861,LINC02560
17862,SCGB1C2
17863,LRRC2-AS1
17864,FAM156A
17865,FENDRR
17866,SIGLEC5
17867,LINC02135
17868,MAGEA2
17869,IGFL2-AS1
17870,CTAG1A
17871,LINC00664
17872,LINC02132
17873,PLCE1-AS1
17874,A1BG-AS1
17875,CSAG2
17876,CSAG3
17877,CT45A1
17878,LINC01711
17879,ERVV-2
17880,MAN1B1-DT
17881,CALR3
17882,ZNF728
17883,CT45A3
17884,TRABD2B
17885,LINC01082
17886,FBXO17
17887,LINC00528
17888,ZNF350-AS1
17889,ZSCAN16-AS1
17890,IKBKG
17891,ZNF587B
17892,LINC01233
17893,RAB11B-AS1
17894,SPIB
17895,LINC01224
17896,DMRTC1
17897,ERVV-1
17898,TMEM185A
17899,CT45A10
17900,ZIM2
17901,NBPF9
17902,CCDC194
17903,SLC25A53
17904,KCNQ1OT1
17905,RNF225
17906,EGLN2
17907,ARHGAP19-SLIT1
17908,COMMD3-BMI1
17909,MEI4
17910,ZNF559-ZNF177
17911,TERC
17912,LINC01480
17913,HMGN3-AS1
17914,IGHV3OR16-9
17915,LINC01235
17916,IGHV3-30
17917,URGCP-MRPS24
17918,NBPF14
17919,TSIX
17920,TAF15
17921,HSPE1-MOB4
17922,GAS2L2
17923,RPS10-NUDT3
17924,C17orf50
17925,LINC00221
17926,RASL10B
17927,LPP-AS2
17928,IGHV3OR16-8
17929,SRXN1
17930,LINC02104
17931,NBPF19
17932,NBPF10
17933,LINC02550
17934,LIX1L
17935,MILR1
17936,ATP2B1-AS1
17937,SYNCRIP
17938,SMIM32
17939,PLS3-AS1
17940,LINC02343
17941,LINC01215
17942,LINC01954
17943,ANKRD34A
17944,GTF2H5
17945,LINC01607
17946,FGF14-AS2
17947,NUDT3
17948,KMT2B
17949,POM121C
17950,CD24
17951,FAM47E-STBD1
17952,CFAP206
17953,MUSTN1
17954,ZSWIM8-AS1
17955,ZNF595
17956,AFAP1-AS1
17957,DOC2B
17958,GAS6-DT
17959,MESTIT1
17960,LINC02266
17961,JMJD1C-AS1
17962,DCP1A
17963,TBC1D8-AS1
17964,RBAK-RBAKDN
17965,ARL2-SNX15
17966,LINC02035
17967,C2orf15
17968,CDC37L1-DT
17969,GRIN2B
17970,LINC01990
17971,NBPF26
17972,SNURF
17973,ZBTB8B
17974,RBAKDN
17975,TBC1D3K
17976,FOXD4L6
17977,AGBL1
17978,EPOP
17979,ZNHIT3
17980,CEACAM20
17981,USP27X
17982,TAF9
17983,NOL12
17984,IGKV2-40
17985,INO80B-WBP1
17986,CASTOR2
17987,NATD1
17988,SOCS7
17989,GGTLC3
17990,ADRA2B
17991,ZNF658
17992,TMEM269
17993,TPTE
17994,TBC1D3D
17995,C8orf89
17996,TBC1D3L
17997,RCC1L
17998,IGHV2-70
17999,DGKK
18000,RIMBP3B
18001,CCL23
18002,TBC1D3B
18003,NPHP3-ACAD11
18004,TBC1D3I
18005,ZNF280B
18006,MLLT6
18007,PPP4R3B
18008,NUDT18
18009,ZNF2
18010,CCL16
18011,HNF1B
18012,LINC01730
18013,STPG3-AS1
18014,AATF
18015,CCL15
18016,RIMBP3
18017,ARHGAP23
18018,PICSAR
18019,PRSS2
18020,TBC1D3F
18021,UHRF1
18022,PIK3R6
18023,PIP4K2B
18024,CCL14
18025,PCDHGB5
18026,IGKV1D-13
18027,RAB7B
18028,DACH1
18029,IGHV4-4
18030,LINC02227
18031,GSTT4
18032,RMRP
18033,TYW1B
18034,F8A3
18035,GTSE1-DT
18036,PCGF2
18037,IGHV1OR21-1
18038,SRCIN1
18039,GPR179
18040,MARCKS
18041,CEBPB-AS1
18042,ZNF670
18043,PKD1L3
18044,GPIHBP1
18045,PNMA8C
18046,OR13C5
18047,NEFL
18048,PGM5P3-AS1
18049,TRAC
18050,PSMB3
18051,LINC02391
18052,FAM230A
18053,SRD5A2
18054,RDM1
18055,TEX28
18056,ZNF8
18057,TSC22D1-AS1
18058,GLIDR
18059,SSTR3
18060,IGLV2-8
18061,LINC02139
18062,PRICKLE4
18063,MYO19
18064,TBC1D3C
18065,ZNF229
18066,VWA8-AS1
18067,IGHV3-41
18068,C17orf78
18069,DHRS11
18070,TMEM191B
18071,NR2E3
18072,TBC1D3E
18073,ZNF426-DT
18074,C11orf98
18075,MRM1
18076,TRAJ37
18077,NKILA
18078,MCM8-AS1
18079,BACE1-AS
18080,LINC00624
18081,IGKV1D-12
18082,BANCR
18083,CEP83-DT
18084,EPB41L4A-DT
18085,SND1-IT1
18086,LINC01670
18087,TSTD3
18088,OR2AG1
18089,FAM230C
18090,LINC02033
18091,LINC01126
18092,TBC1D22A-AS1
18093,UCKL1-AS1
18094,IGHV1-69D
18095,SALRNA2
18096,LINC01348
18097,SCAANT1
18098,THRIL
18099,LINC02204
18100,CCDC163
18101,SH3PXD2A-AS1
18102,LINC01943
18103,LINC00251
18104,ENTPD3-AS1
18105,JAKMIP2-AS1
18106,PAGR1
18107,LINC00294
18108,LINC00836
18109,GSEC
18110,LINC00628
18111,CTBP1-AS
18112,RPS4Y2
18113,CCAT2
18114,LINC00921
18115,TRG-AS1
18116,TMEM272
18117,SCHLAP1
18118,GHET1
18119,SLFNL1-AS1
18120,ARRDC3-AS1
18121,RASSF1-AS1
18122,INE2
18123,ABALON
18124,SNHG4
18125,LINC01176
18126,BLACAT1
18127,DNAJB5-DT
18128,SEPSECS-AS1
18129,EBLN3P
18130,RBM5-AS1
18131,PACRG-AS1
18132,LINC00602
18133,LINC00891
18134,LINC01144
18135,IGHV7-4-1
18136,TEX13D
18137,IGHV3-69-1
18138,ADORA3
18139,IGHV3-64D
18140,BISPR
18141,PRNCR1
18142,LINC01988
18143,LINC01668
18144,LBHD2
18145,IQCJ-SCHIP1
18146,KBTBD11-OT1
18147,FAM237B
18148,TEX54
18149,TEX52
18150,LINC02357
18151,CTXND2
18152,CFAP97D2
18153,LINC01902
18154,PRRT1B
18155,C19orf85
18156,EXOC3L2
18157,LINC02009
18158,MYOCOS
18159,HSFX3
18160,VSIG10L2
18161,CPHXL
18162,TPTEP2-CSNK1E
18163,IGHV4-80
18164,GNG14
18165,SLURP2
18166,SCO2
18167,C2orf81
18168,THSD8
18169,LYNX1-SLURP2
