,0
0,CATSPERB
1,SUSD3
2,KMT2A
3,RPL7A
4,HUNK
5,LINC01612
6,NLRP1
7,ZC3H10
8,DAB1
9,COA5
10,EREG
11,ROMO1
12,CCDC142
13,BANF2
14,TPTE2
15,BCO1
16,PGM2
17,NDUFA12
18,CCDC166
19,BMPR1A
20,LINC00658
21,CAPRIN2
22,NKAP
23,ADCY3
24,IL13RA2
25,PLXNA2
26,FARSA
27,DUSP23
28,RCOR1
29,TMEM68
30,FHL1
31,JAKMIP3
32,BAP1
33,SCAF8
34,ADARB1
35,ANGEL1
36,SFXN3
37,PTGES3
38,PPIC
39,DTNBP1
40,RP1L1
41,LINC00839
42,CACNA1A
43,SETSIP
44,AHNAK
45,RECK
46,CLDN10-AS1
47,PRSS36
48,TCF3
49,HADHB
50,HCFC2
51,FAM13C
52,TM4SF1-AS1
53,MLNR
54,COL4A4
55,DCAF12L2
56,ZC3H13
57,COX6B1
58,ARHGAP21
59,THOC5
60,STX10
61,EDIL3
62,LKAAEAR1
63,GPBP1
64,BTG2
65,TP53I3
66,OR8B8
67,TMEM222
68,GNPDA2
69,LAMTOR4
70,SOX17
71,MAG
72,ZNF319
73,LHX4
74,FRRS1L
75,TMPRSS2
76,CAPN15
77,HIVEP3
78,ADGRB2
79,ZSCAN10
80,MRPL42
81,LINC01449
82,HYPK
83,MRPL17
84,BPIFB3
85,PAPPA2
86,HMGA1
87,SIK3
88,APTR
89,GAD2
90,PCP4L1
91,BMS1
92,KCNH1
93,TENM3
94,LINC01182
95,TM6SF2
96,BCAS1
97,PAGE1
98,PPFIBP1
99,HDAC2
100,AKR1C2
101,RALGDS
102,ADGRE1
103,IL20
104,IL5RA
105,FEM1C
106,ZNF792
107,PI4K2A
108,MADD
109,FGF8
110,ACAD9
111,GTSF1L
112,USB1
113,RRP7A
114,PDCD7
115,OR2C1
116,LPO
117,UBE3C
118,OR10A4
119,CHURC1
120,CTDSP2
121,WDR76
122,KRT6B
123,MAP1S
124,MSGN1
125,ZNF625
126,C2orf72
127,FBXW10
128,SCN11A
129,OPLAH
130,GBGT1
131,OLFML3
132,NSUN4
133,PPM1L
134,MEX3C
135,HTR2A
136,DAP
137,ALB
138,PHAX
139,DDN
140,CYBA
141,XCR1
142,RUNX3
143,ZNF397
144,TMEM132A
145,CHD7
146,TXNDC2
147,ENOSF1
148,CDHR2
149,HEBP2
150,NTPCR
151,CARF
152,SIDT2
153,HNRNPA2B1
154,EFCAB13
155,ZBTB18
156,COPS8
157,HCCS
158,GHITM
159,MYCL
160,GSK3B
161,PEX2
162,TRAV16
163,TXK
164,SOX4
165,RPAP2
166,CTNNBL1
167,RASGRP3
168,COX7B
169,GTF3C3
170,CTPS2
171,NAPG
172,KISS1R
173,MED15
174,CYFIP2
175,ZNF417
176,UBE2A
177,MILR1
178,GYPB
179,MYO3A
180,FNIP2
181,RAB15
182,ARHGAP30
183,GLRX3
184,PF4V1
185,C3orf70
186,CLEC16A
187,ZNF805
188,RFX6
189,AMOTL1
190,EHMT1
191,ICMT
192,LINC00707
193,ATP2C2
194,PRKAB1
195,TPMT
196,GPR132
197,PRKAR2A-AS1
198,LINC00434
199,CRBN
200,CFAP20
201,VPS29
202,RFWD3
203,CHD9
204,SMCR2
205,PDRG1
206,NET1
207,MPZL1
208,HOXD13
209,TMEM94
210,CUEDC1
211,SRMS
212,VANGL1
213,SNRPA1
214,BCL2L14
215,BMP2K
216,SCGB1D2
217,ROPN1
218,GRK4
219,RNF144B
220,FAM90A1
221,CACNA1C
222,GOSR1
223,CNTN2
224,SYT6
225,NEXN
226,NTRK1
227,CDIPT
228,ZNF710
229,KCNJ14
230,EXTL2
231,RBM20
232,LINC01392
233,MRO
234,CYB5B
235,MPDZ
236,ME2
237,CKLF
238,ID3
239,TMTC4
240,MCTS1
241,ZC3H12C
242,DPH5
243,ANKRD26
244,SLAIN1
245,TUG1
246,GPM6A
247,VSNL1
248,AVEN
249,HSD17B12
250,BAHD1
251,GCG
252,IL13
253,FRAS1
254,MAP3K4
255,CTRL
256,TNK1
257,OSBPL10-AS1
258,SSC5D
259,CXCL10
260,CPTP
261,TBX19
262,CARD16
263,CTBP1
264,MS4A8
265,FRAT1
266,TNFAIP8L2
267,KDELR1
268,CST9L
269,GRIK4
270,CNTNAP1
271,TEX264
272,CFAP57
273,KIF2A
274,TOB2
275,MPHOSPH10
276,DDX4
277,GPX2
278,CCDC137
279,NLGN1-AS1
280,METRNL
281,CLIP3
282,PTOV1-AS1
283,TRGV4
284,OCSTAMP
285,OSBPL5
286,MFSD2A
287,ZNF680
288,HORMAD2-AS1
289,ACVR2B-AS1
290,NCR3LG1
291,HNF4A
292,OTOR
293,ZSCAN29
294,SENP6
295,TIMD4
296,TBC1D17
297,LINC00163
298,SLC25A36
299,ALPL
300,NR2C1
301,IGLV4-69
302,ALLC
303,MED19
304,ZFX-AS1
305,ARAP1
306,SEMA5A
307,PSMB2
308,INSL5
309,USP26
310,SLC13A5
311,TNNT1
312,LRRC72
313,OXSR1
314,NSA2
315,SDC1
316,TNP2
317,ZNF772
318,ELAC2
319,LDOC1
320,XDH
321,MDH1
322,HS3ST2
323,TREML2
324,TMED10
325,PCDH15
326,USP10
327,ACYP1
328,NUP37
329,PYDC1
330,LINC00853
331,CES2
332,TEAD1
333,UNC5CL
334,ATP11A
335,PTPN9
336,DIAPH2-AS1
337,DSG1
338,MSH2
339,CDC37
340,DOCK8
341,TP53
342,TTC5
343,LTK
344,IL2RB
345,FBXL5
346,EVI5L
347,PIGM
348,LIN7C
349,SLC25A28
350,SIGLEC6
351,EFCAB6
352,CFAP53
353,MRPL54
354,STX2
355,SH2D1B
356,MYH6
357,PRTG
358,LINC01436
359,ABCC12
360,GFM2
361,PEX26
362,LINC01555
363,ZMAT5
364,DOK1
365,PDZD2
366,HIPK1-AS1
367,HDC
368,PYCR2
369,COL15A1
370,TMEM229B
371,VAMP7
372,DCXR
373,CPT1C
374,B4GALT1
375,SRPRB
376,ADRA1A
377,TSPAN33
378,EPHB4
379,PRB4
380,MAP3K13
381,VENTX
382,EMX2
383,LINC01138
384,SLCO4C1
385,BICC1
386,TMEM47
387,GOLT1A
388,PNN
389,CLEC18A
390,ACSS3
391,ANGPTL7
392,ARG1
393,PNMA2
394,OC90
395,PDLIM4
396,IKBKE
397,SEMA4F
398,ULK3
399,GRXCR2
400,PILRA
401,WT1-AS
402,DPH7
403,ARHGAP17
404,OLFML2B
405,MESP2
406,PSMG3-AS1
407,AGPS
408,CLCA4
409,BID
410,XPO6
411,RBM43
412,OSBP2
413,LINC01291
414,PIGG
415,POLL
416,MTCH1
417,MYH15
418,LINC01470
419,SPINT2
420,MYO1B
421,MBD3
422,SLC25A14
423,CTSW
424,RADIL
425,LINC00469
426,ZNF699
427,SNU13
428,STON1-GTF2A1L
429,KLHL2
430,RAD51B
431,SLC1A6
432,GJC2
433,PSMB6
434,CAPNS1
435,SCN4B
436,TMEM221
437,TMCO2
438,MRPS15
439,RWDD1
440,RBM27
441,AMELX
442,RPS6
443,CXCR6
444,EME2
445,CNTNAP2
446,STPG2
447,PARS2
448,ISCU
449,UPF1
450,HCN2
451,SLC6A2
452,ZSCAN2
453,CRIP2
454,E2F1
455,NCAN
456,ACP1
457,LINC01504
458,DYNLRB1
459,ITGBL1
460,CSMD2
461,DRD2
462,FLI1
463,DNA2
464,SPDYE6
465,NDUFB2
466,MRPL10
467,C5orf46
468,LINC00671
469,CPLX4
470,TMEM97
471,DDR2
472,SVOPL
473,FCRLB
474,CSRNP3
475,IRX4
476,PCDHA1
477,PHACTR2
478,LAMA1
479,PIM1
480,LINC01432
481,TRMT112
482,KLHL18
483,LINC00222
484,ITGB3
485,GGT5
486,MDH2
487,LINC00943
488,METTL18
489,MAGI1
490,NPAT
491,ZNF202
492,PRKCQ
493,MLX
494,DNAJB1
495,GNB4
496,RFK
497,C11orf52
498,BTBD2
499,MPP7
500,ZNF827
501,DDC
502,TPST1
503,TLR1
504,GPR171
505,MRGPRG-AS1
506,MOCS2
507,EGLN2
508,CNTN5
509,RAB43
510,STK36
511,SCIN
512,ALG1L2
513,AGXT
514,GAS7
515,ARHGAP20
516,IGKV2-24
517,SNX30
518,FAM222A-AS1
519,KIF4A
520,RAG1
521,PLEKHG2
522,PNPLA2
523,C1QL2
524,RCHY1
525,INSM1
526,PLEKHM2
527,SPOCK3
528,TBC1D25
529,SDR42E2
530,SLC8A1
531,PRSS58
532,ELK3
533,PPP3R2
534,ANKRD46
535,ANKRD20A1
536,ADAM21
537,DNAJC30
538,OLFM2
539,DRAXIN
540,ZDHHC13
541,GRTP1-AS1
542,RABIF
543,GALM
544,DOLPP1
545,ZNF185
546,SWT1
547,LINGO4
548,KRT84
549,SLC29A1
550,GLP1R
551,GATA2
552,CFD
553,NTRK2
554,TCP11L1
555,ZNF404
556,LINC01353
557,NRSN2-AS1
558,ARL10
559,ZIC1
560,AMOTL2
561,ZNF419
562,F2RL2
563,VDAC2
564,TPX2
565,NHS
566,EEF1G
567,CNPPD1
568,CKAP4
569,TNS1
570,RBM3
571,OSGIN1
572,NUDT6
573,SLC35A3
574,SRA1
575,NOVA2
576,KRTAP10-4
577,STK17A
578,GPR25
579,CREB3L4
580,PLAC8L1
581,KCNK9
582,TOR3A
583,SMARCA1
584,BBS10
585,WDR5B
586,ARPIN
587,LYL1
588,NEFH
589,FBXO10
590,ZNF214
591,CHRNA5
592,GLIPR1L1
593,CDC42EP4
594,MTR
595,MRPS26
596,CPSF7
597,CDC14A
598,MYSM1
599,ZNF593
600,TRIM17
601,SYNGAP1
602,LINC01117
603,LGALS2
604,CCT6B
605,UCN
606,ACTR3
607,DNAJB8
608,MROH1
609,ZNF322
610,KBTBD12
611,C19orf81
612,E2F3
613,RPTN
614,USP29
615,AUTS2
616,PSMG4
617,TAF1B
618,ZNF576
619,PLAC9
620,SERPINB11
621,STPG1
622,FAM216A
623,WAS
624,ERCC3
625,SLC26A8
626,RFC2
627,IGLV2-23
628,COX16
629,LINC01611
630,TRAV30
631,PCGF2
632,RPEL1
633,SGCZ
634,LINC00907
635,ACAT2
636,PES1
637,FBXO3
638,EEPD1
639,FAM66C
640,EIF3L
641,TAGLN3
642,FXYD4
643,CHRNA4
644,NEK3
645,CSDE1
646,PPM1M
647,QKI
648,CCNDBP1
649,NFE2L3
650,VAPA
651,TRIM2
652,LRRC45
653,ERI2
654,MUC17
655,SHCBP1
656,IGKV3-7
657,ADH1C
658,DOC2B
659,C2orf81
660,ZNF821
661,AKAP4
662,ITGA11
663,BBOF1
664,COQ10A
665,CTAGE9
666,CHN2
667,CTSC
668,SMC2
669,MPP2
670,DHPS
671,NUP88
672,RPP40
673,ALDH6A1
674,ZNF862
675,ZNF497
676,TAC3
677,FAM106A
678,NACC1
679,WFDC1
680,S100PBP
681,DENND1C
682,LINC01490
683,IRAK2
684,OR2L2
685,LZTS2
686,MGAT4A
687,ABCE1
688,PSMD6-AS2
689,SVBP
690,DACH1
691,LINC00867
692,C2orf69
693,DDX20
694,ADCY8
695,IGLV3-25
696,UBXN10
697,A1BG
698,TRIM60
699,WDR25
700,HMGN3
701,EMC1
702,HNF4G
703,LYRM9
704,SLC24A4
705,OFD1
706,RNPS1
707,PCDH11Y
708,STK25
709,VAX2
710,PTPN5
711,LRP11
712,SNCG
713,DPRX
714,ECH1
715,RTN4
716,DACT3
717,NRF1
718,HOXC13
719,LINC00896
720,PSRC1
721,ABCA9-AS1
722,KCNJ13
723,VEGFA
724,JADE1
725,CREBRF
726,FARSB
727,TATDN2
728,MPZL3
729,ZNF579
730,TMEM147-AS1
731,SPAG7
732,NFYA
733,ZNF343
734,NXPH1
735,GLIPR2
736,PHYKPL
737,ZNF778
738,PPFIA4
739,TSSC4
740,PNPLA3
741,MED28
742,E2F5
743,GPD1
744,TRPV4
745,SIPA1
746,MLLT1
747,NCOR1
748,TXNRD2
749,PRR5L
750,ZMIZ2
751,SIGLEC7
752,CFAP52
753,SLC27A6
754,PHC1
755,KANSL3
756,CSTA
757,ZNF525
758,SYF2
759,SARAF
760,TIMM10
761,JMJD6
762,PANX2
763,VAMP3
764,NLRP14
765,PTPRE
766,RIPPLY1
767,ZNF681
768,PARD6B
769,CRELD1
770,CCZ1
771,MCOLN2
772,HAS3
773,GSPT2
774,GMPR2
775,LINC01539
776,GLI4
777,SLC6A9
778,PAIP2
779,IGHV3-35
780,CHEK1
781,AURKB
782,SLK
783,SCGB1C1
784,NUDC
785,VWA8-AS1
786,NRIP2
787,HBP1
788,CXCR4
789,C12orf76
790,SOX10
791,WDR93
792,MPND
793,COL6A3
794,PEX14
795,DDX10
796,TMEM86B
797,U2AF1L4
798,ULBP3
799,MFAP5
800,ZNF729
801,MFAP1
802,NDUFB11
803,TEX36
804,TMEM98
805,VPS53
806,WRAP53
807,RPL6
808,PPP1R27
809,P2RX2
810,MN1
811,CYP1B1-AS1
812,AKAP6
813,DRD3
814,AVPI1
815,TSR2
816,TMPRSS11F
817,ISG20
818,LINC01505
819,SUPT6H
820,CCDC22
821,NOP14
822,DAP3
823,VAMP5
824,TCP11
825,ITPRIP
826,HES4
827,LARP1B
828,MYH11
829,ERVK3-1
830,MYLK2
831,DDI1
832,SRGAP2C
833,SAMHD1
834,EFHC2
835,FSCN2
836,IGKV1-8
837,STC2
838,MBLAC2
839,SLC32A1
840,SERPINB6
841,CCDC70
842,NEK2
843,BAZ2B
844,LINC01600
845,HEYL
846,TSPYL5
847,NEK4
848,EMSY
849,SPRTN
850,BDNF-AS
851,RBX1
852,PLEKHB2
853,ICAM1
854,KNCN
855,ABTB2
856,RSPO3
857,NUDT14
858,CDHR3
859,LINC01397
860,CDK5R1
861,CYTH2
862,LY75
863,ZNF670-ZNF695
864,NPY2R
865,TTC12
866,RMND5B
867,MCM3AP
868,RAB40B
869,NELL1
870,LRRC74B
871,TPH1
872,PRKAR1B
873,CDCP1
874,GALNT14
875,PHPT1
876,MIR3142HG
877,EIF3H
878,MYLK-AS2
879,LINC01126
880,UNK
881,FOXC1
882,MTMR14
883,INO80
884,DEPDC5
885,PIDD1
886,ELOVL3
887,LRPAP1
888,ERH
889,REC114
890,NUCKS1
891,TMEM184B
892,RPL7
893,ALDH1L2
894,FANK1-AS1
895,ENDOG
896,BTBD6
897,DRG1
898,HNRNPUL1
899,TMEM105
900,PCAT2
901,ZNF85
902,POLR2B
903,PPP1R9B
904,MAN2A1
905,FASTKD5
906,CYBRD1
907,RGS9
908,GLYAT
909,LBX2-AS1
910,SPCS3
911,CAMK4
912,C17orf75
913,PTPN11
914,CCDC71
915,NT5C1B-RDH14
916,TNFAIP6
917,TOP1MT
918,SUOX
919,KCNK3
920,SRSF1
921,DNAJC17
922,CAB39
923,KRTAP2-1
924,S1PR2
925,ILKAP
926,RNF19B
927,ALOX15B
928,TCL1B
929,LOXL2
930,IRF2BP1
931,MFNG
932,SUMO2
933,COG4
934,TRAV20
935,SPATA17
936,NMT2
937,ZNF567
938,SYBU
939,RCOR3
940,ZC3H12D
941,ZNF559
942,BLACAT1
943,PAX1
944,LOH12CR2
945,GSTO2
946,TMPRSS11B
947,RPAP3
948,SNX24
949,PCBP3
950,ADGRE5
951,MTMR3
952,EMILIN1
953,ZNF45
954,COMMD9
955,RHBDD1
956,KLK11
957,WWC1
958,USP2
959,RAD54B
960,FXYD2
961,TFAP2B
962,TRAV9-2
963,AUNIP
964,NOTCH3
965,RUNX1
966,ZNF12
967,URAD
968,SNED1
969,MT1F
970,NEK9
971,KDM6B
972,THAP10
973,ACOT9
974,PXYLP1
975,CARD9
976,TIGD2
977,SERPINB5
978,COX7A2L
979,IL12A
980,TP53I11
981,MAB21L2
982,CNPY4
983,PDC
984,ZNF350
985,MNAT1
986,MUSK
987,PKNOX2
988,SMARCAD1
989,TLDC2
990,MKS1
991,METTL21A
992,DDTL
993,CPD
994,PPIL4
995,ZSCAN23
996,LINC01410
997,LINC00648
998,EPHB2
999,XPO7
1000,AGTR2
1001,IGHG3
1002,C2CD3
1003,PUM2
1004,KRT4
1005,SLFN12L
1006,ZNF385B
1007,TRAV38-1
1008,MBTPS1
1009,MKRN1
1010,RBMX
1011,SMIM2
1012,LINC00602
1013,TRA2A
1014,SPATA7
1015,ALKBH3-AS1
1016,VAV1
1017,NHEJ1
1018,GSTA1
1019,SQLE
1020,ZFHX3
1021,GLRX5
1022,LRRC8D
1023,TMEM114
1024,TECTB
1025,CDC20B
1026,BCL2L10
1027,TTC8
1028,BLMH
1029,TRAF2
1030,SPEF2
1031,NF1
1032,UBALD1
1033,ADAMTS4
1034,BRMS1
1035,SFTA3
1036,HGFAC
1037,SIRT4
1038,ADAMTS9-AS2
1039,BRI3BP
1040,ARFRP1
1041,PCGEM1
1042,CS
1043,CLEC18B
1044,LINC01381
1045,PTPRCAP
1046,PSG1
1047,GADD45B
1048,WWTR1-AS1
1049,SH3D21
1050,TMEM178B
1051,MMEL1
1052,SSR1
1053,VMA21
1054,SEL1L
1055,NPB
1056,FKRP
1057,C12orf43
1058,LINC01250
1059,IPCEF1
1060,GEMIN2
1061,GHRLOS
1062,LINC00921
1063,SLCO3A1
1064,SULT2B1
1065,SLC5A4
1066,SLC52A1
1067,FCRL5
1068,EPB41
1069,POU5F2
1070,RIMBP3
1071,KLHL8
1072,C5AR2
1073,SFRP2
1074,SIRT5
1075,LCA5L
1076,ARHGEF37
1077,PRKCE
1078,PHF1
1079,ENTPD5
1080,COPZ1
1081,SLC25A16
1082,EAF2
1083,CCNC
1084,SERPINF2
1085,COL25A1
1086,MDH1B
1087,TRPM3
1088,RGS16
1089,OSTC
1090,TUBA4A
1091,ADGRD2
1092,SSTR2
1093,ZFP92
1094,HIBCH
1095,CD177
1096,CYP2E1
1097,HIVEP1
1098,ERICH6
1099,ZDHHC11B
1100,FREM3
1101,PDE12
1102,MRPS17
1103,LGI3
1104,ITCH
1105,RSL24D1
1106,LINC01179
1107,MBD3L5
1108,SMIM14
1109,HDAC3
1110,ABHD1
1111,FOXD4L6
1112,PTCD3
1113,CALR3
1114,CATSPER2
1115,FAM8A1
1116,NES
1117,FRMD5
1118,HAUS3
1119,MEIOC
1120,ACACB
1121,USH1G
1122,LINC00538
1123,PTPRH
1124,KLRC2
1125,CEP170
1126,RAB2A
1127,TPPP2
1128,PTK6
1129,DHX38
1130,AURKA
1131,PSMD9
1132,UBE2E2
1133,ARMCX1
1134,RPL10L
1135,TBC1D7
1136,GUCY1A2
1137,NSD1
1138,FSD1L
1139,CLEC2D
1140,SLF2
1141,SEMA5B
1142,TSPAN19
1143,IL17RB
1144,NDUFA5
1145,RBM12
1146,FAM20B
1147,WFDC5
1148,MAGEB16
1149,BCL6
1150,EPN3
1151,LINC00092
1152,SLC2A1
1153,CST8
1154,STK26
1155,IGHV3-11
1156,ZBTB49
1157,RND3
1158,PRRX2-AS1
1159,TCF4
1160,CFAP74
1161,OPA1
1162,MOGS
1163,SUCLG2
1164,B3GALT5
1165,CKAP2
1166,RPS10-NUDT3
1167,CBLC
1168,OR5H6
1169,TSHR
1170,SEC16B
1171,GPR4
1172,OTOF
1173,PCSK4
1174,ESX1
1175,TAS2R39
1176,TEX9
1177,CBX4
1178,ZNF84
1179,SLC2A14
1180,ZBTB1
1181,UBP1
1182,DCDC1
1183,IGLV3-19
1184,SOCS4
1185,ADH7
1186,SUSD2
1187,TNFSF12
1188,ADAMTS18
1189,PIK3R2
1190,UBE2J2
1191,SSX2IP
1192,TMEM184C
1193,GNAT1
1194,SLC15A2
1195,EML2
1196,CPB2
1197,PSMG3
1198,DDX53
1199,CD80
1200,TPSG1
1201,KIF3A
1202,YIF1B
1203,MAGEC1
1204,L3MBTL3
1205,LINC01090
1206,CCL26
1207,PAEP
1208,MKKS
1209,UNC13A
1210,KRT27
1211,CTSH
1212,LINC00870
1213,ROM1
1214,DBNDD2
1215,VCX
1216,ATP8A2
1217,PAXIP1
1218,TWF1
1219,PCDHGA11
1220,SIRT2
1221,GABRA3
1222,NODAL
1223,DCLK3
1224,WNK3
1225,MYLK4
1226,MTMR6
1227,KIAA1755
1228,CCDC93
1229,CCDC92
1230,LUC7L
1231,SAR1B
1232,AP5M1
1233,DGAT2
1234,PTK2B
1235,GLIS1
1236,CALML5
1237,PCDHGA9
1238,IGLCOR22-2
1239,OR7A5
1240,ANKRD13A
1241,SENP5
1242,TAF8
1243,C11orf24
1244,IMPDH2
1245,UQCRC1
1246,SERPINE2
1247,CYYR1-AS1
1248,FAM168B
1249,OTUD7A
1250,IGKV2-18
1251,TRIP10
1252,AIG1
1253,GPR143
1254,EXOC1
1255,CEACAM8
1256,RGN
1257,NAF1
1258,WDR4
1259,NPY5R
1260,C5orf63
1261,ZNF469
1262,GAS2L3
1263,ARHGAP19-SLIT1
1264,STAC2
1265,CES4A
1266,NADSYN1
1267,QRFPR
1268,ORC4
1269,UTS2R
1270,CHRNG
1271,CNOT11
1272,VEPH1
1273,PML
1274,BCL10
1275,KCNJ1
1276,WBP11
1277,PIWIL4
1278,SYT17
1279,TRAJ53
1280,NCK2
1281,UVSSA
1282,MAGI3
1283,ABCA3
1284,NUP85
1285,NTNG1
1286,LINC01541
1287,SLC12A8
1288,SULT1A4
1289,SERPIND1
1290,TNIP3
1291,OR2B6
1292,CHODL
1293,SLC8A3
1294,EXD1
1295,CCR4
1296,ZNF345
1297,ARPC1B
1298,ZNF208
1299,ANKRD13D
1300,RASA4
1301,UTP18
1302,SOX13
1303,SETD7
1304,SH3RF2
1305,PRR36
1306,P4HB
1307,CACNB1
1308,MYOM3
1309,TMEM225
1310,XAGE1B
1311,EVX1-AS
1312,LUADT1
1313,TPD52L1
1314,TLN1
1315,DCTN3
1316,TRGV10
1317,DLGAP5
1318,AFAP1
1319,IL12RB1
1320,RWDD4
1321,C16orf74
1322,PLAGL1
1323,ZNF841
1324,SPTBN2
1325,KPNB1
1326,MEP1B
1327,LRP1B
1328,LCE1C
1329,TOP1
1330,CYTH4
1331,ZNF879
1332,LINC01471
1333,NUDT8
1334,ILDR2
1335,KCNA3
1336,SLC35E4
1337,DOT1L
1338,CSRP1
1339,UMOD
1340,HEPH
1341,ZNF532
1342,CDH9
1343,FAM13A
1344,CTDSPL
1345,SLC5A9
1346,ADCY4
1347,MXD1
1348,CD4
1349,ABCA9
1350,TLR3
1351,ABCA7
1352,AVP
1353,IGKV1D-17
1354,SUDS3
1355,PCSK6-AS1
1356,ZKSCAN5
1357,FUS
1358,HSF5
1359,DHX15
1360,P2RY13
1361,KIF18B
1362,KRTAP13-4
1363,MGAT3-AS1
1364,KLRF2
1365,GCOM1
1366,CX3CR1
1367,UPP1
1368,RAD54L2
1369,TRIQK
1370,DPP4
1371,SLC6A7
1372,XKR9
1373,RHOT2
1374,COMP
1375,FAM170B
1376,RAB7B
1377,ADAM8
1378,TXLNA
1379,HK1
1380,DHX29
1381,MRPL12
1382,CHCHD6
1383,HHLA1
1384,DBH
1385,LMOD1
1386,ZDHHC21
1387,CLCA1
1388,DCAF4L1
1389,PRDM7
1390,FAM9A
1391,CYP27C1
1392,MICU3
1393,COL4A2-AS2
1394,CBLN4
1395,FLG2
1396,WWP2
1397,TAS2R30
1398,MTIF2
1399,RAET1G
1400,MAPKAPK5-AS1
1401,IGHV3-66
1402,PRRG3
1403,ZNF330
1404,ARHGAP40
1405,MNX1-AS2
1406,HABP2
1407,PCDHGB5
1408,USP8
1409,SYT4
1410,DLG2
1411,FATE1
1412,PFAS
1413,RPL17
1414,PCDHB5
1415,PLA2G15
1416,SSB
1417,TUBA1A
1418,KLRK1
1419,DPP9
1420,KCNH4
1421,SF3B1
1422,GNAZ
1423,SEMA3E
1424,ARRDC4
1425,ARL6IP6
1426,UFL1
1427,TRAV9-1
1428,STX6
1429,MAP3K8
1430,ARL4C
1431,HSPG2
1432,NUDT13
1433,BMI1
1434,MMP25
1435,RHOXF2
1436,RBM45
1437,EFCAB10
1438,LRRC73
1439,MAFTRR
1440,TXNIP
1441,RSPH10B2
1442,PID1
1443,ABHD11
1444,RGPD8
1445,UNC5B-AS1
1446,ANP32B
1447,TRAPPC11
1448,FOXF2
1449,RHO
1450,CPN2
1451,HBQ1
1452,CDH19
1453,SORCS1
1454,SFT2D1
1455,CCDC138
1456,ZMYND10
1457,DUSP12
1458,RSPO1
1459,CYP4F2
1460,ZNF486
1461,IFT122
1462,PI16
1463,ERCC4
1464,ZNF492
1465,ETV1
1466,SNTB1
1467,RUVBL2
1468,ASB3
1469,HES2
1470,ECT2L
1471,KRTAP19-4
1472,PRDM4
1473,MAS1
1474,B3GALT1
1475,IVL
1476,CALCB
1477,SIX4
1478,NBEA
1479,WDR86
1480,SLC35B3
1481,DAO
1482,GPT2
1483,LINC01281
1484,LINC00620
1485,LINC01093
1486,FGF13
1487,DDX3X
1488,TMEM30A
1489,ZNF263
1490,KCNB1
1491,TRIM51
1492,DHDDS
1493,PTS
1494,TPBGL
1495,LINC00239
1496,RPL3
1497,SLC44A2
1498,IFNGR2
1499,BBC3
1500,SLC22A7
1501,ESPN
1502,MPDU1
1503,PHLDA3
1504,DOHH
1505,PFKL
1506,HEXB
1507,RAMP3
1508,LIMS2
1509,DGKA
1510,SDC3
1511,ZFX
1512,STK3
1513,INHBB
1514,S1PR5
1515,GLIPR1
1516,HEBP1
1517,IL24
1518,MYO1H
1519,ITGA8
1520,LINC01625
1521,GPR142
1522,GHSR
1523,SCUBE3
1524,TMEM39B
1525,BGN
1526,LAMP5-AS1
1527,IL7R
1528,ORC6
1529,MRPL22
1530,TTC6
1531,ZIM3
1532,LIME1
1533,ZNF253
1534,CNOT6
1535,TRAV29DV5
1536,POGLUT1
1537,MPST
1538,NUP205
1539,AXDND1
1540,CPSF4L
1541,FANCC
1542,DNAJC27
1543,TCAF2
1544,PDZD7
1545,STK17B
1546,VWA5B1
1547,UQCRH
1548,NFIA-AS2
1549,BCYRN1
1550,SLC26A3
1551,PLBD1-AS1
1552,SYMPK
1553,CCDC106
1554,PRKD1
1555,EXOC4
1556,SEC23IP
1557,TCHH
1558,CD300LG
1559,RBBP5
1560,PRKCB
1561,GPC6
1562,CCDC136
1563,APOBEC3D
1564,LINC00908
1565,GUCD1
1566,PLCB1
1567,SLC2A2
1568,CASP3
1569,XKR3
1570,SHQ1
1571,ADCY6
1572,TNFRSF17
1573,TSNAXIP1
1574,PDIK1L
1575,GAN
1576,TCF4-AS1
1577,URB2
1578,ARHGAP12
1579,DBN1
1580,PARP6
1581,PRKAG1
1582,GCAT
1583,ISCA2
1584,TSPYL4
1585,CETP
1586,ARHGEF7
1587,ANKRD12
1588,AAK1
1589,CDK18
1590,MYOT
1591,WDFY2
1592,ST6GAL1
1593,HMGCR
1594,SUSD4
1595,ARPP21
1596,GHRH
1597,RAP1B
1598,GDI2
1599,LRIF1
1600,PPP1R14D
1601,BRD3
1602,MAGEB2
1603,ALG14
1604,SCNN1G
1605,RBM41
1606,INAFM2
1607,C6orf118
1608,RAD51AP2
1609,FOXD1
1610,AP1M1
1611,GHR
1612,PLPPR4
1613,PP2D1
1614,PPM1N
1615,SNRPD1
1616,CLDN4
1617,EFNA4
1618,MIR3180-1
1619,IFT52
1620,LSAMP-AS1
1621,TRMT61B
1622,C2orf49
1623,DAZAP2
1624,GDF10
1625,MS4A4A
1626,HPYR1
1627,FARS2
1628,CHRDL2
1629,OLFM4
1630,KCTD21-AS1
1631,TIMP1
1632,NEDD4L
1633,SOCS2
1634,CAT
1635,ASTN1
1636,EYS
1637,CDC42BPB
1638,IGHV3OR16-8
1639,BZW1
1640,AXIN1
1641,DAPL1
1642,PURG
1643,ARHGAP26
1644,GPR151
1645,RIIAD1
1646,ZC3HC1
1647,DDX55
1648,CSN1S1
1649,ANKEF1
1650,HSPBP1
1651,LRRC2
1652,TRAV21
1653,FADS3
1654,PARP12
1655,SLC2A7
1656,THAP11
1657,VPS13B
1658,LACRT
1659,TNIK
1660,TWF2
1661,RPL23A
1662,TSFM
1663,SMPD1
1664,XK
1665,ZNF716
1666,GALNT2
1667,PLEKHA2
1668,IL1RAPL2
1669,CAMLG
1670,ZMYM4
1671,PTOV1
1672,ZNF543
1673,HSPA12A
1674,MAPRE1
1675,LINC01082
1676,SYPL1
1677,TAF9
1678,ALAD
1679,NMNAT3
1680,NNAT
1681,TMEM175
1682,NEUROD1
1683,ALDH3A1
1684,DENND1A
1685,SFTPB
1686,DHCR7
1687,LINC00471
1688,NEUROD4
1689,PRPF18
1690,RSRC2
1691,HPSE
1692,MAGEF1
1693,C10orf126
1694,TRGV3
1695,LINC00463
1696,RGS7BP
1697,PLEK
1698,PTH2
1699,TRIT1
1700,ABI3BP
1701,PRND
1702,GPATCH4
1703,SLC5A7
1704,NUMA1
1705,SDHD
1706,RCAN1
1707,PLA2G2C
1708,GLP2R
1709,MYO15B
1710,PPDPF
1711,FXYD6
1712,CCDC183-AS1
1713,RPL8
1714,YPEL4
1715,NIPAL4
1716,LRRC27
1717,ZNF606
1718,NRSN2
1719,MAP1LC3B
1720,ZNF785
1721,HHIP
1722,ZNF385C
1723,SRPK2
1724,GGN
1725,TBX21
1726,USE1
1727,VPS39
1728,TARBP2
1729,ZKSCAN2
1730,ST6GALNAC5
1731,B3GALNT1
1732,YIPF6
1733,NVL
1734,SHISA2
1735,AFF3
1736,CABYR
1737,EIF4G1
1738,TRIM6
1739,PXMP2
1740,ZNF667-AS1
1741,ANKRD31
1742,PGAP3
1743,CTH
1744,CYP51A1-AS1
1745,ANGPTL5
1746,MEG3
1747,CIB2
1748,EBAG9
1749,LIPC
1750,INTS6-AS1
1751,PREB
1752,LINS1
1753,VWDE
1754,RRM2B
1755,ATXN2L
1756,TGM2
1757,LVRN
1758,ZNF804B
1759,NOP56
1760,PAGE2B
1761,VIL1
1762,IMPG2
1763,CHI3L1
1764,MED26
1765,ARRDC1
1766,SYTL1
1767,PUS10
1768,THAP6
1769,ZNF586
1770,DCAF15
1771,TMEM30B
1772,BABAM1
1773,EPC2
1774,KMT5A
1775,METTL3
1776,WNT4
1777,NANOGNB
1778,TANK
1779,PEX13
1780,LINC01559
1781,ALX1
1782,TUBA1B
1783,MMAB
1784,BTN3A1
1785,PLN
1786,SEC61B
1787,GEM
1788,SHISA5
1789,ADAD2
1790,MCM8-AS1
1791,GTPBP4
1792,CNIH1
1793,FAM229A
1794,TMED9
1795,IKZF2
1796,RAB29
1797,ZNF32-AS2
1798,CCNB1
1799,APC
1800,CYP4F22
1801,ZBTB40
1802,MNT
1803,C3orf52
1804,BTD
1805,TSC22D4
1806,IKBKB
1807,OAZ1
1808,TBC1D15
1809,ADRB2
1810,LMTK3
1811,FAF2
1812,GPRIN3
1813,TBRG4
1814,STRA8
1815,FAM133A
1816,GLRX2
1817,EVA1C
1818,NT5C2
1819,SEC16A
1820,SERPING1
1821,MKRN2OS
1822,CDCA5
1823,TEAD2
1824,WDR45B
1825,FAM162B
1826,KRTAP12-3
1827,F2RL1
1828,AVPR1B
1829,MARS2
1830,PHYHIPL
1831,PFKFB4
1832,MBD6
1833,CCNK
1834,MEIS1-AS2
1835,ANKRD54
1836,BRCC3
1837,HSPB9
1838,HMSD
1839,ADAM29
1840,GOLGA8K
1841,PIEZO1
1842,SUV39H2
1843,RNF19A
1844,TRMT2B
1845,SLC11A1
1846,GPBAR1
1847,MED18
1848,TNFRSF21
1849,MAN2C1
1850,CLLU1
1851,ADM5
1852,HEXIM1
1853,KC6
1854,CBL
1855,PRRT2
1856,LINC00906
1857,EYA2
1858,EIF4G2
1859,DNAH2
1860,CREB3
1861,TBC1D31
1862,NUDT5
1863,EIF3J
1864,UBE2S
1865,RPP38
1866,NTF3
1867,ZNF488
1868,PIP4K2B
1869,FBXO41
1870,CDKL5
1871,DCUN1D5
1872,WDR75
1873,CCNG2
1874,CXXC5
1875,GTF2H2C
1876,LINC01233
1877,MAML1
1878,NTF4
1879,SOSTDC1
1880,EWSR1
1881,LINC00303
1882,ABCG5
1883,LHFPL2
1884,TXNRD1
1885,RCL1
1886,ALKBH7
1887,ING4
1888,THAP8
1889,RYK
1890,UCP2
1891,HSD17B6
1892,RPS21
1893,CYS1
1894,ZNF236
1895,USP46
1896,ACTR6
1897,HTR1B
1898,PSME4
1899,IGKV2-36
1900,FOXP4
1901,COA6
1902,SDE2
1903,XAGE5
1904,ZNF134
1905,MRGPRX3
1906,PICK1
1907,PEX5L-AS2
1908,RIBC1
1909,CMTM3
1910,QRICH2
1911,AMIGO1
1912,PHGR1
1913,OAS2
1914,COX17
1915,GAS8-AS1
1916,LMAN1L
1917,ZNF697
1918,LRRN3
1919,USP3
1920,S100A16
1921,ACTL6B
1922,GCNT2
1923,UBTD2
1924,CLSTN2
1925,NCF1
1926,POLR3C
1927,GPKOW
1928,PADI3
1929,SLC17A8
1930,CASP1
1931,SH2D7
1932,POTEE
1933,LINC00613
1934,CT55
1935,FZD7
1936,GPHA2
1937,FAM9C
1938,PABPC5-AS1
1939,RAPGEF3
1940,ARHGAP24
1941,MPO
1942,REEP1
1943,SLC28A3
1944,USP34
1945,POU2AF1
1946,RPAIN
1947,MYF5
1948,TAC1
1949,ANKHD1
1950,JDP2
1951,CAPN13
1952,LINC00616
1953,GABBR2
1954,LIN54
1955,SF3A2
1956,ACSS1
1957,POLR2J2
1958,MAK
1959,C1orf52
1960,LINC01036
1961,LETMD1
1962,MBD1
1963,FBXL16
1964,CSNK2A1
1965,MRPS5
1966,IFITM2
1967,SFRP4
1968,LPP
1969,FAM193B
1970,FERMT3
1971,NKX2-2
1972,BUB1B
1973,RPL38
1974,DZIP1
1975,ZSCAN16
1976,GINS4
1977,PCDH20
1978,RFC1
1979,PPFIA2
1980,ZNF331
1981,MMP16
1982,KLHDC7B
1983,HNRNPD
1984,RPH3A
1985,NEK5
1986,ASAH1
1987,SLC25A3
1988,PLEKHA6
1989,BAD
1990,IP6K3
1991,LTN1
1992,ADGRB1
1993,TRAPPC4
1994,NBPF11
1995,LINC00339
1996,PLPP2
1997,RNF145
1998,NUP210
1999,ZNF628
2000,PRPH2
2001,AOC2
2002,FBXO27
2003,AZGP1
2004,CAPN3
2005,ADARB2
2006,LINC01299
2007,TOM1L1
2008,ENTPD3-AS1
2009,ADPGK
2010,ZNF250
2011,RNF141
2012,BUD13
2013,RASGRF1
2014,ELFN2
2015,HAMP
2016,TLR8
2017,TMEM156
2018,GABRA2
2019,HTR1F
2020,IGKV3D-15
2021,DICER1
2022,RHPN2
2023,LUZP2
2024,LINC01123
2025,GAGE12F
2026,CCT8
2027,ORC1
2028,C7orf25
2029,RICTOR
2030,YY1
2031,CREB3L1
2032,SF3A1
2033,C5AR1
2034,SGK3
2035,KDM4E
2036,SPATA8
2037,RNF8
2038,ATF5
2039,MIR3180-3
2040,ERLIN1
2041,MORC2-AS1
2042,PDK3
2043,PRSS53
2044,VAMP2
2045,ARL2BP
2046,RUBCN
2047,ZNF883
2048,PRPF39
2049,NANS
2050,FAM114A1
2051,TP53TG3
2052,PGRMC1
2053,LINC00880
2054,SRGAP3-AS2
2055,TFEC
2056,LYPD2
2057,TIGD5
2058,RORC
2059,FGF14-AS2
2060,ITGB7
2061,RGS17
2062,IGLVI-70
2063,HEY2
2064,MPHOSPH9
2065,CCNJL
2066,CD55
2067,CSNK1G1
2068,CDH22
2069,EPG5
2070,CLPSL2
2071,WASIR2
2072,FABP2
2073,SMCR8
2074,ZNF428
2075,POLR2K
2076,NEAT1
2077,LINC00474
2078,INTS12
2079,STK11IP
2080,LINC01387
2081,ZBTB26
2082,ARAP2
2083,CYP2C18
2084,PDE4D
2085,KLHL35
2086,TTC23
2087,DBT
2088,THOC7
2089,GRHL2
2090,CLEC2A
2091,C5orf34
2092,TBPL1
2093,SPCS2
2094,CYP2A13
2095,SEC24B-AS1
2096,ZNF445
2097,RBBP7
2098,RAD51C
2099,DOC2A
2100,CSRNP1
2101,SCARB1
2102,CWF19L1
2103,MRPS30
2104,RBPJL
2105,ADAMTS5
2106,SERPINA12
2107,LIG4
2108,TNN
2109,MT1B
2110,KCNJ15
2111,WDR97
2112,LANCL1
2113,SLC37A3
2114,LINC01198
2115,RNASEH2C
2116,ANK3
2117,RBP4
2118,TM2D1
2119,NAT10
2120,KIAA2013
2121,MAN2B1
2122,PPME1
2123,STRADA
2124,CENPK
2125,DNAJB2
2126,KANSL2
2127,UCN2
2128,CIART
2129,HNRNPAB
2130,CDKN2AIPNL
2131,CCDC25
2132,TLK1
2133,PRSS48
2134,ATP6V0C
2135,SGCA
2136,IMMP2L
2137,GCN1
2138,EIF3I
2139,SLC9A7
2140,CCL24
2141,ZNF571-AS1
2142,ZHX1
2143,SRSF2
2144,NKX6-1
2145,AMT
2146,ANKRD17
2147,A4GALT
2148,NRG4
2149,IRS1
2150,REL
2151,ZDHHC15
2152,FDFT1
2153,MUCL1
2154,PA2G4
2155,HEXA
2156,SRRM2
2157,ACSF2
2158,NUPR1
2159,IPO7
2160,NME7
2161,PPID
2162,GAB4
2163,IGLV1-51
2164,ST8SIA1
2165,MYCBP2
2166,OSBPL7
2167,IGFBPL1
2168,ANAPC2
2169,STRAP
2170,CDKN2B
2171,CD1E
2172,GRIP2
2173,PRKAG2
2174,SAMD5
2175,FAM124A
2176,VTI1A
2177,SPATA20
2178,CPT2
2179,KRTAP5-6
2180,MAF1
2181,NFIB
2182,CXCL13
2183,LINC01191
2184,RPS6KA3
2185,GIMAP7
2186,OGG1
2187,TAOK1
2188,BST2
2189,HOXB13
2190,ZNF69
2191,CD81-AS1
2192,PRDM1
2193,KLHDC3
2194,SPIC
2195,ENAM
2196,LINC01166
2197,EEF2
2198,OR14A2
2199,KCNC1
2200,CNOT7
2201,TP53TG1
2202,HS6ST3
2203,TNFRSF8
2204,METTL6
2205,MTUS1
2206,RAB10
2207,ATP6V0D1
2208,MRPL2
2209,AHSG
2210,TMEM120B
2211,NPPA
2212,ZNF746
2213,RNF225
2214,ZFR
2215,SEZ6
2216,UBB
2217,ITGAE
2218,AKR1D1
2219,SPDYA
2220,AR
2221,USP25
2222,CCDC117
2223,ABRACL
2224,UHMK1
2225,TPD52
2226,PAQR3
2227,ZCCHC8
2228,CTNNA2
2229,P2RY10
2230,SLX1A
2231,SIKE1
2232,TPST2
2233,EXOC6
2234,LINC00467
2235,TRAP1
2236,SCRN1
2237,ELMOD1
2238,DVL3
2239,SLC35E3
2240,FGGY
2241,TP53BP2
2242,LRRC61
2243,ST6GALNAC4
2244,NRK
2245,ABHD13
2246,GANAB
2247,CDKN2B-AS1
2248,ATP6V1H
2249,KIAA1549L
2250,LINC01583
2251,SOX9
2252,ZBED4
2253,TRPA1
2254,TMEM101
2255,MAGEB6
2256,MAP4K5
2257,COL22A1
2258,CYTH3
2259,DPH6
2260,NDUFS6
2261,PPRC1
2262,CDC20
2263,VSTM2B
2264,RYBP
2265,TAB1
2266,ODF2L
2267,SAP25
2268,CAPN14
2269,XYLT1
2270,TM9SF3
2271,CRADD
2272,NELFB
2273,POLR2D
2274,SLC34A3
2275,TMEM164
2276,CENPF
2277,OLA1
2278,MUL1
2279,RBPMS2
2280,ZNF718
2281,APOC3
2282,IGF2R
2283,NBEAL1
2284,IGF2BP3
2285,MAP3K14
2286,APOA5
2287,MPC2
2288,EBF4
2289,LTBP4
2290,KCNH8
2291,VASN
2292,ARHGAP33
2293,PTGS2
2294,FAM83A-AS1
2295,ZC3H4
2296,KATNBL1
2297,GRM6
2298,FAM149B1
2299,BOLL
2300,MED4-AS1
2301,CA5B
2302,ZNF189
2303,TRAT1
2304,CCDC91
2305,C8orf74
2306,FGFR3
2307,OSBPL1A
2308,IGKV2D-24
2309,MEGF8
2310,CYP20A1
2311,HKDC1
2312,TMEM169
2313,TTC36
2314,TRAIP
2315,KMT2B
2316,LINC00836
2317,PIGA
2318,IL32
2319,WAPL
2320,ASCL4
2321,PRAP1
2322,SLC16A9
2323,RRP15
2324,TMCO1
2325,MRPL41
2326,NHSL2
2327,PDXP
2328,ADORA2A
2329,MAGEA4
2330,MC5R
2331,ZMYND12
2332,ANGPT2
2333,FADS1
2334,HAAO
2335,NLGN2
2336,BCKDHA
2337,OSER1
2338,RIC3
2339,TMEM86A
2340,BUB1
2341,KCNH2
2342,RLN3
2343,KCNAB1-AS2
2344,LTV1
2345,SLC16A14
2346,MIOS
2347,NFU1
2348,OR2L5
2349,METTL2A
2350,PIGL
2351,ABCC3
2352,ERVFRD-1
2353,GIN1
2354,UTP20
2355,GTF2H3
2356,CD84
2357,MT-ATP8
2358,ZNF302
2359,CAPZA2
2360,PTPN13
2361,B3GLCT
2362,SLC26A2
2363,TSPAN15
2364,PP12613
2365,SLC38A9
2366,BTF3
2367,PAPOLB
2368,PLEKHG4
2369,USP20
2370,FAM107A
2371,REEP3
2372,MTERF3
2373,ANKFY1
2374,LINC01526
2375,IGKV1D-43
2376,PKHD1L1
2377,ZBTB46
2378,F3
2379,PUM1
2380,IER3IP1
2381,NOMO2
2382,KLF15
2383,PTPRR
2384,JMJD1C
2385,KLHL25
2386,KCP
2387,LRRC59
2388,MCAT
2389,LYG1
2390,NPTX1
2391,IFT74
2392,AZIN2
2393,ZNF157
2394,LMX1A
2395,LMNB2
2396,RBM8A
2397,PNPLA5
2398,RPL41
2399,GP2
2400,DLEU7
2401,ZNF626
2402,ZNF736
2403,NDST1
2404,RNASE13
2405,ARID5B
2406,DZANK1
2407,CTSK
2408,NPAS2
2409,NAA50
2410,OSTM1-AS1
2411,CPQ
2412,OARD1
2413,DNAJC9
2414,SLC25A15
2415,HPGD
2416,TPRG1
2417,KAT2A
2418,CCDC159
2419,ZBTB6
2420,C17orf67
2421,C1orf220
2422,FTX
2423,CYLD
2424,BTAF1
2425,GIMAP6
2426,IGHMBP2
2427,PCYOX1L
2428,DDX11-AS1
2429,UCP1
2430,RUSC2
2431,CSPG4
2432,TNNC2
2433,CNFN
2434,RALGPS2
2435,CYP46A1
2436,PITPNA-AS1
2437,PERP
2438,GK
2439,ARHGAP6
2440,SRR
2441,CHCHD1
2442,BARX2
2443,PLEKHG4B
2444,ERICH5
2445,PMS1
2446,AP3M1
2447,AARD
2448,SEC11A
2449,MAP10
2450,TMEM246-AS1
2451,SLITRK6
2452,GFI1B
2453,LCMT1-AS1
2454,CD7
2455,ZBTB20-AS1
2456,CRY1
2457,LIN28B
2458,C9orf72
2459,PIGQ
2460,ZDHHC8
2461,ID2-AS1
2462,RAB38
2463,IRX6
2464,RBM12B
2465,PRICKLE3
2466,HAS2
2467,SAMD8
2468,DUX4
2469,PDE5A
2470,DOLK
2471,PFN3
2472,LIAS
2473,RPL37
2474,OR10Q1
2475,PEF1
2476,VSTM1
2477,CITED2
2478,C19orf33
2479,MGLL
2480,SYCP2L
2481,KIF24
2482,THAP1
2483,NIPSNAP1
2484,PRICKLE2-AS3
2485,RNASEH2B
2486,FAM228A
2487,C9orf50
2488,ZBTB2
2489,CLDN25
2490,NPIPA8
2491,DSG2
2492,GRM8
2493,RAB8A
2494,KCNJ4
2495,PTPRD
2496,CCDC144A
2497,FAM111A
2498,NUCB2
2499,PPFIA3
2500,BLZF1
2501,ARRB2
2502,SPINK2
2503,SASH1
2504,RAB19
2505,GDF3
2506,CASC16
2507,IMP4
2508,STIM1
2509,NUDT22
2510,NMRAL1
2511,SNX18
2512,FFAR3
2513,IPO9-AS1
2514,STH
2515,TF
2516,DLK2
2517,HAND1
2518,VTA1
2519,CELF2
2520,GNPTAB
2521,TFAM
2522,TRGV9
2523,SNX16
2524,PER2
2525,TMEM209
2526,TMEM78
2527,ELMOD2
2528,FOXK1
2529,CADPS
2530,WRN
2531,TMEM109
2532,HSDL1
2533,BCL3
2534,PPP2R3C
2535,HEMK1
2536,LRIG1
2537,CENPU
2538,UMAD1
2539,EBF2
2540,RFX4
2541,TNFSF15
2542,NPIPB7
2543,LINC00487
2544,MYL4
2545,AKR7A3
2546,PLCZ1
2547,DSCR4
2548,ETV3L
2549,LRRN1
2550,NCAPH2
2551,NFX1
2552,KCNN2
2553,DLG3
2554,DNAJC21
2555,PABPC5
2556,HDHD3
2557,MID1IP1
2558,ERCC6
2559,CHRD
2560,PPP6R3
2561,SLC25A52
2562,SOD1
2563,SAA2
2564,GTPBP2
2565,SMIM20
2566,GPAA1
2567,WDFY3-AS1
2568,NBPF3
2569,LAIR2
2570,ZDHHC4
2571,ANG
2572,DHDH
2573,C8orf34
2574,ADIPOR1
2575,MTERF2
2576,SREK1
2577,FAM161B
2578,ZDHHC24
2579,SERPINB13
2580,EVI5
2581,SCAMP3
2582,LINC01209
2583,LRRC23
2584,MRPL28
2585,LNX1
2586,ARL6
2587,ASGR2
2588,PGF
2589,KIAA1614-AS1
2590,TULP1
2591,MBOAT1
2592,MROH2A
2593,BCL2L15
2594,ZFP91
2595,CCDC160
2596,PCA3
2597,MITF
2598,IVD
2599,IQCA1-AS1
2600,GPR158
2601,TRIB2
2602,KLRG1
2603,SELL
2604,CDC73
2605,STAC3
2606,ZNF287
2607,CD2BP2
2608,FNDC9
2609,KREMEN2
2610,TRIM42
2611,CFAP46
2612,PDE3A
2613,RALGAPA1
2614,SIGLEC12
2615,PLEKHB1
2616,CCDC148
2617,LEMD1-AS1
2618,EMILIN3
2619,HORMAD2
2620,VNN2
2621,NKAIN2
2622,KIF1B
2623,SNCA-AS1
2624,TRMT44
2625,BOLA2B
2626,KRTAP1-4
2627,PRR16
2628,PBDC1
2629,HCG18
2630,C9orf43
2631,MOGAT2
2632,SIRT3
2633,SLC22A9
2634,SRP19
2635,FAM83G
2636,CCDC181
2637,RING1
2638,IGHV3-15
2639,TANC2
2640,KCTD13
2641,SCRN2
2642,GAPVD1
2643,PINLYP
2644,ALAS1
2645,TBC1D32
2646,NCSTN
2647,BCAR3
2648,GABARAP
2649,CELSR1
2650,ARHGAP44
2651,NLRP7
2652,LINC00304
2653,SLC11A2
2654,SACS-AS1
2655,CCDC97
2656,PRELP
2657,SF3B3
2658,DNAAF5
2659,LDB3
2660,DEPDC1
2661,DPM2
2662,TLE4
2663,NPHP1
2664,ATAD5
2665,SOX21
2666,SLC35F3
2667,LINC01588
2668,FAM219A
2669,PPP4R3B
2670,VWA3B
2671,CEP83
2672,ANXA7
2673,SH3GL1
2674,C9orf152
2675,PRSS3
2676,CPSF4
2677,ARL5B
2678,KATNA1
2679,METTL4
2680,IL22
2681,TGOLN2
2682,SLC16A1-AS1
2683,TBP
2684,C11orf58
2685,CNTNAP4
2686,HYI
2687,TSPAN6
2688,PAFAH2
2689,POU3F4
2690,OXCT1
2691,TTC39C-AS1
2692,FOXD4L3
2693,GOLT1B
2694,A4GNT
2695,ERGIC3
2696,HPD
2697,CENPM
2698,CYP4F8
2699,PPEF1-AS1
2700,MBLAC1
2701,NCCRP1
2702,B9D1
2703,TIPRL
2704,RXRG
2705,GLRA1
2706,RPIA
2707,ANKRD9
2708,OR10S1
2709,DHCR24
2710,FMOD
2711,SPRYD3
2712,CCNL2
2713,CIITA
2714,CLEC18C
2715,COLEC11
2716,LINC01524
2717,CERKL
2718,GSPT1
2719,PSMD10
2720,PILRB
2721,HERC5
2722,SPAG17
2723,CWC22
2724,SLC39A12-AS1
2725,OR14A16
2726,USP44
2727,E4F1
2728,EDA2R
2729,RAB1B
2730,TRA2B
2731,CYP3A4
2732,CCR5
2733,IGLV1-50
2734,LIPE-AS1
2735,MIB1
2736,PWP1
2737,NSRP1
2738,MDFIC
2739,CBFB
2740,ACRV1
2741,TSR1
2742,LPP-AS2
2743,PLPP5
2744,L3MBTL2
2745,CHRM5
2746,PRSS1
2747,POTEJ
2748,IL6R
2749,MED20
2750,FILIP1L
2751,PIK3R6
2752,MAP2K2
2753,HLX
2754,ADRA2C
2755,SULT1A2
2756,PGRMC2
2757,FAM41C
2758,HAL
2759,PLEKHJ1
2760,YPEL5
2761,WDR7
2762,TBC1D10C
2763,LINC00393
2764,SAA2-SAA4
2765,DYRK1B
2766,PFKM
2767,ZCCHC3
2768,NANOS1
2769,ZFP3
2770,SND1
2771,PDCD6IP
2772,AOAH
2773,INCENP
2774,NUDT19
2775,PADI4
2776,PGLYRP4
2777,HINFP
2778,NME1-NME2
2779,TINAGL1
2780,FMNL2
2781,ATP1B3
2782,EBF1
2783,SH3BGRL3
2784,LRRC3
2785,LRRN4CL
2786,PIANP
2787,SLC25A4
2788,PCCA
2789,ZNF540
2790,MKX
2791,PGAM1
2792,ADIPOQ
2793,DECR1
2794,CTRC
2795,CYP11A1
2796,ZIC2
2797,TMEM72
2798,TRMO
2799,KIF19
2800,ARHGEF10
2801,CTDSPL2
2802,MS4A13
2803,LINC01426
2804,GSTM1
2805,MORC2
2806,NDST3
2807,SMNDC1
2808,C2orf66
2809,SKOR1
2810,NIPA2
2811,PYURF
2812,TMCC1
2813,PINK1
2814,SCHLAP1
2815,YBEY
2816,TRAF3IP2
2817,PDK4
2818,ENPP6
2819,NME4
2820,DNM2
2821,SHB
2822,AARS2
2823,TMEM232
2824,LHB
2825,ME1
2826,CALM1
2827,KCTD10
2828,SF1
2829,DDX39A
2830,CD209
2831,EIF2S1
2832,DNAJA4
2833,DNASE1L3
2834,RAB7A
2835,TVP23B
2836,FAM131C
2837,STAU2-AS1
2838,KIAA0408
2839,DSCAM
2840,GINS3
2841,PRR4
2842,EIF5A2
2843,GPR34
2844,RGS13
2845,PUS7L
2846,CD320
2847,OBP2A
2848,MAGEA1
2849,SYNGR4
2850,HOXD4
2851,IMPA1
2852,SAT1
2853,APEX2
2854,GABPA
2855,FAM47E-STBD1
2856,MCF2L2
2857,FLT3LG
2858,CAPN9
2859,BLOC1S3
2860,MVP
2861,SASH3
2862,CHMP7
2863,ADRA1B
2864,CYP8B1
2865,ZNF529
2866,SH3GL2
2867,MAMDC4
2868,QRFP
2869,ATP4A
2870,TUBD1
2871,MZT1
2872,ZNF706
2873,POLR3B
2874,HHEX
2875,CCDC59
2876,OPN1LW
2877,KCNC4
2878,RBM23
2879,MFSD8
2880,LMAN2
2881,STARD4
2882,ZBTB20-AS3
2883,NUDT1
2884,DNAJC12
2885,CPLX2
2886,CD24
2887,SIT1
2888,GNG4
2889,APIP
2890,PLA2G4C-AS1
2891,TAT
2892,PAQR6
2893,ELFN1-AS1
2894,SLC16A7
2895,TIRAP
2896,MED6
2897,TBC1D4
2898,ADPRM
2899,RHAG
2900,ARFGEF2
2901,LY6K
2902,TGDS
2903,USP50
2904,HLA-C
2905,GPR158-AS1
2906,MAT1A
2907,NEFL
2908,BMP4
2909,ZNF367
2910,SAMSN1-AS1
2911,HHIPL2
2912,IGLC5
2913,BTN2A2
2914,RXFP1
2915,HINT3
2916,PLIN1
2917,XRCC6
2918,ZEB2-AS1
2919,NUMBL
2920,ATP7B
2921,ALG12
2922,IGFL3
2923,BECN1
2924,MALSU1
2925,NCBP2
2926,LCMT1-AS2
2927,BRF2
2928,TCF15
2929,PSMA5
2930,NARS2
2931,AVPR1A
2932,LTF
2933,LRIG3
2934,HOXC5
2935,SLC46A3
2936,P2RX6
2937,MRPS6
2938,RIOK3
2939,SLC6A18
2940,HRH4
2941,IGKV2-26
2942,KCNIP3
2943,TM4SF20
2944,ZNF487
2945,NME2
2946,PCDHA5
2947,ATP6V0A1
2948,RASGEF1B
2949,LGI1
2950,PABPC1L
2951,GNE
2952,C21orf91
2953,SGMS2
2954,BEND3
2955,SLC26A11
2956,BHLHA9
2957,PLAUR
2958,POLA2
2959,CASQ1
2960,MAEL
2961,LBHD1
2962,SRGAP3
2963,TMED3
2964,CHMP2B
2965,RBCK1
2966,ZBTB5
2967,MIR762HG
2968,APOBEC3C
2969,SEMA7A
2970,BAX
2971,PLA2R1
2972,VRK1
2973,MYL3
2974,COL27A1
2975,RANBP17
2976,LINC00327
2977,CRHBP
2978,BMP3
2979,ZNF251
2980,WDR44
2981,MCOLN1
2982,ADCYAP1
2983,SPINK14
2984,ZNF551
2985,TCERG1
2986,NOS3
2987,FRMPD2
2988,NPIPB6
2989,RPL4
2990,KRTAP1-5
2991,LINC00205
2992,FOXD3-AS1
2993,AGBL3
2994,PRKCSH
2995,MYO16
2996,SLC7A10
2997,CBARP
2998,ATXN7L1
2999,NUS1
3000,CYSTM1
3001,HRH1
3002,SQSTM1
3003,SPRYD7
3004,SOCS5
3005,ASB10
3006,TPD52L3
3007,WDR38
3008,PPIH
3009,MED4
3010,SAAL1
3011,LINC01104
3012,UNC50
3013,DUSP6
3014,CYP2R1
3015,AOC1
3016,RPL26
3017,MYOG
3018,LINC01271
3019,NEIL3
3020,ESPNL
3021,ABCD2
3022,GNGT2
3023,IGKV1-16
3024,ADH1A
3025,MSC-AS1
3026,HS3ST4
3027,SETD1B
3028,DIDO1
3029,UBR1
3030,CTHRC1
3031,SESTD1
3032,IMPG1
3033,SPP2
3034,ETNPPL
3035,STYK1
3036,MFF
3037,IL17RC
3038,GGCT
3039,HSD3B2
3040,TNRC18
3041,VCX2
3042,TAOK3
3043,IGLV4-3
3044,GAGE12J
3045,ALDOC
3046,PATL2
3047,ACMSD
3048,TRNAU1AP
3049,ZNF141
3050,SLC4A5
3051,GPR101
3052,GSDMA
3053,TMEM163
3054,TRIM13
3055,UBAP1L
3056,LAMC1
3057,AANAT
3058,IGFBP7
3059,CMC4
3060,LINC01118
3061,IGLV1-36
3062,CSNK1A1L
3063,ZNF771
3064,CTDNEP1
3065,ENTPD2
3066,NDUFS2
3067,PIP4K2C
3068,CST3
3069,PRSS37
3070,CLP1
3071,FDXACB1
3072,SERTAD3
3073,TRAV26-1
3074,BCR
3075,RP9
3076,TESC
3077,LMNA
3078,TMEM245
3079,CGB8
3080,LONRF3
3081,C11orf91
3082,DRC7
3083,UBIAD1
3084,GFPT2
3085,AOX1
3086,PPM1E
3087,TYMP
3088,PDHA1
3089,SRPX
3090,MTPAP
3091,HMX2
3092,STAP2
3093,RTKN2
3094,MPI
3095,AQP1
3096,UMODL1
3097,ZP1
3098,PABPC3
3099,TMEM33
3100,SCP2
3101,CCDC6
3102,MRPL46
3103,COX5B
3104,FHIT
3105,ATP6V1C1
3106,MTM1
3107,VTN
3108,AGGF1
3109,SCAANT1
3110,FLNA
3111,COX14
3112,TCP10L
3113,SNAP47
3114,ALDOA
3115,C1orf141
3116,SLC50A1
3117,FUZ
3118,TIE1
3119,PCDH12
3120,MSN
3121,TRIM58
3122,TSC22D2
3123,GAP43
3124,TESK2
3125,ZNF439
3126,WDFY1
3127,MDS2
3128,ATG2A
3129,CISH
3130,SLC26A7
3131,UGT3A2
3132,LATS1
3133,TPRG1-AS2
3134,FECH
3135,SGSM3
3136,FOSB
3137,NCOA2
3138,TRPC6
3139,TAF1L
3140,HMCN1
3141,PGAP2
3142,NDUFAF6
3143,PHGDH
3144,TMEM50A
3145,PPP1R12A
3146,RPRD2
3147,NFIL3
3148,DCUN1D3
3149,IFIT3
3150,TMEFF1
3151,LGALS8-AS1
3152,ETS2
3153,ANXA3
3154,SERPINB2
3155,MRPL38
3156,WARS2
3157,SALL4
3158,TMPRSS12
3159,MAGEA9B
3160,SGPP2
3161,C16orf86
3162,PEX11B
3163,SLC6A20
3164,PPP1R35
3165,CRACR2A
3166,NRP1
3167,EGR1
3168,ASL
3169,PLS3-AS1
3170,NFKBID
3171,CD19
3172,MAGEA11
3173,RBM26-AS1
3174,NSL1
3175,ZNF260
3176,LY75-CD302
3177,ATOH1
3178,DNAJB13
3179,MCIDAS
3180,CDYL2
3181,ZBTB22
3182,ZYG11B
3183,RIPPLY2
3184,MAP2
3185,RTKN
3186,CDCA7
3187,ZNF891
3188,NR0B1
3189,ZNF180
3190,SAMSN1
3191,PPP1R3B
3192,GATA1
3193,PSMD1
3194,ZNF121
3195,CCDC82
3196,SRP9
3197,TBC1D1
3198,RRP1
3199,ITPRIPL1
3200,PLA2G4E
3201,DMRTA2
3202,CDRT15
3203,WWP1
3204,HOXA1
3205,VCL
3206,NDUFAF7
3207,OBP2B
3208,GNB1
3209,MITD1
3210,GRHL1
3211,AHCYL1
3212,CLEC3A
3213,AOC3
3214,TIMP3
3215,G6PD
3216,SPDYE16
3217,CDV3
3218,C1QTNF1
3219,CBX6
3220,RCCD1
3221,PLVAP
3222,PEX11A
3223,G0S2
3224,CFAP36
3225,MYD88
3226,PPP1R13L
3227,LINC01563
3228,GIPC3
3229,LAMB1
3230,SLITRK2
3231,C1QTNF3
3232,MAGEA6
3233,FBXO44
3234,MFSD12
3235,PSMD8
3236,IL17A
3237,UGT2B28
3238,TM4SF18
3239,UGT1A6
3240,DCUN1D2
3241,WFIKKN2
3242,GSTK1
3243,RAMP2-AS1
3244,ZNF444
3245,TM4SF4
3246,ICOS
3247,FUT6
3248,LINC00160
3249,HLX-AS1
3250,GPATCH1
3251,VPS33B
3252,SUCNR1
3253,VBP1
3254,OLFM3
3255,TEX41
3256,RAB24
3257,KHDRBS2
3258,YIPF2
3259,GPR62
3260,BRDT
3261,RAPGEF4
3262,RBM4B
3263,DYNC2H1
3264,GCC2
3265,PDGFB
3266,UROS
3267,P3H4
3268,ZNF138
3269,RTN4RL2
3270,ZNF639
3271,RPAP1
3272,BEND7
3273,ZC3H15
3274,FIRRE
3275,DCTN1-AS1
3276,CLIP4
3277,PLEKHF2
3278,LRRC40
3279,GPX7
3280,MYO1D
3281,GOLGA6L4
3282,PLEKHN1
3283,TMOD3
3284,EIF1AX-AS1
3285,C22orf42
3286,TAS2R31
3287,TSTD3
3288,MYH1
3289,ROGDI
3290,MBIP
3291,NT5C3B
3292,CXXC4
3293,AADAC
3294,NDUFS5
3295,PRAMEF19
3296,AHCTF1
3297,CDK1
3298,EPS8
3299,TMEM9
3300,ZNF346
3301,HEATR1
3302,NCL
3303,CLDND2
3304,VANGL2
3305,CYP3A7
3306,CATSPER3
3307,NXF5
3308,TUBB4A
3309,WDR35
3310,BBS9
3311,JAML
3312,NEDD1
3313,CCDC51
3314,TMEM240
3315,PPP1R3C
3316,WDR89
3317,ETF1
3318,EPHA8
3319,ZNF655
3320,PLPPR1
3321,SLC25A44
3322,ZNF484
3323,HOXC9
3324,ZFYVE27
3325,RPL10A
3326,PSORS1C2
3327,OST4
3328,UBE2R2-AS1
3329,PPP1R13B
3330,IFI27L2
3331,ZNF28
3332,F11
3333,HSPA13
3334,CISD2
3335,VSTM2L
3336,SHANK2-AS3
3337,GCHFR
3338,CAMK2B
3339,ADIPOQ-AS1
3340,TEKT3
3341,ZNF394
3342,LINC01168
3343,PSG3
3344,PRKCI
3345,CEBPZ
3346,LRP3
3347,ANPEP
3348,CD8B
3349,HOMER2
3350,SCGB1D1
3351,C10orf105
3352,TRIM24
3353,CD68
3354,DMC1
3355,RNF183
3356,PDGFA
3357,CD274
3358,PPP2R5C
3359,HEPN1
3360,RASSF5
3361,NUDT16L1
3362,ACER3
3363,DDX19A
3364,BOLA1
3365,HTR3E-AS1
3366,RPL9
3367,ING5
3368,LRRC69
3369,CDKL3
3370,LINC00676
3371,UBOX5-AS1
3372,CKLF-CMTM1
3373,CYP3A5
3374,COQ6
3375,NBN
3376,HLCS
3377,RASA2
3378,HOXC-AS1
3379,CHRM3
3380,GNGT1
3381,WDR36
3382,UBE2N
3383,METTL15
3384,PITRM1
3385,SPTB
3386,FZD4
3387,SMYD4
3388,LINC01350
3389,IGHV4-28
3390,SEC13
3391,LINC01193
3392,CCDC50
3393,C19orf44
3394,PASD1
3395,PCSK1
3396,NWD2
3397,PSG8
3398,EOGT
3399,OXNAD1
3400,TREML1
3401,LINC00886
3402,DENND4A
3403,HTR1E
3404,BRINP3
3405,MLLT3
3406,PCDH1
3407,RFPL2
3408,GOLGA8M
3409,MS4A14
3410,PTK2
3411,SLC10A5
3412,RNF181
3413,LACTB2-AS1
3414,ZER1
3415,TFCP2
3416,KIF11
3417,PYROXD1
3418,LINC01133
3419,SLC25A41
3420,MINPP1
3421,ASXL2
3422,MT-ND6
3423,SHMT1
3424,GSKIP
3425,STK24
3426,VIPR2
3427,IGKV1-22
3428,WTIP
3429,GSDMB
3430,NUP160
3431,ZNF770
3432,ASB8
3433,PRKG2
3434,HSBP1L1
3435,TMEM248
3436,ZDHHC9
3437,PLCD4
3438,PSMC3IP
3439,DRICH1
3440,ANAPC11
3441,FOXC2
3442,NR1H2
3443,OSR1
3444,DHFR
3445,UQCR10
3446,MPPED2
3447,ZNF683
3448,ZFP41
3449,PRKDC
3450,JMJD1C-AS1
3451,USP35
3452,PTCRA
3453,MSC
3454,POU2F1
3455,SLC39A5
3456,DLEU2
3457,PTCD2
3458,ANP32D
3459,ARC
3460,POC1B
3461,NAAA
3462,CYP4F12
3463,G6PC2
3464,CAPZA1
3465,FFAR1
3466,FGF23
3467,METTL5
3468,DPEP2
3469,INTS5
3470,DCTPP1
3471,EDC3
3472,IDO2
3473,NUTM2D
3474,PROKR2
3475,WNT7A
3476,PTPN22
3477,IFNA5
3478,TM7SF2
3479,RIMS2
3480,MAPK8
3481,THRIL
3482,GMPR
3483,HPN
3484,SH3GL3
3485,GTF2IRD1
3486,RELT
3487,RSPH1
3488,ZSWIM8-AS1
3489,EMC9
3490,FOXD4L4
3491,AGAP2
3492,HACD3
3493,SLC25A17
3494,OR13C5
3495,DYRK1A
3496,SLC6A8
3497,CRYZ
3498,LARP7
3499,SPG11
3500,HDAC11-AS1
3501,ATN1
3502,PCGF1
3503,ZNF732
3504,PDE6C
3505,PCCB
3506,TRAV26-2
3507,ESM1
3508,AIFM2
3509,SERPINI1
3510,HAND2
3511,SLC35D3
3512,TRAK1
3513,COPB2
3514,OR10AD1
3515,ZNF10
3516,SPEF1
3517,VSIG2
3518,SERPINB8
3519,OR51E1
3520,ACTA2-AS1
3521,CFAP43
3522,PRSS16
3523,MST1R
3524,CBLN3
3525,GYPC
3526,DPP7
3527,TMEM179B
3528,FAM234A
3529,MSI2
3530,CCL27
3531,PSG6
3532,SKAP1
3533,FTO
3534,ZBED1
3535,CYTIP
3536,ENSA
3537,NEURL3
3538,C1GALT1
3539,MKI67
3540,CDK9
3541,CBLB
3542,SLC15A5
3543,CCL23
3544,SLC30A9
3545,LINC01111
3546,TGIF2LX
3547,SAMD7
3548,STK35
3549,ZNF426
3550,TRPV2
3551,CRP
3552,EPHA5-AS1
3553,RHPN1-AS1
3554,RNF128
3555,HIVEP2
3556,SLC45A4
3557,TMTC1
3558,AWAT2
3559,HOXA11
3560,COLEC12
3561,LTBR
3562,NXT2
3563,LRRC4C
3564,MPV17L2
3565,RNF26
3566,FSIP1
3567,LRRTM1
3568,PRC1-AS1
3569,CCNA2
3570,MYH3
3571,LACC1
3572,MYT1L
3573,RPL23
3574,FGF16
3575,CHMP1B
3576,PDHB
3577,DGCR5
3578,FUCA1
3579,SLC7A4
3580,FAM110C
3581,TRAV41
3582,NDUFS1
3583,TPGS1
3584,LMBRD2
3585,CAPS2
3586,MCM5
3587,CDKN2C
3588,AGPAT5
3589,GNA13
3590,GAGE12E
3591,TRIM66
3592,NR2C2AP
3593,SEMA4A
3594,HMCES
3595,PMEL
3596,PYROXD2
3597,ZNF516
3598,CSRP3
3599,CCDC102B
3600,ODF1
3601,AMTN
3602,SYT3
3603,CATIP-AS2
3604,OGT
3605,HSD17B3
3606,RBM4
3607,ZSCAN4
3608,RGS3
3609,PPCDC
3610,TMEM64
3611,SPACA1
3612,MBNL1
3613,ZC2HC1C
3614,CACNA1G
3615,HOOK2
3616,RAB35
3617,POMZP3
3618,KLF7
3619,PDZK1IP1
3620,CBX5
3621,NFATC2IP
3622,GSX2
3623,BEGAIN
3624,ABCA1
3625,INIP
3626,VOPP1
3627,TMTC2
3628,RAB5C
3629,ZNF546
3630,TMPRSS15
3631,NOX5
3632,IL1RN
3633,FAS
3634,PRKAR2A
3635,DMRTC1B
3636,GLIS3
3637,VPS37B
3638,CD300E
3639,INTS2
3640,EPHB1
3641,DENND2D
3642,ARHGEF11
3643,CAPN8
3644,RNASE6
3645,GZMK
3646,TTC23L
3647,CCDC90B
3648,ATP11A-AS1
3649,SMCO3
3650,ARHGAP5
3651,ATG10
3652,TYRO3
3653,SCO1
3654,ZNF268
3655,ARF6
3656,CRYBB1
3657,CLDN18
3658,TAS2R43
3659,SERPINB4
3660,G2E3
3661,TPRA1
3662,INVS
3663,ZFP62
3664,EPHB3
3665,TTC29
3666,TLK2
3667,SRD5A1
3668,ADTRP
3669,ZNF117
3670,ZNF649
3671,KLHL7
3672,LINC01535
3673,C19orf84
3674,COMMD3-BMI1
3675,ZNF800
3676,SETBP1
3677,SPDYE4
3678,MIR155HG
3679,ZNF550
3680,SNX7
3681,PHLDA1
3682,CEP97
3683,LSINCT5
3684,NDUFC2
3685,USP36
3686,CFAP221
3687,MIR325HG
3688,USP53
3689,UNC45A
3690,LGALS12
3691,NEK7
3692,ZNF25
3693,CFH
3694,B3GAT1
3695,ZFR2
3696,TSC22D1
3697,PTGER4
3698,RPS23
3699,HMGN1
3700,IGHV4-4
3701,PDZRN4
3702,LMF1
3703,GPRC5D
3704,CEBPA
3705,KHDRBS3
3706,NACC2
3707,SYNPR-AS1
3708,ACAP1
3709,MAZ
3710,PRG4
3711,TMPPE
3712,MELK
3713,TBCCD1
3714,AKAP9
3715,RASIP1
3716,ZNF865
3717,CPED1
3718,FBXO24
3719,TERF2
3720,SENP8
3721,KDM5A
3722,ITGB2-AS1
3723,ZNF717
3724,HCFC1-AS1
3725,DUBR
3726,STAR
3727,GNAS
3728,KRT36
3729,TMEM237
3730,FSTL1
3731,CBY3
3732,PTPRZ1
3733,GPATCH11
3734,MRAP
3735,APTX
3736,TMEM135
3737,TUBE1
3738,HNRNPH2
3739,SYCP2
3740,NR1H3
3741,RHOJ
3742,PAK2
3743,PLXND1
3744,PTPN6
3745,MYLK
3746,ZNF479
3747,TIMP4
3748,LIPF
3749,OGFR
3750,ADARB2-AS1
3751,LINC00629
3752,SEZ6L2
3753,MSS51
3754,IL10RA
3755,HIP1R
3756,ARMC12
3757,HOXD8
3758,SBSN
3759,BORCS8
3760,PRR19
3761,TAS2R20
3762,ANGPTL1
3763,CLCN2
3764,ARFGAP3
3765,LPCAT3
3766,RAE1
3767,USP37
3768,CA14
3769,TDRD5
3770,IDS
3771,MRPL37
3772,UNC5D
3773,TNNI1
3774,BST1
3775,TMEM40
3776,SLC2A12
3777,DDX27
3778,SLC44A1
3779,A2M
3780,FAM110A
3781,AFAP1-AS1
3782,KDM2B
3783,TENM2
3784,NAT9
3785,NT5DC2
3786,PLXNB3
3787,TMEM242
3788,MSANTD1
3789,FAM163B
3790,KANK3
3791,GADD45A
3792,TFRC
3793,AKAP11
3794,DOCK7
3795,CD8A
3796,SLC14A2
3797,COL6A5
3798,KLHL1
3799,OXR1
3800,RPS15A
3801,SOX8
3802,DNAJC11
3803,ZKSCAN7
3804,RAD51
3805,LMO1
3806,NDUFAB1
3807,PCOLCE
3808,ITFG2
3809,MED21
3810,SLC29A2
3811,DDX28
3812,RFX2
3813,EVA1A
3814,TMEM127
3815,NUAK2
3816,CSDC2
3817,HIF1AN
3818,FAM25G
3819,SUN1
3820,LINC00349
3821,IGFBP1
3822,LPAR1
3823,GIT2
3824,ANKRD35
3825,GSTA5
3826,KCNIP1
3827,ATP1B1
3828,PRKCH
3829,TKTL2
3830,MND1
3831,KIF20B
3832,LANCL3
3833,TP53INP1
3834,SP110
3835,LRRC3B
3836,APLN
3837,PHKA1
3838,ING2
3839,RPS4X
3840,PRIMPOL
3841,IL19
3842,RCOR2
3843,SYVN1
3844,GALNT5
3845,CERS2
3846,SSBP3
3847,FABP3
3848,NPDC1
3849,PDX1
3850,S100A1
3851,TEAD4
3852,GCC2-AS1
3853,CCDC152
3854,FNBP1L
3855,SRRM5
3856,ISY1
3857,ARHGEF18
3858,KLF6
3859,SPOPL
3860,GRHPR
3861,SH3PXD2A-AS1
3862,AASDHPPT
3863,ART4
3864,PPP2R5D
3865,FAM171B
3866,SMPD2
3867,ZNF221
3868,CDH17
3869,WTAP
3870,ADGRL3
3871,PARD6G-AS1
3872,FAM216B
3873,FAM131A
3874,UROD
3875,ZNF578
3876,OCRL
3877,ZNF276
3878,FAM210B
3879,STK10
3880,VSX2
3881,BNIPL
3882,FAM95B1
3883,ZNF274
3884,PRPF6
3885,NPHP3
3886,SFTPD
3887,WIZ
3888,PGR
3889,GYG1
3890,IL11
3891,ACTL8
3892,DEXI
3893,C5orf24
3894,PSMB5
3895,SLC39A11
3896,TAF7
3897,LPIN2
3898,NQO2
3899,PTPN12
3900,COBLL1
3901,LINC01273
3902,ENO1-AS1
3903,ITGB1BP1
3904,MYBPH
3905,FEZF2
3906,TMEM220-AS1
3907,ACKR2
3908,STIP1
3909,PPP1R12C
3910,DOK6
3911,ZNF264
3912,ZNF793
3913,RIMKLA
3914,CHSY1
3915,ADGRG5
3916,GRB14
3917,MAST2
3918,S100A10
3919,ABLIM2
3920,ANAPC15
3921,MS4A10
3922,TGFB1
3923,PHKA2
3924,ATXN3L
3925,MAB21L3
3926,ITGB3BP
3927,PLD5
3928,PRELID3A
3929,C1QTNF6
3930,METTL2B
3931,ARL2
3932,OR52E4
3933,MGST3
3934,INPP4B
3935,NPPB
3936,VWA5A
3937,ANKH
3938,RASGEF1A
3939,CDRT4
3940,PRRC2C
3941,WDR5
3942,FAM186B
3943,EHD1
3944,SC5D
3945,SAE1
3946,C8orf58
3947,CLINT1
3948,OIP5
3949,SMPDL3B
3950,BORCS7
3951,RHBDF1
3952,TPR
3953,SLC44A5
3954,PRKCA
3955,KIF6
3956,GACAT3
3957,CDK8
3958,CDK5R2
3959,LINC01254
3960,FAM76B
3961,CRTC3
3962,FADS2
3963,SMC5
3964,PIEZO2
3965,KCNH5
3966,PAN2
3967,CADM1
3968,KALRN
3969,TOMM5
3970,GABARAPL1
3971,PET100
3972,MYH10
3973,ANKUB1
3974,CNTROB
3975,CPA2
3976,PGM5P3-AS1
3977,VPS28
3978,COL1A2
3979,SLC35A4
3980,RNF146
3981,LINC00939
3982,SPATA6
3983,MIP
3984,ARL14EPL
3985,GOLGA2
3986,CORO1B
3987,RYR1
3988,SYTL3
3989,ZNF583
3990,MTMR7
3991,HAUS6
3992,HDAC11
3993,STK16
3994,PAPLN
3995,S100A2
3996,PTGER3
3997,ELMO3
3998,MAP7
3999,EEF1E1
4000,PCDH11X
4001,LY6E
4002,SSTR4
4003,DLC1
4004,SLIT2
4005,IMP3
4006,KCNK4
4007,LHFPL1
4008,LDB1
4009,CEP85L
4010,TRAV1-1
4011,SAYSD1
4012,ANKIB1
4013,B9D2
4014,TNRC6C
4015,FOXN4
4016,SUPT16H
4017,DLX6
4018,CC2D2B
4019,SELP
4020,NTNG2
4021,RFPL4B
4022,ELOF1
4023,FAM133B
4024,IL23A
4025,TSC2
4026,TRIM54
4027,HCFC1
4028,MYO5A
4029,MAP3K7
4030,SLC31A2
4031,C1orf146
4032,CD58
4033,DGAT2L6
4034,RCAN2
4035,CHD4
4036,IQCE
4037,NKX6-3
4038,KDELR3
4039,GNG12
4040,TCHHL1
4041,RAB30
4042,CYB5R3
4043,LGALS9
4044,RPL31
4045,CYTH1
4046,SP140
4047,RMI1
4048,CHMP4B
4049,OR1J2
4050,BORA
4051,FUT2
4052,NCAPH
4053,FBXL22
4054,RIPK4
4055,TRAV38-2DV8
4056,CD38
4057,EIF2AK2
4058,CAMK1G
4059,NAA35
4060,MTSS1
4061,IFT74-AS1
4062,ZBTB45
4063,TGFB1I1
4064,AIMP2
4065,PDE2A
4066,CYP39A1
4067,SLC4A1
4068,PLEKHA7
4069,LIF
4070,CWF19L2
4071,MRPL50
4072,OR5AN1
4073,GLB1
4074,ZNF473
4075,HAO2
4076,PET117
4077,AICDA
4078,GPR35
4079,NOS2
4080,NHLRC4
4081,C1QL1
4082,TSG101
4083,TOP2A
4084,TMEM74
4085,METTL13
4086,CEBPB
4087,ZNF837
4088,HMX1
4089,MANBAL
4090,PODXL
4091,STXBP5-AS1
4092,GPR33
4093,LDLRAP1
4094,MSLN
4095,B4GALT4
4096,ANO10
4097,FNTB
4098,THOC7-AS1
4099,IGSF6
4100,DMPK
4101,EIF2AK3
4102,CIDEC
4103,CRTAC1
4104,XKR4
4105,NMNAT1
4106,C1QL4
4107,CLIC2
4108,FBRSL1
4109,FTSJ3
4110,RIC8B
4111,UBR4
4112,TRHR
4113,IGSF8
4114,MYOZ3
4115,DCHS1
4116,CHKB-CPT1B
4117,RBP3
4118,ZNF280A
4119,YWHAB
4120,UGT2B11
4121,PROK1
4122,PROX1
4123,GOLM1
4124,SLC9A1
4125,PACRG
4126,TRGJP2
4127,DCST1
4128,EPC1
4129,ANXA8L1
4130,DDX56
4131,PDZRN3-AS1
4132,PEX1
4133,EIF6
4134,ATXN3
4135,OR8B4
4136,SH3D19
4137,ZNF22
4138,GGACT
4139,SCN8A
4140,VCAN
4141,TSPAN5
4142,LINC01260
4143,SLC37A2
4144,ATP1A1
4145,ANO7
4146,NUDT10
4147,STT3A
4148,TBATA
4149,PSMD5
4150,DENND4B
4151,CCDC33
4152,IGHV1-24
4153,CIRBP
4154,CBX7
4155,RPH3AL
4156,MNS1
4157,HECW2
4158,PLPPR5
4159,NPRL3
4160,RASSF7
4161,MCM4
4162,FRMD7
4163,ATP11C
4164,B4GALT6
4165,RHOQ
4166,GLB1L2
4167,KMT2C
4168,STEAP1B
4169,OR1J1
4170,KCNJ12
4171,IFT27
4172,GALNT16
4173,NEO1
4174,IDI2-AS1
4175,MLPH
4176,CEL
4177,CTSE
4178,LINC00879
4179,SPPL3
4180,GLT8D2
4181,DNER
4182,HPR
4183,KCNN3
4184,GUCY2C
4185,RRAS2
4186,CHST5
4187,SEMA4B
4188,FOXN3-AS2
4189,DPP6
4190,IGHV1-2
4191,CRTC2
4192,PSAT1
4193,PCLO
4194,PARP15
4195,BARD1
4196,UBA2
4197,TEX261
4198,GHRL
4199,PGAP1
4200,TMPRSS4
4201,RRS1
4202,IGF2
4203,PSMA3
4204,MYCT1
4205,SCG3
4206,LINC00604
4207,BBIP1
4208,CXCL11
4209,DRAM1
4210,ICE2
4211,IFNGR1
4212,DBF4B
4213,UBAP2L
4214,MIR99AHG
4215,ST6GALNAC3
4216,SLURP1
4217,FIGLA
4218,FASLG
4219,AEBP2
4220,FKBP9
4221,TRPV1
4222,PTGR1
4223,SIM2
4224,SLC9A6
4225,GET4
4226,SCOC-AS1
4227,ZDHHC18
4228,PKD1L3
4229,IPO5
4230,FKTN
4231,GXYLT1
4232,METAP1
4233,ADCY1
4234,SULF2
4235,MED25
4236,RORB
4237,SMC3
4238,SERTAD2
4239,PCP4
4240,ZSCAN26
4241,SYDE2
4242,SH3BP1
4243,GNL2
4244,APOC1
4245,NIPBL
4246,NDOR1
4247,PURB
4248,WNT10B
4249,RIMBP2
4250,LGSN
4251,CTSZ
4252,E2F6
4253,CPNE8
4254,MTHFR
4255,OSTF1
4256,CYB5D1
4257,RNLS
4258,FKBP3
4259,TRDV1
4260,NAGA
4261,DSCC1
4262,SLC39A10
4263,EOMES
4264,KLC3
4265,PRKAR1A
4266,MCEMP1
4267,PDSS1
4268,METTL8
4269,RPL32
4270,RNF149
4271,SLC7A2
4272,FAM87B
4273,OTUD6A
4274,XRN2
4275,MYO1G
4276,RBP2
4277,RHOF
4278,CMTM7
4279,SOCS6
4280,SCN4A
4281,BOC
4282,SNX25
4283,ASH1L
4284,CCNI
4285,LXN
4286,SMCO2
4287,ADRB1
4288,TTYH3
4289,PDIA2
4290,WNT6
4291,NMU
4292,COL19A1
4293,KIF26A
4294,CDA
4295,STAT3
4296,CR1L
4297,APP
4298,CYP26C1
4299,ADAMTS1
4300,ATP6V1E1
4301,DUOX1
4302,RANBP1
4303,WSCD2
4304,THADA
4305,CALU
4306,ANKRD6
4307,CARD11
4308,NOL11
4309,ADGRL4
4310,FAHD1
4311,MAGI2
4312,SNCAIP
4313,SNRNP35
4314,GOLGA6L9
4315,KCNE4
4316,ANGPTL3
4317,BEST4
4318,IKBKG
4319,ACSL4
4320,LAT2
4321,SMYD3
4322,FLNB
4323,KLHL12
4324,GTPBP3
4325,CARM1
4326,BOD1
4327,FAM138B
4328,C1orf35
4329,SH2B2
4330,CDH23
4331,ANKRD1
4332,ALDH1B1
4333,MAGEB18
4334,POM121
4335,RNF215
4336,POU6F2
4337,HEPACAM2
4338,FAM177B
4339,CROT
4340,CHRNE
4341,DLGAP2
4342,DDX1
4343,BBX
4344,PRCD
4345,PHF7
4346,UAP1L1
4347,SMARCA5
4348,TEX26-AS1
4349,LINC01413
4350,VPS16
4351,DDX59
4352,FXYD3
4353,TMEM234
4354,RAB33A
4355,NUP50
4356,TMOD4
4357,CERS1
4358,TMC6
4359,CCDC8
4360,RNF6
4361,BHLHE40-AS1
4362,SECISBP2
4363,SLC12A3
4364,DNAJC5
4365,HDAC4
4366,GMPS
4367,TMEM190
4368,MCOLN3
4369,CYP4A22
4370,RD3L
4371,C1orf167
4372,CDK2AP2
4373,ZBTB8A
4374,FRMD1
4375,KRTAP10-5
4376,PON1
4377,RBFOX3
4378,PDCD4
4379,LEMD1
4380,POLE3
4381,FOXE1
4382,SLC7A3
4383,FAM81B
4384,BNC1
4385,PCED1B
4386,MIER1
4387,KLHL22
4388,LARP4
4389,NOP58
4390,EXOC6B
4391,MXRA7
4392,PDXK
4393,CLK1
4394,PWWP2A
4395,LENEP
4396,LINC01523
4397,TEX13D
4398,GGT7
4399,BCAR4
4400,GLI1
4401,TMEM177
4402,ARL13A
4403,SPINK5
4404,SMC4
4405,SYCE1
4406,PPT1
4407,MRPS21
4408,HPX
4409,CUX2
4410,MRPL19
4411,CLTA
4412,KRT7
4413,SCG5
4414,MRAP2
4415,PAX5
4416,MED13
4417,FPGT-TNNI3K
4418,IQCF1
4419,SRGAP1
4420,NDFIP1
4421,KIAA0586
4422,HCRT
4423,CUBN
4424,ARSK
4425,NAA15
4426,PLLP
4427,AP3D1
4428,GAGE13
4429,NUAK1
4430,NUP58
4431,SPATA12
4432,DIP2A
4433,PAX7
4434,ENKUR
4435,CNR1
4436,POMP
4437,ALG2
4438,C1QC
4439,CLDN34
4440,ZNF70
4441,CCDC42
4442,ZNF791
4443,TRAV11
4444,CES1
4445,LRP4
4446,TAGLN
4447,EML5
4448,PCTP
4449,IRS2
4450,DDB2
4451,KHDRBS1
4452,TSHZ1
4453,CARS2
4454,UNC80
4455,DUSP18
4456,TREH
4457,CDKL4
4458,FSHR
4459,PRKD3
4460,KRTAP21-2
4461,ITGA1
4462,LRRIQ4
4463,TMEM151A
4464,PRH1-PRR4
4465,ZNF420
4466,COL20A1
4467,SLC38A8
4468,GFRA2
4469,UTRN
4470,HAP1
4471,ZNF296
4472,ABCC8
4473,RNF166
4474,RARB
4475,LARS2
4476,MAP4K1
4477,ABI2
4478,MRPS25
4479,LINC01396
4480,POLD3
4481,WDSUB1
4482,CNTD1
4483,RAD18
4484,IL17D
4485,MATN1-AS1
4486,GPR162
4487,PPP1R9A
4488,PDGFRL
4489,TTC19
4490,ZFP82
4491,PTBP3
4492,KLK9
4493,NT5DC4
4494,IGF1R
4495,CRYBG3
4496,CHCHD2
4497,VASH1
4498,ARHGDIG
4499,THBS4
4500,CDK19
4501,ICAM3
4502,RAX2
4503,CALCR
4504,DGKI
4505,GORASP1
4506,SLC35G2
4507,MS4A3
4508,GDF15
4509,SMG9
4510,ADAT1
4511,ARL2-SNX15
4512,TPCN1
4513,BIRC2
4514,ABCA13
4515,CAPN10
4516,KLF14
4517,MXRA8
4518,SLC9A4
4519,SLC25A32
4520,ZNF57
4521,MTPN
4522,PKIA
4523,SLC5A12
4524,MBL2
4525,SIX6
4526,SFSWAP
4527,CENPE
4528,SEL1L2
4529,ZNF14
4530,RTTN
4531,ZNF154
4532,LRRC66
4533,CCDC47
4534,LIX1L
4535,SCFD1
4536,CYP2C8
4537,CWH43
4538,ING1
4539,ISOC1
4540,CCDC167
4541,KLK10
4542,FEZ1
4543,PDSS2
4544,ENAH
4545,MGAT5B
4546,COBL
4547,PSEN1
4548,CHRAC1
4549,RGS19
4550,PPP4C
4551,ZNF510
4552,MYRIP
4553,DERL3
4554,STAG2
4555,POLR2A
4556,ZNF227
4557,KRT83
4558,MMP24
4559,SUSD6
4560,BMP6
4561,ZNF605
4562,KRT78
4563,GAPDHS
4564,CAPN11
4565,TMEM244
4566,LTB4R2
4567,GPR160
4568,JPX
4569,DOCK6
4570,FXR1
4571,GDPD3
4572,CELA2B
4573,NXNL1
4574,CPNE3
4575,MSX2
4576,LCE3A
4577,FAU
4578,PTPRA
4579,NR6A1
4580,HHLA2
4581,PRR14
4582,ZNF764
4583,MYCN
4584,DSEL
4585,GDF9
4586,ZBTB34
4587,GNAT3
4588,BPI
4589,MANSC4
4590,EXOSC3
4591,SHOX
4592,CDK16
4593,CYP7A1
4594,DUSP26
4595,VPS4B
4596,RAB11FIP1
4597,CLDN12
4598,GNA15
4599,LYZ
4600,PANDAR
4601,RPL34
4602,NAV1
4603,OCLN
4604,OGDH
4605,ARID3B
4606,BIN2
4607,YEATS2
4608,TMEM181
4609,EIF4A2
4610,FSTL3
4611,OR1F1
4612,LRRC20
4613,CFAP161
4614,MPP4
4615,OSBPL9
4616,SDHC
4617,ASCL1
4618,HTR2A-AS1
4619,BDH2
4620,SLC7A7
4621,MAP3K15
4622,DDX24
4623,KREMEN1
4624,SOX2
4625,DCHS2
4626,ZNF624
4627,MMRN1
4628,OR4F3
4629,SLC30A8
4630,NDUFB2-AS1
4631,PRPH
4632,TCEA2
4633,IMPA2
4634,TRIP11
4635,FNDC8
4636,SMAD3
4637,ARHGAP10
4638,CYP26A1
4639,KDF1
4640,ATL1
4641,FBXO47
4642,SLC39A8
4643,TRIAP1
4644,TLR10
4645,CENPW
4646,SNRPE
4647,TERC
4648,POLB
4649,MCL1
4650,UBE2G1
4651,RNFT2
4652,MTFMT
4653,VLDLR
4654,PIK3CG
4655,ACTN2
4656,RPS13
4657,PSMB10
4658,XAB2
4659,LGR5
4660,PRRT3
4661,PIBF1
4662,LRRC42
4663,VCAM1
4664,MTG1
4665,SLC13A2
4666,GOLPH3
4667,THPO
4668,DDO
4669,RMRP
4670,SEMA6D
4671,THUMPD2
4672,GZMA
4673,FLNB-AS1
4674,NADK
4675,CFP
4676,ATP2A3
4677,MCEE
4678,MATK
4679,TAL2
4680,PIPOX
4681,TPP2
4682,APLP1
4683,FAM124B
4684,CRIP3
4685,ZNF101
4686,FUT7
4687,CPB1
4688,TBC1D3L
4689,SLC4A7
4690,TBX2-AS1
4691,GAST
4692,RYR2
4693,ZIC4
4694,WDR19
4695,ZNRF1
4696,PHF5A
4697,ARL6IP4
4698,CLEC3B
4699,COA7
4700,RFC3
4701,NKX2-3
4702,LINC00485
4703,HES1
4704,MTHFD2L
4705,RPS27
4706,YRDC
4707,CSNK2A3
4708,PPAN
4709,NEK10
4710,RHOBTB3
4711,LRRC57
4712,ABCC1
4713,DSG2-AS1
4714,IFI44
4715,MOBP
4716,MDFI
4717,PCDHGA3
4718,RIOK1
4719,NR2E1
4720,RERE
4721,CYP4Z1
4722,AMMECR1L
4723,WDR6
4724,AKR1C3
4725,KCNMA1
4726,LYPD5
4727,ITPKC
4728,TMF1
4729,PYCARD-AS1
4730,ADAT2
4731,LCE1B
4732,CIRBP-AS1
4733,INPP5J
4734,DNAJC22
4735,LRFN2
4736,CHST14
4737,TRPC5
4738,TMEM200C
4739,LRRN4
4740,ICE1
4741,RPGR
4742,USP49
4743,SNHG15
4744,CENPV
4745,SLIRP
4746,LSM7
4747,GLTP
4748,MOB4
4749,GLIS2-AS1
4750,PELI2
4751,LEP
4752,ONECUT3
4753,FIS1
4754,SNRPF
4755,DLG1-AS1
4756,KRT80
4757,DBI
4758,LINC00937
4759,LINC00891
4760,ESYT3
4761,GFM1
4762,LRRC63
4763,JPH2
4764,PRMT2
4765,LRRC8C
4766,TES
4767,KTN1
4768,TP73
4769,TBX15
4770,ZSCAN21
4771,COL9A3
4772,DMRTA1
4773,OR51B4
4774,EGFR-AS1
4775,CARD18
4776,DVL1
4777,CCDC127
4778,HPCA
4779,RPL26L1
4780,ADAMTS3
4781,ERICH4
4782,SNRPD3
4783,COL16A1
4784,ST8SIA6
4785,HPRT1
4786,CNTRL
4787,WDR83OS
4788,IL12RB2
4789,NKG7
4790,ESAM
4791,IFNK
4792,RHEB
4793,KIAA1143
4794,BTNL9
4795,GOLGA8R
4796,OR6F1
4797,FBXO25
4798,ZNF568
4799,NR1I3
4800,CASR
4801,MPEG1
4802,POTEC
4803,FRS2
4804,MRPL27
4805,RTN3
4806,TECTA
4807,CGA
4808,AKIRIN1
4809,ENPP7
4810,KRTAP4-8
4811,IGKV2D-26
4812,NBPF9
4813,AGXT2
4814,ULBP1
4815,KCNIP2
4816,FSIP2-AS1
4817,NBPF20
4818,RHOH
4819,NDST2
4820,ENG
4821,CDHR1
4822,TTC33
4823,RNF214
4824,RNF113A
4825,HOOK1
4826,IGLV2-28
4827,FDX1
4828,DLGAP1-AS5
4829,PTX3
4830,PMF1
4831,PRKCG
4832,COL6A6
4833,TTPA
4834,IL16
4835,LRRC52
4836,ATPAF1
4837,LRRC43
4838,TOMM20
4839,CKAP5
4840,SFXN5
4841,TRIM7
4842,ZNF234
4843,DPM3
4844,CD2
4845,POLR3F
4846,TMX3
4847,NCOA7
4848,ATP6V1B1
4849,TIMM8A
4850,TSSK1B
4851,C3orf62
4852,SMIM24
4853,ABCD4
4854,ATP6AP1
4855,MTCL1
4856,FER1L6-AS1
4857,LINC01205
4858,SLC16A1
4859,ZNF692
4860,LRFN1
4861,C4orf46
4862,LMNB1
4863,WDTC1
4864,CRABP2
4865,NANP
4866,PMM2
4867,OR7C2
4868,TMEM52
4869,C10orf71
4870,ACE2
4871,GNPNAT1
4872,HYI-AS1
4873,CNOT2
4874,TFPT
4875,TBC1D30
4876,GZMB
4877,ATP13A1
4878,PSPC1
4879,UBE3B
4880,KLHL9
4881,CDON
4882,MBTPS2
4883,FUT8
4884,TBX3
4885,NFS1
4886,SMYD5
4887,CABIN1
4888,KIF21B
4889,LINC00348
4890,HRNR
4891,MYO10
4892,MYO7B
4893,SART1
4894,UCKL1
4895,MYPOP
4896,LINC00426
4897,CCDC125
4898,LSM3
4899,TSNARE1
4900,KIF7
4901,SNCB
4902,SNRPC
4903,IL7
4904,PHLDB2
4905,COX6C
4906,PUS1
4907,KCNH3
4908,TICAM1
4909,NONO
4910,GLE1
4911,NAP1L1
4912,POLG2
4913,IGKV1OR-2
4914,ARHGEF15
4915,NGLY1
4916,SYNGR1
4917,FGF10
4918,ARHGDIA
4919,HTR3E
4920,SLC22A14
4921,CUZD1
4922,PDE6B
4923,ANKRD23
4924,SOX7
4925,SSNA1
4926,MIR4500HG
4927,CDK13
4928,DGCR6L
4929,LRRN2
4930,TM7SF3
4931,BEND4
4932,RELA
4933,UBXN1
4934,JARID2-AS1
4935,RASAL1
4936,ITGA5
4937,PRR13
4938,MUC21
4939,SLC22A31
4940,INTS1
4941,CCDC89
4942,ZNF621
4943,ACSBG1
4944,SORBS2
4945,RDH11
4946,TRIM63
4947,SOCS3
4948,ZNF569
4949,LINC00528
4950,GNA11
4951,PDS5A
4952,SDS
4953,SRCAP
4954,HDX
4955,USO1
4956,FAR2
4957,PACS2
4958,COL4A5
4959,CLDN15
4960,PLEKHA5
4961,ZBED6
4962,DNAJA1
4963,IFNL2
4964,UGGT1
4965,ATAD2
4966,DTYMK
4967,ZRANB2
4968,SIGLECL1
4969,ARRDC5
4970,ZNF646
4971,ZNF662
4972,LAMB3
4973,CEP152
4974,HECTD3
4975,FNDC3A
4976,PRKAA1
4977,BAG3
4978,TMEM45B
4979,LINC00506
4980,PDLIM2
4981,RARA
4982,ZNF282
4983,PLCD1
4984,MAOA
4985,ATG16L2
4986,FOCAD-AS1
4987,NUFIP2
4988,ZNF226
4989,MRPL3
4990,FBXO33
4991,CXCL2
4992,CHST4
4993,ODF4
4994,TSN
4995,CYSLTR1
4996,MRLN
4997,DNAH17
4998,MED17
4999,MED30
5000,GMNN
5001,IGFL4
5002,ERICH6B
5003,AMY1B
5004,TREX1
5005,LACTB
5006,NBAS
5007,ALMS1
5008,PROSER1
5009,USP6NL
5010,GTPBP10
5011,KLF9
5012,LINC00216
5013,PAN3
5014,ERP44
5015,METTL22
5016,FGF5
5017,MMGT1
5018,SLC17A5
5019,PIH1D1
5020,ASPM
5021,PITPNM3
5022,SMYD1
5023,RNF222
5024,NLRP13
5025,P2RY4
5026,GRK7
5027,TRAV39
5028,AZI2
5029,CCND3
5030,APOA2
5031,SPC24
5032,C10orf53
5033,ADCY10
5034,LCE3D
5035,SNX17
5036,ATP2B2
5037,RAB5B
5038,CCDC68
5039,ARID1A
5040,SERTAD4
5041,FUNDC1
5042,EMC8
5043,TRIM62
5044,KIF25-AS1
5045,WDR91
5046,SKA3
5047,LDLRAD4
5048,DIP2C
5049,ECD
5050,PPP2R5E
5051,C1QTNF3-AMACR
5052,ACER2
5053,DUSP2
5054,ZNF589
5055,LCA5
5056,TCTN2
5057,CHAC1
5058,CD22
5059,MYOF
5060,SFXN1
5061,FAM120A
5062,POSTN
5063,NLRP9
5064,SALL1
5065,SLC23A2
5066,CREBL2
5067,PLPPR2
5068,NCAPG
5069,ZNF700
5070,MEN1
5071,EXOC3L2
5072,OR51E2
5073,TOMM34
5074,LRRTM2
5075,ALDH7A1
5076,SLC9B2
5077,P4HA2-AS1
5078,AFAP1L2
5079,MDGA2
5080,TPBG
5081,SHPRH
5082,FAM184B
5083,TPM1
5084,GPATCH2L
5085,SAMD13
5086,EFCC1
5087,EP300-AS1
5088,FRZB
5089,NPAS4
5090,PLPP6
5091,WDR11
5092,CARD10
5093,SEC24C
5094,RNF31
5095,CXorf38
5096,ANKRD30B
5097,RBBP6
5098,HSBP1
5099,BPTF
5100,AP2S1
5101,THAP3
5102,ZNF592
5103,GOLGA8O
5104,NKX3-1
5105,SMARCD1
5106,KCNJ18
5107,FAM72C
5108,CRX
5109,SAGE1
5110,PGK1
5111,SUPT7L
5112,MIA
5113,ERO1A
5114,CX3CL1
5115,TGFB3
5116,HTR3A
5117,USP54
5118,VDR
5119,PCDH8
5120,CCDC24
5121,CTNNB1
5122,RARG
5123,TRAV8-6
5124,RGPD2
5125,ATG4B
5126,SLC25A22
5127,CEP126
5128,ZNF622
5129,GRSF1
5130,CCDC30
5131,SEC63
5132,CNRIP1
5133,EIF3F
5134,NDUFS7
5135,RRP8
5136,ACCS
5137,CAMSAP1
5138,ARF4
5139,LINC01553
5140,MICAL2
5141,BTF3L4
5142,LINC01429
5143,CDIP1
5144,CUL3
5145,ZFP2
5146,PLK2
5147,CDC42EP2
5148,ANKRD29
5149,LINC00960
5150,ACCSL
5151,PHF11
5152,RPA4
5153,OR2A7
5154,ZNF517
5155,PGM3
5156,RAD51D
5157,ADAMTS6
5158,PNLIPRP3
5159,NCAPD3
5160,MS4A5
5161,UBE2C
5162,MRPS11
5163,EFR3A
5164,DLX1
5165,MYNN
5166,UBA7
5167,LINC01266
5168,NTN4
5169,SYP-AS1
5170,TAF2
5171,CATSPERD
5172,MAN2A2
5173,RNF44
5174,BLID
5175,FABP6
5176,PFN2
5177,RHD
5178,FZD9
5179,SIX5
5180,SH3YL1
5181,ECHDC2
5182,PIK3R1
5183,FGF12-AS1
5184,PAQR4
5185,LINC01562
5186,FAM210A
5187,EXO5
5188,GRPEL1
5189,ABCA10
5190,IFITM1
5191,DND1
5192,ELAVL1
5193,BAALC
5194,EFEMP2
5195,SPDYE3
5196,CST2
5197,CYP3A43
5198,ANO2
5199,COPS6
5200,SULT1A3
5201,SUCO
5202,PYGO2
5203,ZHX2
5204,IGLV8-61
5205,RTN4RL1
5206,EXOSC4
5207,OR1E1
5208,KLHL20
5209,P3H3
5210,IGSF11
5211,MOGAT3
5212,PSG7
5213,SMAGP
5214,TSPAN11
5215,GPR78
5216,VAPB
5217,TTC32
5218,GLI3
5219,CPSF6
5220,RTN2
5221,CNTF
5222,GGA3
5223,PCSK2
5224,TEX12
5225,KY
5226,SPATA3-AS1
5227,SRGAP2
5228,BCAT2
5229,ZNF286B
5230,LINC00926
5231,GTF2IRD2
5232,KRT82
5233,FN1
5234,CDKAL1
5235,C15orf62
5236,FAM178B
5237,LINC00605
5238,OSTM1
5239,NUP35
5240,OXTR
5241,LINC00567
5242,FGF1
5243,RPGRIP1
5244,FGF9
5245,RNF224
5246,HPS5
5247,TEX13C
5248,CDAN1
5249,CLDN10
5250,ASCL2
5251,TGFBR3
5252,ADAP1
5253,MICU2
5254,ZNF32
5255,PHOSPHO1
5256,GSTM2
5257,NYNRIN
5258,RSPH3
5259,AGO4
5260,PRMT1
5261,IGFBP4
5262,ARHGEF25
5263,RLN2
5264,IL26
5265,MTFR1
5266,SKIL
5267,DPEP3
5268,ZCCHC24
5269,NKIRAS2
5270,FAT2
5271,HOXD9
5272,RD3
5273,ZNF830
5274,UQCRFS1
5275,BRINP1
5276,XPO4
5277,SYNPO2
5278,FAXC
5279,ZWILCH
5280,RASA1
5281,CDKN3
5282,CMYA5
5283,IGLV3-9
5284,PTMS
5285,NAPEPLD
5286,NPC2
5287,PIK3C2B
5288,FRS3
5289,BCL2
5290,DCAF17
5291,OR8D2
5292,GLDC
5293,NIN
5294,CCZ1B
5295,BLVRA
5296,CDCA8
5297,CTAG2
5298,TBC1D3I
5299,PRC1
5300,FBXO7
5301,HSF4
5302,MAPKBP1
5303,UTP14A
5304,SLC1A7
5305,GAGE1
5306,NEMF
5307,MCFD2
5308,FNBP1
5309,ZNF33A
5310,RPS6KA4
5311,UBA5
5312,UBE2D3
5313,RPL22
5314,PNPLA7
5315,DNAJC24
5316,ZNF257
5317,C1GALT1C1L
5318,RPE
5319,SEMA6A-AS1
5320,CELF3
5321,CABP1
5322,SOHLH2
5323,ZNF629
5324,TKFC
5325,SPATS2
5326,MBD4
5327,ANAPC10
5328,SLC4A2
5329,SHH
5330,CD52
5331,FANCM
5332,TMSB4Y
5333,ADGRA3
5334,TRIML1
5335,TOMM20L
5336,ZNF362
5337,LHFPL3
5338,CYSRT1
5339,LINC01280
5340,IGKV1D-39
5341,EMX1
5342,C18orf32
5343,C2CD4C
5344,MSH4
5345,MLXIPL
5346,ZFP30
5347,MEF2C
5348,ZNF385A
5349,CTSB
5350,TP63
5351,SCAMP1
5352,KCNG2
5353,LINC00365
5354,TNFSF4
5355,TNFSF8
5356,KIF3C
5357,CDC45
5358,TFDP2
5359,GPD2
5360,LRRK1
5361,FDXR
5362,B3GALT5-AS1
5363,ZFP14
5364,DICER1-AS1
5365,ZNF131
5366,APOF
5367,DVL2
5368,CDC5L
5369,IGLL1
5370,TAPT1-AS1
5371,CDC37L1
5372,GGTLC2
5373,COA1
5374,ATP11B
5375,FASTKD1
5376,SPRR2F
5377,DCD
5378,RAB4A
5379,DNAI2
5380,LINC01607
5381,FOXG1
5382,UPF3A
5383,ZBTB41
5384,SNX15
5385,SLC47A2
5386,MAOB
5387,GCLC
5388,CASD1
5389,LINC00316
5390,IL18R1
5391,CEP68
5392,DCDC2
5393,PLEK2
5394,SLC6A15
5395,S100A12
5396,ERN2
5397,PNPO
5398,SDK1
5399,MED29
5400,DMRTC2
5401,MAL2
5402,TMEM183A
5403,CASKIN2
5404,DOCK4
5405,BSN
5406,MZF1
5407,OR2D2
5408,ELOVL2
5409,GCA
5410,PLA2G4B
5411,LINC01586
5412,SNAPC3
5413,FBLN7
5414,DBNL
5415,LINC00491
5416,IZUMO2
5417,GLG1
5418,ATG9B
5419,HSD17B4
5420,PAPPA
5421,HOXD11
5422,RAP1GAP2
5423,SREBF1
5424,MMP13
5425,TMA16
5426,PNP
5427,DRAIC
5428,ITIH4
5429,DRC1
5430,LINC01550
5431,FAM114A2
5432,HES7
5433,RPS3A
5434,TRAV23DV6
5435,MMP20
5436,UNC79
5437,UST
5438,MMAA
5439,CLEC5A
5440,NRN1
5441,PYGL
5442,NUP62
5443,BBS2
5444,EFHC1
5445,ANKRD60
5446,NKX2-8
5447,TMEM219
5448,KIF13B
5449,PPM1F
5450,ARHGAP31
5451,TOX
5452,FERD3L
5453,SLCO5A1
5454,MRPL44
5455,SWI5
5456,EFHD2
5457,KCND3
5458,TJP2
5459,HACL1
5460,POLD4
5461,MYBPC3
5462,OTOP1
5463,DHRS2
5464,SYT5
5465,CFAP65
5466,KRTAP5-1
5467,SCLY
5468,LRP2
5469,XRCC3
5470,TALDO1
5471,KCNJ2-AS1
5472,PLEC
5473,PMEPA1
5474,PAPOLG
5475,ASH2L
5476,STEAP4
5477,CDKL2
5478,DGCR8
5479,NAP1L5
5480,ALOX15
5481,CALB2
5482,ILDR1
5483,MZT2A
5484,MAFG
5485,ORM1
5486,R3HDM1
5487,PARM1
5488,PELO
5489,CLCN3
5490,CCNH
5491,TBC1D3B
5492,ZMAT4
5493,CRIPT
5494,ZNF675
5495,CLDN1
5496,STOX2
5497,TRIM59
5498,DBF4
5499,SEMA3A
5500,CHCHD4
5501,GALNT1
5502,HCCAT5
5503,PPL
5504,LRAT
5505,SPRYD4
5506,GRINA
5507,HSD17B7
5508,ISCA1
5509,C15orf32
5510,LINC00665
5511,SLC4A1AP
5512,MKNK1-AS1
5513,TIAM2
5514,HDHD2
5515,SMG7
5516,WDR31
5517,AQP12B
5518,OR8A1
5519,HNMT
5520,LINC00682
5521,SIRPB1
5522,ZNHIT1
5523,HSPB3
5524,TRAV2
5525,LINC01224
5526,GPCPD1
5527,POLR2E
5528,NDUFS8
5529,LINC00654
5530,DDX60L
5531,ATRN
5532,GAS1
5533,BMPR1B
5534,PRICKLE2
5535,SPAST
5536,LINC01518
5537,CHCHD3
5538,MT3
5539,ACP2
5540,MYC
5541,FAM180A
5542,MYBL2
5543,ISM1
5544,KRR1
5545,IFT20
5546,COL2A1
5547,AMIGO3
5548,IWS1
5549,FAM87A
5550,IMPACT
5551,C22orf31
5552,KXD1
5553,SIGLEC9
5554,RTCA
5555,WDR48
5556,BRPF3
5557,HMHB1
5558,CTNNA3
5559,ATP2B1
5560,LRRC3C
5561,ECHDC3
5562,ZIC3
5563,CMIP
5564,CNKSR3
5565,PRSS21
5566,GNB5
5567,RHPN1
5568,SHROOM3
5569,GOLGA7B
5570,SAPCD2
5571,DIS3L2
5572,OR10G2
5573,OPTC
5574,TLE6
5575,CHRNB2
5576,PCDHGB4
5577,TMEM17
5578,DCAF16
5579,PINK1-AS
5580,ACY3
5581,ADAMTS20
5582,LDLRAD4-AS1
5583,OCA2
5584,C3orf38
5585,OSBPL3
5586,PLA2G4A
5587,LSS
5588,FGD6
5589,ZNF316
5590,CD109
5591,FLYWCH2
5592,TIMM17A
5593,P3H2
5594,NCAM2
5595,SLC24A1
5596,LL22NC01-81G9.3
5597,MPZ
5598,LINC01411
5599,ADAM23
5600,AMOT
5601,LINC01153
5602,CCL25
5603,PYGB
5604,KMT5C
5605,ATP10D
5606,RHNO1
5607,STOML3
5608,SMURF2
5609,PIGO
5610,DHRS12
5611,BET1
5612,EARS2
5613,MYRFL
5614,RMND1
5615,DCTN6
5616,NAPA
5617,ZFYVE9
5618,EPS8L1
5619,FBN2
5620,ZNF560
5621,DIRC3
5622,SERPINA5
5623,TTI1
5624,SCIMP
5625,HOXA3
5626,PDE10A
5627,CCRL2
5628,MTRR
5629,E2F8
5630,LINC00863
5631,DCAF11
5632,SLC35F5
5633,MKNK2
5634,RPTOR
5635,RPS6KA6
5636,SESN3
5637,RASSF3
5638,ZFAND2A
5639,AQP4-AS1
5640,GRID1
5641,HSD17B10
5642,DHX32
5643,TRAV3
5644,PRMT5
5645,PLCG2
5646,ZNF737
5647,RSBN1L
5648,RBM15B
5649,TTC21B
5650,NENF
5651,PDK2
5652,TRAPPC8
5653,PEX19
5654,CALML3
5655,FER1L5
5656,LINC00566
5657,RRP12
5658,VAMP4
5659,ZNF658
5660,STAG1
5661,ASNSD1
5662,PACRG-AS3
5663,SOBP
5664,GLIS3-AS1
5665,SPATA31A7
5666,RAD21L1
5667,SALL2
5668,HOXB2
5669,SOX3
5670,GLI2
5671,RNASEL
5672,DLD
5673,TMEM60
5674,LFNG
5675,C2CD5
5676,MUC7
5677,PITPNA
5678,HMGCS1
5679,ZFYVE1
5680,NPLOC4
5681,INPP5B
5682,WFDC6
5683,TLX1
5684,IQCB1
5685,FOLH1
5686,HDAC5
5687,FIBP
5688,LINC00857
5689,ZNF557
5690,CCDC150
5691,LINC01361
5692,AMER3
5693,PLAA
5694,PRKRIP1
5695,DZIP3
5696,LINC01531
5697,TFAP2C
5698,OGFOD2
5699,ANKK1
5700,RANGRF
5701,EFNB3
5702,IGFBP2
5703,LAMB4
5704,FBXO2
5705,LAMTOR5
5706,PHACTR4
5707,STON2
5708,TSEN2
5709,TM6SF1
5710,RAB18
5711,PDE4DIP
5712,MRPS22
5713,GAL3ST4
5714,SYS1
5715,CENPQ
5716,C22orf39
5717,APRT
5718,ZNF337-AS1
5719,RASA4B
5720,ZNF112
5721,NDUFB1
5722,GABRA1
5723,ARSH
5724,TFF3
5725,BCL7B
5726,HECA
5727,TMEM87B
5728,CD96
5729,SPATC1L
5730,MED11
5731,SLFN14
5732,TTI2
5733,LINC01169
5734,B3GNT5
5735,KCNAB3
5736,C12orf60
5737,KNTC1
5738,MAPK10
5739,PISD
5740,CCDC14
5741,NAA11
5742,DIO1
5743,CEP41
5744,ACSM1
5745,NATD1
5746,MX1
5747,SMYD2
5748,ALX4
5749,MORF4L2
5750,MBP
5751,RSBN1
5752,MAP7D1
5753,PTGES2
5754,ASRGL1
5755,MAPK8IP1
5756,STEAP1
5757,PDCL
5758,XPNPEP3
5759,ITPK1-AS1
5760,CWC15
5761,AP4M1
5762,MSH6
5763,MCHR1
5764,FBN3
5765,ZNF609
5766,AMY1C
5767,THAP5
5768,TRMT1L
5769,MEX3A
5770,MYL12A
5771,VN1R1
5772,SHC4
5773,MVB12A
5774,CIAPIN1
5775,TMC7
5776,SULT1B1
5777,CTCFL
5778,UNC93A
5779,GIGYF2
5780,TEAD3
5781,LIPI
5782,CMTR2
5783,DAW1
5784,TRAV5
5785,TMX1
5786,PRICKLE2-AS1
5787,ZNF607
5788,TUBG2
5789,POF1B
5790,ERP29
5791,PCP2
5792,ZFAND5
5793,MIR2117HG
5794,CPNE5
5795,SMPDL3A
5796,RANBP6
5797,MEPE
5798,HSPA14
5799,INHBA
5800,THAP9-AS1
5801,STARD7
5802,MON2
5803,POLR1A
5804,NOVA1
5805,KMO
5806,GDAP1L1
5807,NPM2
5808,PDAP1
5809,HSD17B13
5810,TLN2
5811,CD163
5812,C2CD4B
5813,NUTM2A-AS1
5814,PRRT3-AS1
5815,SSTR3
5816,HEATR5B
5817,RAB11A
5818,SPATA2L
5819,DCANP1
5820,VWA5B2
5821,ATP1A4
5822,APCDD1
5823,PCDHB15
5824,C1orf74
5825,ADAM28
5826,KLRG2
5827,DNAH5
5828,C19orf38
5829,ARHGDIB
5830,CCR8
5831,BEND2
5832,GRM3
5833,MRPL4
5834,TUBGCP2
5835,TEF
5836,FAM50B
5837,TUT1
5838,DSG4
5839,CALN1
5840,ASH1L-AS1
5841,TBCC
5842,CEP76
5843,CMTM2
5844,PTPRG
5845,CPLX1
5846,DPP10
5847,NXPE1
5848,TEK
5849,MAFF
5850,LINC00525
5851,NKX1-2
5852,BCL2L2
5853,LRRC36
5854,MS4A15
5855,ST7-AS1
5856,KSR2
5857,PRM1
5858,SET
5859,SFXN2
5860,EMC4
5861,CYB561
5862,TMEM59
5863,FABP1
5864,PIGT
5865,NOSIP
5866,LRRC38
5867,CYC1
5868,ITGA3
5869,RNF14
5870,MSRB3
5871,ACVR1B
5872,SPRY2
5873,OR1K1
5874,LINC00326
5875,GUF1
5876,PCSK5
5877,MYL12B
5878,C4BPB
5879,RNF186
5880,ESRRB
5881,CNTNAP3
5882,ALPK3
5883,PHKG1
5884,HHATL
5885,DCAF8L2
5886,GYPE
5887,PAX2
5888,CRK
5889,WDR27
5890,CCDC154
5891,TNFSF10
5892,TNFSF12-TNFSF13
5893,HMGCL
5894,EHD4
5895,PTGIR
5896,IL17RE
5897,PRX
5898,TMEM158
5899,FAM53A
5900,SLC8B1
5901,RRAGA
5902,MICU1
5903,VPS37D
5904,NSMCE2
5905,LILRA4
5906,POMGNT1
5907,RAMP1
5908,CCL2
5909,TFPI2
5910,RFTN1
5911,STRIP1
5912,BNIP3L
5913,F8A3
5914,MTOR
5915,RBFOX1
5916,SRRM3
5917,C3orf18
5918,OR3A2
5919,TBC1D24
5920,LINC01139
5921,HLA-DRB5
5922,POU2F2
5923,PCDHB7
5924,VIPAS39
5925,PPIE
5926,FBXO40
5927,ACOT13
5928,ZNF614
5929,URGCP
5930,RANBP2
5931,CA5A
5932,S100A4
5933,STEAP3
5934,TMEM9B
5935,PON3
5936,ASMT
5937,DCDC2C
5938,KRTAP4-5
5939,QPRT
5940,MIR2052HG
5941,INSIG1
5942,C1QA
5943,CIDEA
5944,SRSF9
5945,AGO2
5946,ARL14EP
5947,PRNP
5948,PTPN23
5949,RNF38
5950,OAZ3
5951,SLC22A16
5952,EHD2
5953,DYDC2
5954,RC3H1
5955,TP53TG5
5956,AKR7A2
5957,LINC01095
5958,BRWD1
5959,ADD2
5960,KCNQ4
5961,UBE2Z
5962,SORCS3
5963,CALM3
5964,RIMBP3C
5965,KLK1
5966,SEC11C
5967,MTMR1
5968,ZNF528
5969,HADHA
5970,POLR2F
5971,KRT28
5972,CRYBA4
5973,TRAF3IP2-AS1
5974,BMPR2
5975,CEACAM16
5976,ZBED5-AS1
5977,SPECC1
5978,USPL1
5979,AGBL1-AS1
5980,MTMR11
5981,TYSND1
5982,SFPQ
5983,FCRL1
5984,NKIRAS1
5985,FAM66E
5986,CD180
5987,GS1-24F4.2
5988,RPS10
5989,LINC01580
5990,TMEM143
5991,NAGS
5992,WDR3
5993,BLOC1S4
5994,WBP1L
5995,RBAKDN
5996,LIPN
5997,NBPF15
5998,UNKL
5999,ZDHHC2
6000,TNFRSF10A
6001,RBM24
6002,CA6
6003,COX8C
6004,ZNF280D
6005,TYW1
6006,ZBTB37
6007,TMEM254
6008,LAMA5
6009,LINC01605
6010,AMBRA1
6011,ZNF728
6012,IGLV3-6
6013,TNFSF18
6014,GULP1
6015,SNRNP70
6016,IL33
6017,HIPK4
6018,TBCA
6019,DDIT4L
6020,KCTD3
6021,ADK
6022,IL11RA
6023,LINC00355
6024,GLYATL3
6025,MRPS7
6026,HCAR1
6027,GRN
6028,FAIM2
6029,ABL2
6030,SUN5
6031,ZNF354C
6032,RND2
6033,SPX
6034,ZFYVE16
6035,DYNLT1
6036,CLEC4E
6037,ZNF506
6038,PLAC8
6039,ARFIP1
6040,PLCH1-AS1
6041,HMG20A
6042,TMEM92-AS1
6043,DGUOK
6044,PCOLCE2
6045,TREX2
6046,VAC14
6047,TRIM72
6048,SOX1
6049,SLC25A2
6050,UBE2T
6051,FAM209A
6052,MMP14
6053,FUT1
6054,HMOX1
6055,ADRA1D
6056,PRKG1-AS1
6057,GPA33
6058,HPS3
6059,CUL7
6060,NAT1
6061,FOXQ1
6062,AKT1S1
6063,SRBD1
6064,CSF2RB
6065,DDX21
6066,EIF4E
6067,DCAF7
6068,SCPEP1
6069,PRMT3
6070,ZNF418
6071,ITPK1
6072,LINC01558
6073,GPR17
6074,PROX1-AS1
6075,EFCAB12
6076,PLD1
6077,SLC35F1
6078,IGLC7
6079,WDR26
6080,FAM43B
6081,FBXL17
6082,CSTF2
6083,SPATA33
6084,COL28A1
6085,TLR5
6086,TESPA1
6087,CDK11A
6088,ANKRD34A
6089,SIRPA
6090,SSBP4
6091,TP53TG3D
6092,ANKRD44
6093,TRO
6094,ARHGEF6
6095,SLC22A5
6096,CD163L1
6097,ZNF90
6098,LINC01360
6099,DIXDC1
6100,WFS1
6101,TRPV3
6102,ZNF80
6103,N4BP2L1
6104,PHLPP1
6105,ZMYM4-AS1
6106,APLF
6107,CCDC85B
6108,FGF17
6109,BECN2
6110,CDH3
6111,HSPA2
6112,PPP2R2A
6113,IGFBP7-AS1
6114,SPARC
6115,FOXN3
6116,DUT
6117,DEPDC1-AS1
6118,KIAA0513
6119,TRBV24OR9-2
6120,HDAC9
6121,SLC9C1
6122,GALK2
6123,PDIA3
6124,FAAH
6125,GPRIN1
6126,CNOT8
6127,ANKRD52
6128,CADPS2
6129,MBD3L3
6130,ATL3
6131,RRP9
6132,CRYAB
6133,TRDN
6134,LINC00865
6135,LINC00052
6136,CTAGE1
6137,TRIM8
6138,SPANXD
6139,SPANXN3
6140,CYP1A1
6141,NDUFAF5
6142,NTN3
6143,ANAPC7
6144,NEUROG3
6145,HECTD2
6146,OGFOD3
6147,MBNL2
6148,PIK3R5
6149,ZNF398
6150,SAMD14
6151,R3HCC1
6152,TRMT10B
6153,KAZALD1
6154,DMBX1
6155,A1CF
6156,ZBTB20-AS4
6157,LYG2
6158,LEPROTL1
6159,UQCRHL
6160,KDM1A
6161,QSER1
6162,IGKV1-17
6163,SNX19
6164,ANKRD34C-AS1
6165,SPAG5
6166,IGLV1-47
6167,PRR11
6168,LINC00840
6169,SNX5
6170,MTF2
6171,NSG1
6172,TMEM62
6173,NCEH1
6174,C11orf71
6175,GABRR1
6176,ZNF623
6177,ALS2CL
6178,SLIT3
6179,SOCS7
6180,ADAM33
6181,ZNF853
6182,CTNNAL1
6183,TMEM215
6184,KIF17
6185,ATP8B3
6186,CLPP
6187,SLCO4A1
6188,TOR1B
6189,CEP70
6190,EPPIN
6191,CXCL6
6192,CDH15
6193,SH3BP5
6194,HAO1
6195,NAGPA
6196,TRPC3
6197,VAX1
6198,TMEM100
6199,TMEM45A
6200,SPANXB1
6201,SHBG
6202,NMD3
6203,SYK
6204,TXNDC8
6205,GNG11
6206,CD40
6207,HPCAL1
6208,TMC5
6209,C5orf15
6210,GPX1
6211,TYROBP
6212,KCTD4
6213,SLC38A5
6214,OXER1
6215,HAX1
6216,PRDM10
6217,STK40
6218,PLCB4
6219,SMU1
6220,SYT11
6221,STK39
6222,UBAP2
6223,LRRC10B
6224,RRN3
6225,CAMKV
6226,CYP2W1
6227,NGEF
6228,RTN1
6229,WDHD1
6230,MLYCD
6231,AJUBA
6232,HCRTR2
6233,BPIFA3
6234,LYRM2
6235,ZNF679
6236,CCDC80
6237,SDR39U1
6238,CRIP1
6239,ADGRG2
6240,EPB41L2
6241,PATZ1
6242,SRM
6243,SLC38A2
6244,URM1
6245,ZFP37
6246,RRM1
6247,CARNS1
6248,DOK7
6249,IP6K1
6250,PPP1R26
6251,NDUFV3
6252,IGBP1
6253,OR2C3
6254,COL9A2
6255,KPNA5
6256,WRNIP1
6257,SGMS1
6258,TYW1B
6259,GABRP
6260,TMEM218
6261,DNAJC27-AS1
6262,CEP57
6263,KLHL41
6264,PAM16
6265,DAG1
6266,NPM1
6267,SPANXA2-OT1
6268,INHBC
6269,RBM26
6270,ASIC4
6271,ADRA2A
6272,THEM4
6273,SS18
6274,TEX26
6275,FOXS1
6276,FAM3A
6277,FSCN1
6278,P2RY6
6279,EVPL
6280,PARP3
6281,ATP9A
6282,PDCD1LG2
6283,GFRA3
6284,TRMU
6285,PIP5K1B
6286,TRIM25
6287,KCNF1
6288,ZNF286A
6289,PAOX
6290,SLC4A8
6291,SORL1
6292,MAP4
6293,SNX32
6294,C2CD4A
6295,POLR2G
6296,DLL4
6297,NDUFA10
6298,PRKX
6299,MRPL55
6300,MAMSTR
6301,GRAMD1C
6302,FCHO1
6303,RIMBP3B
6304,ZNF768
6305,SUMF1
6306,IQSEC3
6307,TTN
6308,FAM171A2
6309,ERVV-1
6310,KRT3
6311,SH2D1A
6312,SLC19A3
6313,ESRRG
6314,ZNF44
6315,ANAPC4
6316,TRHDE
6317,PRR29-AS1
6318,KCTD17
6319,PEX6
6320,OAS1
6321,CYBB
6322,TMC1
6323,DEPTOR
6324,SRPX2
6325,BAG5
6326,CCND2
6327,ACSL6
6328,PTX4
6329,TRPS1
6330,CRTAP
6331,SPRR1A
6332,SLC25A25
6333,SLC38A7
6334,ARHGEF9
6335,TCOF1
6336,MID1
6337,FJX1
6338,NLRC4
6339,NELL2
6340,CLEC9A
6341,KRT75
6342,LGR6
6343,EVI2A
6344,CSNK2A2
6345,MTHFD1L
6346,GALNT13
6347,QSOX1
6348,PANX1
6349,NTMT1
6350,SLC10A3
6351,ZNF32-AS1
6352,NME9
6353,KIFC3
6354,ANTXR2
6355,BOP1
6356,IGIP
6357,ERMAP
6358,HNRNPF
6359,WNT7B
6360,RAB9A
6361,PKD1L1
6362,CASC3
6363,RTP2
6364,ITGB1BP2
6365,ZNF335
6366,NPAS3
6367,LONRF2
6368,ABAT
6369,CCDC124
6370,ARMCX2
6371,PEX11G
6372,CHRND
6373,CHST2
6374,SALL3
6375,ZNF511
6376,TMLHE
6377,CRHR2
6378,TIPARP
6379,MC2R
6380,GALNT11
6381,RASAL2
6382,PECR
6383,ANAPC16
6384,MPPE1
6385,COL7A1
6386,PBXIP1
6387,C5
6388,RP2
6389,PC
6390,INA
6391,NTN1
6392,CTCF
6393,RPL19
6394,LINC01264
6395,PLA2G7
6396,DEFB121
6397,ATP2C1
6398,CDC25B
6399,PUM3
6400,UBE2D4
6401,MIR7-3HG
6402,CSNK1A1
6403,FAM138D
6404,LCNL1
6405,GALC
6406,FFAR2
6407,ZCCHC9
6408,PKP4
6409,ST8SIA2
6410,TRMT2A
6411,KRT10
6412,TTPAL
6413,SLC13A4
6414,LIN28A
6415,DNTTIP1
6416,KRT71
6417,DENND4C
6418,PGS1
6419,MAGED4
6420,NUDT4
6421,ZNF649-AS1
6422,GSK3A
6423,EDDM3B
6424,OTOG
6425,BPIFB6
6426,FOXO6
6427,FBF1
6428,UBQLN3
6429,PLCH1
6430,COMMD6
6431,FAM78A
6432,SHC3
6433,DPY30
6434,AK8
6435,ZNF23
6436,PLD4
6437,UBE2G2
6438,TEKT1
6439,LEFTY1
6440,PARD3
6441,MED7
6442,GRAPL
6443,ORC5
6444,ABHD14B
6445,PPM1H
6446,S1PR3
6447,WDR54
6448,DNAJC13
6449,HK3
6450,NEK8
6451,CLEC7A
6452,LCP1
6453,TXNDC12-AS1
6454,PREP
6455,GDPD5
6456,SLC6A3
6457,NSUN7
6458,ADORA3
6459,ZNF599
6460,EPB41L4B
6461,PON2
6462,LINC00852
6463,KRTAP13-2
6464,ERLEC1
6465,TMEM171
6466,KRT18
6467,SP3
6468,GAB2
6469,HELZ
6470,ELP4
6471,ROPN1B
6472,IQCC
6473,NAP1L2
6474,TVP23C-CDRT4
6475,CALCOCO2
6476,RPL12
6477,SLC39A13
6478,C12orf56
6479,BTBD19
6480,CCDC110
6481,SUV39H1
6482,EIF2B2
6483,STXBP5
6484,GPR141
6485,KRTAP29-1
6486,BAZ2A
6487,TADA3
6488,REV1
6489,PODXL2
6490,USP22
6491,LSMEM2
6492,PTGER1
6493,FGD4
6494,TPK1
6495,WNT10A
6496,VPS72
6497,ARPP19
6498,ZCWPW1
6499,PEX12
6500,FAM78B
6501,MBNL3
6502,KPNA2
6503,CTAG1A
6504,EHBP1L1
6505,ZNF223
6506,PLEKHG1
6507,GTF3A
6508,IDI2
6509,ENPP1
6510,SMIM2-AS1
6511,AURKC
6512,DPYSL3
6513,MYO16-AS1
6514,RRM2
6515,NEUROG2
6516,ARFGAP1
6517,MEG9
6518,KRT39
6519,IGLC3
6520,ZNF577
6521,LINC01300
6522,ALKBH2
6523,NLE1
6524,ZFYVE28
6525,ZNF326
6526,SOWAHA
6527,OPA3
6528,ZNF283
6529,LELP1
6530,CPEB4
6531,EDRF1-AS1
6532,CHST11
6533,UPRT
6534,PARG
6535,TMEM185B
6536,SUGCT
6537,PPP6R2
6538,RTBDN
6539,TSGA10
6540,SSH1
6541,PLK4
6542,CSTF1
6543,TEKT2
6544,ABCA5
6545,ACADS
6546,FCGR3B
6547,SCOC
6548,FABP12
6549,TANGO6
6550,SAP130
6551,CHAF1B
6552,SDHAF1
6553,N4BP1
6554,BRIX1
6555,DDHD1
6556,METAP2
6557,PLCE1
6558,CYP4A11
6559,ZNF677
6560,FAR1
6561,ARHGEF12
6562,GPATCH2
6563,SSUH2
6564,NFIC
6565,PLA2G1B
6566,ZNF454
6567,APOL1
6568,RASL11B
6569,SCNN1A
6570,RNF122
6571,CD300LF
6572,ATP6V1F
6573,EFCAB14
6574,MRPL21
6575,ADGRA2
6576,SOAT1
6577,ABHD10
6578,GFRAL
6579,NANOS2
6580,ICAM4
6581,RBL1
6582,CHRNB3
6583,ZNF91
6584,ZNF835
6585,FAM83C
6586,PCDHGA2
6587,TOR4A
6588,DROSHA
6589,ZNF416
6590,ETV3
6591,TOB1
6592,XAGE3
6593,GRAP2
6594,LRCH2
6595,KCTD16
6596,DMD
6597,SEMA3F
6598,OTOL1
6599,ALG6
6600,PSMD3
6601,WNT1
6602,ZEB2
6603,AMFR
6604,DDI2
6605,CACNA1I
6606,TYRP1
6607,SLC25A23
6608,CCSAP
6609,CLYBL
6610,IAPP
6611,GLB1L3
6612,PSPN
6613,HARBI1
6614,ZNF714
6615,C2orf78
6616,KRTAP12-2
6617,MICAL1
6618,GCDH
6619,UHRF2
6620,CLEC1A
6621,FOXP2
6622,TIMM50
6623,ARAP3
6624,LRIG2
6625,LINC01142
6626,AASDH
6627,PLD6
6628,PPIL6
6629,PIK3CD-AS2
6630,PKD2
6631,KCNQ1OT1
6632,LINC01527
6633,ITSN2
6634,TSC1
6635,HNRNPM
6636,GPR83
6637,PIM3
6638,HTR3C
6639,PAXBP1-AS1
6640,LINC00841
6641,MAD2L1BP
6642,SPRN
6643,RAB33B
6644,PLD3
6645,OR52K1
6646,RUFY2
6647,SPPL2A
6648,GPC2
6649,HUS1
6650,MTX2
6651,FBXO32
6652,MT-CO3
6653,TRAV12-3
6654,PTAR1
6655,RHOXF1-AS1
6656,ART5
6657,FOLR1
6658,KRT33B
6659,PLGLB1
6660,ATP2A1
6661,NALCN
6662,ZC2HC1A
6663,PLS1
6664,CSF3R
6665,USP15
6666,GNG7
6667,LINC01265
6668,TLE2
6669,ADORA2A-AS1
6670,DNAJC7
6671,FKBP4
6672,LINC00240
6673,PSD3
6674,TSPEAR-AS1
6675,SPSB1
6676,NOP2
6677,TXLNG
6678,ZC3HAV1
6679,FAM199X
6680,FGF20
6681,RSPH9
6682,ABRA
6683,GJC3
6684,CHST15
6685,ZNF888
6686,CRABP1
6687,TXN2
6688,RPS29
6689,MALT1
6690,FAM227A
6691,EHD4-AS1
6692,SDF4
6693,RNF167
6694,NIM1K
6695,TEX19
6696,ALG8
6697,ACOX1
6698,KDM7A
6699,RNF217
6700,NDUFC2-KCTD14
6701,SMIM9
6702,CD72
6703,ADCK5
6704,LINC01364
6705,TCERG1L
6706,ANKDD1A
6707,ZNF804A
6708,HIC2
6709,FPR2
6710,UFC1
6711,ABHD5
6712,COMT
6713,EEF1B2
6714,AK4
6715,TMEM65
6716,NMRK2
6717,ST13
6718,NR1D1
6719,BCL6B
6720,RNASE2
6721,BCAS2
6722,MYO5C
6723,CFAP58
6724,ZKSCAN1
6725,DGKD
6726,MT2A
6727,ACE
6728,GSAP
6729,CEBPD
6730,NPHS2
6731,LCMT1
6732,CD1A
6733,RBPJ
6734,DNAAF1
6735,GH1
6736,DEGS1
6737,FLRT3
6738,SPEN
6739,LYRM1
6740,HOXC11
6741,SIAE
6742,IL10
6743,OAT
6744,LIN37
6745,EMC2
6746,GORASP2
6747,POT1
6748,SCUBE2
6749,PANK3
6750,SLC51A
6751,CYP4F3
6752,LINC01629
6753,CIC
6754,P2RX7
6755,NRG1
6756,B3GNT6
6757,CASZ1
6758,ZNF747
6759,TBR1
6760,PAM
6761,ADGRD1
6762,SCYL3
6763,ELOVL2-AS1
6764,FANCD2
6765,EFNA3
6766,C1QTNF2
6767,TAAR1
6768,HMBOX1
6769,KCTD14
6770,PAQR9-AS1
6771,GJB6
6772,MIR100HG
6773,IGKV1D-13
6774,TMEM88
6775,ZSWIM3
6776,MAPKAPK3
6777,NT5DC3
6778,C4orf33
6779,HESX1
6780,MIR3663HG
6781,TG
6782,CLCA2
6783,ASPG
6784,SMR3A
6785,CDC42SE1
6786,NAE1
6787,MAPK6
6788,CRYBA2
6789,NBPF12
6790,SCAND1
6791,LSM1
6792,KBTBD13
6793,RALBP1
6794,SNX21
6795,ZNF449
6796,LIPJ
6797,ZCWPW2
6798,C5orf52
6799,PCDHGC3
6800,ZNF596
6801,HECW1
6802,ASCL5
6803,ZPLD1
6804,RPS26
6805,KRTAP5-10
6806,LY96
6807,KIDINS220
6808,TSPAN32
6809,OTULIN
6810,GAL3ST3
6811,TMEM82
6812,CUL5
6813,TSACC
6814,FOXK2
6815,CAPNS2
6816,DDIT3
6817,MAGI1-AS1
6818,NUP155
6819,CTNND2
6820,IGFALS
6821,PPP1R14C
6822,EPOR
6823,FAM72B
6824,IGKV1-37
6825,NCBP2L
6826,FOLR3
6827,ZNF41
6828,GTSF1
6829,CCDC13
6830,PPP4R3A
6831,POFUT2
6832,XRCC1
6833,CACTIN-AS1
6834,TCN2
6835,CD6
6836,UXT-AS1
6837,XCL1
6838,GCKR
6839,IL1RL2
6840,OR52N2
6841,USH2A
6842,TPTEP1
6843,TXNL4A
6844,FRMD4A
6845,SART3
6846,CACNA2D1
6847,CLRN3
6848,DDX19B
6849,GSDMD
6850,MAPK4
6851,C1orf174
6852,IGKV1-27
6853,HTN1
6854,FAM98B
6855,ATG14
6856,CBX2
6857,ANTXR1
6858,EDC4
6859,KIAA0753
6860,CLMP
6861,CNBD2
6862,SETX
6863,OR2B11
6864,LAMA5-AS1
6865,CACNG3
6866,ATF6
6867,NOL10
6868,TLCD2
6869,GNAO1
6870,MAP7D3
6871,HCN1
6872,SHOX2
6873,SPP1
6874,BPNT1
6875,STAU2
6876,DHX9
6877,SLC1A1
6878,LPAR5
6879,UBE2Q2
6880,TMIE
6881,ADAMTS12
6882,ARPC3
6883,HS3ST5
6884,CCNE1
6885,BARHL2
6886,MYCNOS
6887,HAGLR
6888,TRMT1
6889,SCAMP1-AS1
6890,CHCHD5
6891,PIGZ
6892,LPIN3
6893,PXDNL
6894,OPN3
6895,ZNF451
6896,TRIM50
6897,KIF5A
6898,SIGLEC15
6899,BBS5
6900,KLHL28
6901,VSIG8
6902,EFR3B
6903,LMLN
6904,FCRL6
6905,PTPMT1
6906,RPLP0
6907,SLC23A3
6908,MKNK1
6909,NEMP2
6910,CKMT2
6911,CEACAM20
6912,RENBP
6913,EME1
6914,EML3
6915,SPRR2E
6916,MRPL14
6917,RRAGB
6918,HOXA7
6919,SLC39A4
6920,FGF3
6921,LINC01456
6922,CPA3
6923,LBH
6924,NRBP2
6925,WWC2-AS2
6926,COL1A1
6927,CPE
6928,PRDM5
6929,PPP1R16A
6930,KHNYN
6931,RETN
6932,ELF3
6933,VEGFC
6934,IGFBP6
6935,SNX4
6936,ZNF254
6937,SYNJ2BP-COX16
6938,IFNG
6939,SUCLG1
6940,SKI
6941,UBXN11
6942,SLC35F2
6943,CTB-30L5.1
6944,TCFL5
6945,SARDH
6946,PTGES
6947,ISM2
6948,SFTPA2
6949,OVGP1
6950,KCNK15
6951,SOX15
6952,NR0B2
6953,LGALS3
6954,NIP7
6955,THUMPD3
6956,BROX
6957,UBLCP1
6958,MAGEE1
6959,COMMD8
6960,FAM217B
6961,CHRM2
6962,PRMT6
6963,IL36B
6964,CERS6
6965,IL1RAP
6966,CHML
6967,SLA2
6968,TRAJ52
6969,CLSTN2-AS1
6970,TMEM72-AS1
6971,RAD17
6972,PDLIM5
6973,LDLRAD3
6974,VPS18
6975,GDA
6976,NECAB3
6977,ORM2
6978,STXBP1
6979,CALHM2
6980,GAK
6981,MAGOHB
6982,TTC17
6983,SYT16
6984,HOXB9
6985,FGF2
6986,GABRA4
6987,TRAV18
6988,SV2A
6989,PPP1R26-AS1
6990,TRNP1
6991,ALDOB
6992,NPHP3-ACAD11
6993,CCL16
6994,STXBP6
6995,OGFOD1
6996,LINC01003
6997,GBP1
6998,MALAT1
6999,PHEX-AS1
7000,TNFSF14
7001,PRSS8
7002,TRAF3IP3
7003,FGF12-AS2
7004,BRCA1
7005,FCGR2B
7006,CAND1
7007,MEP1A
7008,OPN4
7009,RAET1E
7010,LINC01565
7011,ZBTB32
7012,RHEBL1
7013,GRHL3
7014,PGBD5
7015,CD3E
7016,SLC46A1
7017,CD207
7018,LINC01215
7019,GGT6
7020,LINC00957
7021,DCLK2
7022,HOXA11-AS
7023,GLTPD2
7024,NT5C3A
7025,PUDP
7026,UBFD1
7027,PCDHB13
7028,GJD3
7029,OVOL3
7030,SYNDIG1L
7031,SMARCD3
7032,TEDDM1
7033,KLK8
7034,LINC01239
7035,RFESD
7036,SH3KBP1
7037,INSC
7038,PDIA5
7039,ZNF572
7040,SCAMP4
7041,SNX1
7042,RAP2C-AS1
7043,LYPD6
7044,FBXW2
7045,ZNF438
7046,SEC14L4
7047,SESN1
7048,CIB3
7049,ECSIT
7050,TOMM40L
7051,MEIOB
7052,S100P
7053,XXYLT1
7054,AMPH
7055,VSTM2A
7056,NIFK
7057,TMCO5A
7058,ATAD1
7059,GLUL
7060,MYO1A
7061,JMJD4
7062,PAIP1
7063,CLIC5
7064,ALKBH8
7065,RNF4
7066,PTCD1
7067,DERL1
7068,CCDC28A
7069,LIPA
7070,ZRANB1
7071,NDUFB8
7072,SETD4
7073,FAM107B
7074,IGHV3-30
7075,SLC34A1
7076,OSMR
7077,ZNF738
7078,FBXO9
7079,CD47
7080,HEATR5A
7081,C3orf33
7082,SCARNA2
7083,ASZ1
7084,SLC20A2
7085,SEC14L5
7086,KCNA4
7087,PKP1
7088,UQCR11
7089,ARR3
7090,SPDEF
7091,POU3F2
7092,PIWIL3
7093,ADAMTSL1
7094,GRM7
7095,CLEC12A
7096,OPHN1
7097,DNAJC8
7098,SNTG1
7099,CSMD3
7100,GNL3L
7101,GIT1
7102,AKTIP
7103,MMP23B
7104,EXD2
7105,TMED2
7106,PPY
7107,CDK2
7108,FAM225A
7109,SPTLC1
7110,CYSLTR2
7111,FOS
7112,CD151
7113,C3
7114,PRSS35
7115,STK38
7116,P2RX5
7117,FAM98A
7118,HYAL3
7119,ETNK2
7120,AGT
7121,MORC1
7122,LINC00488
7123,TNFAIP2
7124,RAB17
7125,RGS7
7126,CRKL
7127,MACF1
7128,NAPB
7129,SLC18A1
7130,SH3GLB2
7131,SLC25A45
7132,POGZ
7133,TSPEAR
7134,LHFPL5
7135,PIM2
7136,TRIL
7137,CNIH4
7138,ACO2
7139,TBC1D19
7140,DNAJB6
7141,TMEM117
7142,RAPGEF1
7143,CELF6
7144,RAD1
7145,GALNT8
7146,FBXO4
7147,TRUB2
7148,PSMB1
7149,RPL14
7150,ABI3
7151,SLC12A4
7152,AMZ2
7153,TMEM8B
7154,CCDC74B
7155,CCDC43
7156,OOEP
7157,SCN2B
7158,EFCAB3
7159,GPN3
7160,PROB1
7161,TRIB3
7162,GDPD2
7163,GCSAML
7164,VPS25
7165,KCNJ3
7166,GMEB1
7167,DNAJB12
7168,DPP8
7169,LIPT2
7170,TRIP4
7171,RXRA
7172,ZNF248
7173,CHCHD7
7174,CDNF
7175,CD101
7176,NHEG1
7177,AGA
7178,MYRF
7179,PPARG
7180,LRRC28
7181,BLM
7182,PTPRJ
7183,ADM
7184,BEND5
7185,KRT13
7186,BEST1
7187,CD3D
7188,ZNF106
7189,CTAG1B
7190,RPUSD3
7191,DOCK1
7192,MMP15
7193,SPINT1
7194,TDP1
7195,PITX1
7196,TMEM161A
7197,PYCARD
7198,SNX9
7199,OR56B1
7200,FUT5
7201,GIPC2
7202,HSF2BP
7203,EML1
7204,IL15
7205,TUFM
7206,IGLV3-12
7207,RIN2
7208,MECP2
7209,WNT5A-AS1
7210,PLA2G5
7211,TRIM68
7212,ABCB10
7213,CAP2
7214,PHF19
7215,PM20D2
7216,YTHDC2
7217,DUSP5
7218,CRNKL1
7219,ZNF730
7220,SPON1
7221,PMAIP1
7222,YWHAG
7223,CAPN12
7224,TMPRSS5
7225,TMEM140
7226,EPHA4
7227,PURA
7228,GKN2
7229,SBNO2
7230,KLRC1
7231,GALNT10
7232,PNKP
7233,HS1BP3
7234,SPTSSA
7235,TRIO
7236,CHIT1
7237,SPTBN1
7238,SHKBP1
7239,SETD2
7240,WDR49
7241,CLEC2B
7242,SP4
7243,AUP1
7244,CHST9
7245,SH3BGR
7246,TNFRSF1B
7247,SLC12A5
7248,ACSM3
7249,PDE11A
7250,LINC00184
7251,DHRS3
7252,NIPAL1
7253,TBX6
7254,FNIP1
7255,ADCK1
7256,CDH12
7257,DMKN
7258,SIGLEC5
7259,PLCXD3
7260,ZNF285
7261,SSBP3-AS1
7262,LY6D
7263,C1QTNF1-AS1
7264,SLC13A1
7265,GABRD
7266,RABEP2
7267,UBAC2-AS1
7268,CLEC4M
7269,SNAPC1
7270,HOXA9
7271,MTA1
7272,KISS1
7273,DHRS7C
7274,TAMM41
7275,BTBD10
7276,CKAP2L
7277,PDS5B
7278,C8orf34-AS1
7279,SIGLEC8
7280,CPNE2
7281,GATA6-AS1
7282,PRDM12
7283,ARHGAP36
7284,NISCH
7285,LINC00301
7286,TRIM22
7287,TIMM13
7288,IL5
7289,CFHR5
7290,NYAP1
7291,SIRPG-AS1
7292,CYB5RL
7293,TUBA4B
7294,IGHVIII-2-1
7295,SLC43A3
7296,ZNF391
7297,RAB39A
7298,ITGB5
7299,NXPE4
7300,BEND6
7301,PRDM6
7302,ZSCAN5B
7303,GTF2IRD2B
7304,CYB5R1
7305,C15orf39
7306,ADPGK-AS1
7307,STRN3
7308,BRD8
7309,MTA2
7310,CEP295NL
7311,SRSF12
7312,TIMM9
7313,CREB1
7314,B3GNT4
7315,SLC10A7
7316,CHP2
7317,SPINK9
7318,LINC00396
7319,DDX49
7320,LRRC39
7321,GATM
7322,ASCC3
7323,SAMD10
7324,PHF24
7325,BACE2
7326,SH3BP5-AS1
7327,PSMA6
7328,DNAJC19
7329,RPL36A
7330,POLR3H
7331,DPH2
7332,SEC23A
7333,SLC41A3
7334,WDR33
7335,TMEM91
7336,MTFR2
7337,NWD1
7338,LY6H
7339,OR10D3
7340,GNG13
7341,AEN
7342,SLFNL1
7343,SYT12
7344,ATP10A
7345,KLC4
7346,FAM185A
7347,TRIM34
7348,LINC01180
7349,PAIP2B
7350,GADL1
7351,PCGF5
7352,FAM25A
7353,SYNC
7354,LINC01214
7355,NRAV
7356,ZEB1
7357,PDP1
7358,THRA
7359,NSDHL
7360,ACAP3
7361,NAA16
7362,KLK12
7363,MYL7
7364,TRIM52
7365,DUOXA1
7366,LASP1
7367,CLK3
7368,CCDC184
7369,PCDHGB6
7370,HID1
7371,SLC22A12
7372,GPRASP1
7373,TLX2
7374,PGM1
7375,ZNF423
7376,POLR2M
7377,KMT2E
7378,PPP2R3A
7379,ARAF
7380,TMED5
7381,CFHR1
7382,KANSL1L
7383,ZSWIM8
7384,FYN
7385,NDUFAF1
7386,THRB
7387,SPIDR
7388,PPARA
7389,C17orf99
7390,ZNRF3-AS1
7391,PHEX
7392,HRC
7393,HCLS1
7394,ISLR
7395,DAND5
7396,RSF1
7397,PDZD4
7398,RFC4
7399,B3GNT8
7400,SPN
7401,DHODH
7402,PRDM15
7403,LEPROT
7404,HSPBAP1
7405,MAGED1
7406,ALDH1L1-AS2
7407,AIF1
7408,OTUD7B
7409,KCNN1
7410,RAB12
7411,MRRF
7412,CRLS1
7413,HSD3B1
7414,LEAP2
7415,C1QTNF9
7416,ELAVL4
7417,ACTA1
7418,LIMD1
7419,GBF1
7420,C1orf50
7421,CA3
7422,SRFBP1
7423,SP2
7424,IRF2
7425,ZNF575
7426,PJA1
7427,CCL15
7428,MAMLD1
7429,RBMS2
7430,PHF10
7431,RAB44
7432,FLAD1
7433,ARMC5
7434,IRGM
7435,MOB3B
7436,SPECC1L
7437,AQP8
7438,CXCL5
7439,HOMER1
7440,EPS15
7441,CKM
7442,SOS1
7443,SH3RF3
7444,AASS
7445,TNNI2
7446,CKB
7447,TAF10
7448,SVEP1
7449,TDRG1
7450,B4GALT5
7451,LINC00402
7452,TICRR
7453,RFC5
7454,RNF7
7455,OR7C1
7456,SLC16A10
7457,EIF3G
7458,KIRREL3
7459,OXGR1
7460,ABHD12
7461,NACAD
7462,PABPN1L
7463,CIPC
7464,NEDD4
7465,RGS20
7466,TRIM33
7467,LINC00898
7468,RFPL1
7469,GRXCR1
7470,HINT2
7471,LARP4B
7472,UCK2
7473,DGKE
7474,NDUFB6
7475,LPCAT2
7476,XAF1
7477,MYCBP2-AS1
7478,PRMT7
7479,KLHL21
7480,TIPIN
7481,SPDL1
7482,PPP1R16B
7483,DACT1
7484,CALY
7485,AP3S2
7486,GPR82
7487,SCGB1A1
7488,CCER2
7489,FOXR1
7490,OSBPL6
7491,GTPBP1
7492,GTF3C5
7493,OTUD1
7494,PSMC6
7495,IRX2
7496,CST9
7497,GPR137C
7498,LINC01450
7499,TSSK2
7500,GMPPA
7501,GALNTL5
7502,MYO7A
7503,DUS3L
7504,UCHL1
7505,UGDH-AS1
7506,TBC1D22A
7507,SMC1B
7508,SPDYE1
7509,KITLG
7510,PRPS2
7511,GBP2
7512,TH
7513,NALCN-AS1
7514,MGME1
7515,ZSCAN25
7516,TBC1D8
7517,CCL17
7518,SLC31A1
7519,MIEN1
7520,SLC22A25
7521,ARL14
7522,C17orf107
7523,GTF2F1
7524,DPYSL5
7525,UFSP2
7526,KLHL34
7527,KCNS2
7528,DGCR2
7529,CARD8
7530,RAB40AL
7531,CEP192
7532,ZFAT-AS1
7533,RTEL1
7534,REEP6
7535,BTLA
7536,PCAT7
7537,SPRR2B
7538,SCAMP5
7539,AGBL1
7540,TMEM18
7541,MYO15A
7542,WDR90
7543,FAM222B
7544,GAB1
7545,SMTNL1
7546,STMND1
7547,HAVCR2
7548,NFE2L1
7549,CEP170B
7550,TCEAL5
7551,P2RY11
7552,IGHV3-54
7553,ZBTB33
7554,PPP1R3G
7555,BACH2
7556,IGHV3-13
7557,SAP30L
7558,MRPS23
7559,PEBP1
7560,KIF20A
7561,DUSP28
7562,TYK2
7563,VPS8
7564,ACP7
7565,UPF3B
7566,VPS33A
7567,LONP1
7568,ZBTB7B
7569,LINC00958
7570,GZMH
7571,TBC1D10B
7572,MTERF4
7573,TROAP
7574,PTPRF
7575,MTUS2
7576,DLG1
7577,LINC00452
7578,RPP14
7579,SYT1
7580,MIR5689HG
7581,TRIOBP
7582,TRAV1-2
7583,CCKBR
7584,IL37
7585,MCUR1
7586,SLC35G5
7587,AP5B1
7588,KLF16
7589,RASL12
7590,MR1
7591,BDNF
7592,NME5
7593,GPR173
7594,KCNQ3
7595,ERI1
7596,SRGAP2-AS1
7597,GIMAP5
7598,FGFBP2
7599,DLX4
7600,PI4K2B
7601,NECAB1
7602,MAP2K6
7603,FBXL8
7604,ACTR3C
7605,ADGRG4
7606,SYCE2
7607,MOSPD3
7608,ANK2
7609,ZNF674-AS1
7610,GALNT7
7611,NUDT12
7612,C2orf42
7613,RMDN3
7614,SMCR5
7615,PIGS
7616,PAX4
7617,HP
7618,CD5L
7619,RGPD6
7620,HOTAIR
7621,KCNJ16
7622,AXL
7623,IGKV1D-12
7624,TRBV26OR9-2
7625,PLXDC2
7626,NLRP5
7627,CXorf65
7628,PCDHAC2
7629,IQGAP1
7630,MLST8
7631,TULP2
7632,NT5C1A
7633,ZNF491
7634,RETSAT
7635,ZC3H3
7636,ZNF594
7637,ZNF467
7638,TXNDC12
7639,SCRN3
7640,REEP5
7641,CCDC188
7642,SLC25A46
7643,NKD1
7644,GUCA1A
7645,HOXB6
7646,SASS6
7647,HSPB1
7648,HACE1
7649,EBF3
7650,TOE1
7651,CLASP2
7652,MT1E
7653,NOC3L
7654,EIF2B4
7655,FBXO16
7656,GCFC2
7657,GGT1
7658,DDX46
7659,NXPE3
7660,BLOC1S1
7661,SLC33A1
7662,CLN5
7663,SRP72
7664,LRCH3
7665,PIN1
7666,CAMK2A
7667,BDKRB2
7668,SLPI
7669,TECR
7670,C16orf89
7671,HSD17B11
7672,SCARF2
7673,HEMGN
7674,ZNF174
7675,SLC45A1
7676,HIGD2B
7677,CTXN2
7678,OR11H2
7679,CNTFR
7680,BSND
7681,EID3
7682,CAP1
7683,SPSB2
7684,SOX5
7685,TMEM63C
7686,PPTC7
7687,SDAD1
7688,IVNS1ABP
7689,COMMD3
7690,NSUN5
7691,GSC2
7692,TAS1R2
7693,GNG12-AS1
7694,ZNF177
7695,NUDT2
7696,CISD1
7697,PNMA1
7698,ASB18
7699,SMAD7
7700,SNRNP25
7701,ZNF630
7702,UQCC2
7703,UPF2
7704,RINT1
7705,SCML4
7706,ARRDC2
7707,CD302
7708,ANKMY1
7709,CBX8
7710,ZNF341
7711,TRAPPC2
7712,RIC8A
7713,DNASE1
7714,WWC3
7715,COMMD2
7716,HERPUD2
7717,ENC1
7718,CECR3
7719,AP1S2
7720,RBM46
7721,PPIP5K1
7722,MT-ND4L
7723,TFB2M
7724,POU6F1
7725,SERPINA6
7726,EIF2AK1
7727,HHIP-AS1
7728,AMMECR1
7729,PDGFD
7730,NUDT17
7731,PLA2G4F
7732,JMJD7-PLA2G4B
7733,PTGDS
7734,SLAIN2
7735,IGFBP5
7736,BTN3A3
7737,CD48
7738,COL14A1
7739,HBM
7740,TTLL7
7741,LINC01282
7742,HIPK3
7743,TCTA
7744,HMBS
7745,NFATC1
7746,FPR3
7747,CDKL1
7748,TNFRSF11A
7749,NR5A1
7750,MEOX1
7751,COPS5
7752,DYNLL2
7753,TPD52L2
7754,GPR50
7755,PLEKHH3
7756,POLD2
7757,SYT2
7758,ALX3
7759,NCBP3
7760,CAMK2D
7761,TRIM23
7762,DEPDC1B
7763,GPR137B
7764,SLC5A3
7765,KAAG1
7766,GAL3ST1
7767,RASSF9
7768,TSPAN4
7769,TRIM44
7770,TMEM231
7771,LINC01572
7772,ZBTB9
7773,ID2
7774,MLF1
7775,GIPC1
7776,SGK1
7777,NUF2
7778,GPR37
7779,IRX3
7780,MAN1A2
7781,LINC00670
7782,ZNF814
7783,ROCK1
7784,STRC
7785,C16orf90
7786,COQ3
7787,RHBDD2
7788,HNRNPH3
7789,ANKRD61
7790,OR1C1
7791,FAM135B
7792,SETD9
7793,ADGRF3
7794,DPT
7795,RNF217-AS1
7796,WNT11
7797,RNF125
7798,HUS1B
7799,DESI1
7800,INPP1
7801,LIMA1
7802,DHX33
7803,SLMAP
7804,CA12
7805,ZNF18
7806,CCER1
7807,SMTNL2
7808,MPHOSPH6
7809,FEM1B
7810,TMEM14B
7811,CCDC9
7812,TUBA3D
7813,ARHGEF39
7814,PHF13
7815,MAP2K1
7816,MYOC
7817,CLGN
7818,SH3PXD2B
7819,WT1
7820,DSCAM-AS1
7821,UBN2
7822,MPL
7823,WEE1
7824,ASIC1
7825,STRN4
7826,NRDE2
7827,TEKT5
7828,PEG3
7829,COG6
7830,MOB3C
7831,SNHG21
7832,ISL1
7833,NFIA
7834,KCTD18
7835,C3orf49
7836,SLC9A2
7837,PGLYRP3
7838,PDE6H
7839,PSD2
7840,EGFLAM-AS4
7841,ADAMTS10
7842,CHD2
7843,SERPINE3
7844,MAFB
7845,LINC01287
7846,HYDIN
7847,XBP1
7848,ANKRD65
7849,HLTF-AS1
7850,GPT
7851,SKIDA1
7852,CCK
7853,NACA
7854,INTS10
7855,SURF2
7856,CACNB3
7857,AGO3
7858,ATXN1
7859,SLC22A2
7860,IST1
7861,MIR646HG
7862,CDC25A
7863,WNT2
7864,ST8SIA4
7865,RBBP9
7866,PTRH2
7867,COPE
7868,FCGR2A
7869,PTAFR
7870,RBPMS
7871,IGHV3-48
7872,KIF16B
7873,AIRE
7874,ZNF146
7875,LINC01228
7876,KLHL23
7877,RCE1
7878,FBXW9
7879,ANKRD24
7880,PPP1CA
7881,XKRX
7882,USP18
7883,FSTL5
7884,FLRT2
7885,ZBTB8OS
7886,ENTPD4
7887,HEXIM2
7888,MAP3K6
7889,GTSE1
7890,VPS26B
7891,SPATA31D3
7892,INSR
7893,DRGX
7894,NPIPB9
7895,HOXB-AS1
7896,FLJ16779
7897,AKT1
7898,ARHGEF40
7899,PCDHA8
7900,GPR152
7901,DDX50
7902,RHOB
7903,APOBEC3F
7904,ZNF71
7905,MIR548XHG
7906,CT62
7907,RYR3
7908,SPICE1
7909,CCS
7910,LINC00572
7911,MED8
7912,SUMO3
7913,MTMR9
7914,EXOC3
7915,ANKMY2
7916,ZDHHC6
7917,USP43
7918,ZNF503-AS1
7919,STX1B
7920,CLDN19
7921,HNRNPA1
7922,SAMD11
7923,RPA1
7924,MS4A7
7925,TANGO2
7926,DDA1
7927,HERC6
7928,LINC01087
7929,IL21
7930,STOX1
7931,PLEKHA1
7932,KRT222
7933,CCND1
7934,LRRD1
7935,NOXRED1
7936,SEMA3B
7937,OLIG2
7938,C1QL3
7939,KLHL6-AS1
7940,TRIM45
7941,GATA5
7942,AGFG1
7943,SHC1
7944,SLC25A20
7945,TMEM128
7946,STRADB
7947,SCFD2
7948,AIDA
7949,TTBK1
7950,WIPI2
7951,GABRR3
7952,FSD1
7953,SIX2
7954,CRYGN
7955,KCTD15
7956,MTCH2
7957,TRIM74
7958,ZNF641
7959,PTP4A2
7960,FENDRR
7961,PPP1R12B
7962,PRAM1
7963,OR5AU1
7964,GABRG2
7965,KRT9
7966,RNF41
7967,OXCT2
7968,C1S
7969,MAML2
7970,IGLV3-22
7971,COX8A
7972,WDFY3
7973,RRBP1
7974,NFKBIE
7975,BTBD16
7976,TMEM168
7977,NIPAL2
7978,EPO
7979,MORC4
7980,ZNF382
7981,EXOC3L1
7982,C22orf23
7983,DNTTIP2
7984,MDM1
7985,S100A5
7986,ZFY
7987,PLPP4
7988,PCDHGB3
7989,ZSCAN20
7990,GJA5
7991,AFF2
7992,NDUFV2-AS1
7993,DNAH14
7994,TMEM74B
7995,WIPF3
7996,MLIP
7997,PCNP
7998,UNC13D
7999,SYTL5
8000,LINC01442
8001,RSPH4A
8002,GPAT2
8003,SVIP
8004,PRCC
8005,ARHGEF28
8006,ACSM5
8007,FARSA-AS1
8008,ECI2
8009,MAML3
8010,BRAT1
8011,LUZP1
8012,SH3TC1
8013,C3orf22
8014,SYT15
8015,C2orf80
8016,LINC01433
8017,CHRM3-AS2
8018,GNRHR
8019,ATM
8020,PTGES3L
8021,BAIAP3
8022,PTPN1
8023,ALPK1
8024,LAMP3
8025,NOLC1
8026,RCC1
8027,FGFBP1
8028,GAR1
8029,ITIH3
8030,AJAP1
8031,LINC00954
8032,PPP1R21
8033,HSPB2-C11orf52
8034,POU4F1
8035,LINC00885
8036,VLDLR-AS1
8037,AGR2
8038,MECOM
8039,FBXW4
8040,SYT14
8041,RAB4B
8042,PPP2R5A
8043,ZAP70
8044,RBM22
8045,TMEM126A
8046,MTOR-AS1
8047,GCSH
8048,UBAC2
8049,FRMD6-AS2
8050,SYNE1-AS1
8051,LINC01448
8052,DCP1A
8053,SNX14
8054,GP9
8055,SNX3
8056,BCKDHB
8057,RTCB
8058,KAT6A
8059,CTBS
8060,EIF4EBP1
8061,TYR
8062,HSP90AB1
8063,DDX17
8064,SMAD5
8065,ZFAND1
8066,MYH7
8067,ESPL1
8068,CMTR1
8069,D2HGDH
8070,CLCN5
8071,TMEM216
8072,DCLK1
8073,IGFLR1
8074,METTL21C
8075,DGKQ
8076,RAB25
8077,PLAGL2
8078,NAIP
8079,SEC23B
8080,LINC01614
8081,CSTL1
8082,IL1R1
8083,POT1-AS1
8084,NFAM1
8085,GM2A
8086,MAP1A
8087,ASAH2
8088,AKNAD1
8089,SLC3A1
8090,MSTN
8091,IL15RA
8092,DPH3
8093,WASF3
8094,KCNJ10
8095,MAMDC2-AS1
8096,PRPF40A
8097,SFT2D2
8098,C21orf91-OT1
8099,GAREM2
8100,HIRIP3
8101,DMRT3
8102,DDX41
8103,LAYN
8104,GAS1RR
8105,ZCRB1
8106,DUS1L
8107,ARHGEF3
8108,TTF2
8109,TMEM81
8110,TSTD1
8111,AATF
8112,PARVB
8113,ERAS
8114,MRPL13
8115,KDM4D
8116,ADNP-AS1
8117,HSD17B14
8118,UBL4A
8119,CDH7
8120,SH3BP4
8121,FCRL2
8122,EPB42
8123,CMAS
8124,PVALB
8125,MCMBP
8126,PLEKHO1
8127,AKIRIN2
8128,ZNF34
8129,SPECC1L-ADORA2A
8130,MLC1
8131,THRSP
8132,PACSIN3
8133,FOXI3
8134,HS3ST3A1
8135,SPATA2
8136,VPS13A-AS1
8137,CYP24A1
8138,TMOD2
8139,BIN3
8140,CTSF
8141,FER
8142,KCNIP4-IT1
8143,LINC01315
8144,ADAR
8145,ALDH1A2
8146,CABLES1
8147,VWC2
8148,FRYL
8149,TAF1A
8150,CLIP2
8151,UBALD2
8152,C1QTNF8
8153,RNF115
8154,DNHD1
8155,ACTRT3
8156,ZMIZ1-AS1
8157,HOXC13-AS
8158,RAB37
8159,C19orf18
8160,CCNYL1
8161,MAX
8162,KLB
8163,DRP2
8164,IGKV1-13
8165,TREML4
8166,SPAG16
8167,ZNF880
8168,MBOAT2
8169,ARFIP2
8170,MRPS31
8171,PALM
8172,SLC30A3
8173,CCL20
8174,EMILIN2
8175,EFEMP1
8176,ACTA2
8177,TRMT5
8178,RAPGEF6
8179,KLC1
8180,CCDC63
8181,TAS2R4
8182,TSKS
8183,CCDC178
8184,LSM14B
8185,BGLAP
8186,ROCK2
8187,RELL1
8188,GPC6-AS1
8189,GJB4
8190,THTPA
8191,CGB5
8192,RBMXL1
8193,ZNF468
8194,ASPA
8195,DCTN1
8196,CRTC3-AS1
8197,SPDYE5
8198,ATXN7
8199,PRLH
8200,COL4A2
8201,PDE6G
8202,ZNF358
8203,ADGRG6
8204,WSB2
8205,NKX2-5
8206,MGAM2
8207,RAC3
8208,SPTAN1
8209,PTCH2
8210,AMN
8211,GPM6B
8212,NFAT5
8213,MEI1
8214,MAPK13
8215,PTP4A1
8216,TRIM16
8217,NUP62CL
8218,ADGRE3
8219,ZFPM2
8220,EXPH5
8221,C7
8222,DOK4
8223,SUN3
8224,AIRN
8225,SEC14L1
8226,NPR2
8227,TAP1
8228,USP9X
8229,HSF2
8230,SENP1
8231,TMEM38B
8232,PREPL
8233,EFTUD2
8234,TNKS
8235,RPS6KB2
8236,CALCRL
8237,NCOA5
8238,RGSL1
8239,ASB6
8240,PRODH
8241,SMIM19
8242,PAWR
8243,R3HDM2
8244,TOX2
8245,HRH2
8246,ITM2C
8247,CAMK2N1
8248,KRTAP5-8
8249,ST7L
8250,FMO2
8251,GSC
8252,TTC14
8253,SLC6A16
8254,ZNF30
8255,CST4
8256,IFRD2
8257,FGD5-AS1
8258,MEF2A
8259,PCNT
8260,UBOX5
8261,ANKRD30A
8262,TUBB4B
8263,TGS1
8264,FCRLA
8265,AGAP6
8266,NDST4
8267,LINC00477
8268,GCH1
8269,MYCBPAP
8270,PFKP
8271,SPATA22
8272,EIF3C
8273,LGALS3BP
8274,LTBP1
8275,PLAU
8276,CYP4V2
8277,MTHFSD
8278,ANO1
8279,CDH24
8280,VPS11
8281,UCP3
8282,PACRG-AS1
8283,STAT5A
8284,IL18RAP
8285,FLT1
8286,RAF1
8287,SNRNP48
8288,LINC00868
8289,MOSPD2
8290,FA2H
8291,ZDHHC5
8292,ARHGEF4
8293,OLR1
8294,MRPL40
8295,CACNA1G-AS1
8296,SLC36A4
8297,KDM5C
8298,RBM47
8299,ALG11
8300,TTC34
8301,RBM14
8302,VPS9D1
8303,MED12L
8304,P2RX4
8305,ITGA7
8306,COCH
8307,FOSL2
8308,OR51I1
8309,KCNAB1
8310,MLKL
8311,SH3BGRL2
8312,SSTR5
8313,MSRB1
8314,UBXN2B
8315,FGF7
8316,EGFR
8317,SPTLC2
8318,IGLV3-32
8319,KDM1B
8320,FMN2
8321,LRFN5
8322,NHLRC3
8323,NMUR1
8324,UCK1
8325,WDR83
8326,PRF1
8327,MRPS33
8328,RDH10
8329,KIAA0930
8330,SP9
8331,TMCC2
8332,MRAS
8333,LOXL1
8334,VTI1B
8335,PRIM1
8336,UBE2R2
8337,SCARF1
8338,MYDGF
8339,CD70
8340,CRH
8341,UQCRB
8342,SENP3
8343,CT45A10
8344,KRT14
8345,PPP2R2D
8346,ST3GAL1
8347,POLI
8348,TGFBR2
8349,VAT1L
8350,NOTO
8351,GZMM
8352,GRIN1
8353,MRPS18C
8354,BAZ1B
8355,SULT2A1
8356,ACSBG2
8357,LINC00397
8358,ETFDH
8359,NDUFB9
8360,KRT74
8361,TMEM176B
8362,ZNF324
8363,RNASET2
8364,MFAP2
8365,DSN1
8366,TTC9C
8367,NBPF6
8368,SULT1C2
8369,DERL2
8370,FXN
8371,F5
8372,KCMF1
8373,INO80B
8374,SEMA4G
8375,ARL4D
8376,RUNDC3B
8377,FITM2
8378,NUTF2
8379,KCNMB2
8380,COTL1
8381,FAM53C
8382,RLF
8383,LHX8
8384,ARHGAP22
8385,TMEM92
8386,PIF1
8387,SEC22A
8388,SMPD4
8389,COG5
8390,PPIF
8391,PLBD2
8392,TGFBR3L
8393,BAG2
8394,CACNG4
8395,ZNF570
8396,CFLAR
8397,MAGEA2B
8398,HSPB6
8399,NUP214
8400,MRPS14
8401,VSX1
8402,CHAMP1
8403,PRICKLE1
8404,BPIFB2
8405,SPOCK1
8406,KCNK12
8407,TSPAN8
8408,MEX3B
8409,CLYBL-AS2
8410,PCAT6
8411,ZP4
8412,TIGD7
8413,CEP350
8414,RECQL5
8415,STX16-NPEPL1
8416,LINC00951
8417,ZNF587B
8418,CPXCR1
8419,ERCC6L2
8420,WDR46
8421,AHDC1
8422,FBXO22
8423,NLGN1
8424,ZNF615
8425,PAG1
8426,THSD7B
8427,LAMC3
8428,MYO9B
8429,SBSPON
8430,TLR8-AS1
8431,EGFLAM-AS2
8432,USP2-AS1
8433,LENG8-AS1
8434,RASSF2
8435,ANKFN1
8436,CDC25C
8437,EPCAM
8438,BRPF1
8439,EDDM3A
8440,TFAP2D
8441,ZNF395
8442,ARVCF
8443,PDCL2
8444,WIF1
8445,DGKG
8446,CCDC171
8447,MARCKS
8448,STAT2
8449,PSMA2
8450,PITRM1-AS1
8451,TMEM106C
8452,SLCO1A2
8453,PPP1R37
8454,USP31
8455,CYP51A1
8456,ERCC2
8457,POU3F1
8458,CPS1
8459,NUP188
8460,EPHA6
8461,ROR2
8462,ZNF33B
8463,TLR9
8464,COL11A1
8465,MRPL33
8466,TOX3
8467,SDR16C5
8468,PIGBOS1
8469,SBK3
8470,SLC25A43
8471,LINC00845
8472,CD34
8473,SFI1
8474,COX6A1
8475,TMED6
8476,GATA6
8477,KMT5B
8478,ATOH8
8479,ZNF429
8480,PARP8
8481,PDK1
8482,WBP2NL
8483,POTEI
8484,DCAF12
8485,KIAA0232
8486,SRL
8487,PRPF40B
8488,BCL2A1
8489,SRP14
8490,NOL4L
8491,MRPS12
8492,ABCC10
8493,LINC01307
8494,ELAVL3
8495,GALNT15
8496,SUPT20H
8497,NDUFAF3
8498,ZNF142
8499,ZNF836
8500,IL1A
8501,B4GALT2
8502,CHURC1-FNTB
8503,ATG4C
8504,ZNF337
8505,NECAP1
8506,ETV4
8507,FAM156B
8508,IFNA2
8509,TUSC1
8510,GRIN3A
8511,CEP104
8512,PRG2
8513,LRRC9
8514,IL17C
8515,LRRK2
8516,ANKRD28
8517,LINC00877
8518,CCPG1
8519,KDELR2
8520,APAF1
8521,TMEM201
8522,MYO5B
8523,GSTM5
8524,SLC38A3
8525,ZNF544
8526,NSUN2
8527,COL23A1
8528,COG2
8529,SPINK6
8530,CLN3
8531,SUPV3L1
8532,HTR1D
8533,HTR2C
8534,NPFFR2
8535,KLHDC9
8536,ZNF169
8537,INPPL1
8538,TMEM131
8539,ASAP2
8540,CENPB
8541,RPS17
8542,OBSL1
8543,TTLL8
8544,SIL1
8545,SETD6
8546,DKKL1
8547,TOP3B
8548,LINC00624
8549,ASB13
8550,MPRIP
8551,DGKH
8552,AIFM1
8553,RAB34
8554,MNX1
8555,MIR3180-4
8556,IQCJ-SCHIP1
8557,B4GALT7
8558,HMGXB4
8559,LMO2
8560,SH2D3A
8561,ISLR2
8562,SH3BP5L
8563,COA4
8564,SLC18A2
8565,PNLIPRP1
8566,UFSP1
8567,FHL5
8568,ICOSLG
8569,CFAP100
8570,KLF12
8571,C14orf119
8572,USP4
8573,AKAP12
8574,FAM76A
8575,ZNF470
8576,ENOX1
8577,KCTD8
8578,FES
8579,NFXL1
8580,MIDN
8581,HOOK3
8582,EYA1
8583,NBL1
8584,ZBTB3
8585,HLA-DMB
8586,DLGAP1-AS3
8587,DAB2IP
8588,SLC16A6
8589,EFHD1
8590,PAK1
8591,XKR8
8592,OTUB1
8593,USP13
8594,RBL2
8595,SLC4A4
8596,GPR150
8597,OR56A3
8598,SPIN4
8599,CRCT1
8600,CCND2-AS1
8601,MON1A
8602,LRWD1
8603,IGKC
8604,HTR4
8605,ZNF17
8606,ACVRL1
8607,CLDN2
8608,PSME3
8609,ASAH2B
8610,CAPN5
8611,TMEM26-AS1
8612,NCOA1
8613,FMNL1
8614,SRPK1
8615,SLC25A51
8616,GLO1
8617,EXOSC8
8618,KLHDC2
8619,FGFBP3
8620,IKZF1
8621,TMEM184A
8622,NEURL2
8623,KIAA2012
8624,GFPT1
8625,LINC00345
8626,NFYB
8627,AATK
8628,NSMCE1
8629,KRT86
8630,AK2
8631,GFER
8632,HADH
8633,CAPZA3
8634,IL6ST
8635,TGIF1
8636,DCTD
8637,B4GALT1-AS1
8638,TRABD2B
8639,RNF13
8640,ACAP2
8641,IGHV1-18
8642,LINC01069
8643,RS1
8644,TMEM213
8645,KPNA6
8646,RPL28
8647,ENPP2
8648,ADGRG1
8649,DTNA
8650,MYF6
8651,AREG
8652,EXOC2
8653,OR2AE1
8654,SPNS1
8655,FAM47E
8656,FOXJ3
8657,TMEM61
8658,MARK4
8659,LIPT1
8660,ATXN7L3
8661,TP53AIP1
8662,ETS1
8663,NDP
8664,IGFBP3
8665,MPP3
8666,DAGLA
8667,EPHA5
8668,ZNF217
8669,ALPK2
8670,CDH20
8671,SLC6A12
8672,CMTM8
8673,PIAS2
8674,SIRPD
8675,ASS1
8676,DHRS13
8677,FCER1G
8678,CHRM1
8679,UBE2U
8680,HCN3
8681,LINC01317
8682,LINC01331
8683,TRADD
8684,SLCO2A1
8685,ZBTB7C
8686,LPL
8687,PROS1
8688,CASP14
8689,YIPF1
8690,OVCH1
8691,THG1L
8692,EFCAB11
8693,CHN1
8694,FUT4
8695,CXCL16
8696,ACADSB
8697,CAD
8698,CHL1
8699,SLC12A1
8700,KANK1
8701,C8orf89
8702,KCNC2
8703,ZNF549
8704,COL26A1
8705,IBSP
8706,TAF1C
8707,GSTA4
8708,THAP7
8709,SRRD
8710,CENPO
8711,SH3GLB1
8712,LAMB2
8713,EMCN
8714,C8orf88
8715,TDRP
8716,ZXDC
8717,BATF3
8718,CCDC87
8719,GPR161
8720,NOG
8721,ZFP90
8722,ELF2
8723,RGL4
8724,SLC30A10
8725,SPTBN4
8726,POLR1D
8727,POLR2I
8728,IRAK3
8729,DNAJC5G
8730,HSP90AA1
8731,STIM2
8732,SPANXN5
8733,FBXL18
8734,TRAPPC10
8735,CLMN
8736,CST6
8737,PRELID2
8738,MEOX2
8739,POLR1B
8740,ANO6
8741,LYPD4
8742,NLGN3
8743,CD2AP
8744,AP2M1
8745,GPX4
8746,RNF2
8747,SLC38A6
8748,HSD17B1
8749,LINC01465
8750,NBR1
8751,PLSCR4
8752,EXT2
8753,ZFP36L2
8754,CD5
8755,VWA2
8756,PLK3
8757,ADAM15
8758,ZXDB
8759,ETAA1
8760,VSTM4
8761,KLF11
8762,LINC01340
8763,SSBP2
8764,LOXL3
8765,ZNF92
8766,BAIAP2
8767,RAD21-AS1
8768,FAAP20
8769,DAAM1
8770,G6PC3
8771,MACC1-AS1
8772,TNR
8773,SDK2
8774,ZNF148
8775,JUNB
8776,PLSCR5
8777,PPP1R3E
8778,PLOD2
8779,TFIP11
8780,HORMAD1
8781,CCDC13-AS1
8782,IL10RB
8783,HRH3
8784,L1TD1
8785,DHX37
8786,SNAI3-AS1
8787,TBC1D3E
8788,PEMT
8789,F2RL3
8790,SLC2A10
8791,OR4C6
8792,NUSAP1
8793,UGT1A1
8794,DYRK3
8795,PPIG
8796,ANKRD50
8797,DMAP1
8798,EGR3
8799,OR4B1
8800,RAD52
8801,COMMD10
8802,CCDC66
8803,ZNF695
8804,RAPGEF4-AS1
8805,CPEB1
8806,SDCBP2
8807,BHLHE41
8808,TRIM55
8809,ASPN
8810,NABP1
8811,P2RY2
8812,TMEM70
8813,JPH1
8814,RPP25
8815,ZNF93
8816,AADAT
8817,ZNF493
8818,ZNF480
8819,OSR2
8820,ETNK1
8821,AFAP1L1
8822,ANKRD37
8823,SORT1
8824,TMEM19
8825,SLC24A2
8826,ZNF689
8827,RNF114
8828,MAST4
8829,RPS25
8830,SCNN1B
8831,ZHX3
8832,IPP
8833,CNOT1
8834,PAQR5
8835,CC2D1B
8836,LMBRD1
8837,KCNJ8
8838,BEST3
8839,CTSA
8840,SMIM10L2B
8841,POPDC3
8842,NHP2
8843,ARID4B
8844,FAM83F
8845,GIMAP4
8846,FZD10
8847,TRDMT1
8848,IGKV1D-8
8849,PLXDC1
8850,FPGT
8851,EPDR1
8852,CRLF1
8853,PRUNE2
8854,TPH2
8855,WDR87
8856,CCNY
8857,ZNF136
8858,KIF2C
8859,MAPK14
8860,VAMP1
8861,RABEPK
8862,ARX
8863,FAIM
8864,MAPKAPK2
8865,MTCP1
8866,CENPL
8867,ITGB6
8868,FDPS
8869,SNF8
8870,NCF4
8871,OR8G1
8872,KRT2
8873,SLC22A8
8874,DFFA
8875,IGLC6
8876,FAM91A1
8877,KHDC1L
8878,CDC14B
8879,IL20RA
8880,XCL2
8881,SNX6
8882,DEDD2
8883,SEH1L
8884,DACH2
8885,NTSR2
8886,LRRIQ1
8887,PTPRU
8888,COPRS
8889,OR10H5
8890,ACVR2B
8891,JAKMIP2
8892,SHISA7
8893,ZNF727
8894,FAM47C
8895,CRAT37
8896,PSMB3
8897,EPHX2
8898,LAG3
8899,ZC3H18
8900,HOXA6
8901,MDP1
8902,TTC27
8903,SMARCD2
8904,MUSTN1
8905,IGKV1D-37
8906,MUC1
8907,SV2C
8908,LATS2
8909,CYP4F26P
8910,CMTM6
8911,ZFHX4
8912,ACOT2
8913,OGFRL1
8914,CFL1
8915,MOV10L1
8916,C8orf76
8917,RNF220
8918,FAM220A
8919,CDH26
8920,GLYATL2
8921,KLRC4
8922,ECHS1
8923,TEX29
8924,VSIG4
8925,ADGRA1
8926,BCO2
8927,HSD3B7
8928,ZC3H7B
8929,G3BP2
8930,GJB2
8931,RBM7
8932,ZNF619
8933,TBX5-AS1
8934,BCORL1
8935,ZNF671
8936,RNF213
8937,MAGEB4
8938,FAM117B
8939,EEF1A1
8940,ZBTB11
8941,ZNF292
8942,SCEL-AS1
8943,SF3B2
8944,BCAM
8945,PHLPP2
8946,PLB1
8947,GCNT4
8948,PROK2
8949,BOLA2
8950,MRPL11
8951,PITX2
8952,FAT3
8953,SERPINB9
8954,CTXN1
8955,POMK
8956,BTC
8957,APBB2
8958,ZNHIT3
8959,GP1BA
8960,NRDC
8961,GBP5
8962,MRPS34
8963,IFT81
8964,NSMF
8965,ITGB4
8966,ARIH1
8967,OTOS
8968,KCNJ11
8969,PIGV
8970,SHISA9
8971,TMED8
8972,HSD11B2
8973,SPSB4
8974,EHHADH
8975,EAPP
8976,LINC01047
8977,RGS12
8978,ZNF280B
8979,SFMBT1
8980,HERC4
8981,DHX58
8982,GRB2
8983,ADRA2B
8984,SAMD9L
8985,TMEM126B
8986,SLC36A2
8987,MSH3
8988,MS4A2
8989,KLF5
8990,GABRQ
8991,FLCN
8992,ZNF347
8993,MEDAG
8994,ALYREF
8995,ARHGEF5
8996,TBKBP1
8997,IGLV9-49
8998,MACROD2-AS1
8999,SOWAHD
9000,TXNL4B
9001,FOXP1-AS1
9002,M1AP
9003,DCK
9004,C16orf82
9005,DLGAP1
9006,TBC1D13
9007,C1RL
9008,CAV3
9009,SLC35G1
9010,STMN2
9011,TMSB15A
9012,PGM5
9013,PPIA
9014,FOXD2
9015,MIS18A
9016,KRI1
9017,CAMSAP3
9018,ODC1
9019,RB1
9020,ZNRF3
9021,SLC6A17
9022,DSE
9023,LRRC49
9024,HGS
9025,FAM225B
9026,SERPINB1
9027,WDR17
9028,FOXRED1
9029,CARD14
9030,QDPR
9031,HMX3
9032,DIAPH1
9033,RPLP1
9034,MYL10
9035,ST20-MTHFS
9036,WDR12
9037,TKTL1
9038,MPG
9039,MT1M
9040,UBQLNL
9041,PRPSAP1
9042,MFN1
9043,OLFML1
9044,HAPLN4
9045,TMEM229A
9046,HTT-AS
9047,RIMS3
9048,KNSTRN
9049,NUP54
9050,CAMKMT
9051,ADAM20
9052,LRRC56
9053,GATAD2A
9054,NR1D2
9055,LINC01342
9056,B4GAT1
9057,PRDX5
9058,IQCK
9059,ZSCAN1
9060,SLC25A34
9061,SIK2
9062,ALCAM
9063,MSANTD2
9064,NDUFB5
9065,RUNDC1
9066,PPP1R7
9067,LETM1
9068,CYB561A3
9069,HK2
9070,INPP5E
9071,CNOT4
9072,TRAPPC9
9073,KIAA1671
9074,THBS1
9075,RNGTT
9076,ANKRD39
9077,EPSTI1
9078,TMPRSS3
9079,STARD10
9080,TTN-AS1
9081,THSD4
9082,ZNF587
9083,YWHAH
9084,WHAMM
9085,CNN1
9086,RAB3GAP2
9087,LIMK1
9088,CDC23
9089,PCDHB14
9090,SDCBP
9091,DCLRE1A
9092,PHF8
9093,PPAT
9094,TNIP2
9095,ZNF782
9096,IL1B
9097,RNF20
9098,ARMCX6
9099,NLK
9100,TANC1
9101,LRRC1
9102,DIO2
9103,AS3MT
9104,SULT1E1
9105,HBEGF
9106,DSPP
9107,FAM81A
9108,SPINK7
9109,FRMPD3
9110,TOR1AIP2
9111,NAA40
9112,TUBB6
9113,SERHL2
9114,ZNF850
9115,NFRKB
9116,LINC01144
9117,BCL2L2-PABPN1
9118,URB1
9119,HMGN2
9120,KLHL26
9121,GLRX
9122,POU2F3
9123,SGCB
9124,RXFP2
9125,SLC9C2
9126,ANKRD40
9127,MANEAL
9128,S100A8
9129,IDH3A
9130,IGLV2-18
9131,UXS1
9132,KSR1
9133,HS3ST3B1
9134,ARNT
9135,MYZAP
9136,OSCP1
9137,USP9Y
9138,CADM4
9139,GRM4
9140,PGBD4
9141,MYH7B
9142,FKBP11
9143,PPBP
9144,NEFM
9145,TUBA8
9146,MCRS1
9147,LURAP1L
9148,RNMT
9149,NPRL2
9150,CFAP206
9151,MTMR2
9152,NLRP4
9153,ZBTB14
9154,ZNF611
9155,TRAF6
9156,CFAP77
9157,PSMF1
9158,ADAMTS14
9159,HPSE2
9160,ZNF75D
9161,ATP8B4
9162,DRD1
9163,IGHV6-1
9164,TSLP
9165,KCTD6
9166,ZBTB42
9167,FUT9
9168,DPYD-AS2
9169,ZFAND3
9170,GEMIN4
9171,PKP3
9172,VCPKMT
9173,PXT1
9174,GNAQ
9175,PPARD
9176,CBR3
9177,ARRDC3
9178,CLIP1
9179,JSRP1
9180,RABGAP1
9181,AVIL
9182,PCBD1
9183,A1BG-AS1
9184,METTL23
9185,WASF1
9186,OR8D1
9187,TMEM161B
9188,CHMP4C
9189,NELFCD
9190,CYP7B1
9191,SCYL1
9192,KYNU
9193,TMEM59L
9194,RPL36AL
9195,ZBTB10
9196,TLL2
9197,PATE2
9198,FAM3D
9199,MT-CO2
9200,DPP9-AS1
9201,TRIP12
9202,UBE2D1
9203,DZIP1L
9204,DYNLL1
9205,AIP
9206,NRM
9207,KLHL10
9208,TRAPPC2L
9209,SDR9C7
9210,SHISA6
9211,POC5
9212,VPREB3
9213,ZNF726
9214,C1orf105
9215,MRGPRF
9216,RFPL3S
9217,HAPLN1
9218,CCDC88A
9219,ZNF354A
9220,OVOL1
9221,FOXM1
9222,RAB3IP
9223,LDLR
9224,ALDH3B2
9225,CCL13
9226,ISG20L2
9227,RAB11B
9228,EXOSC6
9229,LINC01031
9230,RPL3L
9231,P2RY1
9232,KIAA1217
9233,KAT7
9234,PGLYRP2
9235,GAS2L1
9236,C2CD4D
9237,NAMPT
9238,IPMK
9239,CDX1
9240,OR14K1
9241,C2CD2
9242,TRAV8-4
9243,C20orf203
9244,ARPC4-TTLL3
9245,FAM171A1
9246,IGKV2-29
9247,SIGLEC10
9248,SLN
9249,WSB1
9250,CHST7
9251,STEAP2
9252,CXorf58
9253,BTNL8
9254,KLF10
9255,MED9
9256,GDI1
9257,PBX3
9258,ZBTB39
9259,TRPC7-AS1
9260,ZNF98
9261,ARHGEF2
9262,ABCC5
9263,XKR7
9264,SNRPG
9265,TBX10
9266,PYY
9267,C1orf94
9268,LCN1
9269,SCG2
9270,ZNF713
9271,NIPSNAP3B
9272,FOXD4L1
9273,PPP2R5B
9274,NAB2
9275,ADH4
9276,IFNG-AS1
9277,LINC00645
9278,ZEB1-AS1
9279,ZMYND15
9280,ALDH4A1
9281,BIRC3
9282,ATP6V1A
9283,PPP1R1C
9284,DHRS4
9285,ZNF688
9286,ZNF665
9287,BUB3
9288,CNOT10
9289,DCSTAMP
9290,SAMD15
9291,SGF29
9292,ZFPM1
9293,CA2
9294,MYL6B
9295,MIMT1
9296,MALL
9297,CFAP70
9298,RNF170
9299,RAX
9300,FILIP1
9301,YBX1
9302,PHF6
9303,BHLHE40
9304,SYNPO2L
9305,FEV
9306,CLPS
9307,TMEM238
9308,RCAN3
9309,ACTR1A
9310,PKD2L1
9311,MIPOL1
9312,MRPL18
9313,ARL1
9314,RAG2
9315,MOSPD1
9316,MIR3179-1
9317,WNT16
9318,TRIM69
9319,TRAM2-AS1
9320,BIRC6-AS2
9321,EMX2OS
9322,SMIM10L2A
9323,ENOX2
9324,TTYH2
9325,NAIF1
9326,PPIAL4E
9327,TEX38
9328,MESTIT1
9329,EIF5B
9330,ZNF664
9331,HOXB-AS3
9332,POLR1C
9333,ZFYVE21
9334,TMEM132C
9335,UGT2A3
9336,ZNF513
9337,GAGE12H
9338,NUDT7
9339,SENCR
9340,FAT4
9341,ADAM19
9342,TXNDC11
9343,LTB
9344,CLIC6
9345,MYADML2
9346,TTC13
9347,SNTA1
9348,EPS15L1
9349,CKS2
9350,SNAP25-AS1
9351,IDH1
9352,IL1R2
9353,CCL22
9354,IL13RA1
9355,RPL22L1
9356,BFSP2
9357,GABPB1
9358,IGKV3-11
9359,PPP1CC
9360,PLSCR2
9361,C1orf210
9362,RAB42
9363,STXBP4
9364,SUPT3H
9365,FBXW5
9366,CLNK
9367,ANXA1
9368,USP42
9369,AHI1
9370,PGPEP1L
9371,ZNF514
9372,UBE2Q1-AS1
9373,PRDX1
9374,OVOL2
9375,AP3B1
9376,ZFAT
9377,UBE2F
9378,HBE1
9379,DLK1
9380,LRRC8B
9381,TTLL11
9382,ARHGEF17
9383,RAD23B
9384,AKR1B15
9385,ERICH2
9386,AK1
9387,TSHZ2
9388,SMARCC2
9389,TVP23A
9390,ZNF408
9391,FNDC5
9392,LYZL6
9393,ASCC2
9394,LDHAL6A
9395,SF3B5
9396,IGKV2D-18
9397,TRIM36
9398,MUC16
9399,DET1
9400,RACGAP1
9401,TDRD7
9402,OSGIN2
9403,SDHB
9404,WWTR1
9405,COLGALT2
9406,WNT5A
9407,UBE2M
9408,RASEF
9409,LINC00547
9410,TBX18
9411,RBP7
9412,SFRP1
9413,CCDC18
9414,CYP2C19
9415,RNF25
9416,MDK
9417,KLKB1
9418,ITIH2
9419,NHLH1
9420,IFT46
9421,COPS7B
9422,YIF1A
9423,DR1
9424,RPL10
9425,OR3A1
9426,HSCB
9427,ARMCX5
9428,ARAP1-AS2
9429,ARL5C
9430,CCDC78
9431,CANT1
9432,KCTD1
9433,ZNHIT6
9434,GARNL3
9435,S100A3
9436,ZNF490
9437,TRAV25
9438,TIGD1
9439,ZNF81
9440,KRTAP5-9
9441,ALDH9A1
9442,FURIN
9443,MORN4
9444,AP1M2
9445,IGLV5-48
9446,TSPAN3
9447,DCUN1D1
9448,NIPSNAP3A
9449,ARHGAP31-AS1
9450,VRK2
9451,GPR89A
9452,SLC26A9
9453,SLC17A9
9454,CRISP1
9455,SKP1
9456,PTH1R
9457,ADD3
9458,TBC1D16
9459,TENM1
9460,SEL1L3
9461,TAC4
9462,STK4
9463,PCYT1A
9464,ARIH2
9465,SPAG6
9466,ZNF124
9467,MKLN1
9468,ZNF566
9469,STAC
9470,TRNT1
9471,AGMAT
9472,ZNF701
9473,SDF2
9474,LINC00472
9475,STARD8
9476,NPW
9477,ZNF860
9478,ATXN7L2
9479,OPRK1
9480,COX4I2
9481,CASK
9482,IMPDH1
9483,HGH1
9484,LRRC31
9485,TMEM71
9486,MFSD2B
9487,CASC11
9488,MED13L
9489,PRCP
9490,MRPL9
9491,LINC00486
9492,FBXL6
9493,CATSPER1
9494,MEGF10
9495,RPL17-C18orf32
9496,PRR29
9497,TMEM120A
9498,LIFR-AS1
9499,RASL10A
9500,CHID1
9501,PXN-AS1
9502,B3GALT6
9503,TACO1
9504,DYM
9505,DAAM2
9506,MKRN2
9507,ANGPTL2
9508,HDDC3
9509,LINC01257
9510,PRDX6
9511,OSBPL8
9512,SPHK1
9513,AMZ1
9514,TMA7
9515,ZNF229
9516,PHB2
9517,TUBA3C
9518,SGCG
9519,KLF1
9520,PNISR
9521,FAM177A1
9522,MAN1B1
9523,MRPL47
9524,PRPSAP2
9525,PCSK9
9526,RARRES2
9527,CCNJ
9528,WDR73
9529,SPANXN1
9530,MT-ATP6
9531,PITPNM2
9532,CINP
9533,RNF130
9534,FLT4
9535,HELB
9536,CDC42EP1
9537,NR4A1
9538,CARHSP1
9539,POLR3K
9540,NPPC
9541,CFAP47
9542,DDB1
9543,KLC2
9544,ZNF530
9545,RAPGEF5
9546,SBK1
9547,SDHAF3
9548,KBTBD11-OT1
9549,CCDC183
9550,TMEM192
9551,LAMC2
9552,MARCO
9553,STX17
9554,EIF2B3
9555,SLC7A11
9556,MREG
9557,TIMM21
9558,PPP1R1A
9559,TMEM37
9560,CEP250
9561,SLC37A1
9562,TYW5
9563,BTK
9564,KANK4
9565,JRKL
9566,PHLDB3
9567,JPH3
9568,LINC00838
9569,MANF
9570,ATP1A3
9571,AFMID
9572,CDK6
9573,LDAH
9574,FPR1
9575,ADAMTS7
9576,ZNF687
9577,HLA-E
9578,ATG3
9579,PSEN2
9580,FZD3
9581,ATP1B2
9582,NDUFA2
9583,SMIM12
9584,ZNF787
9585,ZNF846
9586,TMEM115
9587,PCDH7
9588,FTHL17
9589,EN1
9590,EPN1
9591,PROC
9592,ZNF512
9593,POFUT1
9594,THY1
9595,TSSK3
9596,FCF1
9597,FARP1-AS1
9598,ADCY5
9599,ACBD5
9600,SOX30
9601,MT1X
9602,RGL3
9603,LINC00571
9604,LY86
9605,C20orf141
9606,PPHLN1
9607,TM9SF4
9608,ELAVL2
9609,ACAD11
9610,ALOX12-AS1
9611,MAGEA2
9612,ANKRD53
9613,GNG5
9614,CNPY2
9615,SLF1
9616,ABCF3
9617,MROH7
9618,PLA2G12A
9619,ZNF705A
9620,LRRC8A
9621,ANXA6
9622,ANP32A
9623,FGD1
9624,RP1
9625,HDAC8
9626,CD27
9627,LCORL
9628,PVR
9629,PCDHGA12
9630,CCNB2
9631,PTPRO
9632,BHLHA15
9633,HNRNPA0
9634,NIT1
9635,TPRXL
9636,TMEM191B
9637,KCNMB4
9638,AWAT1
9639,SPACA5
9640,NKRF
9641,ATP2A2
9642,GABRG3
9643,GNLY
9644,COQ9
9645,RAD9B
9646,MSI1
9647,TERF2IP
9648,CCL19
9649,ACLY
9650,DOCK3
9651,PLCD3
9652,MYEF2
9653,UPK1A
9654,FIGN
9655,IBTK
9656,PMFBP1
9657,RPL35
9658,SRRT
9659,FXYD7
9660,RDH14
9661,PSMD6
9662,STK31
9663,SLC39A9
9664,ILK
9665,KRT72
9666,FAM229B
9667,SLC25A38
9668,CDYL
9669,CUL4A
9670,ASB15
9671,PKDCC
9672,ZNF441
9673,PGAM4
9674,CHST13
9675,TM4SF5
9676,IFITM10
9677,KCNS3
9678,ATP6V1D
9679,TMEM236
9680,CDH5
9681,TSEN15
9682,MZF1-AS1
9683,RSRC1
9684,SCRIB
9685,ATP6V1G2-DDX39B
9686,CA13
9687,C21orf58
9688,FASN
9689,TEX15
9690,NPBWR2
9691,PKN2
9692,CCDC116
9693,EHBP1
9694,BANF1
9695,MAP3K19
9696,SLC39A6
9697,IGLV5-37
9698,TMEM167B
9699,GPR155
9700,CSPG5
9701,VDAC3
9702,RTP4
9703,MYEOV
9704,TIGAR
9705,DNAJC9-AS1
9706,KLF17
9707,PNPLA8
9708,GACAT2
9709,ATP13A4
9710,PADI6
9711,ARMC6
9712,CCR7
9713,HDAC10
9714,TAS2R1
9715,BTBD18
9716,NOL9
9717,IDUA
9718,PSIP1
9719,ACTB
9720,TTC1
9721,INO80E
9722,BPGM
9723,EIF4ENIF1
9724,FBXO30
9725,CLEC2L
9726,TLL1
9727,UBQLN4
9728,OPN1SW
9729,RGPD5
9730,ANKZF1
9731,RPS6KB1
9732,SH3BGRL
9733,ELAC1
9734,ATPAF2
9735,KLHDC10
9736,TAF7L
9737,RAD50
9738,VEZF1
9739,GGTLC1
9740,STIL
9741,PCDHB8
9742,COQ7
9743,KLHL13
9744,PLA2G4C
9745,TSPAN7
9746,TCP11L2
9747,KPNA3
9748,LLGL1
9749,APOLD1
9750,KTI12
9751,ARHGAP29
9752,PHC3
9753,ZKSCAN8
9754,TEX30
9755,PAGE3
9756,OR52E8
9757,ZNF555
9758,MRPS10
9759,FBXO8
9760,PDLIM1
9761,PAK1IP1
9762,TENM4
9763,FAM110B
9764,ADIRF
9765,TNFRSF11B
9766,ARL6IP1
9767,ABCD1
9768,CAMK1
9769,PITPNC1
9770,OSGEPL1-AS1
9771,TMEM147
9772,DYSF
9773,LSM11
9774,ZPBP
9775,PPP1R14A
9776,SLC30A1
9777,SBK2
9778,NCOA6
9779,CEBPE
9780,LINC00598
9781,PDE6A
9782,HFE
9783,CASC8
9784,GRIA3
9785,HDAC1
9786,LINC00517
9787,FMR1
9788,PKD1
9789,SLC28A1
9790,ARHGAP32
9791,LRP1
9792,AIPL1
9793,REM2
9794,GABRE
9795,FAM27C
9796,PCDHGA7
9797,SLC25A11
9798,ABHD12B
9799,ZBTB8B
9800,PCIF1
9801,CD53
9802,IGKV1-12
9803,LRRC14
9804,LDHB
9805,ZNF799
9806,RRAGC
9807,TM4SF1
9808,ZFC3H1
9809,ZNF77
9810,PCDH18
9811,CENPC
9812,GRIA2
9813,WDR88
9814,FRRS1
9815,ALDH2
9816,LIN7A
9817,RTP3
9818,CCL28
9819,FOXA3
9820,CT45A1
9821,PANX3
9822,MESP1
9823,NTM
9824,ZNF140
9825,MCM3
9826,CHAC2
9827,ENO2
9828,PACSIN1
9829,NUPR2
9830,ASPDH
9831,LINC00427
9832,PTPN4
9833,RAPGEF2
9834,HSPA9
9835,PXMP4
9836,ORAI2
9837,LCN8
9838,MROH2B
9839,HOXA-AS3
9840,SLC7A6OS
9841,RAD23A
9842,TMEM191C
9843,CELF2-AS2
9844,EIF4EBP2
9845,SIX3-AS1
9846,PRKCZ
9847,ANGPTL8
9848,TOPAZ1
9849,FSCN3
9850,NEDD8-MDP1
9851,ITGAL
9852,USP47
9853,KIAA1549
9854,NALT1
9855,MYBBP1A
9856,MED1
9857,LINC00161
9858,MRGBP
9859,LINC01322
9860,LHX3
9861,EMC3
9862,RAB11FIP4
9863,CDK4
9864,HSD11B1L
9865,ATL2
9866,SERINC5
9867,PPWD1
9868,TAS2R38
9869,PKP2
9870,NTSR1
9871,HDAC6
9872,SLC36A3
9873,FGF13-AS1
9874,FAM221A
9875,KRT85
9876,NAV2-AS3
9877,LINC00334
9878,LINC00626
9879,CCDC191
9880,ITM2A
9881,CCT6A
9882,LINC00837
9883,PSMD4
9884,A2ML1
9885,TMEM69
9886,MRGPRF-AS1
9887,GANC
9888,TBX5
9889,ABCG4
9890,ZNF184
9891,UGCG
9892,B4GALT3
9893,SH3PXD2A
9894,LSM5
9895,HCP5B
9896,KIAA0319
9897,CALCOCO1
9898,ATF7
9899,PYCR1
9900,TET3
9901,PGLYRP1
9902,KNG1
9903,SLC26A1
9904,IGSF10
9905,RUNX2
9906,AMDHD2
9907,ZNF669
9908,TMPRSS9
9909,AKR1C4
9910,FAM209B
9911,SELE
9912,TTC31
9913,RHBDL1
9914,RNF216
9915,KIF23
9916,NAA30
9917,SPATA16
9918,RGS10
9919,SATB2
9920,WIPF2
9921,ITGAV
9922,LAPTM5
9923,PBX1
9924,SLC28A2
9925,MT-ND3
9926,PDPR
9927,KBTBD2
9928,HSPA4L
9929,FGFR2
9930,ZBBX
9931,GNS
9932,BLACE
9933,ARMC7
9934,IGHV1OR15-9
9935,RNF43
9936,GMIP
9937,GADD45GIP1
9938,SACS
9939,AFM
9940,SPATS2L
9941,SERINC1
9942,MDM2
9943,ARHGAP9
9944,MARVELD3
9945,DEF8
9946,TRMT10A
9947,TMSB10
9948,PARP14
9949,TCIRG1
9950,AMY1A
9951,CCNL1
9952,SPATA32
9953,HEATR6
9954,NIPA1
9955,HIF1A
9956,CYP4F11
9957,PAQR7
9958,RALGAPA2
9959,EXOSC2
9960,RWDD3
9961,REG4
9962,OR52E6
9963,ST6GAL2
9964,BMP5
9965,UBAP1
9966,LYPLAL1
9967,TRIP6
9968,BNIP1
9969,POLRMT
9970,DPPA4
9971,BCDIN3D-AS1
9972,C9orf85
9973,CHST8
9974,UBTF
9975,UBE2Q1
9976,NQO1
9977,SEC61A1
9978,IFT140
9979,LNP1
9980,PIAS4
9981,DCDC2B
9982,WIPF1
9983,ETV7
9984,RPL24
9985,ACOT8
9986,TFAP4
9987,CHMP1A
9988,TMUB1
9989,C1QTNF4
9990,PDLIM7
9991,ADGRG7
9992,NCKIPSD
9993,MRPL20
9994,HOXA2
9995,ZNF773
9996,DENND5B-AS1
9997,DPP10-AS1
9998,ARMC1
9999,LACTB2
10000,TMEM239
10001,HTT
10002,MBD2
10003,TRGV8
10004,OPCML
10005,STK32A
10006,SLFN12
10007,BRINP2
10008,LINC00668
10009,SLC25A53
10010,OXA1L
10011,APOC4
10012,CAAP1
10013,TNPO3
10014,CCDC102A
10015,LRRC58
10016,ZNF786
10017,STOML1
10018,CAB39L
10019,DDX18
10020,RILPL1
10021,LARP6
10022,CPNE1
10023,TNS2
10024,IL2RA
10025,IER5
10026,CHFR
10027,SCLT1
10028,CHADL
10029,DLEU1
10030,ZNF2
10031,DSC1
10032,TMEM141
10033,CTPS1
10034,DNASE2
10035,DOK5
10036,SLC27A2
10037,PTRHD1
10038,TMEM243
10039,LINC01376
10040,APC2
10041,DNAJC16
10042,FCHSD2
10043,LINGO2
10044,C11orf86
10045,PDE1B
10046,HEPHL1
10047,PDZD8
10048,PLA2G4D
10049,ACAA2
10050,AIFM3
10051,ASPRV1
10052,VNN1
10053,SLC35B4
10054,HCRTR1
10055,PPM1K
10056,CSF3
10057,PXDN
10058,ST7-AS2
10059,RAB3B
10060,STX3
10061,PLXNA1
10062,C3orf20
10063,ZNF790
10064,AMPD2
10065,ZC3HAV1L
10066,CMSS1
10067,CDK17
10068,SLC6A14
10069,USP27X
10070,ZNF385D
10071,PODN
10072,OR52N1
10073,LRRC26
10074,TXNDC16
10075,ESYT2
10076,TFF1
10077,CCDC28B
10078,KLHDC4
10079,PTPRN
10080,TPGS2
10081,RGPD4
10082,HOPX
10083,MEIKIN
10084,SOX14
10085,ABHD3
10086,UBE2J1
10087,HOTAIRM1
10088,ALAS2
10089,CHD6
10090,SPATA42
10091,BATF2
10092,SPAG4
10093,IGLL5
10094,PXDC1
10095,SPINK13
10096,OLAH
10097,IK
10098,HEATR4
10099,C11orf68
10100,RAB6A
10101,APBA3
10102,SLC15A1
10103,GNG3
10104,PCMT1
10105,PSMA7
10106,SLC26A5
10107,EGFL7
10108,DALRD3
10109,COL13A1
10110,WBP1
10111,VPS35
10112,COPS7A
10113,SBF2
10114,IGHV4-61
10115,ELMOD3
10116,TFE3
10117,SNAPC2
10118,TSIX
10119,WDFY4
10120,DLGAP4
10121,FBXO5
10122,LINC00972
10123,DKK2
10124,IGHEP2
10125,TMEM200A
10126,FANCI
10127,P4HA1
10128,PVT1
10129,LAT
10130,IGHV4-39
10131,CASC9
10132,POMC
10133,ITPR1
10134,CYP4X1
10135,IGFN1
10136,WLS
10137,NAALADL1
10138,CACNB2
10139,SLFNL1-AS1
10140,INTS9
10141,UCHL5
10142,ERI3
10143,GUCA1B
10144,PDE4B
10145,PRTFDC1
10146,TMEM145
10147,TEX28
10148,TLE3
10149,CPSF2
10150,CHERP
10151,FAM83D
10152,CBFA2T3
10153,INPP5K
10154,SLC1A2
10155,RPL18A
10156,B3GNT7
10157,ALKBH4
10158,OTOP3
10159,XPR1
10160,GLOD4
10161,IGKV2D-29
10162,FBXO38
10163,PDE9A
10164,UAP1
10165,TMEM204
10166,LAMTOR3
10167,LDHA
10168,SYPL2
10169,NME1
10170,LRRIQ3
10171,NDUFB4
10172,HGSNAT
10173,AXIN2
10174,IMMP1L
10175,FOXL2
10176,CALM2
10177,SLFN5
10178,TASP1
10179,ZNF300
10180,LHX6
10181,ANGPT1
10182,KLHL6
10183,PPEF2
10184,AFF1
10185,CDADC1
10186,DNAH11
10187,ARFGEF1
10188,CAMP
10189,TMEM51-AS1
10190,LINC00662
10191,BRD4
10192,KPNA4
10193,PLEKHF1
10194,PTBP2
10195,MACROD1
10196,CCDC85C
10197,CTBP1-AS
10198,TRIM9
10199,PCYT2
10200,L3MBTL1
10201,COL5A1
10202,DNPEP
10203,TNK2
10204,CDC26
10205,SZT2
10206,GEN1
10207,RNASE4
10208,MEIS2
10209,GPBP1L1
10210,CHST1
10211,DHX40
10212,ADAMTS17
10213,CSNK1G3
10214,GLOD5
10215,LINC00221
10216,IGHV1-46
10217,SMARCA4
10218,MRPL48
10219,DKC1
10220,GPLD1
10221,ZNF582
10222,EDEM3
10223,GRM1
10224,LINC00458
10225,NT5E
10226,PRR23C
10227,TMPO-AS1
10228,PSMB7
10229,NFKBIZ
10230,MINK1
10231,TMEM258
10232,ADGRE2
10233,METTL14
10234,ZMYM3
10235,CELF1
10236,GATC
10237,TMEM51
10238,LGALSL
10239,ZDHHC14
10240,ZFYVE19
10241,CDH10
10242,SMIM3
10243,TRIML2
10244,GNPAT
10245,TRPM2
10246,ENDOD1
10247,GBX1
10248,LAMA2
10249,HMMR
10250,CNGB1
10251,CNOT6L
10252,CXCL14
10253,EBPL
10254,ANKS6
10255,ATXN2
10256,KCNA5
10257,ZNF616
10258,ANK1
10259,HAUS2
10260,CLPSL1
10261,GPIHBP1
10262,ADAT3
10263,SHROOM1
10264,ID1
10265,TMIGD2
10266,DHX8
10267,SERGEF
10268,TUBB1
10269,ZNF143
10270,PCAT19
10271,CREB3L3
10272,FBRS
10273,PHTF2
10274,BRD1
10275,MAGOH
10276,SLC16A8
10277,CMKLR1
10278,IGLV2-8
10279,GS1-204I12.4
10280,CREM
10281,MISP
10282,LZTR1
10283,ASB11
10284,PRB3
10285,CEP78
10286,SULT1A1
10287,RBM44
10288,TINCR
10289,MIEF1
10290,DUSP10
10291,ARSF
10292,PPOX
10293,RNASEH2A
10294,RAB32
10295,AAMDC
10296,SLC2A9
10297,RBMS3
10298,PRDM14
10299,NR4A2
10300,PCF11
10301,MVB12B
10302,RNF135
10303,FAT1
10304,METTL1
10305,SLC10A4
10306,AP5S1
10307,INPP5F
10308,MUC12
10309,MARCKSL1
10310,TIAM1
10311,SLIT1
10312,METTL25
10313,CXCL9
10314,TTC21A
10315,EIF1
10316,NRIP3
10317,ADGRF5
10318,PTPN18
10319,TRAF3
10320,TTC39A
10321,RCBTB1
10322,CDX2
10323,ADO
10324,FAM167B
10325,ERMARD
10326,ELOVL4
10327,SLC30A6
10328,IBA57
10329,KLK6
10330,PDCD11
10331,NFATC3
10332,NABP2
10333,FYCO1
10334,DAPP1
10335,UFM1
10336,LINC00501
10337,AAGAB
10338,TNFAIP8L1
10339,CNNM1
10340,SECISBP2L
10341,SEMA3C
10342,RUSC1
10343,LCMT2
10344,CAND2
10345,MXD4
10346,UBXN8
10347,DHRS7B
10348,KIF9
10349,TMEM26
10350,SLC34A2
10351,FBXO17
10352,BRAF
10353,GALR3
10354,SRPK3
10355,CYP1A2
10356,XRRA1
10357,HTR3B
10358,POU4F3
10359,EEF1A2
10360,RALB
10361,CYP2C9
10362,KLK13
10363,SAT2
10364,TUFT1
10365,EXOSC10
10366,RNF103
10367,MARK1
10368,DNAAF2
10369,SMURF1
10370,LINC00942
10371,PCDHGA1
10372,HSPB8
10373,FGR
10374,CLCC1
10375,CMPK1
10376,KLK5
10377,PTTG2
10378,MRGPRX4
10379,PRRG2
10380,GTF3C1
10381,ZNF232
10382,KRT32
10383,EEF2KMT
10384,EMP3
10385,SPC25
10386,KLK15
10387,BTN3A2
10388,GJB1
10389,NLRP6
10390,ZNF777
10391,EIF1AY
10392,MIR3180-2
10393,MAP1B
10394,BCAN
10395,CFAP44
10396,ATP6V0E1
10397,MYH13
10398,SLC35F4
10399,PLBD1
10400,MGAT4C
10401,LRRC24
10402,LINC01511
10403,BDKRB1
10404,SYT9
10405,CCDC179
10406,TMTC3
10407,AGK
10408,CD33
10409,MMRN2
10410,ARMS2
10411,ZCCHC18
10412,ATP6V0A2
10413,ZC3H6
10414,C1orf54
10415,ATE1
10416,OR10A5
10417,TIAL1
10418,C19orf12
10419,DUOX2
10420,RPL37A
10421,TMSB4X
10422,KIF22
10423,RASAL2-AS1
10424,IL21R-AS1
10425,RIN1
10426,CHL1-AS1
10427,ZNF24
10428,ZNF483
10429,SSU72
10430,C1orf198
10431,KIN
10432,RAB6B
10433,PXK
10434,PFKFB3
10435,VCAN-AS1
10436,SMC6
10437,ELP6
10438,SYNDIG1
10439,SPZ1
10440,PKNOX2-AS1
10441,YDJC
10442,CCDC61
10443,KCTD20
10444,LINC01192
10445,CST7
10446,CALR
10447,DHX34
10448,NPC1
10449,ITLN1
10450,SCYL2
10451,IQGAP2
10452,RNF144A
10453,PANK2
10454,LMCD1
10455,SLC25A48
10456,HIPK1
10457,EFNA5
10458,PPP2R1A
10459,CEP290
10460,KIAA0040
10461,ASB7
10462,RGMB-AS1
10463,HOXA10-AS
10464,NIF3L1
10465,ACTR10
10466,PMCH
10467,UTS2B
10468,PPT2
10469,RGPD1
10470,LINC01549
10471,ANKRD66
10472,LINC00987
10473,TSSK4
10474,DCP2
10475,DNASE1L2
10476,KDM8
10477,GBA2
10478,ERAL1
10479,CEACAM6
10480,HMGB1
10481,KNDC1
10482,PRKACB
10483,XYLT2
10484,LRRC75A
10485,NCF2
10486,KLHL30
10487,VPS13D
10488,SND1-IT1
10489,IFIT2
10490,POP7
10491,LRP10
10492,LPA
10493,NLRP12
10494,TPM3
10495,MYO1C
10496,TTLL9
10497,RGS6
10498,CXCR1
10499,MYBPC1
10500,PABPC1L2B
10501,HIGD1A
10502,TRIM35
10503,TRIM65
10504,TGM7
10505,MRPL15
10506,PMPCA
10507,PLD2
10508,SLC25A18
10509,ALOXE3
10510,SLC5A1
10511,MACC1
10512,TDRD12
10513,NRCAM
10514,SPATA4
10515,DEFA5
10516,LRRC10
10517,IRF6
10518,TOX4
10519,RAB39B
10520,CDS1
10521,DANT2
10522,EZH1
10523,USF2
10524,DNAJC5B
10525,C1D
10526,VRK3
10527,MT4
10528,SDSL
10529,BEST2
10530,GCC1
10531,KCNK17
10532,ANAPC13
10533,BRK1
10534,GNAS-AS1
10535,SLC35G3
10536,C1orf122
10537,DTX1
10538,RAET1L
10539,ACAD10
10540,LCLAT1
10541,CCDC177
10542,JMJD8
10543,CLSTN1
10544,IHH
10545,NUB1
10546,NDC80
10547,NFATC2
10548,ASB9
10549,CNTN6
10550,E2F7
10551,LMBR1L
10552,FUBP3
10553,LINC00687
10554,DNAL4
10555,LINC00364
10556,BRIP1
10557,OBSCN
10558,AGPAT3
10559,DHX35
10560,MSL1
10561,PAX9
10562,SIRPG
10563,TTC22
10564,IGF2BP2-AS1
10565,UBE2E1
10566,EDA
10567,RNF103-CHMP3
10568,PTGES3L-AARSD1
10569,HSPB7
10570,PI3
10571,LINC00639
10572,TMC2
10573,TCP1
10574,TRAF4
10575,PPA2
10576,HSPD1
10577,FAM24B
10578,RAD21
10579,ITIH1
10580,TMCC3
10581,BCOR
10582,C17orf58
10583,OR2L3
10584,THOC3
10585,PSAPL1
10586,IL22RA2
10587,CCDC38
10588,SUFU
10589,CD99
10590,ITGB2
10591,TMC8
10592,SMIM13
10593,LNX2
10594,TRAF3IP1
10595,CCNB3
10596,CLCN4
10597,MYCNUT
10598,MTA3
10599,FADD
10600,RBM38
10601,RET
10602,SSC4D
10603,THUMPD3-AS1
10604,IQCJ
10605,LLGL2
10606,LINC00691
10607,PCDHGA8
10608,CNDP1
10609,UVRAG
10610,ZNF703
10611,MERTK
10612,TLX3
10613,COPG1
10614,FKBP1C
10615,CCP110
10616,DIRAS1
10617,MED12
10618,FARP2
10619,RBM5
10620,APMAP
10621,ZNF534
10622,ZFHX2
10623,ZNF407
10624,VEZT
10625,SMAP1
10626,LINC01525
10627,RPS14
10628,RAP1GAP
10629,THSD7A
10630,RBMS1
10631,CHODL-AS1
10632,TAB3
10633,AP1S1
10634,SLC16A11
10635,LINC01267
10636,TPSD1
10637,CTTNBP2NL
10638,AQR
10639,CD79A
10640,DSC3
10641,STAMBPL1
10642,GPR157
10643,CA8
10644,SEC22B
10645,PANK4
10646,DNAJC4
10647,PIAS1
10648,FAAH2
10649,TTLL5
10650,CAMK1D
10651,HSPH1
10652,C8B
10653,NDUFA9
10654,AKAP10
10655,TRIM46
10656,ZNF334
10657,OR52K2
10658,PIK3C2G
10659,RPUSD4
10660,TRERF1
10661,ANXA11
10662,CLDN11
10663,SIRT1
10664,MTMR8
10665,COL8A1
10666,FICD
10667,ENPP5
10668,PNMA6A
10669,GRM7-AS1
10670,SSR4
10671,LINC01227
10672,PIK3IP1
10673,LMBR1
10674,ZNF233
10675,CEP89
10676,MDM4
10677,ADGRL2
10678,LAMA3
10679,MFSD11
10680,RCBTB2
10681,BANCR
10682,PAAF1
10683,ARL15
10684,CA9
10685,PIK3CA
10686,APOBEC3B-AS1
10687,SPHKAP
10688,PMP22
10689,FANCB
10690,PTCSC3
10691,ADAMTSL4
10692,COMTD1
10693,PCYT1B
10694,FRK
10695,SLC25A47
10696,EIF4E3
10697,FLII
10698,TNPO2
10699,MPZL2
10700,INSIG2
10701,AGAP5
10702,PDCD5
10703,TNFRSF25
10704,FAM50A
10705,ARL5A
10706,WDR72
10707,ERBB4
10708,RFXANK
10709,DRD5
10710,ETV5-AS1
10711,BASP1
10712,PEAR1
10713,COL18A1-AS2
10714,C10orf95
10715,SLC19A2
10716,NCOR2
10717,LINC-PINT
10718,MYO3B
10719,CNTN1
10720,TMEM107
10721,DOCK11
10722,PPP1R14B
10723,PLCXD1
10724,PIGK
10725,COX4I1
10726,FZD1
10727,MAGEC3
10728,ENTPD7
10729,PTHLH
10730,ZNF709
10731,CLPTM1
10732,LANCL2
10733,MBD3L1
10734,COASY
10735,ANKRA2
10736,MIR3179-3
10737,RPL36
10738,CXCL12
10739,SRRM4
10740,LHX9
10741,TPM2
10742,LCN15
10743,KAZN
10744,DNM1
10745,HOXD3
10746,CNIH2
10747,ZDHHC3
10748,TRPM4
10749,AVL9
10750,APOL3
10751,ADGRB3
10752,GTF2A2
10753,AP4B1-AS1
10754,CDH11
10755,CFL2
10756,NMB
10757,GBP4
10758,MFSD6L
10759,ELMO2
10760,COL4A2-AS1
10761,SERPINB10
10762,IL17F
10763,NCKAP5
10764,ERVW-1
10765,GGCX
10766,TUBB2A
10767,SERPINB7
10768,TRUB1
10769,UNC119
10770,DCAF8L1
10771,OR2AK2
10772,GATA3
10773,NAV3
10774,MGC15885
10775,UBQLN1
10776,C9orf78
10777,KDM2A
10778,NDUFS3
10779,C19orf73
10780,SLC25A24
10781,RASSF6
10782,ACTN1
10783,PIGF
10784,USP12
10785,GAPT
10786,TRBV20OR9-2
10787,NLRP11
10788,MVD
10789,STMN4
10790,UBR3
10791,ABHD14A-ACY1
10792,NKX3-2
10793,IL31RA
10794,SHPK
10795,FIBCD1
10796,KATNAL2
10797,EDN1
10798,AGAP4
10799,MCF2L
10800,RAP2B
10801,DUSP19
10802,DHX57
10803,PARP9
10804,SOX18
10805,RAB3A
10806,C1QTNF9B
10807,LRRC7
10808,SLC27A4
10809,EID2B
10810,ERCC1
10811,ZNF558
10812,SLC22A4
10813,DLAT
10814,SYN3
10815,KRAS
10816,C10orf67
10817,ADCY7
10818,POPDC2
10819,TFF2
10820,CHTOP
10821,MCU
10822,MRPS35
10823,DHRS9
10824,ZBTB43
10825,STAT1
10826,ZNF776
10827,CORO1C
10828,DYRK4
10829,GGH
10830,FOXO1
10831,NACA2
10832,CDK20
10833,FAM162A
10834,ANKRD7
10835,MECR
10836,BTRC
10837,LINC00664
10838,ZBTB47
10839,SLC38A10
10840,SAR1A
10841,S1PR4
10842,BTBD9
10843,ADAMTS9
10844,MTIF3
10845,ZNF76
10846,NARF
10847,CDH8
10848,CROCC
10849,ANKAR
10850,IFT80
10851,ZNF8
10852,FMO3
10853,SMARCB1
10854,STBD1
10855,DMRT2
10856,LINC01012
10857,PTGR2
10858,ADCY9
10859,SF3B4
10860,PHOX2B
10861,FMNL3
10862,SCGB3A2
10863,ATF3
10864,RERG
10865,CSTF3
10866,CACNA2D3
10867,CYP2A6
10868,UGT2B4
10869,MLF2
10870,GLIDR
10871,ZNF230
10872,TNKS2
10873,TMEM14C
10874,DTX4
10875,TLR7
10876,BRI3
10877,ZNF385D-AS1
10878,PRR35
10879,LINC01592
10880,PAUPAR
10881,RABL2A
10882,CDCA7L
10883,LINC01503
10884,FIZ1
10885,GFRA1
10886,TM2D3
10887,ARRB1
10888,ANXA9
10889,RRAS
10890,ABHD17B
10891,ACKR4
10892,MRC1
10893,KRT38
10894,MAP9
10895,GPR75
10896,UMPS
10897,BOD1L2
10898,CTSV
10899,JAK1
10900,FOCAD
10901,ABALON
10902,RAD51AP1
10903,MLLT6
10904,EIF2B1
10905,CAPSL
10906,ULK2
10907,BRWD1-AS1
10908,LINC01140
10909,ZNF696
10910,KHDC3L
10911,DIO3
10912,METTL16
10913,KLK4
10914,IFNE
10915,COMMD4
10916,CDCA3
10917,COIL
10918,LPAR6
10919,TK1
10920,B3GAT2
10921,FGG
10922,ITPKA
10923,FNDC3B
10924,TEX2
10925,SIGMAR1
10926,SLITRK4
10927,ORMDL2
10928,ECE2
10929,CAPN6
10930,LINC01564
10931,CD1B
10932,CLOCK
10933,SCGB1D4
10934,SIAH2
10935,CHEK2
10936,CTSO
10937,KCNAB2
10938,IFRD1
10939,SFTPA1
10940,LRIT3
10941,TRAV34
10942,PNRC1
10943,FLOT2
10944,DTD1
10945,ITGAD
10946,HSFX2
10947,SLC43A1
10948,OR9Q1
10949,EZR
10950,SLC6A13
10951,GPR174
10952,ETV2
10953,NPTN
10954,FNDC7
10955,CCDC34
10956,LRR1
10957,VHLL
10958,EPB41L5
10959,PFN1
10960,MMP12
10961,HOXC6
10962,TMEM182
10963,EIF4H
10964,CLTB
10965,LINC00174
10966,CPA4
10967,HACD4
10968,YOD1
10969,INSL3
10970,CDPF1
10971,SMCO4
10972,TARBP1
10973,C6orf141
10974,FLT3
10975,SCML2
10976,RSAD1
10977,USP16
10978,SYP
10979,TDP2
10980,BACE1
10981,SREK1IP1
10982,B4GALNT2
10983,APOL2
10984,USP6
10985,NPR1
10986,UNC119B
10987,DCAF8
10988,TAF9B
10989,CSPP1
10990,DEFB132
10991,LINC01506
10992,OS9
10993,TRAV13-1
10994,ABCB6
10995,IL18
10996,SLITRK1
10997,SNHG18
10998,ZNF816
10999,NOD2
11000,GREB1L
11001,ZNF474
11002,SLC2A4RG
11003,SLC13A3
11004,HOXD12
11005,TMPRSS7
11006,SEC14L2
11007,GOLGA8S
11008,NPM3
11009,MDGA1
11010,MIR193BHG
11011,UBA3
11012,ITIH5
11013,SNPH
11014,TBC1D8B
11015,DIP2B
11016,ZPBP2
11017,KRT17
11018,SAP18
11019,SPANXC
11020,PRSS27
11021,CPZ
11022,INTS6
11023,APOBEC4
11024,GJB3
11025,AMDHD1
11026,VGLL1
11027,TNS4
11028,MAP2K5
11029,CCT2
11030,PTPRM
11031,GPR12
11032,EMC10
11033,SCNM1
11034,GNAL
11035,ACTR8
11036,RBM42
11037,COX5A
11038,ZDHHC19
11039,NSUN3
11040,NCKAP5L
11041,SYNJ2BP
11042,MEF2B
11043,CTC1
11044,LINC01362
11045,PPP1R17
11046,EPB41L4A
11047,CDK2AP1
11048,VPS51
11049,ARL13B
11050,RCVRN
11051,CAMK2N2
11052,PLEKHS1
11053,USH1C
11054,GTF3C4
11055,LINC00028
11056,MMP2
11057,ZNF436
11058,NOL3
11059,CFAP126
11060,SLCO4A1-AS1
11061,PRLR
11062,CRYBA1
11063,CTF1
11064,FCMR
11065,KIAA1958
11066,LINC00276
11067,DNASE1L1
11068,TRPM5
11069,PREX2
11070,DHRS11
11071,CLK4
11072,U2AF2
11073,TRAPPC1
11074,AGPAT4
11075,SRGN
11076,MORN2
11077,LAP3
11078,SPRR3
11079,ATP13A2
11080,ANGEL2
11081,ASB14
11082,NAT16
11083,MRPL1
11084,ELMO1
11085,TMEM121
11086,GBP7
11087,FLYWCH1
11088,LLPH
11089,FAM153A
11090,TSPAN12
11091,AKAP3
11092,ADD1
11093,NINJ1
11094,ZNF181
11095,HACD2
11096,C12orf71
11097,IGKV1D-33
11098,FAM168A
11099,VSIG1
11100,REEP2
11101,DISP1
11102,WDR20
11103,FAM170A
11104,MC4R
11105,ZNF585B
11106,MIR219A2
11107,MPV17
11108,MCM8
11109,AAR2
11110,TRIM56
11111,TSGA10IP
11112,CCR10
11113,CD244
11114,FUOM
11115,SEC31B
11116,MAGED2
11117,CYB5D2
11118,MYOZ1
11119,RBM34
11120,RBM19
11121,PDZD11
11122,AMPD1
11123,PAFAH1B2
11124,REN
11125,ARL8B
11126,SAC3D1
11127,FER1L6-AS2
11128,PRSS2
11129,RBM48
11130,FGFR4
11131,SLC16A4
11132,TUBB8
11133,PSMD12
11134,CSN2
11135,PRSS55
11136,CUL1
11137,WNT2B
11138,SLC35A5
11139,OPRD1
11140,GRAMD1A
11141,SMARCAL1
11142,VMP1
11143,PTPRB
11144,NMBR
11145,SNRNP40
11146,FEZ2
11147,NRARP
11148,RESP18
11149,FOXL2NB
11150,CPA1
11151,RAB41
11152,PLGRKT
11153,SCEL
11154,SAV1
11155,REM1
11156,AQP5
11157,VWA3A
11158,KBTBD4
11159,PFN4
11160,ZSCAN16-AS1
11161,NOMO3
11162,LIMS3
11163,BIRC7
11164,CLASRP
11165,PIK3C3
11166,PCGF6
11167,LGR4
11168,PPP2CA
11169,ADHFE1
11170,TAS2R3
11171,SLC2A5
11172,NCDN
11173,SMIM10
11174,OR7E24
11175,ZNF256
11176,CLEC6A
11177,MT1A
11178,ENKD1
11179,HINT1
11180,ARHGEF38
11181,PTPN2
11182,MFN2
11183,SIGLEC11
11184,TRAM1
11185,SHOC2
11186,ZNF442
11187,MLEC
11188,ARHGAP25
11189,TRAJ37
11190,NDUFB3
11191,VEGFB
11192,CEBPB-AS1
11193,CLDN24
11194,TRIM67
11195,CRYGC
11196,TONSL
11197,DRC3
11198,PDP2
11199,RBMS3-AS3
11200,HOGA1
11201,GFY
11202,ZNF267
11203,NF2
11204,LIMD2
11205,IGKV4-1
11206,OSGEPL1
11207,SNAP29
11208,ADAMTS19
11209,USP51
11210,KLF8
11211,PBOV1
11212,KLRB1
11213,FAM83A
11214,LHX2
11215,PROSER2
11216,PITPNM1
11217,APBB3
11218,DOK2
11219,GALNTL6
11220,DDX47
11221,GRAMD4
11222,NEK6
11223,CCDC77
11224,TMEM123
11225,EP400
11226,CSN3
11227,BSCL2
11228,CARD19
11229,TMEM255A
11230,JMJD7
11231,SPATA9
11232,FBLN1
11233,ADPRH
11234,ZNF324B
11235,GNAI2
11236,ACSL5
11237,LINC01447
11238,TACR2
11239,HHIPL1
11240,WFDC13
11241,CLU
11242,TACC1
11243,ZNF212
11244,PRMT9
11245,CEBPG
11246,MORN5
11247,COL10A1
11248,MAPK1IP1L
11249,SNAPIN
11250,PLXNB1
11251,MMP26
11252,MFRP
11253,CLHC1
11254,C19orf47
11255,LINC00484
11256,LAPTM4A
11257,RUNDC3A
11258,TRAV13-2
11259,L3MBTL4
11260,TMEM198
11261,SMKR1
11262,UGT1A7
11263,PNPLA4
11264,ABL1
11265,MCC
11266,UBE2O
11267,NASP
11268,MT-CO1
11269,LSM4
11270,CD3G
11271,MPPED1
11272,CACNG1
11273,SMG8
11274,LINC00511
11275,CARTPT
11276,SCN9A
11277,LINC00299
11278,PORCN
11279,KIAA1328
11280,ANKS1A
11281,SCAF11
11282,EFHB
11283,RNF123
11284,KANK2
11285,USP3-AS1
11286,ASB16
11287,CDK5RAP1
11288,ATG13
11289,TNFRSF10D
11290,SDF2L1
11291,SON
11292,STK11
11293,VAV2
11294,GDPD1
11295,ADNP
11296,ITIH4-AS1
11297,OCIAD1-AS1
11298,CD81
11299,LIG1
11300,ANGPT4
11301,RDH16
11302,HNRNPC
11303,SPATA3
11304,SULT1C3
11305,BSPRY
11306,S100A6
11307,FAM72D
11308,COMMD7
11309,GJA1
11310,SOX11
11311,ABHD18
11312,FZD6
11313,HBA1
11314,HELT
11315,ZNF674
11316,DAB2
11317,SPINK8
11318,RNF180
11319,NPFFR1
11320,SMAD9
11321,HJURP
11322,HELZ2
11323,TIGD4
11324,BIK
11325,TLE1
11326,LINC01289
11327,DSCAML1
11328,POTEF
11329,WNT5B
11330,CLDN5
11331,PGAM5
11332,IGKV2D-28
11333,GLB1L
11334,MATN2
11335,PFDN4
11336,KLHL4
11337,P4HA2
11338,BMP8A
11339,SLC39A3
11340,SLC35C1
11341,RGCC
11342,DNAJB14
11343,MYO1F
11344,MTAP
11345,KCNJ9
11346,LMO7-AS1
11347,SIDT1
11348,MSLNL
11349,EIF4G3
11350,LINC01547
11351,DSG1-AS1
11352,CHMP2A
11353,ZNF564
11354,GOLGA6L2
11355,TMEM134
11356,ACTR2
11357,PPM1B
11358,OPTN
11359,POTEG
11360,TIMM8B
11361,GRM2
11362,CBFA2T2
11363,PSMA4
11364,EIF4A3
11365,TUB
11366,SLC6A4
11367,AFG3L2
11368,PFDN5
11369,LIPE
11370,SFT2D3
11371,THBD
11372,FBLL1
11373,TFAP2E
11374,MRPS9
11375,CHPT1
11376,TNFRSF4
11377,PLXNA4
11378,UBE2F-SCLY
11379,NAMA
11380,PCAT5
11381,CHIC2
11382,CBLN2
11383,TMEM150B
11384,KCNV2
11385,TMEM150C
11386,SLC22A17
11387,FGA
11388,SH2D4B
11389,ZZZ3
11390,PITX3
11391,DCPS
11392,SYCP3
11393,ACBD3
11394,RGS14
11395,CCDC83
11396,RFNG
11397,ATP12A
11398,FANCE
11399,FRAT2
11400,PIP
11401,SS18L2
11402,ENHO
11403,TRIM39-RPP21
11404,IFIH1
11405,CORO1A
11406,C11orf65
11407,S100A9
11408,ALG9
11409,ADAMTS8
11410,ZNF275
11411,FREM2
11412,ZNF618
11413,CCDC107
11414,RABL6
11415,CD79B
11416,TBCB
11417,LRBA
11418,PIP5K1C
11419,CNBP
11420,SERP1
11421,POLE
11422,MAP4K4
11423,LCE1E
11424,PLIN5
11425,PDCD1
11426,ABI1
11427,ARHGAP26-AS1
11428,POMT2
11429,ZDHHC11
11430,TRAFD1
11431,MSRB2
11432,PKD2L2
11433,BCL7A
11434,RAN
11435,IGKV1-39
11436,ZNF284
11437,OR10H1
11438,SLC25A31
11439,LHFPL4
11440,GOSR2
11441,C9orf40
11442,CEBPZOS
11443,PGD
11444,TCF7
11445,SFR1
11446,TBC1D9B
11447,FOXD2-AS1
11448,RFXAP
11449,CHMP6
11450,SERPINB3
11451,LPCAT1
11452,CHD5
11453,RBM18
11454,SPATA13-AS1
11455,ADSL
11456,IFT57
11457,GPR63
11458,RHCE
11459,APLP2
11460,LGMN
11461,COPA
11462,ADH6
11463,NDUFA11
11464,ECM1
11465,PLET1
11466,MAGEB1
11467,STAB2
11468,ALDH5A1
11469,OSBPL2
11470,EVA1B
11471,DTX3L
11472,OR52N5
11473,SPNS2
11474,PVRIG
11475,AHR
11476,MIR34AHG
11477,ELL3
11478,TPRN
11479,SEC61A2
11480,PRPS1L1
11481,PHOSPHO2
11482,PLA2G2F
11483,WIPI1
11484,GSR
11485,GNA12
11486,MEAF6
11487,GHDC
11488,B3GNT9
11489,ANTXRL
11490,LL0XNC01-250H12.3
11491,MT1G
11492,LCAT
11493,ETV5
11494,ZNF35
11495,IGLV2-14
11496,ATRX
11497,UBE4B
11498,NKX2-6
11499,FOXRED2
11500,SYS1-DBNDD2
11501,CSNK1D
11502,NFYC
11503,JADE3
11504,LRRCC1
11505,PLPP3
11506,HPN-AS1
11507,THEM5
11508,GAREM1
11509,PRIM2
11510,YTHDF3
11511,ITPR3
11512,LINC00311
11513,TDG
11514,MLLT11
11515,GRAMD1B
11516,TACR3
11517,DLX5
11518,SPIN1
11519,PPCS
11520,IGF2-AS
11521,RAB3C
11522,CHD8
11523,TCEANC
11524,TET1
11525,LINC-ROR
11526,PDE1C
11527,COL4A3
11528,PTMA
11529,C11orf96
11530,EPN2
11531,S100A7
11532,TMBIM4
11533,OLIG1
11534,C11orf97
11535,SLC30A4
11536,SPIN2A
11537,LAS1L
11538,DPYSL2
11539,NR2F6
11540,LINC01013
11541,CHKB
11542,KCNK16
11543,ESCO1
11544,SMOC1
11545,KLHL15
11546,LINC01569
11547,MAGEC2
11548,PLAT
11549,GPR68
11550,RTEL1-TNFRSF6B
11551,MYO9A
11552,GPR45
11553,IQCH-AS1
11554,PCDHGB7
11555,RAD9A
11556,TRAM2
11557,BAMBI
11558,HNRNPLL
11559,FAM181B
11560,RASD2
11561,CUEDC2
11562,BCDIN3D
11563,SMG5
11564,CWC27
11565,PHKB
11566,TSHZ3
11567,SLC24A5
11568,MRPL53
11569,NCR2
11570,CRCP
11571,DAPK1
11572,NOS1
11573,SH2B1
11574,ZNF213
11575,GPR156
11576,MEIS3
11577,ST3GAL4
11578,CGREF1
11579,CCDC126
11580,OPA1-AS1
11581,LMO4
11582,LINC01134
11583,GBP3
11584,POLD1
11585,CRY2
11586,SLC25A35
11587,TRPC4
11588,ADAMTS16
11589,ANO3
11590,AP1G1
11591,POU5F1B
11592,TSPAN9
11593,IYD
11594,U2AF1
11595,STX4
11596,ENO1
11597,ROR1-AS1
11598,SMOX
11599,TCF12
11600,ERVV-2
11601,RPA2
11602,MOB1B
11603,PEX16
11604,BBOX1
11605,PSPH
11606,GDF5
11607,ASNS
11608,RARRES1
11609,USF1
11610,LINC01048
11611,ERC2
11612,GALNT3
11613,MGAT1
11614,LRP1-AS
11615,SLC9A9
11616,GLT1D1
11617,HMGB2
11618,RRP36
11619,MYOCD
11620,FST
11621,TRRAP
11622,ALDH1A1
11623,DPH1
11624,MSX1
11625,TNFRSF1A
11626,CTTNBP2
11627,GRTP1
11628,COX7B2
11629,SAP30L-AS1
11630,MMS19
11631,CLEC4G
11632,MAP4K2
11633,XPNPEP2
11634,LAMTOR1
11635,TPM4
11636,CD200R1L
11637,DOCK4-AS1
11638,VILL
11639,PRL
11640,RBBP4
11641,LDLRAD2
11642,PEG10
11643,ZNF320
11644,AMBP
11645,GJA4
11646,FAM89A
11647,JTB
11648,MEF2C-AS1
11649,IGF2BP1
11650,MRPL39
11651,EGFLAM-AS1
11652,MAPK11
11653,ZSCAN22
11654,TFAP2A
11655,GREB1
11656,IFI30
11657,JOSD2
11658,SUCLA2-AS1
11659,GRB10
11660,CUTC
11661,ARHGEF1
11662,SLC25A39
11663,MYO1E
11664,C10orf88
11665,LINC01276
11666,CD160
11667,GSTCD
11668,VCX3A
11669,SLC22A6
11670,RABEP1
11671,FZD5
11672,FAM138C
11673,DBET
11674,DBH-AS1
11675,SPTY2D1
11676,C15orf40
11677,PRPF3
11678,AMIGO2
11679,HAUS4
11680,EGLN1
11681,TCEA1
11682,CYP2F1
11683,FOXO3
11684,TUBB3
11685,PNMT
11686,GPHN
11687,RASAL3
11688,PDE4A
11689,WWC2-AS1
11690,FBXW8
11691,LINC01099
11692,GRIN2D
11693,MAD1L1
11694,TEX101
11695,CYGB
11696,ZNF503
11697,RAB3IL1
11698,STAT5B
11699,ARSI
11700,MYL5
11701,CMPK2
11702,NTHL1
11703,ZSCAN32
11704,DYNC1I1
11705,NR2E3
11706,MMP17
11707,TXNL1
11708,DENR
11709,SCAF4
11710,VCP
11711,MOAP1
11712,PLPP1
11713,CCNI2
11714,TAX1BP3
11715,CNN2
11716,DST
11717,ATP13A3
11718,MOK
11719,CTBP2
11720,SCHIP1
11721,SMIM8
11722,CACYBP
11723,DNAI1
11724,SLC12A2
11725,VPS36
11726,SLC5A6
11727,FAM98C
11728,CEACAM19
11729,ACTL6A
11730,CACNA1S
11731,SATB1
11732,CTU2
11733,BCAR1
11734,HM13-AS1
11735,FAM204A
11736,SMIM22
11737,CDC42BPG
11738,FAM3D-AS1
11739,SNIP1
11740,INO80C
11741,RBSN
11742,SRCIN1
11743,ACADM
11744,ST20
11745,GOPC
11746,TRIM38
11747,USP32
11748,RTP5
11749,NDRG1
11750,TAPBP
11751,LINC01498
11752,SLC26A4
11753,PDCD10
11754,KIAA1191
11755,CAPS
11756,TLR4
11757,DNMT1
11758,NDEL1
11759,PLPP7
11760,DPY19L1
11761,ADIG
11762,MST1
11763,OTOP2
11764,PHKA1-AS1
11765,SIGLEC14
11766,POMGNT2
11767,CCR1
11768,ATG5
11769,GPC5
11770,DENND5B
11771,FTSJ1
11772,SDC4
11773,CLCNKB
11774,CBS
11775,CLTC
11776,SLC14A1
11777,PARK7
11778,PROCA1
11779,ZDBF2
11780,DEFB135
11781,FGF10-AS1
11782,FKBP6
11783,SIM1
11784,TUSC2
11785,GDNF
11786,SLC35B1
11787,VGF
11788,CITED1
11789,DOCK9
11790,MCAM
11791,ENOPH1
11792,TSPAN17
11793,RAP1A
11794,ELP3
11795,SNCA
11796,PSCA
11797,CST5
11798,UTP14C
11799,ZNF99
11800,MAFG-AS1
11801,EDN3
11802,ZNF414
11803,CPNE7
11804,LGALS9C
11805,RIT2
11806,MRPL57
11807,BIN1
11808,SYTL2
11809,NOA1
11810,TNFSF9
11811,VENTXP1
11812,MARK3
11813,COX6A2
11814,LCN6
11815,LINC00330
11816,ARMC3
11817,PRKRA
11818,GCNT7
11819,POLR2H
11820,NDRG2
11821,P2RX5-TAX1BP3
11822,TUBGCP3
11823,CCDC182
11824,CNEP1R1
11825,GSTO1
11826,FAM118B
11827,DEF6
11828,CPAMD8
11829,FKBP7
11830,RAB2B
11831,ZNF562
11832,CCDC60
11833,IKBIP
11834,SP1
11835,NAPSA
11836,CPXM1
11837,IL36G
11838,IFNL3
11839,NT5DC1
11840,TUBGCP4
11841,VGLL3
11842,UTS2
11843,BMX
11844,KRT6C
11845,TMEM63A
11846,LINC01444
11847,IGKV2-28
11848,GSTP1
11849,CPEB2
11850,EXT1
11851,DCAF12L1
11852,GPRASP2
11853,GCM2
11854,KLF4
11855,UPK1B
11856,NR1I2
11857,LMOD2
11858,LRGUK
11859,DPYS
11860,PDE8A
11861,SYAP1
11862,FAM72A
11863,NFE2L2
11864,XRCC5
11865,GNA14-AS1
11866,MYOM1
11867,ELF5
11868,GRIN3B
11869,GOLGA7
11870,GNG10
11871,SLC35G6
11872,TTC39B
11873,GMPPB
11874,SARNP
11875,CD1C
11876,SERINC4
11877,ERC1
11878,CCDC141
11879,SPRY3
11880,IZUMO1R
11881,CCNF
11882,HMGN3-AS1
11883,TH2LCRR
11884,CISTR
11885,EPX
11886,MYH9
11887,GALNS
11888,BNIP3
11889,BEAN1-AS1
11890,MTG2
11891,A2M-AS1
11892,CDH13
11893,CNPY3
11894,SNX27
11895,TMEM138
11896,CD164
11897,SDC2
11898,LINC00911
11899,MAPK9
11900,LMF2
11901,GNA14
11902,RALY
11903,ELK4
11904,PI15
11905,TIGD3
11906,ACOT4
11907,AGAP1
11908,PEX3
11909,ZNF750
11910,CPA6
11911,PRSS23
11912,COLQ
11913,C12orf57
11914,CNNM2
11915,EDN2
11916,CALHM1
11917,MLANA
11918,KCNK1
11919,AHRR
11920,ZNF37A
11921,PSMG1
11922,MAVS
11923,CTU1
11924,TK2
11925,FAM90A26
11926,ABLIM3
11927,EZR-AS1
11928,USP24
11929,RBAK
11930,DDX43
11931,CBX1
11932,XPC
11933,PCDHGA4
11934,CORO2B
11935,PAPSS2
11936,DGKZ
11937,MYO19
11938,IGLV6-57
11939,RIBC2
11940,FH
11941,ATF4
11942,IGLV10-54
11943,RAB1A
11944,RIN3
11945,PRRG4
11946,MRPS24
11947,KIF1C
11948,GPR89B
11949,ELF4
11950,ANXA5
11951,LINC01305
11952,SLC47A1
11953,DYNLT3
11954,SCAI
11955,CRELD2
11956,DMTF1
11957,LRRC4B
11958,C2orf68
11959,SNRPB2
11960,SULF1
11961,TNFRSF12A
11962,AKAP7
11963,MSANTD4
11964,CREB3L2
11965,SHANK2-AS1
11966,FIBIN
11967,CDR2L
11968,MAP3K3
11969,KCND1
11970,TNNT2
11971,COPZ2
11972,CD1D
11973,BCKDK
11974,DTX3
11975,FAM53B-AS1
11976,SLC18B1
11977,ERBB2
11978,LEKR1
11979,SLC24A3
11980,SEMA3G
11981,SNAP23
11982,STAMBP
11983,TRGC2
11984,CSF1R
11985,GSTZ1
11986,CCDC69
11987,RPRD1B
11988,EIF1AX
11989,LPAR4
11990,ERVMER34-1
11991,TNKS1BP1
11992,KDM6A
11993,LINC00540
11994,MRFAP1L1
11995,IGKV1-5
11996,C12orf54
11997,NGB
11998,CMTM1
11999,ZFAND4
12000,DMTN
12001,GPR52
12002,TMEM178A
12003,CDS2
12004,C20orf144
12005,NRG3
12006,PCBP4
12007,IGKV3-15
12008,ADA
12009,SUN2
12010,TBX20
12011,LINC01419
12012,FSIP2
12013,DAPK3
12014,SIN3B
12015,MEGF9
12016,PSMD11
12017,ZNF132
12018,APOO
12019,OR1G1
12020,NKAPL
12021,PARD6G
12022,GPSM2
12023,FBLIM1
12024,MID2
12025,AP5Z1
12026,IL1RAPL1
12027,GUSB
12028,LRCOL1
12029,TNRC6B
12030,COX7C
12031,CDC16
12032,GUCY2D
12033,DNAH7
12034,ZNF561
12035,CMA1
12036,SPG21
12037,MYOD1
12038,NUBP1
12039,STC1
12040,GRM7-AS2
12041,COL8A2
12042,DGKK
12043,LYPD3
12044,SBF1
12045,RASSF8
12046,AIMP1
12047,ZFP1
12048,SNRNP200
12049,TRPC1
12050,DSTYK
12051,ZNF277
12052,CLNS1A
12053,GPI
12054,CCDC40
12055,DNM3
12056,ATP6V0E2
12057,BRWD3
12058,FOXL1
12059,DDX42
12060,C1orf116
12061,CH25H
12062,SH2D3C
12063,CELSR2
12064,DISP2
12065,CBX3
12066,TTC24
12067,RNF212
12068,GIP
12069,PBRM1
12070,MAPK8IP3
12071,CIB1
12072,FAM118A
12073,PSG2
12074,NPHS1
12075,TRGV2
12076,LUM
12077,CD9
12078,MYPN
12079,VWCE
12080,ZFPL1
12081,LPIN1
12082,ATF7IP
12083,DENND6A
12084,PHIP
12085,ACVR1
12086,SF3A3
12087,DOCK2
12088,PRSS54
12089,IGKV2D-40
12090,ALOX5AP
12091,CDK14
12092,SPATA6L
12093,ATP6V0B
12094,ZNF48
12095,BARX1
12096,DIRAS2
12097,DPY19L4
12098,OR51Q1
12099,ZNF155
12100,PCDH17
12101,BRMS1L
12102,ENPP3
12103,MAGEE2
12104,CELF2-AS1
12105,FCRL4
12106,IRAK4
12107,CPPED1
12108,DENND3
12109,ARMC2
12110,SDCBP2-AS1
12111,LINC01206
12112,ZFP42
12113,PTPN14
12114,NOB1
12115,ZBTB25
12116,FSTL4
12117,MROH9
12118,ZFYVE26
12119,TUBA1C
12120,MINCR
12121,RBM6
12122,EMD
12123,TRPM6
12124,HMOX2
12125,IRS4
12126,C11orf87
12127,ERMN
12128,OIT3
12129,JAK2
12130,PRPF38B
12131,COG3
12132,ARTN
12133,CRB2
12134,SOWAHC
12135,FOXP1
12136,PTPN7
12137,MYB
12138,CAMK2G
12139,PHF20
12140,PQBP1
12141,TDRD1
12142,ZSCAN18
12143,SERPINI2
12144,PRRG1
12145,HMGB3
12146,ZNF610
12147,VPS50
12148,ATG4D
12149,YPEL2
12150,VPS9D1-AS1
12151,FRMPD1
12152,ZRANB3
12153,FHL3
12154,CAV2
12155,KIAA1210
12156,PCID2
12157,MCF2
12158,QTRT1
12159,PCOLCE-AS1
12160,GPR15
12161,F11-AS1
12162,EMP1
12163,VGLL4
12164,FKBP8
12165,NPEPPS
12166,PSMG2
12167,RECQL4
12168,SHISA4
12169,KRTAP5-7
12170,RFTN2
12171,ALDH1L1
12172,FAM83B
12173,SRGAP3-AS4
12174,BBS7
12175,TLR6
12176,IL17REL
12177,HAR1B
12178,IGLV11-55
12179,ZNF329
12180,FAM174B
12181,FAM200B
12182,LIM2
12183,LINC01011
12184,ATP6V1G3
12185,TGM5
12186,WDPCP
12187,NPL
12188,SKAP2
12189,EZH2
12190,CPO
12191,TMEM41A
12192,NAT8L
12193,RBM14-RBM4
12194,CCDC175
12195,PIWIL1
12196,LINC00973
12197,LIN7B
12198,F2R
12199,NEDD9
12200,MALRD1
12201,LDHD
12202,NUP133
12203,ICA1
12204,MX2
12205,VPS13A
12206,TMEM119
12207,ZNF574
12208,GABRG1
12209,APOBEC3G
12210,TRAPPC6A
12211,DEFA3
12212,RPS15
12213,CHDH
12214,UGT3A1
12215,PNMA3
12216,LCN10
12217,GPR31
12218,PWWP2B
12219,TMEM256
12220,C19orf67
12221,CDCP2
12222,ALDH1L1-AS1
12223,CLK2
12224,DEFB118
12225,ASCC1
12226,MFGE8
12227,AKAP13
12228,F13A1
12229,AKR1C1
12230,MOCS3
12231,ENTPD6
12232,L1CAM
12233,VTCN1
12234,TNXB
12235,UNC5B
12236,OR2T4
12237,C1orf115
12238,ICA1L
12239,ASPH
12240,CHAD
12241,XIST
12242,CLTCL1
12243,RNASE7
12244,TRAPPC3L
12245,DCTN2
12246,OAF
12247,ASB12
12248,ALKBH1
12249,SEC24B
12250,EPYC
12251,CLEC11A
12252,FEN1
12253,S1PR1
12254,SLC22A13
12255,GABARAPL2
12256,GALE
12257,CRTAM
12258,PICALM
12259,CRISPLD1
12260,LSAMP
12261,C20orf96
12262,GEMIN5
12263,HMG20B
12264,UGP2
12265,HCK
12266,PCBD2
12267,ZFP28
12268,SCGB3A1
12269,LTC4S
12270,SLC1A5
12271,PPP1CB
12272,UACA
12273,LCN2
12274,LINC01258
12275,RELN
12276,PSMA1
12277,ZNF462
12278,CLDN16
12279,C8G
12280,SPINT3
12281,NFIX
12282,NPFF
12283,NDUFA3
12284,LINC01247
12285,DPPA5
12286,OPRM1
12287,LINC01582
12288,OTP
12289,C18orf63
12290,LIPH
12291,LINC00379
12292,TVP23C
12293,CA1
12294,THRAP3
12295,FOXN1
12296,DNAH3
12297,NADK2-AS1
12298,HBS1L
12299,SH3TC2
12300,GAS2
12301,F10
12302,INTS4
12303,ZNF281
12304,C18orf54
12305,CCDC71L
12306,MUC5B
12307,CLASP1
12308,DAD1
12309,CDH18
12310,SLC25A5
12311,ELL
12312,ACOX3
12313,ARFGEF3
12314,TTK
12315,TACC2
12316,KCNT2
12317,PLAG1
12318,KCNA1
12319,PREX1
12320,PPP6R1
12321,EPM2A
12322,BCL9
12323,C2orf15
12324,SLC30A5
12325,MXD3
12326,EYA4
12327,PRKCD
12328,CD82
12329,SIX1
12330,SSR3
12331,DCAF6
12332,NPAS1
12333,LINC01072
12334,DENND5A
12335,CAPG
12336,LINC00543
12337,LRRTM4
12338,CMTM4
12339,ACSM4
12340,RBM25
12341,LMO7DN
12342,IFIT1B
12343,NETO1
12344,SLC17A7
12345,DLG4
12346,GSTM4
12347,CPEB1-AS1
12348,APPBP2
12349,ZNF133
12350,OMA1
12351,PDE6D
12352,GGPS1
12353,SURF4
12354,PSKH2
12355,PWRN1
12356,IDI1
12357,TIMM44
12358,APEH
12359,NANOGP8
12360,TTLL1
12361,MTRF1
12362,TMEM259
12363,KIFAP3
12364,SI
12365,RCN3
12366,PIK3AP1
12367,MYOZ2
12368,UBR5
12369,ARGLU1
12370,RANBP3L
12371,NME8
12372,COL4A6
12373,KMT2D
12374,TMEM151B
12375,STARD3
12376,PKN1
12377,DYNC2LI1
12378,ARHGAP18
12379,AQP9
12380,MAB21L1
12381,EPHX1
12382,ADAP2
12383,XIAP
12384,KCND3-AS1
12385,TOPBP1
12386,UNC93B1
12387,CSTB
12388,GBP6
12389,EFCAB14-AS1
12390,SATB2-AS1
12391,PHACTR3
12392,TRAPPC3
12393,CIT
12394,ZNF844
12395,HELQ
12396,CEP135
12397,DLGAP3
12398,MAK16
12399,RABGAP1L
12400,NUDCD3
12401,ADGRG3
12402,NUDT21
12403,ZNF107
12404,MICAL3
12405,NDUFA1
12406,AMHR2
12407,INMT
12408,LINC00929
12409,PTPRD-AS1
12410,HAUS7
12411,RAPGEFL1
12412,DLGAP4-AS1
12413,PIGN
12414,GGA1
12415,SPIN2B
12416,TGFA
12417,PIGX
12418,GIMAP1
12419,DEPDC7
12420,SLC3A2
12421,MAFK
12422,C1QBP
12423,ARPC5L
12424,LSP1
12425,ARMCX3
12426,CCL11
12427,GTSCR1
12428,APH1B
12429,RNF175
12430,KCNH7
12431,QRICH1
12432,TRAV10
12433,CHGB
12434,BMF
12435,RPS4Y1
12436,NUCB1
12437,GLYATL1
12438,SMTN
12439,ZKSCAN4
12440,IARS2
12441,RAP1GDS1
12442,LINC01435
12443,RN7SL832P
12444,C2CD2L
12445,SDHA
12446,PLEKHG7
12447,DLX3
12448,GRM7-AS3
12449,CDH6
12450,NUMB
12451,CSNK1G2
12452,MCM6
12453,MAGED4B
12454,RAB14
12455,SOCS1
12456,P4HA3
12457,NLRP8
12458,VWA1
12459,ZC3H11A
12460,EGR4
12461,TRGV5P
12462,FAM163A
12463,USP5
12464,MANBA
12465,LINC00479
12466,TPP1
12467,UBXN7-AS1
12468,TMCO4
12469,APOE
12470,SUMO4
12471,ABCC5-AS1
12472,DAB1-AS1
12473,KLRC3
12474,HLA-DRA
12475,DCLRE1B
12476,RGS11
12477,TMEM63B
12478,STK32B
12479,CEP128
12480,HPDL
12481,SRRM2-AS1
12482,LINC01100
12483,KDM3A
12484,DFFB
12485,DRG2
12486,MAN1A1
12487,YKT6
12488,EHD3
12489,S100B
12490,TFDP1
12491,CER1
12492,ARID5A
12493,C16orf95
12494,SYN1
12495,TAPT1
12496,FAF1
12497,TMEM214
12498,PTN
12499,SAXO2
12500,WDR74
12501,SLCO2B1
12502,TGFB2
12503,TEX11
12504,DLEC1
12505,GPALPP1
12506,PRDM11
12507,JMY
12508,PPARGC1B
12509,CFAP157
12510,PGBD2
12511,IGHV3-74
12512,DHRS7
12513,LYSMD2
12514,FAM193A
12515,TMEM144
12516,IFIT1
12517,ARL17A
12518,TTC9
12519,SEC62
12520,HOXB3
12521,LYAR
12522,HEXA-AS1
12523,TINAG
12524,GOLGA3
12525,NCOA3
12526,SPATA31A1
12527,MSMB
12528,SH3RF1
12529,TECPR2
12530,KRTAP4-6
12531,CHTF8
12532,SIRPB2
12533,KAT2B
12534,TSKU
12535,IFI6
12536,LINC01108
12537,LSM14A
12538,APPL2
12539,TSPO
12540,TBL2
12541,TEKT4
12542,ESRRA
12543,MYBPC2
12544,EBI3
12545,KLHL11
12546,TACSTD2
12547,GPC1
12548,MIA2
12549,EPHA3
12550,PRRC1
12551,RPS6KL1
12552,ABCC6
12553,ERRFI1
12554,PACSIN2
12555,CCNA1
12556,NME3
12557,RBBP8
12558,GFOD2
12559,CNBD1
12560,LINC01608
12561,APOA1
12562,LRRC71
12563,ZNF461
12564,ARPC5
12565,DBX2
12566,PSD
12567,CLDN8
12568,SEC24D
12569,ABCA2
12570,ZBED2
12571,SPAG8
12572,B3GAT3
12573,ADGRF4
12574,LINC00703
12575,LINC00919
12576,MAGEB10
12577,RFX3
12578,ID4
12579,HIF3A
12580,CCSER1
12581,UROC1
12582,CCDC17
12583,RND1
12584,RPL27
12585,ATAD2B
12586,TMOD1
12587,TBX4
12588,KCNC3
12589,AGO1
12590,PLCL1
12591,CREB5
12592,ARHGAP1
12593,ZNF565
12594,FGB
12595,JAGN1
12596,ONECUT2
12597,FAM187B
12598,AMACR
12599,LCP2
12600,CTB-1I21.1
12601,SCARA3
12602,LEO1
12603,RGS18
12604,PALD1
12605,KLHL29
12606,CGNL1
12607,CPXM2
12608,WFDC10B
12609,EPHA1-AS1
12610,RHOT1
12611,TPRG1L
12612,CCDC144NL-AS1
12613,BOD1L1
12614,OR52E5
12615,GAMT
12616,MTHFS
12617,GRP
12618,DNAJC25-GNG10
12619,RBPMS-AS1
12620,F7
12621,NOL12
12622,ZNF704
12623,HEG1
12624,IL17B
12625,TSPAN31
12626,KBTBD7
12627,MAGEA10
12628,KHSRP
12629,ENO3
12630,ZNF711
12631,GHRHR
12632,CTD-2194D22.4
12633,LINC00562
12634,LINC01551
12635,WDR47
12636,PIGB
12637,PTPN21
12638,ATP6V0E2-AS1
12639,ZNF644
12640,KDR
12641,STEAP3-AS1
12642,SLC9A9-AS1
12643,CPNE4
12644,SPINK4
12645,ARSD
12646,RAI14
12647,SRSF4
12648,IFT172
12649,RPRD1A
12650,DPPA2
12651,NEUROG1
12652,PSD4
12653,INF2
12654,DMRT1
12655,PTH2R
12656,C3orf80
12657,EPHA7
12658,GABRR2
12659,ZMYM6
12660,OPN5
12661,IRAK1BP1
12662,HIPK2
12663,PRR7
12664,NOP16
12665,INHA
12666,AP1S3
12667,OR8B12
12668,PART1
12669,ETV6
12670,TAF11
12671,SIGIRR
12672,IL22RA1
12673,TMPRSS6
12674,DDX51
12675,RNPEP
12676,ENTPD8
12677,MGAT3
12678,TMEM132B
12679,FAM136A
12680,FBXW12
12681,RELL2
12682,RGMB
12683,AMER1
12684,ITM2B
12685,VASP
12686,CENPI
12687,CD69
12688,SLFN11
12689,CDKN1B
12690,SLC22A24
12691,TMLHE-AS1
12692,NOM1
12693,FABP7
12694,PIH1D2
12695,GNMT
12696,TRPC4AP
12697,KCNMB1
12698,RNF34
12699,CCIN
12700,BAIAP2L1
12701,TMEM203
12702,MYHAS
12703,N4BP2
12704,CCM2L
12705,CCDC57
12706,TSPYL6
12707,UBL5
12708,RAB13
12709,PHTF1
12710,UQCRC2
12711,PLTP
12712,UTP3
12713,CACNA2D3-AS1
12714,HPGDS
12715,TAS1R3
12716,ZFAND6
12717,CCL21
12718,NUTM2B-AS1
12719,LYPD8
12720,ABHD17C
12721,QPCTL
12722,ALG1
12723,SCD
12724,PIGH
12725,SETD5
12726,COL4A1
12727,APOH
12728,LINC01554
12729,TFG
12730,SPIB
12731,HEATR3
12732,AMY2A
12733,PHLDB1
12734,ROBO2
12735,LINC00415
12736,SNX11
12737,ELOVL1
12738,RITA1
12739,LINC00927
12740,PENK
12741,ARL4A
12742,PKDREJ
12743,UQCRQ
12744,PLCE1-AS1
12745,BHMT
12746,CELA2A
12747,GABRB1
12748,TMEM43
12749,NR2F2
12750,CDKN1A
12751,MIR1-1HG
12752,MLH3
12753,CDK15
12754,PLSCR1
12755,TOR1AIP1
12756,TTLL3
12757,MS4A4E
12758,SMIM17
12759,HSD17B2
12760,NAB1
12761,ZSWIM4
12762,ZNF383
12763,RSPH10B
12764,CETN3
12765,TRIB1
12766,SNAPC5
12767,MRPS27
12768,TMCO6
12769,ERF
12770,RIMS4
12771,ITGB8
12772,SNAI2
12773,LRRFIP2
12774,MRPL51
12775,PFDN1
12776,SIPA1L2
12777,STX12
12778,FGF12-AS3
12779,NAGK
12780,RFX8
12781,LRRC2-AS1
12782,ILF3
12783,ABCB4
12784,LRCH1
12785,TARID
12786,MMP19
12787,MIER3
12788,SERPINA9
12789,RAB3GAP1
12790,RBBP8NL
12791,KHDC1
12792,ATG7
12793,HMGN5
12794,KCNK13
12795,VIM-AS1
12796,LINC00706
12797,CCDC122
12798,FBXO46
12799,PLEKHA8
12800,PLEKHH2
12801,RORA-AS1
12802,FAM66D
12803,NCLN
12804,UBE2V2
12805,TRMT10C
12806,WNT8B
12807,ILF2
12808,KCNA2
12809,WASF2
12810,SPRED2
12811,GBE1
12812,FN3K
12813,IZUMO1
12814,AHSA1
12815,RBM39
12816,DYNC1LI1
12817,CDH16
12818,COPB1
12819,GKAP1
12820,FAM131B
12821,CA4
12822,CT83
12823,XPOT
12824,GRWD1
12825,MGMT
12826,FAH
12827,AKT2
12828,TBPL2
12829,ARMCX4
12830,MASTL
12831,PRAC2
12832,LINC00690
12833,SPATS1
12834,ACAT1
12835,LINC00570
12836,ZNF74
12837,CD226
12838,CHPF2
12839,ANKRD33B
12840,AHSP
12841,FANCG
12842,MGA
12843,UBC
12844,ADAM11
12845,DIS3L
12846,LDHC
12847,TMBIM6
12848,DLG3-AS1
12849,FOXO4
12850,SPIN3
12851,RPS3
12852,IAH1
12853,GLRA2
12854,FGF21
12855,PDE3B
12856,PAX3
12857,CKMT2-AS1
12858,POLR3E
12859,CDC27
12860,CDC34
12861,MEFV
12862,CASC18
12863,ZFAS1
12864,CRYGS
12865,CEP164
12866,RPL18
12867,LIN9
12868,TMUB2
12869,CCDC158
12870,CAMKK1
12871,HPS1
12872,NPY
12873,RPS11
12874,LNPEP
12875,UIMC1
12876,ZNF775
12877,GALT
12878,CCL14
12879,KNOP1
12880,CCL1
12881,TERF1
12882,JAG2
12883,KIAA1586
12884,ABHD15
12885,HOXA13
12886,FAM228B
12887,SCAF1
12888,UXT
12889,OAS3
12890,RGR
12891,MYH2
12892,RRAD
12893,DYNC1LI2
12894,RASD1
12895,ZACN
12896,EPB41L1
12897,UBL3
12898,MAGEH1
12899,ATR
12900,HDLBP
12901,GID4
12902,CHIC1
12903,IL25
12904,FOXA1
12905,IGLC4
12906,RGS1
12907,LYST
12908,NEU3
12909,ZNF527
12910,ACSL1
12911,CHRM4
12912,HAGH
12913,ESD
12914,LEMD3
12915,TCEA3
12916,DRD4
12917,HHAT
12918,IRF1
12919,MGST1
12920,CGN
12921,MCMDC2
12922,OR51J1
12923,LINC00520
12924,LSR
12925,RNASE1
12926,EVX2
12927,CRB1
12928,LYPD1
12929,KANTR
12930,GLT8D1
12931,PRDX4
12932,SLC52A2
12933,PDGFC
12934,OR2L13
12935,OTUD5
12936,BPHL
12937,PTPRQ
12938,AK9
12939,ITSN1
12940,TRAV12-2
12941,PCDH19
12942,THOC1
12943,SRSF5
12944,HSPA5
12945,SCN2A
12946,PLP1
12947,CIZ1
12948,GPX8
12949,APOA4
12950,CYB5A
12951,LHCGR
12952,ZC3H12B
12953,SYNJ2
12954,ZNF597
12955,KRT6A
12956,SGPL1
12957,NINL
12958,RPL30
12959,SNAI1
12960,CTDSP1
12961,CCDC185
12962,TRIM73
12963,LINC01500
12964,TIA1
12965,IGLV3-21
12966,KCND2
12967,GH2
12968,LINC00652
12969,SPTSSB
12970,PCAT18
12971,CXADRP3
12972,MAST3
12973,SLC6A6
12974,ABCC4
12975,CD93
12976,LINGO3
12977,TBC1D3P1-DHX40P1
12978,SV2B
12979,TCEAL3
12980,TFCP2L1
12981,YTHDF1
12982,LINC01425
12983,LINC01482
12984,NFKBIA
12985,AGAP9
12986,RNF212B
12987,TRIM14
12988,GATA3-AS1
12989,TWIST1
12990,PTTG1
12991,SERPINA11
12992,SLC25A26
12993,SLC10A6
12994,RAVER1
12995,GPR179
12996,SPAG1
12997,RHBG
12998,STAT6
12999,LINC01249
13000,PIK3C2A
13001,TBC1D3C
13002,PRSS57
13003,BTBD8
13004,LAMP2
13005,ZNF26
13006,PLCXD2
13007,SERBP1
13008,RBMS3-AS2
13009,EIF2AK4
13010,F8
13011,ZCCHC12
13012,LAMA4
13013,GTF2F2
13014,CTLA4
13015,PLXNB2
13016,ZNF431
13017,COLCA1
13018,NKX6-2
13019,DCAF5
13020,GINS1
13021,RAD54L
13022,HSPA8
13023,CACNA1B
13024,PKHD1
13025,CNTNAP3B
13026,ZNF536
13027,CEMIP
13028,POLR3D
13029,KRT81
13030,RHCG
13031,PLEKHG3
13032,FBXW7
13033,STON1
13034,SNX20
13035,FAM13B
13036,OVCH2
13037,FBXL12
13038,LINC01460
13039,FRMPD4
13040,SPA17
13041,MAGEB17
13042,PTPRS
13043,DOK3
13044,PTK7
13045,NAT2
13046,EMP2
13047,KDSR
13048,PIWIL2
13049,LYRM4
13050,SEMA6A
13051,PRG3
13052,PALM3
13053,ZP3
13054,ST7
13055,FBXO43
13056,FBXO21
13057,IGHV3-73
13058,PKNOX1
13059,FTMT
13060,PHF23
13061,ZNF547
13062,EMB
13063,GPNMB
13064,ATIC
13065,DENND2A
13066,PITPNB
13067,TRIM37
13068,KIF21A
13069,FCHSD1
13070,PKIB
13071,ABCC9
13072,FLNC
13073,CCT7
13074,WRAP73
13075,KHK
13076,DCLRE1C
13077,AP3S1
13078,COX10
13079,POU3F3
13080,EFCAB8
13081,GINM1
13082,C20orf202
13083,UQCC3
13084,CDK5RAP3
13085,COPS3
13086,CALHM3
13087,SSMEM1
13088,EYA3
13089,PPP1R15A
13090,MIOX
13091,PMPCB
13092,PROKR1
13093,SLAMF1
13094,FANCA
13095,ERCC8
13096,SCGN
13097,SULT1C4
13098,RBM10
13099,CASKIN1
13100,RPL7L1
13101,DCAF4
13102,RPL36A-HNRNPH2
13103,POLDIP2
13104,SLC39A1
13105,DNAJC3
13106,PLIN3
13107,MAT2A
13108,PLEKHA4
13109,MUS81
13110,ENDOV
13111,AKIP1
13112,CKMT1B
13113,L3MBTL4-AS1
13114,MRFAP1
13115,TRG-AS1
13116,SH2D6
13117,NBPF26
13118,ANKHD1-EIF4EBP3
13119,CPA5
13120,ZGPAT
13121,C1orf162
13122,LRP8
13123,HSH2D
13124,FGF22
13125,CPEB3
13126,ZNF502
13127,NPHP3-AS1
13128,IFT22
13129,EPS8L2
13130,MTURN
13131,PRPF38A
13132,RAB5A
13133,CDHR4
13134,KLHL24
13135,ARMC10
13136,NUDT16
13137,ARHGEF10L
13138,DIAPH3
13139,RASSF1-AS1
13140,PROM1
13141,KLHDC1
13142,ERP27
13143,WNT3A
13144,SLC46A2
13145,ZCCHC10
13146,RBM15
13147,NXPH4
13148,CACNA1E
13149,LINC01016
13150,ORMDL1
13151,GUCY2F
13152,PMP2
13153,CHTF18
13154,LRRC70
13155,PIKFYVE
13156,TMEM179
13157,MIER2
13158,ARHGAP23
13159,ANXA10
13160,CHRNA10
13161,LSM8
13162,CDK5RAP2
13163,OR52N4
13164,EDARADD
13165,SLC39A2
13166,NDUFV1
13167,RABGEF1
13168,ROS1
13169,CES3
13170,LY9
13171,UBE2I
13172,GRIA1
13173,GNRH2
13174,LRRC19
13175,FGF19
13176,PELI1
13177,FBP2
13178,RIMKLB
13179,ZMYM5
13180,OGDHL
13181,ENTPD3
13182,DAZL
13183,DNPH1
13184,BCAT1
13185,FFAR4
13186,LINC00581
13187,PCDHGA10
13188,TFB1M
13189,ERVH48-1
13190,LINC01591
13191,NKILA
13192,HLF
13193,RNF111
13194,NPTXR
13195,LL22NC03-63E9.3
13196,S100G
13197,SLAMF7
13198,SCMH1
13199,SLC52A3
13200,RNF148
13201,RPP25L
13202,TXNDC5
13203,KCNK7
13204,MAEA
13205,TDRD6
13206,IGHV3OR16-9
13207,AMER2
13208,WNK2
13209,FCHO2
13210,SPRY1
13211,LPGAT1
13212,SLC25A33
13213,MIIP
13214,WDR41
13215,SPNS3
13216,CNP
13217,TRGV5
13218,SNX22
13219,FAM174A
13220,PSMC2
13221,AK5
13222,GK5
13223,RINL
13224,OXSM
13225,NAP1L3
13226,INHBE
13227,CNGA3
13228,DBNDD1
13229,UTF1
13230,ECHDC1
13231,CRB3
13232,CRYBB3
13233,FBXO15
13234,RBMX2
13235,KCNQ5
13236,KCTD9
13237,LINC00460
13238,LIX1
13239,PCDHGB1
13240,MAD2L2
13241,KLK14
13242,SLC22A1
13243,DPY19L3
13244,IGKV1-33
13245,SH2D4A
13246,GEMIN7
13247,ZNF638
13248,C19orf53
13249,C6
13250,ERCC5
13251,PDLIM3
13252,MAPK8IP2
13253,CHRNA7
13254,SPATA21
13255,C17orf78
13256,POLN
13257,SLA
13258,DMGDH
13259,SRRM1
13260,EID2
13261,C6orf163
13262,TFR2
13263,RNF10
13264,STMN3
13265,OR51B2
13266,DNAJC10
13267,FAM32A
13268,KCNQ5-AS1
13269,ACOT6
13270,TRAV40
13271,RSPO4
13272,SPATA24
13273,CFAP45
13274,ZNF563
13275,PDPK1
13276,GPR55
13277,ATCAY
13278,IKZF5
13279,HAUS5
13280,FMO5
13281,NPHP4
13282,ZCCHC7
13283,CMTM5
13284,TAS1R1
13285,LARP1
13286,ORC2
13287,SRF
13288,ZC3H12A
13289,ZDHHC16
13290,MED24
13291,SCML1
13292,CD40LG
13293,R3HCC1L
13294,PAK3
13295,CHRNB4
13296,TYMS
13297,DNAJC25
13298,IGKV1-6
13299,CEP55
13300,QSOX2
13301,RDH5
13302,NCAPG2
13303,ABCG1
13304,FEZF1-AS1
13305,CAPZB
13306,SLFN13
13307,PPP1R1B
13308,GSTA2
13309,RNFT1
13310,EFNA2
13311,TRAK2
13312,CLEC1B
13313,POU1F1
13314,ACBD4
13315,SCN3A
13316,THNSL1
13317,PIN4
13318,ZAN
13319,LAD1
13320,BMPER
13321,CHAF1A
13322,BMP2
13323,CRYZL1
13324,TMEM210
13325,REXO4
13326,CCDC169
13327,FKBP14
13328,RNF185
13329,CELF4
13330,APPL1
13331,LRRC75B
13332,TSGA13
13333,FAN1
13334,PRLHR
13335,C1orf159
13336,ASTE1
13337,RAB21
13338,ZBTB17
13339,PGP
13340,SPRY4
13341,SYNE1
13342,NUTM2A
13343,SNN
13344,AAMP
13345,ASXL1
13346,KATNAL1
13347,CCDC148-AS1
13348,WEE2-AS1
13349,CD46
13350,TSTD2
13351,ZMYND8
13352,HOXD1
13353,DCST2
13354,CCDC73
13355,NHLRC2
13356,TBX2
13357,NEK1
13358,IGKV2D-36
13359,RBM5-AS1
13360,YY2
13361,IL2RG
13362,SMAP2
13363,LMAN2L
13364,ZNF333
13365,ITGA2B
13366,PDE7A
13367,TNFRSF9
13368,PMM1
13369,GOLGA6A
13370,HAUS1
13371,OLMALINC
13372,RNF150
13373,SLCO1C1
13374,DEPDC4
13375,SGSM1
13376,IRX5
13377,REP15
13378,TACR1
13379,LINC00964
13380,SUPT4H1
13381,MTFP1
13382,EMC7
13383,SMAD1
13384,EVC2
13385,NICN1
13386,STOM
13387,DPEP1
13388,DNAJB5
13389,INO80B-WBP1
13390,IL4I1
13391,TMEM170A
13392,PLEKHA3
13393,GAS6
13394,RNF133
13395,E2F4
13396,RPL11
13397,PAF1
13398,LINC01479
13399,ZNF7
13400,SLC41A1
13401,APBB1IP
13402,KTN1-AS1
13403,CDC42EP5
13404,PPM1G
13405,MRC2
13406,DNAH12
13407,STAM
13408,RAI1
13409,GCK
13410,TNNI3K
13411,TCN1
13412,MYLIP
13413,PAMR1
13414,RIPPLY3
13415,ERV3-1
13416,RAPH1
13417,IL1RL1
13418,LAMP5
13419,CSAD
13420,LRRC4
13421,ARSA
13422,IL17RA
13423,CAMSAP2
13424,PYHIN1
13425,ENTPD1-AS1
13426,MMP27
13427,NEUROD2
13428,SS18L1
13429,NPEPL1
13430,STX19
13431,TTC4
13432,NOL7
13433,TM9SF1
13434,RNF207
13435,TMEM67
13436,GOT2
13437,PIAS3
13438,SPTLC3
13439,DBP
13440,ORC3
13441,PCNA
13442,CCT5
13443,EXOG
13444,PRODH2
13445,RDH12
13446,IRF4
13447,TRAPPC5
13448,SLC38A1
13449,BCL7C
13450,ARPC1A
13451,RAVER2
13452,OR13D1
13453,NXPH2
13454,IL18BP
13455,RAB20
13456,NLRC3
13457,SLC22A10
13458,ZNF485
13459,JUP
13460,SAA4
13461,RHOU
13462,GORAB
13463,SLC6A11
13464,CNKSR2
13465,IKZF4
13466,HNRNPUL2
13467,ZC3H14
13468,PACRGL
13469,TRGV11
13470,HGF
13471,ZNF668
13472,SHF
13473,SSR2
13474,PF4
13475,ABHD2
13476,RAB26
13477,PPP3CB
13478,SHROOM2
13479,MAGEA8
13480,FAM111B
13481,OVOL1-AS1
13482,ACOT11
13483,LINC00922
13484,ZNF182
13485,MUC15
13486,SIK1
13487,FASTKD2
13488,FCGR3A
13489,GPRC5A
13490,EXOC7
13491,PIK3R4
13492,EPS8L3
13493,TSC22D3
13494,MATN1
13495,DNAH9
13496,LINC01508
13497,TNFRSF18
13498,MRI1
13499,CELA1
13500,RNU12
13501,CALML6
13502,SUGP1
13503,MIS12
13504,TUSC3
13505,SHMT2
13506,CDC123
13507,EBP
13508,HAVCR1
13509,NDUFAF4
13510,OR13H1
13511,BUD31
13512,BSDC1
13513,STX7
13514,RPS6KA2
13515,ARID2
13516,LOX
13517,INTS7
13518,RIOK2
13519,PRELID1
13520,GRAP
13521,LINC01441
13522,SAFB2
13523,PAPSS1
13524,IRF3
13525,HAS1
13526,B3GNT2
13527,APCDD1L
13528,LINC01485
13529,GPR149
13530,FOXE3
13531,EHMT2-AS1
13532,SETMAR
13533,INE2
13534,LHX5
13535,CLPTM1L
13536,SPEG
13537,USP33
13538,CST11
13539,ATP6V1B2
13540,ZDHHC1
13541,TBK1
13542,TMEM200B
13543,FGFRL1
13544,FAM222A
13545,CELSR3
13546,MFAP4
13547,CABLES2
13548,HDDC2
13549,P2RX3
13550,DDX6
13551,IREB2
13552,OSBP
13553,XRCC2
13554,POLE2
13555,RASGRP1
13556,GPR61
13557,INTU
13558,POM121C
13559,SLU7
13560,GSG1L
13561,ASTL
13562,ZBED3
13563,PHOX2A
13564,ZSCAN31
13565,COX11
13566,ANKRD42
13567,SLC38A11
13568,CDC7
13569,ZNF765
13570,TBXA2R
13571,CATSPERG
13572,DCAF10
13573,UCMA
13574,SLC16A13
13575,NEBL
13576,PLA2G2E
13577,LUC7L3
13578,NCKAP1L
13579,ODF2
13580,LOXHD1
13581,ZYG11A
13582,MCM2
13583,LINC01416
13584,SAMD4A
13585,SLC7A5
13586,TMEM116
13587,RPS8
13588,RAB31
13589,IGF1
13590,IGHV3-41
13591,PAQR9
13592,PGA5
13593,BOK
13594,DERA
13595,ICAM5
13596,AKR1B1
13597,YLPM1
13598,UBASH3A
13599,ZNF667
13600,MRS2
13601,ZSWIM6
13602,OR4F21
13603,HTRA2
13604,SHCBP1L
13605,ADAMTSL2
13606,PINX1
13607,BISPR
13608,EXTL3-AS1
13609,CDC42
13610,C4A
13611,PPP3R1
13612,PRSS33
13613,FGF12
13614,SLC36A1
13615,PLEKHH1
13616,ZNF215
13617,SLC5A2
13618,TMIGD1
13619,IGKV3D-20
13620,CD59
13621,RFX5
13622,RNF112
13623,XRN1
13624,ERGIC2
13625,ZSCAN9
13626,TNFRSF13C
13627,ZNF16
13628,PKIA-AS1
13629,HTATIP2
13630,TFDP3
13631,HPS4
13632,CACNG6
13633,IL36RN
13634,HMGXB3
13635,SAMD12
13636,COPG2
13637,ZIC5
13638,TRPV5
13639,RAB22A
13640,ESYT1
13641,DDHD2
13642,LRRC46
13643,PRKAR2B
13644,LMTK2
13645,BAHCC1
13646,RARA-AS1
13647,PRR14L
13648,SPACA3
13649,MIA3
13650,ADRM1
13651,PKN3
13652,ETHE1
13653,ARL8A
13654,CYP4B1
13655,GABRA5
13656,CSK
13657,ANAPC5
13658,CTNND1
13659,SFXN4
13660,ZNF790-AS1
13661,MDN1
13662,JAZF1
13663,ZNF384
13664,THOC6
13665,SUPT5H
13666,MCHR2
13667,DHRS1
13668,TMEM207
13669,C2orf76
13670,ANKRD34C
13671,MMP11
13672,ACSM2B
13673,LINC01231
13674,ATRAID
13675,SMLR1
13676,ESCO2
13677,JAM3
13678,COQ4
13679,GPR21
13680,TRAV8-2
13681,GSN-AS1
13682,PEAK1
13683,DMP1
13684,B3GNT3
13685,AHNAK2
13686,MLLT10
13687,AQP2
13688,CORO7
13689,XXYLT1-AS1
13690,TMEM129
13691,KCNJ5
13692,SGIP1
13693,MED27
13694,CACNA1D
13695,JAM2
13696,CELF5
13697,SAP30
13698,TRPT1
13699,KAT5
13700,UBR7
13701,MBD5
13702,OR8G5
13703,TPI1
13704,TAPBPL
13705,NLRP10
13706,PRR32
13707,PLAC1
13708,SLC44A3
13709,DGCR6
13710,FHAD1
13711,AGAP3
13712,STRN
13713,SLC45A3
13714,SLC35F6
13715,ZNF763
13716,MIAT
13717,IGKV2D-30
13718,ELOVL5
13719,FLJ40288
13720,PARVG
13721,RAB11FIP5
13722,KIF3B
13723,LIG3
13724,LINC00968
13725,ANKRD18A
13726,EP300
13727,PAK6
13728,BRD7
13729,AGR3
13730,ZDHHC20
13731,AHCY
13732,TSEN54
13733,ENDOU
13734,TAB2
13735,LMLN-AS1
13736,ZNF556
13737,PHYHIP
13738,LINC00607
13739,DCT
13740,CLEC4D
13741,TKT
13742,LCT
13743,FGL2
13744,WNK4
13745,FAM161A
13746,RDM1
13747,LINC00504
13748,ZNFX1
13749,LRG1
13750,GALNT12
13751,ZSWIM2
13752,TBL1XR1
13753,IGSF5
13754,CCDC26
13755,PLA2G3
13756,UBXN6
13757,PPP5C
13758,KRT35
13759,OMD
13760,C8A
13761,OR52H1
13762,TMEFF2
13763,SLC22A11
13764,PYDC2
13765,ZIM2
13766,LTBP2
13767,RAB27A
13768,STX5
13769,ITGAM
13770,MUC13
13771,PSG9
13772,PLA2G2A
13773,HOXC12
13774,TRAJ42
13775,UGT1A8
13776,ALPP
13777,PPIL3
13778,TIFAB
13779,SIMC1
13780,ITGA10
13781,MSL2
13782,LINC00563
13783,CCAT2
13784,CHIA
13785,ABHD8
13786,BET1L
13787,IPO4
13788,RNF11
13789,GLS
13790,FBXL20
13791,RGS8
13792,CALB1
13793,ANKRD62
13794,MIPEP
13795,CD74
13796,MAP3K9
13797,BRCA2
13798,TXN
13799,KCNE3
13800,CFI
13801,GRID2IP
13802,SERINC3
13803,ZNF273
13804,HOXA5
13805,INSM2
13806,LRRC37B
13807,CIAO1
13808,SIRT6
13809,CASS4
13810,JAG1
13811,GABRB3
13812,YIPF4
13813,SAMD3
13814,LINC01091
13815,TMEM212
13816,THAP4
13817,FAM234B
13818,RGP1
13819,DUXA
13820,NUP98
13821,HOXC4
13822,LINC00462
13823,IL4
13824,NRGN
13825,FRMD6
13826,UBE2L3
13827,TNFAIP8
13828,BIRC5
13829,NXF1
13830,KRT15
13831,SPATA25
13832,LSM6
13833,LINC01395
13834,DDRGK1
13835,FAM83E
13836,SPRED1
13837,A3GALT2
13838,CREG2
13839,NT5M
13840,COG8
13841,VIPR1
13842,LINC01106
13843,SP8
13844,KRTAP4-3
13845,SMIM5
13846,NCBP2-AS1
13847,BNC2
13848,MFSD1
13849,SLC8A2
13850,NTS
13851,IZUMO4
13852,ELOVL7
13853,TBC1D10A
13854,KIF27
13855,TJAP1
13856,CDK3
13857,ZNF829
13858,LDHAL6B
13859,SCGB1C2
13860,SNW1
13861,CLDN6
13862,LTB4R
13863,NAALADL2
13864,FRY
13865,ECI1
13866,JKAMP
13867,RFT1
13868,BCAP29
13869,HERPUD1
13870,TSPAN18
13871,FAM184A
13872,APBA2
13873,ZNF691
13874,TMEM253
13875,HSD11B1
13876,ZNF225
13877,RLN1
13878,RNF157
13879,MIR4307HG
13880,NHLH2
13881,C5orf47
13882,DNAJC15
13883,UNG
13884,PRADC1
13885,ST3GAL2
13886,KLHL42
13887,LINC00324
13888,PLGLB2
13889,VHL
13890,CASP5
13891,PSTPIP1
13892,PSTPIP2
13893,ANKRD11
13894,GNB1L
13895,ANO8
13896,TRPM8
13897,ACTBL2
13898,KAT8
13899,SNAP25
13900,FARP1
13901,LINGO1-AS1
13902,CGRRF1
13903,PRR22
13904,PEX5L
13905,PUS7
13906,MYADM
13907,AMY2B
13908,STT3B
13909,EFCAB9
13910,BCL2L12
13911,SLAMF6
13912,FABP4
13913,TAF6L
13914,MAPK12
13915,ACAN
13916,SUGT1
13917,RGL1
13918,CCR9
13919,NAA38
13920,ADAMTSL5
13921,DBR1
13922,ATXN7L3B
13923,NREP
13924,GDF6
13925,IDH2
13926,PIGP
13927,NPIPB15
13928,ACADVL
13929,LRRC14B
13930,SMCO1
13931,MTMR12
13932,AGRP
13933,ABHD16B
13934,MIS18BP1
13935,HIBADH
13936,GPR42
13937,NOTCH2
13938,ZNF235
13939,MMP9
13940,CPVL
13941,SERAC1
13942,ARMC9
13943,XPA
13944,RPS20
13945,IQSEC1
13946,ZNF317
13947,FOXB1
13948,FBXW11
13949,HP1BP3
13950,LYRM7
13951,KRTAP1-3
13952,BBOX1-AS1
13953,ACOT7
13954,POP1
13955,ZNF774
13956,LINC01574
13957,AMH
13958,CBR4
13959,LMNTD1
13960,ACADL
13961,RNF126
13962,ZNF19
13963,MARK2
13964,KCNE5
13965,AHCYL2
13966,C1orf21
13967,GLRA3
13968,PRSS50
13969,POLR3A
13970,OR1Q1
13971,KIAA0825
13972,IGLV3-27
13973,IGSF9B
13974,SENP7
13975,REST
13976,CLCN6
13977,CTNNA1
13978,ANKRD10
13979,MT1HL1
13980,LINC01262
13981,CRISP3
13982,SKA2
13983,IL34
13984,IPO11
13985,SHTN1
13986,LMAN1
13987,POLDIP3
13988,TWSG1
13989,HYLS1
13990,PTCHD1
13991,COG7
13992,GPR27
13993,ZNF584
13994,USP17L2
13995,GPC4
13996,ZNF608
13997,OXLD1
13998,P2RY8
13999,IGLV2-11
14000,ACKR3
14001,MZB1
14002,STPG2-AS1
14003,RDH8
14004,CCDC149
14005,RSPH14
14006,LBP
14007,GDF7
14008,LINC01116
14009,RPSA
14010,KLHL17
14011,SEMA4D
14012,NOP10
14013,PFKFB2
14014,NAGLU
14015,UBE2B
14016,POLR1E
14017,SNAP91
14018,STMN1
14019,ISG15
14020,WDR53
14021,NOX3
14022,L2HGDH
14023,ZNF653
14024,ZNF433
14025,NUDT18
14026,KCTD19
14027,MRM1
14028,ATG2B
14029,LAPTM4B
14030,IDH1-AS1
14031,BEX2
14032,PAGE5
14033,SRSF10
14034,API5
14035,GPN2
14036,PSAP
14037,RPUSD2
14038,RNASEH1
14039,SRP54
14040,PPA1
14041,IFT88
14042,TBC1D12
14043,PRDM8
14044,PSMD13
14045,SRD5A2
14046,PTGDR
14047,CYCS
14048,ACSS2
14049,VIT
14050,SCRT1
14051,COMMD5
14052,CLEC10A
14053,VPS4A
14054,ZNRF2
14055,TDRKH
14056,IQCH
14057,RHBDL2
14058,ARPC4
14059,ALDH18A1
14060,SMAD6
14061,KLF3
14062,NFKB1
14063,ZNF526
14064,SLX4
14065,GTF3C6
14066,KRT79
14067,SLC25A21-AS1
14068,COX6B2
14069,FAM200A
14070,ADCY2
14071,SOD3
14072,MCPH1
14073,BOLA3
14074,KRT19
14075,CD164L2
14076,TM9SF2
14077,STRBP
14078,CAMTA1
14079,CALD1
14080,NOP9
14081,SLC16A12-AS1
14082,RPL13A
14083,MPC1
14084,APOOL
14085,CCNE2
14086,CD36
14087,PEA15
14088,WFDC12
14089,CD28
14090,EIF2S2
14091,ARL11
14092,CLCF1
14093,ZNF507
14094,NBPF10
14095,TSPYL1
14096,PIRT
14097,CABP5
14098,ARL9
14099,CAV1
14100,FCAMR
14101,KRCC1
14102,S100Z
14103,PARD3B
14104,CLUAP1
14105,IQUB
14106,GPATCH3
14107,ADAD1
14108,CCL7
14109,RASL10B
14110,PPT2-EGFL8
14111,HBB
14112,ASAP1
14113,NEGR1
14114,RHOA
14115,KDM4A
14116,NEURL1
14117,VASH2
14118,VPREB1
14119,RALYL
14120,ZNF581
14121,MAP1LC3B2
14122,TTC3
14123,ERGIC1
14124,NOTUM
14125,DSCR8
14126,TUBB2B
14127,LINC01348
14128,DYDC1
14129,FAM3B
14130,RPL29
14131,COX20
14132,SRPRA
14133,SLC48A1
14134,SCGB2A2
14135,ACAD8
14136,MTBP
14137,KCNQ1
14138,CYYR1
14139,RNASE9
14140,IDO1
14141,CCDC81
14142,PLCH2
14143,TMEM130
14144,RSL1D1
14145,PLK1
14146,KRT25
14147,MUC5AC
14148,C21orf140
14149,CFDP1
14150,UPP2
14151,C4orf51
14152,CCDC140
14153,LINC00649
14154,NID1
14155,BHMT2
14156,EPN2-AS1
14157,EED
14158,KIF14
14159,FBXL3
14160,OR14C36
14161,MSTO1
14162,ZNF843
14163,LRRC17
14164,DHH
14165,PITHD1
14166,RPS16
14167,WDR24
14168,CSGALNACT2
14169,ARF3
14170,PPM1J
14171,AKNA
14172,LRRC37A3
14173,LINC01502
14174,ATG12
14175,POTEH
14176,GTF2A1L
14177,ELL2
14178,SHISA8
14179,SETD3
14180,OR2L8
14181,COX15
14182,GMCL1
14183,SEC22C
14184,SLITRK3
14185,ZMPSTE24
14186,DONSON
14187,ACAA1
14188,AMPD3
14189,ZNF471
14190,EWSAT1
14191,OGFR-AS1
14192,NPTX2
14193,KCNH6
14194,HOXB5
14195,ZNF114
14196,SNAI3
14197,PARP4
14198,ATP7A
14199,LRRC18
14200,STARD6
14201,SYCE3
14202,TMSB15B
14203,ABHD14A
14204,AQP3
14205,IFI44L
14206,CLDN9
14207,RNASEK-C17orf49
14208,LINC00861
14209,MAPKAPK5
14210,TRAV36DV7
14211,RAB27B
14212,FGD2
14213,SMUG1
14214,LY86-AS1
14215,ZNF761
14216,G3BP1
14217,TOMM22
14218,SP100
14219,MVK
14220,FANCF
14221,PPIL1
14222,KCNE2
14223,MED14
14224,SGTA
14225,COX7A2
14226,LRTM1
14227,DCC
14228,ZNF160
14229,R3HDML
14230,PAICS
14231,CXCR5
14232,CACNB4
14233,PABPC4L
14234,LCTL
14235,EXOSC7
14236,EDRF1
14237,EPHA10
14238,STAG3
14239,ST3GAL3
14240,CSF2
14241,SERTAD1
14242,PCDHGA6
14243,NNT
14244,ELP2
14245,MBNL1-AS1
14246,SIRT7
14247,YES1
14248,TADA1
14249,DNAJC14
14250,SLC16A12
14251,NETO2
14252,PMVK
14253,NGF
14254,EIF4E2
14255,DKK1
14256,PLA2G2D
14257,TULP4
14258,RREB1
14259,SUZ12
14260,MFAP3L
14261,LINC00869
14262,MYL2
14263,REV3L
14264,AKR1E2
14265,TCF21
14266,REPS2
14267,TAF1A-AS1
14268,UBE2W
14269,APOC2
14270,EFCAB5
14271,MSMO1
14272,SNX13
14273,CNIH3
14274,FBXL19-AS1
14275,FALEC
14276,LINC01259
14277,MRTO4
14278,GRIA4
14279,SLC25A10
14280,STARD13
14281,PRR5-ARHGAP8
14282,LINC00492
14283,PRRX1
14284,UNC13B
14285,SETDB1
14286,PTPDC1
14287,TBC1D20
14288,ZBED5
14289,HIP1
14290,SELENBP1
14291,NUP107
14292,TRIM61
14293,AMD1
14294,SLC25A37
14295,HFM1
14296,ABCA12
14297,PRPF19
14298,RNPC3
14299,WSCD1
14300,ZBTB24
14301,URGCP-MRPS24
14302,C12orf50
14303,NRROS
14304,IL27
14305,CLN6
14306,GABBR1
14307,TMEM205
14308,RAI2
14309,TEFM
14310,FAAP100
14311,SHC2
14312,ZNF410
14313,ANKDD1B
14314,MAP1LC3C
14315,HMGA2
14316,UBA6
14317,KIZ
14318,COQ2
14319,UEVLD
14320,COL21A1
14321,INS-IGF2
14322,KBTBD6
14323,HNRNPDL
14324,FANCD2OS
14325,ZNF554
14326,GPC3
14327,CR1
14328,ZNF304
14329,B3GALT2
14330,GIMAP8
14331,BLVRB
14332,CYP27B1
14333,PLIN4
14334,MNDA
14335,MTX1
14336,GRID2
14337,ARID3A
14338,AGPAT2
14339,LINC00678
14340,TMEM252
14341,ATOH7
14342,OR9A2
14343,PRKAA2
14344,RBKS
14345,TMEM53
14346,GGA2
14347,OR5B21
14348,FLJ12825
14349,KLHL31
14350,FANCL
14351,HNRNPA1L2
14352,CLDN3
14353,PTTG1IP
14354,ERMP1
14355,CNKSR1
14356,MXRA5
14357,TESK1
14358,ITGAX
14359,DKK4
14360,C16orf54
14361,C1orf185
14362,HBZ
14363,MASP2
14364,LIMCH1
14365,IL12A-AS1
14366,TAF15
14367,RETNLB
14368,C10orf55
14369,FKBP10
14370,TCTN1
14371,DHTKD1
14372,ISOC2
14373,IGLC2
14374,LINC00698
14375,TNFSF11
14376,CCM2
14377,MOXD1
14378,LINC00592
14379,SERP2
14380,ATXN1L
14381,PALLD
14382,SLC25A19
14383,YAP1
14384,TOPORS
14385,EPM2AIP1
14386,C1orf53
14387,NAA60
14388,SLC7A8
14389,ADAMTS2
14390,PEBP4
14391,EPHA2
14392,ZC4H2
14393,GABPB2
14394,CNTNAP5
14395,GBX2
14396,MT-ND1
14397,CHRNA3
14398,CD14
14399,SLC25A30
14400,RMDN1
14401,ADAMTS15
14402,OR2D3
14403,NKTR
14404,RGPD3
14405,ZBTB44
14406,ANKRD16
14407,SH3BP2
14408,SGSM2
14409,APOBR
14410,ALOX12
14411,PNLIP
14412,CPB2-AS1
14413,BRAP
14414,VIP
14415,MAPK1
14416,TTC38
14417,C16orf87
14418,CFAP73
14419,HOXA10
14420,CUTA
14421,USP14
14422,SLC45A2
14423,PIK3CD-AS1
14424,MEST
14425,EDEM2
14426,FMO4
14427,SLC35D2
14428,PAGE2
14429,INTS8
14430,JCHAIN
14431,SLITRK5
14432,NRTN
14433,KCNMA1-AS1
14434,ADAM2
14435,SCAMP2
14436,L3HYPDH
14437,TMEM154
14438,MAF
14439,RXFP4
14440,NYX
14441,NIFK-AS1
14442,CTTN
14443,ANGPTL6
14444,ZCCHC14
14445,TDRD9
14446,SAMD4B
14447,CD276
14448,GALR1
14449,ZNF816-ZNF321P
14450,FADS6
14451,DNAH1
14452,ST14
14453,GPATCH8
14454,SLC2A8
14455,PPP4R2
14456,LSG1
14457,PTGIS
14458,IGLV5-45
14459,RFPL4A
14460,WBP2
14461,CCDC134
14462,FXR2
14463,TEX22
14464,SBNO1
14465,LIPG
14466,MCTP2
14467,PRMT8
14468,FAM86B2
14469,PAK4
14470,TBCK
14471,ANXA2R
14472,POLQ
14473,UTP23
14474,UNC45B
14475,KLHDC8A
14476,KL
14477,YJEFN3
14478,ARHGEF16
14479,RC3H2
14480,P3H2-AS1
14481,CFAP44-AS1
14482,LYPLA1
14483,ZNF813
14484,FYTTD1
14485,FRMD4B
14486,RAB40C
14487,DACT2
14488,BZW2
14489,TSPAN10
14490,TARS2
14491,LBR
14492,ART3
14493,GDPD4
14494,HECTD1
14495,ATP10B
14496,CHMP5
14497,ANKRD30BL
14498,LURAP1
14499,RHOG
14500,LYSMD1
14501,RAP2C
14502,OR13C3
14503,PAQR8
14504,MAST1
14505,ANAPC1
14506,KIAA1614
14507,EXTL1
14508,PSMB4
14509,SYCE1L
14510,RAB36
14511,HCFC1R1
14512,PAPPA-AS1
14513,LGALS1
14514,ART1
14515,PIK3CD
14516,SLC35A1
14517,MTHFD2
14518,CCSER2
14519,ENY2
14520,GPR107
14521,TRAV19
14522,SOHLH1
14523,ZNF443
14524,LINC00383
14525,CEP95
14526,CSMD2-AS1
14527,SOAT2
14528,WDR82
14529,BBS12
14530,ST8SIA6-AS1
14531,FASTKD3
14532,SPDYC
14533,DOCK10
14534,ALG10B
14535,AGTR1
14536,SLC12A6
14537,PBLD
14538,SPRR1B
14539,SLC7A6
14540,PRR15L
14541,DDAH1
14542,SOST
14543,GRM5-AS1
14544,MBOAT4
14545,C6orf89
14546,LALBA
14547,GNAI3
14548,LINC00609
14549,BRD9
14550,RAP2A
14551,STARD9
14552,LINC01290
14553,RB1CC1
14554,MRPS16
14555,JAK3
14556,INSRR
14557,ZMIZ1
14558,LYZL1
14559,IMMT
14560,FAM110D
14561,SLC7A14
14562,C4BPA
14563,ZMAT2
14564,C16orf96
14565,ANKRD13C
14566,HM13
14567,SYCP1
14568,CACNG8
14569,CILP
14570,ARHGAP11A
14571,C9orf153
14572,MT-ND4
14573,FOXN2
14574,PACS1
14575,FGFR1
14576,MYO18A
14577,HTRA1
14578,RNF138
14579,LINC00305
14580,ADH5
14581,CFAP61
14582,TMPRSS11A
14583,ATP6V1E2
14584,TEX13B
14585,TBC1D9
14586,RASSF1
14587,KLHL36
14588,GOLGA5
14589,SPIRE2
14590,LINC01478
14591,GDAP2
14592,RIMS1
14593,COL12A1
14594,CPOX
14595,ZFAND2B
14596,NINJ2
14597,NKPD1
14598,GLUD1
14599,ZNF793-AS1
14600,ARL16
14601,IRAK1
14602,BFSP1
14603,SLC29A3
14604,ATP6V0D2
14605,DYNC1H1
14606,IGLV7-46
14607,LINC01124
14608,GRIN2C
14609,SVOP
14610,C1QTNF5
14611,SYNJ1
14612,SUMO1
14613,PLEKHG5
14614,HTR2B
14615,TMEM220
14616,ZFP64
14617,IGHV3-7
14618,SLC35D1
14619,ASGR1
14620,TMX4
14621,TMED7-TICAM2
14622,MTMR4
14623,UQCC1
14624,GYS2
14625,ASF1A
14626,DUSP4
14627,XPO1
14628,C9
14629,SLC43A2
14630,OR1L8
14631,PHF12
14632,ACSF3
14633,ZNF222
14634,JPH4
14635,TBC1D2
14636,ACP5
14637,HIGD2A
14638,VPS45
14639,ADM2
14640,SFTPC
14641,LINC01356
14642,ITLN2
14643,GSTM3
14644,LGALS7
14645,MIR4300HG
14646,REXO1
14647,FBXO28
14648,VPS37A
14649,BTG4
14650,SLC27A1
14651,NR2C2
14652,LINC01304
14653,KIF13A
14654,MRPL32
14655,GRIP1
14656,TRIM21
14657,MED31
14658,ATP6V1C2
14659,WDR62
14660,OCIAD1
14661,BPIFB1
14662,ENTPD1
14663,SRGAP2B
14664,TTLL12
14665,SLC35E1
14666,GAPLINC
14667,GTF2A1
14668,AREL1
14669,CYTL1
14670,DCTN5
14671,ANKLE2
14672,NR3C1
14673,SLC12A9
14674,CACNA1F
14675,SYNPR
14676,GLA
14677,MUC3A
14678,GNB2
14679,DPF1
14680,EIF2D
14681,GRPEL2
14682,WDR1
14683,ATXN10
14684,PLRG1
14685,FKBP15
14686,HSPA6
14687,LRP5
14688,COX18
14689,SLAMF9
14690,SH2B3
14691,AGBL5-AS1
14692,PRDM16
14693,NIT2
14694,EPB41L3
14695,BANK1
14696,SERPINC1
14697,ODAM
14698,PDCD2L
14699,HDAC7
14700,PRDX3
14701,CROCC2
14702,LINC01589
14703,ZNF200
14704,DNMT3A
14705,SMAD5-AS1
14706,CDH2
14707,TRBV29OR9-2
14708,NEURL1B
14709,DDX60
14710,GAS2L2
14711,IL23R
14712,BLOC1S6
14713,TAOK2
14714,GYG2
14715,ZNF318
14716,TMPRSS13
14717,TBCD
14718,PKN2-AS1
14719,SDHAF2
14720,NOTCH1
14721,LGALS7B
14722,CUL4B
14723,COL5A2
14724,PRSS56
14725,SMIM18
14726,SORBS3
14727,TOM1
14728,FOLR2
14729,TMEM150A
14730,CBLN1
14731,P4HTM
14732,ATAD3C
14733,ATXN8OS
14734,TNFSF13
14735,SMIM1
14736,SNURF
14737,HAUS8
14738,CSRNP2
14739,EIF4B
14740,SNRPB
14741,NEMP1
14742,DES
14743,GID8
14744,MAP3K12
14745,FGF14
14746,MAP3K2
14747,PSMD14
14748,RAPSN
14749,IGFL2
14750,MMP8
14751,PTGFR
14752,BCAS4
14753,MMP21
14754,DCN
14755,STUB1
14756,ZNF79
14757,PAPOLA
14758,MICALL1
14759,CHRNA2
14760,DLGAP1-AS4
14761,PCDHB10
14762,IGLON5
14763,AGBL5
14764,NUP210L
14765,RORA
14766,GRB7
14767,GPR6
14768,WFDC2
14769,NLRP3
14770,FAM156A
14771,ATRNL1
14772,PDE4C
14773,DIO3OS
14774,HARS2
14775,HS6ST2
14776,NUDCD2
14777,EGFL6
14778,ATP6V0A4
14779,ERO1B
14780,MCM9
14781,SMARCA2
14782,DENND6B
14783,PEPD
14784,LINC01204
14785,LINC00989
14786,SRI
14787,UCKL1-AS1
14788,ZAR1
14789,ZNHIT2
14790,C6orf120
14791,AP4B1
14792,GPN1
14793,RRAGD
14794,DOCK5
14795,ARHGAP35
14796,TRAV27
14797,TBC1D2B
14798,RASSF10
14799,SMARCE1
14800,FAM9B
14801,TCF23
14802,B4GALNT4
14803,PPP1R15B
14804,C20orf173
14805,YME1L1
14806,MRPL36
14807,NRBP1
14808,MUTYH
14809,SERINC2
14810,TSC22D1-AS1
14811,ECE1
14812,PLK5
14813,TELO2
14814,PPP1R36
14815,TNFRSF10B
14816,GPR19
14817,TSPAN2
14818,CD99L2
14819,AGFG2
14820,SERPINE1
14821,VSTM5
14822,ZNF175
14823,DKK3
14824,GNG2
14825,BIVM
14826,HCST
14827,NMT1
14828,EBNA1BP2
14829,TM4SF19
14830,HSP90B1
14831,SWSAP1
14832,ZNF519
14833,FAM53B
14834,ATAD3B
14835,MTO1
14836,KRTCAP3
14837,MIR1539
14838,EGFLAM
14839,ATG4A
14840,RDH10-AS1
14841,ZNF213-AS1
14842,TSPAN1
14843,DENND2C
14844,OLFM1
14845,UBE3A
14846,SULT6B1
14847,URI1
14848,CHST12
14849,SYNE4
14850,ANKRD2
14851,CEACAM3
14852,NMRK1
14853,DDX31
14854,UBE2V1
14855,NDNF
14856,LINC01352
14857,ROBO3
14858,TAGLN2
14859,DCBLD1
14860,CDK11B
14861,FCRL3
14862,FHOD1
14863,HEPACAM
14864,SETD1A
14865,NFE4
14866,SMC1A
14867,CKS1B
14868,RNASEK
14869,VSIG10L
14870,RABL3
14871,CEP120
14872,STAP1
14873,VAC14-AS1
14874,LINC00996
14875,GOT1
14876,MAP3K5
14877,KRT40
14878,ZNF396
14879,RBAK-RBAKDN
14880,FBXO31
14881,RGS22
14882,HOXB1
14883,RANGAP1
14884,NDFIP2-AS1
14885,MGAT5
14886,DSG3
14887,POLH
14888,PLS3
14889,PLXNA3
14890,LINC01285
14891,ZFP69
14892,CARNMT1
14893,HOXB7
14894,THUMPD1
14895,NKAIN3
14896,RAB3D
14897,TCTN3
14898,THEM6
14899,UNC13C
14900,LMO3
14901,SAP30BP
14902,STXBP2
14903,SGCE
14904,ZFP69B
14905,GAPDH
14906,GRK5
14907,RAI1-AS1
14908,RLIM
14909,CHRNA9
14910,ST6GALNAC1
14911,REXO2
14912,PPP4R4
14913,SMIM23
14914,SIAH3
14915,ACOT1
14916,TMEM230
14917,TRIM5
14918,CLDN14
14919,KCNAB1-AS1
14920,RDX
14921,KCNRG
14922,CASP10
14923,MGARP
14924,TSPAN16
14925,PGPEP1
14926,CASC2
14927,EXO1
14928,GTF2E2
14929,DYNAP
14930,POLE4
14931,ALDH16A1
14932,STX18-AS1
14933,SERF1A
14934,FGF4
14935,DTD2
14936,ARF1
14937,TRBV6-5
14938,IGFL1
14939,MET
14940,SLC7A9
14941,DDOST
14942,NAA10
14943,PDPN
14944,RNH1
14945,LBX1
14946,MCM7
14947,VAV3
14948,MGP
14949,KPNA7
14950,TRABD2A
14951,CCDC3
14952,GRPR
14953,ZMYND19
14954,RNPEPL1
14955,RNF223
14956,NDC1
14957,TMEM132E
14958,LRRFIP1
14959,TCAP
14960,KRT16
14961,TNFAIP3
14962,FBXO48
14963,MTFR1L
14964,IFITM5
14965,LINC00881
14966,MYLK3
14967,MYL6
14968,IL17RD
14969,CGGBP1
14970,PARVA
14971,TGFBI
14972,RPRML
14973,ZBTB38
14974,ZNF580
14975,GPR137
14976,STX8
14977,CERCAM
14978,ANKS3
14979,NFE2
14980,TIGD6
14981,CYP2B6
14982,RHOBTB1
14983,TTBK2
14984,KIF1A
14985,WWC2
14986,NUBP2
14987,ZNF783
14988,ACKR1
14989,CCDC180
14990,HES5
14991,COL6A1
14992,TDRD3
14993,ROPN1L
14994,PPP1R3D
14995,TSPAN14
14996,PGGT1B
14997,IFFO2
14998,RFPL3
14999,FOXI1
15000,CHST6
15001,LCN12
15002,LINC01391
15003,PTCHD4
15004,HECTD4
15005,PPP6C
15006,LINC00539
15007,EVC
15008,KLHDC8B
15009,SCUBE1
15010,USP39
15011,RSU1
15012,LINC01561
15013,BPIFA1
15014,GREM2
15015,ZNF446
15016,DDX5
15017,KCNG3
15018,MT-ND2
15019,EXOC5
15020,B4GALNT3
15021,RPL39L
15022,AKR1A1
15023,HERC1
15024,KDM3B
15025,RNF169
15026,SMIM7
15027,NDFIP2
15028,ABCC2
15029,ADAM17
15030,SLC22A15
15031,ARHGAP42
15032,KRTAP5-11
15033,SPON2
15034,GOLGB1
15035,ANKLE1
15036,ANLN
15037,H6PD
15038,ARMC8
15039,PALB2
15040,NPC1L1
15041,GMEB2
15042,GJA9
15043,SPTA1
15044,ZG16
15045,NELFA
15046,ZNF3
15047,WWOX
15048,ABHD17A
15049,SLC17A3
15050,SEPSECS
15051,DNAH8
15052,HIRA
15053,TBX1
15054,ADGB
15055,SPTBN5
15056,ZXDA
15057,LINC01620
15058,ZNF585A
15059,WDR43
15060,TRAJ22
15061,PGA4
15062,CHKA
15063,LINC01581
15064,SLC9A3
15065,HSDL2
15066,CETN2
15067,LRPPRC
15068,COL17A1
15069,MANEA
15070,PER3
15071,RNF40
15072,ARSB
15073,SPCS1
15074,RPL35A
15075,DUSP22
15076,ACHE
15077,KDM4C
15078,PSTK
15079,PHF2
15080,FOXP4-AS1
15081,SYDE1
15082,ALK
15083,ZNF708
15084,GMNC
15085,PLA2G4E-AS1
15086,CATIP
15087,TRIM3
15088,CREG1
15089,CNDP2
15090,KATNB1
15091,FBXL2
15092,ZDHHC22
15093,KRTAP19-5
15094,ZNF295-AS1
15095,CDKN2A
15096,ANKRD33
15097,LIN52
15098,PDXDC1
15099,ASIP
15100,KCTD2
15101,FER1L6
15102,PASK
15103,MB
15104,NUGGC
15105,KLK3
15106,POP4
15107,HAS2-AS1
15108,NUTM2B
15109,TRAV8-3
15110,UBQLN2
15111,EQTN
15112,PSG4
15113,METRN
15114,LGI4
15115,KCNK6
15116,MSMP
15117,ARRDC3-AS1
15118,FEZF1
15119,TMEM260
15120,ELN
15121,FKBP1A
15122,ALG5
15123,RPL15
15124,KRIT1
15125,EIF3A
15126,INSL6
15127,YPEL3
15128,PANK1
15129,FLVCR1
15130,SCO2
15131,PEX10
15132,DTL
15133,C1QTNF7
15134,MORF4L1
15135,DISC1
15136,ELFN1
15137,MAP2K3
15138,FGFR1OP2
15139,SPINK1
15140,ALOX12B
15141,CEP63
15142,LRP2BP
15143,EIF3M
15144,NR2F1-AS1
15145,RPP30
15146,THAP2
15147,RUVBL1
15148,C6orf132
15149,GLMP
15150,SLC5A8
15151,CADM3
15152,GMDS
15153,SLC19A1
15154,PPP1R42
15155,CTNNBIP1
15156,OR56A5
15157,VAMP8
15158,ANGPTL4
15159,THYN1
15160,TM2D2
15161,RALGAPB
15162,ATP2A1-AS1
15163,MTNR1A
15164,LAGE3
15165,VRTN
15166,TRMT11
15167,ZGRF1
15168,PCBP2
15169,SNX33
15170,SORCS2
15171,NPNT
15172,MYO6
15173,DSCR9
15174,FAM135A
15175,KCNK2
15176,EID1
15177,ARHGEF7-AS2
15178,PIP4K2A
15179,TIMM23B
15180,SLC25A12
15181,GUK1
15182,FOXJ1
15183,PPP1R2
15184,PCDH9-AS2
15185,ZYX
15186,UBA52
15187,ESRP1
15188,DESI2
15189,GALNT6
15190,SMAD4
15191,EN2
15192,AQP4
15193,GRIN2A
15194,SPOCK2
15195,SPRR2A
15196,TCF24
15197,LINC01040
15198,ALPI
15199,LYN
15200,SOX21-AS1
15201,DPP3
15202,FBXO11
15203,TCEAL8
15204,MIR3681HG
15205,SELPLG
15206,C11orf21
15207,POR
15208,AP1AR
15209,TRAF5
15210,CLSTN3
15211,IGHV1OR21-1
15212,FNDC1
15213,SHE
15214,ACTR5
15215,MRGPRE
15216,DEFB124
15217,TM4SF19-AS1
15218,RABAC1
15219,UGGT2
15220,LINC00640
15221,DCUN1D4
15222,CYB561D1
15223,ZNF524
15224,CHM
15225,PYGM
15226,UBE2D2
15227,SETDB2
15228,SRSF3
15229,NCAM1
15230,COA3
15231,ERG
15232,MIR4290HG
15233,CA7
15234,RRH
15235,POC1B-GALNT4
15236,SSPN
15237,ARSG
15238,JOSD1
15239,MTDH
15240,TLR2
15241,PHKG2
15242,FABP5
15243,SLC40A1
15244,KLHDC7A
15245,ST8SIA5
15246,RBFA
15247,FAM186A
15248,AQP11
15249,MAN2B2
15250,PFKFB1
15251,IGLV3-10
15252,LYSMD4
15253,RPS7
15254,MYBL1
15255,TRAV7
15256,CYP26B1
15257,GJC1
15258,LRFN4
15259,OR1N2
15260,RBM33
15261,PROCR
15262,TAS2R7
15263,TCEAL1
15264,SAFB
15265,FIG4
15266,NPIPA5
15267,LINC00656
15268,ADORA1
15269,LINC00589
15270,LUZP4
15271,ALDH3A2
15272,ASB5
15273,CORT
15274,SFMBT2
15275,NCBP1
15276,CLPB
15277,ZNF280C
15278,SEPHS1
15279,HIGD1B
15280,MGAT2
15281,MIRLET7BHG
15282,LINC00971
15283,FOXP3
15284,CACNA1H
15285,RLBP1
15286,PPP2R1B
15287,NRAP
15288,SERTM1
15289,MIXL1
15290,TGIF2
15291,BAK1
15292,PTPN3
15293,TTL
15294,IQSEC2
15295,STX18
15296,FAM3C
15297,OTUD3
15298,APELA
15299,DNAJC18
15300,ST18
15301,NCALD
15302,TGFBR1
15303,STX1A
15304,ACTG2
15305,NCOA4
15306,RAB9B
15307,PRRX2
15308,LINC01068
15309,NOL6
15310,CACUL1
15311,UBE2K
15312,AURKAIP1
15313,FOXD4L5
15314,FLRT1
15315,ASPHD2
15316,PRPF4
15317,SYNGR2
15318,COL24A1
15319,SPARCL1
15320,BCCIP
15321,MB21D2
15322,PECAM1
15323,CLDN20
15324,CSE1L
15325,BCAP31
15326,MAPK3
15327,SRSF6
15328,CACFD1
15329,TRABD
15330,SSH2
15331,ARV1
15332,C1QB
15333,CEP72
15334,CCDC62
15335,DNMBP-AS1
15336,IGHV3-21
15337,MGC16275
15338,ANP32E
15339,RIC1
15340,MEA1
15341,CEP85
15342,CD37
15343,CCDC15
15344,KLHL38
15345,EVX1
15346,NOD1
15347,RIPK2
15348,SLC39A14
15349,MAP1LC3A
15350,SHANK1
15351,RGS4
15352,CSGALNACT1
15353,DPYD
15354,PGK2
15355,TADA2B
15356,FBXO36
15357,LNX1-AS1
15358,USP45
15359,TBC1D5
15360,CLPX
15361,UBXN4
15362,ARID4A
15363,FSBP
15364,MRPL49
15365,TBC1D14
15366,SEC24A
15367,LZIC
15368,MAP3K7CL
15369,CABP7
15370,MIR3945HG
15371,CTSG
15372,ADGRL1
15373,YIPF7
15374,LINC00635
15375,ELF1
15376,EI24
15377,USP19
15378,MYL9
15379,ZNF219
15380,USP1
15381,LINC00158
15382,SVIL
15383,TMEM235
15384,DCAF4L2
15385,CAMKK2
15386,PPP1R8
15387,BCL11B
15388,PUF60
15389,SKP2
15390,ASB1
15391,RBP1
15392,CCDC190
15393,CXCR3
15394,DPF3
15395,FAM20A
15396,VPS41
15397,SLC41A2
15398,FXYD5
15399,RNF32
15400,BCAS3
15401,PATL1
15402,LYNX1
15403,CNNM3
15404,MADCAM1
15405,IFFO1
15406,ZNF503-AS2
15407,GDE1
15408,MRPL52
15409,ITPKB
15410,DTWD2
15411,AATBC
15412,ATP8A1
15413,FAM170B-AS1
15414,TRMT61A
15415,FEM1A
15416,CLCN1
15417,PRSS12
15418,MTHFD1
15419,SOWAHB
15420,BIRC6
15421,GAL
15422,PTPRT
15423,ZC3H7A
15424,ZNF500
15425,FAM117A
15426,PNCK
15427,COL6A2
15428,LSM10
15429,CTXN3
15430,TP53TG3C
15431,LINC01163
15432,NRBF2
15433,UTP6
15434,POLR3GL
15435,ZNF541
15436,OSBPL10
15437,PRDX2
15438,LINC00705
15439,SORBS1
15440,NKAIN4
15441,NOMO1
15442,PHF20L1
15443,RPS6KA5
15444,DMBT1
15445,MYH8
15446,C8orf48
15447,SRSF8
15448,APH1A
15449,GIGYF1
15450,TMEM208
15451,AIM2
15452,PALMD
15453,NR5A2
15454,GCLM
15455,SCARA5
15456,TMEM54
15457,GIPR
15458,CARD6
15459,PNPT1
15460,RHOD
15461,OR13C4
15462,ANOS1
15463,CYP2A7
15464,ASB16-AS1
15465,DYNLRB2
15466,IL3
15467,GLYR1
15468,PTCH1
15469,LTBP3
15470,DNMT3B
15471,BAG4
15472,NUDT11
15473,TMEM167A
15474,STX11
15475,ZNF83
15476,TRIM41
15477,PNO1
15478,SLC38A4
15479,PJA2
15480,LYZL4
15481,CYP2J2
15482,SMG6
15483,EIF1B
15484,CLDND1
15485,PLA2G6
15486,PABPN1
15487,CDT1
15488,C7orf57
15489,EIF5A
15490,ERAP1
15491,CSRP2
15492,NBPF19
15493,PSMC3
15494,CCDC174
15495,AFTPH
15496,ARSJ
15497,GNPTG
15498,NRP2
15499,LRSAM1
15500,ZRSR2
15501,SCTR
15502,CD63
15503,TSSK6
15504,IGKV5-2
15505,TAF1D
15506,IPO9
15507,DIMT1
15508,IGKV1D-42
15509,ATF2
15510,JUND
15511,TEN1
15512,C5orf22
15513,RSPH6A
15514,TULP3
15515,TAF12
15516,LEFTY2
15517,CD248
15518,DEFB126
15519,ATP6V1G1
15520,DMXL1
15521,SAMM50
15522,MMS22L
15523,TYW3
15524,PM20D1
15525,ANKRD55
15526,SCD5
15527,PTGDR2
15528,RPL27A
15529,AKAP5
15530,LINC01602
15531,SHANK2
15532,EFS
15533,GATAD1
15534,STYXL1
15535,DEGS2
15536,TPSB2
15537,ITGB1
15538,TAF6
15539,LGALS14
15540,EPHX3
15541,MAP3K11
15542,USP7
15543,ARHGAP19
15544,SCARNA9
15545,FAXDC2
15546,RNASE3
15547,DNLZ
15548,PCMTD1
15549,PIGR
15550,RAB8B
15551,NR1H4
15552,KPNA1
15553,SNRPD2
15554,LINC01443
15555,BCL2L13
15556,PLOD3
15557,UBAC1
15558,PROSER3
15559,UTP15
15560,IFNAR1
15561,HS3ST1
15562,SNRNP27
15563,TOR2A
15564,LINC00578
15565,STARD3NL
15566,INPP5A
15567,MEX3D
15568,CERK
15569,ZW10
15570,PPEF1
15571,ZBTB20
15572,PRDM13
15573,RNF152
15574,CCBE1
15575,ATP8B2
15576,TSR3
15577,FCN1
15578,ZNF600
15579,LRFN3
15580,SLC9A5
15581,LINC01132
15582,BLCAP
15583,ZNF75A
15584,ZNF432
15585,NANOG
15586,NGDN
15587,SLC15A4
15588,CLEC4F
15589,ZNF205
15590,SULT4A1
15591,YEATS4
15592,IGDCC4
15593,EIF1AD
15594,PPP3CC
15595,HMGCLL1
15596,EGFL8
15597,LINC00871
15598,LIMK2
15599,LINC00165
15600,UBE2H
15601,RRP1B
15602,IL20RB
15603,LINC00928
15604,PSMC5
15605,ISYNA1
15606,ZNF239
15607,RHOV
15608,AKAP8
15609,NLRC5
15610,WFIKKN1
15611,PABPC1
15612,ACSM6
15613,CLEC14A
15614,LINC01252
15615,CXXC1
15616,CCT3
15617,IGSF23
15618,LINC01176
15619,DUSP9
15620,NLGN4X
15621,RPS27A
15622,GPAM
15623,YWHAQ
15624,C19orf25
15625,COG1
15626,KCNB2
15627,PSMA8
15628,DNAJB9
15629,PNRC2
15630,CRLF2
15631,HBA2
15632,FLJ36000
15633,TRAM1L1
15634,HABP4
15635,SNTN
15636,FBXL4
15637,BTBD17
15638,LINC00323
15639,NOCT
15640,NID2
15641,EAF1
15642,SPOCD1
15643,MC1R
15644,RERG-AS1
15645,GLIPR1L2
15646,MGRN1
15647,NAT14
15648,CHP1
15649,ZNF781
15650,ATG9A
15651,ATP4B
15652,TAF1
15653,PPFIBP2
15654,PCBP1
15655,BSG
15656,DEAF1
15657,EHF
15658,ATF1
15659,KIAA0087
15660,SIPA1L3
15661,TPPP3
15662,LPAR3
15663,ALS2
15664,CNTN3
15665,ZNF415
15666,SBF2-AS1
15667,IFIT5
15668,ASB4
15669,CUX1
15670,RPN1
15671,TOP2B
15672,GZF1
15673,RNF113B
15674,ZNF839
15675,TAL1
15676,SP7
15677,IER2
15678,MMADHC
15679,LINC00261
15680,SCN7A
15681,SCN3B
15682,AP1G2
15683,C12orf75
15684,C1orf87
15685,SLC9B1
15686,MEMO1
15687,RPS28
15688,GTF3C2
15689,MATN4
15690,RIPK1
15691,ME3
15692,HPCAL4
15693,NPR3
15694,CITED4
15695,ATP8B1
15696,MIF4GD
15697,PARP1
15698,MMP10
15699,LINC00858
15700,FAM217A
15701,FBXO34
15702,HDGF
15703,TIMM23
15704,KRTDAP
15705,MRPL35
15706,POLR2L
15707,NMI
15708,CSTF2T
15709,SLC25A42
15710,HAPLN3
15711,GRIFIN
15712,LIFR
15713,SLC20A1
15714,GOLIM4
15715,YTHDF2
15716,PLCG1-AS1
15717,NCS1
15718,CCR2
15719,UHRF1
15720,HS6ST1
15721,EMC6
15722,TIMP2
15723,SYN2
15724,MMP1
15725,FAM149A
15726,ITIH6
15727,SEMA6C
15728,MYO18B
15729,F10-AS1
15730,PDCD6
15731,RGS2
15732,PTRH1
15733,FCER2
15734,SLCO1B3
15735,KLHL5
15736,LAMTOR2
15737,TBC1D22B
15738,CHST3
15739,GPR18
15740,ADPRHL1
15741,ETFA
15742,SAXO1
15743,VKORC1
15744,ZNF366
15745,WFDC10A
15746,TRAV17
15747,IGKV6D-21
15748,GRIK1
15749,OSM
15750,HTATSF1
15751,SLC1A4
15752,SEMA6B
15753,RAB28
15754,DACT3-AS1
15755,CCDC187
15756,ARL6IP5
15757,GPR87
15758,ZNF808
15759,PARD6A
15760,MAU2
15761,PDHX
15762,HTRA4
15763,INSL4
15764,MMP3
15765,GFOD1
15766,DIABLO
15767,POP5
15768,KLHL14
15769,AP3M2
15770,DIAPH3-AS1
15771,KCNK10
15772,CHRNA6
15773,PRRT4
15774,TP53I13
15775,CPM
15776,MYBPHL
15777,SPI1
15778,MTF1
15779,SYNPO
15780,IGSF1
15781,UPK3A
15782,TFPI
15783,MMP7
15784,CDR2
15785,MORN1
15786,PRR12
15787,CGB2
15788,FBP1
15789,ERICH3
15790,SCRG1
15791,ZBTB11-AS1
15792,RTF1
15793,MSANTD3
15794,ORMDL3
15795,ZNF789
15796,ERBB3
15797,NDUFAF2
15798,EFCAB7
15799,ING3
15800,TMEM25
15801,CAPN2
15802,SNX8
15803,TPSAB1
15804,DNMT3L
15805,FZD2
15806,KCNG4
15807,CP
15808,RMDN2
15809,PTENP1-AS
15810,SYNE2
15811,RASGRF2
15812,ZZEF1
15813,CEP162
15814,LURAP1L-AS1
15815,WDR18
15816,SERPINA4
15817,ETFB
15818,GOLPH3L
15819,GAGE12D
15820,EDEM1
15821,BLK
15822,KIF12
15823,KCNMB3
15824,ACOT12
15825,LTA4H
15826,EIF3E
15827,GPR26
15828,MRPS28
15829,IFNAR2
15830,PSMD7
15831,RFX7
15832,NTN5
15833,RPF2
15834,CLCN7
15835,PDCL3
15836,SMO
15837,CRACR2B
15838,SALRNA2
15839,SRP68
15840,LRP4-AS1
15841,LMO7
15842,ITGA4
15843,PGAM2
15844,NR3C2
15845,IL21-AS1
15846,SRXN1
15847,PPARGC1A
15848,R3HDM4
15849,CTDP1
15850,CLUH
15851,BNIP2
15852,NTRK3
15853,DMRTB1
15854,BANP
15855,GRK6
15856,LINC01567
15857,HYAL4
15858,CLEC12B
15859,PCDHGC4
15860,ZNF518B
15861,PSMA3-AS1
15862,CHAT
15863,FBN1
15864,KCNA7
15865,CDK12
15866,FOXF1
15867,SNX29
15868,RMND5A
15869,TTC16
15870,RABGGTA
15871,IRX1
15872,PBX4
15873,ZNF197
15874,INHBA-AS1
15875,TNIP1
15876,DMWD
15877,ZSCAN5A
15878,THAP9
15879,RPL21
15880,PPIAL4G
15881,PARPBP
15882,DUSP15
15883,TNPO1
15884,BTG1
15885,TRDV2
15886,EEF2K
15887,TIMMDC1
15888,ZNF252P-AS1
15889,S100A11
15890,ZNF831
15891,EIF2S3
15892,KIAA0319L
15893,MRPL16
15894,TMED1
15895,AP4S1
15896,FNTA
15897,EMID1
15898,GSS
15899,GLYCTK
15900,NRXN2
15901,P2RX1
15902,TLCD1
15903,ATG101
15904,QRSL1
15905,XAGE1A
15906,RHOC
15907,SKOR2
15908,TNC
15909,FMR1NB
15910,AKAP1
15911,MCM10
15912,SLC6A1
15913,IFI16
15914,CMBL
15915,LRRC8E
15916,LINC00862
15917,POLR2J
15918,AQP10
15919,MEIG1
15920,ZNF740
15921,RHOBTB2
15922,CENPH
15923,NRN1L
15924,VN1R2
15925,TNFRSF19
15926,PLEKHD1
15927,NAA25
15928,KRT77
15929,NCAPD2
15930,UBE2E3
15931,GON4L
15932,FGL1
15933,KIF18A
15934,PLA2G12B
15935,EPGN
15936,NKAIN1
15937,RNF24
15938,TBL1X
15939,SIN3A
15940,TREM1
15941,PCED1A
15942,KRTCAP2
15943,KLRD1
15944,FBXO39
15945,ATAD3A
15946,SLC30A2
15947,CEP131
15948,SGCD
15949,FTL
15950,CSNK1G2-AS1
15951,PLEKHO2
15952,IGLV2-33
15953,EMG1
15954,EXOSC5
15955,BEX4
15956,CRISP2
15957,LGI2
15958,LRRC53
15959,AUH
15960,ARSD-AS1
15961,SLC30A7
15962,NR4A3
15963,ASPSCR1
15964,IRGQ
15965,IP6K2
15966,SEC61G
15967,MMACHC
15968,GSTA3
15969,GINS2
15970,ASTN2
15971,COLGALT1
15972,FERMT2
15973,LINC00310
15974,WDR77
15975,NUFIP1
15976,SLC4A10
15977,CEP112
15978,FCN2
15979,NPY1R
15980,AP1B1
15981,ADAM10
15982,CCAR2
15983,OR6Q1
15984,RAC2
15985,ANXA4
15986,HYAL2
15987,MAT2B
15988,PARP11
15989,WDR64
15990,CEMP1
15991,PGC
15992,VAT1
15993,C1orf226
15994,ZNF207
15995,IDH3B
15996,LSMEM1
15997,REEP4
15998,DDX23
15999,ARHGAP8
16000,MAFA
16001,MTX3
16002,ADAMDEC1
16003,ZNF365
16004,LINC00632
16005,DDX3Y
16006,SP5
16007,RASL11A
16008,PMS2
16009,FBXL13
16010,GNRH1
16011,U2SURP
16012,F2
16013,GRIN2B
16014,ANO5
16015,ZNF620
16016,PSG5
16017,MRGPRX2
16018,KRTAP4-1
16019,FPGS
16020,PYM1
16021,CBLL1
16022,LINC01143
16023,PNOC
16024,ACSM2A
16025,OAZ2
16026,LSM12
16027,LOXL4
16028,AGTPBP1
16029,SIAH1
16030,EEA1
16031,PKM
16032,UNC5A
16033,LECT2
16034,DIRAS3
16035,ZNF652
16036,ZNF682
16037,DCAKD
16038,MPHOSPH8
16039,VSIG10
16040,CREBZF
16041,HMGB4
16042,SLC5A10
16043,LRP6
16044,FGD5
16045,ABCB8
16046,HCAR2
16047,TACC3
16048,AGTRAP
16049,BPIFB4
16050,ZGLP1
16051,BTBD1
16052,GPR135
16053,KRTAP4-7
16054,BHLHE22
16055,EIF2A
16056,ZNF266
16057,C10orf62
16058,ATP2B3
16059,ARHGAP4
16060,TMEM186
16061,ECEL1
16062,GALR2
16063,COX7A1
16064,TAS2R60
16065,NUP93
16066,SNUPN
16067,CELA3B
16068,ULK1
16069,PDIA4
16070,GATB
16071,CHPF
16072,TP53RK
16073,FAM120AOS
16074,HOXC10
16075,PTPN20
16076,DYTN
16077,UBXN2A
16078,VCX3B
16079,USP21
16080,VPS54
16081,UBE2L6
16082,PCSK6
16083,XAGE2
16084,BMP1
16085,MRPL30
16086,OR2W3
16087,RPL39
16088,CHD1L
16089,AGBL2
16090,SSTR1
16091,RASSF8-AS1
16092,NDUFA8
16093,EIF5
16094,FUT3
16095,FCER1A
16096,LINC01501
16097,NXT1
16098,AP4E1
16099,SRD5A3
16100,OR6B3
16101,SWAP70
16102,CLDN23
16103,REPS1
16104,FGF18
16105,PARL
16106,YY1AP1
16107,ANKS1B
16108,KRT5
16109,ZSWIM7
16110,ABCB9
16111,INCA1
16112,CDC40
16113,CFHR4
16114,ABCD3
16115,CTSD
16116,TTC9B
16117,GLRB
16118,ARHGAP15
16119,DUSP1
16120,ADAMTS9-AS1
16121,RPS19BP1
16122,ACY1
16123,HOXD10
16124,TRAV22
16125,CLVS1
16126,NUP153
16127,PLG
16128,CCNO
16129,ACTC1
16130,NEK11
16131,PLCL2
16132,SMR3B
16133,ACTL7A
16134,SEMA3D
16135,CCR6
16136,BMP7
16137,TNRC6A
16138,GOLGA4
16139,BACH1
16140,BCHE
16141,LEPR
16142,RNF17
16143,SLCO6A1
16144,EFNB1
16145,FAP
16146,APOBEC2
16147,PPP2R2B
16148,RERGL
16149,ZNF529-AS1
16150,EXOC8
16151,WFDC8
16152,SLC1A3
16153,PPIB
16154,IGF2BP2
16155,CXCL8
16156,C6orf62
16157,RPS6KC1
16158,C4orf50
16159,PCDHGB2
16160,MFSD6
16161,FOXD3
16162,GP5
16163,BBS4
16164,HEY1
16165,TMEM39A
16166,VWA8
16167,EXD3
16168,KCNQ1DN
16169,NFASC
16170,FIP1L1
16171,IPO8
16172,STK32C
16173,RPA3
16174,ANXA8
16175,NXPE2
16176,CORO6
16177,TTC7B
16178,DNAJC6
16179,CNGB3
16180,ZFP36L1
16181,SLC25A13
16182,AK3
16183,HS6ST2-AS1
16184,SSX5
16185,NDRG4
16186,PPM1D
16187,MIATNB
16188,CEACAM5
16189,NECAB2
16190,CCNG1
16191,GPD1L
16192,ATF7IP2
16193,LINC01270
16194,PRR18
16195,RPL5
16196,GNAT2
16197,PCK1
16198,INPP5D
16199,NOC2L
16200,C14orf93
16201,SPOP
16202,PAX6
16203,GADD45G
16204,NUDT15
16205,SP6
16206,ANKRD34B
16207,RUSC1-AS1
16208,LINC00923
16209,TMEM266
16210,VMO1
16211,ZNF512B
16212,GFI1
16213,SFTA2
16214,DPYSL4
16215,ACRBP
16216,TTR
16217,CHD3
16218,SNX31
16219,LGALS8
16220,UBA1
16221,LINC00550
16222,APOBEC3H
16223,ARHGEF3-AS1
16224,VPS13C
16225,B4GALNT1
16226,RNF121
16227,THOP1
16228,DTNB
16229,ELOVL6
16230,ZIK1
16231,PI4KA
16232,SCARB2
16233,ARRDC1-AS1
16234,CRAT
16235,JUN
16236,MRPS2
16237,GJB5
16238,TAGAP
16239,GAD1
16240,FHDC1
16241,GRIK3
16242,RELB
16243,IL12B
16244,GNPDA1
16245,TCEAL4
16246,DPYD-AS1
16247,SHD
16248,DPF2
16249,TFEB
16250,PTGER2
16251,CLC
16252,MOCOS
16253,ADCK2
16254,CERS3
16255,SLC22A23
16256,ADCYAP1R1
16257,CUL9
16258,GCNT1
16259,ATP2B4
16260,PRPS1
16261,BLOC1S2
16262,REPIN1
16263,CENPT
16264,OR7D4
16265,JAKMIP2-AS1
16266,CEP295
16267,ZNF654
16268,ANKRD49
16269,FNDC4
16270,GPX3
16271,SCN5A
16272,GHET1
16273,LINC01102
16274,LINC00336
16275,FUCA2
16276,KLHL3
16277,UBXN7
16278,ERAP2
16279,NEB
16280,SLC4A11
16281,FAM151A
16282,DAPK2
16283,IGHV7-81
16284,FTCD-AS1
16285,MXI1
16286,FLVCR2
16287,SATL1
16288,IGKV2-30
16289,NUDCD1
16290,TMEM139
16291,ZCCHC4
16292,HBG2
16293,CTSS
16294,DKFZP434A062
16295,ADH1B
16296,ZNF224
16297,TMEM14A
16298,TRIM29
16299,CD83
16300,STAT4
16301,TMEM233
16302,AACS
16303,CA11
16304,MYH14
16305,TMEM79
16306,HPS6
16307,SUGP2
16308,PKMYT1
16309,TMEM44
16310,LINC01606
16311,HNF1B
16312,ISL2
16313,DGKB
16314,RHOXF1
16315,POLM
16316,POLR3G
16317,SUB1
16318,FKBP1B
16319,KCTD21
16320,LRRC74A
16321,CCNT1
16322,FN3KRP
16323,ZNF678
16324,UBN1
16325,CERS4
16326,CD44
16327,LPAR2
16328,FGD3
16329,PPIP5K2
16330,LETM2
16331,TCEAL2
16332,SCGB2B2
16333,NUP43
16334,SPATA45
16335,SNRPA
16336,MBD3L2
16337,HSPE1-MOB4
16338,TAF4B
16339,TIMELESS
16340,GPR139
16341,MIR4458HG
16342,PNPLA1
16343,C8orf82
16344,DRAP1
16345,LDB2
16346,KIRREL2
16347,TEX14
16348,LINC00636
16349,MPP1
16350,AEBP1
16351,USP11
16352,HOXB8
16353,TRAV4
16354,SCX
16355,DSTN
16356,PROZ
16357,GXYLT2
16358,UGT8
16359,MYOM2
16360,TRIP13
16361,HOXB4
16362,GNAI1
16363,ZKSCAN3
16364,FBXL15
16365,CASP6
16366,ORAI3
16367,ALG3
16368,CHRDL1
16369,KCNJ2
16370,TNFSF13B
16371,RECQL
16372,RPS12
16373,FAM219B
16374,THBS2
16375,STK38L
16376,LRRC32
16377,ZNF552
16378,ZSWIM1
16379,RARS2
16380,ARFGAP2
16381,SNHG7
16382,DDIAS
16383,PLCB3
16384,PCDH9
16385,KCNU1
16386,HILPDA
16387,TRIM47
16388,TRAV8-1
16389,SLC15A3
16390,ZNF784
16391,ADAM22
16392,NBEAL2
16393,CSF1
16394,SYTL4
16395,OCM
16396,NDUFA7
16397,ADGRV1
16398,RASGEF1C
16399,CDK5
16400,STS
16401,BICD1
16402,LDLRAD1
16403,TNFRSF10C
16404,NGFR
16405,SRSF7
16406,TARDBP
16407,ZDHHC12
16408,GSE1
16409,PIGC
16410,RABGGTB
16411,ZNF721
16412,CFAP54
16413,ACTN3
16414,RSAD2
16415,GOLGA1
16416,TAX1BP1
16417,FUNDC2
16418,NSFL1C
16419,CPNE6
16420,KLF2
16421,DPY19L2
16422,CALCA
16423,DMXL2
16424,SCN10A
16425,ZNF845
16426,CD300A
16427,EGOT
16428,RFPL4AL1
16429,RPS5
16430,CCDC146
16431,GPR108
16432,DSC2
16433,DEDD
16434,PSMC1
16435,MTRF1L
16436,METTL17
16437,SOX6
16438,LYZL2
16439,TET2
16440,GDF11
16441,ZDHHC17
16442,MAPRE2
16443,DTHD1
16444,MEIS1
16445,NPIPB8
16446,HES6
16447,SIX3
16448,FAM151B
16449,KIF4B
16450,RNF168
16451,DNAL1
16452,GAB3
16453,CCDC186
16454,FKBP5
16455,ACVR2A
16456,VCPIP1
16457,IFNLR1
16458,CNST
16459,ADAM32
16460,CHUK
16461,WFDC3
16462,ERLIN2
16463,SLAMF8
16464,SHARPIN
16465,FMN1
16466,GABRB2
16467,LMOD3
16468,SLC29A4
16469,IDH3G
16470,TCEAL7
16471,TMEM106A
16472,AKAP14
16473,KEAP1
16474,RSPRY1
16475,ARHGAP39
16476,CASP4
16477,TRAF7
16478,OTUB2
16479,SLC25A1
16480,GAGE2A
16481,STX16
16482,SERPINH1
16483,P2RY12
16484,SHISA3
16485,LYSMD3
16486,CEP19
16487,TP53BP1
16488,BCS1L
16489,ATP1A2
16490,PHACTR1
16491,ASIC2
16492,ACOXL
16493,XIRP2
16494,ITGA2
16495,GTF2E1
16496,AFP
16497,LAMP1
16498,EGR2
16499,AARSD1
16500,PELP1
16501,TRAV14DV4
16502,IKZF3
16503,MAP6D1
16504,NIPAL3
16505,CFAP97
16506,TMIGD3
16507,EIF3B
16508,TRANK1
16509,PIR
16510,ESR1
16511,CRYGD
16512,NUTM2G
16513,ZNF766
16514,SPO11
16515,DDX25
16516,FANK1
16517,USP48
16518,PDZK1
16519,TRH
16520,ARF5
16521,ECT2
16522,SSX1
16523,RNF182
16524,EXOSC1
16525,GPR39
16526,SREBF2
16527,UGT2B17
16528,APOL4
16529,LMF1-AS1
16530,NLRP2
16531,ZMYM2
16532,NRSN1
16533,CXCR2
16534,SMARCC1
16535,ABCG2
16536,KCNG1
16537,PFDN2
16538,TOR1A
16539,RASSF4
16540,CYP17A1
16541,PSENEN
16542,LINC00113
16543,NCMAP
16544,FIGNL1
16545,MAD2L1
16546,GRM5
16547,FOXI2
16548,APOBEC3B
16549,ZNF670
16550,FAM89B
16551,DAGLB
16552,PRAF2
16553,LINC01089
16554,SHROOM4
16555,SNHG10
16556,STK33
16557,COPS4
16558,SPAG9
16559,KCNE1
16560,HDGFL1
16561,SPATA18
16562,GNG8
16563,CNPY1
16564,NR2F1
16565,ARID3C
16566,SSX3
16567,PTBP1
16568,NMUR2
16569,SLC2A3
16570,DCAF13
16571,SPESP1
16572,RNU11
16573,CACHD1
16574,TXLNB
16575,GPAT3
16576,YWHAZ
16577,MOV10
16578,GLDN
16579,LINC01028
16580,TRGV1
16581,BPESC1
16582,RIT1
16583,HUWE1
16584,TMEM41B
16585,P3H1
16586,KIF5B
16587,MMD
16588,CLEC19A
16589,RANBP10
16590,PLA1A
16591,RCSD1
16592,ZBP1
16593,RSRP1
16594,HNRNPK
16595,VWF
16596,LINGO1
16597,IPPK
16598,C14orf132
16599,SRGAP3-AS3
16600,CLEC17A
16601,OCEL1
16602,TMEM176A
16603,HACD1
16604,NUDT3
16605,TBCEL
16606,HRK
16607,PRAME
16608,OR2K2
16609,PTDSS1
16610,OASL
16611,LRRC34
16612,TATDN3
16613,TRIM32
16614,GRIK5
16615,BAZ1A
16616,NYAP2
16617,MOCS1
16618,RPS24
16619,TSNAX
16620,SEPSECS-AS1
16621,DIS3
16622,ABLIM1
16623,GDPGP1
16624,TRAV35
16625,CCNT2
16626,FAM43A
16627,NAA20
16628,NGRN
16629,PHF3
16630,PLCB2
16631,DARS2
16632,OR2M4
16633,ACIN1
16634,SOX12
16635,RAB6C
16636,DUOXA2
16637,NOS1AP
16638,CORO2A
16639,MAP6
16640,GJD4
16641,NXPH3
16642,TOMM7
16643,MOB3A
16644,ASPHD1
16645,UPB1
16646,SBDS
16647,LINC00924
16648,SCAPER
16649,SLC9A8
16650,COQ5
16651,NDUFV2
16652,SNRPN
16653,MFAP3
16654,FCGR1A
16655,PPM1A
16656,EPPIN-WFDC6
16657,FBXL14
16658,TICAM2
16659,KCNK5
16660,MS4A18
16661,MOB1A
16662,PLXNC1
16663,DNAJA2
16664,DPM1
16665,WDR59
16666,GAA
16667,CCR3
16668,FREM1
16669,SLC7A1
16670,PDIA6
16671,TSPYL2
16672,COX19
16673,TUNAR
16674,C11orf98
16675,RPLP2
16676,HVCN1
16677,FOSL1
16678,LINC00445
16679,FAM218A
16680,VPS37C
16681,PLOD1
16682,KCNS1
16683,ACER1
16684,CBR1
16685,ALDH8A1
16686,NEXN-AS1
16687,NSMCE4A
16688,PRR27
16689,TRDV3
16690,METTL24
16691,CFTR
16692,ABCA6
16693,XRCC4
16694,CDK10
16695,COLEC10
16696,CHD1
16697,ZNF20
16698,TMEM31
16699,MEGF11
16700,DNAH6
16701,ZSWIM5
16702,RAB40A
16703,SPHK2
16704,CRYL1
16705,FSD2
16706,ODF2-AS1
16707,TTC3-AS1
16708,SCN1A
16709,GPRIN2
16710,SMPX
16711,PIGU
16712,KLHL32
16713,ABCB7
16714,ST3GAL6
16715,SUCLA2
16716,DRAM2
16717,MATN3
16718,GPSM1
16719,SUSD5
16720,MACROD2
16721,PRSS38
16722,KIT
16723,C12orf42
16724,BORCS6
16725,YIPF5
16726,AMN1
16727,MON1B
16728,SLTM
16729,CNTN4
16730,PDGFRB
16731,NHSL1
16732,SLC35B2
16733,FDCSP
16734,SNX12
16735,TOMM40
16736,ADRB3
16737,USP40
16738,PEX7
16739,WBP4
16740,MRPL34
16741,TMEM52B
16742,ZNF627
16743,MAP3K10
16744,PPP2CB
16745,HSPA12B
16746,AP2A1
16747,SMG1
16748,GSG1
16749,NDUFB7
16750,MIR137HG
16751,PGA3
16752,USF3
16753,NADK2
16754,ARIH2OS
16755,MRPL43
16756,CGB7
16757,EML6
16758,ITPR2
16759,RTN4IP1
16760,TEX10
16761,LEF1
16762,SYT7
16763,IGDCC3
16764,OSTN
16765,CCDC12
16766,CHSY3
16767,HMGCS2
16768,ZNF684
16769,PROSER2-AS1
16770,FOXA2
16771,LYPLA2
16772,TPO
16773,LINC01337
16774,FTH1
16775,RBM28
16776,YAF2
16777,NHLRC1
16778,WDR70
16779,TMED4
16780,PDZRN3
16781,AADACL2
16782,IGKV6-21
16783,ESF1
16784,FKBP2
16785,TPTE
16786,NNMT
16787,LRRC25
16788,TCAIM
16789,LINC01152
16790,SLC7A13
16791,PHF14
16792,STYX
16793,WNK1
16794,PRKD2
16795,CLDN22
16796,ANKRD13B
16797,HNRNPA3
16798,SMCP
16799,EEF1D
16800,ABTB1
16801,CC2D2A
16802,HLTF
16803,ABCC11
16804,PNKD
16805,SCGB2A1
16806,CEPT1
16807,CYP19A1
16808,EML4
16809,MORC3
16810,XIRP1
16811,UGT2B7
16812,ERN1
16813,ZNF165
16814,BYSL
16815,FBXL7
16816,SFN
16817,PHF21B
16818,KERA
16819,SMCHD1
16820,RBM17
16821,IDNK
16822,BRICD5
16823,TMEM80
16824,TRIM28
16825,CPLX3
16826,BCL2L1
16827,FAAP24
16828,APLNR
16829,AGBL4
16830,GUCA2A
16831,ICAM2
16832,ZNF195
16833,TSPAN13
16834,RALGPS1
16835,BCL11A
16836,SEC31A
16837,SLC16A2
16838,MT1H
16839,TNFRSF13B
16840,TXNDC9
16841,CR2
16842,ESR2
16843,SPRR2D
16844,ARG2
16845,TUBAL3
16846,FRA10AC1
16847,TRAV6
16848,N4BP2L2
16849,ALDH1A3
16850,HSPB2
16851,TNP1
16852,CAPN1
16853,PUS3
16854,TIGIT
16855,LCK
16856,CDC6
16857,ABCA4
16858,GTPBP8
16859,EPPK1
16860,CYP27A1
16861,GPR65
16862,MT-ND5
16863,ZHX1-C8orf76
16864,LINC01451
16865,GEMIN8
16866,FLJ13224
16867,CST1
16868,CASC20
16869,C17orf100
16870,DSP
16871,PIP5KL1
16872,BCL2L11
16873,TNMD
16874,FZD8
16875,GOLGA6B
16876,ZNF595
16877,CT45A3
16878,TMPO
16879,GOLGA8B
16880,LINC01010
16881,EPAS1
16882,SIGLEC1
16883,GTF2I
16884,XPNPEP1
16885,EBLN2
16886,HCAR3
16887,SEZ6L
16888,ZCCHC17
16889,VDAC1
16890,SLC25A40
16891,CLIC4
16892,SLBP
16893,EFNB2
16894,LINC01194
16895,AKT3
16896,CFHR3
16897,USP38
16898,ENTHD1
16899,TCF7L1
16900,STXBP5L
16901,RPF1
16902,NEIL2
16903,EIF3D
16904,SMAD2
16905,MIS18A-AS1
16906,PAFAH1B1
16907,ONECUT1
16908,LINC01446
16909,GPR180
16910,ASXL3
16911,OTUD6B
16912,GPAT4
16913,ACYP2
16914,SYCN
16915,IGHV1-58
16916,KRT73-AS1
16917,ROBO4
16918,EIF4E1B
16919,DNAAF3
16920,ATP6V1B1-AS1
16921,LINC00847
16922,DNMBP
16923,SNAPC4
16924,UBTD1
16925,IL2
16926,CORIN
16927,PCDHGA5
16928,MBTD1
16929,SH2D2A
16930,ANO9
16931,STRIP2
16932,CLVS2
16933,IRF2BP2
16934,RNF187
16935,SGSH
16936,PPIL2
16937,AGRN
16938,TOM1L2
16939,TMEM165
16940,MAN1C1
16941,FBLN2
16942,CCDC121
16943,NRXN3
16944,LGALS9B
16945,RPRM
16946,PLCE1-AS2
16947,FCN3
16948,ARNT2
16949,GJB7
16950,BAIAP2L2
16951,ZNF648
16952,MEGF6
16953,MRPS18A
16954,TCHP
16955,VGLL2
16956,IRF2BPL
16957,IGSF9
16958,TCAF1
16959,NSMAF
16960,EDAR
16961,LBX2
16962,CLEC4C
16963,FXYD6-FXYD2
16964,MAGT1
16965,KLK7
16966,CRISPLD2
16967,AZIN1
16968,SLC4A9
16969,LINC01484
16970,TAF13
16971,CAMTA2
16972,CAPN7
16973,STAU1
16974,ZNF354B
16975,ZNF440
16976,CNGA4
16977,SOS2
16978,GEMIN6
16979,C11orf16
16980,GFAP
16981,VKORC1L1
16982,LINC01537
16983,TAF5
16984,PARP10
16985,TTC39C
16986,TTLL6
16987,WASL
16988,ARL3
16989,MIR9-3HG
16990,LEMD2
16991,PCDHB1
16992,GOLGA8H
16993,TBC1D3D
16994,SLC22A3
16995,N4BP3
16996,NCKAP1
16997,SLC25A21
16998,TRPM7
16999,MKRN3
17000,DBX1
17001,DLST
17002,IGKV1D-16
17003,FMO1
17004,CD86
17005,USP28
17006,CNNM4
17007,LINC00642
17008,UGDH
17009,SLC39A12
17010,MAPKAP1
17011,FRG2C
17012,MSANTD3-TMEFF1
17013,AKR1B10
17014,PABPC4
17015,SST
17016,SNX10
17017,TRAF1
17018,FETUB
17019,CD200
17020,SCNN1D
17021,WNT9A
17022,ATP13A5
17023,DUS2
17024,THBS3
17025,TIMM22
17026,UCHL3
17027,APOL6
17028,ZNF436-AS1
17029,CATSPER4
17030,ZBED3-AS1
17031,IFT43
17032,OR5AK2
17033,LIMS1
17034,SDHAF4
17035,PAFAH1B3
17036,THNSL2
17037,TMEM106B
17038,GSN
17039,CRTC1
17040,SERF2
17041,TRIM4
17042,PDGFRA
17043,GML
17044,RALA
17045,MPLKIP
17046,C1orf216
17047,HIGD1C
17048,TRAPPC6B
17049,F12
17050,TECRL
17051,PELI3
17052,HIC1
17053,INPP4A
17054,SEMA4C
17055,LINC01431
17056,DDIT4
17057,PGM5P2
17058,FTCDNL1
17059,OTC
17060,NT5C1B
17061,KIZ-AS1
17062,MAP2K7
17063,HOMER3
17064,LINC00114
17065,ULK4
17066,MAP2K4
17067,BIVM-ERCC5
17068,PHYH
17069,SLC51B
17070,PSMD2
17071,MS4A6E
17072,ALKBH3
17073,SLC23A1
17074,LRRC55
17075,MGAT4D
17076,EIF5AL1
17077,KCTD7
17078,MS4A1
17079,SNTG2
17080,SPSB3
17081,ZMYND11
17082,ANKRD36C
17083,STARD4-AS1
17084,TRMT6
17085,SNRK
17086,ANKRD18B
17087,DPAGT1
17088,FAM120C
17089,PDCD2
17090,SCN1B
17091,CACNG2
17092,LYPD6B
17093,OR1L4
17094,YIPF3
17095,LZTS1-AS1
17096,LHPP
17097,MIR4432HG
17098,GNL3
17099,CNGA1
17100,PTGS1
17101,PARP16
17102,POLG
17103,DNAJB4
17104,OTUD4
17105,TMEM217
17106,TRAC
17107,TMEM11
17108,SDR42E1
17109,PNLDC1
17110,CXCL1
17111,HGD
17112,CDC42BPA
17113,TUBG1
17114,UBR2
17115,IL4R
17116,PLEKHM3
17117,CYB5R4
17118,SGK2
17119,CACTIN
17120,LZTFL1
17121,NDUFA13
17122,OR2T10
17123,IGSF21
17124,KLHL40
17125,RPE65
17126,HRCT1
17127,TAF3
17128,HENMT1
17129,CASQ2
17130,SNHG12
17131,KCNIP2-AS1
17132,ASTN2-AS1
17133,SMPD3
17134,C16orf46
17135,LAX1
17136,RHBDF2
17137,FOXN3-AS1
17138,CIB4
17139,PPP3CA
17140,LRRC47
17141,TMEM187
17142,GRIK2
17143,SPATA31D1
17144,MOGAT1
17145,ZNF878
17146,IGKV3D-11
17147,EXOC3L4
17148,ZSCAN12
17149,RANBP9
17150,CLIC3
17151,ATP6AP2
17152,ZC3H8
17153,ZMAT3
17154,ABCB1
17155,IFI35
17156,INAFM1
17157,CHI3L2
17158,TPT1
17159,POGK
17160,NDUFS4
17161,ULBP2
17162,SLC16A5
17163,PAGE4
17164,ERCC6L
17165,IGHV2OR16-5
17166,AP2B1
17167,FASTK
17168,CXCL17
17169,MED23
17170,ACVR1C
17171,ITK
17172,RPS19
17173,HAGHL
17174,GJA3
17175,NKX2-1
17176,HR
17177,LOXL1-AS1
17178,SFRP5
17179,SLC25A29
17180,MLH1
17181,CBY1
17182,CDC42SE2
17183,PAGR1
17184,CCT4
17185,DLX2
17186,KCNV1
17187,CASP8
17188,DCX
17189,MME
17190,SLC5A5
17191,EGF
17192,RSPO2
17193,KRT8
17194,C16orf78
17195,OTOGL
17196,TPCN2
17197,HNF1A
17198,GLCE
17199,RILPL2
17200,WDR55
17201,POC1A
17202,HSPE1
17203,LPCAT4
17204,OR7D2
17205,GTF2B
17206,LINC01241
17207,RAC1
17208,HCN4
17209,HRG
17210,FLG
17211,IFNB1
17212,PRKG1
17213,MIR202HG
17214,ZBTB48
17215,GPR37L1
17216,OSTN-AS1
17217,TOLLIP
17218,CDKN2D
17219,TMBIM1
17220,GTF2H5
17221,TNNI3
17222,SORD
17223,SPR
17224,BLNK
17225,TXNDC15
17226,TUBGCP6
17227,TNFAIP8L3
17228,DDX11
17229,ROBO1
17230,CPT1B
17231,SIVA1
17232,IGKV1OR2-1
17233,DUSP3
17234,YPEL1
17235,WAC
17236,UBL4B
17237,SYNCRIP
17238,ZNF425
17239,NPSR1
17240,DCBLD2
17241,NME6
17242,MTTP
17243,CLUL1
17244,PRDM2
17245,TMED7
17246,OCIAD2
17247,PGLS
17248,IGKV3-20
17249,AGMO
17250,RTN4R
17251,ARPC2
17252,RNF208
17253,PRR15
17254,DNAJC2
17255,TRPC5OS
17256,TBXAS1
17257,LINC00200
17258,SMS
17259,GDAP1
17260,GALNT18
17261,CEP57L1
17262,UBE4A
17263,ELK1
17264,NXF3
17265,FBXO6
17266,ESRP2
17267,NMNAT2
17268,ZBTB21
17269,RGS9BP
17270,EXOSC9
17271,GPR84
17272,TRAPPC13
17273,PDE7B
17274,CHMP3
17275,TECPR1
17276,PHF21A
17277,CTR9
17278,GLMN
17279,QPCT
17280,GALNT4
17281,FAM180B
17282,GLIS2
17283,MCM3AP-AS1
17284,CUL2
17285,KDM5B
17286,CACNA2D2
17287,MS4A6A
17288,LINC00536
17289,B2M
17290,MTERF1
17291,CCDC112
17292,LRRTM3
17293,AIF1L
17294,TNS3
17295,GCNT3
17296,SLC26A6
17297,CPSF3
17298,LINC01480
17299,ST6GALNAC6
17300,CD200R1
17301,POLA1
17302,LINC01098
17303,PRKAG3
17304,NLRX1
17305,ANKRD63
17306,CDKN2AIP
17307,SARM1
17308,DNALI1
17309,CFAP69
17310,MEI4
17311,IGHV1-3
17312,ARHGEF33
17313,RAB11B-AS1
17314,BRSK1
17315,IGHV4-59
17316,SPG7
17317,ARHGAP28
17318,PGBD1
17319,CCDC85A
17320,CYP4F35P
17321,FBXO45
17322,PLCG1
17323,CYP2S1
17324,FRMD8
17325,UPK2
17326,IPO13
17327,POLK
17328,IGSF22
17329,TTC39A-AS1
17330,CASP2
17331,GPR3
17332,TMEM87A
17333,CLSPN
17334,HELLS
17335,GLCCI1
17336,RHBDL3
17337,CCDC157
17338,RUFY3
17339,CNTLN
17340,HYKK
17341,EIF4EBP3
17342,IRF5
17343,DCTN4
17344,IDE
17345,FCGRT
17346,HAND2-AS1
17347,HLA-DQA1
17348,CASP7
17349,ST6GALNAC2
17350,NRG2
17351,TTLL10
17352,JRK
17353,KRT73
17354,SACM1L
17355,OSBPL11
17356,RWDD2A
17357,HSPA4
17358,CCL8
17359,DNAJC1
17360,YARS2
17361,MAP4K3
17362,NDRG3
17363,LONP2
17364,XYLB
17365,NEIL1
17366,GCM1
17367,ABCG8
17368,TCF7L2
17369,SMIM15
17370,CARD8-AS1
17371,OVCA2
17372,IGSF11-AS1
17373,ACSL3
17374,LPXN
17375,RPS27L
17376,PDF
17377,DHX30
17378,CT45A5
17379,SNHG22
17380,HSFX1
17381,NUCB1-AS1
17382,EXTL3
17383,RABL2B
17384,GALK1
17385,XPO5
17386,CALML4
17387,CAPRIN1
17388,SLC2A13
17389,BTNL3
17390,TMEM223
17391,MIR4435-2HG
17392,ZAR1L
17393,SH2D5
17394,ASIC3
17395,GMFB
17396,GAGE10
17397,GIMAP2
17398,PRKAB2
17399,MIR181A2HG
17400,FOXJ2
17401,GPS1
17402,ALKBH6
17403,PPP2R2C
17404,CCDC86
17405,RBM11
17406,FAM215A
17407,ZNF559-ZNF177
17408,NOX4
17409,HTR7
17410,BEAN1
17411,MAL
17412,CRLF3
17413,ACBD6
17414,PATE3
17415,SNHG19
17416,HTR6
17417,CFLAR-AS1
17418,ZNF548
17419,SYNGR3
17420,IGLV3-16
17421,SLC16A3
17422,LINC01603
17423,GPR183
17424,ABHD6
17425,NRXN1
17426,TST
17427,LUC7L2
17428,JARID2
17429,CABP4
17430,RANBP3
17431,SEMA3F-AS1
17432,ACP6
17433,TGFBRAP1
17434,AVPR2
17435,GPR153
17436,PCAT1
17437,RAB11FIP2
17438,KCNT1
17439,HTRA3
17440,AKAP8L
17441,CA10
17442,NRIP1
17443,LINC00628
17444,BRF1
17445,ALG10
17446,TBRG1
17447,CXADR
17448,BMP8B
17449,MAP3K1
17450,BICD2
17451,LINC00494
17452,SCCPDH
17453,COL5A3
17454,GPR88
17455,HYAL1
17456,GPR176
17457,LZTS1
17458,SAG
17459,TAF5L
17460,TRIM11
17461,TMX2
17462,PCDHGC5
17463,ACBD7
17464,RCN2
17465,SYT10
17466,TP53INP2
17467,TXNDC17
17468,PI4KB
17469,RTL1
17470,TNNC1
17471,SLC4A3
17472,CNN3
17473,LIPK
17474,SMIM10L1
17475,MGST2
17476,TMEM38A
17477,SUMF2
17478,MASP1
17479,POM121L2
17480,ZBTB7A
17481,PER1
17482,RUVBL1-AS1
17483,MARVELD1
17484,YBX3
17485,C17orf50
17486,ABHD4
17487,DUSP7
17488,SIPA1L1
17489,CRYM
17490,VPS26A
17491,POLR2C
17492,SLC25A27
17493,ENGASE
17494,CNGA2
17495,ZDHHC7
17496,LYVE1
17497,DPCD
17498,EDF1
17499,ZNF518A
17500,CDO1
17501,RASGRP4
17502,ACD
17503,ACTL7B
17504,MIB2
17505,ST3GAL5
17506,C7orf33
17507,NDUFC1
17508,HOXA4
17509,BCLAF1
17510,CERS5
17511,DYRK2
17512,CCDC170
17513,RAMP2
17514,STAM2
17515,DQX1
17516,KLK2
17517,PCGF3
17518,LINC00667
17519,DDX54
17520,TBC1D23
17521,TTC28
17522,CAGE1
17523,OR1L1
17524,SGTB
17525,BEX1
17526,MT-CYB
17527,S100A13
17528,ITPA
17529,ENPP4
17530,CECR2
17531,SLX4IP
17532,TMEM263
17533,UBASH3B
17534,GPER1
17535,NAV2
17536,LINC01492
17537,LINC01019
17538,ZNF460
17539,MSL3
17540,CCT8L2
17541,RCN1
17542,PNPLA6
17543,ZNF521
17544,PSKH1
17545,SZT2-AS1
17546,PCYOX1
17547,CTIF
17548,ZDHHC23
17549,RFFL
17550,LMX1B
17551,HS2ST1
17552,MCTP1
17553,APBB1
17554,CMC1
17555,IGHV3-23
17556,IGLV4-60
17557,LINC01516
17558,CSMD1
17559,STAB1
17560,TXNRD3
17561,VIM
17562,CKMT1A
17563,WDR37
17564,DAZAP1
17565,C3AR1
17566,SCAP
17567,CDCA2
17568,OTX1
17569,CDC42EP3
17570,TMEM125
17571,IGSF3
17572,EIF4A1
17573,KDM4B
17574,CEP44
17575,ALKBH5
17576,SLC10A1
17577,PRELID3B
17578,RGMA
17579,SMAD1-AS1
17580,PEX5
17581,FAM230A
17582,AFF4
17583,SYNE3
17584,AQP6
17585,EIF2B5
17586,SPACA4
17587,CNR2
17588,AGL
17589,PLIN2
17590,OLFML2A
17591,RAB23
17592,CDH1
17593,KRTAP19-8
17594,TREM2
17595,DNAJB7
17596,TMEM89
17597,PHC2
17598,OR2AG2
17599,CTNS
17600,EPHX4
17601,PPP1R3F
17602,DEK
17603,PDYN
17604,ANXA2
17605,ZNF43
17606,GGTLC3
17607,XG
17608,MAPRE3
17609,ZNF707
17610,FHOD3
17611,LINC01393
17612,CEACAM1
17613,TRMT13
17614,NLN
17615,CLCNKA
17616,APOD
17617,PLP2
17618,TGM3
17619,USP30
17620,KBTBD3
17621,PIK3CB
17622,FHL2
17623,MORN3
17624,RBMXL2
17625,DUSP16
17626,STXBP3
17627,ACTR3B
17628,TMEM160
17629,CEND1
17630,SMAD1-AS2
17631,MYCBP
17632,PCM1
17633,IL6
17634,FAM221B
17635,UNC5C
17636,SSRP1
17637,SSH3
17638,MIR133A1HG
17639,CRMP1
17640,OVAAL
17641,SPPL2B
17642,RASGRP2
17643,GPR146
17644,PPP4R1
17645,LITAF
17646,JADE2
17647,CILP2
17648,FOXD4
17649,DLL3
17650,SNX2
17651,PKIG
17652,FBXL19
17653,SP140L
17654,NOX1
17655,NXNL2
17656,CACNG7
17657,ZWINT
17658,SFTA1P
17659,TRGV7
17660,SYT13
17661,PDE1A
17662,PZP
17663,LRRC15
17664,FSCB
17665,THSD1
17666,TTC7A
17667,BFSP2-AS1
17668,SEC14L3
17669,PCSK7
17670,NUDT9
17671,IER5L
17672,CDCA4
17673,NSUN6
17674,HNRNPU
17675,DTWD1
17676,RIF1
17677,CHRNA1
17678,ZNF135
17679,TMC3
17680,TAS2R40
17681,CYP2U1
17682,PXN
17683,CPT1A
17684,MTNR1B
17685,SEPHS2
17686,TAS2R5
17687,EGLN3
17688,GNB3
17689,COPS2
17690,PADI2
17691,C6orf58
17692,ZNF571
17693,ARID1B
17694,DNASE2B
17695,GPRC5B
17696,EFNA1
17697,PUSL1
17698,NFKB2
17699,PGM2L1
17700,CCDC88B
17701,S100A7A
17702,C1orf56
17703,RPL13
17704,BACE1-AS
17705,BAG1
17706,BCL9L
17707,FRMD3
17708,PRR5
17709,EVL
17710,ANKRD22
17711,CTSL
17712,ENO4
17713,KPTN
17714,SLC27A3
17715,ACOX2
17716,TTF1
17717,ABCA8
17718,SYNM
17719,NUBPL
17720,CYB5R2
17721,IFITM3
17722,RHBDD3
17723,TERT
17724,HID1-AS1
17725,PCDH10
17726,UCN3
17727,WEE2
17728,GYS1
17729,STOML2
17730,CASP9
17731,MYH4
17732,SPIRE1
17733,ITGA6
17734,CXCL3
17735,KCNN4
17736,FAM169A
17737,F11R
17738,NUTM2E
17739,ABCB5
17740,PIP5K1A
17741,ELMO1-AS1
17742,LINC01234
17743,OXT
17744,TIFA
17745,SECTM1
17746,JAKMIP1
17747,ITPRIPL2
17748,HMCN2
17749,KBTBD8
17750,SLX1B
17751,C9orf163
17752,C10orf90
17753,LRCH4
17754,PRAC1
17755,HOXC8
17756,DNM1L
17757,IL21R
17758,SUSD1
17759,USHBP1
17760,POMT1
17761,TNFAIP1
17762,PAX8
17763,EDNRA
17764,FZR1
17765,NCK1
17766,NRAS
17767,ATOX1
17768,SLC35E2B
17769,THOC2
17770,TMEM170B
17771,LINC00237
17772,ACO1
17773,ADAM12
17774,PTER
17775,ZMAT1
17776,ABCF2
17777,CCDC74A
17778,CD300C
17779,TMPRSS11D
17780,COQ10B
17781,GLS2
17782,STARD5
17783,ADNP2
17784,KCTD5
17785,RPUSD1
17786,PTF1A
17787,KCTD12
17788,LINC00294
17789,ROR1
17790,M6PR
17791,PTGFRN
17792,TCEANC2
17793,BTBD3
17794,FUBP1
17795,TPPP
17796,CENPA
17797,CRYBB2
17798,ANKRD27
17799,ZPR1
17800,SRSF11
17801,ITFG1
17802,ZNF341-AS1
17803,MCCC1
17804,GTF3C2-AS1
17805,FAM227B
17806,KLRF1
17807,IGKV1-9
17808,PCSK1N
17809,FBLN5
17810,CPNE9
17811,SEC14L6
17812,ZMYM1
17813,HNRNPUL2-BSCL2
17814,CCAR1
17815,NBPF14
17816,ASMTL
17817,AGAP2-AS1
17818,SMOC2
17819,TEX35
17820,DNAJB11
17821,PROX2
17822,CCDC88C
17823,C14orf39
17824,PMF1-BGLAP
17825,ADGRF1
17826,WDR13
17827,TDRD10
17828,S100A14
17829,LINC01235
17830,BPIFA2
17831,FERMT1
17832,MRPL24
17833,TRAV24
17834,CRAMP1
17835,DIAPH2
17836,RUFY4
17837,ALDH3B1
17838,MICALL2
17839,AP3B2
17840,PWP2
17841,PLEKHG6
17842,AQP7
17843,LINC00601
17844,PAH
17845,CREBBP
17846,UBE3D
17847,FOXH1
17848,ZFP36
17849,ZNF749
17850,C15orf61
17851,GPR85
17852,ADAM30
17853,SAMD9
17854,PRNCR1
17855,TCL1A
17856,CYP1B1
17857,ZCCHC2
17858,CHST10
17859,NOXA1
17860,ZSCAN30
17861,LCOR
17862,COL9A1
17863,SLC27A5
17864,DNTT
17865,TTLL4
17866,KRT24
17867,DENND1B
17868,TMEM185A
17869,MAP7D2
17870,LINC01354
17871,HRAT17
17872,TMEM108
17873,BBS1
17874,ZNF613
17875,C2orf74
17876,RPGRIP1L
17877,ZNF211
17878,TCF25
17879,EDNRB
17880,PYGO1
17881,P2RY14
17882,CADM2
17883,CSNK1E
17884,ALG13
17885,ZNF823
17886,LRP12
17887,SPRED3
17888,TTLL10-AS1
17889,LINC00309
17890,KIF25
17891,THEMIS2
17892,COMMD1
17893,KIFC2
17894,EIF3CL
17895,LINC00994
17896,CD247
17897,ARCN1
17898,ZBTB16
17899,ZNF672
17900,SNHG25
17901,KRTAP4-12
17902,FXYD1
17903,IRF8
17904,NOL4
17905,ANXA13
17906,RUNX1T1
17907,RMI2
17908,CLEC4A
17909,MSR1
17910,TRAV12-1
17911,ENPEP
17912,PERM1
17913,TJP3
17914,LRRC41
17915,KRT1
17916,PHYHD1
17917,ZNF350-AS1
17918,NT5C
17919,SF3B6
17920,AK7
17921,ADORA2B
17922,BATF
17923,RER1
17924,NPAP1
17925,SPATC1
17926,KCNJ6
17927,TEN1-CDK3
17928,SENP2
17929,MAPK7
