Unnamed: 0,baseMean,log2FoldChange,pvalue,padj
MYOM1,309.78377396172266,4.728208959545179,0.0,0.0
GPAM,2741.984172911559,4.433442635660163,0.0,0.0
NEK2,764.6315123397155,-4.222784941765862,0.0,0.0
MMP11,13564.68604982219,-6.243123936864911,0.0,0.0
COL10A1,4801.885400024692,-7.11218694978304,0.0,0.0
KCNIP2-AS1,79.25168090280694,5.133183744342786,1.7234022455205585e-291,5.154121648936817e-288
FHL1,5029.392125626815,5.021662286275649,9.574463818990404e-291,2.4543454109709117e-287
TNS1,8585.312158033947,3.10439491076763,7.403074020320122e-278,1.6605095027578032e-274
COL11A1,6794.498794984522,-6.208087507743351,9.21008272829094e-271,1.8362858275161405e-267
LINC01614,148.3115172619996,-5.518074889457731,1.6343148213766363e-264,2.932614515478236e-261
KIF4A,809.8073306141598,-3.824848931375151,2.6408789079066467e-258,4.307993738497896e-255
LYVE1,425.8457122654425,4.954596027022093,2.1368664041498065e-248,3.195327563005344e-245
RDH5,295.15946154337155,3.919386639316043,9.357848652042332e-246,1.29167104778652e-242
MRAP,221.3296382788757,2.6335501898895903,1.2556729483208216e-244,1.6094139560477728e-241
CAV1,4872.996673127735,3.407343642717223,3.854534307902108e-241,4.611050908066361e-238
KLB,206.44236682643333,4.714536568820102,2.849173215799525e-240,3.1953477615191676e-237
HSPB7,545.0643073127674,5.109004248077399,4.606627596110331e-236,4.8624309167413975e-233
SORBS1,3752.704993069506,3.66243519648376,6.147482216850857e-236,6.128356716620655e-233
PLPP4,249.1583548293892,-5.009116578066619,2.177815525808648e-235,2.0567748313215992e-232
NPR1,650.8484375922098,3.625539899119674,4.479858260822868e-234,4.019328831610277e-231
SIK2,2128.1759951286954,2.446866665190353,1.0474210717577812e-233,8.949963672200775e-231
GYG2,1270.1776609516098,4.1430860101278535,4.7354789263774725e-233,3.862428811587153e-230
KCNIP2,555.6015398215948,5.151791412971826,2.509477930555431e-228,1.9578292167776807e-225
GPR146,280.1995179656032,2.8872162495973384,9.026104166889668e-226,6.7485172154445066e-223
AOC3,3020.628277663352,4.016484814102895,4.201124280864282e-225,3.015398963833147e-222
LIPE-AS1,408.67492233896377,1.7639907543893514,1.0373524575681296e-221,7.15932788407789e-219
ACVR1C,321.3496657489417,5.215922283057555,1.9116541549308722e-221,1.27047119096591e-218
UBE2C,1185.159428203003,-4.161558977388012,5.527553644312005e-221,3.542372235483381e-218
UHRF1,785.230342168961,-3.3337765397325123,4.682847295562276e-220,2.8975521335023955e-217
CLEC3B,810.3638268828216,3.6008853730558186,1.8207371912570408e-219,1.0890436053305447e-216
TPX2,2495.519897317252,-3.530952252980365,2.7771727428078085e-218,1.6075350869981716e-215
LVRN,81.38328551708675,5.058497689329436,3.119657942654159e-216,1.7493481913433195e-213
PKMYT1,1874.003751627511,-3.1570487913532816,8.336195892841365e-215,4.5328696697316813e-212
GSN,20692.351503217786,2.550840129227499,8.138726527848767e-213,4.295332612227009e-210
NIPSNAP3B,88.98209132216435,2.9298228095501027,1.5932125207974126e-212,8.168172992339649e-210
NUF2,552.6707335291809,-3.7462148425863537,5.055467554004754e-212,2.519869716362816e-209
CRHBP,34.90138547725142,3.905680604123355,2.707072693936812e-210,1.3128570924324903e-207
SPC25,228.93271357472523,-2.852530719540224,4.927353629564242e-209,2.3267482507605456e-206
CFL2,740.3137396059864,2.252184087609428,1.0297956096258388e-208,4.738116004904116e-206
HJURP,488.74424651574645,-3.510801484258089,1.4065407624459746e-208,6.309741860332642e-206
UBE2T,731.0798199178793,-3.195237594757636,2.2459250981923007e-208,9.829482917551863e-206
NUSAP1,1470.177818493147,-3.036290337642082,1.0574851389484943e-207,4.5179793650694725e-205
ACACB,2054.732604228838,3.6623089316058985,1.865698548503512e-204,7.785603431243492e-202
KLHL31,159.39515384184045,3.8373950656600746,7.613205196978922e-202,3.104803501240677e-199
CAT,3539.0009234552203,2.051653829778662,1.3699051714702197e-201,5.46257297708036e-199
MMP13,968.5665761548482,-6.215029286747867,3.061342448736387e-199,1.1941897586983854e-196
PYGM,60.26281555359375,3.3939849138490943,6.976477670286709e-199,2.663530113098398e-196
SPTBN1,12909.905400125524,2.029845818684064,3.832191966617041e-198,1.4326010968536705e-195
TROAP,474.4246185620799,-3.555402461040273,1.29443650467484e-197,4.7402793142623135e-195
ITIH5,1682.7719699272857,4.028880289900438,3.033388106980117e-197,1.0886223238330245e-194
LIPE,2015.7769124814447,4.540136594648692,7.407505148013213e-197,2.606279850508805e-194
MMD,992.5709439726706,2.86421291721247,3.302351822230879e-196,1.1395654057329014e-193
CDK1,1474.387678683615,-3.131053904377157,8.657545063715692e-196,2.93115072874178e-193
KIF20A,956.8078265601628,-3.304319280169027,1.1295656930804493e-194,3.753504962339922e-192
CKAP2L,390.4321681296893,-3.314926924035808,3.379918084574408e-194,1.1027136383564212e-191
DTL,969.5657008518835,-3.019452569799493,1.158926766276401e-193,3.713532481082812e-191
CEP55,761.9695347793719,-3.4166307501923243,1.1771957626757998e-192,3.7058948711323776e-190
CENPF,3780.009239815124,-3.2673622100461044,7.683112391458617e-192,2.376996012971266e-189
ACSM5,126.62959596235773,3.7488445099255214,8.831530802774057e-192,2.685982859745384e-189
PLK1,967.0206686202188,-3.401105476996668,9.966642728023443e-192,2.9806906185275443e-189
INHBA,2589.492527468404,-3.4150233274938566,1.2422968676177643e-191,3.654389343038223e-189
BUB1,857.8409092118355,-3.2797455040884684,2.130488766414392e-189,6.166046842667717e-187
PDE2A,478.20075678843705,3.135845093310712,2.8768883435079305e-189,8.19410864062005e-187
MELK,661.8452985748321,-3.6268256835974415,6.064755290622895e-188,1.7004057646083942e-185
CDC25C,193.01001345640023,-3.001449815176384,6.723890365576464e-188,1.856207518767755e-185
LPL,4664.718283227239,4.753169532893011,2.9413420337706735e-187,7.996885068784995e-185
IBSP,90.78759289872757,-6.901639500808878,8.025945640656306e-187,2.1495159488945777e-184
HSD17B13,37.53540683075524,5.073398216950723,2.439638071846877e-186,6.437774347238289e-184
ACO1,2055.5061785294824,2.044644107110092,1.6972610234783167e-184,4.4138625804775245e-182
SLC24A2,188.6856714777525,-5.031720453072745,4.3596861971031036e-184,1.1175744160116872e-181
WDR62,421.79166763921125,-2.883010749635138,1.0461728197107418e-183,2.6440176164633173e-181
KIF18B,377.6104182123669,-3.5376840455721315,3.0452666328027183e-183,7.589481174862777e-181
ITGA7,975.4854704311294,3.666418612969742,2.2640013320216555e-182,5.565101356410491e-180
DLGAP5,572.9316418185717,-3.2890211925762687,8.078839943654218e-182,1.959009512823396e-179
GCOM1,822.8031598428048,2.129896267128272,1.1270487239599289e-181,2.696501640364928e-179
SLC7A10,114.4342662358536,4.210512361203816,1.3489369688184231e-181,3.184911180062866e-179
FAM13A,1064.126609551765,2.4301454751013467,1.7226272489619372e-181,4.0143926435549344e-179
HSD17B6,189.86687462333083,-2.4945351590152667,2.1883479931183336e-181,5.034322613912228e-179
HMMR,483.4355843213445,-3.0090640609354526,2.3423453798237825e-181,5.32038550576683e-179
CST1,654.9398004845849,-6.947988812810272,4.5109727191322994e-181,1.0118111809013748e-178
RRM2,1699.8514856066868,-3.379996763261196,5.022297375618624e-180,1.1125938778777846e-177
HBB,1148.6015484450843,5.04552684052494,1.299685183955022e-179,2.8440915781571848e-177
ASPM,1076.5599785662037,-3.544162564620809,2.8538700092947337e-179,6.169860656239121e-177
EXO1,463.8125536569941,-3.438803483657399,6.949300538366324e-179,1.4845029626243487e-176
PTTG1,618.8200066015322,-3.203946213544416,7.768897084003246e-178,1.640059873827697e-175
KIF2C,888.6356753501802,-3.3406325124945098,1.1887833734352882e-177,2.4804103317352102e-175
CCNB1,1655.540463194154,-2.541954301021918,3.8012447165153167e-177,7.840176458982854e-175
AURKA,796.6212734220957,-3.087443621878131,7.708632094288709e-177,1.5718601624990524e-174
CDKN3,320.77094952750406,-2.898965941817068,9.110998573307135e-177,1.8369411056114969e-174
BUB1B,681.0799694128781,-2.9460344575886306,5.298046795262541e-176,1.0563127966021228e-173
MTURN,2130.964598667787,2.5605206133450293,2.9654539142682043e-174,5.847484070069086e-172
BTNL9,538.5416565885828,3.9857190662862014,1.2579475438701996e-173,2.453544644261616e-171
SYNE3,769.3524739098269,2.9725810556936816,3.85455306740228e-173,7.437215079727581e-171
HSPB6,1782.403175140439,4.61957804889076,1.8183796279831496e-172,3.471170643035067e-170
PPARG,590.6614736329285,3.3745514141028656,8.01726933403372e-172,1.514335588735801e-169
CKS2,1073.4130916333531,-2.637737544551185,1.3051435576118713e-171,2.439530833102856e-169
NEIL3,109.55868501886664,-3.38494259517942,1.9259963360817986e-171,3.56289466542802e-169
PAQR4,2097.01765577188,-2.748985065554141,3.5412601976075477e-171,6.484119692435696e-169
PAMR1,410.7084130969896,3.5312576392528943,5.0249617232833945e-171,9.107870016423961e-169
ZWINT,1326.27109481014,-2.554266163285871,5.224248299866741e-171,9.37439114928088e-169
ANLN,1499.652849426634,-3.37209273319346,3.450168191217325e-170,6.129684952792443e-168
PALMD,1382.371493343573,2.8858408549765984,7.796486149988121e-170,1.3715700732881062e-167
NDC80,508.1868493818995,-3.187891840023498,5.019738548872639e-169,8.745066846696176e-167
CCNB2,765.9026749628872,-3.081510943004272,1.7014035993846563e-168,2.9355755949382954e-166
FZD4,2837.3429609464474,2.552004222742063,2.730725762710384e-168,4.6666802939119176e-166
KIF4B,39.85510855421681,-3.6677465907859785,5.7009544636533635e-168,9.650747820358109e-166
CDCA8,733.7128789373483,-3.004529444328069,2.19586054015595e-166,3.682478647902651e-164
ARHGAP20,147.3045831621321,3.0839533082477564,3.3840741843405314e-166,5.622576589241343e-164
SKA3,329.6316015790852,-3.059421423815246,2.6345742815981946e-165,4.337137698073211e-163
PAFAH1B3,2097.229249517048,-2.4482511319555016,4.787112184174259e-165,7.809085548438444e-163
KIF14,404.1574663732727,-3.512087544391306,5.869793044233665e-165,9.48896994466026e-163
TNXB,2057.1116534357,3.9576327712322414,6.414192708701311e-165,1.0276453032583596e-162
BIRC5,1499.6692076878985,-3.5586087771345016,9.483560408248637e-165,1.5059558227045442e-162
SLC16A7,437.63161928810354,3.342938858915168,9.693512080770742e-165,1.525792813836405e-162
COMP,4171.333810785797,-4.440468522728823,1.998340324513217e-164,3.118105981136101e-162
GJB2,1456.7460093757431,-4.316956331076286,2.222699112085637e-164,3.4382855920055747e-162
EBF1,661.0590010629214,2.992191798956288,2.4056406108911623e-164,3.689471377934274e-162
ABCD2,121.45741739227503,4.128236470073824,4.19486738674019e-164,6.379042405734404e-162
TK1,2107.5486042413386,-3.071862589133916,1.9523602788865934e-163,2.9439624238942043e-161
TOP2A,5324.998989026956,-3.495471475334867,5.563640121237187e-163,8.319496527956674e-161
CDC20,1122.2244529976726,-3.513104132068634,1.396916546205103e-162,2.071592603727633e-160
ERCC6L,231.1092213546111,-2.839273599641196,1.5208580579852855e-162,2.2369079502039323e-160
FAM83D,610.1660750491125,-3.468187299631037,3.745297808391169e-162,5.4638718596561894e-160
CDCA5,909.1126843863324,-3.0627789236287217,4.182819021457559e-162,6.052943912986649e-160
GABRD,121.66198918562658,-3.192480850226152,1.075807346136122e-161,1.5443429615253258e-159
CAV2,1588.2404906830511,2.854118637285511,1.9970394952945905e-161,2.84403783361636e-159
FOXM1,1932.7267132824927,-3.2254038312862074,2.0931344698311e-160,2.9574177107597835e-158
GTSE1,400.9609328555279,-3.021277313389551,2.9880167000908766e-160,4.188825911439898e-158
MMP1,1090.4893140111228,-6.426609375763774,1.5242116244419649e-159,2.1201901851927607e-157
CCDC69,1196.4072141810443,2.9839559111096734,3.6799152146578315e-159,5.0794152778323166e-157
KIF23,903.6572425899792,-2.5973396721123274,9.86584828532109e-159,1.3513952796320734e-156
LEPR,734.7035325136628,2.7301788801677374,1.058325170674353e-158,1.438680822922772e-156
TMEM37,549.1577543969504,3.019928813646052,4.0391267143403566e-158,5.44948043324236e-156
GPRIN1,328.2815564040945,-2.854340286455004,1.2971994072886975e-157,1.73708553465585e-155
ASPA,83.45576153187487,3.5703239440256587,1.650591649694373e-157,2.193941967564136e-155
GPBAR1,34.67060590172327,2.9643803408601346,2.9295446958284175e-157,3.8652757369077305e-155
KIF11,1266.445841543561,-2.499453072283348,3.288607317649536e-157,4.307355453131626e-155
SPAG5,1279.8869712454737,-2.796251455111909,3.657603411508704e-157,4.7559446098632035e-155
CD34,2923.998717325839,2.144573415994433,3.9187706464581806e-157,5.058879171226302e-155
PRC1,1905.562656159254,-2.639014879567908,4.977401268612591e-157,6.3796063117131655e-155
LMNB1,2004.5319728747404,-2.4278092501495663,5.420734407543327e-157,6.898557319784217e-155
MOCS1,823.16711303842,2.0458829902256266,2.5997555228546623e-156,3.2852121902890175e-154
POC1A,398.4874523862993,-2.0939315577240114,1.045933444500122e-155,1.3124636173503629e-153
MYZAP,513.076965528238,3.326709100910344,1.6330377071944837e-155,2.0209123184757117e-153
PYCR1,3990.7357828028894,-2.3433820679137143,8.193011963680404e-155,1.006954840248501e-152
ITSN1,1726.980659645544,1.773622815246511,1.308961969977854e-154,1.5978240536926948e-152
TRIM59,1761.3497630540935,-1.7483666515128375,5.352432992996351e-154,6.4894633531301675e-152
GPX3,4964.762677532875,3.706637397328156,1.1256629536428064e-153,1.3556306067225847e-151
PRR19,444.1737904161412,-2.240798349147715,1.301277104135138e-153,1.5566744237733945e-151
MKI67,3446.766569997108,-3.0989261930467795,7.97021627019409e-153,9.471361639229321e-151
CST4,169.26298615317393,-7.774146148132708,1.2003135067958805e-152,1.4170016819700842e-150
IGFBP6,587.3969530612457,3.239565139109187,1.7100577510098476e-152,2.0055736133412225e-150
NKAPL,16.99420559648562,2.731630941463167,4.559331270491557e-152,5.312509111538996e-150
PRC1-AS1,327.68801294167304,-2.635813625097792,1.0692963231291263e-151,1.237900207885745e-149
NCAPH,507.1424912040989,-2.7713283515930978,1.6246914359510238e-150,1.845155894095264e-148
DEPDC1B,204.03356054607832,-2.9355978513231804,2.0013844630006202e-150,2.2586693587473658e-148
ADAMTS5,802.8678247770182,3.036282360876633,3.006856536158162e-150,3.3721896053013795e-148
DMGDH,68.95453168659071,2.803880190217799,3.262456903897683e-150,3.636119669785094e-148
MYBL2,1813.174964176886,-3.811887749570043,3.9117846126356153e-150,4.332905128958857e-148
ACSS2,1750.9834987807794,1.7110209852733222,1.9624560585124135e-149,2.1603872094445853e-147
CDCA3,517.7425034402261,-2.895742003355624,2.723898797261888e-149,2.98034390354069e-147
AURKB,426.75147213914175,-3.360671715715337,3.292074991645286e-149,3.580181433338364e-147
RAD51,314.77114773223445,-2.5434443225807533,8.100632180251527e-149,8.756490592917677e-147
LINC01537,16.127775380586414,3.613702616957371,2.7720562301466813e-148,2.978549520583955e-146
PDE3B,517.1136108927883,3.7732620858795936,9.008366980161669e-148,9.621793874525055e-146
MCAM,4845.663269473688,2.199059618030254,9.639008909911925e-148,1.0234460111210623e-145
PLPP3,2589.247228501596,1.9569270056461447,1.7766113420129953e-147,1.8752655247694817e-145
NUAK2,358.4361399675422,-2.2302593328902325,5.239357755629308e-147,5.497955296316509e-145
LRRC15,4505.704262806514,-3.779087876708176,5.562885396783939e-147,5.803512532551802e-145
TACC3,1499.680348699658,-2.3395565666958333,6.338777605933904e-147,6.574741350339767e-145
RMI2,540.8573018333371,-2.6236273465569075,2.93652933273675e-146,3.0283380658981753e-144
GINS1,598.1431486196255,-2.44037471307541,5.937724392846166e-146,6.088372943156092e-144
ESPL1,591.805682819648,-2.7182878126449714,6.220801543051097e-146,6.342389936847098e-144
LDB2,637.6817811392085,2.141820813471545,8.436337675066106e-146,8.552635211377752e-144
SVEP1,1529.4833158634665,3.2569172535158977,8.527715191066543e-146,8.596703448792027e-144
HBA1,386.7801408356247,4.638464154699975,8.812290424619335e-146,8.833951920635159e-144
CENPM,277.45621089217894,-2.812088978660514,1.09047262933645e-145,1.0870800478229588e-143
CILP2,525.2419193192967,-3.435064329104901,2.182450315448741e-145,2.163640246431614e-143
HBA2,752.688664450112,4.6492250731995535,2.2265958595629923e-144,2.1952767090108976e-142
DEPDC1,440.7025600053307,-3.2478183276475643,5.969479893908196e-144,5.853352306901017e-142
EPYC,129.23588620423325,-6.065430116473376,1.1615833640309869e-143,1.1327962980528276e-141
DDR2,2784.412687582373,2.64205710968163,1.2593771120159046e-143,1.2215277242169398e-141
PFKFB1,87.0224181608482,3.640790334293512,1.4176205500806284e-143,1.367622750034774e-141
EZH2,802.1975509802012,-2.3110277030467894,1.4713140975184749e-142,1.4118320944316317e-140
SLC50A1,3155.1803476842456,-1.9066904385999783,3.624179671903034e-142,3.459163831522768e-140
RECQL4,938.6857952444968,-2.7710112325351464,3.712014833908829e-142,3.524253660299472e-140
PPP1R12B,2205.744519704637,2.03665599323401,5.985775000861808e-142,5.6530919271296985e-140
ESM1,347.2463782465386,-2.962643258249112,1.6107289639889214e-140,1.5132419125558745e-138
ANKRD53,34.276234509237014,2.732627456358096,3.5061037077196927e-140,3.276746090173029e-138
ALDH1L1,293.92223896063047,4.753604290596849,5.132237671883333e-140,4.771651439599717e-138
KIAA0408,148.5796885731655,3.3016553445907,7.105610402505182e-140,6.572323353739845e-138
E2F8,205.89170328134648,-3.283505973767499,5.442580182882158e-139,5.008290194955767e-137
PLIN4,8697.809857797773,5.223876549283016,2.157201688140321e-138,1.9749401577545878e-136
GRM4,277.1778727662221,-5.32175136573652,2.48505551931258e-138,2.2635449867281696e-136
CST2,107.64492316562963,-4.911587690756583,2.6468832330714886e-138,2.3987713502138783e-136
OIP5,140.74112519004598,-2.369502296370832,2.936531275256089e-138,2.6478953368439834e-136
CCDC3,1001.308212269173,2.839431883592376,3.0363814088054885e-138,2.724241399980284e-136
ANGPT4,25.030455148946068,3.5371294372884106,8.931515893236138e-138,7.934015900407388e-136
ADAMTS14,218.93031720610225,-3.134818790082306,9.107551777048022e-138,8.050537393465502e-136
ESCO2,243.2114163546589,-2.690370987023496,1.0540445657259522e-137,9.271458670287492e-136
ALPK3,418.0125291154075,2.5133505365483164,1.5813699822260468e-137,1.3842001444421553e-135
EPB42,57.90191177392273,2.3712534747764216,2.412686036911596e-137,2.1016135071039645e-135
CCL11,41.21818556130391,-4.12744997753485,4.2822311888656806e-137,3.7120945146379595e-135
CDC45,337.81399690232104,-2.935271599542276,4.782559415882131e-137,4.12587721916293e-135
PLIN1,4455.33506977393,5.329146516065883,1.5879178712439264e-136,1.3633300613206227e-134
AQP7,537.4943666428761,5.155674105235165,3.501058078824807e-136,2.9915707698301107e-134
HCAR2,160.73747361299033,3.340726387488045,3.98192708963008e-136,3.38633647849868e-134
STBD1,990.6969624731772,2.0116710797557453,2.367193038714141e-135,1.9942212153373965e-133
EXOSC7,1246.020039479304,1.559222861778876,2.396018441305648e-135,2.0090726593826417e-133
ACSL1,5823.575618097873,2.8201558599011856,3.192219710152331e-135,2.6642414176266707e-133
GPD1,2818.398859957764,5.314595856352916,5.1017815070665595e-135,4.238257748277887e-133
NMUR1,38.96290081180885,3.502079898011017,8.488457929338481e-135,7.019211478527636e-133
FXYD1,205.82566234516776,3.7668634626515503,1.305799090248117e-134,1.0748283887803766e-132
TLN2,1589.8670999918652,1.9091092815967148,3.733879474416695e-134,3.059394214106538e-132
LINC00922,32.34942987037281,-4.580520287047444,4.776953882042556e-134,3.896257293607801e-132
LINC00598,28.89083531704083,3.4435194591557807,1.930101291312921e-133,1.5671374466660204e-131
SLC19A3,592.074818897393,5.02670158205631,2.5110268045762597e-133,2.0296335577169552e-131
TMEM220,141.63723394289875,2.24173274846415,9.669781219869388e-133,7.780921713423155e-131
ADH1A,120.09412351874474,5.150580762251597,2.456631779500381e-132,1.959191140060216e-130
PLXNA4,611.9909543616087,3.3528224698706515,3.636562219826955e-132,2.887366038609508e-130
SEMA3G,1257.3969067423134,2.872617711371644,3.9009656331558606e-132,3.0836531859625e-130
CENPE,663.6483656937769,-2.6099356254750794,5.188497980825105e-132,4.083438937189724e-130
SALL4,119.97957607631903,-3.061442357280111,8.52965072466662e-132,6.683670419363223e-130
MAP1LC3C,30.44662235703762,3.74756901610262,1.6502225145104132e-131,1.2874605565380371e-129
RHOQ,2528.8426946555114,1.5059804787146591,2.2838610514219243e-131,1.7740953552690474e-129
GHR,1058.602266601983,3.1484711130261807,5.18337899465126e-131,4.0090755465526816e-129
TGFBR2,4702.331279533452,2.227648728242069,6.481128746505659e-131,4.991303614905472e-129
GNG11,1082.514421666911,2.181979509139096,2.2069758134077832e-130,1.6923920511021052e-128
C1QTNF6,1490.3472718629869,-2.227626340204257,2.322099169420535e-130,1.7730956381311525e-128
ABCA9,344.1819532481712,3.5594102328400745,6.681857622125062e-130,5.080476829297124e-128
SLC17A7,43.64028771423959,3.009797266977587,8.389017055170445e-130,6.351583208353522e-128
DPT,2443.407276509934,3.549364808762556,1.442130647956188e-129,1.0872937960893208e-127
LRRN4CL,129.1729692266559,3.358705062398912,2.8270376523626242e-129,2.122525675062549e-127
CLEC5A,228.32163333770967,-3.275205838607508,3.5444676279705737e-129,2.650080296512666e-127
RETSAT,4323.06846024555,1.7230078035838838,6.784495660534792e-129,5.051493366499433e-127
MTFR2,128.1257727259326,-2.813580050242721,7.46815121266182e-129,5.5375415438018046e-127
GLYAT,92.02364387005574,5.966681293256187,8.441411539509607e-129,6.2334439779819075e-127
LMOD1,1235.3073873155315,2.661911836635265,1.4064786503073936e-128,1.0343382336522895e-126
FAM47E-STBD1,1032.4478608012432,1.912576265902053,1.4447694933812767e-128,1.0581609709891276e-126
SHCBP1,388.14209420052254,-2.5784541650786044,2.18863331791007e-128,1.5964567583974914e-126
FRMD1,24.77431708413936,4.3816371066209,8.110972583228434e-128,5.8686811303810896e-126
OXTR,1131.767388145816,4.095748814119611,1.5520442518175394e-127,1.1184691588198364e-125
EPAS1,6405.38648315553,1.978781078654977,1.4571094644357927e-126,1.0458548891934343e-124
NUP210,4218.35414021645,-1.893781826853352,1.5727931207804775e-126,1.1243904286567684e-124
BHMT2,198.78130468534573,3.1679499638876094,2.370838278774607e-126,1.6881873839020455e-124
TTK,515.7314914591656,-2.8446917841289943,2.4276035958535308e-126,1.7217754515413343e-124
PLPP1,1771.1760626766118,1.625186957050815,4.205201077054112e-126,2.970792445931456e-124
FERMT2,2093.448939364157,1.944201874995371,5.33805907006926e-126,3.756318900130306e-124
GNAI1,636.6042665417282,2.489160968406856,8.362859195096132e-126,5.861841617062695e-124
NT5DC4,26.24648455605395,-3.2889258711918954,1.182710217271023e-125,8.257802388603592e-124
CNIH2,155.03344706999587,-3.242445087391072,1.2404727568093384e-125,8.62753610394836e-124
PLAC1,46.30539675137137,-4.739915663053553,1.9325986937442998e-125,1.3389401915269387e-123
MCM10,455.1718079867599,-3.151853870613665,2.6675594170686624e-125,1.841026391533849e-123
GALNT15,627.2713819869097,3.223709450494298,3.279546485546694e-125,2.2547196220938648e-123
E2F1,724.7619540631515,-2.60066469204258,3.4337383741057936e-125,2.3517176101127616e-123
SCARA5,458.2514784292711,5.105500441088132,3.8037973334178577e-125,2.59526005136312e-123
CDO1,292.8631669890704,3.643408977187476,4.876976699350007e-125,3.314866283830931e-123
CCNA2,883.499768187963,-2.3770602279129407,9.184977061596796e-125,6.21944258087898e-123
SCN4A,138.55264088458574,3.598390893418649,1.0005488092673936e-124,6.749566854697034e-123
POLQ,280.3316445057608,-2.6413228408552496,3.851291198459651e-124,2.588298474350561e-122
PDK4,3326.8073788914007,3.619037866491553,4.246474209725668e-124,2.843236314153634e-122
CCNF,1004.4427897783614,-1.7338369888174134,4.2632129739129096e-124,2.8438324759811624e-122
MYOC,105.18330316646748,6.84170519669399,6.00894478302564e-124,3.9935001920967436e-122
CLSPN,261.95048965922285,-2.88922183434667,1.4799418842182606e-123,9.799290468786888e-122
FN1,158736.1997424764,-2.8838013301043737,2.4919375240858903e-123,1.643945843095486e-121
ADGRF5,1496.1197034064342,1.945241941839983,7.073852704523275e-123,4.64956823919288e-121
ROBO4,849.5576773660803,1.923038164856441,8.683687745840519e-123,5.686864704794244e-121
KLF15,129.59242329074618,3.40880708391624,1.0914308433857334e-122,7.121685474077673e-121
PITX1,1065.2899851607815,-3.8369843751893113,2.5845835542861044e-122,1.680353887612676e-120
CD36,7456.45507609435,4.192583802811615,3.8447383409549827e-122,2.490613169317552e-120
RBP4,1007.1558465349846,4.89422383351706,4.514861292202843e-122,2.914196799542726e-120
TXNIP,24162.36747874525,2.055634711651513,9.055656616809128e-122,5.8241828792839805e-120
SYNPO,3319.5108880796647,1.9654083012552523,1.3540952850206818e-121,8.677816355146827e-120
NCAPG,794.2594776229829,-2.2283217663736443,1.4590967865611314e-121,9.317449372972577e-120
CHRDL1,1606.6619782519124,4.386473509051252,1.898673307799276e-121,1.208148717558518e-119
PLSCR4,870.031652273803,2.11438496991888,1.981470147186742e-121,1.2563781032197492e-119
CENPU,867.2624104364364,-2.056157284896361,2.1932939023067048e-121,1.3857910486968845e-119
CLMP,1472.4119560694055,2.424947126449668,3.6052277236431968e-121,2.2699019744931058e-119
UBE2S,598.5248936872525,-2.5272059649299314,5.906112534984239e-121,3.705569347124377e-119
CDC14B,601.4405345117357,1.681389367634324,9.355054037722803e-121,5.84902751403826e-119
LEP,1292.2766008739436,6.202539309129239,1.8630710951463004e-120,1.1607967962258757e-118
TIMP4,436.55921904663256,4.540857694800783,2.179372748008776e-120,1.353171785130432e-118
G0S2,1054.9837757390983,4.067150456340255,2.266367102537895e-120,1.402334182342758e-118
GPIHBP1,224.5952449417392,3.541138997499913,8.783298401292248e-120,5.416065515903371e-118
CPED1,637.8380326260611,2.866550252503291,1.1673654032615936e-119,7.173700272645903e-118
CCNE2,678.4834690747834,-2.2199589668653426,2.581815221185513e-119,1.5811635607151142e-117
ALDH1L1-AS1,5.144562054989371,4.123487749449883,3.30075741569886e-119,2.014584730180284e-117
CTXN1,798.3132359159879,-2.842949989698935,3.736829564065805e-119,2.2730057524609084e-117
RACGAP1,1537.7607376159474,-1.892284038846864,4.654772274067337e-119,2.8217984353332528e-117
KLF4,1389.7875727515002,2.5926569897339573,5.1925342696779e-119,3.1371998294646544e-117
ADRB2,139.56715089846264,2.815643369771212,5.910284857249949e-119,3.558864143573594e-117
CCDC78,246.0032144262653,-3.5326760906170107,1.1355119449248525e-118,6.814590749074097e-117
CD300LG,342.9446499799289,5.038162184206508,1.2587182547366836e-118,7.52881345433168e-117
TYRO3,496.1272989855024,2.164114753364649,1.4572140238885608e-117,8.687125729121709e-116
RAD54L,334.735617266612,-2.306447904353836,5.475516987708402e-117,3.242662601565662e-115
ADRA1A,24.310061653636463,4.464771702557011,1.1684370063748853e-116,6.896853171839125e-115
TRIP13,668.8761211918873,-2.500509770125161,1.2630044582154777e-116,7.430607212530663e-115
EHD2,4071.010758948052,1.9826890823476648,1.6378267242726677e-116,9.604301549133578e-115
FOXO1,1200.6418818072427,1.8502860986274767,1.7124242722433345e-116,1.0009036202323907e-114
SHE,387.6010689018125,2.1453682093783866,2.421846282328876e-116,1.410961353574979e-114
FAM111B,809.8900595832953,-2.7832806798482173,2.917817664499554e-116,1.6944116560446594e-114
KIF18A,281.63906233260724,-2.410964394839034,3.4447208062627363e-116,1.9939377466960822e-114
CTHRC1,3026.658586400087,-2.391853276299272,3.5189795581477504e-116,2.030371999723577e-114
AKAP12,1766.7627373138894,2.687743908561973,4.0703742215813824e-116,2.3409870202582154e-114
RNASEH2A,1048.3926479516856,-1.7693497105068017,1.08337494679747e-115,6.210888193397379e-114
BGN,24262.94817290276,-2.304082108190045,1.2530341137607908e-115,7.160650999147649e-114
CIT,760.3770194147652,-1.9774513791461217,2.911953221359628e-115,1.6587964636214968e-113
CORO2B,161.91965188610143,2.359854826873712,3.0295830465595576e-115,1.7203429806159716e-113
E2F7,180.5583825541636,-2.8845437890065737,3.102732136137355e-115,1.7563225694274038e-113
CCDC167,544.532323420522,-1.909243136069693,3.7698389081793527e-115,2.1272323700745372e-113
ABCA8,584.0256286557723,3.87899563864728,4.757486167153449e-115,2.676123253398166e-113
HMGB3,2499.373151066717,-2.402622491400926,6.720387809011647e-115,3.768457463903281e-113
TMEM246-AS1,2.200765038358005,2.5976527311018764,8.019449613084679e-115,4.4828973164234113e-113
GNG2,815.705724410843,2.085432896659024,9.692487828266274e-115,5.401304397217702e-113
MYCT1,384.1167908004926,1.981155427928083,3.3735186261480235e-114,1.8683462415925968e-112
SOX12,1803.7080666269007,-1.7970633591692662,3.563606662967767e-114,1.967549475701341e-112
LIFR,1777.1486994751313,2.517957749443374,6.229873443406519e-114,3.4186192375683966e-112
DENND2A,298.7836456062126,1.6672541893740285,6.267481807648557e-114,3.4287711450135886e-112
MMRN2,1459.269411355173,1.919011880260964,6.622172256606108e-114,3.611801184575684e-112
FAM72D,96.19376591943048,-2.8253484655362184,8.395413325916663e-114,4.565069597583291e-112
GABARAPL1,1680.6276583559857,1.5195518523747933,8.611726125149773e-114,4.668544217211103e-112
PCOLCE2,579.3840508053208,4.5674798871303945,1.0499211687244836e-113,5.674634172166304e-112
CDCA2,318.7705781818072,-2.9413137840832406,1.355693484840137e-113,7.305274442033458e-112
RDM1,32.32351573569412,-3.087686281382615,2.1869038029120345e-113,1.1749042466902258e-111
EEPD1,432.47291323053446,1.70766600881123,2.226775878919124e-113,1.1927542200395449e-111
VWF,7617.946218523912,2.1016546825984417,2.391090484827681e-113,1.27695618034964e-111
DGAT2,2463.216265943137,3.377316792350784,3.241366639549262e-113,1.7259075068270612e-111
SLC35G2,162.67278394238312,1.7055856044230404,3.6442248382251156e-113,1.9346736833464933e-111
FOXN3,2436.4250732517417,1.5949061170720171,4.334149473482307e-113,2.2874111221225453e-111
PACSIN1,147.4528724337917,-2.6886199779013458,8.986420097147173e-113,4.7288071033199096e-111
DTX1,259.06084328010775,2.495189991996344,1.081865637497315e-112,5.676314912061937e-111
SPX,161.4488875097216,5.185042119986602,1.3907318043864524e-112,7.275595188895192e-111
CEMIP,724.3632131388492,-3.402965456980364,1.856444858475378e-112,9.683734459442494e-111
PDZD2,1220.0721049112997,2.626385950538201,4.785363200447205e-112,2.488943688951439e-110
ALDH1L1-AS2,14.559928614129053,5.128992257695321,6.900598855959986e-112,3.568424953064726e-110
MAD2L1,757.6970113792488,-2.1534190494232592,1.0038383794202013e-111,5.176113758711521e-110
SLIT3,2469.1926386841856,2.4085829725125767,2.626712768388715e-111,1.3505367884231268e-109
ECT2,1866.144132503244,-1.866693202115896,3.411876104005414e-111,1.7492201374363757e-109
F8,791.7676436549535,1.702542154324669,3.618332513318848e-111,1.849782296837419e-109
HID1-AS1,6.53215959269872,2.273479283289788,5.4597977581801684e-111,2.7832559935450266e-109
KPNA2,5041.315413850189,-2.1209722748013338,5.695880266442983e-111,2.8953789093782685e-109
ATOH8,155.13326229296376,3.279105416039743,1.4729230909871957e-110,7.445107590049084e-109
UNC5B,2530.5487760906867,-1.9668199466368776,1.517624370833682e-110,7.649508907370671e-109
HEPACAM,91.93921114614037,5.096746005267629,2.73326626226656e-110,1.37382996666978e-108
EBF3,228.1591069246473,2.6883108759110925,3.423904246813787e-110,1.716160273877837e-108
RAB26,328.2639681250259,-3.0838885368588964,3.946411874522206e-110,1.972546369816893e-108
LGI4,127.21234244085008,2.4020008311010392,5.190406458394305e-110,2.587129263595205e-108
MYH11,4713.712308913796,3.113648211787911,6.373819808790452e-110,3.1681945332115188e-108
KREMEN2,133.20357634666226,-4.012018647198644,1.1881910662075402e-109,5.8897515171348345e-108
CNN1,1238.6967749771354,3.165203359592741,1.2731318266834705e-109,6.293409779065618e-108
SRPX,765.9423607406698,2.526313929171872,1.7150881863069966e-109,8.454819344805699e-108
JAM2,691.0815590479948,2.074948605004144,1.811327795107265e-109,8.90478519326158e-108
TUBB3,1653.031343474287,-3.57656097427045,2.155094052099153e-109,1.0565849090400873e-107
CDC6,974.728216862527,-2.985300284210859,4.994598391449263e-109,2.4288095809258965e-107
PPP1R1A,903.8640614245758,3.837143560843559,5.23109858920323e-109,2.5369414347206147e-107
ANGPTL8,52.44335498787419,1.9805744212420355,6.194347349666706e-109,2.9959937693374497e-107
F10,93.06558010516352,2.6511399180215856,1.55353559118048e-108,7.493721141973799e-107
ZNF106,3437.026082980399,1.6029924928998254,1.6389214302024413e-108,7.884398429906865e-107
FAM228A,10.712489729711963,2.6548714428723006,1.9280253150947004e-108,9.250397394133504e-107
DEFB132,68.39516902867284,4.961098288260686,4.507738283244819e-108,2.151246163684708e-106
CSRNP1,1659.1879208492644,1.907060698006336,4.599695946550753e-108,2.1893088611381087e-106
CASQ2,109.59883101483504,3.438486447182437,1.617013487062072e-107,7.676108468741222e-106
ANXA1,6651.881935136789,2.3494959470685743,2.1405825813751973e-107,1.0134726606912015e-105
PLAC9,274.3444503859965,3.121064789967925,2.205515696639363e-107,1.0414677279078088e-105
ABCA10,121.49947159109156,3.2816981723545093,2.317405062937711e-107,1.091430877935808e-105
LINC01140,212.6008694114441,2.712165221729544,2.3542477064813744e-107,1.1058801268351252e-105
ALDH2,5175.670661051434,2.349295091668764,3.593568942040327e-107,1.6836292714352903e-105
GSTM5,307.7581181958224,3.721982867942061,4.953092971351393e-107,2.3145390697377443e-105
TLCD1,425.3611360882427,-2.4104057083177564,6.914704230256924e-107,3.2144417799930113e-105
GIPC2,87.83877545864435,2.645460066235651,7.692472494932579e-107,3.566762957340315e-105
ARHGAP11A,721.0550728485539,-2.202491531926531,9.62296949988141e-107,4.438934825343753e-105
DNAJB4,732.2381900906258,1.5053149513722466,9.911456590363402e-107,4.5602865912174584e-105
PRG4,701.6593002557344,2.8182237663374785,1.5847562623966178e-106,7.272855849730156e-105
LRRC70,95.1163856087642,2.0414363557887123,1.6779876026212846e-106,7.681073862611309e-105
SBK1,1304.7425178630094,-2.254554015763311,2.0738332192807385e-106,9.468921955922028e-105
FAM72C,119.21544447113392,-2.7165214355176017,2.1233757778318875e-106,9.670521562795785e-105
MND1,125.60876855393956,-2.6654171102156963,2.9074264466319697e-106,1.3207812698320016e-104
SCN4B,410.6432058726895,2.5799096349981467,7.730897592752549e-106,3.5031117778876707e-104
ANTXR2,1525.727693260921,1.7837691950800876,1.1633669089194535e-105,5.245089400414743e-104
AIFM2,855.107592559964,1.802216988196884,1.2946798120842923e-105,5.822489861664297e-104
CENPA,303.9882219449083,-2.170639562135769,1.748815861405843e-105,7.845187954266613e-104
P4HA3,376.2700267042825,-1.9365605374649333,2.4261879185038782e-105,1.0829730350655121e-103
DMD,928.0738552559336,2.981484957500272,2.5949011762687212e-105,1.1554071143167725e-103
DOCK11,868.8802864629101,2.2820766109033945,3.468188051601261e-105,1.540424910839927e-103
TIMELESS,1644.6352714104737,-1.5009388955643603,3.663565056518372e-105,1.6231854660287824e-103
CABP1,22.671682561437773,2.207795531185618,9.801691767701942e-105,4.310822477442246e-103
S100P,1797.908872423945,-4.6696989290220525,1.2377105265316786e-104,5.430190143785927e-103
ATP1A2,480.8762561131767,4.523592253144995,4.618671341544448e-104,2.021400940309111e-102
TBX15,303.72061741221046,2.256735273634008,4.7511785097334095e-104,2.0743344812325134e-102
CIDEC,1226.125223058654,5.317176924538384,5.33817443672976e-104,2.3193269271835058e-102
FABP4,6956.459562459568,4.904512079697804,7.039413420093272e-104,3.0510926186027457e-102
RAD51AP1,396.96693258178135,-2.264788238645436,1.6549507847989688e-103,7.155767923477759e-102
HEPN1,59.02152812050591,5.004609037080146,3.24275786094876e-103,1.3987511311746284e-101
MME,1873.37630288348,3.269128708731712,3.858222323314893e-103,1.66023840214778e-101
PRKAR2B,2610.112450666551,2.5162037060573383,6.230733395683009e-103,2.6747435419171275e-101
CHRNA6,25.82908226253389,-4.017578597495386,7.551101444882941e-103,3.233817764367052e-101
KLF9,2010.6258491587243,1.7358338430299396,7.618810482198479e-103,3.255046078394512e-101
PGM5P3-AS1,6.990365401228437,3.5985611187129494,1.0059725174898233e-102,4.2876890389162444e-101
PPP2R1B,1406.3942340340564,1.506433046674902,1.798115823630924e-102,7.627751853246643e-101
NR3C1,2324.398883952909,1.6970250293477982,2.002762732458869e-102,8.475843035670267e-101
STIL,587.3130897755941,-2.103321602422417,3.2952517382904384e-102,1.3912940515737323e-100
SPRY2,591.3060689752233,2.3736036355110404,4.1144970417882324e-102,1.733111148306292e-100
ORC6,252.1205961121429,-2.5520152573034136,4.632313177909316e-102,1.9466563855832496e-100
CENPI,198.39182775816064,-2.2166642103352334,4.8319747758283896e-102,2.025816714426744e-100
LGALS12,265.860929342634,4.544621042131685,6.345676822919631e-102,2.654238342901395e-100
LIMS2,778.2257374476428,2.004599913025324,9.065325345272531e-102,3.7829813487341936e-100
C2CD2,1527.8930933284223,1.6933116980973588,9.728210664911483e-102,4.0501858972429625e-100
TMEM132C,238.2956137714838,4.726618647916851,1.7548317849221294e-101,7.28905128440803e-100
ABCA9-AS1,22.02759993404732,3.497296879024572,2.138869884781184e-101,8.86371390589228e-100
LINC00968,29.68190825462267,3.820336696302109,2.4120261623202954e-101,9.97267222504041e-100
CES1,861.3686504084455,3.8200173292166086,3.2674706022497354e-101,1.3478504019946954e-99
HAPLN1,151.00353593707507,-4.913594931561438,3.312070207551057e-101,1.3631143991811049e-99
TNS2,3117.301324781537,1.6411035567998258,3.369353234592097e-101,1.3835165776091666e-99
CEBPA,1353.727104280657,2.187218868177415,4.003777480615348e-101,1.640269020825612e-99
FAM13C,179.3486054391924,2.18756845139459,4.467856206119056e-101,1.826223502564928e-99
TONSL,768.0687476527711,-2.1097847679038657,5.922632865587781e-101,2.415357366820617e-99
ABCC9,547.8141313507257,2.325932003154425,1.2627905984102337e-100,5.11501455933933e-99
TNNT1,964.223156746994,-4.516978003393215,1.2803221172623014e-100,5.174346863097914e-99
MRAS,1617.7430715758628,2.2381363092019915,1.3280623443724403e-100,5.355224878071701e-99
SQLE,3360.758233103333,-2.281547065285393,2.395712446561368e-100,9.638713932981432e-99
CEP112,263.4207238954965,1.7270908083056644,3.6987583770879877e-100,1.484799112269952e-98
ENPP2,1613.6485216225992,2.6983163387042053,4.019680463505374e-100,1.610025585650456e-98
PEAR1,314.6117058985116,2.020300802242681,5.046863507379708e-100,2.016946966067293e-98
TFR2,115.33110123660586,-3.269963165072789,5.310679927954119e-100,2.1176631250490828e-98
GIMAP8,552.0048103332603,1.8732425966471795,5.640154863925082e-100,2.2440562944184412e-98
FAM72B,123.53543788719928,-2.496099914392443,7.029081320195099e-100,2.7904830798579835e-98
ANGPTL5,9.932731815691294,4.201700693200412,7.438495432247274e-100,2.946498058195256e-98
ADAM8,725.460984278176,-2.302106229459989,7.63871606473325e-100,3.019143635805582e-98
LRRC2,35.99957100503984,2.820317713363287,1.5897054712040788e-99,6.214744003330281e-98
STX11,154.3860545444843,2.170621416164209,1.822347750954334e-99,7.108740878940123e-98
HES6,297.9818748802717,-2.8398719878547865,2.337985371956447e-99,9.100392519389691e-98
SGK2,87.83292476425916,3.1339229330798752,2.3511613174122025e-99,9.131869844078908e-98
GYS2,13.034554197200103,4.860806121851226,3.939494988606325e-99,1.5267882953682915e-97
PNPLA2,5092.211348996547,1.8581910591853583,5.8468145637364866e-99,2.2611043218036104e-97
LTBP4,2025.1931105676024,1.933012261287801,6.5426289934136956e-99,2.524751282963771e-97
ARHGEF7-AS2,4.729200219328797,2.525025218882232,9.564539540049822e-99,3.682963465808025e-97
ZNF695,114.4978238678977,-3.1508593254089123,2.4034651260440438e-98,9.235070283026625e-97
GOLGA8M,13.185427431214864,2.2255426775720206,2.5676163108137705e-98,9.844723735308182e-97
RNFT2,217.5692800874764,-2.1225121335642525,2.7720419703204647e-98,1.0583302364985196e-96
HAGHL,547.485197482935,-2.1719299654926254,2.7675639367129008e-98,1.0583302364985196e-96
DST,9562.051671245246,2.273602490926516,3.0418580512421056e-98,1.1588768762524071e-96
CNRIP1,344.71785796434045,1.78048629781956,5.916263261168632e-98,2.239692572962235e-96
MLXIPL,186.84323249065216,3.490746198795545,6.123465675199391e-98,2.3132519594900604e-96
ARHGEF15,566.9771588419229,1.8569203207220244,7.005972665945357e-98,2.6410750739017547e-96
F12,296.3441586494685,-2.8382783133134364,7.244647509712413e-98,2.7253240023957974e-96
GBE1,1222.438932510028,1.538624113905433,1.854162652663423e-97,6.9314780498734295e-96
CENPK,178.93972745133794,-1.909000101075468,1.861271928016464e-97,6.943589080317553e-96
MGARP,17.362850984569324,2.331481028989093,7.544191405778451e-97,2.8027530141881685e-95
S1PR1,1004.5595563717402,2.0533590522925635,1.1882085271642598e-96,4.396126559058861e-95
KANK1,1750.2937873596964,1.8474304497096468,1.198459850748116e-96,4.4249307740379e-95
TMEM220-AS1,26.55957859697713,2.022074213734563,1.4995388211569865e-96,5.5252001246080016e-95
MFAP2,1611.4404898197115,-2.369189536441229,1.5200142476133558e-96,5.5891671432733706e-95
PROC,27.847365970853545,-2.7904768270943783,2.141493426717607e-96,7.858273629656593e-95
CDT1,537.5118371980841,-2.4675108455225003,2.185002673706356e-96,8.001568974895275e-95
RHPN1,1469.126512616624,-2.2876827368279,2.635094222115188e-96,9.630169189742348e-95
FAM180B,17.69971554863101,4.062018266643785,3.2248597502153213e-96,1.1761561658102382e-94
CXCL11,458.1640293211866,-3.7051882573432153,3.6324694031293717e-96,1.3221304456339434e-94
HCAR3,75.2776133139862,2.409579232561494,5.701912017773792e-96,2.0669719039784421e-94
PECAM1,6556.503532800022,1.668606844855245,6.834018732450889e-96,2.472371615626991e-94
MGLL,3677.253183187161,2.26289438347908,7.871816300998956e-96,2.8420899739461825e-94
ISG15,3915.433796848409,-3.509446720686876,1.4384150170232212e-95,5.182915474992908e-94
PKHD1L1,36.15525249574374,3.7237450610587177,2.125011427842513e-95,7.641524060361934e-94
ADH1B,6523.676885196125,5.184267132458657,2.7953736129046788e-95,1.0012012796399513e-93
FAM149A,137.55888798938437,2.150749196522355,4.046016659340322e-95,1.4462494608606124e-93
GRM8,28.39801822031971,-3.016082359653703,4.375939816857811e-95,1.561070856335916e-93
ALDH1A1,1140.5758470410622,2.5406874742036023,6.031014868514046e-95,2.1345272347261545e-93
FAM72A,142.08314921889283,-2.3371434524437813,8.4575558327999e-95,2.981579211468789e-93
POLE2,199.50911825998315,-1.5905679263728087,9.08214990745642e-95,3.1954921164587847e-93
PDLIM3,1632.103865208634,2.4239566181036487,1.525955402068373e-94,5.358462570394303e-93
SYNGR3,98.62709372926057,-3.116101489502988,1.648791888032645e-94,5.778500320089412e-93
ARHGAP39,852.6764602028483,-1.660886094662769,2.9965368317876704e-94,1.0481453588615586e-92
TSPAN7,639.2752298819261,2.532868164225091,3.423135663079225e-94,1.1950339754531832e-92
BMX,60.72329526336582,2.733558805643928,3.645473016751505e-94,1.270181899273573e-92
ARTN,143.37225612642993,-3.207204871426044,3.727726469625093e-94,1.29632410408823e-92
LAMP5,515.5888559952127,-2.9259365002678392,3.74067293420348e-94,1.2983101572794436e-92
GYPC,834.2194446486951,1.951316481759368,8.275074876076013e-94,2.866562617303243e-92
NATD1,717.6307230130525,1.650476354837325,1.4966213914254545e-93,5.1644950476419915e-92
CA4,87.00812356087944,5.320706352357636,1.580390061289937e-93,5.443093907828527e-92
PID1,263.5926760642177,2.4765894644129487,1.7025082648857559e-93,5.852453698296936e-92
TAL1,114.22422407281988,1.961482982067524,1.7317932650417438e-93,5.941739645871712e-92
EGFLAM,440.9754873747375,1.7521752724392834,2.1075648858132874e-93,7.217203112792677e-92
MICU3,79.28806125314475,2.227431324289165,2.150438462159424e-93,7.349993859997848e-92
FAM162B,27.665290941537062,2.1494688855875923,2.509926815365801e-93,8.546134112888789e-92
FOXD3-AS1,73.17265481727559,-4.393775009652492,2.5066430150973947e-93,8.546134112888789e-92
CXCL10,1727.722003584773,-3.5723238545336766,3.8107101105564727e-93,1.2950640572694194e-91
NAT8L,584.6108477406277,3.2256806097400497,4.078582205590464e-93,1.383479756089136e-91
PRRT4,56.38424790560168,3.658336512552781,4.593383932732979e-93,1.5551637979049165e-91
LAGE3,939.0481337070196,-1.9537547362860268,6.623495353738501e-93,2.2382674317793534e-91
FHL5,80.25522687539429,2.6431767715550905,7.545373722024993e-93,2.5450034975191067e-91
TPRN,1352.7230237993238,-1.8811574831205184,7.700670303498944e-93,2.5925108428890255e-91
EMP1,7477.548520826373,1.8892909252808,1.4348035142914411e-92,4.821369711693936e-91
PRR11,554.1090328695078,-2.554836840482458,1.710815606494501e-92,5.738107522044361e-91
TRHDE,46.3673706286781,4.239786365237254,1.854319873312995e-92,6.207820113195592e-91
HSPB2,184.61504156896652,2.587120132792336,1.919497179357981e-92,6.41405165482302e-91
MYLK,5485.0754463073645,2.222490668664108,3.019147156618801e-92,1.0051127380031126e-90
FBXL6,1168.3879227762511,-1.745808919668251,3.740802975344419e-92,1.2430549738811158e-90
ERG,609.9081910440102,1.679975428130232,4.095301999489579e-92,1.3583382454499263e-90
KL,92.70266073054316,2.503900864917756,4.3288921684432056e-92,1.433166809419647e-90
SMC4,3312.820686875384,-1.5607419709291952,6.881925546291858e-92,2.274203904284735e-90
CFAP45,190.9660778390543,-2.6931602898962064,6.899447589831772e-92,2.2758030799989213e-90
AQP1,6649.457642864651,2.1348820053070208,7.310115364435176e-92,2.4068387174206393e-90
AFAP1L1,462.1715461667477,1.5817851505241791,7.517591062854968e-92,2.4706163742100647e-90
HCN2,52.178882227145344,-3.7129322149541375,8.170420984018683e-92,2.680256565580096e-90
LLGL2,3081.622856485287,-1.7521330909420745,1.6468916024937051e-91,5.3926684151728196e-90
PSRC1,366.5744348201954,-1.8509651090017096,2.173862262590764e-91,7.10524306738227e-90
FEN1,1396.5484916128294,-1.5989823193996904,2.3663710169990528e-91,7.720393005278365e-90
NNAT,129.116878372332,3.497725088530775,2.924601876665899e-91,9.524329596169308e-90
EMCN,690.7034574053725,1.94900073631419,3.1728549215024986e-91,1.0314077665116097e-89
PCAT19,168.5872261266738,1.776665352427082,3.663323288935794e-91,1.186546445788157e-89
DIAPH3,368.2948631081141,-2.2815882807787697,4.1991200349709344e-91,1.357639818153486e-89
PROS1,941.7605711359638,1.9667164210480923,5.42840061351356e-91,1.751928428217398e-89
ADIPOQ-AS1,2665.1589755817386,5.455035494573995,6.12900238050622e-91,1.970946571967807e-89
CETP,64.05675789241093,2.339959581134531,1.018148858195749e-90,3.256624440546261e-89
ANK2,649.7942172433975,2.322840345130817,1.2433184670127443e-90,3.969769852682685e-89
SPC24,386.78007692376457,-1.9173128567107551,1.3814774764688223e-90,4.403060717185888e-89
C1QTNF9,24.320396838532403,2.4328642248131884,1.669629387719044e-90,5.302624731545226e-89
CDH5,1777.4093374925433,1.6572324031391223,3.918549066977941e-90,1.2423046724002154e-88
FBXO43,37.684912401533055,-2.3709720149230327,4.741823709715144e-90,1.49801557477339e-88
ADIPOQ,6332.30181356662,5.320902050707451,6.1965861609914775e-90,1.943908078196347e-88
SOX17,150.46095280591967,2.2043108921734094,7.74468457818569e-90,2.4253162316049567e-88
GINS2,661.2545019981312,-2.125459310124345,8.206074087957155e-90,2.565327411747442e-88
FGF1,600.1536262725273,2.09643414363948,8.759353265898307e-90,2.733527565274421e-88
ECE2,465.44739173014347,-1.9926256584962247,9.836279517467317e-90,3.064274299677666e-88
MISP,1336.5563239535695,-3.2023785212883222,1.0802399734163092e-89,3.3594152656815e-88
EDNRB,478.9086885698376,2.1831131650087814,1.722151838368213e-89,5.346417402712667e-88
ADGRL4,1148.93977091386,1.6996391911212645,1.8243531283988498e-89,5.644171126894648e-88
SDS,379.7266284074121,-2.2914331823917378,3.920747137642796e-89,1.2067562030508118e-87
RBMS3,694.2043428459843,2.093720458458674,7.904243308551387e-89,2.428659964531611e-87
MATN3,845.731927360385,-2.765879190115901,9.538668643399995e-89,2.9258439339687096e-87
CD302,1590.1493523052377,1.6098823211890068,1.6693772145503292e-88,5.094439581273998e-87
SLC52A2,2670.546202801742,-1.769041224713284,1.880677159271088e-88,5.729519685222479e-87
CLIC5,313.86719632692217,2.4559718335610907,1.9286833968156155e-88,5.865812690247356e-87
LINC01561,13.396219398954104,-4.855853130993855,1.983223070424992e-88,6.0214813495272495e-87
LINC01485,19.84210948632137,3.967012520000015,2.110960559516591e-88,6.3984926148590745e-87
LMO7DN,1.546065571570646,3.2331888356040066,2.190181818973948e-88,6.627423703148148e-87
CACHD1,638.5405779152952,2.0853259446605,2.511859808161275e-88,7.5752625878396505e-87
EBF2,178.02605425690714,2.2486560455969737,3.2967305412519264e-88,9.908966973571954e-87
GNG13,34.98631028328284,-4.751964508075435,4.757675752511216e-88,1.4252376244250628e-86
TSLP,28.156450212983163,3.251476291134079,4.767691690590128e-88,1.4258576615991542e-86
RIPPLY3,96.29782846957808,-3.070287235565236,5.773931146992972e-88,1.7239171464499482e-86
RTKN2,332.5262948079337,-2.088864572246614,6.731623265449161e-88,2.0065157454355442e-86
SH3BGRL2,784.121733418393,1.936172743262237,9.850632865584424e-88,2.9313392394700983e-86
ORC1,217.2850409004189,-2.2707483713633896,1.2104031179928731e-87,3.595939329348364e-86
ANGPTL1,196.41825540764327,3.009825765103461,1.259100551827215e-87,3.734429801981412e-86
PLK4,373.1802355080406,-1.7327997997887787,1.3197205588140995e-87,3.907766618376272e-86
CDH20,14.31592423002506,3.2908360476009872,1.5481404515364171e-87,4.576578626420011e-86
BRIP1,395.2550816529246,-2.2115378199934868,2.093798142757862e-87,6.169312622930554e-86
CBX4,1778.2600939549145,-1.68983413952724,2.3148590515444426e-87,6.798335649904006e-86
SYNPO2,2444.6726879889443,2.5325390013938427,3.3121522914114663e-87,9.695474831498753e-86
ABCA6,320.73208453955834,2.587364758049675,3.7879693795505935e-87,1.1070247971768054e-85
HSPA12A,581.6756893894008,1.840467716820983,4.523597030343267e-87,1.315582254659313e-85
FFAR4,61.82546471324325,2.0567489512672026,4.590961901187432e-87,1.3330132743512503e-85
ECSCR,433.5575635629839,1.7722214161556058,4.689852618382517e-87,1.3595269044306285e-85
DQX1,71.60893517558222,-3.969951145621092,5.181112047452914e-87,1.4995141061208886e-85
TMEM255A,120.3853548338368,2.247330868913494,6.440612783973914e-87,1.8610363252114002e-85
MCM2,2158.288868690928,-1.7730073700450033,7.523393085267619e-87,2.170414236688781e-85
SYT13,2122.429069980992,-4.950852905406689,1.3510954687047565e-86,3.8915019406802806e-85
CCDC178,29.297609759307207,3.016489223822652,2.210956944778077e-86,6.337605657683358e-85
P3H4,1309.3538342772038,-1.5532385739993098,2.777853277080941e-86,7.937229172601976e-85
OLR1,665.251371704797,-2.253821859884643,2.92404399947876e-86,8.328419924864581e-85
HTR1D,37.930500281450136,-3.627150751066937,6.419019083769728e-86,1.8225138993538607e-84
IL21R,233.23978409652983,-2.612135190410154,9.54751302468572e-86,2.702217251024615e-84
ATAD2,2837.305543893228,-1.9342637307791728,1.027975076121148e-85,2.904879490695729e-84
FMO2,1165.579746101358,3.2567948008131054,1.2207991267378014e-85,3.444342693425017e-84
PTPRB,1280.574446142408,1.8583750913218584,1.3063933456155652e-85,3.680050579862748e-84
TEK,521.4676460967979,1.8871972077323609,1.6857452949973935e-85,4.741224698030287e-84
NME1,3861.7571234647576,-1.858428586713185,1.969340442167439e-85,5.530179169679583e-84
SAPCD2,842.1474876914158,-2.196511488632568,2.3670272904344267e-85,6.636552765555524e-84
BLM,341.7215223688492,-1.9727404580223071,2.870918308069228e-85,8.024261389407202e-84
MMRN1,371.50488926109,3.360964410068484,3.953748905271797e-85,1.1016470552204522e-83
MCM4,4649.734366696068,-1.770323151531908,4.176120561396919e-85,1.1618032147861444e-83
RBMS3-AS3,5.562081342668563,2.695371662722992,4.243936072980794e-85,1.1788419333369562e-83
C3orf80,159.18342671817678,-1.9356662340793016,5.307168572512458e-85,1.471898498688772e-83
VGF,38.223411426580725,-4.832590184523443,5.804094797561401e-85,1.6047561948758364e-83
C21orf58,295.87975609671327,-1.7359055338325995,5.900161581556782e-85,1.6263056746460044e-83
FAM89A,297.8121944554936,2.5236038922767747,6.961053829747685e-85,1.915784507990682e-83
ITPRIPL1,106.17527815049748,2.353673491704096,1.1269787643358202e-84,3.092126444532409e-83
PFKFB3,5147.961211787892,1.9910144719517664,2.537286544723841e-84,6.940406975384848e-83
ACTL8,85.95151174761325,-6.985439658343356,2.9991331822186883e-84,8.191239851100782e-83
PMCH,59.31399508668097,-1.6794743527786853,3.7627246044329053e-84,1.02300500457491e-82
ADM2,493.2145101166711,-2.167082960216052,4.1161167613098673e-84,1.1173918179265396e-82
KLHL29,234.20298521594265,2.40025349776612,6.9110590971310605e-84,1.8676512716704776e-82
TMEM132A,3340.438130746879,-2.1545196469728527,7.872731193190246e-84,2.1243351658737708e-82
DNA2,322.04105551421765,-1.73459250087263,8.238459910872103e-84,2.2196835531634988e-82
COX7A1,336.1585515022561,2.51759059464485,8.897807071061173e-84,2.3937368828054227e-82
CPA1,10.332978629267224,4.217355434802853,1.1187004832315113e-83,3.0005921481474193e-82
OR2B6,14.684492332275374,-4.749280784328641,1.5812904795557365e-83,4.235026323156438e-82
COL6A6,164.7619119504296,3.1928960463585,2.758212343482392e-83,7.365083674322623e-82
FGF2,678.3059442801188,2.446160167149637,2.7841015973990984e-83,7.423167765784461e-82
HOXA4,75.21554042567598,2.333830612866948,2.78915050631516e-83,7.42559594737674e-82
SLC29A4,387.5785662956607,2.403537864494196,2.870188892300621e-83,7.630025108658125e-82
SLC25A22,1114.1337302375773,-1.5278738391658926,4.416554395498518e-83,1.172346924154222e-81
IL21R-AS1,89.40959469428027,-2.512714934317542,4.525111759073399e-83,1.1993885584167366e-81
CA3,186.5105917400016,3.70420348618817,5.921625607403e-83,1.5649138424041146e-81
TMEM252,4.421113862873803,3.1892009821866765,6.682340614995929e-83,1.7633517646395143e-81
SLC12A8,738.2481056365773,-1.5229987577197852,6.756506365900586e-83,1.7803047023453763e-81
RHOXF1,6.185293269290632,2.7523034332227057,8.261287280241673e-83,2.17361494071344e-81
KCTD12,3916.874737675776,1.6165016974907844,8.428885130143108e-83,2.21446434517259e-81
HELLS,613.7774606380368,-1.7683710563496808,1.0944243551183587e-82,2.8669125004735515e-81
IGSF9,1701.0000097551258,-1.964523685835844,1.9254348783552089e-82,5.029112584746123e-81
CLEC1A,102.61018147231626,1.6677988991755457,2.066605124550656e-82,5.38999452833386e-81
ANGPT1,247.5044053441902,2.7490978247904136,2.2342489291480889e-82,5.818775440440247e-81
CAMK2N2,62.81467206278695,-3.0225528556208285,3.7281114717796635e-82,9.667230093874896e-81
MAP7D3,372.086096717748,1.8950597093988824,4.5133515160722805e-82,1.1686519423434487e-80
TMEM145,130.52686358542655,-3.770075855194389,6.116981520328404e-82,1.5816011008756903e-80
APCDD1,949.1008057392636,2.1616414058749784,8.344158447665083e-82,2.151258321622159e-80
USHBP1,106.73854482092652,1.8899978431231763,1.930891226772301e-81,4.9638842655017446e-80
MAB21L1,66.39912002643715,2.643143032179585,2.2622171150371956e-81,5.8073281705618645e-80
CIDEA,336.1652340734929,4.963939662871175,2.379257900888665e-81,6.099057681935172e-80
SYNDIG1,237.95339697473332,-2.8057634412354044,2.784314732458859e-81,7.12721020816573e-80
TLCD2,401.230666156325,1.7008817903977902,3.645640012660263e-81,9.318712875666063e-80
CEACAM5,1660.5475479906474,-5.274374986495424,4.636751790795647e-81,1.1835259478525902e-79
COX6C,17261.221091805557,-2.7424225905888653,5.770880427740522e-81,1.4709187272070448e-79
HLF,438.0536876484786,2.8648482428884696,5.829453574178586e-81,1.483740637376746e-79
EGR1,12090.940364589362,2.696243032456332,6.192089922290512e-81,1.5738082374728184e-79
ITPKA,44.42372906364631,-3.32773819394021,6.534902259009224e-81,1.658589620023501e-79
EPB41L2,2635.609448648555,1.6573327444660244,6.796058192266638e-81,1.722435991554132e-79
AVPR2,49.738323415169184,2.764640027447584,8.094179240742598e-81,2.0427841391826327e-79
MYH1,20.063131557950264,3.339697083894047,1.453927602088303e-80,3.664224282566364e-79
ESRP1,5290.661360205579,-1.6034752090220474,1.5367936252419e-80,3.867633213371762e-79
SLC16A3,1483.7056688214916,-2.237053343247576,1.5487695747636205e-80,3.892313900498377e-79
RTBDN,42.218188768130105,-5.718989021285868,1.6664742246276147e-80,4.182267620519989e-79
CXCL12,4967.012924973502,1.9373033821738888,1.773096820284574e-80,4.443638176422681e-79
MAOA,1615.2676446962066,3.2659257920186064,2.0247594948518444e-80,5.0602067375517404e-79
SYNM,4158.340107081843,3.153945612353526,2.090914717811449e-80,5.218271724118031e-79
TPD52,10532.08419991876,-1.831905013328164,2.1598577010979798e-80,5.382845359514189e-79
TNFRSF18,292.924568341071,-2.9003420802875475,2.3278362974813873e-80,5.793438907351735e-79
NDRG2,3810.1103556836542,2.2226962097128715,2.8452108338064128e-80,7.061474855023827e-79
DLC1,1796.145271348979,1.7721929724452148,3.0993476846362803e-80,7.681587686894118e-79
RECK,637.2778279861221,1.7547663998761422,4.3924872596203356e-80,1.0871557432638248e-78
KCNE1,40.45556867770643,3.084006474540158,7.204695631018828e-80,1.7782814085694891e-78
RHOJ,516.1804376795915,1.5790041824001682,7.87338396568735e-80,1.940659366487552e-78
PARPBP,256.03020768199,-1.5798046019645715,9.36155260641929e-80,2.3043031545896808e-78
CEACAM6,6459.832602268561,-4.754591893384837,1.0821715570807723e-79,2.66006663291197e-78
TRIB3,1555.6571040772214,-1.6481472271095667,1.1943275525922936e-79,2.931739207074708e-78
GPRASP1,301.4059832879234,1.9838643326365617,1.5771294866428307e-79,3.866121790753954e-78
RHPN1-AS1,163.49753815997963,-1.7681408196999877,1.7812523668726646e-79,4.360544675465631e-78
CDC20B,157.30026588551027,-6.582288514670609,1.98061158961737e-79,4.835386988312121e-78
BMP8A,59.91700051135891,-1.8568350625411607,2.593605248012632e-79,6.306185985140742e-78
PDE1B,276.09335907905387,1.8029386341568072,3.182759166764092e-79,7.728204396267233e-78
ST6GALNAC3,110.43992466028038,1.8668669361646968,3.5179569672041837e-79,8.53057024587998e-78
XRCC2,257.96353358000226,-1.904181971615881,3.68206882534004e-79,8.916470040742466e-78
NKAIN1,1468.0805951322784,-3.8463218449822487,3.8603999522195e-79,9.33571654213298e-78
CRB3,504.3481523468936,-1.5327220717658645,4.199103582115044e-79,1.0141145986200854e-77
STAB2,40.74203916841005,2.8609596122276577,6.267770634069669e-79,1.509649345741559e-77
INMT,205.32588644243063,2.545539667052598,6.700032497035168e-79,1.6116003100107109e-77
PGM5,367.569095785153,2.5449202322495594,9.828293633100248e-79,2.3577393175447977e-77
SAMD5,283.219772001135,2.924748506523527,1.2309157875612347e-78,2.9450070522665054e-77
BOLA2B,1588.2085217560698,-1.602671576934292,1.3545977769942912e-78,3.2366048615693158e-77
NRN1,594.633765518927,2.2221630983140064,2.0126686092670067e-78,4.8025698836020165e-77
DSCAM-AS1,468.4827819730623,-6.995805553952068,2.4449601692208635e-78,5.810909308145586e-77
TMEM88,68.53121212123581,2.0114821267388536,3.1165021724348157e-78,7.397158066424647e-77
PCK1,356.8112342609568,4.92997225950449,4.800648079751645e-78,1.1349516356134851e-76
PLEKHM3,531.675394588325,1.5286576197824429,5.267809943721354e-78,1.2437576530281055e-76
CCL14,791.079338978449,3.146000363824678,5.474863444074657e-78,1.2909454617670912e-76
MASP1,46.81813054508697,3.614209640243194,5.646973822432814e-78,1.3297808171881162e-76
PER1,1659.225212285483,2.0493226309105523,7.9277472102233875e-78,1.8644232757568604e-76
CDC25A,273.07194984659577,-2.157446941526709,1.0232806725954546e-77,2.400228547588606e-76
CGA,313.3137561802947,-7.52640959242161,1.0496608376530198e-77,2.4588921763506248e-76
RELT,330.96333846157523,-1.5426115229441808,1.1789401864752455e-77,2.758135946038045e-76
ANGPTL2,2933.170417610783,1.862868323022374,1.3533936856341487e-77,3.158035929131231e-76
SCTR,4.222778197579539,2.932750377923813,1.6200669875463376e-77,3.7753872759131804e-76
SNCA,105.90230412161758,1.7742701004309072,1.743841503017146e-77,4.0585592646095526e-76
CNTNAP3B,118.18889396462748,2.8534020685322328,2.1342085563678056e-77,4.9542352309785125e-76
KIFC2,1317.6178009608186,-2.084409734874201,2.3648823171732632e-77,5.4826160593484537e-76
HIF3A,83.83965461072395,3.7115745839149046,2.4864862007352627e-77,5.757097856257232e-76
CELF2,1332.2733866910353,1.9155210513103755,3.2345948426192755e-77,7.479583744324778e-76
GPR68,412.4880938790442,-1.729010696875288,3.2945544493201787e-77,7.608427932895917e-76
FOXP3,205.26791593950284,-1.974316323985169,3.6620044567386866e-77,8.446144983511436e-76
CAMP,43.78470247412706,-4.030464622326678,7.470913182551444e-77,1.709924313108458e-75
CPM,1471.5801127090522,1.9320331132527475,7.890909666643684e-77,1.8037513765382707e-75
MAPK8IP2,1051.0499740968794,-2.6935494976004715,8.145523186900619e-77,1.859583563177413e-75
ADH1C,156.3242595756423,3.8737986401367737,9.278040519662056e-77,2.115440394978601e-75
PREX2,441.4897141803341,2.214402417885869,1.2265270767495583e-76,2.785924286733428e-75
STARD9,414.25878020857897,1.988269522732117,1.3207411375435516e-76,2.996128820743551e-75
TYMS,1253.4436585332926,-1.80172410206285,1.3299884264488138e-76,3.0132970106309993e-75
KIT,2020.031792580239,2.9820886897267656,1.4294885099730722e-76,3.234645879313596e-75
PHYHIPL,99.82086066322309,2.014996020180785,1.5513977047660287e-76,3.5016704923675e-75
GPRC5A,11017.075625953965,-2.332553642529596,1.7718595465860458e-76,3.984241566909776e-75
RMRP,2021.7096238966567,-6.211816542482336,2.1637661124025445e-76,4.8594016421716215e-75
PRRG3,59.00282521080021,2.957082719810081,2.7906318230477603e-76,6.259387179096126e-75
DMRT2,40.03483895323256,2.837113757482554,4.1235838496026094e-76,9.214643660930164e-75
WASF3,470.4291985466032,2.1304725508765583,5.1542144280208803e-76,1.1489096111354868e-74
RNF150,638.4022302953102,2.588752010939544,5.250856954629059e-76,1.168999717045457e-74
ADGRD1,162.65192893051977,2.5580661932439765,5.708595896736705e-76,1.269331409802273e-74
CBX7,1328.489841484312,1.5548188303160086,6.219005868514572e-76,1.381111897334474e-74
HOXC11,281.09976911473774,-3.5756742236525816,1.6635206256359227e-75,3.6761347421688415e-74
CCM2L,154.3505235776571,1.6331982249480512,1.821930904943629e-75,4.021245775929703e-74
ERICH4,1.419904697276417,2.5399410583081576,2.211139261756002e-75,4.862338592273247e-74
CBLN2,389.33837120720665,-5.718628943549017,2.7563458481286153e-75,6.046438862936415e-74
LHX2,27.77796332346233,-4.384688317230686,3.0174970135789635e-75,6.611229110092908e-74
AOC2,45.60572268751542,2.291912299527917,3.9459596577558787e-75,8.634914646191645e-74
ALAS2,5.041554955972787,3.459967342292225,5.063297630131872e-75,1.1053018573611472e-73
ADAM33,239.24163841034337,2.6818468294489315,5.54772026983255e-75,1.2095782809462368e-73
CD209,202.40096136075096,2.5823803765632163,5.5892868304819165e-75,1.2156868228626361e-73
LSR,4794.343833907285,-1.5617513365550018,5.750651487671782e-75,1.2477592538667773e-73
FADS3,715.7442546098828,1.5700798574185049,6.525533900058886e-75,1.4141809215296697e-73
PDGFD,979.102477340573,1.851657394658599,8.339095260015763e-75,1.805026843736101e-73
SOX7,275.32044425010747,1.871446539439721,8.362315860332366e-75,1.8078722385277588e-73
MEF2C-AS1,18.07769748758058,2.026184265231984,9.685124600723836e-75,2.09133424591322e-73
CHTF18,693.9701928011516,-1.822535113622396,1.3118506896584948e-74,2.8293087470230812e-73
EME1,744.756236192484,-1.6500337193483,1.4722905907471877e-74,3.1715224922410006e-73
CD80,60.85670819957748,-2.305191257772908,1.5558593375041894e-74,3.347522776040189e-73
GALE,1227.0841430101134,-1.596947666545112,1.558397564842579e-74,3.3489683716808667e-73
CDC7,413.8605610698936,-1.793571087280411,2.084343249032912e-74,4.4738582847663363e-73
CXCL2,162.30975878740003,3.348577110408502,2.1404489489128744e-74,4.5887952137745063e-73
CHL1,474.3029568063503,2.977623943280349,2.5932850474458176e-74,5.552972182740783e-73
WT1,167.71493465404015,-4.718515206814031,2.600923476033356e-74,5.562690209051554e-73
MATN2,1626.7698739175632,2.5308986330756578,2.798846765740625e-74,5.97886980529164e-73
MEDAG,387.8183299446498,2.3966671245409183,3.883142096587691e-74,8.265611124693895e-73
KCNMB1,343.3486889405288,2.4400431559937537,4.543512819270417e-74,9.648377991596256e-73
SLCO1C1,14.343213901803043,2.065035052987889,4.689700623734917e-74,9.947043497907725e-73
FREM1,208.6124976040772,2.84183395426102,5.480499327110621e-74,1.1610635174223494e-72
ZFP36,6629.049381431419,2.2277184588958536,5.733323317763953e-74,1.2131928492211837e-72
ZNF367,354.0206356789054,-1.657531086518771,6.367811115761701e-74,1.3458657557270666e-72
NR3C2,339.23578400701297,2.1252074966965964,9.229129331236704e-74,1.9460340390095354e-72
HSH2D,662.1859589395623,-2.512122951946264,1.0079072002733914e-73,2.1227566668668706e-72
MICAL2,3674.90600764243,-1.5177693978509788,1.1562917076746264e-73,2.4295665576713694e-72
CA9,258.6831013901028,-5.251894465717474,1.6278955552350815e-73,3.4124950751329797e-72
CNTNAP2,1230.1052918883502,-3.921503151080053,1.9023892978360328e-73,3.983252457452716e-72
CYYR1,802.3527885965334,1.845835684170856,2.4124039209581628e-73,5.039368563175003e-72
RGCC,754.578597224169,1.5404677155950426,2.625271046698858e-73,5.471296592562638e-72
TRBV26OR9-2,0.8897414759531145,3.403654733483685,3.1477464214390643e-73,6.552570972888928e-72
ACAN,223.44164413721083,-3.113110608186658,3.611537006052854e-73,7.500627319052363e-72
TNFRSF9,102.49189370641368,-2.670656274555976,3.902943532354007e-73,8.096464594746856e-72
ADCY4,422.66473489842167,1.7573660955168524,4.212258132740917e-73,8.728032324931062e-72
PRR36,1464.1428519750134,-2.178777144665898,4.667069719808212e-73,9.648145052101215e-72
KCNJ2-AS1,19.395172760532144,2.116871549050705,6.00562106680784e-73,1.238676602560918e-71
CDHR2,30.93599450817496,-2.176000107582562,6.90328551390524e-73,1.420556826393528e-71
TMEM100,151.56124979394767,3.269399052591794,7.738222122809284e-73,1.5905459080376838e-71
LINC00924,18.403263403778844,2.391525602931555,8.435337650353577e-73,1.7318501006629814e-71
NPR2,362.4690133414773,1.5860560821322005,8.531707042952532e-73,1.7496337277570312e-71
KY,19.546723823127977,3.33687942381162,1.0272659813659252e-72,2.101854135647681e-71
CASP14,619.0248512782034,-6.464193370951269,1.2845873885911192e-72,2.6253571868882734e-71
IFI6,11708.432939355807,-2.890979850246759,1.3383578825182528e-72,2.7321380937323695e-71
CELSR3,500.3619020063196,-2.49363356293744,1.5470523358622881e-72,3.150999672498627e-71
CLDN5,518.1455818879817,2.578715224989614,1.676711891397923e-72,3.41121521306625e-71
GAS1RR,32.35482578880705,2.1826539848560267,1.951335964313968e-72,3.960947120322379e-71
FBN2,412.5885037944096,-3.048236367805219,2.3693541858394915e-72,4.793200846753533e-71
FAM110D,110.99514203912332,2.136859649162807,5.221039164853499e-72,1.0538394462781909e-70
SMYD1,135.22739543714675,4.9681377093277534,6.091877105317796e-72,1.2282319413238489e-70
STMN1,6898.671614619875,-1.7580984496710448,6.174037579097244e-72,1.2433998913504035e-70
PIF1,101.98467573776306,-2.356626260566383,7.063757940649037e-72,1.419396108477114e-70
RSPO3,182.5201394482181,2.45212747657306,7.8052099949311e-72,1.5648791971960185e-70
PLPP7,87.8482965167926,1.864646862110453,1.884539404847113e-71,3.7490216275583804e-70
FOXH1,641.0592834129244,-2.0906925253724857,2.346679860703969e-71,4.658055688105311e-70
ADAMTS1,2410.4138853990457,2.2279386592761545,2.903463820913252e-71,5.756878983698055e-70
KANK3,214.8146458992708,1.692729956527202,3.0086168354935248e-71,5.958788134226911e-70
ISM1,478.5662728224564,2.199993980910928,3.0553170714512653e-71,6.038182902545217e-70
PTPRM,1795.5428915232894,1.527490611049292,3.4950764828663026e-71,6.891829935005818e-70
RHBDL1,142.04546484561027,-2.587490662802967,3.977882478115861e-71,7.835249526598353e-70
DNAH14,466.3931719110103,-1.7618210835118264,4.031399510241533e-71,7.931955352168209e-70
DBNDD1,1415.8882842654507,-1.858490834752498,4.103282914713281e-71,8.064546398862555e-70
DAAM2,925.4112593553266,1.7460634704426474,4.142843363500114e-71,8.133389640552083e-70
CLPSL2,45.614929539705614,-3.3589311992552804,5.767848882837853e-71,1.1262054445445314e-69
RIBC2,113.06943002589183,-1.8333390741161413,5.8238385395246185e-71,1.1359017255785843e-69
HOXC13,372.3082034614524,-2.888348147431649,8.266791669887888e-71,1.6054037848968427e-69
LINC00989,7.189571862381372,2.111056306031474,8.347534944342202e-71,1.6175827974219922e-69
TCEAL7,80.14591920436739,2.051786649482685,9.322802524680308e-71,1.8046210194483647e-69
FOSB,3839.8025024654735,3.4144652374877977,1.0113303500820118e-70,1.9555292889947862e-69
P2RY12,59.843593065769,2.533839465046712,1.2578798129126072e-70,2.424424851010078e-69
EPN3,1543.4180761601526,-2.1710668745987385,1.304793704175145e-70,2.5121478785106007e-69
CCNE1,284.8206782081068,-2.790440717118224,1.503558304289909e-70,2.885545477238302e-69
MSRB3,1660.547370855438,1.7697550476036068,1.7974486476508695e-70,3.445878048445214e-69
CAPN11,59.57257064840322,2.363328919792372,1.8035286025680624e-70,3.4538438894857323e-69
MYOM2,75.46076712846607,2.5321362787843387,2.011040572194109e-70,3.843036424648679e-69
SSPN,1353.1416548035752,1.6419074009333643,2.0748786411905028e-70,3.956601736187288e-69
DRP2,37.99049717840755,-2.150798969815351,2.369499548688167e-70,4.5136199470977135e-69
NEURL1,460.7294763393185,-3.479920316147504,2.6284441998019904e-70,5.001569747746227e-69
COL1A1,217503.96117610912,-2.2512879342513483,3.5795907026283566e-70,6.782700693554723e-69
ATP2A1-AS1,31.12829368498037,-2.273634745770736,3.9188431893519535e-70,7.417692214106694e-69
AHNAK,64961.312748528806,1.5373719590510109,4.074474815221102e-70,7.704149218580339e-69
KCNAB1,196.34366608882047,1.7556907130870747,5.362541828810219e-70,1.0107715396656574e-68
S100A14,6841.231937156713,-2.643602848337599,6.225334205679507e-70,1.170937075332422e-68
PDE1C,220.04986565468232,2.719771717796238,6.664715546397564e-70,1.2522686467492972e-68
CREB3L1,2405.026722509764,-2.269665430658184,7.346640478714086e-70,1.3775142816096711e-68
CYSRT1,70.74983868586871,-2.351939524154333,9.547877213805936e-70,1.786518339150508e-68
SLC22A3,97.36332748399728,2.8425836393628745,1.3177208054593768e-69,2.4630398055378184e-68
ADCYAP1R1,119.0510588791234,2.5897509821856386,1.3434461571705767e-69,2.508511742379691e-68
FOXJ1,213.2028387318272,-4.489490554384038,1.5610229155957374e-69,2.9087222427258473e-68
TIGD3,32.91507871248248,-2.015326789951021,1.7716406427919675e-69,3.2943336470734783e-68
ABCB5,31.071933314466506,3.531561047872344,2.1765633587249972e-69,4.043090363246518e-68
SPARCL1,10687.333380407634,1.730063771092726,2.2580365855775308e-69,4.190093949493611e-68
CDKN2B-AS1,39.175432080132566,-2.2728024757927106,3.484005764456228e-69,6.451702728318117e-68
RXRG,20.109107625748173,3.027255181052817,3.8033226020571135e-69,7.028508833296894e-68
SYN2,137.16055744895922,2.889908591299866,3.932798517430029e-69,7.260302119008686e-68
N4BP3,1194.570956310828,-1.820963892318252,3.985076609500964e-69,7.3492512518895455e-68
MRGPRF-AS1,4.920157652233646,2.3500724905215007,4.4230909768298543e-69,8.148659598381407e-68
IL4I1,537.5968538865658,-1.6074996470195948,4.459010699092422e-69,8.206409024052762e-68
NKX3-2,37.22899323861282,-2.934651905150192,6.70361138361005e-69,1.2249450373472375e-67
TNFSF4,256.1556612738332,-1.839498320843012,7.416302483642023e-69,1.352420038277159e-67
RBP7,497.8489034035122,2.24395249296706,7.991990090383888e-69,1.4559215246888172e-67
METRN,1785.1001685647232,-2.3714868384028303,8.61841041725838e-69,1.5652708150534854e-67
SMIM10,128.3634517008253,1.5378809702549467,1.3703851600142214e-68,2.486369192244205e-67
GIMAP6,827.0576517217419,1.5744882381409413,1.5076648500483955e-68,2.732680613057415e-67
PDE11A,108.93339718620506,2.49336977019464,1.5305601284484908e-68,2.77137951007868e-67
LAMA4,4101.4160203983465,1.509867345804894,1.561075894427893e-68,2.8237848638723904e-67
DNASE1L3,62.54118789960434,2.78014995650869,1.5965407984301983e-68,2.885028004736301e-67
TRDN,37.43179519279572,4.42153734743261,1.757780104013514e-68,3.1731998175471326e-67
TMEM170B,374.372223287488,1.5746771583125805,1.8064004381448678e-68,3.257693413273518e-67
HPD,27.31531355338775,3.1230807539888885,2.1607555896523782e-68,3.892831154690992e-67
ORM1,217.2689470565622,-5.490789749004283,2.3468412526473664e-68,4.2238434741729526e-67
LEF1,887.2230528866752,-2.031124755794387,2.47385549682279e-68,4.447982268034884e-67
SMIM22,1762.4047203126634,-2.496643115397552,2.6364129176794067e-68,4.7355148543382654e-67
ILDR2,61.08071706473333,-2.2866774920166657,2.6840490132665103e-68,4.8162575494054257e-67
NAT14,684.4205261326568,-1.709134480653424,2.9372103883203873e-68,5.2652650557463575e-67
TSACC,25.84922929974807,-1.875140324053289,3.163745898838e-68,5.665694252370168e-67
CFD,1791.807623707199,3.0942210929695344,3.265750809550234e-68,5.836716387108506e-67
DNASE1L2,70.37346925320605,-2.3700248706902856,3.5942700002470782e-68,6.411091539208111e-67
CCR8,22.908378780738524,-3.257343749960244,5.366246367106959e-68,9.533853941719532e-67
SEL1L2,4.549421690409192,3.7760963932302,5.453211944028395e-68,9.678776965741397e-67
MMP10,175.6488937095737,-3.752533616382106,6.949013085775809e-68,1.2309288332789842e-66
SLC9A9,272.54494845530525,1.5820345479634046,6.974404586812089e-68,1.23420824364651e-66
VIP,5.327846928501146,2.045975981547516,7.672061621239352e-68,1.3563297904583144e-66
ADAMTS9-AS2,35.325201492901606,2.8479961991564453,8.010399674162767e-68,1.4105850024845602e-66
PLAUR,1252.0194321918984,-1.7054426665131523,8.290022606362301e-68,1.4583937808682858e-66
GINS4,440.1745602381224,-1.9879767091692409,1.4195330157942663e-67,2.4850829693085187e-66
MFAP4,2564.358625362712,2.4852193166971874,1.4698427723250484e-67,2.5681459305356057e-66
CKMT2,71.3335495987641,2.332399432495305,1.521404472255087e-67,2.6556499854226923e-66
LINC01589,3.368833216033786,2.3913001791190616,1.6535683893130604e-67,2.883540444881784e-66
CLDN11,379.36115554216775,2.4365114091837508,2.127585860614327e-67,3.7065437556178144e-66
KLHL4,35.36314240112892,2.033178417651744,2.8922560822839003e-67,5.028938288808363e-66
XPNPEP2,59.00289450606113,2.838800570797472,3.6060187252445564e-67,6.257872340985333e-66
ZCCHC24,1614.01438824021,1.5424430262476596,3.966885348477777e-67,6.87082921747927e-66
AP1M2,3498.622438922822,-1.5437859084300505,4.457147626380626e-67,7.712541659380323e-66
RAMP1,612.1466989405474,-3.0099984592226248,5.634131490595664e-67,9.730399948724598e-66
SPRY1,1623.6883661365964,1.7778623250594026,6.35775721745959e-67,1.0959038953899608e-65
CBX2,816.8007742367224,-2.6783621682903966,8.626002037270694e-67,1.4840362469490445e-65
USP44,21.68848115588216,2.2903595834805763,9.435536584190065e-67,1.6202035259971917e-65
LAMP5-AS1,23.656488494567665,-2.8588919402335247,9.858270265538476e-67,1.691174011900788e-65
ADAM19,795.4315181026568,-1.7084464721063592,1.1922283636682984e-66,2.043299499299326e-65
TACC1,3708.90399127814,1.8070247783748523,1.3726471323747392e-66,2.345788585079268e-65
HOXA5,146.27731274170552,2.379506707035918,1.4039850009665697e-66,2.3970605953705168e-65
POSTN,37833.21069081255,-2.1457797944636274,1.4074474751573722e-66,2.400687974736111e-65
SAMD4A,659.4838162534107,1.6423959982437262,1.7226166501816182e-66,2.929917836100375e-65
JAKMIP1,60.202631754470815,-2.7875897289477805,1.8850834438303024e-66,3.203213760993461e-65
EPDR1,471.6130379496883,1.829526021866899,2.0470774953985842e-66,3.471905347583384e-65
SCN9A,51.58776850538026,2.209762852683072,4.015984927155226e-66,6.798380521969186e-65
MRGPRF,236.02242192858265,2.0308850040849675,5.121849360794407e-66,8.662249286531088e-65
KLK4,118.05094163767276,-3.0613934433858057,5.225076080332454e-66,8.828508962851747e-65
CACNA2D1,523.9156532793465,1.934436001609808,5.935720689429996e-66,1.001980922400111e-64
AGPAT2,2196.787919282121,1.7292740852103337,6.640223999887656e-66,1.1187998070796624e-64
ABCB1,203.44200542606404,2.03319245755827,6.7825454189555e-66,1.1417072701476314e-64
SLC7A5,4099.351201153663,-2.5444570090119303,7.536748766921946e-66,1.2662867029367736e-64
LINC00511,204.43240791998488,-2.9435216117412457,8.293463338154142e-66,1.3921226018693914e-64
ADORA2A,612.2751214199097,-2.420206785035588,9.823424373638328e-66,1.6458592620034188e-64
SRMS,127.85038656134554,-2.3358337441322248,1.1497737018828721e-65,1.9245838905397632e-64
TGFBR3,2474.967579657259,2.469634449465385,1.1789451061164912e-65,1.9715741830525925e-64
B3GALT1,23.506746903607866,3.0716188392931345,1.2168408105479436e-65,2.033053212706918e-64
SMYD3,1148.2740467717426,-1.5053974127645957,1.6017103279035242e-65,2.6711050301023085e-64
CX3CL1,3168.734142462014,2.4141029586112825,2.9815035931569054e-65,4.949130478779603e-64
COL22A1,278.45539607550023,-3.256097536035489,3.791212818305757e-65,6.287386581486e-64
ATP1A3,130.01480330809878,-3.354305594559086,4.985544444730365e-65,8.252823756110856e-64
GOLGA8S,19.52905727523792,1.5189360683574888,5.110845145868096e-65,8.452442884558261e-64
GPR19,53.43851236133284,-2.3152375783618657,5.193024646709575e-65,8.580445143697664e-64
TYMP,3397.525611447648,-1.845830181474037,5.659032932091911e-65,9.341829524697078e-64
AKR1C1,1147.4709285102842,3.341639620047198,7.197750288924079e-65,1.1860094690950752e-63
AKR1C3,1049.1971924613656,2.416823956691553,1.1755651481008998e-64,1.935260643809408e-63
SPATA17,198.14020660213487,-1.847279700038988,1.3816980363983772e-64,2.270438604865612e-63
FGF14-AS2,53.92445514648837,2.049255414743325,1.395832128261406e-64,2.28947090580646e-63
PRRT3,569.2705471637819,-1.8734920983020544,1.4050048753964346e-64,2.3024116423848056e-63
S100A7,1240.0651943466935,-6.59689251439136,1.6579898155153954e-64,2.712030013637945e-63
APOBEC3B-AS1,93.32838802021011,-2.617494660940732,1.7221046723303583e-64,2.814339366147172e-63
TMC2,9.080769223974109,2.466914460118781,1.74109119048421e-64,2.8427789192037e-63
MAMDC2-AS1,37.27746493897718,1.93930785407846,2.1144975874562888e-64,3.4493222463014224e-63
FGF13-AS1,7.1145315042384025,2.820023607612316,3.0949838402246235e-64,5.03503082765101e-63
LRP1,16051.62157260936,1.6436484260704176,3.1136026410933874e-64,5.060732408675702e-63
EVPL,1738.783985131818,-1.6616054124680184,3.1523073080280994e-64,5.11900473622228e-63
IGFL2,51.39865208895086,-3.133473976439511,4.789581798278429e-64,7.756701785948387e-63
PTK6,670.1429995086778,-2.019783951301656,5.279566225786697e-64,8.542519058207078e-63
LRRC38,3.494996317530503,3.7321731976511066,5.63319384025784e-64,9.106489213476278e-63
CHEK1,574.3339863158344,-1.5284327750102873,6.795018505205076e-64,1.0974780563222312e-62
ADAMDEC1,303.5606753537276,-3.096019800051771,8.401213199231316e-64,1.3520302210493878e-62
TLX1,66.90963558806254,-5.962583297952343,9.390760608386917e-64,1.5085748286203655e-62
SPOCD1,172.6261114491629,-2.542507700870654,1.0842990305779924e-63,1.7387544061386499e-62
IER5L,769.8767160286407,-1.841153884467284,1.1445185113577192e-63,1.8320464021233641e-62
ITM2A,987.2247727415285,2.196115768668834,1.156731543838645e-63,1.8499457061177044e-62
DEGS2,3352.7951366411394,-2.1792143351313813,1.1839259385947025e-63,1.891751294937074e-62
WT1-AS,34.475751210866015,-4.790465545959249,1.2261465628067802e-63,1.95747098959118e-62
DCN,26203.995982327186,2.009123601366653,1.368906514228736e-63,2.1834363103395945e-62
LINC00052,87.20047994981921,-7.4539539221343665,1.5052453921878526e-63,2.3987676125593986e-62
LARP6,396.25152675579807,1.6644630637224576,1.659789246720802e-63,2.6380211021397763e-62
DDIAS,286.3366659371996,-1.694966221996898,2.5236927816563737e-63,4.00399144774907e-62
B4GALNT4,993.1535427297974,-1.917846743600432,2.950952836177857e-63,4.669479514318824e-62
COL5A1,16026.129922160071,-1.9127285118135613,3.031144047667571e-63,4.792145267960079e-62
FOS,11668.801435447316,2.582055538781585,3.3398988886253336e-63,5.270989063983552e-62
CHRNA9,45.90136700252732,-5.47174669711428,3.395463110912944e-63,5.353971007225119e-62
APOBEC3B,479.4072459800928,-2.507348262442165,3.4565594155520987e-63,5.4455225770559136e-62
IL33,618.0055025358255,2.7318167800957,3.911274885305063e-63,6.156483907185443e-62
CREB3L4,4176.30139371742,-1.6590357100788828,4.679397525761015e-63,7.359080561109172e-62
KLHL13,423.9803737888712,2.5800895653286786,5.466387172772634e-63,8.581701787246906e-62
FCGR1A,343.434433717072,-1.6436152091948475,7.234249313131237e-63,1.1327344648763258e-61
BMPR1B,6043.005999259744,-4.137931617248676,7.44580004431391e-63,1.1648425108558743e-61
HOXB13,174.62048164732758,-6.076348236726176,7.97587994021143e-63,1.244514692583947e-61
CDH23,283.0328383185643,1.902478817222244,9.567147658774542e-63,1.4902161249049511e-61
SCN11A,23.25130015876274,2.109501466685276,1.018779785838018e-62,1.585514698792489e-61
GPR34,320.7179590507589,1.7475747134839652,1.0291265956212487e-62,1.6002294308342878e-61
FBLN5,2136.9496817530426,1.835967001082668,1.2048936860586023e-62,1.871914485076672e-61
SULF1,9589.668902054264,-1.896178497768707,1.4779620352432412e-62,2.294165290692449e-61
MUC1,18593.11729842268,-2.5313119241508675,2.0621634454800856e-62,3.184463069336889e-61
CD248,1935.3857055789256,1.7120511839485144,2.500255886138107e-62,3.8576605005040575e-61
PPP2R2C,740.6167433132283,-3.447802521732472,2.5474182736323674e-62,3.927050988149416e-61
ZMYND10,465.7636836775149,-2.5265849288220656,2.9535715376469107e-62,4.545359148502244e-61
MYLK2,13.149123910898638,-2.5224027367705992,3.051819796680372e-62,4.6925325134218166e-61
EGR2,954.901772432633,2.169564101685212,3.1742220477725603e-62,4.876561680242365e-61
EMX2OS,98.51489583293336,2.264465335120081,4.166110471320956e-62,6.394926116114905e-61
TRPM3,11.088760300687923,2.765470490841393,4.577081683918673e-62,7.019756729592878e-61
SDC1,12504.704225289172,-1.8926413682940024,7.358155206499937e-62,1.121790459009642e-60
P2RY14,80.86200935784423,1.77538744306314,8.371753767045219e-62,1.2741539405925312e-60
SOCS3,2759.368731198319,1.92348362028826,8.858739063654146e-62,1.3459882621355632e-60
DUSP1,6490.389959016765,2.032662997110534,9.981549722702778e-62,1.5153039612874674e-60
KLHL30,33.620556098787,2.795631305658919,1.0447901457683612e-61,1.5847603022542245e-60
CDKN2A,655.0562689848448,-2.768085148444434,1.8390110837774208e-61,2.784743872346164e-60
TMEM92,41.55579455849512,-2.6142880205672467,2.006575664841791e-61,3.030807553023661e-60
ALDH1A2,168.08940607610796,2.491494678893473,2.293334542136917e-61,3.4610256538355634e-60
KIF1A,581.335510053348,-4.722483298020189,2.376709425429872e-61,3.5838381453708914e-60
LINC00445,1.6331321619586066,3.5006197566464228,2.464854518641397e-61,3.713631358732261e-60
PVALB,360.3347751859065,-4.969717989108263,2.646366548533465e-61,3.983758502255411e-60
RAPGEF3,690.1710803083117,1.6825663191034663,3.0324892437719764e-61,4.56118918610598e-60
ARL4A,793.9585082049038,1.5468843463579225,3.2879747989659156e-61,4.9371899408070624e-60
AKAP6,179.21627720905002,2.102517083597067,4.4415675963896856e-61,6.647163381953004e-60
ANKRD22,219.6073729026673,-2.108933960502973,5.6075917158330185e-61,8.371266701240242e-60
PPP1R14B,1906.804822302868,-1.558419372114688,5.6915505192167496e-61,8.489541356344584e-60
DPEP1,48.15046385780563,-2.425515806867131,8.980429065794107e-61,1.3328769161009881e-59
ESR2,31.181485834911427,1.7638163320560976,9.907777941274256e-61,1.4692989039522745e-59
ULBP1,58.4105938217127,-3.08556648414602,1.0449771039027324e-60,1.5483954708860969e-59
FOXO6,200.96877394395665,-1.694865461773239,1.7746181786033422e-60,2.612284544451056e-59
UNC13A,97.73657877490984,-3.4297444374676016,1.8241959240786022e-60,2.6830632509562655e-59
SIAH2,3502.965705107567,-1.6432011261090878,1.9474404896770096e-60,2.859645838524081e-59
NPW,40.138700348235325,-3.997536071531566,2.4770862083319795e-60,3.62256193335852e-59
AASS,226.4139484709371,1.7104485050599432,2.5586282995490023e-60,3.7387643491129733e-59
VIT,182.0554887047812,2.918888174556077,2.8421360765409345e-60,4.149657425341785e-59
CST5,113.46904865575314,-6.535190006183977,2.933892609469014e-60,4.280143819862765e-59
NAT1,4455.146892170424,-3.251233391559978,3.282363755054948e-60,4.780741495187175e-59
STARD10,7655.559203729706,-2.098267353612992,3.509738923866842e-60,5.107766038107594e-59
MAML2,1118.8498532616225,1.8111897943779387,3.976126155185988e-60,5.781815861317453e-59
PAK3,138.9648942646053,2.4963450916760914,4.3870534900633165e-60,6.36903623185244e-59
CXCL9,3369.111791279024,-3.134611206033735,6.59058263289729e-60,9.514192660073125e-59
CMA1,33.22288532464899,2.886531654386731,7.47452566094161e-60,1.0764276762434689e-58
CAPSL,41.71693515313825,-4.027313395630402,9.222603051864637e-60,1.3249830997810973e-58
TMEM178A,86.10640562731629,2.112648381078921,1.042196251099318e-59,1.494897644262683e-58
KCNB1,231.29132582387405,2.7726591544101056,1.0805984826030976e-59,1.5487427453538325e-58
ADAMTSL2,309.1968922822243,-1.6543252392057544,1.1489214516275238e-59,1.6453508801280357e-58
CAPS,1799.0267279821142,-2.19067422610713,1.216340284026986e-59,1.73912430729723e-58
TSHZ2,908.6309426668544,2.217319000280408,1.2447588163437113e-59,1.7783401433496466e-58
ERMN,63.84679160273169,-2.570253968562154,1.3638796779716996e-59,1.946973503701208e-58
RASSF9,140.82383525963706,2.0299403457728937,1.3705248393016466e-59,1.954904428968899e-58
BRCA2,395.5762529580886,-1.5824613210639675,1.4832668058025113e-59,2.1106851358699647e-58
GRIN2D,143.56439428607104,-2.228696053699556,2.4899176838824377e-59,3.526368028380936e-58
TJP3,1809.478412537134,-1.7154920830291982,2.832185514890583e-59,4.007944548832541e-58
PENK,63.63013259817083,3.860305678124225,2.995901902147557e-59,4.23294990016817e-58
PI16,613.6791062975369,3.728125097057423,3.014181580882164e-59,4.255426773198233e-58
IQSEC3,81.6718699670957,2.00408815210071,3.162922448061065e-59,4.461908837107528e-58
DLK2,72.20042027248927,1.6890895409975175,3.344003295630424e-59,4.7136524066608266e-58
PTPN14,2409.53520508243,1.5580330750399425,3.5150207567446666e-59,4.9508267236284374e-58
CSRNP3,151.9203148857758,2.2642751595881485,5.09844254186288e-59,7.158564395241588e-58
SCN3A,56.89060018039955,2.74159068781751,5.444200522366029e-59,7.638055838415637e-58
SIX4,788.0736559465491,-1.6179685839333238,5.73038032122459e-59,8.027005814524123e-58
ACKR3,1221.8728166601504,1.8198685012861608,5.851061142772206e-59,8.18965999578038e-58
KCNJ3,1817.9680385087247,-5.1042854986987205,7.778694054053305e-59,1.0853879168423993e-57
MBNL1-AS1,251.80115048628505,1.55637191565217,8.10742560166236e-59,1.1303779719986744e-57
IL17REL,28.94469444957435,-3.558771377965314,8.143217596346287e-59,1.1344867744474984e-57
PGM5-AS1,6.367870119239133,3.527973638580173,9.449512312831778e-59,1.3144344879182437e-57
SCN2B,51.79029825641384,2.863694610113964,1.180503906662732e-58,1.6370140727323077e-57
RASSF7,1029.6746802464038,-1.7062702865307544,1.408942879121268e-58,1.9522834766758328e-57
RIIAD1,26.96933900560555,-3.333666929584272,1.662568879436045e-58,2.2983926018952536e-57
SPDYC,78.60697977954469,-6.304168753888841,1.9714114816342254e-58,2.7211544328034263e-57
DNAAF3,191.9405082311194,-2.429943267536083,2.0376967400207732e-58,2.8104865720932173e-57
LHX6,235.7389326265585,1.7579747985103995,2.348380378798241e-58,3.236508257846055e-57
C20orf144,22.36623752519655,-2.1658210062811207,2.684289809903976e-58,3.696615222480195e-57
LRRC45,896.7493229570588,-1.5064502715075574,2.717542446808576e-58,3.739538471283212e-57
MAL2,10523.542867744874,-1.624946476947259,3.4110555805518506e-58,4.690266769151143e-57
KRT8,35334.800019316004,-1.7687573584927068,3.5298542497513925e-58,4.8499008160443326e-57
PCSK5,408.20323106163664,1.6711701993137769,4.4031494037238415e-58,6.040528509206468e-57
SCUBE3,726.6629448987914,-2.9745735470291583,6.27857883916212e-58,8.561004459720749e-57
LRRC3B,9.564504050274726,3.5684100830736227,6.378572645172012e-58,8.684150800073337e-57
RUNDC3B,73.46628564955643,1.6692822767245663,6.646786466205528e-58,9.042451580712056e-57
CREB5,314.50982988132574,1.9573852743695788,6.891355773142496e-58,9.360975624017332e-57
EEF1A2,3296.8940964526696,-3.424684814844745,8.004740883825557e-58,1.0865133919770486e-56
KISS1R,40.355707158933015,-3.923224844618123,8.635220331841037e-58,1.1712047893768373e-56
ZNF366,89.38427896626757,1.7666301856881212,1.2676145638352054e-57,1.715390326806857e-56
NMU,49.294184963805925,-3.5728263110324225,2.379157173968341e-57,3.207482819661e-56
SLC30A8,1162.2051182428957,-5.289864247413905,3.0486439793471034e-57,4.097742888794338e-56
GOLGA8H,10.230183207442762,1.5349549960872937,3.222447614273288e-57,4.3281137717455e-56
TTC16,42.81696328484864,-1.7299445582571829,3.3605675389638584e-57,4.5102486102593475e-56
ANKRD29,228.36589291370456,2.1867217548287643,3.407198275119164e-57,4.569414487947554e-56
SAA2-SAA4,1589.228201842829,3.4218038304822835,5.31676830743124e-57,7.072208340144267e-56
HPN-AS1,72.69505331085934,-2.084294394995407,7.330642629966571e-57,9.736569308076991e-56
LINGO1,769.7215278646515,-2.436191117423813,1.2934374084679348e-56,1.707832292682018e-55
SLC39A4,778.1521506416137,-1.9341299016333104,1.7716782918349194e-56,2.330718128202771e-55
RHOXF1-AS1,63.46508189570146,3.1024947099188043,1.9177118096297589e-56,2.5191376802339967e-55
PELI2,342.2276395291668,1.6609111222102355,2.053587630611152e-56,2.6936824885735738e-55
NXNL1,2.7635512740651587,3.1116668307558144,2.32743348770004e-56,3.0506549673695767e-55
SYT5,40.16806511464783,-4.194646313994269,2.8831849081404535e-56,3.765347160965961e-55
HMGA1,4333.571517164584,-1.5490536066758536,3.1786309567421196e-56,4.1481711918385875e-55
OASL,663.7480338978875,-2.3436032257022155,3.2115923637756865e-56,4.1881405069470135e-55
IGFL3,13.645545530741066,-5.0556322264499,3.3058359208615545e-56,4.3079099320217675e-55
CIB3,18.37975661539444,-3.10761020371664,4.2169639742167215e-56,5.483275474880062e-55
ZNF670-ZNF695,62.25402781611,-1.986774330428685,4.38088857942557e-56,5.6923001208698345e-55
ASCL1,127.49495716127048,-6.250055629897019,5.469420835456982e-56,7.096405457081711e-55
TDRD10,32.1805585033776,1.9816922051073544,5.5429073339950395e-56,7.186555578121894e-55
NMB,220.94700391556032,1.9048407003754408,8.698737572790656e-56,1.1221434004755967e-54
PTGIS,1073.6897933246337,2.002394028592478,8.739790989157891e-56,1.1266293786598363e-54
AVPR1A,261.49411489488745,1.667737275759924,8.936806977975241e-56,1.151199313803214e-54
CCDC141,26.583672693912963,2.4555938986762627,1.2017928460775427e-55,1.544768684098526e-54
XIRP1,64.03616734228743,-3.130155715813752,1.2074022459153038e-55,1.5508679957554908e-54
LRFN2,29.79815596413475,-2.7752161395267434,1.2277327692905626e-55,1.575853849223881e-54
DSC1,25.903375220571267,2.621824797271027,1.3183880596788755e-55,1.6897968102055526e-54
CAPN9,259.6836311125153,-2.7562565036245217,1.4763382191559548e-55,1.8908931480752643e-54
AMZ1,143.89733392124367,-2.7091678912267128,1.6978194190177386e-55,2.169919633536632e-54
KCNH1,227.80124963700464,-2.945325189119965,1.7355969290970017e-55,2.216622868022533e-54
NELL2,1556.9463128726748,-3.160554790070349,1.8441489415664404e-55,2.351912480985658e-54
LRRC73,92.83464384563638,-2.0757299026815828,2.4306966902910223e-55,3.084612546717262e-54
SRL,34.77545678492994,1.8165219959159928,3.5946712700355705e-55,4.5360605674766725e-54
MEOX1,270.9195040004502,2.6102277960162943,3.668608224797577e-55,4.6261072372289324e-54
SYNGR4,8.974357189491526,-3.0252992495546303,4.341125035525132e-55,5.47030531161959e-54
FILIP1,243.4549431480208,1.6035044396989324,4.4505166254951566e-55,5.604215461605973e-54
ARMC3,84.26383290474227,-2.881750070775164,4.7240121057689175e-55,5.94443711261693e-54
SMKR1,111.68201993619078,-1.95987692452183,5.3967629799437966e-55,6.786230897835422e-54
RDH16,106.67057467683809,-2.6755572332486577,5.5526250849241085e-55,6.972449581796938e-54
CHL1-AS1,6.820651975366063,2.891621571040222,6.2652787518964425e-55,7.856335564222906e-54
GLP2R,20.643065251464588,3.367338453557178,6.711642232650426e-55,8.392592907503781e-54
VLDLR,962.159069818738,1.767995698751991,6.896924549781968e-55,8.612276556804988e-54
PTENP1-AS,1.4939458858508816,2.864406521178516,7.45858890870163e-55,9.300689324374011e-54
PYDC1,189.4431763016592,-4.741814421812256,9.722048466254991e-55,1.2089566020684655e-53
PCSK1,319.80676018802114,-4.185225126999084,1.2124981765398041e-54,1.5046381244695884e-53
ROBO3,162.32589703057093,1.726812562229045,1.600033980643117e-54,1.980069637838627e-53
RASL10A,38.56520499972249,1.9240537801904487,1.613391223651893e-54,1.9952234401936302e-53
PAX7,68.13539793114,-7.000454276799443,1.868149369060209e-54,2.30709375625715e-53
IGF1,1100.9904765913225,2.2674959932320413,1.9361119356734806e-54,2.3893805071337653e-53
SCX,42.98493348146049,-2.5587035373918456,2.333666641958991e-54,2.8760518010516583e-53
C9orf163,32.39529821910891,-1.5390648091741932,2.6035132567476157e-54,3.2042141206501517e-53
RET,2146.8263354488813,-2.8947570355873125,3.102393511088121e-54,3.8155825334451846e-53
SORD,2570.780307664648,-1.730699377335169,3.1738913181347544e-54,3.898172882451063e-53
LINC01352,6.6421287034388845,1.778193455658432,3.310801214852884e-54,4.063544254399463e-53
CRYAB,4231.182761271028,2.867063545007748,3.602785908312179e-54,4.415873657018698e-53
CRABP2,17255.325320097647,-2.115580690682368,4.8271752549143037e-54,5.904487578335536e-53
LRRC46,188.98854928691668,-1.9951391722336769,5.753229021620724e-54,7.0228531676164825e-53
SOD3,830.2864018510643,2.3356898284002723,8.745435340928545e-54,1.0653638272750973e-52
CSMD2,123.1032009787608,-2.1614816541787563,8.77112484734851e-54,1.0677684142525217e-52
SPEF1,89.28463779162988,-2.444990777136171,9.251639048129231e-54,1.1255010920652944e-52
RBPMS2,150.7674124320591,1.6960001133070863,1.3871465863673039e-53,1.6818215098496553e-52
LDB3,63.86323323750221,1.6474255681077936,1.4372271763496821e-53,1.7401892343062545e-52
KRT19,48205.98325938688,-1.904362508314832,1.4745952210523251e-53,1.783028075913943e-52
HPSE2,60.85215618358039,3.197372371800827,1.806556918701682e-53,2.181484343821197e-52
RBBP8NL,276.7377105623309,-1.5814587756937784,1.9218526064931154e-53,2.319147489637691e-52
MAFTRR,9.261921798569835,1.965340047160068,2.110167025300067e-53,2.542970926929779e-52
CCDC80,9132.01808111226,1.866251952501695,2.851186274580054e-53,3.424477008772724e-52
CPNE7,283.58131178560006,-2.5328150459680567,2.989131330446258e-53,3.587757364115563e-52
PCDH18,1033.4203259699098,1.752743678657121,3.124814186428225e-53,3.748106000084765e-52
SMIM10L2A,151.3457834204917,2.141445138440996,3.212395968600888e-53,3.850583384139904e-52
ORM2,168.453184471903,-4.473318148872824,4.359575036389392e-53,5.215214296864751e-52
SAA2,2014.004716885904,3.3307515546373647,4.487560452420332e-53,5.364742488889436e-52
KCNA2,42.66972300069077,2.822266860602047,5.216310225306508e-53,6.227642760006653e-52
FAP,1872.450005706544,-1.638452208805414,5.8047395687088805e-53,6.91176156741288e-52
PYCARD,1538.5437689986363,-1.9089069121768136,6.7247523050803495e-53,7.980751016029218e-52
TSPAN13,10024.626994659622,-1.566263750508567,7.2471797063120535e-53,8.59506891276031e-52
PPP1R14A,157.40296687055042,2.2990852149654084,7.755375875672221e-53,9.185641235185632e-52
C1QTNF1,1213.0913288583138,1.6818584910613057,8.850454103891472e-53,1.0475761770463626e-51
KCNK15,767.7710145096801,-2.5961200637382005,9.863144709441708e-53,1.1666728323416085e-51
MEOX2,260.54644596024934,2.473528466946706,1.0009977888128201e-52,1.1832611543120714e-51
MUSTN1,82.2541004736,1.9165610897591256,1.269158370856363e-52,1.496306031974151e-51
HSD11B1,158.88812670823182,2.484556971987467,1.7937150707420272e-52,2.1078207746820522e-51
KCNF1,276.5764274551751,-3.3919416883980027,2.1021273127169512e-52,2.4637865773607428e-51
PRR7,115.15713699801384,-1.9319584374110776,2.1350934226450864e-52,2.4991595809486912e-51
FAM107A,495.5601524760411,2.681151494080169,2.6264212920888946e-52,3.0682619573725983e-51
JPH2,264.7365938658796,2.3805928347667886,2.869975029766059e-52,3.3506071525128274e-51
DMBX1,21.936264167190657,-3.151514945447159,3.083990592835464e-52,3.595784743199452e-51
LINC00891,19.19247063442396,1.6889878060515808,3.2388174870997164e-52,3.7714043470809424e-51
ACTA2,14188.234941837603,1.56663032513068,4.379316414178498e-52,5.0961383745797e-51
PKDCC,403.0112402165879,2.016490028104188,5.2774049695554004e-52,6.137249175223728e-51
COL5A2,17114.17626555829,-1.7541025024629195,5.397780683584654e-52,6.273172058694496e-51
VSTM2A,681.4970839872782,-6.24659759203181,5.669952794544001e-52,6.585218960860686e-51
MMP9,3359.823803506935,-2.543208838100478,6.1592691912383414e-52,7.139659326071112e-51
EXOSC4,910.3034552546654,-1.5066599683315218,6.9688644609216e-52,8.067697024953367e-51
INSM1,131.22415357791704,-4.412376728403765,7.960193827263195e-52,9.19753496692922e-51
OTX1,128.47606533784955,-2.5018305369723497,9.49412879427852e-52,1.0941724282885918e-50
CFAP47,37.95006952075728,-3.2908016673085365,1.0028609791534657e-51,1.155028075091771e-50
GPR84,64.30814197217444,-1.8995621877316835,1.0061874011531794e-51,1.1581158900765014e-50
SLC6A4,452.4968668992077,-3.980279713892363,1.2830100783596392e-51,1.4757905670567544e-50
ZNF467,725.0607245366695,-1.5029648752797986,1.4641623970651042e-51,1.682005765232793e-50
FOXD4L1,11.608366613038186,-1.9905074916696763,2.131538977622676e-51,2.4393071055141133e-50
CCDC152,8387.489114812033,1.553697180572123,2.197677819723512e-51,2.513392657560146e-50
RASL11B,267.2210168494724,-1.782640120297675,2.5422087242561014e-51,2.901869805855692e-50
ENTHD1,11.67053654728686,-2.8992145576890898,3.1734767933663635e-51,3.610961799630059e-50
WSCD1,94.3813867459415,1.7773821880989389,3.22351780024264e-51,3.6655768952822513e-50
MB,890.3150253539021,-1.8910558304705352,3.8258161451966935e-51,4.339471865322975e-50
MYBL1,613.0443378769452,-2.129230671474527,3.859925581693208e-51,4.375395112943963e-50
ELAVL2,118.87613669594631,-2.7014283824592336,3.912454978847461e-51,4.432139655330735e-50
TNNI3,53.42651445466621,-3.878213880616816,4.390595074908479e-51,4.964388029247495e-50
CXCR2,20.94810139307883,1.9524280880546847,4.4412394889352734e-51,5.018488752484543e-50
PRR15,1180.462523816701,-2.3398866292915743,4.450382657001204e-51,5.025655531606646e-50
TEX19,9.50934120103634,-4.221691646406344,4.947394827126121e-51,5.576385224745673e-50
ETV7,216.06856282597377,-1.9986158785725896,5.665999228236453e-51,6.370343994453315e-50
TPPP2,12.255110874904894,2.2565719884921047,7.845913278449551e-51,8.782724134029866e-50
ADH4,9.060412025357632,3.69829840987964,9.491166189745705e-51,1.059138595203961e-49
MEIKIN,8.292952231408119,-2.4686607464999533,9.925754883541892e-51,1.1062592896290417e-49
MEX3A,1671.7366418003598,-2.070122533011721,1.0316994188745024e-50,1.1484376161466543e-49
TUBA3D,212.59706000125183,-3.364786193202687,1.0973813857404874e-50,1.2185279446613431e-49
TMTC1,1262.9222558427116,2.174947939740432,1.108237357482121e-50,1.22982134462951e-49
PLPPR5,10.15825229782341,-3.412499705570535,1.301417336241972e-50,1.440631257342748e-49
C1QTNF7,122.63937687820786,2.4700419579767137,1.3349927190958062e-50,1.4768871363412543e-49
PYCARD-AS1,391.9260995192447,-2.079682645871212,1.5990735850863152e-50,1.7636002710994982e-49
ANXA9,1227.6909739187563,-1.994870200018274,1.688526561094982e-50,1.861113059722872e-49
SPP1,8727.647119958732,-2.310995130920506,1.843619816658504e-50,2.0308111718919703e-49
TICRR,362.1421946880915,-1.6305737201335584,1.8764947623099574e-50,2.0657559518337347e-49
LINC01625,3.742540123844347,2.936390162185797,1.9254684361525106e-50,2.1183694431833626e-49
TMEM238,155.98731298180698,-1.9377558424922288,2.031736048544317e-50,2.233913704355345e-49
EDN2,231.0686858517786,-2.516918278084112,2.334681409406036e-50,2.562294997576876e-49
TGFBR3L,21.686084341518388,-2.888628643532273,2.404543150054004e-50,2.6373546628709683e-49
MFAP5,2085.027193143992,2.0022367604480427,2.4698193533471456e-50,2.7072961806023933e-49
RYR3,109.30307098096918,2.0527917090619137,2.593987482974132e-50,2.839933581115792e-49
HPN,1433.290611437835,-2.210674568327373,2.705149176214513e-50,2.95982907426788e-49
KCNJ10,42.52043658128495,-2.360506502415528,2.8053419166550137e-50,3.0657159167148328e-49
HOXC10,1287.591767093282,-2.475214719241962,3.2602408845171888e-50,3.556338141749327e-49
MIR100HG,498.8310234032824,1.5962807405293893,3.279327269150444e-50,3.574984721606049e-49
SLC22A12,2.9344606880090423,5.062177840230729,3.616443094137921e-50,3.9401004785191775e-49
GDF10,100.306695929449,3.117859392784311,3.936342752072831e-50,4.286027569368621e-49
ATF3,1861.446954634417,2.088256952949497,4.053726455638806e-50,4.41116237234583e-49
C19orf33,829.2472798956122,-2.737697604742846,4.547610976530265e-50,4.939608436008418e-49
BMP3,33.09631913188827,3.967888418434291,5.109565406868735e-50,5.5466449885573245e-49
GABRQ,45.34388218523579,-4.286696942176834,5.225115758522665e-50,5.668650373091336e-49
LRRC56,304.88391797958457,-1.6680289202163654,5.381782175492642e-50,5.828044620219672e-49
KRT18,21369.191768793,-1.6322879844821516,7.219239344991597e-50,7.789659098408252e-49
CLDN19,46.62548897745629,3.516117355214429,7.758769945559968e-50,8.366788936486062e-49
SAMD11,760.9551911501131,-1.580900292334189,9.2526901178156e-50,9.97178807652151e-49
VCAN-AS1,1192.8983299188494,-1.6130099262438526,9.474754483020706e-50,1.0204981659263119e-48
BOP1,2084.0637383923136,-1.534452332342279,9.582921365092274e-50,1.031529339983298e-48
PTH1R,93.41730372074068,2.1159308048062986,1.331131106456408e-49,1.4277236446057254e-48
FOXD2,85.48825114386531,-1.8322283484467576,1.4788218285138191e-49,1.583292296590213e-48
EFEMP1,4307.64832221102,1.9504222207529256,1.5747045788982898e-49,1.6839391515942144e-48
CCDC85A,145.8401357440679,2.08223022050791,1.7360157633590197e-49,1.8542301701020388e-48
DNAJC1,2956.576702897488,-1.5048818165999809,2.0063891213424178e-49,2.139194675779462e-48
VLDLR-AS1,122.6240522357449,1.8705154579982968,2.3702974492236235e-49,2.5211984249477592e-48
RTN4RL2,226.3827577696727,-1.5076289744482692,2.5666022554173565e-49,2.7219332666199198e-48
ACKR4,115.03339919326052,1.563605973747414,2.791285803081076e-49,2.954975365810432e-48
ABI3BP,1135.8719879220862,2.13192821669537,3.411770101231264e-49,3.6075900233643955e-48
GBP5,939.687700289537,-2.5210613557224493,3.4767992076543896e-49,3.674186394708503e-48
MANEAL,818.1593015776274,-1.557222701963767,4.010509657759226e-49,4.2307222397902144e-48
CLGN,639.5260883134486,-2.6107254975102983,4.818236839988469e-49,5.076831582898009e-48
PRAME,970.6786426763008,-4.6067460433958,5.1984270299872535e-49,5.4677945267345415e-48
RHBG,37.31295175384604,-2.6742796581795023,5.7416595985233546e-49,6.032104205849128e-48
LHCGR,7.894391235084258,4.281338866644768,6.4909603418434376e-49,6.815318453717882e-48
UMODL1,47.47887113611154,-2.752784173649998,6.745521512564001e-49,7.078458363827394e-48
ASCL2,149.69251886461248,-2.4840940503304907,7.291571721552764e-49,7.633603440580091e-48
PHYHIP,74.58402305939389,2.1330297377563463,8.600955639111692e-49,8.972996976059313e-48
DIO1,397.7140572652192,-3.525065415881933,1.0110000671427736e-48,1.0522845246409471e-47
FOLR2,421.1708613949976,1.9405795185760424,1.044166715028373e-48,1.085546207095546e-47
ANGPTL7,46.20258818315737,4.003875643467409,1.0494042270489944e-48,1.0903595512546119e-47
EMX1,88.70191268124456,-3.508223457943081,1.1957847021852608e-48,1.241733836574787e-47
PAPPA2,43.51175585625655,2.513094779492772,1.5998627046667747e-48,1.655590332903149e-47
ZNF296,202.4158402617036,-1.5985498257160735,1.722897005953815e-48,1.7818826440827235e-47
KLHL35,250.9105703868078,-1.877763339516048,1.8597267865111567e-48,1.9211823521678864e-47
ADORA2A-AS1,81.54427315645542,-2.106715681253818,2.2590801184966392e-48,2.329708830247339e-47
ARNT2,2292.494218107146,-2.0411688186023267,2.709652717161641e-48,2.786361510415385e-47
LINC01224,41.44820091371002,-3.7305339135913695,3.386898059187686e-48,3.4748141094376124e-47
FCRLB,172.83836734052608,-2.927912340881764,3.559397906689692e-48,3.6476205618298013e-47
FAXDC2,1111.9329658335362,1.9268710814952668,3.579219609243724e-48,3.66374881165256e-47
PMAIP1,587.0228503367942,-1.773523622349698,3.877792748169152e-48,3.964849747757679e-47
BIN1,798.4609561762212,1.6194071921877706,4.056733150136818e-48,4.1430859218016543e-47
KCNG3,18.20571635875825,-2.8179871426522807,4.617515578061812e-48,4.713122840315197e-47
CDH11,4717.007861049061,-1.5781249875715109,4.702823906816061e-48,4.797468572137999e-47
HHIPL2,93.14023044939184,-3.085574487749956,4.7183120572609096e-48,4.810533611107373e-47
IGF2BP1,16.27961202524158,-3.439434890014045,5.511964008534439e-48,5.600604879339862e-47
ADAMTSL4,568.3964389391676,1.7486034788485243,5.78666960391197e-48,5.873076887590292e-47
IL6,148.67926466348487,2.7798995071073103,5.845583209807955e-48,5.929516400044881e-47
SLC7A11,336.2868382692332,-2.1891011588475595,5.939377647643432e-48,6.02125381408552e-47
MNX1,55.546840563681535,-3.241456126940002,6.478144036541534e-48,6.560034796371404e-47
PCAT6,183.0094361521996,-1.6247539676188378,6.933977607875932e-48,7.00976305328032e-47
FFAR3,7.613313628399535,2.167766700149345,7.53935950592179e-48,7.608901404626581e-47
IGFALS,139.15254987598396,-2.876369956880525,7.998970000348578e-48,8.063680768890725e-47
IGHG3,17174.211130754884,-3.2371640377638027,8.73171679112946e-48,8.782619176010485e-47
SCN3B,60.43761517306295,2.197163892064612,8.759375142733566e-48,8.805502944605664e-47
NTRK2,3350.5821247238155,2.617911901691829,9.004434821185605e-48,9.041722352062369e-47
DNMT3B,298.8703720707198,-1.5256894562860124,1.091879728012556e-47,1.0951755080747515e-46
EPHB1,196.4902368963279,2.2339502413203465,1.2826733747701258e-47,1.283674904454832e-46
HOXC12,183.2699655674641,-4.08370114675518,1.3517547990051867e-47,1.351302958960951e-46
OVCH2,13.266658365476902,3.225052577880798,1.5353724713734222e-47,1.53229831069659e-46
TINCR,569.5493710416547,-2.54400222687954,1.6258743743408128e-47,1.6199161450955884e-46
PODXL2,1578.468887143346,-1.690715916896797,2.0689847817915249e-47,2.0522865077096263e-46
REM2,54.447331758650776,-1.808174989020114,2.10067969324838e-47,2.0825743876049133e-46
FGD3,1900.502578156328,-2.0423880991654246,2.241772896454383e-47,2.2212243431240998e-46
AMH,70.38590050998059,-2.694248796216577,2.317763238949273e-47,2.295250748328132e-46
CLPSL1,62.510810878170496,-2.9286932220027406,2.8917634992873837e-47,2.8605184250944224e-46
TMEM215,13.240655078842806,-3.763129637031052,3.9542559431465404e-47,3.898635639770413e-46
AOX1,541.351776561868,2.294551434053379,4.1219931602831647e-47,4.0617817280681556e-46
PDZRN3-AS1,21.322801690156872,1.812594766763196,4.1463819766195782e-47,4.083571799586264e-46
HS3ST3A1,51.29239609572601,-1.7792090107950524,4.726295442859676e-47,4.649596788743095e-46
SLC10A6,25.566820684880284,1.916612587114941,5.436008370386554e-47,5.3390111766949285e-46
SOBP,183.6076407480767,1.5891663127075937,5.8867099475862775e-47,5.7753484581458806e-46
COMTD1,323.5909013643653,-1.717428829798624,6.650182389939681e-47,6.503044839513767e-46
LINC00640,5.950072321956658,2.294194539079099,7.803792732608724e-47,7.618675560061533e-46
CLIP4,699.5724457219527,1.7049037161187073,1.0371078984598255e-46,1.0086647224912256e-45
PPP1R16B,484.0792059951015,1.811698081152897,1.116315713613648e-46,1.0845245893385653e-45
FABP6,31.905611109689623,-4.407741714147999,1.2833488731706044e-46,1.2454522542008289e-45
MAPK10,335.70973416181994,2.0158956915209947,1.3256533343773032e-46,1.2858120774089909e-45
PPM1J,428.053093123534,-1.797683096404321,1.3839546432605362e-46,1.3416359869620241e-45
IGSF10,494.6826247104273,2.286647026553794,1.497581327344422e-46,1.449439014987503e-45
CELF3,18.880571621091388,-4.309674672962275,1.5407617034631376e-46,1.4896243538223352e-45
GBX2,6.131770812741129,-4.465510066104794,1.58745087555068e-46,1.5339374534669574e-45
ENTPD8,130.56325856381085,-2.5974594155200976,1.6074265621681684e-46,1.5524037799540158e-45
ACADL,70.86053372159475,3.3506217673629832,1.6222515619754026e-46,1.5658785383586134e-45
TP63,728.8155875737755,2.5710449995118663,1.669712304744985e-46,1.6108235266851622e-45
MS4A15,123.0868673220849,-3.799548483672441,1.7976104946025797e-46,1.731418288521132e-45
IL19,15.456481723909434,-4.440449674366457,2.004289251391546e-46,1.9294509832065404e-45
MMP27,9.882612527906073,2.629380750636124,2.181006640802077e-46,2.0984441374022774e-45
CD177,133.52253881356913,-3.65199638282241,2.559739161697506e-46,2.4602013667648656e-45
EFNA3,810.3585306953701,-1.8021198172445945,2.740216917254513e-46,2.630842823071963e-45
LRFN1,240.77108678688225,-1.5676592013940898,2.9409719808253794e-46,2.820960596938815e-45
SCN5A,24.149577486475984,2.216413780948282,4.329816780942378e-46,4.1348713314119225e-45
RCAN1,2606.8452731055354,1.724987561931729,5.018469813381525e-46,4.782337882704093e-45
APLP1,446.13503498078063,-2.5030090913561414,5.4052202818464165e-46,5.1481567270409813e-45
GPAT3,186.92629989489728,1.769172976609812,5.6074548842175375e-46,5.3351097795545865e-45
MIEN1,3469.8769170142527,-2.02898014968551,6.4658071352791675e-46,6.138753610341236e-45
RIMS4,1204.7909939860328,-3.066321888191926,7.973924772076748e-46,7.558589863187806e-45
ZBTB16,207.997438947024,2.9497248739017907,1.1004501897346217e-45,1.0392883265577921e-44
HID1,5152.144473286362,-1.5454651123572003,1.1108618051604265e-45,1.0485693967279689e-44
PRELP,2583.5871460728804,2.080588553182212,1.1894495217148497e-45,1.1215702689254473e-44
CCDC87,67.30862658635948,-1.610650060172481,1.2113096457833993e-45,1.1415829981059516e-44
RAB31,6408.877552152829,-1.5444419375071925,1.2510222892914466e-45,1.1777725057211814e-44
ACTA2-AS1,5907.61901894617,1.5001037147065115,1.6115727922736568e-45,1.5100815762171537e-44
AKR1C2,1209.7249487715785,3.137614973074584,1.6827693664200924e-45,1.575149374597921e-44
CADPS,30.49885073645888,-2.226412983839269,2.145914595497412e-45,2.0044920094536994e-44
LINC01605,36.54038797092955,-2.011852581928572,2.2131836968421322e-45,2.066252250579356e-44
GPC3,1321.8619666771012,2.523115493973576,2.2588653213077236e-45,2.107804437105865e-44
VGLL3,672.3533631368938,1.7368897387633495,2.2826114521778105e-45,2.1288555040477458e-44
FBXO40,1.7392945125727737,3.173300041769144,2.447581070426682e-45,2.2803424053861053e-44
CYP26B1,268.9257262830218,2.0241556875767204,3.3671362789284585e-45,3.122475110547403e-44
BMP2,111.86509841649472,2.151985898887119,4.0024679794349307e-45,3.696360546730849e-44
MRGPRX2,1.6853851650698817,3.590431559368385,4.825181179743277e-45,4.4447151483220417e-44
MYOCD,40.62962360494856,2.3114859724537773,5.069986756385401e-45,4.667821567808088e-44
PRSS8,7272.8749088353,-1.5092602191970423,5.82028697069776e-45,5.344894032865947e-44
LINC01117,27.676060766857344,-2.176597998390257,5.974825623407822e-45,5.481199948181493e-44
SIM2,301.53543606306687,-2.293374130529326,6.498223357449407e-45,5.955266594794288e-44
CST6,131.9590393970464,-2.6228782745065304,7.009072262624316e-45,6.413604930164749e-44
GRIA4,83.48123370867268,3.2861015555091324,8.09960815211107e-45,7.396405530864176e-44
F7,257.56596274532484,-2.7927614618998327,8.642693097290233e-45,7.880309193992678e-44
TMEM151A,14.873877839789854,-3.841524141914999,9.36885408772536e-45,8.533742017773799e-44
FGF7,448.97833658453175,1.665505396110631,9.962686181150742e-45,9.07003758673612e-44
MT1M,83.35895837569379,2.16891572596466,1.1615575041266636e-44,1.0558757778140248e-43
PARD6B,1875.2042356318464,-2.1622870699711907,1.2087071982326817e-44,1.098179340004417e-43
MORN3,121.1603571149422,-1.6319896393478155,1.2101572943167197e-44,1.098940409373442e-43
TUBB8,21.756452215480003,-1.880157604028025,1.2582913699360762e-44,1.1420728549384396e-43
NWD2,19.504461667226508,3.5613875954579832,1.3027760683838004e-44,1.1818510501051021e-43
CRIP1,9930.081913816144,-2.135912732870105,1.5204704753464206e-44,1.3779455661422305e-43
CNTNAP3,106.3309304158118,2.338179645861508,1.8701677652040548e-44,1.691446087642216e-43
TFPI,914.45007236306,1.7492033773035087,2.067281324745679e-44,1.8687806595081346e-43
NOTUM,28.17703169121326,-2.7207986862419653,2.268781948111138e-44,2.0488688111175777e-43
SOX11,564.7085642004384,-3.120904276592703,2.503499940883053e-44,2.256293467564314e-43
XG,187.93515217177784,1.7638179269766183,2.555804228250563e-44,2.3022766602273145e-43
CHST6,116.15795761750974,-2.244567636980296,2.935591974520427e-44,2.639091302144015e-43
LINC01586,0.9256711463094288,3.3171172942888374,3.1278663867133253e-44,2.8105375284518735e-43
FBXL16,1091.928161589076,-1.9867350356607103,3.2648882652968483e-44,2.932189941565897e-43
SNHG25,27.30906201707795,-2.292398514112872,3.791103589941414e-44,3.401378140895437e-43
TAS1R3,83.01905027554142,-2.0876467905036864,4.69326494222343e-44,4.202392521120621e-43
RGS2,1449.2324500609343,1.984356699017012,4.817927417013995e-44,4.311864816503697e-43
LRP8,491.2910809033739,-1.6265401083732411,5.716485936754007e-44,5.103314609408652e-43
MEST,1910.8105170117503,1.638053964933649,6.822304078173889e-44,6.081441846932552e-43
HBG2,5.107793287680918,2.2533734513943315,8.138745171059893e-44,7.233365198093052e-43
HOXA2,25.734769756077178,2.101255693400461,8.525466213792995e-44,7.562084317365374e-43
TCL1B,17.552874214598464,-5.716774439985365,8.744948512954913e-44,7.752932614449751e-43
GPR141,41.736089001571735,-1.985146846653576,9.316723734510789e-44,8.251692531691094e-43
HMCN2,166.6383013468406,2.1403074390048964,1.0835292906986004e-43,9.582478852782497e-43
KLF2,1189.4611678897013,1.5124805396195282,1.3174680663566741e-43,1.163990496440382e-42
SMCR2,6.21724742633774,-2.6957601458213274,1.3823251959340558e-43,1.2206911080630265e-42
TP53AIP1,34.69050854106739,2.2878869434186493,1.390847346101082e-43,1.227612630518338e-42
TACR1,169.0634958899571,2.4442699505089625,1.6382757135964697e-43,1.4417469055799438e-42
SPAG4,173.38033955585036,-1.6061637852879351,1.7045065333417792e-43,1.499297315406122e-42
CLDN9,44.68023363102308,-2.441344482380839,1.7429628833816089e-43,1.5316222320959638e-42
COL17A1,2014.7189002035689,2.8529706828409163,1.7644222765461162e-43,1.5497206720677193e-42
SSTR1,25.35845332540617,2.362765184537507,1.814533600384228e-43,1.5929545462472886e-42
NPNT,6227.861015597793,-1.9435382734832705,2.2755019742682786e-43,1.992757805088823e-42
CATSPER1,16.415980096356318,-1.6456149405878135,2.4036142236824183e-43,2.103924567305235e-42
CFAP99,48.872177728275695,-2.1682257436520374,2.6443811834594825e-43,2.31241598226106e-42
CCL28,1311.378390124733,2.4596175451568683,2.696952405232004e-43,2.357238867972873e-42
CXADRP3,76.14906049747896,-3.679625196843658,3.588381250163854e-43,3.1257239394631164e-42
KLHL38,57.04243841217936,-2.0746281440818364,3.617966883997805e-43,3.149965927533072e-42
ONECUT2,130.96293407311603,-3.3790274649420016,3.88103685643345e-43,3.3773678638138614e-42
RGS4,467.5944362378486,-1.94068549841532,4.022335218151084e-43,3.4969371683383254e-42
KCNE4,2420.925830811382,-2.5407862427340966,4.327896495219716e-43,3.758943596816195e-42
C6,117.2491122162456,3.159567050025352,4.91542256357096e-43,4.260982728537068e-42
TYRP1,44.96338604850948,-3.4803397778232865,5.8151655328753195e-43,5.023944647179331e-42
CCL23,9.011275305755024,2.022759949152732,5.9517326738991214e-43,5.13945577961722e-42
HOXA3,130.2566276557334,1.8122519008238656,6.5086803543220506e-43,5.614988474901677e-42
ADGRB2,1090.5852004056126,-1.9701395942592632,6.66610187164311e-43,5.748031330358672e-42
NKX6-1,62.89921864145164,-2.62890062813072,6.814744296683399e-43,5.873380002866807e-42
ADGRF4,27.81161663788819,-3.4148934918983773,6.875095260861189e-43,5.919707742845162e-42
COL24A1,107.21107349832616,-1.5432275125434542,7.183235227861358e-43,6.17317878011227e-42
SYNE1-AS1,7.69054387226256,1.8817860968528848,7.481018767303824e-43,6.422937835430613e-42
RCOR2,185.5401749725204,-2.2203368671837898,7.553019933516214e-43,6.481654217456478e-42
DACT2,31.662963186845747,2.962117329810657,8.671863700322978e-43,7.434683336769971e-42
KCNJ6,36.57349253497699,-3.0659977210311875,9.620188270765584e-43,8.239840493108239e-42
FGFR3,1037.0110790559152,-2.3235887875342907,1.1119104305573073e-42,9.496487751508956e-42
TINAGL1,1522.6131585366388,1.6434762491625483,1.7912826541186224e-42,1.5219117398439655e-41
SERTM1,4.888866627783358,3.6739042251071137,1.8441087717181736e-42,1.5653116272332502e-41
OPRD1,114.27572901644233,-2.717711861484207,1.8723518891837106e-42,1.5885334420573287e-41
MSLN,558.36351693349,-4.077729139440954,1.894361371261515e-42,1.6064470910168535e-41
RGS6,54.91821304724022,2.315736007705441,1.9716650968422533e-42,1.6672741987623654e-41
IL20,157.41557042131376,-3.4074578467397307,2.3938389329111258e-42,2.0147770080749176e-41
SCARNA2,59.04692255162619,-3.816295166050895,2.5995812173811362e-42,2.1858896609506607e-41
CDH2,323.91637448861525,-2.37011589060721,2.715410265160935e-42,2.2822164776603194e-41
RNF224,15.84500912535738,-2.094796564180059,2.8706104350766286e-42,2.41152779246325e-41
DLGAP2,9.786712846253709,2.008089562860732,3.0944858311282186e-42,2.5923181024166553e-41
CACNG1,57.45948385715657,-2.9067186990552853,3.159994602879245e-42,2.645960949793054e-41
CCDC8,629.5538761912013,1.7520006910132468,3.6892583556392416e-42,3.0833745660731507e-41
HOXB9,71.05230576905507,-2.335148410091882,3.775019976566032e-42,3.1535827960661487e-41
SMCO2,8.881004991403733,-2.036268926120965,4.284236073006674e-42,3.5739810364496395e-41
RELN,188.4605491224431,2.732055860934548,4.4356853649961896e-42,3.698603075719871e-41
TMEM190,9.95227053193226,-2.640077286859028,6.244575329086809e-42,5.197247667213993e-41
RSPH1,263.76075203101857,-1.8062439423703875,6.998345745827255e-42,5.813810928848346e-41
FSIP1,616.6861638302194,-2.61245746346625,7.093074692983108e-42,5.887055147589677e-41
BIK,433.7748749929282,-1.6004414146730628,8.344685857986333e-42,6.909877389741892e-41
AOC1,77.10881145920652,-2.8633302506353804,9.537409654488388e-42,7.875714626789676e-41
GDF15,698.2974344562552,-2.38030035228746,1.0000176116685344e-41,8.24268076425364e-41
LINC01281,5.699997129951869,-4.088890987305271,1.1348106215320878e-41,9.336562032449235e-41
KISS1,9.941687241164304,-2.699239952394118,1.2073953204434072e-41,9.929194147587762e-41
SLC1A7,40.652094615989945,1.8058045365731528,1.2117382129731706e-41,9.960343790009423e-41
RUNX1T1,282.65560882788765,1.6099829708045226,1.3450284833917922e-41,1.1045854053081155e-40
LINC00536,20.62646598200845,-2.623202690012059,1.391797356612398e-41,1.1424708036163251e-40
NTF4,34.310400173459286,2.456974126941621,1.6788332383920466e-41,1.375570028753739e-40
TSPAN1,3099.9127474689576,-2.4287647368617726,1.8664931304281639e-41,1.5272390666850414e-40
BPIFB1,926.2385812977208,-3.3369188080180785,1.8773695610576107e-41,1.535438441368175e-40
SLC17A9,337.2741960672734,-1.954053775316959,2.0041820149362948e-41,1.636915888758164e-40
PROX1,133.2304088839734,2.175459572241954,2.1440047557147877e-41,1.7495234805159687e-40
SLC38A5,283.7351830413591,-1.735931750441082,2.1568800605679928e-41,1.758430522800184e-40
ALDOC,807.4743640838956,1.9197860457831928,2.412721534578767e-41,1.9634410529016508e-40
NRG2,71.73354001940713,2.3563745170125587,2.4717765260188675e-41,2.008766212992869e-40
CLCA4,24.32621619732572,3.315875086658439,2.7475473357002333e-41,2.228842196736211e-40
OAS3,4709.171927896306,-1.5316530891834494,3.1251174260072716e-41,2.529413941915854e-40
VCAN,14910.723710374808,-1.5971819887465064,3.1488528279150227e-41,2.547475885667591e-40
HOXA6,25.94896151156421,2.19456567004925,3.523629058226318e-41,2.8493916097707557e-40
S100A7A,141.48271015989334,-6.751868766036712,3.543544105588817e-41,2.864205199580439e-40
SEMA3D,215.792528253862,2.089660807569999,3.6659282264998276e-41,2.960459770311112e-40
CACNG4,3016.526474339279,-2.357072031876717,4.062472994915244e-41,3.274798536422244e-40
RNF157,316.88888235725017,1.8309217208405204,4.4383111588410276e-41,3.576158753221527e-40
RERGL,78.88323376402124,2.859177020330569,5.073530295130879e-41,4.0751758109144355e-40
MMP3,481.4764330643594,-2.2882604499290995,5.339072135194616e-41,4.282713920157898e-40
EPHA8,37.92553320604536,-3.518961505814618,5.723647199881437e-41,4.583004255005466e-40
BMP6,177.95361852006863,1.8695146208818112,6.309043984360809e-41,5.040493555448369e-40
PLAGL1,574.475493168738,1.6102195874468774,6.99091527465956e-41,5.580292868705122e-40
LAMA2,1587.252470543693,1.7211515906472057,7.331776364714657e-41,5.844575525919138e-40
S100B,539.6111421312332,2.838982097751469,7.955153325734304e-41,6.333064386733646e-40
SV2B,108.52057363923248,1.950196034597196,8.324686259453823e-41,6.6243091015361166e-40
AKR7A3,1166.500077648061,-2.588904508602503,9.726539883307915e-41,7.722700516198109e-40
LY6H,22.685349089875995,-2.09508229472569,1.192986632084753e-40,9.451192991668348e-40
TERT,15.050106330835783,-2.7767890690003045,1.4247798660107587e-40,1.1247800226879478e-39
ZBED2,39.38826982647515,-2.585738813332599,1.7317587593108715e-40,1.3629245253102752e-39
CCND2-AS1,1.018900437030433,1.8566218540065835,1.9209943521293604e-40,1.510531229386908e-39
THSD7B,74.09171786316696,1.933927084099872,2.161569376648515e-40,1.6967279481443986e-39
SRD5A2,24.22508634680779,-2.589734778653561,2.1912582541563262e-40,1.719280197314435e-39
ST8SIA6-AS1,191.7789902819911,-3.207860394483648,2.368331832016233e-40,1.855779318502152e-39
URAD,1.514905200538778,4.310711496306006,2.6635171711634407e-40,2.0834416791349948e-39
MIR99AHG,138.06620692789542,1.7677652906087074,2.704128935460145e-40,2.1142871293201244e-39
SLC16A6,1413.823696569793,-2.351137798921689,2.785506381882176e-40,2.176017697714139e-39
HOTAIR,231.65131509353213,-2.7464395923788985,3.0193549809519318e-40,2.3566466193215077e-39
FOXD4,22.153828706492867,-1.672642521672427,3.126126775965378e-40,2.4389225594749017e-39
SLC25A27,136.3570926509625,1.84892928342404,3.2247457397163195e-40,2.514769124444573e-39
DLX4,61.11203020526541,-2.061890699990361,3.249408576341535e-40,2.5329012812281718e-39
C11orf87,2.7089867402770467,2.681050665635554,3.286626112194561e-40,2.5607997810342685e-39
CD1A,54.60394167430558,-3.1323739950940968,3.923216967087251e-40,3.054152071905147e-39
AK5,659.5311214343684,2.3880998906323385,4.0615314032615286e-40,3.1604561795370714e-39
FUT7,30.983219396339383,-2.0127327041749754,4.319819559762543e-40,3.3585286906576716e-39
GOLT1A,212.20524138977143,-1.5802270996411198,5.959181753605015e-40,4.619073753204682e-39
CLDN6,23.10832674959896,-4.01454300830723,6.0259673480884515e-40,4.66882375190411e-39
SIX2,295.9385019395805,-2.3106812768038907,6.0608074154661745e-40,4.6937906026381114e-39
KLHDC9,353.9316039425251,-1.6244148105747889,6.8864675076811126e-40,5.3217387148074876e-39
EGR3,1311.0471835862982,2.118416626936769,7.734193790119597e-40,5.96400401245836e-39
CELSR1,7654.244108774407,-1.549140421241247,1.0478248772700551e-39,8.06267993041761e-39
GPM6B,651.0618884688639,1.707121313288455,1.0498104506544176e-39,8.074495810777055e-39
THRSP,753.1667378057451,2.8287650803537256,1.249272351981305e-39,9.592187883591156e-39
LINC00460,10.564374096091369,-2.680667472256104,1.3758641644273632e-39,1.0550643831831027e-38
EVL,9277.689934993869,-1.519576816714721,1.8923977725738486e-39,1.443757892477259e-38
CRHR2,8.107140990910192,1.7503503958915254,1.9882736762615e-39,1.5162593645064324e-38
PACRG,23.87775316300849,1.6911127431327186,2.205990868359031e-39,1.68086200177641e-38
CLEC4G,10.047338807137615,3.0918060982877846,2.2743428646611437e-39,1.7314725652727856e-38
HORMAD1,95.6858266402502,-4.350208895343615,2.3172109403403278e-39,1.7633601829290435e-38
PNCK,88.24728837039014,-2.188844350486274,2.57542608536068e-39,1.9565387669649467e-38
GPR143,171.02116959682368,-1.7004788556145745,4.925966990799119e-39,3.723317257072426e-38
FOXD1,79.52574358325028,-2.926449762224693,5.2903825711261976e-39,3.9937158122123895e-38
NBPF6,171.23136386957822,-3.137266812012867,5.591847552103026e-39,4.217743273431555e-38
PAX1,33.39839560389605,-3.3687020934986034,5.795001020797868e-39,4.369138584756174e-38
SERPINA9,26.668517554979346,-2.97421244794918,7.604990283863568e-39,5.709788521073132e-38
SYT1,1175.543427021582,-2.924053207799416,7.71680791342667e-39,5.791317490528155e-38
CORIN,217.73630339341824,-1.923236698828484,9.013706883510675e-39,6.742057370475848e-38
RUFY4,38.61365846074744,-2.341848305811415,9.071422470294348e-39,6.779575377216234e-38
DLG3-AS1,11.894744317014217,-1.9545234928910231,9.483862851548003e-39,7.076026403666418e-38
NR4A3,306.5768972581593,2.06618724302035,9.953540165855231e-39,7.423371767917969e-38
TNFRSF10D,148.20166896198816,1.6353556960476408,1.0172942701329919e-38,7.57441011753793e-38
FOXD3,20.776634979328872,-3.106546433600832,1.023177282741288e-38,7.615053156992813e-38
CLEC3A,5680.1207941221,-5.538297104444245,1.231717217968468e-38,9.148151390408192e-38
CYP7A1,2.0821063912424123,1.7629785418771855,1.2795386346166474e-38,9.49939646651267e-38
GATA3-AS1,555.1868093723085,-2.51919021486697,1.3429665794162652e-38,9.953817555161283e-38
GLDN,164.34721811437993,2.108193318912257,1.7960855399054392e-38,1.3290292341469363e-37
ZEB2-AS1,29.30588071538052,1.5639958137910583,1.8667638739072872e-38,1.3807589016237577e-37
VSTM2L,186.1517568637869,-2.6460398103644462,2.335265532215985e-38,1.7194913709513186e-37
PPM1E,122.0816054560796,-2.138930263225925,2.9778615360571e-38,2.1836839968536413e-37
MESTIT1,33.74873863695407,1.6097043289730375,3.125340552896952e-38,2.2871578662798898e-37
LAG3,187.2399032283429,-2.01379063531748,3.443698849863768e-38,2.5180819951897093e-37
CCDC187,21.464220129685287,-2.993045097912725,3.981207709361415e-38,2.907561706828703e-37
SLC7A3,29.98557065582509,3.0403853795265663,4.064134536293039e-38,2.965710862921606e-37
CNKSR2,60.59295915679668,2.0385026808160083,4.166522000681202e-38,3.0367209902609056e-37
CYP2B6,32.35892840615593,-3.6266317713837855,4.216077671011897e-38,3.071591462794864e-37
CPEB1,76.36515726733664,1.5300495686558155,4.627600568244725e-38,3.3686679349526722e-37
IL11,34.434400653069865,-1.6090533595781418,5.376543293284212e-38,3.907520974268607e-37
LINC00671,1.7893679133366147,2.572522946198778,5.656394441800996e-38,4.107581621354799e-37
PLEKHD1,180.87650642883423,-2.3955563187264617,5.875568466652632e-38,4.265016204110632e-37
GATA3,18186.353874346907,-1.7971742560542252,5.937786670253628e-38,4.306695392523488e-37
TCEAL5,38.40246825450387,1.6086292171214942,6.084953976670007e-38,4.411653097267338e-37
HTR2A,27.88238370300896,2.3848672061746443,6.472583548729475e-38,4.685116546930282e-37
P2RX6,20.33347745070641,2.005060765496332,6.580961288072404e-38,4.761643925531097e-37
MSLNL,8.233937498218541,-4.079374610638928,7.742372182688991e-38,5.597466818943241e-37
JPH3,52.667120190698135,-2.367727037259692,8.461656571399443e-38,6.1150207618683685e-37
FCRL4,5.205345077634714,-3.589274668121235,9.472648593025748e-38,6.842882703432126e-37
TIGIT,229.90325182343216,-2.050814072437936,1.0081987433436429e-37,7.277199618084605e-37
TRIM46,184.171047176757,-1.5578239486189078,1.0102103948876025e-37,7.288787827045894e-37
GFRA2,55.32695649851033,2.101712739691317,1.1077647773638362e-37,7.986231886306419e-37
DIAPH3-AS1,6.105697634013152,-2.299530190652713,1.12907249067771e-37,8.136577017156959e-37
B4GALNT3,1003.3403747224568,-1.7520925519017865,1.405890771142327e-37,1.0103045253255073e-36
MCIDAS,57.32987195598098,-2.7015898062222035,1.506920274931071e-37,1.081174626683852e-36
GAD1,71.27294400257313,-2.930361394291353,1.604251756362875e-37,1.148710834643872e-36
TMEM121,173.96498221955903,-1.6816922863668538,1.6580198081225594e-37,1.1862642518720576e-36
PAQR6,212.81128696695745,-1.7275435155798036,1.8985256768160555e-37,1.3567162383427838e-36
WNT7B,723.1039516816899,-1.801895008374799,1.93430274436011e-37,1.3811829862633433e-36
KLHDC7B,534.7893264706177,-2.595074883075236,2.025370310355217e-37,1.4450594373365416e-36
EPO,18.428677580076435,-3.205332765814474,2.1048938125724124e-37,1.500008521556766e-36
CNTFR,285.92652501636894,2.652239177803857,2.176384010442684e-37,1.5484946345512894e-36
CCL16,3.7300764847198207,2.3449600530606904,2.3914850118039383e-37,1.7001904537167143e-36
CCL7,18.40036921755086,-3.704944825388741,2.5291280896677e-37,1.7966221077196044e-36
FOXP2,114.7101895237702,1.851878077884194,2.530236325850465e-37,1.7966980859145526e-36
GPR17,18.53618294944664,2.1728818700611745,2.64312173161389e-37,1.875372730410425e-36
CENPW,349.04190856721004,-1.69939159782214,2.893807887617194e-37,2.049190557829634e-36
DES,227.24240043661555,2.948021923938428,2.940961937548353e-37,2.081760197529296e-36
BCAS1,1385.742653905528,-2.384224600860268,3.456324824511668e-37,2.436946666052549e-36
OAS2,4131.477867525069,-1.6590842866642868,3.512713179827073e-37,2.475731551406795e-36
ADGRG4,1.9113849539586545,3.280156944641233,3.5170476175638566e-37,2.477813209641376e-36
PTPRN,56.59496110445272,-2.5216390336651187,3.747566817748191e-37,2.637111332457786e-36
TTLL10-AS1,4.123478848546152,1.91076837906786,3.753376376185861e-37,2.6401640805283848e-36
HS6ST3,402.8347624051775,-2.758214053032494,3.823237222992659e-37,2.688251125759415e-36
ESPN,809.6606832482345,-1.7414851766681654,3.915464473377084e-37,2.752020936556145e-36
C8orf88,54.221782953740295,1.745493822147804,5.030921787281672e-37,3.5236089208033695e-36
PRAC2,12.02348740458294,-5.651815623675558,5.7946722324773145e-37,4.050627134381493e-36
LINC01429,4.957820169109802,-4.18400503265624,5.949660770149005e-37,4.157348631602561e-36
NXPH4,227.52446972672035,-2.416311834733996,6.099060070624731e-37,4.258425443863431e-36
GLDC,226.83048656896983,-3.019509423311145,6.163440901274372e-37,4.301702976758745e-36
VWCE,34.86135777228705,1.6317467681884512,6.21069911888049e-37,4.3330009715859845e-36
NKX2-2,39.35683933541232,-5.669287179578781,7.289971654227327e-37,5.080048596639036e-36
PIK3C2G,215.10571027158704,2.577368390544538,7.4947567203206655e-37,5.2207264980370346e-36
F3,1016.0788204951416,1.6929727844407738,7.831389952521748e-37,5.4509876380159134e-36
PPP2R2B,45.20933885022342,1.6102436054657576,8.413331630079269e-37,5.851504758532651e-36
CCBE1,72.29330237180282,1.9135425186551525,9.194124244692188e-37,6.384650365586556e-36
SPINK4,14.07248673038248,-3.7030473175096974,9.61595711045755e-37,6.672418189870466e-36
CCNO,393.3623553471463,-2.489768625190881,9.625880864436838e-37,6.676722312773661e-36
TNR,34.24054819392776,-2.3783907786045444,1.0113465407275707e-36,7.004091982560993e-36
P2RY6,182.93076826104485,-1.5518129878100118,1.0517600138132613e-36,7.281165774639334e-36
NSG1,127.1943363541259,2.154576859373281,1.060562312934908e-36,7.339271169804855e-36
RGS7BP,20.699809071751613,2.135278487145573,1.0736483757670668e-36,7.424102680063292e-36
PRDM16,51.66128108010401,1.6419748290983525,1.126893021709277e-36,7.786279700250776e-36
SLCO5A1,57.46311015032493,-2.283759095038965,1.217299578631022e-36,8.401239861136562e-36
GDPD2,22.37401108151617,-2.9604177156669844,1.2347683722492697e-36,8.515251218924248e-36
IRX6,88.0149179266556,2.4267869203030417,1.3424336354669925e-36,9.239980496670391e-36
COL1A2,158428.68646243488,-1.5567956674805696,1.5005886657447892e-36,1.0312739570327268e-35
SLC23A1,60.54376863834582,-1.8600900251553405,1.5467603624196177e-36,1.0617853076992204e-35
NR4A1,4023.734135466988,1.8961660090255448,2.138185700108461e-36,1.4599544978213938e-35
FSD1,21.48303504898658,-2.773524758184537,3.707915823888774e-36,2.5126450734086163e-35
LINC01354,25.95491939488852,2.0179662995280894,3.715676438754347e-36,2.5169534925257836e-35
PTN,1452.6326221520478,2.3859160892703906,3.953497953047064e-36,2.6740130896900305e-35
PKIB,1670.6437315378953,-1.814386133432416,4.23646780154746e-36,2.862167855081612e-35
DLX5,70.07950907935204,-2.2958151855326427,4.2436559204470034e-36,2.8659451199285286e-35
LINC00636,1.2775286793679774,2.448154617667188,4.653261859641322e-36,3.13902747403774e-35
SH2D2A,138.29783658515552,-1.6700119927299504,5.072024450053879e-36,3.4138187071180344e-35
C3orf52,547.8734595604564,-1.578487980984141,5.5447660170330534e-36,3.723625801259024e-35
HTR4,1.5070854766824182,2.138061031848557,6.031632191798935e-36,4.047554526912494e-35
CALHM1,9.789242438678404,-2.8464294280797886,7.555056241840721e-36,5.062282643898052e-35
FLRT2,629.0304144696674,1.613187928089706,7.992027778357306e-36,5.347089726131377e-35
COL12A1,20083.862223347875,-1.5440043985195953,8.23500142593403e-36,5.507598419193446e-35
SYCE3,29.76582505276247,-1.9227374521270195,8.39026247873504e-36,5.609346867303334e-35
SMC1B,64.41412600175134,-2.46780675903728,9.219752347038146e-36,6.157024045971437e-35
ZNF703,6603.5736442468415,-1.7825434159577345,9.607641660350739e-36,6.413672691716282e-35
CPLX2,74.83315464295056,-6.434299290561614,1.0661027025253792e-35,7.106295280132024e-35
TLE6,155.38352637698557,-1.5919796299089188,1.1259261834441762e-35,7.496704799896954e-35
TRH,245.9041896112924,-3.9942837745939377,1.1401304917377412e-35,7.585651295417883e-35
CDH7,57.40695999049424,-3.588725251446409,1.294819039314462e-35,8.595720622071293e-35
KCNK1,984.649500260158,-1.927400811769852,1.3678641033147528e-35,9.067215910557788e-35
ASIC3,70.016168353708,-1.6436158256861704,1.5841975554617354e-35,1.0481873501181923e-34
BOC,1201.3604197247785,1.5201933845315712,1.9301951653601445e-35,1.271491264582321e-34
PSCA,319.1841577420076,-2.8320670246162334,1.9554110899978128e-35,1.2876292329879174e-34
ADRB3,3.868046985948524,2.814419586589541,2.155953158257591e-35,1.4160477112655274e-34
ENO2,1572.1400261735814,-1.5126462691346054,2.3217501561482043e-35,1.5232718391928107e-34
DBX2,10.903815818717376,2.0022041167765097,2.4956472879678813e-35,1.6361671514539882e-34
ADAMTS20,7.844607733109578,-4.764482593951599,2.7032435502677735e-35,1.770328549854194e-34
ALDH1A3,1314.8119685505642,1.713371027268654,2.7056751370332843e-35,1.7712745223978567e-34
TRIM72,43.021172606358405,-2.901745007185001,2.731140455722418e-35,1.7872933748170338e-34
DMP1,5.705520283135142,-3.618011348649652,2.853732068765168e-35,1.8647985521457446e-34
HOXA-AS3,208.0286200385005,1.840079677726678,3.033642205211305e-35,1.9809197864014433e-34
HAND2-AS1,56.19629221415409,1.5527496911638805,3.4788807344207334e-35,2.268351595147007e-34
TLL2,38.006801081481065,-1.7294843706410232,3.8564417641065713e-35,2.5106612203180754e-34
NGFR,624.5903466861386,1.99636916448034,3.9085413159973294e-35,2.5411183106614523e-34
LGALS9B,49.00787174819481,-1.99161900475014,4.24414757492925e-35,2.7553178033477023e-34
GABRA3,30.48657100309684,-4.854624292997403,4.4448372919891216e-35,2.8835198975940994e-34
RGS8,11.694145963000487,-2.2525187179925275,4.4943299120927687e-35,2.9145737601226107e-34
TUBA3C,11.465655610962065,-3.889846782703789,5.387273576284325e-35,3.491124487282267e-34
COL2A1,2056.082446002936,-3.734393231193619,5.665851275641678e-35,3.669001634432128e-34
TEKT5,19.480612815049493,-1.772896093181186,5.739483184272801e-35,3.7153422171208924e-34
CCDC154,61.526643357944224,-1.813658362415424,6.302495363527594e-35,4.075386551464475e-34
FUT2,318.6616561053123,-1.6377388943040811,6.391914814425166e-35,4.1317189996413965e-34
FRMPD3,148.7378880793043,-1.992696778042484,8.23105439496488e-35,5.3109687185634615e-34
MS4A8,54.37163742899174,-3.559691665316384,1.012491872112313e-34,6.5188927711458e-34
SUSD3,1808.9349876656352,-2.0782510448581704,1.0567880365992823e-34,6.7992128105907225e-34
CYP1A1,24.25012173067788,3.690302688953939,1.1221958494176519e-34,7.217448860914102e-34
LRRN2,1039.1006332994923,-1.5314357870194584,1.3079107054204364e-34,8.390829352186027e-34
LINC00906,0.8052200994226999,3.014715083737274,1.4160704829092483e-34,9.071748927284381e-34
HYAL1,110.571213057688,1.5777496872884251,1.4954812914337931e-34,9.577057920588146e-34
FGF5,7.379924660587428,-3.110099187063254,2.035578356197814e-34,1.2971029127703684e-33
MUC5AC,41.19616067861628,-4.30450725772087,2.1352758429750383e-34,1.3596660655196625e-33
PPEF1,103.23975595425756,-1.6657727347257691,2.18462614288466e-34,1.3901039541816432e-33
ELFN1-AS1,18.47285331728705,-3.7618900679425056,2.3627134392479875e-34,1.5023575462036104e-33
ATP2A3,3238.42433771302,-1.5706320866775183,2.517689204695452e-34,1.5992005341258474e-33
GJA3,11.38846859002871,-2.267995764313808,2.6059520293169203e-34,1.654678103823879e-33
GPR42,5.52521036984633,1.916865235499598,2.900144725632e-34,1.838226667493487e-33
GATA5,37.539045154971966,-4.256448673086044,3.0315996169568303e-34,1.9208694748119124e-33
DOK7,303.79930200062387,-2.3574230019229856,3.187927159989596e-34,2.017783596432216e-33
OTC,1.3592378140166237,3.316047834041444,3.545182363173525e-34,2.2391676284683466e-33
GGH,1060.450359438287,-1.545011965757919,3.6807939932789164e-34,2.321552457483194e-33
HOXA7,222.2906989286365,1.8628246376504265,3.762513852295288e-34,2.3722610177648148e-33
PCAT7,27.11574407937568,-2.0259557868110223,3.988213631097953e-34,2.507515956426828e-33
ARSI,162.2708267888863,-1.5441683926274017,4.275056048842763e-34,2.6869213919591784e-33
LINC01267,1.4207224962194125,2.10978705588679,4.302586948405635e-34,2.703278018283989e-33
GPC2,91.67999494736095,-1.9883618598640391,4.429095001898284e-34,2.781787914387918e-33
GALR1,3.071262855512614,2.766182385991286,5.3496446983287954e-34,3.340084358622544e-33
GRIN2B,28.60815402918792,2.667951346405391,5.4266968571201215e-34,3.387013857536121e-33
A2ML1,364.9910658626853,-3.3448935963333897,5.657344546607818e-34,3.5272894560226084e-33
FLNC,567.5924583073282,1.5731731782685456,5.881023729165347e-34,3.66420450681052e-33
NRG1,252.447962898445,2.150358736222897,6.215017789551692e-34,3.868271911748719e-33
ACKR1,1074.5824811245332,2.3581975272045645,6.301584988675804e-34,3.920791991567219e-33
LCN6,14.238238029290056,2.253767586259792,6.822573795308132e-34,4.239067319356272e-33
MAST1,62.82523206482044,-2.0749917981554606,7.1873140623429015e-34,4.461057195941924e-33
CASC16,17.034744212890825,-3.6113805685674567,7.821404212689828e-34,4.851271247580583e-33
MAGEA6,109.01627063159133,-8.483083902506175,8.445128255569766e-34,5.2327134467522056e-33
RNASE7,17.963128265632392,2.5454564183207147,9.175652129149425e-34,5.675556766820313e-33
TMPRSS6,275.7978600657566,-2.5415419869009903,1.0367559017874309e-33,6.408387151799402e-33
TRABD2B,228.76081063222043,1.7652284575477246,1.2898353301882304e-33,7.961749282730515e-33
KCNK9,7.673350814876773,-2.586921908592359,1.3023521742302579e-33,8.036247391467587e-33
SCG2,104.20669392108748,-1.870355490600268,1.9313241907964826e-33,1.1844046917174326e-32
MAFA,5.679159807397007,-3.314654342516944,1.935390961102848e-33,1.18649318093712e-32
MT1X,1300.1202608862768,1.6355343237967517,1.9617070787381522e-33,1.2022155676529168e-32
SCN2A,108.96852763865373,2.226409763914836,2.04957562733195e-33,1.25477942875621e-32
CACNA1H,1297.2578334100426,-2.270425448376678,2.052017037145741e-33,1.2558456246433554e-32
PLEKHH2,381.6692870170968,1.5773788852266917,2.0548222587751568e-33,1.2571336723989574e-32
UNC5A,267.0248037539933,-2.2945943842877083,2.068167676654464e-33,1.2644361427559693e-32
LMX1A,11.326359952435674,2.3850825985720623,2.073402014069884e-33,1.26720455519312e-32
ADGRG3,24.055265756528907,1.8634543026182289,2.092399617993381e-33,1.278379936849616e-32
MRPS30,4315.323048216989,-1.6413799426875426,2.165126993210048e-33,1.3219135340646854e-32
MMP12,227.6840797343991,-2.805923646814456,2.40136399244869e-33,1.4641547903669484e-32
AADAC,29.05970396389281,3.72110979234081,2.569282193759482e-33,1.565473673508324e-32
CBS,485.8348126405975,-1.9626539984978093,2.6822990592868015e-33,1.6332261391191842e-32
ADAMTS9-AS1,61.84503316788077,1.97509680639742,3.149853913435916e-33,1.9127234728492072e-32
PSD2,24.07702221144923,1.859049483447544,3.1688984584753566e-33,1.9229866059817988e-32
CSF3,14.954939849554725,3.706066657128712,3.8137936549397765e-33,2.3065289297013598e-32
HHATL,6.367906605488489,2.955705476713849,3.9406738190579683e-33,2.3816588416697943e-32
MSMB,225.36629331978065,-3.02940424204346,4.2576899919483976e-33,2.570659125690513e-32
IGFBPL1,15.558071458211083,-2.511871518819148,5.427377746999024e-33,3.266986457301258e-32
ALX4,133.79320911507946,2.3398246165947163,5.570352071152237e-33,3.3508011252013324e-32
RGN,85.00381170006104,1.976618858196972,9.30924833447469e-33,5.557057621883361e-32
ERBB2,27998.99232791048,-1.9136959342791708,1.0481580515869383e-32,6.248554178629907e-32
LGALS9C,31.270936683582065,-2.0918195499787853,1.2787002124825389e-32,7.605235867678715e-32
LINC01028,3.1405644060409217,4.1297817813928,1.3141803265325948e-32,7.81366858161063e-32
RNF186,11.74161966785295,3.1617787876338053,1.4617184921675288e-32,8.673636449554941e-32
CADM3,220.8367927840193,2.2535696747369016,1.4817087753560962e-32,8.789349509087534e-32
KCNH2,177.3925617696289,-2.307237839412556,1.5237212400907868e-32,9.032591322163554e-32
CCL20,41.45236642339366,-2.3937479925029708,1.6179610008439858e-32,9.578585351086927e-32
LRRN3,119.13308196706431,2.0277096713691978,1.6324141550811544e-32,9.660962928356278e-32
HSPB1,17069.573209499027,-1.5158166521104248,1.914908275564701e-32,1.131043913651514e-31
SFRP1,8440.855948705994,2.584946271659857,1.9211367277792126e-32,1.134349372927614e-31
PLCZ1,3.260092217068046,2.9270763440513967,1.9564114529238843e-32,1.1540383665767976e-31
XKR7,21.68833888248808,-3.974256121885916,1.979779833271671e-32,1.1674390183446226e-31
NUPR2,132.63706002622203,-1.9699076128739168,2.034064593602695e-32,1.1986619069821598e-31
STMND1,332.86099066241314,-2.391027200142432,2.3320449316487806e-32,1.3711079375329527e-31
MET,1109.331849749356,1.6262469141964562,2.3879108104856395e-32,1.403493992248749e-31
NFIB,4757.265337463416,1.5368591675897043,2.4948446322958265e-32,1.4658641808093096e-31
EGLN3,1555.207146844671,-1.6139586305378255,2.7121601180132233e-32,1.5899052975377092e-31
SAA4,50.58987979773599,2.4711089162459965,2.7279191962003187e-32,1.5986212298046547e-31
LCN12,86.45727268832506,-2.0180474082182327,2.7990600730963596e-32,1.638705838552727e-31
PANX2,185.6458729615848,-1.742369688808146,3.3341394070996344e-32,1.9462523591735802e-31
PRRT2,273.8072940689528,-1.5552601410980476,3.3650890028019584e-32,1.9636799045944167e-31
CYP11A1,39.69382808575909,1.5676187505257555,3.5748319509233486e-32,2.084041082760513e-31
SYN1,101.1355384334084,-1.976563322589172,3.879886975551965e-32,2.258212516681948e-31
CRISP3,615.6602490833003,-3.6352149378313423,4.579521837185001e-32,2.6559450499821486e-31
LDHD,275.8054889712647,1.6504697802204062,4.6427374874891555e-32,2.68999940185681e-31
PYY,33.067773197277546,-2.980312823617949,5.025177431721479e-32,2.9087672204777487e-31
DNAJC12,1456.9766664371016,-2.0453187585622064,5.388052993793509e-32,3.117807898117727e-31
GABBR2,62.681987344665984,-2.908107401421697,5.977181617176654e-32,3.45425271944019e-31
TCF21,3.048842340686041,2.2749525170596168,6.204036888158716e-32,3.584199546719897e-31
SLC12A5,43.02554671123034,-1.877626118734992,6.31227865593425e-32,3.644386364288423e-31
CLPS,6.9667908932496765,-3.1163961508966733,6.506741668160887e-32,3.7542434885363023e-31
LAMA3,2206.1822230775497,1.760255771254793,6.66248907849377e-32,3.8428705890225728e-31
FOXD4L3,4.978574224665378,-1.8697362452374104,6.863123458946645e-32,3.954781225026931e-31
KIAA0319,54.09317072428168,-2.43245739060074,6.975366307890226e-32,4.014303176035352e-31
TTBK1,21.563207374276875,-1.7552967558669097,7.966487477249185e-32,4.57295749493792e-31
HSPA6,356.89704588223515,-1.520313328213846,8.83362764451738e-32,5.064236883489453e-31
MX1,6787.549492806213,-1.747076428033279,9.011551152475454e-32,5.164588753753419e-31
AGR2,18570.85770431698,-2.3585205081333807,9.655339632819287e-32,5.521205046886848e-31
CAPN13,1211.7102794875836,-1.858259951261112,1.0278014508781283e-31,5.867918941952636e-31
NCAN,34.1453035508157,-4.305735613126506,1.0456775522147714e-31,5.966180603161165e-31
ERVV-2,10.377626706383008,-4.776910209765645,1.1960729427246911e-31,6.811276700809856e-31
MYOZ2,6.035259843459292,1.9191669410227568,1.3725193238731295e-31,7.801231152226619e-31
SUSD4,1136.8502758576385,-1.6783704540744229,1.4507742507227608e-31,8.232983287466547e-31
GALNT6,6875.253620525768,-1.5406018275036832,1.5205329836339015e-31,8.620677364400231e-31
APOC2,229.3525180410746,-1.5537208289600526,1.598703880774208e-31,9.061005191602145e-31
DPP4,440.6793481280395,1.505735332063462,1.712382909592117e-31,9.696118311682218e-31
TESC,110.61197136339976,1.7947836350680952,1.7226467859958588e-31,9.751158967794854e-31
CPA2,4.322846223250254,2.394042220416875,2.114430493285582e-31,1.1946265985993854e-30
ANGPTL4,782.9272424568998,1.895499796767627,2.4147689693652987e-31,1.3621695814615191e-30
PRSS27,146.38627303194866,-1.605011630905692,2.4732203947290715e-31,1.3947035437780783e-30
GNG4,310.435893270028,-2.619008700314048,2.5873928410596197e-31,1.4577135679740598e-30
CEND1,7.908941465604394,-1.829345702298173,2.635961158639766e-31,1.4846103901642176e-30
CHST1,704.4097593846235,-1.9256996895255307,2.663631225465266e-31,1.4997238377705911e-30
ABLIM3,1408.503452553652,1.5192325103165654,2.950496713832596e-31,1.6591574125042964e-30
IL27,6.686763289412713,-1.7631943130867485,3.2744874033632096e-31,1.838466895054738e-30
SOX5,152.21943712231456,1.7213547939195015,3.824843461804687e-31,2.142103342029441e-30
P2RX5,90.55620853314116,-1.907732675064232,3.915300711722616e-31,2.192079749489879e-30
EGFL6,246.3477350953448,1.9684696532542625,4.1383282335531095e-31,2.316224635772832e-30
FAM83A,258.4988662485193,-2.803775036803284,4.5820318913671735e-31,2.5605724154061835e-30
LINC00607,45.36509269187134,-1.759044770902728,5.341524667451792e-31,2.982212776376944e-30
LKAAEAR1,4.221520053912188,-3.108443943193141,5.4126892299282965e-31,3.021004526962157e-30
ACSM2B,1.989985312263581,2.9875137745989546,5.481743622880342e-31,3.05764400276546e-30
LINC00494,22.187985828615776,-2.388143624951853,5.499323574345648e-31,3.0664966506543917e-30
DYDC2,36.37128707444418,-2.1342316364850302,6.56320221608975e-31,3.6517860640469605e-30
SLC34A3,9.201989007821505,-1.9524419578191827,6.708487356038591e-31,3.730309795994932e-30
LTB,319.4603849319679,-2.0806634319238464,6.8705776939596605e-31,3.815711734460296e-30
CCR4,118.78952951404511,-1.7167167607462075,7.070689756215174e-31,3.9256329512848094e-30
CPB1,25777.799761208287,-4.241275319104009,7.296634039078328e-31,4.0485714655912654e-30
PLA2G4D,11.53002466846277,-2.414559540824706,1.0393481452498113e-30,5.747322994872914e-30
RSAD2,1322.9773382287296,-1.609589302286801,1.088876229531694e-30,6.017491549958952e-30
DRD4,23.577366740763782,-1.6150419477876805,1.1108797402124096e-30,6.1353111906344974e-30
ASPN,3766.7918963601855,-1.797159806183558,1.2887631828254031e-30,7.09808672578853e-30
TPO,85.31717227341171,1.5035607369346728,1.4489542068632262e-30,7.965696779397589e-30
FOXA1,9432.95013645468,-1.800536821006701,1.759483832667777e-30,9.640359662104e-30
FAT2,581.9368255541367,2.1813603720259125,2.046181493742951e-30,1.1173670335886645e-29
SERPINB7,45.49738753772765,-2.8753895033075647,2.0852956392234652e-30,1.1383798281176105e-29
SACS-AS1,2.60770849943755,2.7153378105377617,2.157072145552057e-30,1.1764894401150797e-29
AIM2,75.12955460164757,-1.968031693815068,2.2113465171783613e-30,1.2049924659656397e-29
F2RL2,1003.9422690433096,-1.6978376819781358,2.353041781286963e-30,1.2814258489655013e-29
ELFN2,45.569247631090974,-2.553819766075523,2.442992018489544e-30,1.3296041486131749e-29
NPR3,736.0047806181615,2.004087845728028,2.55089765230034e-30,1.3862297841573986e-29
TCL1A,49.753178879435694,-2.946331652823619,2.7865615621871087e-30,1.5129216542174122e-29
BEX1,422.78667790340825,-3.359254055842458,3.1020300902778715e-30,1.68013365348464e-29
MIOX,5.441484716661631,-2.2551892964408418,3.369032781015023e-30,1.821998921715901e-29
DLL3,21.489799744253947,-2.787374339228544,3.4245725641048745e-30,1.850919581033069e-29
SSTR2,597.795830126276,-2.032988613029905,3.465156714260535e-30,1.8722906377805188e-29
ME1,848.6057096130139,1.615117207215219,3.591549113684177e-30,1.9388314469298698e-29
CHST9,141.8208089596512,2.385390666703457,4.012298396431333e-30,2.164012095748838e-29
PCSK1N,146.24470302807626,-2.932253763195433,4.0820716539757734e-30,2.2009823845835723e-29
NPAS4,4.227629000660079,1.9824081593225429,4.485771764209755e-30,2.4171978539633588e-29
SLC14A2,42.27662450724655,2.242269125239764,4.707895787353529e-30,2.534607921040256e-29
WASIR2,44.326997516905934,-1.834808308189652,4.812653422094052e-30,2.590229544272815e-29
OTOR,10.689296656779824,-3.142306384589186,4.8175662273650175e-30,2.592096203413429e-29
GABRE,497.44110875542793,2.2393983181698784,4.9562963961551444e-30,2.6651418199762635e-29
PROZ,11.13104731824256,-2.2252791003050865,5.0985567855750496e-30,2.739997093751384e-29
JPH1,324.71851816168777,-1.5716168059216336,5.2349997016357055e-30,2.8124800792260803e-29
TMEM171,17.256646494056746,-2.251373359423957,5.7617609529629234e-30,3.0927023194725297e-29
OIT3,9.561995011206529,-1.891546798082523,6.048200619561013e-30,3.242572809005163e-29
GABRG1,2.153376357145829,2.4131634446548524,6.873965453400398e-30,3.681983167039306e-29
UNC5B-AS1,11.832506715314135,-1.8359548440612885,6.934032763967315e-30,3.713049355912548e-29
GPR158,91.28488619690684,-2.408350732163433,7.616484931668579e-30,4.073627589086765e-29
TH,19.183035257938023,-3.05208131190849,8.016844178727193e-30,4.285202619692605e-29
ERVV-1,10.402223436454602,-3.6115965150768656,8.28154466449513e-30,4.4240558934117476e-29
SLC1A1,1562.2709810879835,-2.2758849664427494,8.460529347002765e-30,4.516981214002308e-29
C12orf54,4.890914027165754,1.5823589440273989,1.1701277005993065e-29,6.21758112512702e-29
ICOS,72.8046145691232,-1.9092196330667224,1.2812618922751369e-29,6.796028198340248e-29
HOGA1,36.9650879490646,1.8744254592310583,1.3345196160106678e-29,7.072244533282761e-29
MYO3B,112.9426587459804,-2.530266142431757,1.8304036053381202e-29,9.663066282491091e-29
RBAKDN,11.898205531667005,-2.2542802043098784,1.9003218373539108e-29,1.0020386438283447e-28
KPNA7,14.304065332364702,-2.14542973713128,2.004867683737097e-29,1.056234460275351e-28
SGCG,73.97809067600704,2.7756938464948133,2.0920712384251328e-29,1.101206403704916e-28
SELP,336.43913091835867,1.7932968189358884,2.1539862174100842e-29,1.1327997856156668e-28
ZIC2,77.12532033738484,-2.938479020367478,2.2109899563734978e-29,1.1624378487303263e-28
TFF3,8877.047419962217,-2.6060027421298195,2.59926764011642e-29,1.3633808399371244e-28
CYP3A4,4.510192766259207,2.120068787570845,2.7068992920323215e-29,1.419006745434647e-28
CCL21,563.8379996276085,2.3639102257124462,2.786037693416181e-29,1.4596397188513849e-28
TNIP3,26.13060167295973,-2.2553625986644907,3.1754201041065744e-29,1.660732682835569e-28
SLC47A2,9.744478803302773,1.5924826133641428,3.6416438113646875e-29,1.899734838524001e-28
ROBO2,400.7110147900065,-2.685703741893229,4.092282216527418e-29,2.130313666764374e-28
ZBP1,138.25852351026077,-1.8154079287228533,4.7542257483440693e-29,2.4698849689718e-28
GABRA5,8.89984852762169,-4.757191934396545,4.9578378822163533e-29,2.5734290702484887e-28
CACNA1B,32.694419851346794,-2.5093122049402967,4.980013294340276e-29,2.584191976681374e-28
ACTN2,60.94683212217101,-2.645437655939266,5.043733785570614e-29,2.616500695237904e-28
C6orf58,2.415801175243503,1.6922200133059735,5.274586151368496e-29,2.735467453761742e-28
SPIB,188.25267424665304,-2.470806883853044,5.338674576397716e-29,2.767904553564884e-28
EVA1B,937.6162386910408,-1.5130791145536906,5.959284980610152e-29,3.0861012898143886e-28
CCR7,239.1739062027892,-1.8002122120544553,6.548570989321154e-29,3.3834597705838963e-28
RASGRP1,610.8304026947847,-1.559040316146057,6.788699621281803e-29,3.504500172735348e-28
RNF223,115.57966887612102,-1.5612319613454082,7.113211543578216e-29,3.66885507151387e-28
KAZALD1,502.4186788156894,-1.5047187110467373,7.14042759536991e-29,3.681834275037864e-28
RPE65,3.5825829226271617,2.7141021624954966,7.307231252533846e-29,3.765679425487287e-28
MGAT5B,100.34794060756424,-2.181949180884404,7.382060997354093e-29,3.803149656517999e-28
KIF25,18.09414024236257,1.7888478208602652,7.955807091016293e-29,4.094035057103424e-28
COL6A5,8.387578809187854,-3.063637701899124,9.020308734967403e-29,4.63252489811835e-28
C2CD4B,70.6196227455492,2.073278749282422,9.085556425503699e-29,4.663364545172723e-28
LRG1,1584.5354143242898,-2.077231125202778,9.120899791151723e-29,4.680166595722807e-28
PDCD1,65.94526618977808,-1.838971133860421,9.148949979116759e-29,4.693217793747031e-28
ULBP2,46.62151527900337,-1.7752441001219206,9.20386185985192e-29,4.7200370738263165e-28
LAMP3,466.0778695931657,-1.9007959259276608,9.34576527463411e-29,4.790071753442858e-28
SIX3,80.10735236374724,-2.977337843367073,9.485784022537174e-29,4.857674329349517e-28
CXCL3,20.27212176434679,1.9046621242421653,9.848527423727939e-29,5.040558359708334e-28
SLC16A12,33.2785150768685,2.14439078207252,1.0644752702984412e-28,5.4372172645133025e-28
ELOVL3,34.45850140120087,1.8339244005609243,1.0960860902834143e-28,5.5939046655419745e-28
INHA,50.87307833108042,-1.9155365208046384,1.1537724162818414e-28,5.881617113000387e-28
LRFN5,45.488928556148565,1.7883394283385317,1.498064643493478e-28,7.606471975904633e-28
TEX26,1.607418027954037,2.879266656052504,1.516749175779214e-28,7.694811198807524e-28
APOA1,14.188947276723855,-2.413950934213141,1.553273781045322e-28,7.873430713863632e-28
SPACA4,8.911945861481085,-2.048234892612566,1.5886324404869334e-28,8.048114204431829e-28
COL14A1,4307.749919465342,1.5899429236234115,1.686668062769739e-28,8.535130208217767e-28
DSCR8,10.764016821595677,-5.239060260012374,1.9303139310674102e-28,9.751563395009464e-28
CCDC185,5.722250899998208,-2.864342207693816,1.9714602491527103e-28,9.956623335433786e-28
NTSR1,11.14101512801748,-2.742870572112292,2.053452538611335e-28,1.0361966353442576e-27
GAL,97.29379212914348,-2.3989279908429326,2.168065744622456e-28,1.0924956956333995e-27
CLIC3,173.64594833605472,-1.8011132134582422,2.171014858399942e-28,1.0936746383809255e-27
MUC5B,3931.777511726075,-2.7050876270367628,2.498025898501355e-28,1.2555903843895887e-27
ID4,1037.948280598192,1.871557269238796,2.526348195484089e-28,1.2694705130150238e-27
ZNF730,44.89695631604896,-1.7300792053284302,2.779376496081157e-28,1.394272626381892e-27
TMPRSS4,262.2788158451539,-2.832315898723961,2.865700200082745e-28,1.4363721896727591e-27
DDN,18.92217993720137,-2.180853660716952,3.147411692044543e-28,1.573179816213016e-27
SFTA1P,12.221917938685005,1.5827968628931912,3.2179056448175286e-28,1.606177994175403e-27
OR2L13,4.007794483245758,2.444542961596943,3.373313238712534e-28,1.6823438786953228e-27
MKRN3,55.03923532520417,-3.0469824933970164,3.6887479674000814e-28,1.8355766369114547e-27
AARD,1812.30845127424,-2.128408768863953,3.741042046087297e-28,1.8605670309032835e-27
RUNDC3A,85.87145550707687,-2.295507251220802,3.9187422221694125e-28,1.94840427915234e-27
KLF1,4.18575908349423,-1.6701478390877988,4.484732096628706e-28,2.2254986930836697e-27
MEG3,827.990085976384,1.5485765007012855,4.591407097956991e-28,2.277805058494339e-27
STXBP5L,14.689935301857291,-2.840357263438492,5.084052127351456e-28,2.518725327807689e-27
NYAP1,21.85396295291156,1.6084416301038205,5.206116861522485e-28,2.577063750707848e-27
PLCXD3,65.03495107397814,2.2017621885299894,5.3621589731946515e-28,2.6528420351531518e-27
FOXD4L6,4.272371250081307,-1.84091176753948,7.294373407902618e-28,3.594898006904822e-27
NPTX2,108.25952905066076,-1.8710785877751863,8.374956633892647e-28,4.121783374617928e-27
CSMD3,27.045109352223875,-3.725791594266861,8.458242059008357e-28,4.1616313547256914e-27
SCD,29389.277250325023,1.591399688117318,8.82067797565962e-28,4.337578667997704e-27
HAS1,45.927675927725005,2.2992154943700887,8.84586450438348e-28,4.3487724018262235e-27
SBK3,2.3081864377291668,1.5436046260032996,8.848498809756658e-28,4.348875996775499e-27
CAPZA3,3.514729222786447,2.7708883251680545,9.547913739378786e-28,4.6849265556306516e-27
MRC1,603.167829903815,1.7591598360288698,9.710844030890224e-28,4.7617572130029205e-27
CA12,14411.964579275878,-1.7128617012252303,1.0770575713407975e-27,5.270444794147606e-27
KRT75,39.62860723439064,-3.0411831160450733,1.1255365760672257e-27,5.501669387346853e-27
BMPER,82.93392303609757,2.037322679524865,1.3154205103368826e-27,6.4158482298138135e-27
C4orf50,11.420405596718004,-2.228213322621339,1.4236818136060191e-27,6.938997909684842e-27
DCT,23.71254632312605,2.5517744897013777,1.5499753850928744e-27,7.549608661809593e-27
NAP1L2,101.03422920952916,1.586764872568725,2.001674817600372e-27,9.715459271577248e-27
PAX9,385.8713479305715,-1.538047773074775,2.006965975015996e-27,9.738506613219855e-27
SLC7A14,4.265902147806565,2.592276229092948,2.3313301416864998e-27,1.1297161237489212e-26
CD19,65.01933529010763,-2.349558621716714,2.3418173757826244e-27,1.134491657425578e-26
REPS2,2445.308589378264,-1.5148476347663795,2.4112115258022848e-27,1.1668495042879234e-26
PAX2,61.42495629598097,-2.5194184562667727,3.238971673747531e-27,1.5602713480194818e-26
SLC39A6,40213.42677391433,-1.6695554434563835,3.677336998888747e-27,1.7695396918224638e-26
CACNA1E,19.530713989072023,-1.8170708411524228,4.1288659413072225e-27,1.98309342748439e-26
DPP6,29.80607128449082,2.5180916443278583,4.385011986519299e-27,2.1010588808037998e-26
SLC4A8,942.8059585412054,-1.6340552361868694,4.712678647084295e-27,2.2538460992345566e-26
IL12B,10.333351017924752,-2.097409835976628,4.9047668752076295e-27,2.343838530192429e-26
MAGEA1,39.95125523984134,-10.943038968336896,7.417177340731127e-27,3.528712480330139e-26
SLC8A2,50.19402478111905,-2.3800637682858143,7.607752317622086e-27,3.617210057960008e-26
FSTL4,153.22506425406405,-1.7381216262897683,8.896384747657134e-27,4.222076908541646e-26
GREM2,81.68303483191565,1.8488359326290047,1.0144010558772123e-26,4.8065520323899395e-26
PGLYRP4,13.564371714358009,-3.624273037642516,1.0199654578510756e-26,4.831642073833078e-26
MYRFL,38.51849069513,-1.6871645318270383,1.1667236076428808e-26,5.513744644599381e-26
CLDN8,460.2926886545415,2.1332479985945154,1.4613107674103448e-26,6.887775258841929e-26
ZPLD1,51.42740382709678,-2.4504992121840354,1.675283309680573e-26,7.886215825621413e-26
DCDC1,150.69325002715937,-2.0172418732058186,1.7894173963962038e-26,8.416593908501568e-26
AGR3,3477.005067067224,-2.340103735981472,1.85843994489348e-26,8.736663969391828e-26
ENAM,586.417502777668,2.0774336852045163,2.0472146311177228e-26,9.606490413382954e-26
GALNT8,63.5991294904809,1.6591899445120122,2.058039446346143e-26,9.652237277897332e-26
KCNA1,26.978093965260392,2.098861986510268,2.141331066379253e-26,1.0032387638409746e-25
NPHS1,10.194011584662018,-2.604006253116609,2.169436932025993e-26,1.0161413810564976e-25
SEZ6L2,2526.230685465476,-1.5104463905364411,2.1913853343719943e-26,1.02615392588651e-25
CDH15,12.208983839954326,-1.8564671606243943,2.598066486798506e-26,1.2112160311538685e-25
ASPHD1,177.5014761977573,-1.67328564860553,2.6355106796517973e-26,1.2283533411862817e-25
AMPD1,22.62895733182797,2.0445194557465154,3.245845535418369e-26,1.5077259199468604e-25
RBP2,12.859031693303884,-2.443113130877768,3.426535319568285e-26,1.5908344055454934e-25
LIX1,4.841443342567901,-2.6889101823425783,3.546761313325135e-26,1.645799974303238e-25
FAM234B,3563.0056748426755,-1.6246624113443424,4.059857836058344e-26,1.8795172603258752e-25
SHISA9,287.8040600566136,-2.098501121910538,4.180317124950349e-26,1.9337873289535723e-25
CXCR3,152.64201202358356,-1.6278950452255465,4.890078119362163e-26,2.2568817328661173e-25
CTXN2,3.510081309159509,-2.6861011964016206,4.986805126183431e-26,2.299748938171048e-25
CCDC74A,1506.5500957341196,-1.806028679287611,5.222465034473738e-26,2.406571971715376e-25
CKMT1A,444.7964592120221,-1.739270067902408,5.460497977569109e-26,2.513678186493076e-25
LINC00578,42.06166922653855,-2.164771612350004,6.312481010593582e-26,2.900669891269942e-25
IGF2BP3,73.58008783384838,-2.1165755193159805,6.583423370695321e-26,3.0228492570050366e-25
ZAN,9.231344750769509,-2.547210968475231,6.68657858646255e-26,3.0670747994755622e-25
LRP1-AS,54.28613434313958,1.7461226768807043,6.946036134480918e-26,3.1836442502458647e-25
LINC01340,1.1511980663390486,2.009707183617211,6.998620057707782e-26,3.2069264125512884e-25
IL17B,38.32761598159547,2.085154019706508,7.53988228779438e-26,3.4523002748706904e-25
ACRV1,6.925686201608366,-1.5788138182282958,7.707838646013116e-26,3.527402618313169e-25
CRYBA2,4.389129113992087,-3.8880090247430616,8.127032036150053e-26,3.7154512829726503e-25
SLITRK6,2728.8121895777326,-2.544508439594814,8.464919980096713e-26,3.8659843248372467e-25
S100A8,1413.4084098131898,-2.725489223757241,9.782720155755456e-26,4.462153799564716e-25
TPSG1,127.30505779815311,-2.4030432098481063,1.064516013523832e-25,4.850603186051712e-25
KCNA4,3.1716416713430258,3.25780047921017,1.2691705495683133e-25,5.7655686940389385e-25
C10orf90,41.67035064125537,2.436349604644852,1.3394487870731418e-25,6.083287531065669e-25
SHISA8,5.40186454407367,-2.6366931439312835,1.3610043746683659e-25,6.1780578039588035e-25
ENKUR,22.701255012568367,-1.681568878769059,1.4445701393437322e-25,6.547453038743099e-25
RASD1,910.3248553912636,1.6138645051915093,1.4783019618075779e-25,6.696957940589543e-25
ITLN1,2.589202628318952,2.6351275260038385,1.532938379570569e-25,6.937464384114576e-25
MLPH,10711.816231571773,-1.536110699494384,1.6621105305744893e-25,7.514464943469044e-25
SHROOM1,1816.4218645434128,-1.911509738727292,1.9790880197978896e-25,8.925045344873923e-25
CLDN14,21.81002600754563,-1.566491130210159,2.048180334754722e-25,9.22967049895498e-25
CALML5,2498.946976817876,-2.9661747134980687,2.129710578332694e-25,9.587437686302526e-25
ERP27,676.461138575957,-1.5744877281825445,2.1374961568764504e-25,9.620072996987968e-25
NETO1,32.921937745077045,-2.144439782678776,2.252800590890949e-25,1.0128853370821146e-24
TRPM5,4.646277963480124,-2.620604603573625,2.4663374255361998e-25,1.1075064755711102e-24
FAM135B,75.41921236857263,-2.4764364950848576,2.6409122398006173e-25,1.1847132307745568e-24
THPO,86.24350372076218,-1.8086188703330337,2.7190566771469618e-25,1.2188546843548612e-24
SRGAP3-AS2,7.955575712984814,-4.585803476559795,2.8527291085881407e-25,1.2781366073534482e-24
DRC7,8.6045561384248,-2.3870440795712784,3.014733410396688e-25,1.3493733179385924e-24
CALB2,629.0356386846665,2.110934558865668,3.0170513524485765e-25,1.3500740515794828e-24
VWA5B2,39.20707224797456,-1.935493431927324,3.161161565475213e-25,1.4138555117369699e-24
SEZ6L,180.40258977544548,-2.581273045926441,4.200485671411172e-25,1.8684559962271212e-24
SNTN,11.45196703896914,-2.6931776652131787,4.429597314612603e-25,1.9684173901289884e-24
CBLN4,40.66351903828275,1.5666145466762371,5.052281299205141e-25,2.2417936605572958e-24
LAMB3,2570.833772874605,1.5945752964422486,5.454611899714642e-25,2.417923812462439e-24
XAGE3,0.8062388324874348,3.5366412924158097,6.4557674565314755e-25,2.85115164262862e-24
ZBBX,9.482000007643707,-2.892584004677274,6.678674504640361e-25,2.9474209373159523e-24
KLF14,11.423404977193655,1.9200145099445929,6.7653703000354765e-25,2.9834800851274668e-24
DPYSL5,33.44434695134396,-3.863150224013198,6.976908545387273e-25,3.0752553902832035e-24
HMGA2,23.620335923667604,-1.8592746517937824,7.023350482279831e-25,3.0949656447453164e-24
PPFIA4,168.88835580631994,-1.6333138016286337,7.074455572337842e-25,3.1167206184637918e-24
CD24,44815.862201065065,-1.5244165711107331,8.010669877652479e-25,3.523124026583238e-24
CLEC19A,4.591543068147753,-1.798329668310974,9.421296662894166e-25,4.132381992641724e-24
OSR1,328.1997232984718,1.960002836232006,9.523867046334955e-25,4.175330326885767e-24
MUC13,25.51396896530736,-2.999799570983922,9.668174561799163e-25,4.237560438127117e-24
CDK5R2,10.0031003230308,-4.013918392759407,9.87909595489975e-25,4.324725489502832e-24
KCNH8,36.8754382222262,2.037664208374289,1.1314688721348428e-24,4.935118483613909e-24
CCL13,67.00077825500183,2.021805136458536,1.210042165868616e-24,5.265033129084978e-24
KCNH6,8.93895822899945,-3.196519089627798,1.2202086965403895e-24,5.30798178199291e-24
KLRG2,193.69096443493063,-1.8011750923233434,1.4377944017997878e-24,6.2423863406473245e-24
LIN28A,21.34029021940393,-4.923683400103856,1.4966606687165603e-24,6.491679729139463e-24
TCF15,24.61012997543156,1.6253293956926715,1.5132956120950472e-24,6.5622466078863045e-24
CAV3,2.090572469890008,2.115042139602106,1.6771665477392324e-24,7.264078332761956e-24
NMNAT2,195.63896457961016,1.853269947634364,1.731039342473799e-24,7.495600859399096e-24
ADGRD2,31.27076495527593,3.590243873851291,1.774654380826134e-24,7.682605116898467e-24
NXPH1,159.5037063520888,-3.827095820278757,2.033990542039081e-24,8.777760049627049e-24
SLC27A6,139.9803196808259,2.05135063347251,2.049673919473457e-24,8.84118961803647e-24
SOX2,61.78992602796836,-3.105787325872813,2.0683105330519262e-24,8.91943383924147e-24
LINC01411,102.3105313433692,-2.747140664181975,2.0777802641785958e-24,8.95811846718422e-24
VSIG1,31.55196404701516,-1.5920884820506047,2.0977297582303023e-24,9.039784529703304e-24
SPOCK3,10.555591048752769,2.4866762618924705,2.1312501485539042e-24,9.177622429961908e-24
PTGFR,146.60131788678584,1.9064725319853608,2.1663350619080423e-24,9.326467454625218e-24
FAM25A,15.47434081166885,-3.512407124512684,2.3151925967477748e-24,9.9506146002496e-24
BFSP2,13.139947263924125,-2.0205938362804243,2.4108089951619228e-24,1.0354130351648049e-23
LINC00670,0.7002229671049676,2.387985805708346,2.4316156054971907e-24,1.0440993162249722e-23
PCP2,118.7328954539264,-1.7060056772003442,2.4471641247214796e-24,1.050272974264583e-23
PEX5L,131.13442749309382,-2.2937556130423813,2.696954064400437e-24,1.156647794732348e-23
EFNA2,3.591881645146955,-3.822123423720037,2.907012200288853e-24,1.2449505231976897e-23
CCL17,30.55217376969073,-1.8405492243838484,3.051190973572168e-24,1.3057612885709273e-23
TPRG1-AS2,157.8335042900614,-2.4329892526925634,3.179464632705171e-24,1.3600074700658306e-23
KCNJ16,61.80008686369944,2.855399137990225,3.318762080680138e-24,1.4192532596693138e-23
PLPPR1,23.123543066343537,2.2499621568203447,3.480142161391084e-24,1.4875576689852698e-23
TFF1,6644.179917019396,-2.8840678067194245,3.880403720421782e-24,1.6562788858051486e-23
CXCL13,1268.4658758227413,-2.523152782539713,4.0960978046001654e-24,1.7466820105928082e-23
SHISA3,14.814413695506843,2.106983931351857,4.223121756565071e-24,1.7999927980950982e-23
HPDL,75.80739953610147,-1.9073585151394967,4.499375284488043e-24,1.91546358493128e-23
SBSN,81.26592852985112,-3.2422056245399884,4.9255364771732434e-24,2.0944034726634282e-23
HES2,198.4538781780928,-1.9094025207487144,4.999528416989669e-24,2.125362187028255e-23
PRDM12,4.482166424635075,-1.646386408405988,5.4568252996967765e-24,2.317568595923289e-23
SNTG2,19.6337148163186,1.9391246338131616,5.5611035457000014e-24,2.3601807479669075e-23
DRAXIN,74.00734852367728,-1.5359474458475904,5.7645017091482354e-24,2.445347959076972e-23
COL25A1,53.73182608689148,1.941091067980116,6.370599763835714e-24,2.6973582388454e-23
ADAD2,15.682707831949964,1.710405047256112,6.67824312429233e-24,2.822953936921121e-23
TRPM6,39.138362713690455,1.7589554738019002,6.751955668593248e-24,2.8534407093084603e-23
JCHAIN,7625.500846854705,1.9455524935261173,6.906372133051368e-24,2.918011338720832e-23
NECAB1,134.1720758913422,1.6268163703812986,6.91944323304289e-24,2.922845795049944e-23
LUZP2,68.43931802353099,1.9701410526859588,8.183022152647305e-24,3.451719546476333e-23
GRIA2,673.9715828088581,-3.232125754334635,8.267071631242933e-24,3.486353310247313e-23
DLGAP3,32.35101587971073,-1.6517415335428225,8.896343955445683e-24,3.742053350598156e-23
POTEC,25.19580888398733,-3.683633345084831,9.183725226360461e-24,3.858411741086679e-23
ECM1,4382.095064134996,-1.7089436873271389,9.723493937154929e-24,4.083275806419564e-23
ADAMTS19,79.29146528516078,-2.382379857384349,9.799744202622917e-24,4.1143334106660176e-23
ADIRF,4187.421711383763,1.537370118493374,9.82202592803202e-24,4.122723584856294e-23
CNGA2,6.841919186496086,-4.685599273360314,9.860575296447845e-24,4.13751204380623e-23
FAM83E,353.9756722976292,-1.896395821716501,1.0205505298823506e-23,4.28068225998338e-23
SPTSSB,888.0250227473558,-2.0587828916314272,1.1453784466182665e-23,4.791949369577565e-23
ACOXL,18.22232635135224,-1.6029705324611396,1.2180582437458546e-23,5.091273497734828e-23
SLC5A8,230.0384367450736,-3.575629963175644,1.2466948858352817e-23,5.207330780127629e-23
S100A9,4544.835304603554,-2.489952390704236,1.2709896650196769e-23,5.305103174950704e-23
FCRL3,85.45103136038838,-1.96696616020288,1.2798082844762565e-23,5.339428006659369e-23
ACP7,13.36311037340723,-3.0604889367398767,1.3647607438232857e-23,5.689885405939832e-23
SND1-IT1,12.16141984351317,-2.5541957285977803,1.4703051814710014e-23,6.122802547299988e-23
TGM3,39.06237842408714,-2.280947984521436,1.475351085753519e-23,6.140964946128773e-23
NIPAL4,31.36775547022995,-1.960003172018444,1.754753856513197e-23,7.288727592887224e-23
APCDD1L,233.8482730723378,1.8401725506711124,1.916466125404929e-23,7.947554461351066e-23
MAGEC1,9.22763189600042,-3.986416436044015,1.933347086082411e-23,8.015707050060718e-23
HPX,813.0260644223712,-2.01662705645045,2.054724794715004e-23,8.509111866228025e-23
C5orf46,133.6175370562765,-1.830932736692353,2.2499845068308565e-23,9.294134896540722e-23
TEX14,113.89838146503884,-1.698624723935674,2.415069677522717e-23,9.971470385059284e-23
CLDN25,3.0706107480063234,-3.707664226687511,2.495956082953929e-23,1.0298329720056404e-22
MYO16,53.184436338194345,1.7056527583639969,2.515525699894019e-23,1.0374303185221392e-22
INA,22.215042387860784,-2.8824214885230406,2.741497791580728e-23,1.1277724982146855e-22
TENM2,255.139700202544,1.7439849506037055,2.847623818999723e-23,1.1706245545963578e-22
COX6A2,4.275705088527783,-2.639170174505347,3.277603416274475e-23,1.3436901005626957e-22
EIF4E1B,8.528361808024837,-4.165919810720605,3.427896383821665e-23,1.4046625419341397e-22
CTSG,81.19023547523106,1.8204485463882047,3.808083962711677e-23,1.5590294005680657e-22
POU5F2,19.021639175554228,-2.8166687810193047,3.92672585230157e-23,1.606501794201992e-22
HMX2,6.0436889373143865,-4.353823503001138,4.101188558531903e-23,1.6755857808355294e-22
SGCA,23.22458361262673,1.5092529145418172,4.141071078714236e-23,1.691110137379341e-22
TMEM158,342.8414884722949,-1.6490293690520228,4.634520422223674e-23,1.8891829726574649e-22
LRRC10B,111.93606177933684,-1.6865693067431398,4.779622633462216e-23,1.9465626085984112e-22
PAGE2,7.15054291713307,-5.437052883383172,4.786461860726359e-23,1.9489056416808213e-22
SPDEF,5865.55201005542,-1.5137699896538974,5.1019840097137713e-23,2.0750226897167704e-22
LINC00898,6.730874045752827,-2.9138934251805555,5.237197508445882e-23,2.128567884293384e-22
GALNT5,756.9683564444815,-1.756201594949098,6.16048215611185e-23,2.495906340240936e-22
SBK2,4.533596722182865,-3.938144780950828,7.000148761078324e-23,2.831620139061981e-22
PCDH9,204.24037157878345,2.092093305156062,7.850000712050301e-23,3.171103394350081e-22
CCDC74B,406.6439467589759,-1.6121726162182222,8.223707431602849e-23,3.3168398775608345e-22
LHX9,9.581195518334098,-3.5603984948141503,8.388340877113628e-23,3.3817207076820256e-22
DNAH8,10.161219820476234,-1.9168217165623187,1.0291589538772752e-22,4.1332202928321007e-22
SNCG,935.6919397468512,1.7458468902566977,1.0651984902351144e-22,4.277001948708636e-22
PRB3,11.592687508553045,-2.3685366859878463,1.127215268358737e-22,4.521965297435541e-22
NKAIN4,9.868760451693015,-1.9752233223993143,1.1714175679580308e-22,4.6971881205450085e-22
EN1,471.1735714097946,-2.2207657742686866,1.2610920904548582e-22,5.045493081632547e-22
EGFR,2659.772778152385,1.705407930739637,1.4093433813796102e-22,5.624834883335348e-22
GPR26,61.02219225687311,-3.0753626846287845,1.4660642811438556e-22,5.848612152255523e-22
RGS9BP,13.7201052633919,-1.5070722747881156,1.5305243931194726e-22,6.1030510466968495e-22
GRXCR2,1.26337623848596,1.7315964009789455,1.537020138911398e-22,6.126230424839211e-22
ROPN1L,36.539988888892914,-1.6731410043864818,1.5758844424915213e-22,6.2755593511024985e-22
DCDC2C,1.066391980490988,2.243741933330756,1.6063618038650591e-22,6.394089664719302e-22
CARTPT,628.5519837358372,-6.582327871483492,2.135372471701041e-22,8.469744392617925e-22
BCAR4,6.031111006681572,-3.84540960259485,2.263397372746244e-22,8.9656517564147e-22
CXCL17,755.6716449821678,-2.4071294664600926,2.3165735513191702e-22,9.170217472947538e-22
ADGRL3,155.60919803554654,1.799630941742146,2.3225668781825337e-22,9.191914438047504e-22
FIBCD1,105.05924779836046,-2.291561500954801,2.431550783598874e-22,9.606285174129942e-22
CFAP65,31.183664771071744,-2.13316783022524,2.6067877784895503e-22,1.0285004374937662e-21
LINC00160,30.2128512724688,-1.706944962270078,2.764660130830537e-22,1.0895906300817737e-21
SLC26A9,24.11968910605077,-2.617688913855076,3.4680774458278626e-22,1.3620306782213869e-21
TMEM132E,32.76451477567287,-1.760812264210585,3.6250758840225984e-22,1.4227550669925965e-21
KCNQ5,147.24262180238563,-1.7226361269834098,3.702039099490456e-22,1.4526435513067301e-21
MGAT3-AS1,1.1087990222872683,2.092911338545956,4.004107621395725e-22,1.5691134998542232e-21
CDH12,28.58378100855673,1.559112071354513,4.689834706400814e-22,1.832231525618468e-21
TSKS,7.044980813731514,1.515181968154888,5.581389120077444e-22,2.173447186863491e-21
SCRT1,5.397110261934644,-2.364128033295366,5.773430057862313e-22,2.246767056132756e-21
CPA6,79.83125487694642,-2.567303971076847,6.035459736257369e-22,2.347719260945204e-21
MAP3K19,12.3889243799747,-2.235819216346755,6.891469902445109e-22,2.6737413173940544e-21
DIO3OS,61.12905203977311,1.6643776837031985,6.987131983917766e-22,2.7102701322831904e-21
SEZ6,32.49866323382719,-2.9207419946214497,7.0827018554229225e-22,2.7461538913938825e-21
LYPD8,21.88972365289837,-2.574604442485182,7.478820127591599e-22,2.897861117890384e-21
PGBD5,319.96808576973484,-1.7627670829597868,8.840546744965804e-22,3.4107669488640366e-21
GMNC,1.1347416660833394,3.1995223721163306,9.05717194471288e-22,3.491340351792222e-21
SIRPG,82.22833914008149,-1.5542609259664113,1.0927259526490349e-21,4.198688328551239e-21
CKMT1B,1041.9799470346084,-1.5732396720012038,1.1294400334656765e-21,4.3351169969001284e-21
SPANXB1,7.534970374557673,-4.9494360192017925,1.1602129217203172e-21,4.450376371814744e-21
LY86-AS1,3.628910439750568,1.534095573853418,1.1797517829517342e-21,4.5214579225300976e-21
IVL,29.86842129631077,-3.4677529319976883,1.1835585913200409e-21,4.5341108801551696e-21
TERC,8.507509874768434,-3.597909084019896,1.2134604752515259e-21,4.645686957096945e-21
MAEL,13.401976967382394,-2.1128205851428845,1.2880935744664868e-21,4.928262494717833e-21
ITIH2,62.40884302297724,2.267934507216293,1.40880670934439e-21,5.3843722241694855e-21
SLC5A5,16.902519625453213,-2.1213941958859803,1.4549717429809089e-21,5.558444316808479e-21
NEFH,300.32524123871207,-1.7713211175219472,1.5017859217361559e-21,5.736067811756829e-21
TNMD,115.33750391770452,2.675630863227568,1.5399566241593857e-21,5.879357800833194e-21
PROKR1,19.01167581654536,2.453378363091777,1.5932527954097362e-21,6.0776632994966636e-21
ASCL4,6.863776825184342,-2.748290149769958,1.7120427465145165e-21,6.523868134095664e-21
KCTD14,290.16112910670324,1.6046318623366762,1.785947720581278e-21,6.79971268790801e-21
PRSS2,29.2317136037002,-2.724661606082609,1.8324454222369583e-21,6.975265306877382e-21
ANKRD30B,508.786155832352,-2.415245240012539,1.890938047608325e-21,7.193341599805762e-21
GABRA4,2.326002051693972,3.256152659472149,2.1930733874008675e-21,8.321528624132198e-21
MYCN,93.69137539906228,-1.716875542392101,2.256333441846085e-21,8.547107300081515e-21
KRT2,5.142764223636436,-1.985495946362624,2.4588396931822518e-21,9.302428727485203e-21
GDNF,21.601260214236376,-1.9932411773757592,2.8302705557159385e-21,1.0662686301021791e-20
NOS1,8.319725118080244,1.932573047694757,2.8740326507768802e-21,1.0820738960457475e-20
HAP1,47.80137104695202,1.6532314011211726,2.8896631017324414e-21,1.0875024055680984e-20
EQTN,1.1392865393107987,1.753567722513545,3.049795536194398e-21,1.1458444535484144e-20
TF,1058.6079892626494,2.2082188264620504,3.5183244504686446e-21,1.3191143739910023e-20
NTNG1,120.80807260455316,-2.499083798540441,3.644708396074883e-21,1.365073000608802e-20
RIMS2,144.35872741372305,-2.034750835028368,4.4721873957685785e-21,1.6697655145582893e-20
TEX26-AS1,5.082387820084963,1.7506243445991765,4.483018393567446e-21,1.6734612451461254e-20
AXDND1,11.245554024215313,-1.5659696204966993,4.773914961305786e-21,1.7805680745306802e-20
MALRD1,146.7711287235108,-2.505766466918509,4.797344578549666e-21,1.7889349775040567e-20
COL9A3,377.8864105154958,-1.919707380108408,4.908150229987047e-21,1.8294941364122887e-20
CACNG6,31.322143646864568,-3.3542287360434537,5.2713004846798254e-21,1.963633296597359e-20
WSCD2,54.50857712976224,1.7905765694074751,5.529778722365255e-21,2.056930957589596e-20
MOGAT1,2.162913362777798,2.3776083809373807,5.5491955699554434e-21,2.0634165662185816e-20
HUS1B,13.752035112209487,-2.2476046668574234,7.374557283769211e-21,2.7318137056142595e-20
DEPDC1-AS1,2.0478393914387745,-2.7274059154716914,8.069358068264129e-21,2.9842654817999077e-20
GPR18,44.01119148684796,-1.5820920387191737,8.325372699525474e-21,3.0764103731524943e-20
OPN4,3.059486630179064,1.547535455181473,9.356156556290631e-21,3.450202902714326e-20
FGFR4,614.0515433013322,-1.759415282303406,9.754608517327828e-21,3.594920830456573e-20
FADS2,6039.081729762128,-1.5706686123524638,1.0612519915260258e-20,3.9054769761983193e-20
SH2D5,7.853574616743321,-1.818229121100254,1.1302030410323602e-20,4.155812165632105e-20
MNX1-AS2,5.712211312748894,-2.321950377877764,1.1349905999262538e-20,4.172561222101352e-20
SLC4A1,2.7645554711416778,2.2241418344730395,1.2069658684640276e-20,4.429902954329825e-20
FOXG1,8.487263076829857,-4.428250563078638,1.3167853138942104e-20,4.827047124109849e-20
CEL,90.39903094875852,-1.658631242608308,1.3426548621559654e-20,4.919869072192494e-20
SALL3,3.685344897483657,-2.730887291572348,1.407450930050663e-20,5.1541427528222653e-20
SYT9,321.74594186577536,-2.0464853688322218,1.4385132576505466e-20,5.265744980677561e-20
ZDHHC22,9.12575586444768,-3.052244804043851,1.5348750017691764e-20,5.611613087152833e-20
TMEM179,33.44206489496771,-2.9939962746873423,1.6643766572926442e-20,6.072707348202358e-20
FCAMR,7.748580853954452,-2.7610476194814253,1.6794605497167423e-20,6.126497276706084e-20
IGFBP1,11.591502937079117,2.758900168572512,1.714678679220339e-20,6.251156891493247e-20
LRRIQ4,7.72204330967983,-1.9984371419664464,1.718783632792881e-20,6.264849381847543e-20
DYDC1,2.94175693309353,-2.755153464964758,1.76055174757725e-20,6.414485392594147e-20
KRT3,3.40202649449844,-2.185421089191101,2.0116361907240914e-20,7.310004011007107e-20
ASTN1,59.35297623629888,1.7972119743358197,2.120447561328956e-20,7.697615019317578e-20
CLEC6A,3.9902789379467167,-2.6973954503560367,2.185116026772466e-20,7.92916521423764e-20
KCNG1,173.3540707115121,-2.184295144336728,2.2061478628599723e-20,8.003865194330639e-20
IDO1,537.3800660377308,-1.8656721346762144,2.272447166109501e-20,8.241065470628313e-20
SLC22A31,16.190005992415198,-2.280864590262549,2.2935236803643914e-20,8.315819139312718e-20
TLX2,4.699022984747431,-2.101449455058368,3.2158549334227885e-20,1.1606054087960281e-19
TNS4,1277.463998373766,1.5936760774177532,3.276393111538165e-20,1.1822159258685072e-19
MAGEC2,15.620905316893788,-5.433419128426978,3.3175890168027613e-20,1.1965993430655023e-19
HORMAD2,1.128760575396011,2.3394904331749014,3.3616469029394395e-20,1.2122466243236597e-19
C1orf105,4.030976625428854,-2.970182016156483,3.5830192178912874e-20,1.2897431664160733e-19
GTSF1,22.02770086883413,-1.6374526558266496,3.653623979375336e-20,1.3146306133128341e-19
TRPA1,280.1467319059334,-1.8335446389402457,3.8331546348720993e-20,1.3783993340309606e-19
GP2,1297.2070135093372,-2.566900999564865,3.9978230741634884e-20,1.435600104918744e-19
C6orf141,439.8189768967114,-1.6575751149626727,4.517283006432672e-20,1.6195429823661911e-19
HAR1B,11.934224407582304,-2.3413738990653967,4.817830410935435e-20,1.7245391760188596e-19
HOXB5,202.14109121612847,-1.9200329640429288,4.991638501567098e-20,1.7860411021359925e-19
TMSB15A,93.78932959554534,-1.76954173659313,5.373162178122245e-20,1.918345048233696e-19
TCF24,4.954236674315543,-2.816358877774799,5.412069066126208e-20,1.931467130520459e-19
ART3,120.01790723647156,-2.7730119289288964,5.733724120511177e-20,2.0426036453931416e-19
RIPPLY1,2.841948055024564,1.5268594921214935,6.330712399136493e-20,2.2517007589713625e-19
ABRA,1.5533847058361918,1.9361842109477985,6.749075396492704e-20,2.3967031251665363e-19
CHGB,366.6972183646026,-3.181976877345316,7.997550920485247e-20,2.8333278127776363e-19
GPR139,11.189517000202043,-3.89397166047365,8.064846906183175e-20,2.8554777601529383e-19
BBOX1,288.09630176678724,2.027161819704697,8.209482558876915e-20,2.906114717626501e-19
TMEM82,3.8636509817337874,-3.80495346951008,8.345055141467794e-20,2.95294161819164e-19
LGSN,4.604898264006659,-3.101027136602597,1.0395997612995926e-19,3.667107945107114e-19
SLC36A2,1.4779010341019971,2.430501769546599,1.3433686418323131e-19,4.717300764978283e-19
FGFBP2,169.69046672543124,1.857836906193136,1.4818257541817862e-19,5.194350719483879e-19
ESR1,17222.131934980764,-1.7057777071947176,1.7194492314865046e-19,6.009699456523929e-19
ZMAT4,70.55906693712122,-2.1719395416478564,1.7355161801524124e-19,6.064674262250224e-19
SELE,380.4010287804171,1.500055607279423,1.8038569867192101e-19,6.297355986320915e-19
NAT16,2.865102236012816,-3.8823894812527775,1.923565954446452e-19,6.706133181773292e-19
PRSS1,12.466397157360149,-3.3667349725604594,2.0097252471069181e-19,7.001069662994865e-19
APOBEC4,5.035755210204194,-3.821193051511103,2.0291131297245882e-19,7.067237189397905e-19
ZFP42,11.541655957503034,-4.2200207594567365,2.0528722879481811e-19,7.148600880058639e-19
NCCRP1,488.0182287075567,-2.2043456298857524,2.239394595853481e-19,7.781505931060199e-19
ACSM2A,2.184538298175219,2.689859483095771,2.2547156600643293e-19,7.83322706760781e-19
ISL2,8.145334932152402,-2.678391411564115,2.379711454796779e-19,8.264281467945309e-19
GCNT3,22.199778813570003,-1.90719494446852,2.540358046785061e-19,8.810240585912472e-19
PROX1-AS1,5.731242575923233,1.944465558609465,2.5585123008296003e-19,8.871486903591565e-19
DHRS2,4966.716955358729,-2.5833365910454287,2.707793783558772e-19,9.37642833889977e-19
GFRAL,0.4634019539613027,2.784925893697642,2.8595177411399497e-19,9.894173996724885e-19
SLURP1,17.91320404044525,-2.879397600358728,2.868955407410323e-19,9.924915332672225e-19
STXBP6,91.88367554278052,1.5622934930321362,3.078055286891741e-19,1.0625745299727857e-18
UPK1A,47.02308347267128,-2.2147940109955413,3.550062808040354e-19,1.2231629613570682e-18
CCDC83,5.607356091371037,-2.104328362972626,3.567448648956688e-19,1.2286813542587099e-18
RGS7,15.10050095587146,-2.010785070543609,3.626879921034661e-19,1.2489106371722505e-18
EXOC3L4,29.339359149275783,-1.6029405726525412,4.301228717661898e-19,1.478567971450672e-18
SLC7A13,15.184108836049669,-1.7838040847002046,4.3244809625397184e-19,1.4862763147253917e-18
FEZF1-AS1,7.695263876933968,-2.687203772826986,4.3265430091542265e-19,1.4867002634290205e-18
SDR16C5,577.8283099543858,-1.8742722798238165,4.545553594580706e-19,1.5607618389046344e-18
LCN10,24.444743333806183,1.6791419917682104,4.652826590758032e-19,1.5972894651724145e-18
GLYATL1,259.74627292260004,-1.7664888980717215,4.687491156301801e-19,1.6088818153917277e-18
MT3,6.816630450683087,-2.4303802310590825,4.86260604885275e-19,1.667391609795791e-18
ACTG2,2628.649158839255,1.9211690340618657,4.943202893295467e-19,1.694704484472562e-18
RNASE13,1.2065020413327865,1.5545754225165025,4.951224605496648e-19,1.6971303595230529e-18
PAH,60.87417281385593,-2.1718324435019194,5.625381346328999e-19,1.9256360717002584e-18
CCKBR,19.54291171624672,-3.268022418476054,5.778590598313703e-19,1.9765731928353242e-18
SLC45A2,5.00564742493989,-1.5090844518162048,6.237603710590193e-19,2.131753014324828e-18
POU4F1,14.925056008454035,-3.424964199463059,6.810587751063621e-19,2.3246944379890733e-18
CACNA1I,82.23338056803276,-1.5410561135759888,6.813900715971585e-19,2.325382929771665e-18
NFE4,29.373771482222004,-3.382334747252001,7.034813664283869e-19,2.398037545439016e-18
FOXD4L4,8.11302417455097,-1.5320820688776358,7.351745048360254e-19,2.505121784044367e-18
MAS1,1.1652622866272204,2.105247741067415,7.356042091333566e-19,2.506110106073468e-18
MAGEA4,40.82925717924999,-5.489763929143391,7.952640131878541e-19,2.7037168345287706e-18
MCHR1,41.95066226250024,-1.5521182221937655,8.078632534771457e-19,2.7455110265897545e-18
TENM1,54.86877493239134,1.6361710934497349,8.141389580639122e-19,2.76579126533488e-18
ACSM1,142.73241019309026,1.562326777384654,8.577040030263758e-19,2.9104842341727093e-18
VPREB3,32.161206130241766,-1.692119850325005,9.087610104631886e-19,3.079661486638613e-18
B4GALNT2,88.85726576575561,-2.178303845023368,9.230503587326326e-19,3.125724785261061e-18
IFNL2,2.340995999417052,-3.694596833868743,9.465306570151628e-19,3.2028184253215312e-18
RAET1L,31.94622450168954,-1.9671462235962287,9.475043215440382e-19,3.2055085870637683e-18
IL17C,2.5979608282870883,-2.6562268896686363,9.694767205913441e-19,3.2767546193805002e-18
SERPINA12,19.922843344682445,-2.0232165619745097,1.0257134620364252e-18,3.4635683783932282e-18
BRINP3,213.46422961979263,-3.501394586842628,1.0940891745700842e-18,3.688901944473053e-18
MYBPH,8.734441831257586,-1.5877316862853232,1.1147818252099192e-18,3.755847741563423e-18
TMEM244,3.088356999201577,-1.6672136852387494,1.1801950850782536e-18,3.972504334392081e-18
RXFP1,8.441954107583108,-1.5582085858988444,1.2041968569910598e-18,4.051773561193995e-18
TOX3,894.9899571956904,-1.501259368293994,1.2812792159865412e-18,4.307095213874578e-18
PF4,1.2177986980574005,2.4421717573967894,1.3086777233874864e-18,4.396725906846107e-18
ADAMTS18,105.68808202760952,1.6408238685216952,1.4566081362300997e-18,4.884577910019232e-18
SYNPR-AS1,6.336760827474959,-1.9684117534763,1.5705475194254985e-18,5.258799158158452e-18
NLGN1,47.08773420423251,1.8888836243474227,1.6123356714670961e-18,5.394695373635198e-18
CCDC60,9.85047608859568,-3.574838858815368,1.6272181993514472e-18,5.4414467702501604e-18
DKK1,208.41126946157564,-2.1349924491192485,1.6960266779983056e-18,5.6694304601344255e-18
PROK1,11.46137333920397,2.144533097750048,1.826731762258729e-18,6.097260926705848e-18
SCN7A,116.7073334885541,1.6718678224439172,1.995301097989601e-18,6.647546027167731e-18
PGA5,6.874005806543788,2.4107779109589527,2.097554051869225e-18,6.979141462403369e-18
IFNL3,2.283129178470338,-3.563649391107261,2.1753901628318616e-18,7.230079844759201e-18
LINC00605,8.836613773719343,-1.7294355791781009,2.185925647604464e-18,7.263749966780461e-18
PGLYRP2,250.10061282366533,-2.160159887475036,2.5533259023078797e-18,8.461104338137138e-18
FRMPD4,4.647798070942508,1.871929712551572,2.6751820661731573e-18,8.85346126805812e-18
DANT2,13.84300864192483,-2.259301239474884,2.679569286420176e-18,8.865330650824039e-18
ZNF350-AS1,28.35381970175421,-1.8013274918104527,2.8596013708741963e-18,9.453332166353458e-18
ST8SIA2,74.69805652514444,1.6324859451699638,2.8995191749631282e-18,9.583527735409537e-18
KRT86,270.0561093759273,-1.85307041725256,3.136245090915072e-18,1.0352608887303174e-17
RSPO1,106.61450328216569,1.7915902359548868,3.208897346829577e-18,1.0590482617529877e-17
PIGR,2854.229064849073,2.318666283084016,3.2109275434743087e-18,1.0595234247904189e-17
MUC21,5.3818225291608135,-3.393097419666448,3.3113074481977054e-18,1.0922445009275666e-17
SYP,234.2745257154964,-1.5538570718779494,3.49490668232956e-18,1.15047891226787e-17
HS3ST4,32.57969855090587,2.8025379660655463,3.961880276701456e-18,1.3003837513285337e-17
ZIC1,133.12838281575333,-2.445455391056849,4.016015662814412e-18,1.3179112116595065e-17
ROS1,14.703798947590634,-2.497246943024563,4.557585813401732e-18,1.491543312706195e-17
MRGPRX3,16.94318873529855,2.218070453764035,4.6087348797993855e-18,1.5074578688137108e-17
LOXL4,382.3759945785435,1.511071541391711,4.654012471630538e-18,1.5217128241789064e-17
MYO18B,34.535345694906255,-1.709800263718814,4.917888142592432e-18,1.6053590109273898e-17
NDST4,12.4694640744925,-3.961745792776884,5.076419444089256e-18,1.6559038448416216e-17
AKAP14,5.10086122810494,-2.315326920008712,5.2976874331037616e-18,1.7261976266499708e-17
NLRP7,16.61076770939797,-1.6693561254111913,5.579818580451119e-18,1.815160707172133e-17
HTR1E,4.29194310944642,-3.597738495243486,5.73028094970412e-18,1.861532858978669e-17
LDLRAD1,35.93759396319115,-1.802767482575237,6.4336800048939594e-18,2.0861213228734585e-17
RIC3,172.29115179485825,1.5262878068542618,6.789641058595201e-18,2.199157385477117e-17
GLB1L3,21.06342245544919,1.7472765015905602,7.094363850017155e-18,2.29619886227828e-17
FOXA3,36.805178494024986,-2.186969969704378,8.274084011733745e-18,2.6688866350269697e-17
HDAC11-AS1,2.471241087613482,-1.552977895314015,8.721257937359853e-18,2.810096111114836e-17
NPY2R,77.2682876258797,3.558788577543861,9.47270844179533e-18,3.046751752636232e-17
REG4,4.279835907009756,-2.282097364262168,1.008328313794189e-17,3.241656745557662e-17
PLD5,16.933824735981467,1.919815803701904,1.0883621601864109e-17,3.491163854555766e-17
KRTAP5-10,9.600605805169854,-1.5827374405420829,1.1254488730556916e-17,3.606903836062034e-17
LRRC31,198.76402160940293,-2.3973100672209906,1.1388561568671589e-17,3.649220514075767e-17
PGA3,8.270347167779745,2.4312642374274227,1.2176654569238145e-17,3.899658925404413e-17
PAX5,90.6109327355088,-1.9964379913089856,1.375985562873872e-17,4.3972724737682566e-17
LINC01266,7.621799842703263,1.8668447025330928,1.3890031963635613e-17,4.4380828624550826e-17
SMCR5,7.604493305995905,-2.615704647628218,1.6121538330827206e-17,5.142842378815349e-17
PADI3,57.33685322469381,-2.2935802339716784,1.6458680274811598e-17,5.2494589202136377e-17
CNTN6,12.004008350787435,1.620650355928989,1.8138695086643328e-17,5.775030955193893e-17
RAB3C,78.45046639667707,1.5983173342221344,1.8309027592556777e-17,5.827822796535734e-17
DNAH9,35.11781411799337,1.5740736638041617,1.90884411656094e-17,6.070949809920155e-17
NGB,4.3556765156587645,-2.7951334798786323,2.2278609996773225e-17,7.069272816659571e-17
TRIM29,2355.700010421074,1.6840408197344612,2.908455839974677e-17,9.178566935016814e-17
PLA2G2F,3.336364954902844,-3.099770898917081,3.158625635146598e-17,9.947065355751238e-17
PRMT8,7.455964973229138,-2.279630665559586,3.253905967658935e-17,1.0238135837922484e-16
SHOX,1.5386765643219864,2.28119919410031,3.4446106091552815e-17,1.0826781007301171e-16
PXDNL,194.41740380587612,-1.710916410771487,3.546693914493755e-17,1.1139834693099238e-16
SOWAHA,301.4567647394752,-1.7723007950282126,3.747091569388543e-17,1.175280739750184e-16
HOXB6,299.6600402863474,-1.5552957185701308,3.757378405922813e-17,1.178301260326441e-16
FAM83A-AS1,6.136978587814829,-2.4166813068226465,3.793682780970295e-17,1.1894783124538002e-16
NELL1,40.61139571215366,-3.1705979283051784,4.1696558697666143e-17,1.304626066732208e-16
LRRC14B,23.087947748772283,-1.7464778545684567,4.2024125579072555e-17,1.314416784714795e-16
LINC00896,8.82002148266541,-1.549688390537012,4.2507127698948815e-17,1.3288290930835148e-16
SLC1A6,24.18902187548591,-3.194981442436385,4.361691682387328e-17,1.36186176350719e-16
ZSCAN4,2.02513316816166,1.6715427926934323,4.5281800330112776e-17,1.4128614590915384e-16
HTR3A,12.61225432539317,-2.3290513546573828,4.692467356898631e-17,1.463612623886477e-16
SOHLH1,4.261682258889187,-3.3494613022125974,4.898284305996638e-17,1.5267468053987088e-16
HGFAC,10.270161966768216,-1.649743679097784,5.019465054427117e-17,1.5631600301395375e-16
HS3ST5,9.625533305405783,-2.582723950503506,5.087139345723418e-17,1.58396023632936e-16
SUMO4,6.540378064582179,-1.6969280284663155,5.107383583509065e-17,1.5899876999043486e-16
PBOV1,6.327008361086096,-2.8676564090528425,5.698086583841442e-17,1.7711149430183755e-16
IFNG,13.590128642883773,-1.871978709143576,5.969886065454153e-17,1.8539916157582087e-16
UNC13C,7.797559013684543,1.793447595754399,6.287302572882294e-17,1.9515543568206172e-16
MAGEA2,25.70081561213816,-6.683462226343702,6.424519560201628e-17,1.9931116699214726e-16
PTCHD1,186.7141954905919,1.9827006216257217,6.860591394804161e-17,2.1247230236169462e-16
PAGE2B,4.408842421879319,-2.8881883739209746,7.373957741495814e-17,2.280956692180673e-16
DMRT1,5.392017953695605,-3.49836204416008,7.497951488992202e-17,2.3181123624823585e-16
USH1G,10.280206893401887,-1.6968289153325251,8.206199432421975e-17,2.5331505696779617e-16
FCRLA,64.90450617204823,-1.658529205338512,9.143957563630911e-17,2.8177773402334383e-16
DPRX,0.3439462502321492,2.243850374079028,9.738233289012203e-17,2.9983331869944233e-16
CHST8,364.8095955946556,-1.8639590777264623,1.0404835491897024e-16,3.2002805633630474e-16
MYCNOS,2.7357900575502883,-2.4395041149808376,1.20719034199789e-16,3.704775696393046e-16
RAX2,0.4290258422769818,2.45408647208139,1.2221889896247398e-16,3.750164026988087e-16
CNTN5,15.06670252179887,-2.602737768449046,1.243858172601352e-16,3.814696812366888e-16
CCL25,3.481395918338636,-1.8379548415822733,1.3501567026047974e-16,4.1329259419209287e-16
LINC00628,3.0914798004456445,-1.616108296232963,1.477181888935418e-16,4.515596561338524e-16
NEFL,28.407270543046245,-1.779071403011289,1.7039281818361198e-16,5.197227145141484e-16
POTEH,9.576213012432133,-2.1437215669575176,1.7601495280717504e-16,5.36506253299125e-16
PCSK9,46.365185216764814,-1.6068813159146305,1.8086746093816332e-16,5.509227158503488e-16
ZSCAN1,35.171373290719686,-1.5686679531231835,1.843978383706783e-16,5.612951334560562e-16
AMER3,8.443850068473363,-4.249080350152289,1.8625498816740781e-16,5.668520196193974e-16
AGMO,29.638342542259508,1.6138821797759706,1.935628176265181e-16,5.886934236424139e-16
GPR52,4.626226225745924,-3.891114410765703,1.9538228728378692e-16,5.939250826732633e-16
MS4A1,279.9512192551372,-1.8988178946195111,1.9796605375430667e-16,6.016773151367342e-16
IL36RN,7.7977945339302,-3.0089863118186413,2.683850757608317e-16,8.119881637923393e-16
C12orf56,13.033565126630238,-2.338940467954997,2.7803900962381606e-16,8.406288102257381e-16
CYP2A7,234.01210876941803,-2.808932578627499,2.788127197769717e-16,8.42826051832544e-16
PSAPL1,7.825616619484295,-5.076197148330497,2.884480391552727e-16,8.715123109281386e-16
SPAG6,201.72938312647045,-2.4755311074476385,3.264605262828646e-16,9.853671461092893e-16
KCNMB2,9.140102830189823,1.5521400833565628,3.498579519547352e-16,1.0540381279173555e-15
FUT3,199.5511544252201,-1.850985458123656,3.7011027852337763e-16,1.1144921694619045e-15
KLK2,21.27997724515964,2.0737925316585715,3.8963587779830253e-16,1.1717154669369437e-15
NXPE4,3.086435750186464,1.6534265054581312,4.016395530843428e-16,1.2072060536927053e-15
LINC01087,343.6972180132207,-2.093469590206426,4.4311724360115397e-16,1.3283153723987816e-15
SLIT1,107.05821704208556,-1.8307600811089768,5.873400512427716e-16,1.751284459870437e-15
CSN1S1,27.37223459457431,3.5250163972965507,6.697353738970164e-16,1.9916691331136995e-15
TDRG1,2.2471797386000025,-2.495176382691964,6.770514382562564e-16,2.013092130583308e-15
SLCO1A2,35.19724370281503,2.4661077856994043,7.044211743395314e-16,2.092737343104065e-15
SPHKAP,37.41278384941322,2.706136681567074,7.470227699295386e-16,2.21563249315961e-15
TACR3,6.220162881070013,-2.274041199472872,7.594266316235395e-16,2.251677375719232e-15
OSTN,1.7747885857785928,2.3441814006925537,8.143495528983222e-16,2.4125290370162614e-15
TRIML2,3.832793831544976,-2.488691965326213,8.516317359843249e-16,2.521313293268888e-15
LINC01505,7.799187919874761,-1.6159720193689633,9.59745760465434e-16,2.835310820841579e-15
LINC00870,4.055865435855292,-1.5001225293413172,9.762660007282682e-16,2.8830133214096488e-15
P3H2-AS1,1.7239938954716194,2.041580860222525,9.939880120569692e-16,2.934055089381519e-15
TMEFF2,2.498419910419868,2.14285038699134,1.0276384228580265e-15,3.031389751728493e-15
LYZL2,4.015209788569143,-2.8786989386209574,1.0619014493778886e-15,3.131431324180252e-15
CALY,7.221390829875461,-2.039004477836096,1.1295821517243037e-15,3.327733070192236e-15
ELAVL3,6.031434139759448,-2.847956798829118,1.1528514693703422e-15,3.394055252892768e-15
LCN1,1.440642694757856,-2.613201547369356,1.1794134650198398e-15,3.470546936096426e-15
TAS2R30,8.482003879023676,-3.155776814732855,1.3634448843508748e-15,4.002888580626979e-15
DLX6,21.503584241688525,-2.34304762939422,1.5715549583455953e-15,4.598073075583461e-15
PGA4,4.241043565965656,2.5370157258093573,1.5983169100812309e-15,4.673325506680398e-15
TPRXL,42.95855114122127,-1.6566324390215623,1.705020821965884e-15,4.979637634986299e-15
ELOVL2,1415.0601982026762,-1.6489438367259686,1.7169368883964077e-15,5.013623356449982e-15
OGDHL,45.47960840323343,-1.9386483966934889,1.9140939072368774e-15,5.58026012533851e-15
CLIC6,2954.2202011649656,-1.922865550672537,2.05421934262913e-15,5.981972068181939e-15
SULT4A1,53.745514317655214,-1.7038942162128965,2.1497991846603217e-15,6.253200935247984e-15
EGFR-AS1,37.600066791264496,1.6197575463831284,2.1599943573094308e-15,6.280819761393684e-15
LINC01612,1.731907009963634,2.9295858983615184,2.166213368993744e-15,6.296862577875221e-15
DNAH3,31.177450601539427,-1.635187583240152,2.1695789751874103e-15,6.305624413793796e-15
LRRC26,205.05761168080616,-1.57759562358565,2.2078232860273192e-15,6.4115845678061525e-15
SORCS3,9.185482838377672,-2.2850792167910385,2.593984719165486e-15,7.51719344326639e-15
SIX3-AS1,6.3236960232073285,-2.9618107791901096,2.607039075244824e-15,7.553804160534977e-15
STRA8,5.377858556723635,-4.309317991610842,2.815752226173706e-15,8.138830210447967e-15
C7,1001.6709937927548,1.7169426812869797,2.8405183910248488e-15,8.209093575221434e-15
POU3F2,5.695645460640541,-2.153786331717741,2.8495636950145243e-15,8.233908364467089e-15
CLEC4M,2.250823175455767,2.1557451229621987,3.282311247201805e-15,9.464533668614684e-15
BRINP1,129.87341500271265,1.7098461786484491,3.4573853860838696e-15,9.958157843962912e-15
PSORS1C2,16.76490713075153,-1.6874015669729072,3.6297914799487366e-15,1.0448023470676951e-14
C2CD4A,148.07128294037395,-1.9559784069188737,3.72727956668885e-15,1.0718318036003964e-14
DLX2,103.01030528029938,-2.098510809632027,3.7994083980864706e-15,1.0920484429803561e-14
KIRREL2,17.876976420415918,-1.9511680894817467,3.852433104600549e-15,1.1067572787216178e-14
CST9,407.8200176695881,-2.902152979392727,4.290911303770419e-15,1.2309530365284796e-14
MT1H,7.619714587796938,-1.717798322926907,4.421560680691087e-15,1.2674198858517708e-14
HOXB1,6.311530423637803,-2.1136337649745087,4.530578982266126e-15,1.2980474095127471e-14
AKR1C4,2.076437542523031,1.611123293330842,4.722667557392043e-15,1.3528213849089651e-14
PNMT,151.6493380595266,-1.986353090281014,5.168900916963695e-15,1.4783353212304198e-14
OTP,2.005210415293994,-2.8740676167530497,5.310710370981213e-15,1.518167705860871e-14
LINC01152,119.89026579530822,1.903011587286334,5.728226690646642e-15,1.6343981513271322e-14
GUCA1A,3.6947493471554895,-1.5606096421059223,5.906003583322326e-15,1.6843186315819423e-14
MYOG,2.7012965553464072,-2.9146431497170955,6.114251202910002e-15,1.7428772610804938e-14
FER1L6,9.996062632538568,-1.6169215043367802,6.552080853284299e-15,1.8635368335922253e-14
GALR2,2.281535465076701,-1.6314557699935006,8.299444420858756e-15,2.3526892683710823e-14
CDHR4,17.41642432062322,-2.112824674038823,8.451128424108637e-15,2.3934193251610702e-14
MYEOV,264.693126838892,1.7555802286560678,9.915859815281071e-15,2.7994051058118872e-14
SLC16A12-AS1,0.6200450295096871,2.118483441962706,1.0708819853735848e-14,3.019944420170298e-14
CNR2,19.12976371619478,-1.6412419094033734,1.0847651061161416e-14,3.057653952897902e-14
FGF16,13.31587353214892,1.5066740452112393,1.1723142792883247e-14,3.298213770390357e-14
DMRTA2,5.539627528777732,-2.8731012595366234,1.2311071177684131e-14,3.460367500193672e-14
LINC01215,17.573454025979718,-1.6288775964025557,1.2938971628941879e-14,3.6340101253675554e-14
BARX1,40.73826691099595,-1.9254073738906337,1.301151909013842e-14,3.653813748880185e-14
CWH43,45.93894658323098,-2.18699939402284,1.30136148200676e-14,3.653830454252746e-14
EDN3,113.29877566703378,2.353825896682945,1.388677673934032e-14,3.8922886880775176e-14
ARL14,2.9072932251197807,-2.7854505388126563,1.4247162046950517e-14,3.9908066776534517e-14
CITED1,205.73217598789927,1.6894593214462132,1.4278593482832788e-14,3.9989867559848855e-14
TBX10,13.948458469367443,-3.427676919522084,1.7272517957195612e-14,4.8194380691015087e-14
SLC25A48,118.90931029272646,-1.7869756452986774,1.7549432124416223e-14,4.8959423202817896e-14
OLFM3,11.379514566045115,-4.264576623699756,1.913162531306221e-14,5.3290575072584345e-14
ADGB,5.168867201071919,-1.9560548735846977,2.167700717727849e-14,6.018446801625951e-14
LCMT1-AS2,26.58247314813742,-1.7078937414744104,2.2786815689899922e-14,6.315826702804511e-14
PLA2G2D,178.43130301005183,-1.7239459322537705,2.4547387591129764e-14,6.796456147743133e-14
LINC01239,22.645848636028017,1.5270769701706288,2.640441461586911e-14,7.29597807002087e-14
SLC13A2,224.41046209788283,1.8182358907123275,2.6491373987225806e-14,7.318879366078214e-14
PSG9,4.905383162627311,-2.485791942794282,2.7636791656592234e-14,7.62710842026901e-14
ITPK1-AS1,4.68545744759633,-2.662962492114312,2.855854419101913e-14,7.879066988985967e-14
SHH,6.412471469021768,-1.8564232335483883,2.914124658945953e-14,8.034888272914289e-14
MYH6,2.215218312923369,-2.551919905908758,3.1403125889243016e-14,8.650119583236093e-14
GPR158-AS1,2.960794974414181,-3.105315613437691,3.140633586980781e-14,8.650119583236093e-14
TPRG1,2104.645067910624,-1.5546504043993232,3.5374676619302955e-14,9.699948496247393e-14
KLHL1,19.947069576103715,-5.779368681386705,3.5891225424073226e-14,9.837057415756374e-14
GAS2L2,20.244270559619487,1.523094828546651,4.2012476096649766e-14,1.1479699574817781e-13
FAM216B,4.02836493399204,-2.408847259262542,4.249263422341675e-14,1.160559860738189e-13
PLP1,131.57683674502746,1.6132338226575154,4.5453002612731256e-14,1.239338518284227e-13
IFNB1,1.5618954022871137,-2.879907323589681,4.6118206135967344e-14,1.2569032364881501e-13
OBP2A,45.26640306290133,-1.741130923572501,4.6146229987061086e-14,1.257476007422664e-13
KNDC1,138.61594005672694,-1.8339228575300903,4.7260512100075596e-14,1.287253535403395e-13
KRT81,1951.9445489878635,-2.07233999464154,5.186774612760122e-14,1.4088931827333884e-13
F2,1.6269141207083384,-2.18296582382828,5.2208885198962494e-14,1.4179449614199836e-13
CCL24,6.860607227065457,2.077084315915151,5.4954892083392826e-14,1.4911697921433552e-13
TEKT4,8.655541422306632,-1.5237532545927766,6.506522318650294e-14,1.760980942471506e-13
SHANK2-AS1,6.462191619285775,-2.558821503722682,6.720090980122348e-14,1.8176863513312538e-13
SLC15A1,53.64896098815003,-2.127474866670084,6.924426017029585e-14,1.8715454202376695e-13
CYP1A2,0.5157787252356305,2.7168195697257804,6.972459980709099e-14,1.884244305630181e-13
CHRNG,3.445824439020857,-2.2298976914751067,7.026276997812427e-14,1.8985019492357497e-13
DAZL,3.678045289694481,-2.157686543682971,8.129534059033903e-14,2.1900068931887757e-13
FADS6,5.626235281651412,-2.5647327902826995,8.39775146569667e-14,2.260904010509543e-13
GACAT2,7.635698940559425,-2.209118661846892,9.255286330194481e-14,2.4869250959719953e-13
IRX1,399.2889792235816,1.5612494569694324,9.468126592916325e-14,2.542973560594081e-13
CREB3L3,2.413778380552412,-1.7836671341944044,1.0223340157729277e-13,2.741707006281484e-13
IYD,102.15763695578742,-1.8540764724661856,1.1264047712991013e-13,3.01629715209537e-13
PRLH,1.3532657589560322,-2.750944366420044,1.1410377700075373e-13,3.0541142221084797e-13
SLC18A1,4.974939809582661,-2.0046367801478024,1.29439349958845e-13,3.456853245514979e-13
NKX2-3,3.471961892459609,-3.6251230481540406,1.5389298070102916e-13,4.0916515716391577e-13
ZIC4,40.21252306755028,-1.908600868550718,1.5813843307280188e-13,4.202037676674601e-13
NKX2-5,29.26677922526536,-2.838336472248759,1.761280005478143e-13,4.67106243250071e-13
ZIC5,19.92816463235043,-3.114563411413528,1.8329307853984325e-13,4.856062308163217e-13
SAG,7.616323115867834,-1.5460334750396014,1.954201246264753e-13,5.170478791355754e-13
SYP-AS1,6.829886257692243,-1.7064408743677468,1.971069202290922e-13,5.214339638199662e-13
NDP,292.6204051324172,-1.791841065367766,1.999414236309647e-13,5.28776552046283e-13
CTNNA2,16.465157843479513,-2.1637965861474853,2.1693357201178442e-13,5.727863472895024e-13
C10orf67,6.531967467412424,-1.87953750824961,2.1807687756425357e-13,5.757203900269185e-13
MIR133A1HG,9.019238761792757,-2.218184447210716,2.4654884108704336e-13,6.495481433660118e-13
HBZ,0.7077459966853018,1.51516570191113,2.74223507168245e-13,7.203435240267879e-13
UNC93A,2.542286247649732,-2.9666424758539782,2.9974623013126413e-13,7.864667865880104e-13
FCRL1,25.07706100635849,-1.8513007751391224,3.0611976914068005e-13,8.027200259331233e-13
ANKRD1,21.706446919025588,-1.5695534682565404,3.067490583949406e-13,8.042526452131522e-13
TTC24,6.773071963699111,-1.5811063340953502,3.077911956573892e-13,8.068670876371353e-13
SH3GL2,26.2342829354223,-1.6962966832802278,3.4556268885345093e-13,9.02981926428764e-13
BLK,45.810814367509344,-1.5652568796049455,3.662893447780446e-13,9.557504729820027e-13
NAT2,27.070559841132244,-1.5312322851244589,3.802960578506273e-13,9.9157693433183e-13
RIMS1,129.28456975979014,-1.570515827477043,4.289297380862267e-13,1.1154659739448192e-12
LINC01606,8.638989221803461,-3.440480060165421,4.57763018837834e-13,1.1885544219398196e-12
ABCG8,2.622260791211286,1.7357247133026628,4.60345804362241e-13,1.1950875453524382e-12
LINC00165,3.337961810424824,1.6617943224342584,4.903283891566957e-13,1.2712689806426454e-12
C7orf57,6.757917015589037,-1.858311046944653,5.083319110308087e-13,1.3171852435432249e-12
CHRNB4,10.77320773519882,-1.6003933683511251,5.142453819291854e-13,1.331935366541377e-12
VCX,4.958623225589932,-2.9762683034227697,5.240537185637531e-13,1.3567479333296765e-12
RBM24,395.37389686216,-1.5908498291366728,5.609884658566189e-13,1.4496510701801797e-12
CYP2A6,583.4952978706457,-2.372910810945964,5.962370901193512e-13,1.538300265291393e-12
OR7C1,3.175987859697812,1.539184141629407,5.972853644435888e-13,1.5407832920609197e-12
MAT1A,90.2329682661981,-1.5781205395591529,6.301229457958251e-13,1.6240916603505148e-12
PTGS2,318.1994292962342,1.5433827929828785,6.538856348460744e-13,1.684370346206999e-12
PRSS33,22.40663685980613,-3.291189243260931,7.123629877783829e-13,1.8313239903574936e-12
IGSF23,4.721494869283151,-2.224703498185829,7.647668601883107e-13,1.9623876074959312e-12
CSTL1,1.703734375804989,-2.687788713326771,8.720283808394918e-13,2.2318752340299297e-12
SHD,2.970489240287672,-1.8683027860014976,8.7854615396767e-13,2.2482361932110484e-12
R3HDML,1.5869188852404137,-2.801526194250336,8.914744003715675e-13,2.2803444961179482e-12
IL21-AS1,3.101886635552645,-1.9232425429783988,9.260836388019741e-13,2.3665116511909175e-12
SLC15A5,3.740995565254559,2.033862548953793,9.460568578047105e-13,2.416862792774448e-12
RNU12,6.834240994793694,-4.478030013956389,9.586673835445781e-13,2.4466402404101707e-12
KRT5,10211.319017310894,1.7469227472095168,1.0760207192465304e-12,2.738739827824077e-12
IDO2,5.271687244015853,-1.5118613735494797,1.0849753114492516e-12,2.760748296744948e-12
LINC01555,1.6215240967189664,-1.95616247971538,1.266020160432403e-12,3.2095882677026054e-12
TRDV2,3.2952897872992595,-1.6922095486607605,1.2700278386980166e-12,3.219293620228452e-12
CROCC2,11.379728771718876,-1.9663980201601312,1.315144435572629e-12,3.331303183500177e-12
MAB21L2,10.069442154704069,-2.338104802814532,1.3286044087316032e-12,3.363498520073348e-12
TEKT1,14.117451989829837,-2.032319118683059,1.3733271855254146e-12,3.4762283844079616e-12
SCN1A,19.315569026968312,-2.402078840847682,1.3949356092779724e-12,3.5299287227307764e-12
DRD2,53.21089704020885,1.5279904310493329,1.486732985123297e-12,3.7590441996692175e-12
PRDM13,5.462462112650903,-4.230285296617631,1.5530025769927688e-12,3.922178499867451e-12
KLHL34,10.879396776366224,-2.067282661949822,1.5704096786172493e-12,3.964529514181965e-12
RD3,3.70378262851788,-1.6209244493603951,1.5737221321617216e-12,3.9722703530046316e-12
MIR202HG,0.4816209437437785,1.6721903838458003,1.5777948290741473e-12,3.981990212785724e-12
CTAG2,14.893234332485637,-4.004939150381573,1.671427888994615e-12,4.212373882039238e-12
MARCO,247.51203171320407,1.6227495169634116,1.7038954138715133e-12,4.292993443767261e-12
ZP4,2.165659809786398,-3.534150742468252,1.717470998027002e-12,4.324768395817643e-12
C4BPA,57.81689643735962,1.9666597347202788,2.002282179748945e-12,5.028544637286924e-12
BRWD1-AS1,2.8417986231420707,-1.5373861685765204,2.044919947690676e-12,5.133469997392486e-12
WFDC13,2.8908430704386743,-2.367079720594579,2.0608425144994847e-12,5.172717594094104e-12
HBM,0.4550933812119006,2.3422176606942657,2.072637284911116e-12,5.201594886775532e-12
CFAP77,9.809528233932284,-1.6908837194173216,2.194444475264444e-12,5.501133230531599e-12
FLJ16779,11.871868079655025,-1.5296916287051436,2.2590618822668295e-12,5.659166049894735e-12
LINC01264,1.1613788484869474,-2.2445234471487248,2.2825883041488186e-12,5.7173038148585145e-12
KRT15,7758.485381607667,1.528454473354264,2.3333180670126936e-12,5.843553299996619e-12
SP5,67.00945718247377,-1.591208305561446,2.4299086610473296e-12,6.0803627128480376e-12
MAGEA9B,9.135843401072252,-4.005477660098064,2.574116453499082e-12,6.437623085935544e-12
MROH9,4.044600554617528,-2.2265477087053216,2.7003045878189774e-12,6.747565175299225e-12
OR2L3,0.3307873388731622,2.2143869161651595,2.793712895322134e-12,6.975147376326753e-12
SFTPB,21.65984890453599,1.90770694251895,2.8533141341186533e-12,7.120983146401268e-12
GS1-24F4.2,2.481673547039189,1.536452329210925,2.9961085652308057e-12,7.473196009800052e-12
NMRK2,0.8232597147325225,2.14842841704142,3.554706993279152e-12,8.837027194153659e-12
CALR3,1.958598575294272,-1.5835542842327517,3.5759878614142725e-12,8.887469000722674e-12
VAX1,7.463161629764398,-4.242001918764846,3.722127871211066e-12,9.245551290283968e-12
KCNJ4,2.591751054789443,-2.879506450013502,4.075267274592544e-12,1.0098963675637152e-11
POTEG,2.5893948935767184,-1.6618122183145716,4.1089433887216395e-12,1.0181010793595844e-11
GRB14,356.975497171144,-1.5666560711773254,4.654917305581643e-12,1.1503627066706656e-11
SIM1,101.00949730062445,1.529282381047627,4.947119423713847e-12,1.2207248478977071e-11
ATP2B3,5.1801342381656434,-2.176143671062756,5.048337753015332e-12,1.2451872527849775e-11
SLC38A8,1.6808129740579998,-2.219275978505241,5.051499342070295e-12,1.2457958245479576e-11
PLA2G3,45.40828660632385,-1.9427888633927848,5.080090123211188e-12,1.252330501042747e-11
RNF113B,3.2939825153272246,-3.353963576614008,5.269873490772045e-12,1.2973331035589735e-11
KRT14,8687.509484233604,1.7949961303216024,5.504288712365591e-12,1.353741182218862e-11
TLX3,6.500973913355165,-5.044313605730088,5.659721499562648e-12,1.3910155127811552e-11
MC5R,3.38988293778801,-2.007667968882115,6.166274660582777e-12,1.5128196952351288e-11
TREML4,2.0132568557367807,-2.0648311715999594,6.431201269216554e-12,1.5760922640647615e-11
GTSF1L,1.4010970160304337,-2.0535294208449604,6.4322511414079494e-12,1.576134295799867e-11
STAC2,2021.6452726841103,1.845802620248484,6.451654894965133e-12,1.5804572755666124e-11
PCDH10,113.60804903125332,-1.831427520985588,6.885827595329275e-12,1.684057385451663e-11
SGCZ,1.6966178671736607,2.4548065443115887,7.134832513646983e-12,1.742581116440472e-11
PTPRQ,63.38520287819573,1.9650546519597505,7.295515621793136e-12,1.7813407581637777e-11
LINC00858,7.183168492315353,-3.0403663963896457,7.492429369268731e-12,1.828177217869977e-11
SERPINA11,479.9618632388663,-1.6443597499686209,7.601280968365149e-12,1.853729079863336e-11
PPBP,3.3938477729906977,2.118565299453641,7.815983663428928e-12,1.9047943889252843e-11
WFDC6,13.776622175136032,-2.221238296752355,9.14207111230186e-12,2.2201288948321096e-11
SLC35D3,4.534169054524496,-1.6997792254421806,9.532512443902252e-12,2.3111931265150924e-11
CST9L,15.485845959157006,-2.6249159778890148,9.715447725206905e-12,2.3549100902487196e-11
PPP1R1C,20.36208339968465,-1.6529620161862897,1.010035300220749e-11,2.445233867668797e-11
ZFR2,18.60138240217044,-1.915753566641664,1.0761951196119042e-11,2.6022429896666228e-11
ARX,37.54142790310414,-1.867403413366724,1.0888448502117944e-11,2.6314117161212712e-11
COL9A1,23.72337897648647,-1.9990978189731443,1.0941688421748952e-11,2.6439221255031403e-11
RSPO2,3.150090511137789,-2.28775115883268,1.0979640975452722e-11,2.652735662629913e-11
DSG4,2.168236809439545,1.5183746658236243,1.2466693919837524e-11,3.005540181345755e-11
SLC5A12,13.08249340699851,-1.9835444256913144,1.2501023327153935e-11,3.0134116413547856e-11
CRAT37,3.977151987523933,-2.0987522131908425,1.3830099907812026e-11,3.322186248270133e-11
GNAT1,1.3268416402052918,-1.9170016235519065,1.3885001917689574e-11,3.334481723916244e-11
TBR1,4.018078774280944,-2.3478886341592062,1.5266224898898355e-11,3.654444231401176e-11
ANO3,88.86106438281352,1.5373617818398349,1.5643375811898868e-11,3.7417320123795426e-11
TBX20,9.571362068440862,-2.2804625503988283,1.604411590622711e-11,3.8365620445274417e-11
MAGEA11,5.073334326895032,-2.6456688564010533,1.7122646344874032e-11,4.091195286450328e-11
VCX3A,3.29713755875348,-2.8883726499336944,1.862689129444544e-11,4.4429208744852965e-11
CYP2W1,2.878121940669036,-1.9104981598405368,1.9316059168887428e-11,4.603630837116696e-11
KRT17,7534.254661951417,1.547715670081926,2.0686380469791835e-11,4.9236823338631746e-11
LINC01214,1.6706493911932463,-1.897415608200388,2.154915412172593e-11,5.124957210871439e-11
GACAT3,3.281645522965391,-1.7771569852113542,2.2918458567699174e-11,5.4441199435900727e-11
LINC01234,6.095000862107686,-2.3475449702530247,2.4384107830941008e-11,5.7846170137282596e-11
LIN28B,6.1216688538296005,-4.902034788826491,2.502062553025958e-11,5.929346335380057e-11
MEPE,5.526196271313794,-1.9028120599239624,2.5500255024957207e-11,6.037426786750654e-11
GABRA2,31.50386871852257,1.693809185494342,2.5954957264215246e-11,6.142650397640179e-11
RAPGEF4-AS1,2.148335489453612,1.7464468253531815,2.6067498913521848e-11,6.168471587817962e-11
CT83,38.45667925117952,-4.767892664118382,2.8980449822612427e-11,6.845138760260069e-11
FER1L6-AS2,1.8038218887804167,-2.79297702270632,2.97728773442632e-11,7.0276836499008e-11
FBN3,103.44019157487077,-1.6274221478692892,3.323892223843318e-11,7.824205964140692e-11
PCP4,36.87940615830048,-1.5864530891944186,3.8658960044882e-11,9.063187601846908e-11
FOXE3,2.37182424956882,-1.770104954523667,4.053293777312332e-11,9.497558571440647e-11
GJB3,135.0481236172257,-1.5923278661683289,4.4103808057094296e-11,1.0308697821759803e-10
ATP13A5,194.76800655136788,1.6145823080696295,4.5337888329749507e-11,1.0591629581942783e-10
ART1,1.9079497831957657,-2.047629874445053,4.549760826771762e-11,1.0626175748482687e-10
BOLL,2.0415903027894844,-2.041394124011479,4.7701351528294465e-11,1.1130728892376019e-10
EDAR,19.37212551120461,1.5950596376773922,5.032177439021909e-11,1.1731504737665212e-10
C4orf51,2.403727363580737,-2.8275969997572528,5.1036498657687576e-11,1.1895037432309988e-10
CALHM3,2.5356517684673,-1.6875632867231556,5.414941247175181e-11,1.2605825861353327e-10
EPN2-AS1,6.264773473439147,-1.7570615018327582,5.627183498175351e-11,1.3086337570147552e-10
CYP2F1,5.071259794558286,-1.741151607570964,5.6715910208572005e-11,1.3186191925144026e-10
LINC00452,1.356094074810049,-1.9202009114457936,5.7851192102741386e-11,1.3444913755881248e-10
TEX13C,9.444053804450933,-3.4412088353556403,6.073250203504073e-11,1.4090819970478028e-10
SLC34A1,1.7917900623040155,-1.657496820815117,6.089592808188161e-11,1.4126910581787766e-10
BPIFA2,2.327827383066192,-3.3789046893612564,6.157510683558575e-11,1.4278931468825934e-10
ITLN2,2.346376231926784,-2.6680585201821927,6.357605860886538e-11,1.4735324149799544e-10
LINC00668,24.52244256832824,-2.94521142239863,6.4541404667325e-11,1.4955203581488634e-10
SNCB,3.0562163626303933,-1.7768590825876327,6.596653416931562e-11,1.5277535998118218e-10
RNU11,8.792406745265609,-2.058354970074657,7.331777705016087e-11,1.6934151002549703e-10
GPHA2,2.4583782194440733,-1.9957299962058608,7.490567658339508e-11,1.7287555763504066e-10
SORCS1,325.0477946747648,-1.6487748715080714,8.395887876434757e-11,1.931484769932632e-10
HRH3,3.679060442910168,-2.1579299598738,8.435660892414576e-11,1.9403858358349848e-10
KLF17,8.704288742691704,-1.5654627350389374,8.808069394744377e-11,2.0252690571411207e-10
OBP2B,271.66252063643924,-1.8518493894844843,9.394958607096067e-11,2.1580022688905766e-10
TPTE,3.927375288016246,-3.1389644998393167,1.0213852770348508e-10,2.3425022253468e-10
NPY1R,8422.826793658767,-1.7201478645114594,1.032868216644668e-10,2.3679298938893474e-10
ABCC12,65.93640986071168,-1.8916459190522603,1.161609354427957e-10,2.6518979969281503e-10
C6orf118,3.61791471085184,-2.362538202170232,1.1693647107653292e-10,2.6685845567815166e-10
CTXN3,0.7202966877545425,1.5609059955952875,1.1907977621408173e-10,2.716460086938066e-10
LINC00221,7.458486327039258,-3.325776781911011,1.2378188564624318e-10,2.820856179878318e-10
APOA2,2.603470957422585,-3.146947248123371,1.2433616004181862e-10,2.833127689892563e-10
PHF21B,55.630721993733225,-1.6568487139919037,1.317067857650774e-10,2.99802938445839e-10
GPR15,11.886364330427886,1.545564883529129,1.3510689223579228e-10,3.0738659493838687e-10
FOXN4,11.044076793347577,-1.8069553339334088,1.3652017419772827e-10,3.1056262751065355e-10
LURAP1L-AS1,2.2422985630820693,-1.6944631901383584,1.3670626498830868e-10,3.109465355495261e-10
DNMT3L,1.668649482556004,-1.811455035909089,1.404239885124235e-10,3.1924085263739103e-10
C11orf86,7.638741947714217,-2.756711006242643,1.4229661681607951e-10,3.2345711833642396e-10
ZNF716,5.016895988463136,-2.604345075935539,1.4940145545321388e-10,3.391775957303225e-10
DSPP,2.007788972858902,-2.897651578842929,1.8347942395002278e-10,4.143411506870385e-10
TDRD1,138.5444290262688,-1.735120288925851,1.865597682680919e-10,4.2108534362297365e-10
LINC01508,12.970177098222994,-1.5441894724894885,1.9235496820802715e-10,4.337837815162548e-10
KRT35,1.960130937035416,-1.777817948703023,1.9777921117775784e-10,4.4584801072533756e-10
CYP2A13,10.271671850364134,-2.48397634587302,1.9921261649817647e-10,4.48910108055165e-10
LINC00520,2.1244137184194534,-1.8945535149990376,2.0741048349218328e-10,4.670900747720554e-10
ANKRD34B,8.854236526196816,-1.7138604436489109,2.1507449566811187e-10,4.839243574004511e-10
GFY,2.5743166330818026,-2.5690677754992626,2.2336422950828648e-10,5.023245687801345e-10
TSPAN19,0.876281859807897,1.5985593409668737,2.2411276281384408e-10,5.038185186584338e-10
CDH18,10.391202230133317,-2.331419254175994,2.395344478144052e-10,5.378808824404564e-10
BPIFB6,2.0980370113751183,-3.308595355533061,2.4540580890524216e-10,5.50789472794955e-10
CTAG1A,13.833383513521063,-2.668591887003212,2.467879836266129e-10,5.538223584537197e-10
TEX15,9.614808968726956,-2.661218406060257,2.549007737888804e-10,5.716709767363665e-10
ZNRF3-AS1,3.972312216335168,-1.8362669733487256,2.5502378048316033e-10,5.718753707810334e-10
KNG1,1.741362593803302,-2.461980935810861,2.5623864315920715e-10,5.7452782867035e-10
ENPP7,1.699650434757913,-1.5692406806059962,2.826888233495201e-10,6.324109520239109e-10
LMO1,9.932159657242952,-1.6991044578460175,2.8356070384686136e-10,6.342823821775217e-10
OTOG,1.7048915272720446,-2.9447520962521034,3.093865326801736e-10,6.905014853747559e-10
SLC22A24,1.6645122575851932,-2.9709929291904458,3.5422187517851154e-10,7.896828585169847e-10
LINC00355,4.027843462328172,-4.121556720099158,3.806834640846875e-10,8.472012997067635e-10
ALDH3A1,72.56376116741335,1.5749366796402635,4.0255863487366876e-10,8.94220369419796e-10
MAGEA10,7.088713750206915,-4.152434448586351,4.0340159046916193e-10,8.95981945708459e-10
SYNPO2L,118.32293393617054,-1.6179914724569089,4.048927450661555e-10,8.990713299674662e-10
DMRTC2,7.852051916888936,-2.115247632149436,5.750400444551574e-10,1.2659205689735424e-09
KRTAP13-4,0.2996117101933517,3.631360114402115,5.957322449310248e-10,1.310026887627734e-09
VCX3B,5.504718923786977,-1.8672004479925,6.883196366847013e-10,1.5091895846371311e-09
SLC26A3,154.29323034459463,1.7503568091673225,7.94341039163101e-10,1.737826823548242e-09
IGFL1,24.17076817644152,-1.537276782275284,7.967722440133502e-10,1.742508366432122e-09
SLC4A10,37.92076998440927,-1.5175654903906688,8.015254316045396e-10,1.7520492562689555e-09
ZIC3,3.3555267464704897,-2.727674336742125,9.057048476236047e-10,1.975923135046561e-09
ZNF280A,2.974076225121222,-2.683828213027144,9.142816540305167e-10,1.994392171155312e-09
BRDT,13.250692530104466,-1.684689514824915,9.904154892113999e-10,2.1557515209133136e-09
BRINP2,205.4733164801188,-1.5856702061611403,1.025958049493006e-09,2.2314898472851515e-09
LINC01592,1.3224217279264712,-2.0795725819167807,1.050395568498971e-09,2.2829818412240237e-09
C19orf81,4.913817538138129,-1.5777581359013564,1.0739294148739991e-09,2.333566168624248e-09
FNDC9,2.030062820230792,-1.8341053121542603,1.1126845870229223e-09,2.4157304572945324e-09
C17orf78,3.760942347753721,-1.5108217483642234,1.3237591531475983e-09,2.8635966538975903e-09
FAM163B,1.5098130155667024,-2.205434253155227,1.4039398074096235e-09,3.031928740421024e-09
PHGR1,90.92223988063267,-1.8891105589778168,1.4329484124677083e-09,3.0938306236699023e-09
SOSTDC1,334.3245067173911,1.5035571341969132,1.6604547909327163e-09,3.572566039388089e-09
AMER2,7.473998327533988,-2.442141251656859,1.698594223774908e-09,3.6515604110958366e-09
SLC17A8,3.473338587594578,-2.116507021372549,1.779758976543221e-09,3.820552108516756e-09
VRTN,2.97289462307005,-3.271422839826682,2.112866117471255e-09,4.514021861162544e-09
S100G,18.37276357318689,-3.07808815674778,2.117797429259107e-09,4.524018698883978e-09
DLX1,92.17104124315684,-1.5681508180155668,2.16966408221875e-09,4.6326097443280884e-09
MGAM2,147.9082561065193,1.6014508322112748,2.184474132002294e-09,4.663122034814318e-09
CRISP1,1.6222450572669775,-2.4616501599172405,2.1957839805044242e-09,4.686707237560531e-09
TMEM72,3.607681871369651,-1.7534892442686765,2.3557707273597997e-09,5.019229391088132e-09
ZG16,3.7738815744690135,-2.11762578187989,2.3981882060293755e-09,5.108391401827056e-09
P2RX2,23.40703844709565,-1.6271458485641703,2.402886731570457e-09,5.117792226860569e-09
ASIC2,33.93982314791793,-1.5824472798664948,2.464538870113182e-09,5.24723368359171e-09
SHANK2-AS3,3.686442559375257,-3.4032426985365705,2.4944246585354236e-09,5.3102332510095665e-09
COL20A1,2.8698654472985856,-1.682858216128205,2.55791938979683e-09,5.4408849609429025e-09
HMX3,3.3510860988043705,-2.720619377803742,2.60157155430568e-09,5.532424741699588e-09
FXYD4,1.3902184237391553,-1.8333867348956447,2.7587626820135607e-09,5.859064690028563e-09
FEZF1,2.3715285139552646,-2.259472342487825,2.9811918311884143e-09,6.320986200974231e-09
RAI1-AS1,3.407861251803523,-3.3577359275612646,3.056581488867173e-09,6.475559131750372e-09
FMR1NB,1.8550302062394983,-2.533362684654411,3.203183231402531e-09,6.780455338479063e-09
IL21,1.3806179325621843,-2.2055980412879244,3.396677152778717e-09,7.182415134275431e-09
DOCK4-AS1,5.761264806877128,-2.676844112331984,4.076831392880516e-09,8.580185610350454e-09
ACTL6B,3.285296803249029,-2.8020294460448647,4.167446182000771e-09,8.764151221240041e-09
FAM138B,0.2833212181317933,1.7840099457680216,4.221570328296538e-09,8.873358084918948e-09
GABRG2,5.622347039202047,-3.254662085907977,4.4705929982885535e-09,9.386885181522328e-09
PGK2,1.1968933801354902,-2.741361293859182,4.59956025285231e-09,9.653158968091445e-09
FEZF2,1.7836139488022524,2.7372549495740084,4.779183711381722e-09,1.0019590199443117e-08
LINC01446,5.041477170026533,-3.142815683208778,4.971369697807421e-09,1.0407917145893873e-08
LCT,24.17722501691688,-1.517929221873121,5.436880057911833e-09,1.1365258126650738e-08
KRT78,4.745068714150684,-1.56749308663247,5.974277518814352e-09,1.2458156397164989e-08
PAGE5,3.208162867379343,-2.284747238913255,6.0304884043151575e-09,1.2572450787385983e-08
KCTD8,3.1622082788773738,1.5548867294744015,6.407415184197459e-09,1.333967491185047e-08
GSTA3,9.025079372281578,-1.973891160356778,6.994655069674112e-09,1.4536957443853633e-08
PWRN1,0.5587078783412472,2.4133216708152743,7.105333120236595e-09,1.4755016492249216e-08
CHRNA4,6.854673593064571,-2.396956223996785,7.269634496014225e-09,1.5092713339868016e-08
SSX1,6.609176050253117,-4.661036248047699,7.476533896751091e-09,1.551867255561614e-08
SOX10,1300.6916352814667,1.58372694744173,7.924609558730713e-09,1.6420230245018926e-08
KLK12,31.87875590177117,-2.0417858490006204,8.041337556491937e-09,1.6658249955401905e-08
IFITM5,3.846277598689335,-2.2049314268356115,8.216657482499229e-09,1.701358202930604e-08
PGLYRP3,2.4960401972631714,-3.089790524362137,8.761846293013044e-09,1.8123639179461216e-08
ALPP,2.2286447796345707,-3.17768065765481,9.145897594910798e-09,1.8891905887312002e-08
WDR72,123.75167274778896,-1.5934051463599572,9.229571499682228e-09,1.9055969507570808e-08
GABRA1,2.047995687404682,-2.902967915211628,9.724202877246134e-09,2.0054142791553237e-08
SVOP,5.505006432333099,-2.4881472475982767,1.0948689061888745e-08,2.25276088208384e-08
FOXP1-AS1,3.253223665379104,-1.8602562748812257,1.1831098692695583e-08,2.43042054884636e-08
LINC00626,1.432267058585179,-1.6351899036508415,1.24926877841294e-08,2.5625147416371516e-08
CEACAM16,2.790680086178421,-1.7218250571934688,1.3640806010838489e-08,2.791954181116525e-08
SSTR5,1.9915676985522155,-2.4326691732159165,1.4004840350686762e-08,2.864503080505224e-08
KHDC1L,3.2025769287258883,-1.5314960000385178,1.4144284341453072e-08,2.8920355312560846e-08
PDX1,3.373308906078245,-4.192919346197495,1.4710504273000354e-08,3.0040433444260653e-08
KRT1,41.25096188094044,-1.5506045699461422,1.5017429115749358e-08,3.06497666120344e-08
CALCB,4.7911824383489225,-1.693093741429661,1.7961905792499393e-08,3.650979129368024e-08
MAGEB2,3.724223504176413,-3.0391673357405207,1.8585401803793493e-08,3.772584275647854e-08
GPR50,0.6717120121673755,2.3955163382392417,1.8841069056617305e-08,3.822319312062644e-08
PADI6,0.8508563300854248,-1.778555527353698,1.889467863522996e-08,3.8323286247379496e-08
MIR4300HG,2.403362199102276,-2.571619765477257,1.962827128659701e-08,3.9788714411059294e-08
SEC14L4,11.23874979148106,-1.70179951052999,2.3330657153186063e-08,4.7038799096266374e-08
LINC00563,1.3833093177791205,-1.7291996781778198,2.3866303095628578e-08,4.809714091958212e-08
STH,2.5550604177885305,-1.5975501645928996,2.465112114552679e-08,4.962303318771964e-08
GLYATL3,3.901126603313365,-4.511596806281125,2.5469968126937746e-08,5.1196718726310167e-08
GAB4,0.5760193483820866,1.7231158671849296,2.8257574748275123e-08,5.669207527762172e-08
SCGB3A1,361.0547935664615,1.5386725437229354,2.9676785153927323e-08,5.9426429282677374e-08
EPPIN-WFDC6,5.363151459875124,-1.7972126523340466,3.1773500536368873e-08,6.351868244480871e-08
CELA1,1.1695578156090365,-1.6139991192426228,3.3305042250038024e-08,6.648411148455693e-08
MIR7-3HG,3.703098124673231,-3.591152931857714,3.3770837967069185e-08,6.738395601924713e-08
LINC00645,3.473837564620374,2.674872929552809,3.465544536662964e-08,6.908758045314991e-08
AMTN,9.17490078154764,-1.8602488680782885,3.6879856108937255e-08,7.337533407459475e-08
LINC01559,2.8641735737056835,-1.91738801454577,3.7922589730388906e-08,7.535802326933539e-08
DLGAP1-AS3,2.3508011938668543,-3.046320556603867,4.2655777984699286e-08,8.452957262920418e-08
LINC01460,3.14991865544364,-1.642802870181692,4.480428825288397e-08,8.865014317011245e-08
SLC25A47,1.3295053576929396,-1.6310730066826182,4.506143157271998e-08,8.914909902325108e-08
BPIFB4,3.794679770005628,-2.429362906234988,4.6174728005115385e-08,9.128118533918589e-08
EDDM3B,6.894901279907836,-1.6912738486353025,5.0124645276531e-08,9.89261586935847e-08
TAGLN3,5.848042335802611,-1.7443652550705884,5.0473534106317984e-08,9.958186871949089e-08
ADGRG7,3.716448309659597,-2.384439030268257,5.41356627351436e-08,1.0657271882824101e-07
HTR2C,3.647946931294665,-2.9292626295606787,5.611282841924851e-08,1.1035604922786009e-07
LRRTM4,3.765289053319556,1.5993944564833704,5.7059089205961124e-08,1.1216786773792357e-07
OR2B11,0.3346170812829995,1.6512400853034617,5.7239082757768724e-08,1.1250937682171125e-07
MIR548XHG,3.47477655347034,-3.728566634068882,5.860695110309242e-08,1.1513500444426213e-07
AGBL1,1.6039225957940992,-1.804213199279644,5.983442868745507e-08,1.1746925474482429e-07
OSBPL10-AS1,2.670472947920715,-2.395533974971815,6.25983372155189e-08,1.227745724117686e-07
MDGA2,9.376298226998005,-1.7884877700458504,6.546948022399439e-08,1.2820957690050805e-07
CIB4,2.135454056703729,-1.8957363778529863,6.70492636815289e-08,1.3121736148995034e-07
OR1F1,1.5045564510383456,-2.9495640137475987,7.000517933194493e-08,1.3685291839333474e-07
PHEX-AS1,0.4960811246743039,1.8631704430143403,7.037867015924306e-08,1.3755308325209206e-07
KCNAB1-AS1,0.306790717691274,2.23437955231623,7.048060389490342e-08,1.3773730737204822e-07
SOX3,2.989027037805672,-2.5257958841825574,7.554467141514996e-08,1.474731923273989e-07
CYP4F8,374.7360418546078,-1.721927829315404,8.265912422270984e-08,1.6097626709923e-07
PMP2,4.409493363540304,2.0383132503867665,8.779180131199425e-08,1.707126227505879e-07
SPANXC,2.371350916182448,-3.789388080938947,9.013074724156057e-08,1.7514686251922921e-07
ONECUT1,1.5906150571463078,-2.477883765804316,9.075740561237796e-08,1.7632642770772088e-07
DCD,302.19130099802146,-2.5584134534050618,1.072101362046314e-07,2.07370775472233e-07
LYZL1,0.9883341564808206,-2.154186769863059,1.0782700769782013e-07,2.0854147727200734e-07
CATIP-AS2,1.025117703970175,-1.922458860601332,1.1363672113720281e-07,2.195174210448883e-07
OLIG1,9.718776682766542,-1.639521810447694,1.242503198037511e-07,2.392475306962668e-07
MIMT1,5.918152851037637,-1.5069094606384663,1.2483260765500877e-07,2.403429519057379e-07
TLR8-AS1,1.2204380087087217,-1.9000462140193368,1.2780783061549093e-07,2.459392721248653e-07
HPYR1,1.0247315832634805,-1.8874224367482684,1.4127487092902788e-07,2.709530017048393e-07
MACROD2-AS1,2.378157181143811,-3.2323833282079377,1.4385808153456124e-07,2.7558336874732216e-07
UGT2B17,63.396336251885344,-1.5360705197176792,1.468465699858876e-07,2.811582214923993e-07
C1orf94,3.814580679070681,-2.766237207362945,2.0991312079825242e-07,3.985062462551673e-07
OR56A3,2.3852872503794846,-3.386625664834292,2.105576760430793e-07,3.996876059364239e-07
PRR27,16.504110474964342,-3.871645906313735,2.186756734907757e-07,4.147026300061804e-07
RERG-AS1,2.976025411284545,-1.9904147706047364,2.449211849045049e-07,4.629098106094833e-07
TCHHL1,1.9388863613746432,-3.303987162969647,2.726815003619668e-07,5.142150868941006e-07
FSTL5,5.702069604580686,-2.019132941590337,3.048864145158155e-07,5.728672064996642e-07
LINC01583,1.008714850026742,-1.9335919094963696,3.539679625374171e-07,6.63075594505837e-07
CTAG1B,4.288489028695549,-3.244136353660161,3.754770206560607e-07,7.025609654486291e-07
ASZ1,1.652346314295675,-3.2101019142618035,3.827676588148083e-07,7.159786166760054e-07
C18orf63,0.8867709504315022,1.8451212256093663,4.010974050289509e-07,7.491716285874357e-07
CCK,3.171592363364469,-1.7166952265826052,4.376539236021866e-07,8.155843810486692e-07
PPP1R17,0.7861913775971529,1.7049180774193256,4.715940134157796e-07,8.769205157236009e-07
POU3F3,14.795270037259144,1.6005122136205854,4.801889446267401e-07,8.925326727141314e-07
LHX5,1.8739838486659683,-2.0353981400493937,4.984448134002442e-07,9.256979643607932e-07
GHRH,11.2825955257483,-1.7505395622061692,5.255844256753661e-07,9.742858403221868e-07
TSPYL6,4.562313448078623,-2.0075734703694024,5.287912435376558e-07,9.800278944473968e-07
CTSE,10.494484630828271,-1.5062837952737926,5.424535875949288e-07,1.004829893238712e-06
BPIFA1,8.183721459983735,-3.109641693968588,5.424104405833227e-07,1.004829893238712e-06
LBX1,3.800317881110354,-3.107025719848098,5.966351510244991e-07,1.1026904058073552e-06
FGB,143.73248803994832,-2.1440661031838766,6.158734478406967e-07,1.137192132954668e-06
MAGI1-AS1,3.614858786244624,-3.3864692246164285,6.195440084458754e-07,1.1437343299951429e-06
KRT24,7.909355038387991,-1.821102645963003,6.39373627355431e-07,1.1794921732564877e-06
CHRNA2,10.867851094448971,1.6696512380054436,6.665111349454872e-07,1.2277872708614949e-06
RAX,1.109599026218853,-2.2153874645633724,6.743908817604929e-07,1.241792712397156e-06
FGG,100.49020770492058,-2.104070886586081,6.920165816264003e-07,1.2733332178736798e-06
CCL1,0.8917169297236587,-1.696904655275365,8.147382361493598e-07,1.4916501285036337e-06
TAS2R43,3.386724066030494,-1.526270284976857,9.328742349556672e-07,1.7018600317247349e-06
OLIG2,1.253426703825979,-2.1860103587043533,9.753602505764004e-07,1.7771998716838882e-06
GPR6,2.616186090001273,-2.254407410986873,1.0148126007599264e-06,1.8472101144284963e-06
HMX1,4.711752337984787,-1.5241808140069584,1.0701388797807677e-06,1.94397368483358e-06
APOA5,1.4545944264082242,-1.8018810316675573,1.0713460082752883e-06,1.9459695082996023e-06
LYPD4,1.3987887391493337,-1.5213320488529751,1.158650457512054e-06,2.0996590395471923e-06
ZNF560,6.110210871818077,-1.7909221184673565,1.4767921048361915e-06,2.6600639961032546e-06
OC90,1.1477788607861583,-2.5840481974679803,1.5700399064608445e-06,2.8237742890180805e-06
CFHR4,1.387604794890246,-2.191658507314895,1.6811500225395791e-06,3.018164682786414e-06
GAGE2A,3.714957804186257,-4.4405620154436685,1.884329212229222e-06,3.3741546137352723e-06
IGLVI-70,13.599721085434656,-1.5310479761978792,1.921973600553852e-06,3.4395027713511835e-06
DCAF4L2,3.449763566855403,-3.768993137924147,2.0728599076403904e-06,3.701402943845076e-06
LINC01419,2.725987797777204,-3.760808383124599,2.1009448325505224e-06,3.750060089056657e-06
SYT4,13.001001051872388,-2.614180884020593,2.2524459501956373e-06,4.011701253628835e-06
CALCA,2.6957598360960326,-1.798542942697524,2.379799348925731e-06,4.2318025485207925e-06
CT45A3,3.5588487174430448,-4.14630682380888,2.463761803163488e-06,4.375036298462704e-06
LINC00113,1.330646507195642,-2.2902228358388395,2.523521612515693e-06,4.478495877260567e-06
SMAD1-AS2,2.6339536820724927,-2.22681422307029,2.567939913131757e-06,4.55417214876816e-06
PRSS48,4.4674963127539655,-3.504410307127748,2.6636858585991248e-06,4.7193107273600605e-06
TTR,2.37888323318089,-1.5108290192668543,2.8357357897235977e-06,5.019674756910352e-06
MRGPRX4,0.4980023414557764,1.5767410720626305,2.844129149247442e-06,5.033539151207821e-06
ANKRD66,1.511115237295369,-1.754825785585234,3.067636543951596e-06,5.414150697813263e-06
CYP2C19,0.67269879139617,1.6522099315006646,3.4532635591802466e-06,6.075035422150034e-06
LRRC53,2.1050141291045072,-2.4172343759243424,3.560999665715126e-06,6.255979831759568e-06
ASB5,1.8841057896622408,1.56606544900683,3.634784320046781e-06,6.379359334792589e-06
ARHGAP36,163.2061197742079,1.832401273147268,3.771038487164159e-06,6.610738043539827e-06
RTP3,2.5090492291212803,-2.4431412760984155,3.835720475709362e-06,6.720188265585706e-06
AWAT1,2.201706350950062,-1.764345467608298,3.90366529095445e-06,6.8345565402367695e-06
BECN2,0.9257071894282908,-1.6700954459541832,4.005553023974398e-06,7.008155563786719e-06
MUC7,30.47149236992122,1.7985350763676533,4.6430140036676936e-06,8.089546876571812e-06
UGT2B28,129.21870056932875,1.7318600577197312,4.920764569557104e-06,8.559344652591379e-06
LINC01198,32.53427280023331,1.6519870443622358,5.598297762902137e-06,9.708693829855604e-06
KRT38,1.3502222287801968,-2.0283270443042283,5.865034807096588e-06,1.0154591333321224e-05
COX7B2,3.8610466300688535,-4.496289076418053,6.3860450539578e-06,1.1033236322763216e-05
ASTN2-AS1,2.073915246064657,-3.2066929747048936,6.5530665009081904e-06,1.13121744266237e-05
FGF21,1.8012731995156868,-3.0316378895196108,6.705818292879437e-06,1.1567891121652434e-05
TECTB,0.2958664796310786,1.978487102526962,6.959188494018228e-06,1.1992286405134263e-05
BEND2,0.2939557795082315,1.930705805715228,7.119108483017285e-06,1.225727140848802e-05
SERPINA6,806.4807640235289,-1.6902824590370409,7.136533414169385e-06,1.2284915155780453e-05
SPATA13-AS1,1.5054503909076593,-2.35770844521464,7.677278487090118e-06,1.3191715519711295e-05
TPH2,0.9926355328691682,-1.655875137656053,8.14400918324676e-06,1.3962937204679902e-05
GABRR3,1.2541179905828068,-2.0020428200158134,8.394877179295054e-06,1.4379312343000231e-05
CT45A10,2.2561966192452414,-3.5649802661872703,8.854053610184644e-06,1.5145580360453124e-05
SFTPA1,8.602286733668397,1.5179657024122724,1.0805452526016172e-05,1.841689210931176e-05
HAO1,2.8491952593977428,-2.3354388552140906,1.080785272094257e-05,1.841923347180107e-05
NLRP13,4.207105756509341,1.5850311460809097,1.1002771894271292e-05,1.8738773385556005e-05
AIRN,1.8899836670897885,-2.514217226648508,1.1159011914074364e-05,1.8988839240033227e-05
ATP11A-AS1,2.857582330641838,-2.6930781517217124,1.205532514607011e-05,2.045779784576149e-05
LINC01194,2.9184881588657925,-3.8601347996020463,1.205931130361881e-05,2.0462627142518765e-05
CASC9,7.610973435923303,-1.942527700107312,1.4163805046976886e-05,2.391599866029484e-05
OR1E1,1.0072353518145698,1.5969028689467275,1.8388978792339467e-05,3.079244451751954e-05
SERPINB4,15.787568579735623,-2.053792112718181,1.8738993276443303e-05,3.1358061676070006e-05
LINC01611,1.930665211795108,-1.681623204323731,1.967526316068632e-05,3.288495921715305e-05
SPATA31A1,1.1697472458970912,-2.21613619206051,2.06902185825948e-05,3.453309294447782e-05
GAGE1,2.83704463836346,-3.974198128815281,2.1925666962014983e-05,3.653056341377872e-05
THOC7-AS1,2.041100497042502,-1.560603757544731,2.2430449847967555e-05,3.7336919487192e-05
DPP10,27.26606347661021,-1.5541894810701888,2.2907332104349872e-05,3.808479266936478e-05
GTSCR1,0.6851066594561769,-1.5530153493962695,2.435069778520477e-05,4.0413329731568114e-05
DDX53,1.9065206204897505,-3.020528927664617,2.558688264206936e-05,4.239436954102424e-05
UGT2B4,57.07944583597784,-1.5757193027167935,2.5593507375191967e-05,4.240143073958496e-05
CRCT1,1.819406642770372,-3.195629066486932,2.8222623890734805e-05,4.662371230853851e-05
DPP10-AS1,8.569817466479886,-1.9473402798425887,3.070405676894342e-05,5.062050667603093e-05
PRR35,1.0092617994380255,-1.5977235242145449,3.127526306364141e-05,5.153260837292015e-05
ATXN8OS,3.2848520529291947,-4.212139309146166,3.1668157250327216e-05,5.215726605781291e-05
HCRTR2,4.137603313959462,-1.6441249409417835,3.193031359572158e-05,5.257938397372012e-05
TYR,1.388764016854665,-1.6093131735025723,3.23082245131643e-05,5.318216499992847e-05
XAGE1A,17.42860640478041,-2.5853947545849123,3.290407943993483e-05,5.4100572521375855e-05
LINC01470,0.927561628365716,-1.942907231606216,3.442023783625436e-05,5.653425608546894e-05
MIR4500HG,2.558390814421174,-1.6850131617146118,3.457827481151293e-05,5.6778236019197287e-05
DCAF8L2,1.377111150364669,-2.896201448049141,3.4914167078970754e-05,5.7319287654625e-05
VCX2,1.0085586742357875,-1.91240766087702,4.076321469802201e-05,6.659884590196732e-05
DNAJC5G,0.4848814240216844,1.6594412163159915,4.693944902531191e-05,7.641820661496977e-05
IFNK,2.868004984040011,-3.078417455145304,5.002153802898598e-05,8.12589605641974e-05
XAGE1B,30.042614264697963,-2.216066956707848,5.094103132618794e-05,8.268528865826472e-05
KCNH5,3.2095415951691786,1.546308720432109,5.364222750192327e-05,8.69360666812239e-05
MAGEB1,5.371832059452766,-1.9818993743170223,6.133917499728677e-05,9.89989347140955e-05
XAGE2,7.093021719658884,-2.6232361957071566,6.173000102470682e-05,9.959388045201756e-05
ADARB2-AS1,3.809054437474344,-2.23872800802927,6.655593965320411e-05,0.0001070910851091
LINC00393,6.225457639891053,-2.434554990943429,6.831600678872906e-05,0.0001097951120301
RBMS3-AS2,3.936879467784472,-1.9198515034371173,7.404807114322578e-05,0.0001187734503078
SPANXD,1.1940199771260631,-2.7413671995591256,7.518750499637565e-05,0.000120525691411
SPRR2F,2.5113477754655262,1.91545022003024,7.592662668610727e-05,0.0001216561647696
SULT1C3,13.21750132207981,3.4188013041995826,7.622419355947241e-05,0.0001221220472527
APOC3,1.0631806592006827,-2.4059128808250803,8.031071281511718e-05,0.0001284169872352
LINC01168,1.0398959378634918,-1.7223131254813036,8.633957183692134e-05,0.0001377747689676
NYX,0.6301589033445493,-1.6090989179789172,0.0001023680753919,0.0001626432393158
DDI1,1.867552585236908,-2.5657179776544248,0.0001031507533481,0.0001638287412001
LSAMP-AS1,1.3322980283555084,-2.425564927107742,0.0001038211674632,0.0001648643388461
PROKR2,1.9733725410231595,-2.1479935584263328,0.0001076389653392,0.0001707002734465
CT45A1,2.412798866940627,-3.764639332388052,0.0001212799461057,0.0001916385481615
KCNV1,4.8116283040950085,-1.6571449173707682,0.0001254266083627,0.0001979990376054
CST11,1.2084771924631907,-1.7888132997378603,0.0001272866538281,0.0002008646307529
KCNK16,1.346935540164904,-2.3190052860006234,0.0001371435592051,0.0002159259685421
MAGEA2B,30.177554807474653,-14.709256907014728,0.0001419532999251,0.0002232045227705
SIX6,1.2092296990980704,-1.631347798057831,0.0001514581644284,0.0002376707741586
LINC01574,1.151355900340215,-2.599046474118012,0.0001883828253558,0.0002938916204299
WFDC8,0.4146352204900678,1.5992938776042174,0.0001904370550432,0.0002968898797303
LINC00200,1.481006506997969,-2.214585638974132,0.000193882141808,0.0003020770298344
CHRND,0.984492620143084,-1.7427226262157778,0.0002140226224543,0.0003325616502701
SCHLAP1,1.6996092121252115,-2.549115048574229,0.0002277793824016,0.0003532647569416
RALYL,6.863398889129512,-1.672074488795558,0.0002294283982984,0.0003556992551466
DEFB126,1.2788307881016705,-2.7949409900759568,0.0002576750245351,0.0003984248720601
C1orf185,0.2086251840739078,1.8436587344811377,0.000269043595066,0.0004154410247668
FOXN3-AS2,3.071870092447024,-3.4755808933250107,0.0003007427954969,0.0004630226274042
LINC00491,1.620239232105092,-1.8466643590130536,0.0003491141223802,0.0005345139771323
GNAT3,4.121563645597289,-2.4908992931048903,0.0003618717072169,0.0005536686489
MIR137HG,1.991317722235967,-1.7947071180728336,0.0003783645189365,0.0005781141798192
SMIM18,1.3577980073246665,-1.513211112062448,0.0004519811275082,0.0006866776184918
KCND3-AS1,1.5465390787291875,-2.430229416727158,0.0004674233764531,0.0007092976800909
ADAM2,4.557939055429759,-1.977206962265908,0.0004678503931272,0.0007098856294837
PRSS56,0.8573988432511487,-2.141409908613116,0.0005409674502506,0.0008172352186646
RTL1,3.063924416934276,-1.5811402231679357,0.0006125767703476,0.0009211495489079
PANX3,0.9252266079373408,-1.8374343559364072,0.0006535131990388,0.0009800786329756
TEX13B,0.7319955754973885,-1.8548269558208927,0.0006609858717845,0.0009906618701518
KRTAP4-1,1.1881167125965115,-2.4837221194836463,0.0007008210918542,0.0010482231951514
UCN3,1.0151106096795417,-2.562991205389789,0.0007050400663778,0.0010541820640849
LINC01501,0.6867576693858394,-1.592113949868364,0.0007259502969927,0.0010842726926284
PRB4,1.4927318739645832,-2.82782598618873,0.0007870827616321,0.0011724566723167
SP8,1.0751441867905458,-2.474376474012095,0.0008060992742913,0.0012002858997496
LINC01456,3.844440264615709,-2.168592282333166,0.0009440586762896,0.0013982822028345
ZNF804B,6.3170256568773,-1.5627826396707225,0.0009869552030672,0.0014597695486184
SRGAP3-AS3,1.6634437249260077,-2.894121540622248,0.0009899334540293,0.0014639332371108
HTN1,1.7351208198852803,-2.821463451194248,0.001017164278166,0.0015023455269908
TMPRSS15,2.239877732458832,-1.5015529143860078,0.0010228771889665,0.0015104104903568
LNX1-AS1,1.4124474894068093,-1.959537892562103,0.0010397933881642,0.0015345055150275
PNLIP,0.8742972567681901,-2.226267053801488,0.0010507113508496,0.0015498532247962
C11orf97,0.8240768136854486,-1.7502419678772825,0.0011048859535848,0.0016270885146595
LRTM1,1.043946382282784,-1.7518386464816191,0.0011807277655488,0.0017336534673928
LINC01518,1.107135118227734,-2.7265783422065217,0.0012108083979111,0.001776221868224
FTHL17,2.7030189014386687,-4.032858598347414,0.0012415838113419,0.00181913774073
LINC01193,1.4140294351187424,-2.427779069423856,0.0012897197350455,0.0018875076197419
GPR149,0.3845800036795267,1.6066738574134585,0.0014702426897904,0.0021427903529564
FGF4,2.2519559694319384,-3.252067950178548,0.0014830936292379,0.0021608178047293
KNCN,0.6460358421589373,-1.7688443698738856,0.0015657751588402,0.0022764762153808
CDX2,2.44149100470766,-1.5119469796345262,0.0015926241830815,0.0023147617318334
WFDC10A,0.6057586039035618,-1.553272041811056,0.0019423033776106,0.0028009878492201
SPATA31A7,0.7530196064659649,-1.796737554602413,0.0020051225231561,0.0028880465592084
ESX1,1.263155555731578,-2.115580556180331,0.0021209537458475,0.0030485736955694
SERPINB3,17.039183140377027,-1.579295847891394,0.002294123095628,0.0032887868361387
AHSG,0.8831473780827555,-1.5078644252652529,0.002377415770927,0.0034032986512576
AQP12B,0.6572315514188113,-1.7180913786434893,0.0025464226688221,0.0036362532858597
LACRT,65.40865233613441,-1.6876167774451918,0.0028442213725238,0.0040447541851773
C7orf33,0.5753445992274409,-1.626021460791982,0.0028731939745285,0.0040830436904206
COL18A1-AS2,2.236710252940332,-2.312987932028075,0.0029113112455808,0.0041349191855866
OR52E6,0.6740596439176372,-1.7302590444582522,0.0034091460533652,0.0048160696568717
NEUROD1,1.212585302075432,-2.566096471389506,0.0041713464902763,0.005845879523705
LINC01541,0.3351015102824051,1.5926571364296778,0.0042003515359475,0.0058846898782825
CASC20,0.6767742987605865,-1.7692966719604746,0.0043535444652261,0.0060907533045391
LINC01082,0.1702064981730383,2.167727449629472,0.0058318351988094,0.0080639940515864
RPS4Y1,2.744589508222416,1.5523053155337692,0.0075799993017922,0.0103844485777493
MTNR1B,0.9380327001924236,-1.544886669418246,0.0079581244928747,0.0108742450426549
PDCL2,0.530679598077646,-1.6414087168240328,0.009535602727249,0.0129312919692984
FAM9A,0.6985797200186037,-1.79738455939548,0.0127200284170679,0.0170601831165159
PLCE1-AS2,1.420471971521895,-1.5739107401954944,0.0132810462267728,0.0177794011857066
PEX5L-AS2,0.8186970223001703,-1.831163693432696,0.0146851159852282,0.0195786998468634
NEUROD4,1.0310217645652235,-2.3403604223605377,0.0182475516645182,0.0241132680659927
CT45A5,1.406691900398345,-3.064711434003192,0.0206080653984613,0.027102838281295
TGIF2LX,0.732811952683827,-2.0617196064049703,0.0228865683589693,0.0299414248055808
DSCR4,1.0955518102071489,-2.6993271520289417,0.0314642761521687,0.0405599835685715
PAGE1,0.7822961618389086,-2.178614898601622,0.033878070474645,0.0435339513461064
GAGE12J,1.049945870389704,-2.6779325061497468,0.0372172418163817,0.0475659677459511
