sample/cell_type,B-cells,CAFs,Cancer Epithelial,Endothelial,Myeloid,Normal Epithelial,PVL,Plasmablasts,T-cells
TCGA-A7-A26E-01B-06R-A277-07,0.1348416348270801,0.3773079092664901,0.0,0.0646537854837319,0.1419818347229265,0.1794760731470426,0.0526877440484114,0.0069796603216047,0.0420713581827125
TCGA-A2-A0CU-01A-12R-A034-07,0.0268543718155242,0.1943048208360527,0.3088649931780171,0.1506769295534233,0.0487647916644741,0.0319685270038452,0.2114469307286774,0.0,0.0271186352199858
TCGA-PL-A8LV-01A-21R-A41B-07,0.0866721036908043,0.1535095227189531,0.1695053273394428,0.0288785549297768,0.0612234600808583,0.3125885126184081,0.0523131781808543,0.0281500752708921,0.1071592651700098
TCGA-BH-A0BC-01A-22R-A084-07,0.0317032524827255,0.2861215016564551,0.1765331553039602,0.1439132527004526,0.1383636659015507,0.0386921672961876,0.0645121520063378,0.005466251712621,0.1146946009397093
TCGA-AR-A1AX-01A-11R-A12P-07,0.204072213338799,0.18470812670163,0.0346357744418917,0.0706079815597912,0.0701430817520336,0.0752829783341631,0.0315757851918777,0.0069544898787886,0.3220195688010246
TCGA-AC-A2FO-01A-11R-A180-07,0.1231624813144974,0.3043777018828004,0.0573182471792579,0.1438461962005175,0.0695837467279289,0.0395965484044829,0.0315739190741343,0.007084310294615,0.2234568489217653
TCGA-AQ-A0Y5-01A-11R-A14M-07,0.0,0.5930601397563524,0.1605979520013494,0.0917926241589324,0.0949627375912115,0.0,0.0384021311480109,0.0211844153441432,0.0
TCGA-AC-A3EH-01A-22R-A22K-07,0.0,0.5203138615727781,0.3258318508712148,0.0529883918612705,0.0549560580146939,0.0009990504634229,0.0192996930595197,0.0,0.0256110941570999
TCGA-AC-A5EH-01A-11R-A28M-07,0.0,0.5513939657861792,0.2002100959155866,0.0255102660085757,0.1125741990384012,0.0393145868628899,0.0218843671136823,0.0,0.0491125192746848
TCGA-D8-A142-01A-11R-A115-07,0.021321702345094,0.3726004642220419,0.0949052061262928,0.0665898530936335,0.0743704303166553,0.1198176570100332,0.1518746994612825,0.0443067641773289,0.0542132232476376
TCGA-D8-A1XB-01A-11R-A14D-07,0.0025962757204416,0.6875844547727616,0.0806123638252755,0.0464992495894636,0.063435208533579,0.0784304436488197,0.0239908438082236,0.003401807123764,0.0134493529776712
TCGA-D8-A1JJ-01A-31R-A14M-07,0.0,0.5154290433470384,0.2286178021919895,0.0383148636294663,0.1317618702441568,0.0135292548748426,0.0259730874679591,0.0068391516334308,0.0395349266111161
TCGA-E2-A10B-01A-11R-A10J-07,0.0180603852290348,0.4121120504653321,0.2712205039927895,0.0793713647713581,0.0832352444997103,0.0,0.0165492628733252,0.0301991137075617,0.0892520744608879
TCGA-A2-A0CP-01A-11R-A034-07,0.0088119230768922,0.5789244336183185,0.1308847293071791,0.0895454956426159,0.0379707688847628,0.0821926428658696,0.0482041206405813,0.0007030685627452,0.0227628174010351
TCGA-BH-A1FJ-01A-11R-A13Q-07,0.0329285526290397,0.16294893394612,0.4099175501796351,0.0870422196508789,0.0435969701468839,0.2172432121117046,0.0463225613357376,0.0,0.0
TCGA-BH-A0C1-01B-11R-A12D-07,0.0089938970701997,0.4380321535483623,0.1662921978988053,0.105115789620453,0.077447633478603,0.0281714174257502,0.0147161372641707,0.0,0.1612307736936554
TCGA-OL-A66P-01A-11R-A31O-07,0.011907579399072,0.1890745365998782,0.1721137616705046,0.0470423871550463,0.0980567350150954,0.0219601364845786,0.0188117187672151,0.1496882160229536,0.2913449288856558
TCGA-E2-A14O-01A-31R-A115-07,0.0008800423637256,0.1785016639987041,0.6088580558977338,0.1687399696734974,0.0333158257302182,0.0,0.0,0.0036861123943243,0.0060183299417964
TCGA-D8-A1XJ-01A-11R-A14M-07,0.0043886074042933,0.2662587348537242,0.3135113465980688,0.2224162508862599,0.1067625463590493,0.0,0.0565829500378034,0.0242434320376269,0.0058361318231736
TCGA-AR-A24P-01A-11R-A169-07,0.0243481601405755,0.4542446105273397,0.1183103515313594,0.0918369300615404,0.0717758443413994,0.0837170945604847,0.108890384125452,0.0066263942861077,0.0402502304257409
TCGA-AO-A1KQ-01A-11R-A13Q-07,0.0371032177812475,0.1975459988643788,0.4242431128622576,0.034708183852479,0.0609452820001727,0.0,0.0392645589297259,0.0027869210141944,0.2034027246955438
TCGA-D8-A145-01A-11R-A115-07,0.0745020663703847,0.3711798027493333,0.0296574003436206,0.1527004220265148,0.05928258406846,0.1226902289569208,0.0589760295812816,0.0638457983646743,0.0671656675388095
TCGA-AR-A24V-01A-21R-A169-07,0.0060860979297868,0.67645215498832,0.0641989845623508,0.0717417281021467,0.1052571325060108,0.0085141276463693,0.0405408401278409,0.0009278375810596,0.0262810965561146
TCGA-AO-A12F-01A-11R-A115-07,0.0179715043797117,0.2179973162998597,0.3447424947261369,0.1863458517448051,0.0506761420137814,0.0918325242596468,0.0851220649046748,0.0,0.0053121016713833
TCGA-E9-A54X-01A-11R-A266-07,0.0010973044115038,0.0343932937147399,0.8199993183486058,0.0215904188778212,0.0255520285864828,0.0,0.0625921374407189,0.0347754986201272,0.0
TCGA-BH-A0BA-01A-11R-A056-07,0.1245320248693821,0.1961438695647167,0.1117594274703961,0.1796267922702994,0.0347184929641347,0.1730015678985452,0.0548341948837024,0.0224499632669757,0.1029336668118473
TCGA-EW-A1PH-01A-11R-A14M-07,0.0389774445134428,0.2569608006723556,0.1705134936650328,0.0346465428256153,0.0481502840407112,0.3055548213861508,0.0387755608721995,0.0409204574385056,0.065500594585986
TCGA-BH-A209-01A-11R-A157-07,0.1945854948862556,0.09841600503463,0.1317404271473326,0.0468117593717502,0.1183334965566706,0.0,0.019881002165262,0.0247979142408416,0.3654339005972571
TCGA-E9-A2JS-01A-11R-A180-07,0.0,0.3389999480953797,0.4343415793020019,0.0387139295553362,0.0793790492627793,0.0,0.0684657638132089,0.0,0.0400997299712939
TCGA-E9-A1R3-01A-31R-A14M-07,0.0183061887406087,0.4895623715470152,0.0904173993115728,0.0625830979026641,0.1489851575567596,0.1449860639901926,0.0096617973211157,0.0013770339151743,0.0341208897148966
TCGA-E9-A1R6-01A-11R-A14D-07,0.0024865433659804,0.3296883381428115,0.4596764178183765,0.0555733957952142,0.0705507866048013,0.0,0.0679142444659057,0.0050101467582873,0.0091001270486228
TCGA-BH-A1FU-01A-11R-A14D-07,0.0810102989004454,0.3894650969096055,0.0496389562293388,0.1147503004793258,0.0441281686207943,0.1119160343687171,0.0742742702271543,0.0041093357438337,0.1307075385207847
TCGA-D8-A1Y2-01A-11R-A157-07,0.0405287787769162,0.4071096188032029,0.0896376504048681,0.0484944583106209,0.2201328302007685,0.0,0.0172308997303336,0.0041030952210467,0.1727626685522426
TCGA-A2-A4RX-01A-11R-A266-07,0.0928509115538447,0.3364059153649693,0.0,0.0514328327808117,0.0257987396224089,0.3978012581526648,0.0268652004511915,0.0038095363845536,0.0650356056895551
TCGA-A8-A09V-01A-11R-A034-07,0.0267956396342473,0.5164954485955746,0.1850366527124431,0.1035712269415537,0.0696071425475316,0.0583079924774746,0.0292065343004182,0.0047598445515096,0.006219518239247
TCGA-AO-A12B-01A-11R-A10J-07,0.0195394717575888,0.1116866388390125,0.463866768381348,0.1484206630924009,0.0400664346556778,0.0,0.0467364619953201,0.054491196335295,0.1151923649433564
TCGA-XX-A899-01A-11R-A36F-07,0.1878010743102337,0.355435353091784,0.0129027990112569,0.1179141644015514,0.0802377064627741,0.0524218957261611,0.0273182793886551,0.0,0.1659687276075833
TCGA-A8-A08P-01A-11R-A00Z-07,0.0141207456115331,0.2682600441695745,0.2473997080632953,0.0519362669107672,0.1583626184968407,0.0,0.0258686357151862,0.0,0.2340519810328028
TCGA-C8-A26W-01A-11R-A16F-07,0.0689563588969973,0.3116970082969635,0.2190555630386334,0.0669704934613552,0.0988371320451878,0.0227953955245668,0.0316887210775339,0.0015087212715013,0.1784906063872604
TCGA-E9-A249-01A-11R-A169-07,0.0481607298149451,0.1757513336965228,0.4714354324128923,0.0785173602256433,0.0728580693494456,0.0540764205370667,0.0295211077303114,0.0,0.0696795462331724
TCGA-A8-A086-01A-11R-A00Z-07,4.1831870301742057e-05,0.5589373563786892,0.2136357130230418,0.0755746602590052,0.0677543056359614,0.0054403448525065,0.0769670730246851,0.0012627428870552,0.0003859720687535
TCGA-B6-A0RV-01A-11R-A084-07,0.0380118652176538,0.1934767198194545,0.2126120163631881,0.1532019514667333,0.0675156006970947,0.0945912596328824,0.0454492487316047,0.006842439259877,0.1882988988115112
TCGA-D8-A1JT-01A-31R-A13Q-07,0.0,0.0299028835065038,0.5779519359182915,0.1936700111691066,0.0877953155598668,0.0072142018979699,0.0895444205607789,0.0,0.0139212313874823
TCGA-OL-A5RV-01A-12R-A28M-07,0.0438808549197846,0.2394341401187631,0.0856025190602846,0.1064861864450487,0.0442824440502799,0.3703247277764375,0.0545165984547877,0.0120066215411419,0.0434659076334717
TCGA-Z7-A8R5-01A-42R-A41B-07,0.0588470438544955,0.1817107799847575,0.166266584318408,0.0961078312707275,0.0864771371312646,0.2371440800138629,0.0647925065381901,0.0002190957156104,0.1084349411726832
TCGA-A8-A0AB-01A-11R-A034-07,0.0,0.3470892222293387,0.46555260632305,0.0717650701653955,0.0395008478266743,0.0320383704706862,0.044053882984855,0.0,0.0
TCGA-E2-A154-01A-11R-A115-07,0.0064723707861545,0.4094295539469556,0.4042817780773617,0.0517447663384523,0.0660592367088597,0.0,0.0531592452393762,0.0013106120144422,0.0075424368883974
TCGA-S3-A6ZG-01A-22R-A32P-07,0.0438671553142129,0.2123990988408444,0.2455667687168927,0.0607718952876772,0.101602931831682,0.1694180060962382,0.0437532372507277,0.0180644012952012,0.1045565053665233
TCGA-D8-A140-01A-11R-A115-07,0.0686273268974487,0.1806757323584403,0.2367640067742848,0.1152533158939064,0.0704517095917575,0.0,0.0880706336784406,0.122684115776667,0.1174731590290542
TCGA-A8-A06Q-01A-11R-A034-07,0.0164489533946935,0.0662541412422893,0.7776452345970175,0.0394847883925261,0.0662114012788411,0.0,0.0128438581710917,0.007911714906463,0.0131999080170774
TCGA-AR-A24Q-01A-12R-A169-07,0.0308718361939572,0.2495743917242115,0.0,0.0830736963138914,0.0494274382187844,0.353917689555679,0.0982636129702393,0.0336835005514359,0.101187834471801
TCGA-A2-A1G6-01A-11R-A13Q-07,0.0068952678631735,0.2107641809978446,0.0,0.1121028395533614,0.0620302670706184,0.4879344033275857,0.0372782639445174,0.0134442014097932,0.0695505758331056
TCGA-D8-A1XL-01A-11R-A14M-07,0.0404370056140872,0.1204238878384333,0.3359407090630935,0.0366926730734719,0.1254274922511204,0.0,0.0585953732213651,0.0157321837677113,0.2667506751707172
TCGA-A2-A1G0-01A-11R-A13Q-07,0.0560386333601488,0.3122524966740458,0.0486264055520341,0.1679933764080164,0.0868733731181745,0.1655037219476333,0.0352852273512013,0.0177719846317855,0.10965478095696
TCGA-A8-A095-01A-11R-A00Z-07,0.0159749271984002,0.3604030039496649,0.2836949112192307,0.1240162424328508,0.0832488586608938,0.0201203458058489,0.0425961529902367,0.0,0.0699455577428738
TCGA-AN-A0FV-01A-11R-A00Z-07,0.0135946434031848,0.4259160200057682,0.2427049957220136,0.0452674909825783,0.0571009680667902,0.1700175562552984,0.0271401536788563,0.01825817188551,0.0
TCGA-S3-AA12-01A-11R-A41B-07,0.0032294611727796,0.1971877736527944,0.6152478545230367,0.0503139167397826,0.0676275346081216,0.0,0.040542542213339,0.0043176039598713,0.0215333131302747
TCGA-A8-A06T-01A-11R-A00Z-07,0.0167986728161439,0.238007928453509,0.4161159449139127,0.0606203123160649,0.0657237716880809,0.0,0.0293545900424973,0.0290011481933906,0.1443776315764006
TCGA-E2-A14Q-01A-11R-A12D-07,0.0150205846181996,0.2429791684769115,0.2935140719557148,0.116631149633567,0.0372574828018611,0.1708105622877179,0.0359864238519506,0.0,0.0878005563740772
TCGA-BH-A18K-01A-11R-A12D-07,0.0050863473216535,0.5063249971968834,0.3012781520483931,0.0728060949329199,0.0591758782670366,0.0,0.0431176271447657,0.0,0.0122109030883477
TCGA-A8-A06Y-01A-21R-A00Z-07,0.0,0.1554648444559103,0.5159587738722118,0.1085634672880608,0.0173656211633257,0.0637220479458572,0.0947799681615686,0.0441452771130653,0.0
TCGA-BH-A0AZ-01A-21R-A12P-07,0.008035504224072,0.7350073792996681,0.0249642712400864,0.0866110335254252,0.0380941653231328,0.0441120693853505,0.0238861751414684,0.0017871488839842,0.0375022529768121
TCGA-E9-A1RA-01A-11R-A14D-07,0.0682561266487323,0.3646302863784201,0.2779016929913778,0.0826204947886377,0.0740801601551819,0.0179970343718964,0.0420492494834755,0.0022521751574816,0.0702127800247963
TCGA-UL-AAZ6-01A-11R-A41B-07,0.027668915987101,0.0811029889162412,0.7578367749676392,0.0328081855466372,0.0461619009360921,0.0,0.0391180490686818,0.0082410627551478,0.0070621218224594
TCGA-BH-A1ES-01A-11R-A137-07,0.0047875587138917,0.3924181269616221,0.209360329608997,0.039233533826057,0.0468661918515007,0.2279039715630737,0.0558905454217679,0.0,0.0235397420530897
TCGA-EW-A1PA-01A-11R-A144-07,0.0636211516274663,0.2202359689148596,0.3197033455480437,0.1442171837601548,0.0436704246522407,0.0256879880698848,0.062295529616484,0.019830203625305,0.1007382041855606
TCGA-EW-A1P4-01A-21R-A144-07,0.0161968663824953,0.2671336077949111,0.0352798816354754,0.0217089096760427,0.1209625033441524,0.2924954709726191,0.055443927209058,0.0095229942566256,0.18125583872862
TCGA-D8-A1JH-01A-11R-A13Q-07,0.0259687262753237,0.4598176266883791,0.0255614576319337,0.1235361680232946,0.124744831834516,0.0948098136573492,0.0524571234943192,0.0,0.0931042523948841
TCGA-B6-A409-01A-11R-A24H-07,0.0082806440857013,0.2206967600600508,0.4666432173997515,0.0477864430306614,0.0678696499842674,0.1115352222904909,0.023419345491455,0.0,0.0537687176576214
TCGA-D8-A13Z-01A-11R-A115-07,0.052966795322814,0.2775737868532907,0.0719581965929957,0.0678948313733751,0.1427596345705376,0.2476823163724943,0.0165653156892256,0.0129239287216586,0.1096751945036079
TCGA-AC-A7VB-01A-11R-A352-07,0.0096630533050181,0.094773774247233,0.6600727550784738,0.1051444149964903,0.023522723802245,0.0,0.097545971778869,0.0050929287904798,0.0041843780011907
TCGA-AN-A0XN-01A-21R-A109-07,0.0043619750655038,0.6583779374404832,0.0507229781839911,0.0606904456635187,0.1305816811614013,0.0,0.055862147433028,0.0,0.0394028350520738
TCGA-GM-A2DN-01A-11R-A180-07,0.0161913808079435,0.1556553714787373,0.096423447652615,0.0696724332781602,0.1173939550686039,0.1502869568052656,0.0584579850129842,0.0628230213084558,0.2730954485872343
TCGA-AO-A12G-01A-11R-A10J-07,0.0054946285235234,0.2841600549658962,0.3672265742946963,0.1324796096934173,0.0544114213710874,0.0,0.1028048429183256,0.0,0.0534228682330536
TCGA-BH-A0B9-01A-11R-A056-07,0.0237547770559341,0.115512908837383,0.093164460783172,0.0093086180209381,0.0959825757341724,0.358780428828059,0.0511949056081816,0.0183647351807945,0.2339365899513648
TCGA-C8-A273-01A-11R-A16F-07,0.0,0.345308287008033,0.4112826678899972,0.1029988263314816,0.0536136957763109,0.0,0.0355925095704552,0.0350816112688304,0.0161224021548914
TCGA-AR-A1AY-01A-21R-A12P-07,0.0022098879915667,0.2576051262995066,0.1201306965188609,0.0899293808839677,0.0994342927927179,0.3802234563531255,0.0352466916178902,0.0,0.0152204675423641
TCGA-AR-A1AO-01A-11R-A12P-07,0.0357530758002413,0.2973260953782941,0.0,0.1041347081353783,0.2475264200099095,0.0952450532623021,0.0088513421056516,0.0,0.2111633053082227
TCGA-E9-A1RC-01A-11R-A157-07,0.0138998833188589,0.3926045458681094,0.4371557497445703,0.0450940942046834,0.0427994498495938,0.0,0.042454815705073,0.0259914613091107,0.0
TCGA-A2-A0EN-01A-13R-A084-07,0.0542569002000884,0.3330023123556887,0.0567529382930359,0.1265235049723316,0.12643201442421,0.0032384027432818,0.0506258458835193,0.0,0.249168081127844
TCGA-E9-A1RD-01A-11R-A157-07,0.0153426211097422,0.2786729963832594,0.3014900792436195,0.2359765912765133,0.096270018164117,0.0,0.0398810387643476,0.0149060994077841,0.0174605556506167
TCGA-A8-A08O-01A-21R-A056-07,0.0257710263314064,0.5117955153210558,0.1549440337622509,0.0702339319555254,0.0357012286083871,0.1242121135579455,0.0576845382640819,0.0011108530289922,0.0185467591703547
TCGA-AC-A2FE-01A-11R-A19W-07,0.0099651927079967,0.3265892780599008,0.0827660955331402,0.09754007369889,0.1025231725736377,0.0149649039297356,0.0341612303649389,0.0,0.3314900531317597
TCGA-B6-A0RN-01A-12R-A084-07,0.0205999379765223,0.5764302747089688,0.276303672470954,0.0595652061639804,0.0296539066877189,0.0,0.0241863955911727,0.0,0.0132606064006826
TCGA-A8-A076-01A-21R-A00Z-07,0.0065756378286447,0.4607748132289945,0.3009528720304023,0.0471767117880454,0.1077904444343425,0.0,0.0159269348932656,0.0242597961524868,0.0365427896438181
TCGA-BH-A0HK-01A-11R-A056-07,0.018148223132541,0.2517080165859422,0.2123194210213171,0.1872321949877246,0.0671023900807133,0.1600090909208103,0.0487013897959826,0.0102263015317695,0.0445529719431991
TCGA-BH-A0BO-01A-23R-A12D-07,0.0104470503243502,0.3347622652532482,0.0,0.2153714690762799,0.1019616820122446,0.259363709764671,0.0433433307142592,0.0034331826252307,0.031317310229716
TCGA-BH-A0HW-01A-11R-A034-07,0.005670812949912,0.0374096948395912,0.5200992683109416,0.132284514707255,0.0257969913625432,0.0,0.2787387178297568,0.0,0.0
TCGA-D8-A1XZ-01A-11R-A14M-07,0.0275919801038185,0.3450072755233517,0.2336961714967393,0.0446515275598466,0.1150003578656536,0.0,0.0641389339933714,0.0483574351328834,0.1215563183243349
TCGA-OL-A66K-01A-11R-A29R-07,0.024138588188749,0.4635236823554255,0.2752056815446355,0.0932650169057548,0.0523727316933553,0.0258098732654677,0.042239882665564,0.0029761564239277,0.0204683869571202
TCGA-AR-A24N-01A-11R-A169-07,0.0042587222112913,0.3767682937622552,0.2678225315255702,0.1132505826422882,0.0514525541913093,0.0418494954270222,0.0561166383392015,0.0541423042385467,0.0343388776625153
TCGA-E2-A1IU-01A-11R-A14D-07,0.1197952107867646,0.1334559467393794,0.2501154698821451,0.1373183089997289,0.0723591239992745,0.1384081511890785,0.043873901186143,0.0502803500847141,0.0543935371327714
TCGA-AR-A0TT-01A-31R-A084-07,0.1097016600857314,0.1985033118985156,0.0454068291283263,0.0498016001834683,0.1663130110402332,0.0,0.0189410095557419,0.0602737581704804,0.3510588199375025
TCGA-B6-A0IP-01A-11R-A034-07,0.2080825481481673,0.2368686647396391,0.2585248713563909,0.0725392793261699,0.0359557444536331,0.09555467613096,0.0260038811220764,0.0,0.0664703347229631
TCGA-AO-A03L-01A-41R-A056-07,0.0136032485406174,0.4284076960252433,0.219474067646177,0.0540746158232266,0.0705537099448522,0.0551298769183521,0.0266359965373076,0.0373094871242154,0.0948113014400079
TCGA-B6-A0IB-01A-11R-A034-07,0.0011329795409972,0.1540654292913952,0.6416812442313226,0.1600383291864633,0.0138088898814395,0.0,0.029273127868382,0.0,0.0
TCGA-E9-A54Y-01A-11R-A466-07,0.0298002449989664,0.0230549858963352,0.8362012721853538,0.0680691549347533,0.0220258519302449,0.0,0.0208484900543462,0.0,0.0
TCGA-A2-A0T2-01A-11R-A084-07,0.0034499883983888,0.2777972911061518,0.3617060868624652,0.0533568179396448,0.0701959631556808,0.1511356370692703,0.0299378309538692,0.0,0.0524203845145289
TCGA-AC-A3W6-01A-12R-A22K-07,0.0142545937224652,0.5170524844094069,0.0787377001952243,0.1041368406476711,0.0664931720626287,0.0,0.0490086057674591,0.0,0.1703166031951447
TCGA-A2-A3XV-01A-21R-A239-07,0.0,0.1582803427244432,0.6960404634032759,0.0293438603091976,0.0312949405928088,0.0208124120246303,0.0559580309645715,0.0,0.0082699499810724
TCGA-BH-A0EA-01A-11R-A115-07,0.020993858098067,0.3079004029478683,0.0512019070120592,0.1775769964787143,0.0614149362650702,0.1807012859537387,0.1570344945469307,0.001236759065492,0.0419393596320591
TCGA-BH-A0B3-01A-11R-A056-07,0.0146438862734898,0.2710918095569658,0.0973399731247169,0.0232632130947558,0.1108909589240403,0.3011149528654722,0.0362589756772507,0.0525654673910163,0.0928307630922919
TCGA-5L-AAT1-01A-12R-A41B-07,0.0203641866803155,0.416679430874676,0.1052248007873822,0.05541676731852,0.136790286697337,0.0209497457190495,0.008448998532789,0.0051317622392329,0.2309940211506977
TCGA-E2-A15J-01A-11R-A12P-07,0.0041158818679235,0.1959015373379624,0.4845634248953964,0.1103244619671952,0.0648470006142744,0.099907133137483,0.0392799718023839,0.0010605883773808,0.0
TCGA-B6-A0WS-01A-11R-A115-07,0.0441858655786833,0.3275782270509645,0.2107917508619106,0.0956291734217389,0.06328496479725,0.0,0.0178053339152489,0.0065863093144896,0.2341383750597138
TCGA-BH-A0H7-01A-13R-A056-07,0.0134749450406733,0.6811634143526123,0.1994817150221872,0.0346924440723058,0.0363627037112791,0.0,0.0043472804002626,0.0,0.0304774974006792
TCGA-A2-A0YT-01A-11R-A109-07,0.0,0.1454094735561853,0.4493477253145629,0.1339068772302089,0.0846367396875876,0.0,0.0985602467639397,0.0282411279357201,0.0598978095117954
TCGA-AN-A0XO-01A-11R-A109-07,0.0,0.4358821192467231,0.3331882328151748,0.0542898077629011,0.0230429309013738,0.0660432176254285,0.0875536916483984,0.0,0.0
TCGA-EW-A1P3-01A-11R-A144-07,0.0211697383100494,0.2779305155982667,0.3847609903112921,0.1032000166525587,0.0514711562088723,0.0234940859810354,0.104051620065845,2.756419250009692e-05,0.0338943126795801
TCGA-A2-A04N-01A-11R-A115-07,0.0575571055715334,0.537177126118787,0.2139097423097259,0.0656605809888081,0.0603877383836859,0.013108059379231,0.029326756810085,0.0,0.0228728904381434
TCGA-D8-A13Y-01A-11R-A115-07,0.0428964567508384,0.1689270178699265,0.3626347699131899,0.0394879426938198,0.0446514030669776,0.083776263313534,0.1943960970450595,0.0330568393724159,0.0301732099742383
TCGA-D8-A146-01A-31R-A115-07,0.1041568185182896,0.4526994816732814,0.1115305440486067,0.0908289737877445,0.0749920030942288,0.0539657182144117,0.0491825146630625,0.0027275779654351,0.0599163680349393
TCGA-LL-A7SZ-01A-32R-A352-07,0.0401551583840241,0.1584450226517811,0.304880534405206,0.0238562795530645,0.0961191905837383,0.0,0.0340829265822009,0.1817172388705417,0.160743648969443
TCGA-AO-A0J8-01A-21R-A034-07,0.016206002056224,0.3896617375034181,0.2949588362819414,0.0612047120346981,0.1161784518311841,0.0,0.0169322707905435,0.0,0.1048579895019906
TCGA-B6-A0IK-01A-12R-A056-07,0.0178966599220209,0.1722616910961164,0.4003142824994479,0.0877000387709342,0.05167457121749,0.09171235487811,0.0650737898368473,0.0288736329330942,0.0844929788459387
TCGA-A2-A0T3-01A-21R-A115-07,0.0074575155992486,0.2326688217123021,0.2839887370151236,0.1078756598202886,0.0340136049605549,0.2070045217577271,0.0768872130911856,0.0,0.0501039260435694
TCGA-AO-A03M-01B-11R-A10J-07,0.0446959119083205,0.1794531537289527,0.2139023179404647,0.0675603046231364,0.1197049437804499,0.0328616917793412,0.0628572219793416,0.0145562947145566,0.2644081595454361
TCGA-BH-A0W4-01A-11R-A109-07,0.0036125946464394,0.4957194958174308,0.1155271334259464,0.1091963635710842,0.0499497662608537,0.1491417230247825,0.0649951463942718,0.0,0.0118577768591907
TCGA-E2-A15S-01A-11R-A115-07,0.0047612384136603,0.1125955395900849,0.5184328537502004,0.1125578158484084,0.0530728474260304,0.0626882718214893,0.0935239398943628,0.0240796729250226,0.0182878203307405
TCGA-D8-A27R-01A-11R-A16F-07,0.0301896718621228,0.2670029004820612,0.3369627626013111,0.0765224570479057,0.0944532410159333,0.0,0.0454899777765115,0.0086521602167509,0.1407268289974031
TCGA-B6-A0WZ-01A-11R-A109-07,0.0,0.2939893551289849,0.5114411046041314,0.1193217875470219,0.0358978381608077,0.0,0.0310274938630171,0.0,0.0083224206960368
TCGA-D8-A27H-01A-11R-A16F-07,0.0341896488350579,0.3996160239381275,0.0,0.035521251776895,0.0580119450014128,0.3315736465809659,0.0511375099997858,0.0059147989809026,0.0840351748868522
TCGA-AO-A03U-01B-21R-A10J-07,0.0,0.1459783301482806,0.0,0.1445470948075352,0.1598642010889829,0.4069247221025417,0.0187095678800753,0.0068481392516041,0.1171279447209798
TCGA-A7-A5ZV-01A-11R-A28M-07,0.0064876190564284,0.5276493862892767,0.050300623105084,0.014676543176793,0.0689876721555934,0.2955127945376367,0.0164114685905482,0.0199738930886392,0.0
TCGA-BH-A1EY-01A-11R-A13Q-07,0.0116719658994903,0.4544032781976076,0.1848124720282325,0.0413248877762733,0.1265907287933658,0.0097462697190018,0.0,0.0,0.1714503975860286
TCGA-A8-A09T-01A-11R-A00Z-07,0.0,0.4334231096392968,0.3367305817036833,0.0618890069737578,0.1370464725408511,0.0078541474710767,0.0184880783504222,0.0,0.0045686033209116
TCGA-AC-A4ZE-01A-11R-A41B-07,0.0177269736220367,0.1847556192825121,0.3489743320186743,0.2047042458950531,0.0553607385100773,0.0,0.1111301084562294,0.0,0.077347982215417
TCGA-BH-A0H9-01A-11R-A056-07,0.0078660941063282,0.263613352611324,0.5289445926090847,0.0742685345738404,0.055887767234077,0.0,0.0296222161066798,0.0011532982792988,0.0386441444793668
TCGA-LD-A7W6-01A-81R-A352-07,0.0242112489665544,0.2510462367901521,0.1792975569137017,0.1384797079032592,0.0487189747015691,0.1651959383892647,0.0598655757081505,0.008562525563711,0.1246222350636367
TCGA-GM-A2D9-01A-11R-A18M-07,0.0151152088572844,0.3184918145173568,0.39885789464129,0.0987830234176296,0.0650422105229467,0.0,0.0629833811358475,0.0064765387741185,0.0342499281335264
TCGA-BH-A42T-01A-11R-A24H-07,0.0059404562552802,0.253727969687424,0.4688770944434904,0.0497493368931538,0.0917774497711872,0.0,0.0651226469639755,0.0,0.0648050459854888
TCGA-A2-A0SX-01A-12R-A084-07,0.0771270677642769,0.2307923691790329,0.0,0.031503464256779,0.1006181961640312,0.2309906752077377,0.0365244951493711,0.0553227731373885,0.2371209591413826
TCGA-A1-A0SI-01A-11R-A144-07,0.0103791752661322,0.660035116685774,0.0726221179361893,0.0371889475060748,0.0688316058175257,0.031141153329674,0.0,0.0035667960971855,0.1162350873614441
TCGA-A7-A0D9-01A-31R-A056-07,0.0034892586828214,0.3730714544480163,0.3305598572566274,0.0911919109683312,0.038520000116099,0.0566539390806986,0.0827793998952056,0.0049982290011746,0.0187359505510255
TCGA-A2-A04U-01A-11R-A115-07,0.0166619284285713,0.1663050158845718,0.5869277396435795,0.0561359411726226,0.0345750569933628,0.0675547356696092,0.0630845771684017,0.0,0.0087550050392806
TCGA-D8-A143-01A-11R-A115-07,0.0497607432102863,0.1079768568857578,0.3192560596363094,0.1056181779333213,0.0907452999121197,0.0905305194048391,0.0467163250849371,0.0917784454003733,0.0976175725320557
TCGA-BH-A8FZ-01A-11R-A352-07,0.0512316057582174,0.1918485755844298,0.0003038080200864,0.0868927705812391,0.1135366959516559,0.219299752605959,0.1722409045922236,0.031590256375407,0.1330556305307814
TCGA-A2-A0T6-01A-11R-A084-07,0.0805148060085881,0.517245250293741,0.0161546971238759,0.0866093182561141,0.1110424960552407,0.0469908235728315,0.0171493111192704,0.0,0.1242932975703379
TCGA-AC-A3BB-01A-21R-A19W-07,0.0706761842051193,0.4332515741684519,0.0712922720226731,0.0853651258243612,0.080196796304751,0.0152620508880846,0.0428014546665555,0.0006332399782955,0.2005213019417074
TCGA-BH-AB28-01A-31R-A41B-07,0.112036601923805,0.2818312953215388,0.161834138581936,0.0838547768653444,0.074164202783865,0.1590031845402507,0.0184562927228466,0.0,0.1088195072604134
TCGA-A1-A0SQ-01A-21R-A144-07,0.0547307232257294,0.2167440050175021,0.3798747103227461,0.1333785027761701,0.0958020093797317,0.0,0.0532992996076927,0.0448887908503121,0.0212819588201154
TCGA-E2-A15E-01A-11R-A12D-07,0.0177073916826707,0.303695673426022,0.1143541214883332,0.0930137695631501,0.0444148389092932,0.3576365690771019,0.0547006516435393,0.0,0.0144769842098895
TCGA-AR-A24S-01A-11R-A169-07,0.0306623227598806,0.3519123824312882,0.1133326268997702,0.094037855242763,0.2340026208522543,0.0037277947026356,0.0660119017880964,0.0,0.1063124953233113
TCGA-D8-A1JS-01A-11R-A13Q-07,0.0,0.0611949099497975,0.7542253731843336,0.0932182758828619,0.0374628839735251,0.0,0.0251156714011576,0.028782885608324,0.0
TCGA-AO-A03O-01A-11R-A00Z-07,0.0048508355418931,0.1874116775869851,0.392033606682975,0.050162269549052,0.1060788047097837,0.0012385525668909,0.0239064743990771,0.0228245872933667,0.2114931916699761
TCGA-D8-A27F-01A-11R-A16F-07,0.0215311636626203,0.3285291177639266,0.1345093504535549,0.0738905550899266,0.0841009550515828,0.2460693382447032,0.0868510856753985,0.0054865949024377,0.019031839155849
TCGA-AR-A5QN-01A-12R-A28M-07,0.030202315180361,0.3147818459580885,0.1916271351824959,0.1523377891732251,0.068818024578491,0.106466118335143,0.0666118935472968,0.0004578989189593,0.0686969791259392
TCGA-B6-A0IA-01A-11R-A034-07,0.0,0.0654492054683701,0.8159790371640653,0.0891732628246345,0.02939849454293,0.0,0.0,0.0,0.0
TCGA-B6-A0I6-01A-11R-A034-07,0.0123897439667153,0.3821420076878292,0.0723124623317512,0.0414922925726582,0.0528540881481704,0.2993913246411198,0.1029371564411031,0.009075404832962,0.0274055193776906
TCGA-B6-A0RE-01A-11R-A056-07,0.0031608929999592,0.2575040578941522,0.256308621397241,0.0118253548379237,0.0738378945581497,0.3105565293751073,0.0497875415928225,0.0122035605677588,0.0248155467768853
TCGA-A8-A08F-01A-11R-A00Z-07,0.0022787970527868,0.3130337377268546,0.2638636737621078,0.0440869139034962,0.197370778214406,0.0,0.057353293617718,0.0019717240506738,0.1200410816719565
TCGA-AR-A2LM-01A-11R-A180-07,0.0136661013677507,0.5709096536232513,0.0290624105660137,0.0966646468931574,0.0654395731477786,0.1312698339970053,0.0195187389864295,0.0,0.073469041418613
TCGA-AC-A62Y-01A-11R-A29R-07,0.0052616051235111,0.2621654854981384,0.3466496606236268,0.0973742499443208,0.184285832774526,0.0,0.0302034523499486,0.0,0.0740597136859279
TCGA-AO-A0JD-01A-11R-A056-07,0.0075814309441819,0.0707424072847325,0.5419220470100743,0.0553304894652117,0.0923631698481059,0.052194732425532,0.0479627744009537,0.0048413248077096,0.1270616238134981
TCGA-A2-A0ST-01A-12R-A084-07,0.243781307219721,0.0575999692333883,0.0,0.0496851090706319,0.1074769169691197,0.1294765609891471,0.0179415872604347,0.0351374180970904,0.3589011311604665
TCGA-A2-A4RW-01A-21R-A266-07,0.0257832471398366,0.4878929873532812,0.1362676697452792,0.0974812001056146,0.0565998609667638,0.033864614886922,0.0640408513144118,0.001432630626855,0.0966369378610354
TCGA-B6-A0RM-01A-11R-A084-07,0.0047405918072172,0.1408268806451752,0.4510156420983368,0.0480639902669063,0.0496404726661367,0.0439520019705557,0.2106860705817978,0.0081944928665548,0.0428798570973192
TCGA-A1-A0SN-01A-11R-A144-07,0.0,0.4264971136990717,0.1828481133537278,0.0614514572586972,0.0908100079504982,0.0036837303355146,0.0324072544776962,0.0260823422166643,0.1762199807081297
TCGA-LL-A6FR-01A-12R-A31O-07,0.000999903373367,0.4292536222021153,0.3103233767239017,0.0006308092160772,0.0340542939638974,0.1322879692958794,0.0924500252247617,0.0,0.0
TCGA-D8-A1JE-01A-11R-A13Q-07,0.0055632345495504,0.5995224397304981,0.0844398970177115,0.0715459371795357,0.1397283644612657,0.0456180601788868,0.0,0.0062640634776355,0.047318003404916
TCGA-A8-A09I-01A-22R-A034-07,0.0076366621044225,0.2777671336213778,0.3904461686197662,0.0436912411364412,0.1548710033797509,0.0,0.0133179338486551,0.0082143615987896,0.1040554956907964
TCGA-BH-A0DP-01A-21R-A056-07,0.0425271685908787,0.4112797735339398,0.1067902565571135,0.1029529085089116,0.1017028312337998,0.1447129143073009,0.0120906363718072,0.0011026688460156,0.0768408420502327
TCGA-HN-A2NL-01A-11R-A18M-07,0.061828096098019,0.0953262492301524,0.3808397375056091,0.0560048597543857,0.078682499808555,0.084776954029149,0.0120602524125117,0.0287552895429218,0.2017260616186961
TCGA-AR-A24O-01A-11R-A169-07,0.0410879811384855,0.434066424190965,0.0,0.1648997040089255,0.0853137946630656,0.1024550894564068,0.0635522533985326,0.0033830481880617,0.1052417049555569
TCGA-BH-A1FL-01A-11R-A13Q-07,0.1060171578410479,0.2578779138732502,0.321984004154685,0.1066799191147765,0.0463778605845378,0.0364222840199016,0.0795069909405638,0.0,0.0451338694712369
TCGA-V7-A7HQ-01A-11R-A33J-07,0.003875459499163,0.290604948134838,0.598256736620102,0.0276121091975893,0.0371870301897688,0.0,0.0411099091802456,0.0013538071782931,0.0
TCGA-B6-A1KC-01B-11R-A157-07,0.0167534494523542,0.0831241903610712,0.4840924684652014,0.0968001005345395,0.092513227312916,0.0,0.2159897635058274,0.0,0.0107268003680898
TCGA-A7-A3IZ-01A-11R-A213-07,0.0109171995426091,0.161041178115765,0.3748797228534651,0.1372199464265347,0.1030492887893332,0.0699407238060064,0.1177967619092406,0.0,0.0251551785570456
TCGA-B6-A1KI-01A-11R-A14M-07,0.0131676400970199,0.2636301860392551,0.2333281496966297,0.2466902280144975,0.0179160601389742,0.0346830348838577,0.1851645638560109,0.0002277510881734,0.0051923861855815
TCGA-BH-A1FH-01A-12R-A13Q-07,0.0073002799576435,0.5987101245435222,0.0,0.1349739342914019,0.0455325545567007,0.1348750188393781,0.0398506939178948,0.0098517604780521,0.0289056334154064
TCGA-B6-A0X1-01A-11R-A109-07,0.006158749027214,0.1428387496519302,0.2444838353398229,0.0287963900581202,0.1379335647242062,0.1791260998500553,0.0199164348428099,0.0618425787258697,0.1789035977799711
TCGA-B6-A0IN-01A-11R-A034-07,0.1039483024803448,0.1555863523950735,0.3675497268426518,0.1023928586497974,0.0591345329758281,0.0,0.0920133579739129,0.0247678942548722,0.094606974427519
TCGA-E2-A15K-01A-11R-A12P-07,0.1445111126342793,0.2179377956789887,0.2550205619496712,0.0646735425175405,0.0781318458557252,0.010054221439684,0.0116600750821526,0.0035144479141674,0.2144963969277907
TCGA-AR-A1AL-01A-21R-A12P-07,0.0350892613271423,0.3391729187127931,0.0,0.2109388959519848,0.0638553646195607,0.2138017326906178,0.0495671558182484,0.0,0.0875746708796527
TCGA-E2-A570-01A-11R-A29R-07,0.0030736162272154,0.6050220631812413,0.2658414974273879,0.0471744183788273,0.0383531940908234,0.0,0.0293259978310888,0.0004368940957606,0.0107723187676548
TCGA-C8-A275-01A-21R-A16F-07,0.074427617811486,0.148781921062675,0.2371721115504381,0.06486615718182,0.1326213412836226,0.0573722826843368,0.0212693771062817,0.0179928011407899,0.2454963901785495
TCGA-E2-A1LA-01A-11R-A144-07,0.0502346986759707,0.2638429546513784,0.2683680556091388,0.0455657923300368,0.1221824824204054,0.0,0.0353777932171207,0.017481774997715,0.1969464480982342
TCGA-E9-A229-01A-31R-A157-07,0.0225795957245446,0.6703329031627242,0.0571877583869425,0.039394635929245,0.1064945193666131,0.0240384164975016,0.0020752663704831,0.0046565900913979,0.0732403144705476
TCGA-D8-A1Y0-01A-11R-A14M-07,0.06219758467861,0.2752087260504306,0.1056267305433241,0.1387625046862967,0.119931547150255,0.0560826738454586,0.0568029205157459,0.0054907495555885,0.1798965629742902
TCGA-E9-A22D-01A-11R-A157-07,0.0410290272498024,0.0952743883776802,0.1602776871914006,0.0331898913038474,0.1195544288703919,0.0,0.0101056571571254,0.0082266184191058,0.532342301430646
TCGA-AN-A0XP-01A-11R-A109-07,0.0158399948274917,0.329180079717639,0.3071722755226855,0.1017344486497749,0.0549103958234901,0.0,0.1565446816654706,0.032676707573053,0.0019414162203949
TCGA-A8-A07O-01A-11R-A00Z-07,0.0,0.1879118158558814,0.3618795841690479,0.0605095428565045,0.1326510421436364,0.1392301678951644,0.0262013905418373,0.0,0.0916164565379278
TCGA-S3-AA0Z-01A-11R-A41B-07,0.0162653726982472,0.088922485714682,0.0,0.0189709538205789,0.0796082643031961,0.4911013952851331,0.2103524294839178,0.0119947600157035,0.0827843386785411
TCGA-AO-A0J2-01A-11R-A034-07,0.0044943990719027,0.175555737396102,0.4429576830445305,0.0467982776553314,0.0862708469196689,0.039988786148169,0.0281790121474189,0.0162068575598228,0.1595484000570534
TCGA-EW-A2FS-01A-11R-A17B-07,0.0672722122538136,0.1884315091808526,0.3564023057889455,0.0893338073320262,0.0443038728947601,0.0208442802532942,0.0683421174778133,0.0406129215664576,0.1244569732520366
TCGA-BH-A0B8-01A-21R-A056-07,0.0138643842650619,0.2565004844010146,0.4072147113701039,0.1014112638452869,0.0708242332108697,0.0193677545950803,0.0848450064432018,0.0074289735993606,0.0385431882700201
TCGA-BH-A0E7-01A-11R-A034-07,0.0071278510582674,0.2710009128151935,0.3555577935329555,0.1670351686748764,0.0603041790605778,0.0034188093391155,0.1330448737623806,0.0025104117566329,0.0
TCGA-BH-A0DO-01B-11R-A12D-07,0.1005166062878647,0.2132943719375933,0.127530855507627,0.1303821211585871,0.0455728375504115,0.2963230872423248,0.0547527370905304,0.0038674813015811,0.0277599019234799
TCGA-AR-A256-01A-11R-A169-07,0.0245714808201642,0.0986716927067958,0.0803683059696668,0.0323279479949295,0.1157937112757377,0.5860721130990199,0.022743395631744,0.0,0.0394513525019418
TCGA-A7-A426-01A-22R-A24H-07,0.0350389965770863,0.3944964824244205,0.0868910028019141,0.1529427761740673,0.0337892753044549,0.1585311697344282,0.0657885920239937,0.0033298974314045,0.0691918075282303
TCGA-E9-A243-01A-21R-A169-07,0.1154555184812993,0.1566664721390492,0.0071607384423825,0.0530235023370229,0.1936822676844211,0.0508567756116547,0.0186760582501582,0.057780905507209,0.3466977615468027
TCGA-BH-A1FG-01A-11R-A13Q-07,0.0024175861891419,0.1230050673202739,0.5591898262381668,0.235008556031312,0.0535229278546091,0.0,0.0013493862117458,0.0065937344521783,0.0189129157025719
TCGA-D8-A27N-01A-11R-A16F-07,0.0034257384559678,0.4929950480260961,0.2255516657491592,0.0598285671236854,0.1342779702727344,0.0013281623967103,0.0249171717310738,0.0049180965305343,0.0527575797140382
TCGA-AN-A0FF-01A-11R-A034-07,0.0667827472935465,0.2908011683735022,0.2434788262534251,0.0991633413167596,0.1437848272446623,0.0329324292659709,0.0263418828131409,0.0048915038622013,0.0918232735767909
TCGA-AO-A0JL-01A-11R-A056-07,0.0021782395499258,0.1555331419129569,0.4479240357487736,0.0742293943131714,0.0169011598774174,0.1435253859841965,0.1493196823169508,0.0020948706166965,0.0082940896799107
TCGA-AC-A8OS-01A-12R-A41B-07,0.0593208882744212,0.3843622335919959,0.084143736669539,0.1705010529152378,0.0714829023006669,0.0663846555008892,0.0396757253211154,0.0024487394118654,0.1216800660142687
TCGA-D8-A1J9-01A-11R-A13Q-07,0.0091283857110552,0.3253945818256011,0.1058422920764584,0.0791570484709463,0.1128756796032402,0.3065515804440114,0.0267072417181233,0.0042896942721256,0.0300534958784381
TCGA-AC-A62V-01A-11R-A31O-07,0.0,0.2641754837407018,0.6211672478358929,0.0372679131568514,0.0434591333891179,0.0,0.0337246534042608,0.0,0.0002055684731749
TCGA-A2-A0EY-01A-11R-A034-07,0.054668954732888,0.221968192902448,0.2968863009648291,0.0883303311920647,0.1190619313458869,0.0263049222270003,0.0289332405552268,0.0115587928987517,0.152287333180904
TCGA-A7-A0CJ-01A-21R-A00Z-07,0.007661108401034,0.1359392874977466,0.5529125845003597,0.0576672569274851,0.0564088550951455,0.0,0.0963194616400152,0.0,0.0930914459382137
TCGA-GM-A2DF-01A-11R-A180-07,0.0482194377232097,0.1971708813633541,0.1794000142655034,0.0502129793974999,0.1072508968757766,0.1530632330855136,0.0445867820419644,0.1015476467885753,0.1185481284586024
TCGA-BH-A0BJ-01A-11R-A056-07,0.0181046736784514,0.4135879620960486,0.1890308998440468,0.1115230146582988,0.0779575278166369,0.0600476416492162,0.0469119423173128,0.0027585419125354,0.0800777960274528
TCGA-B6-A0WT-01A-11R-A109-07,0.0071646457933487,0.5519307573108336,0.1385455119505053,0.0646927423202775,0.0661481961752554,0.0426296679120523,0.064710722322043,0.0282800217716992,0.0358977344439846
TCGA-E2-A159-01A-11R-A115-07,0.016603936979464,0.1663357813542254,0.1166749162852712,0.0503699530263715,0.1493563245373845,0.1491705275622269,0.0150755846583311,0.0477759007100738,0.2886370748866512
TCGA-A8-A08Z-01A-21R-A00Z-07,0.0114004027431285,0.5709830063612472,0.0615276490843582,0.0711294137112315,0.1740078537414689,0.0114051608757733,0.0462512798916088,0.0,0.0532952335911835
TCGA-A8-A096-01A-11R-A00Z-07,0.0038849205735358,0.4037581151192773,0.0352915070667921,0.0865476070527092,0.1982884151182578,0.0854287702599941,0.0201631528564273,0.0049216115684218,0.1617159003845843
TCGA-E2-A14Z-01A-11R-A115-07,0.042174445251419,0.2517379066037888,0.1911132204113415,0.0643574710380967,0.1141132011190998,0.0339160865982245,0.0323190448600129,0.0,0.2702686241180163
TCGA-A7-A4SF-01A-11R-A266-07,0.0368263334370175,0.2193819437425476,0.5201444814681225,0.0269792099441235,0.0582975317114038,0.0,0.0332403121873877,0.0071866754576513,0.0979435120517456
TCGA-E2-A1BC-01A-11R-A12P-07,0.0252163237736037,0.5077819542015826,0.0893530954898198,0.1682175185850296,0.0375097454518559,0.0631186557642578,0.0937496525260541,0.0002363388821063,0.0148167153256899
TCGA-A8-A08B-01A-11R-A00Z-07,0.0347170689562292,0.1646059364024144,0.4517588213111015,0.0473851637708255,0.0752696979342387,0.0120153628454838,0.0386476030548444,0.0464104224230282,0.129189923301834
TCGA-E2-A1LH-01A-11R-A14D-07,0.0691891032542732,0.1431145977249889,0.1499599974037675,0.0381281945298559,0.1021577274674035,0.1638103540515782,0.0395502718171599,0.0395511326970449,0.2545386210539276
TCGA-LL-A7T0-01A-31R-A352-07,0.0105322190266694,0.238490452369629,0.4736259115988478,0.0292781881157386,0.0612990216713943,0.0,0.0486324529581078,0.0138749948184589,0.124266759441154
TCGA-AC-A5XS-01A-11R-A29R-07,0.0545187096230811,0.2388723212254288,0.2638048030676403,0.115144049985066,0.1297140193124812,0.0,0.0314038758308625,0.0171317007382599,0.1494105202171799
TCGA-B6-A400-01A-11R-A239-07,0.0046698541969486,0.3449806493795785,0.0869309452890592,0.0478180285134514,0.0887420528244831,0.2247795403230633,0.130643760780412,0.0,0.0714351686930035
TCGA-EW-A3U0-01A-11R-A22K-07,0.1537374992517928,0.1503118422049485,0.0,0.0726175257697635,0.1259088157090856,0.1339421354367653,0.0369702869960985,0.0342333038904784,0.2922785907410672
TCGA-AC-A2QJ-01A-12R-A19W-07,0.0,0.8064233858092016,0.0450004569822544,0.0084437749287967,0.1098536517448558,0.0,0.0291211346657891,0.0,0.0011575958691022
TCGA-AR-A0TY-01A-12R-A115-07,0.0637523955679183,0.131989045865344,0.4962894074716995,0.0948007245135712,0.0761236076934906,0.0,0.0965289873163586,0.0152435388352803,0.0252722927363372
TCGA-EW-A1PG-01A-11R-A144-07,0.0097267810652188,0.2688197857009002,0.0,0.1212255366478261,0.0540351390611593,0.4927783293160509,0.0373495969566108,0.0011623281537018,0.014902503098532
TCGA-A7-A3J0-01A-11R-A213-07,0.0315088531990881,0.0684030916094679,0.3668266616610096,0.0849699097072872,0.1248012643129174,0.0447982279103927,0.0993498201061582,0.0611180724681668,0.1182240990255118
TCGA-E2-A15C-01A-31R-A12D-07,0.1000249752169355,0.3730807492329012,0.1531788185267264,0.1081907164115712,0.0500425913887407,0.0807352617307361,0.0528921906136915,0.0204570735698798,0.0613976233088173
TCGA-BH-A0W5-01A-11R-A109-07,0.3282821086220261,0.2067934267199881,0.0236929096544068,0.0505313978690982,0.0442783551417686,0.0522226451899847,0.0147438980651087,0.0037217080745914,0.2757335506630269
TCGA-AR-A1AV-01A-21R-A12P-07,0.0617832594339012,0.3617788252521402,0.2961377735182277,0.1259766843674512,0.1001776476933346,0.0,0.0517613569727214,0.0,0.0023844527622235
TCGA-OL-A6VR-01A-32R-A33J-07,0.0155592641099809,0.0861424764572793,0.4205444435887002,0.0835560956491094,0.0534106612292016,0.2561478738357251,0.0648528149260547,0.0151652435870598,0.0046211266168886
TCGA-BH-A18Q-01A-12R-A12D-07,0.0178739481995041,0.1313032762554931,0.0,0.0782287821467395,0.0976049432714222,0.4785148176480874,0.0913587573582788,0.0079465943165137,0.097168880803961
TCGA-BH-A5J0-01A-11R-A27Q-07,0.0089180452495194,0.3383059865403484,0.2675702404855236,0.0449843280668691,0.1218402652282193,0.0,0.0682862578851657,0.0,0.1500948765443544
TCGA-AR-A24R-01A-11R-A169-07,0.0330154181171965,0.2769394324182382,0.3055320407062391,0.0691690988425776,0.1086463620464905,0.0,0.017155923206833,0.0387939821303537,0.150747742532071
TCGA-A8-A08H-01A-21R-A00Z-07,0.012338796281744,0.3983806243210507,0.0,0.1812148914708365,0.2935660263742451,0.0242849246530607,0.0226932580101993,0.0,0.0675214788888633
TCGA-BH-A0DD-01A-31R-A12P-07,0.0328432739865302,0.2793394836488099,0.3487464429102023,0.0603140634684575,0.0802149658637186,0.0,0.0971378503517128,0.0,0.1014039197705684
TCGA-E2-A1B4-01A-11R-A12P-07,0.0,0.3059168389842011,0.4242321378743642,0.0572979481177489,0.0383602055358984,0.1183883329801601,0.0402155820755831,0.0,0.0155889544320439
TCGA-C8-A274-01A-11R-A16F-07,0.0150077506905657,0.1888590999663105,0.5610866694278743,0.0627259987113776,0.0901106803543292,0.0357283048146623,0.0320847230361168,0.0,0.0143967729987633
TCGA-A7-A4SE-01A-11R-A266-07,0.0174077377663899,0.335201697621128,0.0,0.0420963068549619,0.0439447030274335,0.3708368823548025,0.1431299167302513,0.000352727639373,0.0470300280056594
TCGA-C8-A26Z-01A-11R-A16F-07,0.0296420364297274,0.3615801311172686,0.4262659222702127,0.0580750897331817,0.0559192851525231,0.0,0.0619091265422825,0.0033250278461092,0.0032833809086946
TCGA-E2-A10E-01A-21R-A10J-07,0.0080700505908318,0.3228017519828052,0.2930773956763609,0.0947211505302781,0.0804501630247671,0.0642272027912651,0.0380678513892967,0.0079410512827092,0.0906433827316856
TCGA-BH-A0HU-01A-11R-A034-07,0.0038427707428145,0.2002188766782057,0.55994655316186,0.0475161231858572,0.0491474277283135,0.0,0.0646913181991095,0.0,0.0746369303038392
TCGA-A2-A0SY-01A-31R-A084-07,0.1321029498934102,0.3607987845326463,0.1537781325767708,0.1155636127875127,0.0879087734770305,0.0091066394137493,0.0224301478914357,0.0033947075519188,0.1149162518755254
TCGA-C8-A8HR-01A-11R-A36F-07,0.0290283901953883,0.4925183024148076,0.0454158136827921,0.1156143351037595,0.0713398993266281,0.0832076529561178,0.0548084795385922,0.0,0.108067126781914
TCGA-AN-A046-01A-21R-A034-07,0.0013121088094603,0.289276485653036,0.2959745448593293,0.0484262243778134,0.1009559466481301,0.0,0.020108874070705,0.011325642971861,0.2326201726096645
TCGA-D8-A1JF-01A-11R-A13Q-07,0.0259185376815363,0.4065646096889746,0.1354596681974313,0.039312803517846,0.0983897903171722,0.1623669115223818,0.0,0.0524071981663332,0.0795804809083245
TCGA-A8-A097-01A-11R-A034-07,0.0172134683139005,0.4756843934265036,0.1519630321164125,0.0584488384090611,0.0987316228439502,0.0743080015878679,0.0809993762126496,0.0,0.0426512670896543
TCGA-C8-A12M-01A-11R-A115-07,0.0306778778332634,0.0907844931385126,0.3615084629597713,0.1944791816048171,0.0614498967817401,0.0,0.079169451142689,0.0347208642887382,0.1472097722504679
TCGA-E9-A1RI-01A-11R-A169-07,0.0202259334527114,0.6069836907388699,0.0592557932802035,0.0629904623728752,0.081069099614653,0.0917506520311517,0.0305627014698319,0.0021756922682072,0.0449859747714959
TCGA-GM-A2DC-01A-11R-A18M-07,0.0158918559965113,0.1433813537010493,0.6194385910086019,0.0746563621986911,0.0334382839706701,0.0,0.0678837877893755,0.0,0.0453097653351006
TCGA-E9-A226-01A-21R-A157-07,0.0012828182704179,0.6351867926415588,0.0614517603663204,0.0525027234798251,0.0743020534515899,0.116412842633607,0.0171765389533139,0.0196701438453275,0.0220143263580391
TCGA-AO-A03T-01A-21R-A034-07,0.0,0.0850339421971517,0.5616589828040778,0.0806931339144143,0.0377332762607819,0.0,0.1559206646394171,0.0121862850003874,0.0667737151837695
TCGA-D8-A1JB-01A-11R-A13Q-07,0.1624945702082288,0.1377614467715336,0.0544692412567474,0.093315931143702,0.0839314348728371,0.1220852011427631,0.0366715688490407,0.0098611081860481,0.2994094975690987
TCGA-BH-A208-01A-11R-A157-07,0.000541314267466,0.7413170497735307,0.0,0.0779530664768445,0.0370240012025655,0.0784776162026119,0.0421979547233987,0.0074015188700408,0.0150874784835416
TCGA-A7-A26H-01A-11R-A169-07,0.0270588570311386,0.4762710507632999,0.1815011329935624,0.0947081385770968,0.102332621025053,0.0161597075153795,0.0115057021605103,0.0010506225987852,0.0894121673351739
TCGA-D8-A1XG-01A-11R-A14D-07,0.0151188950209067,0.2174635045298267,0.1625052916892191,0.0483263433749482,0.0663611992663258,0.2078369117976563,0.1156016951121822,0.0319962222978469,0.1347899369110878
TCGA-AR-A24L-01A-11R-A169-07,0.0091860320448394,0.4948736164905408,0.1517006419033144,0.1263473885473348,0.0606482589746441,0.0327383124723567,0.093614353618545,0.0042158529919868,0.0266755429564375
TCGA-AN-A0FY-01A-11R-A034-07,0.0344700145900886,0.4917996621081149,0.2407301541691595,0.0445262273350344,0.0526917667446108,0.024696578841933,0.0652199328306865,0.0,0.0458656633803721
TCGA-A2-A3XY-01A-11R-A239-07,0.0559159455037569,0.3831301422297087,0.0555639981649666,0.0895134919413099,0.0796876386601461,0.0996343886973776,0.0750419705002843,0.0068074857204266,0.1547049385820229
TCGA-AC-A8OQ-01A-11R-A41B-07,0.0806154686714832,0.2382165386776107,0.0658563454203358,0.0660622565569514,0.0660892946377852,0.1386243800121705,0.0714962627679535,0.134651327447639,0.1383881258080705
TCGA-AC-A23C-01A-12R-A169-07,0.01657117210977,0.3578525666602251,0.2219201227967327,0.0795285770637122,0.1079156949033712,0.0231025036904561,0.0283195098157794,0.0276465385548975,0.1371433144050556
TCGA-AR-A0TU-01A-31R-A109-07,0.0047671948898751,0.0350096897997521,0.3247132731212186,0.0240925460759191,0.1240589136368047,0.2752703992173145,0.0109515520010966,0.0,0.201136431258019
TCGA-A8-A09E-01A-11R-A00Z-07,0.0102112458126683,0.2041234909447684,0.5967362066470631,0.0872075517737113,0.0512287760107585,0.0,0.0284385088496552,0.0051987400445265,0.0168554799168483
TCGA-BH-A0HI-01A-11R-A084-07,0.0048798967339359,0.3338064046833187,0.2720765240992357,0.1689452665103643,0.0870899354206739,0.0181349634128974,0.07805483355462,0.0049231393559645,0.0320890362289895
TCGA-E2-A14T-01A-11R-A115-07,0.0542473158818335,0.1875200318250552,0.4442211381183789,0.0630619363807218,0.1744913115884354,0.0,0.0394433833224274,0.0,0.0370148828831477
TCGA-E2-A1B6-01A-31R-A12P-07,0.3052430436372676,0.0535162295709191,0.0655652151062158,0.0189801008424695,0.0282976970446944,0.0686015931043485,0.0132722899961656,0.0,0.4465238306979191
TCGA-BH-A0C7-01B-11R-A115-07,0.0822246577615196,0.3948312143404863,0.1777427239216623,0.0904033410366531,0.0574150364794013,0.0591704079422487,0.0576013732155737,0.0043029304398273,0.0763083148626273
TCGA-AN-A0FW-01A-11R-A034-07,0.0149827198154818,0.2473841484041049,0.4559141938943172,0.1157386025118439,0.0434208772650521,0.0,0.0645120515694637,0.0,0.0580474065397363
TCGA-LL-A8F5-01A-11R-A36F-07,0.0259890260573567,0.2096223006846424,0.2105008282540943,0.0199176084431024,0.0428133510791775,0.2201162132859508,0.0907309621210639,0.126424924416896,0.0538847856577157
TCGA-AO-A0JI-01A-21R-A056-07,0.0749730504927373,0.1067464592031813,0.4356469119168035,0.1106357475842828,0.0334260600129943,0.0727800213553116,0.0552994019189103,0.0484373506334819,0.0620549968822966
TCGA-E9-A3Q9-01A-11R-A21T-07,0.0277773040811551,0.1378935517278457,0.2414123807784769,0.189107788954949,0.1609089056724011,0.0714123790253124,0.0754351239370498,0.0398501065206162,0.0562024593021934
TCGA-AC-A3HN-01A-11R-A213-07,0.044495132993175,0.5180634780430137,0.0337376845382404,0.1284643693673232,0.0946501931083238,0.0502492288692568,0.0284766738292337,0.0076987369731338,0.0941645022782994
TCGA-E9-A5FL-01A-11R-A27Q-07,0.0261681027314882,0.2065628316084467,0.3572370333176297,0.0215338430063692,0.0743040802762171,0.2215141857281366,0.0753777069389218,0.0,0.0173022163927902
TCGA-A2-A1G4-01A-11R-A13Q-07,0.0982335918641299,0.0847477503691527,0.4366640220451202,0.0974331423073539,0.1534078299961752,0.0,0.0626436879361967,0.0063371699390221,0.060532805542849
TCGA-AR-A0U0-01A-11R-A109-07,0.0026306328818765,0.0767415891213005,0.1411148459651694,0.0478212993827441,0.1405065888751727,0.247780465853965,0.022906700343443,0.0446502548255606,0.2758476227507678
TCGA-AR-A2LE-01A-11R-A180-07,0.0138812333837288,0.1960762640935861,0.1993176030956373,0.1352440334981723,0.0542804484943222,0.2870524091511079,0.0427453396917345,0.0,0.0714026685917107
TCGA-E2-A14P-01A-31R-A12D-07,0.0416888912627491,0.1254513178198715,0.4534556123765074,0.0652565733726358,0.0564341588814553,0.0186470187978054,0.0594189481391245,0.0395804503890429,0.1400670289608077
TCGA-AN-A04A-01A-21R-A034-07,0.0,0.5716801854775525,0.155054920652107,0.0590397698350253,0.0412768711498783,0.0708322336275115,0.0735692092637983,0.006718468002307,0.02182834199182
TCGA-BH-A1F5-01A-12R-A13Q-07,0.0189212671155727,0.2020797474121042,0.305461397149509,0.0779977661975249,0.0782431873105613,0.2052473059220191,0.090652972656013,0.0024330361318759,0.0189633201048194
TCGA-BH-A0HA-01A-11R-A12P-07,0.0103813409530732,0.4586812270234601,0.2177494132466395,0.0869668834047551,0.0538740141991337,0.0,0.0523048461606772,0.0029021761245126,0.1171400988877482
TCGA-E2-A15T-01A-11R-A115-07,0.090120422858178,0.1272384677947473,0.4483567552858641,0.1293877754514815,0.0435721190316532,0.0,0.1238155706332824,0.0066389149468021,0.030869973997991
TCGA-BH-A0BF-01A-21R-A12P-07,0.0319314736340139,0.4325627329895283,0.0159390295181361,0.056406777108524,0.1247479004917401,0.0148478344311096,0.0107486781547366,0.0415428682935277,0.2712727053786834
TCGA-EW-A2FW-01A-11R-A17B-07,0.0122479504103118,0.1636240885458471,0.5267598259751997,0.120706035741799,0.0380589367188057,0.0,0.0978875157537962,0.0168382041616009,0.0238774426926393
TCGA-E9-A1NC-01A-21R-A26B-07,0.0316284590238147,0.3069012574792925,0.1026218089440543,0.0232566759514961,0.0889570192654001,0.238095662958685,0.0525881680768883,0.0301385097505974,0.1258124385497711
TCGA-S3-AA15-01A-11R-A41B-07,0.1995267792348752,0.2197447954343524,0.0,0.07102135347784,0.0674725777739014,0.0916690167728496,0.0491661712871758,0.1897434426020281,0.1116558634169772
TCGA-BH-A202-01A-11R-A14M-07,0.0,0.227774303216373,0.2418127424174843,0.2072499192575951,0.1195148768113084,0.0155636136669535,0.0432140083227605,0.023360569060144,0.1215099672473808
TCGA-AC-A23E-01A-11R-A157-07,0.0051040356546462,0.6419725728501142,0.0645291300005347,0.0750910795666136,0.1284021149764411,0.0228595132691081,0.0567155136324169,0.0,0.0053260400501247
TCGA-WT-AB41-01A-11R-A41B-07,0.0946869155081455,0.1206995553336133,0.3438770070899284,0.030950743453559,0.0800147677351792,0.0,0.0284376859444341,0.0070409056994617,0.2942924192356784
TCGA-BH-A0RX-01A-21R-A084-07,0.057391703721851,0.2156302609604584,0.1375009266758735,0.086527175815091,0.0952754393551875,0.0639001042672792,0.0612332745363886,0.0302219054652815,0.252319209202589
TCGA-EW-A1IX-01A-12R-A144-07,0.0253879187356835,0.6496985431168409,0.0339978509056837,0.0763296201687097,0.0868627473290381,0.0740956241976022,0.0175280045978632,0.0007311844337842,0.0353685065147941
TCGA-A8-A07L-01A-11R-A00Z-07,0.0267934383961964,0.379738880012901,0.3665092831365458,0.0686593291923913,0.0460340015843006,0.0,0.1018456600385191,0.0,0.0104194076391455
TCGA-A7-A6VY-01A-12R-A33J-07,0.0066533092144988,0.3328586690998827,0.1364193376193119,0.0206682477343333,0.1203820257617097,0.1754330726466925,0.0301987641395182,0.0611754219308978,0.1162111518531545
TCGA-AR-A255-01A-11R-A169-07,0.0266811216958574,0.3893506140311917,0.1255535044524179,0.1295110094579781,0.0985440957538368,0.0418214661764052,0.0623231067006847,0.0014944801785702,0.1247206015530577
TCGA-OL-A66N-01A-12R-A31O-07,0.0340695872774382,0.4146496026857713,0.295247919900673,0.0921736043350103,0.0501846723797652,0.0,0.0293360062162594,0.0136069845650807,0.0707316226400016
TCGA-A8-A099-01A-11R-A00Z-07,0.0,0.2835883557090086,0.4207276006447681,0.1043120689177021,0.1037363738097204,0.0,0.0175510142847833,0.0202833973790703,0.0498011892549471
TCGA-LL-A5YM-01A-11R-A28M-07,0.0,0.1820911406343092,0.628140185969141,0.0675951028905251,0.0361462747593278,0.0,0.0717746997278933,0.0054294255456922,0.0088231704731111
TCGA-AO-A0J6-01A-11R-A034-07,0.0102609121637088,0.1211912554201795,0.1763475111451886,0.0232121309464884,0.1404162902595856,0.2850779367214135,0.0041343673467033,0.0075155183844757,0.2318440776122562
TCGA-LL-A73Y-01A-11R-A33J-07,0.0787460781574197,0.356128642364196,0.0,0.0583840492539112,0.036128512648643,0.2866444378443905,0.0681552288165352,0.0067534715237659,0.1090595793911379
TCGA-D8-A73W-01A-22R-A352-07,0.0147150083645517,0.2988901569012606,0.1988277230542066,0.1576012747002191,0.1356874065794237,0.0,0.1093939178476716,0.0421592494234393,0.0427252631292273
TCGA-E2-A14W-01A-11R-A12D-07,0.0,0.226638803936448,0.6578483921603794,0.0223185906792412,0.0391567625021504,0.0,0.0403917815316691,0.0136456691901114,0.0
TCGA-A2-A25B-01A-11R-A169-07,0.0075305222014484,0.3245855633738045,0.3314718769369933,0.0610176082039196,0.1290681327351142,0.0,0.0448086132000474,0.0017462706819896,0.0997714126666827
TCGA-E2-A15O-01A-11R-A115-07,0.029807440682814,0.1836933366427581,0.4802438855667756,0.0666896758803479,0.0671741552067306,0.0239290216682678,0.0712220756681479,0.0,0.0772404086841579
TCGA-A2-A0CM-01A-31R-A034-07,0.0088610578772335,0.2254781166457553,0.1313238886188041,0.0383297138146134,0.1451008912744235,0.1500200155984976,0.0064808546805282,0.0122001438774244,0.2822053176127198
TCGA-D8-A1X5-01A-11R-A14D-07,0.0,0.3864997441642286,0.3272128578203913,0.0478009373499454,0.1392666039448957,0.0,0.0336122499863347,0.0340656243838089,0.031541982350395
TCGA-AN-A0AR-01A-11R-A00Z-07,0.0153628344226749,0.0829463838472211,0.3821687264328128,0.0242911131347176,0.0719967169067115,0.3107030684533465,0.0894860967643937,0.0025221229726835,0.0205229370654381
TCGA-AR-A1AM-01A-41R-A22K-07,0.0356841833695713,0.3783117724709338,0.1424674373073877,0.0828534469160684,0.0748038671569061,0.1277429394449047,0.0406825812008408,0.0102096292280059,0.1072441429053809
TCGA-E2-A1IH-01A-11R-A13Q-07,0.1258628026018618,0.3341608733422044,0.0846034830387844,0.0948149662638232,0.0851166421904489,0.0,0.0289802312105308,0.0,0.2464610013523461
TCGA-A7-A4SC-01A-12R-A266-07,0.0323710907233854,0.4206273830316105,0.1050236530605056,0.1412660193503647,0.0557603286827203,0.0867995430807713,0.0710173139007449,0.0010676981374962,0.0860669700324007
TCGA-S3-A6ZH-01A-22R-A32P-07,0.0273393948924268,0.1661543908458723,0.5670469139027956,0.0725710683347006,0.0700140312132869,0.0,0.0265512134757686,0.0,0.070322987335149
TCGA-BH-A0EB-01A-11R-A034-07,0.0082599674308093,0.383807553237931,0.1453483494474026,0.0977544931761611,0.1853567662434261,0.0204790014434268,0.0280215008803854,0.019102726120525,0.1118696420199322
TCGA-E2-A15F-01A-11R-A115-07,0.1242731692293777,0.219255555148898,0.2491603283911853,0.0819658264956821,0.0610274723321499,0.0934924370168238,0.103296298190774,0.0083938436087215,0.0591350695863874
TCGA-BH-A1FB-01A-11R-A13Q-07,0.1120295277340428,0.3001073885789746,0.0,0.0813132601662943,0.0855937199051907,0.2167851212441252,0.0127192154518814,0.0015146559180543,0.1899371110014363
TCGA-E9-A5UO-01A-11R-A28M-07,0.0,0.0899067647501303,0.5332051217141242,0.0906240197099209,0.0450899672119853,0.0,0.1442264884015225,0.0969476382123169,0.0
TCGA-EW-A1J1-01A-11R-A13Q-07,0.041149224929897,0.114312488077216,0.3480935317392006,0.109710040579763,0.1287112871886047,0.0,0.0502190271175393,0.0362161666340967,0.1715882337336822
TCGA-D8-A1XC-01A-11R-A14D-07,0.0054317215726992,0.0465142554016414,0.3246946088679026,0.100609390215039,0.0805728360264721,0.068048956840213,0.0920263006822816,0.1035962780046706,0.17850565238908
TCGA-E2-A156-01A-11R-A12D-07,0.0016846169308867,0.1121394023095705,0.466514966600657,0.1504863876316942,0.0994536651004325,0.0757596828227343,0.073826126663589,0.0201351519404355,0.0
TCGA-EW-A1P6-01A-11R-A144-07,0.0388375892090999,0.4404283894655231,0.3492333911931226,0.0634325174834135,0.0558851323124701,0.0149509545277481,0.0002920990642137,0.0131973817641085,0.0237425449803004
TCGA-E2-A1L8-01A-11R-A13Q-07,0.0338996026205174,0.3567428339553878,0.2838477876372146,0.1043980632989634,0.0678790559015092,0.0,0.0665079422497425,0.0120883124647216,0.0746364018719432
TCGA-E2-A109-01A-11R-A10J-07,0.0226512915413971,0.3098777401077821,0.3663822645552028,0.0761042842953355,0.0544179732802765,0.0,0.0832142555113041,0.0150729366826967,0.0722792540260049
TCGA-LL-A5YN-01A-11R-A28M-07,0.1865414139707829,0.1345974983144657,0.2265760608496795,0.0244797830673243,0.0589080410803025,0.0,0.0099300731398614,0.0030538231551282,0.3559133064224551
TCGA-E2-A2P5-01A-11R-A19W-07,0.0021441228955472,0.2864524306601699,0.4653402088827291,0.0761577024319381,0.0315116842102666,0.0,0.0626792301294077,0.0,0.0757146207899411
TCGA-A7-A0DB-01A-11R-A277-07,0.0310085992047171,0.4778350593704428,0.090651913443528,0.1108536283470853,0.172559425677164,0.0681167649767776,0.0135648901949189,0.0,0.0354097187853662
TCGA-A7-A0DB-01C-02R-A277-07,0.1158649804594494,0.4510175023356125,0.0,0.054788552372487,0.115963691190586,0.1352375413196962,0.0463941435510585,0.0116830593154048,0.0690505294557052
TCGA-E2-A1LG-01A-21R-A14M-07,0.0130640332456686,0.05034213838133,0.0,0.003066277345089,0.0539726718100078,0.8254880257110706,0.0103620203624127,0.0069000878523239,0.0368047452920972
TCGA-B6-A0WW-01A-11R-A109-07,0.0,0.3521693097959796,0.4143911495449537,0.0596966373957081,0.0461060916483907,0.0,0.1067914002147754,0.0,0.0208454114001924
TCGA-E2-A576-01A-11R-A31O-07,0.0053670370003672,0.184040126041866,0.6393798519412848,0.0535570330073959,0.0207144661858018,0.0,0.056757569520271,0.0053825995683942,0.0348013167346188
TCGA-AC-A3OD-01A-11R-A21T-07,0.0624888367351203,0.1367016754736777,0.0,0.1067800893157318,0.1496336450095587,0.1828893408430653,0.0539325884795554,0.0192629983442292,0.2883108257990615
TCGA-A2-A04R-01A-41R-A109-07,0.0,0.2971297906423398,0.4923623930746975,0.0865702098259425,0.0221378498206646,0.0073909554819752,0.0944088011543801,0.0,0.0
TCGA-E9-A1R0-01A-22R-A16F-07,0.0720528896260391,0.3336390754493327,0.1546707014004412,0.1480737226555157,0.0545610003502687,0.0437538192426338,0.0793287829679219,0.0036160213604633,0.1103039869473831
TCGA-B6-A1KF-01A-11R-A13Q-07,0.0,0.1547877182491982,0.3632747711766341,0.0759497721076737,0.0127711423064603,0.3381419792734484,0.0550746168865851,0.0,0.0
TCGA-EW-A1PC-01B-11R-A21T-07,0.0131172820158812,0.3184920006929239,0.4867371303726292,0.0334296917577473,0.0524828965746104,0.0,0.0766723630603389,0.0136887664171328,0.005379869108736
TCGA-EW-A2FV-01A-11R-A17B-07,0.0497537627573825,0.1900188671956529,0.2192076901891644,0.1620486115269981,0.0734209144667938,0.0820015686214167,0.0559412856937902,0.0189359610063052,0.148671338542496
TCGA-AO-A0JF-01A-11R-A056-07,0.0049282443622211,0.4794607615251976,0.0388266274027946,0.2049739310898685,0.0965233104811027,0.0194317393325331,0.0638674178275812,0.0,0.0919879679787009
TCGA-AN-A0XR-01A-11R-A109-07,0.0014692627724755,0.3211044036085196,0.5412449943693188,0.0557404303704058,0.0402535974367819,0.0,0.0270560286936294,0.0108004374292999,0.0023308453195687
TCGA-GM-A5PX-01A-12R-A28M-07,0.0030132318382743,0.428431588491577,0.2365025613021547,0.1269505765240194,0.0398381601272132,0.0,0.1206689118134085,0.0,0.0445949699033527
TCGA-B6-A0RH-01A-21R-A115-07,0.0122259761373424,0.3939918147925037,0.4097335427854455,0.0435248876747723,0.0307659047157037,0.0,0.0715063642769747,0.009918829021096,0.0283326805961615
TCGA-A2-A0CX-01A-21R-A00Z-07,0.0008960454832084,0.3873587637896855,0.295012653388048,0.0686756840414282,0.0978203796330991,0.0,0.0698849382473819,0.0015972296978944,0.0787543057192542
TCGA-AR-A0TZ-01A-12R-A084-07,0.0583959828633846,0.316776520443628,0.3374476709222068,0.0618416113210238,0.0796153150876062,0.0,0.130109048839671,0.0018722114815346,0.0139416390409446
TCGA-AR-A2LR-01A-12R-A18M-07,0.0445379769170534,0.3292632558672469,0.0743925323755426,0.1133158182804271,0.0575068302106737,0.219410628774888,0.0817900461000223,0.0386954080170882,0.0410875034570573
TCGA-BH-A0B6-01A-11R-A19W-07,0.1330920214228445,0.1901194878182367,0.1137732098206014,0.0518087872140352,0.0933301286820813,0.0,0.0061685945798462,0.0242371543662644,0.38747061609609
TCGA-A2-A3XZ-01A-42R-A239-07,0.2349407792564394,0.1225119109801978,0.1477017912737163,0.0414770132498567,0.0652104428440945,0.0983694715653509,0.0178610073938805,0.0187310407141096,0.2531965427223539
TCGA-AR-A0TR-01A-11R-A084-07,0.1334669092223554,0.0556611905536404,0.5119309174488508,0.1371295354518338,0.0474307675091565,0.0148854971723806,0.0,0.0073262766740174,0.0921689059677648
TCGA-E9-A295-01A-11R-A16F-07,0.0129844730012952,0.3294447154643958,0.3200877797599637,0.0863190436324045,0.0294799768243716,0.102413889850548,0.0644628539701358,0.0,0.0548072674968851
TCGA-A2-A04P-01A-31R-A034-07,0.119650512440261,0.1509214636597804,0.3313092920050786,0.0511518138515708,0.0522176056981461,0.1125660210637736,0.0718985383442247,0.0009818047281026,0.1093029482090619
TCGA-BH-A0DS-01A-11R-A056-07,0.0175157018811985,0.3134941569543243,0.3371083548731639,0.092401814227068,0.0924622092836895,0.0,0.074698055829894,0.0048436664655054,0.0674760404851561
TCGA-E9-A1N5-01A-11R-A14D-07,0.0098380065815906,0.4873945589295894,0.1313482935212377,0.0969941995276861,0.0956014488206613,0.0012691027803859,0.045021386190258,0.0,0.1325330036485907
TCGA-S3-A6ZF-01A-32R-A32P-07,0.085000111749788,0.2672627385616812,0.3485918713222745,0.0602927038525576,0.0854218973445171,0.0,0.0405043733038242,0.0138788255531336,0.0990474783122235
TCGA-A2-A1FV-01A-11R-A13Q-07,0.0157205123156414,0.2087378582693924,0.3159513325886564,0.2114942104088658,0.0290237956503908,0.029429834467778,0.1795383670184385,0.0,0.0101040892808362
TCGA-D8-A147-01A-11R-A115-07,0.0185065789709929,0.2031196884201927,0.0222855629318066,0.0242792719183423,0.1035698368193466,0.3687509127168791,0.0527923504804493,0.0280164250347195,0.1786793727072706
TCGA-BH-A0HP-01A-12R-A084-07,0.0049624616391875,0.3458676941364831,0.1754857766248176,0.1506899376956516,0.0914257431518664,0.0993932338831064,0.0556246927394358,0.0,0.0765504601294512
TCGA-B6-A40C-01A-11R-A239-07,0.0122974995661747,0.4039440145570104,0.2469389920676928,0.0894521240914179,0.0689276786426853,0.0,0.0934985652932854,0.0015279785540541,0.0834131472276792
TCGA-OK-A5Q2-01A-11R-A27Q-07,0.1710731654856087,0.230354745529333,0.0971351476536535,0.0851003253437999,0.0407003661627714,0.0428391086978967,0.1625953700769236,0.0,0.170201771050013
TCGA-BH-A18P-01A-11R-A12D-07,0.0075511434645341,0.3450579245452724,0.1997225003281968,0.0989593025188259,0.0895740003608843,0.1292050707326351,0.0458932665154394,0.002152683579511,0.0818841079547005
TCGA-AR-A252-01A-11R-A169-07,0.07469999591006,0.1415262065603696,0.0056574228582522,0.0904599350524325,0.1159975996356751,0.0474486562533135,0.0236357394767213,0.0471262375328125,0.4534482067203628
TCGA-C8-A1HK-01A-21R-A13Q-07,0.0088931629220883,0.1540954481676188,0.4934192543571689,0.0790578096460156,0.0671262202851776,0.0074892802028282,0.0338140948874956,0.043043716210216,0.1130610133213907
TCGA-AQ-A54N-01A-11R-A266-07,0.0014917421407578,0.1314218377708851,0.3154263732764781,0.0,0.051418870531222,0.3865245407667315,0.0967394803382557,0.0,0.0169771551756695
TCGA-A2-A1FW-01A-11R-A13Q-07,0.0315662559790556,0.2348987516471997,0.3318944104171882,0.0773601842755748,0.0795302261595298,0.1107420176279512,0.0398014027306506,0.0299447627599383,0.0642619884029115
TCGA-3C-AALJ-01A-31R-A41B-07,0.0213746106116851,0.3021499886148517,0.3166263692842169,0.0572070364099629,0.0607992183555895,0.0,0.0503313903728301,0.0032656134911855,0.1882457728596782
TCGA-AC-A62X-01A-11R-A29R-07,0.023691414898543,0.1255978841107662,0.3403308313905707,0.0934038051999215,0.0218512039394978,0.3087336798559382,0.0555845555999999,0.0308066250047622,0.0
TCGA-B6-A0X7-01A-11R-A10J-07,0.0100393225019436,0.5442474154022953,0.1949477728192502,0.1432192445120817,0.0307237916497532,0.0245861328379436,0.041046494000209,0.0,0.0111898262765231
TCGA-BH-A0BW-01A-11R-A115-07,0.0162921160568207,0.1140665768821362,0.0,0.0872103372131784,0.1982704353005459,0.3162075796143994,0.0572535392321118,0.0346845772447972,0.17601483845601
TCGA-D8-A1XT-01A-11R-A14M-07,0.0010424770515941,0.4773731904395999,0.1216545519877662,0.1106623396244466,0.1174178748232605,0.0520363670147092,0.0723065283620232,0.009170411986279,0.038336258710321
TCGA-AR-A254-01A-21R-A169-07,0.0087598879576303,0.3451114852610559,0.1303178187716752,0.0695857427937153,0.1861941424587635,0.0595591479946142,0.034149347214148,0.003439017451702,0.1628834100966955
TCGA-D8-A1Y3-01A-11R-A157-07,0.0018941726783546,0.1102439341822595,0.6166221306735128,0.0351242112806819,0.1350295291203565,0.0,0.0321469628169939,0.0,0.0689390592478404
TCGA-BH-A0HL-01A-11R-A10U-07,0.0227698808074371,0.1703707683109792,0.4777183153924437,0.092948420724282,0.0149505348289593,0.0347647346009464,0.0679631070128896,0.0584992657992884,0.0600149725227739
TCGA-E9-A247-01A-11R-A169-07,0.012828575181189,0.2493579616570117,0.5209898341303122,0.0645609169315967,0.041622699356207,0.0087231427731133,0.0808777305409985,0.0,0.0210391394295715
TCGA-C8-A27A-01A-11R-A169-07,0.0492029380645354,0.1094609556746285,0.418274637590712,0.0457015613091669,0.0786867832387612,0.0,0.2236515630367152,0.0234656816953754,0.0515558793901052
TCGA-A7-A26F-01B-04R-A22O-07,0.0412781577056609,0.2850708282692768,0.0,0.0739527962562293,0.1234501155508726,0.2321840314269912,0.0567145591212677,0.026673648532995,0.160675863136706
TCGA-AO-A0J3-01A-11R-A034-07,0.014009562504783,0.0271177730162445,0.7012443067843024,0.06916022846332,0.0674629283008486,0.0,0.1015554469990547,0.0,0.0194497539314466
TCGA-A2-A25D-01A-12R-A16F-07,0.0760710543282531,0.0957676590043084,0.255996468591972,0.1429136582151846,0.0975002904379594,0.0,0.0609106987130094,0.0,0.2708401707093127
TCGA-AN-A0XW-01A-11R-A109-07,0.0156095517580924,0.453387372157967,0.0777851485049516,0.0396042293368351,0.1321874322777117,0.0273338805822581,0.0426792193796378,0.000151687258717,0.211261478743829
TCGA-D8-A141-01A-11R-A115-07,0.0809576608290085,0.4860717505104285,0.007281094298526,0.0491029357964889,0.0915774723857558,0.0073195427580337,0.0170701915161512,0.000471822899998,0.260147529005609
TCGA-AR-A1AN-01A-11R-A12P-07,0.0171968943813081,0.5334572909352142,0.1800112618429673,0.1165488556719782,0.0876414204224389,0.0,0.0268786799292063,0.0001494841128267,0.03811611270406
TCGA-UU-A93S-01A-21R-A41B-07,0.0144859662356562,0.0911135270972491,0.7126646857891882,0.0550623523656939,0.0359997618164854,0.0,0.0720678078513122,0.0008051642339537,0.0178007346104613
TCGA-BH-A18S-01A-11R-A12D-07,0.000489570728322,0.1181910722916578,0.5233086376749491,0.0816114767657666,0.0893636425551834,0.0,0.0570957736558633,0.043976962856706,0.0859628634715517
TCGA-OL-A5S0-01A-11R-A28M-07,0.0198423179816827,0.3793294883972723,0.229347764655372,0.046595540280982,0.0957987373559623,0.1224737458300154,0.0293725786792066,0.0039043813067105,0.0733354455127957
TCGA-LL-A442-01A-11R-A24H-07,0.0452990913315268,0.1875545839271081,0.2611976201416934,0.1237190696214405,0.2158029932843307,0.008382085361165,0.1104320496965328,0.0381634695200023,0.0094490371162004
TCGA-A8-A09W-01A-11R-A00Z-07,0.0050513768541793,0.2358210876273874,0.3867017759516158,0.1268766119898111,0.1176682715026885,0.0,0.0645948329241342,0.0001738404441429,0.0631122027060407
TCGA-C8-A1HI-01A-11R-A137-07,0.0277061229433441,0.2038636381388482,0.3518698059169441,0.0769069266251318,0.0540533484021175,0.0860373122588395,0.1691831622755765,0.0138423149582645,0.0165373684809335
TCGA-BH-A0BZ-01A-31R-A12P-07,0.0024980882965073,0.3533284840744318,0.2022313236126386,0.0579420611073381,0.1043184157555551,0.0,0.031306631874481,0.0036182145814387,0.244756780697609
TCGA-E2-A56Z-01A-12R-A29R-07,2.378111912746317e-05,0.1609076606309616,0.5776529944803643,0.0681926498195756,0.0343516080290497,0.0,0.0962540074859835,0.0149940786831938,0.0476232197517439
TCGA-A2-A259-01A-11R-A16F-07,0.1151454584272264,0.1924517334785254,0.1288186690749402,0.1457925464780957,0.0751504528154587,0.1634542992575503,0.0570935862188063,0.0,0.1220932542493968
TCGA-AR-A24X-01A-11R-A169-07,0.0718374093870987,0.3410327758948692,0.2042843680010407,0.0987977064069233,0.0455909246449638,0.0978697928384062,0.0474486353569397,0.0,0.093138387469758
TCGA-BH-A1FD-01A-11R-A13Q-07,0.0022686317824333,0.3766168319966448,0.4104204095699812,0.0523222517344298,0.1144544768468879,0.0,0.0110815983539134,0.0129299242882546,0.0199058754274544
TCGA-BH-A0DZ-01A-11R-A00Z-07,0.0,0.5303523919516154,0.2015142371208289,0.0386790615456699,0.1040622745054559,0.058587547594197,0.0115004001842255,0.0035986122285998,0.0517054748694074
TCGA-B6-A0RT-01A-21R-A084-07,0.1760955812451657,0.0919483137743588,0.005733415071414,0.0416801903669791,0.0604524124704172,0.0505989972655657,0.0034228333042522,0.0149772666456602,0.5550909898561868
TCGA-AR-A2LQ-01A-22R-A18M-07,0.010865542522994,0.6176311713601298,0.0,0.1340749558369644,0.0537401131750358,0.125222704466987,0.0356238978016373,0.0115024355189913,0.0113391793172603
TCGA-E2-A150-01A-11R-A12D-07,0.0299074381751628,0.2039520532346351,0.148066700583702,0.07028644332748,0.1391408872742699,0.2400531004808881,0.0649847268244547,0.0039115936054744,0.0996970564939326
TCGA-E2-A14R-01A-11R-A115-07,0.0128233522938402,0.0994539000761572,0.3227954199082216,0.0723479385539103,0.1043773916684203,0.170126671925674,0.0229648088537975,0.045744349612561,0.1493661671074174
TCGA-A8-A0A6-01A-12R-A056-07,0.0924435629815451,0.1394256950839988,0.123921417007316,0.0981204823587195,0.1252487939591604,0.1094291223954357,0.0480023538418931,0.0249272217661407,0.2384813506057905
TCGA-A7-A26F-01A-21R-A169-07,0.0120403866646226,0.3140467766450341,0.0,0.0708970168776018,0.1345317108201953,0.2971704553831484,0.0264705342600842,0.0498427946907686,0.0950003246585447
TCGA-AO-A0JM-01A-21R-A056-07,0.0,0.547199100397238,0.2466982934167978,0.0486799672593954,0.0639637217958882,0.0,0.0419075183544489,0.0047054050279824,0.0468459937482494
TCGA-A8-A09B-01A-11R-A00Z-07,0.0080034125705224,0.4095054735336721,0.3287391238829723,0.1146847980776521,0.0672529748987622,0.0,0.0446978814616211,0.0,0.0271163355747974
TCGA-BH-A0BR-01A-21R-A115-07,0.0,0.5196009727938494,0.0900763804824633,0.0879277346680783,0.1152495526042119,0.0875370547829878,0.0170204796068814,0.017487495341566,0.0651003297199614
TCGA-A2-A0T7-01A-21R-A084-07,0.0107701457760244,0.4707308453866432,0.0770907529958468,0.067992073463539,0.0640224866914023,0.2138371099693762,0.0364121273594084,0.0004662450372853,0.058678213320474
TCGA-B6-A401-01A-11R-A239-07,0.0712853611996913,0.3633866549058934,0.2670050902828194,0.049521893110054,0.0776476431753618,0.0289930780871677,0.0367036443593449,0.0,0.1054566348796674
TCGA-BH-A0DH-01A-11R-A084-07,0.0020483150180009,0.2174888634651665,0.3647986629559829,0.088980526800799,0.0883532662785781,0.0595119307479561,0.0523040635621402,0.0861024269293573,0.0404119442420186
TCGA-BH-A1EV-01A-11R-A137-07,0.0008688968328182,0.3875767256283722,0.1445101119586216,0.0422611759029011,0.0496458091913969,0.314478771202105,0.0260553488606468,0.034603160423138,0.0
TCGA-EW-A6SD-01A-12R-A33J-07,0.0112545412304492,0.2613868669926983,0.2684726466534101,0.0814175176049301,0.1109529356651775,0.0469451471261842,0.0260636901940198,0.0649474567191972,0.1285591978139331
TCGA-AC-A3W5-01A-11R-A22K-07,0.028423989403357,0.5281239969687556,0.1120774057760809,0.0648121681179595,0.0853161236109896,0.0,0.0361930535723326,0.0045630744434165,0.1404901881071081
TCGA-BH-A0BG-01A-11R-A115-07,0.0725079575418038,0.1456383234601752,0.0,0.0413560890199797,0.1063334334993369,0.4042923451918279,0.0444006957249578,0.0025234653577908,0.1829476902041277
TCGA-A2-A0CR-01A-11R-A22K-07,0.1511623195834551,0.1727737650401462,0.0821645979772832,0.0611215303290624,0.0584466479306964,0.0437722569837559,0.0260681270914873,0.0089001210728641,0.395590633991249
TCGA-3C-AALI-01A-11R-A41B-07,0.0296662077629096,0.2715679076575149,0.3090370280783635,0.0511603134502699,0.0704144282267029,0.0,0.045459069896581,0.0236903199695705,0.1990047249580875
TCGA-B6-A0RL-01A-11R-A084-07,0.0396339972900812,0.0106459936974454,0.7549353729816478,0.010996056263133,0.0292557167762177,0.0,0.1545328629914746,0.0,0.0
TCGA-A7-A5ZW-01A-12R-A29R-07,0.0027572339773034,0.6024555640850711,0.0646032514510317,0.0800591727353603,0.0577324795288406,0.100412404727967,0.0278296563602874,0.0,0.0641502371341382
TCGA-E2-A15H-01A-11R-A12D-07,0.020091919522484,0.4351842746058027,0.3492610710440923,0.0500951464985323,0.0471018929827029,0.0347147311971625,0.0326211020984026,0.007636492405055,0.0232933696457654
TCGA-AQ-A1H2-01A-11R-A13Q-07,0.0043639458845756,0.2090624521124413,0.5277367832018472,0.0703917962523089,0.1141436962583909,0.0,0.0219769446814146,0.0320292954858972,0.020295086123124
TCGA-D8-A1JD-01A-11R-A13Q-07,0.0013325664304317,0.4871410505257482,0.1998082140804942,0.0452645284779036,0.151932471018929,0.0,0.0464851051797318,0.0011462111559131,0.066889853130848
TCGA-BH-A0B2-01A-11R-A10J-07,0.0643989829504291,0.417251278836546,0.0840292671459375,0.0941102402292087,0.09698826027533,0.0171892359700612,0.0419714199780094,0.0,0.1840613146144775
TCGA-AR-A1AT-01A-11R-A12P-07,0.0467548933767944,0.1870556615368078,0.1820061699862442,0.1271219697045221,0.1359210112123411,0.0,0.0588971772208089,0.0328277419388777,0.2294153750236034
TCGA-D8-A1JK-01A-11R-A13Q-07,0.0023456008624725,0.2873901371023669,0.2232502900186437,0.0548479620637728,0.1590793140146363,0.0796849656163796,0.0310618944904036,0.025175272393472,0.1371645634378523
TCGA-C8-A26Y-01A-11R-A16F-07,0.1198146260066423,0.0908593054233135,0.4760870737975659,0.0996864989710467,0.0801871451638644,0.0053263184191946,0.0570339553906953,0.0073887859982568,0.0636162908294203
TCGA-A7-A6VV-01A-22R-A33J-07,0.0178523103255947,0.4025743773250939,0.0,0.0564962104315324,0.0772667118668076,0.3555751176879571,0.0487218662798611,0.000972666168626,0.0405407399145269
TCGA-A2-A3XX-01A-21R-A239-07,0.0702325869607883,0.2335357177481893,0.2457813378530303,0.0349413778726467,0.0626166451592329,0.1523060239035311,0.0849735022700451,0.0411650749432842,0.0744477332892515
TCGA-GM-A2DH-01A-11R-A180-07,0.1286214731925733,0.1237012161061566,0.1448290164305384,0.0444078477612899,0.0897412285696415,0.0751702233276139,0.0332146905526621,0.0,0.3603143040595241
TCGA-D8-A1X6-01A-11R-A14M-07,0.0058941278633315,0.1363923026218312,0.4664951815795954,0.0768607310160148,0.2580114934589557,0.0,0.0180329695931323,0.0165634333609708,0.0217497605061679
TCGA-B6-A0I1-01A-11R-A21T-07,0.0083376395299294,0.1003701601485459,0.4815324521715549,0.0085738589331578,0.0207207445638446,0.2842813856967938,0.0498513618542771,0.019235479583904,0.0270969175179922
TCGA-A8-A09M-01A-11R-A00Z-07,0.0140752555598171,0.1740618121767237,0.4011027633419644,0.0569233174110785,0.1174046501328043,0.0,0.0292748769547385,0.0387896825103033,0.1683676419125699
TCGA-EW-A1IY-01A-11R-A13Q-07,0.0369751113112166,0.2730773621625583,0.0308931495086231,0.0846940271236237,0.1011734785905701,0.1370435631188622,0.0204041650155337,0.007614675514066,0.3081244676549459
TCGA-A8-A07F-01A-11R-A00Z-07,0.0341470267324795,0.3848924373134598,0.2072447557776107,0.091948602669455,0.1114940112184797,0.0455869802749997,0.0338109667561264,0.0016973354030216,0.0891778838543672
TCGA-BH-A8FY-01A-11R-A36F-07,0.0,0.0501268521525264,0.6534794562860647,0.1110129715120411,0.1106642232793569,0.0,0.0625662485367685,0.0121502482332421,0.0
TCGA-5T-A9QA-01A-11R-A41B-07,0.0042484172563354,0.0199060936988632,0.7398913146577838,0.0512131277878276,0.0693463596851861,0.0,0.0990687578386574,0.0135546459831177,0.0027712830922287
TCGA-A2-A0EM-01A-11R-A034-07,0.0120470174623,0.4330250932846395,0.2745710492492098,0.0909266935560509,0.0789824326762149,0.0333661174979837,0.0517753692255261,0.0,0.0253062270480749
TCGA-AO-A12D-01A-11R-A115-07,0.0087339323402621,0.2879909276445167,0.1194416676840462,0.0564423326752748,0.1074087156353598,0.052501800346569,0.0639497254096369,0.0695152475269004,0.2340156507374336
TCGA-GI-A2C8-01A-11R-A16F-07,0.0173980684058073,0.4366366012964639,0.1118998585637651,0.1122648328697135,0.1479158463408795,0.0,0.0725912168790685,0.0,0.1012935756443019
TCGA-OL-A6VQ-01A-12R-A41B-07,0.0513835966541983,0.4020881537206126,0.0283480913878214,0.154064516634905,0.0520411673912605,0.2123635691502526,0.0170860926243103,0.0,0.082624812436639
TCGA-D8-A1X9-01A-12R-A157-07,0.0028669942459981,0.3821158856634229,0.222570816969276,0.1025972467988106,0.1403507697545807,0.0,0.0586901344490467,0.0,0.0908081521188647
TCGA-A1-A0SB-01A-11R-A144-07,0.0,0.2834661961322286,0.0,0.0260396130586905,0.0104357403430805,0.5756389952493457,0.0653929283444907,0.0390265268721639,0.0
TCGA-BH-A28Q-01A-11R-A16F-07,0.0139029885252147,0.371564154979439,0.1970090628814745,0.1317362747574052,0.0624148340171263,0.1165677574804776,0.0394823006445712,0.0,0.0673226267142914
TCGA-A2-A04W-01A-31R-A115-07,0.0,0.4651445790164362,0.2954033520572136,0.0489870331049182,0.0437529157472679,0.0953352093406448,0.0281948210490145,0.017106520815388,0.0060755688691165
TCGA-B6-A0I2-01A-11R-A034-07,0.0072282896309706,0.1104396829261043,0.1494777997052938,0.0130548498803605,0.1017480818914,0.2455824416526354,0.0104476605306355,0.0336802839511812,0.3283409098314184
TCGA-LL-A440-01A-11R-A24H-07,0.0182863808234547,0.547859843355895,0.0,0.0953313504042629,0.1349295535672889,0.1095475461588794,0.0385809008515572,0.0,0.0554644248386614
TCGA-A7-A26E-01A-11R-A277-07,0.0149845543327794,0.4230689422209988,0.2362663427370205,0.081689782925879,0.1324145161839569,0.0649217273745497,0.014478199960971,0.0,0.0321759342638444
TCGA-EW-A1P8-01A-11R-A144-07,0.0159211871681466,0.1636039186844869,0.1254182760334732,0.031869015172984,0.1943214602183398,0.3500865863855099,0.0357752438603986,0.0,0.0830043124766609
TCGA-OL-A66I-01A-21R-A29R-07,0.0055138715760612,0.2589137787338301,0.0103129949613311,0.0177990300793918,0.1411127273632047,0.1009203829815812,0.0372089981041018,0.0088315549192511,0.4193866612812466
TCGA-AO-A1KP-01A-11R-A13Q-07,0.0127233428196803,0.2304227365134675,0.5236542327818785,0.0283033345061939,0.0231053944936946,0.0816364659973556,0.0946777092777453,0.0,0.0054767836099839
TCGA-A8-A092-01A-11R-A00Z-07,0.0034555905447709,0.2797419491768145,0.4863174350662877,0.0401089540557295,0.1154668909227791,0.0,0.0415379689737073,0.0,0.0333712112599106
TCGA-E2-A15L-01A-11R-A12D-07,0.0,0.5523054809805097,0.1775178713900597,0.0727882514980408,0.0600013323773833,0.078794814318161,0.0503958066685861,0.0081964427672591,0.0
TCGA-BH-A0HX-01A-21R-A056-07,0.009358531512377,0.3605944931506238,0.2702684704988625,0.1286772874871646,0.0626487986275333,0.0010592698329013,0.1078234222079425,0.0030399763466842,0.0565297503359102
TCGA-E9-A22G-01A-11R-A157-07,0.0229940083227896,0.0819812446696966,0.5154966982186552,0.0631742234440104,0.044099721934359,0.1412872440006428,0.0521022414749616,0.0,0.0788646179348846
TCGA-E9-A248-01A-11R-A169-07,0.1720729922084775,0.0950978436229795,0.0725247415988681,0.0340193779757211,0.0919840116961141,0.0813614988213336,0.0217484524288046,0.0823374609065092,0.3488536207411918
TCGA-A8-A07I-01A-11R-A00Z-07,0.024017626322999,0.4729830814642922,0.1319294592810855,0.0744618800442037,0.1271226986055086,0.0016656834803708,0.0534769339736828,0.0207242020926944,0.0936184347351626
TCGA-BH-A42V-01A-11R-A24H-07,0.0267921854035129,0.3025743059158071,0.09615447246571,0.1429818881868917,0.050241845108146,0.1645569619311554,0.0960502589323507,0.0053918973492808,0.1152561847071453
TCGA-AN-A0FJ-01A-11R-A00Z-07,0.0051583947259303,0.2352592010424747,0.0709542849909456,0.0748218222488448,0.1296136196827498,0.3391562321196563,0.0619266667267827,0.0002671302404496,0.0828426482221656
TCGA-AO-A0JG-01A-31R-A084-07,0.0758699855461596,0.2357046429095884,0.1048244218303861,0.1300173059431081,0.0517007574450092,0.0475319589763972,0.0885026990807009,0.0037701677338995,0.2620780605347506
TCGA-E2-A108-01A-13R-A10J-07,0.0384746321483267,0.2651990586441439,0.0,0.1227719845174448,0.133472595915053,0.0645118266899547,0.0587954300920965,0.0018678927735496,0.3149065792194306
TCGA-GM-A2DO-01A-11R-A18M-07,0.4744873292776508,0.0468812954260056,0.0499044992407463,0.0157075187004449,0.0339367365738131,0.0010579690560292,0.0100824836170174,0.0,0.3679421681082923
TCGA-A8-A082-01A-11R-A00Z-07,0.0008881992532445,0.2600512189942774,0.1764816500842338,0.0745030781904084,0.1071688462517645,0.0519683715879463,0.0459981859783313,0.0,0.2829404496597935
TCGA-EW-A6SB-01A-12R-A32P-07,0.0345738495586884,0.0893004262257343,0.1617571098811441,0.0162783922947456,0.0910265731913864,0.0870359797097173,0.0090076906285777,0.2256873414489591,0.2853326370610467
TCGA-D8-A27L-01A-11R-A16F-07,0.0194276101163918,0.4669706686055341,0.0457523221242737,0.0820249020111036,0.1042698259035993,0.0917986180122133,0.0581770591268767,0.0117835230641708,0.1197954710358362
TCGA-EW-A1PD-01A-11R-A144-07,0.0053552445740864,0.4386142518833852,0.1038147556539259,0.1644358439267584,0.0614851094276697,0.0945397649034518,0.1153583496143695,0.0,0.0163966800163526
TCGA-B6-A0IM-01A-11R-A034-07,0.0194136191486417,0.4924101262534887,0.2274125412291268,0.0986831379602602,0.0658663722755253,0.0232994937147088,0.0564722202828781,0.0,0.01644248913537
TCGA-EW-A1P5-01A-11R-A144-07,0.0026525889120661,0.2770816093979855,0.3220996004911007,0.0714350900435178,0.1831847649201078,0.0161465370443006,0.0140584748673778,0.0331250437382783,0.0802162905852653
TCGA-B6-A0X4-01A-11R-A109-07,0.0131899817470194,0.0890079740894936,0.4270443629894455,0.1004377152611085,0.0652885289071327,0.138989333995903,0.0826852494996628,0.0833568535102342,0.0
TCGA-EW-A1OY-01A-11R-A144-07,0.012743378529329,0.1900024259063291,0.5398870418881834,0.0699575140925452,0.0722494932811614,0.0,0.0643336428654011,0.0161522228462247,0.0346742805908259
TCGA-OL-A5DA-01A-11R-A27Q-07,0.0105351424212436,0.3012614781492304,0.3418525683202807,0.060330498186331,0.0548219825673067,0.0527066567453636,0.0638129436561875,0.0,0.1146787299540562
TCGA-B6-A0X5-01A-21R-A109-07,0.0057676803632031,0.2145396643075046,0.5972705758161161,0.0518846589243918,0.0592023575282487,0.0,0.0299542400774555,0.0413808229830798,0.0
TCGA-EW-A1IW-01A-11R-A13Q-07,0.0418606062907829,0.3000067578032147,0.1947551353619758,0.1008068626906926,0.0773552857294136,0.0933302940276457,0.0928249896874021,0.0,0.0990600684088723
TCGA-LQ-A4E4-01A-11R-A266-07,0.0183466553038884,0.271016354112433,0.4576583281294646,0.0960904835246165,0.0447634528333405,0.0097123899096073,0.0790731170618554,0.0167450042066378,0.0065942149181563
TCGA-A2-A0YM-01A-11R-A109-07,0.0061939059953152,0.2632719785532221,0.0459658939963788,0.0237467844191714,0.1706272644463348,0.3338615780346079,0.0393693609556846,0.0259142209455297,0.0910490126537554
TCGA-A8-A07U-01A-11R-A034-07,0.1325262985226263,0.1570919269053767,0.0600486917637774,0.0605966831659218,0.1248278387890736,0.1006012319259075,0.0228756043595527,0.0712080737371569,0.270223650830607
TCGA-BH-A8G0-01A-11R-A352-07,0.2265988272444761,0.3650001656498048,0.0,0.0918137913040764,0.0975986854484744,0.0983003318288912,0.0283392460480568,0.0,0.09234895247622
TCGA-AR-A0TV-01A-21R-A084-07,0.0099518257213517,0.0893253998593003,0.4539268140867128,0.0586313880472892,0.1204803429452467,0.0,0.0476135342010278,0.0271566906290444,0.1929140045100267
TCGA-E9-A22E-01A-11R-A157-07,0.0012953967088081,0.7240343011234464,0.0828533311208082,0.0396529408552463,0.0399981728147494,0.0,0.0367838567752723,0.0,0.075382000601669
TCGA-C8-A278-01A-11R-A169-07,0.0569094211484236,0.2552778460368027,0.1446286615442017,0.0663984828083896,0.1405440563352201,0.0433131968885302,0.0192226940938783,0.1281327557705178,0.1455728853740355
TCGA-AR-A0TQ-01A-11R-A084-07,0.0605566621734836,0.2062898382638912,0.2265201173322359,0.1129107285061083,0.0864298918433236,0.0,0.0353215031327277,0.0227129434408775,0.249258315307352
TCGA-AO-A0JB-01A-11R-A32Y-07,0.0044864103332556,0.1404889122225731,0.6360863289646905,0.063021412716247,0.033469706673942,0.013754256013185,0.079499247594528,0.0,0.0291937254815785
TCGA-D8-A1XQ-01A-11R-A14M-07,0.0209881503551236,0.2535386707971011,0.1260898598215465,0.0247598767131738,0.1537633356944126,0.1964029913597826,0.0440407302107587,0.0664261071394685,0.1139902779086323
TCGA-B6-A0I9-01A-11R-A034-07,0.0031886882206463,0.168880751630127,0.5224160518471399,0.0574989466646076,0.0723181664124513,0.0470058584059899,0.0317326091065238,0.0370307045223781,0.0599282231901358
TCGA-A2-A0D3-01A-11R-A115-07,0.0721002090902363,0.1594530609197259,0.4306141972914936,0.0976708849901477,0.0657059623273127,0.0328256976544959,0.0210895109101814,0.0,0.1205404768164061
TCGA-A1-A0SF-01A-11R-A144-07,0.0261299730385584,0.2859145120671886,0.2327039773722723,0.0910977398914799,0.042046047979836,0.0687032126670802,0.0397502634376007,0.0106514765887841,0.2030027969571994
TCGA-AN-A04D-01A-21R-A034-07,0.0276069902930227,0.0479204197732512,0.4221696978297239,0.0375060181994176,0.0100451531641707,0.2710913351069426,0.1723013295519278,0.0113590560815432,0.0
TCGA-E9-A22A-01A-11R-A157-07,0.0018490234462235,0.5530056380171613,0.1259474436516459,0.0495138335929761,0.0833456430290151,0.0,0.039184620680154,0.0,0.1471537975828238
TCGA-S3-AA17-01A-11R-A41B-07,0.1374817149546873,0.1037369793216074,0.1525967795516909,0.0629441646729454,0.1183727142892347,0.0,0.0259259086825205,0.0816920508901624,0.3172496876371509
TCGA-OL-A5RX-01A-11R-A28M-07,0.0688950000653857,0.2240232801259942,0.1056882308128062,0.0949765986725497,0.0462248067677972,0.2905073650592776,0.0735614486348635,0.0076084666300615,0.088514803231264
TCGA-BH-A1EO-01A-11R-A137-07,0.0071095322065692,0.6103597874449136,0.0404694610386397,0.1137613298340246,0.1342953719710868,0.0122232276597066,0.0230469777957513,0.0,0.058734312049308
TCGA-BH-A6R9-01A-21R-A32P-07,0.0013525765599401,0.6249062601363141,0.0,0.02317534802227,0.1097887439826606,0.1569120561574302,0.0369487068890147,0.0023992603480665,0.0445170479043034
TCGA-B6-A0RP-01A-21R-A084-07,0.0249815173413571,0.4949941293150519,0.1868233016829107,0.1012751382699683,0.0908761795765706,0.0,0.0208058821453928,0.0019971791976501,0.0782466724710982
TCGA-A8-A0A1-01A-11R-A00Z-07,0.000839171454963,0.3625157423005263,0.0990738521507948,0.0822722001063396,0.2291604214368888,0.0223475040495869,0.0232327657965824,0.0,0.1805583427043177
TCGA-B6-A0IE-01A-11R-A034-07,0.0147068043583646,0.2464700120841571,0.53462318693016,0.0659766947453945,0.01758006213843,0.0,0.0700409309126165,0.0400757962464794,0.0105265125843975
TCGA-C8-A12L-01A-11R-A115-07,0.0140157930849931,0.1844591922487518,0.3375777702449807,0.0472472933634376,0.0938327830019743,0.1399398191725155,0.1015139093602738,0.0190212926153703,0.0623921469077027
TCGA-E9-A1RH-01A-21R-A169-07,0.0020724157777174,0.3919137781953697,0.2166815097259542,0.0550271862550869,0.0690814329878054,0.2177123816250923,0.0288762081128289,0.0161268085104458,0.0025082788096992
TCGA-AN-A0XL-01A-11R-A10J-07,0.0012956801958199,0.3642331964766164,0.1116616949830596,0.2305360230765821,0.0433177551502579,0.0258121827908253,0.2020515491104327,0.0,0.0210919182164058
TCGA-AC-A2FF-01A-11R-A17B-07,0.0628999990788447,0.4164669383419061,0.0,0.1639262757042413,0.0698341475551971,0.0592205648213305,0.0667014216116055,0.0118645264263389,0.1490861264605356
TCGA-A2-A4S3-01A-21R-A266-07,0.0092278792422095,0.2123587892535071,0.4319046613713952,0.0344282406819993,0.0807660538573441,0.0,0.0370317417446495,0.0154662636724488,0.1788163701764462
TCGA-BH-A1FE-01A-11R-A13Q-07,0.0803872970697297,0.3550590538455563,0.0427007406438289,0.0899371166683901,0.0662914148281372,0.0788267997177428,0.0169754249725278,0.0,0.2698221522540867
TCGA-E9-A1NE-01A-21R-A14M-07,0.1023578306217274,0.1781445511223395,0.0426699451610836,0.0801347696416574,0.0821647815923797,0.0657951086688616,0.0274897595897946,0.0,0.4212432536021559
TCGA-E2-A10A-01A-21R-A115-07,0.029081671487314,0.359780935959808,0.2243437365620155,0.1025325046450909,0.1153163705881477,0.1023052808579072,0.0359927352534867,0.0216753668522711,0.0089713977939584
TCGA-C8-A12Z-01A-11R-A115-07,0.0,0.3525203915884439,0.4400431362027784,0.0913011698103815,0.0408004778161885,0.0,0.036827698882563,0.0385071256996445,0.0
TCGA-A2-A4RY-01A-31R-A266-07,0.0717697109385085,0.2936819754920384,0.0,0.1125285457733951,0.0449427932133487,0.3349665052588602,0.0568173712029514,0.006130134347643,0.0791629637732542
TCGA-LL-A6FP-01A-11R-A31O-07,0.0,0.0309473661888576,0.9020750786525372,0.0285772990071536,0.0240387010669081,0.0,0.0143615550845434,0.0,0.0
TCGA-AR-A24K-01A-11R-A169-07,0.0634677521930723,0.2771392474210715,0.4778111704445652,0.0381825054302922,0.0444934034297053,0.0501880617472113,0.0402696675031664,0.0,0.0084481918309155
TCGA-E2-A15M-01A-11R-A12D-07,0.0792586898687156,0.2372518474511725,0.0369655857756995,0.1695079091908345,0.1246816822093846,0.0033299049261708,0.0386631227561732,0.0,0.3103412578218488
TCGA-A2-A0CK-01A-11R-A22K-07,0.0166008549380641,0.2771554879570788,0.2564658010217454,0.1364606859560883,0.0629427271068168,0.0366494206033329,0.1098167167360241,0.0,0.1039083056808494
TCGA-HN-A2OB-01A-21R-A27Q-07,0.0126752682662532,0.667581010627338,0.0203195831979331,0.0826898670189026,0.0450619180819098,0.1135823801311139,0.0355081844766042,0.0,0.0225817881999448
TCGA-WT-AB44-01A-11R-A41B-07,0.0011124754705932,0.4615330321300833,0.4022166384106301,0.0310177091975057,0.0554731063031896,0.0123024102243849,0.0194739682888815,0.0,0.0168706599747312
TCGA-E2-A573-01A-11R-A29R-07,0.0385664651016106,0.1799627295547988,0.1607918320275684,0.049612884693766,0.1115152020966065,0.1475470012425368,0.0219212343278759,0.0468163253309264,0.2432663256243103
TCGA-E2-A1L9-01A-11R-A13Q-07,0.0062033079365252,0.5797115892519135,0.1310673655467968,0.0907779025766941,0.0974679226307597,0.0149373130080455,0.0418054027953023,0.0,0.0380291962539627
TCGA-A7-A26G-01A-21R-A169-07,0.0560505062788053,0.3645456203565094,0.0,0.0913212373817752,0.110253197191988,0.2038069743895435,0.0083196612258355,0.0257225012951254,0.1399803018804173
TCGA-D8-A1J8-01A-11R-A13Q-07,0.0114841375900772,0.2153145108694512,0.1025787552345219,0.0652777297959571,0.1523827150032281,0.1547001773395279,0.0057428793031675,0.0031385624688981,0.2893805323951707
TCGA-A2-A0CL-01A-11R-A115-07,0.1909077639835137,0.1651213284187167,0.0067272884160327,0.0707031559887388,0.1003206842586935,0.022691427255281,0.0195999143712611,0.0117548246577331,0.412173612650029
TCGA-A2-A04V-01A-21R-A034-07,0.0105826961063975,0.4525592996190994,0.3235625386885226,0.0813659465169644,0.0604266977518392,0.0,0.0469744653746252,0.0,0.0245283559425514
TCGA-EW-A1J5-01A-11R-A13Q-07,0.0717360775649545,0.1574022015966295,0.1528838225067342,0.0986424919258559,0.1493834150196222,0.0475034755039488,0.0483595421142363,0.0,0.2740889737680184
TCGA-BH-A0GZ-01A-11R-A056-07,0.0042573198625701,0.3850289610281661,0.4060107368360219,0.0893567068454223,0.0351202457193815,0.0,0.0574854571556068,0.001054622717008,0.0216859498358229
TCGA-E2-A14U-01A-11R-A22K-07,0.0069233826880673,0.1054129558740237,0.061366437049557,0.0859253606346961,0.0479964983907972,0.557440237898567,0.1005081393078562,0.0019431678876176,0.0324838202688177
TCGA-B6-A0IJ-01A-11R-A034-07,0.0203899177461665,0.0820153843799465,0.1771831765305599,0.0387868588468224,0.1730627623256124,0.1711598204377933,0.0823222785978789,0.0515755926716968,0.2035042084635228
TCGA-B6-A1KN-01A-11R-A13Q-07,0.0106338515194115,0.2401495413896171,0.2884711847954957,0.1109714849951115,0.0468100173952767,0.1354734922655011,0.0812474153651088,0.0031117646442045,0.0831312476302726
TCGA-E2-A15G-01A-11R-A12D-07,0.0340399738145614,0.1747092459396885,0.3986006974303044,0.2439601808869433,0.0861462882735355,0.0051692020524606,0.0309319275050339,0.0054354002604947,0.0210070838369773
TCGA-A8-A08S-01A-11R-A034-07,0.0215290915668586,0.2963382801276579,0.3635261466454316,0.0609633975573259,0.0818569672477032,0.022386150308294,0.0839918251486601,0.0296828797358007,0.0397252616622677
TCGA-A8-A09X-01A-11R-A00Z-07,0.0277449242641548,0.2044063187182288,0.2021237655283904,0.1042791600633786,0.1411254234049677,0.0015620778970606,0.045630087061847,0.0384290353585141,0.2346992077034578
TCGA-AO-A03R-01A-21R-A034-07,0.0548704115498299,0.0760032071924999,0.4202729775233083,0.086927143465168,0.0487827187471945,0.0555986946435069,0.0781582598985616,0.0,0.1793865869799307
TCGA-E2-A1IE-01A-11R-A13Q-07,0.0048049554497487,0.1917828536929269,0.448810822942083,0.128241782633132,0.0444282502269708,0.0732055159774539,0.101028938577193,0.0004458572318838,0.0072510232686075
TCGA-A2-A0EQ-01A-11R-A034-07,0.1053451954764456,0.1138326044818906,0.1581406110073819,0.0501293489046503,0.0934985075454332,0.0,0.0181855207654078,0.058216847481122,0.4026513643376682
TCGA-E9-A1R5-01A-11R-A14M-07,0.0154579348766304,0.5114986862797135,0.3102948940968049,0.056189723293138,0.0400868143241577,0.0,0.0462220494627471,0.0108670045348143,0.0093828931319937
TCGA-S3-AA10-01A-21R-A41B-07,0.0595569936831671,0.1762521899859737,0.0013149146919215,0.0221493142694903,0.1214178133102486,0.2702091066860371,0.0180480892607282,0.0417164587170953,0.2893351193953378
TCGA-LL-A5YL-01A-12R-A29R-07,0.0778843786433505,0.2459987952524156,0.4124247883294726,0.0495437687033725,0.0679055772254773,0.0,0.0576222084412682,0.0,0.0886204834046432
TCGA-BH-A0E0-01A-11R-A056-07,0.029045307177053,0.0673173900905421,0.6008986835875157,0.0475313495822812,0.0533995437486171,0.0,0.0956238193200033,0.0,0.1061839064939871
TCGA-B6-A0I5-01A-11R-A034-07,0.0248796940379913,0.2356095501601292,0.5061935225745068,0.0532646286536814,0.0465050511435671,0.0,0.0829742028592566,0.0,0.0505733505708674
TCGA-BH-A18U-01A-21R-A12D-07,0.0007370068085417,0.3205065466998634,0.3820172761548246,0.064696498842364,0.1195010665542962,0.0,0.036336463971213,0.0234924697180588,0.0527126712508379
TCGA-A8-A06Z-01A-11R-A00Z-07,0.0,0.0775064114104858,0.6585690986889059,0.0785752274716016,0.0872841781805121,0.0,0.0679251617008844,0.03013992254761,0.0
TCGA-D8-A1JN-01A-11R-A13Q-07,0.0,0.0476301599540334,0.613534572746395,0.0991660648580973,0.0803320758797238,0.0341776408317732,0.0057536935856701,0.0124425448330922,0.1069632473112145
TCGA-A7-A13H-01A-11R-A22K-07,0.0162754705313877,0.2789858764354405,0.1105507323320486,0.0795713210095227,0.1530061062200201,0.1117551963514665,0.0817744604354976,0.0086080818140915,0.1594727548705245
TCGA-C8-A12Y-01A-11R-A12D-07,0.0073844755191266,0.3135974592040347,0.4816251558028629,0.05352786414497,0.0431821563141409,0.0,0.0693716393077892,0.0032111270470649,0.0281001226600105
TCGA-BH-A0BS-01A-11R-A12P-07,0.0,0.1047154933008798,0.4691559815427161,0.1255556066550057,0.0865172990112975,0.0608567631325444,0.1177199402859425,0.0354789160716138,0.0
TCGA-A7-A13F-01A-11R-A12P-07,0.0020921456600931,0.27049631129048,0.4326169166830918,0.148338224451537,0.0941949874127382,0.0,0.0522614145020598,0.0,0.0
TCGA-AC-A7VC-01A-11R-A352-07,0.0076899907635382,0.5732224952344536,0.0640660319282118,0.0506273279271967,0.0434988806964544,0.0,0.2608952734501451,0.0,0.0
TCGA-AO-A03P-01A-11R-A00Z-07,0.0029665154198108,0.1595814960387482,0.6042272556989341,0.07710932651616,0.0499245440833547,0.0,0.0876866918925591,0.0,0.0185041703504329
TCGA-BH-A1F0-01A-11R-A137-07,0.1281862761554111,0.1319906945652962,0.0,0.1501451666304415,0.1617916891523934,0.1789752127174631,0.0244906697834913,0.0373707402818594,0.1870495507136438
TCGA-AR-A1AJ-01A-21R-A12P-07,0.1170267002869072,0.1359153095918825,0.0,0.0479941527418506,0.1493064144915874,0.0854983089399697,0.1473020392609806,0.0,0.3169570746868216
TCGA-BH-A0EI-01A-11R-A115-07,0.0116849315593692,0.7014129232067473,0.0938292886466093,0.0780420906452362,0.050198614543606,0.032332099811324,0.0319820156225062,0.0005180359646014,0.0
TCGA-AC-A3W7-01A-11R-A22K-07,0.0096712309626187,0.4587574041496186,0.1166269542035811,0.0820211537367106,0.0451729169888626,0.214274528445275,0.0301578789869982,0.0,0.0433179325263349
TCGA-E2-A1LL-01A-11R-A144-07,0.007007279260727,0.0803031242067052,0.0,0.0419344088658897,0.0253759468333178,0.8371049264210543,0.003078206699696,0.0,0.0051961077126097
TCGA-E9-A1R7-01A-11R-A14M-07,0.0367273756891419,0.2296687551035753,0.5243874391608089,0.1081784437505623,0.0208759698560508,0.0228894464100088,0.0217407163456945,0.0165614480041627,0.0189704056799946
TCGA-A8-A0A4-01A-11R-A00Z-07,0.0015467478170162,0.2692143585389738,0.0892661409866232,0.0918590138545011,0.0374921482181752,0.1161448603028929,0.3560987244718275,0.0205777582330841,0.0178002475769053
TCGA-E2-A1L6-01A-11R-A13Q-07,0.0583143927024106,0.3067947359030958,0.172947196588507,0.1287162457443033,0.0933061170903195,0.146156653194445,0.0483299405154085,0.0022724767207218,0.043162241540788
TCGA-AO-A12E-01A-11R-A10J-07,0.027272915436559,0.1947935635634985,0.1402494104768502,0.1709980463613417,0.1420414722023009,0.245842092081412,0.0551039009692167,0.0074224417115899,0.0162761571972308
TCGA-A2-A3KC-01A-11R-A213-07,0.0206606334276475,0.4679995008260026,0.0533039132784649,0.1493364829476993,0.0782025114012494,0.0951437844748227,0.069142553748934,0.0023548057279249,0.0638558141672542
TCGA-BH-A18T-01A-11R-A12D-07,0.0106178653019951,0.111165547429629,0.2660676398434099,0.0357919032067242,0.076850886388818,0.4055465269145511,0.0245177491200747,0.0,0.0694418817947978
TCGA-AN-A0FK-01A-11R-A034-07,0.0371671365991271,0.2139441421780546,0.452731958613468,0.1058618172687095,0.0430945520290341,0.0,0.0667334222531867,0.021091449743727,0.0593755213146928
TCGA-B6-A0IG-01A-11R-A034-07,0.0184236151044615,0.2972729184983156,0.4815996602674468,0.0472649931549722,0.024824996971093,0.0133730267845399,0.0326230476134123,0.0381421981332966,0.0464755434724615
TCGA-A8-A08T-01A-21R-A00Z-07,0.0381650044320767,0.2926355662683295,0.3315321487793135,0.0875251081371019,0.091092458617177,0.0142827766041388,0.0924986781697978,0.0077165207267175,0.0445517382653468
TCGA-D8-A1XU-01A-11R-A14M-07,0.0112386800699651,0.4111428575384122,0.2252311573005165,0.0604932852410379,0.1108474717253289,0.0,0.1520673959678534,0.0069467060812998,0.022032446075586
TCGA-E2-A3DX-01A-21R-A213-07,0.1510404840766842,0.3851805684065352,0.0,0.1205638850197479,0.0546531879072561,0.0601146269324363,0.0260136159878998,0.0088539246570303,0.1935797070124099
TCGA-A2-A0YD-01A-11R-A109-07,0.0314638471288855,0.5196303072129528,0.0342248496004159,0.1336413777077297,0.0874735552224663,0.0779841312446034,0.0336744621566589,0.0,0.0819074697262871
TCGA-BH-A42U-01A-12R-A24H-07,0.0698459754334775,0.180095264320198,0.0,0.0860651769727395,0.0352230837844078,0.3878282378445565,0.1310985414965547,0.0028532889910156,0.10699043115705
TCGA-A8-A07W-01A-11R-A00Z-07,0.0063174112996821,0.3343686857126942,0.3528670753667468,0.0506230000155158,0.1617588829036306,0.0,0.0518752670828696,0.0001649677342408,0.0420247098846198
TCGA-A8-A06N-01A-11R-A00Z-07,0.0622626407375727,0.0,0.5880556699019346,0.1661625428016212,0.0733823724233756,0.0239159344221809,0.0739061030425825,0.0002547348650351,0.0120600018056973
TCGA-A8-A079-01A-21R-A00Z-07,0.016951619673758,0.1872200411079543,0.5033251888076414,0.0347067021623638,0.1188312875092898,0.0705446539402972,0.0172785970948206,0.0277865120563858,0.0233553976474889
TCGA-AN-A0XT-01A-11R-A109-07,0.0350496915982377,0.1475418434496989,0.291271728146945,0.2486551018866574,0.0271548631036875,0.0345335066328221,0.184125715369439,0.0037690498016037,0.0278985000109084
TCGA-AR-A5QP-01A-11R-A28M-07,0.0116851980776993,0.4895074270989803,0.1478773111424451,0.0636801035377778,0.0579358293037245,0.1511065656063753,0.0109174623500112,0.015401424595745,0.0518886782872412
TCGA-BH-A0W3-01A-11R-A109-07,0.0063334270069776,0.150068480838584,0.4897411081832589,0.1080208225281828,0.1473050259335549,0.0131245240752145,0.0413078003052248,0.0256857366976084,0.0184130744313935
TCGA-AN-A0AM-01A-11R-A034-07,0.0,0.3004490470919331,0.4279261972479707,0.0321047570477873,0.0890862039748578,0.0,0.0285207392440165,0.030029510866009,0.0918835445274253
TCGA-A8-A0A2-01A-11R-A034-07,0.0208019036037826,0.3577375265430237,0.2560508845652325,0.0911024794489227,0.1035994913348901,0.0126257533460866,0.0494855559877413,0.0146593910464054,0.0939370141239149
TCGA-A7-A26E-01A-11R-A169-07,0.0035359408675911,0.4618623223644854,0.1838671744737975,0.115361587060687,0.1085547831658194,0.0625311008649293,0.0391678812542355,0.0,0.0251192099484542
TCGA-A8-A09N-01A-11R-A00Z-07,0.0055508752564671,0.3259528161063475,0.3878473168734822,0.0606344572763167,0.054227616607276,0.01358087227681,0.0279702436653785,0.0397304008534018,0.0845054010845199
TCGA-A8-A07J-01A-11R-A00Z-07,0.0191356920049313,0.5253820499696862,0.0459221243796735,0.1093494467992045,0.2217420083324322,0.018842842360767,0.0236475015031554,0.0,0.0359783346501497
TCGA-E2-A15R-01A-11R-A115-07,0.0203164396158618,0.2158695021657767,0.49777783392677,0.1016039570156197,0.0470773065045756,0.0,0.117354960771396,0.0,0.0
TCGA-AR-A1AU-01A-11R-A12P-07,0.0197163899836138,0.4116885288168589,0.1107895002045537,0.1240716292342077,0.0518590764710233,0.1662563565577555,0.0791680290518205,0.0092787298897623,0.0271717597904039
TCGA-A8-A09D-01A-11R-A00Z-07,0.0017562385075311,0.4489125966195361,0.1423420895295728,0.1130142170203717,0.1301555758653753,0.0,0.0982783007417653,0.0,0.0655409817158474
TCGA-AN-A041-01A-11R-A034-07,0.0345761980871275,0.5182199380769632,0.1688348518529477,0.0938386610856387,0.0597938519848349,0.0,0.1030758685634725,0.0033001270488664,0.0183605033001489
TCGA-A8-A084-01A-21R-A00Z-07,0.0041003752615753,0.496865365588309,0.3431926812582329,0.0418714157341298,0.0519266655601415,0.0314518884878552,0.016476543540348,0.0056582052083458,0.0084568593610624
TCGA-BH-A201-01A-11R-A14M-07,0.0126421400264665,0.4241443210420663,0.0,0.0992381919228856,0.0702316918432792,0.336486723517048,0.0449961308312248,0.0,0.0122608008170292
TCGA-A8-A085-01A-11R-A00Z-07,0.0094743783903902,0.3324935597511527,0.3748494015447129,0.1239289274031035,0.0245432954817088,0.0,0.1347104374289317,0.0,0.0
TCGA-LD-A66U-01A-11R-A31O-07,0.0285679868612001,0.3813697227061335,0.2543352917883314,0.0464169495804328,0.0482118451085967,0.0103751329109931,0.0237101852544265,0.0037576540882381,0.2032552317016475
TCGA-AR-A5QQ-01A-11R-A28M-07,0.0383838278606102,0.0954063459599686,0.0,0.015327325559176,0.0854772746111776,0.63185381735749,0.0,0.0087766167796724,0.1247747918719048
TCGA-A7-A0DA-01A-31R-A115-07,0.0037086718378062,0.3824517225094183,0.0897938306471027,0.0341623417489337,0.036939281789409,0.3550878447528951,0.0895682405900393,0.0,0.0082880661243957
TCGA-AR-A2LH-01A-31R-A18M-07,0.1024019304037832,0.1416075163317886,0.0292711546686447,0.1379441730288565,0.1000745524034849,0.1859534725397077,0.0422449061797154,0.0155644682326053,0.2449378262114132
TCGA-E9-A1RE-01A-11R-A157-07,0.0350286610527305,0.2166078590172994,0.4749576435605181,0.0497923031134548,0.0350937362470485,0.0,0.1268369825064432,0.0064277929890464,0.0552550215134587
TCGA-AR-A24U-01A-11R-A169-07,0.1117051472126755,0.1962335517005425,0.148446417372206,0.0922624793973699,0.1416761510947075,0.0229441012158078,0.0212722535980869,0.0256662816531062,0.2397936167554975
TCGA-D8-A27T-01A-11R-A16F-07,0.026729616501274,0.574543222151259,0.1075899464687083,0.0745345754008651,0.0738184108863138,0.0,0.0148568406747911,0.0012581050409713,0.1266692828758173
TCGA-B6-A0IH-01A-11R-A115-07,0.0179402675120019,0.4251856246626821,0.0455574126934535,0.2126372802318128,0.046233961105799,0.0782833282310035,0.0309669274706533,0.0202181338421219,0.1229770642504716
TCGA-A2-A0YH-01A-11R-A109-07,0.0189109978479035,0.3158367369381139,0.2013404803105819,0.058663320153973,0.18386379381283,0.0116239455713353,0.020458891342305,0.032202855411188,0.1570989786117691
TCGA-BH-A0DI-01A-21R-A12P-07,0.0177286957898455,0.6452583641510261,0.0015599601996949,0.0797518056944142,0.069972155280983,0.0916304276405331,0.0333186058782275,0.0051856812486373,0.055594304116638
TCGA-E2-A1LI-01A-12R-A157-07,0.0384443651301702,0.0980791182294205,0.193182749852646,0.0857051084756687,0.0754613199855283,0.3121886861715156,0.0861917576307748,0.0133119315431543,0.0974349629811212
TCGA-A2-A0CW-01A-21R-A115-07,0.0024188127490025,0.1609222998895413,0.5302196294179301,0.0703953657627067,0.082288059938875,0.0,0.0309252868058125,0.0049620474439542,0.1178684979921775
TCGA-E2-A14V-01A-11R-A12D-07,0.0054792956440959,0.3540608641226463,0.3485989500997587,0.0627758652301694,0.0586958898802616,0.100780544456248,0.0343194942568085,0.0,0.0352890963100112
TCGA-AQ-A54O-01A-11R-A266-07,0.0121966374754417,0.1716518426531747,0.6363038175138146,0.0575022195201996,0.0531788260030344,0.0,0.0173519738640955,0.0,0.0518146829702395
TCGA-C8-A135-01A-11R-A115-07,0.0085490853803527,0.2832601141988138,0.3262858921663071,0.094546024323679,0.0618412899367772,0.0724127188329012,0.0423157999959331,0.0035973275288437,0.107191747636392
TCGA-GM-A2DK-01A-21R-A180-07,0.0118617757346209,0.2194503257670914,0.3258580210511709,0.2053796809074886,0.0767718309952825,0.0,0.0992159581367837,0.0,0.0614624074075617
TCGA-BH-A0AU-01A-11R-A12P-07,0.0244015193027149,0.4896288090242358,0.2129932636821102,0.056281463358713,0.0691861281714136,0.0,0.0064692296546121,0.0230129945865885,0.1180265922196117
TCGA-AO-A0JE-01A-11R-A056-07,0.0068894936780336,0.4397420204610323,0.0851466992481313,0.0738439691001614,0.1130539951459174,0.0418096517525672,0.0219176694443864,0.0361882593102895,0.1814082418594806
TCGA-A2-A0D0-01A-11R-A00Z-07,0.0004631605638458,0.1455094843863648,0.3839196043066655,0.0853244434302898,0.0760155974676763,0.1260961639926093,0.0588762981810893,0.0,0.1237952476714588
TCGA-LL-A73Z-01A-11R-A32P-07,0.0223642267451012,0.2509632016395118,0.1633393021374056,0.1200375046714351,0.0781097582217548,0.1584878024296575,0.0869329519907682,0.0008917889196468,0.1188734632447186
TCGA-A8-A09G-01A-21R-A00Z-07,0.0417942586518533,0.1484035131883673,0.2833338431719618,0.095239159772068,0.1081629676264376,0.0105678445015561,0.039370513936015,0.0506173451662694,0.2225105539854712
TCGA-AN-A0AL-01A-11R-A00Z-07,0.1789396736680544,0.2917650720893205,0.0817905004180247,0.075459555341283,0.0567212857978215,0.1435398088455996,0.0557579768265676,0.029080596300888,0.0869455307124402
TCGA-A2-A0CT-01A-31R-A056-07,0.0158723139868733,0.1908502153709329,0.5486155600982446,0.0892758662249268,0.0848456460375465,0.0106502034831015,0.0593801836436507,0.0,0.000510011154723
TCGA-AN-A049-01A-21R-A00Z-07,0.0263548216478023,0.378174685105117,0.2989254405223372,0.0799938658695981,0.1036565167044256,0.0,0.0345711412459001,0.0034725933644469,0.0748509355403725
TCGA-LD-A74U-01A-13R-A33J-07,0.0103417795082529,0.4866371864366344,0.0692139237195473,0.1314245670766708,0.1108429145157117,0.1166963130894702,0.0269026354960363,0.0,0.0479406801576762
TCGA-D8-A1Y1-01A-21R-A14M-07,0.0140495005113123,0.6018286004246459,0.2009164989471005,0.038524412832418,0.1221711646137225,0.0,0.0070520518547382,0.0,0.0154577708160619
TCGA-A2-A0T5-01A-21R-A084-07,0.0188490250647226,0.2807301880898287,0.2339066585565522,0.0869855378244342,0.0469774960870474,0.2182054101333213,0.0993302506296523,0.0,0.0150154336144412
TCGA-D8-A1JM-01A-11R-A13Q-07,0.0090423656501975,0.0768958910027317,0.2099519293596796,0.0378463828928462,0.0249602042632019,0.5137335328464971,0.0293235699467154,0.0100331351099574,0.0882129889281728
TCGA-OL-A6VO-01A-12R-A33J-07,0.0076652115630094,0.1305149789247377,0.4109014123614131,0.0379795429449509,0.0914716932790722,0.1868366325813542,0.0308445280805411,0.017408505603407,0.0863774946615141
TCGA-AC-A2FG-01A-11R-A17B-07,0.0033766251955304,0.2531711338055171,0.0802278575775403,0.1306240072310538,0.0546698053499665,0.3655235053269786,0.0506900306800309,0.0156650680434492,0.0460519667899329
TCGA-E9-A22H-01A-11R-A157-07,0.0488232037548334,0.1249901290847719,0.3204718216835115,0.2086045435852837,0.1089224001584523,0.0268233381883666,0.0282189004970713,0.0212965928083654,0.1118490702393435
TCGA-B6-A0X0-01A-21R-A115-07,0.0032247333178122,0.1394326547423164,0.4484731683519194,0.0726684986407897,0.0363419667534063,0.2111923845958316,0.0429414837537905,0.0,0.0457251098441337
TCGA-D8-A73X-01A-11R-A32P-07,0.0067061552710984,0.5637512294398381,0.2260212302061771,0.0517487930049424,0.0818186143646537,0.0362426805202639,0.0041272751854225,0.0024738623071657,0.0271101597004379
TCGA-AQ-A7U7-01A-22R-A352-07,0.1487422814610483,0.3015401485840264,0.0,0.0859340507917626,0.087581479824326,0.0130474018028005,0.0216567518676411,0.0300434915628194,0.3114543941055755
TCGA-A2-A3Y0-01A-11R-A239-07,0.0131412753075994,0.1337658219952794,0.3568538215515835,0.0255811470312025,0.0924495266377531,0.0711411914191541,0.0502338843022466,0.0169309162547766,0.2399024155004042
TCGA-E2-A1LK-01A-21R-A14D-07,0.0011402814638546,0.2145096838427661,0.2544022467364709,0.0200734685252273,0.0547073714376942,0.4266415291084305,0.0144625845286359,0.0,0.0140628343569202
TCGA-BH-A0B7-01A-12R-A115-07,0.1081046458550077,0.2778949452845461,0.1083889403145516,0.1360603017117302,0.0643196050569331,0.0688711506838286,0.0151324103230408,0.0029022421289222,0.2183257586414392
TCGA-AR-A2LK-01A-11R-A180-07,0.0053499707865859,0.3700697974436172,0.354068068264003,0.0582875776235143,0.1242713300713308,0.0,0.0504831845623908,0.0031614219137002,0.0343086493348574
TCGA-AO-A1KT-01A-11R-A13Q-07,0.0141068810290088,0.4219164186037366,0.3311228428062996,0.0579364250333468,0.1058856705441452,0.0,0.0540898510647092,0.0,0.0149419109187535
TCGA-BH-A0HF-01A-11R-A056-07,0.0188602316156331,0.4136671219162844,0.0864584657602819,0.1108685755253947,0.1036295554157966,0.1597178901031938,0.0481158740199927,0.0057168483978227,0.0529654372455996
TCGA-A8-A09R-01A-11R-A00Z-07,0.0140404819347883,0.4197213654784576,0.0859044186944594,0.0446400730933513,0.1535000118581977,0.176429950968525,0.0101931974349868,0.0024959809652185,0.0930745195720151
TCGA-AR-A1AR-01A-31R-A137-07,0.0235543460557091,0.2031806963750433,0.0319632258363377,0.098029510906847,0.2165866044831296,0.1716710561293467,0.0319002954604585,0.0,0.223114264753128
TCGA-A7-A0DC-01A-11R-A00Z-07,0.0347157764109189,0.051241973958433,0.3098890210443915,0.1774122655391989,0.0189725121179929,0.1935540515052011,0.1762027961253927,0.0238261093534874,0.0141854939449835
TCGA-A7-A0DC-01B-04R-A22O-07,0.1169455027622423,0.1514313064844079,0.0,0.1322967662306873,0.0453941721550685,0.267691364354705,0.1671957560694772,0.0340313456685325,0.0850137862748789
TCGA-BH-A1F8-01A-11R-A13Q-07,0.0045050281098372,0.308391082888922,0.4445305773873851,0.0698588970507611,0.0984312023231756,0.0,0.0071510847364955,0.0165247737085439,0.0506073537948792
TCGA-A7-A56D-01A-11R-A27Q-07,0.0,0.4713608477205169,0.4144232043905785,0.0096709690680504,0.0423207101660167,0.0,0.0440226121122345,0.0138094292714089,0.0043922272711938
TCGA-E9-A1ND-01A-11R-A144-07,0.0,0.1711277655151703,0.0373139557759796,0.0547041958844577,0.2333791678368957,0.1710876078058675,0.0338003464772206,0.0196231365287842,0.278963824175624
TCGA-C8-A27B-01A-11R-A169-07,0.0639104247768902,0.0680286245352196,0.0170378336201496,0.041579938391822,0.1707174890397283,0.4134688157024187,0.0142840679436362,0.0120624478890228,0.1989103581011121
TCGA-A7-A0DB-01A-11R-A00Z-07,0.0037595314115259,0.3890079293954448,0.3065986121523905,0.0838233951537693,0.1494661769842255,0.0155972034830632,0.0342595898132613,0.0,0.0174875616063192
TCGA-C8-A134-01A-11R-A115-07,0.0270235178084574,0.1296863349948501,0.0900730967070948,0.05310452243629,0.0919103846570706,0.26814607485902,0.2254443267993543,0.0017881174469121,0.1128236242909502
TCGA-E2-A107-01A-11R-A10J-07,0.0018865704395329,0.1130237089686623,0.6454369504913677,0.1056672272306893,0.0420589612177678,0.0,0.0491276169143286,0.0016012786081715,0.0411976861294796
TCGA-BH-A0BP-01A-11R-A115-07,0.0111680952773417,0.4593640154455135,0.1544983645526294,0.1508539678920433,0.0565038415970414,0.0745636906425111,0.0737279292086417,0.0,0.0193200953842777
TCGA-A8-A091-01A-11R-A00Z-07,0.028656025073954,0.2587420932824916,0.2608027712013296,0.128231396991772,0.0934710620658916,0.0151724029428445,0.1340108627939855,0.0084341108794093,0.0724792747683216
TCGA-AC-A3OD-01B-06R-A22O-07,0.1173000907325439,0.1297587204494782,0.0,0.0704401200848386,0.114474872815383,0.0886775030224817,0.047386397855639,0.0133587101705854,0.4186035848690499
TCGA-EW-A1PE-01A-11R-A144-07,0.0231495194613431,0.2759663859547933,0.0456172725200926,0.1861405373844796,0.1477533501728704,0.1024223775998365,0.0189713377498754,0.080504740293927,0.1194744788627818
TCGA-BH-A0DK-01A-21R-A056-07,0.059683906152389,0.2434918958868035,0.142671444991854,0.1175370937074812,0.0707671760801923,0.0249956084731487,0.0703834406276089,0.0160904406823252,0.2543789933981967
TCGA-A8-A06R-01A-11R-A00Z-07,0.014909792406274,0.3660949858053158,0.2673973266418705,0.0651467406549084,0.0788713492688518,0.0,0.0791411979412485,0.0563897802884967,0.0720488269930342
TCGA-E9-A3QA-01A-61R-A22K-07,0.1252843043119546,0.1314094820106492,0.0499998167648849,0.0499365290739872,0.1159723601853801,0.1994786646042409,0.0577118964510879,0.0160528848608084,0.2541540617370065
TCGA-EW-A1P1-01A-31R-A14D-07,0.0041449592764893,0.308898671948927,0.0,0.2396843402460942,0.0776132024945406,0.1833389468944052,0.0780311042499231,0.0,0.1082887748896203
TCGA-E2-A1IN-01A-11R-A13Q-07,0.0,0.6268851569573908,0.2053518402569907,0.0517616811165274,0.064460871559236,0.0,0.0436013984944409,0.0,0.0079390516154139
TCGA-BH-A0HQ-01A-11R-A034-07,0.0038180328724727,0.5125398187338128,0.2426066261368267,0.0588341407586541,0.0686364235440968,0.0677952831307274,0.0357216688055415,0.0009244097983847,0.0091235962194831
TCGA-B6-A0WY-01A-11R-A109-07,0.0181975095260138,0.3106219489462147,0.0660172053424864,0.1226946318712732,0.0577278232486167,0.2317600029183314,0.1379369593314207,0.0080693365991531,0.0469745822164898
TCGA-A8-A090-01A-11R-A00Z-07,0.0140248378535829,0.2986925612525152,0.2811790256412342,0.1559376522966356,0.1516950475150813,0.0,0.0332432247821686,0.0086959769677227,0.0565316736910592
TCGA-A8-A08X-01A-21R-A00Z-07,0.0228078125961338,0.3875438341799425,0.1451404262333787,0.0432483668036865,0.084457003548542,0.036142391174748,0.0281358566814298,0.1613418432462557,0.0911824655358825
TCGA-3C-AALK-01A-11R-A41B-07,0.0049321190120183,0.5334709004937445,0.1975278596878122,0.0541951957152173,0.0514057983806786,0.0516711642931686,0.0318545200273852,0.0091286711815527,0.065813771208422
TCGA-EW-A1OW-01A-21R-A144-07,0.0226997547534243,0.2978695289741611,0.0371778193511963,0.1297703577831525,0.0777917861613991,0.2135499233425226,0.1652766330018129,0.0113181012303379,0.0445460954019932
TCGA-A2-A0CS-01A-11R-A115-07,0.0,0.5629143547753844,0.2701882357261334,0.0409745895867627,0.1057730813162347,0.0,0.0,0.0,0.0201497385954846
TCGA-BH-A18M-01A-11R-A12D-07,0.0255564921324497,0.5046373753169595,0.0927672550180039,0.1439858267005243,0.0697786502621597,0.0608338823792541,0.0383125809958938,0.0005892260825739,0.0635387111121807
TCGA-E2-A1LB-01A-11R-A144-07,0.0,0.362176950345879,0.1152959124826992,0.0459761452703964,0.1022270942135318,0.340798996908608,0.0,0.0202954921579884,0.0132294086208968
TCGA-PL-A8LX-01A-11R-A41B-07,0.0,0.1056473022096278,0.4578115254733305,0.1393869041815555,0.1118259466599228,0.0,0.1320403918614266,0.050837197913429,0.0024507317007075
TCGA-E2-A2P6-01A-11R-A19W-07,0.030132987379697,0.2184167792688582,0.4155424077125319,0.088337904584993,0.0959728698073035,0.0755944734677557,0.0462156278558209,0.009302356778087,0.0204845931449524
TCGA-BH-A18R-01A-11R-A12D-07,0.0294666220919683,0.214808169553166,0.322421477333444,0.0709326666580366,0.0839423622028476,0.0962177121960771,0.0433909311310637,0.0339560674842302,0.1048639913491661
TCGA-BH-A0B0-01A-21R-A115-07,0.0209275538440151,0.4990920553693138,0.1283801482810554,0.10062074328403,0.0716256184675291,0.0321092605095364,0.0143463642855666,0.0,0.1328982559589531
TCGA-GM-A2DI-01A-31R-A18M-07,0.1136704151698968,0.211825092211402,0.0,0.0838824816550833,0.0957145201452726,0.0589846565922733,0.0118895783746544,0.0042898040423135,0.4197434518091037
TCGA-GM-A5PV-01A-11R-A28M-07,0.0,0.0590679900654539,0.4493794385597283,0.0778739457626421,0.0856573256423071,0.2003881200589786,0.0392764674993807,0.0,0.0883567124115089
TCGA-A7-A0CG-01A-12R-A056-07,0.0722001623108222,0.33045239148019,0.0388752662595984,0.1095809279046781,0.0684882182482576,0.1266862645073311,0.0442256010795606,0.0005129796735894,0.2089781885359723
TCGA-AC-A2QH-01B-04R-A22O-07,0.1059683275822219,0.4809398910838736,0.1095806511075778,0.0470075540563901,0.0343042728060408,0.0580105267636665,0.1241932373990407,0.0201283938145306,0.0198671453866577
TCGA-GM-A4E0-01A-12R-A266-07,0.0083352420715611,0.2485472159920217,0.0135643159668845,0.3010447683466966,0.1049764903225815,0.0833110241833853,0.1316208326668754,0.0,0.1086001104499934
TCGA-AC-A2QH-01A-11R-A18M-07,0.0352154444982441,0.59525369433327,0.0801562794189136,0.0701649198567253,0.0671257108518484,0.023583622027297,0.0725908599097348,0.0383630005380092,0.0175464685659575
TCGA-GM-A3XL-01A-11R-A22U-07,0.0153641122799598,0.0892666072844899,0.4435368610014829,0.0118362136249296,0.1052866407034683,0.0910429058958143,0.0119103989235562,0.0356949525661592,0.1960613077201395
TCGA-D8-A1XO-01A-11R-A14M-07,0.0342786621105478,0.550352000568145,0.117481594695909,0.0720271068609872,0.1246815231830256,0.0434931561870508,0.0,0.0,0.0576859563943343
TCGA-BH-A1F2-01A-31R-A13Q-07,0.0029769024181975,0.425595446045351,0.0973751898470199,0.1379690776569774,0.0868206314750459,0.2021643729162761,0.0366448914630506,0.0,0.0104534881780813
TCGA-A7-A26J-01A-11R-A169-07,0.0142833483002021,0.4410253897640301,0.1837211304853419,0.0866680098350411,0.1056277658825383,0.0456581917599386,0.080896869991953,0.0027272539459392,0.0393920400350154
TCGA-AR-A24H-01A-11R-A169-07,0.0098024011365494,0.1078842853210006,0.3817776944982134,0.1140685529121312,0.134462840804757,0.0,0.074855691513573,0.0013323298097891,0.1758162040039861
TCGA-A7-A26J-01A-11R-A277-07,0.0122426131465324,0.3682683339210293,0.2760409417787996,0.0680255451767365,0.1023225503230026,0.0396735069933675,0.0778017892062388,0.0087415181322681,0.0468832013220249
TCGA-C8-A8HQ-01A-11R-A36F-07,0.0302284528197688,0.5319421824108346,0.1866834925281996,0.0479368937326193,0.0799711553300058,0.0008644391952877,0.0148230925882216,0.0064824270811143,0.1010678643139482
TCGA-B6-A0RU-01A-11R-A084-07,0.0042099651794833,0.3450531518451761,0.0807350926468598,0.1057360605608083,0.0310608365347546,0.2837710599921655,0.1019289807858278,0.0247024946105414,0.0228023578443828
TCGA-OL-A5D8-01A-11R-A27Q-07,0.0103115728382111,0.2037237102623361,0.5187447998604012,0.050085747262039,0.0504724193238828,0.0,0.0751003455548026,0.0003534982166866,0.0912079066816401
TCGA-OL-A97C-01A-32R-A41B-07,0.0043495995485147,0.6234023111644331,0.0606267073958301,0.0512266303789957,0.0490690755139051,0.0551684317435675,0.0427632308961128,0.0143137592607556,0.0990802540978852
TCGA-GM-A3XG-01A-31R-A24H-07,0.0013107880438885,0.1430449553509897,0.0929145295775566,0.0815808112400834,0.0322520184528979,0.4512770520338922,0.1834920600830973,0.0008812140757912,0.0132465711418027
TCGA-AR-A2LJ-01A-12R-A19W-07,0.0111835687307073,0.4202736362406709,0.1797972619694592,0.0530058845112447,0.1707680180442665,0.0022107559722069,0.0227743732029576,0.0039381334194278,0.1360483679090588
TCGA-GM-A3NW-01A-21R-A22K-07,0.0201300114991443,0.1864293602442494,0.3758795711565985,0.1310621968046287,0.0536561708655977,0.0963704193618344,0.0598185725707057,0.0048353906663383,0.0718183068309027
TCGA-A2-A0EV-01A-11R-A034-07,0.0092913010894566,0.4268489014269942,0.1824582846340541,0.0779218830768093,0.131876410916476,0.0260361868483124,0.0141456071844927,0.006747833258808,0.1246735915645963
TCGA-C8-A26X-01A-31R-A16F-07,0.0190378384495141,0.1978951173865947,0.2124303174267392,0.0772549526720634,0.1122837562367379,0.0038709993570642,0.0573503489284397,0.1351491008904622,0.1847275686523844
TCGA-D8-A1XF-01A-11R-A14D-07,0.0262100194515152,0.0917198744348681,0.515844574234739,0.0609601249995483,0.0796558468011625,0.0,0.1534520447232277,0.0384367889290789,0.0337207264258601
TCGA-A2-A0YI-01A-31R-A10J-07,0.0787775443330985,0.2709952338447337,0.055479522619885,0.1142377287429413,0.1887269476231019,0.0524949396936666,0.0206661436341961,0.0253040961424921,0.1933178433658842
TCGA-D8-A27G-01A-11R-A16F-07,0.0160363421552782,0.4898114055551385,0.1740331512686555,0.059508325754025,0.0725355246960138,0.0,0.0305503347626778,0.0,0.1575249158082109
TCGA-OL-A66H-01A-11R-A29R-07,0.021065052942405,0.1782622874857472,0.2727381916486507,0.1299503955987893,0.196180926667366,0.0,0.0511811056874834,0.073366356392944,0.0772556835766141
TCGA-B6-A0WV-01A-11R-A109-07,0.0,0.264017720976675,0.5627177487098582,0.0577684304647324,0.0203696801015745,0.0256205942125446,0.0613707246580973,0.0081351008765178,0.0
TCGA-BH-A0DE-01A-11R-A115-07,0.0093204655095279,0.2650719333998287,0.1246695327179388,0.2135728110189323,0.1132311777636241,0.0934677083797819,0.094366872140823,0.0,0.0862994990695433
TCGA-E2-A1L7-01A-11R-A144-07,0.0265594317541461,0.2070463634576259,0.2204838220780314,0.0581553228567603,0.1002604827647889,0.0346411507760551,0.0680209924272116,0.0109151361931089,0.2739172976922714
TCGA-D8-A1JG-01B-11R-A13Q-07,0.1344342745801053,0.198952777542412,0.0726123771043371,0.055615186301744,0.105503039035685,0.1288133224243627,0.0103080750413609,0.1526768432581867,0.141084104711806
TCGA-A8-A075-01A-11R-A084-07,0.009814602583481,0.3542029004601763,0.2786868865185565,0.049935949563201,0.1088347795995186,0.0,0.0195645364127676,0.0657464796230671,0.1132138652392313
TCGA-JL-A3YX-01A-11R-A22U-07,0.0108866915332735,0.3065072110225513,0.4977012718928735,0.0686607671125957,0.0300040704295857,0.0097795773684925,0.0552102485213697,0.0112382748005243,0.0100118873187334
TCGA-A2-A4S1-01A-21R-A266-07,0.0,0.7803997782721788,0.0,0.022658620141786,0.1023042548411542,0.0,0.0900636468156959,0.0,0.0045736999291851
TCGA-C8-A12V-01A-11R-A115-07,0.0975029114778425,0.080910586569299,0.0,0.047625584496213,0.1654527934955249,0.1226166131659789,0.0196268814037004,0.0416622341271377,0.4246023952643032
TCGA-D8-A4Z1-01A-21R-A266-07,0.0332613787013149,0.293562382226477,0.0,0.1339528656245995,0.0469678884232695,0.3269687618423227,0.0820887693497341,0.0089038814261434,0.0742940724061386
TCGA-EW-A1P0-01A-11R-A144-07,0.0123775837093114,0.190688662272138,0.3354833158490058,0.0794066923974327,0.0797866157868399,0.0,0.0798856648976191,0.0,0.222371465087653
TCGA-BH-A0WA-01A-11R-A109-07,0.004643610177154,0.3144416666511495,0.0071340307415862,0.0630768922337729,0.0614545737810853,0.360560322780403,0.1016862626627077,0.0379924300399269,0.0490102109322144
TCGA-AQ-A1H3-01A-31R-A13Q-07,0.0482514377205143,0.3345648899771936,0.1440363854470274,0.162900424001013,0.0587648429497805,0.0448678218805296,0.0795387536261657,0.0,0.1270754443977758
TCGA-A7-A13E-01A-11R-A12P-07,0.0072714670277886,0.2238980751831611,0.2113440546262924,0.0164793591694234,0.0646170803249291,0.4152362273412539,0.0488181471984055,0.0,0.0123355891287456
TCGA-BH-A0HO-01A-11R-A034-07,0.0018808954377683,0.1935658473501826,0.3049730972156638,0.152303740670241,0.1973107705605082,0.012981771466578,0.043930197094378,0.0615957052734977,0.0314579749311818
TCGA-D8-A1XW-01A-11R-A14M-07,0.0031075396403085,0.1126502783483926,0.0,0.0956333596040369,0.231385260191581,0.3830529609398305,0.1008013363166319,0.0087626044653327,0.0646066604938856
TCGA-A8-A07P-01A-11R-A00Z-07,0.0,0.2752733047506574,0.4335719566133081,0.0850805722416692,0.1015180957723991,0.0,0.0501448217338758,0.0287513063320509,0.0256599425560391
TCGA-E2-A10F-01A-11R-A10J-07,0.0192221056091584,0.4818765241818157,0.084490165217926,0.0685744237193755,0.1377774778198061,0.0290293094213102,0.0729239267075438,0.0,0.1061060673230639
TCGA-C8-A12O-01A-11R-A115-07,0.0113410014747231,0.4872954216687877,0.1299973614520527,0.0564516576085547,0.1275144131722885,0.0368128586501452,0.0556789582486877,0.0275933366326899,0.06731499109207
TCGA-C8-A132-01A-31R-A115-07,0.0296481417654871,0.2905569707185464,0.0041893005199154,0.045827285678116,0.0380788120326895,0.1112785900638005,0.0275155466601231,0.0039737769372037,0.4489315756241179
TCGA-E2-A1B1-01A-21R-A12P-07,0.0284453971046826,0.3496878872146213,0.0,0.1045280064933957,0.1043783537186946,0.2383389396196615,0.0096136394781633,0.0019860204630014,0.1630217559077793
TCGA-E9-A1RG-01A-11R-A14D-07,0.0024904226958155,0.2761429720337147,0.5440373350540273,0.0380109624195947,0.0588520755488952,0.0,0.0332329889848127,0.0085056506235206,0.0387275926396189
TCGA-E2-A1AZ-01A-11R-A12P-07,0.0466435332924902,0.297942667398661,0.0669284196088179,0.0837166148044938,0.1081927781596712,0.0857273407988026,0.0485238878024045,0.0144049865016491,0.2479197716330092
TCGA-A7-A3J1-01A-11R-A213-07,0.1350592047960382,0.283554532813662,0.080142942926133,0.1187028968497114,0.0981000307037175,0.0334078560907102,0.0331731296964349,0.0,0.2178594061235926
TCGA-AR-A0TW-01A-11R-A084-07,0.0282057713416346,0.1389018473707453,0.3627807414032059,0.0781058615108486,0.1250226672010078,0.0,0.0380301791119621,0.0603646154658504,0.1685883165947452
TCGA-C8-A8HP-01A-11R-A36F-07,0.0377047509004218,0.2001052818424527,0.2556955548044518,0.0427072305687615,0.1048274777621529,0.0,0.0798335014962892,0.084585107711667,0.1945410949138027
TCGA-MS-A51U-01A-31R-A266-07,0.0261188575418981,0.5139856926243337,0.0697113269161216,0.0731862940116851,0.043016310520664,0.125078567993171,0.0255655227510138,0.0087801495035596,0.1145572781375525
TCGA-LL-A6FQ-01A-11R-A31O-07,0.0052226017934576,0.239607221813442,0.6417377525002932,0.0265176110042148,0.0654887026871362,0.0,0.0180592014960424,0.0019190317421153,0.0014478769632981
TCGA-A8-A094-01A-11R-A00Z-07,0.0176132058227317,0.2227963359535788,0.269712374783616,0.0573520305947731,0.1677249396703331,0.0130023668663546,0.013704369896548,0.0610211883764126,0.1770731880356515
TCGA-AR-A1AI-01A-11R-A12P-07,0.0431627410952954,0.0624654754618871,0.0441178273122044,0.0249691633877508,0.1375353426102354,0.3436983180923709,0.0082527472411849,0.0584136324595868,0.2773847523394838
TCGA-C8-A3M7-01A-12R-A21T-07,0.0226568477992722,0.1307079230644446,0.0643689579189742,0.300576156546511,0.0225321420317893,0.1573833583936396,0.2201514116977202,0.0225953156320375,0.0590278869156111
TCGA-AN-A0AJ-01A-11R-A00Z-07,0.031993588962722,0.1960956232423511,0.3648672507472912,0.0271744238828461,0.1316571307056594,0.0,0.0414722776246972,0.0,0.206739704834433
TCGA-BH-A1EW-01A-11R-A137-07,0.0177034861862457,0.1972308103450098,0.1990909935684767,0.1964567206841063,0.0946962847089557,0.0233028733685427,0.0478917137009839,0.013164392856348,0.2104627245813308
TCGA-AR-A24T-01A-11R-A169-07,0.0095009088912717,0.58315451412469,0.0619531589849514,0.1356971256009222,0.0981505194404723,0.0504314553143866,0.0321150570756813,0.0,0.0289972605676243
TCGA-AR-A1AW-01A-21R-A12P-07,0.3370164049940211,0.1018786324685995,0.0,0.0288611362755701,0.0977889181612418,0.010091799550556,0.000836717705677,0.0629175115253953,0.3606088793189387
TCGA-GI-A2C9-01A-11R-A21T-07,0.0071540714164394,0.2937482516082487,0.0844458394499445,0.0258700256609179,0.1697659415736306,0.346776371821486,0.0349696751873626,0.0157895394437995,0.0214802838381704
TCGA-A7-A0CE-01A-11R-A00Z-07,0.019755408823183,0.1642537626390915,0.1625908911325456,0.0751580455835072,0.0354749468344286,0.3444033271078474,0.1133300627044326,0.0291108851921018,0.0559226699828617
TCGA-A2-A0YC-01A-11R-A109-07,0.0156723181258573,0.2917543226336829,0.258867428628048,0.1679676437298524,0.1065865500126729,0.0,0.093981214588357,0.0034861430225241,0.061684379259005
TCGA-AN-A0XU-01A-11R-A109-07,0.0,0.2386930580629186,0.0551212018783,0.0183115698373383,0.0905562034135488,0.3544142626944357,0.0664791395643797,0.067524166812748,0.1089003977363303
TCGA-AR-A24Z-01A-11R-A169-07,0.0153293926620505,0.2307159199476467,0.3146994541462732,0.0899898856810058,0.1175077885200107,0.0828391266463155,0.0597219862473956,0.0520806262298796,0.0371158199194221
TCGA-AR-A24M-01A-11R-A169-07,0.0175587181249282,0.4216549710063646,0.0675548158605897,0.112192506188774,0.1035321197189485,0.2495274905044646,0.0195895946554393,0.008389783940491,0.0
TCGA-C8-A1HL-01A-11R-A137-07,0.0057598168611562,0.2335174062447853,0.4053144517763958,0.1647854956387598,0.0738109638253509,0.0,0.0942904019989099,0.0073400304446325,0.0151814332100093
TCGA-EW-A1OV-01A-11R-A144-07,0.2067031362872222,0.1111564579434516,0.1269831540985242,0.0630458428187846,0.0875498308059764,0.0,0.0136689458211962,0.0095291834240739,0.3813634488007705
TCGA-A1-A0SH-01A-11R-A084-07,0.0025193370009185,0.8479570536176745,0.0,0.0278150661006448,0.0628632697269494,0.0482196145356318,0.0028494837712183,0.0,0.0077761752469625
TCGA-A2-A1FX-01A-11R-A13Q-07,0.0267218160280936,0.2635959539803494,0.2933460615571666,0.1407149680636633,0.1357485098612852,0.0,0.075328541047334,0.0,0.0645441494621078
TCGA-D8-A1JL-01A-11R-A13Q-07,0.018385073162911,0.2431542312986734,0.0077815575469665,0.0716812972746895,0.1497481990617615,0.2304832541630442,0.0350439663580472,0.0027174285556523,0.2410049925782539
TCGA-AC-A3YI-01A-21R-A239-07,0.013106676645471,0.5218920233335208,0.0,0.098450997839663,0.0575526538258474,0.2389618673904524,0.0362812121377266,0.0017890594776399,0.0319655093496788
TCGA-AO-A03V-01A-11R-A115-07,0.0205341857599391,0.268250858565096,0.3356792647816901,0.1169510801562911,0.0457005032719272,0.0465383548129634,0.1033403333066303,0.0017664886254281,0.0612389307200343
TCGA-AR-A1AH-01A-11R-A12D-07,0.0093536413699423,0.2841039532166044,0.399422259738432,0.0640676605651291,0.058952452628725,0.1302843175098294,0.0406172574747449,0.0,0.0131984574965925
TCGA-A2-A25A-01A-12R-A16F-07,0.0206111082206302,0.3326725373108878,0.0,0.2531662727361765,0.0667363383441262,0.152194077866179,0.0751686025919988,0.0,0.0994510629300012
TCGA-BH-A0DQ-01A-11R-A084-07,0.0087002632597112,0.5777595652710765,0.106046474813474,0.1309816269888986,0.0580057059762441,0.0116905593825899,0.0748863036732713,0.0019163351829327,0.0300131654518013
TCGA-BH-A1F6-01A-11R-A13Q-07,0.0097386745618413,0.207901345061429,0.1338005084278688,0.0549239319006395,0.1594079524467628,0.245153360246928,0.0102376856118729,0.0439932310923012,0.1348433106503562
TCGA-EW-A6SA-01A-21R-A32P-07,0.0124848471873554,0.0843289247375971,0.692380658937796,0.0827685610902466,0.0202875946788919,0.0,0.0929520416722559,0.0122449510549503,0.0025524206409066
TCGA-A7-A4SB-01A-21R-A266-07,0.0092841476672872,0.2626032211467868,0.3831575534548742,0.1852729124283613,0.0291939710006174,0.013493250076377,0.0838123179171728,0.0161004447994987,0.0170821815090244
TCGA-E9-A1N8-01A-11R-A144-07,0.0133997462708809,0.237488098446259,0.2194577794716876,0.0650498541481646,0.0384723384744801,0.3179063794514083,0.0574271795146104,0.0208700484842709,0.0299285757382378
TCGA-Z7-A8R6-01A-11R-A41B-07,0.0011829891362604,0.2489523947502545,0.534218210916122,0.0503978007643285,0.0628606629171909,0.0,0.0642981797969408,0.0,0.0380897617189027
TCGA-A8-A09A-01A-11R-A00Z-07,0.0147754272466041,0.4101305878066615,0.1619981545831454,0.0888694719780598,0.07066169647189,0.0734385947295076,0.0649074205907605,0.0,0.1152186465933707
TCGA-A7-A5ZX-01A-12R-A29R-07,0.0073740513199066,0.5431860754177588,0.048484592730543,0.0777286588832446,0.0393674055743457,0.2388575995379501,0.036116049368538,0.0023000731120581,0.0065854940556549
TCGA-C8-A12N-01A-11R-A115-07,0.0047134003792287,0.5688762649551913,0.2175494160831254,0.05399605937516,0.1007936947665141,0.0,0.0294587617910925,0.0,0.0246124026496878
TCGA-PE-A5DD-01A-12R-A27Q-07,0.0250949252608226,0.3008878572334943,0.2727686181237437,0.1270425942597518,0.0374211826455348,0.0,0.1139691358494847,0.0024439894363764,0.1203716971907913
TCGA-BH-A2L8-01A-11R-A18M-07,0.0568986665683243,0.2838113578337841,0.0998827414566169,0.0381839686019637,0.1270336016428277,0.0241613834106323,0.0507231425763566,0.0045773136487098,0.3147278242607843
TCGA-AC-A2FM-01A-11R-A19W-07,0.0545459928323964,0.140108688841946,0.4671141090240657,0.1345065858740601,0.0385801844270665,0.0,0.1312240914201505,0.0,0.0339203475803146
TCGA-A1-A0SE-01A-11R-A084-07,0.0109569710860239,0.4137309588577167,0.1736581529813002,0.0962898127356026,0.0278319998692799,0.1736078967701461,0.0445589458944013,0.0,0.059365261805529
TCGA-AC-A8OP-01A-11R-A36F-07,0.0564426318907687,0.2893927725141086,0.2291766941246096,0.1846250680420536,0.0437851962273436,0.0238781365425876,0.0804744803388336,0.0096676669505304,0.0825573533691639
TCGA-GM-A3NY-01A-11R-A21T-07,0.0111213579116695,0.2291611729958733,0.4921773742424233,0.0632245124338112,0.0383358284415217,0.0400645758963487,0.082099192646477,0.0067243713558507,0.0370916140760244
TCGA-E2-A153-01A-12R-A12D-07,0.0104294313121277,0.6457748364571031,0.0873020136377085,0.1090755151045401,0.0875661256942529,0.0063450697168917,0.0507255490281145,0.0,0.0027814590492614
TCGA-A2-A3XW-01A-11R-A239-07,0.0031610027313923,0.2042615243575739,0.0614484765684728,0.0570664961530222,0.0680154825490273,0.4410104397279492,0.1020428729148624,0.0,0.0629937049976997
TCGA-E9-A1RF-01A-11R-A157-07,0.0019544649275664,0.3784910628318102,0.2487024083203656,0.0566780218535048,0.1196067262407405,0.0,0.0296429786737398,0.0,0.1649243371522725
TCGA-AC-A2QI-01A-12R-A19W-07,0.0416091281238698,0.4447398863791786,0.1210963642953928,0.1125134490603607,0.0914776226831082,0.0073602278492486,0.0797680199966223,0.0,0.1014353016122187
TCGA-BH-A0BM-01A-11R-A056-07,0.0265916558411872,0.2798254885748253,0.2169002467423455,0.0956769535687799,0.0323034116296609,0.2332562453087783,0.075869813351553,0.0,0.0395761849828696
TCGA-AO-A129-01A-21R-A10J-07,0.0949049704136792,0.179845352198323,0.1958310499533513,0.0372649341455124,0.0788848085431478,0.1526687724366547,0.052146855515285,0.0176690738410299,0.1907841829530164
TCGA-XX-A89A-01A-11R-A36F-07,0.027347180039049,0.5396121137879558,0.0108257765063157,0.1153337265286629,0.117627079285212,0.047651234783813,0.0075415911029135,0.0084992203813602,0.1255620775847175
TCGA-A2-A0YG-01A-21R-A109-07,0.0025372071716429,0.2037185999621645,0.3750914983929093,0.0970650641431379,0.0756382228356275,0.1317163618286781,0.0387346130798065,0.002727186941576,0.0727712456444571
TCGA-EW-A3E8-01B-11R-A24H-07,0.1165128628656971,0.2593375976217831,0.1643735761603554,0.0996529777756071,0.0700021262064581,0.0068437223674595,0.0446433524430713,0.0080042074013032,0.2306295771582647
TCGA-4H-AAAK-01A-12R-A41B-07,0.0096581707327204,0.6912559015223005,0.1040347998498092,0.0310822294347188,0.0644929685232683,0.0465421042474748,0.0095308506987169,0.0,0.0434029749909907
TCGA-A1-A0SO-01A-22R-A084-07,0.0370351445731787,0.0580897119394943,0.3091882859214074,0.1284172861093319,0.0959087197144648,0.3145884613727994,0.0038694109250597,0.006872200279553,0.0460307791647103
TCGA-BH-A18N-01A-11R-A12D-07,0.0006553480172224,0.1372362410189394,0.2784417494806119,0.3680445354997516,0.0611589196806814,0.0,0.1289281705035845,0.0255350357992084,0.0
TCGA-A8-A06P-01A-11R-A00Z-07,0.0108661404522999,0.562926803228556,0.1605110839408313,0.0831805241718633,0.0947102853769062,0.0,0.0627474311118884,0.0087799937078023,0.016277738009852
TCGA-EW-A1OX-01A-11R-A144-07,0.0181620582461472,0.0331548781922514,0.5463083954920451,0.107715730690252,0.161603122745426,0.0,0.1141051764836169,0.0189506381502612,0.0
TCGA-A2-A0EP-01A-52R-A22U-07,0.1281343611066416,0.3067614600689362,0.0,0.108901326569865,0.1488268296529877,0.0071362569303838,0.021039820329379,0.0,0.2791999453418066
TCGA-AR-A24W-01A-11R-A169-07,0.0121474148707476,0.2737849880989284,0.0,0.1266274854248311,0.0346821986325381,0.4530533347911475,0.0646895344875235,0.0075007681542089,0.0275142755400747
TCGA-E2-A15I-01A-21R-A137-07,0.1165474818320876,0.235606364231727,0.1122198112118946,0.0907141202294763,0.0788744493102517,0.132241438219129,0.0331483703429068,0.001322956867981,0.1993250077545457
TCGA-D8-A27E-01A-11R-A16F-07,0.0015036849414089,0.0879143507808743,0.2858373043280524,0.1113080795422184,0.1278796922793341,0.1042905703383434,0.1522662846605414,0.0567749181391314,0.0722251149900954
TCGA-A8-A08J-01A-11R-A00Z-07,0.063796674960757,0.3980322053331909,0.3237904307181302,0.0503012669977062,0.0996882397351759,0.0,0.0242629655916821,0.0141586441823061,0.0259695724810511
TCGA-C8-A12X-01A-11R-A115-07,0.0,0.1724380745881831,0.4616222060664993,0.1267625625046511,0.0765367233017185,0.0,0.081907795967328,0.0579489226708715,0.0227837149007483
TCGA-AO-A12C-01A-11R-A10J-07,0.0239783300803783,0.6217939847735686,0.1505584965174538,0.0821656129683062,0.0446184055540919,0.0428380973422734,0.0340470727639274,0.0,0.0
TCGA-BH-A0H3-01A-11R-A12P-07,0.0208060767887764,0.473953103053519,0.044244842554593,0.1542459883837204,0.0590675996384492,0.1099611633268995,0.0435791822213101,0.0022246494952127,0.091917394537519
TCGA-LL-A441-01A-11R-A24H-07,0.4957636618094173,0.113402100019001,0.0169230140539324,0.0376180956030681,0.0232188577640568,0.0814370081782309,0.0335153513986907,0.0,0.1981219111736023
TCGA-3C-AAAU-01A-11R-A41B-07,0.0399493437209041,0.1972281768608938,0.4858888424070824,0.1277323521331337,0.049998256255751,0.0214040402618986,0.0577198242005736,0.0143256532413389,0.0057535109184234
TCGA-E2-A1IO-01A-11R-A144-07,0.0325515475250113,0.6003773030707066,0.0162920672909472,0.0593962348934865,0.0440905835910338,0.0652120968863831,0.0305459110175582,0.0099614963025073,0.1415727594223657
TCGA-E2-A15A-01A-11R-A12D-07,0.0134234420012184,0.2948023645033018,0.3010327665969056,0.0618311120048169,0.1120735454156491,0.0,0.0605634150509794,0.0176084075394568,0.1386649468876716
TCGA-A7-A3RF-01A-11R-A22K-07,0.0023387500941733,0.169749470185414,0.5093228280184476,0.096446618333766,0.0365424506136176,0.0,0.1086398423995918,0.0705071715910113,0.0064528687639782
TCGA-GM-A2DM-01A-11R-A180-07,0.0080965062161154,0.1287146839941857,0.3111491656374266,0.1246840583415047,0.2034262178429149,0.1264472347763386,0.0384740955095988,0.0347128865922055,0.0242951510897094
TCGA-AC-A6IX-01A-12R-A32P-07,0.0288901259115339,0.432389555749135,0.169252746748912,0.1335304307637058,0.0814417287275377,0.0092161280688264,0.060464676114288,0.0097221650590094,0.0750924428570515
TCGA-D8-A3Z5-01A-41R-A24H-07,0.01000498168384,0.2036827910016816,0.1864064856921725,0.1557847387590492,0.0259915503978111,0.2378962327097586,0.1216129959695452,0.0261333645176274,0.032486859268514
TCGA-AC-A2FK-01A-12R-A180-07,0.0134152512233903,0.1452090774455756,0.0,0.1071530575006832,0.0454451143838205,0.5585515404523433,0.0404909811353023,0.0121868040252405,0.0775481738336438
TCGA-AR-A1AS-01A-11R-A12P-07,0.0015536084454966,0.361750378108065,0.459559972343741,0.03821596672738,0.1147794919826859,0.0,0.0241405823926312,0.0,0.0
TCGA-AQ-A04L-01B-21R-A10J-07,0.0007057329463844,0.358400140413451,0.3947036302090283,0.05245729738874,0.0753018846854709,0.0432051219284991,0.0654388769574272,0.0,0.0097873154709988
TCGA-AC-A3TN-01A-11R-A22K-07,0.0,0.3151331096962653,0.5038858812418996,0.058619423741718,0.0326931698564545,0.0,0.0485283519610897,0.0,0.0411400635025726
TCGA-AC-A23H-01A-11R-A157-07,0.0038607647957463,0.2948581086983941,0.2613787491596034,0.060035208917219,0.0439378317420204,0.3220681163370089,0.0100813188575326,0.0006971928783088,0.0030827086141663
TCGA-A8-A08A-01A-11R-A32Y-07,0.0116215179126899,0.4102180855408787,0.3397006100318949,0.0444621444605125,0.1274323191480797,0.0,0.0163335545893248,0.0,0.0502317683166193
TCGA-A2-A0YE-01A-11R-A109-07,0.0,0.5077301946975291,0.1829813242188968,0.0311747457835019,0.0377571583861301,0.1285326919541085,0.0519936930397231,0.0393307487175113,0.0204994432025988
TCGA-A2-A1FZ-01A-51R-A14D-07,0.0115655798758398,0.4434811384264052,0.0991793474352176,0.124116448715749,0.1324131938274988,0.0931000917324719,0.0389248185910368,0.0,0.0572193813957807
TCGA-BH-A28O-01A-11R-A22K-07,0.0182379339585561,0.3450931626991016,0.0,0.1010025687361151,0.0310786968182661,0.3704891619501954,0.0660385925905859,0.0114084355974792,0.0566514476497003
TCGA-E9-A3HO-01A-11R-A213-07,0.0306928295783412,0.0935126059692313,0.4529549010678739,0.0884927738465508,0.0450061226665977,0.0,0.1035028103870754,0.0,0.1858379564843295
TCGA-E9-A245-01A-22R-A16F-07,0.0216212056701304,0.1904812185447068,0.4398206564893531,0.1277009192130073,0.0681200321870958,0.0098017606825416,0.0763020576623188,0.0624823907045063,0.0036697588463397
TCGA-BH-A1EX-01A-11R-A13Q-07,0.0202942186988219,0.4129526209018452,0.1240775154746001,0.077683234426557,0.1531491431684305,0.1221083212677878,0.0034727810126928,0.0,0.0862621650492644
TCGA-D8-A1XV-01A-11R-A14M-07,0.0024272885034829,0.0685561259888994,0.4581534917160849,0.0954256516497948,0.0794901731306732,0.0162494412849902,0.0985645721432211,0.113789129644171,0.0673441259386822
TCGA-AO-A125-01A-11R-A10J-07,0.0070335300948574,0.033213097652844,0.7501919519920037,0.111323400037754,0.0332369815301874,0.0,0.0650010386923531,0.0,0.0
TCGA-AC-A6IW-01A-12R-A33J-07,0.03781423458974,0.0701059455059972,0.1201273549259656,0.0158262454741482,0.3061709521905967,0.2002782457945049,0.0305287416885018,0.0,0.2191482798305452
TCGA-A7-A13E-01B-06R-A277-07,0.1841038847883045,0.0892435555747488,0.0,0.0363456923007326,0.0843811140324177,0.3704678191208641,0.0179191693087225,0.0147475928967671,0.2027911719774422
TCGA-OL-A5RY-01A-21R-A28M-07,0.2160676160718619,0.2470758276426711,0.0265654849329896,0.060558500155649,0.0757081583624602,0.1120369848293324,0.023896999595146,0.0243571364265248,0.2137332919833646
TCGA-AC-A3YJ-01A-11R-A22U-07,0.0004564702998239,0.0807539339960222,0.5237735722831081,0.0648982238269411,0.15651031912067,0.0,0.1230109301264025,0.0248331876116002,0.0257633627354321
TCGA-E2-A1LS-01A-12R-A157-07,0.009980019844261,0.0439626748722014,0.1558341377492594,0.0729077697662465,0.0211970095881455,0.6873587782371328,0.0026594274257804,0.0,0.0061001825169726
TCGA-A2-A0EW-01A-21R-A115-07,0.0475705995577208,0.3710243851561279,0.0,0.1670918142095968,0.0756226627051684,0.174052885997523,0.0732016876331605,0.0,0.0914359647407024
TCGA-C8-A1HM-01A-12R-A137-07,0.0289079853191088,0.0498257848354297,0.2072385026796185,0.0274177390908001,0.1454970285186538,0.0,0.0414821929042293,0.0237129894230869,0.4759177772290726
TCGA-AR-A1AK-01A-21R-A12P-07,0.0214876882280202,0.183631108915606,0.0750195901898155,0.1786544841427614,0.1546819891948861,0.112119711249341,0.0841912005845828,0.0,0.1902142274949869
TCGA-E9-A1N6-01A-11R-A144-07,0.0,0.6140551574704131,0.2119593846174419,0.0436872679510616,0.0769466967827628,0.0,0.0397744972442485,0.0,0.0135769959340719
TCGA-B6-A0RS-01A-11R-A084-07,0.0079182971634456,0.231461468975667,0.2423592557921,0.0582977754055818,0.1020595368320395,0.1965560076838534,0.0469134618967551,0.0061184607852205,0.1083157354653367
TCGA-BH-A0DV-01A-21R-A12P-07,0.018729550776283,0.5620571184290872,0.0,0.2288209341474406,0.0476572712667753,0.053009964353005,0.0664421313968894,0.0,0.0232830296305193
TCGA-BH-A1EU-01A-11R-A137-07,0.186664176470679,0.2856017835550701,0.0,0.1307251354933589,0.1228696935746276,0.0611571133963704,0.0112005619713228,0.0,0.201781535538571
TCGA-BH-A18I-01A-11R-A12D-07,0.0299769881310922,0.4873325216053733,0.0476631195621136,0.0608400940628243,0.0997874773590666,0.0848043539698567,0.0396642170927584,0.0039253673620148,0.1460058608548997
TCGA-E9-A24A-01A-11R-A169-07,0.0534149173715376,0.3525727321175247,0.1272471008089876,0.1077633443549673,0.2344433749507539,0.0532928550638859,0.032488245093889,0.0,0.0387774302384537
TCGA-E2-A1B0-01A-11R-A12P-07,0.017584076898268,0.3187938408688698,0.1282868394948547,0.0986906508215463,0.0996602483154304,0.1834766054477075,0.0373874096590727,0.0150736082477907,0.1010467202464595
TCGA-A2-A4S2-01A-12R-A266-07,0.0352666818872648,0.3339079398784939,0.1694168405408163,0.0953288077794452,0.0821941747804085,0.0352535218557956,0.022542315798073,0.0312058183427916,0.1948838991369108
TCGA-A1-A0SJ-01A-11R-A084-07,0.0110623340454423,0.3007956667042549,0.2607556798051897,0.1580385230801166,0.045913096153322,0.0554537987244049,0.1006870249014043,0.0179654509353835,0.0493284256504814
TCGA-JL-A3YW-01A-12R-A239-07,0.0046941819601522,0.5753541541844682,0.0655951065447108,0.0339714540891562,0.1065020868093759,0.1025585981905454,0.020112089518448,0.0048585462398725,0.0863537824632705
TCGA-EW-A1J2-01A-21R-A13Q-07,0.0138698144387329,0.4483012206614494,0.0046564910308227,0.1204232032718946,0.1128332897285732,0.1814817752766735,0.0304124171460198,0.0,0.0880217884458334
TCGA-OL-A66L-01A-12R-A31O-07,0.016166469361702,0.3519283658707854,0.3569554993901354,0.0820511962832084,0.0606098673200202,0.0,0.0470991550906499,0.0,0.0851894466834985
TCGA-A2-A0T4-01A-31R-A084-07,0.0199619939281306,0.4536994197291307,0.1698807020652484,0.1301243658268357,0.0786026599084261,0.0,0.0417028415120062,0.0,0.106028017030222
TCGA-C8-A12P-01A-11R-A115-07,0.0046252292896688,0.3898405475991867,0.2747910039523795,0.0427192165243657,0.0760274076542139,0.1162887010949408,0.0278410950685181,0.0173291001750492,0.050537698641677
TCGA-AN-A03Y-01A-21R-A00Z-07,0.0121973016505447,0.1899503576995721,0.4947756573654149,0.0545239595578052,0.0577745567156746,0.0,0.0411566513109513,0.0020846712454537,0.1475368444545833
TCGA-C8-A1HO-01A-11R-A13Q-07,0.0037310568435985,0.2041222212947805,0.4473389568185646,0.1126884415833781,0.0474463635990605,0.0,0.0692824957665555,0.0608878061552539,0.054502657938808
TCGA-A1-A0SP-01A-11R-A084-07,0.0293343158661716,0.1609101999099781,0.1842484551187933,0.0432444428420861,0.1554966064047935,0.2335128506261023,0.0652813470481773,0.024508786178368,0.1034629960055294
TCGA-B6-A0IC-01A-11R-A034-07,0.0,0.040224592334572,0.5482235270431393,0.0988848947982113,0.0885501378832731,0.1843628619252415,0.0305532637678899,0.0092007222476726,0.0
TCGA-E9-A2JT-01A-22R-A18M-07,0.6224372399213218,0.0512464076667481,0.0,0.0447478883065101,0.0116233433148341,0.0031917196569753,0.0190733527228882,0.0,0.2476800484107222
TCGA-A2-A0YL-01A-21R-A109-07,0.0239880364934442,0.4006368741571534,0.0067354823996311,0.130357785387866,0.0570546692312966,0.2395982631035375,0.0359403587349526,0.0,0.1056885304921183
TCGA-E9-A1NH-01A-11R-A14D-07,0.0045440257709447,0.5421082160033838,0.1517401732414569,0.0989379272722196,0.0801452982343267,0.0143923943170747,0.0691895234955068,0.0043824851385263,0.0345599565265604
TCGA-A8-A07C-01A-11R-A034-07,0.1011609941121354,0.1035283095904864,0.1867635043616303,0.1083238019440954,0.0771173782689116,0.2355117307997819,0.0296901924388538,0.0051487456040966,0.1527553428800083
TCGA-C8-A138-01A-11R-A115-07,0.0178078634182831,0.315652274414831,0.2059509482745997,0.0553925176504508,0.0773547205016342,0.0192691425616011,0.0883579330938164,0.0129358184486651,0.2072787816361183
TCGA-OL-A5D6-01A-21R-A27Q-07,0.0093392201555703,0.4026311724577693,0.1335805395702643,0.0874023134036377,0.0747624624623071,0.1981069235142684,0.0608684721872203,0.0040912493690287,0.0292176468799333
TCGA-E9-A1R4-01A-21R-A14D-07,0.0198716229550452,0.2201479048511074,0.1729506891983773,0.0859473672396184,0.2243545131092184,0.0119514397658238,0.052065021635543,0.0094641786523959,0.2032472625928703
TCGA-B6-A0RI-01A-11R-A056-07,0.0020058012574133,0.5871537039853889,0.1881386543041796,0.0406453664785802,0.1019722173641691,0.0505083110912382,0.0213107757712453,0.0,0.0082651697477848
TCGA-A2-A0SU-01A-11R-A084-07,0.0220484654906652,0.303698828838593,0.188512535469948,0.1388450378270756,0.0489428631274596,0.0798138021103374,0.0683474206327086,0.0,0.1497910465032123
TCGA-AO-A1KO-01A-31R-A13Q-07,0.008569590134474,0.1118979978099936,0.0,0.1018652106848919,0.0277740873755226,0.6954800332759659,0.0099962342765201,0.0061460753772662,0.0382707710653653
TCGA-D8-A27P-01A-11R-A16F-07,0.0061452858674196,0.3185066731210266,0.1670129229298954,0.0695214483677091,0.0690494028530781,0.2784370293760417,0.0710831970802038,0.0033236246368701,0.0169204157677552
TCGA-AO-A0JJ-01A-11R-A056-07,0.0528579294370514,0.3273960054138458,0.0711035032520805,0.1207734324628247,0.1137993542953952,0.0854390652875782,0.0201161953412897,0.0335044390688939,0.1750100754410402
TCGA-OL-A5D7-01A-11R-A27Q-07,0.0951491077762791,0.0995061121082031,0.2666274730437272,0.0167240322181111,0.1068149723434882,0.0901668021581979,0.004372528875419,0.0145928959907291,0.3060460754858449
TCGA-BH-A1FR-01A-11R-A13Q-07,0.0451308814538507,0.1032425762034498,0.2432326166704397,0.1138926064763057,0.1284291024324961,0.0205437449850204,0.2209115780037962,0.0279430899983979,0.0966738037762431
TCGA-A2-A3XT-01A-11R-A22U-07,0.0045014404906034,0.1812950031893317,0.3112607646826189,0.0333271126598939,0.2074917706886868,0.0780628987612501,0.0552166608428657,0.0011525953168089,0.1276917533679403
TCGA-EW-A1IZ-01A-11R-A13Q-07,0.1605374777994238,0.0617121682289362,0.1480774613590695,0.0631905981251712,0.0792137712195181,0.001053645991395,0.0219490545079264,0.0516691561344335,0.4125966666341261
TCGA-AO-A126-01A-11R-A10J-07,0.0,0.5141518831589577,0.2509548922544783,0.0632158834352081,0.055289683437226,0.0,0.0720100243254116,0.0,0.044377633388718
TCGA-A8-A08R-01A-11R-A034-07,0.0416268819850714,0.2732970836955689,0.0723642521906676,0.0453269962676998,0.1214672094590937,0.2177200240106221,0.0415349068218243,0.0491717569295524,0.1374908886398993
TCGA-BH-A0E6-01A-11R-A034-07,0.0884875197524961,0.2076686099724786,0.3381398660511209,0.0496253522027855,0.0440108748513927,0.0563383140585165,0.0794266374213499,0.0535948365055792,0.0827079891842803
TCGA-A7-A26J-01B-02R-A277-07,0.1331221000769034,0.2420854919009565,0.0,0.0690163787588511,0.0856375062908488,0.1606811086890674,0.0923196340859117,0.0192449556984101,0.1978928244990505
TCGA-A8-A06O-01A-11R-A00Z-07,0.0130133742419007,0.2677262489716689,0.4711602164667321,0.0527995757718661,0.0863969691723802,0.0,0.035420140051931,0.0096800034290708,0.06380347189445
TCGA-A7-A13G-01B-04R-A22O-07,0.1071578881471923,0.2719563922907806,0.0,0.1033713917517907,0.0989984232983889,0.2463374986913955,0.0697028790453855,0.0215712291194965,0.0809042976555696
TCGA-B6-A0I8-01A-11R-A034-07,0.0,0.3641836441276642,0.4311517635993805,0.1058119196886039,0.0400795125757086,0.0,0.0442744662395661,0.0144986937690766,0.0
TCGA-AC-A2BK-01A-11R-A21T-07,0.0262794245494476,0.200846431712028,0.3526273741750149,0.0637525049522644,0.029361546358741,0.2103631411996049,0.0463647776717952,0.0284852787178435,0.04191952066326
TCGA-C8-A12K-01A-21R-A115-07,0.0139976326897827,0.118474800118731,0.1154848428773673,0.0299563927192892,0.2102465462548172,0.1718049247206058,0.0319605542595073,0.0096876679563211,0.298386638403578
TCGA-BH-A1FN-01A-11R-A13Q-07,0.0210597577840699,0.3930463118966409,0.2886456928058091,0.0688186928011639,0.0863556024672092,0.0333451002214626,0.08366306280146,0.0088771419331267,0.0161886372890574
TCGA-A2-A04X-01A-21R-A034-07,0.2194389369068362,0.0889663382354168,0.3029148609144401,0.0594364504493834,0.0793923325278824,0.0,0.0372387508631205,0.0134728039429762,0.199139526159944
TCGA-A8-A08G-01A-11R-A00Z-07,0.0075100035937645,0.3446312895768642,0.3465946514547173,0.0625190057454082,0.128955605443959,0.0,0.0214567897796068,0.0222348580023837,0.0660977964032961
TCGA-A8-A06X-01A-21R-A00Z-07,0.0017520883873915,0.229700762463664,0.4833640816048666,0.0586847448061057,0.0868820509912401,0.0,0.0517219434278492,0.0061783609398223,0.0817159673790605
TCGA-AC-A3QP-01A-11R-A22U-07,0.0282422003175365,0.4011540239541268,0.2392139918428315,0.0829358913362952,0.1379673139737889,0.0416828053681459,0.0282106374078092,0.0036001658970056,0.0369929699024602
TCGA-D8-A1JP-01A-11R-A13Q-07,0.0002659860945557,0.4750740358881338,0.1438255720276567,0.06640373289768,0.1068406176172531,0.0239557926942391,0.0692303397932753,0.0,0.1144039229872059
TCGA-C8-A12T-01A-11R-A115-07,0.0,0.567083147435266,0.252719463081981,0.0250588474082698,0.0605125142143753,0.0,0.0642084437062381,0.0,0.0304175841538698
TCGA-AN-A0AS-01A-11R-A00Z-07,0.000903403314478,0.6237030327005317,0.1985379992812392,0.0423518127913546,0.0980322079245023,0.0,0.0229408915658059,0.0005572144830238,0.0129734379390641
TCGA-A2-A0YJ-01A-11R-A109-07,0.0,0.1811039895331502,0.1989580712927688,0.0430799228943119,0.0575298213546349,0.4776099085140833,0.0328999134098237,0.0054015849541635,0.0034167880470633
TCGA-D8-A27K-01A-11R-A16F-07,0.0750534022012993,0.3177251069851571,0.0950865572623574,0.1063383844872801,0.0873648459260491,0.140179226987658,0.0225869432541186,0.0184228141893708,0.1372427187067094
TCGA-B6-A40B-01A-11R-A239-07,0.0143476419618995,0.4748123883922419,0.3057773157504668,0.0469727209449682,0.0682845252045912,0.0382910451378442,0.0362851796360331,0.0016858987375383,0.0135432842344166
TCGA-A8-A08C-01A-11R-A00Z-07,0.0006100816030071,0.2508689816544783,0.4225692246436912,0.0901232993290338,0.0698465511190507,0.0977485475481219,0.0423170990937909,0.0003527634030092,0.0255634516058165
TCGA-E9-A1R2-01A-11R-A14D-07,0.0421958482400757,0.3099852784232216,0.28407249541093,0.1093509427001213,0.0586994325144403,0.0,0.0655849717723837,0.0,0.1301110309388272
TCGA-BH-A1EN-01A-11R-A13Q-07,0.0865472522254191,0.2229085440029177,0.4686924215411129,0.119608408417063,0.0638365944476681,0.0,0.0214189829303712,0.0169877964354479,0.0
TCGA-C8-A1HN-01A-11R-A137-07,0.0014300957091127,0.195635044367933,0.5400395478617266,0.0452841558226031,0.1071808453128772,0.0,0.0660541501285077,0.0,0.0443761607972394
TCGA-BH-A0C3-01A-21R-A12P-07,0.0308754875002934,0.3946402059299506,0.1146378311576311,0.1939073573073402,0.0666707073669705,0.0,0.0684312614534677,0.0,0.1308371492843463
TCGA-BH-A0BV-01A-11R-A00Z-07,0.0283265314294738,0.3706297684952988,0.2371874058840586,0.0730948138778514,0.1194694294193354,0.0,0.0566740698763955,0.0039312036873261,0.1106867773302603
TCGA-D8-A1X8-01A-11R-A14M-07,0.0085752534694408,0.2715983949240689,0.1571485240697795,0.1694464676084486,0.1464437463475154,0.0527745251871786,0.0787449230761944,0.0122905669790994,0.1029775983382742
TCGA-E9-A227-01A-11R-A157-07,0.0313651171758803,0.285046725056384,0.2234329232404145,0.1310629845655324,0.0890510321154308,0.0,0.0392238661201557,0.0084623121089734,0.1923550396172286
TCGA-5L-AAT0-01A-12R-A41B-07,0.0398752773524366,0.4688349565162773,0.1370996835922663,0.0632234285798649,0.0811416471109622,0.0432218058210359,0.0270748794949969,0.0005822571997488,0.1389460643324106
TCGA-AC-A8OR-01A-21R-A41B-07,0.002110066014014,0.0554391495119576,0.4213401653837962,0.0965548198349306,0.1475831130123404,0.0816827122934196,0.1093017355559025,0.043369972975712,0.0426182654179269
TCGA-A2-A0YK-01A-22R-A109-07,0.1814827691625549,0.171277122709855,0.0,0.1118602169509789,0.0499895654676643,0.1729999460446845,0.0661787494974363,0.0,0.2462116301668259
TCGA-C8-A130-01A-31R-A115-07,0.0031428482383847,0.2505099420355534,0.4118852084792215,0.0970028112918902,0.0375074507104081,0.0,0.1158791556989018,0.0,0.0840725835456399
TCGA-BH-A0E2-01A-11R-A056-07,0.0009448193183888,0.3901673862823906,0.2904305660688316,0.0563973350832526,0.0609459767410223,0.0164413226432637,0.0914533961351596,0.0051961271755343,0.0880230705521557
TCGA-EW-A1OZ-01A-11R-A144-07,0.0167399503300339,0.4321885910421522,0.3014526564066341,0.0500132830030448,0.1118452305843723,0.0,0.0374606276567669,0.0,0.0502996609769956
TCGA-A7-A13D-01A-13R-A12P-07,0.0366087719064878,0.4591320950192795,0.1963722542313801,0.0517909930975827,0.0541908705379015,0.1544912114824236,0.0474138037249445,0.0,0.0
TCGA-C8-A26V-01A-11R-A16F-07,0.0064367565081122,0.2914116247826475,0.3490391321208224,0.0982950153370471,0.1209775726213611,0.0626707789438033,0.0183452365440067,0.0108367627817618,0.0419871203604373
TCGA-BH-A18H-01A-11R-A12D-07,0.0680468193320566,0.1238489634509038,0.1856744952290853,0.11380635337159,0.0750847814713694,0.0012514962735629,0.0295773283681525,0.0405469786186651,0.3621627838846139
TCGA-OL-A66J-01A-11R-A29R-07,0.0134680610960172,0.3558872927930985,0.2029601640816937,0.169354814543871,0.0628400424147689,0.0098083571064524,0.1426843332174258,0.0,0.042996934746672
TCGA-AR-A1AP-01A-11R-A12P-07,0.0085156819063922,0.3365854444099843,0.2818444342947465,0.0808567647645293,0.1252241896743135,0.0582789794836147,0.0261735944600756,0.0,0.0825209110063435
TCGA-A2-A0ET-01A-31R-A034-07,0.021483594493287,0.0471525467258265,0.4544896932122432,0.0986232665560481,0.121926092663133,0.0,0.0378314866834875,0.0,0.2184933196659745
TCGA-AO-A0J7-01A-11R-A034-07,0.0028220397295589,0.2690667905446742,0.6023079497285562,0.0474625233010596,0.0343093286054038,0.0,0.0185068865382692,0.0048490663903926,0.0206754151620855
TCGA-LD-A9QF-01A-32R-A41B-07,0.0565862180894231,0.3257891533532123,0.0235005940968413,0.0813823564731653,0.1428246457844555,0.0404561684809497,0.0312502699989814,0.0101909125641904,0.2880196811587808
TCGA-AR-A1AQ-01A-11R-A12P-07,0.0532999221672504,0.1535306634730568,0.1201070305649431,0.0398619754685706,0.1391789243980562,0.1090848733024358,0.0283329517278777,0.1059538808573011,0.2506497780405082
TCGA-B6-A0RG-01A-11R-A056-07,0.0075496427826818,0.3468616041561851,0.477791565609043,0.1186593002940228,0.0328967311228634,0.0,0.0162411560352036,0.0,0.0
TCGA-A2-A0EX-01A-21R-A034-07,0.0555464000594158,0.4607248904951173,0.1749403121506504,0.0813771131411434,0.0462664661568195,0.0488117473654086,0.0688233668283469,0.0,0.0635097038030979
TCGA-PL-A8LY-01A-11R-A41B-07,0.0044231406874752,0.0603302418963771,0.0441046609642629,0.0835043472138914,0.0464831070430672,0.5967547142933145,0.1017923169335425,0.0058937530355653,0.0567137179325036
TCGA-A2-A0ES-01A-11R-A115-07,0.012636353178417,0.2574847525153501,0.0,0.1518114887493075,0.0713325793068581,0.37147429984604,0.0616212262875923,0.0,0.0736393001164349
TCGA-C8-A1HF-01A-11R-A137-07,0.0,0.3448338823227565,0.2135653152813242,0.0396949853844969,0.1160789413426896,0.0,0.0360623380151039,0.0265608850329868,0.2232036526206419
TCGA-E9-A5UP-01A-11R-A28M-07,0.0373738601391162,0.0283171259359778,0.664001835791101,0.129985951428912,0.0805025625311511,0.0,0.0171063175723237,0.041807353865111,0.000904992736307
TCGA-AN-A0XV-01A-11R-A109-07,0.0351280686285875,0.3863777115690773,0.1401706985667727,0.1722453155851458,0.0402667783899911,0.0558783984570059,0.0420417319801711,0.0180163453252222,0.1098749514980261
TCGA-BH-A0HN-01A-11R-A10U-07,0.0105951356307577,0.0864482999818289,0.7376235825232597,0.0345239644452685,0.0811351908189348,0.0,0.0496738265999504,0.0,0.0
TCGA-A2-A0YF-01A-21R-A109-07,0.0220142143363379,0.115116154947075,0.2283185759334577,0.1791223216211447,0.2028111168076409,0.1286730104115919,0.0798056310362986,0.0140145571067472,0.030124417799706
TCGA-BH-A0H6-01A-21R-A056-07,0.0006302136516259,0.5686326925127834,0.2489696141304402,0.0620815152103456,0.0443951168038734,0.0372427779113529,0.0380480697795785,0.0,0.0
TCGA-A2-A3XU-01A-12R-A22U-07,0.0,0.0999901204669294,0.5089646381022015,0.0138568492891595,0.0171954600230986,0.3397790181675685,0.016487223892929,0.0037266900581133,0.0
TCGA-A2-A0CV-01A-31R-A115-07,0.0313292492117019,0.3243757689174209,0.1237779530414474,0.1199995857514677,0.0810222178591911,0.1851422940006341,0.0358571764644858,0.0048687766710111,0.0936269780826397
TCGA-A8-A0AD-01A-11R-A056-07,0.0069647937215114,0.4901938411615787,0.1695864082068899,0.0931411962795247,0.1806229439023064,0.0483247327270171,0.0029568832929696,0.0,0.0082092007082019
TCGA-AO-A0J4-01A-11R-A034-07,0.1327145987578319,0.2930558858144702,0.0070041795215729,0.0634936758901136,0.0529594272835865,0.2376490845429989,0.0329128297802957,0.0117187374634456,0.1684915809456843
TCGA-D8-A27M-01A-11R-A16F-07,0.2339835081852599,0.2284413805761825,0.0,0.0394694020326205,0.1132028729007399,0.2334083087401222,0.0071522168834281,0.0232197541556188,0.1211225565260276
TCGA-A2-A04T-01A-21R-A034-07,0.008048687970772,0.2222746949094021,0.1391628442312856,0.031521224605774,0.0796405610043064,0.2987325744071067,0.015375757898042,0.0196718001253264,0.1855718548479846
TCGA-E9-A1NA-01A-11R-A144-07,0.0024512410065064,0.4681096813894262,0.2741308502295201,0.022841166474199,0.1147444310994487,0.0,0.0877109699547092,0.0,0.0300116598461902
TCGA-EW-A2FR-01A-11R-A21T-07,0.0038417111986153,0.7730051785112458,0.024944113036344,0.0464051203543866,0.0512473192375378,0.0394393648775447,0.0229895251054427,0.0037340311270373,0.0343936365518454
TCGA-LL-A5YO-01A-21R-A28M-07,0.2085412673867138,0.1235871298143958,0.1231053291356256,0.0226487074376845,0.0957541996143993,0.0012616894063365,0.0117700292601693,0.0359251781393253,0.3774064698053495
TCGA-E9-A22B-01A-11R-A157-07,0.0013413457036243,0.3068933132180201,0.3629083323593033,0.1227604939516114,0.0679599242451883,0.0,0.1027651786582148,0.0,0.0353714118640374
TCGA-E2-A1IL-01A-11R-A14D-07,0.0107457195942144,0.4558777762323918,0.1942361022863399,0.1243623460178522,0.0576596714395293,0.0668601447037306,0.0659883563206868,0.0027992049678424,0.021470678437412
TCGA-A8-A07B-01A-11R-A00Z-07,0.0007185357656549,0.3731773329453691,0.3908041759547433,0.0662187025202529,0.0804047164375908,0.00808401584768,0.0335323628879938,0.0,0.0470601576407148
TCGA-A7-A26I-01A-11R-A169-07,0.0203574250769204,0.3401095620798319,0.0590676701298902,0.0637585248737762,0.1006111114845672,0.3065983559782064,0.0719573870770999,0.0009200115321804,0.0366199517675272
TCGA-BH-A0B1-01A-12R-A056-07,0.0163805398108718,0.364212488048093,0.3128108283515573,0.1512820958121665,0.0352566601368458,0.0231419658279202,0.0588429516540711,0.0045755782617558,0.0334968920967182
TCGA-EW-A423-01A-11R-A24H-07,0.0,0.1289304881471428,0.5666453513188155,0.0552045379764055,0.1113135845796482,0.0,0.0510798880925655,0.0,0.0868261498854222
TCGA-A1-A0SD-01A-11R-A115-07,0.0291481321613325,0.325826624835168,0.1492111799703617,0.1537060482136941,0.0611881744744423,0.1258233917971404,0.0938593838493964,0.0012176981317744,0.0600193665666899
TCGA-D8-A1XD-01A-11R-A14D-07,0.0,0.5278895345794787,0.2216867409323649,0.0374504900472588,0.0283111796701915,0.0297029442866709,0.0669066476646065,0.0014656471644168,0.0865868156550116
TCGA-E2-A1IK-01A-11R-A144-07,0.0377463812391608,0.0762599007488356,0.331446854206025,0.0997843650880969,0.1077971332714778,0.0291163208428033,0.0366283457897388,0.0760607556448021,0.2051599431690594
TCGA-AN-A0FN-01A-11R-A034-07,0.0864144820244895,0.5153452410452157,0.0,0.116376173827021,0.0561859639810292,0.0,0.0426630195179469,0.0,0.1830151196042973
TCGA-E2-A15D-01A-11R-A115-07,0.0357970428429361,0.3131794325379092,0.2489425018364785,0.1882389967553339,0.0461810414757554,0.0188833381524545,0.0604000627377252,0.0,0.0883775836614069
TCGA-BH-A0AW-01A-11R-A056-07,0.02917054923373,0.1828737298806652,0.2442557859640581,0.0800387860036835,0.1012921370427085,0.0,0.026251427595759,0.0061470048054011,0.3299705794739944
TCGA-AR-A0U3-01A-11R-A109-07,0.0160428477954896,0.1431828318776284,0.4989700230787727,0.0903865411718345,0.1057401422695503,0.0,0.0438886945094579,0.0031064302994117,0.0986824889978546
TCGA-D8-A1X7-01A-11R-A14M-07,0.0576167847639542,0.2310841414096084,0.2535573016600875,0.1279194604122026,0.0880875492320215,0.0541532010000919,0.0981997151173865,0.0637794283145702,0.0256024180900769
TCGA-E2-A14X-01A-11R-A115-07,0.127278050540446,0.12536950845462,0.0368395223175753,0.0512346110200466,0.0442050492779666,0.3594506475789529,0.0240160900963237,0.0676057739416938,0.1640007467723748
TCGA-LL-A9Q3-01A-11R-A41B-07,4.024432706039144e-05,0.2129104197923675,0.6009980384139393,0.0325106502047128,0.054468607171047,0.0,0.0310665600496446,0.0207193696876559,0.047286110353572
TCGA-GM-A2DB-01A-31R-A18M-07,0.2013223112550711,0.1099216848065338,0.5123825915286929,0.0235920753787217,0.0367678075509961,0.0,0.029294190393403,0.0,0.0867193390865811
TCGA-AR-A0U4-01A-11R-A109-07,0.0,0.1674804576462917,0.1123827928332365,0.0343361142119554,0.36788305680852,0.1329625283106271,0.0429812873030816,0.0024426590788141,0.1395311038074734
TCGA-D8-A1XA-01A-11R-A14D-07,0.052397855998654,0.3287752358235515,0.3567924974950454,0.1062327636978229,0.0946435642219466,0.0202068126537469,0.0096951955879978,0.0116265680463215,0.0196295064749132
TCGA-E2-A1B5-01A-21R-A12P-07,0.1892614433826168,0.0851797170591435,0.0730812809343852,0.0985423564275819,0.0399207946142115,0.0072436512464409,0.031696260714959,0.0131412992977914,0.4619331963228694
TCGA-A8-A06U-01A-11R-A00Z-07,0.0139008741696408,0.1592779951267944,0.5119870113573167,0.0455907218408239,0.0965596219527926,0.0,0.025725430009034,0.0151365035685949,0.1318218419750023
TCGA-A8-A07R-01A-21R-A034-07,0.0021879450011492,0.1695478282556054,0.2837367685250536,0.0315178843158576,0.043058393159825,0.3916390796835315,0.03680282991565,0.0369715993447742,0.0045376717985531
TCGA-A2-A0ER-01A-21R-A034-07,0.0068977464093469,0.1623692307682006,0.3317836187545534,0.1539054794147089,0.0786426041384548,0.0,0.05077911887335,0.0142824748169567,0.2013397268244286
TCGA-E2-A1LE-01A-12R-A19W-07,0.004165304439155,0.3932045559545853,0.1967142994131866,0.1022175223855137,0.0621970025322455,0.0,0.0741384400993696,0.0,0.167362875175944
TCGA-A1-A0SM-01A-11R-A084-07,0.0163152775356966,0.5655680066898906,0.2045172618320963,0.0591232143944957,0.1017920902514478,0.0109777180685909,0.0369886058026537,0.0034124232607672,0.001305402164361
TCGA-A2-A1G1-01A-21R-A13Q-07,0.0363529563295,0.2286499175971899,0.0726793260471376,0.0461968196836732,0.1660238177497975,0.2209925789738678,0.0541760077986438,0.0169412113808733,0.1579873644393166
TCGA-AQ-A04H-01B-11R-A10J-07,0.0503589582678813,0.1539077444940766,0.3482251031910486,0.1789662813039148,0.0590270456577144,0.0,0.1627281518393189,0.0,0.0467867152460451
TCGA-E9-A6HE-01A-11R-A31O-07,0.0,0.3788156656431221,0.4392014799846122,0.0383423887477505,0.0658544693504132,0.0,0.0487033639993886,0.0,0.0290826322747135
TCGA-AN-A0FZ-01A-11R-A034-07,0.0519551893992768,0.3594502772712901,0.3627069946670588,0.1187368172290312,0.040013582896688,0.0,0.0568970828619602,0.0102400556746946,0.0
TCGA-PE-A5DE-01A-11R-A27Q-07,0.0880810583592811,0.1217942995924571,0.1075145676443267,0.0926915559011867,0.1004670313729757,0.0148646544517006,0.0239915917956165,0.0177970171927246,0.4327982236897306
TCGA-EW-A1J6-01A-11R-A13Q-07,0.0349510158996867,0.044863921206997,0.5914087394813758,0.0790925259716821,0.0825605608075726,0.0,0.0360201488141732,0.0066808418036336,0.1244222460148786
TCGA-A7-A13D-01B-04R-A277-07,0.1409108872567804,0.2853919817394089,0.0,0.0405007902803765,0.0297517090329618,0.3848441078424672,0.0503033188314138,0.0232601163445456,0.0450370886720457
TCGA-AC-A6NO-01A-12R-A33J-07,0.0194002390828986,0.2792006460862246,0.4172575681987004,0.083611454052253,0.0385494186406396,0.0446468682551073,0.0714863166642571,0.006193691346357,0.039653797673562
TCGA-A7-A2KD-01A-31R-A21T-07,0.0204472876952371,0.3906643924080732,0.1816376041361639,0.0973555883370558,0.1037819818154936,0.0092909012945586,0.0520874522962974,0.0057732226069372,0.138961569410183
TCGA-A8-A08L-01A-11R-A00Z-07,0.0285772439445965,0.1664666879098927,0.3813724011008136,0.0628480980360556,0.0814903553704066,0.0,0.0683087021896305,0.0012023797950856,0.2097341316535186
TCGA-A7-A6VW-01A-21R-A33J-07,0.0092930004745,0.2440649030024279,0.4704264865622031,0.0190632149572857,0.0976511002971212,0.1161178023803118,0.0174664335615977,0.0043565805124493,0.021560478252103
TCGA-EW-A6SC-01A-12R-A32P-07,0.0250383975093844,0.5231753212992438,0.1249306499978976,0.0776790324615185,0.0986097162751201,0.0541969582329336,0.0490122944555816,0.0049770487032901,0.04238058106503
TCGA-D8-A1XK-01A-21R-A14M-07,0.0,0.1868297216243537,0.2123833874190862,0.0244440312107744,0.1443930636192674,0.2789054008991345,0.0167484358514502,0.0295356103326864,0.1067603490432468
TCGA-BH-A0AY-01A-21R-A00Z-07,0.0023521114190631,0.4259543452775107,0.238486067357681,0.1137196030444006,0.081528465325,0.0,0.0540157187121053,0.0,0.083943688864239
TCGA-C8-A12U-01A-11R-A115-07,0.0205912859293882,0.0382631590554149,0.5719982361403306,0.0387992313816384,0.0712727982989921,0.0,0.032246490043552,0.0173568745818416,0.2094719245688417
TCGA-AR-A0U2-01A-11R-A109-07,0.0142615726936684,0.1509653220265168,0.3351809380433074,0.1064472222697001,0.1069953156942608,0.0,0.0541661021999192,0.01723113056659,0.214752396506037
TCGA-D8-A1JA-01A-11R-A13Q-07,0.0027260941792485,0.323328588117562,0.0438830128326712,0.0876950672992629,0.1029506875713221,0.3969141941277917,0.0,0.0264128736403695,0.0160894822317717
TCGA-A7-A0CH-01A-21R-A00Z-07,0.0,0.4218331550286427,0.311477787684715,0.0607488193969292,0.078152801867004,0.0951516294992702,0.010127850060196,0.0,0.0225079564632426
TCGA-A8-A0A7-01A-11R-A00Z-07,0.1258356198413247,0.2159683084134193,0.0536051765887211,0.0311742464579741,0.1240297662259286,0.0,0.0123161077885754,0.0642238594364534,0.3728469152476031
TCGA-AR-A250-01A-31R-A169-07,0.0062552960880422,0.4966582071238291,0.1041177483251211,0.0653799514125585,0.1145795635733125,0.0763259592776432,0.0465044902097675,0.0039050274941031,0.0862737564956226
TCGA-B6-A408-01A-12R-A24H-07,0.0301146635283773,0.3050857620155115,0.2220994982032205,0.0558946938922066,0.1137127992264844,0.0,0.0560848857377036,0.0650740975164098,0.151933599880086
TCGA-E2-A15P-01A-11R-A115-07,0.0241719657733656,0.3488501417111092,0.1821461604899108,0.153247588479718,0.0493513498643688,0.1316337514470639,0.0419256754754243,0.0203208419468147,0.0483525248122242
TCGA-AR-A5QM-01A-11R-A27Q-07,0.0302261126287244,0.3596540951747328,0.1700379244989578,0.1091291241596227,0.0958733422985374,0.0683975908754311,0.0708674053482853,0.0297245241053454,0.0660898809103628
TCGA-A8-A07Z-01A-11R-A00Z-07,0.0254001690467434,0.1633194706260868,0.5037209788420705,0.1034512834081592,0.0904959971384892,0.0,0.0423740789035451,0.0041520257329709,0.0670859963019346
TCGA-BH-A0W7-01A-11R-A115-07,0.0739161964901452,0.3778098392920455,0.1370305599943831,0.0441137226081777,0.1028292566714976,0.0129083934116138,0.0174567899416569,0.0082902250259971,0.2256450165644824
TCGA-A7-A4SA-01A-11R-A266-07,0.0387107550268357,0.3070250774292397,0.1490846679757648,0.0767673670530919,0.0787048154903692,0.0439578010094001,0.0417688796456182,0.0,0.26398063636968
TCGA-AO-A0J9-01A-11R-A034-07,0.0038393671219496,0.2883374506829248,0.1682653316989165,0.1083387644659912,0.1284656128786216,0.0,0.1913046048587415,0.0,0.1114488682928545
TCGA-E9-A244-01A-11R-A169-07,0.0293316020243597,0.16334677359844,0.0630202598258293,0.022091076022316,0.0469601000857387,0.587598700926717,0.043705335396836,0.0,0.043946152119763
TCGA-A2-A4S0-01A-21R-A266-07,0.0036297441061521,0.1244582135852939,0.2740865026156156,0.1429512280903949,0.0875746558071146,0.1011839859131085,0.0881446499522214,0.0891768278146244,0.0887941921154744
TCGA-EW-A424-01A-11R-A24H-07,0.0,0.5137154386457976,0.3100442326885269,0.0622234437971843,0.0278151443109858,0.0346363584564712,0.0422644914071039,0.00930089069393,0.0
TCGA-OL-A66O-01A-11R-A31O-07,0.012492357279992,0.2963377388786466,0.6008815021538327,0.043897818990377,0.0136526759176066,0.0,0.0140333585043691,0.0152750378409127,0.0034295104342628
TCGA-OL-A5RW-01A-11R-A28M-07,0.0086588878712167,0.24221997194266,0.2714528970159817,0.0,0.079784680289743,0.360014044690758,0.0053768954847462,0.004758475993148,0.0277341467117461
TCGA-A2-A0SV-01A-11R-A084-07,0.0032026991485318,0.4172268040588399,0.29794883931146,0.0491733501237403,0.1363236168961064,0.0,0.0448142659051789,0.0,0.0513104245561423
TCGA-E9-A1NF-01A-11R-A14D-07,0.0006293944610145,0.739871829410301,0.0902345098947938,0.0584477002718817,0.0529430501216592,0.0,0.0333749495594737,0.0016737020561839,0.0228248642246917
TCGA-E2-A105-01A-11R-A10J-07,0.0032542571186168,0.2288858299957617,0.5209377924453725,0.0702820251431111,0.0601651440454324,0.0,0.0879856453424597,0.0105155599564264,0.0179737459528192
TCGA-D8-A1JU-01A-11R-A13Q-07,0.0041307688729478,0.6254184732142364,0.0109935351756153,0.143093003648566,0.0867837205707272,0.0368066544689182,0.0272373622458353,0.0,0.0655364818031537
TCGA-A7-A425-01A-11R-A24H-07,0.0143233724863447,0.3363599786238039,0.2685343898198627,0.1109616231483596,0.1001418298594869,0.0769131776017301,0.0616481857589954,0.0043550525898006,0.0267623901116159
TCGA-GM-A2DD-01A-11R-A180-07,0.0327626239728858,0.2873583524488806,0.1296746700018896,0.0506272506428009,0.0961384986020956,0.1383461149959783,0.0134535882145661,0.0,0.251638901120903
TCGA-BH-A0BD-01A-11R-A034-07,0.030636614698295,0.3520556592467749,0.223585793156933,0.1002605068299073,0.1002970203312491,0.0229583408241147,0.0370488419526903,0.0003219770426043,0.1328352459174309
TCGA-BH-A0BQ-01A-21R-A115-07,0.0118532414422246,0.4865735073783502,0.124367399321737,0.0903349512746314,0.0593047841570642,0.1041865328875453,0.0246581463500594,0.0019553461748215,0.0967660910135661
TCGA-E9-A228-01A-31R-A157-07,0.0061762908402073,0.1762474244567062,0.4319170892657029,0.1117568953561325,0.1504351504693535,0.0,0.1119787625166303,0.0017740998475661,0.0097142872477009
TCGA-D8-A27W-01A-11R-A16F-07,0.0373990432389158,0.2217501376374975,0.3361259972776053,0.0694913677325305,0.0996773792552735,0.0,0.079861354651598,0.0683431192062219,0.0873516010003571
TCGA-E2-A1IG-01A-11R-A144-07,0.0004575434194595,0.5301702159958074,0.1498956226984576,0.0771077889639732,0.0614870848364792,0.0746022600405584,0.0913777814448401,0.0020433637540463,0.0128583388463782
TCGA-D8-A1JI-01A-11R-A13Q-07,0.029144552921072,0.0398979991402852,0.4551353895335531,0.3141770584669946,0.0824717307990876,0.0,0.0674684988604453,0.0008083055275631,0.0108964647509989
TCGA-AN-A0FT-01A-11R-A034-07,0.0,0.2773417670295122,0.4718126104204319,0.0942908683010707,0.0666623027583165,0.0,0.0672329282751416,0.0,0.0226595232155269
TCGA-A2-A3KD-01A-12R-A213-07,0.0056092159167061,0.2212164963426842,0.2577052961830207,0.1246325665580567,0.0979734103584614,0.0904003286561474,0.0469924245635902,0.0400323753762616,0.1154378860450714
TCGA-C8-A3M8-01A-11R-A213-07,0.0083958240194269,0.2984051875961688,0.3359687303129436,0.1644575730912779,0.0351076171609782,0.0,0.1464391264415281,0.0,0.0112259413776761
TCGA-A2-A0EO-01A-11R-A034-07,0.0167481326997279,0.4524691283117376,0.0582334160719711,0.0950246745260809,0.0755681753052915,0.1914813781591846,0.051484133069761,0.0,0.0589909618562453
TCGA-BH-A0B4-01A-11R-A00Z-07,0.0105579555279662,0.4157990040436261,0.2443246649742626,0.1031558988873864,0.059480460458184,0.0054703353351586,0.0853970041266852,0.0,0.0758146766467306
TCGA-E2-A14S-01A-11R-A12D-07,1.7385199739628358e-05,0.0858047857393044,0.2959593627901493,0.0991472627032854,0.1180586668032078,0.0,0.0638717555903371,0.0,0.3371407811739761
TCGA-E9-A1NG-01A-21R-A14M-07,0.0,0.6116582241819395,0.0,0.0903154016750297,0.160896461559995,0.0879095322059174,0.0294142872895384,0.0,0.0198060930875798
TCGA-AC-A3TM-01A-11R-A22K-07,0.0044500254023815,0.3042459012639071,0.4851054253506314,0.0342514818691935,0.0579656012870974,0.0021598092795069,0.0227316681256413,0.0,0.0890900874216405
TCGA-AN-A04C-01A-21R-A034-07,0.0099045680681267,0.0955734357257908,0.6377569332973962,0.0786440194823276,0.0495753595369292,0.0,0.0497638821168902,0.0018042109603031,0.0769775908122357
TCGA-BH-A0E1-01A-11R-A056-07,0.0017030234173889,0.2830625268999115,0.3446442309475944,0.1605993584159097,0.05438570197342,0.0789487877934315,0.0596039444318802,0.0170524261204636,0.0
TCGA-C8-A12W-01A-11R-A115-07,0.0096517688470712,0.5420436773386719,0.1508604269286394,0.0454186834295278,0.1113932268349424,0.0,0.0541002790757886,0.0508468300746487,0.0356851074707097
TCGA-A8-A09K-01A-11R-A00Z-07,0.0414014426565477,0.0860242116100998,0.4245288228213668,0.0426706799373053,0.0891102090452106,0.0,0.0136947195398045,0.0281781099921662,0.2743918043974988
TCGA-E9-A1N4-01A-11R-A14M-07,0.0470359368043896,0.3628879209884232,0.015900016133945,0.1067009822088259,0.2946878817315411,0.0546502147429108,0.0173783350851793,0.0,0.1007587123047846
TCGA-BH-A18V-01A-11R-A12D-07,0.0103274756500919,0.2115983049496206,0.0177450290974666,0.0301811257267692,0.1673794327445103,0.373603996432394,0.0783238907460714,0.0067893902134347,0.1040513544396412
TCGA-E2-A9RU-01A-11R-A41B-07,0.0021974174993012,0.3063729517578806,0.5717802511582214,0.0159827019367232,0.0566884367321084,0.0,0.0372627689537318,0.0,0.0097154719620333
TCGA-A2-A0D4-01A-11R-A00Z-07,0.0070185834371379,0.1306828364858433,0.5519564535050896,0.1277853078708526,0.0331733986386157,0.0,0.148144499947925,0.0001973103190287,0.0010416097955067
TCGA-D8-A1XR-01A-11R-A14M-07,0.093296877994006,0.2658343197000811,0.3720043704329849,0.078508230696615,0.0875166488087768,0.0433788428092193,0.0519236278453322,0.0,0.0075370817129843
TCGA-E2-A14N-01A-31R-A137-07,0.0325633574860863,0.0397903601890005,0.2684454246361232,0.0464776148404142,0.0574191841967203,0.3905754331419485,0.0026579252466639,0.0,0.1620707002630428
TCGA-PE-A5DC-01A-12R-A27Q-07,0.0306501175100535,0.1879277381967637,0.4319362730204056,0.1471273438332422,0.0287767317078187,0.0,0.1190348729427433,0.0034730452282164,0.0510738775607564
TCGA-AR-A2LL-01A-11R-A180-07,0.0294536554512619,0.2572609063106916,0.4284062971696057,0.0500284230446633,0.1660187426578292,0.0,0.0264732419486137,0.0038330581859881,0.0385256752313465
TCGA-BH-A0E9-01B-11R-A115-07,0.0458708583094658,0.2168606131082041,0.0263855202416956,0.1774699413518015,0.0500210238127546,0.3070308186940256,0.0706675736760623,0.0001923165297045,0.1055013342762857
TCGA-A2-A0CY-01A-12R-A034-07,0.0,0.1021928325386881,0.690555172313266,0.029889503801949,0.014090884761114,0.0,0.1334270318213192,0.0159392544923111,0.0139053202713523
TCGA-BH-A0AV-01A-31R-A115-07,0.0057496389592764,0.5074607758961127,0.0,0.1535446799183634,0.057323714764764,0.1883304908502867,0.0537405285311208,0.0006422274071778,0.0332079436728978
TCGA-BH-A0GY-01A-11R-A056-07,0.0585174721637983,0.3180605660841568,0.2819170095367705,0.0605535126533742,0.0935235657403923,0.0761331382230251,0.0349578293269883,0.0,0.076336906271494
TCGA-BH-A0HY-01A-11R-A056-07,0.0,0.3574760245888597,0.4503099253782792,0.0861929999001425,0.0236626031731361,0.0,0.0759788661203641,0.0,0.0063795808392182
TCGA-A8-A08I-01A-11R-A00Z-07,0.0228732720647849,0.066219077398455,0.0917791954602454,0.0492062719804232,0.2873973245678682,0.0114473545807957,0.0421720118511872,0.0587665998806158,0.3701388922156243
TCGA-A2-A25C-01A-11R-A169-07,0.0934351115886056,0.3660096850964822,0.1755638046711736,0.1189818844307497,0.0614776724383573,0.0509421760477233,0.0309968009227588,0.0116334577712688,0.0909594070328803
TCGA-OL-A5RZ-01A-11R-A28M-07,0.0030856662588506,0.1096136613037401,0.7232865482825288,0.0475341752215722,0.0391332547564461,0.0,0.0577504280835201,0.0006839201903089,0.0189123459030326
TCGA-A8-A0A9-01A-11R-A00Z-07,0.0073774132375538,0.4039231453071037,0.3591236014754866,0.045920885703966,0.0932802592804231,0.0,0.0210761842714514,0.0007224898176472,0.0685760209063677
TCGA-A7-A6VX-01A-12R-A33J-07,0.0208959770564929,0.4564298973220214,0.3010358764186441,0.061383954765581,0.0543069858923981,0.0,0.0354587204588846,0.0308698733675808,0.0396187147183968
TCGA-E2-A106-01A-11R-A10J-07,0.0065388248321905,0.1846470839828443,0.5820346254433005,0.106388222121729,0.0158177325630369,0.0114749448751617,0.0561927152795837,0.0369058509021529,0.0
TCGA-AC-A6IV-01A-12R-A33J-07,0.0208258917320532,0.4161347586829354,0.0249338904082792,0.1554826063991704,0.1324902640871651,0.0365041773101511,0.0608250502361037,0.0,0.1528033611441416
TCGA-AN-A03X-01A-21R-A00Z-07,0.0,0.697278959728732,0.197047398139975,0.0377223797062367,0.0524330098012738,0.0,0.0129504185422309,0.0,0.0025678340815514
TCGA-EW-A1PB-01A-11R-A144-07,0.0,0.1352623639883992,0.0178010133174715,0.0107887102613876,0.2325477907780553,0.331713582756105,0.0137681996964389,0.0,0.2581183392021424
TCGA-BH-A6R8-01A-21R-A33J-07,0.0009145525598221,0.1639721596573494,0.5429404668811593,0.0730217905343252,0.0872593221967322,0.0,0.0187667110409148,0.0346443634033927,0.078480633726304
TCGA-A7-A13D-01A-13R-A277-07,0.0473206411001198,0.4322810754255533,0.0797326177861032,0.0740752665863554,0.0587119322692689,0.2539032118967339,0.049344951005743,0.0046303039301223,0.0
TCGA-PL-A8LZ-01A-31R-A36F-07,0.0164065651787515,0.1884078751059952,0.0540858920823712,0.1624193602070366,0.1127238054586628,0.1018215773081417,0.0945543813414997,0.0191227851440996,0.2504577581734413
TCGA-D8-A1XM-01A-21R-A14M-07,0.044514366328699,0.4226763957694213,0.0710917889848807,0.0951422383608083,0.1418927936150775,0.0370725311828375,0.0431200813310509,0.0,0.1444898044272245
TCGA-BH-A1ET-01A-11R-A137-07,0.0363470569462776,0.3151041662930547,0.1841547252857195,0.1830012941397626,0.105667604539138,0.0476767330718886,0.0246029859456099,0.0315130212315824,0.0719324125469663
TCGA-B6-A3ZX-01A-11R-A239-07,0.3706115475372936,0.0726433246056892,0.0,0.0313991897738135,0.0204953866187998,0.1292504688717326,0.0221732854929139,0.0174948070187937,0.3359319900809632
TCGA-W8-A86G-01A-21R-A36F-07,0.0109538743189667,0.3155638997630847,0.152522291915241,0.0735729860771762,0.0234582666351232,0.3515967772270904,0.061655617613778,0.0007491351078028,0.0099271513417369
TCGA-AO-A03N-01B-11R-A10J-07,0.0051600631526177,0.3369953564101088,0.4816469448234546,0.0517806235569737,0.027168269926073,0.0,0.0960271744583097,0.0,0.0012215676724619
TCGA-D8-A73U-01A-11R-A33J-07,0.0750283613967513,0.2732701627694135,0.0023846704910957,0.0604851394656352,0.1605065468759934,0.0161153125436621,0.0056522742321969,0.0531238413548233,0.3534336908704282
TCGA-E9-A1RB-01A-11R-A157-07,0.020696321200437,0.2757059967468945,0.4723284165272397,0.0617621401624535,0.0952397456998115,0.0211412487831828,0.0350411145741407,0.0,0.0180850163058398
TCGA-AR-A0TS-01A-11R-A115-07,0.3223506307719972,0.1359957249271185,0.0,0.0478387887390641,0.0557768081718322,0.1589688507870207,0.0469232631339434,0.0060558055181633,0.2260901279508604
TCGA-A7-A13E-01A-11R-A277-07,0.0234159275922374,0.2470220216308776,0.1108739506943796,0.0259572211426312,0.0675628426522809,0.4646815000235518,0.0372478778469411,0.0052194765015985,0.0180191819155014
TCGA-AO-A12A-01A-21R-A115-07,0.0517452788633051,0.2819239567704044,0.0935083440905026,0.1128805413647252,0.0624889293864675,0.2347694237787105,0.0658086242183761,0.0,0.0968749015275082
TCGA-AN-A0XS-01A-22R-A109-07,0.045669409675009,0.4474225695535548,0.1204851089582211,0.0863047740833315,0.0718282412771199,0.0049848853134622,0.0469317018579559,0.042737964985493,0.1336353442958522
TCGA-AN-A0G0-01A-11R-A034-07,0.0,0.1583043679391172,0.2407248882169705,0.1380310864235264,0.0623246411231083,0.3033783112923498,0.0105885574649651,0.0420986427032357,0.0445495048367265
TCGA-E2-A10C-01A-21R-A10J-07,0.0272932580231477,0.1413922810897487,0.4994987486255463,0.0455264093105143,0.0757937281250591,0.0,0.016068325240097,0.0017046402427559,0.1927226093431306
TCGA-BH-A0H0-01A-11R-A056-07,0.0194800394083316,0.0590460099341441,0.5365088450138994,0.1447367891602523,0.0621373935406315,0.0085279648720669,0.0982053652122949,0.0036527672344052,0.0677048256239738
TCGA-AQ-A04J-01A-02R-A034-07,0.2395508490855976,0.1262606838959432,0.0,0.1161855993336036,0.0447104210592812,0.2046434067858379,0.1015067941187527,0.0,0.1671422457209835
TCGA-AN-A0AK-01A-21R-A00Z-07,0.0014428105772639,0.1178376621220987,0.6224040419356626,0.0336366508288902,0.0988184540104445,0.0,0.0578911937449426,0.0062110570911977,0.0617581296894996
TCGA-AR-A2LN-01A-21R-A18M-07,0.0394113459959551,0.4557990779190459,0.0,0.1658547844734521,0.0597463390884356,0.1775614056114019,0.0336214456781437,0.0084080040420704,0.0595975971914949
TCGA-A8-A081-01A-11R-A00Z-07,0.0410859451180511,0.073460485782205,0.3340166960069927,0.0748168980838757,0.1266202032979077,0.0,0.0262982532748901,0.0601101326679066,0.2635913857681708
TCGA-A2-A04Y-01A-21R-A034-07,0.0420706336203332,0.1507427647273433,0.3496595288035269,0.0826194119120703,0.1314835087224026,0.0403931833025879,0.0323419325791192,0.0116305213721656,0.1590585149604506
TCGA-BH-A0B5-01A-11R-A12P-07,0.0192461942633566,0.4485990472890525,0.1459964805890957,0.0802177327680366,0.0991663539407761,0.0679959573368346,0.0223966156388048,0.0,0.1163816181740428
TCGA-A2-A0CZ-01A-11R-A034-07,0.0178181111287815,0.590671368546773,0.0352120762559636,0.0769943266496392,0.051816003348676,0.1035391365823143,0.0212701983992692,0.005762625803364,0.096916153285219
TCGA-B6-A0WX-01A-11R-A109-07,0.0772830883525402,0.4630271094641344,0.1030068710626774,0.0245542282898991,0.0381086271183862,0.1412071553821748,0.0381137370615604,0.0002271806226179,0.114472002646009
TCGA-D8-A3Z6-01A-11R-A239-07,0.0044401951384498,0.3845730264369321,0.3218414429220829,0.096299703639933,0.0510861355896897,0.0143678584148675,0.0851210173010088,0.0349550720628509,0.0073155484941851
TCGA-A8-A07S-01A-11R-A034-07,0.0599200369466115,0.2621413431038813,0.3966238402637478,0.0904328356665672,0.0843023915009809,0.0,0.0540007929807389,0.0104600324755649,0.0421187270619072
TCGA-E2-A14Y-01A-21R-A12D-07,0.0024917009854729,0.0922628669165571,0.2009494930791737,0.0326675498291207,0.0371622113763942,0.5895028370360639,0.0265258822136668,0.0,0.0184374585635506
TCGA-BH-A18L-01A-32R-A12D-07,0.0302897708260954,0.0448642237901744,0.6033888147374646,0.1363881027319027,0.0730384258865627,0.0,0.0835952167092538,0.0,0.0284354453185461
TCGA-BH-A0BT-01A-11R-A12P-07,0.0170354558943273,0.2973715956631726,0.4381430145337948,0.0626647340600787,0.0635195388992203,0.0,0.0230170207781868,0.0,0.098248640171219
TCGA-LD-A7W5-01A-22R-A352-07,0.1317254206304554,0.2622757497557167,0.0894659060525729,0.0751488723717673,0.0450644540873668,0.0284164829095996,0.0421536916205675,0.0077791136664712,0.3179703089054822
TCGA-A2-A3XS-01A-11R-A22U-07,0.0624629329304621,0.2278859638697973,0.2234764538952648,0.0529285552049655,0.0478029118278576,0.2420419831041046,0.0267920217536939,0.0082088464960619,0.1084003309177917
TCGA-E2-A152-01A-11R-A12D-07,0.0,0.563951102176769,0.1466907841983765,0.0578994139484658,0.0917569388330105,0.0911003949494306,0.0197167578603009,0.0052171619758957,0.0236674460577507
TCGA-BH-A5IZ-01A-11R-A27Q-07,0.0023973260272913,0.1850366335429655,0.1716463063458085,0.0360985466004551,0.0950486247089468,0.3270268788863632,0.1665561186950149,0.0029353991952162,0.0132541659979384
TCGA-LL-A740-01A-21R-A32P-07,0.0,0.4749756190621243,0.099312873595769,0.0695459560980758,0.0834854280385339,0.2081444851498392,0.0401749552018681,0.0006972247266274,0.0236634581271622
TCGA-C8-A12Q-01A-11R-A115-07,0.028779641602812,0.3656268537550943,0.2434789060745854,0.1034070794782085,0.1080415700883347,0.0213118618061301,0.0616332959253139,0.0087617967933676,0.0589589944761532
TCGA-A2-A0CQ-01A-21R-A034-07,0.0102459750196125,0.1466867801782703,0.5535805828916824,0.0832154451570658,0.1450890931845245,0.0,0.0366852848716846,0.0,0.0244968386971594
TCGA-AO-A12H-01A-11R-A115-07,0.0023032872345315,0.1284957054080585,0.4525005868395713,0.112958278110105,0.1336261936234027,0.0363629379254703,0.0933155120085744,0.0366807268954857,0.0037567719548
TCGA-C8-A133-01A-32R-A12D-07,0.0028364203908978,0.253198401506833,0.4987787796946192,0.0402642236035256,0.0818543654205495,0.0,0.005853571142285,0.1172142382412897,0.0
TCGA-A2-A04Q-01A-21R-A034-07,0.0868361924847946,0.1801786745445937,0.0526944008384623,0.0316377894817807,0.1376429374326563,0.0875320049883244,0.0124979731337781,0.051477910653094,0.3595021164425156
TCGA-AO-A124-01A-11R-A10J-07,0.0592976203488539,0.0910837314506934,0.1137558149656844,0.0279926959128095,0.092810724561984,0.5005880007588936,0.0543805810738145,0.0087907264386679,0.0513001044885984
TCGA-AN-A0FL-01A-11R-A034-07,0.0,0.0524427161386784,0.507626588720993,0.0708186244034412,0.0175157269332672,0.2269049991218455,0.0858835281654348,0.0388078165163397,0.0
TCGA-BH-A1FC-01A-11R-A13Q-07,0.0134190964080512,0.0927569512723488,0.2443751129336172,0.0272097032738508,0.1294175959268127,0.0455975870253603,0.0183112438194568,0.1263345596182492,0.3025781497222528
TCGA-AN-A0FD-01A-11R-A034-07,0.0078633153165353,0.5674131258261098,0.2348993727292595,0.0363768890412388,0.0477238998286812,0.0075843813105614,0.0408181115791158,0.0064383733742686,0.0508825309942293
TCGA-C8-A131-01A-11R-A115-07,0.0,0.3884825743237403,0.3108554388630605,0.0440048686735616,0.062277676678452,0.081179026123124,0.0615405032984803,0.0010877780078003,0.0505721340317807
TCGA-A2-A25F-01A-11R-A169-07,0.107082485337453,0.1692296952444482,0.0,0.0692853507091792,0.177731432556794,0.0096174332443837,0.0255138213212743,0.0031288227060498,0.4384109588804176
TCGA-E9-A1NI-01A-11R-A14D-07,0.0,0.4438475370550719,0.4001931609228872,0.0461009690203093,0.0591277083216768,0.0,0.039246932264416,0.0058073011430779,0.0056763912725606
TCGA-GM-A2DA-01A-11R-A18M-07,0.0512560086918354,0.3573092388302916,0.1838433546161876,0.088218895941827,0.0432224197964492,0.0,0.0396599107683734,0.003106126237799,0.2333840451172366
TCGA-B6-A0RQ-01A-11R-A115-07,0.0097364126748894,0.129367358400931,0.0,0.0913804725353679,0.0375400035304976,0.6782611867480984,0.046455494471492,0.0007290103946904,0.0065300612440331
TCGA-BH-A0H5-01A-21R-A115-07,0.2624362751890007,0.097362973194823,0.0,0.0488082205414862,0.0877095584986591,0.0395879376561312,0.0108256820347958,0.0220815158351187,0.4311878370499847
TCGA-AC-A2B8-01A-11R-A17B-07,0.0135838556749238,0.4176927088280744,0.0707684830574544,0.1741785185006943,0.1307142815852669,0.0443260342825541,0.0410502113799009,0.0,0.1076859066911309
TCGA-A7-A13G-01A-11R-A13Q-07,0.0344395708990664,0.2423627102717395,0.1986218471290287,0.090475993238299,0.0871773801772041,0.3014628031024924,0.0103681080635231,0.0227228252961206,0.0123687618225259
TCGA-A7-A3IY-01A-21R-A21T-07,0.0,0.2139055121717148,0.1333026786463149,0.0875969127090376,0.2076800949658674,0.1209942643366035,0.0890837652490842,0.0593102467364205,0.0881265251849565
TCGA-LL-A5YP-01A-21R-A28M-07,0.0234931671096417,0.4313190010749201,0.089506893885635,0.0729524793836052,0.1062382057021269,0.1772673159919477,0.0378342334018153,0.0127976069616433,0.0485910964886645
TCGA-E2-A1IF-01A-11R-A144-07,0.0134362357037888,0.49760389033593,0.2169789112024403,0.0731835743417142,0.0360019925334573,0.0726339723213768,0.0536717896314872,0.0,0.036489633929805
TCGA-BH-A18G-01A-11R-A12D-07,0.0,0.2313909026430981,0.2614963984899695,0.0257195605297343,0.0811413825842225,0.36457318691293,0.0097123396707342,0.0,0.0259662291693113
TCGA-B6-A402-01A-11R-A239-07,0.0044320016919107,0.0748993599363783,0.1442265163881464,0.0,0.0176398263211205,0.2971308435331899,0.459891640227196,0.0,0.0017798119020579
TCGA-BH-A0DT-01A-21R-A12D-07,0.0358754800722918,0.3259792284334616,0.1072176178095122,0.1383411943092908,0.0644221103696756,0.1492943406068904,0.0497270528233759,0.0,0.1291429755755014
TCGA-EW-A1PF-01A-11R-A144-07,0.0572808908959534,0.4553632870672596,0.1147787427036892,0.1126906229084496,0.0717459864664865,0.0401519984440037,0.0597419830874445,0.0121133955187775,0.0761330929079356
TCGA-A8-A09Z-01A-11R-A00Z-07,0.0,0.0860774552538361,0.3034967323715874,0.1046186663454886,0.1571084149857062,0.0966758033061762,0.0298512451300888,0.0226792566044508,0.1994924260026655
TCGA-BH-A0C0-01A-21R-A056-07,0.0450560408242307,0.0773433338015433,0.193782345607291,0.0489196821413966,0.1756003813880146,0.021059259244269,0.039853097439886,0.021326302502222,0.3770595570511464
TCGA-BH-A1FM-01A-11R-A13Q-07,0.0019168447999095,0.4388915580125584,0.3450580189197857,0.0781599159915087,0.0786452959250579,0.0,0.0514833275269956,0.0,0.0058450388241839
TCGA-A8-A07E-01A-11R-A034-07,0.0063962977469062,0.5055394399111226,0.0724785808952685,0.1669889439652607,0.0623858523903062,0.0360197643206018,0.0502666705749201,0.0,0.0999244501956139
TCGA-A8-A09C-01A-11R-A00Z-07,0.0016365060469939,0.3476662000981004,0.4580559037152547,0.0563118483809762,0.0548650303140679,0.0,0.0558779355227685,0.0015471009992473,0.0240394749225909
TCGA-AC-A2BM-01A-11R-A21T-07,0.0227495527297487,0.2243016142758472,0.3672763049643807,0.0536514736318919,0.1096359077020164,0.0,0.0172255456873787,0.0189640185876715,0.1861955824210647
TCGA-AO-A0JA-01A-11R-A056-07,0.0003456558202773,0.5116704634204469,0.1629128618510612,0.0837179609664281,0.1049706354778373,0.0312977432880731,0.0405698795114467,0.0055897381719708,0.0589250614924583
TCGA-A2-A0CO-01A-13R-A22K-07,0.1195791543256172,0.2121722318417891,0.0202015043343736,0.222475666258816,0.0556648829584958,0.0927614606994674,0.0593983789908324,0.0,0.2177467205906082
TCGA-A8-A07G-01A-11R-A034-07,0.0421853122979433,0.6130687847768992,0.1385008235989726,0.0485452834436817,0.0568986364650299,0.0296896713612853,0.0202045068166649,0.0,0.0509069812395228
TCGA-LL-A50Y-01A-11R-A266-07,0.0546612598099639,0.1714350855116405,0.5019878015443751,0.0560804825184813,0.1178951791526654,0.0,0.036087365646341,0.0026849328201432,0.0591678929963894
TCGA-A7-A4SD-01A-11R-A266-07,0.0105795910345655,0.3356932211657272,0.0310856086537958,0.0080810279092535,0.0975926615318409,0.269854920473578,0.0256214506492649,0.0736811247245824,0.1478103938573916
TCGA-A2-A0T0-01A-22R-A084-07,0.0,0.3054411891977595,0.2423567064341624,0.0345433359518523,0.0737849195936964,0.2234957203724177,0.0520100009452814,0.0,0.0683681275048303
TCGA-S3-AA14-01A-11R-A41B-07,0.0199617017465689,0.5331416300819968,0.0859459046101001,0.0682046115144389,0.0469713693035506,0.1782078495782185,0.0310033625981064,0.0085628719872281,0.0280006985797913
TCGA-AR-A251-01A-12R-A169-07,0.025789225729377,0.2027070851988154,0.0510194745217013,0.0882844508876991,0.0837295712201607,0.4141522780941123,0.0402176600607539,0.0121384693631331,0.0819617849242467
TCGA-BH-A0BL-01A-11R-A115-07,0.0643278451867674,0.3615724557330586,0.0,0.0863505937471161,0.1063820446099846,0.1646901515499384,0.0749614866452436,0.0,0.141715422527891
TCGA-AC-A3QQ-01B-06R-A22O-07,0.1744243395956132,0.2139827151225004,0.0081512413001504,0.1071758949368479,0.0875071064159685,0.1733135861859121,0.1230792936475801,0.0,0.112365822795427
TCGA-AC-A5XU-01A-11R-A28M-07,0.0079819213596965,0.3720502878111198,0.3117472263672245,0.1044074186060451,0.0493519532108947,0.0,0.0929722584977004,0.0369089419587276,0.0245799921885912
TCGA-A2-A0D2-01A-21R-A034-07,0.0356870139349111,0.2325180215832845,0.1491895985277249,0.0762578590412701,0.1105459884606597,0.1843580171785515,0.0604914195882524,0.0043768705382393,0.1465752111471063
TCGA-A2-A0SW-01A-11R-A084-07,0.0337265431392338,0.2416820703803189,0.2403635507870098,0.0479500226429159,0.0873694589624444,0.0,0.013653504544633,0.1247255606578809,0.210529288885563
TCGA-E9-A3X8-01A-31R-A22U-07,0.0032477846936215,0.3919516953206607,0.3456985657298412,0.0400267597178737,0.032738974355581,0.0,0.0398239961629409,0.0091002910683646,0.1374119329511161
TCGA-B6-A2IU-01A-32R-A18M-07,0.015777462087432,0.2006432847641108,0.4807121316680701,0.1621094178292084,0.044340746970112,0.0223203247150744,0.0570310643409733,0.0,0.0170655676250186
TCGA-EW-A6S9-01A-22R-A33J-07,0.0163897368731074,0.5580376079365232,0.2539704393976152,0.0414162824275937,0.0691034685697931,0.0149247381653067,0.030249152856967,0.0101424293765257,0.0057661443965675
TCGA-E9-A1N9-01A-11R-A14D-07,0.0188243228914537,0.2663527636382315,0.2616233391584899,0.109835683977372,0.0422876094257996,0.0559543477162653,0.1107492488643666,0.0038054081063965,0.1305672762216244
TCGA-D8-A27I-01A-11R-A16F-07,0.047461643573305,0.4623549768165586,0.0365241985238867,0.1413985975692982,0.0689066701669102,0.0700585740500048,0.0474212973058842,0.0,0.125874041994152
TCGA-E2-A158-01A-11R-A12D-07,0.0193413993463553,0.0890482399266101,0.197811800659274,0.0925860396200293,0.0161847477934986,0.4655438076213511,0.0383095187024373,0.0165642037539576,0.0646102425764862
TCGA-A1-A0SK-01A-12R-A084-07,0.0847639104037716,0.0954503183305012,0.2780649327214928,0.038046652256467,0.0106620925059696,0.344282993695337,0.09101044932038,0.0337611233675613,0.0239575273985191
TCGA-AC-A23G-01A-11R-A213-07,0.0095392825389083,0.6187473228875635,0.0,0.1012915634918402,0.0687290653430384,0.1138829473423987,0.0534248899155557,0.0,0.0343849284806947
TCGA-C8-A1HJ-01A-11R-A13Q-07,0.0418571596226819,0.0602565163066184,0.3094977028386445,0.132415744183601,0.0488837141918254,0.1983206145268886,0.1044659589350523,0.0,0.1043025893946875
TCGA-GM-A2DL-01A-11R-A18M-07,0.0,0.5480456636257578,0.2208991215073391,0.0701730259538304,0.1038077136900538,0.0,0.0329464104817193,0.0,0.0241280647412993
TCGA-AR-A2LO-01A-31R-A18M-07,0.0818453046107127,0.2766639141047387,0.0472541400139694,0.0898126163510068,0.0722473220111337,0.1632180530979361,0.0613169678440563,0.0,0.207641681966446
TCGA-E2-A1IJ-01A-11R-A144-07,0.0175670873957846,0.5541922909687615,0.0152778821252383,0.0914035262907551,0.0824522305070912,0.0932558069578246,0.0177372739801227,0.0008412848157705,0.127272616958651
TCGA-AR-A0TP-01A-11R-A084-07,0.0360763500417643,0.1522755468777606,0.0365922073280842,0.1894404539722314,0.0215270567889332,0.4150088060197707,0.142337219656801,0.0067423593146543,0.0
TCGA-D8-A27V-01A-12R-A17B-07,0.0050864124483587,0.4321555922240185,0.1326259437929203,0.1383893829003546,0.0458372984553813,0.1673653081215577,0.0100798302686298,0.0,0.0684602317887791
TCGA-E9-A5FK-01A-11R-A27Q-07,0.1013568667706279,0.1553614392281278,0.1681373368899408,0.1004201345612086,0.0503678239340607,0.0,0.0470660317389973,0.0052292700618273,0.3720610968152091
TCGA-BH-A203-01A-12R-A169-07,0.0223440127905623,0.2121681109580241,0.3919297774810028,0.0580576127912643,0.0969070732014283,0.020026381628957,0.0442490423770913,0.0100917955286236,0.1442261932430459
TCGA-BH-A0DL-01A-11R-A115-07,0.0285268633098911,0.0571979602966398,0.0766437962247277,0.0364950968151365,0.1730907340562233,0.4487561463058594,0.0134616834752247,0.0139135575348948,0.1519141619814022
TCGA-OL-A5RU-01A-11R-A28M-07,0.2109668869408969,0.1388370870804558,0.1511561242503126,0.0841843959661677,0.0605664477278778,0.0337241379147176,0.038564645197395,0.0427697636394838,0.2392305112826925
TCGA-A8-A083-01A-21R-A00Z-07,0.0,0.0818889322048736,0.6085109730628214,0.1293125672906459,0.0526018401714644,0.0,0.0770001458662818,0.0220206195831192,0.0286649218207934
TCGA-A2-A25E-01A-11R-A169-07,0.0383642995695267,0.2147144253133776,0.4220281146905033,0.0912837916013334,0.0675514075284714,0.0,0.0759963998912911,0.0207282021491102,0.069333359256386
TCGA-C8-A1HE-01A-11R-A13Q-07,0.0217690703342325,0.2428883792369215,0.3575418615202931,0.1174193720614153,0.1050785994863262,0.0605068362923242,0.0364343671867242,0.0032214738697856,0.0551400400119768
TCGA-A7-A26I-01B-06R-A22O-07,0.0623047401501327,0.3947990631801157,0.0,0.0506319236026999,0.1175891436755243,0.1922243569853751,0.1038277939501048,0.0041616993201812,0.0744612791358657
TCGA-AO-A1KS-01A-11R-A13Q-07,0.0291327359483786,0.1820044857843579,0.290768215206094,0.1006989381844318,0.0876000880661129,0.0684387001257729,0.0830927631461566,0.0260132701015049,0.13225080343719
TCGA-E9-A1QZ-01A-21R-A169-07,0.1700196909429,0.1637763647175396,0.0809650357357907,0.123638801320681,0.0642181081426646,0.0791644783071003,0.0529132869449501,0.0,0.2653042338883735
TCGA-AR-A0TX-01A-11R-A084-07,0.0576350885252117,0.2618301757887928,0.0946349245620253,0.0939908693757638,0.1258611983430811,0.0355367573242951,0.0271587327285562,0.0351240176418679,0.2682282357104055
TCGA-BH-A18F-01A-11R-A12D-07,0.0416414897542487,0.3994777401644194,0.1527071071283586,0.1349223761068099,0.0558971988804905,0.0499411393123612,0.037160380839714,0.0058786577866356,0.1223739100269615
TCGA-AO-A0J5-01A-11R-A034-07,0.0,0.6852723463065628,0.0997975805397856,0.0925193422521932,0.0605089208904489,0.0,0.035923583257414,0.0127603079292603,0.013217918824335
TCGA-AO-A1KR-01A-12R-A144-07,0.0208966829956032,0.0665687346068582,0.622554103307047,0.0353948822994534,0.0115638311194719,0.1167392804843878,0.0270975709519894,0.0,0.0991849142351886
TCGA-EW-A1J3-01A-11R-A13Q-07,0.0135437513509821,0.2193902804626738,0.3141098945922148,0.1173778681010347,0.0838356602353328,0.1377678355235407,0.0575691430796664,0.0,0.0564055666545544
TCGA-A2-A0EU-01A-22R-A056-07,0.0029027892696276,0.3218533773644321,0.3597249581186322,0.098708816280629,0.0535177594326905,0.0388393959956802,0.0761031538575128,0.0022951830813448,0.0460545665994505
TCGA-BH-A0EE-01A-11R-A034-07,0.0437760204774379,0.0220055465536802,0.6111399028269181,0.0426207926129356,0.076817232489466,0.0827162761365597,0.00793344930637,0.0089949434644131,0.103995836132219
TCGA-BH-A18J-01A-11R-A12D-07,0.001775283198039,0.4429491999904945,0.3203389537919521,0.0842321465253302,0.07434863093452,0.0,0.0763308302446494,0.0,2.495531501448157e-05
TCGA-D8-A1XY-01A-11R-A14M-07,0.0,0.5943045042196269,0.1366278319190108,0.1096105360242139,0.0799373832035824,0.0393492153624104,0.0295322784512908,0.0048441110556745,0.0057941397641899
TCGA-EW-A1P7-01A-21R-A144-07,0.3738624383661239,0.1459060898433317,0.0,0.042688875320428,0.0391859645200939,0.1593368423025336,0.0260050934457141,0.0056658969600527,0.2073487992417216
TCGA-AO-A128-01A-11R-A10J-07,0.0299111187469774,0.0873368105053649,4.079396192621034e-05,0.0303395668368757,0.2171610525898967,0.0997944720557315,0.0077827716495539,0.008832776699692,0.5188006369539812
TCGA-A8-A093-01A-11R-A00Z-07,0.0024948226646981,0.5674729228227281,0.3045917519845845,0.0600971506089343,0.0413075134296656,0.0,0.0240358384893892,0.0,0.0
TCGA-B6-A0IQ-01A-11R-A034-07,0.0164952636939856,0.1258943250788532,0.3589061152035103,0.0171085765099003,0.0240457112213419,0.1198691805027692,0.2306776762978385,0.0095804733643221,0.0974226781274788
TCGA-E2-A155-01A-11R-A12D-07,0.0326873028729514,0.1439832010669864,0.5125738117215429,0.0867511924995641,0.0368614194745793,0.0785823517302256,0.0655569252267006,0.0168566453532996,0.0261471500541498
TCGA-BH-A0DX-01A-11R-A115-07,0.011662708083993,0.4876282122816561,0.1699886610420996,0.1069154224935342,0.1463114332259688,0.00474232558116,0.0145573652852729,0.0,0.058193872006315
TCGA-B6-A0IO-01A-11R-A034-07,0.0206311935373514,0.2313723568972625,0.5008208398543771,0.0356556886345064,0.0706744934553396,0.0601221616592996,0.005550161600956,0.0,0.075173104360907
TCGA-C8-A137-01A-11R-A115-07,0.0,0.3220052086957551,0.3141137841209035,0.0462150563763247,0.0173135636074513,0.2806062274290292,0.0106438926472655,0.0091022671232706,0.0
TCGA-AC-A2FB-01A-11R-A17B-07,0.0999860373529253,0.1283792499401196,0.0,0.1383609989058493,0.0867375390089846,0.1375602343811314,0.0289223988730047,0.0,0.3800535415379848
TCGA-A8-A09Q-01A-11R-A00Z-07,0.0706731680335036,0.1971857221565275,0.2676405162430539,0.0564515252823088,0.2050421115512296,0.0002157992893124,0.0306339548391809,0.0107769056187686,0.1613802969861143
TCGA-A2-A0D1-01A-11R-A034-07,0.0007841502928789,0.1911982565550514,0.6333557658158516,0.0617654298051023,0.01830219307851,0.0,0.0457414902298618,0.0057786531429053,0.0430740610798385
TCGA-BH-A0DG-01A-21R-A12P-07,0.0629602624489671,0.4831793205193677,0.1032540916098607,0.0793059523261041,0.0814454192380225,0.0575566387406054,0.0304331932955252,0.002428233696978,0.099436888124569
TCGA-GM-A3XN-01A-12R-A22U-07,0.0395055928948101,0.4276615426353232,0.100849918282472,0.1345378334912589,0.0562850295433914,0.060324491523437,0.0809969939197054,0.0,0.0998385977096016
TCGA-BH-A0HB-01A-11R-A056-07,0.0086122766193976,0.1859059708110939,0.4589021240120847,0.0377638102433138,0.0880605501793526,0.0,0.0413043011409853,0.0,0.1794509669937718
TCGA-E2-A572-01A-13R-A31O-07,0.0,0.0399200545922157,0.828582896272585,0.054800807841669,0.0193225955802006,0.0,0.0555118888078702,0.0017909754581603,7.078144729896605e-05
TCGA-A7-A0CD-01A-11R-A00Z-07,0.0,0.2100208074055975,0.3250118239519263,0.152277680555947,0.0548522661445963,0.1713994750189729,0.0766962299769599,0.0023086310150545,0.0074330859309454
TCGA-C8-A1HG-01A-11R-A137-07,0.0220811306572358,0.1731963121251738,0.3131006074180983,0.0330861229943481,0.1125892744139835,0.0,0.0212261588073869,0.0697849369259395,0.2549354566578338
TCGA-A1-A0SG-01A-11R-A144-07,0.1803320381558541,0.3811663521668705,0.2426134603282977,0.1053188185182738,0.0479635092845559,0.0027712533247085,0.0119235528764499,0.0,0.0279110153449893
TCGA-AN-A0FS-01A-11R-A034-07,0.0022535804535969,0.5116544870495455,0.1504784264461895,0.1595638980485649,0.0386077746583371,0.0734445875647026,0.058432130680407,0.0,0.0055651150986562
TCGA-S3-AA11-01A-31R-A41B-07,0.0034806132210056,0.2649853791995238,0.4821677614976798,0.0531848226895789,0.0460899017437948,0.0477872816299981,0.0719692798524626,0.0123697334294976,0.0179652267364582
TCGA-E2-A1BD-01A-11R-A12P-07,0.0046649365736106,0.2918110112682499,0.4225691233854933,0.1294553935599012,0.0496841105049463,0.0,0.0880727326191895,0.0,0.0137426920886088
TCGA-B6-A0RO-01A-22R-A084-07,0.0,0.1601078328080574,0.5920269662479608,0.0701023014786784,0.0422114867831497,0.046738223478795,0.0336850955300036,0.0518169838195794,0.0033111098537752
TCGA-E2-A1II-01A-11R-A144-07,0.0671095015658767,0.0518802091400699,0.1131172104493548,0.0317080331490257,0.1715705615666617,0.0589017314387738,0.0108503876476327,0.0101808471918308,0.4846815178507735
TCGA-D8-A1XS-01A-11R-A14M-07,0.0069391198994569,0.3982300403807723,0.2327011919047964,0.0967053499962259,0.1013602075798917,0.019433236044276,0.06890059574335,0.0002167736197009,0.0755134848315295
TCGA-AN-A0FX-01A-11R-A034-07,0.0163915164521172,0.306014767816064,0.0238148349452129,0.1063272057985853,0.0265190455161199,0.3969465811672226,0.0847960522657365,0.0118738649265589,0.0273161311123823
TCGA-D8-A1JC-01A-11R-A13Q-07,0.0048512246970358,0.3939312610214097,0.2711921477906102,0.0636607317727312,0.0961069606060649,0.0143147521577385,0.04533401591023,0.0075721330950882,0.103036772949091
TCGA-AO-A0JC-01A-11R-A056-07,0.5532819980890853,0.0234222179389289,0.0,0.0297117978718448,0.0153176804887804,0.0074811692257549,0.0083653997916306,0.0,0.3624197365939748
TCGA-E2-A574-01A-11R-A29R-07,0.0455500200618828,0.1864294990555005,0.4833949821464264,0.0,0.0134784149044695,0.2112146522880652,0.025631698480678,0.0,0.0343007330629774
TCGA-E9-A1N3-01A-12R-A157-07,0.0338907287675787,0.1197734102488664,0.4352159923482262,0.121249894815911,0.0562030328886998,0.0267747793541246,0.1162875196984964,0.0906046418780965,0.0
TCGA-AN-A0AT-01A-11R-A034-07,0.0441016306772943,0.1393852822958622,0.2906758800145804,0.0305293806600709,0.0829043689291523,0.2428825263768644,0.0346272467130892,0.0074159200020546,0.1274777643310315
TCGA-BH-A204-01A-11R-A157-07,0.026775608241864,0.1962436710391574,0.4294702469516507,0.1150768865919539,0.1187714411576198,0.0,0.113662146017754,0.0,0.0
TCGA-A2-A0T1-01A-21R-A084-07,0.0156779737930324,0.3239460619715493,0.1274496774503832,0.0786505999341291,0.1084342988920264,0.0,0.0303590037904682,0.041850952724881,0.2736314314435304
