gene_id,baseMean,log2FoldChange,pvalue,padj,symbol
ENSG00000123500.9,764375.8293988548,-7.133891831473916,1.835204498157655e-165,3.293090951494096e-161,ENSG00000123500.9
ENSG00000099953.9,2211854.936981168,-6.377628374015657,1.0948282291537652e-149,9.82279887196758e-146,ENSG00000099953.9
ENSG00000230838.1,24574.988757567928,-5.715355400428744,1.8638787520895617e-117,1.1148480109165031e-113,ENSG00000230838.1
ENSG00000117650.12,134849.00853364507,-4.300404173791623,4.746894031040852e-112,2.129456662324926e-108,ENSG00000117650.12
ENSG00000090889.11,147212.28771326764,-4.114279927534387,5.058768365798915e-103,1.8154907911179145e-99,ENSG00000090889.11
ENSG00000060718.20,1105568.3638064484,-6.330092934567401,4.473829306738101e-99,1.3379732180018082e-95,ENSG00000060718.20
ENSG00000119927.13,352140.45683807967,3.7214738094522755,7.595405199477204e-92,1.9470278699916991e-88,ENSG00000119927.13
ENSG00000276043.4,140725.85182521868,-3.5599136946708447,7.341765848515688e-91,1.6467580798220686e-87,ENSG00000276043.4
ENSG00000203805.10,40701.715039401046,-5.064096256075544,6.897963777340174e-89,1.3753006891176897e-85,ENSG00000203805.10
ENSG00000088325.15,456528.18465357757,-3.8583481997697398,7.077205403272785e-88,1.2699337375632686e-84,ENSG00000088325.15
ENSG00000175063.16,226718.5179019256,-4.512373975446966,1.9503699578680062e-87,3.181585320362137e-84,ENSG00000175063.16
ENSG00000123485.11,87726.96050277952,-3.814832478911591,3.2236568898553606e-86,4.820441602630383e-83,ENSG00000123485.11
ENSG00000137745.11,144317.39307390928,-6.778920751085703,1.73088406555176e-84,2.3891525901739063e-81,ENSG00000137745.11
ENSG00000022267.16,593489.0839428501,4.344659659735953,2.2654752501923902e-83,2.7101125259634833e-80,ENSG00000022267.16
ENSG00000158402.18,33352.36164927953,-3.265838236502431,2.1592546983993743e-83,2.7101125259634833e-80,ENSG00000158402.18
ENSG00000137804.12,265583.48085316294,-3.286486712856457,2.552196424228172e-83,2.862288289771895e-80,ENSG00000137804.12
ENSG00000226650.5,7228.6772034866735,-3.9733864345278587,8.289553504207493e-83,8.749867534088191e-80,ENSG00000226650.5
ENSG00000077152.9,126334.03185219607,-3.363405242876415,9.037653911221381e-83,9.009536765719804e-80,ENSG00000077152.9
ENSG00000169607.12,70252.22916717318,-3.5895641498881137,1.831776793004702e-81,1.7299685670355986e-78,ENSG00000169607.12
ENSG00000135451.12,85420.22328632677,-3.794386353559771,4.072044961484314e-81,3.6534387394437264e-78,ENSG00000135451.12
ENSG00000127564.16,309818.3819840478,-3.209257853176857,6.06758807834928e-81,5.184609546566642e-78,ENSG00000127564.16
ENSG00000171848.13,301367.68818267033,-3.7086237024713085,2.3209169446267974e-80,1.8930242570174204e-77,ENSG00000171848.13
ENSG00000079308.16,1326131.784502217,2.7365884269069025,3.485350915486957e-80,2.7191798620651286e-77,ENSG00000079308.16
ENSG00000112984.11,172816.46379439658,-3.5848054858030114,4.5582811836421856e-80,3.4080748983031405e-77,ENSG00000112984.11
ENSG00000029559.6,16033.40973564888,-7.091313346607564,2.4249109238232528e-79,1.740504064683378e-76,ENSG00000029559.6
ENSG00000143228.12,98841.30908266455,-3.955438307993919,2.88150907753402e-79,1.988684572587325e-76,ENSG00000143228.12
ENSG00000226009.1,10165.496871964868,4.584979272174684,6.189781915618041e-79,4.1136832108833385e-76,ENSG00000226009.1
ENSG00000075702.16,72979.74776321168,-3.02184078409235,6.708684214187247e-79,4.2993081978348556e-76,ENSG00000075702.16
ENSG00000169679.14,156753.40905910393,-3.5456005676739473,5.346509141428594e-78,3.3081986218549886e-75,ENSG00000169679.14
ENSG00000187730.8,20949.908084717023,-3.5645051656080406,3.028906925035212e-77,1.811690195427728e-74,ENSG00000187730.8
ENSG00000126787.12,102560.98641450789,-3.5605802054280287,1.2885004365325807e-75,7.458339301013106e-73,ENSG00000126787.12
ENSG00000152253.8,39948.88505428255,-2.8898242171844046,1.4432418342607702e-75,8.092978585617268e-73,ENSG00000152253.8
ENSG00000089685.14,272183.41125937324,-3.9933572033146882,8.648431215383773e-75,4.702649991783225e-72,ENSG00000089685.14
ENSG00000170312.15,268461.9629840945,-3.361670987278295,1.173291824378687e-74,6.19222014607387e-72,ENSG00000170312.15
ENSG00000166851.14,172481.87128187253,-3.582223231581758,2.147467107006368e-74,1.1009757076606364e-71,ENSG00000166851.14
ENSG00000133800.8,66272.73863683741,4.709983360344688,3.4979531190002658e-74,1.7435352990927991e-71,ENSG00000133800.8
ENSG00000143476.17,168434.5678084085,-3.1060588794206523,5.6314022344376386e-74,2.7310778836418646e-71,ENSG00000143476.17
ENSG00000186185.13,70122.75269007395,-3.824181296604855,1.8028322006362597e-73,8.513163423215012e-71,ENSG00000186185.13
ENSG00000138180.15,138556.92274172412,-3.6313433311928085,3.515551417050986e-73,1.617514221219561e-70,ENSG00000138180.15
ENSG00000109674.3,19574.69152664021,-3.632045149057251,6.281739670144501e-73,2.8179884160268232e-70,ENSG00000109674.3
ENSG00000072571.19,87435.89758982063,-3.242843499597741,6.535555277545372e-73,2.860341558543272e-70,ENSG00000072571.19
ENSG00000163815.5,127276.43736964556,3.3935292553069636,1.823451191501427e-72,7.79047813816705e-70,ENSG00000163815.5
ENSG00000165304.7,120128.8690287525,-3.895395013477724,2.677594863148699e-72,1.11736656335675e-69,ENSG00000165304.7
ENSG00000174371.16,84493.55954856778,-3.65302506340313,4.611446053104833e-72,1.8806315449298438e-69,ENSG00000174371.16
ENSG00000066279.17,189449.12824044356,-3.693390773874111,9.261278173917166e-72,3.6929861233948804e-69,ENSG00000066279.17
ENSG00000105974.11,744623.9161249441,3.0854652732426935,1.256025862847707e-71,4.899593061508533e-69,ENSG00000105974.11
ENSG00000101605.12,26473.484058307924,3.2281712173418615,1.5230816873389394e-71,5.814931446299985e-69,ENSG00000101605.12
ENSG00000095637.21,540886.8310445936,3.267960052819524,4.307848388912349e-71,1.610417322721733e-68,ENSG00000095637.21
ENSG00000134962.6,26318.54623289761,4.253745735796922,6.565352849212195e-71,2.404259010740074e-68,ENSG00000134962.6
ENSG00000087586.17,143026.81304160022,-3.2746424600715196,1.3185811804874845e-70,4.732124140533484e-68,ENSG00000087586.17
ENSG00000122952.16,237340.0926523873,-2.727564219519708,1.4826098897664675e-70,5.2164611494057825e-68,ENSG00000122952.16
ENSG00000156970.12,125261.91508558141,-3.1596757880386415,6.278076515435238e-70,2.166419326787883e-67,ENSG00000156970.12
ENSG00000011426.10,275033.971840617,-3.7012686606134317,7.999343003234986e-70,2.7083058650952566e-67,ENSG00000011426.10
ENSG00000167900.11,370746.5788534131,-3.30042335782901,1.1084638199799144e-69,3.6431514587091145e-67,ENSG00000167900.11
ENSG00000117724.12,664885.9361647969,-3.313116776871588,1.1166592188419599e-69,3.6431514587091145e-67,ENSG00000117724.12
ENSG00000025423.11,32586.200198351664,-2.4225601748361574,1.8920915802571386e-69,6.062802020738231e-67,ENSG00000025423.11
ENSG00000131747.14,936399.6068749487,-3.794386859165622,2.2627112612701268e-69,7.123173837233537e-67,ENSG00000131747.14
ENSG00000075218.18,74187.82282868259,-3.3608556789241955,3.5870731665853315e-69,1.1097662224346066e-66,ENSG00000075218.18
ENSG00000123612.15,40844.122538863325,4.742887071685732,4.532138768750298e-69,1.3783847129907686e-66,ENSG00000123612.15
ENSG00000122641.10,434596.7195653794,-3.3861139211950904,5.31060142083069e-69,1.5882238649230986e-66,ENSG00000122641.10
ENSG00000164849.9,44761.82464504523,2.6134031764331636,5.779129182730136e-69,1.700011377949337e-66,ENSG00000164849.9
ENSG00000164611.12,109468.45242574612,-3.3140180696538195,1.1634653640534e-68,3.3672939504151954e-66,ENSG00000164611.12
ENSG00000100526.19,56248.34223978492,-3.0441070093642617,1.3999826258877538e-68,3.987506069671405e-66,ENSG00000100526.19
ENSG00000169418.9,98981.02248985133,3.256520318901853,1.5862368270892577e-68,4.4474115039515063e-66,ENSG00000169418.9
ENSG00000169258.6,58130.339737644856,-3.0754199119284924,2.362066520249724e-68,6.520757175286314e-66,ENSG00000169258.6
ENSG00000118193.11,73586.83787043113,-3.764775733290718,2.556554291636202e-68,6.950728819563638e-66,ENSG00000118193.11
ENSG00000142945.12,165902.67822598794,-3.5989339403343834,5.484689284953232e-68,1.4689143959582209e-65,ENSG00000142945.12
ENSG00000155886.11,30132.854459073194,-5.130997628279029,6.539019730260235e-68,1.725531912349848e-65,ENSG00000155886.11
ENSG00000135437.9,42817.824708806824,3.4762420397857485,1.1558384856643433e-67,3.00585011402333e-65,ENSG00000135437.9
ENSG00000146670.9,167994.4715315228,-3.334811169027116,8.260683033505594e-67,2.1175670907603483e-64,ENSG00000146670.9
ENSG00000144130.11,4589.730114324637,-3.415134114980507,2.8005161140466944e-66,7.077811429641393e-64,ENSG00000144130.11
ENSG00000148180.19,3423491.60150759,2.386291373593899,5.289208491415069e-66,1.318188294027111e-63,ENSG00000148180.19
ENSG00000117399.13,205659.34587153888,-3.7973839473763418,6.398930342212896e-66,1.572909672063948e-63,ENSG00000117399.13
ENSG00000134057.14,296843.6546326405,-2.6554680923924683,8.342363132255104e-66,2.0229103249349403e-63,ENSG00000134057.14
ENSG00000170373.8,132670.8564241877,-7.4910503485089075,1.2166653261939649e-65,2.910912348429934e-63,ENSG00000170373.8
ENSG00000120049.18,72496.24426427625,4.654261248964402,1.3020235001869052e-65,3.0741460114939247e-63,ENSG00000120049.18
ENSG00000157456.7,137514.6549731068,-3.2350611520996204,3.3512662952946357e-65,7.809756156203499e-63,ENSG00000157456.7
ENSG00000148773.13,624231.2431237734,-3.438867194258719,4.655987054668356e-65,1.071115791140628e-62,ENSG00000148773.13
ENSG00000056998.19,172192.04404886512,3.679979814188778,1.1929959746879646e-64,2.7097619961773213e-62,ENSG00000056998.19
ENSG00000131471.6,436036.2015139352,3.5592724210386604,3.3874420313664694e-64,7.504229606276534e-62,ENSG00000131471.6
ENSG00000162073.13,343891.25321563304,-2.7819067125679156,3.379291841272121e-64,7.504229606276534e-62,ENSG00000162073.13
ENSG00000134690.10,133050.7128263413,-3.169186887287907,4.046972800497464e-64,8.8559609673325e-62,ENSG00000134690.10
ENSG00000100162.14,47008.68501447989,-2.913696318340938,9.153161301206433e-64,1.9788473058897376e-61,ENSG00000100162.14
ENSG00000080986.12,92173.13648163558,-3.365835557790662,1.4657254577040307e-63,3.131068763457277e-61,ENSG00000080986.12
ENSG00000165474.5,230363.13056281672,-4.367464729685626,1.9005017671287845e-63,4.0120710246304596e-61,ENSG00000165474.5
ENSG00000115306.15,2132876.0046306793,1.8365353687217376,2.6431346638578885e-63,5.5149312102634824e-61,ENSG00000115306.15
ENSG00000101447.14,111324.11739209067,-3.6894035589040395,3.282928633249254e-63,6.771134643106278e-61,ENSG00000101447.14
ENSG00000101057.15,314399.23376733327,-4.027721733988524,9.244542447734944e-63,1.8850462463881343e-60,ENSG00000101057.15
ENSG00000172156.3,7022.063680858888,-4.269421952384684,4.576656353635567e-62,9.227361978610855e-60,ENSG00000172156.3
ENSG00000024526.16,78851.71642487383,-3.522500084815614,6.84964770823718e-62,1.3656675386289773e-59,ENSG00000024526.16
ENSG00000198901.13,329105.9520874509,-2.7602373863169065,1.0920894136002201e-61,2.15345631182883e-59,ENSG00000198901.13
ENSG00000123975.4,189841.68663845133,-2.6807120299052944,2.232685318759464e-61,4.354707104328242e-59,ENSG00000123975.4
ENSG00000129173.12,36295.26943173289,-3.5541051795955108,3.281667168315828e-61,6.331853297662282e-59,ENSG00000129173.12
ENSG00000076382.16,236200.66876719196,-3.0013692393893345,5.2910662703397235e-61,1.0100307782444255e-58,ENSG00000076382.16
ENSG00000164087.7,69044.07541300237,-2.154921787978311,9.218089646159519e-61,1.7411515853756464e-58,ENSG00000164087.7
ENSG00000137807.13,161824.85514252647,-2.748373297862162,1.5012296461937592e-60,2.8060484136771682e-58,ENSG00000137807.13
ENSG00000083782.7,18761.941783488666,-6.239341020365806,1.8956138662013908e-60,3.5066902283626554e-58,ENSG00000083782.7
ENSG00000183010.16,689460.70131472,-2.4638717078761516,3.105168788221267e-60,5.685627422024736e-58,ENSG00000183010.16
ENSG00000186642.15,80749.77853260095,3.0191906313957975,4.7244411715702314e-60,8.563168927541033e-58,ENSG00000186642.15
ENSG00000111206.12,362769.6206950859,-3.4182238734165757,4.8769000796131693e-60,8.751109502857871e-58,ENSG00000111206.12
ENSG00000035499.12,36719.288397979275,-3.117886785868699,6.043424682523658e-60,1.0736951732990546e-57,ENSG00000035499.12
ENSG00000178999.12,77198.85447603614,-3.5616297305794267,6.240051983845211e-60,1.0977597333148868e-57,ENSG00000178999.12
ENSG00000051180.16,56316.66330997437,-2.6960728339240334,7.084183359982661e-60,1.2341610311798919e-57,ENSG00000051180.16
ENSG00000138160.5,227408.3090707781,-2.637440752884247,8.310131957332658e-60,1.4338173830997809e-57,ENSG00000138160.5
ENSG00000079462.7,368180.8604903403,-2.4735207285023657,1.6605405356715466e-59,2.837784702103831e-57,ENSG00000079462.7
ENSG00000186871.6,41874.98130089329,-2.884340221866602,6.879634785999445e-59,1.164605345282774e-56,ENSG00000186871.6
ENSG00000196611.4,173455.70241042846,-6.44672931340965,1.4085258702693406e-58,2.362111048234864e-56,ENSG00000196611.4
ENSG00000258725.1,55720.923051950886,-2.677666274928021,1.650933791363521e-58,2.742995921502502e-56,ENSG00000258725.1
ENSG00000093009.9,60658.615149897974,-3.1453429665838097,3.0603917417890648e-58,5.038134808684677e-56,ENSG00000093009.9
ENSG00000165480.15,60958.84541524455,-3.2024106671812023,3.802560668494927e-58,6.203013512315725e-56,ENSG00000165480.15
ENSG00000165810.16,86754.41086669882,3.857920141098281,4.323725184356967e-58,6.989632856585714e-56,ENSG00000165810.16
ENSG00000135476.11,106333.42289807096,-2.8937802617483355,5.422944616048515e-58,8.688331981283443e-56,ENSG00000135476.11
ENSG00000170145.4,340770.76952114137,2.0612233716158697,5.797621900395549e-58,9.206418352274135e-56,ENSG00000170145.4
ENSG00000183549.10,17520.07239188417,3.3848122137886576,1.2352062482790704e-57,1.944257975361372e-55,ENSG00000183549.10
ENSG00000121152.9,94631.69456712781,-2.9796133912402905,1.5726875641931642e-57,2.4539396219027946e-55,ENSG00000121152.9
ENSG00000138316.10,36268.72278566137,-3.4381113727601744,2.4628417763520075e-57,3.8097614512810705e-55,ENSG00000138316.10
ENSG00000113368.11,354136.3168072752,-2.509549667213218,2.5213971135276904e-57,3.867004256849648e-55,ENSG00000113368.11
ENSG00000188368.9,79446.98648052932,-2.311786551284714,3.307404336162925e-57,4.9872322191687e-55,ENSG00000188368.9
ENSG00000104147.8,24995.01061421023,-2.524905017992519,4.773168338526303e-57,7.137477722209665e-55,ENSG00000104147.8
ENSG00000116678.19,126663.46876349307,2.726164550533622,6.278621042163666e-57,9.311039337238415e-55,ENSG00000116678.19
ENSG00000105664.10,689222.9033477587,-4.449820987962795,1.0736807440378385e-56,1.5791907599192601e-54,ENSG00000105664.10
ENSG00000137878.16,132538.90208020355,1.8700316352455817,2.406558467804229e-56,3.510836190754397e-54,ENSG00000137878.16
ENSG00000013810.18,261813.36386956336,-2.458959951565203,7.353736937003061e-56,1.0641568999805076e-53,ENSG00000013810.18
ENSG00000171320.14,42948.77874452342,-2.8763016448193763,1.0825395157025432e-55,1.5540071255813148e-53,ENSG00000171320.14
ENSG00000123243.14,261180.9231273556,3.6784932457526667,1.5917525947419941e-55,2.2668578222262177e-53,ENSG00000123243.14
ENSG00000124657.1,2309.3251082375614,-5.039815961870287,1.970599310462229e-55,2.7842861438530892e-53,ENSG00000124657.1
ENSG00000092853.13,47757.41805023076,-3.211999947834071,2.268801781920111e-55,3.1805764980292558e-53,ENSG00000092853.13
ENSG00000173641.17,58428.70313392157,4.160273033976308,2.326916425028426e-55,3.2367587853263627e-53,ENSG00000173641.17
ENSG00000170965.9,7518.088932566171,-4.743402049171652,3.4910611008927614e-55,4.818738491878439e-53,ENSG00000170965.9
ENSG00000160161.9,90830.27922892578,-3.606876424591614,5.158997303080507e-55,7.06664485545623e-53,ENSG00000160161.9
ENSG00000149090.11,74207.0641616599,3.5333677069257496,5.623655507703717e-55,7.64476321441178e-53,ENSG00000149090.11
ENSG00000111665.11,93577.94516884188,-2.9818298467217494,3.428609225531061e-54,4.557256588365137e-52,ENSG00000111665.11
ENSG00000175643.8,89970.68111441607,-2.5394446893523925,4.1537364461239153e-54,5.4804887345034955e-52,ENSG00000175643.8
ENSG00000244734.3,183387.42759083176,4.863517904533299,4.84262210255082e-54,6.342774526143935e-52,ENSG00000244734.3
ENSG00000101412.12,132531.73511486087,-2.8673619136615125,6.331593321297332e-54,8.232906562127486e-52,ENSG00000101412.12
ENSG00000101003.9,102955.21851449722,-2.4456140181572468,7.523794894615784e-54,9.712732056761556e-52,ENSG00000101003.9
ENSG00000211445.11,802976.485113325,3.640217595537708,1.0063413325757406e-53,1.289842062267078e-51,ENSG00000211445.11
ENSG00000079435.9,270215.1753350892,3.987747235626999,1.324341310683291e-53,1.6853886864468774e-51,ENSG00000079435.9
ENSG00000176438.12,120702.64729600745,2.7275453974102937,2.921836725488475e-53,3.6922139578989575e-51,ENSG00000176438.12
ENSG00000174059.16,503883.11850596505,2.0428131063831754,4.181379480703333e-53,5.246900237883959e-51,ENSG00000174059.16
ENSG00000165028.11,13677.313630298777,2.395085430171942,5.207905828483709e-53,6.489629318493866e-51,ENSG00000165028.11
ENSG00000076555.15,305537.628117338,3.175194650617057,6.435565292504448e-53,7.964123007496539e-51,ENSG00000076555.15
ENSG00000130876.11,16202.163191627558,3.79483526972352,6.841052284841787e-53,8.40793439720555e-51,ENSG00000130876.11
ENSG00000108960.7,148585.668778414,2.355778923622608,6.948577337312476e-53,8.481991274879937e-51,ENSG00000108960.7
ENSG00000172061.8,755942.2730754195,-3.7315476916739123,7.265905411341893e-53,8.809419371697225e-51,ENSG00000172061.8
ENSG00000172901.19,10109.622904128395,4.5037245900850165,7.878527075358871e-53,9.488073143640241e-51,ENSG00000172901.19
ENSG00000178531.5,137593.97129724,-3.0301182774396502,1.4548709209047874e-52,1.7404135869810338e-50,ENSG00000178531.5
ENSG00000167779.7,95123.15427611509,3.1038240885033557,2.3184734558946977e-52,2.7551448803029443e-50,ENSG00000167779.7
ENSG00000175445.14,614838.4984982068,4.218044703367961,2.6476097713983154e-52,3.125573009077064e-50,ENSG00000175445.14
ENSG00000108106.13,108197.17162364097,-2.7448775324575894,6.320397972683257e-52,7.412628838027997e-50,ENSG00000108106.13
ENSG00000160957.12,165163.75622402018,-2.834224799205735,6.968784612745079e-52,8.119991629292059e-50,ENSG00000160957.12
ENSG00000138778.11,117360.85601891021,-2.719504945617655,1.010654170681213e-51,1.1700115121744313e-49,ENSG00000138778.11
ENSG00000106462.10,141232.0833989905,-2.3541363595209104,1.997725799883048e-51,2.2850644168934994e-49,ENSG00000106462.10
ENSG00000261742.5,5310.904265485406,-4.516416189479817,1.9993040205766796e-51,2.2850644168934994e-49,ENSG00000261742.5
ENSG00000137727.12,24333.002597130533,2.91001336012413,2.761113027599811e-51,3.1357855802057605e-49,ENSG00000137727.12
ENSG00000124493.13,51968.44057933985,-5.475420097412164,4.1068089080821566e-51,4.634753399158881e-49,ENSG00000124493.13
ENSG00000170509.11,5093.891559995862,4.749858766808131,6.551603048501895e-51,7.347622818894876e-49,ENSG00000170509.11
ENSG00000171241.8,65776.67914070278,-2.6421077108579394,8.418445853627843e-51,9.382645490527826e-49,ENSG00000171241.8
ENSG00000124743.5,19014.694781321337,3.0925275004799784,1.0720140868604532e-50,1.1874210354706156e-48,ENSG00000124743.5
ENSG00000165891.15,32722.103510566772,-3.206783767171607,2.0910777281221853e-50,2.3019815186149993e-48,ENSG00000165891.15
ENSG00000146410.11,23453.122901801642,-2.951370192340006,2.8341830256115553e-50,3.101010988510595e-48,ENSG00000146410.11
ENSG00000065328.16,82250.14452734395,-3.3533142077944897,2.985358089789807e-50,3.2466221553447453e-48,ENSG00000065328.16
ENSG00000174871.10,27903.185820177223,-3.3992243869141596,7.176937054624895e-50,7.758009548686091e-48,ENSG00000174871.10
ENSG00000263155.5,75429.96737588636,3.0467417411874336,1.2893457604396114e-49,1.3853904386424186e-47,ENSG00000263155.5
ENSG00000163545.8,63357.960181991584,-2.185678175823454,1.3999120044545694e-49,1.4952393457102853e-47,ENSG00000163545.8
ENSG00000164283.12,57079.14419079221,-2.952413800638185,1.4703252803703415e-49,1.561154842068959e-47,ENSG00000164283.12
ENSG00000213186.7,308823.7647155843,-1.7491775627953243,1.5768275898609922e-49,1.6643878983803318e-47,ENSG00000213186.7
ENSG00000099260.10,220160.13265747487,2.6120647064016413,3.675395996118726e-49,3.856801506102598e-47,ENSG00000099260.10
ENSG00000189057.10,143278.9145762675,-2.9789943973616007,5.735393489868572e-49,5.983482603616375e-47,ENSG00000189057.10
ENSG00000169241.17,525229.0737248696,-1.9148088917516066,6.970592640501231e-49,7.230075973477115e-47,ENSG00000169241.17
ENSG00000112742.9,95169.30055352832,-3.0025151975019626,1.0861989891449333e-48,1.1201583138630279e-46,ENSG00000112742.9
ENSG00000169744.12,107924.90513576988,2.071254139559624,1.223577209523367e-48,1.2546211112964168e-46,ENSG00000169744.12
ENSG00000077157.21,378050.89992550324,1.980806007378886,1.5408103237449287e-48,1.5709261618908523e-46,ENSG00000077157.21
ENSG00000168477.17,351083.6967536603,3.7677912322388045,2.5612810538081208e-48,2.596589109013159e-46,ENSG00000168477.17
ENSG00000258227.6,37447.6874093662,-3.2524443027892773,3.051704504460808e-48,3.076392451013749e-46,ENSG00000258227.6
ENSG00000258947.6,270952.3514890417,-3.8580825684713917,3.738163464933195e-48,3.7473522466347066e-46,ENSG00000258947.6
ENSG00000164330.16,105838.1063406208,2.6940524140059168,3.823712443918439e-48,3.811816449648471e-46,ENSG00000164330.16
ENSG00000101115.12,20609.72665056884,-3.181814744066061,4.4639807763850504e-48,4.425506687925599e-46,ENSG00000101115.12
ENSG00000278023.5,5547.533838471629,-3.1809228592213645,9.617446367674558e-48,9.48216800118419e-46,ENSG00000278023.5
ENSG00000051341.13,50218.08328424088,-2.7559138101025207,9.845456815035037e-48,9.653927709780804e-46,ENSG00000051341.13
ENSG00000103495.13,1491617.4389468997,-1.5328184983792306,1.0509499945354831e-47,1.0249047120622125e-45,ENSG00000103495.13
ENSG00000170369.3,18328.368454378997,-4.979729135862147,1.2115666344020551e-47,1.1751541452816474e-45,ENSG00000170369.3
ENSG00000198937.8,91908.28248249822,-2.0111046013248868,1.4323794961462456e-47,1.3818611655294748e-45,ENSG00000198937.8
ENSG00000138640.14,169845.9282581999,2.1091847180600314,1.5277451376015551e-47,1.465981751289963e-45,ENSG00000138640.14
ENSG00000180354.15,337857.9535274293,2.2365575444260606,1.6254675546592368e-47,1.5514569042981565e-45,ENSG00000180354.15
ENSG00000165124.17,263269.6620382324,3.1919318870444005,7.911556116097607e-47,7.511373700912988e-45,ENSG00000165124.17
ENSG00000177234.7,2194.523711789152,-5.3130920243346695,8.077183112240055e-47,7.628261777159766e-45,ENSG00000177234.7
ENSG00000145708.10,4952.776417133677,3.365582295915829,8.431911564203876e-47,7.921582256967243e-45,ENSG00000145708.10
ENSG00000151725.11,155637.29403936438,-2.208823782637148,8.532586775211697e-47,7.974413390333264e-45,ENSG00000151725.11
ENSG00000085999.11,60849.62456331966,-2.4853947805076833,1.0640002750578447e-46,9.892446080641433e-45,ENSG00000085999.11
ENSG00000115414.18,26007406.664382484,-2.9245247002998007,1.3958246356093515e-46,1.291065838215165e-44,ENSG00000115414.18
ENSG00000109805.9,140441.18608103562,-2.3415945806531395,1.6564928459326028e-46,1.5243132116622884e-44,ENSG00000109805.9
ENSG00000162407.8,451933.0720452491,1.8289160493729104,2.273991760175693e-46,2.0818626604383997e-44,ENSG00000162407.8
ENSG00000182492.15,4044840.8314130106,-2.3735945972063988,6.684344074875193e-46,6.088521323835557e-44,ENSG00000182492.15
ENSG00000104889.5,184442.94206502516,-1.8755745745777614,1.0011624748748184e-45,9.073161337956437e-44,ENSG00000104889.5
ENSG00000145386.9,157282.5561950825,-2.4771967045737653,1.1121045981944049e-45,1.0027942165829349e-43,ENSG00000145386.9
ENSG00000154736.5,140199.59220105875,2.875212579308897,1.4187708010571468e-45,1.2665882216004698e-43,ENSG00000154736.5
ENSG00000154258.16,58014.36503503657,3.581971317600611,1.5198863632120855e-45,1.3501406386870129e-43,ENSG00000154258.16
ENSG00000266964.5,30811.263221974135,3.5538786528278528,3.3180905781524075e-45,2.918618496782686e-43,ENSG00000266964.5
ENSG00000162063.12,171450.7353428018,-1.7871644219957943,3.3041140368849613e-45,2.918618496782686e-43,ENSG00000162063.12
ENSG00000004776.12,225987.93446855753,3.966984463412525,4.3308610216978733e-45,3.790410509032685e-43,ENSG00000004776.12
ENSG00000188322.4,226773.36543726537,-2.3678194710827736,4.3514521002047103e-45,3.790410509032685e-43,ENSG00000188322.4
ENSG00000161800.12,276586.5102337578,-2.021067273597805,4.433532467816949e-45,3.843251526691175e-43,ENSG00000161800.12
ENSG00000185010.13,131894.29957456517,1.6731838383014883,4.5243366788279834e-45,3.903110450235064e-43,ENSG00000185010.13
ENSG00000094804.9,181434.45111240973,-3.268901136607471,5.232857453515266e-45,4.492746131381719e-43,ENSG00000094804.9
ENSG00000215784.5,17378.27485461281,-2.9461719696459925,5.933049771485787e-45,5.069649766644808e-43,ENSG00000215784.5
ENSG00000135424.15,147303.5424714736,3.109227435518412,8.040619136653373e-45,6.837955914128347e-43,ENSG00000135424.15
ENSG00000171227.6,82761.20281700495,2.635023015798456,8.484538435919312e-45,7.181441400666799e-43,ENSG00000171227.6
ENSG00000227467.3,2560.590816767832,3.626500910960385,1.2729757563898236e-44,1.0724073696084035e-42,ENSG00000227467.3
ENSG00000182782.7,24148.128636500172,3.045292389497197,1.4552457358282495e-44,1.2202303497057061e-42,ENSG00000182782.7
ENSG00000184661.13,60821.88654493534,-3.1914655317724963,2.0003769232690277e-44,1.6695238842390432e-42,ENSG00000184661.13
ENSG00000118596.11,62782.17704833585,2.836552304083343,2.2782905972549036e-44,1.875304884272568e-42,ENSG00000118596.11
ENSG00000163513.17,796601.8969921169,2.1243557487656517,2.277836654892838e-44,1.875304884272568e-42,ENSG00000163513.17
ENSG00000174804.3,455076.0841411744,2.2009736738395347,2.376690530390649e-44,1.9473668893757904e-42,ENSG00000174804.3
ENSG00000068976.13,8636.202543867776,2.7204292137009,3.2724175564914823e-44,2.6691027560765072e-42,ENSG00000068976.13
ENSG00000069011.15,194612.92056031033,-4.083668952879351,4.771296038069281e-44,3.856582707527711e-42,ENSG00000069011.15
ENSG00000122966.15,134734.4222328269,-2.073746181237075,4.922268737511236e-44,3.960770862148055e-42,ENSG00000122966.15
ENSG00000127588.4,5027.6167088089,-4.710490222417381,7.838517471194974e-44,6.27921238853226e-42,ENSG00000127588.4
ENSG00000154263.17,21142.375412926656,3.4889007547782884,8.346187425475869e-44,6.656177207232845e-42,ENSG00000154263.17
ENSG00000147434.8,4239.372465101619,-4.285173131679408,1.0242484521474295e-43,8.132351427138706e-42,ENSG00000147434.8
ENSG00000071539.13,118955.58341857798,-2.5794671748334745,1.3741310898997053e-43,1.0862294395224806e-41,ENSG00000071539.13
ENSG00000163431.12,212557.65677860842,2.6534751761874724,1.3938117804286435e-43,1.0969543240355957e-41,ENSG00000163431.12
ENSG00000153902.13,20539.769425711456,2.3210105674311237,1.4350318015092428e-43,1.1244633469992075e-41,ENSG00000153902.13
ENSG00000164109.13,136476.06148045365,-2.262942437416962,1.5601375644120538e-43,1.2171786285134737e-41,ENSG00000164109.13
ENSG00000128564.6,6637.719014664182,-5.369864091045286,1.8658095750054647e-43,1.449354416186063e-41,ENSG00000128564.6
ENSG00000133466.13,242906.90734984292,-2.1485784289789445,1.959518697961039e-43,1.515586358457452e-41,ENSG00000133466.13
ENSG00000187824.8,23587.903961600707,2.082883552517997,2.0023829047680242e-43,1.5420926542127653e-41,ENSG00000187824.8
ENSG00000131650.13,21211.94867335653,-4.007494940302409,2.0357981045452856e-43,1.561126546494043e-41,ENSG00000131650.13
ENSG00000102384.13,35329.18873106013,-2.418949283756805,2.1379877689692134e-43,1.6325128734631306e-41,ENSG00000102384.13
ENSG00000105971.14,251975.94420528837,2.4852362148809157,3.438943512555746e-43,2.614762813105945e-41,ENSG00000105971.14
ENSG00000101441.4,26859.85063580251,-6.2844247078860995,3.813160877988403e-43,2.887061552515777e-41,ENSG00000101441.4
ENSG00000121621.6,51220.61540960552,-2.457657386205807,4.5357152492210294e-43,3.4197006063874855e-41,ENSG00000121621.6
ENSG00000121211.7,22333.337855646965,-2.8371951914402014,5.0636165787298996e-43,3.8017379032941133e-41,ENSG00000121211.7
ENSG00000007314.12,18026.789089341113,3.2032715132180063,6.103584295455865e-43,4.5634465249025017e-41,ENSG00000007314.12
ENSG00000132182.11,737082.742284607,-1.7693075032599448,8.806740496134682e-43,6.557184707993392e-41,ENSG00000132182.11
ENSG00000160606.10,72405.6479106391,-2.44653610217365,9.604934767861736e-43,7.121940060930206e-41,ENSG00000160606.10
ENSG00000164932.12,508611.1409795657,-2.419256868056887,1.0540727239807378e-42,7.783654715683275e-41,ENSG00000164932.12
ENSG00000127920.5,177767.0928465331,2.0320578978913377,1.1524392463491906e-42,8.440559116934642e-41,ENSG00000127920.5
ENSG00000182481.8,935767.5605104923,-2.301239095511187,1.807847018700529e-42,1.3186994676244833e-40,ENSG00000182481.8
ENSG00000163993.6,289615.99332291435,-4.8987559047381835,2.637912020349607e-42,1.9086569876271513e-40,ENSG00000163993.6
ENSG00000165410.14,114219.0314205936,1.5685142373294334,2.920366841980588e-42,2.1045406671686613e-40,ENSG00000165410.14
ENSG00000263513.5,21404.639210967536,-2.8291317406944194,3.574910711605702e-42,2.555705091994132e-40,ENSG00000263513.5
ENSG00000132170.19,88862.34383422954,2.871988378737063,4.128547805580554e-42,2.9397881675927562e-40,ENSG00000132170.19
ENSG00000010319.6,214158.87700551582,2.699308194013716,6.008138588703103e-42,4.244489717940491e-40,ENSG00000010319.6
ENSG00000131187.9,47402.81234090078,-2.9107617550840237,6.447549513100297e-42,4.5370520965910484e-40,ENSG00000131187.9
ENSG00000111602.11,293797.7256876628,-1.5987361534893094,7.657437111659417e-42,5.367384825453773e-40,ENSG00000111602.11
ENSG00000162733.16,454172.2741480333,2.3465336261208454,8.110379670160222e-42,5.662749136239494e-40,ENSG00000162733.16
ENSG00000029993.14,445010.0482712892,-2.453454029695715,1.355874485390727e-41,9.430159599167134e-40,ENSG00000029993.14
ENSG00000069122.18,256584.94490092187,1.845892533873209,1.436307694393757e-41,9.951005895058525e-40,ENSG00000069122.18
ENSG00000121691.4,585429.8684939063,1.656045739333614,1.6183522920058395e-41,1.1169120587597224e-39,ENSG00000121691.4
ENSG00000167513.8,95842.73348977446,-2.65499230447501,1.8406089204847356e-41,1.2654362631869001e-39,ENSG00000167513.8
ENSG00000115163.14,54354.50441135847,-2.3030572621049803,4.5028429719820527e-41,3.072205866511253e-39,ENSG00000115163.14
ENSG00000179546.4,7292.832070377636,-4.082048425654812,4.925161537027824e-41,3.3476173719858815e-39,ENSG00000179546.4
ENSG00000108381.10,12794.189955407855,3.2125343783161244,5.860440493525517e-41,3.968292234559316e-39,ENSG00000108381.10
ENSG00000114698.14,149185.85474675003,2.010764152914132,8.083382682285415e-41,5.4529405583056206e-39,ENSG00000114698.14
ENSG00000254986.7,403110.50851326226,-1.6411931908160395,9.189040582989992e-41,6.175585925886608e-39,ENSG00000254986.7
ENSG00000154133.14,144466.38090371076,1.7964837291456357,1.0635335882881713e-40,7.12091295083692e-39,ENSG00000154133.14
ENSG00000106327.12,19624.490580185135,-3.3395549075638016,1.1459056717532113e-40,7.643915008899488e-39,ENSG00000106327.12
ENSG00000197472.14,21287.46997257217,-3.3378167254419537,1.3702527178092301e-40,9.106598062358824e-39,ENSG00000197472.14
ENSG00000160949.16,135444.24262020667,-2.194463803992827,1.4978922628815166e-40,9.918147145810308e-39,ENSG00000160949.16
ENSG00000170262.12,35728.116353499136,2.0083760487905287,2.524930451943213e-40,1.6596099644567403e-38,ENSG00000170262.12
ENSG00000173208.3,16709.37367468165,3.476182337051136,3.117072686349593e-40,2.0413413242283613e-38,ENSG00000173208.3
ENSG00000131386.17,103530.40489197226,3.1108256572490136,3.6275479615771433e-40,2.367008022637828e-38,ENSG00000131386.17
ENSG00000103888.16,120739.33580465511,-3.3902794207048,1.1038595826559678e-39,7.150778466129489e-38,ENSG00000103888.16
ENSG00000175305.17,123538.25026063563,-2.3050344970035606,1.8190939293984822e-39,1.1741662398966317e-37,ENSG00000175305.17
ENSG00000135917.13,76576.7509004911,4.63171802287489,2.0645404996202677e-39,1.323075525899503e-37,ENSG00000135917.13
ENSG00000072163.19,131604.66184509496,1.977199416415398,2.0642887927528698e-39,1.323075525899503e-37,ENSG00000072163.19
ENSG00000107731.12,431960.7141673929,-1.9971033203320248,2.1721718208949265e-39,1.3870979058412298e-37,ENSG00000107731.12
ENSG00000132837.14,10453.351487539443,2.4067965336636226,2.4741902936072706e-39,1.5743571144854207e-37,ENSG00000132837.14
ENSG00000074276.10,5233.708765789437,-2.331919492599817,2.5057243171649966e-39,1.588788591774159e-37,ENSG00000074276.10
ENSG00000130520.10,557820.43528642,-1.5227314461306722,3.2116299273237066e-39,2.0220872777507577e-37,ENSG00000130520.10
ENSG00000137463.4,3004.429216573391,2.458795759887166,3.297921256336395e-39,2.0691573085209882e-37,ENSG00000137463.4
ENSG00000154721.14,119596.38586133152,2.0516321945974343,3.5178260167706926e-39,2.199437980659697e-37,ENSG00000154721.14
ENSG00000144485.10,50570.726472148206,-2.949512091269144,3.830285406339449e-39,2.3864806017831626e-37,ENSG00000144485.10
ENSG00000180914.10,219366.90871639928,3.9720595933002456,4.2486562395113234e-39,2.6379891889893146e-37,ENSG00000180914.10
ENSG00000188610.12,22610.339637331283,-2.6275638040347404,4.367709367568953e-39,2.7025578238502516e-37,ENSG00000188610.12
ENSG00000177363.4,21672.916070263876,3.3204778670365447,4.397583906617455e-39,2.711692289358887e-37,ENSG00000177363.4
ENSG00000130176.7,219422.80506235443,3.162396806225567,4.9226142409299124e-39,3.0250476006591214e-37,ENSG00000130176.7
ENSG00000169291.9,67678.19590683357,2.0964053405331176,6.6240604946088e-39,4.042929983512255e-37,ENSG00000169291.9
ENSG00000123689.5,144765.48356944398,3.7640728501409617,6.66390206956321e-39,4.053459618177703e-37,ENSG00000123689.5
ENSG00000184347.14,418198.38640098576,2.3660868416106693,7.218511818344901e-39,4.375978921229084e-37,ENSG00000184347.14
ENSG00000146966.12,49997.2881363955,1.5836238638674713,8.56901312889551e-39,5.177184228447847e-37,ENSG00000146966.12
ENSG00000137960.5,15150.451673867005,2.625330410215155,8.651518638526152e-39,5.2094916258293045e-37,ENSG00000137960.5
ENSG00000158571.10,11657.454659487748,3.0863648402757144,1.337743449478556e-38,8.02825032021512e-37,ENSG00000158571.10
ENSG00000265972.5,3994916.8606577935,1.9289300080032434,1.640975023566519e-38,9.815218607625872e-37,ENSG00000265972.5
ENSG00000239523.5,19823.98680594201,1.5954753854163446,1.7481828448467416e-38,1.0421725238514927e-36,ENSG00000239523.5
ENSG00000081377.16,101871.14366863345,1.6064481308552694,1.785795299482908e-38,1.0610698958252088e-36,ENSG00000081377.16
ENSG00000162004.16,41047.414839768746,-3.374641527883323,1.8934717221464224e-38,1.1213352007325215e-36,ENSG00000162004.16
ENSG00000139734.17,63697.72378167804,-2.4699544855045015,1.969337026383362e-38,1.1624270921520739e-36,ENSG00000139734.17
ENSG00000143196.4,364662.90712495707,3.1924955721134256,2.1701752107889676e-38,1.2726020909280141e-36,ENSG00000143196.4
ENSG00000144908.13,35368.05118952982,4.173251389602662,2.3988714130266256e-38,1.4021286200439664e-36,ENSG00000144908.13
ENSG00000206172.8,52794.592908128965,4.070987666954904,2.8806472711621023e-38,1.6759097083859706e-36,ENSG00000206172.8
ENSG00000151914.19,1687907.7962695167,2.3760489926918127,2.885956865198757e-38,1.6759097083859706e-36,ENSG00000151914.19
ENSG00000133392.17,831847.4501433464,3.0756215896626236,3.845685154995351e-38,2.2260314329431152e-36,ENSG00000133392.17
ENSG00000166819.11,566748.980226424,4.84130577278058,4.1685946469143914e-38,2.405185284380445e-36,ENSG00000166819.11
ENSG00000120279.6,65440.83237694703,1.8687826822835212,5.193573407309101e-38,2.9869705519472597e-36,ENSG00000120279.6
ENSG00000165269.12,68379.12666953834,4.656187717329946,5.285699963339133e-38,3.030242816043367e-36,ENSG00000165269.12
ENSG00000171914.16,254117.2598445039,1.6377936796933306,5.414627079437025e-38,3.094269691510126e-36,ENSG00000171914.16
ENSG00000179921.14,5523.725969635185,2.505483106843475,5.479834359563611e-38,3.1199318034789406e-36,ENSG00000179921.14
ENSG00000198826.10,125664.02245472815,-2.161251567251188,5.494307010139018e-38,3.1199318034789406e-36,ENSG00000198826.10
ENSG00000166947.11,9446.087009183746,2.2007722265839376,5.590158202161426e-38,3.164346964655666e-36,ENSG00000166947.11
ENSG00000156509.13,6500.479390616622,-2.4910226362973296,5.626962354058286e-38,3.175163914503833e-36,ENSG00000156509.13
ENSG00000122729.18,330790.9341711471,1.5525648656668738,6.056274230146625e-38,3.4067017174216626e-36,ENSG00000122729.18
ENSG00000167588.12,350004.89981642686,4.744739547779168,6.977248264514585e-38,3.9124919643265537e-36,ENSG00000167588.12
ENSG00000101955.14,128453.82287375453,2.5024004576949657,7.468414175424818e-38,4.174866790150248e-36,ENSG00000101955.14
ENSG00000188536.12,100110.52383379162,4.039212870247606,7.827217594130871e-38,4.361850699039886e-36,ENSG00000188536.12
ENSG00000132840.9,29325.30706358625,2.8435204085408854,1.0362404411465124e-37,5.738981011090438e-36,ENSG00000132840.9
ENSG00000099822.2,8690.84589567271,-3.74573010385207,1.2353949728395143e-37,6.799977727801302e-36,ENSG00000099822.2
ENSG00000187758.7,15620.7980834327,4.796361363882653,1.3174187077940858e-37,7.211732246277882e-36,ENSG00000187758.7
ENSG00000145681.10,20280.7505343534,-4.695878675549017,1.3182390641881104e-37,7.211732246277882e-36,ENSG00000145681.10
ENSG00000116016.13,1086937.561690404,1.8092809601898914,1.4113459618699755e-37,7.697626729420925e-36,ENSG00000116016.13
ENSG00000076706.16,792497.1911507382,1.8358031916207227,1.7115214455382597e-37,9.306527520829857e-36,ENSG00000076706.16
ENSG00000198624.12,195750.53428887183,2.4845526227182537,1.8983419368623948e-37,1.0291192663159762e-35,ENSG00000198624.12
ENSG00000111247.14,76333.88567832166,-2.4656746205051414,2.6823513439890925e-37,1.4497624251969964e-35,ENSG00000111247.14
ENSG00000167676.4,1191102.8182014807,4.723512768769071,2.7322294898120977e-37,1.472286065020669e-35,ENSG00000167676.4
ENSG00000173269.13,251699.74983326255,1.8432934159221823,2.885875995847875e-37,1.5504239182483315e-35,ENSG00000173269.13
ENSG00000196550.10,25711.9938854099,-2.453846410166499,2.9941646684854843e-37,1.603799725710553e-35,ENSG00000196550.10
ENSG00000171596.6,6287.225615562322,3.097085209469146,3.368059365902509e-37,1.7987040851712686e-35,ENSG00000171596.6
ENSG00000114346.13,330599.5261681542,-1.8715795784029776,3.433383336492161e-37,1.8227405500004535e-35,ENSG00000114346.13
ENSG00000091651.8,44883.107373553124,-2.5578441851858194,3.433150196947949e-37,1.8227405500004535e-35,ENSG00000091651.8
ENSG00000132026.13,5254.747589105273,-5.749991080536602,3.6650623745774463e-37,1.934290566159344e-35,ENSG00000132026.13
ENSG00000145194.17,82100.71488869615,-2.139184069244819,3.822040791181658e-37,2.0112228726382308e-35,ENSG00000145194.17
ENSG00000141526.16,256607.41960335453,-2.478993669464714,6.623826407777058e-37,3.475378393600922e-35,ENSG00000141526.16
ENSG00000117122.13,281582.81201754254,-2.4512062044322964,6.729265425636316e-37,3.520406378939302e-35,ENSG00000117122.13
ENSG00000123473.15,105660.81032303497,-2.146215691474426,6.876544167084547e-37,3.586997341109451e-35,ENSG00000123473.15
ENSG00000197769.5,5153.877935280457,3.653279290462622,6.949161305008004e-37,3.614369578465612e-35,ENSG00000197769.5
ENSG00000277494.1,35394.355179918464,3.341844535316889,7.028249956262721e-37,3.6449398039068863e-35,ENSG00000277494.1
ENSG00000065534.18,973604.9814452319,2.303599654652493,8.343172122950166e-37,4.314405780236823e-35,ENSG00000065534.18
ENSG00000185803.8,464580.89034837263,-1.8983066007896685,9.0699807463853e-37,4.676773980262581e-35,ENSG00000185803.8
ENSG00000189134.3,2707.9789742035287,2.452954243662246,9.179190116840647e-37,4.7195239958907905e-35,ENSG00000189134.3
ENSG00000168496.3,247817.29951431486,-1.7296546103241572,1.0351002683272083e-36,5.306811204246693e-35,ENSG00000168496.3
ENSG00000101938.14,248050.13310043464,4.063086305816585,1.0829833188466921e-36,5.536482243129642e-35,ENSG00000101938.14
ENSG00000183145.8,16855.650871325433,-3.218113002720929,1.122179652081306e-36,5.720565817314476e-35,ENSG00000183145.8
ENSG00000169252.5,22266.838446866903,2.587203945214597,1.9527536173348028e-36,9.87048194632555e-35,ENSG00000169252.5
ENSG00000123219.12,31447.738029070293,-1.950878865621211,2.1204733036821914e-36,1.0688138472267764e-34,ENSG00000123219.12
ENSG00000135094.10,61969.649436404026,-2.3433745234258163,2.1938599990874996e-36,1.102706549681403e-34,ENSG00000135094.10
ENSG00000161649.12,52159.23234410215,4.797861845878515,2.4729203365434737e-36,1.2394995117021254e-34,ENSG00000161649.12
ENSG00000152270.8,73301.89376386418,3.169827676086308,2.6039072873473554e-36,1.3015184502551794e-34,ENSG00000152270.8
ENSG00000133116.7,15711.227680270029,2.5271708359698213,3.012833305499181e-36,1.4975701062015876e-34,ENSG00000133116.7
ENSG00000177732.8,307618.0317693095,-1.7272625367440617,3.584303031954077e-36,1.7767053482150264e-34,ENSG00000177732.8
ENSG00000177542.10,197678.84529686213,-1.6484788629430573,3.9434149293923376e-36,1.9493288565569176e-34,ENSG00000177542.10
ENSG00000141338.13,92183.02626432068,3.663784516819656,4.2137073506226785e-36,2.0772188104278392e-34,ENSG00000141338.13
ENSG00000126218.11,14950.27977818944,2.5346145104384683,4.3456328863843326e-36,2.136384562007684e-34,ENSG00000126218.11
ENSG00000109705.7,6422.467439185998,-3.683505662475285,5.536774402237018e-36,2.7082434461248682e-34,ENSG00000109705.7
ENSG00000135119.14,37882.99505437174,-2.2105654471970766,6.590287096104418e-36,3.204772673509422e-34,ENSG00000135119.14
ENSG00000127955.15,102721.92807889495,2.1261104407683318,8.966246642538353e-36,4.348387290640762e-34,ENSG00000127955.15
ENSG00000161888.11,65897.46612625498,-1.9788174993608527,9.220593726305069e-36,4.459685547838764e-34,ENSG00000161888.11
ENSG00000230798.5,14135.171396627244,-4.800582490557774,1.1503076558748274e-35,5.54868832715535e-34,ENSG00000230798.5
ENSG00000164035.9,118765.24596907395,1.9624762441641064,1.2955340028643078e-35,6.215792018020625e-34,ENSG00000164035.9
ENSG00000186105.7,15988.965424730892,1.9486319399828842,1.397210831176074e-35,6.6857469745662595e-34,ENSG00000186105.7
ENSG00000068489.12,105349.27340385913,-2.775057695914115,1.5178797954000752e-35,7.243839108685891e-34,ENSG00000068489.12
ENSG00000006118.14,588634.133418078,-2.346808499989089,1.7116468505677802e-35,8.146894187423939e-34,ENSG00000006118.14
ENSG00000136826.14,224768.979738126,2.390388740236843,1.7759196034181665e-35,8.430450096226342e-34,ENSG00000136826.14
ENSG00000137825.10,7345.140233912361,-3.4524985822103655,2.329485411495948e-35,1.100007532207455e-33,ENSG00000137825.10
ENSG00000182325.10,201783.11693986968,-1.793653900190014,2.3497269103521806e-35,1.1066535348913262e-33,ENSG00000182325.10
ENSG00000104549.11,569548.6855440116,-2.162832957207647,2.372514763181399e-35,1.114460861532121e-33,ENSG00000104549.11
ENSG00000124507.10,26307.246234815735,-2.565668360682444,2.494165154671281e-35,1.1685456797760173e-33,ENSG00000124507.10
ENSG00000163888.3,10358.12335711806,-3.0978438795695333,3.0775109127689715e-35,1.4380952036126673e-33,ENSG00000163888.3
ENSG00000189129.13,41470.43086059675,2.91067882059704,3.133481635022553e-35,1.4604466093206413e-33,ENSG00000189129.13
ENSG00000073111.13,391995.91184036614,-1.9410771296554787,3.274010601164913e-35,1.5180580420491783e-33,ENSG00000073111.13
ENSG00000131153.8,113564.19028631184,-2.1725680166251307,3.3301605046567105e-35,1.5401134045247426e-33,ENSG00000131153.8
ENSG00000115718.17,4613.018421624578,-2.5030353995738297,3.8208047729005577e-35,1.762481255653666e-33,ENSG00000115718.17
ENSG00000189367.14,22647.273217878104,2.7917492203835863,3.899445909987723e-35,1.7941450617646076e-33,ENSG00000189367.14
ENSG00000142731.10,66101.96534965475,-1.8148331024944138,6.789021539733293e-35,3.09980159055914e-33,ENSG00000142731.10
ENSG00000137225.12,10268.873629921745,2.6268469424729353,8.139898572107043e-35,3.7071659892865176e-33,ENSG00000137225.12
ENSG00000157150.4,61465.50082901306,4.103481782180847,8.288093212439643e-35,3.765102395038404e-33,ENSG00000157150.4
ENSG00000110799.13,1308907.7992219378,1.9665533476321229,8.828533688223671e-35,4.000485063168827e-33,ENSG00000110799.13
ENSG00000149380.11,61459.703151469825,-1.8435784695840185,1.1913005245193763e-34,5.371029299491379e-33,ENSG00000149380.11
ENSG00000196976.7,159518.44331295398,-2.0010682579376198,1.3493470867843986e-34,6.0683418860298875e-33,ENSG00000196976.7
ENSG00000186193.8,144725.79366027622,-2.238276693769473,1.3677508520485932e-34,6.135730322289989e-33,ENSG00000186193.8
ENSG00000179603.17,4804.560187519005,-2.9564084471062086,1.6596707577029065e-34,7.426716228484029e-33,ENSG00000179603.17
ENSG00000113594.9,325910.6425557505,2.4344644814557834,1.7490100316371306e-34,7.787651614813069e-33,ENSG00000113594.9
ENSG00000100479.12,34586.43865415659,-1.628406485328241,1.8300298469049805e-34,8.128231577441329e-33,ENSG00000100479.12
ENSG00000073712.14,336080.85058815504,1.6417815428668325,2.0195323665770757e-34,8.947775008854085e-33,ENSG00000073712.14
ENSG00000124615.17,135486.6678878496,1.7014973957181478,2.3467821827125623e-34,1.0372083617387738e-32,ENSG00000124615.17
ENSG00000085840.12,40165.34340891416,-2.3917915761308985,2.4403310021369813e-34,1.0732671446653428e-32,ENSG00000085840.12
ENSG00000113578.17,104414.34160948067,2.2168970008150826,2.4530769792160526e-34,1.0762350443778203e-32,ENSG00000113578.17
ENSG00000167964.12,52028.41976161253,-2.8617124119489565,2.5924122172901286e-34,1.1345913372452212e-32,ENSG00000167964.12
ENSG00000099812.8,221497.70071553474,-3.1852378709491185,2.665066944431936e-34,1.1635513686347117e-32,ENSG00000099812.8
ENSG00000197299.10,59620.94851731102,-2.026352151104029,2.706332275093204e-34,1.1786996685503022e-32,ENSG00000197299.10
ENSG00000135218.17,1105913.8735882153,3.7766563858419215,3.4802411376202075e-34,1.5011886291696397e-32,ENSG00000135218.17
ENSG00000151651.15,130202.35676317153,-2.3434761803062756,6.452119198802617e-34,2.756591116745575e-32,ENSG00000151651.15
ENSG00000054967.12,59581.53905094774,-1.713167116827862,6.799623766357118e-34,2.898157930249694e-32,ENSG00000054967.12
ENSG00000117586.10,43346.36129478606,-2.079818250522531,7.3823954015501695e-34,3.13909249017574e-32,ENSG00000117586.10
ENSG00000169627.7,272886.1937700503,-1.7310438349412929,8.163962429642522e-34,3.4550505150355053e-32,ENSG00000169627.7
ENSG00000106689.10,5028.407450346434,-4.799874784133309,9.248426406377758e-34,3.895628249672359e-32,ENSG00000106689.10
ENSG00000117407.16,23643.93039433222,-3.0901351998616216,1.0485976268891355e-33,4.396270050677254e-32,ENSG00000117407.16
ENSG00000154240.16,44684.73785048835,1.6448733414776446,1.1394120847599098e-33,4.765876561522569e-32,ENSG00000154240.16
ENSG00000103253.17,89928.43790951878,-2.088776284351611,1.3124736762198025e-33,5.476983173508868e-32,ENSG00000103253.17
ENSG00000105048.16,162441.78900884115,-4.312042189034724,1.4282948618603192e-33,5.94647865457577e-32,ENSG00000105048.16
ENSG00000231749.3,3678.2978593877924,3.5398632158193495,1.5150277205167228e-33,6.292976253924092e-32,ENSG00000231749.3
ENSG00000086717.18,16377.041292884547,-2.6082648320777793,1.534386231429416e-33,6.358666636667308e-32,ENSG00000086717.18
ENSG00000101463.5,37679.552911373336,-2.97704568253715,1.7507745982425175e-33,7.238686495590721e-32,ENSG00000101463.5
ENSG00000168079.16,74630.50347358956,4.744580234591452,1.8637455396903676e-33,7.688057463035392e-32,ENSG00000168079.16
ENSG00000049249.8,20318.823624431327,-3.1266948434244877,3.3171253446688986e-33,1.3497164894498575e-31,ENSG00000049249.8
ENSG00000151468.10,170579.98641233795,2.4262793930186293,3.391945138153985e-33,1.3770376370822422e-31,ENSG00000151468.10
ENSG00000141582.14,308946.1509879343,-1.6986479502204073,3.567693194174281e-33,1.441862312528453e-31,ENSG00000141582.14
ENSG00000183395.4,10315.477090700979,-1.7383522287574595,3.560842377837299e-33,1.441862312528453e-31,ENSG00000183395.4
ENSG00000158106.13,245719.0514565458,-2.171181638871195,3.668102503038601e-33,1.4757944240924812e-31,ENSG00000158106.13
ENSG00000136492.8,68670.29182180237,-2.2315161769058895,3.905876193195584e-33,1.5679427832371713e-31,ENSG00000136492.8
ENSG00000154262.12,54532.56292890254,2.624729596416828,4.5269864277653765e-33,1.8132197424067392e-31,ENSG00000154262.12
ENSG00000184500.14,166228.80642610093,1.9906355518728835,5.986203803314313e-33,2.38173926932754e-31,ENSG00000184500.14
ENSG00000135046.13,1085294.7810614354,2.136357266621455,6.217188223843365e-33,2.468168705501003e-31,ENSG00000135046.13
ENSG00000104888.9,6995.121381404855,2.588679758984815,7.133777819644435e-33,2.8195706871299502e-31,ENSG00000104888.9
ENSG00000101280.7,4187.350778883236,3.2104387711625764,7.264969174605601e-33,2.865112238881822e-31,ENSG00000101280.7
ENSG00000267107.6,27887.816917943557,1.7014662716494398,8.587629273113326e-33,3.3793074490514372e-31,ENSG00000267107.6
ENSG00000112964.13,161578.8536072713,2.665366172331385,9.573014344919059e-33,3.7588220876417416e-31,ENSG00000112964.13
ENSG00000144642.21,115558.68523281674,2.037700291986332,1.0170222145446687e-32,3.984595331395095e-31,ENSG00000144642.21
ENSG00000107562.16,822090.8056156604,2.0699463383663725,1.1187603428890428e-32,4.373646098649451e-31,ENSG00000107562.16
ENSG00000144031.11,5450.023123758498,2.322539273059963,1.2376287359386055e-32,4.817355756547144e-31,ENSG00000144031.11
ENSG00000261371.5,1138779.463902987,1.590579710641762,1.2362661687845304e-32,4.817355756547144e-31,ENSG00000261371.5
ENSG00000125869.9,91365.25781843333,-2.923302560167283,1.5894666574802303e-32,6.173460974421051e-31,ENSG00000125869.9
ENSG00000241399.6,264845.1249769782,1.534388620982471,1.6069805402073034e-32,6.228004063386577e-31,ENSG00000241399.6
ENSG00000134222.16,65431.012554629604,-1.8754840080898163,1.8286020302373323e-32,7.056437597973912e-31,ENSG00000134222.16
ENSG00000163710.7,85789.00955521918,4.16141480821929,1.8582771895418393e-32,7.137343985165771e-31,ENSG00000163710.7
ENSG00000127561.14,15995.743952145234,-2.934917571363558,1.8615007718778315e-32,7.137343985165771e-31,ENSG00000127561.14
ENSG00000138346.14,55501.03252118849,-1.7441223476874048,2.3182219183936427e-32,8.850675341203304e-31,ENSG00000138346.14
ENSG00000157554.18,106562.54781956859,1.6476184489376051,2.4951238613948463e-32,9.485699696794307e-31,ENSG00000157554.18
ENSG00000148541.12,31312.01327553752,2.0869152155262336,3.2236936768163595e-32,1.2152512465712764e-30,ENSG00000148541.12
ENSG00000113810.15,592086.3299473277,-1.6052509056223583,3.343491978028099e-32,1.2577698124472998e-30,ENSG00000113810.15
ENSG00000163297.16,251306.85604032184,1.5952737121208413,3.37480684324689e-32,1.2668940166364476e-30,ENSG00000163297.16
ENSG00000135346.8,57275.93196480128,-8.453011163980202,3.7684464902434036e-32,1.4087709129359923e-30,ENSG00000135346.8
ENSG00000127329.15,221663.04342160575,1.8544117422836512,3.81528185374426e-32,1.4203613606553321e-30,ENSG00000127329.15
ENSG00000187608.8,666456.5102069654,-3.3488414061505583,3.8119984422815796e-32,1.4203613606553321e-30,ENSG00000187608.8
ENSG00000198844.10,97983.75426991741,1.7541504630829574,4.143646549477174e-32,1.5394118775117683e-30,ENSG00000198844.10
ENSG00000164919.10,2839323.3746582028,-2.868789464309173,4.3332620437773447e-32,1.606530043668196e-30,ENSG00000164919.10
ENSG00000138685.13,100455.88313881445,2.3290121448442416,4.3858925475850776e-32,1.6226898118323015e-30,ENSG00000138685.13
ENSG00000164045.11,50879.57623015479,-2.314415179094954,6.083196353350205e-32,2.246026242068232e-30,ENSG00000164045.11
ENSG00000187800.13,54951.57036546506,1.9799012767653033,6.155131544802997e-32,2.2679195162206364e-30,ENSG00000187800.13
ENSG00000249751.3,73880.36806945912,1.7323652544135832,7.357116552796436e-32,2.7052479390036733e-30,ENSG00000249751.3
ENSG00000168874.12,25875.00376273358,3.035501324506566,7.972056135959117e-32,2.9134536721721054e-30,ENSG00000168874.12
ENSG00000246430.6,4690.962884435735,3.7992857857936633,8.97653472696432e-32,3.267240144840725e-30,ENSG00000246430.6
ENSG00000024422.11,661692.435452274,1.6770941497196428,9.311715048678534e-32,3.382376818491652e-30,ENSG00000024422.11
ENSG00000174697.4,183028.42794446912,5.646964759704506,1.1301708160935513e-31,4.096926287673269e-30,ENSG00000174697.4
ENSG00000134548.9,20216.412559653356,4.577856260029198,1.4973607338616226e-31,5.3953094394403526e-30,ENSG00000134548.9
ENSG00000106034.17,102848.61907030256,2.4905635038579232,1.5884747102073755e-31,5.700718039992229e-30,ENSG00000106034.17
ENSG00000180044.5,26464.070592957694,-2.0010207451349995,1.6006796957195248e-31,5.733053185626976e-30,ENSG00000180044.5
ENSG00000239672.7,706840.6112713316,-2.056018209168285,1.6232608294209374e-31,5.8023490683524506e-30,ENSG00000239672.7
ENSG00000125355.15,21890.81248204748,2.2899789859186233,1.7288467224140783e-31,6.167480235983742e-30,ENSG00000125355.15
ENSG00000176058.11,226876.75809239465,-1.881157984331075,1.8221470266546395e-31,6.47457549431502e-30,ENSG00000176058.11
ENSG00000136160.14,82538.74180080037,2.16206696428573,1.914358649093517e-31,6.788784901054163e-30,ENSG00000136160.14
ENSG00000162618.13,197109.19466204193,1.6263772482759296,2.113459262208264e-31,7.480061735910273e-30,ENSG00000162618.13
ENSG00000113580.14,390871.9211781519,1.6109425570141171,2.2895118424622693e-31,8.087204823059637e-30,ENSG00000113580.14
ENSG00000205038.11,7180.528253724488,3.8366246822705152,2.3157559987499084e-31,8.163836078893587e-30,ENSG00000205038.11
ENSG00000147799.11,145380.14605407123,-1.5433524679501034,3.0489734779580687e-31,1.0685699236031169e-29,ENSG00000147799.11
ENSG00000260442.5,5234.80187205096,-2.3591025408004804,3.1607269384713676e-31,1.1055766897452285e-29,ENSG00000260442.5
ENSG00000132031.12,142208.17562363393,-2.7486814855127633,3.2895248129700803e-31,1.1483897518275314e-29,ENSG00000132031.12
ENSG00000152154.10,14938.595718493263,2.544041056472701,3.5778795069029905e-31,1.2466304829488788e-29,ENSG00000152154.10
ENSG00000167619.11,21855.980768908554,-3.8049472356894,3.695753915319025e-31,1.2852055863659803e-29,ENSG00000167619.11
ENSG00000163827.12,6222.889113141659,2.7053098459877405,3.778526598519779e-31,1.311448380731894e-29,ENSG00000163827.12
ENSG00000178695.5,667680.5046713223,1.5924966398212614,4.4535472829806645e-31,1.5348831480543444e-29,ENSG00000178695.5
ENSG00000103522.15,44910.98742219773,-2.720730963750738,4.456498663265233e-31,1.5348831480543444e-29,ENSG00000103522.15
ENSG00000213085.9,30435.736007425236,-2.5264155557397032,4.508807868588445e-31,1.5499242987346945e-29,ENSG00000213085.9
ENSG00000141696.12,216606.20803723697,-1.5328924553161127,4.553222728142128e-31,1.5592181036981364e-29,ENSG00000141696.12
ENSG00000259954.1,17122.0753844834,-2.6102298297239166,4.548178145147277e-31,1.5592181036981364e-29,ENSG00000259954.1
ENSG00000185480.11,45035.02787645006,-1.6684806440690692,4.6652603715568065e-31,1.5945415639469587e-29,ENSG00000185480.11
ENSG00000165244.6,62612.36790040065,-1.8333203333021495,4.745145232405468e-31,1.6187620922107172e-29,ENSG00000165244.6
ENSG00000170323.8,942975.6567820037,4.493011280251332,6.244511902631858e-31,2.1181762113577705e-29,ENSG00000170323.8
ENSG00000171115.3,98913.09345589482,1.7837773563408437,6.518213129616178e-31,2.206845592411938e-29,ENSG00000171115.3
ENSG00000177098.8,72254.24782361087,2.4384282514242774,7.065723832402495e-31,2.383220835500571e-29,ENSG00000177098.8
ENSG00000104738.16,862249.0010678418,-1.8795448885727424,7.416213817703074e-31,2.4967456049693052e-29,ENSG00000104738.16
ENSG00000138207.13,127345.75497170367,4.1373486265204935,7.749711658797839e-31,2.604135318454465e-29,ENSG00000138207.13
ENSG00000105173.13,60265.050781990365,-3.267957183745254,7.790411915097039e-31,2.612918717841145e-29,ENSG00000105173.13
ENSG00000128165.8,84926.92953717975,-2.0842693533658405,1.0598692243657484e-30,3.541581631660892e-29,ENSG00000128165.8
ENSG00000170276.5,27901.561110950257,2.35711406814285,1.2107704882069493e-30,4.0159086211433456e-29,ENSG00000170276.5
ENSG00000004799.7,498834.5721341434,3.085690519171049,1.373782581410491e-30,4.539807484499052e-29,ENSG00000004799.7
ENSG00000102010.14,10687.573807002442,2.643448481746246,1.3878542173185827e-30,4.577877955067031e-29,ENSG00000102010.14
ENSG00000198947.15,158966.74397210949,2.6937003006577234,1.7906261897929748e-30,5.884797866235373e-29,ENSG00000198947.15
ENSG00000156298.12,109693.85681395608,2.3763277388998287,1.8687633049593592e-30,6.119176778136997e-29,ENSG00000156298.12
ENSG00000102385.12,6297.001736431296,-2.3660322822512514,1.900990659670291e-30,6.213365463956958e-29,ENSG00000102385.12
ENSG00000176619.12,448432.0787621499,-1.544857231377668,2.001436689390921e-30,6.529778173532853e-29,ENSG00000176619.12
ENSG00000159433.11,71784.45286958042,2.050912993148538,2.534323377094292e-30,8.223489815294752e-29,ENSG00000159433.11
ENSG00000183807.7,4619.470604963203,2.1212468847928743,2.5804909915169058e-30,8.358182373967393e-29,ENSG00000183807.7
ENSG00000073350.13,540049.1571864556,-1.7036225852932152,2.7479284390206124e-30,8.884473497258716e-29,ENSG00000073350.13
ENSG00000126785.12,91542.16787070748,1.629184985318652,2.8153292040987715e-30,9.086019287472725e-29,ENSG00000126785.12
ENSG00000166250.11,240794.41342588607,2.0043787303867284,3.391353494550393e-30,1.0925394453539002e-28,ENSG00000166250.11
ENSG00000170367.4,20226.02020832076,-7.664238585061058,3.686333455060054e-30,1.1833196335885082e-28,ENSG00000170367.4
ENSG00000119969.14,108879.290199586,-1.7478517306163215,4.127195524878929e-30,1.3224713660433481e-28,ENSG00000119969.14
ENSG00000123136.14,375564.36748401634,-1.5432347418626153,4.816642292558426e-30,1.5378973184638505e-28,ENSG00000123136.14
ENSG00000173391.8,113859.09856074679,-2.2027529133068984,5.396388540592774e-30,1.7199430900958567e-28,ENSG00000173391.8
ENSG00000183971.6,6156.0431403619,-4.370723186922434,5.977840549266783e-30,1.9018860073766516e-28,ENSG00000183971.6
ENSG00000107807.12,15089.759282745761,-7.081150308135548,6.0885397312922985e-30,1.9336771139523717e-28,ENSG00000107807.12
ENSG00000168505.6,1101.4758016364283,-5.11626098904506,6.338107198258593e-30,2.0093815470945616e-28,ENSG00000168505.6
ENSG00000221866.9,94784.29615000078,2.830407846136454,6.639804192550416e-30,2.1013165155401177e-28,ENSG00000221866.9
ENSG00000263400.6,4399.655837053795,1.8939834488946783,7.787956646229645e-30,2.451703404560434e-28,ENSG00000263400.6
ENSG00000180509.11,7491.399384289595,3.166370124282064,9.61819464762794e-30,3.0015458218614915e-28,ENSG00000180509.11
ENSG00000008735.13,183364.02866513026,-2.78243176638377,1.0100240892418266e-29,3.1465056002353017e-28,ENSG00000008735.13
ENSG00000069431.11,86403.24403915665,1.9792818608939102,1.0296422942534279e-29,3.199457741884624e-28,ENSG00000069431.11
ENSG00000249310.2,17443.66523069045,-2.979885752756298,1.0305877033043428e-29,3.199457741884624e-28,ENSG00000249310.2
ENSG00000235173.6,268158.7358835512,-1.5841326256539223,1.3774167290201843e-29,4.268802380921967e-28,ENSG00000235173.6
ENSG00000179776.17,306027.06142456963,1.5352678211538964,1.4951903457568238e-29,4.625809580044904e-28,ENSG00000179776.17
ENSG00000136108.14,220209.9545535404,-1.5385508641780399,1.6371477197996036e-29,5.056278603112579e-28,ENSG00000136108.14
ENSG00000169245.5,355455.16498629627,-3.5043984476863974,1.7258387274418085e-29,5.321039540415089e-28,ENSG00000169245.5
ENSG00000170962.12,164963.1406928389,1.917091513168504,1.7320184968522605e-29,5.3309330887679175e-28,ENSG00000170962.12
ENSG00000165795.23,610698.5335537606,2.171219415716382,1.923975447216792e-29,5.911612230283924e-28,ENSG00000165795.23
ENSG00000169248.12,85984.36454972981,-3.457374304500139,1.9399541346464242e-29,5.945842282278276e-28,ENSG00000169248.12
ENSG00000101255.10,264901.1190320116,-1.6234412767673445,2.1696262519407983e-29,6.632329380719878e-28,ENSG00000101255.10
ENSG00000107954.10,76063.09111901636,-3.68442367586926,2.2390396770575535e-29,6.832878905632779e-28,ENSG00000107954.10
ENSG00000215483.9,4015.8403661038283,2.835155128576316,2.2464967830548198e-29,6.833591770054389e-28,ENSG00000215483.9
ENSG00000187288.10,154213.97831261536,4.774352893356464,2.2515571408392195e-29,6.836199887515898e-28,ENSG00000187288.10
ENSG00000145936.8,61360.70834824313,2.5068622841010817,2.3063338198438635e-29,6.990684807986197e-28,ENSG00000145936.8
ENSG00000003249.13,238704.3166800598,-1.9835713009122216,2.3416553299066318e-29,7.085777949383576e-28,ENSG00000003249.13
ENSG00000136011.14,7494.003449743667,3.0386930162123367,2.4093667309927136e-29,7.27839673753085e-28,ENSG00000136011.14
ENSG00000173457.10,326623.56975130405,-1.752596824153221,2.618009209518841e-29,7.8821404791285385e-28,ENSG00000173457.10
ENSG00000130173.13,8238.442172485622,1.6081917372221994,2.714768478811e-29,8.159766429444654e-28,ENSG00000130173.13
ENSG00000107104.18,290728.5978277136,1.680809786446472,2.7668032688636825e-29,8.302260511118715e-28,ENSG00000107104.18
ENSG00000122707.11,110783.51598413767,1.7378094834726592,2.8111983156767127e-29,8.42139275066827e-28,ENSG00000122707.11
ENSG00000160298.17,51266.62089121154,-1.6988182863219399,3.03178799493903e-29,9.067067296864326e-28,ENSG00000160298.17
ENSG00000103647.12,27083.295884562594,2.1040354712893206,3.078057095870712e-29,9.190125878253588e-28,ENSG00000103647.12
ENSG00000145362.17,109439.34854058166,2.237488362821495,3.167959048259851e-29,9.442833415610425e-28,ENSG00000145362.17
ENSG00000154920.14,131415.20854900952,-1.780061262188881,3.6310529895527593e-29,1.0777179794522345e-27,ENSG00000154920.14
ENSG00000179750.15,90484.95663820373,-2.8662970829355325,3.633634516097871e-29,1.0777179794522345e-27,ENSG00000179750.15
ENSG00000163467.11,4529.374057279785,-1.9559796819222897,4.2466597432895384e-29,1.2533233952892678e-27,ENSG00000163467.11
ENSG00000186469.8,133399.7657339563,1.7105793813540948,4.60992751567142e-29,1.3583011386076842e-27,ENSG00000186469.8
ENSG00000151623.14,56005.3827331685,2.1684969786044,4.779931401419592e-29,1.4060834273290682e-27,ENSG00000151623.14
ENSG00000147251.15,143145.517210066,1.9448377909688521,5.156749889468018e-29,1.5144471361147973e-27,ENSG00000147251.15
ENSG00000149451.17,42503.36979058263,2.842300836965048,5.502297167656014e-29,1.6132879146473776e-27,ENSG00000149451.17
ENSG00000104413.15,937139.1188874401,-1.5287604962831278,5.757828811054766e-29,1.685456446746602e-27,ENSG00000104413.15
ENSG00000108001.13,37182.120415060264,2.3278441889311416,6.080648748259645e-29,1.777054741673796e-27,ENSG00000108001.13
ENSG00000203727.3,53668.40915448591,2.9942713035682185,6.424070263113718e-29,1.8743661268506105e-27,ENSG00000203727.3
ENSG00000170989.8,176745.35860893858,1.8904977806447956,7.538113059843688e-29,2.192283642558106e-27,ENSG00000170989.8
ENSG00000182118.7,44090.6632567205,2.2153018205445543,1.0428791810582439e-28,3.0037598755873402e-27,ENSG00000182118.7
ENSG00000186891.13,53193.550792554444,-2.9658727384736436,1.1346238056006774e-28,3.262770764054256e-27,ENSG00000186891.13
ENSG00000156802.12,510892.48398976855,-1.909904451856749,1.2212097386408582e-28,3.5005411421999296e-27,ENSG00000156802.12
ENSG00000240583.11,1154847.5778569172,1.9810813336067346,1.3268564459743757e-28,3.7973065496912594e-27,ENSG00000240583.11
ENSG00000120156.20,89036.72000807199,1.7519765184013927,1.3656393976074337e-28,3.8896878334393314e-27,ENSG00000120156.20
ENSG00000118804.8,156137.65450854713,1.5575694994867075,1.4597525231976838e-28,4.144588493078994e-27,ENSG00000118804.8
ENSG00000086548.8,993372.793478726,-4.863444340284444,1.5488546922016012e-28,4.390623790974018e-27,ENSG00000086548.8
ENSG00000136960.12,293147.27659909084,2.4549974512806134,1.595784072055895e-28,4.509409352593855e-27,ENSG00000136960.12
ENSG00000105699.16,833460.2799307086,-1.5832135282847062,1.671298151211484e-28,4.715373274424351e-27,ENSG00000105699.16
ENSG00000172403.10,391046.45676001307,2.3110116308953232,1.681808450121065e-28,4.737577838143232e-27,ENSG00000172403.10
ENSG00000116194.12,31198.647385428754,2.7722004760030408,1.7604356409015403e-28,4.951294222623391e-27,ENSG00000116194.12
ENSG00000157315.4,3052.9579012348527,1.5453238075388114,1.7683798632656104e-28,4.9658541888009564e-27,ENSG00000157315.4
ENSG00000129596.4,45499.269490828025,3.0004265076367647,1.8324796955293684e-28,5.137814946340467e-27,ENSG00000129596.4
ENSG00000150907.7,206209.29923223332,1.6037374226987906,1.86831401069914e-28,5.230113355379933e-27,ENSG00000150907.7
ENSG00000188626.6,2189.251974617838,2.1615917552668447,1.978180681310479e-28,5.529045817045987e-27,ENSG00000188626.6
ENSG00000267272.5,33533.96218622621,2.2917800959301586,2.037667893414729e-28,5.6864560932245566e-27,ENSG00000267272.5
ENSG00000176890.15,232771.9630761518,-1.9426112223634961,2.102985444110595e-28,5.859622796447285e-27,ENSG00000176890.15
ENSG00000115507.9,23292.97862630508,-3.091281173236491,2.414681901112986e-28,6.686582103946207e-27,ENSG00000115507.9
ENSG00000154330.12,60049.84108200498,2.5038590160153418,2.631738635216469e-28,7.276412645658601e-27,ENSG00000154330.12
ENSG00000084628.9,254614.13235199547,-3.8594981124672367,3.049964556334238e-28,8.40684546833511e-27,ENSG00000084628.9
ENSG00000138722.9,69803.2272416141,3.3023331720440114,3.118214498838647e-28,8.581785424411146e-27,ENSG00000138722.9
ENSG00000136158.11,106895.73032214561,2.1887615720351548,3.4768494607211983e-28,9.510455293167863e-27,ENSG00000136158.11
ENSG00000132329.10,104048.56458976095,-3.21233723638985,3.56638811083745e-28,9.740527893587092e-27,ENSG00000132329.10
ENSG00000162367.11,20385.300661253932,1.822136882199181,3.7024126690225284e-28,1.0096670658501558e-26,ENSG00000162367.11
ENSG00000130307.11,18237.231387461918,1.8205278476957703,3.894766839798724e-28,1.0577575632495226e-26,ENSG00000130307.11
ENSG00000174469.19,210528.92837832938,-4.001775782128853,3.896443096901106e-28,1.0577575632495226e-26,ENSG00000174469.19
ENSG00000196616.13,847513.407582246,4.8614075606912115,4.362728160519044e-28,1.1807661253748675e-26,ENSG00000196616.13
ENSG00000155970.11,13573.111885286424,2.0387079675257307,4.5354526684644605e-28,1.2256651006464801e-26,ENSG00000155970.11
ENSG00000133401.15,196600.56878867318,2.213418504022569,4.885772498910057e-28,1.3183504018111588e-26,ENSG00000133401.15
ENSG00000119865.8,56577.873565480775,1.5520435250191669,5.013333600933491e-28,1.3507396116388972e-26,ENSG00000119865.8
ENSG00000165092.12,194999.62494484393,2.312630454474549,5.2114909502334695e-28,1.3999250540567273e-26,ENSG00000165092.12
ENSG00000185686.17,172137.14343154288,-5.907431218685472,5.267391655953261e-28,1.4128262462544892e-26,ENSG00000185686.17
ENSG00000129467.13,73762.23623152323,1.7683227802104131,5.91316261386303e-28,1.5813083449054875e-26,ENSG00000129467.13
ENSG00000143195.12,10742.608414135837,-2.41756967927505,6.49751459235472e-28,1.7349910988870997e-26,ENSG00000143195.12
ENSG00000015413.9,8660.230852188939,-2.6454455498736955,6.709588611780867e-28,1.7889577719137575e-26,ENSG00000015413.9
ENSG00000046889.18,72716.13658985622,2.1209901288885766,6.74297632505006e-28,1.7951923913456718e-26,ENSG00000046889.18
ENSG00000049768.14,38414.46946525924,-2.0354066145180907,6.775246260410835e-28,1.801111391063882e-26,ENSG00000049768.14
ENSG00000117598.11,1813.1082592995303,-4.564853403350841,6.94103600013143e-28,1.8424548814550053e-26,ENSG00000117598.11
ENSG00000255398.2,11926.800909168505,2.1162309859949735,7.308793484049491e-28,1.9343508890528625e-26,ENSG00000255398.2
ENSG00000182253.14,722072.5163109213,3.091484256447583,7.513905732312911e-28,1.9857072821888493e-26,ENSG00000182253.14
ENSG00000121594.11,11112.436142342514,-2.347509890196712,9.065663415445993e-28,2.3782787182275277e-26,ENSG00000121594.11
ENSG00000112214.10,13438.176307957874,2.48839530332816,9.197441212643518e-28,2.4093267900682524e-26,ENSG00000112214.10
ENSG00000254389.3,28587.48106933336,-1.7602142348129097,9.646344330476637e-28,2.5232361904675334e-26,ENSG00000254389.3
ENSG00000085563.14,38120.6494547056,2.1894147150147614,1.2298220986139817e-27,3.202892269597865e-26,ENSG00000085563.14
ENSG00000152104.11,408646.7720228937,1.689160977020054,1.4031689961457806e-27,3.649052821281143e-26,ENSG00000152104.11
ENSG00000140451.12,19194.742277863574,-2.481588273019281,1.5202734226174294e-27,3.9478706650430035e-26,ENSG00000140451.12
ENSG00000227036.6,38648.054426701914,-3.2717921820755085,1.5630038454450954e-27,4.0529683529865306e-26,ENSG00000227036.6
ENSG00000171462.14,12746.809201373113,1.8205124381624658,1.794332011612743e-27,4.6394083020719107e-26,ENSG00000171462.14
ENSG00000197576.13,13344.532647805927,2.2732185617002867,1.913313717834134e-27,4.9399282522036976e-26,ENSG00000197576.13
ENSG00000182010.10,58559.73363373246,-2.021599657352938,1.9505861001150237e-27,5.0289248535149404e-26,ENSG00000182010.10
ENSG00000124253.10,44550.73319861735,5.0889972464084545,2.102321495256066e-27,5.396860788394113e-26,ENSG00000124253.10
ENSG00000105409.16,21664.805210238526,-3.4711710704881407,2.1793972675245627e-27,5.586729224065821e-26,ENSG00000105409.16
ENSG00000117308.14,204261.53076053935,-1.622303913609959,2.1924586076154992e-27,5.61219361698324e-26,ENSG00000117308.14
ENSG00000179934.6,4292.638867107233,-3.609336723108188,2.5726792395767594e-27,6.576090637459454e-26,ENSG00000179934.6
ENSG00000157613.10,426126.0356799476,-2.442501156254132,3.241572847372608e-27,8.238921129356102e-26,ENSG00000157613.10
ENSG00000149609.5,3202.7691778690537,-1.8927072922710726,3.246714525135808e-27,8.240317600995324e-26,ENSG00000149609.5
ENSG00000206384.10,30068.04710493732,3.154758212834295,3.369303802085009e-27,8.539376754888899e-26,ENSG00000206384.10
ENSG00000127586.16,116892.82146609537,-1.753795198464807,3.435317097012993e-27,8.694404793907072e-26,ENSG00000127586.16
ENSG00000168061.14,77359.40560154099,-1.656738750411103,3.795464679792815e-27,9.592368762563701e-26,ENSG00000168061.14
ENSG00000108821.13,36654268.667313024,-2.3798224055255606,3.8816674418123104e-27,9.782674238185407e-26,ENSG00000108821.13
ENSG00000131016.16,297405.8634011026,2.3074066648653955,3.937046446316726e-27,9.90832558663497e-26,ENSG00000131016.16
ENSG00000226237.1,5718.5965537502325,2.3170620496960654,4.094502951490743e-27,1.0275770763853133e-25,ENSG00000226237.1
ENSG00000183150.7,9913.31003209519,-2.4698451045326175,4.356489866832022e-27,1.090276906142731e-25,ENSG00000183150.7
ENSG00000154678.16,40631.022364122044,2.819744075931131,4.391311916541743e-27,1.0974610171368389e-25,ENSG00000154678.16
ENSG00000154856.12,152726.54610588079,1.9687891275574019,4.894740055470348e-27,1.2198779938244432e-25,ENSG00000154856.12
ENSG00000147536.11,80836.33594183093,-2.1371175056452767,5.283033692581796e-27,1.313002168693736e-25,ENSG00000147536.11
ENSG00000216490.3,1076711.7791190867,-1.8114630249190502,5.403103916330604e-27,1.3391339319701155e-25,ENSG00000216490.3
ENSG00000116014.9,7179.573814479307,-4.501406722511422,5.781661834461748e-27,1.4270445661290456e-25,ENSG00000116014.9
ENSG00000229314.5,21530.53172954782,-5.553085808663472,6.0074002284279834e-27,1.4807251332268096e-25,ENSG00000229314.5
ENSG00000085552.16,291319.6027224895,-1.8444142158435939,6.521001211952106e-27,1.6051144821298846e-25,ENSG00000085552.16
ENSG00000105467.8,1606.052872660227,-3.1748734004627432,6.553183359069005e-27,1.610826331440195e-25,ENSG00000105467.8
ENSG00000011422.11,220758.14589547846,-1.843687021668953,8.297884420130742e-27,2.0285727252701095e-25,ENSG00000011422.11
ENSG00000138829.11,65188.99146656074,-2.9746682102109743,8.412060428408354e-27,2.0536872425491088e-25,ENSG00000138829.11
ENSG00000158966.13,112142.94811554122,1.941535358993087,1.0766997519756849e-26,2.6214790162078272e-25,ENSG00000158966.13
ENSG00000171992.12,538129.229676606,1.5062580690272516,1.105046630024784e-26,2.686850505306873e-25,ENSG00000171992.12
ENSG00000103257.8,792231.2994278928,-2.7503467827350607,1.1570604916115872e-26,2.8095119704300843e-25,ENSG00000103257.8
ENSG00000105388.15,237208.90150127222,-5.189470133847235,1.163306682233263e-26,2.8208615008099552e-25,ENSG00000105388.15
ENSG00000079337.15,115780.45680935684,1.8016729068857278,1.2174749155919044e-26,2.9482280547073054e-25,ENSG00000079337.15
ENSG00000173825.6,5948.345851208571,-2.031198913813105,1.2868075196256468e-26,3.111923737488222e-25,ENSG00000173825.6
ENSG00000104951.15,103073.92747625757,-1.8146125363837666,1.4453434204987438e-26,3.4859196690093356e-25,ENSG00000104951.15
ENSG00000134201.10,46537.017529249795,3.0937692458548716,1.499323936420144e-26,3.6064167178449146e-25,ENSG00000134201.10
ENSG00000176956.12,3849.0710925068,-2.8246017483531594,1.4978632338136043e-26,3.6064167178449146e-25,ENSG00000176956.12
ENSG00000101230.5,86795.46209661811,2.284142309986699,1.5285175076760697e-26,3.6717159515046044e-25,ENSG00000101230.5
ENSG00000034971.16,12475.440205723637,6.582641869148416,1.5315325474338597e-26,3.674040111116735e-25,ENSG00000034971.16
ENSG00000141668.9,41149.53082559765,-5.5697917078536,1.540733299547151e-26,3.691177346738862e-25,ENSG00000141668.9
ENSG00000165443.11,16936.554249237877,1.9509321713320964,1.7217538297532596e-26,4.1138682717832876e-25,ENSG00000165443.11
ENSG00000150048.10,17872.325956155702,1.5812091011723177,1.9018429962317255e-26,4.520088837666501e-25,ENSG00000150048.10
ENSG00000008300.16,89403.33486701969,-2.544148124067423,1.9797001591718756e-26,4.69827720773519e-25,ENSG00000008300.16
ENSG00000136732.14,136553.392150008,1.6492802964855913,2.005382266894062e-26,4.747305989069532e-25,ENSG00000136732.14
ENSG00000135074.15,143977.32142993086,-1.8342197820278174,2.0333488412814657e-26,4.800843632625609e-25,ENSG00000135074.15
ENSG00000166960.16,4872.438350361084,3.0209825274413693,2.1241181993686735e-26,5.008564647762349e-25,ENSG00000166960.16
ENSG00000090006.17,349072.69240292354,1.6967343075207586,2.1443046772774505e-26,5.0495279696937755e-25,ENSG00000090006.17
ENSG00000151726.13,881246.0363364159,2.0616625944448703,2.367623051979988e-26,5.568103282402215e-25,ENSG00000151726.13
ENSG00000241644.2,35854.45603865558,2.44349638667092,2.408788009589694e-26,5.657498958648883e-25,ENSG00000241644.2
ENSG00000173894.10,152013.13574326516,-2.8194401469806203,2.4127255994230544e-26,5.659339628241475e-25,ENSG00000173894.10
ENSG00000198932.12,55348.858237359374,2.009092922381371,2.630367216682706e-26,6.16178973056847e-25,ENSG00000198932.12
ENSG00000276409.4,132753.32349737888,3.024034972752049,2.6850750311584305e-26,6.28174528801915e-25,ENSG00000276409.4
ENSG00000005249.12,410201.12393854116,2.0582329510581476,2.7214883164282744e-26,6.3586440559881455e-25,ENSG00000005249.12
ENSG00000196549.10,331985.74272960325,2.9703209529466528,2.9867837075610487e-26,6.969420916576783e-25,ENSG00000196549.10
ENSG00000189334.8,1146961.3930052994,-2.620502100278872,3.103293055061683e-26,7.231881893509979e-25,ENSG00000189334.8
ENSG00000135447.16,122922.65444662522,3.1852413175488286,3.215946920009758e-26,7.484688914741258e-25,ENSG00000135447.16
ENSG00000119138.4,341110.6589984722,1.5198467263973352,3.5432836703053494e-26,8.225185275544526e-25,ENSG00000119138.4
ENSG00000126895.13,8150.011634904451,2.676967818446426,3.5751236955943833e-26,8.288374624514937e-25,ENSG00000126895.13
ENSG00000128408.8,19931.635937719973,-1.8043889638794537,4.0224615428534465e-26,9.30142395940235e-25,ENSG00000128408.8
ENSG00000129654.7,33774.90846578949,-4.596922235025117,4.135188787606109e-26,9.51305482112872e-25,ENSG00000129654.7
ENSG00000196584.2,45326.42408072664,-1.7993340186807498,4.2527001828377803e-26,9.770864543001425e-25,ENSG00000196584.2
ENSG00000134531.9,1239691.1220812306,1.7030271533761376,5.934997415415628e-26,1.3549312165676592e-24,ENSG00000134531.9
ENSG00000092445.11,79968.18383215746,1.6800568743773563,6.39185821573442e-26,1.45737616039566e-24,ENSG00000092445.11
ENSG00000153303.16,3423.4193320357504,3.7881160001628906,7.229837174342085e-26,1.6442610678883952e-24,ENSG00000153303.16
ENSG00000153246.12,155968.31815195258,1.6024949937950406,7.409353933491944e-26,1.680827395481409e-24,ENSG00000153246.12
ENSG00000097046.12,76669.76266932962,-1.8579966702303956,7.453473515712458e-26,1.6873627485682434e-24,ENSG00000097046.12
ENSG00000130635.15,2670974.739991531,-2.0794857016167945,7.456969792769823e-26,1.6873627485682434e-24,ENSG00000130635.15
ENSG00000117148.7,14554.122602778729,-6.409164574435325,7.869640655451492e-26,1.776262036747441e-24,ENSG00000117148.7
ENSG00000183682.7,10065.729200298878,-1.6786692270190058,8.47065477122497e-26,1.90711956354907e-24,ENSG00000183682.7
ENSG00000100985.7,610115.462428072,-3.117627446755739,8.611831575627396e-26,1.934051386646533e-24,ENSG00000100985.7
ENSG00000100307.12,229651.67216226168,1.5624337041943486,8.745589104396696e-26,1.9591866528001785e-24,ENSG00000100307.12
ENSG00000105464.3,24020.461022107887,-2.3277012443663296,9.60300778885788e-26,2.1485831890681524e-24,ENSG00000105464.3
ENSG00000118946.11,70061.27810760366,-1.5299390156746784,1.0001736320980859e-25,2.2322283152199072e-24,ENSG00000118946.11
ENSG00000154065.16,38310.70009712966,2.2782081708597985,1.0319971184938976e-25,2.300392086242795e-24,ENSG00000154065.16
ENSG00000135144.7,40717.690000696806,1.9634930780042097,1.3556414734004893e-25,3.010597846373562e-24,ENSG00000135144.7
ENSG00000090971.4,115010.35078491356,-1.6638147283347902,1.3982436173183144e-25,3.1013700209097448e-24,ENSG00000090971.4
ENSG00000119771.14,44003.14504312938,2.293992006293314,1.4304014791225913e-25,3.1687807581945406e-24,ENSG00000119771.14
ENSG00000164736.5,25260.80985822329,1.994749609784049,1.5999611058963069e-25,3.535677596576765e-24,ENSG00000164736.5
ENSG00000149124.10,11476.891633657771,5.378742489897043,1.6480779905543064e-25,3.637529085179148e-24,ENSG00000149124.10
ENSG00000198885.9,19321.14387895453,2.1900207797093025,1.7664426797931979e-25,3.889208275608484e-24,ENSG00000198885.9
ENSG00000240654.6,3891.9758655695414,2.237951323575851,1.8861930566821195e-25,4.1477755158215626e-24,ENSG00000240654.6
ENSG00000197245.5,19478.640485855314,2.0880731902745793,1.935622168156319e-25,4.251261222202813e-24,ENSG00000197245.5
ENSG00000108924.13,77665.24533296555,2.7843869796179095,2.046941881346624e-25,4.4847771817928965e-24,ENSG00000108924.13
ENSG00000123388.4,49923.88422208666,-3.619074005857312,2.335804229578804e-25,5.08044498128025e-24,ENSG00000123388.4
ENSG00000133317.14,33949.99476692949,3.825998091402593,2.3776873823218094e-25,5.1652811608211316e-24,ENSG00000133317.14
ENSG00000183248.11,262361.1607547847,-2.160398689832959,2.4063482651188776e-25,5.221222886250682e-24,ENSG00000183248.11
ENSG00000100625.8,138666.37766170723,-1.7210271733192153,2.4992364771868065e-25,5.397592230318405e-24,ENSG00000100625.8
ENSG00000128271.21,104897.04513287116,-2.4234019546052337,2.4996651490161584e-25,5.397592230318405e-24,ENSG00000128271.21
ENSG00000117632.22,1243958.9442237106,-1.802336897435196,2.5757835876293073e-25,5.548602724660299e-24,ENSG00000117632.22
ENSG00000198478.7,138863.7535201864,1.8202190468569952,2.5884150676459925e-25,5.5691270951846154e-24,ENSG00000198478.7
ENSG00000167702.11,233101.7948039888,-2.0554709300815084,2.663004918806785e-25,5.715904337687673e-24,ENSG00000167702.11
ENSG00000240498.6,6922.863379913829,-2.1999206296079583,2.7678111692822846e-25,5.933763873548544e-24,ENSG00000240498.6
ENSG00000144045.13,10215.945981362576,-3.2168255054278463,2.822500324193667e-25,6.043788283691069e-24,ENSG00000144045.13
ENSG00000136859.9,490066.8682094738,1.7324187128122297,2.8760606534174037e-25,6.151136157916793e-24,ENSG00000136859.9
ENSG00000101049.14,13059.231759082262,2.748445354310543,3.093193262355023e-25,6.5841352194185685e-24,ENSG00000101049.14
ENSG00000120907.17,3531.365698423755,4.173555409188064,3.3043815170302575e-25,7.017020348117271e-24,ENSG00000120907.17
ENSG00000109794.13,23079.381614449496,1.8513483583202317,3.4532644462378704e-25,7.32193918368977e-24,ENSG00000109794.13
ENSG00000103260.8,292344.61190323805,-2.485571713079117,3.45613156965294e-25,7.32193918368977e-24,ENSG00000103260.8
ENSG00000182272.11,176932.08761322018,-1.959991327706041,3.6227265857356356e-25,7.647788924051793e-24,ENSG00000182272.11
ENSG00000153823.18,45363.73945271236,2.269472232458949,3.713476508073782e-25,7.830155400807984e-24,ENSG00000153823.18
ENSG00000225988.1,4328.022479639978,-2.902744562436258,4.117394798705078e-25,8.671658716897172e-24,ENSG00000225988.1
ENSG00000204710.2,12435.118608978477,-6.76134866376099,4.1397603178752405e-25,8.708541517462288e-24,ENSG00000204710.2
ENSG00000196684.12,122619.97668366878,-2.453338754900593,4.242374069760247e-25,8.91395319763207e-24,ENSG00000196684.12
ENSG00000013588.7,1837528.300618943,-2.315481710401277,5.007725738816176e-25,1.0497503581462322e-23,ENSG00000013588.7
ENSG00000241684.5,6271.410329228366,2.9340433644208415,5.083954885017183e-25,1.0632457628991647e-23,ENSG00000241684.5
ENSG00000053438.8,15470.922946515904,2.902768065879775,5.124270837489526e-25,1.0699070457974668e-23,ENSG00000053438.8
ENSG00000174611.11,3309.867178506715,3.4686061078958375,5.41162243529422e-25,1.125216141123053e-23,ENSG00000174611.11
ENSG00000171056.7,48092.34811841772,1.77339603973538,6.6355591065326e-25,1.3701780507206096e-23,ENSG00000171056.7
ENSG00000147889.17,131375.25276536107,-2.99105217049363,6.627590801060464e-25,1.3701780507206096e-23,ENSG00000147889.17
ENSG00000157766.15,30473.56077041731,-2.7430041655369726,6.876599732621142e-25,1.4183184551971696e-23,ENSG00000157766.15
ENSG00000019505.7,389813.0380461238,-4.584571487726205,6.890018553401436e-25,1.41945456856757e-23,ENSG00000019505.7
ENSG00000154553.13,239963.68906042818,1.9402278237702388,7.187984840241967e-25,1.4774478805647408e-23,ENSG00000154553.13
ENSG00000221818.8,29630.845676410132,2.0035269790165344,7.262980053867425e-25,1.4877501608059027e-23,ENSG00000221818.8
ENSG00000174343.5,5364.044887531661,-5.176198426556331,8.228841976033258e-25,1.6798446008866983e-23,ENSG00000174343.5
ENSG00000049283.17,272800.1333673391,-2.156225378917684,8.252208676223063e-25,1.6827003691607572e-23,ENSG00000049283.17
ENSG00000132561.13,292695.2014879274,2.4444392965210313,8.332687273345768e-25,1.6971820707482005e-23,ENSG00000132561.13
ENSG00000130477.15,11096.56336780202,-3.078484816095169,8.720928352598713e-25,1.7682298119664554e-23,ENSG00000130477.15
ENSG00000009950.15,26724.665114913183,3.0270995136108616,8.808245662524569e-25,1.783918286324389e-23,ENSG00000009950.15
ENSG00000245848.2,210890.70653725433,1.80438488568293,9.106818774448261e-25,1.842308411372036e-23,ENSG00000245848.2
ENSG00000164047.4,6000.898830761954,-3.750441853669932,1.0101633789490175e-24,2.0389619428415263e-23,ENSG00000164047.4
ENSG00000168334.8,12853.777641942956,-3.570040190912485,1.0172583716961977e-24,2.0509757552490532e-23,ENSG00000168334.8
ENSG00000116690.12,101055.34464862177,2.2050126998216997,1.0982060295457432e-24,2.2067423285743353e-23,ENSG00000116690.12
ENSG00000250218.1,649.464295275967,3.6882528777206773,1.1850560335767948e-24,2.3759380409499447e-23,ENSG00000250218.1
ENSG00000163884.3,20160.283770999933,2.698544908625881,1.2344473467149678e-24,2.4722012488229222e-23,ENSG00000163884.3
ENSG00000144655.14,281040.6562270222,1.6202443706926852,1.3408055536592703e-24,2.676241919339482e-23,ENSG00000144655.14
ENSG00000137309.19,792160.7679946788,-1.753480498169592,1.5525374651981337e-24,3.0851309275210754e-23,ENSG00000137309.19
ENSG00000184697.6,6128.109963723536,-5.313896495273578,1.7678590147438642e-24,3.48598485280922e-23,ENSG00000184697.6
ENSG00000196748.9,7909.689500468723,-3.5101893071643655,1.787946320772699e-24,3.517862804818565e-23,ENSG00000196748.9
ENSG00000138435.15,7746.0865317955895,-2.502329701600569,2.0745828632676027e-24,4.064008176689286e-23,ENSG00000138435.15
ENSG00000188483.7,138247.97342165347,-1.9302642654379962,2.1021644560713073e-24,4.1090674291659626e-23,ENSG00000188483.7
ENSG00000167434.9,12443.260562433581,5.033452435843657,2.1706439893113708e-24,4.2383063921875124e-23,ENSG00000167434.9
ENSG00000106004.4,26079.84205260116,2.4333739772281007,2.311686410146176e-24,4.503898039485666e-23,ENSG00000106004.4
ENSG00000129680.15,62860.780331368514,1.707794679854088,2.439980322774779e-24,4.743554378317512e-23,ENSG00000129680.15
ENSG00000013297.10,68110.88047860145,2.4956156092140707,2.5310585716935525e-24,4.909980001131795e-23,ENSG00000013297.10
ENSG00000146197.8,125677.35585798333,-3.2076089089311695,2.9167520301653767e-24,5.6277632719664e-23,ENSG00000146197.8
ENSG00000123096.11,231049.00868120784,1.5794685267395452,3.0884497867143788e-24,5.952646935854222e-23,ENSG00000123096.11
ENSG00000159184.7,30610.39956327946,-6.976118300671876,3.135916887859781e-24,6.03764942443733e-23,ENSG00000159184.7
ENSG00000003096.14,74040.85171308098,2.6075209379990145,3.231013635848537e-24,6.214073813683403e-23,ENSG00000003096.14
ENSG00000154529.14,21626.381269740596,2.786129870530304,3.399052749678363e-24,6.530257231287853e-23,ENSG00000154529.14
ENSG00000185420.18,201813.74818270397,-1.5140923696857014,3.806323161570011e-24,7.297079360172251e-23,ENSG00000185420.18
ENSG00000134028.14,65011.80158480508,-3.3446773612394742,3.921049710223853e-24,7.50099317699966e-23,ENSG00000134028.14
ENSG00000107159.12,32123.780704535675,-4.78874638362786,4.128035569027731e-24,7.871782173287311e-23,ENSG00000107159.12
ENSG00000181092.9,759705.3196910472,4.8364907613759005,4.1743928214526626e-24,7.951730869229998e-23,ENSG00000181092.9
ENSG00000149554.12,102343.13321831849,-1.5808890706986936,4.3426041876639334e-24,8.26338171192382e-23,ENSG00000149554.12
ENSG00000178896.8,153788.8178189737,-1.6471925140625034,4.401738873105434e-24,8.367034146080923e-23,ENSG00000178896.8
ENSG00000131188.11,19103.171485068924,-2.0458153187332666,4.709860298762843e-24,8.924364646356964e-23,ENSG00000131188.11
ENSG00000018625.14,55813.3112232356,3.6733240227509243,4.9203949926249205e-24,9.293849236595954e-23,ENSG00000018625.14
ENSG00000111275.12,822105.1164441683,1.8263295241310942,4.92707321980131e-24,9.296677377088822e-23,ENSG00000111275.12
ENSG00000152583.12,1890609.071536389,1.7624590367190276,5.04685428017539e-24,9.512684160028067e-23,ENSG00000152583.12
ENSG00000115884.10,2114589.5186338373,-1.9292680058124794,5.090078785349365e-24,9.584089582823611e-23,ENSG00000115884.10
ENSG00000127241.16,7645.990862611709,3.550850508028995,5.165574453211171e-24,9.685587041632314e-23,ENSG00000127241.16
ENSG00000184492.6,2001.2597873336229,-2.0887946041902037,5.178697784468156e-24,9.700057729070625e-23,ENSG00000184492.6
ENSG00000118729.11,13448.96884409136,2.4950981568369923,5.279819305396941e-24,9.879153036083703e-23,ENSG00000118729.11
ENSG00000173404.4,17528.647792585598,-4.986653628012718,5.9421866506679566e-24,1.1095379527532343e-22,ENSG00000173404.4
ENSG00000134668.12,29198.798051723028,-2.6514090530212364,6.06004523340788e-24,1.1303685204601976e-22,ENSG00000134668.12
ENSG00000154928.16,33239.77354138624,2.484600848485842,6.086980393156376e-24,1.1342136674433854e-22,ENSG00000154928.16
ENSG00000197859.9,52121.72266715351,-1.7543586335720078,6.5072467800663616e-24,1.210010738046744e-22,ENSG00000197859.9
ENSG00000158186.12,268284.8888012942,1.8245021400688461,6.56724408685657e-24,1.219902980274889e-22,ENSG00000158186.12
ENSG00000165731.18,362217.0928534031,-3.173708809294697,6.773565941855202e-24,1.2569272726023758e-22,ENSG00000165731.18
ENSG00000102271.13,5891.930762549954,2.052192640902689,7.30034448815645e-24,1.351882161976051e-22,ENSG00000102271.13
ENSG00000124942.13,11006508.556915531,1.508169209214307,7.334601617407203e-24,1.3568256847706684e-22,ENSG00000124942.13
ENSG00000167105.7,6666.544256340731,-2.6445910764531244,8.10705132952889e-24,1.4966350726035636e-22,ENSG00000167105.7
ENSG00000134121.9,88668.19976538813,2.9485237753046527,9.001689195600508e-24,1.6583810156658678e-22,ENSG00000134121.9
ENSG00000074416.13,580677.9112550763,1.8421671765400212,1.0338539326485496e-23,1.8891522370107508e-22,ENSG00000074416.13
ENSG00000111981.4,9951.88381935831,-3.133790424399056,1.0982401737160618e-23,2.00272578019929e-22,ENSG00000111981.4
ENSG00000134765.9,4319.214765769836,2.9028808254058274,1.1312936768098817e-23,2.0588168089935616e-22,ENSG00000134765.9
ENSG00000161281.10,44218.83564293921,1.9912618765925711,1.1326950858691798e-23,2.0592786849885068e-22,ENSG00000161281.10
ENSG00000169683.7,156727.3835320582,-1.6099743983993589,1.153476103337611e-23,2.0949367609605357e-22,ENSG00000169683.7
ENSG00000165490.12,51191.28803297476,-1.7648098064385564,1.2813574191484969e-23,2.310821862231219e-22,ENSG00000165490.12
ENSG00000261236.7,371555.58659560484,-1.7833704028906465,1.3020476419178888e-23,2.3457773982504617e-22,ENSG00000261236.7
ENSG00000135747.11,11133.611558883502,-2.0633510535448107,1.3533747685296038e-23,2.4333624094684577e-22,ENSG00000135747.11
ENSG00000182459.4,1510.5680464377035,-4.4245370913529705,1.4077713824875944e-23,2.5261049687357393e-22,ENSG00000182459.4
ENSG00000164287.12,24917.790671766634,-6.175351401786009,1.4705839094520323e-23,2.633548669781164e-22,ENSG00000164287.12
ENSG00000186188.10,9668.566425581055,1.7533719333184092,1.5847531685940557e-23,2.8351755590480295e-22,ENSG00000186188.10
ENSG00000184005.10,19341.682801878174,1.6861312100380919,1.598171677143646e-23,2.856333921779441e-22,ENSG00000184005.10
ENSG00000011465.16,4406718.0129737975,2.013634959685655,1.620921806442324e-23,2.8941115318210014e-22,ENSG00000011465.16
ENSG00000147804.9,137927.47052923279,-2.059056211397421,1.6386126748637126e-23,2.9227898447072028e-22,ENSG00000147804.9
ENSG00000226482.1,316683.775452393,4.949982608677384,1.7055927951253266e-23,3.0362259043381803e-22,ENSG00000226482.1
ENSG00000166482.11,445649.10003527446,2.462798355435277,1.75747328769052e-23,3.1223862053780888e-22,ENSG00000166482.11
ENSG00000188517.14,6242.076090889365,2.6352522116281314,1.890386850597069e-23,3.3552029324543824e-22,ENSG00000188517.14
ENSG00000263586.1,1098.5818593414604,2.2665444066834777,1.9437824029417094e-23,3.446564371382019e-22,ENSG00000263586.1
ENSG00000143556.8,119417.81817536357,-6.422094258087896,2.1539110250127575e-23,3.8003716256468947e-22,ENSG00000143556.8
ENSG00000177398.18,7693.121674176949,-3.0927273340092087,2.300614878431391e-23,4.0512495955419897e-22,ENSG00000177398.18
ENSG00000157404.15,372649.2846766139,2.804732462488144,2.3741226179166395e-23,4.1684203772892537e-22,ENSG00000157404.15
ENSG00000204706.14,6189.258268488548,2.004505939065452,2.3808422292545142e-23,4.176132254324829e-22,ENSG00000204706.14
ENSG00000139946.9,57585.316090386215,1.7185219813629644,2.4403546280642402e-23,4.276340180271946e-22,ENSG00000139946.9
ENSG00000107165.12,7086.426312120899,-4.313943492299835,2.6449429572674027e-23,4.625814466394374e-22,ENSG00000107165.12
ENSG00000090659.17,35374.83748685279,2.4413354147631496,2.6573287582578626e-23,4.642951045587058e-22,ENSG00000090659.17
ENSG00000204060.6,36250.71728202726,-1.7859868627476976,2.768208831317793e-23,4.827282727810153e-22,ENSG00000204060.6
ENSG00000158445.9,33759.66059042971,2.6593991029351844,3.320388558363164e-23,5.751066823481527e-22,ENSG00000158445.9
ENSG00000181234.9,33881.88424625527,4.279966953731935,3.3626935168984813e-23,5.818724442355482e-22,ENSG00000181234.9
ENSG00000124785.8,98418.14510316674,1.9532761882309564,4.155515517998567e-23,7.18367730780022e-22,ENSG00000124785.8
ENSG00000074211.13,126507.91091666349,-3.4969633763046186,4.5484865490922406e-23,7.817820175949345e-22,ENSG00000074211.13
ENSG00000081041.8,26541.399084572353,3.1769625079571853,4.5700662802549544e-23,7.847394194535397e-22,ENSG00000081041.8
ENSG00000105784.15,12754.839384445186,1.7537783195249028,4.5767392018843134e-23,7.851339219752593e-22,ENSG00000105784.15
ENSG00000130294.15,126016.7408583191,-5.050806016299954,4.6883250003338503e-23,8.035081547850105e-22,ENSG00000130294.15
ENSG00000160973.7,104513.15191595528,-1.8982669744572722,4.7561200291609743e-23,8.143494065196996e-22,ENSG00000160973.7
ENSG00000137033.11,105390.85712860878,2.756847845436102,4.8530090864244633e-23,8.293561433028625e-22,ENSG00000137033.11
ENSG00000102802.9,66124.37470728628,2.255837842278331,4.9558679372931743e-23,8.453240899884859e-22,ENSG00000102802.9
ENSG00000186994.11,36325.119762165115,1.5362419436190586,5.083012001394718e-23,8.661877241503022e-22,ENSG00000186994.11
ENSG00000103269.13,23499.569241513527,-2.4683478403370165,5.20361060516253e-23,8.85897425987063e-22,ENSG00000103269.13
ENSG00000182463.15,163521.28782917268,2.3048810997093754,5.670581594476679e-23,9.61747789520695e-22,ENSG00000182463.15
ENSG00000147526.19,638561.3686386057,1.6904885213751002,5.745439768356459e-23,9.735238073974344e-22,ENSG00000147526.19
ENSG00000182054.9,1255798.1800358559,-1.5332112596869973,5.791544356967473e-23,9.804101126549468e-22,ENSG00000182054.9
ENSG00000164741.14,306837.1058011882,1.5690035344344682,5.90179301321208e-23,9.981317043268385e-22,ENSG00000164741.14
ENSG00000180660.7,11293.750313931361,2.473213261455319,5.955716881596215e-23,1.0063030482425846e-21,ENSG00000180660.7
ENSG00000185561.9,67019.2272560541,1.5300495344085836,6.348955339629597e-23,1.0697244564724273e-21,ENSG00000185561.9
ENSG00000167880.7,302963.3638951935,-1.663594495816898,7.422399870864061e-23,1.247074375306973e-21,ENSG00000167880.7
ENSG00000133110.14,6403928.0833774805,-2.0702941234360748,7.709298833695775e-23,1.2916494703252754e-21,ENSG00000133110.14
ENSG00000128918.14,29418.141283055025,2.5164775540124618,8.275282168064735e-23,1.382603940630853e-21,ENSG00000128918.14
ENSG00000182916.7,13858.642761801848,2.0530886306981047,9.209123183671724e-23,1.5329174991447626e-21,ENSG00000182916.7
ENSG00000164318.17,77009.91756316352,1.5100812141484807,9.318441824773228e-23,1.5496767386814717e-21,ENSG00000164318.17
ENSG00000174099.10,279224.64811133954,1.6718143482643475,1.0482381436313937e-22,1.7384089879225258e-21,ENSG00000174099.10
ENSG00000117594.9,24468.503787798443,2.4909048316736886,1.0749772865604554e-22,1.7811073342604627e-21,ENSG00000117594.9
ENSG00000198848.12,139651.18468829116,3.212868337907388,1.1310832939057365e-22,1.8706136982345197e-21,ENSG00000198848.12
ENSG00000204262.11,2829032.5853507253,-1.9113962348911295,1.1590607645401595e-22,1.9151184492549377e-21,ENSG00000204262.11
ENSG00000166265.11,142627.52922668195,1.706767888162701,1.1845388873430518e-22,1.9549457213082866e-21,ENSG00000166265.11
ENSG00000077264.14,25061.466577587616,2.597023059946285,1.3813906612461376e-22,2.2678567269351044e-21,ENSG00000077264.14
ENSG00000157782.9,3899.384928198996,1.9251711029749665,1.3849163658011616e-22,2.2715666606888525e-21,ENSG00000157782.9
ENSG00000235123.5,85839.11830539304,-7.091588701666334,1.4508084748198593e-22,2.3731364878912996e-21,ENSG00000235123.5
ENSG00000170421.12,5886164.893534444,-1.766762519483264,1.497154853883138e-22,2.446716457019948e-21,ENSG00000170421.12
ENSG00000167641.10,24053.354257968815,2.2631450038825616,1.6005982729800623e-22,2.6110123100322033e-21,ENSG00000167641.10
ENSG00000100276.9,6586.288217108143,2.010929332778193,1.6754685821535102e-22,2.7257124422631537e-21,ENSG00000100276.9
ENSG00000176177.9,1990.4860055999447,-3.3076700408569955,1.7715020503923336e-22,2.8793326804565247e-21,ENSG00000176177.9
ENSG00000076554.15,1799567.5257046937,-1.618682989840711,1.936285819049515e-22,3.138637103615583e-21,ENSG00000076554.15
ENSG00000163518.10,1035.1971847810084,-4.736809735872175,2.0017496415602475e-22,3.238899510203524e-21,ENSG00000163518.10
ENSG00000261359.2,66390.97691471779,-2.2032211010656515,2.1541124240200755e-22,3.476024580630956e-21,ENSG00000261359.2
ENSG00000111452.12,29008.24946072705,2.3694134871077415,2.157930883431645e-22,3.47905766148225e-21,ENSG00000111452.12
ENSG00000168490.13,11841.54676018785,2.2260517010713383,2.190121873980065e-22,3.5277869754666324e-21,ENSG00000168490.13
ENSG00000128655.16,16963.32844716698,2.383470277058171,2.26912880479544e-22,3.651771055896805e-21,ENSG00000128655.16
ENSG00000184384.13,196668.33032189184,1.7952275652664589,2.3088234569713333e-22,3.7123233075173485e-21,ENSG00000184384.13
ENSG00000119714.10,70695.68774751679,-1.5136277541508962,2.3513339276112067e-22,3.7772905995573405e-21,ENSG00000119714.10
ENSG00000166670.9,25531.74537837112,-3.528177376145324,2.4381325449025055e-22,3.909727469681015e-21,ENSG00000166670.9
ENSG00000171793.13,229917.55425326864,-1.5479073704831907,2.443283640361711e-22,3.914489432379512e-21,ENSG00000171793.13
ENSG00000145335.15,18866.48452441566,1.6596442865821195,2.522992856660231e-22,4.034989645268376e-21,ENSG00000145335.15
ENSG00000204936.9,15688.575387018933,-3.964762987380208,2.5724330055586426e-22,4.110395178249714e-21,ENSG00000204936.9
ENSG00000139352.3,14112.76335945619,-6.502267584686632,2.8080186598934113e-22,4.4788521629446556e-21,ENSG00000139352.3
ENSG00000129990.14,7279.221649260905,-4.254646311161261,3.4507468764780593e-22,5.494250394988668e-21,ENSG00000129990.14
ENSG00000167874.6,11004.626743507322,1.7379044967717918,3.520661689517955e-22,5.600598701836009e-21,ENSG00000167874.6
ENSG00000025708.13,607497.2804442098,-1.8331143691122658,3.815201291641125e-22,6.063770768574699e-21,ENSG00000025708.13
ENSG00000142224.15,1910.1815971166782,-4.899070626809321,4.2930962037009145e-22,6.799233740442118e-21,ENSG00000142224.15
ENSG00000145911.5,209592.2199351706,-1.7350382100254957,4.304791001604093e-22,6.811743362679352e-21,ENSG00000145911.5
ENSG00000164879.6,22979.71303511159,3.043305254885213,4.9901047134040115e-22,7.833984162495327e-21,ENSG00000164879.6
ENSG00000123119.11,16934.057125433348,2.1081590229860914,4.987351215658135e-22,7.833984162495327e-21,ENSG00000123119.11
ENSG00000138795.9,148336.12549887694,-1.7859432667032455,5.859589395232888e-22,9.182923328214755e-21,ENSG00000138795.9
ENSG00000101210.10,517264.2962516405,-3.4629370885482667,5.988527125690714e-22,9.368625173791994e-21,ENSG00000101210.10
ENSG00000094963.13,199139.52061020542,2.867103591951369,6.508816207310224e-22,1.0164856224889003e-20,ENSG00000094963.13
ENSG00000178796.12,4835.793084171907,-3.583790712096401,6.583692185503334e-22,1.027284978927581e-20,ENSG00000178796.12
ENSG00000163239.12,5656.3793870527015,2.055505258176208,6.589966413680309e-22,1.0273706110085097e-20,ENSG00000163239.12
ENSG00000116771.5,13838.110739092233,-1.5330199772042026,6.986276214814665e-22,1.0872657450011652e-20,ENSG00000116771.5
ENSG00000109255.11,9245.799827199853,-3.9772844084369754,7.704059766766716e-22,1.196897389219584e-20,ENSG00000109255.11
ENSG00000101213.6,112317.71586860344,-2.0297009401325568,8.662628846003136e-22,1.34465581325848e-20,ENSG00000101213.6
ENSG00000138755.5,686662.6593310139,-3.226816376668233,9.643239970006423e-22,1.4904246168974613e-20,ENSG00000138755.5
ENSG00000170577.7,50647.1747204499,-2.803687177063435,9.671340594299967e-22,1.4934813737015372e-20,ENSG00000170577.7
ENSG00000267795.5,285326.4144079015,-2.3527113810358027,9.79385466900609e-22,1.5098017884935162e-20,ENSG00000267795.5
ENSG00000197191.4,11900.70132998683,-2.2073959211994714,9.910734038369764e-22,1.5251990701930278e-20,ENSG00000197191.4
ENSG00000184613.10,277128.809686848,-3.257070895199539,1.000610187040323e-21,1.5385560579478624e-20,ENSG00000184613.10
ENSG00000101306.10,2300.6250903291575,-2.387116881312295,1.0477624960087593e-21,1.6069273699471092e-20,ENSG00000101306.10
ENSG00000179094.15,292243.6109624018,1.8487237901593025,1.1056494726713826e-21,1.6942591065427233e-20,ENSG00000179094.15
ENSG00000228288.6,29874.59603829205,-1.6865953978992738,1.155388614950323e-21,1.7659534332767118e-20,ENSG00000228288.6
ENSG00000136541.14,11749.536517317252,-2.5598740096085386,1.3136608010734246e-21,2.0010466395977532e-20,ENSG00000136541.14
ENSG00000165164.13,5429.659019638264,-3.3858939572597038,1.3396436642939894e-21,2.038894479397061e-20,ENSG00000165164.13
ENSG00000138696.10,1158397.5656409268,-4.0165002532983545,1.3500515053419637e-21,2.0529935772759486e-20,ENSG00000138696.10
ENSG00000164530.13,113061.5168979297,3.762015837282703,1.4126905051142448e-21,2.142799528636518e-20,ENSG00000164530.13
ENSG00000163704.11,99199.95069749674,-1.815877793600406,1.479642629749095e-21,2.2424583908967704e-20,ENSG00000163704.11
ENSG00000122121.10,9631.532959266327,2.6863089911856224,1.865079751288114e-21,2.824218654608769e-20,ENSG00000122121.10
ENSG00000122644.12,140344.25878466704,1.5472650323037125,1.876424547020043e-21,2.836610115562566e-20,ENSG00000122644.12
ENSG00000105519.15,296978.66213724785,-2.131409072571375,2.075122032301379e-21,3.126447501898904e-20,ENSG00000105519.15
ENSG00000123364.4,66207.6259434616,-2.798217296864961,2.1562720832707314e-21,3.2432645651475276e-20,ENSG00000123364.4
ENSG00000184113.9,81614.19484701238,2.2537787586253972,2.1697106938917643e-21,3.260744446498645e-20,ENSG00000184113.9
ENSG00000165478.6,11370.698595371105,4.522888543033778,2.1818978510843557e-21,3.2763159029169605e-20,ENSG00000165478.6
ENSG00000162989.4,339485.1253155219,-5.171310595240457,2.2249743576128806e-21,3.332632710601463e-20,ENSG00000162989.4
ENSG00000134339.8,289785.2774105298,3.346664542202241,2.4364090312359584e-21,3.6402101296001697e-20,ENSG00000134339.8
ENSG00000020577.13,109633.13493144588,1.5348080801940165,2.4626079745872576e-21,3.676292636937916e-20,ENSG00000020577.13
ENSG00000255071.3,234979.07873457883,3.3643487291469354,2.497401944127102e-21,3.7220415685562055e-20,ENSG00000255071.3
ENSG00000233493.3,26227.496725644658,-2.002997765477854,2.6455338123409036e-21,3.933012322174414e-20,ENSG00000233493.3
ENSG00000266402.3,3936.0718180978915,-2.22941793750984,2.6631429223799013e-21,3.955913625760344e-20,ENSG00000266402.3
ENSG00000124249.6,134687.9368991249,-2.8040068837732455,2.7406143090662165e-21,4.067624744572721e-20,ENSG00000124249.6
ENSG00000103490.13,255122.14884059192,-1.9277532775753847,2.7880751654386504e-21,4.1346463445149706e-20,ENSG00000103490.13
ENSG00000163687.13,11074.13588253243,2.730560105867111,2.929105292449974e-21,4.340203581149656e-20,ENSG00000163687.13
ENSG00000165644.10,52539.05672749282,-1.8193869643992837,3.1835033747528005e-21,4.705501199058011e-20,ENSG00000165644.10
ENSG00000196666.4,2553.525448175451,3.869227927925855,3.206115765945067e-21,4.7350239756475954e-20,ENSG00000196666.4
ENSG00000172935.8,40992.52147735509,1.931270352040611,3.24167843002591e-21,4.783608367465866e-20,ENSG00000172935.8
ENSG00000100362.12,44592.118379564265,-4.797558753831221,3.2768876704023228e-21,4.827624988316854e-20,ENSG00000100362.12
ENSG00000227964.1,535.2876191048158,-4.109010337306078,3.292898141742474e-21,4.8432593651989306e-20,ENSG00000227964.1
ENSG00000152766.5,40253.26564708316,-2.0647370525356847,3.631042021186937e-21,5.3231550676616334e-20,ENSG00000152766.5
ENSG00000228278.3,23769.23803486712,-4.522660143791538,3.76505924821829e-21,5.510621790377569e-20,ENSG00000228278.3
ENSG00000125508.3,21151.36538253604,-2.2615575524673535,3.9031427974139344e-21,5.708067999738846e-20,ENSG00000125508.3
ENSG00000177807.8,8441.781229222563,-2.604622478629733,3.943745484806121e-21,5.758060942177464e-20,ENSG00000177807.8
ENSG00000197110.8,364.094296774285,-6.115624565741753,4.1308773474933e-21,6.021483600602744e-20,ENSG00000197110.8
ENSG00000109846.7,570901.0004097804,2.7665564071212194,4.1386933475879974e-21,6.027979986129792e-20,ENSG00000109846.7
ENSG00000169436.16,49432.14503214754,-3.0452690639994304,4.670295503074282e-21,6.785731377098373e-20,ENSG00000169436.16
ENSG00000008311.14,39117.797501594054,1.684980344319502,4.7209184024392175e-21,6.837530623010754e-20,ENSG00000008311.14
ENSG00000277027.1,87207.77890887912,-4.630371898880401,4.7146265283199364e-21,6.837530623010754e-20,ENSG00000277027.1
ENSG00000268089.2,8077.6251106792815,-4.717730965455263,4.829978796221994e-21,6.989446735436086e-20,ENSG00000268089.2
ENSG00000116183.10,7460.173187875068,2.699099404438378,5.129740487034527e-21,7.41127723827275e-20,ENSG00000116183.10
ENSG00000069702.10,437884.56892534334,2.3674473866137973,5.292514070418683e-21,7.634153736301675e-20,ENSG00000069702.10
ENSG00000178662.15,28252.23959791973,2.2942411761335593,5.5338493756098274e-21,7.969453707539546e-20,ENSG00000178662.15
ENSG00000107105.14,21604.981368103643,-2.8981809348461476,5.799788704748369e-21,8.345742463352424e-20,ENSG00000107105.14
ENSG00000124440.15,14174.22439434389,3.331708616726123,5.821842372046439e-21,8.370764384936001e-20,ENSG00000124440.15
ENSG00000092607.13,48966.390841471635,1.7147002760799952,6.217353568037201e-21,8.918000993194207e-20,ENSG00000092607.13
ENSG00000105290.11,86885.13383040129,-2.883930853519391,6.374792025490691e-21,9.136523011613815e-20,ENSG00000105290.11
ENSG00000121904.17,19209.045989226874,-2.137067782442928,7.284236312433493e-21,1.0405606115882129e-19,ENSG00000121904.17
ENSG00000099849.14,172731.366832562,-1.5976235205164047,7.321263125921282e-21,1.0442984541457193e-19,ENSG00000099849.14
ENSG00000267365.1,3259.0683728256176,1.9681563856283717,7.748795535728192e-21,1.1026517612458896e-19,ENSG00000267365.1
ENSG00000048740.18,229135.73655479212,1.6281013852853388,8.240758870842894e-21,1.1698748194494056e-19,ENSG00000048740.18
ENSG00000169900.7,31781.519821908867,-5.190587465624911,8.317772886280544e-21,1.1798744400902616e-19,ENSG00000169900.7
ENSG00000164946.19,35120.70079817929,2.616218636838135,8.445788731734622e-21,1.1970871485169516e-19,ENSG00000164946.19
ENSG00000139618.14,70038.75174639242,-1.55876320402227,9.341779834037225e-21,1.3209526977302124e-19,ENSG00000139618.14
ENSG00000159409.14,2406.339451530436,-4.485779611433696,9.781373201047588e-21,1.3820233127527395e-19,ENSG00000159409.14
ENSG00000154188.9,39697.90093686574,2.280123792241336,9.842938115174389e-21,1.3885352322223995e-19,ENSG00000154188.9
ENSG00000107796.13,2458896.994805996,1.6314793748399927,9.988154374995382e-21,1.4046037782517016e-19,ENSG00000107796.13
ENSG00000177494.5,7067.935902404303,-3.0854991425338136,1.0327547403386535e-20,1.4511942882252778e-19,ENSG00000177494.5
ENSG00000143512.12,16108.353358345475,-3.3495546359688877,1.071013279076686e-20,1.5026006473613804e-19,ENSG00000143512.12
ENSG00000260428.2,6657.850101259621,-2.435361178012724,1.1265681969050883e-20,1.5780749200050668e-19,ENSG00000260428.2
ENSG00000185818.7,90239.20246088598,2.5597930202915467,1.1590571795729492e-20,1.6210539384455964e-19,ENSG00000185818.7
ENSG00000114631.10,279047.55470217095,-1.8707219397748878,1.1680214865692002e-20,1.6323191242210069e-19,ENSG00000114631.10
ENSG00000146592.16,53285.98298416832,1.9266169946792036,1.174947262918015e-20,1.6407201311907285e-19,ENSG00000146592.16
ENSG00000130701.3,46249.94220456988,-1.5782401032132118,1.2160951403353305e-20,1.6968593466700754e-19,ENSG00000130701.3
ENSG00000261739.2,3214.8573982228495,1.5128153142152756,1.2299027752755016e-20,1.7147921833367213e-19,ENSG00000261739.2
ENSG00000106852.15,41119.01654308345,1.7223903150955007,1.2688592131869105e-20,1.7677336740237517e-19,ENSG00000106852.15
ENSG00000083067.22,1985.5896660149137,2.919537707137819,1.3551744081924708e-20,1.880684422320626e-19,ENSG00000083067.22
ENSG00000189221.9,261770.4330959294,2.7647121680895754,1.373220059301081e-20,1.9042550806876813e-19,ENSG00000189221.9
ENSG00000137573.13,1631510.0683265997,-1.8041359231557885,1.4328803747343406e-20,1.9823905508275258e-19,ENSG00000137573.13
ENSG00000186907.7,41570.353240285796,-1.6750817246587952,1.5155933746710226e-20,2.0919851934689868e-19,ENSG00000186907.7
ENSG00000240204.2,19988.893776228717,-2.0183581735621154,1.5207433515322515e-20,2.097480299761316e-19,ENSG00000240204.2
ENSG00000188263.10,5641.248648497591,-3.5076292182619246,1.523136147261093e-20,2.0991670527229688e-19,ENSG00000188263.10
ENSG00000112782.15,47208.455807553015,1.8499973105431708,1.63097420049711e-20,2.246063012564861e-19,ENSG00000112782.15
ENSG00000168356.11,3898.492719851388,2.083347742723772,1.824411066711933e-20,2.5028464970243827e-19,ENSG00000168356.11
ENSG00000141682.11,99087.86460490998,-1.8453933651191632,2.0371569368241237e-20,2.786660174674581e-19,ENSG00000141682.11
ENSG00000175426.10,49144.98775772823,-4.145852367161161,2.0847854047146012e-20,2.8469854872297415e-19,ENSG00000175426.10
ENSG00000183196.8,20193.602323249244,-2.547901247441638,2.1413726140661796e-20,2.919816883495709e-19,ENSG00000183196.8
ENSG00000105289.14,314133.64644765906,-1.6516397188365033,2.5000383518936923e-20,3.3882695004819045e-19,ENSG00000105289.14
ENSG00000198838.13,18771.194482272036,2.1704586598669904,2.7122082064068017e-20,3.661991275828717e-19,ENSG00000198838.13
ENSG00000120738.7,2110266.6134214792,2.3226367026252883,2.8825259679117556e-20,3.8744603721504528e-19,ENSG00000120738.7
ENSG00000152611.11,7405.789732805673,-3.992933724876958,2.9733505735259296e-20,3.990561158664868e-19,ENSG00000152611.11
ENSG00000168309.16,80677.91383969756,2.677194933565335,3.2482526084366983e-20,4.346505951214625e-19,ENSG00000168309.16
ENSG00000109610.5,122356.75289129336,2.17820386524463,3.3380990911731216e-20,4.46007819002312e-19,ENSG00000109610.5
ENSG00000171819.4,7701.517104504139,4.468217383945376,3.417542082080065e-20,4.552663334880823e-19,ENSG00000171819.4
ENSG00000258545.5,9938.928576647459,3.1443977474783185,3.6343521483775593e-20,4.834308002259965e-19,ENSG00000258545.5
ENSG00000140534.13,64693.08632319881,-1.718545613147703,3.63358283340925e-20,4.834308002259965e-19,ENSG00000140534.13
ENSG00000149596.6,40493.016867213846,2.3095562461674017,3.6647981709770873e-20,4.871195435556508e-19,ENSG00000149596.6
ENSG00000178947.8,26498.07315253867,2.2120607951791915,3.896757183156402e-20,5.164210553512443e-19,ENSG00000178947.8
ENSG00000170419.10,93656.38657717673,-6.9651409162874796,4.6131983118852595e-20,6.059972950839612e-19,ENSG00000170419.10
ENSG00000223979.2,1062.0369106658125,-2.722547557784451,4.643002332636559e-20,6.094662315788618e-19,ENSG00000223979.2
ENSG00000166961.14,21979.60322101489,-4.519545046103685,4.722819997435842e-20,6.194903657455318e-19,ENSG00000166961.14
ENSG00000254726.2,299707.8118507038,-2.171691736595743,4.856692804433441e-20,6.361204064434574e-19,ENSG00000254726.2
ENSG00000129048.6,18294.9433496259,1.5832400092808752,5.2969018776898565e-20,6.917584228039794e-19,ENSG00000129048.6
ENSG00000132970.12,77737.25565666992,1.8339955658866447,5.309882486808704e-20,6.9294931886033e-19,ENSG00000132970.12
ENSG00000164056.10,286581.888914852,1.661212341585996,5.524177978814419e-20,7.183032583467097e-19,ENSG00000164056.10
ENSG00000006210.6,573882.8999851466,2.2251783512876204,5.627708838452003e-20,7.312353902764862e-19,ENSG00000006210.6
ENSG00000152969.17,11185.983336127356,-2.5581852296476413,5.832544613010795e-20,7.567547399556449e-19,ENSG00000152969.17
ENSG00000062282.14,384471.5382757231,2.5062605268189397,6.449973182674414e-20,8.332492353485218e-19,ENSG00000062282.14
ENSG00000176194.17,42979.3270236541,4.607406988393952,6.997345875759752e-20,9.007200458725467e-19,ENSG00000176194.17
ENSG00000130032.15,10465.708643190239,2.686866308159375,7.957604175175834e-20,1.020666542668729e-18,ENSG00000130032.15
ENSG00000214530.8,1264525.1278945075,-1.9819714362700198,8.474510664928427e-20,1.082324693035414e-18,ENSG00000214530.8
ENSG00000259134.5,3291.916300150848,2.3110976397043212,1.0031831396603176e-19,1.2694723736293893e-18,ENSG00000259134.5
ENSG00000135114.12,117306.88167957366,-2.2852262890347146,1.0454024236695294e-19,1.3210352880511293e-18,ENSG00000135114.12
ENSG00000160801.13,13745.830957985005,2.024354281039863,1.114942349226403e-19,1.4029821538933082e-18,ENSG00000160801.13
ENSG00000129038.15,313846.6305740272,-1.505375115847257,1.1252072899412123e-19,1.4139159391250079e-18,ENSG00000129038.15
ENSG00000170231.15,5290.327260904963,-4.817460201760169,1.1435239305681613e-19,1.4339198749206908e-18,ENSG00000170231.15
ENSG00000259527.2,9660.276668485607,-7.262019054639553,1.1576126482570537e-19,1.4495604578035292e-18,ENSG00000259527.2
ENSG00000227528.5,1069.6394207006879,-2.597460357705284,1.236640195049627e-19,1.5474387489519183e-18,ENSG00000227528.5
ENSG00000169783.12,129828.71572513272,-2.3196781314822097,1.382695448120262e-19,1.724189515015287e-18,ENSG00000169783.12
ENSG00000169750.8,128080.69208026658,-1.6974808246394404,1.4044858578052662e-19,1.750145432809562e-18,ENSG00000169750.8
ENSG00000092009.10,5637.609435810306,2.941687426685622,1.426295242407176e-19,1.774857269747182e-18,ENSG00000092009.10
ENSG00000169313.9,10169.856987689018,2.256925635444342,1.4373084017315416e-19,1.787322381196866e-18,ENSG00000169313.9
ENSG00000172318.5,4536.7870136511865,3.13325162919801,1.4654077457260634e-19,1.821002533885629e-18,ENSG00000172318.5
ENSG00000120471.15,6117.432602429218,2.5877096882937134,1.547238944069867e-19,1.917379531242382e-18,ENSG00000120471.15
ENSG00000253250.2,8335.946774094735,1.9131598005050536,1.5917410599529533e-19,1.9684494541554648e-18,ENSG00000253250.2
ENSG00000136982.5,64326.63129229051,-1.6201956884928683,1.7721321223448894e-19,2.1885160910775428e-18,ENSG00000136982.5
ENSG00000111713.2,1207.4579747888554,4.107311650652035,1.7734459653944149e-19,2.188632352340948e-18,ENSG00000111713.2
ENSG00000170498.8,1782.8823451078902,-2.9520401153452345,1.7986058669485555e-19,2.2181569537130503e-18,ENSG00000170498.8
ENSG00000135604.9,26151.28916869767,1.6445030709216109,1.9276652628044137e-19,2.3691798271070135e-18,ENSG00000135604.9
ENSG00000149488.12,1455.6306741882893,2.35691741003872,2.0277290868308883e-19,2.487051998229218e-18,ENSG00000149488.12
ENSG00000005102.12,48258.37141540864,2.5487666406750766,2.070160236499809e-19,2.5356283470138274e-18,ENSG00000005102.12
ENSG00000130720.12,16731.415595628525,-3.706285250609084,2.0803427260391735e-19,2.5463622016403087e-18,ENSG00000130720.12
ENSG00000167646.13,32889.58490036979,-2.371511114778884,2.1630708706786907e-19,2.645817566697916e-18,ENSG00000167646.13
ENSG00000179292.4,2490.386438611088,-4.148972091163723,2.1793662933537317e-19,2.662120406258636e-18,ENSG00000179292.4
ENSG00000136014.11,4077.2374389666197,2.254692234973825,2.2697548379856024e-19,2.7668804900009274e-18,ENSG00000136014.11
ENSG00000009709.11,7864.607711198864,-7.491833622739158,2.3250233390714086e-19,2.8323298571824407e-18,ENSG00000009709.11
ENSG00000073282.12,131014.99021047833,2.7322911032666464,2.3440576808712303e-19,2.849713484116081e-18,ENSG00000073282.12
ENSG00000184937.13,16731.94851874219,-3.8192924764214946,2.3607999429903785e-19,2.8681241826011748e-18,ENSG00000184937.13
ENSG00000168350.7,561513.596391783,-2.019115715887504,2.374436574923903e-19,2.8827395061187088e-18,ENSG00000168350.7
ENSG00000171126.7,3441.116084938178,-2.9092618439974762,2.4522041426155836e-19,2.9751420645770138e-18,ENSG00000171126.7
ENSG00000128011.4,41648.73974634477,-1.5658838801281951,2.487614754465533e-19,3.0160648077114537e-18,ENSG00000128011.4
ENSG00000167771.5,31240.078620035987,-2.450605190240609,2.6029520776002113e-19,3.1473970404621424e-18,ENSG00000167771.5
ENSG00000140263.13,450726.47182643495,-1.7530247936237409,2.693902542776209e-19,3.2529870274277455e-18,ENSG00000140263.13
ENSG00000185090.14,148392.82401349806,-1.628692510467958,2.781448291880706e-19,3.3541873756389373e-18,ENSG00000185090.14
ENSG00000126709.14,1984211.7540759207,-2.4335113502456944,2.82762543395138e-19,3.4030121252061415e-18,ENSG00000126709.14
ENSG00000185499.16,2975568.1813434036,-2.3161768170288766,2.909570612817614e-19,3.499285192788154e-18,ENSG00000185499.16
ENSG00000178773.14,46530.33510004677,-2.500294852674415,3.1020347266190844e-19,3.7182973369707984e-18,ENSG00000178773.14
ENSG00000255248.7,86689.11771485051,1.6542894581527168,3.476776590464209e-19,4.137087476080224e-18,ENSG00000255248.7
ENSG00000128016.5,1132050.6423930568,1.8976543797668808,3.689666127457273e-19,4.384593972920087e-18,ENSG00000128016.5
ENSG00000162975.4,37630.300923633185,-3.2092778255052665,4.064404199018516e-19,4.820335026251702e-18,ENSG00000162975.4
ENSG00000187634.11,125594.43065217706,-1.5767584325202841,4.41824415689793e-19,5.229615643230637e-18,ENSG00000187634.11
ENSG00000197587.10,3441.2503554623363,-3.1870731023808467,4.460952678100564e-19,5.2766865429028685e-18,ENSG00000197587.10
ENSG00000147676.13,1837091.389325582,-1.57111706650618,4.599959701648278e-19,5.4375281216321934e-18,ENSG00000147676.13
ENSG00000145777.14,5073.009785326909,2.950465914618411,4.697378652876318e-19,5.538092151590844e-18,ENSG00000145777.14
ENSG00000205221.12,31428.24747099473,2.75845861493841,4.838514711615587e-19,5.6970018363011875e-18,ENSG00000205221.12
ENSG00000154734.14,433845.53058778786,1.9584165390851926,4.884473443270475e-19,5.7473437026915016e-18,ENSG00000154734.14
ENSG00000104899.7,13405.280616513486,-2.8697488907602744,5.080830058823821e-19,5.970557601541235e-18,ENSG00000104899.7
ENSG00000143320.8,2824151.4613277693,-2.1019144953118847,5.387506326644053e-19,6.322656214865984e-18,ENSG00000143320.8
ENSG00000221932.6,7385.809251070342,4.460915076676852,5.409472139880681e-19,6.344285495295355e-18,ENSG00000221932.6
ENSG00000162814.10,35173.004272039325,-1.7503331760943348,5.442404551417081e-19,6.37873986091627e-18,ENSG00000162814.10
ENSG00000139547.7,18793.53986978934,-2.6051440754154758,5.628815953178003e-19,6.592916022442955e-18,ENSG00000139547.7
ENSG00000248144.5,25836.877903986395,3.5229878670432817,5.76003737831751e-19,6.742212049349602e-18,ENSG00000248144.5
ENSG00000164756.12,113539.15134012279,-4.843302040732099,6.827489389312849e-19,7.965700234189192e-18,ENSG00000164756.12
ENSG00000146374.13,32471.829871753565,2.1836293053320666,7.6807621991070635e-19,8.897585338978513e-18,ENSG00000146374.13
ENSG00000136770.10,516187.45094522275,-1.5826851089206533,7.973111745805119e-19,9.206532636211523e-18,ENSG00000136770.10
ENSG00000127129.9,39859.46466493334,-2.554212603523734,8.985370247331723e-19,1.0362049082141416e-17,ENSG00000127129.9
ENSG00000189184.11,173613.95982801844,1.688823758324952,9.011291564647393e-19,1.0385267555300759e-17,ENSG00000189184.11
ENSG00000260001.6,3319.4575819564134,-2.657796607949678,9.019981427301323e-19,1.038861018815757e-17,ENSG00000260001.6
ENSG00000187151.7,1388.613434398284,3.9195678596437014,9.603647795323505e-19,1.1018405117601341e-17,ENSG00000187151.7
ENSG00000135773.12,46077.99927993213,-2.6864688226490174,9.793267680089506e-19,1.1228779249298792e-17,ENSG00000135773.12
ENSG00000180139.11,1016343.6594665231,1.5761981261235123,1.023423101559383e-18,1.1719402766038014e-17,ENSG00000180139.11
ENSG00000159217.9,2176.123063589596,-3.3203800746829035,1.0385950889953803e-18,1.1885555023554276e-17,ENSG00000159217.9
ENSG00000139572.3,12043.19819202769,-1.9047811042805176,1.0576034917112211e-18,1.2087666914182263e-17,ENSG00000139572.3
ENSG00000186564.5,13819.096968710353,-1.7291460655831967,1.0751415724607415e-18,1.2280293046617152e-17,ENSG00000186564.5
ENSG00000161270.19,2064.3194226103005,-3.6673893657741736,1.1550714492421708e-18,1.31597473556835e-17,ENSG00000161270.19
ENSG00000111057.10,3551301.954659611,-1.5721416480018389,1.156777739426967e-18,1.3170824718450188e-17,ENSG00000111057.10
ENSG00000223573.6,96071.65916181954,-2.637580140661324,1.1879535408657618e-18,1.3508642799299891e-17,ENSG00000223573.6
ENSG00000149968.11,91980.63022266737,-2.7133707778283798,1.3773502495642434e-18,1.558333724979873e-17,ENSG00000149968.11
ENSG00000229847.8,17284.74980149089,2.1104863143784116,1.3932180464635885e-18,1.575293297148244e-17,ENSG00000229847.8
ENSG00000055813.5,23148.446251404006,2.016735627593184,1.4129116155378233e-18,1.5965545358445026e-17,ENSG00000055813.5
ENSG00000157152.16,23921.057392659277,2.48913905084169,1.5438949012925392e-18,1.741272791250366e-17,ENSG00000157152.16
ENSG00000163618.17,5239.871079376201,-2.354924508290515,1.599430882346557e-18,1.8005136607795872e-17,ENSG00000163618.17
ENSG00000178803.10,13879.151338300659,-2.076120898587039,1.6296997720298928e-18,1.832289016873709e-17,ENSG00000178803.10
ENSG00000178175.11,15764.21528922497,1.6788050932865406,1.7368915190173186e-18,1.9467736203403887e-17,ENSG00000178175.11
ENSG00000122877.15,166506.2706690788,1.9319869758926083,1.8265533407361596e-18,2.0433711437761625e-17,ENSG00000122877.15
ENSG00000278558.4,5851.4578170027735,-1.6573383420285424,1.8602092457046378e-18,2.0797255267865432e-17,ENSG00000278558.4
ENSG00000004838.13,74906.63697847689,-2.2601595452161876,1.8903385216475176e-18,2.1120942984086585e-17,ENSG00000004838.13
ENSG00000124212.5,182156.6658658082,1.8825269995251765,1.9048312444112824e-18,2.1269627784515277e-17,ENSG00000124212.5
ENSG00000179636.14,1990.1102977528963,2.4539410789457428,1.9409931400064367e-18,2.1633031617562423e-17,ENSG00000179636.14
ENSG00000065618.18,367091.53330266,3.050666680790857,1.9793652999536004e-18,2.204700865448008e-17,ENSG00000065618.18
ENSG00000131730.15,10399.08202961834,1.955683627819523,1.986180334827234e-18,2.2109193503808863e-17,ENSG00000131730.15
ENSG00000004846.16,5472.448106249726,3.5690223510711903,1.9909898624942487e-18,2.2136561970628813e-17,ENSG00000004846.16
ENSG00000174945.13,25516.87789482339,-2.636612711327158,2.3530170555759764e-18,2.6047216560922464e-17,ENSG00000174945.13
ENSG00000198774.4,25609.177191860555,1.9862553303956436,2.449550912641411e-18,2.7015821497503057e-17,ENSG00000198774.4
ENSG00000115353.10,28110.787309287185,2.5659012431473545,2.4834022611645615e-18,2.7338754708182143e-17,ENSG00000115353.10
ENSG00000149575.5,9229.981454316197,3.0145130084231275,2.58327304478111e-18,2.840042150805005e-17,ENSG00000149575.5
ENSG00000162444.11,84183.58130422361,1.9275695266926332,2.933459294260458e-18,3.2112349578855964e-17,ENSG00000162444.11
ENSG00000169282.17,32538.570650415968,1.507005228253226,2.9547141365484815e-18,3.230919589654233e-17,ENSG00000169282.17
ENSG00000054356.13,9629.174877235097,-2.9272250276671685,3.209631938618401e-18,3.503262500399549e-17,ENSG00000054356.13
ENSG00000175315.2,23478.21458513518,-2.740672101019184,3.3305294346039532e-18,3.6330103449564336e-17,ENSG00000175315.2
ENSG00000143590.13,141133.70843026822,-1.8973749037572565,3.3591732629694447e-18,3.659806012794397e-17,ENSG00000143590.13
ENSG00000140285.9,78813.99375137652,1.7637519170854703,3.478547242336698e-18,3.785266932473603e-17,ENSG00000140285.9
ENSG00000121753.12,195098.176136063,-2.2071859563451373,3.7895004075450076e-18,4.106877929276596e-17,ENSG00000121753.12
ENSG00000239642.5,1262.513091469792,-2.258112979575858,3.790119176817902e-18,4.106877929276596e-17,ENSG00000239642.5
ENSG00000138315.12,1513.800830501254,-2.3645150813110916,4.112006465543517e-18,4.450292160296313e-17,ENSG00000138315.12
ENSG00000173621.8,137774.86373197628,-1.5463462641576355,4.1722301638924236e-18,4.507314753816114e-17,ENSG00000173621.8
ENSG00000172379.20,377826.0850993718,-1.940118399762806,4.6442458269986575e-18,4.9991809909816386e-17,ENSG00000172379.20
ENSG00000117394.20,718498.3662666441,-1.5787361454279545,5.067549825438196e-18,5.441778220685996e-17,ENSG00000117394.20
ENSG00000157168.18,40101.74564029904,2.470709068270092,5.109857885874096e-18,5.480650920748642e-17,ENSG00000157168.18
ENSG00000154134.14,28460.227310897382,1.6688584827323154,5.355766158618914e-18,5.720468330372487e-17,ENSG00000154134.14
ENSG00000167094.15,7294.145850882538,-1.5354117510404282,5.538312723066953e-18,5.908411623229097e-17,ENSG00000167094.15
ENSG00000159263.15,51647.049793053666,-2.411169999855645,6.1653561244628385e-18,6.553978098184904e-17,ENSG00000159263.15
ENSG00000266524.2,16869.637704199078,3.130461112929397,6.764212324831815e-18,7.173583094372465e-17,ENSG00000266524.2
ENSG00000229637.3,1774.1655994936036,-6.729054958045505,6.7828296185537185e-18,7.189078244260362e-17,ENSG00000229637.3
ENSG00000157193.15,89070.40496977608,-1.6942746051998347,7.245769990773526e-18,7.657131726409902e-17,ENSG00000157193.15
ENSG00000159261.10,4038.291723962984,-2.2390514195599125,7.25790933133501e-18,7.66544585294146e-17,ENSG00000159261.10
ENSG00000176887.6,97678.6284173832,-3.2352514335233247,7.262927997783711e-18,7.666234117190053e-17,ENSG00000176887.6
ENSG00000171345.13,8313937.124705516,-1.856708621324215,7.934719874645372e-18,8.355669802267403e-17,ENSG00000171345.13
ENSG00000002726.20,14465.971154217912,-3.0583688828525615,7.980009724180224e-18,8.393510814225671e-17,ENSG00000002726.20
ENSG00000249835.2,206678.34993545339,-1.622857271647779,8.159666627341206e-18,8.572427281089615e-17,ENSG00000249835.2
ENSG00000175264.7,130884.86077231813,-2.443986741452982,8.625317372220978e-18,9.04046115228582e-17,ENSG00000175264.7
ENSG00000213145.9,1762246.0670389468,-2.3376427831050037,9.255082703436126e-18,9.69487472448674e-17,ENSG00000213145.9
ENSG00000235304.1,1122.4511809055182,-4.281185668487124,9.354935622759662e-18,9.793755240069976e-17,ENSG00000235304.1
ENSG00000129991.12,9264.904927752037,-3.859144431156083,9.4117487294845e-18,9.847488000109031e-17,ENSG00000129991.12
ENSG00000078098.13,310361.217301368,-1.5732457704190912,9.441948029627209e-18,9.87332840580598e-17,ENSG00000078098.13
ENSG00000198865.9,1424609.5032768399,1.5138508509461872,1.0090760663799713e-17,1.0545638284870242e-16,ENSG00000198865.9
ENSG00000141294.9,31648.2420410637,-1.914558998057027,1.1212853955792642e-17,1.1670733838906215e-16,ENSG00000141294.9
ENSG00000227392.1,12425.831355869572,-1.9955335422665594,1.1423528004613175e-17,1.1862487645531183e-16,ENSG00000227392.1
ENSG00000248309.7,3029.9106004961272,1.73962763929344,1.1796088228509261e-17,1.22281344409226e-16,ENSG00000248309.7
ENSG00000108576.9,61268.99131623147,-3.675109789014598,1.20371060107243e-17,1.2463579356978466e-16,ENSG00000108576.9
ENSG00000165457.13,68471.58338156091,1.8547605809265477,1.2576800395905673e-17,1.301488502330631e-16,ENSG00000165457.13
ENSG00000186458.4,8495.02520769143,4.2635539811674725,1.2722467795700023e-17,1.3150458647813434e-16,ENSG00000186458.4
ENSG00000204052.4,14920.954894685206,-1.872852031697018,1.396433347789358e-17,1.4384385759318161e-16,ENSG00000204052.4
ENSG00000272143.1,8996.991052267344,1.8647245394904093,1.4269770585416325e-17,1.4690376202371805e-16,ENSG00000272143.1
ENSG00000162746.14,24687.17626673961,-2.7536658206909554,1.5117069600391804e-17,1.5518346505116163e-16,ENSG00000162746.14
ENSG00000119547.5,23837.962759607886,-3.544242462581613,1.6481035540494166e-17,1.6843692357108555e-16,ENSG00000119547.5
ENSG00000099139.13,71309.4033835492,1.5456096477150412,1.913877901100951e-17,1.943555464479653e-16,ENSG00000099139.13
ENSG00000167644.11,124781.22182886951,-2.64807690656313,2.069710267259142e-17,2.0946915417765396e-16,ENSG00000167644.11
ENSG00000078549.14,22606.795507431558,2.3079564317140067,2.273551901155997e-17,2.2958140300699614e-16,ENSG00000078549.14
ENSG00000213937.3,8544.441627162074,-2.6409756439628005,2.3370150243098663e-17,2.3559212132705757e-16,ENSG00000213937.3
ENSG00000105141.5,71749.16046687782,-5.36483098807918,2.4127630502084296e-17,2.425468917251544e-16,ENSG00000105141.5
ENSG00000153291.15,23866.162241722905,1.9682719574551917,2.4217595734087625e-17,2.433149708020539e-16,ENSG00000153291.15
ENSG00000185697.16,112290.40498534832,-2.1184391594344447,2.5243056514427894e-17,2.5276864179402576e-16,ENSG00000185697.16
ENSG00000156475.18,7636.681008185597,1.749965957858511,2.5874086369700434e-17,2.5865437650022537e-16,ENSG00000156475.18
ENSG00000153956.15,83333.95111637669,1.555898808627339,2.635724223027551e-17,2.6333761390872147e-16,ENSG00000153956.15
ENSG00000187140.5,4640.946244470614,-3.937554327268266,2.9141911835949183e-17,2.897077373874084e-16,ENSG00000187140.5
ENSG00000183242.11,4938.780153271828,-4.288555947889667,2.938678205531063e-17,2.919802974532082e-16,ENSG00000183242.11
ENSG00000198125.12,139029.04220994096,-1.7442732362263222,2.978199032330754e-17,2.9557966502291515e-16,ENSG00000198125.12
ENSG00000157111.12,2964.7173921213553,-2.713430434117353,3.038240158833506e-17,3.0103910220932317e-16,ENSG00000157111.12
ENSG00000072657.8,6109.313414289851,3.5596747510020585,3.0788922870508665e-17,3.047305195744112e-16,ENSG00000072657.8
ENSG00000149243.15,42886.14457924961,-1.8464182461162817,3.0787596372275017e-17,3.047305195744112e-16,ENSG00000149243.15
ENSG00000003436.15,160782.09918213083,1.7945328923061838,3.2625367280810975e-17,3.2184144611702705e-16,ENSG00000003436.15
ENSG00000187134.13,166543.38490962636,2.827419577984405,3.397016305041465e-17,3.3437224672333546e-16,ENSG00000187134.13
ENSG00000204866.8,7711.032866652291,-2.6132802156554735,3.442808898160666e-17,3.3850828969093146e-16,ENSG00000204866.8
ENSG00000141741.11,508182.86345850304,-1.8829552068781894,3.47331395916348e-17,3.4132062258066535e-16,ENSG00000141741.11
ENSG00000101542.9,1904.9438197807524,2.5920426958660183,3.50667203455846e-17,3.4403347724503553e-16,ENSG00000101542.9
ENSG00000166292.11,23024.76065109842,2.6340022232347433,3.539125161649237e-17,3.4702766065920167e-16,ENSG00000166292.11
ENSG00000204832.9,36026.81339790519,-3.5534322095005493,3.584299735098852e-17,3.5107355047278274e-16,ENSG00000204832.9
ENSG00000091986.15,1553525.098403403,1.739024754800205,3.6075439198681435e-17,3.53157490988074e-16,ENSG00000091986.15
ENSG00000130513.6,125805.55665318485,-2.5615588450567848,3.84154072939854e-17,3.7524554626198915e-16,ENSG00000130513.6
ENSG00000138356.13,87361.24111011851,2.2416769392956084,3.9865317421737307e-17,3.88984913439725e-16,ENSG00000138356.13
ENSG00000078596.10,182499.1088008215,1.9343605944080995,4.029261080491067e-17,3.929405479800636e-16,ENSG00000078596.10
ENSG00000127084.17,325913.90039384447,-2.0926304013933237,4.1558873990120684e-17,4.048493131806328e-16,ENSG00000127084.17
ENSG00000182379.9,37924.91746499888,-2.688662352174749,4.1764018922741406e-17,4.0662699704268684e-16,ENSG00000182379.9
ENSG00000160472.4,1582.5040738575362,-2.4026708445945517,4.192834764094432e-17,4.0756352658131356e-16,ENSG00000160472.4
ENSG00000106211.8,3001151.2458072403,-1.8704171575554929,4.3705547102195084e-17,4.243789703472882e-16,ENSG00000106211.8
ENSG00000224940.8,8172.633153160803,2.7553897155481994,4.373319447873104e-17,4.2441776188553263e-16,ENSG00000224940.8
ENSG00000099769.5,27793.733088498553,-2.96177523181752,4.4528957266606666e-17,4.3167347876390603e-16,ENSG00000099769.5
ENSG00000145244.11,36314.414462695924,-2.09044390114846,4.6867030794812266e-17,4.533595690469603e-16,ENSG00000145244.11
ENSG00000108813.10,10797.62250279248,-2.2803261292347825,5.2746982768469724e-17,5.0804715984832035e-16,ENSG00000108813.10
ENSG00000277631.4,1134.9552028038527,3.4088865816406457,5.385371125242983e-17,5.175956050956619e-16,ENSG00000277631.4
ENSG00000167749.11,18301.931089203525,-2.572258821451964,5.504536063319298e-17,5.287654985021493e-16,ENSG00000167749.11
ENSG00000155367.15,71059.46203337413,-1.7852259774573216,5.592287691143462e-17,5.363335667016477e-16,ENSG00000155367.15
ENSG00000277893.1,3649.1861354196467,-2.604909574960472,5.706617064632469e-17,5.467140235331822e-16,ENSG00000277893.1
ENSG00000088305.18,53733.60003271686,-1.5140797749797,5.76830156555245e-17,5.523287262127704e-16,ENSG00000088305.18
ENSG00000185269.11,4353.713976638576,-2.5550019298369264,6.068481979022737e-17,5.801429975044431e-16,ENSG00000185269.11
ENSG00000152049.6,449406.7770087219,-2.7124827505606777,6.499147139710978e-17,6.19993068979127e-16,ENSG00000152049.6
ENSG00000246022.2,1754.2653801779272,4.547127367131728,6.510422172664077e-17,6.207386581630404e-16,ENSG00000246022.2
ENSG00000196139.13,167199.3603491066,2.0676783246862067,6.704382263682057e-17,6.382145110849381e-16,ENSG00000196139.13
ENSG00000160349.9,191.86633933885355,-4.677997161637052,6.902393518003979e-17,6.567155317447689e-16,ENSG00000160349.9
ENSG00000213231.12,2166.9945560260426,-6.03547412054988,7.561044003031784e-17,7.155874134514891e-16,ENSG00000213231.12
ENSG00000180818.4,218212.11660868055,-2.4096049568482494,7.828790429843333e-17,7.397567955403306e-16,ENSG00000180818.4
ENSG00000166793.10,7558.097584208449,1.6071166537585244,8.003172538193698e-17,7.554388638892568e-16,ENSG00000166793.10
ENSG00000125740.13,655590.6304137433,2.8540410512765644,8.345887268046832e-17,7.869605945235542e-16,ENSG00000125740.13
ENSG00000175946.8,10065.802655831681,-2.151567238279532,8.605796213689395e-17,8.097661628654563e-16,ENSG00000175946.8
ENSG00000249917.2,4117.215674301343,-2.7193076275758266,8.604526518860522e-17,8.097661628654563e-16,ENSG00000249917.2
ENSG00000250334.5,1198.1875954703262,2.0240798153471182,8.88679203459108e-17,8.348931741816876e-16,ENSG00000250334.5
ENSG00000211452.10,70937.24581365673,-3.4730685055327157,8.938755500171243e-17,8.388965935934768e-16,ENSG00000211452.10
ENSG00000186453.12,1780.5994316028853,1.9699270689344965,8.991185044896643e-17,8.433759772379789e-16,ENSG00000186453.12
ENSG00000143452.15,17416.424592182764,-4.757847035679451,9.258473305526783e-17,8.670879175071639e-16,ENSG00000143452.15
ENSG00000170122.5,3735.6410490394915,-1.7550868015920902,9.347420590212983e-17,8.749614766342294e-16,ENSG00000170122.5
ENSG00000275896.5,3998.3970994049837,-4.100876485518945,9.60025050405724e-17,8.958236871804634e-16,ENSG00000275896.5
ENSG00000146477.5,15464.66127001413,2.332038644878054,9.878248342505136e-17,9.20328599469949e-16,ENSG00000146477.5
ENSG00000171428.13,698446.6687706611,-2.827554284349483,1.0059685615018414e-16,9.367462308037905e-16,ENSG00000171428.13
ENSG00000170684.8,35784.79035591634,-1.550895120625969,1.169727517040029e-16,1.0852942381471706e-15,ENSG00000170684.8
ENSG00000061656.9,29509.69948597965,-1.583461974423155,1.1786069393052296e-16,1.0929675927076508e-15,ENSG00000061656.9
ENSG00000079102.16,46980.72702586009,1.6674404986063045,1.1986235432227782e-16,1.1103820784506728e-15,ENSG00000079102.16
ENSG00000142910.15,255682.63465924095,1.6232059583594396,1.207028557449925e-16,1.1175913537090532e-15,ENSG00000142910.15
ENSG00000151012.13,56494.45483544633,-2.0346850603334863,1.2780795571048114e-16,1.1815486642291982e-15,ENSG00000151012.13
ENSG00000152580.8,89798.99156604262,2.24044403051836,1.454981271346745e-16,1.3416332956344294e-15,ENSG00000152580.8
ENSG00000177380.13,86545.88343699127,-1.5198695675746259,1.4794870063937475e-16,1.3628293040415508e-15,ENSG00000177380.13
ENSG00000107736.19,46921.054222303166,1.6186254211611644,1.4852920946071974e-16,1.367474671402337e-15,ENSG00000107736.19
ENSG00000130675.14,9104.954027543017,-3.393613560105393,1.6158977382585992e-16,1.4839134603537513e-15,ENSG00000130675.14
ENSG00000160200.17,85891.01941687551,-2.272539254843729,1.652113525301786e-16,1.5156198925365668e-15,ENSG00000160200.17
ENSG00000106511.5,45396.368108324,2.2602408261589515,1.6833814253101333e-16,1.541939576098266e-15,ENSG00000106511.5
ENSG00000080166.15,3660.3974091853634,3.351816032467415,1.776492356805605e-16,1.625567508950524e-15,ENSG00000080166.15
ENSG00000166257.8,10265.27853381954,2.1718605361363443,1.8274957608031483e-16,1.6705340770174067e-15,ENSG00000166257.8
ENSG00000169432.14,8965.309182757495,1.9029285173689459,1.84085127103314e-16,1.6810297815480238e-15,ENSG00000169432.14
ENSG00000188833.9,21054.1882871155,-2.598771143377334,1.8482751568822448e-16,1.6869506314900813e-15,ENSG00000188833.9
ENSG00000108688.11,3187.094453190599,-4.328992229579379,1.9836884344319594e-16,1.8050357640693242e-15,ENSG00000108688.11
ENSG00000117472.9,550455.2312311671,-2.580371339403228,2.076531922606883e-16,1.8856927540110275e-15,ENSG00000117472.9
ENSG00000140092.14,390133.21983052493,1.63810142563495,2.272596807647515e-16,2.050250232097889e-15,ENSG00000140092.14
ENSG00000234906.9,37498.22542320748,-1.6947934143315868,2.2897744736822955e-16,2.0647092038067892e-15,ENSG00000234906.9
ENSG00000170271.10,188149.37719614952,1.872546550933684,2.297186586185938e-16,2.070352390885006e-15,ENSG00000170271.10
ENSG00000148798.10,4595.147265866499,-4.324022309324982,2.3528678534122293e-16,2.1184074642061737e-15,ENSG00000148798.10
ENSG00000141977.9,3279.4836882781406,-2.9371347810838855,2.3671508381854957e-16,2.1301983270010298e-15,ENSG00000141977.9
ENSG00000161682.14,20723.67817361129,-1.7382131752859828,2.465652422276801e-16,2.2143977510177634e-15,ENSG00000161682.14
ENSG00000112902.11,293862.67018777423,1.6444041155628197,2.471351526934068e-16,2.2184057928616766e-15,ENSG00000112902.11
ENSG00000153253.16,11368.60281228841,2.6089216072245582,2.486556290174507e-16,2.2309383035445676e-15,ENSG00000153253.16
ENSG00000116741.7,230579.7282201476,1.8459030118839959,2.6036477137353427e-16,2.3336590696936556e-15,ENSG00000116741.7
ENSG00000254211.5,2828.097475820144,3.524107691676173,2.60970743705421e-16,2.337922628582164e-15,ENSG00000254211.5
ENSG00000136531.15,19432.16068321603,2.6194601639123323,2.6133897677305714e-16,2.340053193221426e-15,ENSG00000136531.15
ENSG00000137142.4,2759.0428878504104,-3.137336684527989,2.7349347584343046e-16,2.4452251771472425e-15,ENSG00000137142.4
ENSG00000130822.15,14236.058813185899,-2.2734174424851297,2.870862283060476e-16,2.5578328106870496e-15,ENSG00000130822.15
ENSG00000105894.11,212853.15059496427,2.4729378553729333,2.9725417621891354e-16,2.644486335187003e-15,ENSG00000105894.11
ENSG00000233532.5,1742.7445593902885,-2.7991052562377385,3.028133070059433e-16,2.6899415747102212e-15,ENSG00000233532.5
ENSG00000123407.3,33180.895777625075,-4.084667406259881,3.0383841597538023e-16,2.6977122890956074e-15,ENSG00000123407.3
ENSG00000261456.5,3755.5103807899113,-1.8558114394408982,3.063017030682088e-16,2.716894592118605e-15,ENSG00000261456.5
ENSG00000203724.10,10220.234868304075,-1.5386393856273113,3.0804825894958296e-16,2.7310365408059864e-15,ENSG00000203724.10
ENSG00000183876.8,28364.640565776765,-1.7660931636164134,3.351688315064445e-16,2.962694341158443e-15,ENSG00000183876.8
ENSG00000087237.10,9355.259829163273,1.5798551871785755,3.450620061073054e-16,3.0471420460578188e-15,ENSG00000087237.10
ENSG00000101222.12,14735.070985689652,-2.2344371927060815,3.622205803881794e-16,3.195519220494342e-15,ENSG00000101222.12
ENSG00000144476.5,206624.2961933803,1.5751980058439803,3.979433387570186e-16,3.5020575138087013e-15,ENSG00000144476.5
ENSG00000214575.9,12510.158248695472,1.6586288693954905,4.316965630497748e-16,3.782403870783769e-15,ENSG00000214575.9
ENSG00000281852.1,3192.015895001512,1.6157554297194678,4.3467252417817596e-16,3.806619704174323e-15,ENSG00000281852.1
ENSG00000146469.12,874.9563603313981,2.13460495239102,4.502311199465283e-16,3.9321733924222096e-15,ENSG00000146469.12
ENSG00000184524.5,1340.4966329593003,-2.0150113656991437,4.500578480447131e-16,3.9321733924222096e-15,ENSG00000184524.5
ENSG00000145283.7,4022.1079424768122,1.8241155648640648,4.56280794059687e-16,3.980498503108087e-15,ENSG00000145283.7
ENSG00000132821.11,32529.23568067453,-2.8165871113149055,4.5630213000965975e-16,3.980498503108087e-15,ENSG00000132821.11
ENSG00000177238.13,4998.762645202096,-2.878872893399258,4.731613859999935e-16,4.1175596073636685e-15,ENSG00000177238.13
ENSG00000139155.8,2284.40945390102,1.6629791368945939,4.753593433099861e-16,4.134681559066597e-15,ENSG00000139155.8
ENSG00000017483.14,46576.6836394021,-1.712033302434276,4.883931447754236e-16,4.235730589584437e-15,ENSG00000017483.14
ENSG00000106714.17,19078.984184886023,2.3469291932637995,5.471142319749054e-16,4.735850351450894e-15,ENSG00000106714.17
ENSG00000153294.11,3484.396980112817,-3.4176830381742573,5.613353944711117e-16,4.85426617753717e-15,ENSG00000153294.11
ENSG00000154451.14,192408.65051804154,-2.500093822685995,5.619939431578586e-16,4.857620094424188e-15,ENSG00000154451.14
ENSG00000237512.6,1916.0624436097892,-2.0775852306279248,5.759048833519228e-16,4.970676876799857e-15,ENSG00000237512.6
ENSG00000103024.7,299396.48702388076,-1.5081835220674407,5.777620633295761e-16,4.984308877108612e-15,ENSG00000103024.7
ENSG00000038427.15,2557898.6359773446,-1.629519785395392,6.018458034118992e-16,5.187089863795927e-15,ENSG00000038427.15
ENSG00000128045.6,49094.88628690751,-1.7299527686400358,6.049355237049105e-16,5.208715468983164e-15,ENSG00000128045.6
ENSG00000091513.14,103260.2484571384,2.7687420898489457,6.25122365282005e-16,5.374794308874125e-15,ENSG00000091513.14
ENSG00000017427.15,179530.66611704192,1.9999636375249596,6.456412518041705e-16,5.548556811481817e-15,ENSG00000017427.15
ENSG00000167968.12,11337.523339650474,-1.8531961166844155,6.858151506489447e-16,5.8741131566800305e-15,ENSG00000167968.12
ENSG00000105255.10,4745.408694593926,-3.03049171755527,7.134986893376753e-16,6.096676419750117e-15,ENSG00000105255.10
ENSG00000215386.11,22008.903978020004,1.8412726718237906,7.315025530641333e-16,6.241598579259537e-15,ENSG00000215386.11
ENSG00000198010.12,1589.0399355539644,2.2480155645317748,7.324636789731317e-16,6.2438614040350955e-15,ENSG00000198010.12
ENSG00000238078.1,1088.3939911434734,1.795056489945146,7.582599766556375e-16,6.445389398914619e-15,ENSG00000238078.1
ENSG00000131480.8,7619.072864197451,1.8103341655457434,7.625111489054827e-16,6.476743965682156e-15,ENSG00000131480.8
ENSG00000224577.1,5085.914155045477,-2.3061048422526493,7.781717940167468e-16,6.599014495196836e-15,ENSG00000224577.1
ENSG00000080293.9,613.6416138724661,2.693340114372898,7.792652923715222e-16,6.605165992590738e-15,ENSG00000080293.9
ENSG00000162772.16,313593.8817841272,1.9389432510456721,7.866484784577167e-16,6.664598818434971e-15,ENSG00000162772.16
ENSG00000260220.6,4588.363471237255,-3.2264120842896484,8.294807713557179e-16,7.0142332522181915e-15,ENSG00000260220.6
ENSG00000168461.12,1099181.9603153428,-1.5514695833446186,8.504030518467796e-16,7.177625758390693e-15,ENSG00000168461.12
ENSG00000179796.11,1570.1015086902826,3.9719121622080906,9.135172773253137e-16,7.688627591147013e-15,ENSG00000179796.11
ENSG00000183734.4,26412.767342294945,-2.3173658108961073,9.621026524314483e-16,8.078600840070148e-15,ENSG00000183734.4
ENSG00000251493.4,12959.418252550717,-2.981340996080767,1.0076789331595171e-15,8.449434942343167e-15,ENSG00000251493.4
ENSG00000170345.9,1954626.6828718497,2.173121260076109,1.0345489606306724e-15,8.662597549956503e-15,ENSG00000170345.9
ENSG00000161328.10,52030.62530591206,-1.5250313866160545,1.0436877135537289e-15,8.730970784152964e-15,ENSG00000161328.10
ENSG00000010030.13,38955.92729968666,-1.8340206130605508,1.1161567118879082e-15,9.324169477707925e-15,ENSG00000010030.13
ENSG00000106236.3,17926.763238217336,-2.3266035437499872,1.1478473301243519e-15,9.579987205465755e-15,ENSG00000106236.3
ENSG00000168243.10,67715.82986237099,-3.100618805552497,1.1570747559545813e-15,9.652510191003722e-15,ENSG00000168243.10
ENSG00000091704.9,1393.274475444056,4.011516034901453,1.179615486711295e-15,9.835975972838046e-15,ENSG00000091704.9
ENSG00000182759.3,901.6281750906181,-3.586463794302412,1.1838506291597724e-15,9.866704918552232e-15,ENSG00000182759.3
ENSG00000143412.9,220191.81812096547,-1.936402904401083,1.1909067985302336e-15,9.916302363260563e-15,ENSG00000143412.9
ENSG00000169515.5,113740.47856639286,1.7841172887131531,1.195063449478106e-15,9.946298022929096e-15,ENSG00000169515.5
ENSG00000120645.11,14076.406848598397,1.7423878350839037,1.2279951721568014e-15,1.0206181273358797e-14,ENSG00000120645.11
ENSG00000186827.10,21508.503047771337,-1.5658077519516853,1.2332189190638453e-15,1.0244851983185944e-14,ENSG00000186827.10
ENSG00000143473.12,38099.81066122306,-2.630855266661079,1.285972677769368e-15,1.0663352000875018e-14,ENSG00000143473.12
ENSG00000170153.10,113735.6586206747,1.9754297984079177,1.373249510644024e-15,1.1366046687728951e-14,ENSG00000170153.10
ENSG00000102109.8,25435.8495440228,-3.5088323826078525,1.3804931034589002e-15,1.1415469238924658e-14,ENSG00000102109.8
ENSG00000105613.9,11783.01971499273,-2.298039342396275,1.480833871402817e-15,1.2228294058192429e-14,ENSG00000105613.9
ENSG00000170689.9,9908.063606112872,-2.1269307750374997,1.5483290018087622e-15,1.277976798917039e-14,ENSG00000170689.9
ENSG00000187840.4,322229.3595639729,-1.7139148986781518,1.6437922049404462e-15,1.3549015767318036e-14,ENSG00000187840.4
ENSG00000211897.8,3175564.596286531,-2.9758070467308926,1.6984309582205995e-15,1.3986528276415986e-14,ENSG00000211897.8
ENSG00000075886.10,29100.270888897918,-2.9149637058881117,1.7046896425469952e-15,1.4031628874249212e-14,ENSG00000075886.10
ENSG00000187037.8,7113.677284938098,-1.800131057703839,1.7104099635743863e-15,1.4072258774130576e-14,ENSG00000187037.8
ENSG00000153993.13,38208.33643601308,2.1940297021834176,1.7505160506046294e-15,1.4369286373307167e-14,ENSG00000153993.13
ENSG00000203760.8,66087.14562608935,-1.8481751894913019,1.799301471963906e-15,1.4749504619881375e-14,ENSG00000203760.8
ENSG00000173253.15,6111.786754321518,2.2508008253749816,1.9504525458441087e-15,1.592307574277829e-14,ENSG00000173253.15
ENSG00000269416.5,7616.667424989422,-3.695100171193326,1.995684177769605e-15,1.627752585722627e-14,ENSG00000269416.5
ENSG00000153976.2,9016.926634911002,-1.6542629510666453,2.046697555803988e-15,1.6676231116105465e-14,ENSG00000153976.2
ENSG00000156564.8,5334.189895537476,-2.6207991937723802,2.047354945874963e-15,1.6676231116105465e-14,ENSG00000156564.8
ENSG00000105707.13,239155.90782761786,-2.084256536743414,2.2010008155994317e-15,1.78145054736654e-14,ENSG00000105707.13
ENSG00000101194.17,60392.578284944284,-1.9447730048075744,2.5736193760112076e-15,2.0755517340739375e-14,ENSG00000101194.17
ENSG00000204140.9,10008.418419998929,-2.9024279157150055,2.737953814789884e-15,2.2041203792099455e-14,ENSG00000204140.9
ENSG00000184557.4,493342.2474546894,1.5926610996089579,2.791029977530027e-15,2.244833792774487e-14,ENSG00000184557.4
ENSG00000225950.8,5935.1648722167465,2.5708304640000548,2.8253054765901213e-15,2.271383578491628e-14,ENSG00000225950.8
ENSG00000105880.4,12124.75888910717,-2.403804969485559,2.8457157237306427e-15,2.285108159431734e-14,ENSG00000105880.4
ENSG00000100290.2,77676.29262327167,-1.5717583313194963,2.9014174865185566e-15,2.3284005088590775e-14,ENSG00000100290.2
ENSG00000183709.7,382.49384812149003,-5.639457792610686,3.0777569806562063e-15,2.464403001378624e-14,ENSG00000183709.7
ENSG00000117016.9,47816.89399622389,1.534490510956418,3.1203597076369275e-15,2.4951753384062845e-14,ENSG00000117016.9
ENSG00000197614.10,338930.4602750077,1.7958512621375164,3.131435809548927e-15,2.5029168893784388e-14,ENSG00000197614.10
ENSG00000162891.10,23277.957285173816,-3.4955853744390506,3.3500916459776567e-15,2.6717353109076923e-14,ENSG00000162891.10
ENSG00000164488.11,5576.026189270524,3.0439276361730316,3.3591867663981166e-15,2.6777986377720038e-14,ENSG00000164488.11
ENSG00000117152.13,83137.1484833041,-1.9088586637407423,3.855959878322572e-15,3.06020982116852e-14,ENSG00000117152.13
ENSG00000168427.8,4292.184207496004,2.1741673845817937,3.90812671975283e-15,3.098903961212101e-14,ENSG00000168427.8
ENSG00000128578.9,19502.041952021955,-1.5063210406573078,3.939108419859758e-15,3.119301036450287e-14,ENSG00000128578.9
ENSG00000184986.10,28415.056926791935,-1.6839844132491364,4.001036658355515e-15,3.165546816469637e-14,ENSG00000184986.10
ENSG00000151025.9,17845.437217420218,-2.891934350155768,4.0038782847153855e-15,3.1663989396620926e-14,ENSG00000151025.9
ENSG00000101850.12,31293.96302474032,-1.7174408037352493,4.179980683089679e-15,3.302755322649106e-14,ENSG00000101850.12
ENSG00000137571.10,11113.477734030377,-2.4042024159224282,4.250729383926114e-15,3.3571781718824904e-14,ENSG00000137571.10
ENSG00000188064.9,125416.16416922433,-1.8782593859645946,4.3191884872755026e-15,3.40824618362672e-14,ENSG00000188064.9
ENSG00000235904.2,934.1763024900397,2.417729320657081,4.352847908003117e-15,3.433296829064085e-14,ENSG00000235904.2
ENSG00000170558.8,51372.063959562875,-2.222104921866517,4.4157606439051475e-15,3.478332264891746e-14,ENSG00000170558.8
ENSG00000179314.13,15128.869891675004,1.5831173205068272,4.4406095343189774e-15,3.496371105038163e-14,ENSG00000179314.13
ENSG00000053747.15,394614.44457885594,1.9606936013687957,4.7636283880307775e-15,3.742493336025581e-14,ENSG00000053747.15
ENSG00000128683.13,10300.859771596311,-2.9154572971635813,4.798317268940506e-15,3.766448165960999e-14,ENSG00000128683.13
ENSG00000182791.4,11529.686030258075,-1.5023434366017205,5.162227996136195e-15,4.037969449113682e-14,ENSG00000182791.4
ENSG00000132677.12,6313.9130420018955,-2.4428117815134174,5.471757506320545e-15,4.265213583554121e-14,ENSG00000132677.12
ENSG00000196569.11,278708.8461959181,1.7222356244944843,5.629619780815462e-15,4.384457350128153e-14,ENSG00000196569.11
ENSG00000125813.13,4935.087311722165,-3.5976287228307435,5.771390007316654e-15,4.492920706780479e-14,ENSG00000125813.13
ENSG00000120129.5,1125847.3655455622,1.685753281768894,6.0852234730695486e-15,4.729027717659592e-14,ENSG00000120129.5
ENSG00000095587.8,6154.577564245702,-1.7810026425053447,6.1400291205979564e-15,4.767489508438327e-14,ENSG00000095587.8
ENSG00000181418.7,3661.6342228344674,-2.635781815391838,6.5108838852536794e-15,5.0445293798355797e-14,ENSG00000181418.7
ENSG00000101098.12,196095.64397492542,-2.866262648127989,7.152536744385318e-15,5.520220186720436e-14,ENSG00000101098.12
ENSG00000124140.13,7865.933050337088,-2.0760538201232364,7.171855435740066e-15,5.532750384304374e-14,ENSG00000124140.13
ENSG00000258479.5,1013.5331664861814,2.3763071306406776,7.823989568952864e-15,6.028066501729935e-14,ENSG00000258479.5
ENSG00000074370.17,593354.263359932,-1.7347562342911191,9.043732239332348e-15,6.946801453338628e-14,ENSG00000074370.17
ENSG00000099617.3,633.0311384182955,-4.939638152516385,9.14504836386986e-15,7.018765947017997e-14,ENSG00000099617.3
ENSG00000116329.10,17153.28750176576,-2.5580045447534907,9.151909235126767e-15,7.021028615438851e-14,ENSG00000116329.10
ENSG00000180549.7,5596.528748331776,-1.9835358054706687,9.162238732831277e-15,7.025949223159164e-14,ENSG00000180549.7
ENSG00000154027.18,112310.0402400377,2.4366015042361684,1.0142806674194903e-14,7.738202506877268e-14,ENSG00000154027.18
ENSG00000167653.4,50565.78593028318,-2.961534896922888,1.0838820122375166e-14,8.248167441726038e-14,ENSG00000167653.4
ENSG00000163623.9,9121.928373149714,-2.3846743916274495,1.0966384640411057e-14,8.338169745234577e-14,ENSG00000163623.9
ENSG00000188624.2,2009.02036211305,-4.068535685546458,1.2121974688729228e-14,9.19386102106732e-14,ENSG00000188624.2
ENSG00000095752.6,6248.502051242697,-1.6913638613796353,1.2163448133309445e-14,9.220993379979073e-14,ENSG00000095752.6
ENSG00000168743.12,1104769.1271141071,-1.8814242462929478,1.4093566199306632e-14,1.0616916535699337e-13,ENSG00000168743.12
ENSG00000137563.11,189091.622911436,-1.7175666829323584,1.557249289766279e-14,1.1691749479316365e-13,ENSG00000137563.11
ENSG00000137648.17,45601.05296956723,-3.3173224381226447,1.581063077623282e-14,1.186061700036462e-13,ENSG00000137648.17
ENSG00000153162.8,31492.92338186759,1.7792168072891117,1.6448175230243973e-14,1.23234261516283e-13,ENSG00000153162.8
ENSG00000146648.17,379581.9859166139,1.983064245220473,1.6556627936224274e-14,1.2399504661419382e-13,ENSG00000146648.17
ENSG00000111404.6,11544.90195715451,2.9087285828229743,1.657226857571833e-14,1.2406040355556516e-13,ENSG00000111404.6
ENSG00000164362.18,2385.55309225758,-2.6460770599964825,1.660071520071733e-14,1.2422153192730264e-13,ENSG00000164362.18
ENSG00000175175.5,22287.1420542405,-2.154130977183254,1.7011354264878272e-14,1.2708232345086417e-13,ENSG00000175175.5
ENSG00000177301.14,6880.819450820091,2.525014831747446,1.9575044097797513e-14,1.456279400045102e-13,ENSG00000177301.14
ENSG00000101883.4,942.9258247223325,2.5028840669457053,1.9862435059273138e-14,1.4764355207274119e-13,ENSG00000101883.4
ENSG00000008056.13,16173.784560646229,-2.03970983133616,2.076628176846212e-14,1.5417052546681187e-13,ENSG00000008056.13
ENSG00000158104.11,3972.040569702655,2.350103959820132,2.0883982783926007e-14,1.5491615836079714e-13,ENSG00000158104.11
ENSG00000055118.14,32967.79461151345,-2.534445789551582,2.1251286872246832e-14,1.5751057068797901e-13,ENSG00000055118.14
ENSG00000116147.16,4400.095798678895,-2.2638829055839462,2.2428039473835924e-14,1.6609522918634413e-13,ENSG00000116147.16
ENSG00000197766.7,307094.5759662947,2.402908105099297,2.3968192177114746e-14,1.7698981087495762e-13,ENSG00000197766.7
ENSG00000166535.19,61879.21694418186,-3.4605726514958137,2.4017043995975002e-14,1.7727759665313675e-13,ENSG00000166535.19
ENSG00000127585.11,180537.75934773852,-1.8361943810158532,2.4099324499141314e-14,1.7781179227491437e-13,ENSG00000127585.11
ENSG00000115380.19,772559.6590770525,1.788023116861044,2.4295661001318568e-14,1.790395650955484e-13,ENSG00000115380.19
ENSG00000164692.17,26072742.22863149,-1.609723069992279,2.4908093926780235e-14,1.8325167585983785e-13,ENSG00000164692.17
ENSG00000158458.19,13189.26100876755,2.302260267943151,2.574955871415796e-14,1.8913224787836694e-13,ENSG00000158458.19
ENSG00000133687.15,231119.67691453279,1.8918549845788135,2.819626947994811e-14,2.0609118515201177e-13,ENSG00000133687.15
ENSG00000130055.13,3183.5279325259594,-2.740990909621065,2.8229262017712272e-14,2.0624832151703135e-13,ENSG00000130055.13
ENSG00000188133.5,1814.792420563986,-3.8640339255657645,2.9424940369470126e-14,2.1463460568689914e-13,ENSG00000188133.5
ENSG00000175920.16,50787.092477433645,-2.535284072167881,3.08733854492605e-14,2.2477172506634292e-13,ENSG00000175920.16
ENSG00000046653.14,117970.80137717121,1.6803203743369852,3.182698596971821e-14,2.313096137062064e-13,ENSG00000046653.14
ENSG00000170044.8,9340.995616364888,-2.9915615776679108,3.349611072589923e-14,2.4275210454989333e-13,ENSG00000170044.8
ENSG00000157542.9,5732.10130885561,-2.9043837440339892,3.384753231012482e-14,2.451009361472477e-13,ENSG00000157542.9
ENSG00000172987.12,12222.887784159579,2.9485868966827,3.524310079924333e-14,2.5479540722869553e-13,ENSG00000172987.12
ENSG00000139714.12,21437.23284642661,-1.5586215520671083,3.5294500306038006e-14,2.550642422438767e-13,ENSG00000139714.12
ENSG00000077935.16,12174.579390519226,-2.600260992813003,3.669476927098016e-14,2.6481357362383874e-13,ENSG00000077935.16
ENSG00000163145.12,18046.716452380162,2.140597447334257,3.7508136448129404e-14,2.705168811998529e-13,ENSG00000163145.12
ENSG00000272573.5,13142.372731218915,1.5249881354722075,3.7531395001918945e-14,2.7057587461407535e-13,ENSG00000272573.5
ENSG00000241158.5,9041.449685502781,1.9399714287959373,3.9114047422218034e-14,2.8142039572745805e-13,ENSG00000241158.5
ENSG00000181847.11,45141.74093440854,-2.1393161780128827,4.1043837666579833e-14,2.948321149275855e-13,ENSG00000181847.11
ENSG00000170298.15,9847.077466770965,-2.1449686725555903,4.169099012375862e-14,2.9900204907303145e-13,ENSG00000170298.15
ENSG00000278249.1,5006.215627351913,-3.0874204235194735,4.269834697957954e-14,3.058599354098105e-13,ENSG00000278249.1
ENSG00000139874.5,3841.8327783609016,2.2738009305923788,4.3722523458717835e-14,3.12448013119567e-13,ENSG00000139874.5
ENSG00000145920.14,9344.378705406332,-6.868421309574383,4.5829216143041095e-14,3.2672207170072685e-13,ENSG00000145920.14
ENSG00000185933.6,1804.4351762185743,-2.7364345573950253,4.605552243205882e-14,3.2820504150947714e-13,ENSG00000185933.6
ENSG00000167011.8,417.70803833960053,-5.520740452345467,4.647285486633613e-14,3.3104760131859286e-13,ENSG00000167011.8
ENSG00000139890.9,9532.18182165012,-1.6567288514682472,4.681490249188619e-14,3.3335182948984355e-13,ENSG00000139890.9
ENSG00000121743.3,1841.7513072582126,-2.2497620556119085,4.847940506734213e-14,3.447936759922264e-13,ENSG00000121743.3
ENSG00000069696.6,4126.912860937614,-1.737351469096425,4.8601973068663173e-14,3.4552844878925987e-13,ENSG00000069696.6
ENSG00000162006.9,1251.897676725346,-3.8996421708773794,4.910059611197353e-14,3.4893508777554577e-13,ENSG00000162006.9
ENSG00000067715.13,214104.5426538815,-2.925822040408835,4.938156752318249e-14,3.506540750439203e-13,ENSG00000067715.13
ENSG00000164796.17,4515.893148850518,-3.973967871685256,5.1191576003920835e-14,3.6278895727265223e-13,ENSG00000164796.17
ENSG00000135638.13,15010.914366622617,-3.264168373786918,5.137649020499085e-14,3.639556811047595e-13,ENSG00000135638.13
ENSG00000118785.13,1519123.53885189,-2.022531243699931,5.764793884430376e-14,4.0693729922194595e-13,ENSG00000118785.13
ENSG00000198681.6,3339.7514948754247,-7.122365121179698,6.89596949802595e-14,4.831756215250982e-13,ENSG00000198681.6
ENSG00000089692.8,37577.74210525697,-2.073016506332564,6.978998157322356e-14,4.886115604174497e-13,ENSG00000089692.8
ENSG00000135750.14,168839.12524669405,-1.9783169067870527,7.569086291430385e-14,5.270457291945162e-13,ENSG00000135750.14
ENSG00000151320.10,29709.59735437646,1.617216944955831,7.664228508299353e-14,5.328435348815327e-13,ENSG00000151320.10
ENSG00000183287.13,12722.559164039672,1.9920119188511254,7.690853338855176e-14,5.342805741866717e-13,ENSG00000183287.13
ENSG00000171631.14,33018.25048056244,-1.5507553383112576,7.928530976828096e-14,5.503658021207093e-13,ENSG00000171631.14
ENSG00000130487.5,103147.39104963883,-2.5703550470950254,8.054606118939468e-14,5.58901207263147e-13,ENSG00000130487.5
ENSG00000185352.8,72253.88859150466,-2.8851089434211525,8.54888543836624e-14,5.915973787352249e-13,ENSG00000185352.8
ENSG00000114378.16,17474.96454021172,1.5437492089065061,8.660980510991542e-14,5.988926176849027e-13,ENSG00000114378.16
ENSG00000151882.11,232431.96427498697,2.2534193157141296,8.795555346734768e-14,6.072621975444736e-13,ENSG00000151882.11
ENSG00000165309.13,13311.908404671487,-2.445109606995868,9.171431988028403e-14,6.324833804503523e-13,ENSG00000165309.13
ENSG00000168394.10,998089.4558258344,-1.5091505227603121,9.606416830111402e-14,6.617180176565029e-13,ENSG00000168394.10
ENSG00000147257.13,233811.5181666732,2.3351547966379074,1.0745623302899417e-13,7.38206219552937e-13,ENSG00000147257.13
ENSG00000152578.12,16972.767039613962,3.215921557624692,1.0867984327493026e-13,7.463264859262719e-13,ENSG00000152578.12
ENSG00000148848.14,593279.0323015732,-1.5227604144063358,1.126358278594109e-13,7.726059996595065e-13,ENSG00000148848.14
ENSG00000154118.12,7602.558701871084,-2.1602892121011394,1.1747933682207025e-13,8.042919572435057e-13,ENSG00000154118.12
ENSG00000176532.3,201193.5749187962,-2.0409792315869475,1.3026849765909513e-13,8.887976889714079e-13,ENSG00000176532.3
ENSG00000186603.5,15720.731257503445,-2.3936001557802267,1.3253499898459713e-13,9.039179102164997e-13,ENSG00000186603.5
ENSG00000134940.13,1280.2400192287546,-1.8541037316682873,1.3615885242835382e-13,9.268719453620564e-13,ENSG00000134940.13
ENSG00000178445.9,39693.576638386505,-2.9544660050863425,1.4182582119717398e-13,9.6362080104585e-13,ENSG00000178445.9
ENSG00000169962.4,13284.372115893022,-1.757510996726932,1.4474348752346957e-13,9.823287216797043e-13,ENSG00000169962.4
ENSG00000225376.5,363.43028772323675,2.446965753016919,1.4493635158256042e-13,9.832657439687954e-13,ENSG00000225376.5
ENSG00000162706.12,32286.857852163925,2.2655696592188153,1.5504851577482746e-13,1.0475115086835481e-12,ENSG00000162706.12
ENSG00000256508.2,852.6192316342966,2.3414269527453784,1.5617679816662563e-13,1.054340280775745e-12,ENSG00000256508.2
ENSG00000185070.10,107248.14522590165,1.6246695998554757,1.5724764543603674e-13,1.0611702706672596e-12,ENSG00000185070.10
ENSG00000227507.2,57391.8840642725,-2.2610291106969664,1.5940076612508626e-13,1.0744881094472382e-12,ENSG00000227507.2
ENSG00000183378.11,2524.2483221119364,3.422336662149642,1.6205011485334405e-13,1.09152674959775e-12,ENSG00000183378.11
ENSG00000206538.8,113509.13207636184,1.5481050246145343,1.7031361129756224e-13,1.145897053289635e-12,ENSG00000206538.8
ENSG00000117707.15,25911.263024446424,2.1206639152638744,1.791429537971975e-13,1.2012485661199222e-12,ENSG00000117707.15
ENSG00000234965.2,851.6838457533302,-3.216159280282016,1.8128032783986053e-13,1.2142195605668001e-12,ENSG00000234965.2
ENSG00000105996.6,4918.122406209782,2.0825471602356345,1.821198595465109e-13,1.2193875969039522e-12,ENSG00000105996.6
ENSG00000124343.12,31659.89676798999,1.6242465873872471,1.8671467734052412e-13,1.2491882808209987e-12,ENSG00000124343.12
ENSG00000152779.13,5873.715671700408,2.5465471777003676,2.0702809383748943e-13,1.3784460541075735e-12,ENSG00000152779.13
ENSG00000186442.7,571.4319096006867,-2.4632808944254942,2.0733912039596936e-13,1.3800048873832619e-12,ENSG00000186442.7
ENSG00000136231.13,12482.105636249113,-2.417885334084234,2.2065400147851907e-13,1.4659072204852078e-12,ENSG00000136231.13
ENSG00000154175.16,209874.62536032207,1.865964817820158,2.2490520982400146e-13,1.491940512045058e-12,ENSG00000154175.16
ENSG00000196557.12,226064.32273084822,-2.3264101138274498,2.2758610075134214e-13,1.5074953827545528e-12,ENSG00000196557.12
ENSG00000162482.4,195209.56174849955,-2.463117629384462,2.336288186867108e-13,1.545239779769384e-12,ENSG00000162482.4
ENSG00000233198.3,2563.642209454598,-1.8967153267597003,2.34118463403404e-13,1.5479077771962717e-12,ENSG00000233198.3
ENSG00000223850.1,60.477700667715936,-6.92543353440235,2.472030380152542e-13,1.631412767247415e-12,ENSG00000223850.1
ENSG00000164007.10,9686.532134358189,3.394001066176785,2.5648762501936104e-13,1.6908206992459276e-12,ENSG00000164007.10
ENSG00000260314.2,93159.40302921647,1.839786089492333,2.633021282678043e-13,1.7331964011876303e-12,ENSG00000260314.2
ENSG00000086570.12,101226.54657249722,2.3397591174531165,2.6923767764032537e-13,1.7696706547904756e-12,ENSG00000086570.12
ENSG00000159200.17,452758.17238801596,1.5473712675210827,2.7735015790651966e-13,1.8203259815196008e-12,ENSG00000159200.17
ENSG00000165935.9,1461.9139437930696,-1.7173526468579854,2.7865849196860045e-13,1.82824423396145e-12,ENSG00000165935.9
ENSG00000131015.4,7710.899016432999,-1.9496595177940095,2.791882467985915e-13,1.831050402249242e-12,ENSG00000131015.4
ENSG00000217442.3,4798.256025679457,-1.8710546273710271,2.8233405318130663e-13,1.8510055718981976e-12,ENSG00000217442.3
ENSG00000204065.2,6601.51554786684,1.6513072543900011,3.005158964852323e-13,1.9651812122926416e-12,ENSG00000204065.2
ENSG00000224958.5,974.5254764353913,3.6553278217599856,3.092797800383992e-13,2.0210183441402167e-12,ENSG00000224958.5
ENSG00000139144.9,37107.6664170635,2.7244734001496616,3.1123198231290095e-13,2.0322950111436295e-12,ENSG00000139144.9
ENSG00000187017.15,142711.23233172015,-1.7189946629141737,3.117948042168634e-13,2.035229525961221e-12,ENSG00000187017.15
ENSG00000165799.4,2960.922814414332,2.9675791973159065,3.1902148787185084e-13,2.08105715091645e-12,ENSG00000165799.4
ENSG00000235875.3,758.8206408043079,2.08842437202993,3.247937390328436e-13,2.114694794341562e-12,ENSG00000235875.3
ENSG00000163499.11,596.8429964922755,-4.64408720902718,3.2799390458620146e-13,2.13398209713372e-12,ENSG00000163499.11
ENSG00000182566.13,1540.4629061008886,3.44459196883237,3.5698376780754433e-13,2.320071253002019e-12,ENSG00000182566.13
ENSG00000171695.10,708.9010345967536,-3.2143384135526323,4.046230401172459e-13,2.617359708674787e-12,ENSG00000171695.10
ENSG00000118495.18,104169.2276783857,1.5019679268904302,4.3590824902059847e-13,2.8096040303252942e-12,ENSG00000118495.18
ENSG00000146216.11,3847.678333078209,-1.7284676812661108,4.376609783543817e-13,2.8198881851314275e-12,ENSG00000146216.11
ENSG00000164438.5,731.1974952756862,-10.306095586659271,4.398659715288953e-13,2.833077886975771e-12,ENSG00000164438.5
ENSG00000171855.6,273.7435287034726,-5.075725788973082,4.479779367614234e-13,2.879124676664392e-12,ENSG00000171855.6
ENSG00000134824.13,1052469.1635308573,-2.009660464641013,4.505938065877609e-13,2.894899844400566e-12,ENSG00000134824.13
ENSG00000089199.9,41003.05480557987,-4.10130477613391,4.858577215822991e-13,3.1158795411267964e-12,ENSG00000089199.9
ENSG00000269113.3,40639.50333001018,1.8466324969656034,4.86261322609244e-13,3.1173537595213553e-12,ENSG00000269113.3
ENSG00000147689.16,32926.68882869394,-2.746736650495685,5.111548334611025e-13,3.2687677589543916e-12,ENSG00000147689.16
ENSG00000166396.12,8063.967671076633,-3.2436628241704457,5.222061438451102e-13,3.3358729245840716e-12,ENSG00000166396.12
ENSG00000204176.13,19093.923287305915,1.5170551707660993,5.307083086109257e-13,3.3889786084393065e-12,ENSG00000204176.13
ENSG00000143546.9,195602.088817586,-3.008490049574029,5.637858246265169e-13,3.5938091783652647e-12,ENSG00000143546.9
ENSG00000213088.9,186841.357818514,2.3678110843258584,5.649040160635357e-13,3.599658261450314e-12,ENSG00000213088.9
ENSG00000111674.8,284766.0794182396,-1.5471978455183426,5.661422069823226e-13,3.6062675761770667e-12,ENSG00000111674.8
ENSG00000237330.2,19679.875743892,-1.756643886446609,5.711003551464755e-13,3.636559536106585e-12,ENSG00000237330.2
ENSG00000125820.5,5311.757026933553,-6.047015881536283,5.735633488758062e-13,3.650947404124677e-12,ENSG00000125820.5
ENSG00000148408.12,6188.992931357091,-2.7628275449645154,6.000359996090956e-13,3.809995037857612e-12,ENSG00000148408.12
ENSG00000166509.10,831369.4785860884,-5.7934378397961,6.038801206245905e-13,3.833047359210348e-12,ENSG00000166509.10
ENSG00000167772.11,118248.95250912366,1.9502999225275153,6.104982417795844e-13,3.873684742041323e-12,ENSG00000167772.11
ENSG00000112530.11,4340.948558685201,1.6712399609243984,6.259141497540026e-13,3.9686938173801494e-12,ENSG00000112530.11
ENSG00000188816.3,895.3582539766662,-6.433228243987142,6.545927180232511e-13,4.137376446709834e-12,ENSG00000188816.3
ENSG00000124171.8,321793.1191191604,-1.902855052496206,6.567653016862333e-13,4.149646680794989e-12,ENSG00000124171.8
ENSG00000181195.10,8506.333622861855,3.028696001966532,7.034394246166476e-13,4.42895334572671e-12,ENSG00000181195.10
ENSG00000152527.13,65352.49522880404,1.6132478545629088,7.10502351238658e-13,4.4687186087018855e-12,ENSG00000152527.13
ENSG00000111799.20,3279996.183747338,-1.5292295183046072,7.231491600897418e-13,4.541893079681599e-12,ENSG00000111799.20
ENSG00000172382.9,25483.674717634374,-1.6575095101962198,7.563939090130108e-13,4.745710595569744e-12,ENSG00000172382.9
ENSG00000133665.12,6684.127211813094,-2.247098177339068,8.60047525658372e-13,5.373500278695622e-12,ENSG00000133665.12
ENSG00000181778.4,726.0335800598591,3.2171182743457925,8.826837611490692e-13,5.5072591829133865e-12,ENSG00000181778.4
ENSG00000153132.12,99514.16857980193,-2.1307423143467403,8.928528955063813e-13,5.562969568391148e-12,ENSG00000153132.12
ENSG00000070886.11,5542.178458416399,-3.247965961371452,9.549411434757398e-13,5.9353875575090665e-12,ENSG00000070886.11
ENSG00000144230.16,3211.827728328531,2.230074382949767,9.601304627295623e-13,5.9655751465440674e-12,ENSG00000144230.16
ENSG00000183813.6,22141.22887166385,-1.826432069042587,9.877313235362743e-13,6.130699020939089e-12,ENSG00000183813.6
ENSG00000115009.11,7401.48170172294,-2.4332987913473327,1.040924288297954e-12,6.4393904551974056e-12,ENSG00000115009.11
ENSG00000172602.9,105005.57927490573,-1.5978872436149945,1.0623080867241687e-12,6.5685928008885196e-12,ENSG00000172602.9
ENSG00000184254.16,214367.60987482916,1.637622921250906,1.0699209184684998e-12,6.613386483292718e-12,ENSG00000184254.16
ENSG00000265766.3,10798.275926994043,-3.12680391316132,1.1263558024525233e-12,6.950250522423686e-12,ENSG00000265766.3
ENSG00000231651.1,1806.7088985716362,-1.568413891119872,1.1489915703359456e-12,7.085053174607632e-12,ENSG00000231651.1
ENSG00000164694.16,444665.9641648528,-1.651142324495202,1.175627584338225e-12,7.244320526567689e-12,ENSG00000164694.16
ENSG00000115593.14,17825.996605784192,4.143777341841806,1.1832222335239465e-12,7.286115222496122e-12,ENSG00000115593.14
ENSG00000116544.11,6378.051470405304,-1.9620497161755446,1.1928605629762167e-12,7.340428649535402e-12,ENSG00000116544.11
ENSG00000112996.10,774366.8103570933,-1.7025378838365444,1.2042362641352385e-12,7.405351447444387e-12,ENSG00000112996.10
ENSG00000253161.5,6201.0564789918435,-1.7263011568326687,1.2284899060913648e-12,7.551909172628793e-12,ENSG00000253161.5
ENSG00000128591.15,92283.255545476,1.5236527157332258,1.238885141041085e-12,7.613203757137408e-12,ENSG00000128591.15
ENSG00000136244.11,27671.538612460572,2.3753149057436067,1.2973496260480622e-12,7.95885185976288e-12,ENSG00000136244.11
ENSG00000231768.1,4334.460765693826,2.032136787449752,1.347758182662593e-12,8.265267542617076e-12,ENSG00000231768.1
ENSG00000187193.8,223139.98665495354,1.6076701209314945,1.412852081689455e-12,8.649681935801973e-12,ENSG00000187193.8
ENSG00000170382.11,174227.94427979284,-1.506497138628167,1.4142920591083838e-12,8.655544580027571e-12,ENSG00000170382.11
ENSG00000197408.8,5209.77429117301,-3.7878702976570016,1.4244033529459125e-12,8.714454062482595e-12,ENSG00000197408.8
ENSG00000234661.2,1318.0059107077368,2.844011951224947,1.434797044367176e-12,8.775050499019975e-12,ENSG00000234661.2
ENSG00000115705.20,14785.07405320592,1.63434616421557,1.4479744406720727e-12,8.849609456205612e-12,ENSG00000115705.20
ENSG00000164638.10,63929.84387790523,1.607045228471043,1.5215208370538997e-12,9.27698603469085e-12,ENSG00000164638.10
ENSG00000160188.9,43809.61875782713,-1.6080813021305995,1.6080878330122637e-12,9.791492390760795e-12,ENSG00000160188.9
ENSG00000099985.3,16386.372787064076,-1.6428391874976702,1.6245405716780214e-12,9.888316152710453e-12,ENSG00000099985.3
ENSG00000105997.22,24316.058297426596,1.660361657644976,1.6760621061643598e-12,1.0188095675139996e-11,ENSG00000105997.22
ENSG00000184330.11,13328.988685439086,-6.734304904895204,1.6988482985129027e-12,1.0323106626656123e-11,ENSG00000184330.11
ENSG00000188783.5,438938.58762498735,1.7317294774928373,1.7126295138335152e-12,1.0403325658845158e-11,ENSG00000188783.5
ENSG00000137261.13,8973.043283187542,-2.407870168591562,1.7159302398033257e-12,1.0416323485463761e-11,ENSG00000137261.13
ENSG00000169427.6,1115.663376375598,-2.334812188477406,1.7292854759102044e-12,1.0486751801193886e-11,ENSG00000169427.6
ENSG00000182732.16,9130.107906463543,2.221347744025292,1.7594691010599957e-12,1.0651792695486018e-11,ENSG00000182732.16
ENSG00000073150.13,32346.050140268333,-1.7260635162664113,1.7863279376195144e-12,1.0810748233606936e-11,ENSG00000073150.13
ENSG00000105610.4,739.8292411144715,-1.8800458882859528,1.8554181151127246e-12,1.1209973958782064e-11,ENSG00000105610.4
ENSG00000106006.6,4636.1604638702665,2.128267306043624,1.8560764576127e-12,1.1210177029755063e-11,ENSG00000106006.6
ENSG00000057593.13,45370.38177643975,-2.4562495461010503,1.954579922134324e-12,1.1789237688328843e-11,ENSG00000057593.13
ENSG00000168546.10,9217.502392269296,2.035776071464989,2.0529639516222276e-12,1.2366023883151813e-11,ENSG00000168546.10
ENSG00000254369.6,36273.69408581999,1.7556163419005286,2.063301231138239e-12,1.2424119896491463e-11,ENSG00000254369.6
ENSG00000070808.15,3427.174910368165,-1.5909722790597602,2.2286393507612062e-12,1.338376991635177e-11,ENSG00000070808.15
ENSG00000104369.4,57145.98762288812,-1.609228348406443,2.259996482486953e-12,1.3563002301587254e-11,ENSG00000104369.4
ENSG00000214548.14,146087.98219927165,1.72937835171498,2.2851374656496972e-12,1.3700135878255318e-11,ENSG00000214548.14
ENSG00000075461.5,514377.5613340117,-2.152572357674111,2.2863756950391742e-12,1.370298111949998e-11,ENSG00000075461.5
ENSG00000164935.6,5630.2947792177965,-1.9817334919923952,2.371873974027813e-12,1.4177517185194896e-11,ENSG00000164935.6
ENSG00000047936.10,2574.0232203482137,-3.7887015546597294,2.5055382796935666e-12,1.4931710026842032e-11,ENSG00000047936.10
ENSG00000169583.12,30411.728286513633,-1.9195093295933734,2.6209346064816448e-12,1.5588349545477836e-11,ENSG00000169583.12
ENSG00000143502.14,203505.51855696406,-1.7065270922097662,2.7815583420015807e-12,1.6489026392096586e-11,ENSG00000143502.14
ENSG00000101445.9,86260.76096533661,1.5400911448157617,2.7919297922651707e-12,1.6545042335669163e-11,ENSG00000101445.9
ENSG00000143171.12,2552.048116798964,2.2922615118261214,2.8606733481289175e-12,1.693563924738545e-11,ENSG00000143171.12
ENSG00000117525.13,168671.46998789624,1.5651916202822747,2.9089748112509813e-12,1.721023541479974e-11,ENSG00000117525.13
ENSG00000268964.1,1682.9546100656094,-5.236909241142184,2.9302689605826483e-12,1.7319086373087957e-11,ENSG00000268964.1
ENSG00000122756.14,40013.874075404536,2.455589950682384,3.025761765822027e-12,1.784821470279765e-11,ENSG00000122756.14
ENSG00000129910.7,1856.9634588161334,-1.8974304582000532,3.148591900865709e-12,1.8560556198795757e-11,ENSG00000129910.7
ENSG00000205364.3,15196.696143278094,1.9150895307483866,3.1774251206407603e-12,1.871822598974977e-11,ENSG00000205364.3
ENSG00000185467.7,2465.9249676365225,-2.374248251357882,3.297532054996412e-12,1.938123655252395e-11,ENSG00000185467.7
ENSG00000108878.4,10031.314516541986,-2.7221104674132097,3.585493886230175e-12,2.097069827070217e-11,ENSG00000108878.4
ENSG00000196159.11,93849.1026264475,1.5647130175963386,3.826053155896542e-12,2.2312218989082725e-11,ENSG00000196159.11
ENSG00000213420.7,16786.197110275367,-1.9393083816552072,3.834243167381252e-12,2.235271585298544e-11,ENSG00000213420.7
ENSG00000105976.14,191754.95108284487,1.6141436891257248,3.849653669363806e-12,2.2435266464132554e-11,ENSG00000105976.14
ENSG00000166897.14,8082.424546242823,-2.6582176682983527,3.979320741189607e-12,2.3145844855723278e-11,ENSG00000166897.14
ENSG00000183779.6,1121534.5071914734,-1.7119625725425003,3.991345219063639e-12,2.3208262673648066e-11,ENSG00000183779.6
ENSG00000238120.1,604.937691927013,2.5883075844606216,4.024440318485328e-12,2.3393118585973673e-11,ENSG00000238120.1
ENSG00000107593.16,2276.3008375163467,-1.513001251671317,4.080817224469302e-12,2.371314257638509e-11,ENSG00000107593.16
ENSG00000228630.5,40995.78298326806,-2.5673134618824003,4.402633639690239e-12,2.5525317618934296e-11,ENSG00000228630.5
ENSG00000273313.1,1929.2760204441313,-2.1764551775609537,4.5207322941381656e-12,2.6167748479359754e-11,ENSG00000273313.1
ENSG00000109906.13,36960.70495188258,2.6176137359033196,4.651155564666996e-12,2.687068108576451e-11,ENSG00000109906.13
ENSG00000179674.3,501.5967605301386,-5.214824913406407,4.9059303320506126e-12,2.829701506856837e-11,ENSG00000179674.3
ENSG00000186583.11,1741.3127531043647,-1.5355823491176497,5.740180664348406e-12,3.2939495312141927e-11,ENSG00000186583.11
ENSG00000187045.16,50239.655694319226,-2.503021749272872,5.766565012374363e-12,3.306974834836867e-11,ENSG00000187045.16
ENSG00000262406.2,42321.62850263432,-2.7831918456968077,5.7913220252998925e-12,3.3201112594882196e-11,ENSG00000262406.2
ENSG00000198054.11,981.0426758970821,-5.83783898402506,5.79373447270849e-12,3.320433451877392e-11,ENSG00000198054.11
ENSG00000188282.12,7830.102404523328,-2.2032999098970496,5.972359673974754e-12,3.41516959814541e-11,ENSG00000188282.12
ENSG00000198759.11,53382.162148538366,2.13013949357086,6.181587377955563e-12,3.5291887976466633e-11,ENSG00000198759.11
ENSG00000145934.16,43908.33978269884,2.004065392613417,6.202054878700465e-12,3.53862234478223e-11,ENSG00000145934.16
ENSG00000234577.1,1293.4568627894644,1.936223717148765,6.265402675169811e-12,3.5736295487363984e-11,ENSG00000234577.1
ENSG00000183873.15,4662.026040479566,2.1004441575885404,6.28395887763403e-12,3.5819364072511124e-11,ENSG00000183873.15
ENSG00000108932.11,233514.85506300494,-2.029997648079698,6.330902935950422e-12,3.6064038819902975e-11,ENSG00000108932.11
ENSG00000187550.8,664.7555375419289,-4.572660113500638,6.526518444718569e-12,3.7154773785542516e-11,ENSG00000187550.8
ENSG00000011677.12,3508.921161105852,-4.850846070916215,6.592588858740207e-12,3.751900237273526e-11,ENSG00000011677.12
ENSG00000102854.15,60252.36761818504,-3.2559795668041467,6.725819874514774e-12,3.818035806020029e-11,ENSG00000102854.15
ENSG00000100095.18,26704.300232608894,-2.8940764141516637,6.945460803957776e-12,3.937736134793628e-11,ENSG00000100095.18
ENSG00000116996.9,270.9731520308822,-6.279787942673871,7.431291399520955e-12,4.197264490809066e-11,ENSG00000116996.9
ENSG00000147485.12,35322.94582760571,-2.394678177831634,7.682071151943787e-12,4.330728393040506e-11,ENSG00000147485.12
ENSG00000106819.11,601331.1330082113,-1.8050115624304899,7.771714609768839e-12,4.3798884094752527e-11,ENSG00000106819.11
ENSG00000122592.7,38869.17427843445,1.764190604318496,7.891477090447827e-12,4.4404096867668805e-11,ENSG00000122592.7
ENSG00000158578.18,693.1817713657103,2.4659162856458736,7.913831903133971e-12,4.4505780329854984e-11,ENSG00000158578.18
ENSG00000180616.8,103216.8294842244,-2.001379732166184,7.914508751257649e-12,4.4505780329854984e-11,ENSG00000180616.8
ENSG00000205002.3,306767.77146078006,-2.202248717553421,8.412686324364291e-12,4.720364083939739e-11,ENSG00000205002.3
ENSG00000137077.7,98884.76460712717,2.502239768027312,8.58903767382474e-12,4.816368473385253e-11,ENSG00000137077.7
ENSG00000198216.10,3398.529570154307,-1.9246117629993125,9.651427601934073e-12,5.3918187076309156e-11,ENSG00000198216.10
ENSG00000173157.16,938.869540780227,-4.4818195406356764,9.709655102426207e-12,5.4199947640605605e-11,ENSG00000173157.16
ENSG00000115828.15,88323.37482591515,-1.5409748522306483,9.92483897618118e-12,5.53594375469677e-11,ENSG00000115828.15
ENSG00000165349.11,5823.688600033463,3.197179650008589,9.958154476730582e-12,5.5493516748588064e-11,ENSG00000165349.11
ENSG00000197635.9,74476.09576294132,1.5307203424269227,1.0010563352013346e-11,5.5768254824131475e-11,ENSG00000197635.9
ENSG00000184925.11,14316.147561362766,-1.8916661355316526,1.0206868886202513e-11,5.676542659770932e-11,ENSG00000184925.11
ENSG00000109339.19,54922.71385170304,1.639783156059073,1.0599647204220223e-11,5.875813081017229e-11,ENSG00000109339.19
ENSG00000163568.14,14948.8192049799,-2.061213107711699,1.0697272184206673e-11,5.922611912169224e-11,ENSG00000163568.14
ENSG00000163492.14,3896.3273551956086,1.821877349034953,1.1033200591330758e-11,6.099191355848402e-11,ENSG00000163492.14
ENSG00000139044.10,176076.25328665867,-1.6244152026912722,1.1064533901082983e-11,6.110864768268176e-11,ENSG00000139044.10
ENSG00000235770.5,8155.869199921502,-1.7912552592823006,1.1061928134805547e-11,6.110864768268176e-11,ENSG00000235770.5
ENSG00000187559.5,861.4404061656795,-1.7555061944695225,1.128919869266274e-11,6.231109853618584e-11,ENSG00000187559.5
ENSG00000077522.12,10535.737339855554,-2.702985878398253,1.1351477137631189e-11,6.261632516374241e-11,ENSG00000077522.12
ENSG00000197172.10,5235.285190459172,-8.590616989937041,1.1499145057347945e-11,6.331410215067553e-11,ENSG00000197172.10
ENSG00000189056.13,40959.49714146701,2.521303634598258,1.2242688827206028e-11,6.722240156529527e-11,ENSG00000189056.13
ENSG00000235621.8,3672.61743388447,-2.2972888083127834,1.243957582162027e-11,6.826169680218782e-11,ENSG00000235621.8
ENSG00000165215.6,448283.38540534995,-1.5631504605473663,1.2458595250497543e-11,6.834516452917392e-11,ENSG00000165215.6
ENSG00000140465.13,6041.97598305716,4.149137221819321,1.2785060697326003e-11,7.000766834080494e-11,ENSG00000140465.13
ENSG00000160781.15,35869.34933407606,-1.5513949210811635,1.2931862476804978e-11,7.078991466863592e-11,ENSG00000160781.15
ENSG00000236081.1,3100.6340840612374,-3.702077059823212,1.2937745376089205e-11,7.080051937436557e-11,ENSG00000236081.1
ENSG00000215182.8,2642.151586581977,-3.7822733418044026,1.4039392151470403e-11,7.650253652170814e-11,ENSG00000215182.8
ENSG00000027869.11,24959.943245982267,-1.5388273335655323,1.4126312931999553e-11,7.69528109446873e-11,ENSG00000027869.11
ENSG00000153093.18,3426.7614135426666,-1.770209469572206,1.5103293039565657e-11,8.192668993408893e-11,ENSG00000153093.18
ENSG00000148053.15,653537.2939848112,2.166996580867043,1.515078381618948e-11,8.215946352302932e-11,ENSG00000148053.15
ENSG00000143369.14,792627.2447729321,-2.016869585841978,1.6331593826685182e-11,8.826931314037316e-11,ENSG00000143369.14
ENSG00000125999.10,138364.74862052046,-2.9384194811212416,1.6525200207508504e-11,8.923508652528818e-11,ENSG00000125999.10
ENSG00000130222.10,75088.59987212514,-1.6176782662042,1.678162327390309e-11,9.053801804778024e-11,ENSG00000130222.10
ENSG00000104490.17,226437.47505692838,1.5151724523289454,1.7092875380481418e-11,9.213414113167875e-11,ENSG00000104490.17
ENSG00000069482.6,19284.127675833224,-2.5624912682146332,1.7969666622361602e-11,9.66057537470223e-11,ENSG00000069482.6
ENSG00000213199.7,11998.39434529315,-1.5153521075943648,1.8482156119852258e-11,9.926483370686288e-11,ENSG00000213199.7
ENSG00000251191.7,1415.5111831763238,-2.8684373897035114,1.872501476989e-11,1.0053909785484925e-10,ENSG00000251191.7
ENSG00000171916.16,5224.32411554334,-1.9355757906831499,1.908999337422192e-11,1.02376222685905e-10,ENSG00000171916.16
ENSG00000064300.8,116764.46301458603,1.9129989032199273,1.940435757445867e-11,1.0403101055156449e-10,ENSG00000064300.8
ENSG00000148357.16,26390.704961151732,1.7326468550365588,1.9673969810262212e-11,1.0531912717044902e-10,ENSG00000148357.16
ENSG00000146005.3,4595.869337418741,1.8507775912759492,1.9916214962964895e-11,1.0658412206842889e-10,ENSG00000146005.3
ENSG00000156219.16,22108.083655590617,-3.4560010765780365,2.019402383240486e-11,1.079420803242993e-10,ENSG00000156219.16
ENSG00000083454.21,17910.942868074282,-1.8922285513075998,2.032776341940055e-11,1.0856380031036391e-10,ENSG00000083454.21
ENSG00000186439.12,5249.754395252163,3.4535662112269847,2.0548083432657796e-11,1.0970390036168149e-10,ENSG00000186439.12
ENSG00000162878.12,66496.89019885747,1.5496761353322295,2.0633361434426956e-11,1.1012642402717349e-10,ENSG00000162878.12
ENSG00000088992.17,18913.232341117022,1.7250949277626315,2.0707727034070243e-11,1.1049047097810183e-10,ENSG00000088992.17
ENSG00000157303.10,291348.30914861715,-1.933958360099485,2.150282062281504e-11,1.1449454399281694e-10,ENSG00000157303.10
ENSG00000090932.10,3704.455308719334,-2.8792685386698325,2.1629522082693995e-11,1.1513501757693891e-10,ENSG00000090932.10
ENSG00000174939.10,31660.75698799872,-1.7936309348631165,2.26078455440931e-11,1.2027132536116411e-10,ENSG00000174939.10
ENSG00000204950.3,17753.21785106535,-1.8498161925206473,2.3742467573183638e-11,1.260831127946751e-10,ENSG00000204950.3
ENSG00000141052.17,7740.917724866047,2.0501140941978404,2.3854259238338733e-11,1.2663929815761842e-10,ENSG00000141052.17
ENSG00000206113.10,8225.159550549106,-1.9257390631722084,2.3963490710038524e-11,1.2718156678525032e-10,ENSG00000206113.10
ENSG00000162383.11,6664.988728706551,1.6340986768573436,2.4602641752957222e-11,1.3044854889698978e-10,ENSG00000162383.11
ENSG00000170054.14,4318.0211487054075,-2.8004052235475574,2.5008177992738073e-11,1.3249091995916503e-10,ENSG00000170054.14
ENSG00000151023.16,4052.0438153901605,-1.7414969099407307,2.5731774181241716e-11,1.3624401177580448e-10,ENSG00000151023.16
ENSG00000263639.5,28485.321639988382,-2.8997849282527506,2.6524831900433226e-11,1.4015358763880267e-10,ENSG00000263639.5
ENSG00000171951.4,19542.33011105315,-1.826293369712501,2.6616842891893592e-11,1.4059835998002314e-10,ENSG00000171951.4
ENSG00000174175.16,60354.89532531646,1.8302549450578813,2.7541976670920333e-11,1.452713784194575e-10,ENSG00000174175.16
ENSG00000144229.11,13092.747313641295,1.7501333168472075,2.7847249655783036e-11,1.4675214326677556e-10,ENSG00000144229.11
ENSG00000117215.14,35527.7461421061,-2.6318818421124743,2.861521070996287e-11,1.504898420221494e-10,ENSG00000117215.14
ENSG00000145721.11,841.2195126640478,-3.016982154936827,2.9486235756808905e-11,1.5493441125041843e-10,ENSG00000145721.11
ENSG00000154438.7,224.4559066483237,-7.8755310036196375,3.0046675375895184e-11,1.577868138557399e-10,ENSG00000154438.7
ENSG00000188389.10,12677.51359476957,-1.8960388038903446,3.04476893335134e-11,1.597057402515535e-10,ENSG00000188389.10
ENSG00000163064.6,82900.92992896514,-2.5236855556546542,3.0861843389003585e-11,1.6178349920312016e-10,ENSG00000163064.6
ENSG00000135824.12,1870.0074604300285,-1.995249036542754,3.146525434058112e-11,1.6489851749047536e-10,ENSG00000135824.12
ENSG00000132464.11,118181.24625593929,2.2076718432326583,3.503004953429894e-11,1.8283281234539273e-10,ENSG00000132464.11
ENSG00000152669.8,63005.29391925285,-2.1767314164683924,3.568224376560933e-11,1.8596636135059362e-10,ENSG00000152669.8
ENSG00000178372.7,431598.811134995,-3.237839737123243,3.590334619416172e-11,1.8706435659350695e-10,ENSG00000178372.7
ENSG00000156234.7,177126.75500158002,-2.636409980621453,3.861442074473488e-11,2.0089798951682306e-10,ENSG00000156234.7
ENSG00000223572.9,79831.54033544054,-1.8608715945787442,3.872382993546482e-11,2.0135045040915116e-10,ENSG00000223572.9
ENSG00000068078.17,169040.72944369444,-1.931374514474364,3.9211079343532796e-11,2.038249153361392e-10,ENSG00000068078.17
ENSG00000138675.16,1014.8761842214806,-2.899352591263072,3.949998184023361e-11,2.0526720942402314e-10,ENSG00000138675.16
ENSG00000180999.10,634.3162663394277,-3.5269880082627263,4.036640428328874e-11,2.0964826583482872e-10,ENSG00000180999.10
ENSG00000179388.8,235044.6682130037,1.8558399599265971,4.327943062227042e-11,2.2419344777310061e-10,ENSG00000179388.8
ENSG00000109107.13,126408.10759866185,1.5385217698275273,4.358089398950617e-11,2.2555972360764315e-10,ENSG00000109107.13
ENSG00000197308.9,98276.62482856875,-2.3082520675743403,4.4369721073822824e-11,2.2944388327051203e-10,ENSG00000197308.9
ENSG00000157851.16,5025.304159136156,-4.295560250753708,4.594310273184661e-11,2.371018220938325e-10,ENSG00000157851.16
ENSG00000141736.13,4446220.952411972,-1.7670273032629125,4.597222138192178e-11,2.371838816783222e-10,ENSG00000141736.13
ENSG00000182898.3,208.27965626495882,-9.859728532820583,4.642229654778094e-11,2.393683015095923e-10,ENSG00000182898.3
ENSG00000172201.11,171904.76358556782,1.875199580123963,4.7222774259552446e-11,2.432162632931714e-10,ENSG00000172201.11
ENSG00000185008.17,59615.43956043432,-2.613033737060804,4.872405367648803e-11,2.505170255504015e-10,ENSG00000185008.17
ENSG00000113763.10,48485.148968809284,-2.156604729415211,5.1673669129878387e-11,2.64847848862193e-10,ENSG00000113763.10
ENSG00000135549.14,294817.1474734254,-1.6326365159710796,5.2353197928263275e-11,2.681775003210837e-10,ENSG00000135549.14
ENSG00000104879.4,1205.5715891056698,-1.9346539633912931,5.258072340826625e-11,2.692661246683589e-10,ENSG00000104879.4
ENSG00000102468.10,5158.702152661648,2.223411654212944,5.4058731878912956e-11,2.7636179055134305e-10,ENSG00000102468.10
ENSG00000269404.6,35245.154511613175,-2.465578081021261,5.414341078448119e-11,2.7667050001899195e-10,ENSG00000269404.6
ENSG00000106688.11,293430.85963648005,-2.3308391341863732,5.546227955442115e-11,2.8305322648593093e-10,ENSG00000106688.11
ENSG00000107984.9,44824.770603530334,-2.779668903832395,5.718970958201822e-11,2.914547426128188e-10,ENSG00000107984.9
ENSG00000090382.6,1428271.864145865,-1.8841491483192345,6.01921552878737e-11,3.06321053455929e-10,ENSG00000090382.6
ENSG00000016602.9,3869.9608702771116,3.334436164152615,6.085526858225913e-11,3.0960786488235267e-10,ENSG00000016602.9
ENSG00000101842.13,5156.802592260851,-1.6212537100564262,6.421139995103113e-11,3.2612775565278873e-10,ENSG00000101842.13
ENSG00000116748.21,4275.96975426099,2.501459082697176,6.470028483500276e-11,3.284248687635897e-10,ENSG00000116748.21
ENSG00000185518.11,20286.391608094404,1.6838932573155099,6.848114412034075e-11,3.468319644638426e-10,ENSG00000185518.11
ENSG00000166342.18,5486.7432580071145,-2.4375490579363777,6.956888730114748e-11,3.5184445144638963e-10,ENSG00000166342.18
ENSG00000167889.12,15996.511792406043,-2.1371566257944417,7.169522170752973e-11,3.620881109822442e-10,ENSG00000167889.12
ENSG00000159337.6,2012.8985914448901,-2.3637521586590586,7.926917440796481e-11,3.9887999595527775e-10,ENSG00000159337.6
ENSG00000261390.5,1588.4563320830925,1.8229728990021032,7.93959877410526e-11,3.9929417153179595e-10,ENSG00000261390.5
ENSG00000129521.13,250967.6506637136,-1.5483840399351239,8.037799474968062e-11,4.0411956788687835e-10,ENSG00000129521.13
ENSG00000170893.3,27389.416002571084,-3.466029671940495,8.567292364097645e-11,4.2953756407199823e-10,ENSG00000170893.3
ENSG00000227234.1,1063.401052721603,-6.027067166602377,8.657070236709329e-11,4.3367523262845397e-10,ENSG00000227234.1
ENSG00000105641.3,2395.72961521197,-2.3807740182765182,9.12073954723971e-11,4.5639305754509027e-10,ENSG00000105641.3
ENSG00000125845.6,19435.084341680027,1.7122773299236742,9.140286261853701e-11,4.5724364840452415e-10,ENSG00000125845.6
ENSG00000144452.14,153208.68394473608,-2.388993811267457,9.279473840655373e-11,4.638186033334819e-10,ENSG00000144452.14
ENSG00000171611.9,1170.0624965703898,-1.944339397535731,9.625256887940383e-11,4.800322668071213e-10,ENSG00000171611.9
ENSG00000196878.14,446121.8958027292,1.7015275625281905,9.65833667154449e-11,4.814144256505398e-10,ENSG00000196878.14
ENSG00000237412.6,96.15683653097629,-8.60620107021179,1.0052108747541156e-10,5.000694188130816e-10,ENSG00000237412.6
ENSG00000178597.6,1230.639667594736,-7.992228476209129,1.0071704410847327e-10,5.006278779729763e-10,ENSG00000178597.6
ENSG00000150667.6,100247.60988395865,-2.14912823287929,1.038564523047435e-10,5.155187220349426e-10,ENSG00000150667.6
ENSG00000131914.10,2169.8490287721484,-4.6505417286642885,1.0463556389488618e-10,5.192424110978534e-10,ENSG00000131914.10
ENSG00000163600.12,14665.623494991132,-1.949642685231125,1.0560153428350298e-10,5.23891050921531e-10,ENSG00000163600.12
ENSG00000168824.14,25279.978076206862,1.9904105658273266,1.0711918194181784e-10,5.306865269917115e-10,ENSG00000168824.14
ENSG00000139219.17,263999.0892599023,-3.1901408063551635,1.0738356510544303e-10,5.318494872349075e-10,ENSG00000139219.17
ENSG00000179455.7,9742.093212873782,-3.328228827941614,1.1073321410382959e-10,5.476837910361406e-10,ENSG00000179455.7
ENSG00000154162.14,4426.666523478331,1.6921141159949595,1.220562535625085e-10,6.008717184981214e-10,ENSG00000154162.14
ENSG00000136928.6,9965.168720092615,-2.559909577207353,1.3239635649023735e-10,6.499918524927001e-10,ENSG00000136928.6
ENSG00000198569.9,1512.6162457174441,-1.784014696985681,1.3345526162247915e-10,6.550112731273976e-10,ENSG00000198569.9
ENSG00000184226.14,24119.883258325946,2.103296564026913,1.3367965468956983e-10,6.559332031035387e-10,ENSG00000184226.14
ENSG00000156885.5,759.9980525439186,-3.1149283352772974,1.358692060262747e-10,6.655847755761598e-10,ENSG00000156885.5
ENSG00000140459.17,6913.421345023916,1.526421147706152,1.5172233483352008e-10,7.41221229581455e-10,ENSG00000140459.17
ENSG00000198768.10,33982.172161315226,1.9126071428946596,1.584990867183408e-10,7.732755878395616e-10,ENSG00000198768.10
ENSG00000132465.10,1512787.3876064292,2.0966034529404207,1.608238965935732e-10,7.844044578622119e-10,ENSG00000132465.10
ENSG00000182885.16,3999.9616812227214,1.7879357694629294,1.6838319641387946e-10,8.199370628088611e-10,ENSG00000182885.16
ENSG00000118160.13,6276.118147077338,-2.308334585688416,1.6888603133633413e-10,8.221624922135594e-10,ENSG00000118160.13
ENSG00000151632.17,186276.16251885088,2.478911030384397,1.7093361337060748e-10,8.319047351023001e-10,ENSG00000151632.17
ENSG00000090534.17,13674.121388612315,-1.9068503132379362,1.7557225823896764e-10,8.537855289539391e-10,ENSG00000090534.17
ENSG00000092054.12,666.3646827009434,-3.8210841831582067,1.7899367888523317e-10,8.694809350072073e-10,ENSG00000092054.12
ENSG00000167992.12,6464.368829257291,1.5161924616858662,1.84261808616463e-10,8.933785176476121e-10,ENSG00000167992.12
ENSG00000178776.4,22327.028215572736,-1.988837478421934,1.9368010216617261e-10,9.37016919188407e-10,ENSG00000178776.4
ENSG00000113389.15,117255.49326528245,1.8310229357939927,2.0583647467327588e-10,9.94488341824788e-10,ENSG00000113389.15
ENSG00000145198.14,6080.061799701125,-1.8742913929711744,2.1083161069877292e-10,1.0177999522138233e-09,ENSG00000145198.14
ENSG00000003137.8,44023.19200365964,1.590548971261097,2.1763786344779464e-10,1.0495280359331435e-09,ENSG00000003137.8
ENSG00000071909.18,16342.150099237733,-2.2822860036571058,2.3239569005426137e-10,1.1176918419548824e-09,ENSG00000071909.18
ENSG00000163749.17,10110.914915678846,1.590544106793433,2.3301770021765214e-10,1.1203830687849811e-09,ENSG00000163749.17
ENSG00000163220.10,632407.1787692412,-2.519271394514978,2.461777518253728e-10,1.1796732324943468e-09,ENSG00000163220.10
ENSG00000172752.14,1683.2732790879645,-3.409546129467811,2.4662313852689044e-10,1.1813682855650085e-09,ENSG00000172752.14
ENSG00000101188.4,1925.0950618718057,-2.8603357743139535,2.504169055975509e-10,1.1985812094004943e-09,ENSG00000101188.4
ENSG00000268606.5,703.2855580198682,-8.350189230835872,2.667894943170446e-10,1.2732102888364493e-09,ENSG00000268606.5
ENSG00000181449.3,12031.857608090198,-3.633886394759331,2.7256032884920995e-10,1.2986783167472711e-09,ENSG00000181449.3
ENSG00000096006.11,97970.71194046333,-3.443914972944657,2.781243875771738e-10,1.3230816571274674e-09,ENSG00000096006.11
ENSG00000231806.2,4500.108283429926,-1.7806003118732336,2.8137859273642766e-10,1.3378530651993793e-09,ENSG00000231806.2
ENSG00000107485.15,3141035.2150383918,-1.5650097723160095,2.8170641514961046e-10,1.339056930713804e-09,ENSG00000107485.15
ENSG00000106113.18,1405.0530590054932,1.626395814257489,2.8194230784590476e-10,1.3398232976660262e-09,ENSG00000106113.18
ENSG00000237289.9,192302.41467140798,-1.7706243199935747,2.849887377170654e-10,1.3528671718505347e-09,ENSG00000237289.9
ENSG00000186326.3,2271.8650761638214,-1.6348474564896371,3.168959115398016e-10,1.4972038537836231e-09,ENSG00000186326.3
ENSG00000158477.6,9076.456166328315,-2.6683374405005402,3.243793412431528e-10,1.5313504075946155e-09,ENSG00000158477.6
ENSG00000226031.5,1183.2933904412894,2.329541922958655,3.281933230409169e-10,1.5481338035347565e-09,ENSG00000226031.5
ENSG00000249464.5,2030.746525806797,1.5430532093843436,3.632241495177974e-10,1.7057561211586904e-09,ENSG00000249464.5
ENSG00000064787.13,237116.12346340643,-2.04227088522803,3.71151126438929e-10,1.741159689626181e-09,ENSG00000064787.13
ENSG00000130988.12,14147.109633140451,1.7694128127885398,3.7305693034587666e-10,1.749642853666077e-09,ENSG00000130988.12
ENSG00000102021.10,51.18584748331662,-7.8455090847538305,3.8254243507042827e-10,1.789452934020794e-09,ENSG00000102021.10
ENSG00000170209.4,4893.059802722364,1.5020512749806652,3.864641021717126e-10,1.806855614739242e-09,ENSG00000170209.4
ENSG00000147432.6,37.29405040234486,-7.397904762961218,3.877289562078972e-10,1.812297053970958e-09,ENSG00000147432.6
ENSG00000137392.9,1008.5023281993263,-2.909573470072447,4.0027121970425906e-10,1.868925061467377e-09,ENSG00000137392.9
ENSG00000081138.13,7219.521378208855,-3.203656797931555,4.021309989874946e-10,1.8766810522318864e-09,ENSG00000081138.13
ENSG00000154080.13,25266.685783386205,2.377669126616814,4.0874764868945535e-10,1.9055775027496976e-09,ENSG00000154080.13
ENSG00000186462.8,18327.284899756633,1.6215610855264573,4.183266345891241e-10,1.947199255789168e-09,ENSG00000186462.8
ENSG00000180638.17,1639.14065367674,1.5924920341580946,4.2354258837169613e-10,1.9704558480014818e-09,ENSG00000180638.17
ENSG00000130226.16,5511.5118293435,2.7596013962144768,4.391679189408116e-10,2.0378663401794473e-09,ENSG00000130226.16
ENSG00000130433.7,4074.9026643568645,-3.8117030442239765,4.4974483119686184e-10,2.0815633868961797e-09,ENSG00000130433.7
ENSG00000148965.9,8268.228085874689,2.3099710927079613,4.5499232746424344e-10,2.104222248458346e-09,ENSG00000148965.9
ENSG00000119121.21,7096.765536290832,1.9111172526625522,4.59236433575492e-10,2.1216628640779167e-09,ENSG00000119121.21
ENSG00000138039.14,1166.7476155956444,4.129851995561557,4.657184883537362e-10,2.1492495590490325e-09,ENSG00000138039.14
ENSG00000249231.7,2161.788249886878,-3.3533453957794386,4.815878217204389e-10,2.2186423293842248e-09,ENSG00000249231.7
ENSG00000052850.5,24873.257176018942,2.184951099752662,4.877187692878267e-10,2.2445820969737783e-09,ENSG00000052850.5
ENSG00000124256.14,24664.06245930699,-1.7047230382857002,5.04956546272265e-10,2.3185619924026415e-09,ENSG00000124256.14
ENSG00000149970.14,10695.242607390563,1.7599421095534575,5.08374422833e-10,2.333658389182746e-09,ENSG00000149970.14
ENSG00000163017.13,430771.4012409031,2.2280944888914496,5.250516196141515e-10,2.404677453383444e-09,ENSG00000163017.13
ENSG00000124391.4,533.3736820659526,-3.384766324908427,5.513447474864444e-10,2.521236021635259e-09,ENSG00000124391.4
ENSG00000196565.13,791.2327012693643,2.007152319178477,5.559351468058677e-10,2.5402852748368956e-09,ENSG00000196565.13
ENSG00000261949.5,401.38391056209736,-4.334807173884978,6.122298389821823e-10,2.7901330639446342e-09,ENSG00000261949.5
ENSG00000104332.11,1576453.8792594364,2.3192168690200528,6.192002498158429e-10,2.8200328128668746e-09,ENSG00000104332.11
ENSG00000234068.6,827.275137276898,-5.075887301543687,6.218115610781578e-10,2.8312069657413e-09,ENSG00000234068.6
ENSG00000170835.14,13319.866915981942,-1.7111984247147594,6.283413375755748e-10,2.8602123189893743e-09,ENSG00000170835.14
ENSG00000177108.5,1497.375437223419,-3.5981477651473877,6.463384263582184e-10,2.9391527426689995e-09,ENSG00000177108.5
ENSG00000102970.10,5402.924387947681,-1.823291273020326,6.536982082019195e-10,2.9703622810775495e-09,ENSG00000102970.10
ENSG00000126231.13,1649.1823048700574,-1.8315656902163848,6.605795257479903e-10,3.000111113647669e-09,ENSG00000126231.13
ENSG00000273514.1,736.7052188859162,-1.8138551631707935,6.738963007376103e-10,3.0536351566756763e-09,ENSG00000273514.1
ENSG00000170482.16,10291.649494709533,-1.5560553668851997,6.843541811098127e-10,3.0963316757020877e-09,ENSG00000170482.16
ENSG00000187955.11,777314.3995601488,1.5661866118684324,7.015778189566978e-10,3.1702624989571855e-09,ENSG00000187955.11
ENSG00000113302.4,1984.094735244971,-2.345278607652167,7.229100057434978e-10,3.263370350455679e-09,ENSG00000113302.4
ENSG00000171540.7,382.56797256226383,-4.441199844407481,7.254094488320745e-10,3.2738297660570286e-09,ENSG00000171540.7
ENSG00000274736.4,1520.8492354701705,1.929188711277745,7.443638670882861e-10,3.355153285865914e-09,ENSG00000274736.4
ENSG00000140297.12,2971.4480711533397,-1.9713831449459305,7.553591646905074e-10,3.4030039797154067e-09,ENSG00000140297.12
ENSG00000127743.5,6438.2315433251715,2.0867386057522195,8.27962305949264e-10,3.7160969529648807e-09,ENSG00000127743.5
ENSG00000122711.8,2435.20513318076,-3.086092856352625,8.325810578746535e-10,3.734958625625696e-09,ENSG00000122711.8
ENSG00000166405.14,28965.85720194578,1.8308775881153032,8.459557484854592e-10,3.788327913856522e-09,ENSG00000166405.14
ENSG00000188883.4,31260.874929207217,-1.740266615404527,8.667679727913629e-10,3.8741625641361885e-09,ENSG00000188883.4
ENSG00000070985.13,598.2669066448185,-2.218475312719352,9.326772103703582e-10,4.154905626337068e-09,ENSG00000070985.13
ENSG00000108176.14,244738.53853004437,-1.8590537020159683,9.44733599606286e-10,4.204439412533531e-09,ENSG00000108176.14
ENSG00000204983.13,1422.4018101040347,-4.150058554800597,1.0168156535030736e-09,4.506233659288504e-09,ENSG00000204983.13
ENSG00000198099.8,1475.2094907631706,3.284901480115648,1.0282528396008832e-09,4.554670193482657e-09,ENSG00000198099.8
ENSG00000198033.11,1448.317934359224,-3.714094433315043,1.02901480480716e-09,4.556920448533978e-09,ENSG00000198033.11
ENSG00000173267.13,141580.99645298932,1.7815079124013258,1.036362750962936e-09,4.584934221715711e-09,ENSG00000173267.13
ENSG00000240990.9,4101.0777587997545,-1.8298691407964778,1.037103790508444e-09,4.587081690136435e-09,ENSG00000240990.9
ENSG00000147614.3,9403.427337691253,-1.7699061281632766,1.0376791782461967e-09,4.588495607306494e-09,ENSG00000147614.3
ENSG00000171124.12,35007.96283850785,-2.3813555185956026,1.0565815891354603e-09,4.667479083074027e-09,ENSG00000171124.12
ENSG00000171236.9,277080.79103256913,-1.9709473928649721,1.1080419784372721e-09,4.885185567832533e-09,ENSG00000171236.9
ENSG00000187772.7,405.9703646589278,-8.549263717335718,1.1222339731332064e-09,4.942897990648566e-09,ENSG00000187772.7
ENSG00000175874.9,2657.6056765976514,-1.5748920107869557,1.1720915120278338e-09,5.1498555562750865e-09,ENSG00000175874.9
ENSG00000117983.17,588611.9765463935,-2.5144477780769496,1.1782233967570065e-09,5.175530142327473e-09,ENSG00000117983.17
ENSG00000078081.7,89711.6812069197,-1.78683709474653,1.21494494037858e-09,5.329008068969259e-09,ENSG00000078081.7
ENSG00000100448.3,13585.28544770364,1.9610772555038083,1.2805525395947731e-09,5.597621137756056e-09,ENSG00000100448.3
ENSG00000169174.10,7227.145923798386,-1.9499663468805877,1.3069179536535174e-09,5.707309749418037e-09,ENSG00000169174.10
ENSG00000272398.5,7538840.768276733,-1.5693498030446524,1.3133109193013978e-09,5.733832393173791e-09,ENSG00000272398.5
ENSG00000230115.1,25129.969450154967,-2.4770179529983323,1.3900132132468556e-09,6.055449647609026e-09,ENSG00000230115.1
ENSG00000165379.13,8184.139286738715,1.8041756292035835,1.4583851512582758e-09,6.3348494684527965e-09,ENSG00000165379.13
ENSG00000120498.13,1461.2936575815093,-1.567565226226427,1.4843039500892968e-09,6.442755220223112e-09,ENSG00000120498.13
ENSG00000172548.14,4886.313606319569,-1.9992185123670498,1.5278025569004598e-09,6.621953884304795e-09,ENSG00000172548.14
ENSG00000026559.13,32046.423505500097,-2.3705144451114815,1.5559245706317669e-09,6.73733361375879e-09,ENSG00000026559.13
ENSG00000181215.14,2143.638772008272,-2.1783368502999125,1.6151582560592974e-09,6.9820283658704e-09,ENSG00000181215.14
ENSG00000177455.12,11528.74144607715,-2.235413122764701,1.6687562948068952e-09,7.201578392018981e-09,ENSG00000177455.12
ENSG00000267206.5,2326.112655932052,2.2700370256805638,1.6763959441033126e-09,7.23280808391196e-09,ENSG00000267206.5
ENSG00000157064.10,30097.016341282077,1.786446940951048,1.7193572485747299e-09,7.412817508030984e-09,ENSG00000157064.10
ENSG00000005073.5,6868.153495080905,-1.7826442989763,1.7577081757251578e-09,7.572704803172204e-09,ENSG00000005073.5
ENSG00000185290.3,21582.556477754988,-1.7610665722328562,1.7849824846561718e-09,7.686519247581077e-09,ENSG00000185290.3
ENSG00000108342.12,2856.919064895006,3.8558232576850524,1.889663475887686e-09,8.100363452300201e-09,ENSG00000108342.12
ENSG00000188505.4,76768.62592928983,-2.4324176419079033,1.9138666790892723e-09,8.196282503479213e-09,ENSG00000188505.4
ENSG00000063015.19,4591.820235072764,-2.982675500085119,1.947397144867561e-09,8.333912322323757e-09,ENSG00000063015.19
ENSG00000175985.9,30310.358447323862,-1.9711127104114867,2.0179005957525516e-09,8.625347377366315e-09,ENSG00000175985.9
ENSG00000100867.14,843923.0664330239,-2.952830689868641,2.127088740145779e-09,9.061842439025608e-09,ENSG00000100867.14
ENSG00000162897.14,1395.4493329281465,-3.35863022988212,2.128617895526827e-09,9.06620449022867e-09,ENSG00000162897.14
ENSG00000172867.3,865.803287818028,-1.8861750585127173,2.2060791176477536e-09,9.369439925934034e-09,ENSG00000172867.3
ENSG00000160307.9,87615.40303153197,2.1888406992672644,2.3232754205043876e-09,9.848536297077896e-09,ENSG00000160307.9
ENSG00000249992.1,61063.10336925174,-1.6987149932914836,2.4339028469616317e-09,1.0271390565823028e-08,ENSG00000249992.1
ENSG00000050730.15,3989.607190955614,-1.9815507453263312,2.5543373790110448e-09,1.0761922969939937e-08,ENSG00000050730.15
ENSG00000164326.4,26763.060899774086,-6.838105483782877,2.5741829539854207e-09,1.0835359823203e-08,ENSG00000164326.4
ENSG00000125780.11,6738.090036528791,-2.3832850497413767,2.6164667803652498e-09,1.100301849235389e-08,ENSG00000125780.11
ENSG00000109061.9,4151.797673956629,2.17023448278125,2.8881816689856773e-09,1.2100287618089887e-08,ENSG00000109061.9
ENSG00000186810.7,28657.49295186585,-1.601734831842126,3.0498802809057403e-09,1.2747973855246355e-08,ENSG00000186810.7
ENSG00000173826.14,1307.3268018097815,-3.175412627050643,3.0543321156239657e-09,1.2763608635947005e-08,ENSG00000173826.14
ENSG00000186297.11,1032.1747143516181,-4.6890937320020845,3.0868361870487824e-09,1.2890432520456913e-08,ENSG00000186297.11
ENSG00000115361.7,11226.398435465271,2.6399270635644303,3.175858052494629e-09,1.3256012303783117e-08,ENSG00000115361.7
ENSG00000186086.18,26923.884646130537,-2.533916137671517,3.3834984904698608e-09,1.4067075281045223e-08,ENSG00000186086.18
ENSG00000131096.10,4270.6092951124265,-2.3076129184533203,3.3934767529863742e-09,1.410201165909766e-08,ENSG00000131096.10
ENSG00000174502.18,4062.9891876698844,-2.795754717116919,3.394259270822715e-09,1.410201165909766e-08,ENSG00000174502.18
ENSG00000039537.13,15147.615863125142,2.515080585643721,3.625770045088824e-09,1.5011725355116258e-08,ENSG00000039537.13
ENSG00000189252.4,47.623064612954735,-7.728050705910723,3.653740162222884e-09,1.5120551999752636e-08,ENSG00000189252.4
ENSG00000163734.4,3526.74515000748,1.883370926569149,3.818400021115476e-09,1.5776507017936013e-08,ENSG00000163734.4
ENSG00000153002.11,2626843.783084768,-3.6052800670930907,3.8215782793896906e-09,1.578600383180677e-08,ENSG00000153002.11
ENSG00000183019.7,1930.5999087244272,-1.9641873527747205,3.863802416655755e-09,1.5949406617085548e-08,ENSG00000183019.7
ENSG00000069812.11,34485.500368144654,-1.874998619532359,3.9736489254817375e-09,1.638095055060816e-08,ENSG00000069812.11
ENSG00000147234.10,23900.422694942008,-1.6015869301721006,3.99009220539495e-09,1.6444238524025487e-08,ENSG00000147234.10
ENSG00000228607.2,405.82303774394705,-4.180045160557445,4.29366560166433e-09,1.763055733552969e-08,ENSG00000228607.2
ENSG00000171450.5,695.5977649120154,-4.000830243482374,4.430122836587797e-09,1.8174239638713172e-08,ENSG00000171450.5
ENSG00000187398.11,12373.165950504443,2.039610558600622,4.940773376266961e-09,2.0181479049336295e-08,ENSG00000187398.11
ENSG00000153822.13,9758.566590131153,2.914035405976359,5.138997085118303e-09,2.0967295064884682e-08,ENSG00000153822.13
ENSG00000261210.7,719.0646821390724,-1.8062624813063823,5.2460114837224345e-09,2.1379611642951478e-08,ENSG00000261210.7
ENSG00000162460.6,646.625969735451,-4.164107580807842,5.280702674538378e-09,2.1516105538582345e-08,ENSG00000162460.6
ENSG00000126353.3,47433.65339636022,-1.6846525053575407,5.325294404394902e-09,2.16879443469047e-08,ENSG00000126353.3
ENSG00000224057.1,5368.669871380831,1.9325003262128602,5.350159065650367e-09,2.1779322657447865e-08,ENSG00000224057.1
ENSG00000000005.5,14558.398311667699,2.8013053286049012,5.489538662745282e-09,2.232138721148908e-08,ENSG00000000005.5
ENSG00000205231.1,648.2761358797444,1.903731535352356,5.9810209437209935e-09,2.4226510116056324e-08,ENSG00000205231.1
ENSG00000188404.8,116171.23829600059,-1.5524058835809238,6.067471560012095e-09,2.4560051809803076e-08,ENSG00000188404.8
ENSG00000152592.13,568.2704371429221,-2.804181651839775,6.091386952924923e-09,2.464573787672713e-08,ENSG00000152592.13
ENSG00000177614.10,48350.38126520641,-1.699886101144497,6.303087255914499e-09,2.54506295499842e-08,ENSG00000177614.10
ENSG00000169218.13,13571.41903506904,1.8674566311453027,6.31602727013364e-09,2.549714135776784e-08,ENSG00000169218.13
ENSG00000152977.9,26061.11777471029,-2.862719652302264,6.5185545784704555e-09,2.6255655074315117e-08,ENSG00000152977.9
ENSG00000125931.10,36349.099011619895,2.1277033678435875,6.533683124412936e-09,2.6310684466890872e-08,ENSG00000125931.10
ENSG00000114771.13,3570.1646505207505,3.518029365603591,6.5428954667770724e-09,2.6341870373759882e-08,ENSG00000114771.13
ENSG00000113396.12,26672.441329006786,2.09066607840147,6.665266689487904e-09,2.6810478698984744e-08,ENSG00000113396.12
ENSG00000150471.16,25436.046179678688,1.817910237681367,6.793001863058038e-09,2.729369131901331e-08,ENSG00000150471.16
ENSG00000164619.8,13900.829293415589,1.9126764452840486,6.819246660132106e-09,2.739300695531912e-08,ENSG00000164619.8
ENSG00000138684.7,323.4954083843074,-4.506514481661794,6.93086936341269e-09,2.777300577424683e-08,ENSG00000138684.7
ENSG00000046774.9,828.002505701588,-6.628736319940783,7.1771435315966655e-09,2.8702175959654684e-08,ENSG00000046774.9
ENSG00000205864.1,61.018405793887844,-4.702216242935717,7.274647488733061e-09,2.905325496056667e-08,ENSG00000205864.1
ENSG00000126778.8,165736.70930302213,-1.6339166685206135,7.32800201137201e-09,2.925331881914557e-08,ENSG00000126778.8
ENSG00000135298.13,2740.4040445337596,1.8547309357589583,7.458554251631415e-09,2.974139944250536e-08,ENSG00000135298.13
ENSG00000138083.4,11495.767764935377,-2.647158958804346,7.474198210833879e-09,2.9797159008043352e-08,ENSG00000138083.4
ENSG00000248859.2,68.7060114649126,-10.322357240182228,7.490803618165297e-09,2.9850095519511015e-08,ENSG00000248859.2
ENSG00000143355.15,1236.3305389154893,-4.153197399013047,7.505262520822506e-09,2.990107252967119e-08,ENSG00000143355.15
ENSG00000275152.4,603.2419816969796,2.583507557641959,8.006859615025602e-09,3.1835827372483806e-08,ENSG00000275152.4
ENSG00000167800.9,1774.1507634503694,-4.369445128396558,8.349638435725096e-09,3.3161999134716937e-08,ENSG00000167800.9
ENSG00000041515.15,6692.119444747904,1.5198375026625115,8.480289939964954e-09,3.366600059352459e-08,ENSG00000041515.15
ENSG00000178734.5,267.68446496414845,3.4155736517826742,8.495461774204307e-09,3.37187715276094e-08,ENSG00000178734.5
ENSG00000166105.15,3778.247249046903,2.0669940271489367,8.501520565338813e-09,3.373535714826176e-08,ENSG00000166105.15
ENSG00000128573.24,20047.638649085304,1.5482077666163658,8.653577637230065e-09,3.4323562582328973e-08,ENSG00000128573.24
ENSG00000213373.7,275.8340752888763,2.572171553910015,9.144934696092233e-09,3.620046507537592e-08,ENSG00000213373.7
ENSG00000123358.19,743578.8857431783,1.532329737494293,9.280162572885077e-09,3.669827750622242e-08,ENSG00000123358.19
ENSG00000131203.12,95113.91812877491,-1.9808795521570393,9.5742680404506e-09,3.781656740432436e-08,ENSG00000131203.12
ENSG00000270547.5,29696.01189195007,1.5184706196711586,9.697858096411907e-09,3.826261338654689e-08,ENSG00000270547.5
ENSG00000102287.18,82589.37477271541,1.9030546725884916,9.904667011718007e-09,3.9018516983154316e-08,ENSG00000102287.18
ENSG00000162456.9,104.4240488699884,-6.552049946340971,1.0336805027987348e-08,4.064949143594235e-08,ENSG00000162456.9
ENSG00000129514.5,1612159.0699514311,-1.5177187985794545,1.0633728070669304e-08,4.173482425636264e-08,ENSG00000129514.5
ENSG00000196542.8,151728.00002135875,-2.0339896008879137,1.1346176064956152e-08,4.445322779685004e-08,ENSG00000196542.8
ENSG00000116176.6,22194.134195583894,-2.235735657428225,1.142689989260242e-08,4.474995453357874e-08,ENSG00000116176.6
ENSG00000258498.8,9683.993696948488,1.7358055139356883,1.203443577861566e-08,4.696518390854271e-08,ENSG00000258498.8
ENSG00000175084.11,44671.86557027508,2.371883852271707,1.2043320934552005e-08,4.6989639236703886e-08,ENSG00000175084.11
ENSG00000183862.5,950.5015496920619,-5.515946893743258,1.2048281600324392e-08,4.6998775007874105e-08,ENSG00000183862.5
ENSG00000186471.12,824.0678159248456,-2.0629074168523154,1.248798391915126e-08,4.858724706098227e-08,ENSG00000186471.12
ENSG00000174145.7,2358.2852349370455,3.049262312150173,1.257814966143338e-08,4.8895649377114514e-08,ENSG00000174145.7
ENSG00000165553.4,549.8890161123427,-3.4090795821177866,1.2655707152879926e-08,4.918648671242742e-08,ENSG00000165553.4
ENSG00000043355.11,12547.748534182587,-2.7415713271410636,1.3114069808647502e-08,5.08907587903051e-08,ENSG00000043355.11
ENSG00000178395.6,974.0500675252072,-2.8413896151832705,1.3128180271341502e-08,5.092349044292086e-08,ENSG00000178395.6
ENSG00000189001.10,5539.429446987728,-2.9311175038507233,1.333673587766457e-08,5.171010989386626e-08,ENSG00000189001.10
ENSG00000269526.1,1549.7758847570415,-3.2618758856246286,1.413231002023435e-08,5.4688412983197145e-08,ENSG00000269526.1
ENSG00000162949.16,203310.02367988037,-1.6135190687816723,1.4150621576406747e-08,5.4747467349513297e-08,ENSG00000162949.16
ENSG00000106541.11,2747812.7082266086,-1.8805832161081615,1.4424920760818469e-08,5.5736601664971275e-08,ENSG00000106541.11
ENSG00000100253.12,985.0231830750864,-1.9548437926827646,1.5503198802686812e-08,5.97229281484354e-08,ENSG00000100253.12
ENSG00000092758.15,57026.44330365961,-1.8361014156413646,1.5578843072358186e-08,5.998857512669427e-08,ENSG00000092758.15
ENSG00000159387.7,13833.83028585794,1.8900570207572132,1.5617305048246538e-08,6.012174711672061e-08,ENSG00000159387.7
ENSG00000175766.11,1234.1112566164925,-4.432241674714299,1.5988923956665127e-08,6.142266141691266e-08,ENSG00000175766.11
ENSG00000183305.13,705.4563250151933,-7.218919830085085,1.6353653854443404e-08,6.272979152717667e-08,ENSG00000183305.13
ENSG00000140955.10,3066.923624761562,1.8354444554847564,1.6786811666844657e-08,6.426766557496491e-08,ENSG00000140955.10
ENSG00000123838.10,8423.42094889761,2.7057516426269457,1.6954432046154018e-08,6.489554791727554e-08,ENSG00000123838.10
ENSG00000229613.1,110.68867762464032,-6.039193633136386,1.6967474725354866e-08,6.493162006222386e-08,ENSG00000229613.1
ENSG00000162490.6,14321.764936410213,-1.5353890198586924,1.7724185381175444e-08,6.772631654169765e-08,ENSG00000162490.6
ENSG00000260903.2,840.038784536899,-2.5929172278830954,1.8284512797225264e-08,6.973375082537941e-08,ENSG00000260903.2
ENSG00000173702.7,4036.720815123256,-2.991809868575095,1.8842011554726434e-08,7.181415788827764e-08,ENSG00000173702.7
ENSG00000058085.14,478056.60216936615,1.5162795868000416,1.9926933710925697e-08,7.58203771223178e-08,ENSG00000058085.14
ENSG00000159625.14,1561.0164479768298,-2.3648380197012164,2.1559285903027036e-08,8.173670531246929e-08,ENSG00000159625.14
ENSG00000155918.7,4741.56362400232,-2.0915038174945355,2.1589336851615703e-08,8.181606345626023e-08,ENSG00000155918.7
ENSG00000183960.8,7083.117375661421,2.04561966222022,2.2316060198618452e-08,8.439186179220432e-08,ENSG00000183960.8
ENSG00000123999.4,7898.269541866497,-1.5735164405429987,2.259955384896383e-08,8.544593220939885e-08,ENSG00000123999.4
ENSG00000089012.14,16103.359762896967,-1.6228796470106395,2.3100961197689457e-08,8.724976799228364e-08,ENSG00000089012.14
ENSG00000170608.2,7194.361858853055,-2.564258229552025,2.3363993457892294e-08,8.81689797283742e-08,ENSG00000170608.2
ENSG00000133169.5,46933.53765576802,-2.6440325655173846,2.361987269275417e-08,8.905967547778542e-08,ENSG00000133169.5
ENSG00000149948.13,3467.4001624950993,-1.7661024405833108,2.372762236486424e-08,8.944715456200082e-08,ENSG00000149948.13
ENSG00000137090.11,748.6850354123745,-4.834921374629806,2.373574232536163e-08,8.945897086458498e-08,ENSG00000137090.11
ENSG00000158164.6,18378.584780565867,-1.8947641222568923,2.4518635249197234e-08,9.233208623538199e-08,ENSG00000158164.6
ENSG00000273079.5,4887.750186920104,2.3408938123989964,2.482923948017588e-08,9.342333261318432e-08,ENSG00000273079.5
ENSG00000183273.6,1331.0376816821836,-3.6439139945424954,2.5249492365693844e-08,9.486534568886314e-08,ENSG00000183273.6
ENSG00000185897.6,1208.7083194996044,1.7371686776559185,2.5263047083452787e-08,9.489640294441633e-08,ENSG00000185897.6
ENSG00000145491.11,6271.410887596255,-1.5884468058283632,2.7453476222288568e-08,1.0271584181249917e-07,ENSG00000145491.11
ENSG00000107187.15,53.24019038176126,-7.536909753694734,2.7857036128997742e-08,1.0411719564647688e-07,ENSG00000107187.15
ENSG00000171773.2,407.1429721249286,2.724872566229443,2.8958118475681403e-08,1.0805250112863945e-07,ENSG00000171773.2
ENSG00000118137.9,1897.5452110641354,-1.9948773039152417,2.969053555808209e-08,1.1057844957538918e-07,ENSG00000118137.9
ENSG00000170454.5,4766.085474974802,-2.555770153058109,3.012659004439946e-08,1.1208615628378683e-07,ENSG00000170454.5
ENSG00000118733.16,594.105198447528,-5.345861313133235,3.060945153354945e-08,1.137882739419953e-07,ENSG00000118733.16
ENSG00000186479.4,3716.2776970024984,1.7401795486585707,3.1023642357697916e-08,1.1528023161452296e-07,ENSG00000186479.4
ENSG00000196167.9,24345.121781760226,1.739075290535649,3.11665203078169e-08,1.1576320438904292e-07,ENSG00000196167.9
ENSG00000151640.12,23559.072211924147,-1.6265156487437429,3.161097388735065e-08,1.1734119061535376e-07,ENSG00000151640.12
ENSG00000167751.12,3660.3107663935775,2.5806555915317526,3.2211850566678e-08,1.1944811873702627e-07,ENSG00000167751.12
ENSG00000233932.4,596.8572403707623,-2.59658460290758,3.295142232608429e-08,1.219889255661763e-07,ENSG00000233932.4
ENSG00000184564.8,441589.9171003368,-2.2524639891321283,3.307911213176624e-08,1.2241113386108753e-07,ENSG00000184564.8
ENSG00000122584.12,23010.37544089053,-3.9163516164767294,3.3200502395009064e-08,1.2283501339712218e-07,ENSG00000122584.12
ENSG00000128285.4,7190.03878701458,-1.6182769172096119,3.340826035220488e-08,1.2352726638367287e-07,ENSG00000128285.4
ENSG00000162624.14,1044.3562944363211,-3.644331603456644,3.379532863908252e-08,1.2490697777542673e-07,ENSG00000162624.14
ENSG00000187546.13,4018.998977466411,1.657601303703636,3.5429314478489375e-08,1.3062330367824396e-07,ENSG00000187546.13
ENSG00000065325.12,3731.973433893282,2.451869158492019,3.570168426555975e-08,1.3157342831406944e-07,ENSG00000065325.12
ENSG00000148123.14,3783.599705343985,2.5728138828706753,3.591285822951368e-08,1.3224303879958823e-07,ENSG00000148123.14
ENSG00000126259.19,3530.600504076125,-2.3648563243316216,3.8379376640239346e-08,1.410650418747347e-07,ENSG00000126259.19
ENSG00000180176.14,3250.3302425983306,-2.7991218509609666,3.9239601418953204e-08,1.4413826158888357e-07,ENSG00000180176.14
ENSG00000229876.1,56.89773605589031,-6.533077574697921,3.942894186545524e-08,1.4477449004168792e-07,ENSG00000229876.1
ENSG00000164403.14,290868.844440651,-1.7146607346600422,3.9826323258124293e-08,1.46203671142345e-07,ENSG00000164403.14
ENSG00000179059.9,1523.0224139755624,-4.604832965184504,4.141082086325015e-08,1.5167907115128817e-07,ENSG00000179059.9
ENSG00000172137.18,79814.19493685866,1.7814236349881707,4.297147140090553e-08,1.5701080896311317e-07,ENSG00000172137.18
ENSG00000230873.8,59159.99723428698,-2.0348977237211514,4.344051530326277e-08,1.5869230590426447e-07,ENSG00000230873.8
ENSG00000254560.5,1071.0215792783813,-1.7622668022599262,4.571418569923751e-08,1.666589492456558e-07,ENSG00000254560.5
ENSG00000163040.14,273107.7909730186,-1.6357302938478302,4.610535595062217e-08,1.6805088506560313e-07,ENSG00000163040.14
ENSG00000125879.4,1577.3774578756957,-3.0099340776460055,4.650494228614024e-08,1.6937591191745425e-07,ENSG00000125879.4
ENSG00000205846.3,820.3513662332035,-3.0784532828744497,4.674841410390385e-08,1.7022190395301354e-07,ENSG00000205846.3
ENSG00000172399.5,985.3101039848838,1.7670929296399,4.768194193217524e-08,1.7344511778450283e-07,ENSG00000172399.5
ENSG00000204091.7,387.7363188727322,-3.501726350065525,4.7950728007280615e-08,1.7431682807184832e-07,ENSG00000204091.7
ENSG00000234264.1,343.1493792451813,-2.773315083216638,5.0779964758145036e-08,1.8415434268798596e-07,ENSG00000234264.1
ENSG00000165078.12,7110.0934680421415,-2.263241239294455,5.3115071643664237e-08,1.9231171218198367e-07,ENSG00000165078.12
ENSG00000234602.7,8971.89246309861,-2.22363965775565,5.328847088472111e-08,1.9290060955324502e-07,ENSG00000234602.7
ENSG00000095713.13,18927.053072535065,1.6802893536422268,5.389662422504026e-08,1.9506273196735023e-07,ENSG00000095713.13
ENSG00000167080.8,12101.498884085122,-2.3076375170237493,5.533171866116549e-08,1.998937708185934e-07,ENSG00000167080.8
ENSG00000145087.12,2315.4076675982196,-2.480887876377297,5.545281455565626e-08,2.0029092278315135e-07,ENSG00000145087.12
ENSG00000259125.1,8557.587506744005,1.5185017763509088,5.604374034688439e-08,2.023031335313807e-07,ENSG00000259125.1
ENSG00000156284.5,83941.90205965156,1.8966404821823553,5.6503388701680265e-08,2.0383932586709904e-07,ENSG00000156284.5
ENSG00000166959.7,6441.084231280985,-2.7402667599907815,5.735145794858381e-08,2.0668064645406187e-07,ENSG00000166959.7
ENSG00000131746.12,232680.4604853926,1.617505244214279,5.745309851832308e-08,2.0695455708055405e-07,ENSG00000131746.12
ENSG00000128253.13,802.0881373386464,-1.6101739560684145,5.77195939497577e-08,2.0780906778379859e-07,ENSG00000128253.13
ENSG00000163218.14,2060.964864116403,-3.3572021369549128,5.821629300816965e-08,2.094292625779062e-07,ENSG00000163218.14
ENSG00000173467.8,608459.8309990558,-2.1774711397458106,5.888824435715873e-08,2.1176165465828783e-07,ENSG00000173467.8
ENSG00000189377.8,131182.5237346704,-2.3750192801486363,6.052355611031729e-08,2.1738084284298107e-07,ENSG00000189377.8
ENSG00000214652.5,5631.912414488079,1.5698218812282563,6.217346263789141e-08,2.229497629045411e-07,ENSG00000214652.5
ENSG00000241935.8,5562.763092771472,1.5616753777070256,6.313377861165188e-08,2.263481565249713e-07,ENSG00000241935.8
ENSG00000122420.9,27615.83231267438,1.770727922980187,6.366282588533392e-08,2.2806263679106246e-07,ENSG00000122420.9
ENSG00000172554.11,3285.876177776187,1.8592205136050044,7.113488442245219e-08,2.5316230981286833e-07,ENSG00000172554.11
ENSG00000154493.17,6889.377044922458,2.3533897628740896,7.217493175642661e-08,2.564568268192711e-07,ENSG00000154493.17
ENSG00000130711.3,772.5083414086961,-1.685638396481288,7.28420429150245e-08,2.586735836269938e-07,ENSG00000130711.3
ENSG00000169064.12,1438.1213456132332,-2.804650246571931,7.422791153755685e-08,2.6323036455136763e-07,ENSG00000169064.12
ENSG00000228723.6,1057.7453885514583,-4.020312330625168,7.69685525512529e-08,2.7224989295873886e-07,ENSG00000228723.6
ENSG00000140873.15,15905.156539310912,1.659339366996684,8.198915847893425e-08,2.888697152456305e-07,ENSG00000140873.15
ENSG00000169856.8,169.63114158365076,-5.089685240850944,8.212498888407134e-08,2.8929148027793013e-07,ENSG00000169856.8
ENSG00000186847.5,1242059.2589069798,2.2829210844293355,8.252994981477671e-08,2.904898822040709e-07,ENSG00000186847.5
ENSG00000100721.10,9181.593563506249,-2.51096583551338,8.45824363339036e-08,2.973060210725889e-07,ENSG00000100721.10
ENSG00000154478.3,7772.796281116782,-3.016787759438504,8.782997738683884e-08,3.0817776969680017e-07,ENSG00000154478.3
ENSG00000119508.17,56320.124474686105,1.5062058112660779,9.349786806498628e-08,3.270420554694179e-07,ENSG00000119508.17
ENSG00000104321.10,36997.68031225907,-1.6770813663976856,9.412592457940808e-08,3.291747399440457e-07,ENSG00000104321.10
ENSG00000099957.16,3541.70611977955,1.5241109479294417,9.489382790653488e-08,3.316663124181655e-07,ENSG00000099957.16
ENSG00000130427.2,1981.153522542707,-2.0949499504640623,9.511196936293611e-08,3.323640074485931e-07,ENSG00000130427.2
ENSG00000182836.9,12227.681463721232,2.0310193000585293,1.0400703580343788e-07,3.623184334026188e-07,ENSG00000182836.9
ENSG00000126467.10,1061.0769684434415,1.5685486576661425,1.0459427248762396e-07,3.642227101723121e-07,ENSG00000126467.10
ENSG00000168124.2,161.66391422795198,-6.220902524122495,1.0504547423933858e-07,3.6572293165515935e-07,ENSG00000168124.2
ENSG00000272620.1,54604.059784753605,-1.523168339605832,1.0719857259161349e-07,3.727851136790528e-07,ENSG00000272620.1
ENSG00000176601.12,1776.117691508294,-1.962190892125387,1.0772732657443829e-07,3.745512784444334e-07,ENSG00000176601.12
ENSG00000105523.3,56454.59370791442,-1.7524567152861832,1.1025063128140793e-07,3.831017288368675e-07,ENSG00000105523.3
ENSG00000170786.12,102154.30300201279,-2.021183163498019,1.1060680685019904e-07,3.842649645924437e-07,ENSG00000170786.12
ENSG00000105509.10,8166.634300765015,2.0308765370796515,1.1161540200591388e-07,3.8754388033941926e-07,ENSG00000105509.10
ENSG00000182040.8,1973.5742021595352,-1.9957746926061966,1.1184080322621042e-07,3.8825137804045654e-07,ENSG00000182040.8
ENSG00000267978.5,1143.7707577473998,-5.747004438178346,1.1309710161806057e-07,3.923089873254357e-07,ENSG00000267978.5
ENSG00000147724.11,10652.076235545814,-2.1599717644451886,1.1578250572122255e-07,4.0146884689113383e-07,ENSG00000147724.11
ENSG00000168621.14,3717.044986920525,-1.960456869197664,1.1981583982102048e-07,4.1473291468911873e-07,ENSG00000168621.14
ENSG00000165973.18,6947.539484079978,-3.710232121008265,1.2347299624527983e-07,4.2673332908807805e-07,ENSG00000165973.18
ENSG00000228221.5,5794.533724739131,-1.7367039156750046,1.2537203191991063e-07,4.3304634086061146e-07,ENSG00000228221.5
ENSG00000124812.14,332.8451132061203,-4.956146619854542,1.2795635471531466e-07,4.415478517330012e-07,ENSG00000124812.14
ENSG00000160867.14,106345.715319915,-1.6817809008728515,1.3695216395504492e-07,4.710503411940437e-07,ENSG00000160867.14
ENSG00000196092.12,18197.277687499743,-2.223744552474336,1.3847206526457082e-07,4.7591318504260845e-07,ENSG00000196092.12
ENSG00000176165.10,979.2319873259295,-4.465286175727031,1.4061042694373856e-07,4.827992482942567e-07,ENSG00000176165.10
ENSG00000013293.5,692.5139129954019,2.8196896760849466,1.4151312480781607e-07,4.857137550787015e-07,ENSG00000013293.5
ENSG00000120251.18,89090.77986380087,-2.829875645801312,1.4693268412192235e-07,5.037371195803926e-07,ENSG00000120251.18
ENSG00000133067.17,61793.05972018497,1.7650821325243868,1.4932124228487073e-07,5.116326850410006e-07,ENSG00000133067.17
ENSG00000101197.12,1727.1304169298344,-1.7016793367705425,1.5103691465457513e-07,5.173136851616141e-07,ENSG00000101197.12
ENSG00000137699.16,421766.0887576719,1.7577571251175224,1.5341607175385405e-07,5.250616043393395e-07,ENSG00000137699.16
ENSG00000138653.9,1263.065909135481,-4.451667852380539,1.535183323342877e-07,5.251111237907851e-07,ENSG00000138653.9
ENSG00000253117.4,167.238456250449,-5.625258619303467,1.6170134014669334e-07,5.513146204811449e-07,ENSG00000253117.4
ENSG00000137441.7,28754.33412293752,1.7932896805368077,1.64169808977879e-07,5.595181485848168e-07,ENSG00000137441.7
ENSG00000128218.7,4748.687635198934,-1.5708953627725104,1.6697217065820027e-07,5.687449943604301e-07,ENSG00000128218.7
ENSG00000010282.14,1257.3323912912997,2.9020405752960157,1.6729674326438703e-07,5.69634300025837e-07,ENSG00000010282.14
ENSG00000114757.18,16466.05825656383,-1.868563904019791,1.6927853380801476e-07,5.760542405937828e-07,ENSG00000114757.18
ENSG00000197079.8,345.3499367755969,-2.06603115266415,1.8526070028027696e-07,6.286531781069004e-07,ENSG00000197079.8
ENSG00000160180.15,1338125.3929822985,-2.0698619664276925,1.8667093858223076e-07,6.330794409222357e-07,ENSG00000160180.15
ENSG00000167618.9,1831.90072537049,-1.5923377173813944,1.9083810420920688e-07,6.464789393864467e-07,ENSG00000167618.9
ENSG00000170442.11,41898.91185713977,-1.8122815667206804,1.9183288007135136e-07,6.49603547839277e-07,ENSG00000170442.11
ENSG00000143867.6,64225.004512016065,1.7342387070701655,1.9413596892067714e-07,6.569066238568038e-07,ENSG00000143867.6
ENSG00000132874.14,6212.075214115717,1.7828773351232157,1.973844674949302e-07,6.675210864547734e-07,ENSG00000132874.14
ENSG00000262117.5,359.5657355154221,-3.0445142258686717,2.082411665274762e-07,7.027796675134537e-07,ENSG00000262117.5
ENSG00000182687.3,376.7251542899019,-1.9219068529064463,2.096102281185527e-07,7.068682453221782e-07,ENSG00000182687.3
ENSG00000102683.7,8797.2594553565,2.1767888830109094,2.1528864050686571e-07,7.249276346885341e-07,ENSG00000102683.7
ENSG00000130700.6,4991.718520270346,-3.4249310452227517,2.1637064523180638e-07,7.282976661113363e-07,ENSG00000130700.6
ENSG00000180875.4,16169.2074706462,1.6643887371384845,2.179918718376673e-07,7.330671192382125e-07,ENSG00000180875.4
ENSG00000134115.12,1920.8193895641102,1.849747577896594,2.1928296081415211e-07,7.371325306948569e-07,ENSG00000134115.12
ENSG00000143340.6,899.8014076144688,-1.8664241305200409,2.2274226562094954e-07,7.47920511658368e-07,ENSG00000143340.6
ENSG00000170324.20,4717.314503029053,1.7478739274293318,2.2296204250850705e-07,7.485184080023668e-07,ENSG00000170324.20
ENSG00000163075.12,6755.096786529542,-1.5819846052373587,2.3504346118389445e-07,7.867226016571167e-07,ENSG00000163075.12
ENSG00000075891.21,10581.772178356161,-2.4325974080141517,2.3999510454546487e-07,8.023983894100655e-07,ENSG00000075891.21
ENSG00000251533.2,1486.9456775138474,-1.939087054955405,2.510403112722718e-07,8.369876152860732e-07,ENSG00000251533.2
ENSG00000101074.3,306.17294956372655,-3.6527977095751134,2.5603522574816064e-07,8.528487267170957e-07,ENSG00000101074.3
ENSG00000143194.12,1811.3473865350347,-1.9112023326664525,2.607379466590969e-07,8.678689881006927e-07,ENSG00000143194.12
ENSG00000186417.13,29819.228715071124,1.5182849940322447,2.6274157170402617e-07,8.740516801366417e-07,ENSG00000186417.13
ENSG00000188162.10,192.00062400350888,-4.291697315847306,2.968847524610055e-07,9.818098043052493e-07,ENSG00000188162.10
ENSG00000261787.1,863.419991944889,-3.190299379040787,2.9992244960633185e-07,9.914901318599888e-07,ENSG00000261787.1
ENSG00000256713.7,887.4085556680081,2.620968791304743,3.016917344726806e-07,9.97155366251203e-07,ENSG00000256713.7
ENSG00000163207.6,3924.1599946079605,-3.721206493728752,3.0198738154603317e-07,9.979487245786408e-07,ENSG00000163207.6
ENSG00000146006.7,7712.873640590774,1.631041461214918,3.0279171649393176e-07,1.0004224932364411e-06,ENSG00000146006.7
ENSG00000091138.12,21653.976719699,2.3809022753944142,3.276598389239704e-07,1.0778236754631941e-06,ENSG00000091138.12
ENSG00000151365.2,125037.79684789326,1.9500962619696598,3.3257016759017766e-07,1.09337469535327e-06,ENSG00000151365.2
ENSG00000188393.8,38.320189173299205,-7.355706215820196,3.379804952552199e-07,1.1101449765439623e-06,ENSG00000188393.8
ENSG00000236036.1,308.20362838208166,3.4832684071774915,3.423233502012024e-07,1.1237836624500044e-06,ENSG00000236036.1
ENSG00000265933.5,5934.4068419453415,-4.468930085880084,3.424458908981623e-07,1.1237836624500044e-06,ENSG00000265933.5
ENSG00000146839.18,1406.3381895675718,-2.3022542025268633,3.529828391414824e-07,1.156247547563848e-06,ENSG00000146839.18
ENSG00000009765.14,15001.381234281136,-2.2646265146180635,3.544213050406436e-07,1.160747562994946e-06,ENSG00000009765.14
ENSG00000170423.12,702.2016287669238,-2.052929961767195,3.6817853433001513e-07,1.2033871803311095e-06,ENSG00000170423.12
ENSG00000238099.2,559.691315207643,2.5704381003026917,3.772792676324483e-07,1.2313385191699987e-06,ENSG00000238099.2
ENSG00000169509.5,94.17791436057504,-9.304620981133048,3.799077937823201e-07,1.2394664457509003e-06,ENSG00000169509.5
ENSG00000167360.4,68.7935786639149,-5.8307732307773215,3.8579055660068916e-07,1.2572876403274185e-06,ENSG00000167360.4
ENSG00000181378.13,5182.970935733425,-1.9926330769681206,3.863592869717662e-07,1.25854588381736e-06,ENSG00000181378.13
ENSG00000188306.6,1221.3669598209724,-1.937596468657854,3.9412683984280886e-07,1.2823593860633475e-06,ENSG00000188306.6
ENSG00000139151.14,572.2408557420787,3.2129048505793874,4.027917153922301e-07,1.3086537282270825e-06,ENSG00000139151.14
ENSG00000205777.17,196.31899482656794,-10.03167461769036,4.196346959916887e-07,1.3609117991821547e-06,ENSG00000205777.17
ENSG00000189064.8,97.2741807774382,-8.77406795227772,4.2436280459367595e-07,1.375002919037364e-06,ENSG00000189064.8
ENSG00000197106.6,15351.246574044184,-1.6556220955634262,4.257586619203321e-07,1.3792766617617691e-06,ENSG00000197106.6
ENSG00000182901.16,2480.692478060664,-2.0892442960549755,4.2799690444008715e-07,1.3861547636645468e-06,ENSG00000182901.16
ENSG00000170788.13,506.24330335071295,-2.658460474440237,4.3875863549412346e-07,1.4198530126792698e-06,ENSG00000170788.13
ENSG00000129151.8,47696.08484352363,2.004543953158085,4.619356216917191e-07,1.488680458986388e-06,ENSG00000129151.8
ENSG00000114113.6,1628.5711206249764,-1.8141949238716228,4.706849550506653e-07,1.5157880174854877e-06,ENSG00000114113.6
ENSG00000237515.8,46541.683243171,-1.8496491897246958,4.840527758155572e-07,1.556602689826946e-06,ENSG00000237515.8
ENSG00000230316.6,1233.3917504796507,-2.919826384064213,5.046960828805284e-07,1.620083454598963e-06,ENSG00000230316.6
ENSG00000176406.22,22291.76950927071,-1.8085887174268158,5.289493424216583e-07,1.6933928635886237e-06,ENSG00000176406.22
ENSG00000135744.7,103646.87894283813,-1.5809850945916035,5.383690422018876e-07,1.7213995176890003e-06,ENSG00000135744.7
ENSG00000177202.2,1375.9189225381313,-1.6611760006940153,5.486577050450829e-07,1.7530473396241041e-06,ENSG00000177202.2
ENSG00000173114.12,19786.014747000307,1.5192755892481533,5.683747912534703e-07,1.811852416815113e-06,ENSG00000173114.12
ENSG00000105668.7,6976.197719445378,-2.0014115948628843,5.708359776129546e-07,1.8193749169248416e-06,ENSG00000105668.7
ENSG00000161055.3,59266.08977076812,2.32257347162273,5.729427980470806e-07,1.825441329573298e-06,ENSG00000161055.3
ENSG00000160856.20,14814.158669800501,-1.6745103407357018,5.779435207781257e-07,1.8394144265418033e-06,ENSG00000160856.20
ENSG00000145808.9,11313.633151940596,-2.0568332689130875,5.928545860037693e-07,1.884198138726822e-06,ENSG00000145808.9
ENSG00000115297.10,827.3053749906763,-2.01171907325869,6.288391820969361e-07,1.9915090511026157e-06,ENSG00000115297.10
ENSG00000165186.11,33547.786639200924,2.02555505112715,6.364184821555108e-07,2.0144458006347655e-06,ENSG00000165186.11
ENSG00000188996.4,1937.1129053763018,-1.9484513466106046,6.556481285372977e-07,2.0716587459893063e-06,ENSG00000188996.4
ENSG00000147381.11,2891.285080508189,-5.58289125989356,6.618592369907333e-07,2.0890768950856145e-06,ENSG00000147381.11
ENSG00000131142.13,632.3171212105357,-1.9837117056773987,6.682902193613256e-07,2.10826295643805e-06,ENSG00000131142.13
ENSG00000111339.10,5893.730298718017,1.8947091566643182,6.738467851781663e-07,2.1254186523531402e-06,ENSG00000111339.10
ENSG00000269067.1,1944.8543730891267,1.7088880915931974,6.746461318595405e-07,2.1275659385039707e-06,ENSG00000269067.1
ENSG00000262874.1,848.1755278547624,-1.5129042531160624,6.754349796421171e-07,2.1296793664906256e-06,ENSG00000262874.1
ENSG00000204544.5,566.6776070560643,-3.4796750347370526,6.795402913746088e-07,2.1418708920474233e-06,ENSG00000204544.5
ENSG00000145248.6,1330.578482380505,-1.5915000809822981,6.852242610242109e-07,2.158648900951271e-06,ENSG00000145248.6
ENSG00000072080.10,33.001998905549264,-6.665731847086612,6.987867360181792e-07,2.198672486605332e-06,ENSG00000072080.10
ENSG00000203972.9,580.0041976517234,-6.954940903617826,7.166886494978716e-07,2.2522348733081976e-06,ENSG00000203972.9
ENSG00000162761.14,1924.39730561959,2.1139018372420706,7.623609815268205e-07,2.389485668561968e-06,ENSG00000162761.14
ENSG00000101198.14,1481.8135148176245,-1.7557239728696925,7.641966770606562e-07,2.3939848416858263e-06,ENSG00000101198.14
ENSG00000022355.16,212.4157056906743,-5.20671856295706,7.753672339074852e-07,2.4272836087292245e-06,ENSG00000022355.16
ENSG00000151655.18,11619.574520252701,2.070043835516625,7.862257250517321e-07,2.459130976177145e-06,ENSG00000151655.18
ENSG00000234323.6,1303.2947192919694,-1.8802396682787772,8.258572569128419e-07,2.575905200424828e-06,ENSG00000234323.6
ENSG00000178828.6,2048.7494769107766,2.96632997708892,8.282744978105226e-07,2.5820982607213373e-06,ENSG00000178828.6
ENSG00000125788.5,77.3358063124145,-8.44231484714398,8.304419742014234e-07,2.5879560238052e-06,ENSG00000125788.5
ENSG00000170819.4,2103.8578420242993,-1.7404477437989645,8.842702494056267e-07,2.7466410516417804e-06,ENSG00000170819.4
ENSG00000088386.16,6562.104417242134,-2.2606124100327705,8.907987723859078e-07,2.765483247697704e-06,ENSG00000088386.16
ENSG00000205502.3,12198.788886395512,1.6028125580718147,9.14469430538029e-07,2.8350448275007587e-06,ENSG00000205502.3
ENSG00000197444.9,7469.470126194478,-2.079883562311106,9.245087167380022e-07,2.8632006236014347e-06,ENSG00000197444.9
ENSG00000129152.3,62.31918388101952,-7.569443708881806,9.319870330057049e-07,2.8843696654457344e-06,ENSG00000129152.3
ENSG00000215454.6,43.63191260567997,-7.622672099700983,9.423394513299936e-07,2.9138961079899025e-06,ENSG00000215454.6
ENSG00000205634.6,1104.580753455897,-2.8574402173328544,9.482240249125406e-07,2.9305773170910486e-06,ENSG00000205634.6
ENSG00000130540.13,9785.337445972269,-1.943352492655083,9.533139634789752e-07,2.944786669076731e-06,ENSG00000130540.13
ENSG00000188100.8,2133.829615031068,-3.224647584612408,9.957403604909318e-07,3.0652882190168604e-06,ENSG00000188100.8
ENSG00000108511.9,45150.567548361985,-1.513501536976067,1.0246535959670643e-06,3.1494320188477218e-06,ENSG00000108511.9
ENSG00000249306.5,17815.66268764576,-2.410790652308923,1.025849416623975e-06,3.152567551276007e-06,ENSG00000249306.5
ENSG00000270141.3,365.34531941353123,-2.5869895415012447,1.0387987574194526e-06,3.1896312291469293e-06,ENSG00000270141.3
ENSG00000187922.13,4270.023466888975,1.672996409739081,1.0427595439951588e-06,3.1996028142012873e-06,ENSG00000187922.13
ENSG00000107295.9,4835.71695118617,-2.146878626834036,1.096103984723262e-06,3.3558249278065537e-06,ENSG00000107295.9
ENSG00000185610.6,1795.4272343986247,1.8113867293220816,1.127426589192861e-06,3.4458427382859303e-06,ENSG00000185610.6
ENSG00000184709.7,36294.294623585454,-1.7453052514997283,1.1501735293459236e-06,3.511777064928238e-06,ENSG00000184709.7
ENSG00000227674.1,245.99678549246195,-6.465930009727964,1.171013802324614e-06,3.5729759681878715e-06,ENSG00000227674.1
ENSG00000230522.5,35.917722916045676,-8.175012738190894,1.2817252339912686e-06,3.893563162136334e-06,ENSG00000230522.5
ENSG00000231439.4,7173.783383449945,-1.518407403924959,1.2868114449989135e-06,3.907690737698511e-06,ENSG00000231439.4
ENSG00000167104.11,206.5606956379051,-5.134045924539473,1.286691716445312e-06,3.907690737698511e-06,ENSG00000167104.11
ENSG00000162494.5,428.9049455802416,2.745196515783753,1.3417190459044408e-06,4.064113193738907e-06,ENSG00000162494.5
ENSG00000165061.14,13458.754402677501,-2.118233623078375,1.3833023665162696e-06,4.184419700736335e-06,ENSG00000165061.14
ENSG00000129744.2,297.09978208383245,-2.898640005339964,1.4028793686396116e-06,4.24149408439245e-06,ENSG00000129744.2
ENSG00000180264.11,7413.98633485331,3.236362077672272,1.4362462315067048e-06,4.336530772026975e-06,ENSG00000180264.11
ENSG00000172782.11,806.926780175777,-3.128761214289261,1.4460085724282497e-06,4.362336554077423e-06,ENSG00000172782.11
ENSG00000155495.8,1049.9373410626313,-3.8752751311657803,1.4551253689098664e-06,4.387627225629078e-06,ENSG00000155495.8
ENSG00000185306.12,2239.982137927875,-2.4085707301630155,1.5056723743003617e-06,4.5324249428696005e-06,ENSG00000185306.12
ENSG00000124196.5,261.336232029074,-2.8906961182318924,1.5160221546463618e-06,4.5620495627996505e-06,ENSG00000124196.5
ENSG00000174576.9,722.1256237947471,1.8014468602675953,1.5209223827717808e-06,4.575260894628137e-06,ENSG00000174576.9
ENSG00000204572.9,1602.941604374661,-1.550799757699104,1.5317825281691904e-06,4.603300232032817e-06,ENSG00000204572.9
ENSG00000256870.2,29545.934682000898,-3.098004470546598,1.5620183584064955e-06,4.6894524716824754e-06,ENSG00000256870.2
ENSG00000229522.1,30.48036475169142,-5.917045244387011,1.608844674875415e-06,4.820355459336191e-06,ENSG00000229522.1
ENSG00000159556.9,1495.279292805061,-2.68184729892156,1.6109213998317352e-06,4.82577188624051e-06,ENSG00000159556.9
ENSG00000198547.8,1193.5924358992747,1.5400344755650701,1.6129720206595022e-06,4.831108318930747e-06,ENSG00000198547.8
ENSG00000149735.6,497.09514194586734,-2.6816080944807137,1.6384847824667244e-06,4.902917213073929e-06,ENSG00000149735.6
ENSG00000198573.6,129.96658476882294,-5.826726134205474,1.644021196876128e-06,4.918358845739453e-06,ENSG00000198573.6
ENSG00000197891.11,444.9322708636677,4.721701943213661,1.6450681229322014e-06,4.9206705114011375e-06,ENSG00000197891.11
ENSG00000104918.7,790.0529571931513,-2.1474470092526725,1.6565811218349195e-06,4.952631064679406e-06,ENSG00000104918.7
ENSG00000105251.10,595.847907182205,-2.4690485622047786,1.690270510226308e-06,5.047464475869674e-06,ENSG00000105251.10
ENSG00000166736.11,1784.3346827438577,-2.475059436338865,1.6981465548756228e-06,5.070140063342458e-06,ENSG00000166736.11
ENSG00000258986.6,5226.6282499430945,-2.961977866049796,1.6990393822905154e-06,5.071961849246549e-06,ENSG00000258986.6
ENSG00000235029.1,916.4180108152782,-2.2928837230673884,1.716063319444016e-06,5.119374930025506e-06,ENSG00000235029.1
ENSG00000075388.3,82.132650789731,-9.504180890734165,1.7157880195341333e-06,5.119374930025506e-06,ENSG00000075388.3
ENSG00000205358.3,1435.4551651341853,-1.7577781210248853,1.7288527065018054e-06,5.15581402118471e-06,ENSG00000205358.3
ENSG00000171759.9,10012.89837708774,-2.112878555153325,1.8169269258295405e-06,5.399625166791202e-06,ENSG00000171759.9
ENSG00000179826.6,3050.455011528871,2.5092392231070972,1.8713151859264485e-06,5.555737871651918e-06,ENSG00000179826.6
ENSG00000150361.11,1409.5904775085812,-6.656274645906543,1.966074297338527e-06,5.823578275246373e-06,ENSG00000150361.11
ENSG00000105143.12,4044.4582064553483,-3.305241336552924,1.990205902410019e-06,5.893111338753363e-06,ENSG00000105143.12
ENSG00000100453.12,24441.708027075147,-1.5191400946533324,1.9993150782216693e-06,5.916179050727182e-06,ENSG00000100453.12
ENSG00000259823.5,3858.8631573834614,-2.3106951921605434,2.0293328868877336e-06,5.997093103147808e-06,ENSG00000259823.5
ENSG00000179133.12,1134.907431372165,-2.2364066981135267,2.185565447849291e-06,6.438644950945277e-06,ENSG00000179133.12
ENSG00000156006.4,4263.861853403137,-1.770005801449906,2.2535378061859803e-06,6.6280089156205916e-06,ENSG00000156006.4
ENSG00000137675.4,1894.4546075387075,2.048055261432026,2.3248081228763303e-06,6.821971701863103e-06,ENSG00000137675.4
ENSG00000114200.9,11605.442247602576,1.5158351194199218,2.330409966739322e-06,6.837291766378416e-06,ENSG00000114200.9
ENSG00000214814.7,1524.9040223338072,-1.7436431494310611,2.4493321493199735e-06,7.163300176997441e-06,ENSG00000214814.7
ENSG00000256124.5,20998.99196554261,2.026994047741792,2.5278746424841586e-06,7.375639444672478e-06,ENSG00000256124.5
ENSG00000189186.10,106.76959406142645,-5.722824205915893,2.6159762718814805e-06,7.614124610322999e-06,ENSG00000189186.10
ENSG00000178171.10,576.6472693757953,-4.10082368530205,2.6329609103018244e-06,7.658591436935636e-06,ENSG00000178171.10
ENSG00000152092.15,10738.367792415676,1.7165904521517068,2.716608103939954e-06,7.887834274611413e-06,ENSG00000152092.15
ENSG00000151033.8,705.9470912573851,-3.6165249810583484,2.7531837413723095e-06,7.984989341390775e-06,ENSG00000151033.8
ENSG00000162631.18,15072.037505774448,-2.098287684276029,2.7712557228950713e-06,8.029616129764115e-06,ENSG00000162631.18
ENSG00000183072.9,5880.476593855204,-3.431340629387106,2.776167001042442e-06,8.042547734372874e-06,ENSG00000183072.9
ENSG00000113327.15,550.8781281784422,-5.023446047565098,2.8858979334433724e-06,8.34024037972425e-06,ENSG00000113327.15
ENSG00000152192.7,2882.2386045006733,-3.7102429910863397,2.8985880975600806e-06,8.375565993980367e-06,ENSG00000152192.7
ENSG00000124721.17,1721.5430949664205,-1.6307838187019696,2.990145664428277e-06,8.633173580450683e-06,ENSG00000124721.17
ENSG00000189058.8,2738847.4229970397,1.6386869303331442,2.9908020074913392e-06,8.633679411586968e-06,ENSG00000189058.8
ENSG00000164509.13,810.6579965883242,-1.7826898861177154,3.0375517160375364e-06,8.764403922266851e-06,ENSG00000164509.13
ENSG00000173627.7,645.3439396355009,-3.7914596502474085,3.0951707317717472e-06,8.922047166411603e-06,ENSG00000173627.7
ENSG00000101251.11,577.20021795456,2.550994090911742,3.2198859770116147e-06,9.26517542839904e-06,ENSG00000101251.11
ENSG00000119919.10,604.6062613843181,-4.3834760235584955,3.273764051859186e-06,9.409646347358838e-06,ENSG00000119919.10
ENSG00000118113.11,2310.455091585467,-2.3578811696018125,3.2927785559518726e-06,9.461267959647782e-06,ENSG00000118113.11
ENSG00000175267.14,5102.056725938519,-1.657492995611267,3.30410192413281e-06,9.490764355152736e-06,ENSG00000175267.14
ENSG00000233642.1,520.6814669918289,-3.3551516073833034,3.340456376372564e-06,9.590583874820684e-06,ENSG00000233642.1
ENSG00000204978.2,241.9748297327289,2.362884982474136,3.35896743365199e-06,9.63910309122842e-06,ENSG00000204978.2
ENSG00000140557.11,15523.104086281732,1.6214853781647849,3.677016882719947e-06,1.049640326813979e-05,ENSG00000140557.11
ENSG00000197616.11,471.4277496054752,-2.9182660355210857,3.7364010163101367e-06,1.0650671935928371e-05,ENSG00000197616.11
ENSG00000234520.5,39.5456189994596,-6.6943796851744715,3.920556633688147e-06,1.1157885524964333e-05,ENSG00000234520.5
ENSG00000078725.12,21554.37406690736,1.8389619517386735,3.989984861397326e-06,1.1341087969731289e-05,ENSG00000078725.12
ENSG00000091831.22,2965540.3991286424,-1.557245896381836,4.016028216318591e-06,1.1409691309946297e-05,ENSG00000091831.22
ENSG00000169933.13,702.5365576187554,2.257197246785362,4.026103604839941e-06,1.1436505158342235e-05,ENSG00000169933.13
ENSG00000144834.13,1249.126670190472,-2.87814592714596,4.0460344831570794e-06,1.1491301482394846e-05,ENSG00000144834.13
ENSG00000187855.5,1103.5312311537111,-2.6189719352585064,4.125830375953287e-06,1.170681534884658e-05,ENSG00000187855.5
ENSG00000253868.3,191.61490358481205,-3.0883554704965683,4.131576284000305e-06,1.1721265587367823e-05,ENSG00000253868.3
ENSG00000110169.10,117902.75032466264,-1.5158421284052617,4.1937718358513155e-06,1.1892073612913402e-05,ENSG00000110169.10
ENSG00000132185.16,11014.586150399755,-1.5690565434579844,4.3312123168922776e-06,1.2258560538535493e-05,ENSG00000132185.16
ENSG00000073756.11,45937.56656196544,1.5828229034328358,4.379968626399586e-06,1.2390691633629856e-05,ENSG00000073756.11
ENSG00000249853.7,1214.652208464641,-2.600663743792221,4.594104773298959e-06,1.2959694395861738e-05,ENSG00000249853.7
ENSG00000092345.13,726.6634501219222,-2.7043781515377074,4.720518990185645e-06,1.3303752593040868e-05,ENSG00000092345.13
ENSG00000204538.3,2980.072370804713,-1.7047005024101516,4.918460678676413e-06,1.3821284850105561e-05,ENSG00000204538.3
ENSG00000180440.3,1059.565339175671,3.1296705812744645,4.932505955290813e-06,1.3855492620810638e-05,ENSG00000180440.3
ENSG00000147647.12,1227.8681524338617,1.6401823863154832,5.0088746849849965e-06,1.4052415157500122e-05,ENSG00000147647.12
ENSG00000120075.5,26546.328816346024,-1.5612707277868232,5.027114306495062e-06,1.4096974389083823e-05,ENSG00000120075.5
ENSG00000231165.3,158.03600742271286,3.2478644641727077,5.099898263477075e-06,1.429660591155017e-05,ENSG00000231165.3
ENSG00000181374.7,11649.207218241574,1.6211468528239716,5.191095496381481e-06,1.4531828016703476e-05,ENSG00000181374.7
ENSG00000166573.5,438.75912763487656,2.756252226274841,5.428988990233576e-06,1.5176472727956269e-05,ENSG00000166573.5
ENSG00000188001.9,337602.56944625685,-1.5948832207708694,5.574039483098539e-06,1.556228200615029e-05,ENSG00000188001.9
ENSG00000183206.17,3301.492725952991,-3.2311692814290045,5.910828217820814e-06,1.644911624388596e-05,ENSG00000183206.17
ENSG00000111537.4,2905.121115773862,-2.0461120732363405,6.145640700883333e-06,1.7068159222512077e-05,ENSG00000111537.4
ENSG00000161031.12,45622.780533955396,-1.961623098271436,6.223562843094226e-06,1.7279221979960202e-05,ENSG00000161031.12
ENSG00000108702.3,181.13321508823526,-3.218616170949592,6.267230024714468e-06,1.7387009208948116e-05,ENSG00000108702.3
ENSG00000249484.8,122.58372632509212,-4.9540737245486985,6.377999971866309e-06,1.7670434187875762e-05,ENSG00000249484.8
ENSG00000169906.5,2877.308254587191,-3.9056182170744362,6.42088598732357e-06,1.778304956884305e-05,ENSG00000169906.5
ENSG00000185028.3,4142.845544785819,-1.652649969076681,6.708071534700265e-06,1.8546939232459407e-05,ENSG00000185028.3
ENSG00000111262.5,5138.997198742937,1.8068064612379933,6.985454474188074e-06,1.9284153089973966e-05,ENSG00000111262.5
ENSG00000158786.4,274.8441209114728,-2.9894486012515804,7.382143858068096e-06,2.0316746838830355e-05,ENSG00000158786.4
ENSG00000198643.6,18720.432280360794,1.7901401812300468,7.502928567226922e-06,2.0633341028401516e-05,ENSG00000198643.6
ENSG00000277586.2,4521.5075541633,-1.7344201640156498,7.658277339409895e-06,2.1050877539578913e-05,ENSG00000277586.2
ENSG00000281128.1,257.3535115228105,2.7903583145891537,7.674765703779966e-06,2.1092969181900398e-05,ENSG00000281128.1
ENSG00000136546.13,21778.95353402368,1.5993506533775397,7.729678676104797e-06,2.1237383886697973e-05,ENSG00000136546.13
ENSG00000180438.15,7274.404360901392,-1.5755436913476084,7.838795207070224e-06,2.152400018296375e-05,ENSG00000180438.15
ENSG00000169618.6,3090.749435026611,2.181564385876359,7.935477489028327e-06,2.1769486020963815e-05,ENSG00000169618.6
ENSG00000267603.1,438.56044366035616,3.9018768614338404,7.963657149603203e-06,2.184011369287481e-05,ENSG00000267603.1
ENSG00000229859.9,1119.3919497752033,2.525579745903289,7.97666099149551e-06,2.186909164727203e-05,ENSG00000229859.9
ENSG00000197870.12,1860.39150052307,-1.960055759107369,8.48372647732203e-06,2.318489002574878e-05,ENSG00000197870.12
ENSG00000227145.1,648.5058006879465,-2.4478866913722945,8.54620123385726e-06,2.3348513236957166e-05,ENSG00000227145.1
ENSG00000183695.2,284.5407985087361,3.929999597681646,8.558156859516966e-06,2.3377617093495576e-05,ENSG00000183695.2
ENSG00000183632.14,894.4532325993018,1.6588594980974285,8.688661581092246e-06,2.3708841759598427e-05,ENSG00000183632.14
ENSG00000071677.1,210.34809360703233,-2.8223949153617878,8.7149953462611e-06,2.377708324362311e-05,ENSG00000071677.1
ENSG00000075035.9,10512.052033634049,1.5107437098554413,8.821031313784457e-06,2.4040793726389475e-05,ENSG00000075035.9
ENSG00000196071.4,837.4464512206652,2.5685254594832556,8.869257595631443e-06,2.4164888900092714e-05,ENSG00000196071.4
ENSG00000188676.13,1032.1551359082596,-1.8576342625242626,9.2151695254949e-06,2.5048512359865497e-05,ENSG00000188676.13
ENSG00000259803.6,2445.2089337230377,-1.9149193270135156,9.22842496728639e-06,2.5074933012263322e-05,ENSG00000259803.6
ENSG00000179046.8,545.934733991718,-2.468100226028478,9.34954137903585e-06,2.5377124565938478e-05,ENSG00000179046.8
ENSG00000130643.8,1107.8179516664616,-2.003192711377304,9.710040701797964e-06,2.6307862049382856e-05,ENSG00000130643.8
ENSG00000261678.2,546.1745441742929,-1.6596009354062926,9.850863528755484e-06,2.667329035159022e-05,ENSG00000261678.2
ENSG00000177938.4,603.9969877665975,3.0023943438443306,9.900693584017758e-06,2.6796297768189814e-05,ENSG00000177938.4
ENSG00000163060.7,1386.234225676847,-1.6765823871495393,1.0278398489951125e-05,2.7747191590745148e-05,ENSG00000163060.7
ENSG00000187492.8,3185.290554184067,-2.240086969502696,1.0467168073696367e-05,2.822706100306697e-05,ENSG00000187492.8
ENSG00000160182.2,881282.7725028385,-2.1377255998987983,1.0603421746721197e-05,2.85816133127783e-05,ENSG00000160182.2
ENSG00000156920.10,334.25371526969224,3.468265991304602,1.0738802710854053e-05,2.8911789323865734e-05,ENSG00000156920.10
ENSG00000109758.8,1780.850520274403,-1.5557847615541467,1.0801951397382328e-05,2.9068718637466782e-05,ENSG00000109758.8
ENSG00000114349.9,237.6082616555652,-2.007800183103594,1.08777745236463e-05,2.9255213736856898e-05,ENSG00000114349.9
ENSG00000161992.5,162.83085362515973,-3.402587843329213,1.1184488426290877e-05,3.0044080886431663e-05,ENSG00000161992.5
ENSG00000230978.1,4893.761954068632,-1.5023522043270237,1.1417718386810777e-05,3.062932257929924e-05,ENSG00000230978.1
ENSG00000198535.5,20822.679916172994,-1.9172539803796464,1.1571587614264337e-05,3.101890770097987e-05,ENSG00000198535.5
ENSG00000189023.10,94.00811712924471,-8.715850821572797,1.160259918477222e-05,3.1097392049522435e-05,ENSG00000189023.10
ENSG00000184221.12,1570.031352953027,-2.7866238872113205,1.1791773856241946e-05,3.1566699996480006e-05,ENSG00000184221.12
ENSG00000228980.3,24.257837831945924,-6.776232093804813,1.2017144676099096e-05,3.211731368303875e-05,ENSG00000228980.3
ENSG00000230390.1,1133.8793678439151,-1.6294698938399155,1.2619538716478596e-05,3.364210410466379e-05,ENSG00000230390.1
ENSG00000203985.10,5735.146559189146,-1.652574771607227,1.2631080929959735e-05,3.366787228270907e-05,ENSG00000203985.10
ENSG00000106278.11,34293.72820500423,1.9448982315766896,1.2841450585666578e-05,3.4193053763051055e-05,ENSG00000106278.11
ENSG00000146166.16,360.6736832558584,-2.4456029354102853,1.2906375317484632e-05,3.43455433333745e-05,ENSG00000146166.16
ENSG00000170743.16,52787.14940073496,-1.675863381267185,1.4064644262227742e-05,3.725656578704084e-05,ENSG00000170743.16
ENSG00000081985.10,28700.126562536465,-1.6498140209935361,1.4109094804113128e-05,3.736879662952118e-05,ENSG00000081985.10
ENSG00000079841.18,21666.845201784392,-1.668125991036987,1.4889729180326513e-05,3.933185638330324e-05,ENSG00000079841.18
ENSG00000197584.11,1733.4917251886573,1.6049432902302705,1.516625652902005e-05,4.002696089965227e-05,ENSG00000197584.11
ENSG00000270765.5,3060.814135558108,1.6315172061000596,1.654811366614154e-05,4.34745974488502e-05,ENSG00000270765.5
ENSG00000180210.14,273.96297675195234,-1.9945670248778917,1.6550098928505113e-05,4.34745974488502e-05,ENSG00000180210.14
ENSG00000115844.10,18097.82188289159,-2.066078402620198,1.656780795320407e-05,4.351474618154184e-05,ENSG00000115844.10
ENSG00000117971.11,1790.3858270147261,-1.8028102837896711,1.6625784139952413e-05,4.366062792438257e-05,ENSG00000117971.11
ENSG00000150722.10,2674.5877287014796,-1.8134512597758219,1.666188023380414e-05,4.3749016522590205e-05,ENSG00000150722.10
ENSG00000139515.5,245.09152987256823,-5.952214482920012,1.6928424719215314e-05,4.4429377382126604e-05,ENSG00000139515.5
ENSG00000183760.10,1318.213009481524,-2.1515025131461702,1.715250495788753e-05,4.497144198777525e-05,ENSG00000183760.10
ENSG00000124302.12,69940.2957955031,-1.7218299530561068,1.7557252624844144e-05,4.596547141817965e-05,ENSG00000124302.12
ENSG00000230461.8,1144.318814913258,1.9585653317860308,1.8876936266877802e-05,4.916936338697275e-05,ENSG00000230461.8
ENSG00000116745.6,599.2983173463966,2.46583669523618,1.9071070663554155e-05,4.9646205133732156e-05,ENSG00000116745.6
ENSG00000133454.15,6187.999279374207,-1.5971471915607538,1.9095717944952613e-05,4.9695948194957167e-05,ENSG00000133454.15
ENSG00000171346.15,1279760.1201605117,1.5567036012067113,1.9525164029726773e-05,5.075467816158441e-05,ENSG00000171346.15
ENSG00000186081.11,1862806.2831497288,1.7529115507329414,2.0053266259496292e-05,5.208218407300644e-05,ENSG00000186081.11
ENSG00000238269.8,495.6828877159094,-2.371836260550669,2.0160031144606056e-05,5.2351895638033445e-05,ENSG00000238269.8
ENSG00000175535.6,69.92339671435674,-6.594590132471867,2.058127373412399e-05,5.338398032453323e-05,ENSG00000175535.6
ENSG00000276747.1,154.86374827812247,-2.4989529813888525,2.0713569490942007e-05,5.371936565189527e-05,ENSG00000276747.1
ENSG00000087250.8,785.0148019487175,-2.0129831793099786,2.0950068892428113e-05,5.430916443307282e-05,ENSG00000087250.8
ENSG00000187862.11,1364.2869838994154,-1.684676453535077,2.2200034819656043e-05,5.7425028802639195e-05,ENSG00000187862.11
ENSG00000170549.3,69592.39365948435,1.5028288564774348,2.2247143331732532e-05,5.752200863755167e-05,ENSG00000170549.3
ENSG00000150676.12,887.0176744294432,-1.9145005500650667,2.2867391937173505e-05,5.908315060052431e-05,ENSG00000150676.12
ENSG00000163283.6,170.02178309430107,-4.348403428689531,2.3292756330660647e-05,6.0112932489195265e-05,ENSG00000163283.6
ENSG00000224382.1,37.05491148769792,-6.795215202108528,2.3350844194236422e-05,6.025417719605671e-05,ENSG00000224382.1
ENSG00000188817.7,1704.1623536911345,-2.211111976273567,2.343426801933599e-05,6.045205654671723e-05,ENSG00000188817.7
ENSG00000185742.6,487.99362678124226,2.5152625868882934,2.3529926489212584e-05,6.067265424952301e-05,ENSG00000185742.6
ENSG00000141750.6,336744.5729543309,1.9278814969561482,2.360571902792589e-05,6.084849361981086e-05,ENSG00000141750.6
ENSG00000188056.11,356.5082048090509,-2.8898040812835295,2.3636676815146322e-05,6.0904154045230556e-05,ENSG00000188056.11
ENSG00000164893.8,2616.374092424214,-1.8134800391613608,2.384526306880046e-05,6.139753199979272e-05,ENSG00000164893.8
ENSG00000229373.8,236.00999937813646,-2.28480145215175,2.4022529039077338e-05,6.183621590549473e-05,ENSG00000229373.8
ENSG00000148677.6,3864.2169580487425,-1.5885764320184925,2.4099084776117588e-05,6.201548504555485e-05,ENSG00000148677.6
ENSG00000251576.1,258.56958893336605,2.2411025245863936,2.4203324790760982e-05,6.226587240794481e-05,ENSG00000251576.1
ENSG00000146857.3,733.9639262874535,-3.637999546015002,2.430765851289852e-05,6.251635722451642e-05,ENSG00000146857.3
ENSG00000036565.14,560.6308266889476,-1.9324044426276208,2.4628600603882273e-05,6.32964206869183e-05,ENSG00000036565.14
ENSG00000007350.16,452.74762268640274,1.676184471174655,2.4661562610055454e-05,6.3372057779584e-05,ENSG00000007350.16
ENSG00000151224.12,16281.149201080503,-1.5388348732773973,2.4856817088041484e-05,6.386465146446398e-05,ENSG00000151224.12
ENSG00000162896.5,555707.1294810636,1.9344966246878428,2.5003036951880308e-05,6.421275154780882e-05,ENSG00000162896.5
ENSG00000184486.9,704.2854458558992,-2.1787547198652586,2.5140585860308058e-05,6.45475279263654e-05,ENSG00000184486.9
ENSG00000188910.7,25185.896201911513,-1.7155196009424138,2.6699031585107756e-05,6.829471457778668e-05,ENSG00000188910.7
ENSG00000122180.4,415.80415728608347,-2.926932872081509,2.6938049505033684e-05,6.883741958392544e-05,ENSG00000122180.4
ENSG00000257017.8,12936.248460704091,1.6700786904898974,2.9277663766655976e-05,7.456122603305064e-05,ENSG00000257017.8
ENSG00000250331.1,198.42637020298778,2.0094482988514404,2.9949684552197026e-05,7.620776228085981e-05,ENSG00000250331.1
ENSG00000066032.18,1696.9830430736502,-2.1620619245245436,3.0172508071481457e-05,7.674209565338955e-05,ENSG00000066032.18
ENSG00000182601.6,5050.876067447103,2.7853786151198734,3.0185251332814817e-05,7.676362668877963e-05,ENSG00000182601.6
ENSG00000077327.15,31149.68481340236,-2.113890883179276,3.0332612136139995e-05,7.710314204464923e-05,ENSG00000077327.15
ENSG00000280809.2,19.517781924270466,-7.837207455562019,3.0804859707633294e-05,7.821740520642024e-05,ENSG00000280809.2
ENSG00000142619.4,8262.181389740632,-2.0026281158166737,3.140178419430367e-05,7.96429138632629e-05,ENSG00000142619.4
ENSG00000006116.3,48.067643122416904,-5.517721604688295,3.437568042619402e-05,8.663443954601483e-05,ENSG00000006116.3
ENSG00000182747.4,718.1593479717484,-2.1755108131989287,3.473234379124737e-05,8.74718844898446e-05,ENSG00000182747.4
ENSG00000006377.10,3365.0668645378846,-2.136439453941504,3.5499265715236476e-05,8.935318052941552e-05,ENSG00000006377.10
ENSG00000188822.7,3327.2040045027707,-1.5214220984757674,3.59254687684676e-05,9.034991052296883e-05,ENSG00000188822.7
ENSG00000136695.14,937.1455212522051,-3.009079989185031,3.750210373845006e-05,9.415667405663187e-05,ENSG00000136695.14
ENSG00000150625.16,8855.064704536102,1.6588819914533655,3.778219259452436e-05,9.484662337942713e-05,ENSG00000150625.16
ENSG00000111218.11,1248.6862230792667,-2.1863639804726014,3.7930852537224116e-05,9.517986546328478e-05,ENSG00000111218.11
ENSG00000171798.17,22668.261565986366,-1.7374051306039953,3.965693383558112e-05,9.93305444926951e-05,ENSG00000171798.17
ENSG00000265962.1,1074.873252661207,-2.3380227914296317,4.0758648164448314e-05,0.0001019904033834696,ENSG00000265962.1
ENSG00000231133.6,1223.4329231098754,-1.7254634143683267,4.092509145080033e-05,0.00010236407039213285,ENSG00000231133.6
ENSG00000183463.5,210.88731439104242,3.9217026225877687,4.099209097790318e-05,0.00010251736313693305,ENSG00000183463.5
ENSG00000168135.4,326.68044061966395,-3.1985159189283556,4.202793078888057e-05,0.00010497622356287208,ENSG00000168135.4
ENSG00000175202.3,202.49421486894911,-1.5708900437279592,4.267645953105342e-05,0.00010650714740267351,ENSG00000175202.3
ENSG00000175513.9,485.54444331952,-1.544389815193657,4.505935021059887e-05,0.00011226672871132827,ENSG00000175513.9
ENSG00000243543.8,1894.9797666358731,-2.5001278416423935,4.5413580807341885e-05,0.00011311789200540572,ENSG00000243543.8
ENSG00000156738.17,51775.806714470484,-1.648316546963059,4.599210260057847e-05,0.00011449532312219478,ENSG00000156738.17
ENSG00000179520.10,390.8872062178183,-2.969024019429369,4.619943803231843e-05,0.00011499552171617725,ENSG00000179520.10
ENSG00000120563.8,159.04637332914834,-3.1590171785616965,4.8708812222767805e-05,0.0001209062009303286,ENSG00000120563.8
ENSG00000256463.8,675.7352611660842,-2.4545075358708512,5.082326517943724e-05,0.00012585877316862018,ENSG00000256463.8
ENSG00000240423.1,243.19102486383352,2.482010683742746,5.1282309306587e-05,0.0001269079793404216,ENSG00000240423.1
ENSG00000236502.1,826.9993372662984,-2.8856817715517296,5.15786913704388e-05,0.00012758864598168648,ENSG00000236502.1
ENSG00000169760.17,8309.327112527157,1.6060331409259951,5.279891502874312e-05,0.00013046319626490864,ENSG00000169760.17
ENSG00000139445.17,1774.2828726650052,-2.045831167045808,5.359623620605979e-05,0.00013234221308401498,ENSG00000139445.17
ENSG00000173237.4,1350.0678065998002,-3.55919074664375,5.3911606417210974e-05,0.00013308431222319904,ENSG00000173237.4
ENSG00000165953.9,3443.032350615484,-1.8251643962708755,5.435183087328346e-05,0.0001340788085221609,ENSG00000165953.9
ENSG00000151834.15,4183.046245821829,1.9129290258049905,5.46266686345761e-05,0.0001347197556320552,ENSG00000151834.15
ENSG00000122136.13,6502.1247852518645,-1.6262498460977122,5.726150469302928e-05,0.00014065714445061155,ENSG00000122136.13
ENSG00000114248.9,27235.211964453436,-1.9625786654287625,5.795249773653093e-05,0.00014227659315697237,ENSG00000114248.9
ENSG00000168348.3,159.73218814915825,-2.6895743433024326,5.933758137937768e-05,0.00014549789017102394,ENSG00000168348.3
ENSG00000178343.4,2877.54986054254,1.6938506879388928,6.011547225092371e-05,0.00014738516656245048,ENSG00000178343.4
ENSG00000205426.10,254188.42871231338,-1.7956773723310646,6.0837513923233905e-05,0.0001490332218209569,ENSG00000205426.10
ENSG00000159182.4,20.870705331992642,-7.687944976958108,6.0998547854598263e-05,0.00014936653148238418,ENSG00000159182.4
ENSG00000175664.9,232.2575623690536,2.672212613297213,6.150681997326334e-05,0.0001505289658483684,ENSG00000175664.9
ENSG00000164128.6,1399108.3415856704,-1.815347361180926,6.240778138035303e-05,0.00015267146954179342,ENSG00000164128.6
ENSG00000089250.18,1449.0300844453552,1.7132968653944274,6.389561541747276e-05,0.00015603469284854808,ENSG00000089250.18
ENSG00000170279.2,50.76911507120104,-4.798683746186002,6.686518463611956e-05,0.0001628874386519861,ENSG00000170279.2
ENSG00000143125.5,1759.2585156959947,1.8292904965969752,6.802225458444557e-05,0.00016543661375214032,ENSG00000143125.5
ENSG00000180269.7,2144.163362869303,-3.849326927374481,6.865261270064627e-05,0.00016685662769882117,ENSG00000180269.7
ENSG00000180532.10,318.8813564084199,1.8373692397973123,7.165613969974412e-05,0.0001737329780802876,ENSG00000180532.10
ENSG00000113889.11,192.6409209767775,-2.4912829444868794,7.222523334043342e-05,0.00017499454321641067,ENSG00000113889.11
ENSG00000180974.3,29.98539167914035,-7.0746349749998885,7.346240988644477e-05,0.00017782402306790299,ENSG00000180974.3
ENSG00000180869.4,242.77294532462952,-2.3560750806662396,7.525915474771293e-05,0.0001819033233826725,ENSG00000180869.4
ENSG00000229558.2,427.5157094505657,2.6709958906002744,7.654020965272318e-05,0.000184775665546679,ENSG00000229558.2
ENSG00000164532.10,1757.6637822281568,-2.7185378014528765,7.667656534234363e-05,0.00018507994195628383,ENSG00000164532.10
ENSG00000142698.14,201.55060973046886,-4.320538001455887,7.68581924624155e-05,0.00018549339684540466,ENSG00000142698.14
ENSG00000188523.8,1820.4741478093076,-1.633431004111943,7.743431849191771e-05,0.00018678335945946652,ENSG00000188523.8
ENSG00000243550.2,286.55073932742266,-2.1046050719844454,7.910800296018565e-05,0.0001905899577225525,ENSG00000243550.2
ENSG00000174963.17,7164.316863301665,-1.9148274371162874,8.038840451903749e-05,0.00019349289479404544,ENSG00000174963.17
ENSG00000048545.13,609.534911176181,-1.5227835263384777,8.262325811510555e-05,0.00019865894996884016,ENSG00000048545.13
ENSG00000117322.17,20788.44409037567,-1.8227971274254753,8.289078831180356e-05,0.00019924880180401914,ENSG00000117322.17
ENSG00000261706.1,496.6022479889679,2.0413573025125675,8.593436002678114e-05,0.00020617811957755858,ENSG00000261706.1
ENSG00000168830.7,599.7462515488194,-3.2529593231321847,8.729712592611127e-05,0.00020930780700402734,ENSG00000168830.7
ENSG00000204949.8,864.4984198583347,-2.024468724795774,8.887592608179292e-05,0.00021295094373236645,ENSG00000204949.8
ENSG00000007216.14,40741.26597670309,1.6773681861497594,9.037637455554014e-05,0.00021648827459946765,ENSG00000007216.14
ENSG00000178473.6,249.22139906132065,-5.7648574567843,9.260997403145045e-05,0.00022148385632684883,ENSG00000178473.6
ENSG00000229630.1,210.52193031760459,-2.2654277325561516,9.272297381843228e-05,0.0002217245525317096,ENSG00000229630.1
ENSG00000133980.4,468.8838010452328,-3.775177739612142,9.958774516832634e-05,0.0002371287817543057,ENSG00000133980.4
ENSG00000180287.16,3704.7735522738794,1.7090621609739514,9.982406814114447e-05,0.00023759690658239774,ENSG00000180287.16
ENSG00000224957.5,1444.3852991394583,1.7619845025953653,0.00010516886006045561,0.00024976370016182827,ENSG00000224957.5
ENSG00000141744.3,20823.726965441703,-1.6995544702046557,0.00010682704515049535,0.0002534582173979226,ENSG00000141744.3
ENSG00000216588.8,752.1544636238466,-2.012365892478815,0.000111912149261574,0.00026492765255272874,ENSG00000216588.8
ENSG00000138650.8,17270.5671403584,-1.818209997172545,0.00011753680952123731,0.00027754711278445615,ENSG00000138650.8
ENSG00000126233.1,2074.014850513277,-2.2433275827539645,0.00011854193461591209,0.0002797733098445254,ENSG00000126233.1
ENSG00000255920.1,191.06807090338788,1.695653618714034,0.00011902933729191402,0.0002808497604689159,ENSG00000255920.1
ENSG00000233718.6,421.8062945041926,-2.147508864041071,0.00012267916541160292,0.00028900550664904856,ENSG00000233718.6
ENSG00000241359.1,1032.4962802964556,-1.8267603528107104,0.00012320543912990292,0.00029016910352368784,ENSG00000241359.1
ENSG00000137634.9,506.49323932459833,1.9480569548831204,0.00012703724172974395,0.0002987622890692694,ENSG00000137634.9
ENSG00000170516.16,123.358881916323,-8.52834830741534,0.0001301095652855823,0.00030532738825739876,ENSG00000170516.16
ENSG00000196406.4,73.0462569018848,-5.7456810363193895,0.00013368108892059102,0.0003131966914206927,ENSG00000196406.4
ENSG00000084453.16,6695.728224155273,2.368642205951807,0.00013808926892119603,0.0003226818389792866,ENSG00000084453.16
ENSG00000126890.13,1098.9559697536645,-4.012212185514026,0.0001433822349458027,0.00033435358334860083,ENSG00000126890.13
ENSG00000166111.9,677.3637244626947,-2.9592535258606913,0.00014450343972684755,0.0003367930539626643,ENSG00000166111.9
ENSG00000156925.11,479.38016912235304,-3.6081035925146305,0.0001480761582946824,0.0003444984169647393,ENSG00000156925.11
ENSG00000226070.1,21.737276312133172,-6.627030653207276,0.00014807825958810936,0.0003444984169647393,ENSG00000226070.1
ENSG00000162670.10,25791.491911387115,-2.5902704737268847,0.00015485800190373448,0.000359107261070123,ENSG00000162670.10
ENSG00000163295.4,26.127031464104515,-6.875699720869838,0.00015505252681150732,0.00035946544458729813,ENSG00000163295.4
ENSG00000255974.7,76710.2718402834,-2.0666805486057624,0.0001567017819914781,0.0003630075879234551,ENSG00000255974.7
ENSG00000073067.13,425.231610331323,-1.8367447498831277,0.0001575590711025113,0.0003648993252276023,ENSG00000073067.13
ENSG00000197658.9,259.8940177841763,-3.4820684892955103,0.00015832912710013532,0.00036654081495095193,ENSG00000197658.9
ENSG00000130287.13,1248.6664359893423,-1.9650458269856743,0.00015844362250005807,0.0003667112552742219,ENSG00000130287.13
ENSG00000115850.9,3365.2420476626176,-1.6683489665568227,0.00016013136732593607,0.000370283151455747,ENSG00000115850.9
ENSG00000168634.4,408.5460238645885,-1.9844865388364836,0.00016021363979321594,0.0003704256606686596,ENSG00000168634.4
ENSG00000260230.2,4018.2733729904944,1.5222708557735423,0.00016421797035194892,0.0003790978077956222,ENSG00000260230.2
ENSG00000258791.7,268.1340449070613,-2.0647660097296936,0.000166908520324898,0.0003848138877951908,ENSG00000258791.7
ENSG00000196361.9,629.5371696413024,-2.165704175905665,0.00017510965125856488,0.0004022231928038515,ENSG00000196361.9
ENSG00000147160.9,631.730960818498,-2.3119935467826496,0.00018361823041071427,0.000421228014125525,ENSG00000147160.9
ENSG00000124479.8,41825.928607034824,-1.5227716016198631,0.0001867461905530679,0.0004280753248957908,ENSG00000124479.8
ENSG00000121742.16,6115.768506021051,-2.060685642200564,0.00019004328533320336,0.00043519345778237717,ENSG00000121742.16
ENSG00000196990.8,167.5431676277092,-2.5265502250873486,0.0001959440667003243,0.0004481861482307991,ENSG00000196990.8
ENSG00000170950.5,181.48141902489405,-3.9378386496182616,0.00020222583050865793,0.0004617305385732737,ENSG00000170950.5
ENSG00000175868.13,695.542076890319,-2.191315792834469,0.0002023120708154386,0.0004618686766809453,ENSG00000175868.13
ENSG00000132446.6,33.99873218781844,-8.792395493123015,0.00020368828638411281,0.00046483309307853495,ENSG00000132446.6
ENSG00000183304.10,50.66592183439233,-7.439961891557116,0.00020484808687470064,0.00046742040575783675,ENSG00000183304.10
ENSG00000152430.17,283.98407043933946,-1.8788816330415032,0.00020674954059232787,0.0004714593666779427,ENSG00000152430.17
ENSG00000142025.15,1427.6635142026132,-2.8018442465070064,0.00020798097740142057,0.00047408671982864464,ENSG00000142025.15
ENSG00000184302.6,115.4735215392625,-3.032142773918926,0.00021366110870808374,0.000485677088251565,ENSG00000184302.6
ENSG00000163833.7,286.7760159168675,2.469692833143982,0.0002153131438052765,0.0004892464293328962,ENSG00000163833.7
ENSG00000139800.8,4040.9843451134143,-3.219830945997713,0.0002191407731898113,0.0004969997515315943,ENSG00000139800.8
ENSG00000135625.7,1567.2501908526842,-1.6909064262048956,0.00022154839431019866,0.0005022062136814306,ENSG00000135625.7
ENSG00000229183.8,614.05247894377,2.5363264475652154,0.00022291954290682233,0.0005052505087684754,ENSG00000229183.8
ENSG00000186790.5,383.8678014193847,-2.0696123229575076,0.00022751722480418815,0.0005152156842360364,ENSG00000186790.5
ENSG00000169548.3,560.0910055841674,-3.2295649948514513,0.00023771289001631364,0.0005369486528767286,ENSG00000169548.3
ENSG00000153820.12,7966.348004835635,2.500331792277116,0.00023918563739898645,0.0005398675569166557,ENSG00000153820.12
ENSG00000167858.12,2146.7182145365814,-1.8500279158414874,0.00024044582400193468,0.0005425072131133807,ENSG00000167858.12
ENSG00000187689.9,1578.7953541198096,-2.520833311992223,0.00024337064176475743,0.0005487613465477265,ENSG00000187689.9
ENSG00000142484.6,51.39747902671983,-4.525742871597282,0.0002565043863967059,0.0005764923233344802,ENSG00000142484.6
ENSG00000169836.4,931.989939378021,-2.3125876270871375,0.0002640200830142888,0.0005924192034023258,ENSG00000169836.4
ENSG00000164746.13,1035.0132195156211,-1.6759124806614851,0.00026542589660951446,0.000595424714184414,ENSG00000164746.13
ENSG00000077080.9,261.7494687278068,-2.5637630471742257,0.0002696165387042072,0.0006042212027611208,ENSG00000077080.9
ENSG00000112238.11,749.728213901816,-4.5327382314814155,0.00027540674157943925,0.0006161200063460239,ENSG00000112238.11
ENSG00000171872.4,1563.219242486679,-1.647341181274143,0.00028240030835598303,0.0006305862535017123,ENSG00000171872.4
ENSG00000118492.16,826.098518913553,-1.8282767098744066,0.0002844680899597858,0.0006349568522126117,ENSG00000118492.16
ENSG00000142182.8,293.33033394636465,-1.72636683053532,0.0003052938694930373,0.0006782460312223673,ENSG00000142182.8
ENSG00000165566.12,699.0771165382954,-2.926199511081946,0.000317738961661821,0.0007038898676616933,ENSG00000165566.12
ENSG00000101435.4,2089.8194914560177,-2.7869036663051006,0.00031936807317666286,0.0007073242045275288,ENSG00000101435.4
ENSG00000203923.4,31.634360912119224,-7.068791239532607,0.0003230005867240565,0.0007151045685597124,ENSG00000203923.4
ENSG00000188778.5,481.2276737576577,1.83231375493525,0.0003308399060246622,0.0007308372859419597,ENSG00000188778.5
ENSG00000164690.7,854.3632189447203,-1.6684254302654997,0.0003333095092119632,0.0007357492721490303,ENSG00000164690.7
ENSG00000233041.8,18080.0582477642,-2.144059542828113,0.00033476954259147116,0.0007386087141597639,ENSG00000233041.8
ENSG00000142700.11,584.8726079408005,-2.4372935692984847,0.00034025270913921836,0.0007498765183977074,ENSG00000142700.11
ENSG00000036473.6,183.08186878625233,2.8638177761979624,0.0003477188932833816,0.0007650156720300392,ENSG00000036473.6
ENSG00000277932.1,25.013005167922604,-6.393438026038899,0.0003491447096654806,0.000767870164264908,ENSG00000277932.1
ENSG00000142515.14,6179.986859009566,2.473223075097371,0.000356716939381636,0.0007833715286089923,ENSG00000142515.14
ENSG00000118526.6,624.422328516886,1.858333125382649,0.0003582483969849228,0.0007865421797990278,ENSG00000118526.6
ENSG00000163440.11,53.558609579187156,-4.744741879912292,0.00037057696655875156,0.0008111287006501875,ENSG00000163440.11
ENSG00000100078.3,8408.121834920832,-1.903470156517126,0.00037379181393386806,0.0008174674356160059,ENSG00000100078.3
ENSG00000244302.1,45.0174806708994,-3.6670325569657445,0.00037384515033108225,0.0008174844476652376,ENSG00000244302.1
ENSG00000171360.3,178.72385578282265,-3.0421629009377167,0.0003775956733796736,0.000825082411486223,ENSG00000171360.3
ENSG00000226321.5,1751.9247420958013,-1.7420550140993605,0.00037811498340031564,0.0008260159802940423,ENSG00000226321.5
ENSG00000188620.9,601.3596371872175,-3.57664071552135,0.0003822727552512605,0.000834590865096559,ENSG00000188620.9
ENSG00000249550.6,741.8662298902259,-2.4419891070582005,0.0003829488477652058,0.0008356771538332831,ENSG00000249550.6
ENSG00000235026.5,1738.838170869418,-3.530616738930902,0.0003856500866018771,0.0008406347368785328,ENSG00000235026.5
ENSG00000074317.10,389.49599339786715,-1.889933093858416,0.00038786044933058545,0.0008453501643128901,ENSG00000074317.10
ENSG00000124205.15,24338.395133225036,2.0691574517797493,0.0004036952839382488,0.0008776239611083035,ENSG00000124205.15
ENSG00000125823.12,254.05390727089892,-2.386725737284382,0.0004036921049597821,0.0008776239611083035,ENSG00000125823.12
ENSG00000185149.5,19511.423653666214,3.0783946145723657,0.0004037984168344979,0.0008777418281863391,ENSG00000185149.5
ENSG00000183128.7,425.81900538544494,-1.9731741348869698,0.0004056049146209619,0.0008814550790793922,ENSG00000183128.7
ENSG00000066813.14,288.8489830858303,2.5122849505746965,0.0004154706917997144,0.0009015523567731644,ENSG00000066813.14
ENSG00000147655.10,321.59106910929853,-2.321554440878364,0.00041584675425844573,0.0009021828265522368,ENSG00000147655.10
ENSG00000249487.6,109.81029860878728,2.69128882980131,0.0004183513614594639,0.0009071778646560267,ENSG00000249487.6
ENSG00000134193.14,668.6072316098047,-1.8501754148575964,0.0004226666267389129,0.0009159818780438471,ENSG00000134193.14
ENSG00000188729.6,266.9928298954875,2.3853989579474235,0.00043081363398139044,0.0009325114412740735,ENSG00000188729.6
ENSG00000170925.3,82.87313600050165,-3.9087676195049816,0.0004323165947984925,0.0009353133562893839,ENSG00000170925.3
ENSG00000182255.6,485.08842717193505,2.6847538249285856,0.00043382226693862484,0.0009383445947380285,ENSG00000182255.6
ENSG00000133488.14,2460.3903605872492,-1.9878712571617456,0.000457939410111299,0.000986940280451255,ENSG00000133488.14
ENSG00000184478.6,180.1699584643185,-5.09748809502605,0.0004730431973249134,0.0010172923217639316,ENSG00000184478.6
ENSG00000198797.6,35212.66646492938,-1.5756768621603168,0.00047638406366066924,0.0010239860611316542,ENSG00000198797.6
ENSG00000188293.5,3926.2394813403826,-1.7128000349598431,0.0004909694582998726,0.0010530666937285339,ENSG00000188293.5
ENSG00000148704.12,513.6976476241779,-4.214363879713751,0.0005058068921080968,0.0010829493941042464,ENSG00000148704.12
ENSG00000110148.9,1521.7852053461047,-2.3088170654113336,0.0005127560691625179,0.001096780892246063,ENSG00000110148.9
ENSG00000144285.17,1997.0960621320864,-2.048321342340226,0.0005270653601933865,0.001125510034905406,ENSG00000144285.17
ENSG00000226757.2,91.3178302732705,-2.4135684143105216,0.0005420512326405577,0.0011554487192328544,ENSG00000226757.2
ENSG00000166407.13,1502.5165718583366,-1.7214074673352866,0.0005552663486327253,0.0011817615411242833,ENSG00000166407.13
ENSG00000108684.14,5778.921966183588,-1.619379944839733,0.0005654133833629082,0.0012026763574044602,ENSG00000108684.14
ENSG00000237281.1,152.19373409221146,-1.8092926384178023,0.0005700790262179039,0.0012120258348879227,ENSG00000237281.1
ENSG00000214866.8,183.3728474399471,2.3123457316277185,0.0005821311853057436,0.0012363311621643106,ENSG00000214866.8
ENSG00000187021.14,73.81915261862198,-2.8341152339231686,0.0005827349032229145,0.0012371740538845218,ENSG00000187021.14
ENSG00000234452.5,117.54290014094633,2.3935303637323764,0.0005846812364160011,0.0012407190286481463,ENSG00000234452.5
ENSG00000281880.1,21.912837740375103,-7.712097385629016,0.0005916133593875602,0.001254687403480721,ENSG00000281880.1
ENSG00000276027.1,359.3412461962645,-2.96026333227958,0.0005966510045641136,0.0012643251801958497,ENSG00000276027.1
ENSG00000144339.11,366.4561853503987,2.1891762764060734,0.0006104799094770245,0.0012913416828546184,ENSG00000144339.11
ENSG00000163285.7,382.8302207796314,2.173576081087942,0.000622535130498704,0.0013156012697760856,ENSG00000163285.7
ENSG00000140798.15,8854.9143964287,-1.8828330223796335,0.0006295477582312122,0.0013291687226380602,ENSG00000140798.15
ENSG00000237247.6,17.978260636839604,-5.657221289323283,0.000637857657764108,0.0013454470213846424,ENSG00000237247.6
ENSG00000060566.13,456.2835407454345,-1.606442941580859,0.0006450269082024411,0.001359929836774128,ENSG00000060566.13
ENSG00000187848.12,3344.273245515134,-1.6108307637481956,0.000664700124430947,0.0013984498807350116,ENSG00000187848.12
ENSG00000237136.7,182.63381329061983,-1.7643349239211938,0.0006773730292692989,0.001423443217848495,ENSG00000237136.7
ENSG00000265537.1,63.1020930043335,-2.07026894093499,0.0006779457516354014,0.0014244799259186937,ENSG00000265537.1
ENSG00000253301.5,773.4085470414534,-2.821485746458554,0.0007038667400094482,0.0014747997177404879,ENSG00000253301.5
ENSG00000109158.10,501.4193402187561,3.1536221821083745,0.0007075689770981724,0.0014822108014300264,ENSG00000109158.10
ENSG00000131050.10,183.80233120142623,-3.3731217196380934,0.0007115246628832073,0.0014896276456395135,ENSG00000131050.10
ENSG00000268940.5,91.49415552430358,-7.276996298169721,0.0007204881030176032,0.001506108867724589,ENSG00000268940.5
ENSG00000164651.16,102.73277086569757,-5.805758463625814,0.0007332076575056618,0.0015307362660013492,ENSG00000164651.16
ENSG00000226759.7,28.60978490554562,-4.872104897981225,0.0007466660861234892,0.0015570222253805798,ENSG00000226759.7
ENSG00000238284.1,17.159814304958825,-5.15988315399816,0.000767718910294573,0.0015979524563653658,ENSG00000238284.1
ENSG00000253658.5,181.30767492498384,-2.0849210388757924,0.0007679144658270933,0.0015981741098122667,ENSG00000253658.5
ENSG00000213892.11,453.47793938710606,-1.6557822585908262,0.0007730343100868304,0.0016082698736461546,ENSG00000213892.11
ENSG00000134438.9,143.09296322711577,-3.2775290016027627,0.0007885776515640188,0.0016387072819530695,ENSG00000134438.9
ENSG00000184029.9,36.13715339475842,-7.348170949428705,0.0008047749662533601,0.0016690802120261547,ENSG00000184029.9
ENSG00000259518.1,122.00027717446154,-2.4949882170951896,0.0008267036820324577,0.0017125803359951998,ENSG00000259518.1
ENSG00000189127.7,1358.4679262686434,-1.763187061340038,0.0008359972125827881,0.001731033231316126,ENSG00000189127.7
ENSG00000112494.9,329.1737971923748,-2.8049764947276925,0.0008394684601251548,0.00173802031250557,ENSG00000112494.9
ENSG00000126752.7,263.6419202505286,-4.515818770274272,0.0008481350629235492,0.0017547487108382528,ENSG00000126752.7
ENSG00000185433.8,445.99003695128624,-1.5474476797683945,0.0008507091141300539,0.0017593405468832278,ENSG00000185433.8
ENSG00000152785.6,3644.199703367966,1.793683019357742,0.0008651661585449282,0.0017860724285469617,ENSG00000152785.6
ENSG00000159527.3,229.3802870101567,-3.3796452748367507,0.0008667868625416167,0.0017892124078507732,ENSG00000159527.3
ENSG00000123307.3,103.07661626151861,-9.306678044565501,0.0008767162666992213,0.0018076291726589486,ENSG00000123307.3
ENSG00000166558.10,227.21665156647632,-1.8974476624964651,0.0008774615218060964,0.0018089578983557669,ENSG00000166558.10
ENSG00000183747.11,295.199097696762,2.4856358974396335,0.0008979345041549774,0.0018481918722822797,ENSG00000183747.11
ENSG00000106178.6,876.2198886708071,1.8108264498506297,0.0009025080172389861,0.0018569663870354736,ENSG00000106178.6
ENSG00000095627.9,25176.23933564236,-1.5787387883296,0.0009292943164599447,0.0019079241664253146,ENSG00000095627.9
ENSG00000182111.8,474.92834491226245,-2.6425360641285147,0.00098838778372768,0.0020213848177808857,ENSG00000182111.8
ENSG00000136535.14,407.04183812641975,-2.2215205625433723,0.0010011447579044517,0.002045376469980358,ENSG00000136535.14
ENSG00000176136.6,490.18812678390134,-2.0811200494904067,0.0010180369820996424,0.0020777588269786152,ENSG00000176136.6
ENSG00000174992.7,467.26891498215076,-2.209333388801903,0.0010207512274332368,0.0020830615290642557,ENSG00000174992.7
ENSG00000214381.4,32.90815392795471,-5.120556906350023,0.001024496634676414,0.0020895166643138865,ENSG00000214381.4
ENSG00000158516.11,632.122582301381,1.585100126262352,0.001026332531033616,0.002093023177277782,ENSG00000158516.11
ENSG00000133863.7,1299.6026213503862,-2.8527586735317225,0.0010451571450738925,0.002129476531305317,ENSG00000133863.7
ENSG00000171102.14,36882.62555884411,-1.6020122764712368,0.0010567322209172854,0.0021520829613142405,ENSG00000171102.14
ENSG00000134249.6,13.196202842917845,-6.450580860283962,0.0010781880270394047,0.002191550289668677,ENSG00000134249.6
ENSG00000166930.6,14.91526730359244,-6.404246452738037,0.0010848684239608787,0.002204379911624279,ENSG00000166930.6
ENSG00000183668.17,593.9961694847078,-2.1770333816919964,0.0010877078318279024,0.0022098991547010735,ENSG00000183668.17
ENSG00000100341.11,181.80924197476511,-3.4220700799360833,0.0010981185049669885,0.0022292836806344202,ENSG00000100341.11
ENSG00000128714.5,1413.8116057357054,-1.5249622384455503,0.0011036715168150568,0.0022392901060300065,ENSG00000128714.5
ENSG00000110243.11,185.27316153952245,-2.6987808048376642,0.0011108180793899948,0.0022532805354481197,ENSG00000110243.11
ENSG00000176840.11,210.14821884168447,-3.7698264459892625,0.0011350019264427646,0.002298439743605571,ENSG00000176840.11
ENSG00000150201.14,239.60144029524167,-1.932319235304026,0.001137617719595346,0.0023032170100890097,ENSG00000150201.14
ENSG00000204193.10,17.536151310930638,-3.986146318720901,0.0011721843611594695,0.0023691908286377025,ENSG00000204193.10
ENSG00000185247.14,427.58964925796414,-2.6433497265123185,0.0012730149219792866,0.0025625958896114335,ENSG00000185247.14
ENSG00000225764.1,316.1980319625501,1.9556594098228512,0.0012753322970696299,0.002566972825419791,ENSG00000225764.1
ENSG00000185960.13,268.4848009536079,2.1551951411444956,0.0012783241099759875,0.002572129157816676,ENSG00000185960.13
ENSG00000230257.2,1796.8443791697205,-2.0460431252594176,0.0013115179435498555,0.002635077592549391,ENSG00000230257.2
ENSG00000204019.4,5556.114978484619,-4.893552811730069,0.0013133010536190769,0.0026380694174567014,ENSG00000204019.4
ENSG00000230223.6,223.28657398608607,-6.898257928103761,0.0013253122079319758,0.0026601121095225252,ENSG00000230223.6
ENSG00000128610.11,284.4632015108546,-2.42715331375948,0.0013353558772417372,0.002679644851207113,ENSG00000128610.11
ENSG00000224405.1,15.406028711972338,-5.536474798503267,0.0013646698123557024,0.002735131812008346,ENSG00000224405.1
ENSG00000245832.6,177.0563413800261,-2.6138078217144045,0.0013952644367010503,0.0027933309218078376,ENSG00000245832.6
ENSG00000268651.2,1354.2141201875663,-2.3109361760423854,0.0014006870687606704,0.0028032488023468066,ENSG00000268651.2
ENSG00000182583.12,402.65382185307965,-2.246558277230083,0.001479127944590695,0.0029487247903272336,ENSG00000182583.12
ENSG00000143006.7,17.267323814985687,-7.964065043799666,0.0014880348616532302,0.002964979297631627,ENSG00000143006.7
ENSG00000169347.16,193428.16182470662,-1.6052503179818682,0.0014944788046568312,0.002975360886581846,ENSG00000169347.16
ENSG00000184471.7,12.105098898292503,-6.325995619032939,0.0015042435191852275,0.002993804980951611,ENSG00000184471.7
ENSG00000186895.2,74.78013307233248,-3.2416725145948995,0.0015332682531233456,0.003048528037013331,ENSG00000186895.2
ENSG00000250799.9,26.110513091732106,-4.113193378547077,0.0015487680609689528,0.0030772997548474024,ENSG00000250799.9
ENSG00000134389.9,120.33961199048814,-2.962551051503285,0.00158173005731315,0.0031389697133849996,ENSG00000134389.9
ENSG00000179676.6,27.29824855135712,-6.273610821822123,0.0016077821202046374,0.0031885546380362524,ENSG00000179676.6
ENSG00000211693.2,9.622511498212459,-5.995139188588312,0.001643895917437129,0.0032540615932147646,ENSG00000211693.2
ENSG00000127318.10,15.302819432355545,-4.907360475642192,0.0017139624504489246,0.0033811941744564095,ENSG00000127318.10
ENSG00000109511.11,490.20553016103656,-1.5113137818512972,0.0017159108445937786,0.003384293712397314,ENSG00000109511.11
ENSG00000179813.6,448.4209021707913,-1.8897973010274611,0.0017172496769162328,0.0033865620620491133,ENSG00000179813.6
ENSG00000163736.3,522.0001249620377,2.1388190163216403,0.00175108712929196,0.0034472306580378424,ENSG00000163736.3
ENSG00000258551.5,665.0383917657545,-1.9157154827576663,0.0017776784387039228,0.0034968934339073875,ENSG00000258551.5
ENSG00000144771.7,77.85684694927107,-3.527117317340271,0.0018318441178694182,0.00359831536409949,ENSG00000144771.7
ENSG00000270816.5,424.60844556353794,-2.6720455811621613,0.0018339234679262512,0.00360200555040156,ENSG00000270816.5
ENSG00000170178.6,84.31098855119166,-3.648988437512813,0.0018483917197031838,0.003628436825112562,ENSG00000170178.6
ENSG00000165643.10,372.990020272122,-2.4714626486361118,0.0018548258317898753,0.0036406688608223063,ENSG00000165643.10
ENSG00000139915.18,1750.1160487722752,-2.2127630336295634,0.001874669056176417,0.0036768020050311104,ENSG00000139915.18
ENSG00000149972.10,1872.8842651784785,-1.8775446634794966,0.001907464338762335,0.003737038988399535,ENSG00000149972.10
ENSG00000124003.12,285.4757660225178,1.7648665004481432,0.001920265214248474,0.003760475718048087,ENSG00000124003.12
ENSG00000175497.16,5125.8107949948235,-2.108120368594753,0.001963084853411431,0.003838046917587134,ENSG00000175497.16
ENSG00000120094.6,1141.1494353041792,-1.782063883842695,0.001989008942057913,0.0038840762276947643,ENSG00000120094.6
ENSG00000126550.8,346.33282076574767,-6.247976796124253,0.002018999364075119,0.003939639472484117,ENSG00000126550.8
ENSG00000276399.1,40.3684172835306,-6.952577179715431,0.0020278535014529643,0.00395411173062804,ENSG00000276399.1
ENSG00000112539.14,646.0148376499584,-2.3495359906707423,0.002042606007896377,0.003980076252111259,ENSG00000112539.14
ENSG00000182156.9,239.79747403643412,-1.6218753244188482,0.00206843467722604,0.0040260323080750695,ENSG00000182156.9
ENSG00000269096.6,146.090949142046,-5.434892946308605,0.00207490971629185,0.004037759456581819,ENSG00000269096.6
ENSG00000224659.2,25.153472192762003,-6.825965907337325,0.0020817131877649874,0.00405012050756315,ENSG00000224659.2
ENSG00000188089.13,714.8928320946858,-1.7141749695874968,0.0021191488044348603,0.004117150947031088,ENSG00000188089.13
ENSG00000187026.2,32.52509643179069,-4.786092558312354,0.0021423442376313612,0.004159963748518249,ENSG00000187026.2
ENSG00000067842.17,668.0583022143393,-1.7601656246678719,0.002166986687195241,0.004205083715262399,ENSG00000067842.17
ENSG00000082556.10,2603.682468460355,-1.9211825568206762,0.0022003468434429966,0.004265668081108592,ENSG00000082556.10
ENSG00000004939.13,493.6523493450215,1.5972770697384038,0.0022606897987836262,0.004374144678603989,ENSG00000004939.13
ENSG00000182533.6,308.4558411712466,1.6482757770462964,0.0022648435288340953,0.004380764501606015,ENSG00000182533.6
ENSG00000163630.10,136.074172056811,-2.3343765178976827,0.0022707291390783473,0.00439072884392477,ENSG00000163630.10
ENSG00000154165.4,2672.8996564547906,1.5654059695262001,0.00231986400002924,0.004479461919350553,ENSG00000154165.4
ENSG00000225882.1,338.3421875794761,-3.882590323984743,0.002389782188679354,0.004606042061617866,ENSG00000225882.1
ENSG00000250266.1,207.23719212423373,2.6699306205938726,0.0024248451096210376,0.004667605733430584,ENSG00000250266.1
ENSG00000233515.1,81.44047691522266,-4.753554010821642,0.0024894237905300283,0.004783190973045383,ENSG00000233515.1
ENSG00000112273.6,113.29606074537234,-2.5668088797815716,0.0026099775637664843,0.004998765866605379,ENSG00000112273.6
ENSG00000224391.1,7.058695470647287,-5.548150122092394,0.002643616011474784,0.005057254340075002,ENSG00000224391.1
ENSG00000205628.2,332.0493095392666,-3.1833531328266087,0.0026986067496148148,0.005155307091992785,ENSG00000205628.2
ENSG00000104938.16,518.6700402553779,1.9516806637891755,0.002726937955798257,0.005201676908562126,ENSG00000104938.16
ENSG00000115263.14,29.94090212715691,-5.5866431069293885,0.002744202189018675,0.005232939859697248,ENSG00000115263.14
ENSG00000164778.4,4099.704277296341,-1.528890684082077,0.0028240735549510277,0.005374395574296451,ENSG00000164778.4
ENSG00000145526.11,776.7408868418746,-2.0743685584123153,0.00283950662051517,0.005402619743242945,ENSG00000145526.11
ENSG00000152936.10,239.67396295919576,-1.6559914267833595,0.002848879848393845,0.0054187301250348905,ENSG00000152936.10
ENSG00000074771.3,15.789485447781486,-5.232198075052609,0.0028594765293755687,0.0054377328150821535,ENSG00000074771.3
ENSG00000102837.6,141565.8031823824,1.5486925976206847,0.003053769382855962,0.005785139126474596,ENSG00000102837.6
ENSG00000198077.10,17830.61723069568,-1.7095321365517202,0.003060573659389441,0.005795581864086548,ENSG00000198077.10
ENSG00000230448.5,298.0055225731056,-1.7368097924080828,0.0031156372880137544,0.005893632247113516,ENSG00000230448.5
ENSG00000179914.4,486.58618773623516,1.9123743147721282,0.0033805139195628637,0.0063631534430542355,ENSG00000179914.4
ENSG00000229404.5,931.3159593208753,-2.7908672951225992,0.0034994834921154455,0.0065718012457771004,ENSG00000229404.5
ENSG00000211821.2,579.8012631282589,-1.5000669690107724,0.0035115098240032375,0.006593128835608883,ENSG00000211821.2
ENSG00000230778.1,39.335741563671846,-3.1680337781225316,0.0035291589572242653,0.006624187063643537,ENSG00000230778.1
ENSG00000189068.9,405.57119725762107,-1.5129384351921287,0.0035813720181963756,0.006714464475448309,ENSG00000189068.9
ENSG00000124900.12,16.726462053547408,-5.632354382557027,0.0036085162143523835,0.0067632353196510515,ENSG00000124900.12
ENSG00000173335.4,50073.4992909457,-2.0823622215528483,0.003630507117164561,0.006800899854932757,ENSG00000173335.4
ENSG00000101180.15,496.1717100423939,-1.786322313295587,0.003649645213406327,0.006835323422332024,ENSG00000101180.15
ENSG00000198570.5,589.9859830302618,-1.538470911936565,0.003671972347913591,0.0068721184617189695,ENSG00000198570.5
ENSG00000154620.5,13.632823701881593,-6.49708783502465,0.0036899711539501345,0.006904363126848927,ENSG00000154620.5
ENSG00000164076.16,1153.2319686146088,-1.6428305042893978,0.003692889287122631,0.006909102843095454,ENSG00000164076.16
ENSG00000121351.7,16.441052351637797,-6.082594239111029,0.0037511861621964495,0.0070137839423208385,ENSG00000121351.7
ENSG00000267339.5,154.393760472485,2.9879200069507643,0.003756486140821874,0.007022961795260231,ENSG00000267339.5
ENSG00000181963.5,9.148789065257569,-5.9223956934953845,0.003758032870642831,0.007025121557538801,ENSG00000181963.5
ENSG00000176746.6,43.61323993949164,-4.631967755853182,0.0038402779959609674,0.00717363609822232,ENSG00000176746.6
ENSG00000154143.2,129.9882382281263,-2.686309917479865,0.003915910163885782,0.007306550065588695,ENSG00000154143.2
ENSG00000214782.7,1001.4457443029155,-1.7467435658860935,0.004054255649721227,0.007545852440472741,ENSG00000214782.7
ENSG00000255181.3,165.78061960644845,-1.5413934482383695,0.004223413841820412,0.007841984476161575,ENSG00000255181.3
ENSG00000163515.6,28.67319619907125,-3.4131913499576774,0.004305426678477217,0.007982700590886049,ENSG00000163515.6
ENSG00000225298.5,173.82374340452327,-2.8034045250858832,0.004407559538399965,0.008156894426263302,ENSG00000225298.5
ENSG00000234056.1,9.969390721973001,-6.045956779354954,0.0044308341767301355,0.008192363572101551,ENSG00000234056.1
ENSG00000153779.10,39.14235720702231,-6.92524684951993,0.004507515066520506,0.008319569055096067,ENSG00000153779.10
ENSG00000165370.1,16.358169647181565,-6.759901454282817,0.0045203475430211125,0.008342396000408396,ENSG00000165370.1
ENSG00000248131.5,94.62687407742715,-6.256156769268013,0.004597278464508059,0.008473915230316653,ENSG00000248131.5
ENSG00000198178.10,952.711137263191,-1.6415500333037414,0.004616188606803821,0.008506149965135322,ENSG00000198178.10
ENSG00000205409.3,101.12445990608565,-3.7992433529664487,0.004646564390244733,0.008555972439050949,ENSG00000205409.3
ENSG00000176774.5,22.836345774320616,-5.802694321857094,0.004682463595220722,0.00861765402591186,ENSG00000176774.5
ENSG00000170477.12,21174.583017261095,-1.6129886775526314,0.0046968634359825885,0.00864238284405984,ENSG00000170477.12
ENSG00000225174.1,42.19095425235342,-3.9299318377149626,0.004735010068320681,0.008704540586614722,ENSG00000225174.1
ENSG00000196188.10,1422.898841388034,-1.6718172360368126,0.004742605035930853,0.008717609584587506,ENSG00000196188.10
ENSG00000263417.4,112.6621768556791,-2.220291687982415,0.004751283820552509,0.0087317735432194,ENSG00000263417.4
ENSG00000146678.9,2837.2695284340857,1.8251585896874876,0.004754960105552594,0.008737634831954506,ENSG00000146678.9
ENSG00000139610.1,178.43328934504365,-1.5687344089869748,0.00480188619642158,0.008817544607919447,ENSG00000139610.1
ENSG00000236398.2,11.35924904416797,-6.233693646978512,0.004920669560843897,0.00902273601060524,ENSG00000236398.2
ENSG00000147256.11,22375.288712338985,2.0986950069721586,0.004921327194625449,0.00902301984064157,ENSG00000147256.11
ENSG00000196104.10,1908.7385664967833,1.5639878562766523,0.0050394699830080625,0.009222666942896142,ENSG00000196104.10
ENSG00000165066.12,229.68557266520784,-2.0520966100230553,0.005064760186853504,0.009266115088998703,ENSG00000165066.12
ENSG00000248211.1,53.94341684080668,-3.2203584541976342,0.005067588463773526,0.00927034431582752,ENSG00000248211.1
ENSG00000206013.2,395.3712974016623,-2.0550716685394144,0.005092513915188104,0.009314042370210513,ENSG00000206013.2
ENSG00000183783.6,312.2641937375826,1.5885523303731424,0.0053460112870413355,0.009742923678109864,ENSG00000183783.6
ENSG00000185177.12,48.45371140976018,-3.0078084561155713,0.005509531561659273,0.01002057919546057,ENSG00000185177.12
ENSG00000227188.1,196.8529171491596,1.6391934685688279,0.005645312815550599,0.010251947491371314,ENSG00000227188.1
ENSG00000156076.9,71622.19694053473,1.7557537750111,0.005674628941194578,0.010303100447313114,ENSG00000156076.9
ENSG00000182447.4,11.100050383042785,-6.200975950726734,0.005767184028639354,0.010453166687869147,ENSG00000182447.4
ENSG00000189167.11,139.5537973638418,-1.594506165490039,0.006012621076076475,0.010860728064134916,ENSG00000189167.11
ENSG00000229154.1,16.824605077847504,-4.236382533588391,0.006063421201923723,0.010944777190153836,ENSG00000229154.1
ENSG00000249139.1,802.502197722986,-1.7065416565077094,0.006205056959507222,0.01117234016469974,ENSG00000249139.1
ENSG00000068985.4,29.638580145421024,-5.190730201358445,0.006360452179687379,0.011434921742541862,ENSG00000068985.4
ENSG00000261097.1,250.2986035298973,-1.672720161587847,0.006367912399121928,0.011446040277456063,ENSG00000261097.1
ENSG00000186335.8,223.80491399013803,1.8738737618619639,0.006379316427373129,0.011464241759918222,ENSG00000186335.8
ENSG00000139287.12,146.05684718405024,-1.999072219747458,0.006520333749485267,0.011698916988377526,ENSG00000139287.12
ENSG00000166091.19,2156.146420832243,1.6015682734229972,0.0065864885726305104,0.011810527725320465,ENSG00000166091.19
ENSG00000233997.5,14.614784236445143,-5.5326269866311355,0.006603545032754309,0.011838746335072767,ENSG00000233997.5
ENSG00000205927.4,140.31656589889684,-2.650109889340181,0.006750734206072222,0.012075811757601019,ENSG00000205927.4
ENSG00000276040.4,83.15692585055096,-3.9643901017828553,0.006797680710272848,0.012152792932662746,ENSG00000276040.4
ENSG00000196772.3,15.495075024197126,-6.129692517882151,0.006887665305110295,0.01230263450476798,ENSG00000196772.3
ENSG00000112116.9,13.647687768531263,-5.5663130650495045,0.006912433602719193,0.01234441765198977,ENSG00000112116.9
ENSG00000161634.11,28086.162073925465,-2.391770438183072,0.006984319918048586,0.012464111050170446,ENSG00000161634.11
ENSG00000158874.11,144.46399151926232,-1.6421240360614648,0.007042309291199476,0.01256260044947643,ENSG00000158874.11
ENSG00000205293.3,68.94674816461914,-2.821968525725036,0.007090508121619579,0.012643607398915112,ENSG00000205293.3
ENSG00000206150.3,207.61176626464186,1.516145257906886,0.007180409776530018,0.012789882174911121,ENSG00000206150.3
ENSG00000235221.1,13.115522361898611,-6.441685918906722,0.007213657951785267,0.012842730259632387,ENSG00000235221.1
ENSG00000188674.10,30.059953124318074,-4.205801639586451,0.0072570909726170545,0.012909808705525968,ENSG00000188674.10
ENSG00000257138.1,32.64498918830104,-4.193683477310727,0.007272759611299622,0.012936399530646353,ENSG00000257138.1
ENSG00000120160.10,192.11921885531368,1.5794046918050615,0.0072991267037975805,0.012971727203421194,ENSG00000120160.10
ENSG00000125851.9,4824.257034344394,-1.9020602037092016,0.00738969781484841,0.013118395091970703,ENSG00000125851.9
ENSG00000129170.8,76.38970785156096,-2.659826606057426,0.007460442225227876,0.013234817131931685,ENSG00000129170.8
ENSG00000205857.2,31.981971206832103,-3.765114300089686,0.007540487031696968,0.013370207440392332,ENSG00000205857.2
ENSG00000205334.2,503.60095150308655,-1.564673899999266,0.0078006877521963275,0.013802932750755437,ENSG00000205334.2
ENSG00000174156.14,975.9361202971412,-1.70576903235126,0.007870175072248775,0.013913594219110686,ENSG00000174156.14
ENSG00000163202.4,23.88503533038382,-5.912952807622567,0.008015290245992021,0.014145945175614398,ENSG00000163202.4
ENSG00000223662.1,92.60421055993642,-1.5522714489675737,0.008024959322620286,0.014160671657498123,ENSG00000223662.1
ENSG00000144962.6,24.08898829279638,-4.605182899566487,0.00817401146146095,0.014409515833034216,ENSG00000144962.6
ENSG00000136099.13,2856.3865995460105,-1.5514073138790379,0.008190881888418286,0.01443500143447041,ENSG00000136099.13
ENSG00000236301.5,19.7838357172164,-5.905161421053681,0.008542907497443982,0.014993537963041354,ENSG00000236301.5
ENSG00000126545.13,2702.321449958632,2.2716986974506317,0.008591667443924417,0.01507027180975364,ENSG00000126545.13
ENSG00000138136.6,344.97076756193934,-2.901401500572396,0.00868193686902754,0.01521373781033498,ENSG00000138136.6
ENSG00000110680.12,344.869070206741,-2.0754145137359226,0.00880589945308677,0.015412900876530336,ENSG00000110680.12
ENSG00000132972.18,265.21493193413505,1.972746942299733,0.008915106154291292,0.015582764935963661,ENSG00000132972.18
ENSG00000135902.9,133.04249075736075,-2.341935516801981,0.009178656334170223,0.016012231116114183,ENSG00000135902.9
ENSG00000251209.7,323.5293594836695,1.5367695528209442,0.00923052651842702,0.016098023894125225,ENSG00000251209.7
ENSG00000224141.5,123.45324315812111,-2.6591836842184344,0.009271509526072797,0.016163214508486377,ENSG00000224141.5
ENSG00000103355.13,1070.473475745824,-1.8729481466718725,0.009272458854098903,0.016163299172134323,ENSG00000103355.13
ENSG00000183631.4,48.12706269048507,-3.3390406740801413,0.009279540977357174,0.01617407317121876,ENSG00000183631.4
ENSG00000248330.5,27.335024282126003,-6.2698753035368755,0.009305483702515497,0.01621771557478031,ENSG00000248330.5
ENSG00000228836.8,28.657836900507842,-7.62310051974236,0.009319464210354074,0.016240503621500778,ENSG00000228836.8
ENSG00000178403.3,2937.6742559406143,1.7300822659741755,0.009367050048535004,0.01631550631633781,ENSG00000178403.3
ENSG00000186038.9,146.23783653662034,-1.964170317432796,0.009527126442392432,0.016566988747193506,ENSG00000186038.9
ENSG00000162763.3,311.58078806134966,-1.8758199436041447,0.009530722094590122,0.016571635393926858,ENSG00000162763.3
ENSG00000182698.11,6.632082490838372,-5.457669563344244,0.009725147184645387,0.016881884597201975,ENSG00000182698.11
ENSG00000197838.4,731.6998772230107,-1.7665219892560144,0.009772415254680838,0.0169524573984912,ENSG00000197838.4
ENSG00000205835.8,235.97960510454308,2.656550077139519,0.009824019832680211,0.017033743538275553,ENSG00000205835.8
ENSG00000163737.3,185.95218686325032,1.9828804790716201,0.009957775447531219,0.017242335484946462,ENSG00000163737.3
ENSG00000101204.16,558.6457915071642,-1.8740678245728495,0.01007762992943861,0.017429685923262307,ENSG00000101204.16
ENSG00000231163.5,11.209251606153385,-6.214663191400355,0.010385785176923443,0.0178988214766341,ENSG00000231163.5
ENSG00000090402.7,30.304303875823084,-4.274666594317943,0.010648456897017107,0.018307551074070613,ENSG00000090402.7
ENSG00000173572.11,809.8573591471113,2.20378569330549,0.010705443109169615,0.018389062062635925,ENSG00000173572.11
ENSG00000070748.18,13.345241243777165,-5.645193702790571,0.0107570500560277,0.01847124461295321,ENSG00000070748.18
ENSG00000228308.1,36.93218876890586,-3.9463205987400256,0.01076240141460928,0.018478665293632086,ENSG00000228308.1
ENSG00000273777.4,199.24910911791474,1.5043092615120586,0.0107774225088228,0.01850268556241067,ENSG00000273777.4
ENSG00000170099.5,141436.2007410885,-1.7766793266551453,0.011067173129981076,0.01896827673468338,ENSG00000170099.5
ENSG00000231776.5,303.2023758080936,-2.1363426031812964,0.011404771114849256,0.019510650480012874,ENSG00000231776.5
ENSG00000153266.12,296.72086997043976,3.079581777256264,0.011525758990753488,0.019695097545955678,ENSG00000153266.12
ENSG00000249500.1,37.83107330516458,-2.6762999997781725,0.011537902789940236,0.01971021778966942,ENSG00000249500.1
ENSG00000163530.4,49.2172523547661,-5.750423291731877,0.011580261042555804,0.019776930060685385,ENSG00000163530.4
ENSG00000236027.2,19.387765411816645,-4.402649303737658,0.011589976656456162,0.01978787260927206,ENSG00000236027.2
ENSG00000128310.2,113.96119319722139,-1.706664416798595,0.011610133919046823,0.019820401773701476,ENSG00000128310.2
ENSG00000225826.1,226.9933889261616,-1.6077517478644194,0.011930385751693194,0.020322654445451175,ENSG00000225826.1
ENSG00000173976.15,75.7216466293755,2.5432748586201273,0.012014257677683417,0.02044417636494559,ENSG00000173976.15
ENSG00000159224.4,62.46595692481656,-2.107176757549031,0.012122054137458545,0.020610018897342822,ENSG00000159224.4
ENSG00000162009.8,200.04885620588135,-2.2398551135004925,0.012283748459185284,0.020867138346267227,ENSG00000162009.8
ENSG00000186971.3,51.410827244099394,4.564886522627371,0.01248169113112911,0.021175330023350737,ENSG00000186971.3
ENSG00000257741.5,24.15452512516747,-5.855599407015053,0.012513929090140962,0.021224002230008452,ENSG00000257741.5
ENSG00000253898.1,164.5854776991577,-4.091602630447078,0.01256208473001462,0.021295611563097054,ENSG00000253898.1
ENSG00000196289.7,147.25742100056632,-2.047194930930274,0.012691154986811429,0.021496137916117073,ENSG00000196289.7
ENSG00000145451.12,95019.92870433409,1.556811616692584,0.01294531545609559,0.02187707106274056,ENSG00000145451.12
ENSG00000269586.7,117.70289177262991,-3.5985227662012904,0.013374673385033573,0.022524180123983335,ENSG00000269586.7
ENSG00000136931.9,971.1310361304448,-1.7688594361250747,0.013377269874512479,0.0225264386850837,ENSG00000136931.9
ENSG00000198128.3,64.16341461998593,2.768530980644403,0.01350418221514728,0.022723695430395676,ENSG00000198128.3
ENSG00000233338.1,101.26322964669409,-1.6727505563599487,0.013553800330325648,0.022802305749799683,ENSG00000233338.1
ENSG00000196634.3,11.55641043795393,-4.155887581687694,0.013631322262373671,0.02291983195989816,ENSG00000196634.3
ENSG00000101076.16,247.07989888555912,-1.6735975598225845,0.013811051335712093,0.023193776805617017,ENSG00000101076.16
ENSG00000171133.2,76.95811846632535,-2.4132091376919353,0.013826011778676038,0.02321021193344212,ENSG00000171133.2
ENSG00000187094.11,428.1452684135237,-1.8779629450515902,0.014395727521340043,0.024040663996549624,ENSG00000187094.11
ENSG00000134595.8,285.61070417299493,-2.480782750828203,0.01453328166993216,0.024247810905184814,ENSG00000134595.8
ENSG00000157884.10,294.74687080207957,-1.661508947822696,0.014787873679991367,0.024642793955587397,ENSG00000157884.10
ENSG00000185231.4,20.577423028682613,-5.772308261957705,0.014868379349465602,0.024772349029416038,ENSG00000185231.4
ENSG00000186474.15,6039.87589456885,-1.7635372983363102,0.01487741681471881,0.02478510512703689,ENSG00000186474.15
ENSG00000152591.12,100.76236888728447,-1.8807034116888026,0.014960769311946707,0.024903158119997375,ENSG00000152591.12
ENSG00000186960.10,39.945209374889025,-3.4303250448342726,0.015082059407496507,0.02508643622618811,ENSG00000186960.10
ENSG00000146360.8,228.8578820443627,-2.5093573487253016,0.01516627970120159,0.025217172253369283,ENSG00000146360.8
ENSG00000105605.7,73.32246488726265,-2.20180357171635,0.015300140173985972,0.025425608009076152,ENSG00000105605.7
ENSG00000198183.11,396.540608613096,-2.904457625147442,0.01531959753219678,0.025450871041360897,ENSG00000198183.11
ENSG00000149635.2,211.15615884570667,-1.7703125143756924,0.015374773008121127,0.02553780679975243,ENSG00000149635.2
ENSG00000230657.6,70.74821423883822,-2.78191463812524,0.015443839372490144,0.025643032636250868,ENSG00000230657.6
ENSG00000165556.9,250.29687777503966,-2.304817314965813,0.015499755075281632,0.025723973831932444,ENSG00000165556.9
ENSG00000254932.2,8.211717589375324,-5.766017214999081,0.015542972069406908,0.025788542839892514,ENSG00000254932.2
ENSG00000250682.5,139.12649370982723,-2.647024395484183,0.015701246499832976,0.026034297467473936,ENSG00000250682.5
ENSG00000205274.3,104.21754847718918,-1.8733631465132772,0.01587039319658472,0.026285613394823354,ENSG00000205274.3
ENSG00000158764.6,222.3619601495115,-1.714617367287711,0.016030358278980656,0.02652607423072933,ENSG00000158764.6
ENSG00000211781.3,5.049650790038062,-5.064635606020944,0.016260491274772658,0.026882094659528337,ENSG00000211781.3
ENSG00000105550.8,130.98413039635236,-3.0882450753318773,0.01633766313151702,0.027002213063640174,ENSG00000105550.8
ENSG00000176635.17,247.31126863369212,1.5271592498561046,0.016590346082991952,0.02738625921696061,ENSG00000176635.17
ENSG00000163825.3,288.13144138189034,-2.45600262314655,0.016591396787091997,0.02738625921696061,ENSG00000163825.3
ENSG00000236076.1,7.740686878966208,-5.680554415145891,0.016730285634049477,0.02760027998688828,ENSG00000236076.1
ENSG00000178602.7,208.81719373439574,-1.506945323176275,0.016789737306800785,0.027688176291998278,ENSG00000178602.7
ENSG00000180305.4,77.3242481258164,-2.769096920957818,0.017110859356399607,0.02817034917790328,ENSG00000180305.4
ENSG00000124260.11,323.0410266258968,-2.6899910209047246,0.017317782606894788,0.02847263066686092,ENSG00000124260.11
ENSG00000136688.10,254.04939111471126,-1.7471520589978962,0.017809034133148466,0.029216064041435005,ENSG00000136688.10
ENSG00000176566.4,160.21728500481805,-4.27765726433417,0.018011319366304776,0.029518231318748096,ENSG00000176566.4
ENSG00000101438.3,81.29025158594192,-2.2859657374101494,0.018100232625433664,0.02965040845634304,ENSG00000101438.3
ENSG00000164299.6,18.88778141987752,-4.526665414535455,0.01876669312316259,0.030624730938707666,ENSG00000164299.6
ENSG00000196660.10,352.74448902301094,-1.765415946493054,0.01894167428986858,0.030882191846029604,ENSG00000196660.10
ENSG00000173908.8,12.338505139351124,-6.353738320279915,0.019009727753480504,0.030987514063268003,ENSG00000173908.8
ENSG00000109132.6,26.161069185675345,-4.788083556915069,0.019378465478948576,0.03152272546045266,ENSG00000109132.6
ENSG00000263878.1,27.00046569660407,-2.5068147825569125,0.01951627345947575,0.031729637669369655,ENSG00000263878.1
ENSG00000140505.6,70.4778482245788,2.1501396138784985,0.019613826725779555,0.0318709143138086,ENSG00000140505.6
ENSG00000134365.12,186.61435003184107,-1.9229452893653187,0.019864121776953257,0.03223967087243571,ENSG00000134365.12
ENSG00000109193.10,1646.9194915405183,-1.519316241103718,0.019896198544509584,0.032285891362152284,ENSG00000109193.10
ENSG00000179002.5,26.575130156737867,-3.389252787189144,0.019983846397845312,0.03241639303588287,ENSG00000179002.5
ENSG00000223404.3,9.22287749987626,-5.933671701705268,0.02021916172238548,0.032759606135122805,ENSG00000223404.3
ENSG00000178645.12,12.844835592941942,-5.513923292852421,0.020233421325496163,0.032773670669493535,ENSG00000178645.12
ENSG00000185002.9,4452.078819289631,1.7098827662078155,0.020679149006457592,0.03341136770861472,ENSG00000185002.9
ENSG00000226516.7,54.67610102012891,2.316385334880946,0.020722523281496517,0.03347240595581722,ENSG00000226516.7
ENSG00000187833.7,44.161625184842926,-3.459287614934797,0.0209425598029209,0.03379132210265377,ENSG00000187833.7
ENSG00000274391.4,189.48938306143384,-1.625441575429513,0.02105604872899028,0.033939458190476,ENSG00000274391.4
ENSG00000263724.1,97.83196175588581,-2.2591907847214086,0.02135994033260583,0.034381303312547455,ENSG00000263724.1
ENSG00000198914.3,3016.8713939978447,1.5372479763111695,0.02168858118763722,0.03486650249336699,ENSG00000198914.3
ENSG00000147246.9,202.8207754097911,-2.658852856960526,0.021697619863922452,0.03487478420263566,ENSG00000147246.9
ENSG00000179136.6,130.57377174392494,1.8037557370188289,0.02193429720835315,0.03523833976173071,ENSG00000179136.6
ENSG00000182271.12,16.16168229209089,-3.618577176417465,0.02252132851723881,0.03610172582752664,ENSG00000182271.12
ENSG00000206102.2,9.463126906617955,-3.983971106655898,0.022523848636868845,0.03610254041446847,ENSG00000206102.2
ENSG00000187871.2,71.21332350333661,2.4539585676899356,0.022667680049549638,0.03632010454586291,ENSG00000187871.2
ENSG00000125798.14,177.03950233936044,-2.5592115759412777,0.022681369838089768,0.03633555043073679,ENSG00000125798.14
ENSG00000236719.2,309.9698576970633,1.5329150920913006,0.02280018184949758,0.03649656227541343,ENSG00000236719.2
ENSG00000183185.9,153.57158394508502,-2.0173655514893123,0.022900079608216894,0.03664012737314703,ENSG00000183185.9
ENSG00000204849.7,184.8401372889139,-2.72907209578632,0.023157440575116026,0.037025493511528285,ENSG00000204849.7
ENSG00000235914.1,104.41102757473024,-2.076824629083638,0.023171499982242105,0.03704137155290444,ENSG00000235914.1
ENSG00000260596.5,21.758169697395,-2.126663775849196,0.02318677743400681,0.03706249191838751,ENSG00000260596.5
ENSG00000144820.7,374.3346311605397,-2.039968892518031,0.023355570865742917,0.037302391064965815,ENSG00000144820.7
ENSG00000196570.2,17.52906403453265,-3.0846154857165016,0.02348228515561837,0.03749809778699084,ENSG00000196570.2
ENSG00000185176.12,82.27402424188325,-3.033650609069285,0.023894786579561515,0.03811610368776352,ENSG00000185176.12
ENSG00000227143.1,8.889421155209279,-5.880471918980338,0.024038057403029008,0.03832420275788116,ENSG00000227143.1
ENSG00000281591.1,5.846953310821688,-5.275148094614981,0.024269579186104787,0.0386589728287141,ENSG00000281591.1
ENSG00000242512.8,77.88724811796025,-1.941004486379135,0.024810806783011632,0.039444061036091146,ENSG00000242512.8
ENSG00000261683.1,8.540533405401911,-5.822353374737739,0.025155490363530385,0.03996724978600932,ENSG00000261683.1
ENSG00000179751.6,7.025547019723166,-4.869941112671317,0.02527052138631038,0.04013579711063493,ENSG00000179751.6
ENSG00000282815.1,570.3579558815374,-2.500120741591273,0.025410653468392143,0.040344077670928034,ENSG00000282815.1
ENSG00000204595.1,51.13260531561133,2.222714091577517,0.025877187665285156,0.04100134706100458,ENSG00000204595.1
ENSG00000186191.7,201.6796652222264,-1.8698282395300463,0.026234003573913475,0.04151538584798513,ENSG00000186191.7
ENSG00000178235.7,1840.649692135268,-1.631835747715064,0.026487491987122695,0.041876667543143016,ENSG00000178235.7
ENSG00000181903.4,54.95029244510166,-2.6038420796554744,0.027269877751030538,0.04301430084076054,ENSG00000181903.4
ENSG00000196228.3,2547.020527642334,4.034852356414184,0.027495532243281613,0.04332834201927156,ENSG00000196228.3
ENSG00000134640.2,90.05425784133577,-2.776029258617479,0.028542721986731672,0.0448682087893047,ENSG00000134640.2
ENSG00000196778.2,7.5253135317616335,-5.639929062061312,0.028987154978380596,0.04549510267926716,ENSG00000196778.2
ENSG00000166569.8,122.2372443899579,-1.6667696517029358,0.02927572418372123,0.04591186809584808,ENSG00000166569.8
ENSG00000206177.6,81.06920836096951,2.1140252499896706,0.029400822315092393,0.04609194090704332,ENSG00000206177.6
ENSG00000169777.6,111.18345478414113,-1.798277625112986,0.02992954849663929,0.04686350944360344,ENSG00000169777.6
ENSG00000241128.1,8.229011401430265,-5.7686953305319255,0.029988550536711157,0.046947701171762786,ENSG00000241128.1
ENSG00000125831.9,157.85878841246097,-2.0501111263566187,0.030480954957666045,0.0476396007107708,ENSG00000125831.9
ENSG00000274274.1,28.205471057431804,-6.984233975536613,0.03071156452343739,0.04796242940022285,ENSG00000274274.1
ENSG00000145192.12,96.88688878832,-2.2772522815754135,0.030827747112945492,0.04811874514567623,ENSG00000145192.12
ENSG00000235202.1,11.036378691207249,-5.293744667106485,0.031053562277142604,0.04842909103954866,ENSG00000235202.1
ENSG00000132872.11,818.0309631946039,-2.287434877031317,0.03168364686608051,0.04931315459839957,ENSG00000132872.11
ENSG00000196119.6,52.85401276520902,-4.207170839222286,0.03206436135980913,0.04986245777280658,ENSG00000196119.6
