gene_id,baseMean,log2FoldChange,pvalue,padj,symbol
ENSG00000123500.9,806623.6514844121,-7.072382552983954,8.339327371212127e-156,1.496408903490304e-151,ENSG00000123500.9
ENSG00000099953.9,2241931.877671406,-6.343374923100013,4.079706717957323e-145,3.66031286735131e-141,ENSG00000099953.9
ENSG00000119927.13,416929.5572693607,4.130584874119682,4.923717461017329e-102,2.9450395373498314e-98,ENSG00000119927.13
ENSG00000060718.20,1129086.1504111139,-6.445056803431625,2.9469018922701877e-101,1.321980188872406e-97,ENSG00000060718.20
ENSG00000117650.12,137983.29173003175,-4.271212604539228,7.37441098297229e-100,2.2054405113075793e-96,ENSG00000117650.12
ENSG00000230838.1,26063.739972439795,-5.567382066324667,7.3284204840637e-100,2.2054405113075793e-96,ENSG00000230838.1
ENSG00000079308.16,1438559.4106727345,2.9977477858685373,2.8709182453029563e-91,7.359393856245179e-88,ENSG00000079308.16
ENSG00000022267.16,728449.2094813813,4.788886984863612,1.0445610367761676e-90,2.3429504054889437e-87,ENSG00000022267.16
ENSG00000090889.11,151967.12363120858,-4.018933364673813,1.1804333770902943e-87,2.353521835389805e-84,ENSG00000090889.11
ENSG00000163815.5,141244.43010259987,3.8439993125554155,1.8507915430220503e-86,3.321060344798767e-83,ENSG00000163815.5
ENSG00000133800.8,72588.30184224753,5.088756022766667,7.659149369403325e-86,1.2494161480415751e-82,ENSG00000133800.8
ENSG00000203805.10,40985.0876529801,-4.949211276151277,7.269793426614386e-83,1.0870764437264045e-79,ENSG00000203805.10
ENSG00000226009.1,12176.837840456872,4.949840345448886,8.190151628722211e-82,1.1304929294291644e-78,ENSG00000226009.1
ENSG00000105974.11,813909.078770787,3.397462812459253,1.6116296181434781e-81,2.0656487048547552e-78,ENSG00000105974.11
ENSG00000164849.9,48156.07750406254,2.943348440794902,2.0195511383475137e-80,2.4159217084338523e-77,ENSG00000164849.9
ENSG00000101605.12,29223.3877775913,3.512681193351619,4.029020922086931e-80,4.5185469641204926e-77,ENSG00000101605.12
ENSG00000123485.11,88392.94082276858,-3.797110194157306,5.551501042249936e-80,5.859772629537226e-77,ENSG00000123485.11
ENSG00000056998.19,206860.87771022134,4.133139723999345,1.791031310772973e-79,1.7854592133616793e-76,ENSG00000056998.19
ENSG00000276043.4,138872.7032613018,-3.453951863035197,1.9813533727673777e-78,1.871231837944096e-75,ENSG00000276043.4
ENSG00000148180.19,3583269.1843690076,2.688046447762891,2.941908309990289e-78,2.6394801357232876e-75,ENSG00000148180.19
ENSG00000135437.9,49734.722835110624,3.9239834617056775,9.228618363902038e-78,7.885634662945627e-75,ENSG00000135437.9
ENSG00000095637.21,613262.7793611119,3.55188367600528,4.037643383235979e-76,3.293248766763018e-73,ENSG00000095637.21
ENSG00000226650.5,7502.364409460483,-3.9297482480636834,5.542143091078278e-76,4.3238354620134186e-73,ENSG00000226650.5
ENSG00000029559.6,16595.911686801788,-6.909590023218455,6.268970715124741e-76,4.687100438008264e-73,ENSG00000029559.6
ENSG00000088325.15,477046.9637129368,-3.821222490951371,7.757738339834636e-76,5.568194270799708e-73,ENSG00000088325.15
ENSG00000137745.11,152960.36260592673,-6.607456014499397,1.5336392953221419e-75,1.0584470582792505e-72,ENSG00000137745.11
ENSG00000169418.9,107616.15625866594,3.547080252150703,3.172714218243685e-75,2.1085623678579515e-72,ENSG00000169418.9
ENSG00000123612.15,49974.808686383294,5.175103772415132,3.778760636657927e-75,2.4216457451496373e-72,ENSG00000123612.15
ENSG00000143228.12,101031.1974948091,-3.9412704338607134,7.152880154992971e-75,4.425906258661857e-72,ENSG00000143228.12
ENSG00000175063.16,219703.17601523586,-4.323531976133763,7.572258430261534e-75,4.529220175753765e-72,ENSG00000175063.16
ENSG00000158402.18,33379.11751158074,-3.2588484786904037,8.435344746900062e-75,4.88270406897983e-72,ENSG00000158402.18
ENSG00000137804.12,267409.5972573761,-3.230518567188836,3.719246556502531e-74,2.085567506558794e-71,ENSG00000137804.12
ENSG00000244734.3,229815.58662306002,5.65242823323772,7.599077271177827e-74,4.1320558349701495e-71,ENSG00000244734.3
ENSG00000068976.13,9421.791665500128,3.378878435867558,2.5101922519516858e-73,1.3247908755594427e-70,ENSG00000068976.13
ENSG00000173641.17,74856.6611341426,4.816960570895041,2.929032843695684e-73,1.501673295636439e-70,ENSG00000173641.17
ENSG00000077152.9,128475.91167510192,-3.3181212865902063,1.480614764673349e-72,7.380042038138493e-70,ENSG00000077152.9
ENSG00000169607.12,72492.83466590714,-3.552026746380066,6.001946584999418e-72,2.91078187895215e-69,ENSG00000169607.12
ENSG00000131471.6,492500.69091926824,3.9350708607376506,8.549798390172692e-72,4.0373047977173364e-69,ENSG00000131471.6
ENSG00000135451.12,85256.14617712435,-3.7629326495865785,9.84573987402365e-72,4.530050161525138e-69,ENSG00000135451.12
ENSG00000072571.19,87844.31897768614,-3.232843717133123,2.3757709678857836e-71,1.0657708561935627e-68,ENSG00000072571.19
ENSG00000076555.15,338244.8656663098,3.686705093532704,5.61428012636989e-71,2.457137624087349e-68,ENSG00000076555.15
ENSG00000169679.14,163818.29383776998,-3.6323634557676168,6.868977854253973e-71,2.934689014684126e-68,ENSG00000169679.14
ENSG00000183549.10,21391.674969811487,4.005005553305668,1.472314505015737e-70,6.14400266930288e-68,ENSG00000183549.10
ENSG00000112984.11,178174.55672376967,-3.5645690127048013,2.898531358624062e-70,1.1820737886170492e-67,ENSG00000112984.11
ENSG00000170145.4,364618.8356169592,2.329069609584407,7.446671200930959e-70,2.96940151176678e-67,ENSG00000170145.4
ENSG00000122641.10,455190.2588275165,-3.48706768061716,1.277332103367158e-69,4.982705926700062e-67,ENSG00000122641.10
ENSG00000075702.16,72881.03383190866,-3.013735552775839,1.9917487133322946e-69,7.604242321709509e-67,ENSG00000075702.16
ENSG00000186185.13,71333.41924372884,-3.8235558768659472,5.530846221048657e-68,2.0676146789686897e-65,ENSG00000186185.13
ENSG00000134962.6,28605.744241206598,4.400293433311463,2.5260286675633176e-67,9.25042008382779e-65,ENSG00000134962.6
ENSG00000126787.12,105302.85874275341,-3.5407539813958784,2.6010800146940528e-67,9.334755956734016e-65,ENSG00000126787.12
ENSG00000127564.16,320469.83700145694,-3.0759709074385904,4.520714532125063e-67,1.5905823836167083e-64,ENSG00000127564.16
ENSG00000120049.18,86710.73960727814,4.997160609431146,5.5451662897523837e-67,1.9135089212176304e-64,ENSG00000120049.18
ENSG00000025423.11,33604.40831261417,-2.5074874164679755,6.00590149896661e-67,2.033394273536922e-64,ENSG00000025423.11
ENSG00000138180.15,140971.34399828964,-3.581318515085614,8.719823545953687e-67,2.8975650686776474e-64,ENSG00000138180.15
ENSG00000089685.14,272204.4101814895,-3.9788759425218827,9.634050773585325e-67,3.1431528560220924e-64,ENSG00000089685.14
ENSG00000143476.17,172599.35735528226,-3.1024123807705593,1.545504663029433e-66,4.9522385131071696e-64,ENSG00000143476.17
ENSG00000115306.15,2264915.2989631607,2.052632378344619,1.7371093641628723e-66,5.468542180796243e-64,ENSG00000115306.15
ENSG00000152253.8,40498.2803024564,-2.8126141541739744,3.4440369654459423e-66,1.0655137811717583e-63,ENSG00000152253.8
ENSG00000109674.3,20219.032719634593,-3.6648874640930194,4.660208727774553e-66,1.417335345952315e-63,ENSG00000109674.3
ENSG00000108960.7,160538.74123891696,2.728111808881926,6.822828422320418e-66,2.0404805535019596e-63,ENSG00000108960.7
ENSG00000117724.12,688781.0885726005,-3.3605013253667044,1.152413072269889e-65,3.389983634231293e-63,ENSG00000117724.12
ENSG00000166851.14,176916.61629163005,-3.5550949722391665,1.646205965081004e-65,4.764438683453796e-63,ENSG00000166851.14
ENSG00000066279.17,197892.19135721758,-3.7089957103381517,1.9529913297297406e-65,5.562615304868328e-63,ENSG00000066279.17
ENSG00000165304.7,120865.42959937558,-3.8184367105410835,3.469932022921626e-65,9.728821909266509e-63,ENSG00000165304.7
ENSG00000118193.11,76524.71528078658,-3.8112669653920928,4.201858163214266e-65,1.1599714289341046e-62,ENSG00000118193.11
ENSG00000131747.14,963209.3714155067,-3.822032593965668,4.366423880036162e-65,1.1871380318692257e-62,ENSG00000131747.14
ENSG00000171848.13,312679.54804191744,-3.6206231775743776,4.485644691045628e-65,1.2013493781510858e-62,ENSG00000171848.13
ENSG00000174371.16,87704.07401408548,-3.654668399692477,7.565275321580084e-65,1.996342652506368e-62,ENSG00000174371.16
ENSG00000156970.12,125224.13446897009,-3.1555795503908173,1.61435884400554e-64,4.198268854613828e-62,ENSG00000156970.12
ENSG00000186642.15,84716.99052037414,3.232085476255604,4.513521100118151e-64,1.1570088945788586e-61,ENSG00000186642.15
ENSG00000137878.16,138869.96727350476,2.0664104650552644,7.015292616563284e-64,1.7729917001635433e-61,ENSG00000137878.16
ENSG00000165028.11,15078.134516372085,2.836576465571814,7.954880329398507e-64,1.982532953204539e-61,ENSG00000165028.11
ENSG00000170312.15,265930.270700287,-3.2259163292078563,1.643696226065318e-63,4.040340421988502e-61,ENSG00000170312.15
ENSG00000011426.10,292781.98706324276,-3.7305299744993947,3.5108992329273473e-63,8.51345619400653e-61,ENSG00000011426.10
ENSG00000075218.18,74593.4478218465,-3.3120936172142956,6.35515682911005e-63,1.5204924552206767e-60,ENSG00000075218.18
ENSG00000087586.17,152016.23985846643,-3.3479230174751144,1.8310679813021072e-62,4.323247875853291e-60,ENSG00000087586.17
ENSG00000176438.12,128988.08894384508,2.9712880209221852,1.9296476051130708e-62,4.496830730668694e-60,ENSG00000176438.12
ENSG00000138640.14,173541.1928634324,2.3114659095594043,3.350058505821297e-62,7.706852542109917e-60,ENSG00000138640.14
ENSG00000172901.19,12461.974647790024,4.941572363806335,5.30721140061855e-62,1.2054759667430287e-59,ENSG00000172901.19
ENSG00000165810.16,96544.50914314845,4.172714231302412,9.594513985980602e-62,2.152049487055449e-59,ENSG00000165810.16
ENSG00000175445.14,699508.4384856483,4.666819762626651,1.0679048729496985e-61,2.365738893853011e-59,ENSG00000175445.14
ENSG00000213904.8,70102.97252721051,1.6857081925768975,1.4020593439505133e-61,3.0681162033960993e-59,ENSG00000213904.8
ENSG00000165474.5,236379.21007968124,-4.427439788535626,5.143464422725524e-61,1.1119798265227325e-58,ENSG00000165474.5
ENSG00000142945.12,169049.3812599479,-3.5913416149615833,5.6356011857855934e-61,1.203871758068294e-58,ENSG00000142945.12
ENSG00000122952.16,236020.18395243067,-2.664569193367427,5.971918368591378e-61,1.2607070965412196e-58,ENSG00000122952.16
ENSG00000148773.13,640495.9053700326,-3.441938436603313,1.127818493973171e-60,2.353206401843556e-58,ENSG00000148773.13
ENSG00000079435.9,325284.4346749789,4.462072227401416,1.2327371705307105e-60,2.5425558377015024e-58,ENSG00000079435.9
ENSG00000121691.4,614774.1500778011,2.0201668111734157,2.1694333164023954e-60,4.423671753355066e-58,ENSG00000121691.4
ENSG00000123243.14,281160.46931308054,3.942927402929131,2.2043960585897148e-60,4.44445875003751e-58,ENSG00000123243.14
ENSG00000134690.10,134403.21204636755,-3.1818271636505,4.3792713640992925e-60,8.731293928599745e-58,ENSG00000134690.10
ENSG00000164611.12,106415.25786470123,-3.225149991109795,4.7161467733025043e-60,9.299619527487927e-58,ENSG00000164611.12
ENSG00000144130.11,4785.026891746583,-3.378895161663445,1.270427118188052e-58,2.477885240083305e-56,ENSG00000144130.11
ENSG00000080986.12,94236.87961213611,-3.3508038216536167,1.748143392867083e-58,3.3729768861942947e-56,ENSG00000080986.12
ENSG00000075914.12,214835.20117384937,1.7136058091565551,2.5836043226733734e-58,4.931935741069256e-56,ENSG00000075914.12
ENSG00000167779.7,97249.97956849086,3.355912106463226,3.284429423007392e-58,6.203768585941541e-56,ENSG00000167779.7
ENSG00000130876.11,17687.449730393233,4.083906407157117,3.349131122406438e-58,6.260084256298034e-56,ENSG00000130876.11
ENSG00000167900.11,383843.4726973299,-3.2465914969270893,9.520025621891291e-58,1.7611065954558485e-55,ENSG00000167900.11
ENSG00000211445.11,976990.5234492883,4.047417597384779,1.1295652386674141e-57,2.0682570043518448e-55,ENSG00000211445.11
ENSG00000116678.19,132638.66073367253,2.888685253074524,1.1648319160826867e-57,2.1112872628472454e-55,ENSG00000116678.19
ENSG00000134057.14,303152.45265006926,-2.647264044247004,1.4110582481788072e-57,2.5320029205320516e-55,ENSG00000134057.14
ENSG00000196611.4,188993.70255002507,-6.650418194670591,1.841823374500938e-57,3.27224540911335e-55,ENSG00000196611.4
ENSG00000117399.13,208990.61520436226,-3.749208090862369,3.847012510252755e-57,6.767724753330925e-55,ENSG00000117399.13
ENSG00000205726.14,297146.47067139455,1.7815789137165223,1.1763397635807315e-56,2.049343758999286e-54,ENSG00000205726.14
ENSG00000157456.7,140982.83680977407,-3.2471929033494433,1.3277367477642835e-56,2.2908565578732985e-54,ENSG00000157456.7
ENSG00000172156.3,6672.110329607171,-4.179032526122,1.416738863079024e-56,2.421139253246667e-54,ENSG00000172156.3
ENSG00000138160.5,229383.6672717411,-2.6397395347270183,2.392951981461954e-56,4.0464523853955547e-54,ENSG00000138160.5
ENSG00000146670.9,168086.6490224898,-3.238498027663557,2.4128979337791145e-56,4.0464523853955547e-54,ENSG00000146670.9
ENSG00000155886.11,32369.001588099938,-4.821793334658365,3.2597027544308834e-56,5.41593576162109e-54,ENSG00000155886.11
ENSG00000206172.8,64899.684090818715,4.936585297901749,3.3097159192487905e-56,5.448581876605532e-54,ENSG00000206172.8
ENSG00000100526.19,57845.20431112441,-2.921607084901666,4.867266193402493e-56,7.93983859767403e-54,ENSG00000100526.19
ENSG00000170509.11,5797.847723367365,5.191944210420622,9.107326397813237e-56,1.4722690529942409e-53,ENSG00000170509.11
ENSG00000188536.12,123210.68414022675,4.910170654669671,1.0202098786605916e-55,1.634521969882648e-53,ENSG00000188536.12
ENSG00000024526.16,82830.57312782417,-3.5937825602477402,1.1996413892370342e-55,1.9049880609264906e-53,ENSG00000024526.16
ENSG00000035499.12,37116.869319657795,-3.097891614709633,1.2179002579019116e-55,1.9170177392799916e-53,ENSG00000035499.12
ENSG00000101447.14,120458.3045279202,-3.743322486702582,1.757817838372666e-55,2.7428072427616623e-53,ENSG00000101447.14
ENSG00000137807.13,166110.9621117641,-2.7836936460575394,2.855363519605801e-55,4.416951982397111e-53,ENSG00000137807.13
ENSG00000186871.6,44092.823455779755,-2.9364798451919856,3.708588454399941e-55,5.68777019023526e-53,ENSG00000186871.6
ENSG00000145708.10,5244.860667882239,3.726865742831114,5.17581388579647e-55,7.870746132773886e-53,ENSG00000145708.10
ENSG00000174059.16,514997.6663322364,2.1848832560682423,6.3727874320464486e-55,9.609520813499283e-53,ENSG00000174059.16
ENSG00000129173.12,36455.39017080736,-3.5105789937687732,7.103325389572145e-55,1.0621839232540214e-52,ENSG00000129173.12
ENSG00000111206.12,365151.5125586897,-3.4041863907349392,1.1969580190826118e-54,1.7750590656544122e-52,ENSG00000111206.12
ENSG00000099260.10,234866.17914022953,2.846168303928874,1.5037627738276642e-54,2.21176386996423e-52,ENSG00000099260.10
ENSG00000122729.18,356653.1904675023,1.939489822063707,1.5593556474566033e-54,2.274884368939942e-52,ENSG00000122729.18
ENSG00000198901.13,341430.08967331186,-2.771618105984681,2.3024303559712816e-54,3.331839540931345e-52,ENSG00000198901.13
ENSG00000165480.15,61503.643690293,-3.171322736425015,4.141372847873728e-54,5.945023550579694e-52,ENSG00000165480.15
ENSG00000083782.7,16578.28929166209,-5.740768090599927,4.6655900255630915e-54,6.644392652278104e-52,ENSG00000083782.7
ENSG00000113368.11,359580.4517819142,-2.509738564991708,5.121863229823229e-54,7.124551457050235e-52,ENSG00000113368.11
ENSG00000169258.6,60414.17657611443,-2.8735659312678723,5.0957634236872e-54,7.124551457050235e-52,ENSG00000169258.6
ENSG00000076382.16,234234.90337376005,-2.9016293815499052,5.049892270828979e-54,7.124551457050235e-52,ENSG00000076382.16
ENSG00000162073.13,362032.6403154068,-2.706941345878744,5.700055930048086e-54,7.86783104682945e-52,ENSG00000162073.13
ENSG00000263155.5,82491.23482598532,3.3432560894928876,6.530312366181139e-54,8.945032450286592e-52,ENSG00000263155.5
ENSG00000183010.16,689048.4076620844,-2.4089715683124435,6.767651835894505e-54,9.199904889643257e-52,ENSG00000183010.16
ENSG00000144908.13,50530.014399381245,5.093395437424688,9.030282277735712e-54,1.2183412420427792e-51,ENSG00000144908.13
ENSG00000154736.5,135380.5493021076,2.9999618552753127,9.59297606408335e-54,1.2845997201038183e-51,ENSG00000154736.5
ENSG00000171227.6,92411.29814844343,3.0074684055124954,9.702619327921202e-54,1.2896577868164299e-51,ENSG00000171227.6
ENSG00000105971.14,263409.6259593525,2.763024094010675,1.0094763538616318e-53,1.3319149774774354e-51,ENSG00000105971.14
ENSG00000123975.4,184701.30077301429,-2.6259622154832414,1.2283154849083582e-53,1.6088243110361737e-51,ENSG00000123975.4
ENSG00000164330.16,111714.29026254317,2.94482769136342,1.7400642414658183e-53,2.2625878803523654e-51,ENSG00000164330.16
ENSG00000187730.8,20825.169255466375,-3.1069781438801143,1.8845662995034411e-53,2.4328530703805572e-51,ENSG00000187730.8
ENSG00000178999.12,78570.27098490819,-3.568208149683567,1.969096202860949e-53,2.5238187331526337e-51,ENSG00000178999.12
ENSG00000079462.7,360776.69734317664,-2.415112509952106,2.416339129309253e-53,3.07509144229257e-51,ENSG00000079462.7
ENSG00000177234.7,2215.168767140875,-5.582311971766138,2.902732439222814e-53,3.6680725978460685e-51,ENSG00000177234.7
ENSG00000135476.11,108505.72787600137,-2.9196300266184974,2.978501205575525e-53,3.7115434467255016e-51,ENSG00000135476.11
ENSG00000124657.1,2466.680596319812,-5.021749231986002,2.9659287169221137e-53,3.7115434467255016e-51,ENSG00000124657.1
ENSG00000135424.15,160475.951821141,3.4876653029902815,5.360285836362838e-53,6.633446141220329e-51,ENSG00000135424.15
ENSG00000258725.1,57095.1015622173,-2.69545833145015,2.0093021523595857e-52,2.4695149193109867e-50,ENSG00000258725.1
ENSG00000165124.17,270896.74629157374,3.3914158857538137,2.2892823946401204e-52,2.794481856423287e-50,ENSG00000165124.17
ENSG00000149090.11,71421.60832272792,3.4921214513650223,3.415790140856691e-52,4.141414749157599e-50,ENSG00000149090.11
ENSG00000165410.14,116786.14275832707,1.7800896591228976,4.132416057390737e-52,4.976649243880495e-50,ENSG00000165410.14
ENSG00000137727.12,24810.940489016004,3.0075403347271834,4.855680917543252e-52,5.808689225626407e-50,ENSG00000137727.12
ENSG00000101057.15,337378.4352211752,-3.9817215263933177,7.557624911948017e-52,8.981061021191736e-50,ENSG00000101057.15
ENSG00000169744.12,110257.61237470715,2.197032407096385,8.096554377905216e-52,9.558195510337578e-50,ENSG00000169744.12
ENSG00000162407.8,456290.05707235757,1.9758109234677492,9.615298867826271e-52,1.1276923064331673e-49,ENSG00000162407.8
ENSG00000121152.9,95984.71632461969,-2.9593898154322003,1.3797675001065004e-51,1.6076979235007171e-49,ENSG00000121152.9
ENSG00000174804.3,484066.7710527194,2.4450816855122772,1.9102747478511912e-51,2.2114819403510822e-49,ENSG00000174804.3
ENSG00000180354.15,371413.44994990685,2.538389283889473,2.0232057536613025e-51,2.327205387416565e-49,ENSG00000180354.15
ENSG00000170262.12,38085.9228338046,2.3826104368233776,2.1875908489027967e-51,2.4845337300803983e-49,ENSG00000170262.12
ENSG00000163513.17,804867.7714829936,2.270956132642241,2.1876745951443543e-51,2.4845337300803983e-49,ENSG00000163513.17
ENSG00000179921.14,5947.766080425829,2.9514264784345405,2.5206417226229052e-51,2.8446789352670067e-49,ENSG00000179921.14
ENSG00000100162.14,47549.89886223739,-2.805885402468473,3.647971046601571e-51,4.091199528763662e-49,ENSG00000100162.14
ENSG00000164087.7,69722.5732953397,-2.0899071471030157,3.7653122026532523e-51,4.19656907853478e-49,ENSG00000164087.7
ENSG00000153902.13,21707.31078438921,2.6009595784865396,7.044904645753454e-51,7.803319071814813e-49,ENSG00000153902.13
ENSG00000118596.11,67124.7618087928,3.075417095090163,7.956886344907369e-51,8.759409114909069e-49,ENSG00000118596.11
ENSG00000124493.13,59622.02291333149,-5.667076841940351,9.96649283319893e-51,1.0904801670665952e-48,ENSG00000124493.13
ENSG00000162733.16,490300.51961688034,2.622586801519022,1.6233283277693e-50,1.765394152332868e-48,ENSG00000162733.16
ENSG00000171320.14,44141.067100169195,-2.851468965136821,1.814214133586358e-50,1.9610999044020246e-48,ENSG00000171320.14
ENSG00000198624.12,207936.52354539302,2.9344842031762632,2.0636090455629461e-50,2.217329384046797e-48,ENSG00000198624.12
ENSG00000111665.11,94270.55406623907,-2.983117058540602,2.1092816335971229e-50,2.2529136686468317e-48,ENSG00000111665.11
ENSG00000132170.19,101996.65233739975,3.2479806747939373,3.2274782852214933e-50,3.4268562337286666e-48,ENSG00000132170.19
ENSG00000010319.6,219546.80139078718,3.006500056560404,6.245110716163701e-50,6.591898040637732e-48,ENSG00000010319.6
ENSG00000227467.3,2732.1908209767016,3.9016702686031945,6.664451095593801e-50,6.993386576569308e-48,ENSG00000227467.3
ENSG00000143196.4,415511.3082981326,3.762757706197843,6.915964523852481e-50,7.21512019860517e-48,ENSG00000143196.4
ENSG00000104147.8,24632.308331953252,-2.4464336184914512,7.356869124947848e-50,7.630731767518161e-48,ENSG00000104147.8
ENSG00000138316.10,37138.115972670435,-3.215126393802314,9.021133709715587e-50,9.303173752134281e-48,ENSG00000138316.10
ENSG00000051180.16,56890.83903881682,-2.6065521034342494,1.097091914745432e-49,1.1249267038966874e-47,ENSG00000051180.16
ENSG00000170965.9,7016.253490505482,-4.684117822221037,1.3676783383844174e-49,1.3944102331801128e-47,ENSG00000170965.9
ENSG00000004776.12,271733.9288593607,4.3881007135932375,1.4353634828648619e-49,1.4551504144930555e-47,ENSG00000004776.12
ENSG00000127920.5,183253.65955983585,2.2846328502121085,2.9057261539660815e-49,2.929233152065582e-47,ENSG00000127920.5
ENSG00000105664.10,668528.8293615405,-4.202831321566117,3.0451993049341297e-49,3.052684711046817e-47,ENSG00000105664.10
ENSG00000188368.9,78966.632062719,-2.2668845970293185,4.236509560800479e-49,4.2233293088335436e-47,ENSG00000188368.9
ENSG00000093009.9,62049.551818825916,-3.082428339636749,5.9099866359053475e-49,5.859049734513015e-47,ENSG00000093009.9
ENSG00000168477.17,357330.83434500574,3.9399108261594034,6.241170659406455e-49,6.153382764417002e-47,ENSG00000168477.17
ENSG00000266964.5,32134.784143685833,3.8377018065185786,7.586926835186791e-49,7.439334160141627e-47,ENSG00000266964.5
ENSG00000124615.17,144372.2905939864,2.1522805555537707,7.756288098932499e-49,7.564067046045911e-47,ENSG00000124615.17
ENSG00000101003.9,107175.35378490757,-2.5152206696860793,1.1446798296757977e-48,1.1102775602001359e-46,ENSG00000101003.9
ENSG00000261742.5,5486.894606501412,-4.487732838808612,1.1645173825279476e-48,1.1234462318323382e-46,ENSG00000261742.5
ENSG00000106462.10,141580.98300949959,-2.3675884887082574,1.8688600218918867e-48,1.7933061087073804e-46,ENSG00000106462.10
ENSG00000213186.7,313853.5698835368,-1.7941659995087658,3.8270963624474524e-48,3.652841336582824e-46,ENSG00000213186.7
ENSG00000131386.17,112403.1125800913,3.4412174643165336,5.994401939466423e-48,5.691193037131507e-46,ENSG00000131386.17
ENSG00000173208.3,18410.89987576329,3.8759737133253176,6.15677966698029e-48,5.8145923339102275e-46,ENSG00000173208.3
ENSG00000258227.6,39644.23326248671,-3.299668505075882,7.858422532807676e-48,7.382802823492195e-46,ENSG00000258227.6
ENSG00000160161.9,91897.80381316658,-3.468545442273326,1.1243530832451312e-47,1.0508016523828454e-45,ENSG00000160161.9
ENSG00000092853.13,47872.96251425532,-3.0514976689275315,1.2069088091395306e-47,1.1221125218238206e-45,ENSG00000092853.13
ENSG00000152270.8,81779.90942444278,3.6866617673204156,1.900309634714657e-47,1.7576884580061755e-45,ENSG00000152270.8
ENSG00000165891.15,33606.358342394175,-3.268263621836287,2.2844786499042587e-47,2.1021889689170266e-45,ENSG00000165891.15
ENSG00000138778.11,118752.8783106119,-2.697677668345867,3.8592951165062386e-47,3.5332240597238747e-45,ENSG00000138778.11
ENSG00000164283.12,59299.246927042994,-2.866280676756308,9.50953775662462e-47,8.661885558622955e-45,ENSG00000164283.12
ENSG00000069122.18,267535.7963476266,2.018475868184775,2.035131200485085e-46,1.8259197130752183e-44,ENSG00000069122.18
ENSG00000101115.12,21358.96766992701,-3.164794920735211,2.0686526644764036e-46,1.8467613637494818e-44,ENSG00000101115.12
ENSG00000160957.12,165913.83212778022,-2.782891702011639,2.451027956490401e-46,2.1772893886764234e-44,ENSG00000160957.12
ENSG00000185010.13,137838.05062752112,1.8198337879086977,2.9068582519550814e-46,2.5694908607429545e-44,ENSG00000185010.13
ENSG00000175643.8,91964.25891325902,-2.5267435464308408,3.626727693530531e-46,3.1900981241525414e-44,ENSG00000175643.8
ENSG00000265972.5,4029638.7194463233,2.1100461597293876,3.9706014571007655e-46,3.458663715835735e-44,ENSG00000265972.5
ENSG00000169241.17,535560.6819675186,-1.8598783849086127,4.29974735959003e-46,3.7272785806996855e-44,ENSG00000169241.17
ENSG00000182782.7,25906.88584827546,3.307937734126134,5.9883731904064184e-46,5.16612348695446e-44,ENSG00000182782.7
ENSG00000112742.9,94840.71934675469,-3.0650870234722936,7.037689191108605e-46,6.042310758146067e-44,ENSG00000112742.9
ENSG00000169252.5,22335.76617251234,2.893902146417356,7.475536778606703e-46,6.387668188348508e-44,ENSG00000169252.5
ENSG00000124743.5,22316.23934865883,3.256968377894103,1.2088474573345202e-45,1.0280359608725416e-43,ENSG00000124743.5
ENSG00000172061.8,739862.6972518327,-3.5677524095816056,2.0919700033544184e-45,1.7706749877448908e-43,ENSG00000172061.8
ENSG00000154133.14,148864.4879510794,2.011690889892697,2.91122787330948e-45,2.441078175638566e-43,ENSG00000154133.14
ENSG00000114698.14,152522.4655789855,2.1407982641137204,3.302249722722793e-45,2.756072977885479e-43,ENSG00000114698.14
ENSG00000076706.16,832149.998983281,2.0675840997793333,6.231504789626415e-45,5.176764904863722e-43,ENSG00000076706.16
ENSG00000116016.13,1131837.570402035,1.9891289885588128,6.385775062006227e-45,5.2804768531170375e-43,ENSG00000116016.13
ENSG00000170373.8,137517.42796642607,-6.338882808314749,6.95271227916909e-45,5.722911428321566e-43,ENSG00000170373.8
ENSG00000101955.14,130086.57303062044,2.728266960521985,7.678474736450948e-45,6.291440669903005e-43,ENSG00000101955.14
ENSG00000132837.14,11699.159229347602,2.7329081911018873,8.081191810823243e-45,6.5913139024278305e-43,ENSG00000132837.14
ENSG00000189057.10,144322.17741893046,-2.9336734409598133,8.65210442383803e-45,7.025038994631204e-43,ENSG00000189057.10
ENSG00000042286.14,139843.72585137357,1.8281744862465805,8.841408948087864e-45,7.1464073047066955e-43,ENSG00000042286.14
ENSG00000013810.18,260408.26115578428,-2.3027845179589512,9.284793828923995e-45,7.47113634377633e-43,ENSG00000013810.18
ENSG00000157150.4,72920.59904305807,4.7981680135807725,1.3061578245923865e-44,1.0463257144859726e-42,ENSG00000157150.4
ENSG00000051341.13,51200.276135398686,-2.778979077860938,1.4211431006154073e-44,1.1333774132196831e-42,ENSG00000051341.13
ENSG00000119729.11,436606.81969662744,1.550281168618663,2.4009425940205934e-44,1.906305925093165e-42,ENSG00000119729.11
ENSG00000154258.16,60246.81791885492,3.660526005011341,2.7808194309556395e-44,2.1981948840999115e-42,ENSG00000154258.16
ENSG00000146410.11,23475.362075694666,-2.890202308328965,2.810130636926476e-44,2.2116221117986268e-42,ENSG00000146410.11
ENSG00000189129.13,46296.562935872214,3.3941190023924266,2.909972450876999e-44,2.2801985003727892e-42,ENSG00000189129.13
ENSG00000177363.4,22373.805629356582,3.569807219484388,3.01239285795743e-44,2.3501903236168752e-42,ENSG00000177363.4
ENSG00000171241.8,68898.55850267083,-2.6330090070396714,3.142962655728032e-44,2.441442506250381e-42,ENSG00000171241.8
ENSG00000163545.8,64217.60992404395,-2.144435842889103,8.506485518175932e-44,6.579326557678833e-42,ENSG00000163545.8
ENSG00000171914.16,268700.2910462791,1.8784634488213976,9.754787291149677e-44,7.512442195381536e-42,ENSG00000171914.16
ENSG00000187824.8,23979.96425244824,2.188616080357949,1.1729875166815722e-43,8.994909401424842e-42,ENSG00000187824.8
ENSG00000144031.11,6060.243021872381,2.7646811177232125,1.179656169860768e-43,9.007553324247499e-42,ENSG00000144031.11
ENSG00000135917.13,96769.05498433874,5.113496473225349,1.296409225303503e-43,9.857104719850025e-42,ENSG00000135917.13
ENSG00000277494.1,37948.076367152644,3.6788324381242026,2.9565223728091094e-43,2.229068800743137e-41,ENSG00000277494.1
ENSG00000136826.14,234317.25973780238,2.694684321551867,3.0269574019507976e-43,2.2726244192721803e-41,ENSG00000136826.14
ENSG00000108381.10,13875.987977080873,3.43827140121659,3.9313798929329096e-43,2.9271651783729515e-41,ENSG00000108381.10
ENSG00000108001.13,37875.18623197473,2.8191236414190692,3.92444223572482e-43,2.9271651783729515e-41,ENSG00000108001.13
ENSG00000163431.12,211549.02484697875,2.64126733685685,4.469876189331286e-43,3.3143577827008514e-41,ENSG00000163431.12
ENSG00000151725.11,152409.73712944056,-2.1560804933543203,6.0252793354847e-43,4.431049688358092e-41,ENSG00000151725.11
ENSG00000174871.10,27212.33976165123,-3.2223674837731275,6.190356442129995e-43,4.5338675917379844e-41,ENSG00000174871.10
ENSG00000108106.13,105066.14137728745,-2.5982857870114717,9.498708623007212e-43,6.92865152566022e-41,ENSG00000108106.13
ENSG00000169291.9,69596.17686853597,2.226898867402401,9.846948357668868e-43,7.153588717814177e-41,ENSG00000169291.9
ENSG00000267107.6,28106.683322759505,1.951708061009376,1.0561262022560376e-42,7.641584102129976e-41,ENSG00000267107.6
ENSG00000278023.5,5993.143685295729,-3.3115986931700183,1.0637656903639772e-42,7.665948412807714e-41,ENSG00000278023.5
ENSG00000165269.12,86644.94768197526,5.127832701938173,1.7661277105396808e-42,1.2676558255169612e-40,ENSG00000165269.12
ENSG00000137960.5,14602.990410285327,2.7880123613519614,1.817852304859729e-42,1.2995833369881665e-40,ENSG00000137960.5
ENSG00000101938.14,281094.6667932449,4.554818913068435,1.9008985812382713e-42,1.353560481815061e-40,ENSG00000101938.14
ENSG00000126218.11,15181.446982454752,2.7842395204189954,2.2442860970709747e-42,1.5917576966735798e-40,ENSG00000126218.11
ENSG00000187758.7,20879.278973354583,5.310835351661395,2.332204122544501e-42,1.6476012116117528e-40,ENSG00000187758.7
ENSG00000127955.15,110914.18719163256,2.4460718582783807,2.3549256232848457e-42,1.6571288385969911e-40,ENSG00000127955.15
ENSG00000131069.19,303150.3245363658,1.5647816133345143,2.377538218000288e-42,1.6665056946795768e-40,ENSG00000131069.19
ENSG00000121621.6,51522.11712260378,-2.5041619797190626,2.5564214279669582e-42,1.7849193036357624e-40,ENSG00000121621.6
ENSG00000122966.15,137673.8914931321,-2.1323520375411373,2.6439857176268958e-42,1.8389023146161636e-40,ENSG00000122966.15
ENSG00000101412.12,133067.4690871484,-2.7241124136078914,2.7292956158254717e-42,1.8909065841842573e-40,ENSG00000101412.12
ENSG00000197769.5,5662.051912227775,4.056591015323984,3.81533730511643e-42,2.633169715500355e-40,ENSG00000197769.5
ENSG00000132182.11,766357.4038303974,-1.9157085516580366,5.2341940148993736e-42,3.5985585212013163e-40,ENSG00000132182.11
ENSG00000115414.18,27213434.77339942,-2.838042845180744,6.602119879932748e-42,4.521696149828749e-40,ENSG00000115414.18
ENSG00000146966.12,53063.317335797285,1.7419853500694078,6.849297717138782e-42,4.673148221914004e-40,ENSG00000146966.12
ENSG00000024422.11,678090.2287994451,1.958015751516027,8.330928053082386e-42,5.652131711667667e-40,ENSG00000024422.11
ENSG00000170369.3,19792.104511935064,-4.9452103467996364,8.347162859963953e-42,5.652131711667667e-40,ENSG00000170369.3
ENSG00000065328.16,85749.30261296302,-3.2170159085770296,8.445363817161012e-42,5.697128132899895e-40,ENSG00000065328.16
ENSG00000184347.14,426836.6898636787,2.520550530808004,9.05956682162169e-42,6.088571799519836e-40,ENSG00000184347.14
ENSG00000086717.18,16411.033487562152,-2.9024033292656175,1.0467412149778883e-41,7.008479239389265e-40,ENSG00000086717.18
ENSG00000215784.5,17838.38676244087,-2.9312497092280565,1.159637396905967e-41,7.735514293710288e-40,ENSG00000215784.5
ENSG00000145386.9,158891.24552225383,-2.4595683138351756,1.9864888050837082e-41,1.3202057451267428e-39,ENSG00000145386.9
ENSG00000184661.13,61444.964219386944,-3.198055430064457,2.0003855608217898e-41,1.3245357381323319e-39,ENSG00000184661.13
ENSG00000109805.9,142658.51554429875,-2.319161715900068,2.4067267605775345e-41,1.587731801169238e-39,ENSG00000109805.9
ENSG00000166819.11,706026.4697286162,5.2748101570232695,2.698857903745911e-41,1.7739306309456638e-39,ENSG00000166819.11
ENSG00000162063.12,178831.92208429094,-1.8107632397619249,3.1093703923231613e-41,2.0362971649579127e-39,ENSG00000162063.12
ENSG00000081377.16,104451.99294165871,1.6806932754420445,3.161742882705932e-41,2.063065974082736e-39,ENSG00000081377.16
ENSG00000132840.9,33511.11995547232,3.1412834807253738,3.285713671947404e-41,2.1361900771530515e-39,ENSG00000132840.9
ENSG00000166947.11,9707.444588748385,2.337218191459487,3.966996044102879e-41,2.5698114445986302e-39,ENSG00000166947.11
ENSG00000085999.11,60988.40383568316,-2.425688112202645,4.0088251399000293e-41,2.587566845696623e-39,ENSG00000085999.11
ENSG00000188322.4,230696.44097710197,-2.4149035753958645,5.309317542271049e-41,3.402514070661133e-39,ENSG00000188322.4
ENSG00000173269.13,256535.79849197876,1.990389123422192,6.064779890497532e-41,3.87282599128426e-39,ENSG00000173269.13
ENSG00000073712.14,359174.4846534208,1.843182004096888,6.352417290216201e-41,4.0421197111928904e-39,ENSG00000073712.14
ENSG00000167588.12,425188.13165402424,5.128461062063171,7.901669243258953e-41,5.010160879895359e-39,ENSG00000167588.12
ENSG00000182492.15,4136247.976612942,-2.302128636481277,9.988261701184458e-41,6.310893238241335e-39,ENSG00000182492.15
ENSG00000163297.16,265270.05692816514,1.8700041914595615,1.5866982956927867e-40,9.95514483143754e-39,ENSG00000163297.16
ENSG00000094804.9,175107.51493989222,-3.1478311281139035,1.6917713279163777e-40,1.0577402337328042e-38,ENSG00000094804.9
ENSG00000069011.15,185022.6440141937,-3.8931953947437017,1.719092618702349e-40,1.0710902065970469e-38,ENSG00000069011.15
ENSG00000161800.12,283728.6095408399,-2.0373430401534645,1.7874803733505179e-40,1.1098459453080171e-38,ENSG00000161800.12
ENSG00000147434.8,4508.986075559399,-4.354615911750667,1.8781336272971458e-40,1.1621113726972408e-38,ENSG00000147434.8
ENSG00000110799.13,1340855.5194442412,2.1881358312545265,1.9114098116330384e-40,1.1786370329877403e-38,ENSG00000110799.13
ENSG00000198937.8,92599.02723192252,-1.8752447209806118,3.2436720461205718e-40,1.9877463131194064e-38,ENSG00000198937.8
ENSG00000103888.16,122372.50955174974,-3.478930769128005,3.245707031564791e-40,1.9877463131194064e-38,ENSG00000103888.16
ENSG00000127588.4,5068.748430801756,-4.651838994383754,5.220535916700124e-40,3.186302601675749e-38,ENSG00000127588.4
ENSG00000166250.11,251616.7056527246,2.327276615079523,6.960055827662112e-40,4.2336014159853874e-38,ENSG00000166250.11
ENSG00000161649.12,60815.20918524037,5.280301056396584,9.872864159835793e-40,5.985090354192347e-38,ENSG00000161649.12
ENSG00000186469.8,139093.825750285,2.0934994571316072,1.0493638632363588e-39,6.318719852991014e-38,ENSG00000186469.8
ENSG00000178531.5,130384.10194237484,-2.738927358320422,1.1155871521153096e-39,6.695015336975624e-38,ENSG00000178531.5
ENSG00000179603.17,5066.945653304616,-3.3523773116350384,1.1524216433270391e-39,6.893017989286797e-38,ENSG00000179603.17
ENSG00000167676.4,1302387.4864937975,4.999064888603821,1.2957689143805191e-39,7.724676876958152e-38,ENSG00000167676.4
ENSG00000163710.7,100355.8799584751,4.674974389476821,1.6397024331740012e-39,9.74265578174645e-38,ENSG00000163710.7
ENSG00000120279.6,67125.14729705702,2.0103283889400267,2.0395803053680568e-39,1.2038891118264609e-37,ENSG00000120279.6
ENSG00000170276.5,28847.919415711658,2.6877614189048704,2.312534202435718e-39,1.360528318967427e-37,ENSG00000170276.5
ENSG00000004799.7,511323.00780457247,3.4974216694059077,2.326330946029912e-39,1.3641726305738804e-37,ENSG00000004799.7
ENSG00000107731.12,445113.9989643071,-2.033579942432757,2.6515774739159698e-39,1.549834077913621e-37,ENSG00000107731.12
ENSG00000119865.8,58889.443056652715,1.9091401337247313,2.8759529338683543e-39,1.6755227092640829e-37,ENSG00000119865.8
ENSG00000171596.6,7174.984025345547,3.461204182148022,4.8531406245286395e-39,2.8182768727036213e-37,ENSG00000171596.6
ENSG00000154263.17,21230.47710703972,3.45970269366843,6.249053646282622e-39,3.6171941493192053e-37,ENSG00000154263.17
ENSG00000147251.15,152532.1325715772,2.301084605969469,6.974412723807786e-39,4.011181471666888e-37,ENSG00000147251.15
ENSG00000121211.7,22163.6406999082,-2.779359145746566,9.681513364704359e-39,5.5503219110624604e-37,ENSG00000121211.7
ENSG00000067113.16,307469.2984221182,1.610241166408739,9.990029461332052e-39,5.708951867966317e-37,ENSG00000067113.16
ENSG00000118804.8,164355.64757453752,1.9083467234035838,1.0643246342926877e-38,6.062933726269202e-37,ENSG00000118804.8
ENSG00000215483.9,5068.595742956961,3.4532069285897196,1.1237502767458352e-38,6.381194609470654e-37,ENSG00000215483.9
ENSG00000197472.14,21600.18731434922,-3.331420886730856,1.1693894386533605e-38,6.619408229399338e-37,ENSG00000197472.14
ENSG00000102384.13,36791.272947944446,-2.3936031238892737,1.2397102736285572e-38,6.995396588047431e-37,ENSG00000102384.13
ENSG00000154721.14,119026.44999402779,2.1043732393325216,1.46443672335267e-38,8.237571336627056e-37,ENSG00000154721.14
ENSG00000164109.13,134767.8673911578,-2.227530987644698,1.491341582162927e-38,8.362697921978614e-37,ENSG00000164109.13
ENSG00000123689.5,164420.58412754175,4.001677171408878,1.547831592196738e-38,8.652426819432482e-37,ENSG00000123689.5
ENSG00000005249.12,440684.8601644155,2.5427779148019236,1.6278080454219115e-38,9.07123837486049e-37,ENSG00000005249.12
ENSG00000112964.13,183916.23459245838,3.0305615934539936,1.7151170683506196e-38,9.528192159282823e-37,ENSG00000112964.13
ENSG00000156509.13,6739.58496175478,-2.586277263282984,1.7488937471811717e-38,9.685848580067575e-37,ENSG00000156509.13
ENSG00000135218.17,1273125.7425566865,4.139828342114036,1.8160297542461382e-38,1.002671935698237e-36,ENSG00000135218.17
ENSG00000189367.14,23917.01692529608,3.0058499308885014,1.8269189345311538e-38,1.005589980405737e-36,ENSG00000189367.14
ENSG00000053254.15,421495.14031258563,1.5686282159068548,2.107552919043095e-38,1.1529856579057713e-36,ENSG00000053254.15
ENSG00000101280.7,4591.816252704745,3.646570838551982,2.1289753000326182e-38,1.1611651302062402e-36,ENSG00000101280.7
ENSG00000069431.11,93174.69984670426,2.3690330053190216,3.522482500808249e-38,1.9153765452879765e-36,ENSG00000069431.11
ENSG00000077157.21,383417.8877839139,1.8332964408514965,3.544872515146573e-38,1.921727867425683e-36,ENSG00000077157.21
ENSG00000151468.10,178208.41321835987,2.6976955143147734,3.748241484475002e-38,2.0258567830548023e-36,ENSG00000151468.10
ENSG00000104888.9,7465.5169100423145,2.9115938246998625,4.102072714267523e-38,2.2104382217662592e-36,ENSG00000104888.9
ENSG00000072163.19,136741.10363876354,2.062033873937285,4.267037880264223e-38,2.2924469378281803e-36,ENSG00000072163.19
ENSG00000157617.16,263619.12650800805,1.7455760111656753,5.25448806128876e-38,2.8145233961721044e-36,ENSG00000157617.16
ENSG00000141338.13,99377.25003722466,3.9134198707358037,5.526830610005134e-38,2.9515907281527416e-36,ENSG00000141338.13
ENSG00000104889.5,185221.3272408731,-1.7997694703990184,6.45337267916045e-38,3.426015365528257e-36,ENSG00000104889.5
ENSG00000198844.10,100073.83637505054,1.9832652733054226,7.505444945996701e-38,3.972793631591882e-36,ENSG00000198844.10
ENSG00000182118.7,49344.57176184633,2.695347001977435,8.78161737608382e-38,4.634627711660237e-36,ENSG00000182118.7
ENSG00000133116.7,15808.944354962614,2.658697305187576,9.135479964011881e-38,4.8072449405932315e-36,ENSG00000133116.7
ENSG00000263513.5,22016.985008453157,-2.780401643438674,9.557216577250866e-38,5.014464744508466e-36,ENSG00000263513.5
ENSG00000165092.12,196866.07897554766,2.7079119485606333,1.0170611395009013e-37,5.3207420079312466e-36,ENSG00000165092.12
ENSG00000131650.13,22070.32867917288,-3.901492104889455,1.2550509922918764e-37,6.546696222582973e-36,ENSG00000131650.13
ENSG00000101441.4,29590.678061384362,-6.135716748714734,1.2927170686450435e-37,6.723627559352655e-36,ENSG00000101441.4
ENSG00000111275.12,880897.4978245124,2.382006178523519,1.9192552982295664e-37,9.953502043766282e-36,ENSG00000111275.12
ENSG00000168079.16,78829.34938902539,5.086059036836218,2.2874007277208253e-37,1.182856445481916e-35,ENSG00000168079.16
ENSG00000106327.12,20705.66688484462,-3.3308628315088686,2.3526431437282496e-37,1.2130985221568884e-35,ENSG00000106327.12
ENSG00000133466.13,246738.3979656142,-2.038932545347729,2.592300978423224e-37,1.3328438039205252e-35,ENSG00000133466.13
ENSG00000071539.13,120918.76960813541,-2.5686766871090083,2.6579387688286275e-37,1.3626872362245968e-35,ENSG00000071539.13
ENSG00000042445.13,733690.1918145233,1.595645118835194,2.7632895498340813e-37,1.4086496500631463e-35,ENSG00000042445.13
ENSG00000162004.16,40175.36284315272,-3.39113019280838,2.87364432112972e-37,1.46075562884849e-35,ENSG00000162004.16
ENSG00000129596.4,51072.829519312436,3.574452258255707,3.0868602197373334e-37,1.562044621536246e-35,ENSG00000129596.4
ENSG00000272414.5,170796.48694253204,1.822407031087528,3.090313423123982e-37,1.562044621536246e-35,ENSG00000272414.5
ENSG00000123473.15,107351.49509624891,-2.2005344394661748,4.0702898652512145e-37,2.0458622224668849e-35,ENSG00000123473.15
ENSG00000261371.5,1152528.675649529,1.7353847481026288,4.083266101666634e-37,2.0466515901761474e-35,ENSG00000261371.5
ENSG00000074276.10,5312.613624236127,-2.3026342620109337,4.766008092552985e-37,2.3822074989629735e-35,ENSG00000074276.10
ENSG00000029993.14,453244.4917318227,-2.412782915853887,5.134804454146134e-37,2.559414753477728e-35,ENSG00000029993.14
ENSG00000162618.13,203087.54549539875,1.8406935452976165,7.14058346806212e-37,3.5493249238478306e-35,ENSG00000162618.13
ENSG00000145681.10,19792.651179576547,-4.71983623794827,9.626420384911356e-37,4.7717261709074413e-35,ENSG00000145681.10
ENSG00000175305.17,124199.62368733103,-2.271204845300473,1.2022241560886099e-36,5.94289538756309e-35,ENSG00000175305.17
ENSG00000168874.12,26902.455743194572,3.3342366243251846,1.2664192781007205e-36,6.24302954017564e-35,ENSG00000168874.12
ENSG00000111602.11,299801.591303491,-1.565444363310579,1.3422391889923643e-36,6.598668495144927e-35,ENSG00000111602.11
ENSG00000114346.13,344505.5129420817,-1.9295527050401011,1.501964500755311e-36,7.363729781845164e-35,ENSG00000114346.13
ENSG00000124507.10,26380.850967240473,-2.6019236634875336,2.5972136602053522e-36,1.2664239651827401e-34,ENSG00000124507.10
ENSG00000158571.10,14288.864762950865,3.3078367566421503,2.771053462312161e-36,1.3475280034615018e-34,ENSG00000158571.10
ENSG00000157510.13,81405.03551950565,1.6572671796718066,3.41382148667091e-36,1.6556111555898055e-34,ENSG00000157510.13
ENSG00000111247.14,75884.31290140738,-2.4652854689524797,3.669315098375173e-36,1.7699513474527985e-34,ENSG00000111247.14
ENSG00000183145.8,17168.736595985105,-3.311232817725375,3.667509455662559e-36,1.7699513474527985e-34,ENSG00000183145.8
ENSG00000163884.3,22143.57619271904,3.277451317982693,3.6865916759565114e-36,1.7735174539775775e-34,ENSG00000163884.3
ENSG00000154240.16,45814.67206444063,1.7654964875133878,6.04454470126532e-36,2.900088505869115e-34,ENSG00000154240.16
ENSG00000135046.13,1116131.6582301164,2.3346076015278077,7.03096139212117e-36,3.3643618992059276e-34,ENSG00000135046.13
ENSG00000160949.16,138136.04116993185,-2.1992076830386442,1.0904217514528856e-35,5.2038638053379196e-34,ENSG00000160949.16
ENSG00000139112.10,292571.7036680457,1.5637188792700139,1.19670322600187e-35,5.695926442275214e-34,ENSG00000139112.10
ENSG00000150907.7,212023.6964671587,1.8077961688224051,1.3062392672499574e-35,6.2008352940564115e-34,ENSG00000150907.7
ENSG00000104549.11,579823.2239793444,-2.270507996271663,1.3764147891826457e-35,6.499575520287736e-34,ENSG00000104549.11
ENSG00000182481.8,947371.2473887923,-2.2239976364602274,1.499111669456911e-35,7.041900470349427e-34,ENSG00000182481.8
ENSG00000188610.12,22819.76778089572,-2.5713285037011713,1.8037941770255021e-35,8.428979873058752e-34,ENSG00000188610.12
ENSG00000130173.13,8738.908574929423,1.8490512514468904,1.9878011209112757e-35,9.264702159384917e-34,ENSG00000130173.13
ENSG00000174697.4,215688.3609696138,6.113259191861959,2.499743655108801e-35,1.162056998633998e-33,ENSG00000174697.4
ENSG00000168917.8,28371.473779723136,1.6704591920918024,3.9886479718193583e-35,1.844646886760994e-33,ENSG00000168917.8
ENSG00000133401.15,207797.4102379207,2.5123844468804157,4.263575816301695e-35,1.9667250500698614e-33,ENSG00000133401.15
ENSG00000122547.10,73311.4557301505,1.6206373457660652,4.484827822898611e-35,2.063480780874171e-33,ENSG00000122547.10
ENSG00000179546.4,6362.658061825145,-3.7989041126158303,4.857628028164572e-35,2.2236040137088033e-33,ENSG00000179546.4
ENSG00000135144.7,44188.70205736498,2.458864870686346,5.406594977859152e-35,2.468598989381797e-33,ENSG00000135144.7
ENSG00000139734.17,66498.97726214652,-2.488464027151141,5.462537431348217e-35,2.4878114636576756e-33,ENSG00000139734.17
ENSG00000151726.13,919160.2936434399,2.4830222790162764,6.120419583871347e-35,2.7803749117212014e-33,ENSG00000151726.13
ENSG00000115718.17,4514.334834641383,-2.621604100707149,6.548761765142626e-35,2.9674490180232145e-33,ENSG00000115718.17
ENSG00000134531.9,1260447.420681331,1.9419324392443056,7.960489711892081e-35,3.5890207886982795e-33,ENSG00000134531.9
ENSG00000161281.10,46427.75606130032,2.424713434158292,9.216794843751651e-35,4.1450167086786875e-33,ENSG00000161281.10
ENSG00000091651.8,44540.795215894075,-2.531765518249512,9.386831150431193e-35,4.2109324540834327e-33,ENSG00000091651.8
ENSG00000113594.9,315402.55993482587,2.4653508964794093,9.496836662363149e-35,4.2496567847741734e-33,ENSG00000113594.9
ENSG00000113580.14,403392.6628957101,1.6737750150163553,1.1157091514467646e-34,4.967812658451797e-33,ENSG00000113580.14
ENSG00000034971.16,15903.956771011284,7.545974457084211,1.1885485748683944e-34,5.2790385216431856e-33,ENSG00000034971.16
ENSG00000164035.9,119570.85163112367,2.0316165127673638,1.1966399163844538e-34,5.3018534961981826e-33,ENSG00000164035.9
ENSG00000221866.9,104801.61457246903,3.1176470811674424,1.232815975325455e-34,5.4486822318325033e-33,ENSG00000221866.9
ENSG00000163827.12,6312.590659001343,2.8954755653833546,1.325238459613978e-34,5.8427712332464914e-33,ENSG00000163827.12
ENSG00000189134.3,2904.9771833886634,2.5532913016215373,1.8189240192343355e-34,7.98367100184767e-33,ENSG00000189134.3
ENSG00000092445.11,85985.55202067083,2.077984739891792,1.8197288451603304e-34,7.98367100184767e-33,ENSG00000092445.11
ENSG00000138207.13,156569.64500875032,4.619440990603413,2.4765368633679987e-34,1.0838774994213504e-32,ENSG00000138207.13
ENSG00000179776.17,315555.4211306209,1.7155780777974396,2.711910517653282e-34,1.1840029763691118e-32,ENSG00000179776.17
ENSG00000167964.12,52515.93485271252,-2.9452576738643605,3.070526300630199e-34,1.3373185421968032e-32,ENSG00000167964.12
ENSG00000198848.12,137538.25229928776,3.778248530981299,3.914069856578407e-34,1.6923872170227212e-32,ENSG00000198848.12
ENSG00000123219.12,32338.297440227834,-1.989398038556841,4.0174765514388415e-34,1.7329230586302542e-32,ENSG00000123219.12
ENSG00000180914.10,189886.21231204882,3.8390292923577602,4.57303813167846e-34,1.9678320440009184e-32,ENSG00000180914.10
ENSG00000131187.9,46231.02828522342,-2.6779337896615716,5.705458647386358e-34,2.449252391595713e-32,ENSG00000131187.9
ENSG00000154856.12,155485.42094453555,2.2331413486513196,6.122726558078023e-34,2.6221051398126976e-32,ENSG00000154856.12
ENSG00000170323.8,1167271.7744330857,4.9761452105072905,6.396818263632575e-34,2.732964450538641e-32,ENSG00000170323.8
ENSG00000171992.12,554341.6219561187,1.7380725607448044,1.1843501759862022e-33,5.036014113245595e-32,ENSG00000171992.12
ENSG00000258947.6,283459.42897962045,-3.405490094569663,1.2096917586292324e-33,5.131609673012517e-32,ENSG00000258947.6
ENSG00000115163.14,56940.52351195366,-2.251207638632916,1.2317793848384051e-33,5.212983321118005e-32,ENSG00000115163.14
ENSG00000117407.16,23407.84547249499,-3.1558100034820615,1.7906480225780704e-33,7.524915249915901e-32,ENSG00000117407.16
ENSG00000157554.18,107529.54334276571,1.7478512783065498,1.824071419027873e-33,7.647462042765457e-32,ENSG00000157554.18
ENSG00000144485.10,49696.93755168503,-2.7948019198863343,2.105874701709726e-33,8.787864104064959e-32,ENSG00000144485.10
ENSG00000186105.7,16188.949489384964,2.010959640154277,2.1443604850847874e-33,8.9277040706175e-32,ENSG00000186105.7
ENSG00000160606.10,72744.4150370111,-2.28576301985755,2.2497181988473946e-33,9.344662814842048e-32,ENSG00000160606.10
ENSG00000141582.14,306807.32788536395,-1.680786591750591,2.3020839925746362e-33,9.540091261607223e-32,ENSG00000141582.14
ENSG00000245848.2,227960.37000968776,2.2033234211251727,2.617596982944063e-33,1.0797737991252473e-31,ENSG00000245848.2
ENSG00000249751.3,74037.52634153957,1.8558683189688958,2.7033083441515734e-33,1.1125725900792622e-31,ENSG00000249751.3
ENSG00000187800.13,55726.955111662945,2.0452398574496353,2.8497201389219298e-33,1.1701459536113296e-31,ENSG00000187800.13
ENSG00000167513.8,98717.60391233308,-2.559066520994322,2.9787573486776447e-33,1.2203383987367958e-31,ENSG00000167513.8
ENSG00000068489.12,104085.64103601055,-2.7059169258851963,3.337462392458718e-33,1.3610778447790736e-31,ENSG00000068489.12
ENSG00000128564.6,6896.714454378069,-5.026519909221655,3.637930446417991e-33,1.4802499757488532e-31,ENSG00000128564.6
ENSG00000170989.8,176854.8430693395,2.0741249795475367,3.856595034160555e-33,1.5656728799316064e-31,ENSG00000170989.8
ENSG00000154262.12,58929.38386138277,2.800274416308561,3.953339369915775e-33,1.6013255452317982e-31,ENSG00000154262.12
ENSG00000111077.17,546401.2407658388,1.6562866623427595,4.383145079857608e-33,1.7714224169586693e-31,ENSG00000111077.17
ENSG00000144642.21,119240.15541286363,2.1740011310809813,4.889495405049399e-33,1.9716203493978972e-31,ENSG00000144642.21
ENSG00000132026.13,5586.213680883991,-5.683530804451337,5.4908798019101896e-33,2.2091557660420727e-31,ENSG00000132026.13
ENSG00000137463.4,2880.5704618650816,2.35445530611814,5.538403315351259e-33,2.223291031111029e-31,ENSG00000137463.4
ENSG00000100479.12,35340.862161461744,-1.6773864388356734,5.553956574502005e-33,2.2245579636799997e-31,ENSG00000100479.12
ENSG00000106689.10,4273.616662844161,-4.534366341958285,6.557657934408202e-33,2.6207263691541376e-31,ENSG00000106689.10
ENSG00000136960.12,292937.03474742913,2.7196584657704794,6.605751834141672e-33,2.6340802424852923e-31,ENSG00000136960.12
ENSG00000134222.16,66361.84637623215,-1.9616374790298161,6.910841744030872e-33,2.749626258423281e-31,ENSG00000134222.16
ENSG00000135447.16,149159.15555407607,3.7454692319707386,7.219031087902477e-33,2.865891456666417e-31,ENSG00000135447.16
ENSG00000178695.5,677448.5061600786,1.6821780719278578,7.759693874025327e-33,3.0737295116006726e-31,ENSG00000178695.5
ENSG00000136492.8,70392.84507660939,-2.326427351536014,8.82157727811455e-33,3.486660411420429e-31,ENSG00000136492.8
ENSG00000171115.3,99213.41185586384,1.8646319646097531,8.922442914723603e-33,3.5187761683912165e-31,ENSG00000171115.3
ENSG00000177732.8,307779.336958293,-1.699900615482824,1.1072205525722542e-32,4.357009998981695e-31,ENSG00000177732.8
ENSG00000107562.16,832814.0466242405,2.1408590721765366,1.1325817339354416e-32,4.4470561561788975e-31,ENSG00000107562.16
ENSG00000187288.10,197343.63221315335,5.29366417445382,1.1517438177184101e-32,4.512421629943046e-31,ENSG00000187288.10
ENSG00000131153.8,114840.32000064281,-2.2094503556505423,1.316281714265001e-32,5.14582986509176e-31,ENSG00000131153.8
ENSG00000131016.16,317582.62280557543,2.6012021004220096,1.351109743579453e-32,5.2705028779977615e-31,ENSG00000131016.16
ENSG00000120156.20,92250.38077114525,1.9609393848680687,1.637515418027475e-32,6.3738778006692e-31,ENSG00000120156.20
ENSG00000183807.7,4795.92613235621,2.3106903769749816,1.691479385468091e-32,6.569676643471737e-31,ENSG00000183807.7
ENSG00000128918.14,27028.046368065206,2.8523248056052704,1.7471904587486844e-32,6.7714007757638e-31,ENSG00000128918.14
ENSG00000009950.15,31287.579259060876,3.5647941788705544,1.8541946016885615e-32,7.170618088943867e-31,ENSG00000009950.15
ENSG00000116690.12,99710.53019571642,2.480213910313307,2.0675519846580303e-32,7.961406182983627e-31,ENSG00000116690.12
ENSG00000164879.6,22992.210052441667,3.5784635566503753,2.10261336720641e-32,8.079078000246644e-31,ENSG00000164879.6
ENSG00000198826.10,127671.94697562532,-2.0858892428637557,2.1691985966208438e-32,8.317115302941115e-31,ENSG00000198826.10
ENSG00000125869.9,88866.02774372227,-2.970400170881257,2.770666280421597e-32,1.0600604634517087e-30,ENSG00000125869.9
ENSG00000147799.11,147606.02883219128,-1.6535571768008794,3.0340383208996355e-32,1.1583570985153843e-30,ENSG00000147799.11
ENSG00000136114.15,38878.2431204539,1.5109278657784022,3.6489438395839116e-32,1.3901623833862783e-30,ENSG00000136114.15
ENSG00000184500.14,162330.8467429881,1.9960290978805,3.7616792982001575e-32,1.4300757060784667e-30,ENSG00000184500.14
ENSG00000186193.8,145801.31383554425,-2.2811729171220003,3.858971551304168e-32,1.4639616388287949e-30,ENSG00000186193.8
ENSG00000177666.16,859281.1345481478,1.8065895403540078,4.0659440483867835e-32,1.5392257384863385e-30,ENSG00000177666.16
ENSG00000162367.11,20064.906011604675,1.9481804573684556,4.483121300066346e-32,1.6935816549134846e-30,ENSG00000162367.11
ENSG00000090006.17,347275.72233498434,1.8884092850299312,4.752536985676994e-32,1.791586631743445e-30,ENSG00000090006.17
ENSG00000103522.15,42984.49484681055,-2.7215077794541154,5.063463348472485e-32,1.904796359014471e-30,ENSG00000103522.15
ENSG00000168237.17,26126.4796171862,1.8361453346372414,5.512557356590029e-32,2.0694001926077716e-30,ENSG00000168237.17
ENSG00000105048.16,145904.22730214108,-4.334353630541733,5.583514802892687e-32,2.0873039504813826e-30,ENSG00000105048.16
ENSG00000130307.11,18370.158644915395,1.9869054759523608,6.364375826473585e-32,2.3742694351401666e-30,ENSG00000130307.11
ENSG00000156298.12,105331.53743870692,2.5269063591162024,6.43160160271294e-32,2.394370521972635e-30,ENSG00000156298.12
ENSG00000130176.7,215084.91348560658,3.024366058924299,7.073241412355157e-32,2.6223604112252257e-30,ENSG00000130176.7
ENSG00000103647.12,27867.517884110013,2.2300045757645743,7.33072748053578e-32,2.7122180187780212e-30,ENSG00000103647.12
ENSG00000151651.15,128232.74900217079,-2.271119885756844,7.709881064428356e-32,2.8466276917716547e-30,ENSG00000151651.15
ENSG00000255398.2,12660.355598399145,2.350056497479308,9.421023001796382e-32,3.464156490660539e-30,ENSG00000255398.2
ENSG00000221955.10,128348.41113585011,-1.5859760202825859,1.0013900906396224e-31,3.666112444428028e-30,ENSG00000221955.10
ENSG00000103253.17,88639.20555624877,-2.0438271428464665,1.1081524797064103e-31,4.0416032715145986e-30,ENSG00000103253.17
ENSG00000143367.15,347362.38155970885,-1.5565231669961266,1.114874398658406e-31,4.057871442094611e-30,ENSG00000143367.15
ENSG00000127329.15,226454.81680158907,1.9368038914238335,1.171589752926583e-31,4.247072025558506e-30,ENSG00000127329.15
ENSG00000135119.14,36917.03186389762,-2.072180709111618,1.1693435998237647e-31,4.247072025558506e-30,ENSG00000135119.14
ENSG00000240654.6,3981.3771580322177,2.5591435605076147,1.178934106917086e-31,4.2650793577661684e-30,ENSG00000240654.6
ENSG00000113810.15,603850.7704181634,-1.6466104079442212,1.1983958653992664e-31,4.3267636637272505e-30,ENSG00000113810.15
ENSG00000198478.7,131980.57705085853,1.9685751138812242,1.2264124864303302e-31,4.41902523223009e-30,ENSG00000198478.7
ENSG00000196549.10,303349.3740899297,3.0996255211289556,1.2560404360173347e-31,4.5167113394579264e-30,ENSG00000196549.10
ENSG00000142731.10,66827.2811505477,-1.8224973696915048,1.2585945508882056e-31,4.516844124227592e-30,ENSG00000142731.10
ENSG00000250218.1,894.5787618339399,4.445223137565601,1.3712431030618295e-31,4.9015112034544756e-30,ENSG00000250218.1
ENSG00000267272.5,35685.69905836056,2.5785087424045603,1.3783927425038313e-31,4.917272240852634e-30,ENSG00000267272.5
ENSG00000177098.8,72450.09602925935,2.5142184420231923,1.3916697785791518e-31,4.9449747538265945e-30,ENSG00000177098.8
ENSG00000198947.15,157818.52296474224,2.776631077692883,1.547925966524387e-31,5.489324810931542e-30,ENSG00000198947.15
ENSG00000196550.10,26066.677282323028,-2.3239790178333912,1.7766617193141104e-31,6.288050866148402e-30,ENSG00000196550.10
ENSG00000259954.1,16452.635772057554,-2.599042627232548,1.8084813043602432e-31,6.388068607370119e-30,ENSG00000259954.1
ENSG00000053438.8,18136.511536916154,3.371738663131029,1.861149681846352e-31,6.548327429617832e-30,ENSG00000053438.8
ENSG00000085840.12,39823.16261269649,-2.368805351945571,1.9016929708404357e-31,6.677882322653772e-30,ENSG00000085840.12
ENSG00000122707.11,112621.02951870133,1.8021782328920617,1.9897140540282262e-31,6.973325973727049e-30,ENSG00000122707.11
ENSG00000241399.6,279353.55939065083,1.6450231289181254,2.0240313718575627e-31,7.079769773218733e-30,ENSG00000241399.6
ENSG00000073111.13,398092.7804053375,-1.9710029727595888,2.068633584285558e-31,7.20768175464467e-30,ENSG00000073111.13
ENSG00000124785.8,98514.29906914565,2.2766416053887513,2.2847222262565176e-31,7.945165819369564e-30,ENSG00000124785.8
ENSG00000138685.13,106172.75275901373,2.444390939462101,2.5565372033236552e-31,8.85608177151345e-30,ENSG00000138685.13
ENSG00000254389.3,29638.850887949895,-1.9269339971809354,2.8699500446399656e-31,9.903535307888374e-30,ENSG00000254389.3
ENSG00000197245.5,19033.808505789297,2.3920642792675553,3.0957850930513617e-31,1.0662335452920083e-29,ENSG00000197245.5
ENSG00000102010.14,10443.36024531859,2.7529494113760635,3.646861179635792e-31,1.2488411642630657e-29,ENSG00000102010.14
ENSG00000073350.13,541491.6886838408,-1.797862143024511,3.68091884589689e-31,1.258103005157596e-29,ENSG00000073350.13
ENSG00000254986.7,406082.4401267606,-1.534183581358026,4.162604098293269e-31,1.4173390500905963e-29,ENSG00000254986.7
ENSG00000137825.10,6632.701393645741,-3.2603975320277914,4.529665459516258e-31,1.5364899244907324e-29,ENSG00000137825.10
ENSG00000161888.11,67427.7327631183,-1.9698635312430182,4.602350038230989e-31,1.5581994167172994e-29,ENSG00000161888.11
ENSG00000151914.19,1637397.12607212,2.2039905050924773,4.666693290427995e-31,1.5740440677338336e-29,ENSG00000151914.19
ENSG00000153303.16,3984.975205022794,4.288089667386972,5.054957106012071e-31,1.7018039457838764e-29,ENSG00000153303.16
ENSG00000136160.14,85031.71104969853,2.244526266410044,5.732459639124175e-31,1.926278197836034e-29,ENSG00000136160.14
ENSG00000127561.14,15568.338923134315,-2.916624018629476,6.429947899517908e-31,2.1566165440925112e-29,ENSG00000127561.14
ENSG00000074416.13,599238.5162872286,2.159944865838208,7.116361255526495e-31,2.377951329034775e-29,ENSG00000074416.13
ENSG00000145194.17,83601.63717446796,-2.087109577254619,7.13571473572195e-31,2.3799863423381908e-29,ENSG00000145194.17
ENSG00000168496.3,251538.28980057235,-1.6728150083655713,7.159277448094383e-31,2.3834151118479702e-29,ENSG00000168496.3
ENSG00000164932.12,507737.8710978865,-2.0786416370970615,7.4504744430009675e-31,2.466629398620099e-29,ENSG00000164932.12
ENSG00000106034.17,114690.81475052123,2.6634622194610804,8.975615101304868e-31,2.9606330400333555e-29,ENSG00000106034.17
ENSG00000231749.3,3838.296607882802,3.5299693281586646,9.199768357034225e-31,3.029002631167379e-29,ENSG00000231749.3
ENSG00000196616.13,1108319.1024134168,5.313088726524936,1.0156986013393806e-30,3.3380395059402645e-29,ENSG00000196616.13
ENSG00000107104.18,298368.121163511,1.7574620959790288,1.045256530097699e-30,3.4289000321888687e-29,ENSG00000107104.18
ENSG00000133392.17,795876.6151609279,2.863180244951684,1.068872662518073e-30,3.499972820478887e-29,ENSG00000133392.17
ENSG00000171056.7,49062.61195088008,2.0265222210419602,1.0785333980708187e-30,3.525173642073364e-29,ENSG00000171056.7
ENSG00000164736.5,25451.4791480091,2.20984343804483,1.1319723831805252e-30,3.693111353416608e-29,ENSG00000164736.5
ENSG00000167619.11,22915.797003208696,-3.969753816269198,1.166492807350539e-30,3.798828844845385e-29,ENSG00000167619.11
ENSG00000168505.6,1147.5879717708626,-5.32609553903743,1.3354158107134494e-30,4.341069077435169e-29,ENSG00000168505.6
ENSG00000184005.10,19342.223246777812,1.9641659236548799,1.362690974441649e-30,4.421722756850082e-29,ENSG00000184005.10
ENSG00000246430.6,6295.9520106389255,4.023262409238565,1.4496532048378063e-30,4.6869508301999274e-29,ENSG00000246430.6
ENSG00000160298.17,53136.33623048359,-1.825134788126804,1.580005495398159e-30,5.080935234663901e-29,ENSG00000160298.17
ENSG00000213085.9,31693.928666898428,-2.5806715566483405,1.7203987333598042e-30,5.522510710448716e-29,ENSG00000213085.9
ENSG00000138346.14,56334.466751256936,-1.7602155524234175,1.79362179808315e-30,5.747276704429294e-29,ENSG00000138346.14
ENSG00000158106.13,244898.59216568427,-2.1731109108605393,2.126066864110292e-30,6.788281816653929e-29,ENSG00000158106.13
ENSG00000206384.10,27799.86281538501,3.3234439423552233,2.6117689053882992e-30,8.324259544988924e-29,ENSG00000206384.10
ENSG00000141526.16,263093.2270432372,-2.3916729238759165,3.5090834298266694e-30,1.1124910435478756e-28,ENSG00000141526.16
ENSG00000143195.12,10972.990545423727,-2.498556718443369,3.619491515768165e-30,1.1434534464602808e-28,ENSG00000143195.12
ENSG00000230798.5,12495.774582657312,-4.4941087140197284,3.613508707556179e-30,1.1434534464602808e-28,ENSG00000230798.5
ENSG00000136859.9,501378.6037442559,1.9484853124795758,3.64807754776792e-30,1.1504587612855459e-28,ENSG00000136859.9
ENSG00000136732.14,144946.1526300434,1.9290539106077151,4.161287092333008e-30,1.3100023786811139e-28,ENSG00000136732.14
ENSG00000119969.14,111699.79868185095,-1.8758562758871564,4.2988336423091605e-30,1.3509329400629697e-28,ENSG00000119969.14
ENSG00000126895.13,8329.583537692177,2.960100502066917,4.766956551027286e-30,1.4928144563984925e-28,ENSG00000126895.13
ENSG00000274180.1,122509.92644356737,1.5432151115335682,5.060298834210856e-30,1.5819164160466829e-28,ENSG00000274180.1
ENSG00000099822.2,8513.222488247317,-3.465192458763199,5.426017478696535e-30,1.6932949154387934e-28,ENSG00000099822.2
ENSG00000182325.10,203732.83996728974,-1.7250698467212833,6.546055440643284e-30,2.0392781046337343e-28,ENSG00000182325.10
ENSG00000176058.11,227593.4857155335,-1.8295730984629817,6.735516229047056e-30,2.094663833865171e-28,ENSG00000176058.11
ENSG00000196976.7,165630.89913118942,-1.9559581206255505,7.474343556807475e-30,2.3164010497988487e-28,ENSG00000196976.7
ENSG00000099812.8,219757.0945815173,-3.094473165225728,7.883236962025055e-30,2.438910414596165e-28,ENSG00000099812.8
ENSG00000164741.14,306228.07883491064,1.8235895919229435,8.84233785913233e-30,2.730927892328236e-28,ENSG00000164741.14
ENSG00000241644.2,35331.060721885275,2.6424542210411497,9.285997212788963e-30,2.863022920726549e-28,ENSG00000241644.2
ENSG00000183395.4,10434.202443269694,-1.73540423771241,9.516353530062666e-30,2.92901282578807e-28,ENSG00000183395.4
ENSG00000149380.11,63934.449342818094,-1.7617925020852054,1.1187682508837648e-29,3.4375303927839513e-28,ENSG00000149380.11
ENSG00000145362.17,116235.66868149112,2.3574639147653498,1.5890080275146375e-29,4.844372646213802e-28,ENSG00000145362.17
ENSG00000263400.6,4478.6683504423645,1.969075455101598,1.5901334644560462e-29,4.844372646213802e-28,ENSG00000263400.6
ENSG00000148541.12,30691.535785830114,2.0505412734264574,1.6307388539704447e-29,4.959657287397569e-28,ENSG00000148541.12
ENSG00000185803.8,465747.75526635884,-1.7732125138789667,1.784776241322469e-29,5.409801499035537e-28,ENSG00000185803.8
ENSG00000156802.12,514430.8599175758,-1.9869500779521398,1.8123232828497052e-29,5.474802859840927e-28,ENSG00000156802.12
ENSG00000169245.5,337555.831625528,-3.5666546293691708,1.8110694383125964e-29,5.474802859840927e-28,ENSG00000169245.5
ENSG00000136158.11,105221.04321279818,2.27175516434969,2.0485984882721335e-29,6.178159877908431e-28,ENSG00000136158.11
ENSG00000123360.11,47000.04690145594,1.8331722367035448,2.717196387184597e-29,8.180767109335641e-28,ENSG00000123360.11
ENSG00000090659.17,35828.45607869682,2.7070625440661384,3.4696696407960367e-29,1.0393948586718546e-27,ENSG00000090659.17
ENSG00000149451.17,42652.28741649761,2.939814586059735,3.5966803311304875e-29,1.0738574353045833e-27,ENSG00000149451.17
ENSG00000121594.11,11276.264565782612,-2.4529021742182624,3.6990767043313905e-29,1.1025952223010377e-27,ENSG00000121594.11
ENSG00000163888.3,10526.620500503897,-2.926060833970969,4.1668804228397177e-29,1.2399751626440447e-27,ENSG00000163888.3
ENSG00000104738.16,873521.3340831392,-1.9010355947463455,4.2126965242421933e-29,1.251533550182151e-27,ENSG00000104738.16
ENSG00000135604.9,27371.282590384642,2.1046521855039972,4.285251021867562e-29,1.2709842039072979e-27,ENSG00000135604.9
ENSG00000197299.10,61928.38305892435,-1.983872436989978,5.15315101949475e-29,1.5258769289408216e-27,ENSG00000197299.10
ENSG00000118729.11,14803.23592730095,2.8766138117080664,5.542257031411835e-29,1.638389788659868e-27,ENSG00000118729.11
ENSG00000169248.12,82330.9880965715,-3.5124735488150067,6.289688308985512e-29,1.856285641717698e-27,ENSG00000169248.12
ENSG00000135094.10,62060.51414142145,-2.1836333520690965,6.445941673200872e-29,1.8992771327408285e-27,ENSG00000135094.10
ENSG00000128165.8,86350.79150276253,-2.14271119345479,6.459832361629936e-29,1.900249703230944e-27,ENSG00000128165.8
ENSG00000180044.5,26265.44054524281,-1.8845065704825774,6.543236798437719e-29,1.9216340607392214e-27,ENSG00000180044.5
ENSG00000104413.15,957174.2253635463,-1.7016569174588136,8.73053738265709e-29,2.5556405023556088e-27,ENSG00000104413.15
ENSG00000155970.11,13802.536943050205,2.1624131184671627,8.7555105602724e-29,2.5587765715558298e-27,ENSG00000155970.11
ENSG00000179934.6,4279.537920641588,-3.6432062059246255,9.13395127710038e-29,2.665034499451857e-27,ENSG00000179934.6
ENSG00000132031.12,144047.4954288247,-2.693389685797809,1.0332886888402328e-28,3.0002155716098925e-27,ENSG00000132031.12
ENSG00000049249.8,18606.81863555049,-2.84129830682931,1.040178539098299e-28,3.01534147101452e-27,ENSG00000049249.8
ENSG00000101331.15,26786.042583262824,1.6795412358578028,1.0522721807635415e-28,3.0454793567130625e-27,ENSG00000101331.15
ENSG00000117122.13,275247.72188046225,-2.1974496378242816,1.1934434706923829e-28,3.442950102589087e-27,ENSG00000117122.13
ENSG00000102802.9,69198.63063371216,2.6360629955074004,1.2330543238815213e-28,3.551513128046552e-27,ENSG00000102802.9
ENSG00000111452.12,28068.896423041253,2.7061274446400034,1.332887511179816e-28,3.826773360097699e-27,ENSG00000111452.12
ENSG00000182010.10,60467.77984824075,-2.144261016385811,1.5181469439805864e-28,4.351697885429336e-27,ENSG00000182010.10
ENSG00000189221.9,297596.7362597556,3.317545531591421,1.6892705899780452e-28,4.834493056868588e-27,ENSG00000189221.9
ENSG00000185480.11,45743.16041101107,-1.6810209026078144,1.80017056618699e-28,5.1354945373067325e-27,ENSG00000185480.11
ENSG00000144655.14,271232.2474723939,1.7215754961039034,1.8387374718527894e-28,5.228891473046981e-27,ENSG00000144655.14
ENSG00000116194.12,34141.406392625664,3.0003813948562432,2.0204238014942435e-28,5.727406744709748e-27,ENSG00000116194.12
ENSG00000167874.6,11335.694618905107,2.102595797693851,2.1978696146626535e-28,6.22059501033228e-27,ENSG00000167874.6
ENSG00000109794.13,24558.739545108667,2.13290831771285,2.238058567122694e-28,6.3243658155038764e-27,ENSG00000109794.13
ENSG00000102760.12,123417.1756146637,1.5369704059283769,2.265310800295558e-28,6.391310849135769e-27,ENSG00000102760.12
ENSG00000007314.12,22822.74704548736,3.151699158109829,2.360976169985086e-28,6.650762385276669e-27,ENSG00000007314.12
ENSG00000129467.13,74055.56874157258,1.8799893828046805,2.4015224962035373e-28,6.754376124118538e-27,ENSG00000129467.13
ENSG00000186891.13,50585.003958179885,-2.9169867131935057,2.49346225159301e-28,7.001985390075894e-27,ENSG00000186891.13
ENSG00000186994.11,36759.3027643659,1.7910711844350888,2.538620710311997e-28,7.117657816537262e-27,ENSG00000186994.11
ENSG00000173391.8,116116.0979789634,-2.2414936059113373,2.6669347586309686e-28,7.454124191413411e-27,ENSG00000173391.8
ENSG00000164045.11,50328.48799526747,-2.2765725951519653,2.680237507520137e-28,7.479655028762261e-27,ENSG00000164045.11
ENSG00000126785.12,89830.75853328066,1.6207641462848323,2.9969474165313375e-28,8.337554177091213e-27,ENSG00000126785.12
ENSG00000046889.18,74663.0108849674,2.2483860209675837,3.1340729316721095e-28,8.705542521040919e-27,ENSG00000046889.18
ENSG00000144554.10,143303.18559008618,-1.5406240745101416,3.375573835435041e-28,9.361869691351835e-27,ENSG00000144554.10
ENSG00000186188.10,9938.532883058282,1.927216015175828,4.383406620150577e-28,1.2082311580949607e-26,ENSG00000186188.10
ENSG00000133317.14,40826.82948635671,4.246524900657785,5.059462433207965e-28,1.3924385567712227e-26,ENSG00000133317.14
ENSG00000240583.11,1141560.2562066587,2.0371857528256236,5.068669597787703e-28,1.3928362521087677e-26,ENSG00000240583.11
ENSG00000187608.8,637963.1703641155,-3.197950140104675,5.195539757765362e-28,1.4255162907238785e-26,ENSG00000187608.8
ENSG00000163467.11,4527.966236194809,-1.9512544959323035,5.554060411083765e-28,1.5215581681906425e-26,ENSG00000163467.11
ENSG00000008735.13,196176.08528635604,-2.8378182522375752,5.6333882608832735e-28,1.5409377889220955e-26,ENSG00000008735.13
ENSG00000157782.9,4078.937038741943,2.2055235194440637,5.642020181459316e-28,1.5409499259681274e-26,ENSG00000157782.9
ENSG00000166292.11,26364.850698952036,3.476030926109492,5.787486219244565e-28,1.5782773969319828e-26,ENSG00000166292.11
ENSG00000054967.12,61352.610991942165,-1.6164069225156563,5.804519031402002e-28,1.5805203262439685e-26,ENSG00000054967.12
ENSG00000150048.10,17587.25762529838,1.647221200236049,6.023704471328633e-28,1.6377174702048634e-26,ENSG00000150048.10
ENSG00000092607.13,51480.40971792057,2.057599140592997,6.090533540386356e-28,1.653381752627727e-26,ENSG00000092607.13
ENSG00000119138.4,342733.0213416947,1.5711840469847111,6.594885812611522e-28,1.7768563216441612e-26,ENSG00000119138.4
ENSG00000003249.13,241176.9445622172,-1.9243423201060634,6.594635686584545e-28,1.7768563216441612e-26,ENSG00000003249.13
ENSG00000113578.17,103803.4658988214,2.072675585671413,6.809643143867185e-28,1.8319675648208812e-26,ENSG00000113578.17
ENSG00000221818.8,31066.493632458933,2.22009485607674,6.891096275010774e-28,1.8511052628561876e-26,ENSG00000221818.8
ENSG00000109705.7,6332.627616466021,-3.2543763269954114,8.773764245847101e-28,2.3533098001118144e-26,ENSG00000109705.7
ENSG00000136383.6,65452.772147821015,1.8995046757016432,9.43427060613491e-28,2.5266948023355943e-26,ENSG00000136383.6
ENSG00000049768.14,37289.67506921615,-2.0453341330508055,9.911001599715808e-28,2.6504174769791426e-26,ENSG00000049768.14
ENSG00000154330.12,60717.44883991295,2.5681278428805494,1.0105868285453629e-27,2.698507448127677e-26,ENSG00000154330.12
ENSG00000276409.4,131961.8799956318,3.225598032366386,1.018980532224683e-27,2.7168776627399275e-26,ENSG00000276409.4
ENSG00000153823.18,47149.316250590804,2.451069119333,1.0325196001613055e-27,2.748891944405707e-26,ENSG00000153823.18
ENSG00000101255.10,273010.61761707213,-1.6906750379015438,1.0527614027687715e-27,2.79862972019005e-26,ENSG00000101255.10
ENSG00000137225.12,10005.095787054523,2.4919363162587773,1.0690564853719944e-27,2.833552374226746e-26,ENSG00000137225.12
ENSG00000015413.9,8620.103330335116,-2.7093010378275504,1.3195509317022221e-27,3.487190267815121e-26,ENSG00000015413.9
ENSG00000130545.15,86525.62156466374,-1.5674036547284846,1.3608564837293912e-27,3.5910601094176757e-26,ENSG00000130545.15
ENSG00000086548.8,1059397.204009556,-4.929047520875467,1.5081982352786851e-27,3.97402483609996e-26,ENSG00000086548.8
ENSG00000134548.9,21038.42365426529,4.554267450925654,1.5254169975180046e-27,4.013501848015114e-26,ENSG00000134548.9
ENSG00000105388.15,267377.9636811212,-5.542379129668362,1.6944099995973332e-27,4.451609521636098e-26,ENSG00000105388.15
ENSG00000158966.13,108933.46624266528,1.997565541182704,1.7478237828826956e-27,4.5852266023460655e-26,ENSG00000158966.13
ENSG00000185561.9,71265.35321121634,1.742814831592538,1.8975260553158967e-27,4.970687231618752e-26,ENSG00000185561.9
ENSG00000159433.11,72392.78165673309,2.0193811251337466,2.2153347672804506e-27,5.794747385434461e-26,ENSG00000159433.11
ENSG00000174469.19,219790.59296599534,-4.049469361525809,2.606455175992254e-27,6.797998790407705e-26,ENSG00000174469.19
ENSG00000185818.7,94794.84059506402,3.0218363843727616,2.7399485013352673e-27,7.135796213056609e-26,ENSG00000185818.7
ENSG00000008300.16,96784.49055978243,-2.67543517241887,2.768079425542769e-27,7.198611190136152e-26,ENSG00000008300.16
ENSG00000107954.10,75215.5849750597,-3.6668192157094386,2.8704137727027396e-27,7.443165424476584e-26,ENSG00000107954.10
ENSG00000129680.15,66965.66721489133,1.9122968547588028,3.1009506721922724e-27,8.029359143119501e-26,ENSG00000129680.15
ENSG00000019505.7,391355.1066077554,-4.9122547687073785,3.1274392824884e-27,8.086278167863378e-26,ENSG00000019505.7
ENSG00000107159.12,49098.66382917463,-5.473308601015898,3.946933684136603e-27,1.0146673069935129e-25,ENSG00000107159.12
ENSG00000124253.10,52066.96621854833,5.342831985654159,4.0427195115205714e-27,1.0378048485654525e-25,ENSG00000124253.10
ENSG00000165244.6,62033.29082663922,-1.7089762922834775,4.165644805539642e-27,1.0678332912943334e-25,ENSG00000165244.6
ENSG00000101463.5,38466.16633873793,-2.6966756570472152,4.254466780590868e-27,1.0890463895994656e-25,ENSG00000101463.5
ENSG00000136108.14,226939.22703110205,-1.506300405206061,5.084541563238457e-27,1.2959803098118022e-25,ENSG00000136108.14
ENSG00000011465.16,4446345.647378638,2.1839989688504016,5.25756747226897e-27,1.3381814286864453e-25,ENSG00000011465.16
ENSG00000115507.9,24306.836130290147,-3.0758514121125877,5.9528427481493744e-27,1.513000145506974e-25,ENSG00000115507.9
ENSG00000196666.4,2722.438807211952,4.296539064651479,7.237466067444644e-27,1.8343091965286257e-25,ENSG00000196666.4
ENSG00000160801.13,13952.376931185809,2.409905471334096,7.680024075429337e-27,1.940990873373296e-25,ENSG00000160801.13
ENSG00000079819.18,474023.89433336305,1.6190981202006143,1.0449800167804961e-26,2.6298908023996108e-25,ENSG00000079819.18
ENSG00000133816.13,650088.0758937405,-1.5565551211863187,1.0618366109251543e-26,2.6685708888572785e-25,ENSG00000133816.13
ENSG00000135346.8,25992.49138404251,-7.496797642838096,1.1095781357188158e-26,2.7807639758852556e-25,ENSG00000135346.8
ENSG00000205038.11,6714.149674066762,3.723126175314265,1.1214861759419085e-26,2.8066873000141712e-25,ENSG00000205038.11
ENSG00000147526.19,653510.3268664781,1.8775148629827085,1.2139182304020974e-26,3.033781159656718e-25,ENSG00000147526.19
ENSG00000117586.10,43478.30802041785,-1.8756925002207265,1.255901529654787e-26,3.1343389496697496e-25,ENSG00000117586.10
ENSG00000112214.10,13359.392600252708,2.44886136454486,1.3217826866211257e-26,3.289607285538069e-25,ENSG00000112214.10
ENSG00000164318.17,77342.51608147475,1.6502053048114074,1.7246657133329911e-26,4.280415153533498e-25,ENSG00000164318.17
ENSG00000263586.1,1135.5658716466867,2.3741703797018534,1.7276745618916583e-26,4.28196026776021e-25,ENSG00000263586.1
ENSG00000227036.6,37665.367568219284,-3.2759035135275623,1.8889446490586953e-26,4.668763468692731e-25,ENSG00000227036.6
ENSG00000149609.5,3474.286516872492,-2.107455797214302,1.9123796002271352e-26,4.720184256736687e-25,ENSG00000149609.5
ENSG00000167434.9,14604.324785419456,5.430467481471202,2.4032557241249777e-26,5.915503527256323e-25,ENSG00000167434.9
ENSG00000254109.5,9974.539716732597,1.6087764216219878,2.4567629068675556e-26,6.038925150798824e-25,ENSG00000254109.5
ENSG00000105699.16,823160.4268277052,-1.5539526558383365,2.75551626446453e-26,6.76401967846122e-25,ENSG00000105699.16
ENSG00000138722.9,65357.87996691529,3.3030673912765116,2.8355493351416887e-26,6.950969572374653e-25,ENSG00000138722.9
ENSG00000138829.11,69210.59435486185,-3.0572254888625126,2.9075482725573764e-26,7.117741637485615e-25,ENSG00000138829.11
ENSG00000105173.13,60437.86630510664,-3.133077114067593,3.013794061180313e-26,7.36778210270021e-25,ENSG00000105173.13
ENSG00000203727.3,48728.79855584619,2.8781058969074804,3.1543938405304535e-26,7.690549330771529e-25,ENSG00000203727.3
ENSG00000149124.10,13907.184046418619,5.675318356679861,3.198146893627781e-26,7.786641500577599e-25,ENSG00000149124.10
ENSG00000163518.10,984.1708735988808,-4.870198117168774,3.7632809808586175e-26,9.125447827098247e-25,ENSG00000163518.10
ENSG00000181234.9,41278.661930741946,4.729534800674339,4.009176724519943e-26,9.708592057326026e-25,ENSG00000181234.9
ENSG00000097046.12,76843.93098449845,-1.8770168927814805,4.11747557904906e-26,9.944008316346748e-25,ENSG00000097046.12
ENSG00000134028.14,61071.34768150932,-3.4680784850301416,4.1950915153732065e-26,1.0117838998905487e-24,ENSG00000134028.14
ENSG00000085552.16,302637.4327472042,-1.9784476698133209,4.240432720030997e-26,1.0213466406474659e-24,ENSG00000085552.16
ENSG00000239672.7,683530.8035516805,-1.8960056864360433,4.255849704578177e-26,1.0236858860449172e-24,ENSG00000239672.7
ENSG00000107807.12,13386.029947555766,-6.751964494568731,4.864792483365712e-26,1.1685921863656538e-24,ENSG00000107807.12
ENSG00000169627.7,266611.70189168194,-1.5590751265435558,5.0788126332709805e-26,1.2151228518855265e-24,ENSG00000169627.7
ENSG00000094963.13,197433.75609553416,3.1142676160697453,5.360121283325954e-26,1.2807192584287739e-24,ENSG00000094963.13
ENSG00000174807.3,321622.5397989733,1.8019537867575994,5.465521616001546e-26,1.3041664877331347e-24,ENSG00000174807.3
ENSG00000125355.15,20965.405087881467,2.1855165011234408,5.570117238729202e-26,1.3273596777125737e-24,ENSG00000125355.15
ENSG00000101049.14,14602.103395294182,2.900973450455168,6.282635169139212e-26,1.4931868274838943e-24,ENSG00000101049.14
ENSG00000183971.6,5802.696988756029,-4.083002698694931,7.69210811424949e-26,1.818540026378035e-24,ENSG00000183971.6
ENSG00000122121.10,10119.08190724713,3.091191069206437,7.904247995177925e-26,1.866234552966746e-24,ENSG00000122121.10
ENSG00000164919.10,2746538.0904587912,-2.623834917333238,8.708539265043404e-26,2.0534300732186443e-24,ENSG00000164919.10
ENSG00000173825.6,5943.448775152989,-2.0413628230624044,1.1478194457874998e-25,2.6860434572601538e-24,ENSG00000173825.6
ENSG00000132329.10,92092.84808319116,-3.094133715348053,1.1481249062185343e-25,2.6860434572601538e-24,ENSG00000132329.10
ENSG00000165490.12,50917.309592672806,-1.8593884282002937,1.2022228413744248e-25,2.8052908537870844e-24,ENSG00000165490.12
ENSG00000176890.15,233626.51434300875,-1.9096806950798186,1.2074004788530558e-25,2.8137135314986018e-24,ENSG00000176890.15
ENSG00000130032.15,10035.458611865213,3.0001698872615634,1.2822041577660788e-25,2.9802942236987717e-24,ENSG00000130032.15
ENSG00000260442.5,5246.039779092109,-2.17303593161004,1.3019803330842666e-25,3.0223460668646936e-24,ENSG00000260442.5
ENSG00000104967.6,30054.117359109758,1.5485067028120871,1.3920390346529086e-25,3.2189108811613133e-24,ENSG00000104967.6
ENSG00000183150.7,9370.955211030498,-2.400181337609568,1.4089263960002752e-25,3.2528204509123587e-24,ENSG00000183150.7
ENSG00000147536.11,76935.33152383476,-2.05329308433533,1.461558902717868e-25,3.362334993637106e-24,ENSG00000147536.11
ENSG00000170525.19,899714.3911460352,1.899935271636181,1.5075064563059662e-25,3.454750428091221e-24,ENSG00000170525.19
ENSG00000084628.9,241310.542962256,-3.762203390692017,1.553370330584554e-25,3.555315970919545e-24,ENSG00000084628.9
ENSG00000127241.16,7770.316388586081,3.772238386605036,1.6398209256575564e-25,3.748400852229197e-24,ENSG00000127241.16
ENSG00000176194.17,56638.855476960525,5.301405813151684,1.8411372449179703e-25,4.197886495909537e-24,ENSG00000176194.17
ENSG00000181092.9,940284.4830730412,5.231349406625317,1.8694865556275713e-25,4.257115070327556e-24,ENSG00000181092.9
ENSG00000048740.18,235795.30968559097,1.889166462644171,1.9425753846936432e-25,4.4179433083577605e-24,ENSG00000048740.18
ENSG00000196584.2,47010.01443155679,-1.896703549749114,2.0031651402650163e-25,4.544221906057579e-24,ENSG00000196584.2
ENSG00000108924.13,69720.67039799683,2.778548178157636,2.1289122417433923e-25,4.8051825491626954e-24,ENSG00000108924.13
ENSG00000163993.6,283051.9292476367,-3.9080729070621962,2.1265274943504175e-25,4.8051825491626954e-24,ENSG00000163993.6
ENSG00000000971.15,392551.49676412495,1.727104182586488,2.2297186968223423e-25,5.020084353297379e-24,ENSG00000000971.15
ENSG00000184785.5,22530.380875245417,1.5634852841563012,2.280844353517209e-25,5.122336805946533e-24,ENSG00000184785.5
ENSG00000065534.18,994679.7024784908,2.0202997771539084,2.2988028940770176e-25,5.1562148914147505e-24,ENSG00000065534.18
ENSG00000165443.11,16442.319729108378,1.9458581171825031,2.324276692411579e-25,5.206844065996676e-24,ENSG00000165443.11
ENSG00000188626.6,2356.8336883166667,2.174083084500037,2.6490174800635945e-25,5.912185281375763e-24,ENSG00000188626.6
ENSG00000172403.10,399697.58769406896,2.291076100420587,2.653698157208091e-25,5.915274500986583e-24,ENSG00000172403.10
ENSG00000204710.2,14424.11348973786,-7.1736554589900665,3.1651017479319204e-25,7.011677254924739e-24,ENSG00000204710.2
ENSG00000166960.16,5115.787050385879,3.1581939794513207,3.334315178028043e-25,7.368343787504335e-24,ENSG00000166960.16
ENSG00000225988.1,4262.714469298541,-2.9855928130555154,3.4682149744374245e-25,7.645411486646823e-24,ENSG00000225988.1
ENSG00000227964.1,700.2912711592309,-4.809105092208399,3.5290179766616695e-25,7.769901665425399e-24,ENSG00000227964.1
ENSG00000006118.14,586834.8358775903,-2.044029438119349,3.66115127110798e-25,8.050943432446273e-24,ENSG00000006118.14
ENSG00000226482.1,387178.07343481097,5.297576065432248,3.9304719465483103e-25,8.622052397171502e-24,ENSG00000226482.1
ENSG00000109061.9,3554.0962958243895,3.390910830917998,4.378129823931645e-25,9.592327418880274e-24,ENSG00000109061.9
ENSG00000185686.17,188994.59494685676,-5.80453516266712,4.39362323083076e-25,9.614533567564288e-24,ENSG00000185686.17
ENSG00000138795.9,159818.39627416647,-2.1027972592893316,4.409531372029074e-25,9.626162570401287e-24,ENSG00000138795.9
ENSG00000196684.12,118232.73397048947,-2.5571634394429403,4.409666536374196e-25,9.626162570401287e-24,ENSG00000196684.12
ENSG00000127586.16,118756.9933834945,-1.7869591555075395,4.625447222882422e-25,1.0084936205030643e-23,ENSG00000127586.16
ENSG00000134121.9,86216.43081224573,3.0539272967225215,4.812294023374762e-25,1.0466885327931725e-23,ENSG00000134121.9
ENSG00000135074.15,142830.53170940184,-1.7868871221365656,4.872909556499415e-25,1.0573094205783012e-23,ENSG00000135074.15
ENSG00000119714.10,68855.66054863828,-1.5986533702786119,4.914802963101916e-25,1.0651114054335844e-23,ENSG00000119714.10
ENSG00000166482.11,444245.2099672003,2.657500840933737,5.037985652531704e-25,1.090489922183702e-23,ENSG00000166482.11
ENSG00000128408.8,19448.240460294313,-1.7923274310281347,5.624658606568755e-25,1.2160105305574667e-23,ENSG00000128408.8
ENSG00000132970.12,82046.09841219625,2.0823533360418196,6.078988526458728e-25,1.3126518666519303e-23,ENSG00000132970.12
ENSG00000087237.10,9889.15130465032,2.0042228585152073,6.251202025311203e-25,1.346597468693688e-23,ENSG00000087237.10
ENSG00000196748.9,8288.240404305838,-3.5885790662058743,6.48445411213249e-25,1.3951684003369953e-23,ENSG00000196748.9
ENSG00000170962.12,167971.50844599158,1.8686424749558415,6.510002522757555e-25,1.398987847525288e-23,ENSG00000170962.12
ENSG00000183248.11,261970.73934195662,-2.280617153806902,7.791742012059765e-25,1.6684369769021528e-23,ENSG00000183248.11
ENSG00000128016.5,1091478.3222362502,2.1745230421801685,8.30759819530212e-25,1.776776424511338e-23,ENSG00000128016.5
ENSG00000105467.8,1647.8517534595135,-3.2981596988083712,8.701095044446342e-25,1.858719636637442e-23,ENSG00000105467.8
ENSG00000165424.6,275884.0654544032,1.6050948308313573,9.865912579690635e-25,2.1050408481565845e-23,ENSG00000165424.6
ENSG00000182916.7,13111.060400026896,2.0705507506959058,1.048888827937819e-24,2.2326525656602875e-23,ENSG00000182916.7
ENSG00000100625.8,140787.85304642157,-1.7783521990956688,1.1291018357925527e-24,2.3948703713311546e-23,ENSG00000100625.8
ENSG00000183682.7,10630.073132160169,-1.77542477466137,1.1914282892095771e-24,2.5240837333620603e-23,ENSG00000183682.7
ENSG00000112769.18,714474.297121516,1.5263042838084504,1.2013645222651888e-24,2.542132663623414e-23,ENSG00000112769.18
ENSG00000076554.15,1856680.0408915095,-1.7816520186194817,1.2198737518345612e-24,2.5782584926877935e-23,ENSG00000076554.15
ENSG00000026025.15,7327932.933349332,1.537218503011506,1.3365443715334451e-24,2.8182082494472553e-23,ENSG00000026025.15
ENSG00000235173.6,270008.6599070224,-1.5154688816501125,1.3746501768237111e-24,2.8951552550381067e-23,ENSG00000235173.6
ENSG00000117148.7,11298.751104043518,-6.04351917917609,1.6947203690316653e-24,3.5567324329712516e-23,ENSG00000117148.7
ENSG00000133561.15,146007.23366166325,1.6087672071668555,1.7143678524212597e-24,3.593763638299893e-23,ENSG00000133561.15
ENSG00000106852.15,41769.709707320224,1.9402852240633588,1.8191732583450497e-24,3.809013412805551e-23,ENSG00000106852.15
ENSG00000157766.15,33927.65857763324,-2.8182879048277543,1.847673301678061e-24,3.864178289663301e-23,ENSG00000157766.15
ENSG00000180509.11,7048.291841817646,2.995746057916033,1.930402155019131e-24,4.027806542984103e-23,ENSG00000180509.11
ENSG00000189334.8,1125648.1949313872,-2.6121802130545846,2.0085121551869625e-24,4.1810605699158766e-23,ENSG00000189334.8
ENSG00000079337.15,119900.92731794597,1.8463049047706683,2.0326657110923946e-24,4.226437256065113e-23,ENSG00000079337.15
ENSG00000165457.13,69864.8186646363,2.2604294830630107,2.1528501268168085e-24,4.4711507726389826e-23,ENSG00000165457.13
ENSG00000159259.7,128842.1845415172,-1.5638209667582195,2.1748677165178357e-24,4.5116562202538784e-23,ENSG00000159259.7
ENSG00000144045.13,11117.572686455855,-3.4016621213088873,2.2439098933713496e-24,4.6495056728239605e-23,ENSG00000144045.13
ENSG00000140451.12,18961.62940777886,-2.4179526113938206,2.2547309123681907e-24,4.66653881101901e-23,ENSG00000140451.12
ENSG00000154188.9,44302.8368569317,2.6240156028058186,2.310806867891981e-24,4.7770873775868324e-23,ENSG00000154188.9
ENSG00000103257.8,809791.7946028147,-2.779532888097092,2.4721124206325776e-24,5.1046703424431495e-23,ENSG00000103257.8
ENSG00000152104.11,411948.0215348453,1.5815110345730163,2.4825013710077034e-24,5.1202304139496816e-23,ENSG00000152104.11
ENSG00000182459.4,1234.3818513185254,-4.323231018973436,2.8741560481385444e-24,5.921223436027329e-23,ENSG00000182459.4
ENSG00000141668.9,42058.05316265012,-5.608041248334946,2.8985259800975572e-24,5.964581443448459e-23,ENSG00000141668.9
ENSG00000169692.12,356534.9687850277,1.697353873928231,3.008808467008871e-24,6.184428308362793e-23,ENSG00000169692.12
ENSG00000158186.12,293818.221235324,1.9831058216801964,3.3296774815188115e-24,6.828312311814121e-23,ENSG00000158186.12
ENSG00000164946.19,34139.961963685404,2.8286626436809823,3.6734636303322144e-24,7.499047938871587e-23,ENSG00000164946.19
ENSG00000167702.11,224511.82050726644,-1.9784833362015057,3.757855843254352e-24,7.662609687654101e-23,ENSG00000167702.11
ENSG00000172935.8,40982.73603669841,2.1134200997692414,4.231280494566605e-24,8.598652003907493e-23,ENSG00000172935.8
ENSG00000135747.11,11361.026765871302,-2.117506472182356,4.5236417011880484e-24,9.172003015380603e-23,ENSG00000135747.11
ENSG00000152583.12,1900594.1251260424,1.8170053571561433,4.8539762014644365e-24,9.797497070762413e-23,ENSG00000152583.12
ENSG00000184113.9,82883.19528349648,2.513733490709345,5.432156824101214e-24,1.0919319446466398e-22,ENSG00000184113.9
ENSG00000105409.16,20568.154471333055,-3.3445491185324565,5.4341017976451706e-24,1.0919319446466398e-22,ENSG00000105409.16
ENSG00000221968.8,122793.0249380858,1.5239522621275385,5.912796458056495e-24,1.1854661412666564e-22,ENSG00000221968.8
ENSG00000165478.6,14159.342855029623,4.9840263815540915,6.320909793879243e-24,1.2658750596134948e-22,ENSG00000165478.6
ENSG00000153162.8,29084.0828575684,2.2389707341993974,6.417836184892555e-24,1.2838534281127315e-22,ENSG00000153162.8
ENSG00000146197.8,131798.7265953801,-3.289871993314767,8.468172597135253e-24,1.6902434825694656e-22,ENSG00000146197.8
ENSG00000229314.5,22662.326537188474,-5.260254208302902,8.712604821008382e-24,1.7351718191806258e-22,ENSG00000229314.5
ENSG00000204060.6,35822.12684618957,-1.8330733850413083,8.822342308917607e-24,1.7550788291709261e-22,ENSG00000204060.6
ENSG00000116014.9,6053.538579417333,-4.330823701275931,9.035106128516093e-24,1.7954146663354682e-22,ENSG00000116014.9
ENSG00000124942.13,11297964.045600126,1.5468115244734937,9.623797542784561e-24,1.9102812290677675e-22,ENSG00000124942.13
ENSG00000115884.10,2196846.03705638,-2.0266626731791,1.0786042594483096e-23,2.1315500915793466e-22,ENSG00000115884.10
ENSG00000120907.17,4587.708663900392,4.350810204099369,1.0835965176289117e-23,2.1343639859860804e-22,ENSG00000120907.17
ENSG00000132561.13,279990.0187369221,2.460356818145573,1.0985919234098675e-23,2.1615277931652044e-22,ENSG00000132561.13
ENSG00000100307.12,231612.09609200808,1.5181755995138584,1.1018026116364906e-23,2.165470543615026e-22,ENSG00000100307.12
ENSG00000135678.11,259999.13908730514,1.867811268506179,1.104159401344549e-23,2.1677282601451407e-22,ENSG00000135678.11
ENSG00000147889.17,119047.1932574922,-2.9780704980100463,1.1865311553361211e-23,2.3218227973120344e-22,ENSG00000147889.17
ENSG00000154065.16,38656.665994036746,2.2605250342864154,1.234470090913329e-23,2.4103733744666784e-22,ENSG00000154065.16
ENSG00000129354.11,591345.9969550739,-1.5423300679484122,1.2675212395046279e-23,2.4695332379664543e-22,ENSG00000129354.11
ENSG00000188517.14,6424.1654682827175,2.7319673180770785,1.3079552653746383e-23,2.544372334789067e-22,ENSG00000188517.14
ENSG00000117308.14,206455.9915778438,-1.5150819684141403,1.3087693184408765e-23,2.544372334789067e-22,ENSG00000117308.14
ENSG00000240498.6,6682.92676361127,-2.2025259665163213,1.323983357097603e-23,2.571164216424176e-22,ENSG00000240498.6
ENSG00000164530.13,112603.65939566141,4.058047987872594,1.372504004151109e-23,2.65963410912392e-22,ENSG00000164530.13
ENSG00000179750.15,86098.50450125139,-2.692401051722776,1.490738389686751e-23,2.8763236198429096e-22,ENSG00000179750.15
ENSG00000101230.5,84485.75612051119,2.20654365190522,1.5334111915222623e-23,2.9554812481928544e-22,ENSG00000101230.5
ENSG00000081041.8,25344.33210751408,3.2582548501982993,1.7647071391635126e-23,3.3794989226414165e-22,ENSG00000081041.8
ENSG00000154529.14,20865.525864437273,2.8017471407524295,1.8303976167786835e-23,3.5015623491979422e-22,ENSG00000154529.14
ENSG00000173253.15,6737.658379644724,2.8926636392574716,2.00802875637042e-23,3.833198723862853e-22,ENSG00000173253.15
ENSG00000165795.23,617274.4613700544,2.0997561590747194,2.1801379402269755e-23,4.1573214877186874e-22,ENSG00000165795.23
ENSG00000205221.12,31749.50534077458,3.1305467998953938,2.2431108335343805e-23,4.272864203496914e-22,ENSG00000205221.12
ENSG00000145911.5,203843.81012108628,-1.7770920794380296,2.3642884693104e-23,4.494151725985786e-22,ENSG00000145911.5
ENSG00000104951.15,101682.1840522176,-1.7390893669509697,2.3979832993968102e-23,4.553376965542471e-22,ENSG00000104951.15
ENSG00000020577.13,113220.9826885195,1.6315871216712963,2.4834733979483154e-23,4.705749382553809e-22,ENSG00000020577.13
ENSG00000133110.14,6364572.061435491,-2.1074088472013943,2.850893944895515e-23,5.396249045063831e-22,ENSG00000133110.14
ENSG00000185420.18,209464.64458174238,-1.5539825219517054,2.9393541446756806e-23,5.557826214126492e-22,ENSG00000185420.18
ENSG00000163687.13,11684.434228818169,2.929888774266847,3.1258869568083574e-23,5.9043069003125435e-22,ENSG00000163687.13
ENSG00000249310.2,16377.776447636075,-2.7376485387121074,3.5241123994526003e-23,6.628582064546903e-22,ENSG00000249310.2
ENSG00000102271.13,5910.901434245893,2.100860101689593,3.5652309233380166e-23,6.6918936912528625e-22,ENSG00000102271.13
ENSG00000151623.14,56516.092132731996,2.027629758478196,3.562431974398699e-23,6.6918936912528625e-22,ENSG00000151623.14
ENSG00000154678.16,39167.916453120764,2.6571787832065614,4.0850603134689854e-23,7.651599401345248e-22,ENSG00000154678.16
ENSG00000130477.15,13962.58144041842,-3.2409772834347867,4.089672297241192e-23,7.652250229582476e-22,ENSG00000130477.15
ENSG00000181804.14,48289.135921672925,1.5704805952639556,4.2243152050333077e-23,7.895949170741424e-22,ENSG00000181804.14
ENSG00000137033.11,102086.25726714419,2.800711486141355,4.258749664569329e-23,7.952029550575654e-22,ENSG00000137033.11
ENSG00000137070.17,65383.87389509571,1.5177603599489753,4.5240937203311284e-23,8.429941611383361e-22,ENSG00000137070.17
ENSG00000101213.6,113959.00245624593,-2.1093473322252314,4.7200901246182626e-23,8.78075300541028e-22,ENSG00000101213.6
ENSG00000170367.4,12887.568118135501,-6.642446364896249,4.7221503846527636e-23,8.78075300541028e-22,ENSG00000170367.4
ENSG00000123388.4,48150.9757182096,-3.441757315373364,5.102659588095619e-23,9.468678764093876e-22,ENSG00000123388.4
ENSG00000162444.11,83146.36981339374,2.255953950061387,5.289073025568613e-23,9.804455203595372e-22,ENSG00000162444.11
ENSG00000072657.8,7537.978043622663,4.173891344275487,5.344644080248803e-23,9.897243898450415e-22,ENSG00000072657.8
ENSG00000166670.9,26656.11893010366,-3.7302551414557454,5.891800454179248e-23,1.0876797052447781e-21,ENSG00000166670.9
ENSG00000005102.12,49431.87731386408,2.9039159578714253,6.060425506118666e-23,1.1176595609639603e-21,ENSG00000005102.12
ENSG00000086289.11,80636.37363099452,1.789589523497695,6.074064875169594e-23,1.1190248472283697e-21,ENSG00000086289.11
ENSG00000185842.15,83776.39147865065,-1.727133971355901,6.118090969220844e-23,1.1259797369405009e-21,ENSG00000185842.15
ENSG00000124212.5,180980.99680354615,2.0937241950933743,6.170004360770288e-23,1.133209398665937e-21,ENSG00000124212.5
ENSG00000177807.8,8483.995950104,-2.739537904400458,6.165873432679315e-23,1.133209398665937e-21,ENSG00000177807.8
ENSG00000128271.21,102486.97035829783,-2.3339385071326557,6.515687241997781e-23,1.1942542581247005e-21,ENSG00000128271.21
ENSG00000174343.5,4620.257023511447,-5.034947801350819,6.609869174826961e-23,1.2102805354397447e-21,ENSG00000174343.5
ENSG00000100362.12,46605.60706581502,-5.0867103769228645,6.971210033216692e-23,1.2751416191237545e-21,ENSG00000100362.12
ENSG00000119771.14,42401.7787763577,2.2312947056479207,7.095717186504356e-23,1.2965941873180668e-21,ENSG00000119771.14
ENSG00000187151.7,1742.6007058632874,4.463810993057042,8.261087975891176e-23,1.5049437831410282e-21,ENSG00000187151.7
ENSG00000169313.9,9725.41350434419,2.403602295988517,8.271363244759658e-23,1.5052874448678223e-21,ENSG00000169313.9
ENSG00000117632.22,1227182.2414433383,-1.7452505784213923,8.915830991612711e-23,1.6192881711892558e-21,ENSG00000117632.22
ENSG00000174099.10,289772.8705329978,1.7124365275733153,1.2572313281027744e-22,2.267312457434792e-21,ENSG00000174099.10
ENSG00000136011.14,6984.474160048576,2.7262007327431137,1.2776943328556303e-22,2.2995934913501935e-21,ENSG00000136011.14
ENSG00000013297.10,65674.57685060462,2.4474517875610284,1.4499683974779818e-22,2.6070373671688283e-21,ENSG00000013297.10
ENSG00000146374.13,30005.460081458976,2.3231822202121672,1.6891548206491228e-22,3.031019410172786e-21,ENSG00000146374.13
ENSG00000099139.13,70086.5455866944,1.7673135864417133,1.7353017530117235e-22,3.1107147508533832e-21,ENSG00000099139.13
ENSG00000125898.12,196212.5701369735,-1.539983985536612,1.911892614394829e-22,3.4136319475324194e-21,ENSG00000125898.12
ENSG00000123384.13,2713706.1485812375,1.6143413528291342,1.9966084168664005e-22,3.557809476886861e-21,ENSG00000123384.13
ENSG00000224940.8,8021.873224901047,3.1356897764248894,2.1068325721440034e-22,3.743672567364934e-21,ENSG00000224940.8
ENSG00000166265.11,143693.69794654122,1.7772854193780738,2.1447743750559192e-22,3.806709335905382e-21,ENSG00000166265.11
ENSG00000158445.9,36726.83236179959,2.7664099158274578,2.3155615818100464e-22,4.101721325172702e-21,ENSG00000158445.9
ENSG00000146592.16,53737.960504563816,2.076099559130219,2.3607777879978177e-22,4.177691975131443e-21,ENSG00000146592.16
ENSG00000145335.15,18487.796975174264,1.6744639182549306,2.5536623347451785e-22,4.514573097011575e-21,ENSG00000145335.15
ENSG00000198885.9,18395.64806577405,2.12131771641248,2.9055843849841873e-22,5.1215919650448185e-21,ENSG00000198885.9
ENSG00000117598.11,1814.285909238727,-4.2271738553074485,2.9445432897887807e-22,5.185170244550528e-21,ENSG00000117598.11
ENSG00000062282.14,391261.95699491695,2.7496888531968326,3.260937274026365e-22,5.7254656012846466e-21,ENSG00000062282.14
ENSG00000160973.7,97566.5686841394,-1.7689094555946916,3.2591711175827086e-22,5.7254656012846466e-21,ENSG00000160973.7
ENSG00000154734.14,423065.6990179248,2.158511188196727,3.6912259745972704e-22,6.4682967664231855e-21,ENSG00000154734.14
ENSG00000255071.3,252911.148734579,3.5392816935956493,3.75119879133732e-22,6.56697669382994e-21,ENSG00000255071.3
ENSG00000130720.12,18085.05268848583,-4.085856939840921,3.8889442350725225e-22,6.801482977986486e-21,ENSG00000130720.12
ENSG00000173894.10,146897.8029409888,-2.629800723361489,4.0992375951750843e-22,7.141429068720555e-21,ENSG00000173894.10
ENSG00000167880.7,303587.01717205683,-1.7507429832382078,5.051486892121628e-22,8.757862878476376e-21,ENSG00000167880.7
ENSG00000197576.13,13711.293591900545,2.171646520325917,5.130844934220985e-22,8.886861148615962e-21,ENSG00000197576.13
ENSG00000170421.12,6310246.023765025,-1.8949195047992662,5.40894754227512e-22,9.35951347141608e-21,ENSG00000170421.12
ENSG00000204936.9,17938.288435898718,-4.086984817272661,5.535667844100114e-22,9.569559132421239e-21,ENSG00000204936.9
ENSG00000180660.7,11550.236067557453,2.4723502110140774,5.557380879392059e-22,9.588619471135685e-21,ENSG00000180660.7
ENSG00000106511.5,43387.18603003145,2.622247701364454,5.73659908553601e-22,9.888331795471486e-21,ENSG00000106511.5
ENSG00000125508.3,22272.38681683355,-2.4150811976458773,6.137105091524555e-22,1.0548296337386649e-20,ENSG00000125508.3
ENSG00000168490.13,11601.762592493953,2.264665479837513,6.151031523836768e-22,1.0562115757294445e-20,ENSG00000168490.13
ENSG00000109846.7,657032.2717352158,3.0122144482121915,6.173545691251621e-22,1.0590640906674864e-20,ENSG00000109846.7
ENSG00000125740.13,597442.470848837,3.2785904933697863,6.324234858986822e-22,1.0838784174752582e-20,ENSG00000125740.13
ENSG00000134339.8,310346.7030482183,3.5078962422774937,6.934013910979265e-22,1.1804928426813275e-20,ENSG00000134339.8
ENSG00000182272.11,172026.02223870618,-1.9195374585767855,7.214733299741858e-22,1.22479824343016e-20,ENSG00000182272.11
ENSG00000184557.4,488955.66859027557,1.953961260067004,7.3233380242677655e-22,1.2420602788984952e-20,ENSG00000184557.4
ENSG00000146122.16,164945.03763824006,1.7176495639479514,7.675828424227406e-22,1.3006144026849535e-20,ENSG00000146122.16
ENSG00000120738.7,2018717.7563412834,2.44372403982763,8.31826891151634e-22,1.406814489615921e-20,ENSG00000120738.7
ENSG00000226237.1,5734.912135344633,2.1728946958622624,8.949454176107173e-22,1.5121375304714415e-20,ENSG00000226237.1
ENSG00000090971.4,107948.95243709821,-1.5314757908003467,9.382135469634704e-22,1.5807797076725364e-20,ENSG00000090971.4
ENSG00000137309.19,797058.2888797433,-1.7067514004208046,9.439580097225338e-22,1.5889664658969183e-20,ENSG00000137309.19
ENSG00000124440.15,16421.239234111643,3.618014437078018,9.97794527667907e-22,1.6780154643367314e-20,ENSG00000124440.15
ENSG00000184613.10,277105.38099482644,-3.401373644260356,1.0425323364203158e-21,1.7483364714697332e-20,ENSG00000184613.10
ENSG00000149554.12,103997.13978932166,-1.566936602112217,1.0921297412546412e-21,1.829801687868654e-20,ENSG00000149554.12
ENSG00000116771.5,13466.596464746468,-1.5197661068016872,1.121927112625258e-21,1.876221818168465e-20,ENSG00000116771.5
ENSG00000277027.1,158888.40983904267,-5.269858132332966,1.1587859663689424e-21,1.9360572980004005e-20,ENSG00000277027.1
ENSG00000180871.7,3983.6619917815933,2.2228510420439314,1.1957024120531745e-21,1.994022684189792e-20,ENSG00000180871.7
ENSG00000106004.4,26662.142518387092,2.3915005077322946,1.2068685561415376e-21,2.0107752433986768e-20,ENSG00000106004.4
ENSG00000173457.10,328358.4681986961,-1.5556579138866462,1.2607256604757816e-21,2.0966136470414666e-20,ENSG00000173457.10
ENSG00000078596.10,174261.41385928777,2.1885389648321913,1.3223996684629808e-21,2.1951100509620468e-20,ENSG00000078596.10
ENSG00000107105.14,21796.615764918508,-3.101569972006617,1.5140617585726577e-21,2.5039930134403476e-20,ENSG00000107105.14
ENSG00000162989.4,314787.02125101304,-5.306344884931298,1.6154040971527553e-21,2.664228963171787e-20,ENSG00000162989.4
ENSG00000123096.11,237801.28629128082,1.5329188591300855,1.6223069850860454e-21,2.67070426976e-20,ENSG00000123096.11
ENSG00000165868.13,96237.01975442284,1.5643804817485405,1.710768721496596e-21,2.8086032880635785e-20,ENSG00000165868.13
ENSG00000159899.14,63955.41724699265,1.528904959899531,1.7562124796656622e-21,2.875317220357723e-20,ENSG00000159899.14
ENSG00000139618.14,72780.97991548345,-1.6963453833404056,1.755773439728785e-21,2.875317220357723e-20,ENSG00000139618.14
ENSG00000152154.10,14259.852117536002,2.181315314423126,1.88534291618029e-21,3.0783069415777184e-20,ENSG00000152154.10
ENSG00000171462.14,12421.02121387249,1.6810649764747807,2.013833786180359e-21,3.2851121326563966e-20,ENSG00000171462.14
ENSG00000197110.8,369.4769634407422,-6.551429928013475,2.103718949900909e-21,3.4224055155958213e-20,ENSG00000197110.8
ENSG00000129048.6,19201.940309785412,1.7144775715190486,2.1650912688937822e-21,3.519057765310691e-20,ENSG00000129048.6
ENSG00000241684.5,6194.3179904876615,2.8277621047887416,2.3544896653188595e-21,3.81997853114662e-20,ENSG00000241684.5
ENSG00000198932.12,54931.261109330175,1.8832971188038137,2.3809407408686354e-21,3.859403853129792e-20,ENSG00000198932.12
ENSG00000184492.6,1947.0821486263933,-2.0380687986598742,2.383258978012129e-21,3.859675009156105e-20,ENSG00000184492.6
ENSG00000132622.10,62631.07124524844,1.5573941241203806,2.5720638582345072e-21,4.154195668061206e-20,ENSG00000132622.10
ENSG00000246022.2,2448.903981139848,5.279597745214217,2.7276713717433012e-21,4.393656651217396e-20,ENSG00000246022.2
ENSG00000143578.15,719279.5384849566,-1.656366538424699,2.744946086358142e-21,4.417516822745336e-20,ENSG00000143578.15
ENSG00000174944.8,14542.996835790975,1.8070702717263334,2.7844964605936986e-21,4.4771509398649934e-20,ENSG00000174944.8
ENSG00000162772.16,276319.4456410716,2.135601689573844,2.8391878523886216e-21,4.5569218983239194e-20,ENSG00000162772.16
ENSG00000164287.12,30380.39446496089,-6.038797112365408,3.143189508776646e-21,5.0358386201328695e-20,ENSG00000164287.12
ENSG00000116183.10,6847.620270713916,2.6987118395807213,3.558219681123029e-21,5.680488786305305e-20,ENSG00000116183.10
ENSG00000103260.8,292883.3793125717,-2.2994267039485545,3.747690588319926e-21,5.967041696256676e-20,ENSG00000103260.8
ENSG00000168309.16,82703.53068903979,2.850461221629729,3.846170107619089e-21,6.107581983284684e-20,ENSG00000168309.16
ENSG00000229847.8,17720.217433432776,2.349054262142282,3.867120321769463e-21,6.135420605997457e-20,ENSG00000229847.8
ENSG00000157613.10,418060.1378976901,-2.1816445463383323,3.927907320878939e-21,6.226357682495732e-20,ENSG00000157613.10
ENSG00000123364.4,66439.89670931098,-2.7945844292488005,4.076385282390145e-21,6.44463942794791e-20,ENSG00000123364.4
ENSG00000154920.14,126327.02169030941,-1.5026819578819854,4.340575731257518e-21,6.838216937812546e-20,ENSG00000154920.14
ENSG00000164056.10,277956.1425287109,1.6952518785206854,4.874950471604572e-21,7.646513222244095e-20,ENSG00000164056.10
ENSG00000085563.14,36116.84972185134,1.980034993411148,5.170242583080972e-21,8.081431438223429e-20,ENSG00000085563.14
ENSG00000267795.5,283681.60140289523,-2.4165865817468637,5.187964032644023e-21,8.102073681615697e-20,ENSG00000267795.5
ENSG00000167105.7,7699.7848864351545,-2.5873194105565687,5.379783643655171e-21,8.387040634383005e-20,ENSG00000167105.7
ENSG00000100985.7,571018.3215995294,-2.805947998684876,5.384850411903979e-21,8.38765241243099e-20,ENSG00000100985.7
ENSG00000221932.6,9192.06540825076,4.9214465973099335,5.454726796405609e-21,8.489125553746943e-20,ENSG00000221932.6
ENSG00000129654.7,32342.22991732762,-4.220287374046027,5.595969950569874e-21,8.69386015524033e-20,ENSG00000129654.7
ENSG00000164047.4,6302.704329319581,-3.5351665548277946,5.601453168162813e-21,8.694850834733003e-20,ENSG00000164047.4
ENSG00000146477.5,15920.85439082612,2.6948520731611985,5.9001202507794044e-21,9.142638841104114e-20,ENSG00000146477.5
ENSG00000136541.14,11434.724344985312,-2.56486254380403,6.043001941654649e-21,9.347898865607846e-20,ENSG00000136541.14
ENSG00000103269.13,25572.944050559432,-2.5049518993998494,6.974729135760535e-21,1.0761353363034139e-19,ENSG00000103269.13
ENSG00000197859.9,52058.18914705815,-1.6698286298063467,7.232021720822513e-21,1.11487455118934e-19,ENSG00000197859.9
ENSG00000069702.10,439525.05418490863,2.431408640077867,7.362173700229784e-21,1.1339643337074957e-19,ENSG00000069702.10
ENSG00000173918.14,207729.98399768752,1.7793683722752236,7.558329524042678e-21,1.1631789449350068e-19,ENSG00000173918.14
ENSG00000169554.18,283369.62467000814,1.5190320239081658,7.675718453299907e-21,1.1802321501800647e-19,ENSG00000169554.18
ENSG00000186453.12,1903.1106827910469,2.4189581746102116,7.861618133107893e-21,1.2077814707233564e-19,ENSG00000186453.12
ENSG00000206538.8,114758.15580928912,1.926879139529733,8.497751395800696e-21,1.304393935382786e-19,ENSG00000206538.8
ENSG00000163239.12,5842.137423983102,2.0960655617203736,8.845811007619406e-21,1.356660108724125e-19,ENSG00000163239.12
ENSG00000166148.3,45413.696604855104,1.6331280709577223,9.000557098810824e-21,1.378037513490285e-19,ENSG00000166148.3
ENSG00000174611.11,3089.455530434723,3.152032439743849,9.067497350828129e-21,1.3871029195503832e-19,ENSG00000174611.11
ENSG00000018625.14,75967.43439357947,3.7634964928351597,1.0291693888200335e-20,1.5690242576879083e-19,ENSG00000018625.14
ENSG00000145777.14,4728.98050200854,3.042781003603749,1.0324603156593968e-20,1.5727052550248062e-19,ENSG00000145777.14
ENSG00000107165.12,7267.280600590166,-4.075941466642568,1.0354898240483826e-20,1.5759821376356386e-19,ENSG00000107165.12
ENSG00000157152.16,24601.420140239854,2.7825987922327937,1.0469215733918089e-20,1.592030568893442e-19,ENSG00000157152.16
ENSG00000175946.8,10428.3487843726,-2.4422867929188716,1.069667943863188e-20,1.6252431485758716e-19,ENSG00000175946.8
ENSG00000149557.12,33418.425360648704,1.5199006630205656,1.1285702233121606e-20,1.711839736865039e-19,ENSG00000149557.12
ENSG00000152580.8,80848.25076488747,2.4383970256785448,1.2002580325463667e-20,1.8190397074334463e-19,ENSG00000152580.8
ENSG00000138435.15,7852.57357443113,-2.3305272598792244,1.2346123316401281e-20,1.8679497199789595e-19,ENSG00000138435.15
ENSG00000114378.16,16952.476616911605,1.8375424589737517,1.2935700363363266e-20,1.953856963974667e-19,ENSG00000114378.16
ENSG00000091986.15,1578138.9230536448,1.9666010881139686,1.3203003969162063e-20,1.9925542743704294e-19,ENSG00000091986.15
ENSG00000138696.10,1167741.1679225864,-4.105414065576566,1.3365606802687129e-20,2.0153987266169567e-19,ENSG00000138696.10
ENSG00000137573.13,1715086.1327361371,-1.8641770102448894,1.4138649236983753e-20,2.1301756667375018e-19,ENSG00000137573.13
ENSG00000182463.15,156681.4833386219,2.228042875752634,1.4543088937097006e-20,2.1892717104636637e-19,ENSG00000182463.15
ENSG00000147804.9,136248.1086988209,-1.9759047805405907,1.527312164803888e-20,2.2933966096435954e-19,ENSG00000147804.9
ENSG00000177398.18,8843.534944150746,-3.1496937341753846,1.603661150532404e-20,2.4040180188098126e-19,ENSG00000177398.18
ENSG00000105141.5,114737.30345428681,-6.1596625200773945,1.6331802106411207e-20,2.446225851397685e-19,ENSG00000105141.5
ENSG00000165731.18,388268.37871896906,-3.112880327119727,1.67025677405875e-20,2.4996736908849214e-19,ENSG00000165731.18
ENSG00000105464.3,25719.696853664285,-2.241494857066401,1.7562119075435186e-20,2.623935592752781e-19,ENSG00000105464.3
ENSG00000083067.22,1972.5879987669978,2.926315162120912,1.8622032456295093e-20,2.7776704106048144e-19,ENSG00000083067.22
ENSG00000259134.5,3287.9155020981752,2.3536882106427712,1.928879607554668e-20,2.872349848793441e-19,ENSG00000259134.5
ENSG00000170153.10,108499.77135891354,2.3022558256832824,1.9670942113596882e-20,2.9268274070180964e-19,ENSG00000170153.10
ENSG00000164756.12,134836.70303565773,-5.37719435637089,1.9823654948312e-20,2.947105753044826e-19,ENSG00000164756.12
ENSG00000178796.12,4428.511863266975,-3.4980301790329733,2.0076968715961e-20,2.982294094695399e-19,ENSG00000178796.12
ENSG00000139572.3,11882.340728888057,-2.0649602380777465,2.0366558968755825e-20,3.0228083882163317e-19,ENSG00000139572.3
ENSG00000171659.13,54510.73868415187,1.6995634062977594,2.058836573389313e-20,3.0532035928014735e-19,ENSG00000171659.13
ENSG00000111981.4,9615.256310280565,-2.945853530594649,2.1725217336106762e-20,3.2191354242700225e-19,ENSG00000111981.4
ENSG00000176177.9,2208.637934910663,-3.3241745172009733,2.258502232763511e-20,3.343775912929739e-19,ENSG00000176177.9
ENSG00000213231.12,2446.292779647661,-6.644070779180656,2.2661573452607886e-20,3.352343561694937e-19,ENSG00000213231.12
ENSG00000147676.13,1878736.9270169963,-1.6752300169743397,2.39997177094319e-20,3.547371784003674e-19,ENSG00000147676.13
ENSG00000254726.2,310719.99699875637,-2.300544080612782,2.4096214659293482e-20,3.558703504908331e-19,ENSG00000254726.2
ENSG00000169683.7,157747.35724145407,-1.551185590989259,2.4128334413881943e-20,3.5605167164695526e-19,ENSG00000169683.7
ENSG00000140263.13,481459.88979540474,-1.9203014301467987,2.448749604145681e-20,3.607583160656002e-19,ENSG00000140263.13
ENSG00000178175.11,15922.515446643594,1.7606506242472935,2.879040203748564e-20,4.2207105732078613e-19,ENSG00000178175.11
ENSG00000162975.4,51805.009960432275,-3.6293523344207306,2.917274363392314e-20,4.2709038025756616e-19,ENSG00000162975.4
ENSG00000138356.13,93377.67515738691,2.4981675481127925,2.9633131661113837e-20,4.330105167158198e-19,ENSG00000138356.13
ENSG00000008311.14,40573.39432919793,1.7029760111494228,2.9705724989894876e-20,4.337180872405807e-19,ENSG00000008311.14
ENSG00000169432.14,9131.732438804518,2.188165199570298,3.059107768523947e-20,4.459190072980805e-19,ENSG00000169432.14
ENSG00000260001.6,3054.7584106999743,-2.698110020772792,3.064579548046113e-20,4.463540211861969e-19,ENSG00000260001.6
ENSG00000049283.17,272989.3465180999,-2.0454972662694746,3.145432185699076e-20,4.573876429512498e-19,ENSG00000049283.17
ENSG00000197191.4,11393.88617361327,-2.1446600887353267,3.1969878430795204e-20,4.641322803901206e-19,ENSG00000197191.4
ENSG00000169282.17,33585.165778787705,1.6820794049762582,3.236309454611981e-20,4.694610901661874e-19,ENSG00000169282.17
ENSG00000144476.5,211854.8675464641,1.8844064999980457,3.2522141811432564e-20,4.710067091721921e-19,ENSG00000144476.5
ENSG00000159217.9,2307.3913943297543,-3.535537802764076,3.271607063285105e-20,4.734332027708703e-19,ENSG00000159217.9
ENSG00000186458.4,9646.531078057651,4.703682716506076,3.5071647582531e-20,5.067034172471307e-19,ENSG00000186458.4
ENSG00000240204.2,19716.733599563282,-2.0402860331375017,3.523215404013169e-20,5.086128496348536e-19,ENSG00000240204.2
ENSG00000130635.15,2693729.846130479,-1.8295346689718586,3.871822558374327e-20,5.566985896431805e-19,ENSG00000130635.15
ENSG00000134463.14,124914.11619914985,1.536358785297429,4.219690715177651e-20,6.04777397708848e-19,ENSG00000134463.14
ENSG00000128655.16,17392.872562440334,2.320738156569706,4.2949302658752085e-20,6.150696623373084e-19,ENSG00000128655.16
ENSG00000235123.5,91010.98120645361,-6.903669750508412,4.375383343767019e-20,6.260915368465342e-19,ENSG00000235123.5
ENSG00000074211.13,120734.97420898055,-3.3012172679808875,4.4180087199813384e-20,6.31687238815499e-19,ENSG00000074211.13
ENSG00000188263.10,6199.33218015664,-3.6076765789321685,4.514394121520849e-20,6.449545232210996e-19,ENSG00000188263.10
ENSG00000108821.13,36604757.7255517,-2.0387113258523972,5.093011974475776e-20,7.241601178287902e-19,ENSG00000108821.13
ENSG00000099849.14,171818.41484094784,-1.6402345391468711,5.149065136073398e-20,7.315504734893195e-19,ENSG00000099849.14
ENSG00000154553.13,238697.15229560275,1.8307595603321942,5.434565014777659e-20,7.708919733215045e-19,ENSG00000154553.13
ENSG00000182054.9,1307084.1725504042,-1.5074581878956128,5.523310462106843e-20,7.828616345343222e-19,ENSG00000182054.9
ENSG00000184697.6,4449.41257915428,-4.748990197779065,5.558189926845656e-20,7.871835836410297e-19,ENSG00000184697.6
ENSG00000183242.11,6017.212473027814,-4.7262062089048955,5.984245973649e-20,8.455221240248634e-19,ENSG00000183242.11
ENSG00000197614.10,364760.8214802217,2.148149387618067,6.114980359482738e-20,8.633139856062805e-19,ENSG00000197614.10
ENSG00000055813.5,24351.87059317509,2.2581624575276833,6.146316769246336e-20,8.670558813471403e-19,ENSG00000055813.5
ENSG00000179094.15,278179.19987170305,1.797488477784926,6.375563539537357e-20,8.986890192730427e-19,ENSG00000179094.15
ENSG00000129990.14,5325.000647746621,-3.90205724297081,6.402993005357936e-20,9.018469897028477e-19,ENSG00000129990.14
ENSG00000101210.10,524627.1343385191,-3.362189996962119,6.422650582965168e-20,9.039062122409959e-19,ENSG00000101210.10
ENSG00000166961.14,19088.628646595276,-4.641594736543064,6.473186633762967e-20,9.103045529486103e-19,ENSG00000166961.14
ENSG00000168356.11,4284.068679826184,2.25287978058163,6.51040739028401e-20,9.148218497357577e-19,ENSG00000168356.11
ENSG00000109255.11,9610.126923534093,-3.878886381166072,6.989830103626541e-20,9.798868076521457e-19,ENSG00000109255.11
ENSG00000186439.12,8010.6282081295385,4.690436126099196,7.020524699777678e-20,9.834215082967263e-19,ENSG00000186439.12
ENSG00000025708.13,607544.3828545925,-1.76491117568886,7.067375198137337e-20,9.892120168126083e-19,ENSG00000025708.13
ENSG00000134765.9,3997.589020034591,2.65267515676517,7.095364099169482e-20,9.923555213990428e-19,ENSG00000134765.9
ENSG00000129538.13,713665.8273491918,1.761658512899359,7.277239869773694e-20,1.0169999394331712e-18,ENSG00000129538.13
ENSG00000127129.9,42055.51105285589,-2.6893888623956523,7.398587429813372e-20,1.0323503331304133e-18,ENSG00000127129.9
ENSG00000162814.10,34177.19528392056,-1.8157960790130199,8.61319263813168e-20,1.1990312544502316e-18,ENSG00000162814.10
ENSG00000188483.7,133389.77545696203,-1.7360190491956082,8.93494573218169e-20,1.2428578776609941e-18,ENSG00000188483.7
ENSG00000126709.14,2030739.3200535513,-2.5696395081161283,8.999705579479599e-20,1.2508963355397514e-18,ENSG00000126709.14
ENSG00000140285.9,77682.08308232622,1.8684357448773816,9.343602883526886e-20,1.2976904809752821e-18,ENSG00000140285.9
ENSG00000138755.5,656816.1661324938,-3.128046974360254,9.642157505299264e-20,1.3370855817240341e-18,ENSG00000138755.5
ENSG00000197587.10,3930.9753572234163,-3.4054897871655583,1.058871407511053e-19,1.4649490004917762e-18,ENSG00000197587.10
ENSG00000139946.9,58300.64424152125,1.6326068457264744,1.2913424317175317e-19,1.775620581972367e-18,ENSG00000139946.9
ENSG00000013588.7,1804789.204044382,-2.0338218421622503,1.3116560310941475e-19,1.7994155827181484e-18,ENSG00000013588.7
ENSG00000171126.7,3620.8213087292343,-3.1431858212116737,1.3349854022193208e-19,1.8300212419727647e-18,ENSG00000171126.7
ENSG00000157404.15,344803.34578990506,2.6214352118619826,1.3604138285179614e-19,1.863455399918038e-18,ENSG00000157404.15
ENSG00000112782.15,50325.87497838017,1.9509874460304457,1.4274444111091615e-19,1.953780512047505e-18,ENSG00000112782.15
ENSG00000187134.13,192142.46580765923,3.174012896695638,1.4395750521431426e-19,1.96888222070553e-18,ENSG00000187134.13
ENSG00000105289.14,311246.19322535873,-1.6953337516406437,1.4465171256999363e-19,1.9744460341855165e-18,ENSG00000105289.14
ENSG00000131480.8,7930.203484169939,2.100691057905202,1.4720730282571143e-19,2.0056855291606422e-18,ENSG00000131480.8
ENSG00000130294.15,110785.37344435172,-4.6465692922530835,1.4864650406592038e-19,2.0237578671918628e-18,ENSG00000130294.15
ENSG00000184937.13,24351.361117870936,-4.154304627498655,1.6248083004319803e-19,2.2037460425511306e-18,ENSG00000184937.13
ENSG00000122877.15,155286.85567400494,2.031965429342594,1.6307291810009847e-19,2.2101060743113044e-18,ENSG00000122877.15
ENSG00000139352.3,13458.724271862287,-6.458883513634295,1.6981677166748572e-19,2.2980332962302893e-18,ENSG00000139352.3
ENSG00000134668.12,29997.35664295828,-2.424429351506065,1.7258416385288308e-19,2.333722860720523e-18,ENSG00000134668.12
ENSG00000259527.2,10031.646138391723,-7.369312264711744,1.928693526561305e-19,2.5962848192510173e-18,ENSG00000259527.2
ENSG00000227528.5,1143.274851936114,-2.6233405315243843,2.0078120102258874e-19,2.696719963435129e-18,ENSG00000227528.5
ENSG00000184384.13,194602.21831003192,1.7045168832179876,2.0502282633600008e-19,2.7516302137420984e-18,ENSG00000184384.13
ENSG00000132205.10,113929.07845372093,1.5472661456564551,2.0720938578606874e-19,2.7768224186297367e-18,ENSG00000132205.10
ENSG00000163704.11,97498.50904445659,-1.7555863373652392,2.240763598502659e-19,3.0006165680247548e-18,ENSG00000163704.11
ENSG00000169436.16,42062.45343551276,-2.8898210263851265,2.2879980089900386e-19,3.0615836147141875e-18,ENSG00000169436.16
ENSG00000196139.13,175633.27616947994,2.3155048193725336,2.3016582878824254e-19,3.0775675348556066e-18,ENSG00000196139.13
ENSG00000107736.19,46851.644016350125,1.7527542389759152,2.674956258442674e-19,3.56078747043734e-18,ENSG00000107736.19
ENSG00000196381.10,8509.468726883722,1.5000757776202762,2.733182340232237e-19,3.632905475046464e-18,ENSG00000196381.10
ENSG00000171345.13,8275962.36413178,-1.8938223099347633,2.8683747034671696e-19,3.80133793788884e-18,ENSG00000171345.13
ENSG00000178773.14,47918.39039380917,-2.5758658294105015,3.1949408649720755e-19,4.224761892487761e-18,ENSG00000178773.14
ENSG00000166173.10,72068.55255262357,1.6089369066911239,3.409841056419367e-19,4.495678759470178e-18,ENSG00000166173.10
ENSG00000105519.15,294557.7923669129,-2.023738368892278,3.5748236039804055e-19,4.7028324596645455e-18,ENSG00000105519.15
ENSG00000124249.6,120340.53848833436,-2.6292450275034414,3.6062081879172095e-19,4.7406446684239124e-18,ENSG00000124249.6
ENSG00000101306.10,2249.328140532535,-2.224740828382199,3.6341580985556357e-19,4.7738896720704485e-18,ENSG00000101306.10
ENSG00000177301.14,6787.150611215404,2.9460604169728395,3.685162478376024e-19,4.8373486109714246e-18,ENSG00000177301.14
ENSG00000214530.8,1238391.601509394,-1.9793260925401106,3.723442280369123e-19,4.884023996998797e-18,ENSG00000214530.8
ENSG00000170271.10,182715.4279790892,2.001115170343344,3.7866202434291727e-19,4.9560257949010265e-18,ENSG00000170271.10
ENSG00000114631.10,288607.7012046969,-1.886728187913709,3.8905515812257085e-19,5.088342388740096e-18,ENSG00000114631.10
ENSG00000277631.4,1225.242454358754,3.665413944987764,3.9704429351515855e-19,5.185271326663759e-18,ENSG00000277631.4
ENSG00000165164.13,5742.351344673968,-3.2558423559200853,4.0398229768973546e-19,5.2682110099888174e-18,ENSG00000165164.13
ENSG00000077264.14,23966.438782637553,2.466406144438783,4.044214784301892e-19,5.270108212746053e-18,ENSG00000077264.14
ENSG00000003137.8,45646.722984610904,2.2338496268502976,4.138297175089596e-19,5.3809858340440365e-18,ENSG00000003137.8
ENSG00000159261.10,4035.702584847761,-2.4011836709485546,4.208536607109433e-19,5.460446918146902e-18,ENSG00000159261.10
ENSG00000228288.6,30784.71570134795,-1.6758252165317606,4.2486620190150183e-19,5.5085253807229395e-18,ENSG00000228288.6
ENSG00000185090.14,153404.2544784586,-1.699735182599771,4.269972242354824e-19,5.528166083464283e-18,ENSG00000185090.14
ENSG00000150337.13,60872.7235593772,-1.5465672568828945,4.444345115418382e-19,5.749771359125266e-18,ENSG00000150337.13
ENSG00000185499.16,3137861.613210639,-2.3836824060137487,4.487630751772436e-19,5.797411534183195e-18,ENSG00000185499.16
ENSG00000101542.9,2211.9794946981538,2.8858350881938,4.698258834502124e-19,6.0607876726316405e-18,ENSG00000101542.9
ENSG00000175426.10,51530.838527955566,-4.195827218120709,5.1994014783906345e-19,6.6784581337323946e-18,ENSG00000175426.10
ENSG00000102854.15,68653.15450283242,-4.440201234653139,5.642816658228473e-19,7.222161349162034e-18,ENSG00000102854.15
ENSG00000092009.10,5828.826284096947,3.0307459082098336,6.605115984833175e-19,8.411795687143115e-18,ENSG00000092009.10
ENSG00000189184.11,177194.33861923372,1.7537085718937198,6.829888651662676e-19,8.691880990456386e-18,ENSG00000189184.11
ENSG00000198774.4,24667.375169245057,1.9967900772540836,7.038304370525826e-19,8.950767797641065e-18,ENSG00000198774.4
ENSG00000174945.13,26037.9104884842,-2.7348704889975375,7.230622393573506e-19,9.188830611209843e-18,ENSG00000174945.13
ENSG00000253250.2,8587.570533162265,1.905078450023026,7.495109435826225e-19,9.504752206110655e-18,ENSG00000253250.2
ENSG00000152766.5,38874.21728671161,-2.038361011351836,7.992547150712677e-19,1.011412313627562e-17,ENSG00000152766.5
ENSG00000167641.10,26355.166774854864,2.2319462903113054,8.422124276630103e-19,1.0650218324161422e-17,ENSG00000167641.10
ENSG00000105290.11,89322.85309495723,-2.864270712239162,8.483458494930508e-19,1.0720223889650214e-17,ENSG00000105290.11
ENSG00000168350.7,558943.1876414873,-2.0239185188747295,8.525749882528393e-19,1.076608415848624e-17,ENSG00000168350.7
ENSG00000261359.2,67441.59526271657,-2.103680390344282,8.619971270682333e-19,1.0877409597828677e-17,ENSG00000261359.2
ENSG00000109610.5,141252.71849644344,2.3118003179312927,9.110140096395591e-19,1.1487867455356463e-17,ENSG00000109610.5
ENSG00000170231.15,5250.889887839423,-4.808439559026567,9.22671828707338e-19,1.1618542662683842e-17,ENSG00000170231.15
ENSG00000121904.17,19038.792454018323,-2.0181065555103794,9.432389244309122e-19,1.1869200042067524e-17,ENSG00000121904.17
ENSG00000140092.14,393213.8491285286,1.8258194084856498,9.469857562373732e-19,1.1907997484178995e-17,ENSG00000140092.14
ENSG00000181788.3,606991.1491511845,-1.5825406779714553,1.0272803072162366e-18,1.2899592605100176e-17,ENSG00000181788.3
ENSG00000004838.13,75529.13369327292,-2.3496364353541503,1.1223094561512093e-18,1.4073180210466318e-17,ENSG00000004838.13
ENSG00000254703.2,3647.4499624137634,1.594547317541006,1.125356308036052e-18,1.4101531837569076e-17,ENSG00000254703.2
ENSG00000140534.13,67260.51121982308,-1.7513978822763514,1.136915002417021e-18,1.4236429032359403e-17,ENSG00000140534.13
ENSG00000248144.5,29411.05367239573,3.7556401800243244,1.1953537566899167e-18,1.494733645299224e-17,ENSG00000248144.5
ENSG00000142224.15,1897.877504740895,-4.665978506708288,1.28482695693067e-18,1.6021497508800515e-17,ENSG00000142224.15
ENSG00000198125.12,146277.82957828662,-1.8984915927920099,1.286141397708079e-18,1.6026750861440116e-17,ENSG00000198125.12
ENSG00000009709.11,7154.728054423919,-7.3529964500949365,1.3133476491356077e-18,1.634307227190662e-17,ENSG00000009709.11
ENSG00000178662.15,26640.822928470527,2.1351086443196503,1.3566584997448202e-18,1.685864274198134e-17,ENSG00000178662.15
ENSG00000168334.8,11911.479502216658,-3.1454402510251063,1.3777236109750338e-18,1.7096730619181196e-17,ENSG00000168334.8
ENSG00000172379.20,406894.3929158581,-2.1372628421433992,1.40667919775564e-18,1.7431941660585087e-17,ENSG00000172379.20
ENSG00000111057.10,3729353.7255642107,-1.7238947686326873,1.5593059954485436e-18,1.9283381655636574e-17,ENSG00000111057.10
ENSG00000272143.1,9577.899085645508,1.9994138787112528,1.7330399956360757e-18,2.1387668281770114e-17,ENSG00000272143.1
ENSG00000167771.5,33878.29035740395,-2.4998893633531627,1.8687243004774864e-18,2.299889495731688e-17,ENSG00000167771.5
ENSG00000261236.7,370310.20096921135,-1.6269600312974442,1.913006388292358e-18,2.3527749576091897e-17,ENSG00000261236.7
ENSG00000177494.5,6845.507420226675,-2.8833787932120236,2.142628193223439e-18,2.626183080546543e-17,ENSG00000177494.5
ENSG00000204706.14,6398.623094046498,1.8881517286816298,2.330275080884914e-18,2.844520819823054e-17,ENSG00000204706.14
ENSG00000145244.11,37411.30289819974,-2.1844450408075944,2.417215285955179e-18,2.9466379817377535e-17,ENSG00000145244.11
ENSG00000223979.2,1037.541184565082,-2.64509398693879,3.006002225741042e-18,3.6396561362143893e-17,ENSG00000223979.2
ENSG00000143590.13,142921.89816942054,-1.9816955680089139,3.0252951574741547e-18,3.660545941046273e-17,ENSG00000143590.13
ENSG00000011422.11,219108.13103700982,-1.5246160749540827,3.296814500734044e-18,3.9763489779587793e-17,ENSG00000011422.11
ENSG00000124343.12,33425.13867544586,1.9777440684606966,3.3732801139412208e-18,4.065153684658245e-17,ENSG00000124343.12
ENSG00000268089.2,7387.506834901554,-4.340649381036698,3.547608719243925e-18,4.269503075661502e-17,ENSG00000268089.2
ENSG00000179314.13,15431.81885640512,1.7364777506788287,3.61955280607439e-18,4.350251544018678e-17,ENSG00000179314.13
ENSG00000151320.10,26205.235267040556,1.7133967142599735,3.7446286606812336e-18,4.494556300151442e-17,ENSG00000151320.10
ENSG00000152969.17,11604.756412110972,-2.553620180850482,3.774603088113299e-18,4.527505201410764e-17,ENSG00000152969.17
ENSG00000167646.13,31477.011292471547,-2.3547346914483733,3.857361857699429e-18,4.6205942039091154e-17,ENSG00000167646.13
ENSG00000250334.5,1240.9513722354873,2.186220675939058,3.97086240869885e-18,4.753379256950778e-17,ENSG00000250334.5
ENSG00000165935.9,1500.2964129950867,-1.997525792339741,4.445128638409893e-18,5.314016541480821e-17,ENSG00000165935.9
ENSG00000185697.16,115948.44274109116,-2.219754253229388,4.529266974991631e-18,5.410996444690401e-17,ENSG00000185697.16
ENSG00000140465.13,4051.7654278251202,5.027391895535018,4.569942731681422e-18,5.455958242002091e-17,ENSG00000140465.13
ENSG00000153956.15,89094.65793273356,1.733213424788417,4.735938501996123e-18,5.646623287695576e-17,ENSG00000153956.15
ENSG00000153976.2,9176.387019644288,-1.7946948931262292,4.817380229186237e-18,5.739911741867054e-17,ENSG00000153976.2
ENSG00000148357.16,24491.401893704235,2.148684037441826,5.377391606622243e-18,6.385963930458605e-17,ENSG00000148357.16
ENSG00000143797.11,549023.6873807879,-1.5664940619852785,5.467966523398958e-18,6.48923222856289e-17,ENSG00000143797.11
ENSG00000003096.14,73163.7504885132,2.362512859120158,6.071172950156206e-18,7.167179435368616e-17,ENSG00000003096.14
ENSG00000061656.9,30774.443632098904,-1.7312762326603177,6.152188580468434e-18,7.253276733766464e-17,ENSG00000061656.9
ENSG00000173404.4,20250.80620663924,-4.5385576893010064,7.734699065963968e-18,9.071335950304407e-17,ENSG00000173404.4
ENSG00000117394.20,707560.727736776,-1.6273018906943195,7.828155644442152e-18,9.174946106065969e-17,ENSG00000117394.20
ENSG00000143556.8,163365.73795620204,-5.930182918595949,7.862372485810657e-18,9.203027520246995e-17,ENSG00000143556.8
ENSG00000017427.15,183382.20800429586,2.218644353620223,8.461144445517903e-18,9.890995174617149e-17,ENSG00000017427.15
ENSG00000196569.11,282581.40278811735,1.9559960001986327,8.4880313003629e-18,9.915965732663534e-17,ENSG00000196569.11
ENSG00000238078.1,1136.841762590872,1.946247594740619,8.536025279773356e-18,9.965545713744509e-17,ENSG00000238078.1
ENSG00000125845.6,18127.152574017506,2.2334240588440815,8.585011393337826e-18,1.0009710490061985e-16,ENSG00000125845.6
ENSG00000197766.7,325046.0820943627,2.8282249595115,8.757649618208377e-18,1.0197745927912466e-16,ENSG00000197766.7
ENSG00000255248.7,85842.7714685413,1.6357350293810953,9.317656346535568e-18,1.0835776116800662e-16,ENSG00000255248.7
ENSG00000153294.11,3982.300242214217,-3.813593944908239,1.006356470923386e-17,1.1657882836829723e-16,ENSG00000153294.11
ENSG00000186907.7,41401.782518327476,-1.5848224160330764,1.0155186926868358e-17,1.1756430594562955e-16,ENSG00000186907.7
ENSG00000170345.9,1919259.3468856232,2.34829774664926,1.0549904372961379e-17,1.2181948781751542e-16,ENSG00000170345.9
ENSG00000149968.11,92085.11638182895,-2.7194265625653906,1.0733997364105675e-17,1.238654975572426e-16,ENSG00000149968.11
ENSG00000183196.8,18928.963942905717,-2.311277404948412,1.217678956519935e-17,1.402441026687658e-16,ENSG00000183196.8
ENSG00000281852.1,3206.252210032977,1.747734018196755,1.2300103878658125e-17,1.4157348556680012e-16,ENSG00000281852.1
ENSG00000139547.7,17211.12115160364,-2.5159946099005044,1.2419758377327825e-17,1.4267614873416804e-16,ENSG00000139547.7
ENSG00000127528.5,198388.43005254236,1.5981380407364556,1.4008917406169518e-17,1.6052108169623618e-16,ENSG00000127528.5
ENSG00000164638.10,65124.57369004867,1.960515672270855,1.482951056516432e-17,1.6949091565688443e-16,ENSG00000164638.10
ENSG00000161270.19,2304.589468883106,-3.7782403394508424,1.4965785653374033e-17,1.7072222362628332e-16,ENSG00000161270.19
ENSG00000135114.12,118354.7931864188,-2.2670950311444846,1.499690495591609e-17,1.7096852765499257e-16,ENSG00000135114.12
ENSG00000125968.8,80902.75783941416,1.579588652153619,1.5300011748132984e-17,1.7415316831379318e-16,ENSG00000125968.8
ENSG00000233493.3,24242.988132839593,-1.7738242187854285,1.6058784278565008e-17,1.823790032244117e-16,ENSG00000233493.3
ENSG00000204866.8,7529.804748655267,-2.6802518635988846,1.686388140489293e-17,1.9140132063845587e-16,ENSG00000204866.8
ENSG00000211452.10,76004.75974519737,-3.6944996459449184,1.940879114394227e-17,2.1945264542337752e-16,ENSG00000211452.10
ENSG00000266402.3,3714.3838196585752,-2.0165961354648907,1.9531996857671978e-17,2.2070664459324054e-16,ENSG00000266402.3
ENSG00000136014.11,4002.7356934345235,2.1640965886173573,2.0050199114638404e-17,2.258510815524617e-16,ENSG00000136014.11
ENSG00000149243.15,41906.485811392246,-1.8688733815329062,2.0545319982922022e-17,2.309932467252837e-16,ENSG00000149243.15
ENSG00000254211.5,3115.326553465658,3.7163909032678824,2.0958941767789485e-17,2.3549608708905104e-16,ENSG00000254211.5
ENSG00000105784.15,12809.376136294746,1.567691455494709,2.153511023685043e-17,2.416673033708844e-16,ENSG00000105784.15
ENSG00000266524.2,17313.694693829217,3.245680449407441,2.355717814913113e-17,2.630429400796571e-16,ENSG00000266524.2
ENSG00000078549.14,22550.790713679948,2.3715713076984644,2.400210241333429e-17,2.673734518386262e-16,ENSG00000078549.14
ENSG00000154134.14,28362.46220621375,1.69941363032216,2.447043897066195e-17,2.7222415182241666e-16,ENSG00000154134.14
ENSG00000258545.5,12137.4706898381,3.1000895721392525,2.5460059021673632e-17,2.8288253813307223e-16,ENSG00000258545.5
ENSG00000178803.10,12951.348109149209,-1.9682846251731427,2.5600939558105922e-17,2.842718189546118e-16,ENSG00000178803.10
ENSG00000170498.8,1692.0157200848819,-2.931741938662315,2.6016074595560264e-17,2.8852437734408736e-16,ENSG00000170498.8
ENSG00000186564.5,14302.147680953762,-1.7469823758616536,2.6062104209837578e-17,2.888563297969892e-16,ENSG00000186564.5
ENSG00000152049.6,494763.9701560498,-2.898045943496299,2.653512374433559e-17,2.937361261371732e-16,ENSG00000152049.6
ENSG00000267365.1,3271.560151098786,1.8171437530164334,2.6693495015788886e-17,2.953070743300344e-16,ENSG00000267365.1
ENSG00000204262.11,2883777.608732177,-1.673847102332792,2.903497693101487e-17,3.210127085952747e-16,ENSG00000204262.11
ENSG00000159409.14,1838.004456177507,-3.9026806122109416,3.040686111194021e-17,3.353538511325477e-16,ENSG00000159409.14
ENSG00000143512.12,17272.272082139643,-3.211109314245759,3.1263411905661634e-17,3.4437732549735563e-16,ENSG00000143512.12
ENSG00000088305.18,56836.33709213044,-1.6327032666766998,3.135272508145042e-17,3.4514926310524316e-16,ENSG00000088305.18
ENSG00000249917.2,4103.003123580141,-2.8286428652467452,3.2076292358025564e-17,3.5246600739278056e-16,ENSG00000249917.2
ENSG00000103490.13,259169.84143238314,-1.8075660825039968,3.3617486683490525e-17,3.687238270467934e-16,ENSG00000103490.13
ENSG00000170419.10,106092.19563159492,-6.873734258431402,3.457806982890373e-17,3.7902802993882017e-16,ENSG00000170419.10
ENSG00000123119.11,19677.865929315823,2.082260218002186,3.593765226469982e-17,3.9273156652726773e-16,ENSG00000123119.11
ENSG00000227392.1,12922.796420602172,-2.10817916797077,3.8107499526873195e-17,4.1467615009715746e-16,ENSG00000227392.1
ENSG00000142910.15,263122.3351747534,1.732941903185122,3.839210386486534e-17,4.175199465158446e-16,ENSG00000142910.15
ENSG00000175264.7,142857.27039856222,-2.541050992041945,3.892459423776465e-17,4.2305446335702537e-16,ENSG00000175264.7
ENSG00000080166.15,3604.9786784763596,3.4424830139995573,3.9238404198468474e-17,4.262069763543089e-16,ENSG00000080166.15
ENSG00000159263.15,51974.88720334623,-2.4314710532107173,3.947635745436683e-17,4.2827313068993857e-16,ENSG00000159263.15
ENSG00000182253.14,764287.0316197748,2.6731694670015704,4.1209218498903424e-17,4.468025478817662e-16,ENSG00000182253.14
ENSG00000171428.13,727586.2105045648,-2.939794229640452,4.171488666627064e-17,4.517392434155463e-16,ENSG00000171428.13
ENSG00000105255.10,4051.959226015114,-3.120508986365231,4.446353106982737e-17,4.803453350493572e-16,ENSG00000105255.10
ENSG00000164078.12,119226.36363122013,-1.532463875149963,4.485017895659741e-17,4.839396339129188e-16,ENSG00000164078.12
ENSG00000106537.7,1686537.9696049485,-1.5121855854877402,4.774694296720452e-17,5.142683941197586e-16,ENSG00000106537.7
ENSG00000130701.3,46998.161655654476,-1.6117765337509962,4.833818355290527e-17,5.200122096362903e-16,ENSG00000130701.3
ENSG00000162878.12,71058.11226264376,2.0305459704480544,4.8945384016818746e-17,5.262288620717769e-16,ENSG00000162878.12
ENSG00000157193.15,90195.89760176775,-1.7422332703023868,4.972114187149827e-17,5.342492034384222e-16,ENSG00000157193.15
ENSG00000099617.3,667.0775085192134,-5.474975298019756,5.283829103729241e-17,5.670635731896979e-16,ENSG00000099617.3
ENSG00000204832.9,36025.10475294487,-3.6458324895743806,5.391694301610585e-17,5.782938586258239e-16,ENSG00000204832.9
ENSG00000143320.8,2890211.7435075515,-2.0766540395099855,5.461581040173173e-17,5.854397263134254e-16,ENSG00000143320.8
ENSG00000145936.8,66321.06517020479,2.131558806845426,5.765965077917655e-17,6.173298171727589e-16,ENSG00000145936.8
ENSG00000141682.11,96671.4413000021,-1.7432786094932635,6.781449724308103e-17,7.226029326186734e-16,ENSG00000141682.11
ENSG00000100290.2,76932.83567516124,-1.6930544743304154,6.870381783434302e-17,7.316446927118404e-16,ENSG00000100290.2
ENSG00000167094.15,7254.567083900527,-1.5041508285606997,7.051572476392837e-17,7.500498904350508e-16,ENSG00000167094.15
ENSG00000161328.10,52764.6031850542,-1.674945796531663,7.204785409503702e-17,7.649862093972452e-16,ENSG00000161328.10
ENSG00000198681.6,5333.023569472326,-8.364614354382882,7.389495892483784e-17,7.836708882667201e-16,ENSG00000198681.6
ENSG00000159184.7,26365.70379739491,-5.931573393937128,7.451294440676219e-17,7.897579884435563e-16,ENSG00000159184.7
ENSG00000261456.5,3979.5494009373115,-1.984951830915807,7.817103066726742e-17,8.270642537107587e-16,ENSG00000261456.5
ENSG00000260428.2,6386.461219286357,-2.211331882427398,7.955762205190811e-17,8.407432097169843e-16,ENSG00000260428.2
ENSG00000135773.12,44636.72703179153,-2.5571598394147235,8.101974539218254e-17,8.551872419513667e-16,ENSG00000135773.12
ENSG00000139874.5,3714.0141439696235,2.5250411482068245,8.808863529266028e-17,9.287088552829002e-16,ENSG00000139874.5
ENSG00000180818.4,220033.7292970908,-2.4102097852601827,9.468110502890784e-17,9.964561575593678e-16,ENSG00000180818.4
ENSG00000197696.9,35945.27691520987,1.754377528908309,9.581336464104702e-17,1.0077813687684336e-15,ENSG00000197696.9
ENSG00000129991.12,9036.89596529193,-3.900586536345877,9.988305050872427e-17,1.047516924797515e-15,ENSG00000129991.12
ENSG00000140937.13,799713.9613751086,-1.5258467569813945,1.0203711755967069e-16,1.0694824985343054e-15,ENSG00000140937.13
ENSG00000169900.7,31487.332280303257,-4.752841913643664,1.0390819675212214e-16,1.0878230353092647e-15,ENSG00000169900.7
ENSG00000235875.3,835.6030420920183,2.459385795672212,1.0672281687569477e-16,1.11598731119899e-15,ENSG00000235875.3
ENSG00000010030.13,38712.13729352778,-1.9501737918554054,1.1149907941613503e-16,1.163220628513446e-15,ENSG00000010030.13
ENSG00000080293.9,684.359999901061,2.796677843489756,1.1444152860090242e-16,1.1925312364776963e-15,ENSG00000080293.9
ENSG00000111713.2,2126.015881031538,4.278126680889952,1.1659672385364438e-16,1.2128762972926347e-15,ENSG00000111713.2
ENSG00000163145.12,21084.45612056701,2.504097927559465,1.175634793085698e-16,1.221516544709309e-15,ENSG00000163145.12
ENSG00000151012.13,53550.98875910099,-2.0586747619067185,1.1878071499116895e-16,1.2334497394684813e-15,ENSG00000151012.13
ENSG00000102385.12,6548.508452197606,-1.785493761703653,1.2744924094593841e-16,1.3211722585406812e-15,ENSG00000102385.12
ENSG00000154175.16,192837.80158906456,2.0861337858596505,1.2801875677338484e-16,1.3263097988115577e-15,ENSG00000154175.16
ENSG00000004846.16,5315.860478044735,3.4580804273293806,1.336934239941772e-16,1.3835033449547382e-15,ENSG00000004846.16
ENSG00000121753.12,204096.94419063863,-2.1866487940766772,1.4754210787687237e-16,1.5217303030078867e-15,ENSG00000121753.12
ENSG00000120129.5,1116900.586547569,1.8326655039634525,1.5172371238547455e-16,1.562876173963809e-15,ENSG00000120129.5
ENSG00000131188.11,18775.79845037605,-1.7639030775119702,1.5403822398320046e-16,1.5858071664684734e-15,ENSG00000131188.11
ENSG00000136982.5,64622.675959419765,-1.532356665669962,1.6127947591643655e-16,1.6594030480759962e-15,ENSG00000136982.5
ENSG00000176887.6,97952.64049390712,-3.2414160339981746,1.7089220559912674e-16,1.7532817251404976e-15,ENSG00000176887.6
ENSG00000143382.14,105022.37226150885,1.7858702593516667,1.7163024209465982e-16,1.759847465226615e-15,ENSG00000143382.14
ENSG00000169783.12,128061.02344031882,-2.1722650895925053,1.748549288818154e-16,1.788823742220807e-15,ENSG00000169783.12
ENSG00000167749.11,17915.209872802072,-2.584699549106005,1.8257246943958508e-16,1.8656494257539376e-15,ENSG00000167749.11
ENSG00000003436.15,158839.81288522083,1.8106227665587498,1.8601544821972276e-16,1.8997502577431448e-15,ENSG00000003436.15
ENSG00000115353.10,28139.160128056246,2.5100690341726355,1.933510036323131e-16,1.9713013688512647e-15,ENSG00000115353.10
ENSG00000100276.9,6398.0055674627465,1.7985422700176854,1.937415892896416e-16,1.9741618842778698e-15,ENSG00000100276.9
ENSG00000163618.17,5569.694607543744,-2.2988062762748704,2.0682861042412114e-16,2.101547330379632e-15,ENSG00000163618.17
ENSG00000211897.8,2939813.7295955187,-3.158447059998283,2.1005646128741252e-16,2.133137035280889e-15,ENSG00000211897.8
ENSG00000104899.7,12723.016967235524,-2.772358867309625,2.119560081162397e-16,2.1499935611293418e-15,ENSG00000104899.7
ENSG00000265766.3,12959.811423093533,-3.812825013200746,2.155219593707908e-16,2.1849299655081753e-15,ENSG00000265766.3
ENSG00000162746.14,25676.409852477882,-2.755245468059875,2.1733244864716853e-16,2.202040349251718e-15,ENSG00000162746.14
ENSG00000109339.19,57071.98534879839,2.0230207426023905,2.1853859671841047e-16,2.2130116137218723e-15,ENSG00000109339.19
ENSG00000187037.8,7454.518692234011,-1.9185591640323907,2.2883243759598625e-16,2.3120322411162037e-15,ENSG00000187037.8
ENSG00000171855.6,307.8822208329288,-6.103911968901359,2.391769028293777e-16,2.4138303399158344e-15,ENSG00000171855.6
ENSG00000138315.12,1565.5702346810847,-2.3413709867718118,2.4280570770541527e-16,2.449075671200659e-15,ENSG00000138315.12
ENSG00000149488.12,1736.9927666899791,2.3878191284785553,2.5781855366844867e-16,2.5961257727422243e-15,ENSG00000149488.12
ENSG00000223573.6,93309.85526487738,-2.5043436825838676,2.8779544467178017e-16,2.8882558496590737e-15,ENSG00000223573.6
ENSG00000182791.4,11679.412949633896,-1.5809982414261539,2.9433350565999777e-16,2.9505700701469274e-15,ENSG00000182791.4
ENSG00000204140.9,11580.99452621352,-3.085268687802522,3.0460261467964806e-16,3.0467053053576394e-15,ENSG00000204140.9
ENSG00000132677.12,6080.4564113499255,-2.5835582425498624,3.1041248909681727e-16,3.1030873004753697e-15,ENSG00000132677.12
ENSG00000127084.17,316251.78942996863,-2.0076530399382695,3.179256146354947e-16,3.1746562209345115e-15,ENSG00000127084.17
ENSG00000149575.5,8713.440087145122,2.843084826550371,3.6057136356172465e-16,3.588515001526116e-15,ENSG00000149575.5
ENSG00000119547.5,23379.040037419694,-3.5433422069679565,3.7106228091920655e-16,3.690876701116542e-15,ENSG00000119547.5
ENSG00000006210.6,541152.3480529536,2.0540972587503723,3.7184837949948143e-16,3.696646715644706e-15,ENSG00000006210.6
ENSG00000179292.4,2665.670454960173,-3.9232247493382983,3.722186259583945e-16,3.6982785294559424e-15,ENSG00000179292.4
ENSG00000134201.10,40490.15472461959,2.481304481497234,3.7845829570264157e-16,3.756114855137279e-15,ENSG00000134201.10
ENSG00000213937.3,8620.210187976742,-2.629360357918411,3.9779378206470203e-16,3.932788774307996e-15,ENSG00000213937.3
ENSG00000198865.9,1524527.5212477457,1.584898159148651,4.313546199065536e-16,4.255210170205167e-15,ENSG00000198865.9
ENSG00000115380.19,777383.0885860865,1.931839458427079,4.534228049439476e-16,4.4557605760756816e-15,ENSG00000115380.19
ENSG00000113389.15,121694.4195663137,2.3870898954569606,4.588016847554085e-16,4.503685684491822e-15,ENSG00000113389.15
ENSG00000204052.4,15173.046634430326,-1.914095694637057,4.627705486911171e-16,4.537680177985467e-15,ENSG00000204052.4
ENSG00000237512.6,1951.099326629494,-2.113660235051934,4.837255247476981e-16,4.7328085147615565e-15,ENSG00000237512.6
ENSG00000158578.18,814.1516705898451,2.9803380226560896,4.911243961483957e-16,4.8025810160691075e-15,ENSG00000158578.18
ENSG00000277893.1,3495.5791441883844,-2.513361389227484,4.993675399342982e-16,4.875218246235608e-15,ENSG00000277893.1
ENSG00000079102.16,48198.963497531404,1.684021562301206,5.232156772778062e-16,5.0886623919094604e-15,ENSG00000079102.16
ENSG00000073282.12,123425.69585945163,2.524320092914134,5.515822369409247e-16,5.352943028484561e-15,ENSG00000073282.12
ENSG00000235904.2,901.9480188843538,2.5779097265148803,5.56164695015626e-16,5.39158254314446e-15,ENSG00000235904.2
ENSG00000182566.13,1491.8417823988477,3.837198186881637,5.943591667260991e-16,5.749423659155322e-15,ENSG00000182566.13
ENSG00000272573.5,13168.417568156341,1.6853113263115833,6.017201519106217e-16,5.811230573672872e-15,ENSG00000272573.5
ENSG00000167968.12,11425.024536965964,-1.9206813651138555,6.318840273609862e-16,6.086165854517197e-15,ENSG00000167968.12
ENSG00000235304.1,1068.1207365071846,-4.184262172618555,6.380129656002745e-16,6.141901638804359e-15,ENSG00000235304.1
ENSG00000182379.9,41339.18350631125,-2.7279949509094643,6.601442506938002e-16,6.341342844994407e-15,ENSG00000182379.9
ENSG00000164488.11,5318.393830595167,3.249822993104641,6.674553031020524e-16,6.404715486023117e-15,ENSG00000164488.11
ENSG00000139155.8,2414.773244788637,1.796561234854855,7.033931412437232e-16,6.7423539137165435e-15,ENSG00000139155.8
ENSG00000143412.9,211154.1745967055,-1.958985527887326,7.166115798399681e-16,6.865391451494067e-15,ENSG00000143412.9
ENSG00000131730.15,11109.489185056054,1.91747079164909,7.351326094255125e-16,7.035317089883411e-15,ENSG00000131730.15
ENSG00000091704.9,1581.2786754582762,4.211391330421566,7.437196039441236e-16,7.109911866368328e-15,ENSG00000091704.9
ENSG00000231651.1,1943.0176590682868,-1.8256522367393118,7.941385846379835e-16,7.575769677163198e-15,ENSG00000231651.1
ENSG00000099769.5,26130.98658865555,-2.8831627911223774,8.251946060518525e-16,7.863670744022538e-15,ENSG00000099769.5
ENSG00000137571.10,11047.940784872846,-2.563678281454294,8.811642529944568e-16,8.374794150282062e-15,ENSG00000137571.10
ENSG00000141294.9,31438.950406423723,-1.8202245829324761,8.836645419622771e-16,8.3941114563108e-15,ENSG00000141294.9
ENSG00000169962.4,15160.678980780354,-2.07874095434413,9.337382040196175e-16,8.855707364126859e-15,ENSG00000169962.4
ENSG00000101222.12,14830.83390352347,-2.2882890797650726,9.453086001783516e-16,8.960706561859663e-15,ENSG00000101222.12
ENSG00000107611.14,16396.274710960668,1.5293534027362554,9.63869008407378e-16,9.122186438218349e-15,ENSG00000107611.14
ENSG00000233532.5,1653.7159820762415,-2.810486437259657,9.993095521758219e-16,9.452614973243515e-15,ENSG00000233532.5
ENSG00000228278.3,22254.447829505916,-3.918909101503286,1.0145279497971445e-15,9.591511871001032e-15,ENSG00000228278.3
ENSG00000175315.2,23670.96323129241,-2.6392706131017922,1.0431171499059808e-15,9.856605654509174e-15,ENSG00000175315.2
ENSG00000167644.11,114669.3376834102,-2.5358342646296665,1.0526163571994002e-15,9.941130480834757e-15,ENSG00000167644.11
ENSG00000278558.4,6074.016929503273,-1.6105673592616172,1.1441287788509035e-15,1.0765729841479084e-14,ENSG00000278558.4
ENSG00000101883.4,992.3045662351312,2.745129873006238,1.1722139771187897e-15,1.1012674138963121e-14,ENSG00000101883.4
ENSG00000128011.4,41907.787559800425,-1.5202297840053975,1.173757141295646e-15,1.102140143558821e-14,ENSG00000128011.4
ENSG00000065618.18,338089.37677256373,2.8599109311949964,1.1874519968661422e-15,1.114416246431279e-14,ENSG00000065618.18
ENSG00000197635.9,72488.22085123298,1.7527114671592787,1.1896982257028424e-15,1.1159406671203243e-14,ENSG00000197635.9
ENSG00000167861.15,899973.2926795934,-1.5454197529918545,1.2141455461904854e-15,1.1364959666584284e-14,ENSG00000167861.15
ENSG00000188783.5,474411.72500265035,2.0730071782202586,1.2328354122102898e-15,1.1521874289948667e-14,ENSG00000188783.5
ENSG00000178947.8,26959.133941357628,2.0388101310233715,1.2563149120907573e-15,1.1716899575133341e-14,ENSG00000178947.8
ENSG00000154451.14,187309.9890864791,-2.494621071759092,1.2642718051593846e-15,1.1778864627092417e-14,ENSG00000154451.14
ENSG00000101445.9,86271.20040938933,1.7678066585749639,1.2763139756905798e-15,1.1884887379238072e-14,ENSG00000101445.9
ENSG00000248309.7,3154.8777262899594,1.6879007072185443,1.3580138497651315e-15,1.2606415168228412e-14,ENSG00000248309.7
ENSG00000183734.4,25560.29432111328,-2.3712181951460094,1.3777110387195871e-15,1.276944570185138e-14,ENSG00000183734.4
ENSG00000249835.2,207963.846871211,-1.5285711106566755,1.4322133092017132e-15,1.3247234855832752e-14,ENSG00000249835.2
ENSG00000128683.13,10986.556266550971,-3.1343857771541774,1.4663124687185794e-15,1.3548666806738511e-14,ENSG00000128683.13
ENSG00000268606.5,1127.156259656194,-10.929005523769591,1.4768159299054372e-15,1.363869534031043e-14,ENSG00000268606.5
ENSG00000163623.9,8976.554614319655,-2.511875833816866,1.4936605272790338e-15,1.376591910708525e-14,ENSG00000163623.9
ENSG00000143452.15,20261.014542539495,-4.749792745856231,1.4922544806229028e-15,1.376591910708525e-14,ENSG00000143452.15
ENSG00000188833.9,18235.21146804472,-2.483799316583989,1.5101364034792032e-15,1.3910619930200627e-14,ENSG00000188833.9
ENSG00000137142.4,3213.6070815302814,-3.0888784364004827,1.5796571966617302e-15,1.451375767378294e-14,ENSG00000137142.4
ENSG00000120471.15,5878.406216234852,2.414571354510303,1.659706347629833e-15,1.521807394065903e-14,ENSG00000120471.15
ENSG00000152611.11,6255.778393912394,-3.616623245550028,1.7211757008774972e-15,1.5773634717336983e-14,ENSG00000152611.11
ENSG00000177238.13,5492.374440813926,-2.992197901019377,1.7679843279318479e-15,1.619433934681423e-14,ENSG00000177238.13
ENSG00000130675.14,9107.864197675866,-3.287425144046285,1.820081042036166e-15,1.6663027662396407e-14,ENSG00000130675.14
ENSG00000188624.2,1849.3805026865764,-4.139939774256988,1.8671202901388953e-15,1.7084959962392828e-14,ENSG00000188624.2
ENSG00000153993.13,36520.520947157966,2.1865331184631804,1.882611097225423e-15,1.7217927384614163e-14,ENSG00000153993.13
ENSG00000165644.10,52921.72052408583,-1.6136990870762207,2.111465912428816e-15,1.9271765110191645e-14,ENSG00000165644.10
ENSG00000095587.8,5966.876889154788,-1.7749513983724685,2.1114740418321875e-15,1.9271765110191645e-14,ENSG00000095587.8
ENSG00000147852.15,164101.67392629368,1.59883667765129,2.139303018711938e-15,1.95158380110661e-14,ENSG00000147852.15
ENSG00000184226.14,26055.55036100506,2.643540972893721,2.225753504467554e-15,2.0283860276366575e-14,ENSG00000184226.14
ENSG00000185269.11,4793.276044928713,-2.602733784542796,2.2534437904204012e-15,2.0525784454468874e-14,ENSG00000185269.11
ENSG00000138675.16,1169.5924695172648,-3.5018301093263404,2.303506451701848e-15,2.094988330934514e-14,ENSG00000138675.16
ENSG00000260314.2,96267.08767447963,2.040155786103797,2.3586108851272584e-15,2.1429323403910644e-14,ENSG00000260314.2
ENSG00000136244.11,27728.610259263376,2.727950609698651,2.5586088477230033e-15,2.3187715739162408e-14,ENSG00000136244.11
ENSG00000177380.13,89263.57299438477,-1.5494639589399395,2.6450878054900658e-15,2.392311269239604e-14,ENSG00000177380.13
ENSG00000145283.7,4231.3594610453765,1.8475632638381507,2.718802785365706e-15,2.4577429310127065e-14,ENSG00000145283.7
ENSG00000039537.13,19514.07546306664,3.592093942135796,2.772642061872825e-15,2.5051505114927474e-14,ENSG00000039537.13
ENSG00000163520.13,977235.7820909993,1.5648974628069583,2.8489703443357797e-15,2.5715253450081102e-14,ENSG00000163520.13
ENSG00000171819.4,6288.2507647092525,4.094625169009685,2.8709507287654833e-15,2.5900623367002428e-14,ENSG00000171819.4
ENSG00000105707.13,244770.6961076125,-2.1609230733107263,2.9318791548727508e-15,2.6383971692596106e-14,ENSG00000105707.13
ENSG00000225376.5,381.3890535712005,2.560649068931706,2.9394957957627154e-15,2.6426008296175432e-14,ENSG00000225376.5
ENSG00000155367.15,69869.60951477032,-1.7711641541623726,3.0965064876676177e-15,2.7767972221243245e-14,ENSG00000155367.15
ENSG00000153291.15,23456.86747627492,1.872777323666654,3.581081151571244e-15,3.1748478351677076e-14,ENSG00000153291.15
ENSG00000101850.12,30300.423750785056,-1.7829518876899748,3.685637103215646e-15,3.2659294903753855e-14,ENSG00000101850.12
ENSG00000128045.6,46327.63982545247,-1.6799854940967693,3.728317722282984e-15,3.300490044827127e-14,ENSG00000128045.6
ENSG00000167011.8,421.3811182123082,-6.009309328693869,3.8078790808092285e-15,3.369259478601617e-14,ENSG00000167011.8
ENSG00000205364.3,15169.554247847553,2.206004759737069,3.911096011935426e-15,3.4571776767571077e-14,ENSG00000205364.3
ENSG00000130822.15,15592.215171032698,-2.329923377647733,4.009477539141671e-15,3.540652803265656e-14,ENSG00000130822.15
ENSG00000167207.11,58354.8085575182,-1.54575730269045,4.2026971487556555e-15,3.703988096133177e-14,ENSG00000167207.11
ENSG00000167992.12,5972.65261201461,1.7562944568395387,4.3869188985605774e-15,3.860660751141295e-14,ENSG00000167992.12
ENSG00000017483.14,47429.34656165545,-1.708513502586873,4.506121216903371e-15,3.9616775657086764e-14,ENSG00000017483.14
ENSG00000130487.5,107766.34949071152,-2.815976814002068,4.888646201546239e-15,4.285386782635356e-14,ENSG00000130487.5
ENSG00000269416.5,6959.126116273015,-3.653757245187427,4.9007806360789004e-15,4.293926158876943e-14,ENSG00000269416.5
ENSG00000160472.4,1652.419779076242,-2.3210881762657127,4.995440101681683e-15,4.3640787334262966e-14,ENSG00000160472.4
ENSG00000141977.9,3144.027365653221,-2.8413788676110907,5.14330995648391e-15,4.491073180493785e-14,ENSG00000141977.9
ENSG00000186442.7,573.9056676837779,-2.7278647387838406,5.221461748917249e-15,4.557096771525832e-14,ENSG00000186442.7
ENSG00000105613.9,12021.187074915224,-2.4023950422429747,5.349333659458525e-15,4.661896220753947e-14,ENSG00000105613.9
ENSG00000106714.17,18245.515873361335,2.3065334582877943,5.545382320087749e-15,4.830404871439542e-14,ENSG00000106714.17
ENSG00000256508.2,875.498479871355,2.4341416692737536,5.692327397430378e-15,4.9511935443281965e-14,ENSG00000256508.2
ENSG00000111404.6,11420.113958059797,3.0201324482602896,5.9461338429443755e-15,5.166945553404062e-14,ENSG00000111404.6
ENSG00000108813.10,10689.52302661515,-2.085377793079285,6.16549889644571e-15,5.3523808513701896e-14,ENSG00000108813.10
ENSG00000278249.1,7477.817854381139,-3.5639424213599837,6.431023622953545e-15,5.572104678429668e-14,ENSG00000278249.1
ENSG00000133687.15,236554.7019138508,2.0337405523773224,6.7510296587073674e-15,5.838095238353976e-14,ENSG00000133687.15
ENSG00000176532.3,199596.9940016762,-2.210328109921832,6.774690719503775e-15,5.855734598784959e-14,ENSG00000176532.3
ENSG00000162006.9,1318.5980908127008,-4.193722207672302,7.352673430165686e-15,6.340046709797842e-14,ENSG00000162006.9
ENSG00000115295.19,123617.51344219864,1.6242923042242083,8.077476084407174e-15,6.945003874393979e-14,ENSG00000115295.19
ENSG00000123407.3,35381.50786213899,-4.082957106424322,8.243413993304222e-15,7.084282600376003e-14,ENSG00000123407.3
ENSG00000105996.6,4631.349678650362,2.1219266722202836,8.421366783529356e-15,7.22682953436876e-14,ENSG00000105996.6
ENSG00000157111.12,2924.525452641944,-2.633299829777965,8.438583201539447e-15,7.23814230250592e-14,ENSG00000157111.12
ENSG00000143473.12,40788.73222850996,-2.650444192523111,8.55785362319151e-15,7.329934387329283e-14,ENSG00000143473.12
ENSG00000172318.5,4264.146725792576,2.8552447385924853,8.723831590473332e-15,7.464970627537123e-14,ENSG00000172318.5
ENSG00000170684.8,35390.572954824325,-1.5044797697202312,9.085356888481868e-15,7.759526130743391e-14,ENSG00000170684.8
ENSG00000077935.16,13202.942971928494,-2.7494502678217607,9.768116935483253e-15,8.322843793462084e-14,ENSG00000077935.16
ENSG00000185897.6,1381.1587269882846,2.5135868069897023,1.058907837489906e-14,8.988194056726052e-14,ENSG00000185897.6
ENSG00000166793.10,7573.021521459987,1.5289039437716316,1.1594369998093383e-14,9.813649775744702e-14,ENSG00000166793.10
ENSG00000138678.10,34322.81748156581,1.8174206791446887,1.1616197988850511e-14,9.827489708247694e-14,ENSG00000138678.10
ENSG00000170577.7,50424.06420655208,-2.285241916069818,1.3121592695440941e-14,1.1054171799389309e-13,ENSG00000170577.7
ENSG00000175920.16,50901.87745410971,-2.6762987808909737,1.3663066153101107e-14,1.1488756281689142e-13,ENSG00000175920.16
ENSG00000118495.18,101702.14960250213,1.5969222935994718,1.5129698308481588e-14,1.2680397311881998e-13,ENSG00000118495.18
ENSG00000170689.9,11217.199084568441,-2.1787208322143403,1.5373752199852942e-14,1.2878926679465977e-13,ENSG00000170689.9
ENSG00000162891.10,24824.46898266311,-3.5845794378031983,1.5615029441351154e-14,1.3062754699095808e-13,ENSG00000162891.10
ENSG00000182732.16,10086.90559883824,2.4897794459176854,1.6131205626959814e-14,1.3475714793769408e-13,ENSG00000182732.16
ENSG00000170122.5,3560.97963693811,-1.6522324844730114,1.6125717178557714e-14,1.3475714793769408e-13,ENSG00000170122.5
ENSG00000162383.11,6876.05740452408,1.909498468637432,1.7195051016822553e-14,1.4331072709979744e-13,ENSG00000162383.11
ENSG00000239642.5,1322.5099481514699,-2.1046536305231847,1.7478962032046915e-14,1.4548448711599442e-13,ENSG00000239642.5
ENSG00000188064.9,127106.5739507695,-1.9771810010958561,1.809063748371432e-14,1.5028629583693043e-13,ENSG00000188064.9
ENSG00000127585.11,176019.57249318445,-1.8869402966490463,1.8234315228593378e-14,1.51409788274817e-13,ENSG00000127585.11
ENSG00000234906.9,38254.49634607272,-1.6684256417168035,1.8512235494026628e-14,1.536464170697566e-13,ENSG00000234906.9
ENSG00000172893.15,597005.9117639975,-1.5028524349218135,1.8890830762294624e-14,1.5664374639492363e-13,ENSG00000172893.15
ENSG00000038427.15,2605699.497022163,-1.5671900378791899,1.8907182509106734e-14,1.5670692052813452e-13,ENSG00000038427.15
ENSG00000157542.9,4776.914453454614,-2.840284272578128,1.8991998895307984e-14,1.5733722445863642e-13,ENSG00000157542.9
ENSG00000168743.12,1066492.4721021277,-1.9549279064058962,1.9378546066127577e-14,1.6039143478348397e-13,ENSG00000168743.12
ENSG00000137648.17,49273.9825710806,-3.473408970685606,1.9490299347228002e-14,1.6124201543875487e-13,ENSG00000137648.17
ENSG00000163462.17,31881.81487232441,-1.642557130100623,2.0969824721654915e-14,1.730830426887653e-13,ENSG00000163462.17
ENSG00000075886.10,28577.07057514324,-2.896222105484146,2.188836523677117e-14,1.8041562967782355e-13,ENSG00000075886.10
ENSG00000168243.10,68990.59238054205,-3.125515579189421,2.2044354809989568e-14,1.8161795349423912e-13,ENSG00000168243.10
ENSG00000106538.9,262538.8174808491,1.5063535149648895,2.33896246256138e-14,1.9217189756502472e-13,ENSG00000106538.9
ENSG00000181847.11,43571.02914910224,-2.1765979834349682,2.4859748856823508e-14,2.0397043140687746e-13,ENSG00000181847.11
ENSG00000183709.7,395.2186340481052,-5.784050716413526,2.519307472395698e-14,2.065164608710297e-13,ENSG00000183709.7
ENSG00000147257.13,260534.91089980202,2.5147129952963683,2.8191148774918356e-14,2.3035608998958787e-13,ENSG00000147257.13
ENSG00000168546.10,9510.457405462588,2.2461005298660295,2.8356972388697656e-14,2.3160560425252194e-13,ENSG00000168546.10
ENSG00000188816.3,1023.0829182853108,-6.7374766753776605,2.974384586808296e-14,2.4249139948063636e-13,ENSG00000188816.3
ENSG00000263639.5,32772.25833260281,-3.4580354162518194,3.111413823089685e-14,2.5320276481415555e-13,ENSG00000263639.5
ENSG00000153132.12,107027.8266466081,-2.351433239214344,3.2424408297240786e-14,2.633877693461696e-13,ENSG00000153132.12
ENSG00000229637.3,1712.7614033940906,-6.2809829414218195,3.380792395968709e-14,2.741298633224696e-13,ENSG00000229637.3
ENSG00000106484.14,314138.84060378384,1.6137536945883333,3.417502280542757e-14,2.76981304977684e-13,ENSG00000106484.14
ENSG00000130513.6,114385.56391330477,-2.3394958444304508,3.597879119711494e-14,2.913372875636419e-13,ENSG00000130513.6
ENSG00000153253.16,11030.519108532704,2.4470052112354623,3.7069875160350315e-14,2.9990164106281604e-13,ENSG00000153253.16
ENSG00000108576.9,51141.31133725986,-3.2596499547974833,3.977555469780375e-14,3.213563950911259e-13,ENSG00000108576.9
ENSG00000168427.8,4787.747051515979,2.2571625236615054,3.9939757960098056e-14,3.2239272012415637e-13,ENSG00000168427.8
ENSG00000154118.12,8316.401683172662,-2.318725223805972,4.078044326886314e-14,3.2903069874841733e-13,ENSG00000154118.12
ENSG00000237125.8,9605.2904132635,1.6475093682112398,4.141854181726525e-14,3.3357913571319914e-13,ENSG00000237125.8
ENSG00000146648.17,381832.30881073454,2.0092305068328464,4.150356886592653e-14,3.341139702692623e-13,ENSG00000146648.17
ENSG00000128591.15,90667.58577948947,1.6091554439807538,4.3507489119278186e-14,3.4930576499164555e-13,ENSG00000128591.15
ENSG00000148798.10,3592.2443004357388,-4.010664856471465,4.587886876190055e-14,3.6752250940336766e-13,ENSG00000148798.10
ENSG00000117152.13,79178.84822293001,-1.8615091936621557,5.130614799623774e-14,4.0953626318705075e-13,ENSG00000117152.13
ENSG00000134824.13,1206539.0281115745,-2.194374387783915,5.17813461989845e-14,4.129619894198124e-13,ENSG00000134824.13
ENSG00000101098.12,183593.74887484737,-2.8054122295194945,5.248184649513418e-14,4.1817684436442615e-13,ENSG00000101098.12
ENSG00000139714.12,21112.781471889226,-1.6123988519258436,5.499501113373122e-14,4.374248580601387e-13,ENSG00000139714.12
ENSG00000187546.13,3853.395017528254,2.3188397044450415,5.570240174991035e-14,4.426689939942476e-13,ENSG00000187546.13
ENSG00000122756.14,47374.22416078805,2.8034795465704865,5.6680844429676976e-14,4.4884425085883654e-13,ENSG00000122756.14
ENSG00000149596.6,42653.21660607663,1.9967592088161914,5.994999830628274e-14,4.738954932193558e-13,ENSG00000149596.6
ENSG00000101194.17,53980.37561257144,-1.8177464729008261,6.329449174922023e-14,4.992335648123111e-13,ENSG00000101194.17
ENSG00000236404.8,20823.324005828053,1.681409230615331,6.351019018626214e-14,5.007147858973145e-13,ENSG00000236404.8
ENSG00000167653.4,53959.01058416294,-3.055775697913171,6.49962336042143e-14,5.117562157937785e-13,ENSG00000167653.4
ENSG00000176956.12,3856.0896853797694,-2.1278849672100733,6.522348372610848e-14,5.130952178786894e-13,ENSG00000176956.12
ENSG00000156564.8,5140.697954285705,-2.606552432911279,7.025798537399322e-14,5.510093048736601e-13,ENSG00000156564.8
ENSG00000135638.13,16054.673626647962,-3.298001916641019,7.841505531385575e-14,6.128396134807612e-13,ENSG00000135638.13
ENSG00000154928.16,35241.61830507281,2.0722030238649074,8.068260496479871e-14,6.297384356191162e-13,ENSG00000154928.16
ENSG00000258479.5,1011.7991099193782,2.267748155103358,8.653902449045965e-14,6.742754040194564e-13,ENSG00000258479.5
ENSG00000213088.9,179936.58602185475,2.535253910955724,8.688607778080227e-14,6.766856682720121e-13,ENSG00000213088.9
ENSG00000262406.2,44881.54739679747,-3.1100716047389585,9.257111374917639e-14,7.194006345236991e-13,ENSG00000262406.2
ENSG00000140009.18,5495.05714386073,1.5067755923266475,9.440575582319107e-14,7.330233156604675e-13,ENSG00000140009.18
ENSG00000117472.9,493311.89395813865,-2.360003567326046,9.827806572250532e-14,7.621009556286238e-13,ENSG00000117472.9
ENSG00000008056.13,17552.492242314805,-2.1376984690993157,1.0874498104544287e-13,8.418118808798218e-13,ENSG00000008056.13
ENSG00000055118.14,36713.1621178489,-2.6925528361011484,1.1226003710661549e-13,8.682733214832364e-13,ENSG00000055118.14
ENSG00000165309.13,14049.230230944493,-2.5416503417265983,1.273779387054105e-13,9.81395333675348e-13,ENSG00000165309.13
ENSG00000088992.17,19010.542084962457,1.9736494416506247,1.3178504984787236e-13,1.0140441399958068e-12,ENSG00000088992.17
ENSG00000116741.7,225955.44835685685,1.765281661855551,1.340869844528443e-13,1.030872685956229e-12,ENSG00000116741.7
ENSG00000170298.15,9988.809365619,-2.175806748646104,1.340443307259308e-13,1.030872685956229e-12,ENSG00000170298.15
ENSG00000139044.10,181809.7945415839,-1.8091384078066128,1.4658415092909994e-13,1.1235822316410806e-12,ENSG00000139044.10
ENSG00000275896.5,3776.0078946715307,-3.654660816270197,1.582528474129402e-13,1.2099229203143583e-12,ENSG00000275896.5
ENSG00000178445.9,37605.001976338826,-3.0366413525739704,1.5919235366138548e-13,1.2165875613713377e-12,ENSG00000178445.9
ENSG00000162482.4,190797.83415881052,-2.512666679617761,1.6232878411560434e-13,1.2389739269121243e-12,ENSG00000162482.4
ENSG00000170558.8,50039.57085681437,-2.117657948202186,1.6374205801046728e-13,1.2492293745492453e-12,ENSG00000170558.8
ENSG00000223850.1,57.16613500106011,-7.506634594598593,1.6518751105215567e-13,1.2597215037483559e-12,ENSG00000223850.1
ENSG00000146469.12,872.5751137149421,2.1583205970459187,1.7168699228150582e-13,1.305956502543171e-12,ENSG00000146469.12
ENSG00000160349.9,202.01542150400573,-4.419697376445559,1.7924580990729534e-13,1.3611454985088904e-12,ENSG00000160349.9
ENSG00000175175.5,23003.196649257894,-2.162919582366335,1.7960712676470995e-13,1.363312302312164e-12,ENSG00000175175.5
ENSG00000181418.7,3762.9855934281723,-2.572451749546133,1.8034633369616763e-13,1.3683444447543477e-12,ENSG00000181418.7
ENSG00000065325.12,3618.3300009158097,3.22574664526649,1.8419816373227607e-13,1.3963886142847325e-12,ENSG00000065325.12
ENSG00000141741.11,510653.4931780419,-1.7206955952765832,1.895341835757916e-13,1.4338117158870171e-12,ENSG00000141741.11
ENSG00000205864.1,65.23888617972109,-6.186159451890751,1.9158872451361938e-13,1.4481331392891264e-12,ENSG00000205864.1
ENSG00000116147.16,4839.066672376345,-2.2535370737216143,2.0153611142590223e-13,1.5188424961891598e-12,ENSG00000116147.16
ENSG00000121743.3,1953.6474496894011,-2.3960027131196786,2.088728938478928e-13,1.571494845788926e-12,ENSG00000121743.3
ENSG00000124171.8,320092.32273515745,-2.005424003471069,2.0971150313597939e-13,1.5758221156917982e-12,ENSG00000124171.8
ENSG00000162571.13,1997.0652796533047,1.6470078505339207,2.1204738684816867e-13,1.591375286325194e-12,ENSG00000162571.13
ENSG00000185070.10,105473.76163506675,1.636267043045635,2.1615170292458971e-13,1.6208216286163134e-12,ENSG00000185070.10
ENSG00000069696.6,4091.240254556138,-1.696745434814754,2.2391483672482687e-13,1.6776316618748614e-12,ENSG00000069696.6
ENSG00000124140.13,7607.497274110311,-2.040479053563398,2.3149260786832005e-13,1.7322882999666758e-12,ENSG00000124140.13
ENSG00000057593.13,46413.87902363164,-2.6204517338665183,2.365245171399346e-13,1.7676784404660503e-12,ENSG00000057593.13
ENSG00000137441.7,28563.181225510674,2.551848338530869,2.3776059181134454e-13,1.7761765443225506e-12,ENSG00000137441.7
ENSG00000238120.1,592.8984718592966,2.6998335522828136,2.5327162325164914e-13,1.886552929691819e-12,ENSG00000238120.1
ENSG00000203760.8,60431.178111082736,-1.6996329784688442,2.688139677618745e-13,1.9973490010430957e-12,ENSG00000203760.8
ENSG00000135750.14,171434.3262273169,-2.0025879775159376,2.715372328914296e-13,2.0159139871757605e-12,ENSG00000135750.14
ENSG00000224577.1,4938.664709774427,-2.1888407757299926,2.8247089211315655e-13,2.0912277583611756e-12,ENSG00000224577.1
ENSG00000132821.11,37379.637841440344,-2.6953935268775524,2.8244034294578324e-13,2.0912277583611756e-12,ENSG00000132821.11
ENSG00000187140.5,4046.69648135731,-3.505199462398374,2.824975527344789e-13,2.0912277583611756e-12,ENSG00000187140.5
ENSG00000147689.16,40837.54744284142,-2.9980204458985793,2.9830353916982676e-13,2.2045958430244527e-12,ENSG00000147689.16
ENSG00000224958.5,978.9496576524244,3.755042848697808,3.144200579205158e-13,2.3122760325105476e-12,ENSG00000224958.5
ENSG00000117594.9,36296.7204878336,2.370978847723946,3.236330518468072e-13,2.376133994410437e-12,ENSG00000117594.9
ENSG00000196159.11,91394.65547685522,1.6468734465899584,3.3571818340661255e-13,2.4618418810985924e-12,ENSG00000196159.11
ENSG00000186603.5,16638.205030571684,-2.4766771187819967,3.380630445124707e-13,2.4749911345294878e-12,ENSG00000186603.5
ENSG00000185933.6,1805.1238898107504,-2.814285257503323,3.3854219049697557e-13,2.4774881999501344e-12,ENSG00000185933.6
ENSG00000122711.8,2445.0883684166497,-3.902372295302345,3.5135814783335333e-13,2.5681346658744164e-12,ENSG00000122711.8
ENSG00000089692.8,36787.91931402662,-2.0844246840566374,3.6753696560731996e-13,2.6798388097755992e-12,ENSG00000089692.8
ENSG00000170054.14,4093.5505764535096,-3.1067158473240095,3.9025549304641586e-13,2.8420229574776325e-12,ENSG00000170054.14
ENSG00000197408.8,5710.87121452419,-3.9945480544069287,4.253666212682836e-13,3.087693629465243e-12,ENSG00000197408.8
ENSG00000260220.6,3742.788030720844,-2.9555243161009943,4.440668909674044e-13,3.2195298147551936e-12,ENSG00000260220.6
ENSG00000238057.8,5184.149693056576,1.54943839845562,4.486731609815434e-13,3.250299233206627e-12,ENSG00000238057.8
ENSG00000102109.8,23620.171747596076,-3.2267632700984903,4.650613178777113e-13,3.3622321869450648e-12,ENSG00000102109.8
ENSG00000111331.12,884356.2963743071,-1.5022521415950527,4.761519111717469e-13,3.441026940823933e-12,ENSG00000111331.12
ENSG00000182898.3,362.1808483124377,-10.195814132226355,4.813693436376591e-13,3.4773315226385485e-12,ENSG00000182898.3
ENSG00000002726.20,12756.520867487385,-2.6362392398292087,4.819238937108124e-13,3.479936558851838e-12,ENSG00000002726.20
ENSG00000106211.8,2714620.14483502,-1.5675921335156138,4.887946823176066e-13,3.5281302411533114e-12,ENSG00000106211.8
ENSG00000169515.5,111619.86188906434,1.6832088754643861,4.990720801863211e-13,3.597970834416772e-12,ENSG00000169515.5
ENSG00000137563.11,205997.38452399106,-1.7239470462716735,5.121758711338076e-13,3.6894756449719165e-12,ENSG00000137563.11
ENSG00000130055.13,2668.843597663597,-2.5503994645771293,5.304867201370099e-13,3.812196117796758e-12,ENSG00000130055.13
ENSG00000184986.10,30153.650551396393,-1.660532538049593,5.527243415843245e-13,3.964062983768633e-12,ENSG00000184986.10
ENSG00000139890.9,9111.672378900692,-1.531467992393325,5.644885401059859e-13,4.04358577391689e-12,ENSG00000139890.9
ENSG00000166535.19,59908.17381141282,-3.3931397710647166,5.824521531282154e-13,4.162294478587295e-12,ENSG00000166535.19
ENSG00000251493.4,12518.123735978084,-2.8394344137754843,6.005028167208373e-13,4.2844622438324874e-12,ENSG00000251493.4
ENSG00000111674.8,281550.53197366436,-1.5917225625798619,6.545747378426584e-13,4.6536010680858405e-12,ENSG00000111674.8
ENSG00000164362.18,2265.974955696705,-2.5361169819358,6.626877388667878e-13,4.709413380683422e-12,ENSG00000164362.18
ENSG00000170893.3,28693.88045237397,-4.006446328738974,6.644035360020023e-13,4.717869825888377e-12,ENSG00000170893.3
ENSG00000180549.7,5500.25197201265,-1.8642234765306815,6.88721304165183e-13,4.884749044245077e-12,ENSG00000180549.7
ENSG00000118785.13,1447472.1951449213,-1.9147744477761632,7.079196966559973e-13,5.014966852268146e-12,ENSG00000118785.13
ENSG00000158458.19,13167.329447295026,2.3106292168750993,7.1495474329287e-13,5.062805017224649e-12,ENSG00000158458.19
ENSG00000053747.15,377565.57760177995,1.817903571526718,7.235775260763471e-13,5.1157900425192956e-12,ENSG00000053747.15
ENSG00000067715.13,180015.90437561582,-2.7983906950094743,7.382327537717347e-13,5.215294698299215e-12,ENSG00000067715.13
ENSG00000124491.15,351061.05963042733,1.64048777147669,7.486399633568647e-13,5.286735734937261e-12,ENSG00000124491.15
ENSG00000167772.11,136063.25451378175,2.078851058647341,7.773118434348065e-13,5.476279434077019e-12,ENSG00000167772.11
ENSG00000141576.14,55316.05921754444,1.7384495180974544,7.95587650889745e-13,5.594053607980245e-12,ENSG00000141576.14
ENSG00000137392.9,1313.2899543617073,-3.293776913312732,7.997479039798044e-13,5.62110316843463e-12,ENSG00000137392.9
ENSG00000185467.7,2841.376543547842,-2.5595448282868825,8.010518911547116e-13,5.628063874267872e-12,ENSG00000185467.7
ENSG00000107593.16,2386.7392053416434,-1.6206429235537034,8.041312761044156e-13,5.645278410961515e-12,ENSG00000107593.16
ENSG00000105880.4,11591.442193386978,-2.2485855722609966,8.080430916706938e-13,5.66830540928027e-12,ENSG00000105880.4
ENSG00000170370.11,8396.648476491357,1.6044581623236496,8.233507411004367e-13,5.7734293467394434e-12,ENSG00000170370.11
ENSG00000174567.7,35660.38804100535,-1.5087247424817263,8.46740086571215e-13,5.932801293804718e-12,ENSG00000174567.7
ENSG00000041515.15,7372.803926150449,1.9793356769977628,8.684519162470149e-13,6.082553155790958e-12,ENSG00000041515.15
ENSG00000166257.8,10841.49146063417,1.9880910194496413,8.857208977349473e-13,6.19866450427297e-12,ENSG00000166257.8
ENSG00000047936.10,3078.915575820053,-3.977580969618024,9.069895911746413e-13,6.342564779437944e-12,ENSG00000047936.10
ENSG00000236081.1,3125.756607582064,-3.982400279079772,9.174162643878885e-13,6.407986550477334e-12,ENSG00000236081.1
ENSG00000104369.4,57054.73292255825,-1.7129301689350314,9.5947423734497e-13,6.688735708981408e-12,ENSG00000104369.4
ENSG00000225383.7,2143.906671805165,1.924421738458025,9.882413453337132e-13,6.87325686072409e-12,ENSG00000225383.7
ENSG00000185352.8,72118.3375134828,-2.8746800720075605,1.0680745284620018e-12,7.399818277498904e-12,ENSG00000185352.8
ENSG00000187017.15,140694.45222407277,-1.740081016199526,1.1256311231643357e-12,7.774566926120416e-12,ENSG00000187017.15
ENSG00000120645.11,15419.314203142885,1.7031867579319968,1.151479854176972e-12,7.950040209061787e-12,ENSG00000120645.11
ENSG00000129910.7,1921.263907084169,-2.064761622432444,1.1569397916016302e-12,7.984664469422943e-12,ENSG00000129910.7
ENSG00000144452.14,169751.65060866674,-2.6934185622823925,1.277799639673709e-12,8.801856711825349e-12,ENSG00000144452.14
ENSG00000108932.11,236770.30177243438,-2.1981204414313864,1.4109241616923702e-12,9.660476448023341e-12,ENSG00000108932.11
ENSG00000146216.11,4030.925766153591,-1.8191962059867082,1.4218478000296018e-12,9.72318480325121e-12,ENSG00000146216.11
ENSG00000184524.5,1383.6064943896324,-1.8631046664141446,1.4260980010304546e-12,9.748534297329707e-12,ENSG00000184524.5
ENSG00000188282.12,7317.632949843836,-2.3007830402019263,1.4778320055483638e-12,1.0071484051484937e-11,ENSG00000188282.12
ENSG00000116329.10,19695.16805335588,-2.489507126969848,1.4940884636485198e-12,1.017454398167326e-11,ENSG00000116329.10
ENSG00000074370.17,574178.8509181823,-1.6181628860259827,1.5113490214626934e-12,1.0284280182452245e-11,ENSG00000074370.17
ENSG00000129521.13,290309.42971052096,-1.7973352212644507,1.5127387408580548e-12,1.0289834710370332e-11,ENSG00000129521.13
ENSG00000197172.10,11209.267437187418,-9.046233762757247,1.6229306169568867e-12,1.1005996595115032e-11,ENSG00000197172.10
ENSG00000205502.3,11016.97586353603,2.2558028236161887,1.668134648017351e-12,1.1299738816165853e-11,ENSG00000205502.3
ENSG00000171540.7,395.3866078470359,-5.156421985928839,1.6992274965894941e-12,1.1501674160242129e-11,ENSG00000171540.7
ENSG00000108878.4,9355.476505948742,-2.73387950865983,1.752362210909677e-12,1.1847922951229558e-11,ENSG00000108878.4
ENSG00000046774.9,1793.3534275529537,-8.0648110213039,1.7520727091252224e-12,1.1847922951229558e-11,ENSG00000046774.9
ENSG00000183305.13,1946.692285144735,-9.354192856937651,1.7622662584138952e-12,1.191039764255327e-11,ENSG00000183305.13
ENSG00000128573.24,19877.484591067256,1.9085995215229148,1.7646026590575448e-12,1.1921698085138773e-11,ENSG00000128573.24
ENSG00000108688.11,3795.70775125542,-3.9595433765786496,1.8427281986981586e-12,1.2421455596333492e-11,ENSG00000108688.11
ENSG00000172987.12,11182.340921223702,2.858414000700474,1.89512347767296e-12,1.2750692044755753e-11,ENSG00000172987.12
ENSG00000171631.14,33157.38905281124,-1.5339482599786387,1.916265576370149e-12,1.2878452997148297e-11,ENSG00000171631.14
ENSG00000198838.13,20272.917197206167,1.8566787762137238,1.919028183931377e-12,1.2892190839559951e-11,ENSG00000198838.13
ENSG00000172382.9,26567.041372068827,-1.7334008103678482,1.9228204635866653e-12,1.2912833233008655e-11,ENSG00000172382.9
ENSG00000234661.2,1283.2044254625048,2.868644541170575,2.0517536621220367e-12,1.3742690449092135e-11,ENSG00000234661.2
ENSG00000179636.14,2028.2984421238448,2.096734530027524,2.1284106858662684e-12,1.4229583214301162e-11,ENSG00000179636.14
ENSG00000213420.7,16416.79005017883,-1.97666550021651,2.15880872932548e-12,1.4416696627843846e-11,ENSG00000213420.7
ENSG00000198759.11,55668.24271687858,2.2559922202954548,2.166900394254558e-12,1.4465349953312421e-11,ENSG00000198759.11
ENSG00000105894.11,225296.92454570916,2.3005784299834353,2.2749774264242715e-12,1.5158631615208738e-11,ENSG00000105894.11
ENSG00000217442.3,4753.546411830944,-1.8424405507315027,2.2833430098045726e-12,1.5208725674808185e-11,ENSG00000217442.3
ENSG00000183813.6,21757.27916102955,-1.796023738612759,2.45423908249144e-12,1.6244509810485577e-11,ENSG00000183813.6
ENSG00000157168.18,40934.52934441922,2.156414956961807,2.5000641391603948e-12,1.6523444166885497e-11,ENSG00000157168.18
ENSG00000143502.14,200045.2303456626,-1.7802925915808319,2.658401623406179e-12,1.7524746043497604e-11,ENSG00000143502.14
ENSG00000179388.8,211908.33411000777,1.970634491348759,2.7904066618189986e-12,1.8367959332237754e-11,ENSG00000179388.8
ENSG00000233198.3,2564.1153360014896,-1.862413756201506,2.881591178718897e-12,1.8947333129692884e-11,ENSG00000233198.3
ENSG00000154027.18,109108.9726308454,2.2268238605974857,2.9922204768880436e-12,1.9638772581301775e-11,ENSG00000154027.18
ENSG00000164796.17,2975.7096725866354,-3.737408092846067,3.013800726612937e-12,1.9765950379511164e-11,ENSG00000164796.17
ENSG00000117525.13,166991.3460674577,1.609017428106002,3.0732936371861542e-12,2.013376325229902e-11,ENSG00000117525.13
ENSG00000135549.14,308322.1234194046,-1.8523308679564026,3.149422923537701e-12,2.0602714159664788e-11,ENSG00000135549.14
ENSG00000188389.10,12645.823491109702,-2.094231060294812,3.171188063433435e-12,2.073753593667987e-11,ENSG00000188389.10
ENSG00000205002.3,319628.703963716,-2.4059106184242376,3.177679216981223e-12,2.076484918773163e-11,ENSG00000205002.3
ENSG00000215386.11,23876.20079836422,1.7314202353745927,3.3972436781232727e-12,2.2119064063949203e-11,ENSG00000215386.11
ENSG00000187193.8,218620.21786777367,1.6357413892347579,3.3970498497652813e-12,2.2119064063949203e-11,ENSG00000187193.8
ENSG00000162687.16,5707.327292824154,1.5072832949595854,3.7611757119809255e-12,2.4400049521252972e-11,ENSG00000162687.16
ENSG00000116711.9,37464.83551007862,1.639385619299657,3.825102191144496e-12,2.4805794621574572e-11,ENSG00000116711.9
ENSG00000170382.11,179741.23377455113,-1.5603618509925237,3.89249588010768e-12,2.5215503997347365e-11,ENSG00000170382.11
ENSG00000173157.16,1042.8067402367628,-4.4926997101689174,3.95148734299111e-12,2.5551527525272967e-11,ENSG00000173157.16
ENSG00000011590.13,4321.789175060381,-1.630605194629289,4.020042907261436e-12,2.5938745029809133e-11,ENSG00000011590.13
ENSG00000172548.14,5335.59384972129,-2.3512004536356734,4.029876264545754e-12,2.598350689579914e-11,ENSG00000172548.14
ENSG00000161682.14,21477.77461950619,-1.5667750936416085,4.120854673336773e-12,2.6560566184753973e-11,ENSG00000161682.14
ENSG00000073150.13,32287.070693489964,-1.7980882254503574,4.136128541286097e-12,2.6649440052006367e-11,ENSG00000073150.13
ENSG00000162706.12,35422.88636344821,2.258392564003741,4.214447492265948e-12,2.714430933281413e-11,ENSG00000162706.12
ENSG00000189001.10,9824.663934036891,-3.8970757791802306,4.469396065170506e-12,2.8724513966124486e-11,ENSG00000189001.10
ENSG00000125813.13,4842.8105676760015,-3.2699075228400485,4.727325555562008e-12,3.027377936081537e-11,ENSG00000125813.13
ENSG00000136531.15,19317.91421753484,2.2507423811365452,4.75316965318378e-12,3.041757355803486e-11,ENSG00000136531.15
ENSG00000133665.12,6937.653086291218,-2.256695087243795,4.770049106856824e-12,3.0514709865753606e-11,ENSG00000133665.12
ENSG00000184925.11,13718.937619131606,-1.973708994717257,4.958158138393994e-12,3.166163332218571e-11,ENSG00000184925.11
ENSG00000213145.9,1602947.6019838233,-1.8633233531407412,5.002457876901718e-12,3.1910452948142354e-11,ENSG00000213145.9
ENSG00000105997.22,24497.607843024973,1.6721039904612078,5.038630810740818e-12,3.212977656998338e-11,ENSG00000105997.22
ENSG00000160188.9,43910.6602639173,-1.6431132268654962,5.365002307005736e-12,3.4126055085753614e-11,ENSG00000160188.9
ENSG00000114771.13,5012.018550835382,4.298515075515445,5.397839348738514e-12,3.431060193898827e-11,ENSG00000114771.13
ENSG00000175556.16,9680.258150552847,1.5102934410196815,5.4119854761623896e-12,3.4388338308873196e-11,ENSG00000175556.16
ENSG00000170044.8,6798.894235498771,-2.5668541341266793,5.503048234363761e-12,3.494221426660415e-11,ENSG00000170044.8
ENSG00000112996.10,797351.8443734213,-1.72815213362987,5.643559088109486e-12,3.580906091832978e-11,ENSG00000112996.10
ENSG00000164007.10,8711.532678379892,3.2353699033884276,5.672713800932117e-12,3.598132783454433e-11,ENSG00000164007.10
ENSG00000141736.13,4467722.828532772,-1.9146173196913323,5.826484648927547e-12,3.693056889450933e-11,ENSG00000141736.13
ENSG00000152779.13,5759.4970546317845,2.5341377720820213,6.575701390160737e-12,4.144516534775e-11,ENSG00000152779.13
ENSG00000197308.9,96766.28774659566,-2.4305125558862666,7.093114655966038e-12,4.454899428310257e-11,ENSG00000197308.9
ENSG00000115009.11,7021.306363179933,-2.4228443640992343,7.466859958221016e-12,4.6741499912111334e-11,ENSG00000115009.11
ENSG00000075461.5,526751.0245674133,-2.129178602561233,7.701453316337814e-12,4.815152554298458e-11,ENSG00000075461.5
ENSG00000181778.4,712.3201738492593,3.2043157872441568,7.7413185005244e-12,4.838391472428067e-11,ENSG00000181778.4
ENSG00000185518.11,20597.943542169138,1.8680726060937867,8.65703505577584e-12,5.391941584201377e-11,ENSG00000185518.11
ENSG00000240021.9,1672.7012123085644,-1.5065894385120322,1.0097115043243164e-11,6.264959624341471e-11,ENSG00000240021.9
ENSG00000109906.13,38154.215135330654,2.685219117129519,1.0229766461612074e-11,6.342879384490914e-11,ENSG00000109906.13
ENSG00000109107.13,130954.49747938929,1.6615343899126138,1.0824115777619653e-11,6.692899156223537e-11,ENSG00000109107.13
ENSG00000179796.11,1510.7072495447933,3.6154690874272424,1.0851595469447976e-11,6.707579369747657e-11,ENSG00000179796.11
ENSG00000163568.14,14660.776179601524,-2.1031838711381052,1.1147349932926634e-11,6.883277604832605e-11,ENSG00000163568.14
ENSG00000151025.9,16739.601578575363,-2.5476908433767385,1.1347182581941662e-11,6.999444628750814e-11,ENSG00000151025.9
ENSG00000146955.10,6833.445009001017,-1.5243984544990592,1.1562402329925986e-11,7.124641208971701e-11,ENSG00000146955.10
ENSG00000180875.4,13247.559043615402,2.0891208719344205,1.231394740972055e-11,7.554238369915403e-11,ENSG00000180875.4
ENSG00000134940.13,1270.0704402503256,-1.7365974710902334,1.2466152348577671e-11,7.63716755694359e-11,ENSG00000134940.13
ENSG00000137261.13,8213.14268008679,-2.3750860594975713,1.247499204488462e-11,7.639974650287017e-11,ENSG00000137261.13
ENSG00000105976.14,190372.44750945116,1.598847261340797,1.3095303743255384e-11,8.006205464019578e-11,ENSG00000105976.14
ENSG00000274736.4,1488.4966489524732,2.0344997599968306,1.3196581540223303e-11,8.062630546740447e-11,ENSG00000274736.4
ENSG00000136231.13,11752.220478232246,-2.2788163457803523,1.3365124147251437e-11,8.151726298377967e-11,ENSG00000136231.13
ENSG00000159713.10,111712.96195366835,1.5657110088646637,1.3530930564659728e-11,8.247249254492329e-11,ENSG00000159713.10
ENSG00000173210.19,243585.16571568462,1.578247483357357,1.3541986095400167e-11,8.251185008348407e-11,ENSG00000173210.19
ENSG00000153093.18,3590.422483445718,-1.8486201434059149,1.3878425498721328e-11,8.434966741160284e-11,ENSG00000153093.18
ENSG00000147234.10,25982.585845862814,-1.894391690565561,1.4008935641442926e-11,8.506813575297863e-11,ENSG00000147234.10
ENSG00000139219.17,275067.17417874833,-3.506327706013847,1.401932322785005e-11,8.510241407325485e-11,ENSG00000139219.17
ENSG00000130226.16,4742.086815390004,2.9466383511917122,1.5179802094033428e-11,9.189823507939805e-11,ENSG00000130226.16
ENSG00000227507.2,55633.8714066285,-2.1387369648225163,1.524960072397749e-11,9.228965780473931e-11,ENSG00000227507.2
ENSG00000083454.21,18053.2878646649,-1.9696327627417576,1.5693266489196205e-11,9.478289258907327e-11,ENSG00000083454.21
ENSG00000151365.2,115728.36733770985,2.537370244105926,1.6547751143058306e-11,9.967534290400747e-11,ENSG00000151365.2
ENSG00000184254.16,214356.8203866545,1.5884290866075874,1.65636022005586e-11,9.970388389360064e-11,ENSG00000184254.16
ENSG00000183287.13,14068.525954789808,1.9062126795248118,1.6989162714597756e-11,1.0216271305319778e-10,ENSG00000183287.13
ENSG00000183378.11,2302.7930533718313,3.241679930796346,1.7553555578764795e-11,1.0541532841544695e-10,ENSG00000183378.11
ENSG00000254369.6,37339.34839100883,1.7523210082147491,1.8063857703038083e-11,1.0826247916610399e-10,ENSG00000254369.6
ENSG00000162755.13,61193.97185787807,-1.5710134304551542,1.8311962184123242e-11,1.0967618472360061e-10,ENSG00000162755.13
ENSG00000145920.14,11803.724822752503,-6.431109290346546,1.8489665679092755e-11,1.1066663140281535e-10,ENSG00000145920.14
ENSG00000214548.14,144931.01410575092,1.6916139695459247,1.865261000089102e-11,1.1160467951183344e-10,ENSG00000214548.14
ENSG00000160781.15,35816.35365091663,-1.59765602786667,1.870469362734726e-11,1.1187900748303974e-10,ENSG00000160781.15
ENSG00000206113.10,8331.390901761559,-1.967811477701173,1.8749370830179913e-11,1.1210886710321504e-10,ENSG00000206113.10
ENSG00000142273.10,110061.79145769785,-1.5280988089002152,1.9068031111700224e-11,1.1386247929063188e-10,ENSG00000142273.10
ENSG00000145721.11,841.1351726908534,-3.1821795836753366,1.9669208168504404e-11,1.1729620185298872e-10,ENSG00000145721.11
ENSG00000228630.5,41077.89321334976,-2.5119047859988433,2.0235272527156986e-11,1.2047170876818346e-10,ENSG00000228630.5
ENSG00000105509.10,8442.696235083811,2.594036442178764,2.043789621426819e-11,1.2163768148219848e-10,ENSG00000105509.10
ENSG00000132874.14,6730.428163844503,2.364355258388136,2.117706590349761e-11,1.25744960480596e-10,ENSG00000132874.14
ENSG00000123358.19,708037.2099597671,1.819769994680629,2.2352248560355206e-11,1.324599564620257e-10,ENSG00000123358.19
ENSG00000113763.10,50958.98201317879,-2.257017108363725,2.2917577774291848e-11,1.355415344699713e-10,ENSG00000113763.10
ENSG00000101842.13,5752.004590116052,-1.7959912835746032,2.2988314460991586e-11,1.359150954491048e-10,ENSG00000101842.13
ENSG00000170482.16,10417.195294282948,-1.7684793745337877,2.3055212310795707e-11,1.3626572124667923e-10,ENSG00000170482.16
ENSG00000157303.10,307996.79233202036,-2.022951204581367,2.353514024660171e-11,1.3882792787147308e-10,ENSG00000157303.10
ENSG00000011677.12,4678.168952691238,-4.981277679646006,2.3531834898205598e-11,1.3882792787147308e-10,ENSG00000011677.12
ENSG00000179674.3,575.5777027440814,-5.081289721645618,2.3628850028731813e-11,1.393348948128701e-10,ENSG00000179674.3
ENSG00000187045.16,46337.35557940873,-2.488114097282518,2.373795263788322e-11,1.399322674553799e-10,ENSG00000187045.16
ENSG00000120498.13,1515.7085100183729,-1.7955689675579913,2.3824778566972844e-11,1.403979726127293e-10,ENSG00000120498.13
ENSG00000189056.13,38624.876712185825,2.553505010602591,2.3986161625279066e-11,1.4125621404791848e-10,ENSG00000189056.13
ENSG00000162761.14,1847.5309287683174,2.779171889781266,2.420568307031245e-11,1.424383553495112e-10,ENSG00000162761.14
ENSG00000229859.9,919.8813753795611,3.516123590934348,2.4247385424981992e-11,1.4256064353403565e-10,ENSG00000229859.9
ENSG00000007908.15,66071.71167322183,1.887663564463417,2.436533152848648e-11,1.4316028452755776e-10,ENSG00000007908.15
ENSG00000152669.8,68180.1218154512,-2.268235591650284,2.462481825052071e-11,1.4459022862805745e-10,ENSG00000152669.8
ENSG00000183873.15,4482.690651874282,1.9940271115142272,2.473924218144702e-11,1.451670901582359e-10,ENSG00000183873.15
ENSG00000269404.6,34167.9551956362,-2.5881515694946535,2.474743451553807e-11,1.451676904043201e-10,ENSG00000269404.6
ENSG00000071909.18,17774.61750247805,-2.5027454786514083,2.5351776773907515e-11,1.485670419434998e-10,ENSG00000071909.18
ENSG00000075213.10,24250.171954437672,1.5793405746310236,2.5570572639418306e-11,1.4975142148881268e-10,ENSG00000075213.10
ENSG00000105641.3,2571.4803681702488,-2.539627183034277,2.6013117408021124e-11,1.5199589018871085e-10,ENSG00000105641.3
ENSG00000139144.9,35531.314701031835,2.494968598234589,2.6302595678181655e-11,1.5353733794706948e-10,ENSG00000139144.9
ENSG00000141052.17,7617.756599177995,2.053378418864945,2.7259367538579166e-11,1.589672054313502e-10,ENSG00000141052.17
ENSG00000188133.5,1751.103909310387,-3.4204842937091944,2.8913931433269664e-11,1.6823332867658587e-10,ENSG00000188133.5
ENSG00000198569.9,1578.542561900501,-1.866486904904335,2.953581046427647e-11,1.7174030556415326e-10,ENSG00000198569.9
ENSG00000151882.11,222821.50164040044,2.123070042315855,2.980447824528068e-11,1.7324637435481585e-10,ENSG00000151882.11
ENSG00000268964.1,1859.2427388953586,-5.161249831596044,3.0666802618432284e-11,1.7814344648272868e-10,ENSG00000268964.1
ENSG00000027869.11,25249.233762002084,-1.5807080735049222,3.072741620114534e-11,1.7843778521467703e-10,ENSG00000027869.11
ENSG00000126231.13,1568.5902793857706,-1.971781303959585,3.0829655134175254e-11,1.7891569590156557e-10,ENSG00000126231.13
ENSG00000185290.3,22916.42379675944,-1.9157088271686766,3.450463026324202e-11,1.9901995674818861e-10,ENSG00000185290.3
ENSG00000159337.6,2174.0519279663076,-2.593872959881249,3.482182466974496e-11,2.0072046960292436e-10,ENSG00000159337.6
ENSG00000163492.14,4275.183525335589,1.8386755787117928,3.617293540968989e-11,2.0804075416393442e-10,ENSG00000163492.14
ENSG00000107485.15,3178352.968663719,-1.6979378935240883,3.6797293765308155e-11,2.1136063998869703e-10,ENSG00000107485.15
ENSG00000174175.16,59174.59063909918,1.8882144515668282,3.7529063475416164e-11,2.1528820812112138e-10,ENSG00000174175.16
ENSG00000234965.2,877.0185548785823,-2.932104928785035,3.7706146040003065e-11,2.1616584170665015e-10,ENSG00000234965.2
ENSG00000106006.6,4915.95080150676,2.026983411484307,3.819916504713201e-11,2.1885243218573972e-10,ENSG00000106006.6
ENSG00000144230.16,3303.102578384987,2.1151252507372793,3.96466126854902e-11,2.265665025568268e-10,ENSG00000144230.16
ENSG00000086570.12,95720.21730392112,2.180581819223168,3.9677531884678404e-11,2.26671006729917e-10,ENSG00000086570.12
ENSG00000140459.17,6995.826842564206,1.5982662443479896,3.985125110960292e-11,2.2759097705624278e-10,ENSG00000140459.17
ENSG00000235621.8,3608.50192032128,-2.367363869692117,4.024512222123021e-11,2.2969417084534188e-10,ENSG00000235621.8
ENSG00000130988.12,13833.27339748257,1.913555254340684,4.155079017120821e-11,2.368447836188565e-10,ENSG00000130988.12
ENSG00000117707.15,25541.69867688355,1.9909523813511185,4.168656386421797e-11,2.3739247920645103e-10,ENSG00000117707.15
ENSG00000173530.5,25761.02355641086,1.542471543195378,4.210345896395816e-11,2.3953851225404733e-10,ENSG00000173530.5
ENSG00000235770.5,8713.298206441012,-1.7943266082138025,4.229807459879676e-11,2.4049323529810173e-10,ENSG00000235770.5
ENSG00000231806.2,4530.21178349453,-1.9203720496037722,4.352791382568618e-11,2.4693799737215076e-10,ENSG00000231806.2
ENSG00000115593.14,15846.460399391524,4.028807881896635,4.453456058305939e-11,2.52409398326727e-10,ENSG00000115593.14
ENSG00000197272.2,1195.3414651732216,-1.6341758206925652,4.4589054292329346e-11,2.526384560219633e-10,ENSG00000197272.2
ENSG00000167889.12,17854.17163526622,-2.2714511466810126,4.573696213024856e-11,2.588971761719811e-10,ENSG00000167889.12
ENSG00000130287.13,5108.238374839883,-4.214899993275942,4.672984178424678e-11,2.6426734351608076e-10,ENSG00000130287.13
ENSG00000251191.7,1468.1289599916292,-2.919017432868029,4.927137751299228e-11,2.7802691763935014e-10,ENSG00000251191.7
ENSG00000143171.12,3088.1619319696497,2.351836065627332,5.0461733925730276e-11,2.84220204252759e-10,ENSG00000143171.12
ENSG00000181449.3,11220.852717310829,-3.8834685191505236,5.3550707958687796e-11,3.010381903542274e-10,ENSG00000181449.3
ENSG00000114529.12,95621.43883198284,-1.5030652162203673,5.494051576804408e-11,3.084645228228357e-10,ENSG00000114529.12
ENSG00000174145.7,3981.045747851865,3.7445189242373433,5.624285611455317e-11,3.153818156623569e-10,ENSG00000174145.7
ENSG00000126759.13,11998.769279359247,1.5400417539867834,5.6768878349580085e-11,3.1793406776056963e-10,ENSG00000126759.13
ENSG00000152527.13,68125.17787188913,1.521830054459638,5.918690188906915e-11,3.308566253886158e-10,ENSG00000152527.13
ENSG00000148053.15,662324.8573666645,2.184466836515399,6.047800131365337e-11,3.377582494778077e-10,ENSG00000148053.15
ENSG00000152578.12,15265.643848471624,2.9131575925205184,6.19752054973324e-11,3.4590453730766176e-10,ENSG00000152578.12
ENSG00000135824.12,1890.902524712451,-1.980192045198588,6.383459821516589e-11,3.558397112062556e-10,ENSG00000135824.12
ENSG00000122592.7,40058.208416715075,1.761301498896489,6.832470532198722e-11,3.7992516650069373e-10,ENSG00000122592.7
ENSG00000198216.10,2953.717634363851,-1.7565929581788993,7.079200138049731e-11,3.9322398527267816e-10,ENSG00000198216.10
ENSG00000148408.12,5249.319096278471,-2.520424090011843,7.094813323951492e-11,3.939026308322573e-10,ENSG00000148408.12
ENSG00000140873.15,17384.723900480607,2.106917023894574,7.497466777341554e-11,4.1484595699234303e-10,ENSG00000140873.15
ENSG00000108551.4,147617.41490387684,1.744672172309177,7.500789914367013e-11,4.14901893413692e-10,ENSG00000108551.4
ENSG00000160307.9,94560.79145994277,2.511974213687983,7.653200276459178e-11,4.224208728415364e-10,ENSG00000160307.9
ENSG00000090932.10,3405.3831497451056,-2.8451756420627845,7.668666954637485e-11,4.2301432472798967e-10,ENSG00000090932.10
ENSG00000241158.5,10681.588002543653,1.8923775273692451,8.141005810130579e-11,4.478301908552517e-10,ENSG00000241158.5
ENSG00000178343.4,2445.004454188678,2.599102431626912,8.203147698667481e-11,4.5083394274085537e-10,ENSG00000178343.4
ENSG00000064787.13,230164.6664654525,-2.1837523721324654,8.460220415808383e-11,4.6439337761170277e-10,ENSG00000064787.13
ENSG00000101188.4,1874.6951918053376,-2.9999731217016374,8.609509716909853e-11,4.715782733828767e-10,ENSG00000101188.4
ENSG00000256713.7,810.3145607593206,3.3266797465284825,8.658040391491615e-11,4.740917814614756e-10,ENSG00000256713.7
ENSG00000163631.16,41385.44528536922,2.751498894442003,8.816705498718469e-11,4.823383032591591e-10,ENSG00000163631.16
ENSG00000169583.12,33255.39797869399,-1.9464607808064744,8.952496487084683e-11,4.89330484277208e-10,ENSG00000169583.12
ENSG00000261390.5,1617.7060532929393,1.8659019820423282,9.048880255727044e-11,4.941360538915583e-10,ENSG00000261390.5
ENSG00000183779.6,1051625.2044225864,-1.6081094112007512,9.149528740149916e-11,4.993282959648725e-10,ENSG00000183779.6
ENSG00000178597.6,1493.602590494015,-8.088607218358959,9.219824190563232e-11,5.028587394391083e-10,ENSG00000178597.6
ENSG00000016602.9,3618.7774667625213,3.323618818780134,9.520518302186371e-11,5.183136541700007e-10,ENSG00000016602.9
ENSG00000054356.13,10556.464597741315,-2.2737711738337443,9.621848364044547e-11,5.231952940739859e-10,ENSG00000054356.13
ENSG00000136928.6,10160.227375438584,-2.6685518272336304,9.798189414742777e-11,5.324612684983173e-10,ENSG00000136928.6
ENSG00000239677.6,3862.779454583135,1.5914863292317956,9.930026798473629e-11,5.389727794065662e-10,ENSG00000239677.6
ENSG00000116996.9,235.74947763449728,-5.861140582925064,9.959109987662852e-11,5.403878730529852e-10,ENSG00000116996.9
ENSG00000234577.1,1334.3230618925384,1.8535530424015991,1.0367655399990425e-10,5.613675573247682e-10,ENSG00000234577.1
ENSG00000171695.10,734.5701965647515,-3.023992434126345,1.0903734957623814e-10,5.895047305803005e-10,ENSG00000171695.10
ENSG00000156234.7,190324.54098722717,-2.7205745231436667,1.1311179148144291e-10,6.102459369642248e-10,ENSG00000156234.7
ENSG00000163600.12,13882.590190838888,-1.95777770485395,1.144958982068111e-10,6.171566228365931e-10,ENSG00000163600.12
ENSG00000261210.7,785.0861305059018,-1.976419948588714,1.1659486213544634e-10,6.277162334708817e-10,ENSG00000261210.7
ENSG00000204950.3,18578.666908627594,-1.8079459557036628,1.1807960613759853e-10,6.351380253396488e-10,ENSG00000204950.3
ENSG00000149970.14,10387.858700303765,1.8697095756599167,1.2144637936217944e-10,6.522699285468266e-10,ENSG00000149970.14
ENSG00000151632.17,224327.90265111552,2.654071376208513,1.2617924643240788e-10,6.766767477534749e-10,ENSG00000151632.17
ENSG00000273514.1,767.4195059198082,-1.831238664664885,1.2698247790267184e-10,6.807808734644588e-10,ENSG00000273514.1
ENSG00000182759.3,680.3660729818181,-3.0623782350237394,1.283588956322422e-10,6.879546066980149e-10,ENSG00000182759.3
ENSG00000183850.13,7643.0135211461375,-1.7000557745561684,1.2921028303772825e-10,6.918977376392109e-10,ENSG00000183850.13
ENSG00000124256.14,24161.208158944617,-1.8058635159757421,1.301028465637448e-10,6.964466183813699e-10,ENSG00000124256.14
ENSG00000175985.9,29708.81398869407,-2.113409658604344,1.3058160361614727e-10,6.98615472655977e-10,ENSG00000175985.9
ENSG00000147381.11,3765.204882558738,-7.334807949281323,1.3322124783937233e-10,7.123128936918048e-10,ENSG00000147381.11
ENSG00000068078.17,164606.38659059996,-1.9194887025648493,1.3527078373715155e-10,7.221954606901063e-10,ENSG00000068078.17
ENSG00000153002.11,2377950.5797195006,-4.023745201733475,1.401198888191451e-10,7.469730496050921e-10,ENSG00000153002.11
ENSG00000171916.16,5191.117614499808,-1.9130454747205705,1.441183783550545e-10,7.669217619226269e-10,ENSG00000171916.16
ENSG00000167371.17,52074.54661137641,-1.591415769604474,1.5137285106268242e-10,8.040954527734676e-10,ENSG00000167371.17
ENSG00000169427.6,1095.4539730533502,-2.2049031452416266,1.5521731951362756e-10,8.235421588860239e-10,ENSG00000169427.6
ENSG00000249464.5,2041.497238024688,1.6133722187289348,1.55970741394225e-10,8.270505270620489e-10,ENSG00000249464.5
ENSG00000198010.12,1626.070795526455,1.9468330396193154,1.5924437804583076e-10,8.434123729794531e-10,ENSG00000198010.12
ENSG00000226031.5,1303.850120199233,2.4832875145764275,1.5988226441354973e-10,8.465409715658709e-10,ENSG00000226031.5
ENSG00000112530.11,4107.081518432572,1.577562919543407,1.6210670275985707e-10,8.580656856409662e-10,ENSG00000112530.11
ENSG00000115705.20,14911.88703335767,1.588194092105877,1.6291455980755744e-10,8.620875438474817e-10,ENSG00000115705.20
ENSG00000267206.5,2388.9689274072384,2.573146689558402,1.7650415889236663e-10,9.307054443622178e-10,ENSG00000267206.5
ENSG00000213199.7,12197.87037635726,-1.5157426573263006,1.8276500692635908e-10,9.617405525767119e-10,ENSG00000213199.7
ENSG00000158477.6,9832.730328874835,-2.805170960124026,1.8301246586483966e-10,9.627603891758086e-10,ENSG00000158477.6
ENSG00000100448.3,14177.782997832388,2.157593462892879,1.8329163020711744e-10,9.639463694128123e-10,ENSG00000100448.3
ENSG00000046653.14,119279.69693503347,1.5087290728358898,1.840019919029222e-10,9.668321354922506e-10,ENSG00000046653.14
ENSG00000050730.15,4275.098389669659,-2.193994425126515,1.874943170077002e-10,9.843177368011036e-10,ENSG00000050730.15
ENSG00000204983.13,1317.9837313184464,-4.360651119175257,1.908110802256189e-10,1.0008518046093265e-09,ENSG00000204983.13
ENSG00000126251.6,999.8614206816842,2.2140056562238737,1.9318153343248262e-10,1.0129893149948766e-09,ENSG00000126251.6
ENSG00000188257.10,99150.90453460415,2.7497147353646314,2.0002132456359722e-10,1.0467140997285473e-09,ENSG00000188257.10
ENSG00000269113.3,39997.410573606736,1.6980943242141469,2.1072007913031737e-10,1.1001341576707638e-09,ENSG00000269113.3
ENSG00000171773.2,457.4094904132147,3.1543845398726593,2.201857836005499e-10,1.1468835126061735e-09,ENSG00000171773.2
ENSG00000189186.10,122.94231631803514,-8.217104890648331,2.4164991240528747e-10,1.2532271757804852e-09,ENSG00000189186.10
ENSG00000198033.11,1491.4453238329334,-3.8770649300137565,2.427485339352319e-10,1.2581974849606592e-09,ENSG00000198033.11
ENSG00000152592.13,609.024817830435,-3.0659864104047148,2.46916128531086e-10,1.2794291107022254e-09,ENSG00000152592.13
ENSG00000178776.4,24149.814749576577,-2.106478868481859,2.493773960442597e-10,1.2918094672685324e-09,ENSG00000178776.4
ENSG00000196557.12,196513.0588195252,-2.03884226878902,2.494867985802283e-10,1.292003207423843e-09,ENSG00000196557.12
ENSG00000125337.16,3302.2293381754876,1.8915485819092093,2.556429534984747e-10,1.3215952629146154e-09,ENSG00000125337.16
ENSG00000070886.11,5082.445619509206,-2.9313020706768245,2.680943605574323e-10,1.3835735420887446e-09,ENSG00000070886.11
ENSG00000225950.8,6058.13518921508,2.269961172478054,2.6841406805391677e-10,1.3848251975731693e-09,ENSG00000225950.8
ENSG00000165349.11,5413.48312199307,3.0449300404894526,2.88523782492746e-10,1.483033730464003e-09,ENSG00000165349.11
ENSG00000150667.6,96786.7554208303,-2.1479899516720957,3.0082355386757544e-10,1.5449278336003932e-09,ENSG00000150667.6
ENSG00000170454.5,6667.626298084542,-3.062875931200936,3.083798264108048e-10,1.5819232719026533e-09,ENSG00000170454.5
ENSG00000186326.3,2227.8488717688383,-1.6296981012105072,3.155827342237385e-10,1.617023581642137e-09,ENSG00000186326.3
ENSG00000144229.11,12534.118407331462,1.6644540971665678,3.3616663060183776e-10,1.7180786156420897e-09,ENSG00000144229.11
ENSG00000165215.6,432031.5516987379,-1.5236380365271545,3.381435549039272e-10,1.7271983914591715e-09,ENSG00000165215.6
ENSG00000153060.7,3354.0539074386165,-1.5723607929482408,3.490946569994227e-10,1.7816139150163939e-09,ENSG00000153060.7
ENSG00000257017.8,16462.654571175768,2.6067574857570994,3.692176576194873e-10,1.8799647657773622e-09,ENSG00000257017.8
ENSG00000170627.10,3605.049071255745,-1.8955914336211817,3.8287504922110574e-10,1.944610779287722e-09,ENSG00000170627.10
ENSG00000163499.11,511.0774709298479,-4.076370615112566,3.8569758196213765e-10,1.9583920234093376e-09,ENSG00000163499.11
ENSG00000168952.15,13263.318738527978,1.8090690144470833,3.8652792487668864e-10,1.9620529233344557e-09,ENSG00000168952.15
ENSG00000164220.6,171138.92886690047,-1.6568817139490475,3.9076018419422755e-10,1.982975323863467e-09,ENSG00000164220.6
ENSG00000160200.17,86935.52206960195,-1.8722676521028052,4.0006278025917754e-10,2.0273161618104157e-09,ENSG00000160200.17
ENSG00000081138.13,7896.849728672578,-3.3846001072175,4.062184599911764e-10,2.0567675073593876e-09,ENSG00000081138.13
ENSG00000138684.7,296.7010738790033,-4.923008097287383,4.071056754787505e-10,2.0605170989564833e-09,ENSG00000138684.7
ENSG00000069482.6,20445.9624786044,-2.488322171132315,4.153779576827263e-10,2.1007728502420633e-09,ENSG00000069482.6
ENSG00000172752.14,1431.382371217451,-3.328713736938272,4.1573640048608854e-10,2.1019932291694484e-09,ENSG00000172752.14
ENSG00000205231.1,687.6525314086948,2.1157142949706924,4.231991126131371e-10,2.137316317683685e-09,ENSG00000205231.1
ENSG00000182885.16,4209.824982987579,1.80418711520146,4.3188820804443505e-10,2.1793593940239998e-09,ENSG00000182885.16
ENSG00000139055.6,115515.20047177938,-1.6656862110958865,4.3834793036255685e-10,2.2113340630941017e-09,ENSG00000139055.6
ENSG00000177455.12,10755.53293016377,-2.308090780033789,4.403108883346189e-10,2.220612304743227e-09,ENSG00000177455.12
ENSG00000270885.1,39532.65023004264,1.809846317866558,4.5115997340872444e-10,2.2689502698559844e-09,ENSG00000270885.1
ENSG00000078081.7,86593.9960447905,-1.8720818695361452,4.578390239982009e-10,2.3006058377551713e-09,ENSG00000078081.7
ENSG00000106113.18,1368.8891705722642,1.6663966628957183,4.717313008131779e-10,2.364454318936219e-09,ENSG00000106113.18
ENSG00000125999.10,140926.9799476498,-2.8163464689400532,4.75207480172806e-10,2.379710159780227e-09,ENSG00000125999.10
ENSG00000102287.18,86297.74309597666,2.1333980587806947,5.039011408390843e-10,2.509575928730649e-09,ENSG00000102287.18
ENSG00000122584.12,23512.687122015992,-4.5521120817133225,5.038745520840453e-10,2.509575928730649e-09,ENSG00000122584.12
ENSG00000151023.16,3983.4656095514492,-1.7130683654951164,5.046797929853511e-10,2.5127564387705716e-09,ENSG00000151023.16
ENSG00000159387.7,16605.48340153463,2.2385376880578236,5.083702049990268e-10,2.5304285599174855e-09,ENSG00000159387.7
ENSG00000237412.6,68.38796766743933,-8.539060508786914,5.341005845399838e-10,2.651881817649549e-09,ENSG00000237412.6
ENSG00000117215.14,28826.20993938932,-2.4121614460704026,5.49059600743963e-10,2.7208852459954903e-09,ENSG00000117215.14
ENSG00000178372.7,471403.0954108702,-3.19407052579169,5.489725154362947e-10,2.7208852459954903e-09,ENSG00000178372.7
ENSG00000143546.9,225993.6179889526,-2.7769147227112216,5.512696312205778e-10,2.7310828996747784e-09,ENSG00000143546.9
ENSG00000198099.8,1436.0656210388174,3.3658707860654427,5.549932362458118e-10,2.746497140428805e-09,ENSG00000198099.8
ENSG00000169884.13,4149.312484131038,1.6143235192097438,5.5929473489079e-10,2.7654959280463862e-09,ENSG00000169884.13
ENSG00000237330.2,18820.582755178588,-1.5821429289317754,5.63232584604878e-10,2.783433075778004e-09,ENSG00000237330.2
ENSG00000107821.14,85575.57841549977,-1.5137955170468411,5.677193933358454e-10,2.8048339190579325e-09,ENSG00000107821.14
ENSG00000187550.8,632.1135715454432,-4.2281079155981045,5.691504393320375e-10,2.8111300532271074e-09,ENSG00000187550.8
ENSG00000102021.10,51.44786990510909,-7.8455090847538305,6.110893564848238e-10,3.0066869790961553e-09,ENSG00000102021.10
ENSG00000231768.1,4990.443253155081,1.8935665287745456,6.16306562187698e-10,3.0290344979172974e-09,ENSG00000231768.1
ENSG00000113302.4,1953.4592092242865,-2.352522541628769,6.194686550286148e-10,3.042908717720631e-09,ENSG00000113302.4
ENSG00000000005.5,15683.237314620805,3.1098033274931587,6.383364016536517e-10,3.127883230822809e-09,ENSG00000000005.5
ENSG00000147432.6,39.312907496138926,-7.447638576493731,6.520227670125987e-10,3.1905908184548868e-09,ENSG00000147432.6
ENSG00000164326.4,43063.82086376596,-7.3462884884655155,6.554108538683442e-10,3.2054217393877265e-09,ENSG00000164326.4
ENSG00000181215.14,2326.93120177488,-2.361588987615524,6.638038405218561e-10,3.2429338726719813e-09,ENSG00000181215.14
ENSG00000166509.10,894291.3856030009,-5.06691075302255,6.778854744034913e-10,3.307225925148518e-09,ENSG00000166509.10
ENSG00000100285.9,49088.837284791254,-1.974723704029806,6.807776917189169e-10,3.3195312228815884e-09,ENSG00000100285.9
ENSG00000186086.18,32264.947658276364,-2.782006582884816,7.06124175614327e-10,3.4384510738734013e-09,ENSG00000186086.18
ENSG00000130222.10,77929.06423895425,-1.5825829661749846,7.169259276113514e-10,3.488210098985382e-09,ENSG00000130222.10
ENSG00000234602.7,10258.175028280964,-2.5919206257063636,7.182474720503243e-10,3.4927459724853713e-09,ENSG00000234602.7
ENSG00000115361.7,13177.175705470709,2.8898020816952195,7.231616344417785e-10,3.515690156711805e-09,ENSG00000115361.7
ENSG00000119508.17,53634.695434851805,1.7893833388332323,7.712055811768619e-10,3.743173640421318e-09,ENSG00000119508.17
ENSG00000249231.7,2272.8512547155187,-3.372789284829202,7.764374840666853e-10,3.767548462437156e-09,ENSG00000249231.7
ENSG00000089012.14,15630.367518420424,-1.7864095261733814,7.838439259596989e-10,3.802458882784763e-09,ENSG00000089012.14
ENSG00000198054.11,1019.1489781042445,-5.1839240115189735,7.971303412255453e-10,3.862734767202588e-09,ENSG00000198054.11
ENSG00000131015.4,7447.807052689926,-1.6931455284391843,8.033453652378103e-10,3.891800549089436e-09,ENSG00000131015.4
ENSG00000129514.5,1647374.1568924692,-1.6924276379366519,8.102324219038791e-10,3.923046567361902e-09,ENSG00000129514.5
ENSG00000241935.8,6150.096581092385,1.8874075040568,8.612525620508066e-10,4.15662075670782e-09,ENSG00000241935.8
ENSG00000156885.5,750.9650743123191,-3.0231578616033787,8.655746204788469e-10,4.1763568136252835e-09,ENSG00000156885.5
ENSG00000180616.8,93593.71208603273,-1.7865806690759005,8.920800461017268e-10,4.29385309743814e-09,ENSG00000180616.8
ENSG00000272398.5,7207236.862310741,-1.60137518741733,9.892690841333259e-10,4.741304606220192e-09,ENSG00000272398.5
ENSG00000166396.12,6001.316279050986,-2.6445424602614667,9.917042761630917e-10,4.751706683970766e-09,ENSG00000166396.12
ENSG00000169174.10,8128.99908738387,-2.055065167446806,9.977364011598836e-10,4.7793331506708365e-09,ENSG00000169174.10
ENSG00000137077.7,99142.21330596229,2.358150702622902,1.0431306120076018e-09,4.989757511084183e-09,ENSG00000137077.7
ENSG00000227674.1,446.8652928605794,-7.705418722671023,1.0679947800993762e-09,5.1022626022639e-09,ENSG00000227674.1
ENSG00000186462.8,17342.5684855135,1.6033230179809261,1.0889265325083484e-09,5.196728111523884e-09,ENSG00000186462.8
ENSG00000106688.11,295762.75905610534,-2.200695337641268,1.1215496125985586e-09,5.345308432528164e-09,ENSG00000106688.11
ENSG00000125820.5,6725.902404033086,-5.368463496826559,1.1461016378594502e-09,5.457974466494154e-09,ENSG00000125820.5
ENSG00000167751.12,3316.029988709299,2.77222689043105,1.1567875664200666e-09,5.505940607915564e-09,ENSG00000167751.12
ENSG00000146005.3,4206.890712758855,1.7463503098934552,1.1761496314868385e-09,5.5906831754701535e-09,ENSG00000146005.3
ENSG00000260903.2,1134.5312320383646,-3.1037998306164383,1.2070288171481464e-09,5.731390604632532e-09,ENSG00000260903.2
ENSG00000102970.10,5075.8739288871075,-1.8765338964213896,1.2155999678617078e-09,5.770562387119175e-09,ENSG00000102970.10
ENSG00000150471.16,24084.671745225056,1.899794465054998,1.2443557668375202e-09,5.899265490127467e-09,ENSG00000150471.16
ENSG00000172137.18,95797.99136992969,2.1040934366466253,1.260396073496566e-09,5.965852583176571e-09,ENSG00000172137.18
ENSG00000154438.7,190.50547456567514,-7.5510811893413745,1.2601023214240659e-09,5.965852583176571e-09,ENSG00000154438.7
ENSG00000166268.10,6590.520158285708,-1.776500408342284,1.2779719725745545e-09,6.047449650811658e-09,ENSG00000166268.10
ENSG00000164619.8,15543.02801586915,2.0774296799920187,1.3397020498514918e-09,6.328316733932914e-09,ENSG00000164619.8
ENSG00000175874.9,2709.1956891891327,-1.6478426994627737,1.38268893658918e-09,6.525768089993753e-09,ENSG00000175874.9
ENSG00000131914.10,1745.6123704429608,-4.4512167117881605,1.4382819474715847e-09,6.775671111953299e-09,ENSG00000131914.10
ENSG00000269526.1,1911.8780185384394,-3.5860651210418286,1.4417134544775446e-09,6.790054127859596e-09,ENSG00000269526.1
ENSG00000170835.14,14938.276728209941,-1.8452266613408153,1.5234297035638565e-09,7.1604096910053174e-09,ENSG00000170835.14
ENSG00000148671.13,663309.6511564365,1.6229047906309888,1.5447645602065402e-09,7.254450475882271e-09,ENSG00000148671.13
ENSG00000180999.10,667.4474127716969,-3.327119296059482,1.6301381339724214e-09,7.637388688250947e-09,ENSG00000180999.10
ENSG00000117983.17,630552.0776754839,-2.5885035324229713,1.64840416122189e-09,7.710887452806463e-09,ENSG00000117983.17
ENSG00000143125.5,2251.1108878656732,2.8982584744875055,1.6592722781560573e-09,7.757681542270008e-09,ENSG00000143125.5
ENSG00000123999.4,8219.99712397643,-1.7656844614083742,1.7154537169858392e-09,8.011999348670979e-09,ENSG00000123999.4
ENSG00000134532.15,27140.568283893932,1.5810734233470325,1.7540039683818865e-09,8.181400366167032e-09,ENSG00000134532.15
ENSG00000223572.9,80306.80132875734,-1.837919016677687,1.783028035605104e-09,8.301674901634143e-09,ENSG00000223572.9
ENSG00000160808.9,2125.648608998141,1.5420163780412053,1.826215667926974e-09,8.49815968607603e-09,ENSG00000160808.9
ENSG00000178395.6,1090.290512512975,-2.969938947716832,1.8661432285359747e-09,8.672901862949892e-09,ENSG00000178395.6
ENSG00000173826.14,1501.9533964253474,-3.39302539741371,1.9413016216217183e-09,9.010531893010893e-09,ENSG00000173826.14
ENSG00000096006.11,92260.84722597744,-3.310272832812972,1.9540165873614723e-09,9.064858749641742e-09,ENSG00000096006.11
ENSG00000183862.5,1006.4825663193564,-5.4765354555062835,1.9727187338634878e-09,9.142165537305379e-09,ENSG00000183862.5
ENSG00000145934.16,41211.69149919731,1.8027671163265473,2.078947585839322e-09,9.619555306936771e-09,ENSG00000145934.16
ENSG00000168824.14,23959.897173238307,1.8901910968575657,2.0919605199221856e-09,9.674778239557654e-09,ENSG00000168824.14
ENSG00000064300.8,119462.47067315814,1.815650293653061,2.1116047288252805e-09,9.760596407532415e-09,ENSG00000064300.8
ENSG00000188883.4,34185.7645337637,-1.873405910218137,2.1130015614292572e-09,9.76453773326979e-09,ENSG00000188883.4
ENSG00000102468.10,4531.945848944739,1.9711301044868337,2.1628136860429305e-09,9.981874686819533e-09,ENSG00000102468.10
ENSG00000152977.9,27402.357209727743,-3.1051311838156685,2.232376722398119e-09,1.0292335022279509e-08,ENSG00000152977.9
ENSG00000167800.9,3263.8955081805243,-4.740593840303524,2.2765196104893485e-09,1.0485079027366754e-08,ENSG00000167800.9
ENSG00000163207.6,3932.74655929919,-4.357974558793151,2.2878015897582574e-09,1.053163461432072e-08,ENSG00000163207.6
ENSG00000273079.5,4574.149415607935,2.5041554832018433,2.3419541710555357e-09,1.0772628978574862e-08,ENSG00000273079.5
ENSG00000069812.11,35541.5941833356,-1.9748310596344922,2.4167236838743347e-09,1.1099485483348108e-08,ENSG00000069812.11
ENSG00000126259.19,4128.019031440015,-2.8571303837648223,2.4310102130858582e-09,1.1159387890409988e-08,ENSG00000126259.19
ENSG00000166342.18,5619.000562828794,-2.298074074547096,2.4336410412829554e-09,1.1168607377181931e-08,ENSG00000166342.18
ENSG00000116544.11,6164.013291905835,-1.7495153755802155,2.463580752335098e-09,1.1288685653703014e-08,ENSG00000116544.11
ENSG00000138039.14,1357.1066941307588,4.256855822842698,2.542586210065725e-09,1.1623991580489012e-08,ENSG00000138039.14
ENSG00000181195.10,10696.888199901548,2.807015170994075,2.5442424518706266e-09,1.1628600753022548e-08,ENSG00000181195.10
ENSG00000108176.14,235972.746113371,-1.8926905910851677,2.556606735296264e-09,1.1679162743929776e-08,ENSG00000108176.14
ENSG00000130433.7,3566.8972695129455,-3.896503205597419,2.6844169439693975e-09,1.2238104075860484e-08,ENSG00000130433.7
ENSG00000119121.21,7052.9966239077585,1.8653396711834658,2.7078573897347202e-09,1.2338698070441801e-08,ENSG00000119121.21
ENSG00000258498.8,10735.595469227464,1.9302207925653103,2.7304321939064544e-09,1.243524753488767e-08,ENSG00000258498.8
ENSG00000070985.13,656.7649530700128,-2.318939741647069,2.7372410015685415e-09,1.2463093766086249e-08,ENSG00000070985.13
ENSG00000148926.9,91319.83270703256,1.583655250130627,2.8099680487576667e-09,1.2778019935861018e-08,ENSG00000148926.9
ENSG00000114757.18,20138.85626151172,-2.288800670606912,2.81551603532446e-09,1.2800005000725135e-08,ENSG00000114757.18
ENSG00000106541.11,2895182.290705931,-2.0944625108532153,2.825219855352257e-09,1.284086754925048e-08,ENSG00000106541.11
ENSG00000136542.8,125337.3281627667,-1.8300508524167691,2.864308988594703e-09,1.3008646036786474e-08,ENSG00000136542.8
ENSG00000234068.6,1128.8630778851132,-5.105189324255887,3.1602976153496382e-09,1.4277034342858486e-08,ENSG00000234068.6
ENSG00000127472.10,7526.193695175274,1.5039539449831465,3.4005186039461442e-09,1.5315990418978316e-08,ENSG00000127472.10
ENSG00000172554.11,3173.944786109271,2.2337182728460667,3.422282655589754e-09,1.540241785099136e-08,ENSG00000172554.11
ENSG00000114113.6,1829.3680077522145,-2.212260596515978,3.5358699116550427e-09,1.588574103523738e-08,ENSG00000114113.6
ENSG00000102683.7,10655.56256124176,2.642275062154123,3.671788215590153e-09,1.6471641935137425e-08,ENSG00000102683.7
ENSG00000189252.4,63.0101069858469,-7.494427194960825,3.755158444547746e-09,1.6828811970270918e-08,ENSG00000189252.4
ENSG00000148965.9,8460.379914251349,2.2583057210466633,3.812030534060988e-09,1.7075156241435435e-08,ENSG00000148965.9
ENSG00000165379.13,7734.855708158067,1.8043944376243084,3.899292906186728e-09,1.7439908252396472e-08,ENSG00000165379.13
ENSG00000132464.11,102243.3668787021,2.0042767713486254,3.9979524105052874e-09,1.7867810225182284e-08,ENSG00000132464.11
ENSG00000197599.12,10429.985417047541,-1.5161426798327224,4.0699916068234245e-09,1.8171037158453196e-08,ENSG00000197599.12
ENSG00000174939.10,32293.53186929629,-1.703318909896088,4.080672350107936e-09,1.820123903811504e-08,ENSG00000174939.10
ENSG00000113396.12,22962.741781159588,2.074240403295913,4.1401662655580715e-09,1.8457426948863114e-08,ENSG00000113396.12
ENSG00000118733.16,549.3289205926787,-5.727986460908686,4.169460913542783e-09,1.8574182381482546e-08,ENSG00000118733.16
ENSG00000171951.4,23150.862322557354,-1.780828520722329,4.200921461157809e-09,1.8709688433610257e-08,ENSG00000171951.4
ENSG00000154080.13,24315.952024207276,2.2992068250464293,4.264845009404702e-09,1.8980252690664176e-08,ENSG00000154080.13
ENSG00000145087.12,2641.9792607627,-2.7053685847653517,4.325414093157229e-09,1.9235497022952495e-08,ENSG00000145087.12
ENSG00000228221.5,6700.86230271566,-2.0700086535203654,4.44748400354351e-09,1.9744100187922994e-08,ENSG00000228221.5
ENSG00000172201.11,181000.21534882337,1.7616766518089508,4.521123435018927e-09,2.0061087764089917e-08,ENSG00000172201.11
ENSG00000141424.12,7107149.640628577,-1.6051147934569179,4.613718762525805e-09,2.0431532446881302e-08,ENSG00000141424.12
ENSG00000162949.16,213323.61456410214,-1.7127807368040102,4.7124200745670675e-09,2.0837768806809133e-08,ENSG00000162949.16
ENSG00000171611.9,1164.1863323121004,-1.8589874676145097,4.866144817370607e-09,2.1491041743268073e-08,ENSG00000171611.9
ENSG00000185008.17,61407.711410364835,-2.390138521677349,4.9289338380488385e-09,2.175763561868348e-08,ENSG00000185008.17
ENSG00000187955.11,757259.1096314631,1.5219996797717104,4.9503855607117856e-09,2.18469548699981e-08,ENSG00000187955.11
ENSG00000156219.16,18305.010615523453,-3.0903903645093105,5.015562251397621e-09,2.2118272066620525e-08,ENSG00000156219.16
ENSG00000273313.1,1842.5949379234005,-1.9379702524428268,5.093437554499162e-09,2.2450661625628337e-08,ENSG00000273313.1
ENSG00000170423.12,699.1376623113792,-2.3636793576634068,5.269840401600374e-09,2.319401917250849e-08,ENSG00000170423.12
ENSG00000104332.11,1488493.8135417036,2.2352668340599466,5.479705360183933e-09,2.4082251526608004e-08,ENSG00000104332.11
ENSG00000133169.5,54394.31443424499,-2.8963209253703237,5.78295711812732e-09,2.5346698223663078e-08,ENSG00000133169.5
ENSG00000186810.7,27275.93176599663,-1.5729912101409858,5.796273601391918e-09,2.5398860440385002e-08,ENSG00000186810.7
ENSG00000173267.13,161031.28090157092,1.8475576750207334,5.849460129700148e-09,2.5613543009874598e-08,ENSG00000173267.13
ENSG00000166897.14,6865.762828963275,-2.206360492737316,6.14049659564388e-09,2.6815544149971713e-08,ENSG00000166897.14
ENSG00000120251.18,104831.6235575589,-3.259084075011072,6.2109484151751315e-09,2.7090242674259254e-08,ENSG00000120251.18
ENSG00000053108.16,25840.859211704308,-1.690349874131224,6.2513476181743335e-09,2.725320254142863e-08,ENSG00000053108.16
ENSG00000165799.4,3187.226132562589,2.49217110846595,6.291979251835693e-09,2.740343165502389e-08,ENSG00000165799.4
ENSG00000118160.13,5128.8522430331295,-2.058510713473474,6.293443036689337e-09,2.740343165502389e-08,ENSG00000118160.13
ENSG00000131096.10,4137.417106412547,-2.338952995067011,6.478169079337712e-09,2.8153128108412665e-08,ENSG00000131096.10
ENSG00000237289.9,192485.88182673522,-1.7648576228230481,6.486009518217552e-09,2.8180376463655147e-08,ENSG00000237289.9
ENSG00000174502.18,4042.324924871825,-2.7607793667379643,6.553291774041428e-09,2.8458922457260256e-08,ENSG00000174502.18
ENSG00000100253.12,1049.5026550076727,-2.057222848870078,6.594164700382012e-09,2.862949222928982e-08,ENSG00000100253.12
ENSG00000165078.12,9680.998157513217,-2.6661755653749846,6.753012681661987e-09,2.929080482469004e-08,ENSG00000165078.12
ENSG00000157601.13,1298920.6643056893,-1.593714308416879,6.9146297998282075e-09,2.9970076600994533e-08,ENSG00000157601.13
ENSG00000196565.13,815.136574254067,1.9205507034727942,6.91821092837532e-09,2.997835713565968e-08,ENSG00000196565.13
ENSG00000228607.2,445.2247436588502,-4.220109838313656,7.198326977634345e-09,3.1124525129318234e-08,ENSG00000228607.2
ENSG00000227234.1,531.6422021341823,-5.0202315831739215,7.478282805509885e-09,3.22805645085565e-08,ENSG00000227234.1
ENSG00000130700.6,6017.295204354353,-3.855847568060666,7.598878967962031e-09,3.276172133616307e-08,ENSG00000130700.6
ENSG00000026559.13,30201.767268489577,-2.3211696673508015,7.77250701116832e-09,3.3470090186802095e-08,ENSG00000026559.13
ENSG00000124812.14,335.2774470399714,-5.428546825270718,7.794728281635077e-09,3.355772655606042e-08,ENSG00000124812.14
ENSG00000132465.10,1288497.990043801,1.926569507611266,7.906273868223524e-09,3.402978610971526e-08,ENSG00000132465.10
ENSG00000122420.9,26002.798064161016,1.8765419929066762,8.018223523556153e-09,3.447029298195774e-08,ENSG00000122420.9
ENSG00000230115.1,28119.724629329212,-2.494792891113632,8.050940177319409e-09,3.4602651626783106e-08,ENSG00000230115.1
ENSG00000123838.10,7507.7350685225865,2.8241295995869296,8.112652295967678e-09,3.485119291329758e-08,ENSG00000123838.10
ENSG00000179455.7,9138.298620378902,-2.9583007184689922,8.144422046603121e-09,3.4979298517052754e-08,ENSG00000179455.7
ENSG00000187559.5,854.6032495084175,-1.5837636838847902,8.162658223390089e-09,3.504923167277142e-08,ENSG00000187559.5
ENSG00000052850.5,23685.791347753355,2.0483625711258138,8.263584677758823e-09,3.5440192031000076e-08,ENSG00000052850.5
ENSG00000101251.11,596.1980071013646,3.1247550891905376,8.326724090382267e-09,3.568539218481476e-08,ENSG00000101251.11
ENSG00000125879.4,1733.4552140321675,-3.2337844294446683,8.405151076324362e-09,3.599571143521822e-08,ENSG00000125879.4
ENSG00000125878.6,4545.810398052617,1.6777865231803961,8.71659100227267e-09,3.728498425382141e-08,ENSG00000125878.6
ENSG00000189377.8,135110.8349756863,-2.580796765229696,9.108746830809354e-09,3.8860521429396824e-08,ENSG00000189377.8
ENSG00000196542.8,153574.3626953716,-2.1003267234736076,9.210325054759979e-09,3.926587616598077e-08,ENSG00000196542.8
ENSG00000166924.8,3680.8047682891397,1.548785271161849,9.213665676662158e-09,3.927078786271396e-08,ENSG00000166924.8
ENSG00000009765.14,16818.343484751607,-2.7089664282736043,9.543368151620793e-09,4.061816843279969e-08,ENSG00000009765.14
ENSG00000186297.11,869.8740485446713,-4.6266172057585315,9.553303211300532e-09,4.065081167265277e-08,ENSG00000186297.11
ENSG00000177108.5,1309.0886186137895,-3.3976227324875907,1.0049183916717392e-08,4.260929966955975e-08,ENSG00000177108.5
ENSG00000108342.12,2764.5102253483487,3.8045023431347,1.007651263989064e-08,4.2715082166358993e-08,ENSG00000108342.12
ENSG00000157851.16,5114.102812172067,-3.857591389496984,1.0183006293408368e-08,4.314613103398341e-08,ENSG00000157851.16
ENSG00000175084.11,38292.35080537279,2.393382407133455,1.0271979387447676e-08,4.350257213319828e-08,ENSG00000175084.11
ENSG00000143847.15,33147.55542686726,-1.6584736099221724,1.0520853747412416e-08,4.4504054607158984e-08,ENSG00000143847.15
ENSG00000171124.12,36676.33571647287,-2.341938958919292,1.0576629390753079e-08,4.470837168143069e-08,ENSG00000171124.12
ENSG00000090534.17,14910.086058733947,-1.7388618075143991,1.0653804781895496e-08,4.501339133655116e-08,ENSG00000090534.17
ENSG00000125780.11,6434.040660296505,-2.361591506078645,1.0693841852271011e-08,4.516128458393763e-08,ENSG00000125780.11
ENSG00000162490.6,13989.629296938096,-1.5591850954014905,1.0833412027541676e-08,4.572918029221544e-08,ENSG00000162490.6
ENSG00000215182.8,3203.08952233387,-3.2970041999910906,1.0851069737407106e-08,4.578217619751542e-08,ENSG00000215182.8
ENSG00000163064.6,86950.08298554579,-2.2681539622273106,1.1021803208108598e-08,4.645882940246669e-08,ENSG00000163064.6
ENSG00000230873.8,56667.510176511736,-2.165717673604414,1.1539356389507452e-08,4.8526414589482475e-08,ENSG00000230873.8
ENSG00000043355.11,12268.642335494225,-2.8445816469189094,1.199702418654727e-08,5.03103051608809e-08,ENSG00000043355.11
ENSG00000173114.12,19511.51425897754,1.7668846790587474,1.2056681215094945e-08,5.054791769244479e-08,ENSG00000173114.12
ENSG00000170959.14,27503.618564309836,-1.9682404984836805,1.2191817618710343e-08,5.107867741072575e-08,ENSG00000170959.14
ENSG00000184330.11,15211.97382997401,-5.636064092583085,1.225265780987857e-08,5.1321590042124434e-08,ENSG00000184330.11
ENSG00000153822.13,8950.426634325373,2.9207307754582748,1.2281165830970594e-08,5.142899408889996e-08,ENSG00000153822.13
ENSG00000198768.10,33540.2169665629,1.7668013587210918,1.3374253261869603e-08,5.578512332194053e-08,ENSG00000198768.10
ENSG00000105610.4,745.3886432746228,-1.5177160462188006,1.4820506690560632e-08,6.15172732027342e-08,ENSG00000105610.4
ENSG00000130427.2,2320.343392567253,-2.2946857715165714,1.5006684225147222e-08,6.221810114049024e-08,ENSG00000130427.2
ENSG00000259125.1,9091.686512859835,1.624973927146058,1.5104856109116497e-08,6.258174509858841e-08,ENSG00000259125.1
ENSG00000176406.22,28110.892913877404,-2.2056985074997133,1.528839446356817e-08,6.329832723910181e-08,ENSG00000176406.22
ENSG00000186417.13,33039.74993138277,1.7709743883965108,1.5814671573970506e-08,6.538674348463751e-08,ENSG00000186417.13
ENSG00000178734.5,254.07092284544146,3.3685897071035784,1.583654511032679e-08,6.54470210639576e-08,ENSG00000178734.5
ENSG00000089199.9,55784.26767061953,-3.4411928730377612,1.5836313156234424e-08,6.54470210639576e-08,ENSG00000089199.9
ENSG00000116748.21,3726.8767925991524,2.207865357205402,1.6364291406248308e-08,6.7550228892045e-08,ENSG00000116748.21
ENSG00000149948.13,3938.523415647039,-1.856177318278601,1.6593528053906187e-08,6.84492568734006e-08,ENSG00000149948.13
ENSG00000188505.4,81800.99731290448,-2.4002455287599718,1.6880599012108043e-08,6.961743706579333e-08,ENSG00000188505.4
ENSG00000183206.17,4151.445100774419,-4.098007470359813,1.8296601265622803e-08,7.507756988573876e-08,ENSG00000183206.17
ENSG00000275152.4,589.0071550797909,2.5642604891296177,1.8538858396284886e-08,7.598475903676017e-08,ENSG00000275152.4
ENSG00000126353.3,44869.47560349744,-1.6373255754035574,1.9678655532173033e-08,8.05276613156928e-08,ENSG00000126353.3
ENSG00000238099.2,657.7935734959897,2.8839005895956227,1.993200984445046e-08,8.149008536086102e-08,ENSG00000238099.2
ENSG00000124664.10,1014383.1863431728,-1.514812132416714,2.0900848442226387e-08,8.52180923533993e-08,ENSG00000124664.10
ENSG00000170442.11,45608.2069518225,-2.0756732276095127,2.1031852490996295e-08,8.573274900009939e-08,ENSG00000170442.11
ENSG00000169064.12,1557.913369439398,-2.9844903311697135,2.1143103261285573e-08,8.61666692983212e-08,ENSG00000169064.12
ENSG00000162779.21,2002.2868927864365,-1.634237302855403,2.1282571169466668e-08,8.665633244041522e-08,ENSG00000162779.21
ENSG00000118526.6,424.1291047995692,2.755303242965744,2.1350114591542134e-08,8.689191567943572e-08,ENSG00000118526.6
ENSG00000163734.4,3340.8537781370037,1.855793737387042,2.2062664360326958e-08,8.966986393696647e-08,ENSG00000163734.4
ENSG00000074410.13,2399824.487350973,-1.6012771872197564,2.2282342298815658e-08,9.046026022849506e-08,ENSG00000074410.13
ENSG00000146839.18,1622.0909600753173,-2.5396730938911682,2.3515752010761925e-08,9.520908259952887e-08,ENSG00000146839.18
ENSG00000173467.8,586342.6198135562,-2.2833535716438913,2.388039373520001e-08,9.664180991980805e-08,ENSG00000173467.8
ENSG00000161055.3,49131.80798012306,2.573623060484793,2.564467238646143e-08,1.0347830027044388e-07,ENSG00000161055.3
ENSG00000234264.1,370.8447409602599,-2.904407526999623,2.6300914273508855e-08,1.0593571396719256e-07,ENSG00000234264.1
ENSG00000184564.8,441601.47425374546,-2.350038930848658,2.6691257459044695e-08,1.0736335437011836e-07,ENSG00000184564.8
ENSG00000181374.7,11470.707293351144,2.0129870769605263,2.773551570400671e-08,1.1131426834996564e-07,ENSG00000181374.7
ENSG00000138083.4,11157.364711182743,-2.5327973153246215,2.7930740685000786e-08,1.1202262200528701e-07,ENSG00000138083.4
ENSG00000099957.16,3753.6960644080104,1.6392052721224875,2.8182847096210673e-08,1.1293278434444044e-07,ENSG00000099957.16
ENSG00000205846.3,810.8025904847019,-3.213528805070768,2.8568354686856772e-08,1.1440092758334253e-07,ENSG00000205846.3
ENSG00000229613.1,99.2091664217413,-6.0932124344980965,3.044031404064186e-08,1.2151746276869354e-07,ENSG00000229613.1
ENSG00000135298.13,2667.7539547017727,1.7829992812656923,3.2521205098695584e-08,1.2927791410965742e-07,ENSG00000135298.13
ENSG00000158164.6,18926.137654280938,-1.9716861015707523,3.341516073634294e-08,1.326845860263195e-07,ENSG00000158164.6
ENSG00000107984.9,40026.24669552687,-2.3672990801790363,3.3646799245733564e-08,1.3354526999899205e-07,ENSG00000107984.9
ENSG00000143369.14,800538.8912646354,-1.7134018360307037,3.431018435376573e-08,1.3608796375861456e-07,ENSG00000143369.14
ENSG00000175766.11,1223.8453064348946,-4.417228651512562,3.4906911778114433e-08,1.3836307155875534e-07,ENSG00000175766.11
ENSG00000196878.14,463259.25683716475,1.5267773939002864,3.516128260048895e-08,1.3934055984610726e-07,ENSG00000196878.14
ENSG00000228723.6,1202.0110928729862,-4.154664892991551,3.739380341724308e-08,1.474388944229861e-07,ENSG00000228723.6
ENSG00000176601.12,2050.556162016129,-2.1580490467948072,3.760571141530055e-08,1.4820928742283176e-07,ENSG00000176601.12
ENSG00000146166.16,447.60260792836647,-3.166187061281586,3.83624700167512e-08,1.509927971003693e-07,ENSG00000146166.16
ENSG00000229183.8,503.2040224629533,3.599928989422957,3.968816547568922e-08,1.5583466986778278e-07,ENSG00000229183.8
ENSG00000249992.1,59502.748777481385,-1.600264982188959,4.0248287301304455e-08,1.5779228038772276e-07,ENSG00000249992.1
ENSG00000231439.4,7011.330745214528,-1.7958614931451424,4.116767182610364e-08,1.6122058124129282e-07,ENSG00000231439.4
ENSG00000183273.6,1360.0171808514294,-3.791198776775648,4.257132146815567e-08,1.6639071932576462e-07,ENSG00000183273.6
ENSG00000162460.6,542.9733911000072,-3.988930554869894,4.405161293586404e-08,1.716530168341247e-07,ENSG00000162460.6
ENSG00000125245.12,8135.072415582823,-1.624855545338223,4.410181205214886e-08,1.7181131469035152e-07,ENSG00000125245.12
ENSG00000124391.4,446.64872992177084,-2.9056376529495003,4.449755078451068e-08,1.7331540075477744e-07,ENSG00000124391.4
ENSG00000167080.8,11315.55544880066,-2.365382847266833,4.4785026730652475e-08,1.7435940977540205e-07,ENSG00000167080.8
ENSG00000235488.1,612.4397809153932,-1.641690806003211,4.484059203243711e-08,1.7450001809370018e-07,ENSG00000235488.1
ENSG00000130711.3,800.9015806442281,-1.6549760948987884,4.809336505047026e-08,1.864709037306911e-07,ENSG00000130711.3
ENSG00000075891.21,10989.318669854561,-2.580190873906893,4.9662177344134635e-08,1.9217988144557944e-07,ENSG00000075891.21
ENSG00000160180.15,1351013.029136908,-2.2206839166426358,4.9806328302469346e-08,1.9265461415380684e-07,ENSG00000160180.15
ENSG00000267978.5,1183.424311596115,-5.999509868270162,5.174407313730973e-08,1.9963355157512056e-07,ENSG00000267978.5
ENSG00000198535.5,22062.86450464566,-2.4174277814505443,5.26479476796818e-08,2.028155373903414e-07,ENSG00000198535.5
ENSG00000137675.4,1931.4157076545748,2.3749769223986035,5.2781861245525544e-08,2.0328776951914797e-07,ENSG00000137675.4
ENSG00000269235.1,4111.8908987809455,-1.8007504761300783,5.2794064630676423e-08,2.0329113642336002e-07,ENSG00000269235.1
ENSG00000092758.15,59687.289642811724,-1.8617740951233543,5.6747558063178326e-08,2.174414225679419e-07,ENSG00000092758.15
ENSG00000224057.1,5517.313975901219,1.8691310933135945,6.165240302404068e-08,2.353309338148024e-07,ENSG00000224057.1
ENSG00000157064.10,35045.803112788046,1.7269360015641244,6.297251540695947e-08,2.402676624415226e-07,ENSG00000157064.10
ENSG00000151640.12,24916.280075049744,-1.652657478281935,6.314935980647791e-08,2.4078880415797697e-07,ENSG00000151640.12
ENSG00000166736.11,1982.5695030231045,-2.7481111749758225,6.53543605133454e-08,2.488263622006089e-07,ENSG00000166736.11
ENSG00000172867.3,885.085994417336,-1.7982158042766676,6.542979712365702e-08,2.490607296535642e-07,ENSG00000172867.3
ENSG00000163040.14,224959.96179606073,-1.553754614409281,6.632944930535437e-08,2.522177661231784e-07,ENSG00000163040.14
ENSG00000162897.14,1159.9702268574533,-3.145762519240014,6.852432999564116e-08,2.601228215446975e-07,ENSG00000162897.14
ENSG00000131203.12,102563.1530805986,-1.9634594276044668,7.030148385692306e-08,2.6636187211330815e-07,ENSG00000131203.12
ENSG00000128218.7,4718.4637450739365,-1.6553052159557848,7.147361529772468e-08,2.703462379642436e-07,ENSG00000128218.7
ENSG00000205634.6,1153.5367154057628,-3.1698433593092346,7.743013427148433e-08,2.9140233417942844e-07,ENSG00000205634.6
ENSG00000248131.5,187.70620231125557,-11.464359720223225,8.001227986864766e-08,3.008676341079241e-07,ENSG00000248131.5
ENSG00000112936.18,167533.20407546154,2.037200864897967,8.112580033114542e-08,3.0486311228106253e-07,ENSG00000112936.18
ENSG00000066032.18,3703.202260067201,-3.209609453315436,8.117421912609754e-08,3.049712549996642e-07,ENSG00000066032.18
ENSG00000108309.13,10018.482397744836,-1.7092507147572702,8.432649578489562e-08,3.162287649663881e-07,ENSG00000108309.13
ENSG00000100121.12,17791.550002491193,-1.5340998771135745,8.652225354753005e-08,3.238538418141175e-07,ENSG00000100121.12
ENSG00000171236.9,252744.00813713923,-1.7555515884156239,8.716300747926205e-08,3.259122746838671e-07,ENSG00000171236.9
ENSG00000154478.3,8010.404853751452,-3.1517053232163024,8.928163656796032e-08,3.334866125261199e-07,ENSG00000154478.3
ENSG00000115297.10,880.4029405631055,-2.256637076791457,8.995305273161701e-08,3.3578480928149275e-07,ENSG00000115297.10
ENSG00000249484.8,130.1606648375565,-5.863939536291539,9.561544465657281e-08,3.5603310622899825e-07,ENSG00000249484.8
ENSG00000124003.12,320.7655560506325,2.843696408158043,9.568727595527842e-08,3.562266555480324e-07,ENSG00000124003.12
ENSG00000155918.7,4767.092464991641,-2.072840012074491,9.887463287168254e-08,3.672544840094124e-07,ENSG00000155918.7
ENSG00000272620.1,54426.35163238341,-1.56132668909839,1.0020746021276784e-07,3.7205103787666174e-07,ENSG00000272620.1
ENSG00000177627.9,839.8574302804975,1.5037020436917925,1.0092285637168063e-07,3.74629651372246e-07,ENSG00000177627.9
ENSG00000100721.10,8614.198644980488,-2.5318024707583198,1.0312044537866959e-07,3.823916660208405e-07,ENSG00000100721.10
ENSG00000233932.4,616.1317293326942,-2.434686721474815,1.0532624783241681e-07,3.903292422769284e-07,ENSG00000233932.4
ENSG00000143194.12,2157.707373911198,-2.113987590602457,1.0888028879533213e-07,4.026685701037592e-07,ENSG00000143194.12
ENSG00000261787.1,897.1057146119232,-3.273061470340086,1.1284670286113973e-07,4.163934271314603e-07,ENSG00000261787.1
ENSG00000100867.14,783364.6624567453,-2.6845689101367567,1.1446319394012198e-07,4.219243122558646e-07,ENSG00000100867.14
ENSG00000095713.13,18088.44690928772,1.6790846523740237,1.1836145732071567e-07,4.3575666601619247e-07,ENSG00000095713.13
ENSG00000134323.11,14096.669349453727,-1.5814324276708758,1.2152829240959075e-07,4.463167578791847e-07,ENSG00000134323.11
ENSG00000167104.11,254.18589458716193,-5.79047676991375,1.2188939328136755e-07,4.473682292986008e-07,ENSG00000167104.11
ENSG00000170786.12,107959.74116744664,-1.9807533555774983,1.3965379787993882e-07,5.09546105969423e-07,ENSG00000170786.12
ENSG00000196092.12,17718.55210753795,-2.2807291288543365,1.4349775465602505e-07,5.225088696322471e-07,ENSG00000196092.12
ENSG00000197444.9,8834.349391373678,-2.3511615501660965,1.4416162448133553e-07,5.246068119434364e-07,ENSG00000197444.9
ENSG00000186847.5,1168536.4149957018,2.270992491907333,1.448386178612034e-07,5.269635358680928e-07,ENSG00000186847.5
ENSG00000251533.2,1526.807917805426,-2.0590514094673567,1.5617613335204628e-07,5.664896981744731e-07,ENSG00000251533.2
ENSG00000170608.2,6891.015509144768,-2.4443739720811055,1.5800162844721822e-07,5.729953962928221e-07,ENSG00000170608.2
ENSG00000169618.6,3339.979249519725,2.6545788312745953,1.7634597073562218e-07,6.355396864591293e-07,ENSG00000169618.6
ENSG00000186479.4,3858.3780604276626,1.728298488100831,1.783543985714292e-07,6.420042784284304e-07,ENSG00000186479.4
ENSG00000170819.4,1960.914999452126,-1.7579260133282812,1.827635045828771e-07,6.574796163262122e-07,ENSG00000170819.4
ENSG00000181378.13,5697.789805289638,-2.1716029100010705,1.8491071357904416e-07,6.648042164821415e-07,ENSG00000181378.13
ENSG00000145808.9,12783.960609815129,-2.2647736324779575,1.8756965017749624e-07,6.735540930128062e-07,ENSG00000145808.9
ENSG00000132185.16,10696.844406849372,-1.797415742543448,1.88820885410135e-07,6.779115581831657e-07,ENSG00000132185.16
ENSG00000101074.3,299.26143674345747,-3.750019460163602,1.8970953596414058e-07,6.806934439793118e-07,ENSG00000101074.3
ENSG00000165376.10,3261.6315692004505,1.664223519918947,1.8984096659062598e-07,6.810288493606942e-07,ENSG00000165376.10
ENSG00000172782.11,1082.5852183494922,-3.705272806971447,1.93766132011472e-07,6.946932013614093e-07,ENSG00000172782.11
ENSG00000107187.15,52.56639811174097,-7.474342627280006,1.985600747196015e-07,7.114540696422782e-07,ENSG00000107187.15
ENSG00000159625.14,1474.4693531393225,-2.2733215436919956,2.0000088211459388e-07,7.163305047234077e-07,ENSG00000159625.14
ENSG00000137090.11,846.0461142586001,-4.706222340542396,2.0151853413911274e-07,7.211903822481529e-07,ENSG00000137090.11
ENSG00000180535.3,4375.888295428755,-1.6105249680525067,2.0246764671363095e-07,7.242981364891136e-07,ENSG00000180535.3
ENSG00000180176.14,3097.625055172714,-2.586216673483879,2.1690518598928862e-07,7.734790654594187e-07,ENSG00000180176.14
ENSG00000126467.10,1329.3584653927194,1.6614120975469637,2.2330783874706736e-07,7.947314277027721e-07,ENSG00000126467.10
ENSG00000077522.12,7667.897392714162,-2.061993470141436,2.24644292688984e-07,7.991707351330548e-07,ENSG00000077522.12
ENSG00000177614.10,47479.93594733011,-1.5806784801783238,2.3257314304729487e-07,8.257404983855676e-07,ENSG00000177614.10
ENSG00000182836.9,11707.670939667465,2.0932947040720418,2.333067823126853e-07,8.280175834293562e-07,ENSG00000182836.9
ENSG00000261701.6,1163.5928146982626,2.484098235969834,2.3390493725152158e-07,8.298122170900165e-07,ENSG00000261701.6
ENSG00000183230.16,3412.4882033586296,1.5063857147045419,2.398750652255645e-07,8.501517223795238e-07,ENSG00000183230.16
ENSG00000168124.2,172.11267324557934,-6.153154383460636,2.400357841855282e-07,8.505533395389253e-07,ENSG00000168124.2
ENSG00000145198.14,7236.207215668278,-1.654230981327057,2.500634175478756e-07,8.841210263587358e-07,ENSG00000145198.14
ENSG00000176746.6,87.50992190759722,-8.244011598381991,2.5224718883738626e-07,8.911840040358454e-07,ENSG00000176746.6
ENSG00000204544.5,606.5345856110175,-3.582515876010657,2.5370512726099824e-07,8.959820514802898e-07,ENSG00000204544.5
ENSG00000185306.12,1878.1447208856866,-2.5827732020978744,2.577185294808318e-07,9.092609699182159e-07,ENSG00000185306.12
ENSG00000164403.14,313607.2248409745,-1.6898794698201758,2.704082272360504e-07,9.5215958193165e-07,ENSG00000164403.14
ENSG00000237515.8,47058.93146695358,-1.9534351760961672,2.803264965735982e-07,9.853435170453763e-07,ENSG00000237515.8
ENSG00000160856.20,14729.269232294915,-1.7523383945253617,2.8064147480579806e-07,9.862574664933883e-07,ENSG00000160856.20
ENSG00000163220.10,678098.2180080444,-2.165944457810832,2.9182337198190847e-07,1.0237494793437665e-06,ENSG00000163220.10
ENSG00000091831.22,2974985.9440589817,-1.7840883418375872,3.092518847525837e-07,1.0827738185366559e-06,ENSG00000091831.22
ENSG00000119915.4,6748.721840790984,1.6053145518796432,3.0987728922780256e-07,1.084751868494672e-06,ENSG00000119915.4
ENSG00000070915.9,2564.884607521847,-1.7253634692504733,3.163035652837541e-07,1.1057376145434802e-06,ENSG00000070915.9
ENSG00000172399.5,970.5193655377659,1.7411866038985782,3.1639603664036926e-07,1.1058454385420307e-06,ENSG00000172399.5
ENSG00000185760.15,26893.336699316256,-1.615196020501846,3.2455972066077176e-07,1.1332748837394217e-06,ENSG00000185760.15
ENSG00000138653.9,1139.3957835377919,-4.600307957776074,3.3109192443173034e-07,1.1551844238776918e-06,ENSG00000138653.9
ENSG00000203972.9,654.8247344719576,-7.7908551884886865,3.456379322833633e-07,1.2021955915667128e-06,ENSG00000203972.9
ENSG00000185610.6,1850.5361902745196,1.95437622275516,3.5000375727068447e-07,1.2159665867309124e-06,ENSG00000185610.6
ENSG00000118137.9,2013.2084684651634,-1.8877065500323762,3.637669161110154e-07,1.2613398150137315e-06,ENSG00000118137.9
ENSG00000214814.7,1997.1115855732892,-2.085546929015666,3.649109684552262e-07,1.264817928908746e-06,ENSG00000214814.7
ENSG00000128253.13,852.840900111642,-1.5502787995371898,3.6678110029786917e-07,1.270318483641182e-06,ENSG00000128253.13
ENSG00000148123.14,3461.3571064694274,2.466194554922166,3.6935845996428045e-07,1.2787513420025174e-06,ENSG00000148123.14
ENSG00000166959.7,6051.877764570833,-2.6532926315928953,3.814833355575929e-07,1.319201575109934e-06,ENSG00000166959.7
ENSG00000128285.4,7076.620955418122,-1.5406605321234426,3.93524937079157e-07,1.3590091360562726e-06,ENSG00000128285.4
ENSG00000175161.13,16541.23335515562,1.6988781927654517,3.968851251165344e-07,1.3703495641891658e-06,ENSG00000175161.13
ENSG00000197891.11,490.7215170628658,5.100473660223612,4.002457022128598e-07,1.3814212118691202e-06,ENSG00000197891.11
ENSG00000166105.15,3604.0744151332824,1.8814305157914486,4.030056161827098e-07,1.3904119932287146e-06,ENSG00000166105.15
ENSG00000171759.9,9625.460570084872,-2.318164908798451,4.329375612397935e-07,1.4888140281500298e-06,ENSG00000171759.9
ENSG00000229373.8,302.99734685904696,-2.7478771492436858,4.45400590287798e-07,1.5296207066266503e-06,ENSG00000229373.8
ENSG00000240990.9,4177.914334331557,-1.5674313937930853,4.5718222907162654e-07,1.567681620191337e-06,ENSG00000240990.9
ENSG00000185028.3,4287.0713510351015,-1.9131175793318385,4.57414446123112e-07,1.5681782233918842e-06,ENSG00000185028.3
ENSG00000140955.10,2933.5592162391304,1.6423657395642983,4.60578413187679e-07,1.5787237910677578e-06,ENSG00000140955.10
ENSG00000105143.12,4928.716588477384,-3.560429977147023,4.6625771658838526e-07,1.5966657378744247e-06,ENSG00000105143.12
ENSG00000164935.6,5802.852461426521,-1.5110076315254533,4.839007068751683e-07,1.6555032000320344e-06,ENSG00000164935.6
ENSG00000256870.2,29753.000597627335,-3.246115911234234,4.855851507880588e-07,1.6606327321785643e-06,ENSG00000256870.2
ENSG00000163218.14,1896.1051191271674,-3.215918512566922,4.881676266061642e-07,1.6685104555849545e-06,ENSG00000163218.14
ENSG00000183760.10,1677.0647656726262,-2.63604439661191,5.025448281750283e-07,1.7147108569638158e-06,ENSG00000183760.10
ENSG00000164438.5,928.6627050602431,-7.282161054934701,5.324977732841441e-07,1.812088003757004e-06,ENSG00000164438.5
ENSG00000205436.7,4884.348330092494,-1.5152957793731399,5.396441484301765e-07,1.834319871079956e-06,ENSG00000205436.7
ENSG00000238141.2,479.05599308044714,-1.74389262206349,5.482227967663686e-07,1.8610120819477332e-06,ENSG00000238141.2
ENSG00000165973.18,6368.1312487304795,-3.558372273998777,5.613011471167053e-07,1.9039674449644914e-06,ENSG00000165973.18
ENSG00000205426.10,313560.01257757057,-2.4055177412120146,5.663188897738123e-07,1.9198991419046458e-06,ENSG00000205426.10
ENSG00000163075.12,7426.453360110075,-1.5677269208921332,5.669328059230571e-07,1.9216173535102638e-06,ENSG00000163075.12
ENSG00000116176.6,19597.220694227497,-2.0248245673466347,5.69978181909009e-07,1.931210063477201e-06,ENSG00000116176.6
ENSG00000100095.18,21449.855757672773,-2.1321204981231308,5.819894416638761e-07,1.9696753189771016e-06,ENSG00000100095.18
ENSG00000197079.8,304.5314001667714,-1.9513686729621027,6.128227162414344e-07,2.0699640770696876e-06,ENSG00000197079.8
ENSG00000248859.2,67.43191393299512,-7.928427437914294,6.433095663945316e-07,2.1665816177521537e-06,ENSG00000248859.2
ENSG00000188306.6,1363.3433372908821,-1.9602203539975152,6.539103169321829e-07,2.200631419173123e-06,ENSG00000188306.6
ENSG00000234520.5,45.897177322060564,-6.94812566204504,6.629588384698252e-07,2.2294103068782877e-06,ENSG00000234520.5
ENSG00000165061.14,13328.88447871187,-2.224176034368345,6.640181640548243e-07,2.2321359939677345e-06,ENSG00000165061.14
ENSG00000140297.12,2954.0495077389205,-1.637866255594278,6.728552021716781e-07,2.2584574911650936e-06,ENSG00000140297.12
ENSG00000249306.5,17416.96303819219,-2.480135581227067,6.830610282763232e-07,2.290143327987732e-06,ENSG00000249306.5
ENSG00000189410.11,1162.824970803994,-1.6578299484445764,6.872640761245341e-07,2.3033744082888753e-06,ENSG00000189410.11
ENSG00000259823.5,4236.772950705772,-2.5291607653242076,7.080750253080957e-07,2.3695819198300015e-06,ENSG00000259823.5
ENSG00000265933.5,6396.690301453072,-4.368717109816496,7.365251906078221e-07,2.4565442416852717e-06,ENSG00000265933.5
ENSG00000103460.16,159118.5034551624,-1.5544630790767093,7.427467480927961e-07,2.4768347236158955e-06,ENSG00000103460.16
ENSG00000168830.7,618.6735699141799,-4.340275605977317,7.502177347183486e-07,2.5008186943685763e-06,ENSG00000168830.7
ENSG00000168621.14,3439.11283455081,-1.8730709578727158,7.584091099681256e-07,2.525309532244952e-06,ENSG00000168621.14
ENSG00000259803.6,2804.6404666224116,-2.3554371490788286,7.675031627617081e-07,2.553694929092544e-06,ENSG00000259803.6
ENSG00000077327.15,34726.42677954117,-2.575676143547684,7.727797359722522e-07,2.5698220130255915e-06,ENSG00000077327.15
ENSG00000009694.13,9424.704901574054,1.6317343711456482,7.874981951146655e-07,2.616342827835134e-06,ENSG00000009694.13
ENSG00000179059.9,1861.7682358674817,-4.37432330488907,8.480007509813738e-07,2.805923930593725e-06,ENSG00000179059.9
ENSG00000187922.13,4393.275718005106,1.816529815200271,8.611056457614024e-07,2.8482358907912635e-06,ENSG00000187922.13
ENSG00000134115.12,1820.0291795984024,1.762194630858897,8.62153640792788e-07,2.851176728784701e-06,ENSG00000134115.12
ENSG00000129744.2,279.2570386952206,-2.9311094969576783,9.287828631399045e-07,3.0630545297155756e-06,ENSG00000129744.2
ENSG00000230978.1,4845.425558816421,-1.682134653365987,9.525675338155236e-07,3.138610324418978e-06,ENSG00000230978.1
ENSG00000197721.16,1114.9039188260867,-1.5384600556101835,9.569751377654313e-07,3.1508186921216327e-06,ENSG00000197721.16
ENSG00000147724.11,11705.948707617037,-2.0836053132438286,9.598863363085702e-07,3.1586650318578735e-06,ENSG00000147724.11
ENSG00000101198.14,1445.184608072393,-1.7781420233553447,9.783475690939778e-07,3.2141099926441483e-06,ENSG00000101198.14
ENSG00000156006.4,3964.6303131919017,-1.8763504513282538,9.84456230657701e-07,3.232994619861235e-06,ENSG00000156006.4
ENSG00000249853.7,1459.858780575891,-2.8867080629392414,1.0046779230322969e-06,3.2963870270417875e-06,ENSG00000249853.7
ENSG00000276027.1,1005.08045293239,-4.388689372419116,1.0072551545478088e-06,3.3042388470211848e-06,ENSG00000276027.1
ENSG00000187398.11,11879.09202140466,1.777876260177245,1.012314768179262e-06,3.319622843605387e-06,ENSG00000187398.11
ENSG00000130540.13,10284.904007807083,-2.0156107366327936,1.0208968885136098e-06,3.3471539863855686e-06,ENSG00000130540.13
ENSG00000197106.6,15270.343762336712,-1.6292195239891822,1.0477540095698432e-06,3.4314469698341427e-06,ENSG00000197106.6
ENSG00000124721.17,1822.0803759015066,-1.6897735481579235,1.053517508495772e-06,3.449063705974846e-06,ENSG00000124721.17
ENSG00000152785.6,2667.621781039288,2.5322867777082947,1.0565976158498615e-06,3.4579096573344867e-06,ENSG00000152785.6
ENSG00000196335.12,4752.076660159878,-1.5553407811294153,1.0711235733827245e-06,3.5022305759438066e-06,ENSG00000196335.12
ENSG00000162896.5,459260.44062363234,2.2711029852065505,1.0831243028508672e-06,3.5395342360874086e-06,ENSG00000162896.5
ENSG00000196167.9,24943.81583087498,1.582292416144517,1.1318620198434e-06,3.6893972904759253e-06,ENSG00000196167.9
ENSG00000270141.3,453.29383036894734,-2.703367099841932,1.1446486075354604e-06,3.7276904924893467e-06,ENSG00000270141.3
ENSG00000164532.10,1730.2360270170311,-3.3190870273903483,1.14663183799348e-06,3.733471547986755e-06,ENSG00000164532.10
ENSG00000196468.7,2131.2410436139926,1.9211354401548775,1.1470713274278919e-06,3.7342249454582896e-06,ENSG00000196468.7
ENSG00000169836.4,1087.1360916928481,-3.191047641280491,1.1652686314106722e-06,3.7907143440959213e-06,ENSG00000169836.4
ENSG00000117971.11,2230.4646430931875,-2.2128516974352204,1.1699456240538566e-06,3.8052391296034804e-06,ENSG00000117971.11
ENSG00000204091.7,321.33683612915024,-3.179470201577575,1.1846383988040693e-06,3.849538469420539e-06,ENSG00000204091.7
ENSG00000204572.9,1561.4612670008137,-1.644991944427216,1.216842539047439e-06,3.947039501205214e-06,ENSG00000204572.9
ENSG00000182901.16,2779.147744460404,-2.019204870218969,1.2356948030236987e-06,4.001679759151281e-06,ENSG00000182901.16
ENSG00000215454.6,48.88990753019946,-7.741480037750191,1.245397353393097e-06,4.030191182918978e-06,ENSG00000215454.6
ENSG00000173627.7,730.7112656641332,-3.9488944574195157,1.2598262538402097e-06,4.072477445308723e-06,ENSG00000173627.7
ENSG00000010282.14,1044.7033296937375,2.682300370006624,1.261170296813303e-06,4.075353827844032e-06,ENSG00000010282.14
ENSG00000186471.12,758.8938277551898,-1.819570314562644,1.2800637535248478e-06,4.131198559937027e-06,ENSG00000186471.12
ENSG00000102924.11,4904.873090763783,1.627553415105479,1.2925981408722817e-06,4.169401589036891e-06,ENSG00000102924.11
ENSG00000131142.13,619.6071274000808,-2.100210810224657,1.360019873220382e-06,4.375080065447568e-06,ENSG00000131142.13
ENSG00000253868.3,216.53437856259333,-3.3636174824691,1.3641695777783143e-06,4.387642750251671e-06,ENSG00000253868.3
ENSG00000150361.11,2127.06695046767,-7.063311520432599,1.3995391965450085e-06,4.494958178414826e-06,ENSG00000150361.11
ENSG00000258986.6,5850.780430338839,-2.9976586026385434,1.4378496954594554e-06,4.6072812384507975e-06,ENSG00000258986.6
ENSG00000149735.6,517.5949240746129,-2.7720633916583655,1.4427242204618948e-06,4.620425381397152e-06,ENSG00000149735.6
ENSG00000183960.8,6623.645069311752,1.7911788730404292,1.469312338142573e-06,4.703057544707515e-06,ENSG00000183960.8
ENSG00000154493.17,6780.557304857348,2.2140318474962073,1.4931326598835097e-06,4.774193237517765e-06,ENSG00000154493.17
ENSG00000167360.4,76.28334152209285,-5.79298892218756,1.5473632854991992e-06,4.937035347616933e-06,ENSG00000167360.4
ENSG00000155495.8,949.2394853729187,-3.651895661866757,1.569783342252429e-06,5.006788534194381e-06,ENSG00000155495.8
ENSG00000176165.10,674.9599366927159,-4.077686741921559,1.5743947932135503e-06,5.018820424484624e-06,ENSG00000176165.10
ENSG00000173809.17,20000.884744024344,-2.068280427686336,1.5751050079870632e-06,5.020192586735322e-06,ENSG00000173809.17
ENSG00000182040.8,1864.7325016115265,-1.9279895601888022,1.594393823507913e-06,5.079865548477626e-06,ENSG00000182040.8
ENSG00000143355.15,1262.6448066885177,-3.4526214110562514,1.6165855713517757e-06,5.144919552324572e-06,ENSG00000143355.15
ENSG00000269096.6,137.17846042532494,-9.262922770430434,1.6537222673734597e-06,5.256756840699621e-06,ENSG00000269096.6
ENSG00000244502.2,458.6629690824957,-1.5242176346635914,1.679898087548654e-06,5.335237395216469e-06,ENSG00000244502.2
ENSG00000182747.4,807.0981291031004,-2.600397741467556,1.712890322531828e-06,5.433286891905803e-06,ENSG00000182747.4
ENSG00000147223.5,422.6078124835176,1.7712109186953402,1.8032042445264616e-06,5.702625478283896e-06,ENSG00000147223.5
ENSG00000183463.5,207.2900333883386,4.601559580036996,1.827481254033851e-06,5.774313016795813e-06,ENSG00000183463.5
ENSG00000133454.15,6262.18502677894,-1.8461328703611293,1.8330366328715162e-06,5.789827379025961e-06,ENSG00000133454.15
ENSG00000185247.14,511.2495182931678,-4.03271904139302,1.8365034575615935e-06,5.7994593738272454e-06,ENSG00000185247.14
ENSG00000146006.7,8041.758989370375,1.5784189540411646,1.8507143841988865e-06,5.838470272514912e-06,ENSG00000146006.7
ENSG00000152192.7,3053.7855270137015,-3.8088289762553664,1.9254307851332353e-06,6.04865721436113e-06,ENSG00000152192.7
ENSG00000122180.4,409.5188243603341,-3.384589690306607,2.1317042474457156e-06,6.6581899070784894e-06,ENSG00000122180.4
ENSG00000151033.8,543.4028769435652,-3.699406188060463,2.1729900652585484e-06,6.7812406488694595e-06,ENSG00000151033.8
ENSG00000262117.5,427.08328080623284,-3.002884165223866,2.231880883434361e-06,6.955343968799266e-06,ENSG00000262117.5
ENSG00000048545.13,637.1107013046123,-1.8261671963369202,2.250925764214306e-06,7.0098250456545476e-06,ENSG00000048545.13
ENSG00000232237.3,699.462658592011,-1.6969046612714673,2.3393308330507954e-06,7.2691716966140434e-06,ENSG00000232237.3
ENSG00000162670.10,38195.05661511025,-3.479705339641378,2.3394709400326627e-06,7.2691716966140434e-06,ENSG00000162670.10
ENSG00000169509.5,72.38843309464633,-8.145050496390285,2.3851519326132707e-06,7.399579232159843e-06,ENSG00000169509.5
ENSG00000166840.13,48253.06968023722,-1.64650980593213,2.395107051653979e-06,7.427895080345488e-06,ENSG00000166840.13
ENSG00000230522.5,32.848902454100184,-10.369893586615154,2.399694086682322e-06,7.439549186494054e-06,ENSG00000230522.5
ENSG00000054938.15,9180.853929974059,-1.6261433055848429,2.438542174115553e-06,7.552157537509404e-06,ENSG00000054938.15
ENSG00000160867.14,115211.26433574397,-1.5803947648987184,2.4503217327490127e-06,7.586020216088386e-06,ENSG00000160867.14
ENSG00000170788.13,530.7201379739791,-2.59288122242925,2.5598530422065417e-06,7.910109004538349e-06,ENSG00000170788.13
ENSG00000143867.6,60608.67138788693,1.6247645992067543,2.572329079397723e-06,7.94729218331831e-06,ENSG00000143867.6
ENSG00000245750.7,32911.06226286186,-1.5700838374373922,2.6035148571119982e-06,8.035413118268803e-06,ENSG00000245750.7
ENSG00000162494.5,392.02951080785095,2.7757359151287657,2.716753500144432e-06,8.367563475213129e-06,ENSG00000162494.5
ENSG00000091513.14,188796.78149994128,2.0116165555270813,2.741367795940743e-06,8.434688568306017e-06,ENSG00000091513.14
ENSG00000178828.6,1929.826806581539,2.935152163734619,2.764441892681786e-06,8.502767453253678e-06,ENSG00000178828.6
ENSG00000188100.8,1998.3791565954357,-3.0752437294925645,2.787947374158338e-06,8.573595146854708e-06,ENSG00000188100.8
ENSG00000205777.17,228.09243800425588,-9.09009388826661,2.841744617537423e-06,8.728563063521315e-06,ENSG00000205777.17
ENSG00000268651.2,2958.8870049201064,-3.7837624330308937,2.8753441126378647e-06,8.827232635957887e-06,ENSG00000268651.2
ENSG00000182687.3,409.80326171172646,-1.898412436725305,2.8775840576715797e-06,8.83259807233302e-06,ENSG00000182687.3
ENSG00000235029.1,913.1868286716256,-2.2070938294218103,2.8950092996749093e-06,8.87849032188798e-06,ENSG00000235029.1
ENSG00000261678.2,686.7019422630883,-1.8582398006820917,2.924783469383685e-06,8.968269749593445e-06,ENSG00000261678.2
ENSG00000180440.3,883.7057426950818,3.332466679776224,2.960467351134576e-06,9.065294564634612e-06,ENSG00000180440.3
ENSG00000105523.3,55174.86370183975,-1.6367548256696274,3.0408579702602345e-06,9.29029459370723e-06,ENSG00000105523.3
ENSG00000158486.13,5016.962588460877,-1.5913661244556918,3.0710913850296962e-06,9.375240526194772e-06,ENSG00000158486.13
ENSG00000127743.5,7844.758701185451,1.7482038350792135,3.1481538871136226e-06,9.602324213898835e-06,ENSG00000127743.5
ENSG00000159556.9,1356.02862497986,-2.648015639423325,3.1604161444897248e-06,9.634812656595926e-06,ENSG00000159556.9
ENSG00000177202.2,1383.4878755719017,-1.7005870056333026,3.2724604407555353e-06,9.957780252487252e-06,ENSG00000177202.2
ENSG00000152092.15,9718.941063108357,1.711925098103091,3.3330929874390222e-06,1.0124726697595814e-05,ENSG00000152092.15
ENSG00000114200.9,12049.85205255386,1.5879169632713104,3.3741197149995613e-06,1.0237606385855955e-05,ENSG00000114200.9
ENSG00000188162.10,234.67988683782295,-3.9339615827685597,3.4233065466252523e-06,1.0379826406327058e-05,ENSG00000188162.10
ENSG00000224743.6,845.8065357388778,1.8017775685232718,3.4299610446423702e-06,1.0396490031260588e-05,ENSG00000224743.6
ENSG00000236036.1,273.87533099202517,3.325805282604145,3.5462704058226337e-06,1.073633814106316e-05,ENSG00000236036.1
ENSG00000105251.10,588.349436882446,-2.3946516997796485,3.7359067600916228e-06,1.1266741328249425e-05,ENSG00000105251.10
ENSG00000163017.13,507847.01609871176,1.804813661165847,3.7561516976492357e-06,1.1325892465571818e-05,ENSG00000163017.13
ENSG00000121270.15,405362.10698069027,-1.65237122958432,3.870142666789014e-06,1.1655897954491785e-05,ENSG00000121270.15
ENSG00000198573.6,108.33235277233466,-5.379016386355151,3.8914959056951335e-06,1.1712345275376296e-05,ENSG00000198573.6
ENSG00000197977.3,229534.90541431878,-1.638511926784329,3.928375831653798e-06,1.1813436554918009e-05,ENSG00000197977.3
ENSG00000229522.1,34.059580466518156,-5.933731438639021,4.17149133948094e-06,1.2504023344726769e-05,ENSG00000229522.1
ENSG00000267603.1,503.24578612475864,4.168710128586134,4.178207282475893e-06,1.2520666579283136e-05,ENSG00000267603.1
ENSG00000139151.14,555.8112121195508,2.957657004975446,4.2056399264855585e-06,1.2598664915001144e-05,ENSG00000139151.14
ENSG00000111262.5,5291.5595496234755,1.8945362205141731,4.210601116559397e-06,1.2609316828361451e-05,ENSG00000111262.5
ENSG00000066813.14,357.7107676662535,3.3955798496608485,4.394082901467912e-06,1.31281091548352e-05,ENSG00000066813.14
ENSG00000006116.3,48.013543463702845,-6.462313340940327,4.436761719968303e-06,1.3253413068605166e-05,ENSG00000006116.3
ENSG00000196570.2,17.605572125769584,-6.278893958479689,4.438393827190694e-06,1.3256081696922405e-05,ENSG00000196570.2
ENSG00000227145.1,578.1260434556082,-2.5885265164452433,4.468551834581887e-06,1.3343933120275817e-05,ENSG00000227145.1
ENSG00000163283.6,170.98358327102747,-4.625197581423847,4.595764969466705e-06,1.3703291228333427e-05,ENSG00000163283.6
ENSG00000197870.12,1874.2147229464176,-2.0771660288559453,4.62979752843346e-06,1.3800180539901995e-05,ENSG00000197870.12
ENSG00000142484.6,64.12138164808864,-5.849549330032311,4.650421748750685e-06,1.3857052118828013e-05,ENSG00000142484.6
ENSG00000122136.13,6803.483796329069,-1.864751006590145,4.668943371808095e-06,1.3905314500203229e-05,ENSG00000122136.13
ENSG00000136695.14,969.7430407105277,-3.3539944277862057,4.738807909883237e-06,1.4099348223336893e-05,ENSG00000136695.14
ENSG00000186049.8,485.3667094591101,-1.5615166250337633,4.744928454411075e-06,1.4115218200588912e-05,ENSG00000186049.8
ENSG00000140798.15,12460.155779990713,-2.5380809730267493,4.881520998143892e-06,1.449272216920814e-05,ENSG00000140798.15
ENSG00000174963.17,7588.6261436492505,-2.2914462501487107,4.9074673457290095e-06,1.4564934510711436e-05,ENSG00000174963.17
ENSG00000204978.2,232.59208623909484,2.335714001247066,4.980788753423828e-06,1.4763011792440894e-05,ENSG00000204978.2
ENSG00000181656.6,5089.052896552281,1.6022919956817014,5.290001468823341e-06,1.563560967823522e-05,ENSG00000181656.6
ENSG00000188676.13,971.8331080819697,-1.8440635775347731,5.372294789598318e-06,1.5868388099514766e-05,ENSG00000188676.13
ENSG00000170743.16,54436.150750192675,-1.8317174454179266,5.624992441208803e-06,1.6579314120409126e-05,ENSG00000170743.16
ENSG00000184709.7,36126.59755609318,-1.6806886297851922,5.875869395936314e-06,1.726770396997727e-05,ENSG00000184709.7
ENSG00000125788.5,68.47552357394194,-8.24337959301393,5.904206026397325e-06,1.734529681363353e-05,ENSG00000125788.5
ENSG00000118113.11,2111.4168274181957,-2.3496819696877354,5.95352563978445e-06,1.7484462206267133e-05,ENSG00000118113.11
ENSG00000230316.6,1052.3290366177425,-2.675972419309951,5.987312022269492e-06,1.75779330706158e-05,ENSG00000230316.6
ENSG00000158786.4,331.90299321201195,-3.100297319403284,6.006457576092455e-06,1.762837336365767e-05,ENSG00000158786.4
ENSG00000186895.2,80.8427172455946,-4.637468715613258,6.3176949954200295e-06,1.850248392326049e-05,ENSG00000186895.2
ENSG00000179046.8,531.2053429145913,-2.5188155527254583,6.320709534099292e-06,1.8508291755854715e-05,ENSG00000179046.8
ENSG00000163440.11,66.94220046784616,-5.978732273631217,6.329445683273533e-06,1.8527825993582428e-05,ENSG00000163440.11
ENSG00000169906.5,2443.062785222367,-3.9661557931381575,6.5080463833827975e-06,1.901341326985036e-05,ENSG00000169906.5
ENSG00000136688.10,293.7870410568545,-3.549591759862088,6.522351466307766e-06,1.9045903126350948e-05,ENSG00000136688.10
ENSG00000189023.10,83.22210460206483,-8.928205355720726,6.56927494877188e-06,1.9179803072040776e-05,ENSG00000189023.10
ENSG00000166573.5,493.8507256709499,2.8967098867819954,6.699028509233502e-06,1.953955909780331e-05,ENSG00000166573.5
ENSG00000188822.7,3302.173119863358,-1.6555696959464647,7.1025729008353e-06,2.0632761556190483e-05,ENSG00000188822.7
ENSG00000135443.8,896.955679420559,-1.9492408603269251,7.266710838885821e-06,2.108568229187697e-05,ENSG00000135443.8
ENSG00000169760.17,8593.559851162414,1.8459992721861775,7.567229495427749e-06,2.189749493081044e-05,ENSG00000169760.17
ENSG00000144771.7,107.32350072799316,-5.09585543757413,7.661109514919186e-06,2.2151296992541066e-05,ENSG00000144771.7
ENSG00000248211.1,63.796458631652186,-5.328017616715207,7.826011914721697e-06,2.2598963276112995e-05,ENSG00000248211.1
ENSG00000151655.18,10833.542632970204,1.9272029998433053,7.838884062510539e-06,2.26303873572173e-05,ENSG00000151655.18
ENSG00000162631.18,20497.325351860018,-2.1477460719420005,7.846158876396232e-06,2.2646207958509567e-05,ENSG00000162631.18
ENSG00000170516.16,228.03957623706205,-9.642387906942735,8.312239844070448e-06,2.3887705278987847e-05,ENSG00000170516.16
ENSG00000063015.19,2669.636466908555,-2.118503364812148,8.32927358943067e-06,2.3928992201207803e-05,ENSG00000063015.19
ENSG00000165553.4,597.9219494286197,-2.784410167366775,8.34443193802255e-06,2.395915436513222e-05,ENSG00000165553.4
ENSG00000171509.15,1525.551961732511,-1.5429518706276772,8.803589647235034e-06,2.522299419287649e-05,ENSG00000171509.15
ENSG00000175202.3,204.98052688299612,-1.7331963400890176,8.943391095831578e-06,2.55826892752434e-05,ENSG00000175202.3
ENSG00000077080.9,423.8329476082941,-3.3567341699854043,8.95737447052487e-06,2.561452231061327e-05,ENSG00000077080.9
ENSG00000187862.11,1318.1489689914658,-1.7704845180610587,9.103964614119442e-06,2.6021271270429958e-05,ENSG00000187862.11
ENSG00000261949.5,309.23392981253556,-3.1811665978809436,9.380621859338702e-06,2.6773640630503208e-05,ENSG00000261949.5
ENSG00000158014.14,11404.723312201495,-1.6799597167785447,9.59113295179703e-06,2.7348369567304286e-05,ENSG00000158014.14
ENSG00000213373.7,412.2364201156747,2.2036138777176943,9.730031062665127e-06,2.77179992678938e-05,ENSG00000213373.7
ENSG00000088386.16,6818.067911580663,-2.0855257441046984,9.794156437387812e-06,2.7878544275457948e-05,ENSG00000088386.16
ENSG00000167910.3,366.443676871708,1.746880220536698,1.0011207919784496e-05,2.8455744481643117e-05,ENSG00000167910.3
ENSG00000185149.5,11174.612398170082,3.7725844001610698,1.0049795075127531e-05,2.8547934666950407e-05,ENSG00000185149.5
ENSG00000114248.9,29679.732022880697,-2.2217500495455047,1.0105215404140526e-05,2.8695677355894538e-05,ENSG00000114248.9
ENSG00000171450.5,643.2978914460112,-3.080512341078141,1.0167105305468937e-05,2.8866857215401046e-05,ENSG00000171450.5
ENSG00000165186.11,32351.267064830765,1.8429244044644535,1.0238601329339185e-05,2.904687150255531e-05,ENSG00000165186.11
ENSG00000132681.16,22298.112250004426,-1.602564324648389,1.045719070655309e-05,2.9629532613041003e-05,ENSG00000132681.16
ENSG00000185742.6,456.95913066958946,2.591263884634955,1.0548725567313206e-05,2.985588826180886e-05,ENSG00000185742.6
ENSG00000256124.5,18388.18518555689,1.8842623535849938,1.0716551434226042e-05,3.02926589375791e-05,ENSG00000256124.5
ENSG00000178171.10,579.300185115204,-3.8363599819852174,1.116629941333857e-05,3.1494510637055535e-05,ENSG00000178171.10
ENSG00000180210.14,286.46438458252527,-2.1693778719794325,1.1210585841900061e-05,3.161412529073346e-05,ENSG00000180210.14
ENSG00000203756.7,519.66928834988,-1.5926697451618117,1.1589502769429818e-05,3.2621496108964495e-05,ENSG00000203756.7
ENSG00000173702.7,2573.5221416849436,-2.2831161693639035,1.1643601769429697e-05,3.2768630826638405e-05,ENSG00000173702.7
ENSG00000091138.12,20710.34189326749,2.1093390557603615,1.1666470370679042e-05,3.2822694313494e-05,ENSG00000091138.12
ENSG00000204538.3,2820.088035944375,-1.664120611085215,1.1749906211817235e-05,3.304189266021759e-05,ENSG00000204538.3
ENSG00000205358.3,1369.4679018491506,-1.7053320560053271,1.1762640575412847e-05,3.307251997574555e-05,ENSG00000205358.3
ENSG00000249500.1,39.823653137785975,-5.218278080526366,1.185286419015292e-05,3.3310539550212056e-05,ENSG00000249500.1
ENSG00000156920.10,361.1706033015145,3.6805260530944435,1.1869519462862571e-05,3.335212296298246e-05,ENSG00000156920.10
ENSG00000185176.12,104.00680089748556,-5.6277935499946405,1.1907246285071352e-05,3.343718737704544e-05,ENSG00000185176.12
ENSG00000144355.14,16306.939959817848,-2.021667156133925,1.2075037782188492e-05,3.3873067399935004e-05,ENSG00000144355.14
ENSG00000152932.7,14766.927625175462,1.5572002219919934,1.221268441258047e-05,3.42359645523112e-05,ENSG00000152932.7
ENSG00000281128.1,264.85629712058403,2.7556500665692885,1.2593835764532286e-05,3.523838904705557e-05,ENSG00000281128.1
ENSG00000187855.5,952.4951711938639,-2.5111788820200074,1.2972831069969926e-05,3.623668753417502e-05,ENSG00000187855.5
ENSG00000048540.14,66166.14394161633,1.5729063836802293,1.299838588770606e-05,3.629676880936781e-05,ENSG00000048540.14
ENSG00000120563.8,147.59234139053203,-3.521111738873424,1.3756141295600046e-05,3.8281668642718235e-05,ENSG00000120563.8
ENSG00000111339.10,5731.466732127692,1.7087316458105983,1.3926678306285868e-05,3.873822903859768e-05,ENSG00000111339.10
ENSG00000163060.7,1409.2628674707066,-1.6407596242363272,1.415563181757274e-05,3.934458756730564e-05,ENSG00000163060.7
ENSG00000231165.3,170.49190961767215,3.116792926879066,1.4158010392619891e-05,3.934510430310846e-05,ENSG00000231165.3
ENSG00000129151.8,47806.3213105215,1.78601047053738,1.4183186857776723e-05,3.9402864990857024e-05,ENSG00000129151.8
ENSG00000163352.5,669.5036239699866,-1.7022198971189386,1.4243919967705076e-05,3.9553218802305774e-05,ENSG00000163352.5
ENSG00000183747.11,376.7414686054545,3.444343580204643,1.4396416399839326e-05,3.994577019927584e-05,ENSG00000183747.11
ENSG00000105668.7,6830.604076993235,-1.8624738802381904,1.4618408583012788e-05,4.050536189215279e-05,ENSG00000105668.7
ENSG00000113327.15,631.0805723772746,-4.5802546848919095,1.4622892909434952e-05,4.0511531629905936e-05,ENSG00000113327.15
ENSG00000228980.3,39.16724854610195,-6.853733678806135,1.4758569792708973e-05,4.0836973995430966e-05,ENSG00000228980.3
ENSG00000126890.13,1719.721451593396,-4.743892630849952,1.504166822063943e-05,4.1569027345010616e-05,ENSG00000126890.13
ENSG00000164893.8,2577.1806219561017,-1.922832686653581,1.5149798299191598e-05,4.184207798686994e-05,ENSG00000164893.8
ENSG00000124302.12,68327.53933204319,-1.77877363961053,1.5348380733608008e-05,4.2357942768972943e-05,ENSG00000124302.12
ENSG00000188001.9,369609.13846413686,-1.583892191374974,1.556742607727934e-05,4.290966106462373e-05,ENSG00000188001.9
ENSG00000188523.8,1910.5322507155397,-1.8303445160899388,1.5765775661408793e-05,4.342970194478345e-05,ENSG00000188523.8
ENSG00000226759.7,39.95025451289747,-6.72724304713529,1.597024418892335e-05,4.39524634549142e-05,ENSG00000226759.7
ENSG00000236502.1,882.9274602189347,-3.1467816315734822,1.6224314365620723e-05,4.4610649245586615e-05,ENSG00000236502.1
ENSG00000126545.13,6069.529093184785,3.9936461825397163,1.6803608162027416e-05,4.612573731978277e-05,ENSG00000126545.13
ENSG00000203985.10,5911.1368370463615,-1.668812682506876,1.6857490249511317e-05,4.626656546913904e-05,ENSG00000203985.10
ENSG00000119919.10,439.83041900358194,-4.119903023490772,1.7009178473493192e-05,4.6625832344693225e-05,ENSG00000119919.10
ENSG00000136457.9,254384.69168077694,-1.6718318226898823,1.7075821714296533e-05,4.678707357479569e-05,ENSG00000136457.9
ENSG00000182255.6,469.5235641899022,3.285905347937793,1.7125720594338583e-05,4.691663058699413e-05,ENSG00000182255.6
ENSG00000183695.2,284.4154866260034,3.939781498047255,1.715985734450744e-05,4.6995799784774344e-05,ENSG00000183695.2
ENSG00000133067.17,59590.12720123955,1.5145587572508419,1.7467528497746015e-05,4.7801941644586624e-05,ENSG00000133067.17
ENSG00000106178.6,976.835211143939,2.373959865778948,1.7582405099233837e-05,4.8094310533635966e-05,ENSG00000106178.6
ENSG00000161031.12,42152.256250305785,-1.8916964836565544,1.7801645029519653e-05,4.8656925881142524e-05,ENSG00000161031.12
ENSG00000075035.9,10970.042522214995,1.5455370207523091,1.7836379500533148e-05,4.8744440109285224e-05,ENSG00000075035.9
ENSG00000233718.6,407.3796740445487,-2.4180976435551322,1.7843061222632573e-05,4.8747851793379855e-05,ENSG00000233718.6
ENSG00000211807.3,1607.9193865146226,-1.5454159825729104,1.788191574206912e-05,4.883169929625449e-05,ENSG00000211807.3
ENSG00000092345.13,649.5146500281659,-2.568564609036568,1.8077741618932304e-05,4.934392996807442e-05,ENSG00000092345.13
ENSG00000238269.8,534.5747578182707,-2.463970701220232,1.809513372574326e-05,4.936887328185146e-05,ENSG00000238269.8
ENSG00000188817.7,1718.7646804447556,-2.3554296203317078,1.818718358530839e-05,4.958985294860565e-05,ENSG00000188817.7
ENSG00000229876.1,57.749873414300815,-5.192671347806377,1.8657541574223924e-05,5.0802871928357226e-05,ENSG00000229876.1
ENSG00000120075.5,28754.420340541943,-1.5191840107850498,1.8669288114395243e-05,5.082714397279749e-05,ENSG00000120075.5
ENSG00000074317.10,351.682273959444,-2.206720227257974,1.8722181126851413e-05,5.0963412946028785e-05,ENSG00000074317.10
ENSG00000180264.11,7363.720479521816,3.001183800721886,1.9169955690509053e-05,5.211114753984161e-05,ENSG00000180264.11
ENSG00000111537.4,2834.610256953973,-1.8864429996867054,1.9169941672263213e-05,5.211114753984161e-05,ENSG00000111537.4
ENSG00000197616.11,390.49790545406853,-2.7110201970397827,2.0378854594305566e-05,5.523839378251043e-05,ENSG00000197616.11
ENSG00000110148.9,2874.0027213632716,-3.147435417442069,2.0802649141310053e-05,5.6310565121687674e-05,ENSG00000110148.9
ENSG00000179840.5,643.0152708578369,-1.6622647827406192,2.1113518588755627e-05,5.7023024918216585e-05,ENSG00000179840.5
ENSG00000006377.10,3109.9927839129646,-2.1802613154212938,2.1162818275373494e-05,5.713897248469786e-05,ENSG00000006377.10
ENSG00000136546.13,20595.104997290833,1.5654212690999945,2.1281670704315554e-05,5.745122598438969e-05,ENSG00000136546.13
ENSG00000161992.5,151.23400897648781,-3.3739079366312037,2.1530168955471066e-05,5.807837518595502e-05,ENSG00000161992.5
ENSG00000156738.17,48384.21864059498,-1.7155379357435614,2.1943601806666525e-05,5.907816816486484e-05,ENSG00000156738.17
ENSG00000087250.8,983.778787163742,-2.1704056635525477,2.1974453410594558e-05,5.9152354035359845e-05,ENSG00000087250.8
ENSG00000183072.9,5299.522046445684,-3.2831062972368374,2.2518162862712205e-05,6.055236241698003e-05,ENSG00000183072.9
ENSG00000133488.14,2690.598949214601,-2.5291526405687033,2.2813832119455138e-05,6.131986272491058e-05,ENSG00000133488.14
ENSG00000139515.5,306.3641409845173,-6.132538490857151,2.2950037024661825e-05,6.166748493119674e-05,ENSG00000139515.5
ENSG00000156284.5,86295.71126180777,1.6299844675366073,2.3004611911550613e-05,6.180487440348319e-05,ENSG00000156284.5
ENSG00000109758.8,1680.2370292297364,-1.609653129435689,2.3499768032876328e-05,6.305021494945167e-05,ENSG00000109758.8
ENSG00000198944.5,49120.898406762535,-1.559361686584537,2.3620457763981774e-05,6.333689666580589e-05,ENSG00000198944.5
ENSG00000150722.10,2658.5940657614706,-1.8299137122971034,2.375007604576117e-05,6.365517021137243e-05,ENSG00000150722.10
ENSG00000089250.18,1433.6449078228031,1.8671832889018452,2.3772831463575344e-05,6.370545498841584e-05,ENSG00000089250.18
ENSG00000147647.12,1131.0211487743736,1.6117433913125647,2.408079671779784e-05,6.446454069881612e-05,ENSG00000147647.12
ENSG00000150676.12,902.9317025976757,-1.9797465759755446,2.4334407795673787e-05,6.510460913755336e-05,ENSG00000150676.12
ENSG00000071677.1,206.53503268141355,-2.7937712511817527,2.4410210062662918e-05,6.528794296682417e-05,ENSG00000071677.1
ENSG00000229630.1,246.64772989597674,-2.443355591189484,2.4571853372003368e-05,6.568111677450148e-05,ENSG00000229630.1
ENSG00000269058.5,377.66236068266534,-1.9582716038875874,2.4776837903160577e-05,6.616005644855853e-05,ENSG00000269058.5
ENSG00000138650.8,16957.073450830798,-2.0337809149054644,2.488728743932336e-05,6.642532884295975e-05,ENSG00000138650.8
ENSG00000188910.7,23807.21318845882,-1.7926471426772947,2.50991811838317e-05,6.696100314639845e-05,ENSG00000188910.7
ENSG00000164265.8,1206.4562034707667,-1.981060746412378,2.5572002168399105e-05,6.813125566588769e-05,ENSG00000164265.8
ENSG00000179520.10,418.38346706154175,-3.2208856970646824,2.6291534329343988e-05,6.995481791307066e-05,ENSG00000179520.10
ENSG00000188056.11,356.1070931529082,-2.8911360851511816,2.6307358971150772e-05,6.99853201415513e-05,ENSG00000188056.11
ENSG00000175664.9,233.9857230659203,2.9358575260864916,2.7189777925338415e-05,7.220562011133232e-05,ENSG00000175664.9
ENSG00000163833.7,283.3678342523733,2.773846825812175,2.7247959161902537e-05,7.233871566817268e-05,ENSG00000163833.7
ENSG00000139304.12,9891.222018359475,2.2479552633833664,2.7534855203089647e-05,7.305714058320873e-05,ENSG00000139304.12
ENSG00000234840.1,3482.6665377406653,1.6082221919962678,2.7661694455411645e-05,7.337760290310109e-05,ENSG00000234840.1
ENSG00000125931.10,36454.14085634776,1.643689001848094,2.8035718455998153e-05,7.430914800213158e-05,ENSG00000125931.10
ENSG00000237136.7,211.91582863258466,-2.2446741547047226,2.857215568533163e-05,7.561928637427592e-05,ENSG00000237136.7
ENSG00000043591.5,8823.25394767433,1.6679008254649796,2.8771945693140282e-05,7.611437321505371e-05,ENSG00000043591.5
ENSG00000270765.5,3281.598876429856,1.6146208431245022,3.047318967723493e-05,8.042519717139338e-05,ENSG00000270765.5
ENSG00000036565.14,588.3639173098322,-1.9822523992327696,3.133037086920855e-05,8.249334921160356e-05,ENSG00000036565.14
ENSG00000216588.8,740.1314204372626,-2.219989421828097,3.215268702797737e-05,8.449733685266928e-05,ENSG00000216588.8
ENSG00000165953.9,3055.7383350789114,-1.8551006689509015,3.298430039422752e-05,8.653074360731266e-05,ENSG00000165953.9
ENSG00000188996.4,1386.5594620749432,-1.606459382658154,3.4280173641378406e-05,8.975973089462924e-05,ENSG00000188996.4
ENSG00000253898.1,210.99373657743078,-6.778166224561086,3.4595902019456554e-05,9.05203945519289e-05,ENSG00000253898.1
ENSG00000179826.6,3120.710874035656,2.219448266674535,3.498699384599653e-05,9.153034226163605e-05,ENSG00000179826.6
ENSG00000234323.6,1224.328107334362,-1.6545471123056061,3.529032852643583e-05,9.228354052439006e-05,ENSG00000234323.6
ENSG00000146678.9,1829.8079625540142,2.554375636480537,3.5671982345058066e-05,9.32136378621992e-05,ENSG00000146678.9
ENSG00000136573.12,7958.605156256828,-1.5903025225203955,3.616054056524539e-05,9.439405584852537e-05,ENSG00000136573.12
ENSG00000185985.8,2894.4991993018534,1.564370165743738,3.626056403383672e-05,9.462343238268016e-05,ENSG00000185985.8
ENSG00000130643.8,1126.1761943454364,-2.027045760981662,3.626423007666582e-05,9.462343238268016e-05,ENSG00000130643.8
ENSG00000250266.1,238.31969916834885,3.5574204982384563,3.8161815636045394e-05,9.932921667728439e-05,ENSG00000250266.1
ENSG00000187537.13,439.6205205995885,-1.69099895488937,3.834501190250465e-05,9.977710173702776e-05,ENSG00000187537.13
ENSG00000107295.9,4518.487308974609,-1.8384613661308935,3.858450290501945e-05,0.00010029846735153831,ENSG00000107295.9
ENSG00000203650.8,2703.6685241745636,-1.6628242096534824,3.9332641696916004e-05,0.00010201866165906114,ENSG00000203650.8
ENSG00000152467.9,6272.165346974891,-1.5413381233540404,3.9580669234068516e-05,0.00010257589958638439,ENSG00000152467.9
ENSG00000198074.9,21065.993111780837,-1.9704815684107941,4.1774108005696655e-05,0.00010787085826078871,ENSG00000198074.9
ENSG00000122375.11,529.2212169150797,1.7632973756850843,4.286035428880136e-05,0.00011050089042503614,ENSG00000122375.11
ENSG00000165566.12,764.81596974982,-3.401762322543496,4.514526307066221e-05,0.00011605825222635568,ENSG00000165566.12
ENSG00000111218.11,1242.397631388042,-2.2433338346619625,4.545598498616323e-05,0.00011680684442098137,ENSG00000111218.11
ENSG00000169347.16,182695.40762265451,-2.087734879566581,4.669696116358852e-05,0.00011982034685861044,ENSG00000169347.16
ENSG00000148677.6,3644.356726249271,-1.500999377808022,4.750978895455984e-05,0.00012177055463514095,ENSG00000148677.6
ENSG00000117322.17,19740.693976234703,-1.9407107754408537,4.827908173116858e-05,0.0001234953446306613,ENSG00000117322.17
ENSG00000231133.6,1333.326524022985,-1.7384888252183939,4.952177022502044e-05,0.00012649375728366786,ENSG00000231133.6
ENSG00000113889.11,220.8839265102179,-2.545377175809715,4.960355523078965e-05,0.000126684627819711,ENSG00000113889.11
ENSG00000198077.10,18564.96061602115,-2.405518262303755,5.242619500491524e-05,0.00013336201349138064,ENSG00000198077.10
ENSG00000121853.3,59.531321022898034,-5.332337109052217,5.405129608906786e-05,0.00013722360738854466,ENSG00000121853.3
ENSG00000231274.5,414.87118701463066,1.5054976873952786,5.4864256769254664e-05,0.00013918906029513725,ENSG00000231274.5
ENSG00000159212.12,543658.6719705623,-1.7210786151573487,5.496451901117419e-05,0.00013942371064977517,ENSG00000159212.12
ENSG00000142619.4,8287.72177630789,-2.0547549188510317,5.62758487886894e-05,0.00014252841646637156,ENSG00000142619.4
ENSG00000141744.3,21940.688243554407,-1.8378705763944396,5.7579440186848335e-05,0.00014566551173168004,ENSG00000141744.3
ENSG00000204949.8,977.6638524243875,-2.181131609460769,5.761969368249243e-05,0.00014574679777821316,ENSG00000204949.8
ENSG00000179914.4,555.4801102173366,2.660502115886946,5.7901039282230314e-05,0.00014637591559317283,ENSG00000179914.4
ENSG00000115844.10,18913.06731014625,-2.0105247421464414,5.8762964989212626e-05,0.00014840853536473347,ENSG00000115844.10
ENSG00000145832.12,19677.528806278144,-1.7205583006329699,5.9845558956669816e-05,0.00015095146330032093,ENSG00000145832.12
ENSG00000243083.5,665.822567676554,-1.5610984364824039,6.0198185869124855e-05,0.0001518195709396453,ENSG00000243083.5
ENSG00000162992.3,43.75275964423159,-7.3044466070078204,6.082328779535287e-05,0.00015324530696430945,ENSG00000162992.3
ENSG00000169933.13,752.1703288774859,2.08478792337916,6.376921424549915e-05,0.00016012801293328253,ENSG00000169933.13
ENSG00000233642.1,539.8322551588368,-3.0813336397143924,6.526997812699056e-05,0.00016366748008813845,ENSG00000233642.1
ENSG00000213892.11,601.0659367403415,-2.156579128107573,6.571770331918259e-05,0.00016472111584850012,ENSG00000213892.11
ENSG00000149972.10,2364.400603036579,-2.4960922942127177,6.688800237942569e-05,0.0001675140704391367,ENSG00000149972.10
ENSG00000131050.10,205.5246922498552,-3.8757670769080037,6.836713660743777e-05,0.00017105129660957382,ENSG00000131050.10
ENSG00000271856.1,3009.1636947539,-1.569290414696411,7.510331308217605e-05,0.00018686270797927995,ENSG00000271856.1
ENSG00000121351.7,57.8675050137966,-43.2808512266689,7.520005677151996e-05,0.0001870774738261686,ENSG00000121351.7
ENSG00000151224.12,15883.411859860036,-1.5198823885393382,7.615927891325453e-05,0.00018935875028674507,ENSG00000151224.12
ENSG00000180777.13,73819.90337967641,-1.770447425675603,7.781719230656895e-05,0.00019307960436242718,ENSG00000180777.13
ENSG00000112246.9,15403.069327362507,1.5825645532462966,7.980629823956336e-05,0.0001978234860630923,ENSG00000112246.9
ENSG00000116745.6,576.2070022539704,2.30931091856764,8.27577895609596e-05,0.00020471543643256948,ENSG00000116745.6
ENSG00000249487.6,139.76684203708413,3.0596780826148033,8.291902311494489e-05,0.00020500123322879184,ENSG00000249487.6
ENSG00000184478.6,252.04246286408994,-5.375308625868453,8.301099958985653e-05,0.00020514383371992643,ENSG00000184478.6
ENSG00000174576.9,781.7431554770559,1.5589130347396531,8.470795435369826e-05,0.00020904958505332986,ENSG00000174576.9
ENSG00000171798.17,22090.63416312745,-1.6921103889120415,8.582428248195465e-05,0.00021162991958996764,ENSG00000171798.17
ENSG00000198797.6,37733.30428518379,-1.8849181555580312,8.768180911645908e-05,0.00021600252372127153,ENSG00000198797.6
ENSG00000004939.13,559.8877293849306,2.1184517850856963,8.771812506953149e-05,0.00021606232481093658,ENSG00000004939.13
ENSG00000125823.12,255.20666163471026,-2.8851064185703716,8.810803120073429e-05,0.0002169391917066606,ENSG00000125823.12
ENSG00000108018.15,66923.16161660313,-1.8733152211716733,8.821062099439969e-05,0.0002171263900032247,ENSG00000108018.15
ENSG00000142700.11,658.4353942067646,-2.8903804122379713,8.84591005211125e-05,0.00021767829124394442,ENSG00000142700.11
ENSG00000178473.6,335.9277999307743,-6.054709641592776,9.326415410502616e-05,0.00022893734353770032,ENSG00000178473.6
ENSG00000268940.5,70.97858887932095,-8.216455883973223,9.333259200202294e-05,0.00022901179265919015,ENSG00000268940.5
ENSG00000176840.11,352.79417390102645,-4.666465073023926,9.523302471695918e-05,0.00023335537286919505,ENSG00000176840.11
ENSG00000240423.1,228.5369969897708,2.515958852299808,9.704907236162986e-05,0.00023731923609390652,ENSG00000240423.1
ENSG00000114349.9,248.4195655619226,-1.8174052009078883,0.00010065663041895438,0.00024560546318163137,ENSG00000114349.9
ENSG00000146857.3,783.7460876578014,-3.480752094531991,0.00010077718347889178,0.00024586618359554504,ENSG00000146857.3
ENSG00000142025.15,1424.9241183391248,-2.89726140277207,0.00010264217227332494,0.0002502800841517248,ENSG00000142025.15
ENSG00000179133.12,1048.7057077408854,-1.94415418283636,0.00010374023485594237,0.0002528201513316623,ENSG00000179133.12
ENSG00000007350.16,503.5550788644576,1.6293868112111902,0.00010413053402506278,0.00025366797482293327,ENSG00000007350.16
ENSG00000257495.5,270.1702408822424,-1.6163497709248713,0.00010841581791424646,0.0002636310747536861,ENSG00000257495.5
ENSG00000124479.8,39285.00882739282,-1.6155214997144562,0.00011181578138917222,0.0002714683238056158,ENSG00000124479.8
ENSG00000142449.12,18376.987594154616,-1.653309043065057,0.00011202819809231628,0.0002719104540198192,ENSG00000142449.12
ENSG00000188293.5,4446.476689350745,-1.9226850021808894,0.0001120173791660751,0.0002719104540198192,ENSG00000188293.5
ENSG00000277932.1,33.91851860976705,-6.39996137872249,0.00011563382203023773,0.0002802827640835588,ENSG00000277932.1
ENSG00000124196.5,253.96174768730927,-2.3397467017063303,0.0001159510254372919,0.0002809757191690433,ENSG00000124196.5
ENSG00000187492.8,3159.3254266698227,-1.967765653754227,0.00011684512832082335,0.0002829894699134639,ENSG00000187492.8
ENSG00000186081.11,1766796.184544463,1.6229094063889826,0.00011935054787293555,0.00028862887210673256,ENSG00000186081.11
ENSG00000168671.9,4956.991529798683,-1.5701590695537007,0.00012822290586182703,0.0003089609000650764,ENSG00000168671.9
ENSG00000236027.2,28.68733539531773,-6.532412341074766,0.00012888569120374783,0.0003105162248872249,ENSG00000236027.2
ENSG00000177938.4,591.5658952081303,2.7208828774328064,0.00013341081280952667,0.00032085827972847425,ENSG00000177938.4
ENSG00000120094.6,1277.7122568521277,-2.2326884113158654,0.0001338131716184661,0.00032173972283555614,ENSG00000120094.6
ENSG00000036473.6,180.59040335868116,3.138084863700647,0.00013483990877633138,0.00032407813060306596,ENSG00000036473.6
ENSG00000175535.6,84.95353679778707,-5.523957779661471,0.00013641219770386127,0.0003275937467342193,ENSG00000175535.6
ENSG00000196990.8,171.6474380288012,-2.6202624398733554,0.00014193418321773208,0.00034021733684998456,ENSG00000196990.8
ENSG00000230448.5,330.74025361117907,-2.27767801215935,0.00014375948123666632,0.0003442706701335567,ENSG00000230448.5
ENSG00000238284.1,24.010645713281605,-5.70429582749329,0.00014463074067099852,0.00034621851795629637,ENSG00000238284.1
ENSG00000229558.2,434.8754001355237,2.552714549615677,0.00014632031308226613,0.0003497963892816658,ENSG00000229558.2
ENSG00000019169.10,44801.25043224855,1.5306171792045193,0.00014756338785273473,0.00035248634606356127,ENSG00000019169.10
ENSG00000125414.18,1476.3837981286952,1.5617426778672208,0.000153524107264005,0.00036575100647176127,ENSG00000125414.18
ENSG00000133863.7,1972.1613768160273,-3.3327336516624553,0.00015470344789183225,0.00036826726836973174,ENSG00000133863.7
ENSG00000163295.4,29.470652366393335,-12.170377221922365,0.00015523618463534938,0.0003693884229010356,ENSG00000163295.4
ENSG00000162456.9,108.35396419183171,-4.262694019396463,0.00015636361019454704,0.0003719725071365441,ENSG00000162456.9
ENSG00000142182.8,309.2959757143736,-1.839957011131482,0.00015939295368235984,0.0003788274385266576,ENSG00000142182.8
ENSG00000244302.1,53.51222799805937,-4.081081268583722,0.00016205340853395333,0.00038489561386277415,ENSG00000244302.1
ENSG00000022355.16,249.20551254883048,-4.104183962587921,0.00016285071005059964,0.00038663576887377083,ENSG00000022355.16
ENSG00000126233.1,2250.1659532615818,-2.2555608839344026,0.00016655503682382245,0.0003950123685919469,ENSG00000126233.1
ENSG00000211945.2,275026.4044001356,-1.617906047346794,0.00016796277251453077,0.00039814055350075825,ENSG00000211945.2
ENSG00000256463.8,636.8615683848906,-2.3349295255129885,0.00017027695528077042,0.0004030504454879082,ENSG00000256463.8
ENSG00000133980.4,357.5222924591372,-3.7339396817473927,0.0001728255269158331,0.0004087493416340727,ENSG00000133980.4
ENSG00000160182.2,949588.4327778531,-1.9161437243892032,0.00017531750666608607,0.0004144246264808653,ENSG00000160182.2
ENSG00000121742.16,5339.761327252001,-2.168313094354607,0.00017583155138136216,0.00041547555411998455,ENSG00000121742.16
ENSG00000152595.16,602.1698794851706,-2.0537252849011827,0.0001769608191235804,0.0004179787993094019,ENSG00000152595.16
ENSG00000180269.7,1668.851278083685,-3.633959714056487,0.0001770139153404799,0.000418020861355769,ENSG00000180269.7
ENSG00000164746.13,1155.4331040948302,-1.7687624905203077,0.00017988668431203735,0.0004244426907685994,ENSG00000164746.13
ENSG00000142515.14,5831.122065110252,2.671350996503403,0.00019554192818796153,0.00045962855114026484,ENSG00000142515.14
ENSG00000084453.16,6219.970063568761,2.422572243687008,0.00019725249634949878,0.00046352786727283995,ENSG00000084453.16
ENSG00000204019.4,7325.752883586344,-5.574139945704875,0.00019734464626505722,0.0004636836889590397,ENSG00000204019.4
ENSG00000124900.12,20.235766630118604,-11.145921710647439,0.0001993261765342383,0.00046778824375233745,ENSG00000124900.12
ENSG00000169548.3,640.5542522182996,-3.3908897465751036,0.00019983151944119715,0.00046891287888751684,ENSG00000169548.3
ENSG00000196406.4,75.51363962182694,-5.64974544711322,0.00020210197408576455,0.00047380687522797994,ENSG00000196406.4
ENSG00000170950.5,202.52296984427034,-4.044759482561733,0.0002063136647925485,0.00048315544341420854,ENSG00000170950.5
ENSG00000186790.5,409.3378404565292,-2.172470610977049,0.0002074256740769917,0.0004854631923356644,ENSG00000186790.5
ENSG00000073067.13,439.29583611117414,-1.85106867857017,0.0002099113319511462,0.000490640737336377,ENSG00000073067.13
ENSG00000270816.5,575.2696981449299,-3.3767521432800582,0.00021315599185241406,0.0004978772122339192,ENSG00000270816.5
ENSG00000233515.1,119.08215903233963,-5.779827107374337,0.00021315127572133088,0.0004978772122339192,ENSG00000233515.1
ENSG00000078725.12,22850.145514020536,1.5397967104907364,0.00021375038416834567,0.0004990939353958094,ENSG00000078725.12
ENSG00000196071.4,727.8498916338699,2.319623167030696,0.00021406205587576595,0.0004996266298952581,ENSG00000196071.4
ENSG00000184221.12,1588.759908280596,-2.414113989284733,0.0002170297061389953,0.0005059608999555842,ENSG00000184221.12
ENSG00000092054.12,504.9527197173402,-2.2760856970293055,0.00021964320770061267,0.0005116549031519918,ENSG00000092054.12
ENSG00000110243.11,231.31870379063287,-3.0336908826346494,0.00022486045338770185,0.0005232649430150333,ENSG00000110243.11
ENSG00000198643.6,19502.427172834115,1.5844693433678374,0.00023098391685819547,0.000536193454605881,ENSG00000198643.6
ENSG00000183304.10,48.35768260831748,-7.261403037654059,0.00023138710709873328,0.0005370599210683831,ENSG00000183304.10
ENSG00000173237.4,1509.7862292915743,-3.304367366536294,0.00023639406149641407,0.0005480432867560277,ENSG00000173237.4
ENSG00000230461.8,1148.0998571022894,1.7341807316773739,0.00024048553379576055,0.0005570249668815189,ENSG00000230461.8
ENSG00000255920.1,176.50507704545524,1.6903512339509748,0.00024123765452247926,0.0005586949500195364,ENSG00000255920.1
ENSG00000184486.9,730.6534012345948,-1.876739987521255,0.00024424724642769456,0.000565446083072965,ENSG00000184486.9
ENSG00000132446.6,152.78071504969014,-8.472234185685256,0.0002476302247052585,0.0005729082970746724,ENSG00000132446.6
ENSG00000196361.9,711.1787325864352,-2.2108131811414378,0.0002479076658144863,0.0005734023144335063,ENSG00000196361.9
ENSG00000245832.6,194.952058179408,-3.0205894386030234,0.0002629508035353585,0.000605465060777425,ENSG00000245832.6
ENSG00000171102.14,39948.9792551015,-1.831848229818995,0.00026614575510895574,0.0006122717217532182,ENSG00000171102.14
ENSG00000156925.11,441.02511566039783,-3.618365746849987,0.0002674519920790935,0.0006150401827332121,ENSG00000156925.11
ENSG00000150893.10,52808.57751149575,-1.522335096812498,0.00027888779265034696,0.000639371732632915,ENSG00000150893.10
ENSG00000250799.9,31.730427646169208,-4.6564752567576475,0.00028309519772655873,0.0006486031956084487,ENSG00000250799.9
ENSG00000171872.4,1504.2785306109572,-1.6821066834670015,0.0002872216786695613,0.0006573021045844417,ENSG00000171872.4
ENSG00000081051.7,10144.336835226799,1.9241583260744946,0.00029330114826788765,0.0006704453254164301,ENSG00000081051.7
ENSG00000074771.3,20.22672799904982,-6.4778292126097385,0.00029571715293713277,0.0006757097405200446,ENSG00000074771.3
ENSG00000167858.12,2240.066551329036,-1.8437206393737353,0.0002973151549313132,0.0006792746549640291,ENSG00000167858.12
ENSG00000187950.8,730.006281980944,1.5179268811689497,0.000301390386475524,0.0006879721530233816,ENSG00000187950.8
ENSG00000152430.17,301.6857173777776,-1.927744317988804,0.0003047996293972953,0.000694958646747785,ENSG00000152430.17
ENSG00000182601.6,5406.241409163558,2.5399947048897347,0.00031736247464129465,0.0007210372556297025,ENSG00000182601.6
ENSG00000101282.8,8882.203595943109,-1.5183439545971222,0.0003186305014615107,0.0007236433006233829,ENSG00000101282.8
ENSG00000230257.2,3080.9248466008225,-2.443187982573991,0.00031890027069607363,0.0007241643200924255,ENSG00000230257.2
ENSG00000153820.12,7106.343532455156,2.5561275547277393,0.00032332715517692534,0.0007339383266913028,ENSG00000153820.12
ENSG00000170477.12,16974.965187455415,-2.096404979509243,0.000324006170737807,0.0007352936294067545,ENSG00000170477.12
ENSG00000139445.17,1937.3058784885768,-1.923244161186951,0.000327709365324569,0.0007428520529792909,ENSG00000139445.17
ENSG00000206013.2,522.8431286369919,-2.6660305126733967,0.00033081823153075787,0.0007490476147114094,ENSG00000206013.2
ENSG00000126583.10,540.2967260477383,-1.5622163615603923,0.00033103274866186605,0.0007494387638138435,ENSG00000126583.10
ENSG00000159182.4,21.812105509394026,-6.526773136411692,0.00033219171095250614,0.0007518728634374079,ENSG00000159182.4
ENSG00000158516.11,670.6243729663474,1.8082448651520988,0.0003346462535871504,0.000757046441549146,ENSG00000158516.11
ENSG00000197658.9,283.3908126910496,-3.4667652239863265,0.0003364396529179474,0.0007603366664936585,ENSG00000197658.9
ENSG00000253301.5,915.4091184391654,-3.074684577403462,0.0003368376178543478,0.0007610443483730064,ENSG00000253301.5
ENSG00000101435.4,1831.8670728687475,-2.8882999688711015,0.0003405016325878435,0.0007690322586729093,ENSG00000101435.4
ENSG00000265962.1,1049.333985680793,-2.1056588640140386,0.0003407118053685609,0.0007694100976004853,ENSG00000265962.1
ENSG00000280924.1,568.9855341399254,-1.5937878922526725,0.00034399928481665545,0.0007758576127136834,ENSG00000280924.1
ENSG00000180869.4,283.74232168933065,-2.1622384944857878,0.00034499485868131106,0.0007779074823042782,ENSG00000180869.4
ENSG00000105278.10,2593.3222781420536,-1.631793619134293,0.00034721811915813957,0.0007824289752823881,ENSG00000105278.10
ENSG00000068985.4,40.130087996721564,-7.096560429278242,0.00035130312113806423,0.0007913360790486347,ENSG00000068985.4
ENSG00000186897.4,5007.119805612244,-1.6704243780464987,0.00035677120754237486,0.0008024445410053114,ENSG00000186897.4
ENSG00000158764.6,243.22306614871832,-2.7105412503706283,0.0003611365335114138,0.0008114788765658437,ENSG00000158764.6
ENSG00000108702.3,175.99422127079373,-2.8174836656357973,0.00037759016425370517,0.0008450334132412678,ENSG00000108702.3
ENSG00000144285.17,2198.488230539266,-2.123404367863956,0.0003803820984688868,0.0008508571895943287,ENSG00000144285.17
ENSG00000168634.4,397.8692534064137,-1.9500716936005777,0.00040141660579699794,0.0008958979570175786,ENSG00000168634.4
ENSG00000164128.6,1357476.1046014936,-1.6479357556181125,0.00040242761081840997,0.0008978193520484332,ENSG00000164128.6
ENSG00000166930.6,18.990177248957146,-6.3149522378005285,0.0004110570559479772,0.0009161604535996153,ENSG00000166930.6
ENSG00000226321.5,1897.1119012562237,-1.8031446169203278,0.00041718540618491826,0.0009290115324624192,ENSG00000226321.5
ENSG00000166211.7,236.2123019482539,-2.5137462226899943,0.00042930767235090854,0.000954466221368443,ENSG00000166211.7
ENSG00000242107.2,18.035880351238553,-5.973205252852447,0.00044011870329457636,0.000976324639871168,ENSG00000242107.2
ENSG00000185177.12,60.84722641217733,-3.5868310108532393,0.0004413225671930964,0.0009787532005577704,ENSG00000185177.12
ENSG00000163285.7,444.3525076855612,2.33545789886187,0.00044738752047362296,0.0009911014404171224,ENSG00000163285.7
ENSG00000198610.10,327.22084929184723,1.5346706507194734,0.0004497108921313389,0.0009957566940282262,ENSG00000198610.10
ENSG00000140505.6,100.40709133108236,3.1789032950681766,0.0004538663051952991,0.0010043380170704707,ENSG00000140505.6
ENSG00000253117.4,105.14456966459211,-3.489717753481892,0.0004602828674900225,0.0010174077080858542,ENSG00000253117.4
ENSG00000103355.13,2238.4899360844634,-2.684953320815125,0.00046047853972252086,0.0010177148561129345,ENSG00000103355.13
ENSG00000131668.13,5810.284022936136,-1.5707311736146197,0.00046171746798897065,0.0010202017295399691,ENSG00000131668.13
ENSG00000211821.2,625.9309860685952,-1.802096453873292,0.0004639254267001493,0.0010247018533613341,ENSG00000211821.2
ENSG00000179676.6,30.916129159688793,-6.576524170293639,0.0004721013679462352,0.0010417347450107286,ENSG00000179676.6
ENSG00000198692.9,59.95127898430072,-8.703588783490126,0.0004734236170387778,0.0010443955475957498,ENSG00000198692.9
ENSG00000241359.1,1056.120452651995,-1.730959006492629,0.0004736039505550578,0.0010446649402286365,ENSG00000241359.1
ENSG00000095627.9,27046.86784234571,-1.6823387239358325,0.0004752434038280086,0.001048023551467345,ENSG00000095627.9
ENSG00000169474.4,868.7608261625543,-3.3158495064858364,0.00047637255763814836,0.0010503845139172936,ENSG00000169474.4
ENSG00000124205.15,21367.816262832446,2.1226948539656005,0.0004767674180861399,0.0010511260044400656,ENSG00000124205.15
ENSG00000189064.8,335.245356409461,-17.16195397052043,0.000497031282684647,0.0010927137143461536,ENSG00000189064.8
ENSG00000170279.2,46.77403886072852,-4.57019677118041,0.0004976653113030857,0.0010939735815291647,ENSG00000170279.2
ENSG00000178235.7,2945.5697921530414,-2.728603112996439,0.000516788468943366,0.001133231012090127,ENSG00000178235.7
ENSG00000196188.10,1580.915136267716,-2.177899477026815,0.0005192588556152231,0.0011383727434526039,ENSG00000196188.10
ENSG00000136535.14,583.4046473866838,-2.4002306800831126,0.0005200376524300672,0.0011398015921833548,ENSG00000136535.14
ENSG00000197745.2,39.53745429419251,-4.920193846481728,0.0005423494304228505,0.001185085019423725,ENSG00000197745.2
ENSG00000281880.1,27.671580677813942,-7.616414609382002,0.0005435749700638798,0.0011873291859800681,ENSG00000281880.1
ENSG00000165643.10,442.00675382702593,-2.6612468573442865,0.0005496725622630669,0.0012001861916851307,ENSG00000165643.10
ENSG00000147246.9,411.0882887437452,-4.038560381484569,0.0005549107010090881,0.001210468954401541,ENSG00000147246.9
ENSG00000163209.14,5043.160296230646,-3.5119245593300357,0.0005792546454581039,0.0012595910516359932,ENSG00000163209.14
ENSG00000151834.15,5037.5833330284,1.7581835791622737,0.0005807641968023614,0.00126256757298541,ENSG00000151834.15
ENSG00000189127.7,1440.746581392209,-1.893561753112196,0.0005919996154302911,0.0012863697141294675,ENSG00000189127.7
ENSG00000126752.7,465.89889068411145,-4.758568778169361,0.0006178525528976067,0.0013384940491602867,ENSG00000126752.7
ENSG00000186910.3,81612.1183610843,-1.5577595969150702,0.0006317321145626126,0.0013665824067162775,ENSG00000186910.3
ENSG00000223350.2,13418.143261380688,-1.6644133357351933,0.0006527282086991062,0.0014089444216163552,ENSG00000223350.2
ENSG00000187689.9,1304.7287065451294,-2.4224436984597424,0.0006659444695493795,0.00143626292807621,ENSG00000187689.9
ENSG00000168348.3,189.33173488485167,-2.2853289999449253,0.000670049721727924,0.0014439020303453668,ENSG00000168348.3
ENSG00000253658.5,203.7933925556602,-2.0857229199892333,0.0006783215534283551,0.0014604993946146394,ENSG00000253658.5
ENSG00000164690.7,890.0455896795396,-1.5692314838646575,0.0006798456662607197,0.0014636053551748474,ENSG00000164690.7
ENSG00000205628.2,512.3032768239017,-3.5963357727282177,0.0006863317598058765,0.0014765060661739177,ENSG00000205628.2
ENSG00000180287.16,3487.5049744825355,1.552442799886745,0.00072723709498131,0.001557596375309695,ENSG00000180287.16
ENSG00000060566.13,442.55487629801803,-1.5906336308429956,0.0007297316689606764,0.0015625662372112622,ENSG00000060566.13
ENSG00000108684.14,5295.129235306714,-1.6544527395754594,0.000762200097085831,0.001628592348429168,ENSG00000108684.14
ENSG00000013293.5,913.132767663659,2.046356943748627,0.0007673810079661948,0.0016392720008268332,ENSG00000013293.5
ENSG00000178645.12,15.311442544987235,-9.288464207725035,0.000773251791274627,0.0016514199169997508,ENSG00000178645.12
ENSG00000258551.5,841.4012025637616,-2.1073137268798967,0.0008037097983289699,0.001712189080044525,ENSG00000258551.5
ENSG00000180532.10,328.42759413917366,1.6544324189765771,0.0008058520836397943,0.0017161416791873331,ENSG00000180532.10
ENSG00000163421.8,477.8564805697147,1.8692391572240992,0.0008159181754016292,0.0017353129950701477,ENSG00000163421.8
ENSG00000175497.16,5316.985294712347,-2.3886319945637173,0.0008313252986361288,0.0017655700270714516,ENSG00000175497.16
ENSG00000134193.14,641.4641076570069,-1.7682745709544054,0.0008417257193731194,0.0017859674007841143,ENSG00000134193.14
ENSG00000135960.9,3171.2425251241734,1.6049313914052072,0.0008579207251876475,0.0018175359495592855,ENSG00000135960.9
ENSG00000230778.1,42.15237526389623,-3.845555011629543,0.0008636670361489429,0.0018290618785148864,ENSG00000230778.1
ENSG00000197888.2,11530.321060286687,-1.8489890184457372,0.0008654859028255626,0.0018324813026904892,ENSG00000197888.2
ENSG00000173335.4,41737.58873605059,-2.480483774445656,0.0008700268338131995,0.0018407925369583835,ENSG00000173335.4
ENSG00000261706.1,506.20307731714126,1.815656495456445,0.0008886399406299142,0.001876854413213651,ENSG00000261706.1
ENSG00000225882.1,361.6264038166771,-4.413847627654889,0.0008980034431767412,0.0018952921411860084,ENSG00000225882.1
ENSG00000187848.12,3229.959476284156,-1.6074033490352786,0.0009059102310541594,0.001911305489245836,ENSG00000187848.12
ENSG00000163202.4,24.891800238504462,-6.6781356095691775,0.0009115943952723623,0.0019230719290815035,ENSG00000163202.4
ENSG00000235026.5,1575.3259394170332,-3.535852705871749,0.0009149727343541041,0.0019292915094300876,ENSG00000235026.5
ENSG00000139800.8,2697.3293557473635,-2.909992550236692,0.0009193942232355234,0.001937931392192909,ENSG00000139800.8
ENSG00000243543.8,2424.8009031233473,-2.1717310555168914,0.0009242267832571557,0.0019474313526029127,ENSG00000243543.8
ENSG00000159224.4,64.24652182024069,-2.9860065944995604,0.0009254862230116547,0.0019498561448539546,ENSG00000159224.4
ENSG00000188620.9,631.8258017544263,-3.468515820304198,0.0009264884079364271,0.0019515484335291733,ENSG00000188620.9
ENSG00000109511.11,502.559627131857,-1.6409566475842547,0.0009267351595942198,0.0019517999652298923,ENSG00000109511.11
ENSG00000182111.8,613.3732225200232,-2.7006122525094027,0.000929425466251902,0.001957006637693514,ENSG00000182111.8
ENSG00000276040.4,76.53382658650537,-5.223655545758834,0.0009446806822007639,0.001986563947194481,ENSG00000276040.4
ENSG00000250331.1,213.77715317098392,1.6489836041022963,0.0009514377554845942,0.0019993675002243304,ENSG00000250331.1
ENSG00000236301.5,23.514906661624465,-7.847880578180901,0.0009914854159140602,0.002077684725348814,ENSG00000236301.5
ENSG00000184302.6,109.83570192121911,-2.7728761307536414,0.0009927659000021174,0.0020799767311246403,ENSG00000184302.6
ENSG00000188674.10,16.676355391794015,-6.229160144947176,0.0010081295140858734,0.002109852577648345,ENSG00000188674.10
ENSG00000168135.4,274.26585302169804,-2.660860431715262,0.0010207400316347118,0.0021357461669371815,ENSG00000168135.4
ENSG00000249550.6,778.311063199649,-2.2448388217149686,0.0010285571362436629,0.0021510989805077255,ENSG00000249550.6
ENSG00000056487.15,9530.374087446024,-1.6033603036130437,0.0010341899924853715,0.0021616197117248115,ENSG00000056487.15
ENSG00000179813.6,622.0422706761071,-2.123410286091105,0.0010351195169829694,0.0021630586482755797,ENSG00000179813.6
ENSG00000154165.4,1973.3810419189126,1.6278113525178866,0.0010526674197092736,0.0021971304594378266,ENSG00000154165.4
ENSG00000118492.16,881.4996506392977,-1.7103846444922317,0.0010529112531267228,0.0021971670573445647,ENSG00000118492.16
ENSG00000150201.14,208.23308800333453,-1.975138133019339,0.0010900736658653889,0.002269437505544557,ENSG00000150201.14
ENSG00000224141.5,208.58668769457628,-3.450763348236308,0.001090728135520559,0.002270273247161688,ENSG00000224141.5
ENSG00000167941.2,394.51720996688044,-2.2087766376643914,0.001099888009630028,0.0022888078910821316,ENSG00000167941.2
ENSG00000251576.1,257.7073544589715,1.862718255948499,0.0011041031751116606,0.002296514127066609,ENSG00000251576.1
ENSG00000229154.1,23.851822619876273,-4.599737207316625,0.0011130722276203534,0.002314096634505807,ENSG00000229154.1
ENSG00000166111.9,670.5340162865708,-2.4594037405405067,0.0011471001110203937,0.0023793277531094603,ENSG00000166111.9
ENSG00000162624.14,965.7605466882775,-2.1179831010837997,0.0011503516436403374,0.0023852449611141916,ENSG00000162624.14
ENSG00000196772.3,22.874145402927905,-7.042926195060945,0.0011750276183751576,0.0024327559229403283,ENSG00000196772.3
ENSG00000230426.2,50.76334904399868,-7.939963293924997,0.0011919929338784201,0.0024658890022497544,ENSG00000230426.2
ENSG00000188729.6,266.7776052385879,2.2724467164619035,0.001215393412348909,0.0025105352125231756,ENSG00000188729.6
ENSG00000234452.5,114.62381522422545,2.4287998916631235,0.0012913766879019898,0.0026531329617258195,ENSG00000234452.5
ENSG00000184029.9,38.561568826953064,-7.094558864286019,0.0013127500839631647,0.002694268272519161,ENSG00000184029.9
ENSG00000153779.10,42.93620492479152,-7.171448578326055,0.0013259413039825069,0.0027185432768123976,ENSG00000153779.10
ENSG00000101180.15,500.5278378217899,-2.042021946733598,0.001336236034979484,0.002738398745051606,ENSG00000101180.15
ENSG00000175336.9,4475.837382076877,-1.5391374689444366,0.0013662394858253931,0.0027973301384813846,ENSG00000175336.9
ENSG00000185433.8,410.31599632491816,-1.5362879476471853,0.0013688989593495006,0.002802455553515966,ENSG00000185433.8
ENSG00000225298.5,192.69515238374686,-3.150052626123541,0.0014048143263763959,0.0028717234304509055,ENSG00000225298.5
ENSG00000144339.11,386.70581241604634,2.1015674587585216,0.001458830484122501,0.0029733364615054697,ENSG00000144339.11
ENSG00000161896.11,3785.9659485717193,-1.5835772530212202,0.0014631699182352817,0.0029815036353411186,ENSG00000161896.11
ENSG00000182583.12,452.8033247092425,-2.289046097776556,0.0014728384870430645,0.0029995021917490353,ENSG00000182583.12
ENSG00000184471.7,13.832541646053915,-6.446100349094984,0.0014805716354955726,0.0030138828618641584,ENSG00000184471.7
ENSG00000231107.1,2358.0583925223787,-1.7128391392592373,0.0014871075447780953,0.003026500826074418,ENSG00000231107.1
ENSG00000128610.11,228.37416578746996,-2.5593072193535447,0.0014898835107404916,0.0030314627187580656,ENSG00000128610.11
ENSG00000156076.9,56538.295054015354,2.025163487743214,0.0015057158882119158,0.0030612469859590545,ENSG00000156076.9
ENSG00000188393.8,34.91352407714107,-4.494733105773012,0.001508900500811673,0.0030670265730136682,ENSG00000188393.8
ENSG00000198178.10,1026.187833234985,-1.8124928560713116,0.0015284047581865079,0.0031028051794206014,ENSG00000198178.10
ENSG00000169856.8,157.39137908887145,-3.077315686309067,0.001533879094676716,0.003113566343312103,ENSG00000169856.8
ENSG00000226757.2,86.54950457388789,-2.316148098724724,0.0015356789306830258,0.003116867179298294,ENSG00000226757.2
ENSG00000100078.3,7650.739766223108,-1.6966110054330947,0.0015500878523057487,0.003142912590031,ENSG00000100078.3
ENSG00000183128.7,448.8526165765327,-1.893178240933153,0.0016085717769154183,0.0032523055735177767,ENSG00000183128.7
ENSG00000237281.1,169.25360143974427,-1.6981488130424804,0.0016254699485758063,0.003283881193114644,ENSG00000237281.1
ENSG00000134249.6,18.715484062674552,-5.882629111306344,0.0016332588682497946,0.0032981315700961415,ENSG00000134249.6
ENSG00000259518.1,135.7340299763317,-2.389924409792498,0.0016339921424951289,0.003299241026773106,ENSG00000259518.1
ENSG00000109182.11,7875.7943567513175,-1.7061970006079281,0.001637464646980281,0.003305880470906184,ENSG00000109182.11
ENSG00000185002.9,2745.0161787560805,2.2284938074139338,0.001643197024956102,0.0033159612478421384,ENSG00000185002.9
ENSG00000255974.7,55934.50337330682,-1.7415980843317846,0.0016443316841059893,0.0033178778521981193,ENSG00000255974.7
ENSG00000152591.12,150.64310021798397,-2.631749041064312,0.0016455083513086993,0.003319505548722125,ENSG00000152591.12
ENSG00000280953.2,338.4481612418349,-1.5985676768446726,0.0016483714382283343,0.0033249074963544547,ENSG00000280953.2
ENSG00000205927.4,165.35804796654708,-3.0402605711294965,0.0016593571151513125,0.003345186391896995,ENSG00000205927.4
ENSG00000187833.7,50.98307684845304,-4.613824118661298,0.0016840367713903633,0.0033899883134203145,ENSG00000187833.7
ENSG00000185960.13,250.21511725914078,2.148453126871578,0.001686829681086844,0.003394848788405376,ENSG00000185960.13
ENSG00000225174.1,50.52406987359351,-4.55181615633227,0.0017520439851849408,0.0035197802586384437,ENSG00000225174.1
ENSG00000249481.6,259.4572412912481,-1.6205532297114489,0.0017627525716087497,0.0035401043251200226,ENSG00000249481.6
ENSG00000182156.9,263.47771553723936,-1.7409678937272952,0.0017770205420666605,0.0035647687654381394,ENSG00000182156.9
ENSG00000147160.9,719.4446434313692,-1.9295233351595016,0.0017899123614866573,0.0035878225440702165,ENSG00000147160.9
ENSG00000214866.8,178.00331634464425,2.1481790554247624,0.001792386238370511,0.0035923800582285765,ENSG00000214866.8
ENSG00000164270.17,280.0825039548932,1.6695448737753729,0.0018106447122992642,0.003624521275936858,ENSG00000164270.17
ENSG00000127318.10,14.886331057470418,-5.020431165462269,0.0018223081084166948,0.0036454288402931073,ENSG00000127318.10
ENSG00000148704.12,486.79235088029844,-3.7299093704207884,0.001830860491020108,0.0036604970084529046,ENSG00000148704.12
ENSG00000164299.6,22.44695130180369,-6.040737507290771,0.0018457727264919977,0.0036870250255117898,ENSG00000164299.6
ENSG00000112238.11,672.8211190046678,-3.8239453972020576,0.001854070760261113,0.003701540467526192,ENSG00000112238.11
ENSG00000235914.1,190.63481789625536,-3.0575445916067245,0.0018647956101941485,0.003720468359942606,ENSG00000235914.1
ENSG00000141750.6,376933.5511400302,1.5051968382568237,0.0018969835606787657,0.0037796439054874277,ENSG00000141750.6
ENSG00000182938.4,186.5489687100979,-3.0230266183116297,0.0019118242122049354,0.003807522049256977,ENSG00000182938.4
ENSG00000169469.8,1568.2147067973888,-3.1383186104932985,0.001931877571676806,0.0038440464788388343,ENSG00000169469.8
ENSG00000197838.4,940.9662030839119,-2.2056371486471544,0.001939349902249694,0.003857204017509256,ENSG00000197838.4
ENSG00000232416.3,15.652292936902187,-6.0897742451617605,0.0019474817459682941,0.003871232131345416,ENSG00000232416.3
ENSG00000214381.4,34.80734747344014,-5.059705796539173,0.001991548457009187,0.003952698320160696,ENSG00000214381.4
ENSG00000187021.14,79.45897062056365,-2.670395118634544,0.002013769496071323,0.003994592066936084,ENSG00000187021.14
ENSG00000163737.3,235.88737316264326,2.5045634075230536,0.0020238949680410102,0.004014233591967269,ENSG00000163737.3
ENSG00000211693.2,10.510159014974503,-6.0500766106084765,0.002035714350158287,0.004033663681453214,ENSG00000211693.2
ENSG00000104921.14,7152.177195418637,1.5301368628595227,0.0020474549938878065,0.0040546884902684915,ENSG00000104921.14
ENSG00000237556.1,59.77511911746162,-3.167921551373869,0.002058645941948422,0.00407550118957662,ENSG00000237556.1
ENSG00000072080.10,31.574302307580307,-4.145488216068782,0.0020829035045811716,0.004120341802028943,ENSG00000072080.10
ENSG00000159527.3,212.73317554270173,-3.211325443727539,0.0021402622376480193,0.004227748303870108,ENSG00000159527.3
ENSG00000129152.3,54.3841490232449,-4.6983324073640205,0.0022109141420245102,0.004355323675978462,ENSG00000129152.3
ENSG00000237247.6,16.37284466373811,-5.453873047508551,0.002276887891639285,0.004479876790304312,ENSG00000237247.6
ENSG00000163736.3,753.2172279359644,2.250301353667667,0.0023011867829815322,0.004523717751294984,ENSG00000163736.3
ENSG00000233041.8,15013.357983320682,-1.8842705944333504,0.0023234949643187843,0.0045620739292850715,ENSG00000233041.8
ENSG00000236289.2,594.2526114471013,-1.7600850191082316,0.0023565583559689114,0.004623956603554527,ENSG00000236289.2
ENSG00000166091.19,1784.049515962646,1.7892175480841594,0.002370530686096037,0.0046483228752384744,ENSG00000166091.19
ENSG00000131183.10,328.0855291254256,-1.5485630838701947,0.0023738439430221214,0.0046538026563519,ENSG00000131183.10
ENSG00000255181.3,169.3276801220838,-1.67911537453255,0.0024204741436091247,0.0047379718591602634,ENSG00000255181.3
ENSG00000145526.11,991.5453014413469,-2.198382575857792,0.0024385406821258284,0.0047717747001162335,ENSG00000145526.11
ENSG00000137204.14,267.13268977773413,-1.6358221701477473,0.0024975092559203316,0.004876529498175672,ENSG00000137204.14
ENSG00000176136.6,436.9262240195271,-1.9535892348907875,0.002517209048813696,0.004912321824025336,ENSG00000176136.6
ENSG00000231817.7,5269.726055198779,2.109332623719827,0.0025494270575649246,0.004969245700079788,ENSG00000231817.7
ENSG00000280809.2,25.393023976986015,-5.281618194976461,0.002590820898750082,0.005042812691959157,ENSG00000280809.2
ENSG00000198570.5,627.1623057784864,-1.6316012709558023,0.0025935651015536864,0.005047059123986482,ENSG00000198570.5
ENSG00000164113.10,19.835341793406172,-5.293851816934479,0.002701499103135264,0.005243450503694881,ENSG00000164113.10
ENSG00000110484.6,6235344.769971931,-1.6886018067337243,0.0027565076864835844,0.005341552259855447,ENSG00000110484.6
ENSG00000123307.3,98.14512534926133,-7.821906131525442,0.002809641226825117,0.005437467879006676,ENSG00000123307.3
ENSG00000243550.2,245.1089478218584,-1.655608022357699,0.0028475128166533504,0.00550363743882246,ENSG00000243550.2
ENSG00000171360.3,174.14585250832278,-2.5883369877804636,0.0028716739734710095,0.005547348237696609,ENSG00000171360.3
ENSG00000139610.1,198.75138884880633,-1.7141420720135547,0.002881955302503966,0.005566609897538339,ENSG00000139610.1
ENSG00000166569.8,146.75197549822894,-2.3198335488889184,0.0028898932535870565,0.005578939703320725,ENSG00000166569.8
ENSG00000183668.17,512.8252954536227,-2.038060329001741,0.002921811690673103,0.0056387383283973075,ENSG00000183668.17
ENSG00000166415.14,17660.008028177752,-1.554048585132755,0.0029304455753145927,0.005653544146356027,ENSG00000166415.14
ENSG00000249139.1,1002.3995621473878,-1.9386417126708637,0.003110926282103848,0.005967763652562695,ENSG00000249139.1
ENSG00000205274.3,108.5159356624713,-2.5189150801398927,0.0031180035798054934,0.00597909260097148,ENSG00000205274.3
ENSG00000257138.1,37.18771757865948,-4.632526824298198,0.003118164765932407,0.00597909260097148,ENSG00000257138.1
ENSG00000174156.14,983.7071425611224,-1.931563763422335,0.0031188971409263893,0.005979857922511286,ENSG00000174156.14
ENSG00000176774.5,22.774648540670384,-6.112331343195504,0.0031551621751831588,0.006042287094075411,ENSG00000176774.5
ENSG00000123576.5,192.6854209903382,-4.767911852184728,0.00317708699839594,0.006079732227707876,ENSG00000123576.5
ENSG00000167165.18,9228.09499623645,-2.3670004037230004,0.003235500618216132,0.006183600286853794,ENSG00000167165.18
ENSG00000225764.1,308.1869416419566,1.7866915378976722,0.003274295969495544,0.00625308289449,ENSG00000225764.1
ENSG00000198062.14,1560.9004952337502,-1.6548699343686104,0.0033154009105234926,0.006323507008762069,ENSG00000198062.14
ENSG00000198183.11,514.4197716588151,-3.5803224282104997,0.0033690185766917192,0.006420313226439699,ENSG00000198183.11
ENSG00000205409.3,114.82273692483486,-3.8327432760437707,0.0034547678940281055,0.006571859969303544,ENSG00000205409.3
ENSG00000203923.4,28.236638359437926,-6.039583768597545,0.0034784060636489,0.006615092415613949,ENSG00000203923.4
ENSG00000109158.10,517.985567208057,2.913235712587618,0.003498976827281789,0.006651939007578738,ENSG00000109158.10
ENSG00000139287.12,179.54558864188726,-2.1918226649335617,0.0035600169311033377,0.006760603641837051,ENSG00000139287.12
ENSG00000165066.12,227.32807356870353,-2.208440389269055,0.0035627025424785313,0.006764987769548652,ENSG00000165066.12
ENSG00000213578.5,1138.3524026989542,-1.6050950250245262,0.0035961307540585815,0.006824129679656006,ENSG00000213578.5
ENSG00000224659.2,27.70276082374537,-6.567242716218424,0.0036581941622604937,0.0069323725892493715,ENSG00000224659.2
ENSG00000112539.14,613.8341211910258,-2.3434185631146396,0.003700127353246264,0.007007396857694032,ENSG00000112539.14
ENSG00000171402.14,185.84005150545326,3.274826930248044,0.0037651192991213,0.007119960027761893,ENSG00000171402.14
ENSG00000224405.1,15.0136677663736,-5.478533691317659,0.0038042444679760234,0.007187130209871737,ENSG00000224405.1
ENSG00000184999.11,1007.5310419793493,-1.5343560696649727,0.0038493583064815014,0.007265476538498376,ENSG00000184999.11
ENSG00000198443.6,127.6475719653702,-4.721565791966634,0.0038549561593839393,0.007273882809345939,ENSG00000198443.6
ENSG00000176635.17,263.32815687532025,1.822422956025357,0.003891127754621034,0.007336597292100434,ENSG00000176635.17
ENSG00000186335.8,230.15426607084635,2.0359858826693302,0.003926158737035842,0.007395653199388111,ENSG00000186335.8
ENSG00000237338.1,120.03577587660429,-1.9712874694686116,0.004023360091416302,0.007568421583014374,ENSG00000237338.1
ENSG00000249346.6,24596.771926433168,-1.5102703342130532,0.004039727548314759,0.007596821539190949,ENSG00000249346.6
ENSG00000273540.3,232.42520476110698,-1.9810681967292194,0.004070246575843836,0.007644599597754008,ENSG00000273540.3
ENSG00000152936.10,281.45896195052626,-1.6937309938719314,0.004151547989297512,0.007788330070042295,ENSG00000152936.10
ENSG00000163530.4,66.31760270503366,-6.035039082017073,0.004160845628930022,0.007804140688357929,ENSG00000163530.4
ENSG00000282815.1,844.4715204354015,-3.24952558600531,0.004165202940452643,0.00781068048526306,ENSG00000282815.1
ENSG00000004848.7,5720.893001742301,-1.5315167124550668,0.004232043734159352,0.007921121598597623,ENSG00000004848.7
ENSG00000236398.2,16.70407248985421,-6.229160144947176,0.004283540783018196,0.008011658933758443,ENSG00000236398.2
ENSG00000144834.13,764.7567821542588,-1.8177106342349534,0.004308043935958241,0.008053291008108622,ENSG00000144834.13
ENSG00000274274.1,111.41091268514378,-8.943811152104923,0.004309248272446004,0.00805470322924699,ENSG00000274274.1
ENSG00000265537.1,65.72038360000664,-1.7651240594750401,0.004469099059934384,0.008324010123672678,ENSG00000265537.1
ENSG00000156395.12,1400.1365595255654,-1.642364025804392,0.004556325891825048,0.008474161671114082,ENSG00000156395.12
ENSG00000128310.2,112.58766555350748,-1.9231439082459358,0.004584001881790795,0.008523868369622179,ENSG00000128310.2
ENSG00000254636.1,154.8532800924517,1.5425090823572951,0.004618439291653238,0.008583456721846267,ENSG00000254636.1
ENSG00000171195.10,6053.19527314898,2.3750930911980475,0.004627194675855182,0.008598838159024999,ENSG00000171195.10
ENSG00000229404.5,940.6603476696176,-2.846280698222265,0.004649672942797917,0.00863524438890145,ENSG00000229404.5
ENSG00000119125.16,1138.5417861304893,1.7568707710977511,0.004684793874190117,0.008698669420371218,ENSG00000119125.16
ENSG00000163515.6,32.125858090036886,-3.4212745047514193,0.004791612545913037,0.008874968571827367,ENSG00000163515.6
ENSG00000254349.5,2741.9368608768905,-1.54854001285749,0.004794475004329079,0.008879353852583444,ENSG00000254349.5
ENSG00000104938.16,524.433656943149,1.9278560987247932,0.004902890217668284,0.009067037211773646,ENSG00000104938.16
ENSG00000274391.4,335.98340500686385,-2.0916145907777794,0.004929961024919673,0.009112404267733685,ENSG00000274391.4
ENSG00000269586.7,150.21466626959204,-3.884186865821042,0.005142891704250894,0.00946988699241437,ENSG00000269586.7
ENSG00000259764.1,72.583751488514,-2.647440496415359,0.005223571072117273,0.00960563223181721,ENSG00000259764.1
ENSG00000166558.10,209.0441879674436,-1.644396450542814,0.005275717394777689,0.009694569680685187,ENSG00000166558.10
ENSG00000124260.11,427.9419952602297,-3.220111399881393,0.005350086229720206,0.009820166459298217,ENSG00000124260.11
ENSG00000242512.8,95.85685739270534,-2.6741045899840117,0.005416295230153351,0.009934580559120079,ENSG00000242512.8
ENSG00000120160.10,205.73376349810704,1.653500176954652,0.005461062847524945,0.010011576597465021,ENSG00000120160.10
ENSG00000112494.9,250.4243712887849,-2.410274472908715,0.005566039684732833,0.01018737414349714,ENSG00000112494.9
ENSG00000116218.12,158.21833839250974,-1.7557238892104765,0.005578552537273941,0.01020923475051949,ENSG00000116218.12
ENSG00000175065.11,369.3305438692069,1.732298167110468,0.0055799581154009036,0.010209724525619844,ENSG00000175065.11
ENSG00000223662.1,87.83562133098886,-1.641619016331569,0.005714692658884487,0.0104333418908642,ENSG00000223662.1
ENSG00000227188.1,210.91801777170767,1.7127159160451848,0.005723813304839982,0.010448433971724175,ENSG00000227188.1
ENSG00000170925.3,99.22871392016609,-3.2177263638881968,0.005740114040378397,0.010473957419485206,ENSG00000170925.3
ENSG00000215853.3,123.92441143298056,-3.7436067437946896,0.005760125426159618,0.010508305271147638,ENSG00000215853.3
ENSG00000183631.4,70.87836123447427,-3.3960890337835976,0.00588419437060494,0.010722655000115267,ENSG00000183631.4
ENSG00000224382.1,38.70081684478774,-4.346486916723376,0.006076897562578189,0.01104241517599018,ENSG00000224382.1
ENSG00000154143.2,126.74386609202875,-2.6854608945750686,0.006149831703216639,0.011167028949860288,ENSG00000154143.2
ENSG00000147588.6,562.2063458709059,2.525612481869013,0.006278281226880504,0.011379543266176137,ENSG00000147588.6
ENSG00000143921.6,398.52472550289554,1.5195903965613438,0.006277149415553808,0.011379543266176137,ENSG00000143921.6
ENSG00000184033.13,697.9759258208376,-3.3560363498725234,0.006300123902671504,0.01141682723788502,ENSG00000184033.13
ENSG00000183783.6,427.9461147870913,1.685580126326456,0.0064787874717328045,0.011714566948082775,ENSG00000183783.6
ENSG00000109193.10,1946.2680960706207,-1.8905728795691406,0.006509061283735946,0.011768120471068799,ENSG00000109193.10
ENSG00000163630.10,122.1385704927038,-2.165825908758273,0.006509860013198297,0.011768378810883561,ENSG00000163630.10
ENSG00000187871.2,88.32419042576042,2.8683448092371235,0.006580366285612896,0.011888198006785712,ENSG00000187871.2
ENSG00000170178.6,85.31857657408914,-3.1986666767959377,0.006646409531907369,0.011999514301292466,ENSG00000170178.6
ENSG00000257057.2,70.74958994139898,-3.1261917021498853,0.0066673706865215225,0.012034936082782638,ENSG00000257057.2
ENSG00000248330.5,27.218826475540606,-6.310883480987777,0.00671804650136798,0.01211543984126101,ENSG00000248330.5
ENSG00000174992.7,460.3758392643972,-1.8595388271243802,0.006832379933302199,0.012304318097468353,ENSG00000174992.7
ENSG00000188991.3,706.9285187585427,1.664713268820195,0.006845617085111513,0.012326919515829503,ENSG00000188991.3
ENSG00000112116.9,14.711525954207081,-5.371328855666421,0.006866605855852474,0.012359752781363907,ENSG00000112116.9
ENSG00000263417.4,119.13044097143013,-2.1575079759754923,0.006892716796033896,0.012403019473328543,ENSG00000263417.4
ENSG00000101204.16,466.6399259396474,-1.9992107190867292,0.007016584904500799,0.012611288062372848,ENSG00000101204.16
ENSG00000182447.4,15.600364042201551,-5.447989968994741,0.007188751623253763,0.012899495912766552,ENSG00000182447.4
ENSG00000132972.18,267.81110477374745,2.0118833835618903,0.007190278588807574,0.012900945805175795,ENSG00000132972.18
ENSG00000261097.1,238.5688561877791,-1.7543801692455605,0.0072107741985646834,0.012933839686030056,ENSG00000261097.1
ENSG00000176988.8,151.48839188113098,-1.9744854164066976,0.007300936905749722,0.013083792253747428,ENSG00000176988.8
ENSG00000138136.6,306.58368274252035,-2.9771308426435756,0.007348736606693034,0.013158409082728985,ENSG00000138136.6
ENSG00000206177.6,89.75905440797108,2.639624763387649,0.007363256127212661,0.013180992412879487,ENSG00000206177.6
ENSG00000090402.7,26.562912424962715,-4.755000317771324,0.007409670187405859,0.013256143753022007,ENSG00000090402.7
ENSG00000169059.12,254.2220984539748,-2.0339081851999974,0.0075272648063539,0.013453111522431711,ENSG00000169059.12
ENSG00000139915.18,1788.528443642559,-1.9628310057875773,0.0077488584814255435,0.013820248145383159,ENSG00000139915.18
ENSG00000187094.11,417.9413355302265,-2.116410828559955,0.007805871646655899,0.013912252763964388,ENSG00000187094.11
ENSG00000164076.16,1115.594411319124,-1.5252356119101462,0.007808799176674252,0.013916088233810983,ENSG00000164076.16
ENSG00000070748.18,19.587276718437007,-5.632354382557027,0.007846280214587057,0.013975943237100472,ENSG00000070748.18
ENSG00000205334.2,522.6732195281422,-1.6029910470921782,0.00798700199674858,0.014201225111935842,ENSG00000205334.2
ENSG00000144820.7,362.2969582868549,-2.432577594746175,0.0080662168335968,0.014325039079776423,ENSG00000144820.7
ENSG00000258710.7,104.14931650953503,-3.726204521397746,0.008207159293010625,0.01455661424866884,ENSG00000258710.7
ENSG00000196289.7,164.37900017891766,-2.1728949572351826,0.008244883083501487,0.014617743508581233,ENSG00000196289.7
ENSG00000161634.11,24734.037869761152,-2.303026480998688,0.008357309189124034,0.014799521966805652,ENSG00000161634.11
ENSG00000057149.15,2064.520911602586,-2.8101178905621023,0.00839886861021554,0.014864315843939999,ENSG00000057149.15
ENSG00000228836.8,35.63884876795089,-6.655897333951474,0.008402088075518531,0.01486854718216021,ENSG00000228836.8
ENSG00000241635.7,7775.475830565867,-2.1358732712861834,0.00840351646807924,0.014869608470881953,ENSG00000241635.7
ENSG00000230223.6,324.5200892442511,-5.773661445463481,0.008512909899191281,0.015048868541746113,ENSG00000230223.6
ENSG00000165370.1,16.95565223071602,-6.739380648929853,0.008656557550438817,0.01527968411224416,ENSG00000165370.1
ENSG00000196104.10,1808.0877477962842,1.5027930955851159,0.008743317417595391,0.015417657993448476,ENSG00000196104.10
ENSG00000082556.10,2726.005787612789,-1.6783164491695903,0.008855530615171059,0.015597923755027734,ENSG00000082556.10
ENSG00000123171.6,87.78090428565933,-2.3316409012325154,0.00888248568873055,0.015640008163927095,ENSG00000123171.6
ENSG00000204195.3,325.8774234980647,-1.8463295576383643,0.008918731947716184,0.015693050212769094,ENSG00000204195.3
ENSG00000186971.3,62.035919662761344,4.740156724533829,0.008978659633104178,0.015795398868276606,ENSG00000186971.3
ENSG00000177504.10,116.05866329137584,-2.027963791703163,0.008983121178773808,0.015801698503275875,ENSG00000177504.10
ENSG00000181552.3,981.4015231147758,-1.7025441035531264,0.009088948311859187,0.015972195525218023,ENSG00000181552.3
ENSG00000204193.10,19.29936169826813,-3.1798686097707454,0.009141129449200832,0.016057604193486025,ENSG00000204193.10
ENSG00000242366.3,7388.822357631697,-2.132354411215317,0.009211245077570991,0.01616494686278082,ENSG00000242366.3
ENSG00000263724.1,110.348430426006,-2.561419226635259,0.0093662734765088,0.016417740672313563,ENSG00000263724.1
ENSG00000154620.5,12.838551979124174,-6.338229265043144,0.009400345550884115,0.016469420090320697,ENSG00000154620.5
ENSG00000186474.15,6500.706396538143,-1.9479000973410352,0.009620749165347404,0.016812886932508164,ENSG00000186474.15
ENSG00000281131.1,151.994524098569,-4.2710617946800955,0.009718001375865013,0.016964667447078682,ENSG00000281131.1
ENSG00000186038.9,146.42428375065623,-1.953085369825017,0.009775659900771708,0.017057204309240633,ENSG00000186038.9
ENSG00000134438.9,149.72853777136834,-2.6543915363267603,0.00977671345968234,0.017057204309240633,ENSG00000134438.9
ENSG00000153266.12,223.25117800732247,3.3499957862414367,0.00982153509798843,0.017130406862199105,ENSG00000153266.12
ENSG00000182698.11,6.660332624527681,-5.391506821962686,0.00985654162500643,0.017186452523478318,ENSG00000182698.11
ENSG00000143006.7,26.347019918679976,-6.182417890574904,0.009929666659203685,0.017306053034695304,ENSG00000143006.7
ENSG00000198049.6,107.1713782932593,-2.013494742919221,0.009990077363883739,0.017402383090722243,ENSG00000198049.6
ENSG00000206072.12,783.9771043388262,-2.895492856198183,0.01020115874315063,0.017744241225968873,ENSG00000206072.12
ENSG00000231163.5,16.375864723290448,-6.6895100982154,0.010484108371117882,0.018209935205821245,ENSG00000231163.5
ENSG00000226070.1,27.01056101566015,-4.079755726622633,0.010507794575529934,0.01824754339139738,ENSG00000226070.1
ENSG00000224514.2,12.34425886894444,-4.68149931558106,0.011035590944143183,0.01910493428863534,ENSG00000224514.2
ENSG00000236076.1,9.245678549841754,-5.864499727060751,0.011077435485867395,0.01917182700216093,ENSG00000236076.1
ENSG00000162763.3,323.10367469763145,-1.92835923952032,0.011221077185896345,0.019401716036203893,ENSG00000162763.3
ENSG00000162009.8,193.9336765832751,-2.3289553654229977,0.011585611266496846,0.019993480339105543,ENSG00000162009.8
ENSG00000187054.15,677.3407537160543,-1.9486371001534735,0.011786151464349309,0.0203102565904431,ENSG00000187054.15
ENSG00000164651.16,82.79086740587569,-4.477185417708962,0.011941212273250984,0.020539983994556716,ENSG00000164651.16
ENSG00000197849.5,9.24130061903833,-5.864476272442971,0.012573796712956437,0.021535151066363098,ENSG00000197849.5
ENSG00000233997.5,11.3120686670751,-6.155721256650515,0.012609310100756513,0.0215877741101016,ENSG00000233997.5
ENSG00000180305.4,77.24404389281229,-3.0840303020688533,0.012745901686072768,0.021802903703993307,ENSG00000180305.4
ENSG00000110680.12,348.93029431470336,-2.10206384691685,0.01291502592314016,0.022066961070731958,ENSG00000110680.12
ENSG00000142698.14,195.50336270271163,-2.754330463930243,0.013174358353372408,0.0224897703883173,ENSG00000142698.14
ENSG00000214107.7,776.6579077258986,-2.463564050320109,0.013352340269175872,0.02275998801083802,ENSG00000214107.7
ENSG00000235221.1,10.755394884628336,-6.083353399041435,0.013439002198550574,0.022888141177941485,ENSG00000235221.1
ENSG00000132872.11,2033.280218956153,-2.912316604698711,0.013440896316531538,0.022889194600345632,ENSG00000132872.11
ENSG00000263878.1,33.42955654409375,-2.9061395168838158,0.013508421686073059,0.02299982149491365,ENSG00000263878.1
ENSG00000214782.7,1180.462822816969,-1.5346843832343156,0.013554587684851188,0.023071857466986312,ENSG00000214782.7
ENSG00000173908.8,13.315938058409817,-6.391434603112838,0.013590014398539912,0.023127771089472702,ENSG00000173908.8
ENSG00000163825.3,354.0652829175869,-2.691291398332074,0.013834650907388276,0.023503974236146113,ENSG00000163825.3
ENSG00000253521.1,154.16437176642842,-1.8600061001672843,0.01395156632058686,0.023675254712645453,ENSG00000253521.1
ENSG00000281591.1,9.500194504469988,-5.903327508518499,0.014020965765351298,0.023773241017997136,ENSG00000281591.1
ENSG00000241128.1,16.05360103479502,-6.660402144076993,0.01432231242397664,0.024226958346138465,ENSG00000241128.1
ENSG00000100341.11,176.33605124428834,-2.6534551067882446,0.014421388086344205,0.02437157542111136,ENSG00000100341.11
ENSG00000166368.2,13.882723384410994,-6.451112557963251,0.014674879342743512,0.024751013716156553,ENSG00000166368.2
ENSG00000244122.2,8117.448348621489,-1.9720856723334415,0.015542564599400545,0.026084528542054185,ENSG00000244122.2
ENSG00000188655.10,10.252990053548228,-5.032846309909381,0.015546532573942467,0.026088747826318492,ENSG00000188655.10
ENSG00000268654.1,826.525883321681,-1.5043356552970242,0.015728324411611382,0.02635191907021052,ENSG00000268654.1
ENSG00000113100.9,11.773116713031724,-6.213758359702009,0.015804241073307464,0.02646181784262659,ENSG00000113100.9
ENSG00000179751.6,9.43124182570211,-5.1647849115882485,0.015965254123191074,0.026716452484056758,ENSG00000179751.6
ENSG00000157884.10,305.01438498124855,-1.6345117543828616,0.016291758641751166,0.027214607807445813,ENSG00000157884.10
ENSG00000267339.5,148.27225504801135,2.4295851863517006,0.016306017924155133,0.027235891802200474,ENSG00000267339.5
ENSG00000257741.5,13.846459733276939,-6.447726795276542,0.01682924293746193,0.02803675937887075,ENSG00000257741.5
ENSG00000169777.6,164.22217449576223,-2.1093311159529837,0.016863583143195714,0.028091360557139237,ENSG00000169777.6
ENSG00000104755.14,602.031753892874,-2.785745054975443,0.01690771872676487,0.028157039891700122,ENSG00000104755.14
ENSG00000254932.2,11.052363482762617,-6.122357823622896,0.016921435718672037,0.028174653663900068,ENSG00000254932.2
ENSG00000249395.2,835.0996326574499,-2.0374055627390835,0.017032896918485394,0.028354977484488536,ENSG00000249395.2
ENSG00000204595.1,62.72328137631308,2.548928926254141,0.01715324359464956,0.02852885374570319,ENSG00000204595.1
ENSG00000228308.1,41.01808496900255,-3.9553217107930227,0.017198441649758516,0.028594571956313094,ENSG00000228308.1
ENSG00000171671.6,181.7394313074416,-2.383171213512821,0.017259172731898892,0.02868376359184901,ENSG00000171671.6
ENSG00000235931.2,27.135473880441264,-3.6978889079433523,0.017265141739780512,0.02869102642884067,ENSG00000235931.2
ENSG00000223404.3,9.810506089236627,-5.950444581575743,0.017316039575536374,0.02876495224434593,ENSG00000223404.3
ENSG00000146360.8,266.58401878896694,-2.3813264291168355,0.01755598203731446,0.029131176408134885,ENSG00000146360.8
ENSG00000179002.5,30.666861716343824,-3.4564729053373604,0.017562587410173053,0.029136748196019347,ENSG00000179002.5
ENSG00000251128.1,38.57344606099864,-3.4615959706803463,0.01765256035673394,0.0292697785105557,ENSG00000251128.1
ENSG00000227418.6,9.591903676394104,-5.9179853933215245,0.017663471297103352,0.02928516390605401,ENSG00000227418.6
ENSG00000227143.1,13.30266019972631,-6.389498713329256,0.017726261442885225,0.02937840910050175,ENSG00000227143.1
ENSG00000261683.1,10.475315118791675,-6.04495905558704,0.01796180188583796,0.02973307869367863,ENSG00000261683.1
ENSG00000114638.7,899.4791975436287,-1.825285879571838,0.018421961448599325,0.030410641787825782,ENSG00000114638.7
ENSG00000233607.1,12.86244737222173,-3.775123125776889,0.01854253154144195,0.03059841695600831,ENSG00000233607.1
ENSG00000176566.4,271.8955388828657,-4.2377482432130735,0.01867265403747816,0.030782003128020954,ENSG00000176566.4
ENSG00000145451.12,90205.19206180732,1.5084121359993146,0.01895759502999222,0.03122018036143359,ENSG00000145451.12
ENSG00000188937.5,101.36131739772239,-1.780328038561363,0.01898827030414539,0.03126441397931067,ENSG00000188937.5
ENSG00000230657.6,67.62324676005407,-2.652603449019988,0.01902139019201824,0.03130512937774698,ENSG00000230657.6
ENSG00000180974.3,29.468595315766827,-14.371683236471394,0.019861744134107073,0.03256868653407816,ENSG00000180974.3
ENSG00000126550.8,153.0388818709863,-4.925329105279962,0.020020507033349674,0.032811030980585125,ENSG00000126550.8
ENSG00000157131.10,24.78866277597933,-3.837438813926523,0.02018509368367928,0.03305359746851077,ENSG00000157131.10
ENSG00000187026.2,36.925164294404006,-3.6042000355094337,0.020346079062426366,0.03329290923729516,ENSG00000187026.2
ENSG00000105605.7,71.40674770190846,-2.1817262532115707,0.02035909029054539,0.0333111622297389,ENSG00000105605.7
ENSG00000189139.5,54.27036281751519,-3.7173444044098933,0.020374446537617722,0.03333324842004125,ENSG00000189139.5
ENSG00000170099.5,111993.59914927304,-1.6465076871549307,0.020496036172786055,0.03351383935524631,ENSG00000170099.5
ENSG00000101076.16,264.3296399169986,-1.5548300416536047,0.0205756184521907,0.033625582650829676,ENSG00000101076.16
ENSG00000211781.3,4.984224778355608,-4.973480246205439,0.0206437513588718,0.03372325151137578,ENSG00000211781.3
ENSG00000135902.9,133.83950298972147,-2.1000369225382802,0.020886874917577652,0.034087683812734276,ENSG00000135902.9
ENSG00000215403.1,5.289138887097646,-5.058392328511127,0.02119257326798492,0.034548881141157575,ENSG00000215403.1
ENSG00000196634.3,12.827937630713514,-4.1541070065815395,0.021348013890308486,0.03477700964572814,ENSG00000196634.3
ENSG00000185231.4,17.520409207404338,-5.8231534360762405,0.02153624176220257,0.03506136111240818,ENSG00000185231.4
ENSG00000134365.12,245.53265776517966,-1.9540488652846495,0.021673233669487632,0.035265189061052415,ENSG00000134365.12
ENSG00000280650.1,47.3341874637483,-7.346246962355231,0.02197424390232947,0.035725816126066866,ENSG00000280650.1
ENSG00000096264.13,82.11555985923982,-2.051943330416675,0.022414984492196564,0.03638303769588197,ENSG00000096264.13
ENSG00000276399.1,44.49226203633697,-5.103049833786257,0.022803426632275515,0.03695670949146963,ENSG00000276399.1
ENSG00000257585.1,7.055263287716658,-5.474670231484498,0.022941044477941097,0.03715960481243682,ENSG00000257585.1
ENSG00000228590.1,282.21462095087884,-1.7529974425120343,0.023137577407893097,0.037454279567634974,ENSG00000228590.1
ENSG00000205835.8,234.75686375001948,2.4602751528903837,0.023331752372371686,0.037748171000796825,ENSG00000205835.8
ENSG00000118702.9,1894.6854783276906,-1.6388605547654322,0.023803832022427616,0.038453003403892794,ENSG00000118702.9
ENSG00000125851.9,4909.597866185064,-1.6818555369597419,0.0238419299779958,0.03850761399866396,ENSG00000125851.9
ENSG00000183269.5,10.14760079629372,-5.999270403308803,0.02428187483464854,0.03914770548364181,ENSG00000183269.5
ENSG00000229981.7,29.980766085958148,-2.3917935371639087,0.025460766675387166,0.04091364462338725,ENSG00000229981.7
ENSG00000164363.9,10.52970442321088,-5.156903000975586,0.025510838322263772,0.04098544926624596,ENSG00000164363.9
ENSG00000261082.1,56.84326455166763,1.5984782907549986,0.02641614365654278,0.042314051040186505,ENSG00000261082.1
ENSG00000234056.1,6.743512635721113,-5.409780725218125,0.02715760054279045,0.043394121472825634,ENSG00000234056.1
ENSG00000180053.7,10.199017251226405,-6.006278713235397,0.027468834957837432,0.04383678179326173,ENSG00000180053.7
ENSG00000196660.10,340.15684151117193,-1.7345363940849732,0.027506438593247428,0.04389288876098105,ENSG00000196660.10
ENSG00000182177.13,54.94602567635917,-3.2403912813105533,0.028661318467621447,0.04561812121545141,ENSG00000182177.13
ENSG00000130368.5,223.01061539185588,1.584674439089821,0.029169263173205007,0.04632795701717035,ENSG00000130368.5
ENSG00000163012.3,34.15412538792675,2.7968573763177287,0.029262155635401865,0.046454934152141115,ENSG00000163012.3
ENSG00000185899.1,68.81701056752611,-2.292246584291654,0.029309374620473897,0.04652578009463761,ENSG00000185899.1
ENSG00000233338.1,144.22608438657824,-1.529774332256979,0.029431223406773628,0.04669854742339252,ENSG00000233338.1
ENSG00000110245.11,75.44765362659437,-2.912480006438094,0.02959530624928979,0.046921556400181655,ENSG00000110245.11
ENSG00000260596.5,20.836019900112664,-2.0332728547425227,0.03014631459175904,0.04771504534131818,ENSG00000260596.5
ENSG00000230301.5,10.432815743561283,-6.039151906517323,0.030212292092220174,0.04781525571554055,ENSG00000230301.5
ENSG00000198914.3,2747.5041068466007,1.5118231688937844,0.030393287748514863,0.04806779088307339,ENSG00000198914.3
ENSG00000273111.5,261.85764493334227,-1.6537232221302922,0.03042441420672827,0.04810853793845014,ENSG00000273111.5
ENSG00000256797.1,122.80620965488147,-1.6431785211794832,0.030540679538249252,0.04828387256690261,ENSG00000256797.1
ENSG00000179136.6,133.7740457663551,1.7932593132902144,0.0305945512555539,0.048360520413113034,ENSG00000179136.6
ENSG00000205883.2,5.598673291190458,-5.139898045797921,0.030734700072045408,0.048543566419574226,ENSG00000205883.2
ENSG00000105550.8,143.0235084954154,-2.7319258435450258,0.0307430455263281,0.0485509148717843,ENSG00000105550.8
ENSG00000231383.2,12.976977389637163,-6.353476502425412,0.03156044077339559,0.049668527384477336,ENSG00000231383.2
ENSG00000182271.12,15.435188466732713,-3.4069008715784617,0.031610904300671636,0.04974358210744995,ENSG00000182271.12
