gene_id,baseMean,log2FoldChange,pvalue,padj,symbol
ENSG00000123500.9,775985.0810388903,-7.1873623389470165,1.961987328008785e-169,3.5203938626461627e-165,ENSG00000123500.9
ENSG00000099953.9,2181985.3604781926,-6.390987803349092,1.4387214563035572e-146,1.2907489545227363e-142,ENSG00000099953.9
ENSG00000117650.12,127302.53144538983,-4.451744514613773,4.228297915370077e-122,2.528944983182843e-118,ENSG00000117650.12
ENSG00000119927.13,397892.77384278766,4.1005583789243225,6.552734932940331e-107,2.939393072543709e-103,ENSG00000119927.13
ENSG00000230838.1,24590.980013181343,-5.509491221223418,9.648398192138397e-104,3.462424175230785e-100,ENSG00000230838.1
ENSG00000060718.20,1083166.8081375512,-6.409695051715756,5.342671454653186e-102,1.5977258985140352e-98,ENSG00000060718.20
ENSG00000090889.11,138578.60136779575,-4.084235998090663,5.52418262761942e-100,1.4160058412482178e-96,ENSG00000090889.11
ENSG00000133800.8,70415.09863851873,5.127955528001979,8.475586739529474e-94,1.9009681608422169e-90,ENSG00000133800.8
ENSG00000079308.16,1408361.7274200404,2.960916892777335,9.017796792299268e-91,1.7978480871580642e-87,ENSG00000079308.16
ENSG00000203805.10,40988.066650982306,-5.069334220121552,2.7342122461150985e-89,4.905997033204321e-86,ENSG00000203805.10
ENSG00000022267.16,701961.297112008,4.6621521410512585,3.0728528779332584e-86,5.0123817444324056e-83,ENSG00000022267.16
ENSG00000123485.11,82957.6464867579,-3.8396637517432772,1.0273405834447869e-85,1.5361310073958178e-82,ENSG00000123485.11
ENSG00000105974.11,800908.8011428918,3.3532496829553877,2.3751486652837437e-85,3.278253269322017e-82,ENSG00000105974.11
ENSG00000226009.1,11757.00351396349,4.880910108275693,1.7173909810513037e-83,2.2010818837859674e-80,ENSG00000226009.1
ENSG00000276043.4,133834.36872926223,-3.5088093861726826,1.7289879785367515e-82,2.0682154199256623e-79,ENSG00000276043.4
ENSG00000088325.15,436749.28835432796,-3.842557326323412,3.434931318325236e-82,3.8520607902943567e-79,ENSG00000088325.15
ENSG00000170262.12,34469.3346103431,2.4365973813566217,4.2490042411091966e-82,4.4846990057777833e-79,ENSG00000170262.12
ENSG00000077152.9,121852.66473607943,-3.3754550373531305,5.600891580030089e-82,5.583155423359994e-79,ENSG00000077152.9
ENSG00000143228.12,93295.4922767828,-4.003916787583305,8.465952045090989e-82,7.994977765529874e-79,ENSG00000143228.12
ENSG00000169607.12,67999.88869300933,-3.6837468817505847,1.2390791340692393e-81,1.111639845130218e-78,ENSG00000169607.12
ENSG00000135451.12,81455.71799542289,-3.9329085451026073,1.4491961817003941e-81,1.2382346232500083e-78,ENSG00000135451.12
ENSG00000137804.12,252572.45561862047,-3.2852243194557227,2.2739911135755296e-81,1.854646479585715e-78,ENSG00000137804.12
ENSG00000175063.16,211512.1247618364,-4.428909718296665,1.4218498739141357e-80,1.109228360332232e-77,ENSG00000175063.16
ENSG00000158402.18,32045.216668445264,-3.2765014112757567,5.8263189032989894e-80,4.355901670078907e-77,ENSG00000158402.18
ENSG00000137745.11,152600.22597289496,-6.683966843561003,9.175033208143311e-80,6.585104834148617e-77,ENSG00000137745.11
ENSG00000112984.11,165577.94791902843,-3.626797439007138,6.277402031479025e-79,4.332131717339544e-76,ENSG00000112984.11
ENSG00000075702.16,69488.45509224,-3.0199465248881805,1.0805202058089862e-78,7.18065705660394e-76,ENSG00000075702.16
ENSG00000226650.5,6790.4480217318305,-3.9106787093736495,3.162934599143424e-78,2.0268762683010877e-75,ENSG00000226650.5
ENSG00000029559.6,14871.638653763403,-6.979385931747263,1.2161454497589731e-77,7.52458545000871e-75,ENSG00000029559.6
ENSG00000066279.17,184207.0664897108,-3.959639826690151,1.7273040849590255e-77,1.0331005732139933e-74,ENSG00000066279.17
ENSG00000169418.9,103033.50827594288,3.485698442227511,1.981409794353084e-77,1.1468527722605607e-74,ENSG00000169418.9
ENSG00000072571.19,84731.61215246673,-3.355768254014654,1.3279625751992714e-76,7.446135152125164e-74,ENSG00000072571.19
ENSG00000138180.15,124737.63342934476,-3.6244477286774104,1.420491112349037e-76,7.723597584508719e-74,ENSG00000138180.15
ENSG00000101605.12,28820.231768122012,3.4384261733382764,2.0540328308023674e-76,1.0839856200907906e-73,ENSG00000101605.12
ENSG00000025423.11,32946.92163231502,-2.5396396582645657,4.7666095352809845e-76,2.443636425472763e-73,ENSG00000025423.11
ENSG00000169679.14,150877.74796118884,-3.6375189803692685,6.771932558950315e-76,3.3752440529234864e-73,ENSG00000169679.14
ENSG00000170312.15,252028.82624610385,-3.335612985653103,2.1296467740186405e-75,1.0327635693572018e-72,ENSG00000170312.15
ENSG00000123612.15,48992.33060310139,5.105946315564769,1.1229684454925626e-74,5.302479688808698e-72,ENSG00000123612.15
ENSG00000095637.21,603042.578242372,3.5123302295213628,1.2644552287763028e-74,5.738149969303673e-72,ENSG00000095637.21
ENSG00000171848.13,299916.0796791759,-3.790467310794565,1.2791952224942703e-74,5.738149969303673e-72,ENSG00000171848.13
ENSG00000109674.3,18750.34074262325,-3.7836717147534658,1.4472765682878228e-74,6.182972253521049e-72,ENSG00000109674.3
ENSG00000186185.13,64977.91076266056,-3.8911967442015096,1.419871785153172e-74,6.182972253521049e-72,ENSG00000186185.13
ENSG00000118193.11,70721.64671662745,-4.034489699269438,1.812235467313119e-74,7.562079299999836e-72,ENSG00000118193.11
ENSG00000166851.14,165962.7663538294,-3.6547049754630194,1.9109204993227594e-74,7.792646936215517e-72,ENSG00000166851.14
ENSG00000126787.12,99310.38348802552,-3.6496896946346444,1.9943134775992694e-74,7.951992606347488e-72,ENSG00000126787.12
ENSG00000164849.9,46875.32147306457,2.8422904056999108,3.4098451660602066e-74,1.3300619959699628e-71,ENSG00000164849.9
ENSG00000163815.5,134142.6526998564,3.5522176332381346,3.52567530345406e-74,1.3459828078697063e-71,ENSG00000163815.5
ENSG00000131471.6,476374.4568596558,3.8496338479093613,1.5395125482618528e-73,5.7548903444713386e-71,ENSG00000131471.6
ENSG00000143476.17,163627.25935624787,-3.1489070170562887,4.8145476329697904e-73,1.7630087383342235e-70,ENSG00000143476.17
ENSG00000117724.12,630430.2124922527,-3.4406156785611595,6.077088171438562e-73,2.1808238612024426e-70,ENSG00000117724.12
ENSG00000127564.16,317026.4090765121,-3.189045861188273,9.690464519702949e-73,3.409333428961373e-70,ENSG00000127564.16
ENSG00000131747.14,926933.8867610514,-4.029523338577555,1.8477749896143732e-72,6.375889738202058e-70,ENSG00000131747.14
ENSG00000056998.19,201211.29648025671,4.037146245300752,2.2643336924155034e-72,7.665837630756864e-70,ENSG00000056998.19
ENSG00000152253.8,39262.58882634057,-2.861258767571026,3.455430318458848e-72,1.148162707483465e-69,ENSG00000152253.8
ENSG00000135437.9,47882.59489482159,3.7776305160416617,4.434665537066342e-72,1.446749158756025e-69,ENSG00000135437.9
ENSG00000134962.6,28178.53646310815,4.441720379736847,7.675849959489526e-72,2.4594245682700104e-69,ENSG00000134962.6
ENSG00000174371.16,80296.06259207639,-3.7208714716979543,2.042784425499201e-71,6.430470341531959e-69,ENSG00000174371.16
ENSG00000165304.7,110525.11181745082,-3.8593694107070635,2.4490718520823935e-71,7.576499352054205e-69,ENSG00000165304.7
ENSG00000089685.14,257240.40549565197,-4.0207114520598495,2.8622533433402384e-71,8.704646057551508e-69,ENSG00000089685.14
ENSG00000156970.12,116647.11939555629,-3.209342641698384,2.948317226207947e-70,8.816942664974866e-68,ENSG00000156970.12
ENSG00000148180.19,3527462.7456115927,2.501183182852005,1.0937469537234449e-69,3.2172297689606184e-67,ENSG00000148180.19
ENSG00000011426.10,257432.40817467918,-3.6950403997567536,1.4369204587127587e-69,4.1584941597875855e-67,ENSG00000011426.10
ENSG00000122641.10,431824.97016121907,-3.377367524417901,2.4664300457404694e-68,7.02462766836845e-66,ENSG00000122641.10
ENSG00000115306.15,2201492.1500864928,2.020239468241113,2.7322104953621265e-68,7.660008268481662e-66,ENSG00000115306.15
ENSG00000120049.18,82594.05688314332,4.906917406216828,1.6935764028276495e-67,4.675052522451771e-65,ENSG00000120049.18
ENSG00000087586.17,138341.27601067463,-3.3228750466931505,9.879318932491887e-67,2.6858275697833626e-64,ENSG00000087586.17
ENSG00000148773.13,598567.1076935226,-3.5584938076677792,1.0138458113509931e-66,2.7151396109060996e-64,ENSG00000148773.13
ENSG00000244734.3,238316.6463639781,5.473106301287419,1.3954862951830309e-66,3.682236852127812e-64,ENSG00000244734.3
ENSG00000170145.4,351707.9284398609,2.289641595102173,2.1399965451138105e-66,5.564921450576392e-64,ENSG00000170145.4
ENSG00000144130.11,4477.281725956279,-3.5134859133783953,3.303634006584999e-66,8.468157854307806e-64,ENSG00000144130.11
ENSG00000134690.10,123111.76028730137,-3.1647190648434425,3.563038042307506e-66,9.00444952015825e-64,ENSG00000134690.10
ENSG00000142945.12,151445.07858842236,-3.532438707711484,3.848653060632048e-66,9.59116414818345e-64,ENSG00000142945.12
ENSG00000176438.12,124190.52750425054,2.921621920623646,6.819426712236276e-66,1.676177719145966e-63,ENSG00000176438.12
ENSG00000173641.17,68680.39675144508,4.593407532866842,7.57064861774702e-66,1.8356776776788483e-63,ENSG00000173641.17
ENSG00000075218.18,71343.37661228447,-3.381838451631223,3.038137297250961e-65,7.268439669943199e-63,ENSG00000075218.18
ENSG00000122952.16,228159.02852827415,-2.696420636812036,3.8691575536506935e-65,9.13477552436242e-63,ENSG00000122952.16
ENSG00000170373.8,122252.79446425108,-7.339320378250256,3.983167720720232e-65,9.28181537829651e-63,ENSG00000170373.8
ENSG00000134057.14,286939.63312746736,-2.679706040155267,4.5264277892767345e-65,1.0412524849101597e-62,ENSG00000134057.14
ENSG00000165028.11,14286.820645709371,2.7232970710881212,5.356718013764628e-65,1.216653054695933e-62,ENSG00000165028.11
ENSG00000172901.19,11908.651576027274,4.922119528145648,1.2814588765363017e-63,2.8741520777113577e-61,ENSG00000172901.19
ENSG00000164611.12,104747.20794205845,-3.3025417997512516,1.5501339398340348e-63,3.433833738573097e-61,ENSG00000164611.12
ENSG00000132170.19,93724.59389632283,3.3274807492727754,2.4335366846987903e-63,5.32499374799395e-61,ENSG00000132170.19
ENSG00000213904.8,69411.68117045575,1.6232658222296144,3.6312435647489336e-63,7.850048588227724e-61,ENSG00000213904.8
ENSG00000117399.13,190724.39820914727,-3.765201521899548,5.230658416966048e-63,1.1173059997097835e-60,ENSG00000117399.13
ENSG00000035499.12,34766.59734671522,-3.222529195952548,7.327109806025511e-63,1.5467097794060676e-60,ENSG00000035499.12
ENSG00000108960.7,156578.88179833084,2.723431232747269,1.097158372943874e-62,2.289106126247899e-60,ENSG00000108960.7
ENSG00000080986.12,84850.07805913336,-3.324838019771533,1.1821231148577043e-62,2.438027017228941e-60,ENSG00000080986.12
ENSG00000123243.14,274376.45397557097,3.9084802932017215,2.444076046553443e-62,4.983415511739594e-60,ENSG00000123243.14
ENSG00000183549.10,20184.92534969128,3.711926203585752,2.6190446287209184e-62,5.280170536307802e-60,ENSG00000183549.10
ENSG00000076555.15,337632.29966916,3.4923229988264635,3.318807698099213e-62,6.543886431537821e-60,ENSG00000076555.15
ENSG00000146670.9,158149.88446569652,-3.2778235305221064,3.3076304074922734e-62,6.543886431537821e-60,ENSG00000146670.9
ENSG00000186642.15,82986.95649869765,3.1057891950146277,4.924920700856816e-62,9.605201319073246e-60,ENSG00000186642.15
ENSG00000129173.12,33053.576510947976,-3.6444877399885987,5.104387734984612e-62,9.848175175142892e-60,ENSG00000129173.12
ENSG00000167900.11,366337.44479045767,-3.2834485439791017,6.532199508209061e-62,1.2468856997425019e-59,ENSG00000167900.11
ENSG00000165480.15,56452.50324637908,-3.2587440093405475,1.5099314612917078e-61,2.8518631799954855e-59,ENSG00000165480.15
ENSG00000186871.6,40748.56741578919,-3.000226554526736,1.635336301246665e-61,3.035422197264899e-59,ENSG00000186871.6
ENSG00000155886.11,32503.61273650464,-4.9361258987031995,1.6409516420592723e-61,3.035422197264899e-59,ENSG00000155886.11
ENSG00000157456.7,131956.34875874792,-3.262731043937199,1.7981557944354923e-61,3.292276471383269e-59,ENSG00000157456.7
ENSG00000079435.9,307962.59588876594,4.319311837152148,6.727983384606251e-61,1.2193960188887875e-58,ENSG00000079435.9
ENSG00000024526.16,77646.32256367234,-3.653357914070398,8.646181269502968e-61,1.5513843051869177e-58,ENSG00000024526.16
ENSG00000121152.9,89527.57453955944,-3.072832583531743,1.0633981700143136e-60,1.8891636994620624e-58,ENSG00000121152.9
ENSG00000138160.5,218148.42577321094,-2.683379248271165,3.2117114580977443e-60,5.649778303200767e-58,ENSG00000138160.5
ENSG00000137807.13,155589.88885035276,-2.8090155469792943,4.701765367497805e-60,8.190657863010982e-58,ENSG00000137807.13
ENSG00000100526.19,55598.48921857368,-2.9860154148090117,7.485239882881719e-60,1.2914198001783334e-57,ENSG00000100526.19
ENSG00000101447.14,109906.10005255874,-3.724852417050502,8.230532399975248e-60,1.4064804081214845e-57,ENSG00000101447.14
ENSG00000137878.16,136943.7660062409,2.057585101962308,8.489459487807816e-60,1.4370412414126006e-57,ENSG00000137878.16
ENSG00000116678.19,132230.67566383173,2.899189463497986,1.522615087183796e-59,2.5532974307793316e-57,ENSG00000116678.19
ENSG00000165810.16,89893.91071514056,3.9362678263652886,2.788044946118844e-59,4.60019182250888e-57,ENSG00000165810.16
ENSG00000165474.5,232148.09121913897,-4.295721187874657,2.794521031340734e-59,4.60019182250888e-57,ENSG00000165474.5
ENSG00000123975.4,177591.17276827391,-2.6494066677449806,3.218980840329892e-59,5.250743019821751e-57,ENSG00000123975.4
ENSG00000068976.13,9734.307404002044,3.2394588060602847,3.2587275806893293e-59,5.267689097325102e-57,ENSG00000068976.13
ENSG00000135476.11,101680.52087196645,-2.980797787176732,4.9868647171781435e-59,7.989224430386377e-57,ENSG00000135476.11
ENSG00000122729.18,339007.163705632,1.9629658678592548,5.049079792137222e-59,8.017313160205149e-57,ENSG00000122729.18
ENSG00000079462.7,347338.4799822184,-2.359541950365774,9.60549947386663e-59,1.5118550619262187e-56,ENSG00000079462.7
ENSG00000174059.16,514640.3752996553,2.170873720610776,1.166696974854004e-58,1.8203516365048168e-56,ENSG00000174059.16
ENSG00000076382.16,221681.84590828238,-2.9757493633765937,1.5944881753657966e-58,2.4663708043610767e-56,ENSG00000076382.16
ENSG00000167779.7,94204.46316330328,3.2184432670123515,2.055884131614667e-58,3.15288281825316e-56,ENSG00000167779.7
ENSG00000162073.13,359345.14949555736,-2.804606272941926,3.773503693664613e-58,5.737964133510521e-56,ENSG00000162073.13
ENSG00000198901.13,325188.8712460658,-2.7824885169600364,4.044771561559907e-58,6.098767741938606e-56,ENSG00000198901.13
ENSG00000164087.7,66125.12192538813,-2.063388008614487,4.545329196101453e-58,6.796403480470697e-56,ENSG00000164087.7
ENSG00000111206.12,330966.04193063243,-3.360645671653432,8.146580652520824e-58,1.2080503855221584e-55,ENSG00000111206.12
ENSG00000100162.14,45706.416151729754,-2.886659416460566,1.065393567404412e-57,1.5669144901588003e-55,ENSG00000100162.14
ENSG00000178999.12,72407.29452044673,-3.574788827926205,2.2130041916210116e-57,3.228287334167139e-55,ENSG00000178999.12
ENSG00000169258.6,54313.99794672869,-2.861597218773543,2.54140319621688e-57,3.6774514152999575e-55,ENSG00000169258.6
ENSG00000171320.14,41546.89005176458,-2.9228495367708054,5.388494833228451e-57,7.734861023409448e-55,ENSG00000171320.14
ENSG00000130876.11,17098.671894427007,4.027776377636874,5.796238900068288e-57,8.254120205073435e-55,ENSG00000130876.11
ENSG00000175445.14,709093.4283803193,4.525109480037924,6.655749632591621e-57,9.403473673826099e-55,ENSG00000175445.14
ENSG00000261742.5,5680.0974490459585,-4.511873586166434,8.295595672871421e-57,1.162874009049468e-54,ENSG00000261742.5
ENSG00000205726.14,284576.88842703926,1.7780737542578986,8.383516335519644e-57,1.1660886326219301e-54,ENSG00000205726.14
ENSG00000083782.7,19110.37236408748,-6.11920835729455,8.736613254229435e-57,1.2058542432356828e-54,ENSG00000083782.7
ENSG00000168477.17,333318.85373216815,3.9129051922809626,1.2690804929338317e-56,1.738252769825324e-54,ENSG00000168477.17
ENSG00000099260.10,227550.97250126902,2.7921741116314696,1.5832005424611822e-56,2.1520732828318934e-54,ENSG00000099260.10
ENSG00000111665.11,85974.6038091112,-2.987663134193774,1.7580018334466738e-56,2.3717163080852382e-54,ENSG00000111665.11
ENSG00000101057.15,300795.3717133908,-4.009468915879304,2.9260476602305518e-56,3.918065161754984e-54,ENSG00000101057.15
ENSG00000104147.8,23537.223569335467,-2.5058665691020514,3.0657226393888624e-56,4.0746860235966187e-54,ENSG00000104147.8
ENSG00000113368.11,338809.91674022475,-2.5141876356735255,3.1866546982307387e-56,4.204275386055452e-54,ENSG00000113368.11
ENSG00000183010.16,676196.6237022112,-2.458963517876189,5.73861270795047e-56,7.515907140055131e-54,ENSG00000183010.16
ENSG00000258725.1,55303.22123415349,-2.724641505581153,5.971991626661202e-56,7.764887373708836e-54,ENSG00000258725.1
ENSG00000135424.15,151045.16942633162,3.409333321973743,1.1819540689309014e-55,1.5257411409228176e-53,ENSG00000135424.15
ENSG00000124493.13,57987.30948892255,-5.792307321332176,1.3078572810046403e-55,1.6762059423618758e-53,ENSG00000124493.13
ENSG00000171227.6,88784.51461273308,2.9736647652427513,2.623923697093865e-55,3.339082474961363e-53,ENSG00000171227.6
ENSG00000124615.17,140891.20632889177,2.1027129261306214,2.782090475313206e-55,3.5154260139820323e-53,ENSG00000124615.17
ENSG00000004776.12,258876.07229622858,4.366665395920114,3.0487623977775235e-55,3.8254506086239237e-53,ENSG00000004776.12
ENSG00000198624.12,200915.71768264624,2.88242717959548,1.7383092685535992e-54,2.166005778170641e-52,ENSG00000198624.12
ENSG00000138316.10,34919.11078304236,-3.3333776410496414,2.2108585788563304e-54,2.73582313658063e-52,ENSG00000138316.10
ENSG00000211445.11,883387.1403692183,3.82534664294529,2.3667257513534932e-54,2.9086411066120364e-52,ENSG00000211445.11
ENSG00000105664.10,680893.5048032881,-4.250498028896461,4.0313959145067144e-54,4.920771217278502e-52,ENSG00000105664.10
ENSG00000172156.3,6833.61743379644,-4.093667322150342,4.219923647118562e-54,5.1160871621789434e-52,ENSG00000172156.3
ENSG00000170509.11,5679.606123455155,5.027697779223513,4.628772247687942e-54,5.57409801612515e-52,ENSG00000170509.11
ENSG00000189057.10,130601.02319224103,-3.0872150330554518,5.302683991448194e-54,6.34307059057033e-52,ENSG00000189057.10
ENSG00000177234.7,2247.28424058899,-5.571684506424829,6.171091682930208e-54,7.332973381908392e-52,ENSG00000177234.7
ENSG00000171241.8,66339.94923854459,-2.8872359343315135,6.744808302323575e-54,7.961979958459995e-52,ENSG00000171241.8
ENSG00000164330.16,111050.44368288497,2.9316647300524057,1.2639403941363243e-53,1.4822799014371287e-51,ENSG00000164330.16
ENSG00000121691.4,605068.8494368858,1.9295229539181347,1.4879616910618455e-53,1.73366861186511e-51,ENSG00000121691.4
ENSG00000101003.9,102777.54944372394,-2.563096243313749,1.566218749248489e-53,1.8130750334042348e-51,ENSG00000101003.9
ENSG00000137727.12,24176.607612529428,3.0036105299443596,2.0031890407357594e-53,2.3040526255078033e-51,ENSG00000137727.12
ENSG00000187730.8,21469.243907938973,-3.1349291432262687,3.036236092049424e-53,3.470011732461326e-51,ENSG00000187730.8
ENSG00000165410.14,116946.28652844822,1.7744533923393622,4.503254864216917e-53,5.114044432192667e-51,ENSG00000165410.14
ENSG00000172061.8,765674.9398433297,-3.7963726740988446,6.741901441959715e-53,7.608172174407746e-51,ENSG00000172061.8
ENSG00000227467.3,2660.079064292749,3.833261125360004,8.70533387752141e-53,9.762487860272916e-51,ENSG00000227467.3
ENSG00000196611.4,178618.93379240713,-6.398223105913029,1.0357439424011981e-52,1.1543076744412856e-50,ENSG00000196611.4
ENSG00000013810.18,247805.9943951549,-2.388035835253477,1.0777709112350467e-52,1.1937310777957063e-50,ENSG00000013810.18
ENSG00000138778.11,110332.78467228219,-2.776354256825747,1.395740219472526e-52,1.5364274084659837e-50,ENSG00000138778.11
ENSG00000263155.5,81750.8686562742,3.2887976664382284,1.740735217799479e-52,1.904512927620491e-50,ENSG00000263155.5
ENSG00000051180.16,53665.75045462669,-2.5927179578653488,2.5128812325543285e-52,2.7326441185286254e-50,ENSG00000051180.16
ENSG00000106462.10,134630.54933574458,-2.3886401564231896,2.8699676028914898e-52,3.102158355342289e-50,ENSG00000106462.10
ENSG00000101115.12,20898.60890031134,-3.279161163132783,1.0793644079916574e-51,1.1597027288978629e-49,ENSG00000101115.12
ENSG00000169744.12,110146.9731902267,2.145062218550843,1.1068180980387208e-51,1.182121257923141e-49,ENSG00000169744.12
ENSG00000188368.9,75810.55062818865,-2.1855078854612655,1.2371592719288745e-51,1.3135117642733606e-49,ENSG00000188368.9
ENSG00000278023.5,5604.697323917218,-3.625635693709395,1.3566503090110776e-51,1.4319044996815156e-49,ENSG00000278023.5
ENSG00000174804.3,471462.48182584357,2.387989557733922,1.685469399829185e-51,1.7685600842769044e-49,ENSG00000174804.3
ENSG00000149090.11,71821.2086308539,3.424143156075251,2.3087014766638217e-51,2.4084320113824973e-49,ENSG00000149090.11
ENSG00000160161.9,93758.66523247054,-3.5139353982323978,2.438216035004894e-51,2.5288387465949603e-49,ENSG00000160161.9
ENSG00000092853.13,45196.547623837934,-3.159639092755669,2.6880740956568177e-51,2.7719605458833493e-49,ENSG00000092853.13
ENSG00000101441.4,26627.225786651976,-6.88645907477887,4.3791035924087847e-51,4.489957471919476e-49,ENSG00000101441.4
ENSG00000162407.8,451072.70773777174,1.9058311167386097,4.8435472882929107e-51,4.937941420104529e-49,ENSG00000162407.8
ENSG00000145708.10,5335.623165168792,3.6151080530029196,5.508373815489977e-51,5.5839972526178904e-49,ENSG00000145708.10
ENSG00000051341.13,47636.17436313759,-2.8914461653270096,6.257048597627851e-51,6.307315898159356e-49,ENSG00000051341.13
ENSG00000105971.14,261521.91839227447,2.729077236433871,6.952019200214003e-51,6.968719581532952e-49,ENSG00000105971.14
ENSG00000093009.9,58044.413345438465,-3.080867166924995,2.7162958657681237e-50,2.7076942621931914e-48,ENSG00000093009.9
ENSG00000144031.11,5659.316438807979,2.7640577459834392,3.104903053946444e-50,3.077971021931549e-48,ENSG00000144031.11
ENSG00000162733.16,479348.9586744132,2.6292922421974105,3.2061860776918224e-50,3.1609119116496904e-48,ENSG00000162733.16
ENSG00000169241.17,521617.2498067531,-1.8620952248226863,4.1927911311727637e-50,4.1109973369744754e-48,ENSG00000169241.17
ENSG00000206172.8,67998.902977999,4.77102052555924,1.3572404106464117e-49,1.3235306895776396e-47,ENSG00000206172.8
ENSG00000165891.15,30842.54893448412,-3.254427183010736,1.5034399723711106e-49,1.4581742391489103e-47,ENSG00000165891.15
ENSG00000127920.5,186327.23808947517,2.2253357629384203,1.9682802455620298e-49,1.898755507855887e-47,ENSG00000127920.5
ENSG00000188536.12,128585.49074627833,4.743298306466113,2.0329839996929006e-49,1.9506861982080062e-47,ENSG00000188536.12
ENSG00000213186.7,301317.9272956962,-1.7550877979412354,2.0665592011866265e-49,1.9723548801538105e-47,ENSG00000213186.7
ENSG00000118596.11,65911.31937666224,3.0582207409884843,2.1998008115153013e-49,2.08841407201159e-47,ENSG00000118596.11
ENSG00000182782.7,24617.214730560474,3.2925384623771015,2.2513696709545227e-49,2.126122421365105e-47,ENSG00000182782.7
ENSG00000180354.15,368294.5185257564,2.4489984394694906,3.3275552437636274e-49,3.1259855360654854e-47,ENSG00000180354.15
ENSG00000163545.8,61705.11286634519,-2.1822727882605504,4.584009533764056e-49,4.283900159600441e-47,ENSG00000163545.8
ENSG00000127955.15,104593.87737109566,2.529176127650791,7.195089679790002e-49,6.689196586760207e-47,ENSG00000127955.15
ENSG00000175643.8,91901.91863029695,-2.5710317321198066,7.68279132268484e-49,7.105789933140931e-47,ENSG00000175643.8
ENSG00000189367.14,22237.97882093308,3.2174228947457486,8.828328743185725e-49,8.123420648152895e-47,ENSG00000189367.14
ENSG00000077157.21,366518.23626082833,1.9288648677297298,1.0242544805696226e-48,9.329034591299868e-47,ENSG00000077157.21
ENSG00000163513.17,807285.8989751908,2.208877069558156,1.3241293684395995e-48,1.1999420837329159e-46,ENSG00000163513.17
ENSG00000144908.13,50388.14680967755,4.815591697010558,1.3915737542956918e-48,1.254724013735055e-46,ENSG00000144908.13
ENSG00000138640.14,176746.12905860948,2.2089071013517043,1.4139216383268936e-48,1.2684997978249727e-46,ENSG00000138640.14
ENSG00000170369.3,20098.70200826738,-5.095477413241815,1.715033924522185e-48,1.530987746651819e-46,ENSG00000170369.3
ENSG00000131386.17,110974.8092904838,3.3917535123172597,1.8855188960270305e-48,1.6748448292778717e-46,ENSG00000131386.17
ENSG00000165124.17,261354.7318043815,3.216033308061786,2.694001528441002e-48,2.381205390385069e-46,ENSG00000165124.17
ENSG00000160957.12,153048.9491284962,-2.756496744694085,4.31693404555587e-48,3.7784754916784865e-46,ENSG00000160957.12
ENSG00000112742.9,88661.66291671629,-3.0530296450750973,5.00362437004599e-48,4.358253984064815e-46,ENSG00000112742.9
ENSG00000170965.9,7436.483181256829,-4.676096334806174,5.555325987968179e-48,4.81542097594749e-46,ENSG00000170965.9
ENSG00000075914.12,207867.4731323838,1.535382978683652,6.008345589068535e-48,5.183064658877727e-46,ENSG00000075914.12
ENSG00000151468.10,167851.69503547504,2.7299274512878813,6.050679078027214e-48,5.194609315647957e-46,ENSG00000151468.10
ENSG00000258227.6,36201.348622970436,-3.275076228849954,9.959979691188738e-48,8.510091218999976e-46,ENSG00000258227.6
ENSG00000266964.5,31587.361373661093,3.6880575911893434,1.4799214119411652e-47,1.2584943077943284e-45,ENSG00000266964.5
ENSG00000124657.1,2359.0966882461576,-4.87342606581556,2.362815322450753e-47,1.999811100506314e-45,ENSG00000124657.1
ENSG00000164283.12,58408.078545584154,-2.9409604183035203,4.3843978318504e-47,3.693392032717921e-45,ENSG00000164283.12
ENSG00000173208.3,18494.42659604216,3.8627052988765347,5.441107121985727e-47,4.562139490177098e-45,ENSG00000173208.3
ENSG00000116016.13,1110386.5430923756,1.9595374472256688,1.1484635939806714e-46,9.584596403160553e-45,ENSG00000116016.13
ENSG00000143196.4,395197.01739826065,3.5262602932570437,1.3750756083196068e-46,1.1422676685221623e-44,ENSG00000143196.4
ENSG00000145386.9,149275.01684679373,-2.5118047077695826,1.8601589178118677e-46,1.5381028323639788e-44,ENSG00000145386.9
ENSG00000101412.12,125301.02473268789,-2.733236415137203,3.2370789383700914e-46,2.6643535500538787e-44,ENSG00000101412.12
ENSG00000174871.10,26450.052914704378,-3.294426276053254,4.552479234757547e-46,3.729914836039026e-44,ENSG00000174871.10
ENSG00000069122.18,263025.91928296495,1.9971638927358255,4.950129639939759e-46,4.037280733156323e-44,ENSG00000069122.18
ENSG00000138207.13,144480.67096286922,4.90086613537474,9.449039086151591e-46,7.671679109629775e-44,ENSG00000138207.13
ENSG00000154133.14,145980.93735787852,1.9307904359035992,1.3075886378325621e-45,1.0568496814698046e-43,ENSG00000154133.14
ENSG00000146410.11,22078.974821520053,-2.86367525865827,1.7429794884388257e-45,1.4024341238142533e-43,ENSG00000146410.11
ENSG00000179921.14,5498.716860764042,2.7733751616729156,1.8732636425279324e-45,1.5005343543695845e-43,ENSG00000179921.14
ENSG00000132182.11,734265.440921677,-1.928993013381766,1.881750471812817e-45,1.5006332762549945e-43,ENSG00000132182.11
ENSG00000069011.15,183096.20996576734,-4.127808308676429,2.954320047269133e-45,2.3352142999185045e-43,ENSG00000069011.15
ENSG00000065328.16,78335.95144901151,-3.257949253990128,3.7635512109997415e-45,2.9618157622354543e-43,ENSG00000065328.16
ENSG00000109805.9,136446.68483430793,-2.3515777631434287,4.59154743476974e-45,3.597647843758666e-43,ENSG00000109805.9
ENSG00000162004.16,41406.307326653914,-3.711228523123257,4.618046021382394e-45,3.602678250507143e-43,ENSG00000162004.16
ENSG00000177363.4,21363.698411875364,3.4565831545814123,4.6952140360675375e-45,3.647022746716876e-43,ENSG00000177363.4
ENSG00000132837.14,11487.209780326695,2.6819085828742115,5.242623836914017e-45,4.054672392489147e-43,ENSG00000132837.14
ENSG00000114698.14,151704.11480472685,2.093750706502137,6.103012701468192e-45,4.699843643881707e-43,ENSG00000114698.14
ENSG00000124743.5,22014.50683851941,3.1985374632480474,1.168742644415268e-44,8.961858661856049e-43,ENSG00000124743.5
ENSG00000197472.14,18923.96988543616,-3.4580440431641133,1.428620149046047e-44,1.090797078056733e-42,ENSG00000197472.14
ENSG00000188322.4,230606.488519972,-2.4681702075970584,1.8762620455203113e-44,1.4265156729987687e-42,ENSG00000188322.4
ENSG00000076706.16,799241.085100918,2.0432412885561106,1.935580087400199e-44,1.4654056332583027e-42,ENSG00000076706.16
ENSG00000185010.13,136763.79091231857,1.7550630940672787,2.118181828460218e-44,1.5969133003387265e-42,ENSG00000185010.13
ENSG00000151725.11,147341.70530201957,-2.1570031960081213,2.3484076806422864e-44,1.7630744357223662e-42,ENSG00000151725.11
ENSG00000169291.9,68473.17925759118,2.183745731185194,3.7608460257171303e-44,2.800035694582675e-42,ENSG00000169291.9
ENSG00000152270.8,81600.43002501552,3.58796325197141,6.01094598579277e-44,4.456793546408251e-42,ENSG00000152270.8
ENSG00000154736.5,136876.54274269228,2.8706552550694346,9.203424234336476e-44,6.795763005625489e-42,ENSG00000154736.5
ENSG00000163431.12,208467.72508612924,2.6169935375602327,9.588921671010942e-44,7.05139432553071e-42,ENSG00000163431.12
ENSG00000164109.13,129460.16863897035,-2.2576998809581994,1.1009050421442462e-43,8.029893972030167e-42,ENSG00000164109.13
ENSG00000215483.9,4752.687509950835,3.500190713111694,1.1684875386824216e-43,8.488328707116878e-42,ENSG00000215483.9
ENSG00000161800.12,269043.34275538183,-2.0154289686917135,1.5143638833430447e-43,1.0956544822106551e-41,ENSG00000161800.12
ENSG00000182492.15,4168048.600401048,-2.368919260855837,1.5565803537534471e-43,1.1216755537107671e-41,ENSG00000182492.15
ENSG00000094804.9,171986.84946013242,-3.256889644634597,2.364592264401304e-43,1.6971151600061043e-41,ENSG00000094804.9
ENSG00000108106.13,103254.21466186925,-2.612469416055035,2.5867745975141387e-43,1.8491831316014418e-41,ENSG00000108106.13
ENSG00000101280.7,4442.42418638092,3.6276238777061396,3.1863745554717456e-43,2.2687745495567272e-41,ENSG00000101280.7
ENSG00000135917.13,89810.28861269873,4.982261348279149,3.544545974610299e-43,2.513825629345162e-41,ENSG00000135917.13
ENSG00000085999.11,57270.83596019488,-2.3925742416195286,4.61871060845791e-43,3.262737182974814e-41,ENSG00000085999.11
ENSG00000121621.6,48360.759599859965,-2.525509933403267,4.789379936841812e-43,3.370033106147162e-41,ENSG00000121621.6
ENSG00000187824.8,23758.424297724556,2.140751819278818,4.887469187458882e-43,3.425619516819325e-41,ENSG00000187824.8
ENSG00000215784.5,16197.139804242084,-2.872443707356524,7.383166399355001e-43,5.134734678435147e-41,ENSG00000215784.5
ENSG00000153902.13,21065.62761298798,2.3676653190678913,7.502426001110276e-43,5.197530105711263e-41,ENSG00000153902.13
ENSG00000147434.8,4392.990719698656,-4.286866821388823,7.613238341507074e-43,5.254012906217748e-41,ENSG00000147434.8
ENSG00000162063.12,173019.97800221771,-1.8092471319858565,1.0297608915239423e-42,7.079310220924942e-41,ENSG00000162063.12
ENSG00000010319.6,216608.08364410416,2.7673315763889135,1.1723278823676823e-42,8.028656180657757e-41,ENSG00000010319.6
ENSG00000136826.14,230727.97770576846,2.619775934577505,1.2126174951689146e-42,8.273002173314006e-41,ENSG00000136826.14
ENSG00000184661.13,56641.136365066224,-3.150868030594134,1.4930663426499274e-42,1.014776113112411e-40,ENSG00000184661.13
ENSG00000166819.11,680355.0452268778,5.185150739764599,2.0656408879352134e-42,1.3986337529140202e-40,ENSG00000166819.11
ENSG00000108381.10,13621.414086531002,3.366128466876698,2.3155337452799432e-42,1.5619406763743617e-40,ENSG00000108381.10
ENSG00000115414.18,26512511.35302999,-2.8700647299481195,2.3246657391141306e-42,1.5622276163642264e-40,ENSG00000115414.18
ENSG00000171914.16,261763.23031268056,1.8246390993493098,3.037910087876886e-42,2.033926145775185e-40,ENSG00000171914.16
ENSG00000175305.17,115604.67759939173,-2.2853477311488217,3.091025565209763e-42,2.0617944876044155e-40,ENSG00000175305.17
ENSG00000187758.7,20227.60229945832,5.24013715801523,3.266026113978237e-42,2.170455798633759e-40,ENSG00000187758.7
ENSG00000119729.11,429211.91472986725,1.5003712464275856,5.45640992916948e-42,3.612707135021697e-40,ENSG00000119729.11
ENSG00000110799.13,1310749.7108357106,2.1149866750150186,6.03739967221995e-42,3.9826861146559766e-40,ENSG00000110799.13
ENSG00000133466.13,247240.6907693244,-2.106795277149316,6.66524243900812e-42,4.364760769457033e-40,ENSG00000133466.13
ENSG00000121211.7,21390.003507161236,-2.8492643071427874,8.175624255444306e-42,5.334371855106807e-40,ENSG00000121211.7
ENSG00000156509.13,6462.883343801842,-2.6174209215799147,9.541857865585909e-42,6.203244771094492e-40,ENSG00000156509.13
ENSG00000127588.4,5208.630705388013,-4.75563410449315,1.0336714020265826e-41,6.695727785762805e-40,ENSG00000127588.4
ENSG00000146966.12,50682.80026602607,1.6560180634541175,1.0851538664427515e-41,7.0039265559648525e-40,ENSG00000146966.12
ENSG00000167588.12,397383.10822059406,5.031236634977621,1.2053582646648765e-41,7.751879334366264e-40,ENSG00000167588.12
ENSG00000163993.6,306605.70084550534,-5.046359015683331,1.3432959337716436e-41,8.580793303713993e-40,ENSG00000163993.6
ENSG00000122966.15,131719.379785574,-2.0738200447230173,1.3694706468526006e-41,8.713621211516387e-40,ENSG00000122966.15
ENSG00000091651.8,43505.18338100115,-2.780595731122747,1.3959411553456553e-41,8.850661537232189e-40,ENSG00000091651.8
ENSG00000073712.14,348520.8006827344,1.8508765102178906,1.4969113014289712e-41,9.45742235265494e-40,ENSG00000073712.14
ENSG00000101938.14,277822.31167438574,4.400907732728836,1.7084745322649075e-41,1.0718586899450782e-39,ENSG00000101938.14
ENSG00000120279.6,66847.02181479245,1.992275099443086,1.7078154124907448e-41,1.0718586899450782e-39,ENSG00000120279.6
ENSG00000166947.11,9801.44564274122,2.3662121054576755,1.9061031498335946e-41,1.1916797497374281e-39,ENSG00000166947.11
ENSG00000154258.16,58387.224714562944,3.538632783047249,2.4288320464288716e-41,1.513212965592821e-39,ENSG00000154258.16
ENSG00000131069.19,294691.26705310633,1.5333408113326175,2.6994881035836614e-41,1.6760178215433092e-39,ENSG00000131069.19
ENSG00000197769.5,5275.138750159083,3.9183980432534518,3.1119845724754794e-41,1.9254599718595698e-39,ENSG00000197769.5
ENSG00000132840.9,32655.289621686592,3.0990164915654512,3.214117995642273e-41,1.9818185290656118e-39,ENSG00000132840.9
ENSG00000123689.5,154225.04782887094,3.9958980906251553,3.597174343673667e-41,2.2028702815200207e-39,ENSG00000123689.5
ENSG00000265972.5,4132221.388746306,2.046947462271335,3.5880676327241874e-41,2.2028702815200207e-39,ENSG00000265972.5
ENSG00000152465.17,131273.0002913942,1.5222426818622445,4.304831924521434e-41,2.6272652796492548e-39,ENSG00000152465.17
ENSG00000126218.11,14875.14019267244,2.6690804179490764,6.315089820712718e-41,3.8410731068829933e-39,ENSG00000126218.11
ENSG00000102384.13,33642.606393734306,-2.380374133784742,6.558364674174026e-41,3.975565450969748e-39,ENSG00000102384.13
ENSG00000154721.14,120823.4341801065,2.104710967451543,7.183927475792794e-41,4.3401081043148176e-39,ENSG00000154721.14
ENSG00000184347.14,414777.76206611795,2.3988732860405615,1.0093365294203264e-40,6.057031888758834e-39,ENSG00000184347.14
ENSG00000263513.5,20044.879713378337,-2.7950724360881845,1.082406919784989e-40,6.473875787234019e-39,ENSG00000263513.5
ENSG00000189129.13,46085.99141756875,3.2270315578972535,1.328767205826948e-40,7.920953479785027e-39,ENSG00000189129.13
ENSG00000165269.12,80651.75627214678,4.945297752066031,1.8274872280316606e-40,1.0857815673037116e-38,ENSG00000165269.12
ENSG00000173269.13,257757.28868458862,1.9425882863947137,1.9416856460716077e-40,1.1498239454608204e-38,ENSG00000173269.13
ENSG00000071539.13,112594.61470458581,-2.5862092362480698,2.1169915644038456e-40,1.249512488161125e-38,ENSG00000071539.13
ENSG00000107731.12,442886.2980680808,-2.054767394881769,2.5584441921884695e-40,1.505120135752056e-38,ENSG00000107731.12
ENSG00000103888.16,112410.28458969254,-3.388538360934542,2.652193070000576e-40,1.555173210948377e-38,ENSG00000103888.16
ENSG00000111247.14,69070.51156185476,-2.4705382538423803,2.756284363886696e-40,1.61094496225469e-38,ENSG00000111247.14
ENSG00000029993.14,443477.1118845357,-2.4924778665750313,2.9153953717865158e-40,1.6984071154534238e-38,ENSG00000029993.14
ENSG00000166250.11,250786.06172272985,2.335193719715472,3.045752140530158e-40,1.768606170146687e-38,ENSG00000166250.11
ENSG00000167676.4,1213423.9148246618,4.9003493634660025,3.188708305351122e-40,1.8456449394488768e-38,ENSG00000167676.4
ENSG00000112964.13,177460.67467570843,3.037137175937122,3.2823349780689665e-40,1.8876582215221623e-38,ENSG00000112964.13
ENSG00000131650.13,20802.680188884347,-3.900773821421663,3.2789365153046247e-40,1.8876582215221623e-38,ENSG00000131650.13
ENSG00000277494.1,36457.966476952046,3.4914881506319246,4.15712544567791e-40,2.3755191678916795e-38,ENSG00000277494.1
ENSG00000169252.5,23050.31908112538,2.7314814914834615,4.270799781305273e-40,2.4327289039987465e-38,ENSG00000169252.5
ENSG00000124507.10,26805.884265943947,-2.758149750914864,5.044547680154689e-40,2.864377184335936e-38,ENSG00000124507.10
ENSG00000137960.5,15261.609207674685,2.7076296744255517,6.130918962973077e-40,3.470254856549714e-38,ENSG00000137960.5
ENSG00000135218.17,1200491.1558756013,4.149828530428634,7.095523292614574e-40,3.9910650294477524e-38,ENSG00000135218.17
ENSG00000198937.8,91014.15904146557,-1.9317976494549234,7.31076667897245e-40,4.0992839537750833e-38,ENSG00000198937.8
ENSG00000111602.11,291435.3082222608,-1.5930198805479734,7.900231595299256e-40,4.416007959951855e-38,ENSG00000111602.11
ENSG00000123219.12,31192.215115815376,-2.1006718404049476,9.044726076202011e-40,5.040047204512195e-38,ENSG00000123219.12
ENSG00000178531.5,130558.47494918389,-2.7399039129148517,9.192362097115151e-40,5.10645675258629e-38,ENSG00000178531.5
ENSG00000118804.8,163010.67374853397,1.9137516285210217,1.011894919371874e-39,5.603836585891832e-38,ENSG00000118804.8
ENSG00000081377.16,102434.34240103503,1.6552601599510217,1.0798287705285454e-39,5.961651578336521e-38,ENSG00000081377.16
ENSG00000157150.4,68207.9387985123,4.501675195879486,1.2662609601931262e-39,6.96948478795867e-38,ENSG00000157150.4
ENSG00000104889.5,179774.2545064571,-1.780030959922883,1.5188678736009683e-39,8.334264910098524e-38,ENSG00000104889.5
ENSG00000135046.13,1087778.169738753,2.335976691054295,1.7009709288773876e-39,9.30503700513627e-38,ENSG00000135046.13
ENSG00000171596.6,6976.980810195489,3.441752162252239,1.7355131255852673e-39,9.465140429293755e-38,ENSG00000171596.6
ENSG00000101955.14,128786.24316606006,2.541561704904554,2.0116080450528646e-39,1.0937661561328348e-37,ENSG00000101955.14
ENSG00000179546.4,6596.356555960968,-3.8928855996592846,4.219634622622317e-39,2.2873989134052034e-37,ENSG00000179546.4
ENSG00000135094.10,60324.52927005235,-2.4777552021945635,5.304832318877766e-39,2.867006213783848e-37,ENSG00000135094.10
ENSG00000221866.9,97117.89864025824,3.097807766340896,8.778159135507931e-39,4.729925206258823e-37,ENSG00000221866.9
ENSG00000161649.12,57988.05193237282,5.076702177181278,8.963313929285036e-39,4.815231791412018e-37,ENSG00000161649.12
ENSG00000123473.15,100235.97087720648,-2.192826499112739,9.069445611535094e-39,4.857703361426095e-37,ENSG00000123473.15
ENSG00000133116.7,15826.680331881054,2.659292116883921,9.395253021980458e-39,5.017232886112957e-37,ENSG00000133116.7
ENSG00000129596.4,49988.4139241303,3.560686067841032,1.7395423443622553e-38,9.207259081089069e-37,ENSG00000129596.4
ENSG00000145681.10,19772.16118588576,-4.738147398759629,1.8388340668001556e-38,9.704176370763292e-37,ENSG00000145681.10
ENSG00000163297.16,260211.8974083424,1.8449152393183654,1.9224430679719934e-38,1.011565864182448e-36,ENSG00000163297.16
ENSG00000104888.9,7337.376374340295,2.7846150769220332,2.058278916327762e-38,1.0798742279435389e-36,ENSG00000104888.9
ENSG00000141338.13,96419.29119680512,3.7914014092150365,2.325300678480679e-38,1.212874130057524e-36,ENSG00000141338.13
ENSG00000131187.9,48520.996597398764,-2.878728009635143,2.3190527730991426e-38,1.212874130057524e-36,ENSG00000131187.9
ENSG00000136011.14,6482.7410572763165,3.18538033083015,2.8711586884364876e-38,1.493252183959881e-36,ENSG00000136011.14
ENSG00000106327.12,19956.078821669817,-3.3385999542407125,3.3113813392373184e-38,1.7172287679172026e-36,ENSG00000106327.12
ENSG00000024422.11,679439.6641018742,1.8610632955140682,3.6101650966505525e-38,1.866777876922215e-36,ENSG00000024422.11
ENSG00000042445.13,714010.7062501102,1.568074638394046,3.6823828440606584e-38,1.8932090364177764e-36,ENSG00000042445.13
ENSG00000177732.8,308523.91428944963,-1.7732447299248024,9.410497775538443e-38,4.810614290213284e-36,ENSG00000177732.8
ENSG00000272414.5,170514.54393497334,1.817112629961306,1.1159018747572888e-37,5.688246403059669e-36,ENSG00000272414.5
ENSG00000069431.11,91110.72630948751,2.3482824547620402,1.3444583728216338e-37,6.83388571771631e-36,ENSG00000069431.11
ENSG00000168917.8,27421.18960945357,1.6587735227311562,1.4059182055484281e-37,7.126098972360296e-36,ENSG00000168917.8
ENSG00000114346.13,322458.9356584694,-1.910856735269303,1.7502996923455053e-37,8.846655599931099e-36,ENSG00000114346.13
ENSG00000154240.16,44788.44965018759,1.7578377213840566,2.254905581654172e-37,1.1333269146112271e-35,ENSG00000154240.16
ENSG00000115163.14,51813.56661815234,-2.192007448440097,2.4083144982154712e-37,1.207049917359782e-35,ENSG00000115163.14
ENSG00000135144.7,42048.06717056866,2.444228003959873,3.787115644980222e-37,1.88233285368089e-35,ENSG00000135144.7
ENSG00000138346.14,53480.380550188114,-1.83998532488433,4.053502474873574e-37,2.0091711300181364e-35,ENSG00000138346.14
ENSG00000188610.12,21159.38023885586,-2.592473925785105,4.070762271816557e-37,2.0121676981599033e-35,ENSG00000188610.12
ENSG00000158571.10,13747.28372439679,3.281887588422886,4.1757842148657615e-37,2.0584092353663836e-35,ENSG00000158571.10
ENSG00000198826.10,118557.12029431893,-2.1558066834740623,4.947670848273355e-37,2.432220767960789e-35,ENSG00000198826.10
ENSG00000042286.14,137040.42555048707,1.7014196505800887,6.544050767810896e-37,3.208194069039096e-35,ENSG00000042286.14
ENSG00000174697.4,210390.11658482917,6.017377531835042,7.1440594931602225e-37,3.4743081345752117e-35,ENSG00000174697.4
ENSG00000168079.16,76908.73009403246,4.933414750911856,7.1449573742309156e-37,3.4743081345752117e-35,ENSG00000168079.16
ENSG00000177098.8,72015.38967689053,2.551657274952894,8.50280588604975e-37,4.1234012436051525e-35,ENSG00000177098.8
ENSG00000246430.6,6032.753745168054,4.262778407105489,9.28609955691885e-37,4.4911181765443373e-35,ENSG00000246430.6
ENSG00000157617.16,250557.94093750347,1.6642374624222094,1.0043366477024924e-36,4.844304427345651e-35,ENSG00000157617.16
ENSG00000261371.5,1151027.978773,1.7165009415316084,1.0765515843062103e-36,5.178703774049954e-35,ENSG00000261371.5
ENSG00000102802.9,63897.19592743519,2.6740810004599918,1.1561946666127692e-36,5.532160240808778e-35,ENSG00000102802.9
ENSG00000150907.7,208630.7708394538,1.818963634642004,1.154475346391826e-36,5.532160240808778e-35,ENSG00000150907.7
ENSG00000119865.8,59187.750303655914,1.8231637002806265,1.951926910326582e-36,9.290033037663094e-35,ENSG00000119865.8
ENSG00000154263.17,20136.730346578606,3.264847650786953,2.353001528173738e-36,1.1145256275839583e-34,ENSG00000154263.17
ENSG00000053254.15,411855.4387286819,1.5661397309214637,2.3541504366846132e-36,1.1145256275839583e-34,ENSG00000053254.15
ENSG00000111275.12,857847.9221724508,2.32568358064636,2.394821386277965e-36,1.130796845631198e-34,ENSG00000111275.12
ENSG00000267107.6,28525.018396415955,1.815629875920273,2.797226215623985e-36,1.3173393697359885e-34,ENSG00000267107.6
ENSG00000135447.16,139356.54742238543,3.758657770560473,2.8143560364056718e-36,1.3188932925536038e-34,ENSG00000135447.16
ENSG00000198844.10,98830.10075095396,1.8649738109634966,2.8152267237810304e-36,1.3188932925536038e-34,ENSG00000198844.10
ENSG00000072163.19,135192.16432163547,1.96051453200736,2.8673658734626162e-36,1.3398215069671802e-34,ENSG00000072163.19
ENSG00000144485.10,46870.31410462564,-2.839953709151779,2.9662756415507822e-36,1.382438541203784e-34,ENSG00000144485.10
ENSG00000103647.12,27043.48562816708,2.2450734896986995,3.405878502878993e-36,1.5832040926724812e-34,ENSG00000103647.12
ENSG00000067113.16,310743.0490763064,1.5423226293267267,3.448141690750441e-36,1.598708174602976e-34,ENSG00000067113.16
ENSG00000133401.15,200433.64056056418,2.495257434746272,3.665588732514061e-36,1.6951458409149434e-34,ENSG00000133401.15
ENSG00000186105.7,16305.245903722089,2.0037561570980085,6.116727692798784e-36,2.8213996141873672e-34,ENSG00000186105.7
ENSG00000144045.13,10847.744225426983,-4.032745421148342,6.173397657287174e-36,2.8402377990949683e-34,ENSG00000144045.13
ENSG00000182481.8,907050.3502017693,-2.2184386349272476,7.87043739263583e-36,3.611745732380172e-34,ENSG00000182481.8
ENSG00000163710.7,98004.42091238436,4.473400890703852,8.249496864844744e-36,3.7760388328038075e-34,ENSG00000163710.7
ENSG00000074276.10,4987.221845207361,-2.310416767678433,8.441143288077615e-36,3.853929618778032e-34,ENSG00000074276.10
ENSG00000157554.18,107363.75019623636,1.7368802212551853,9.239579575295597e-36,4.207760820292612e-34,ENSG00000157554.18
ENSG00000160949.16,129678.04656587572,-2.1485149654918407,9.733318287534679e-36,4.421390633752779e-34,ENSG00000160949.16
ENSG00000160606.10,69032.357880094,-2.302790629538905,9.877667051841232e-36,4.475630805838061e-34,ENSG00000160606.10
ENSG00000162618.13,203166.14829085933,1.785539409759015,1.1966393195807088e-35,5.408387735827874e-34,ENSG00000162618.13
ENSG00000167513.8,91454.57911948446,-2.5547277860938933,1.3520029057860413e-35,6.095223150381643e-34,ENSG00000167513.8
ENSG00000139734.17,60212.082347822616,-2.3901073254471243,1.3839412953368474e-35,6.223573599556153e-34,ENSG00000139734.17
ENSG00000186469.8,137910.86700536843,1.9979010614468797,1.4845803886913898e-35,6.659456478572402e-34,ENSG00000186469.8
ENSG00000131016.16,306065.98232331884,2.5926971619114516,1.7276569656648258e-35,7.73051095634014e-34,ENSG00000131016.16
ENSG00000164035.9,122894.6487170144,2.004372267681193,1.9574725389067956e-35,8.737047205374287e-34,ENSG00000164035.9
ENSG00000062282.14,339140.2427506902,3.083021614044377,2.0031089400390845e-35,8.918556752139278e-34,ENSG00000062282.14
ENSG00000167964.12,53758.71131070726,-2.971460077985742,2.2702608233593807e-35,1.0082992562756774e-33,ENSG00000167964.12
ENSG00000115718.17,4518.437372655509,-2.524783443977516,3.2294879515068197e-35,1.4307827731823918e-33,ENSG00000115718.17
ENSG00000157510.13,78962.68026624285,1.6061702378293565,3.2974917359013993e-35,1.457312665450217e-33,ENSG00000157510.13
ENSG00000180914.10,205773.4828054271,3.86918445607146,3.8981011399883367e-35,1.7185166770223767e-33,ENSG00000180914.10
ENSG00000147251.15,149138.70051798466,2.2484776454828066,4.419201279972835e-35,1.9434737393762888e-33,ENSG00000147251.15
ENSG00000171992.12,546772.5411721241,1.729460124106785,4.845932214808093e-35,2.1259306046528512e-33,ENSG00000171992.12
ENSG00000005249.12,449847.2970931894,2.397253441900533,5.167500357428323e-35,2.2614746076423515e-33,ENSG00000005249.12
ENSG00000230798.5,13922.51876917079,-4.913194037638058,5.997029539878038e-35,2.6181192465701126e-33,ENSG00000230798.5
ENSG00000137825.10,7539.533729402064,-3.509975399810754,6.050425076753601e-35,2.6350188629172295e-33,ENSG00000137825.10
ENSG00000104549.11,546528.9132246437,-2.224404006330142,7.756542181565313e-35,3.361730346952329e-33,ENSG00000104549.11
ENSG00000179776.17,312608.8754214915,1.6791642266535272,8.347840280917087e-35,3.6092842930239826e-33,ENSG00000179776.17
ENSG00000092445.11,81549.7827562795,2.0384004990075626,9.759995494536017e-35,4.2097019028475904e-33,ENSG00000092445.11
ENSG00000004799.7,552997.3226717996,3.396029073726887,1.188976878108914e-34,5.091601938880249e-33,ENSG00000004799.7
ENSG00000149380.11,63151.10891533409,-1.851500811059508,1.2011238765391975e-34,5.131372789700671e-33,ENSG00000149380.11
ENSG00000134531.9,1231159.810354931,1.933137643019374,1.2079430663076423e-34,5.1482476101563004e-33,ENSG00000134531.9
ENSG00000184500.14,161565.604243107,2.0055707223723633,1.2189694285607383e-34,5.1829309139017366e-33,ENSG00000184500.14
ENSG00000170989.8,179370.4580336636,2.0817073079224504,1.22791879517385e-34,5.208639938960848e-33,ENSG00000170989.8
ENSG00000168874.12,27043.38541081445,3.1812034286658037,1.3032932161589046e-34,5.515327872061138e-33,ENSG00000168874.12
ENSG00000068489.12,96401.40155411988,-2.7195601714526214,1.7314277414305593e-34,7.309884226938477e-33,ENSG00000068489.12
ENSG00000136492.8,67597.62417741606,-2.3515000853068337,1.989959481428986e-34,8.362024115990701e-33,ENSG00000136492.8
ENSG00000183145.8,15871.402337140658,-3.199554499346902,2.119334597147402e-34,8.88486464406912e-33,ENSG00000183145.8
ENSG00000130173.13,8311.225985504836,1.73166220615242,2.7083818228129624e-34,1.1327854323247783e-32,ENSG00000130173.13
ENSG00000171115.3,99270.18190027282,1.8818713455203817,2.8407067637424373e-34,1.1853674758565244e-32,ENSG00000171115.3
ENSG00000142731.10,62751.28309798387,-1.7887911968033212,4.319096788263428e-34,1.793924853514136e-32,ENSG00000142731.10
ENSG00000182118.7,48705.722896338266,2.6050281081422395,4.613311687542879e-34,1.907296120036449e-32,ENSG00000182118.7
ENSG00000164736.5,25978.950074721044,2.2770118195777145,4.884225842038372e-34,2.0100381716443697e-32,ENSG00000164736.5
ENSG00000111077.17,534066.9974225037,1.589248788779247,5.2107360510824216e-34,2.134617282296162e-32,ENSG00000111077.17
ENSG00000249751.3,74896.04676807618,1.8211434704396467,5.945582837305898e-34,2.4301046207239116e-32,ENSG00000249751.3
ENSG00000267272.5,34424.51697959451,2.5695284975696766,6.386464038459868e-34,2.604371005501941e-32,ENSG00000267272.5
ENSG00000183807.7,4795.606449264703,2.279800194864712,6.553971662778575e-34,2.6666193547672556e-32,ENSG00000183807.7
ENSG00000164932.12,499270.45481301507,-2.166265444306009,6.664957868856585e-34,2.7056411547713507e-32,ENSG00000164932.12
ENSG00000130176.7,204799.41188736225,3.0073597530778904,7.009188905811811e-34,2.838958838306576e-32,ENSG00000130176.7
ENSG00000103253.17,91428.02133254304,-2.161902661007887,7.079436971027313e-34,2.860953548899619e-32,ENSG00000103253.17
ENSG00000106689.10,4783.808281628586,-4.8667071502895585,7.369086739580885e-34,2.9713151318719066e-32,ENSG00000106689.10
ENSG00000154856.12,151571.91140334995,2.1933949765997234,7.635860154851923e-34,3.07197844750018e-32,ENSG00000154856.12
ENSG00000099822.2,9207.153574936778,-3.725431050497115,8.577688717276011e-34,3.443164846847505e-32,ENSG00000099822.2
ENSG00000245848.2,215918.74282711887,2.1281024415227336,8.727319358696895e-34,3.4954082868995174e-32,ENSG00000245848.2
ENSG00000117407.16,22862.56012432996,-3.1977476755956182,8.950171006440185e-34,3.5766796964043703e-32,ENSG00000117407.16
ENSG00000179603.17,4655.665781232522,-2.8650565644627792,9.488835776636026e-34,3.7835151186706716e-32,ENSG00000179603.17
ENSG00000182010.10,52686.71968404014,-2.0753498549288043,1.1155253522726483e-33,4.4381089569463695e-32,ENSG00000182010.10
ENSG00000187800.13,55575.42200070799,2.001483134865991,1.169747932542985e-33,4.643536980889111e-32,ENSG00000187800.13
ENSG00000187288.10,185833.2240913494,5.156015901005203,1.5162605777498075e-33,6.005797692398409e-32,ENSG00000187288.10
ENSG00000141526.16,256042.6966275957,-2.504774977581825,1.5378341081250444e-33,6.077832026891557e-32,ENSG00000141526.16
ENSG00000085840.12,37376.63629998168,-2.372651286993755,2.0809863324763204e-33,8.152650166729828e-32,ENSG00000085840.12
ENSG00000156298.12,109813.7883187787,2.472100668684291,2.1540515929777084e-33,8.420511488627238e-32,ENSG00000156298.12
ENSG00000128564.6,6289.4465938117755,-4.975857699869315,2.2620938216304017e-33,8.82364118293789e-32,ENSG00000128564.6
ENSG00000133392.17,780470.1113841102,2.883942906992657,2.4572757741178437e-33,9.564186380693378e-32,ENSG00000133392.17
ENSG00000171056.7,46703.18522803889,1.9753194208003355,2.52989977994355e-33,9.825539340157385e-32,ENSG00000171056.7
ENSG00000165092.12,203076.3471695213,2.5931671913339938,2.6040234073684972e-33,1.0091574945661543e-31,ENSG00000165092.12
ENSG00000139112.10,286864.95661870536,1.5228831225299995,2.7970066156189994e-33,1.079283649549499e-31,ENSG00000139112.10
ENSG00000086717.18,16800.163113440907,-2.62661627837153,2.9229788352764864e-33,1.1254723013168668e-31,ENSG00000086717.18
ENSG00000101049.14,13372.435407772993,3.06508960379097,3.176102840308603e-33,1.217709685120882e-31,ENSG00000101049.14
ENSG00000131153.8,113588.22580645705,-2.2069889439123025,3.2607911661834866e-33,1.2475133453055502e-31,ENSG00000131153.8
ENSG00000108001.13,39178.775521009164,2.5685275678916994,3.6517265658988366e-33,1.3941048887643155e-31,ENSG00000108001.13
ENSG00000258947.6,256320.572176055,-3.2797359981198273,4.0764388817549176e-33,1.5504450454269686e-31,ENSG00000258947.6
ENSG00000196976.7,164551.22461948398,-2.0026508258860827,4.4749140749112776e-33,1.697534529516555e-31,ENSG00000196976.7
ENSG00000170323.8,1096635.7078690631,4.771603439157238,4.576213521316761e-33,1.7322995614554145e-31,ENSG00000170323.8
ENSG00000186193.8,140436.4032535981,-2.3145451306191367,5.144517163421474e-33,1.9433278202794002e-31,ENSG00000186193.8
ENSG00000173391.8,110111.81947070974,-2.387227136415795,6.077922460427519e-33,2.286292719233773e-31,ENSG00000173391.8
ENSG00000205038.11,5953.740440348774,3.877736298414889,6.45368770219586e-33,2.4175056041858106e-31,ENSG00000205038.11
ENSG00000148541.12,30917.653763285984,2.13143089961835,6.526864165966823e-33,2.439823411040473e-31,ENSG00000148541.12
ENSG00000161888.11,63740.94269310409,-1.9595694623062274,6.588506602764536e-33,2.4577458206528913e-31,ENSG00000161888.11
ENSG00000145194.17,79261.01046197482,-2.050925146265672,7.576642264783868e-33,2.8204915385273228e-31,ENSG00000145194.17
ENSG00000109705.7,5864.8654318435565,-3.383993808492538,8.074665215777378e-33,2.9996628978611484e-31,ENSG00000109705.7
ENSG00000145362.17,112082.94778127174,2.346302808987669,8.367782557473038e-33,3.1021306286929493e-31,ENSG00000145362.17
ENSG00000113594.9,324098.74934002076,2.388919366167431,8.938914945910454e-33,3.307029914937552e-31,ENSG00000113594.9
ENSG00000196550.10,24310.00919590781,-2.341399389666851,9.23590236953307e-33,3.409872350134401e-31,ENSG00000196550.10
ENSG00000132026.13,7106.085762458159,-5.814002445335217,1.0264411095134614e-32,3.7818137223819377e-31,ENSG00000132026.13
ENSG00000254986.7,396877.6284829905,-1.531909842168223,1.0968740774180502e-32,4.03303515801477e-31,ENSG00000254986.7
ENSG00000189134.3,2974.1314496335212,2.524852539102114,1.1052910163145603e-32,4.055672127961587e-31,ENSG00000189134.3
ENSG00000240654.6,4071.9302675999165,2.5028396777592476,1.2241109358811033e-32,4.473365075868562e-31,ENSG00000240654.6
ENSG00000137463.4,2821.2955755057865,2.2119305691244446,1.2400047892395618e-32,4.522236978318182e-31,ENSG00000137463.4
ENSG00000170276.5,29570.932875425508,2.505583072813533,1.6570990246290593e-32,6.0311009734116045e-31,ENSG00000170276.5
ENSG00000125869.9,93906.02895983905,-2.9194075209499855,1.7002328022321798e-32,6.16308629706101e-31,ENSG00000125869.9
ENSG00000151914.19,1621153.041787037,2.224295852061639,1.8110280459951358e-32,6.551466981711839e-31,ENSG00000151914.19
ENSG00000105048.16,158298.4321147976,-4.353616725249131,1.8371829972142705e-32,6.6327111708281e-31,ENSG00000105048.16
ENSG00000100479.12,34606.01589616412,-1.649169226672764,2.1480993414041236e-32,7.739627807794014e-31,ENSG00000100479.12
ENSG00000107104.18,284631.6200415286,1.7959200187009101,2.2324059236249118e-32,8.027266430381122e-31,ENSG00000107104.18
ENSG00000009950.15,29795.413012507255,3.5029564645696927,2.742681508596584e-32,9.822741378991718e-31,ENSG00000009950.15
ENSG00000163884.3,22225.18545812647,3.1723319162125714,2.917396968343216e-32,1.0427660120116001e-30,ENSG00000163884.3
ENSG00000136732.14,138323.63872672102,1.906147802284047,3.093487753413378e-32,1.1035079673856112e-30,ENSG00000136732.14
ENSG00000151651.15,123629.74881598729,-2.2711277869777953,3.909267715570873e-32,1.3917458456446066e-30,ENSG00000151651.15
ENSG00000113810.15,573115.3022869363,-1.6111487829088806,4.030562014757988e-32,1.4320866184317342e-30,ENSG00000113810.15
ENSG00000136960.12,296588.0588139377,2.634018458867,4.8717120402743904e-32,1.724124835081724e-30,ENSG00000136960.12
ENSG00000163888.3,10873.573377030216,-3.072707871317182,5.630986686292578e-32,1.9889132699241678e-30,ENSG00000163888.3
ENSG00000235123.5,84715.42228515595,-8.620264412747627,5.697269681033834e-32,2.0083715105459738e-30,ENSG00000235123.5
ENSG00000135346.8,57867.59346587059,-8.886237763570772,6.863351424734313e-32,2.4146885218432897e-30,ENSG00000135346.8
ENSG00000198947.15,152855.1402324503,2.7656181280040117,7.811050263921712e-32,2.7427333637093398e-30,ENSG00000198947.15
ENSG00000122547.10,70899.39160782873,1.5315603260030763,7.975438535811894e-32,2.794986204063922e-30,ENSG00000122547.10
ENSG00000099812.8,220028.8418621852,-3.1779372036792606,8.097848830568243e-32,2.826842442935525e-30,ENSG00000099812.8
ENSG00000118762.7,182964.42465111773,1.5006810613986785,8.548885914185081e-32,2.978498251615979e-30,ENSG00000118762.7
ENSG00000107562.16,830560.5374779112,2.0502534286626597,8.576329294570193e-32,2.982268925047926e-30,ENSG00000107562.16
ENSG00000167619.11,25701.29702542704,-4.085662748380049,8.726545080671238e-32,3.0227876135614677e-30,ENSG00000167619.11
ENSG00000144655.14,272838.1094554006,1.7889158263422813,9.416392654655988e-32,3.2554592177744194e-30,ENSG00000144655.14
ENSG00000127329.15,228717.65305309778,1.8922883887452033,1.003651419528882e-31,3.456529255394766e-30,ENSG00000127329.15
ENSG00000185686.17,187986.58668672605,-6.5761626316249835,1.0958606582363774e-31,3.766863561443548e-30,ENSG00000185686.17
ENSG00000135119.14,36921.4496589837,-2.112352041068334,1.1856662557774542e-31,4.067764747115652e-30,ENSG00000135119.14
ENSG00000143367.15,334929.7171629422,-1.5455320502402452,1.572959280211781e-31,5.355523408888043e-30,ENSG00000143367.15
ENSG00000113578.17,104155.68554133295,2.14413887694309,1.651128559105354e-31,5.6004158291167046e-30,ENSG00000113578.17
ENSG00000090659.17,34341.850726904166,2.764359603317569,1.9077785121234524e-31,6.446566825429587e-30,ENSG00000090659.17
ENSG00000144642.21,121294.05875211487,2.112200779351942,1.963576204060156e-31,6.622640569445748e-30,ENSG00000144642.21
ENSG00000168496.3,235454.74354851083,-1.625187374313707,1.980545897695946e-31,6.667342409448099e-30,ENSG00000168496.3
ENSG00000116690.12,98674.84992218389,2.4342837693714316,2.0197577183503935e-31,6.7866128727268e-30,ENSG00000116690.12
ENSG00000134222.16,64090.48213493809,-1.8805560327040796,2.2685659873711564e-31,7.608388693719749e-30,ENSG00000134222.16
ENSG00000196616.13,1070380.1909153806,5.231554736932445,2.329417364164292e-31,7.797898463656695e-30,ENSG00000196616.13
ENSG00000073111.13,376737.6277542687,-1.8913799704754655,2.4531750441222013e-31,8.181657958491572e-30,ENSG00000073111.13
ENSG00000084628.9,247962.53313906718,-4.074188303407346,3.3744401017726283e-31,1.121251458261227e-29,ENSG00000084628.9
ENSG00000168505.6,1126.1279347912898,-5.401271033532066,3.4625705637752997e-31,1.1484085697933494e-29,ENSG00000168505.6
ENSG00000034971.16,16939.011165851927,7.250527956420513,3.7129327243629813e-31,1.2291725437868077e-29,ENSG00000034971.16
ENSG00000113580.14,404032.5758561081,1.639081152730326,3.846346091904851e-31,1.270994252800161e-29,ENSG00000113580.14
ENSG00000127561.14,16454.751562392146,-3.0008802335558546,3.8968074796815727e-31,1.285301775881001e-29,ENSG00000127561.14
ENSG00000180871.7,3515.9249154449208,2.4627105792459467,4.059833009935099e-31,1.334168199583617e-29,ENSG00000180871.7
ENSG00000213085.9,31610.378928097314,-2.6006674285533475,4.194460349203029e-31,1.3758903481855567e-29,ENSG00000213085.9
ENSG00000151726.13,922428.5211222303,2.4090406082125986,5.468723273775985e-31,1.7873461147789163e-29,ENSG00000151726.13
ENSG00000119138.4,347530.6437123482,1.6750549184199555,5.704693450586835e-31,1.861078446979629e-29,ENSG00000119138.4
ENSG00000263400.6,4420.897965632475,1.9473718626352383,6.2451423201765695e-31,2.0336948938462467e-29,ENSG00000263400.6
ENSG00000240583.11,1172150.777871709,2.050788516664329,6.375353239183449e-31,2.072336289323707e-29,ENSG00000240583.11
ENSG00000177666.16,830215.7745891844,1.7447354637460253,6.7587213707656955e-31,2.1929789793064894e-29,ENSG00000177666.16
ENSG00000255398.2,12560.993716219682,2.316004778551687,6.89879136294041e-31,2.2343865239212956e-29,ENSG00000255398.2
ENSG00000123388.4,49895.22517507319,-3.9820231364498846,7.617479308419009e-31,2.4627104726299508e-29,ENSG00000123388.4
ENSG00000120156.20,92692.78365712517,1.8880409176874442,7.960420781896097e-31,2.5689537785892385e-29,ENSG00000120156.20
ENSG00000102010.14,10952.412234703885,2.69455585805049,8.35032322303328e-31,2.689943439692749e-29,ENSG00000102010.14
ENSG00000019505.7,421133.5215867936,-5.1706159639857585,9.013961999165031e-31,2.898521866505702e-29,ENSG00000019505.7
ENSG00000241399.6,277613.65509604424,1.5886274966097573,9.651097104429798e-31,3.0978467861320904e-29,ENSG00000241399.6
ENSG00000165244.6,59956.8478411984,-1.7946119857339666,9.781991759588662e-31,3.128668059577529e-29,ENSG00000165244.6
ENSG00000104413.15,917807.0407962556,-1.672994358336029,1.0893549041722689e-30,3.4779884422710004e-29,ENSG00000104413.15
ENSG00000135604.9,25585.433393359097,2.111509736011431,1.1023030469873352e-30,3.5130770110290864e-29,ENSG00000135604.9
ENSG00000176058.11,224976.08607272734,-1.8462849915315684,1.116997068482284e-30,3.553595460953479e-29,ENSG00000176058.11
ENSG00000104738.16,822570.091918399,-1.8715660630931386,1.3657285811454056e-30,4.329552638072794e-29,ENSG00000104738.16
ENSG00000182325.10,195330.42822499815,-1.7338924089679966,1.4484787987516504e-30,4.575713923591702e-29,ENSG00000182325.10
ENSG00000141582.14,301587.974771735,-1.6681455385405888,1.7424728075891186e-30,5.485120980100273e-29,ENSG00000141582.14
ENSG00000186891.13,51157.87216901298,-3.005795479183554,1.7862797258826534e-30,5.61317287592162e-29,ENSG00000186891.13
ENSG00000117122.13,275419.6635885461,-2.250735526831486,2.078717967625103e-30,6.520705680611403e-29,ENSG00000117122.13
ENSG00000090006.17,347837.71983770985,1.7896489197834178,2.201424074492208e-30,6.893569313894187e-29,ENSG00000090006.17
ENSG00000187608.8,617467.0252344854,-3.2489187621885693,2.4088749544747787e-30,7.516946662285383e-29,ENSG00000187608.8
ENSG00000180044.5,27217.174888049492,-1.9703062507084574,2.557233294032502e-30,7.938483909139305e-29,ENSG00000180044.5
ENSG00000185803.8,452025.35247773107,-1.80457813689077,2.61262114452673e-30,8.096418168608483e-29,ENSG00000185803.8
ENSG00000127241.16,7559.971532969665,3.849742938075179,2.749019007345709e-30,8.50442207738001e-29,ENSG00000127241.16
ENSG00000197245.5,19450.009653401703,2.2556673071645883,3.311844087939442e-30,1.022795498621298e-28,ENSG00000197245.5
ENSG00000170367.4,20196.943571854878,-7.778992741115808,3.395259750434335e-30,1.0467550807911216e-28,ENSG00000170367.4
ENSG00000164045.11,46703.77805042565,-2.2667033960248055,3.603534158718981e-30,1.1090602643206635e-28,ENSG00000164045.11
ENSG00000065534.18,945738.3156411129,2.1082159540257277,3.910903293368507e-30,1.1995442357762584e-28,ENSG00000065534.18
ENSG00000163827.12,6258.073131901124,2.788070936247894,4.166382168607086e-30,1.2757234684525075e-28,ENSG00000163827.12
ENSG00000197299.10,58693.00203755408,-1.9952969795722226,4.395803957775635e-30,1.3436782012669202e-28,ENSG00000197299.10
ENSG00000154262.12,57281.27693171436,2.6391371693324577,4.9455330306102104e-30,1.509144543677534e-28,ENSG00000154262.12
ENSG00000153303.16,3621.956074491192,4.108628248926309,5.0813471549898844e-30,1.547956061154219e-28,ENSG00000153303.16
ENSG00000123360.11,45049.51478194987,1.8153483671180353,5.273837226713676e-30,1.6011583986281467e-28,ENSG00000123360.11
ENSG00000109794.13,23710.19466590969,2.0859902127925865,5.81078567179703e-30,1.7611980964367248e-28,ENSG00000109794.13
ENSG00000144554.10,136620.3735929367,-1.547719522713165,6.186243835430958e-30,1.8718342856515631e-28,ENSG00000144554.10
ENSG00000221955.10,125079.20989390656,-1.5694631917893365,6.709708574420316e-30,2.026806413313531e-28,ENSG00000221955.10
ENSG00000156802.12,481486.4310925684,-1.9231552896544801,7.377146882841262e-30,2.2246747314087525e-28,ENSG00000156802.12
ENSG00000136859.9,490106.35548275866,1.9000508128920452,8.514610033393146e-30,2.5590895783781107e-28,ENSG00000136859.9
ENSG00000174469.19,201389.41212438568,-4.147862558868679,9.012690080560877e-30,2.7042591658111006e-28,ENSG00000174469.19
ENSG00000178695.5,680466.8143682621,1.6399346414808325,9.190108222337876e-30,2.7483018638901417e-28,ENSG00000178695.5
ENSG00000138685.13,109728.1123075239,2.3914299194914213,9.307258801216425e-30,2.7787045702200716e-28,ENSG00000138685.13
ENSG00000054967.12,57306.86849820497,-1.6401146946313303,9.769950624119328e-30,2.9119970772188223e-28,ENSG00000054967.12
ENSG00000158106.13,245735.78366105334,-2.1926505991100864,1.1674657906515869e-29,3.4681852121956e-28,ENSG00000158106.13
ENSG00000183395.4,10142.08262349219,-1.68429250685624,1.2099260278011623e-29,3.5883806143531003e-28,ENSG00000183395.4
ENSG00000167874.6,11423.031035497537,2.020542061747015,1.2389588388896612e-29,3.668422185841121e-28,ENSG00000167874.6
ENSG00000169627.7,267286.5160686487,-1.6025527574678333,1.3202595946710758e-29,3.9027047623036433e-28,ENSG00000169627.7
ENSG00000119969.14,106423.54475829504,-1.8311937512354632,1.3353467133580758e-29,3.940810210161834e-28,ENSG00000119969.14
ENSG00000184492.6,2048.9398450763697,-2.379597286030089,1.443788059795613e-29,4.253840584057912e-28,ENSG00000184492.6
ENSG00000074416.13,593918.4264804693,2.063929177903986,1.4874101918077752e-29,4.375180503542117e-28,ENSG00000074416.13
ENSG00000117148.7,16269.20746936492,-7.213499136349735,1.4992430992485288e-29,4.402769055616424e-28,ENSG00000117148.7
ENSG00000149451.17,40580.317040228045,2.7919548001040444,1.6434192369430171e-29,4.818279635370679e-28,ENSG00000149451.17
ENSG00000159433.11,69940.63549096946,2.0210664027259266,1.6520663612346849e-29,4.835730296840775e-28,ENSG00000159433.11
ENSG00000154330.12,61250.843063342974,2.5447465816500077,1.7256491873384972e-29,5.042886542087077e-28,ENSG00000154330.12
ENSG00000196584.2,43091.82648637625,-1.9273371669618466,1.7926165076219733e-29,5.230067966871719e-28,ENSG00000196584.2
ENSG00000100985.7,611113.9938713232,-3.4786212810840573,1.9083316792458087e-29,5.558635604010965e-28,ENSG00000100985.7
ENSG00000128165.8,84261.6603061937,-2.0994391697805415,1.9337351472041545e-29,5.62350238999743e-28,ENSG00000128165.8
ENSG00000163467.11,4354.853190052609,-1.9353853604818765,2.1674301293746314e-29,6.292912429024112e-28,ENSG00000163467.11
ENSG00000103522.15,42077.66603356646,-2.6623122619809667,2.3144252561883392e-29,6.698021350288285e-28,ENSG00000103522.15
ENSG00000259954.1,16028.577908535324,-2.565024824005256,2.4524378403105255e-29,7.0860051801436e-28,ENSG00000259954.1
ENSG00000133317.14,38129.42460370554,4.252154257637247,2.4718350462358353e-29,7.130568526464565e-28,ENSG00000133317.14
ENSG00000086548.8,1102756.0629780025,-5.029018389507958,2.4903067073635147e-29,7.17232315412898e-28,ENSG00000086548.8
ENSG00000189221.9,287520.40314470936,3.258807870753562,2.6466770800960237e-29,7.610469046179961e-28,ENSG00000189221.9
ENSG00000165443.11,16551.369562025902,2.034933792395842,2.7753872895468394e-29,7.967803861814231e-28,ENSG00000165443.11
ENSG00000150048.10,17881.73006447893,1.6776886861258407,2.781183102415561e-29,7.97168824387259e-28,ENSG00000150048.10
ENSG00000106034.17,114734.81892652906,2.6015060067808182,4.962316133332501e-29,1.4110750931915225e-27,ENSG00000106034.17
ENSG00000241644.2,36252.66345361577,2.557087778398441,4.9611160619238606e-29,1.4110750931915225e-27,ENSG00000241644.2
ENSG00000137225.12,10216.099360909282,2.5175862963470035,5.343428587079644e-29,1.5170433407906654e-27,ENSG00000137225.12
ENSG00000122707.11,109754.0573080396,1.7382272125013132,5.919100690904038e-29,1.677826598687064e-27,ENSG00000122707.11
ENSG00000260442.5,5227.201823381497,-2.3141900011417578,6.393945884486053e-29,1.806717653627295e-27,ENSG00000260442.5
ENSG00000250218.1,871.35560069113,4.186039176695685,6.638528861476361e-29,1.8728792981363262e-27,ENSG00000250218.1
ENSG00000183682.7,9931.770004410144,-1.7912644651626815,6.821432125769491e-29,1.9214592877972054e-27,ENSG00000183682.7
ENSG00000231749.3,3721.590770797373,3.456425903170454,7.449182211173886e-29,2.0949949281362548e-27,ENSG00000231749.3
ENSG00000186188.10,9694.229139828527,1.913062484185424,8.377614417609604e-29,2.3487427421120175e-27,ENSG00000186188.10
ENSG00000115507.9,22776.50844402201,-3.1278355250091865,9.681502083718003e-29,2.703398762900975e-27,ENSG00000115507.9
ENSG00000117598.11,1845.3129808199506,-4.5303821182898,1.0078460603993444e-28,2.808040661761714e-27,ENSG00000117598.11
ENSG00000125355.15,21164.842103332947,2.2523184988105753,1.0302356550105323e-28,2.865971838426974e-27,ENSG00000125355.15
ENSG00000164919.10,2903149.2075267215,-2.7904517619479154,1.2895039196812027e-28,3.570612473895034e-27,ENSG00000164919.10
ENSG00000132031.12,141960.25403352626,-2.6169633066928437,1.3339153626235712e-28,3.6822220540853444e-27,ENSG00000132031.12
ENSG00000254389.3,28946.731462760155,-1.8700265904976643,1.4528883613330857e-28,4.004481700061376e-27,ENSG00000254389.3
ENSG00000185561.9,67558.40806039462,1.7582021675208106,1.5873645165355356e-28,4.3550583364215774e-27,ENSG00000185561.9
ENSG00000138356.13,81756.00455115282,2.69450643967679,1.6080897021811388e-28,4.4051837444635374e-27,ENSG00000138356.13
ENSG00000221818.8,30944.94357382813,2.1844349852658,1.6113023243468355e-28,4.407255732584645e-27,ENSG00000221818.8
ENSG00000126895.13,8450.98966395959,2.7447662943289877,1.9475955301443132e-28,5.310897659176202e-27,ENSG00000126895.13
ENSG00000008735.13,189226.7052564547,-2.779480254146441,2.0950450456742083e-28,5.704308536347848e-27,ENSG00000008735.13
ENSG00000046889.18,75438.02548740632,2.2012920173061623,2.2720179853374792e-28,6.176790713774302e-27,ENSG00000046889.18
ENSG00000185480.11,44059.999799787336,-1.646855102273846,2.29974020799606e-28,6.24269872194755e-27,ENSG00000185480.11
ENSG00000162367.11,20461.52011961902,1.847904573693281,2.587728615436041e-28,7.003260112634824e-27,ENSG00000162367.11
ENSG00000160298.17,50574.44176224754,-1.765912228426137,2.736163015901129e-28,7.393821234083427e-27,ENSG00000160298.17
ENSG00000124253.10,51904.73837366254,5.307508075916825,3.0558316843531856e-28,8.245231265014919e-27,ENSG00000124253.10
ENSG00000143195.12,10736.858045558041,-2.392638683169043,3.338062855095879e-28,8.97973940164698e-27,ENSG00000143195.12
ENSG00000116194.12,33831.10330647949,2.902357037352117,3.9315849011364723e-28,1.0529019086730107e-26,ENSG00000116194.12
ENSG00000169248.12,82004.10613747577,-3.427227571762673,3.982105568270843e-28,1.064842328039996e-26,ENSG00000169248.12
ENSG00000147799.11,144913.76012941424,-1.584957457978488,3.9939657605897628e-28,1.0664245184860434e-26,ENSG00000147799.11
ENSG00000154065.16,36597.57639982554,2.344143540050502,4.114623943190735e-28,1.0970088768599013e-26,ENSG00000154065.16
ENSG00000164879.6,24850.887800124216,3.4744732754555763,4.8444382010051335e-28,1.289669950157791e-26,ENSG00000164879.6
ENSG00000124785.8,100178.85368498394,2.1891698581268635,4.9661420061465755e-28,1.3201109039450075e-26,ENSG00000124785.8
ENSG00000126785.12,91786.70106430908,1.5714319387592046,5.285740695487951e-28,1.402988835786099e-26,ENSG00000126785.12
ENSG00000176890.15,217181.1499323208,-1.9077835319286316,5.327343265613295e-28,1.4119426915051603e-26,ENSG00000176890.15
ENSG00000138722.9,63004.49074702259,3.268451966166532,5.395310464741396e-28,1.4278474287441723e-26,ENSG00000138722.9
ENSG00000101331.15,26661.02927746943,1.6171253890632407,6.0224132243015895e-28,1.5891200071124033e-26,ENSG00000101331.15
ENSG00000164741.14,303652.2024766313,1.748541850588142,6.51626674445617e-28,1.7169071100701475e-26,ENSG00000164741.14
ENSG00000130307.11,18504.945453756907,1.8600230040627999,6.526790829006808e-28,1.7171584727986678e-26,ENSG00000130307.11
ENSG00000107954.10,74879.65588326781,-3.656804273071708,7.303446075563594e-28,1.9186783738482806e-26,ENSG00000107954.10
ENSG00000129680.15,63925.82742792139,1.8938522427740905,7.694363886059542e-28,2.0154740322272463e-26,ENSG00000129680.15
ENSG00000105388.15,250217.88258157152,-5.466448173687066,8.508392383502461e-28,2.2222137487217563e-26,ENSG00000105388.15
ENSG00000155970.11,13564.02980749279,2.086026793746141,8.969420102225006e-28,2.3392195478811524e-26,ENSG00000155970.11
ENSG00000158966.13,109191.76913353853,1.9931628946471678,9.328131019584566e-28,2.4257196360058822e-26,ENSG00000158966.13
ENSG00000161281.10,47717.37497965614,2.235828349458153,1.046451163288873e-27,2.7172899020104557e-26,ENSG00000161281.10
ENSG00000136158.11,107665.34784783059,2.1973413704096862,1.111453241913598e-27,2.8819083120889723e-26,ENSG00000136158.11
ENSG00000015413.9,8963.146209507877,-2.7303278683437844,1.3481039359929845e-27,3.4704489129873917e-26,ENSG00000015413.9
ENSG00000166960.16,5115.912335405858,3.158138665361976,1.3627816774324379e-27,3.503207971084561e-26,ENSG00000166960.16
ENSG00000073350.13,522078.7832275665,-1.6915631248695195,1.4891795384953637e-27,3.822653570704193e-26,ENSG00000073350.13
ENSG00000172403.10,393696.9821358017,2.31710548030044,1.5123035355646935e-27,3.876466048376757e-26,ENSG00000172403.10
ENSG00000105467.8,1682.3156153460675,-3.348200256807827,1.6061725709903483e-27,4.1053496355099457e-26,ENSG00000105467.8
ENSG00000149124.10,13684.787482982618,5.676935671942399,1.6564145368693147e-27,4.227744812951083e-26,ENSG00000149124.10
ENSG00000169245.5,285669.41415538755,-3.2543424531637455,1.6636530632043506e-27,4.240188481970975e-26,ENSG00000169245.5
ENSG00000181234.9,38862.2515408698,4.6440271323559585,1.8179287571993488e-27,4.62682208374864e-26,ENSG00000181234.9
ENSG00000173825.6,5803.369282283376,-2.0559631408416985,1.8514603866032522e-27,4.705489195017302e-26,ENSG00000173825.6
ENSG00000158186.12,273653.3402021731,2.025535309141155,2.018700028967255e-27,5.1160359632428614e-26,ENSG00000158186.12
ENSG00000198932.12,52613.12046301955,1.962169457008353,2.097482117770695e-27,5.308197692406147e-26,ENSG00000198932.12
ENSG00000105173.13,47403.45366131409,-2.9148433945513528,2.2664815003829933e-27,5.719757744215478e-26,ENSG00000105173.13
ENSG00000121594.11,10280.835201942702,-2.332039733834866,2.621239241113646e-27,6.59647906077169e-26,ENSG00000121594.11
ENSG00000276409.4,135693.096318358,3.1192407174160537,2.8216656394390237e-27,7.090916886338152e-26,ENSG00000276409.4
ENSG00000181092.9,921391.8612915606,5.13824898227146,3.2141027336824547e-27,8.06582452454046e-26,ENSG00000181092.9
ENSG00000153823.18,45650.60665626084,2.3821660576496386,3.6208140620026694e-27,9.06112506478576e-26,ENSG00000153823.18
ENSG00000157315.4,2986.1431964694198,1.5768032558990919,3.772063899087612e-27,9.413371702549238e-26,ENSG00000157315.4
ENSG00000136160.14,87051.98335069191,2.1278949848542235,4.370743107481977e-27,1.0847059969232242e-25,ENSG00000136160.14
ENSG00000158445.9,34930.58578623055,2.8868054894444573,4.477073772763685e-27,1.1095598716118619e-25,ENSG00000158445.9
ENSG00000117586.10,42575.652863862335,-1.9235742239321563,4.6765757717652766e-27,1.1558099045838067e-25,ENSG00000117586.10
ENSG00000196549.10,319243.9832711768,2.964523989229371,4.98164493529988e-27,1.2295138249530364e-25,ENSG00000196549.10
ENSG00000196666.4,2739.6528905583086,4.157254469268238,5.18360315004804e-27,1.277601529138901e-25,ENSG00000196666.4
ENSG00000149609.5,3323.6196224926243,-2.0777925537218938,5.25637669267074e-27,1.2937608641507693e-25,ENSG00000149609.5
ENSG00000107159.12,46609.763031305985,-5.496613071789951,5.264895374501393e-27,1.2940824343106644e-25,ENSG00000107159.12
ENSG00000049249.8,19318.4333443458,-2.889767200993957,5.273299465454997e-27,1.2943749973824763e-25,ENSG00000049249.8
ENSG00000129467.13,73407.41917799387,1.7699267393143339,5.335767744466291e-27,1.3079191344120036e-25,ENSG00000129467.13
ENSG00000101463.5,37944.200835643715,-2.639041590813682,5.34461287184464e-27,1.3082999830765126e-25,ENSG00000101463.5
ENSG00000117308.14,203852.72462666166,-1.6101164073402292,5.66151260575412e-27,1.3839852954365963e-25,ENSG00000117308.14
ENSG00000172935.8,40226.303705016195,2.0919676940043193,5.76180234272468e-27,1.4027682420014782e-25,ENSG00000172935.8
ENSG00000165731.18,394520.1708290977,-3.478935803713379,5.841664824245118e-27,1.420284443650815e-25,ENSG00000165731.18
ENSG00000166292.11,26143.488423801,3.3263035378278145,6.0189758510605624e-27,1.4614138524435678e-25,ENSG00000166292.11
ENSG00000254109.5,9903.587594410703,1.5748494991586024,6.172657623893967e-27,1.4967026452098575e-25,ENSG00000254109.5
ENSG00000128408.8,19957.209715168967,-1.8990118273546888,6.63920122460443e-27,1.6076543532129187e-25,ENSG00000128408.8
ENSG00000111713.2,1755.5326742888255,4.887024544854289,7.594423480441134e-27,1.8315422111499364e-25,ENSG00000111713.2
ENSG00000116014.9,6758.248754956909,-4.647295549084791,7.691308001227355e-27,1.852417979409697e-25,ENSG00000116014.9
ENSG00000100625.8,137910.53762785715,-1.8388844076774218,7.920057293867317e-27,1.9049542630544407e-25,ENSG00000100625.8
ENSG00000008300.16,91032.40697371766,-2.6032441626545713,9.301415368829832e-27,2.2282416016410367e-25,ENSG00000008300.16
ENSG00000198478.7,139230.20654206706,1.8700283139852458,9.769951602389382e-27,2.3342508868398493e-25,ENSG00000198478.7
ENSG00000167434.9,13681.742070295195,5.270202519661818,1.0008715312433731e-26,2.3849452702655834e-25,ENSG00000167434.9
ENSG00000118729.11,15700.09782274746,2.7726639487082747,1.1817915284201964e-26,2.8048790204290455e-25,ENSG00000118729.11
ENSG00000123364.4,66024.54686139144,-3.1122292598655568,1.3001272131744598e-26,3.073541842686342e-25,ENSG00000123364.4
ENSG00000131480.8,7050.078036908234,2.1900164437549243,1.3622937528333637e-26,3.2162680009327687e-25,ENSG00000131480.8
ENSG00000163518.10,932.9011301449017,-4.926804792133034,1.458606630942748e-26,3.4346166376647936e-25,ENSG00000163518.10
ENSG00000226482.1,382690.8474698351,5.228718059684334,1.6162628541314618e-26,3.795890627183353e-25,ENSG00000226482.1
ENSG00000183971.6,5215.185010815522,-4.017275924495218,1.661448857175236e-26,3.89691200579023e-25,ENSG00000183971.6
ENSG00000134201.10,47179.08949072371,3.170934748459698,1.6791462018788994e-26,3.9332794125735107e-25,ENSG00000134201.10
ENSG00000007314.12,22147.335900670212,2.9560690915472283,1.8808931397690162e-26,4.382969559334475e-25,ENSG00000007314.12
ENSG00000206384.10,28868.067796426996,3.1676069992063343,2.0617106232504078e-26,4.798089975743458e-25,ENSG00000206384.10
ENSG00000053438.8,16990.562507232662,3.030225297965902,2.1262703383777165e-26,4.941925995014426e-25,ENSG00000053438.8
ENSG00000183150.7,9236.645480370136,-2.4577808436397848,2.17011886032843e-26,5.037314710332861e-25,ENSG00000183150.7
ENSG00000111452.12,27709.56991136064,2.529603059572553,2.1891762637177872e-26,5.074985749339568e-25,ENSG00000111452.12
ENSG00000179934.6,4326.272035592129,-3.6887747164162223,2.66961416683884e-26,6.149022720871541e-25,ENSG00000179934.6
ENSG00000112782.15,46069.16731710023,2.035535592186455,2.684114823593823e-26,6.174496446121021e-25,ENSG00000112782.15
ENSG00000239672.7,688174.7848823831,-1.9361415230149235,2.792275299963592e-26,6.406879246450989e-25,ENSG00000239672.7
ENSG00000164318.17,76317.88044443185,1.6038305069818681,2.8338524116267824e-26,6.493973668176163e-25,ENSG00000164318.17
ENSG00000101255.10,264924.9058226545,-1.602511647185502,2.977078902326199e-26,6.804805954705604e-25,ENSG00000101255.10
ENSG00000166961.14,21974.09606675261,-5.306040966933522,3.03667858704099e-26,6.932204056905405e-25,ENSG00000166961.14
ENSG00000138696.10,1145430.4944190208,-4.5957738327818465,3.047021459983914e-26,6.9402582581674175e-25,ENSG00000138696.10
ENSG00000169432.14,8498.670092240043,2.2863382631613574,3.7403789204484427e-26,8.495394806279292e-25,ENSG00000169432.14
ENSG00000203727.3,51005.63217332358,2.8947980685238996,3.9728355660145685e-26,9.011958098735702e-25,ENSG00000203727.3
ENSG00000163705.12,10507.065550231868,-1.5001340223974633,4.141827386204453e-26,9.371602621773834e-25,ENSG00000163705.12
ENSG00000163687.13,10814.876586282715,2.9381703363477008,4.480634338000134e-26,1.0125443567599043e-24,ENSG00000163687.13
ENSG00000013297.10,65446.05964192647,2.5082488592868,5.0037289042810497e-26,1.1250865630265021e-24,ENSG00000013297.10
ENSG00000152583.12,1911951.5166507,1.807625546137494,5.039462983744859e-26,1.1317031829453567e-24,ENSG00000152583.12
ENSG00000105409.16,20981.745439660004,-3.4480404529007056,5.398785978609763e-26,1.2108802101774371e-24,ENSG00000105409.16
ENSG00000074211.13,126261.39515234905,-3.769400448704016,5.586986425298257e-26,1.2515268093523922e-24,ENSG00000074211.13
ENSG00000140451.12,17394.325538654768,-2.4429618443849415,5.848255921497302e-26,1.308419650865662e-24,ENSG00000140451.12
ENSG00000085552.16,284302.5822503811,-1.8872323283342454,6.522950546464027e-26,1.4575504564782569e-24,ENSG00000085552.16
ENSG00000157613.10,415383.2548448589,-2.2935543514874146,6.618334747044754e-26,1.4770246314206966e-24,ENSG00000157613.10
ENSG00000133816.13,629807.9578391828,-1.5072109545756962,6.774726439527595e-26,1.5100486522291135e-24,ENSG00000133816.13
ENSG00000170962.12,167630.959194007,1.8237284715781086,6.79761476283378e-26,1.5132704924258874e-24,ENSG00000170962.12
ENSG00000124942.13,10992377.03270558,1.5791105044818952,7.35004271069607e-26,1.6342232510287433e-24,ENSG00000124942.13
ENSG00000235173.6,260712.17607415453,-1.525310208244964,7.475172464822074e-26,1.659987865548298e-24,ENSG00000235173.6
ENSG00000112214.10,13818.68409261232,2.491822356465,7.715420088064032e-26,1.7112210462315566e-24,ENSG00000112214.10
ENSG00000184697.6,5076.05677707902,-5.466815051822098,7.838946979680182e-26,1.736471921683969e-24,ENSG00000184697.6
ENSG00000132561.13,282543.71806397097,2.491034256172232,8.259137769820455e-26,1.8272960419714973e-24,ENSG00000132561.13
ENSG00000117594.9,26184.093923761717,2.7852767093219675,8.650618677293625e-26,1.911552351313787e-24,ENSG00000117594.9
ENSG00000186994.11,36385.793988337704,1.6752133259481061,9.80036744462099e-26,2.162951944143105e-24,ENSG00000186994.11
ENSG00000136383.6,61698.00162320836,1.7592188602094065,1.2901747286912928e-25,2.8334890032934964e-24,ENSG00000136383.6
ENSG00000049768.14,36499.075702831105,-1.966631921570842,1.4851401719421318e-25,3.2537081935479452e-24,ENSG00000049768.14
ENSG00000204710.2,16299.365988666945,-7.3518402470799,1.50991209606027e-25,3.299921161949991e-24,ENSG00000204710.2
ENSG00000101213.6,115467.23067085385,-2.2218141943952654,1.5207236707490529e-25,3.3195066696168194e-24,ENSG00000101213.6
ENSG00000186453.12,1670.664338973309,2.381144677897613,1.5857508241139922e-25,3.457245083484491e-24,ENSG00000186453.12
ENSG00000107807.12,13888.886175506615,-6.629351624116022,1.7663550575942293e-25,3.8463238833025795e-24,ENSG00000107807.12
ENSG00000129990.14,7882.819499610072,-4.718916716248948,1.780610914754155e-25,3.8726668658707644e-24,ENSG00000129990.14
ENSG00000125508.3,22315.064878575893,-2.5301564408374047,1.7840134350070714e-25,3.875369620379163e-24,ENSG00000125508.3
ENSG00000132329.10,99706.92264051925,-3.10789334039503,1.8324125348089136e-25,3.970891076337722e-24,ENSG00000132329.10
ENSG00000076554.15,1776821.1920236992,-1.784942953270055,1.8751701937846385e-25,4.0586464158115525e-24,ENSG00000076554.15
ENSG00000128016.5,1080305.151348103,2.1808817438569728,1.9747123746655984e-25,4.268947486581305e-24,ENSG00000128016.5
ENSG00000097046.12,72846.62474134617,-1.8366658890009857,2.0161618275837866e-25,4.353308263818999e-24,ENSG00000097046.12
ENSG00000188626.6,2185.7797411547385,2.0595583095349954,2.4015849566790572e-25,5.160675314693691e-24,ENSG00000188626.6
ENSG00000048740.18,229408.998938798,1.8551979258199913,2.6738675405914433e-25,5.738900153209601e-24,ENSG00000048740.18
ENSG00000159259.7,122178.06434796102,-1.5274078313012218,2.8134381943811417e-25,6.031245104155415e-24,ENSG00000159259.7
ENSG00000240498.6,6499.838274366151,-2.2098127453174836,2.820887044088022e-25,6.0399971637316685e-24,ENSG00000240498.6
ENSG00000173253.15,6232.207921193865,2.9076839593599653,2.8248614375606633e-25,6.041297827669962e-24,ENSG00000173253.15
ENSG00000138829.11,70664.39976622896,-3.037924760007478,2.9363140102242316e-25,6.272176462553974e-24,ENSG00000138829.11
ENSG00000011465.16,4472104.933575088,2.0883588017804042,3.171517280429039e-25,6.766532052644262e-24,ENSG00000011465.16
ENSG00000165868.13,94334.56625860526,1.608739729462029,3.433726293899494e-25,7.3085825493996e-24,ENSG00000165868.13
ENSG00000227036.6,36578.40427925323,-3.143687592767035,3.481725597467608e-25,7.393207384066424e-24,ENSG00000227036.6
ENSG00000153253.16,8863.02709388614,2.9302124738152844,3.6558310590212307e-25,7.735445364624758e-24,ENSG00000153253.16
ENSG00000141668.9,40328.76982606779,-5.570524663695534,3.6669462274903522e-25,7.749825224953993e-24,ENSG00000141668.9
ENSG00000092607.13,51214.164668641395,1.9603971623269565,3.700474366999251e-25,7.811483713772653e-24,ENSG00000092607.13
ENSG00000100307.12,230393.89666957353,1.5168985122599776,3.8982939649571214e-25,8.219399367006538e-24,ENSG00000100307.12
ENSG00000196684.12,113712.58661917663,-2.4551533369856684,3.9107599894033507e-25,8.236005456556845e-24,ENSG00000196684.12
ENSG00000127586.16,116490.58047072541,-1.8048879734905376,4.309458549349901e-25,9.065019314300734e-24,ENSG00000127586.16
ENSG00000164756.12,119646.18969056013,-5.8700305891912645,4.66196088400544e-25,9.795030929942578e-24,ENSG00000164756.12
ENSG00000120907.17,4618.785550383128,4.346087924894027,4.779790488439478e-25,1.0030851547844392e-23,ENSG00000120907.17
ENSG00000157782.9,4025.478928229062,2.062455418815364,4.871677245506466e-25,1.0211741216836742e-23,ENSG00000157782.9
ENSG00000184005.10,19842.313637128376,1.824032780800591,4.899688699838309e-25,1.0258473085320744e-23,ENSG00000184005.10
ENSG00000147526.19,653076.7577734576,1.8268559388788974,4.922833311017657e-25,1.0294918193425387e-23,ENSG00000147526.19
ENSG00000183248.11,254791.2949122039,-2.2048050503178254,5.0970880766159505e-25,1.0646920996358556e-23,ENSG00000183248.11
ENSG00000154734.14,409557.03436376416,2.19379332859627,5.1387472247473515e-25,1.0721458308562993e-23,ENSG00000154734.14
ENSG00000081041.8,25595.01998419189,3.359785788374186,5.536700590966889e-25,1.151158965280636e-23,ENSG00000081041.8
ENSG00000134339.8,303037.1358310793,3.6177510258532863,5.653931802529157e-25,1.1741724344071836e-23,ENSG00000134339.8
ENSG00000003249.13,235619.44758954085,-1.8845528856332077,6.209886931080697e-25,1.2836866498200569e-23,ENSG00000003249.13
ENSG00000205221.12,30198.31052877985,3.0910232440437935,6.220181914743842e-25,1.2843351449510788e-23,ENSG00000205221.12
ENSG00000171428.13,749299.4357066511,-3.4963567003573077,6.608973365176898e-25,1.3630437826594148e-23,ENSG00000171428.13
ENSG00000225988.1,4452.12719429518,-2.934075769841769,6.742166084098312e-25,1.388917176199495e-23,ENSG00000225988.1
ENSG00000196748.9,8593.339234918076,-3.5606224005903853,7.234254989239777e-25,1.4868755701251927e-23,ENSG00000196748.9
ENSG00000157766.15,29936.37971625489,-2.778300967495296,8.2025876350591245e-25,1.6801259125098843e-23,ENSG00000157766.15
ENSG00000165478.6,13444.986450408145,4.884512631553615,8.749960302163366e-25,1.7901999737938115e-23,ENSG00000165478.6
ENSG00000255071.3,246263.92912768133,3.623124433853581,8.827452817350728e-25,1.8039975615230536e-23,ENSG00000255071.3
ENSG00000164047.4,6787.528296702412,-3.7915723223414797,9.475968303585027e-25,1.9321284008093882e-23,ENSG00000164047.4
ENSG00000185818.7,95224.12871911634,2.9106310623272726,1.027409340228017e-24,2.0901140353414182e-23,ENSG00000185818.7
ENSG00000006118.14,575422.5876075494,-2.064529570669662,1.0929484892745164e-24,2.2184134324720193e-23,ENSG00000006118.14
ENSG00000128918.14,28715.951545908665,2.5880974611709537,1.1857545571370545e-24,2.4013537267167235e-23,ENSG00000128918.14
ENSG00000119771.14,41654.9562593351,2.262563836513219,1.326863329521119e-24,2.6810708019816936e-23,ENSG00000119771.14
ENSG00000132970.12,80010.97367724328,2.0338824083986715,1.399221802134631e-24,2.8209254826631105e-23,ENSG00000132970.12
ENSG00000170525.19,885713.2085608253,1.8448047937568723,1.42810134994656e-24,2.8759172303132576e-23,ENSG00000170525.19
ENSG00000103257.8,721048.1471406544,-2.687774758215565,1.4344546949967883e-24,2.8854731605748174e-23,ENSG00000103257.8
ENSG00000087237.10,9715.660740908414,2.0105053057238025,1.508487812759074e-24,3.030996284920052e-23,ENSG00000087237.10
ENSG00000134548.9,20591.458644969127,4.299845102959757,1.553227028014372e-24,3.1139164875599864e-23,ENSG00000134548.9
ENSG00000166482.11,438363.77340030007,2.498991535622504,1.5861023437067785e-24,3.17627615548334e-23,ENSG00000166482.11
ENSG00000182459.4,1498.4482541718749,-4.568920714705445,1.6803646088773334e-24,3.3612912126071336e-23,ENSG00000182459.4
ENSG00000102271.13,5966.828466436497,2.1157162463021715,1.9526484389551278e-24,3.897260393789973e-23,ENSG00000102271.13
ENSG00000166148.3,43572.278808340925,1.7408447465309824,2.1918501794364636e-24,4.360129464482091e-23,ENSG00000166148.3
ENSG00000147536.11,74889.85178507207,-2.055548143348397,2.1910834506654294e-24,4.360129464482091e-23,ENSG00000147536.11
ENSG00000085563.14,37249.363014464645,2.0839241396118946,2.2570422555924815e-24,4.479879335408838e-23,ENSG00000085563.14
ENSG00000146374.13,31789.279505308856,2.4714131284071725,2.3678410105313e-24,4.694604558227968e-23,ENSG00000146374.13
ENSG00000108924.13,76362.65646664213,2.738437193777963,2.5293171120577317e-24,5.00369756798808e-23,ENSG00000108924.13
ENSG00000249310.2,15332.69012446567,-2.6825819513109277,2.624431453506297e-24,5.186142463685406e-23,ENSG00000249310.2
ENSG00000179094.15,282613.5799526743,1.9624882407891338,2.867659091778034e-24,5.654330448766293e-23,ENSG00000179094.15
ENSG00000159899.14,61481.145309829604,1.504077760849675,3.1167333624585177e-24,6.125251557786767e-23,ENSG00000159899.14
ENSG00000204706.14,6217.596534101235,2.0371725413794937,3.384606938089916e-24,6.629912913771545e-23,ENSG00000204706.14
ENSG00000108821.13,36683566.1004974,-2.2205854412848045,3.6817245849799464e-24,7.185713376305614e-23,ENSG00000108821.13
ENSG00000165490.12,48924.3879886149,-1.7964961090141771,3.7059027272090376e-24,7.219871078644056e-23,ENSG00000165490.12
ENSG00000154678.16,37449.34457433581,2.6556992021416654,3.732662002095009e-24,7.264116518827631e-23,ENSG00000154678.16
ENSG00000198848.12,158369.46865230647,3.4403806157601045,4.1767927003230486e-24,8.093325207548213e-23,ENSG00000198848.12
ENSG00000177807.8,8106.677981901401,-2.8349077506024476,4.846423033317503e-24,9.380730149602585e-23,ENSG00000177807.8
ENSG00000167702.11,215934.1853804616,-2.023666770053966,5.045527736582085e-24,9.755593122574608e-23,ENSG00000167702.11
ENSG00000139946.9,56147.59314800276,1.7154943022794162,5.3629920031386585e-24,1.0358252477106239e-22,ENSG00000139946.9
ENSG00000130635.15,2685166.7751616295,-1.9970194105065104,5.653199447662178e-24,1.0895312318947632e-22,ENSG00000130635.15
ENSG00000124440.15,15621.661760260993,3.6449573865358884,6.300109094351286e-24,1.2103089665947015e-22,ENSG00000124440.15
ENSG00000146592.16,52109.61348133405,2.0866611920515905,6.596066254981216e-24,1.2644574445847003e-22,ENSG00000146592.16
ENSG00000086289.11,77759.23975163614,1.7855559383076618,7.226824077422064e-24,1.3838943908344087e-22,ENSG00000086289.11
ENSG00000103260.8,308653.22792871675,-2.4638455973046987,7.788232362229526e-24,1.488224209536575e-22,ENSG00000103260.8
ENSG00000229847.8,17010.26352766167,2.3523750069974314,7.857132412165272e-24,1.4997928390583137e-22,ENSG00000229847.8
ENSG00000184557.4,453215.01588072575,1.9746964657722665,8.062522190760506e-24,1.5373627594985733e-22,ENSG00000184557.4
ENSG00000185842.15,79799.81189867463,-1.7608269361121809,9.165683717387426e-24,1.742159565053841e-22,ENSG00000185842.15
ENSG00000138795.9,156968.98006926954,-1.9698054806332486,1.0391715560912047e-23,1.973106373644919e-22,ENSG00000138795.9
ENSG00000173918.14,191869.74132967836,1.739950478626402,1.0776267592485695e-23,2.0439595075261186e-22,ENSG00000173918.14
ENSG00000135747.11,10054.28187993564,-2.0663188789914138,1.0840296581885673e-23,2.0539328571148324e-22,ENSG00000135747.11
ENSG00000179750.15,79946.94608178089,-2.586390046609439,1.1394355650863873e-23,2.154361680120658e-22,ENSG00000179750.15
ENSG00000143512.12,17464.181027108854,-3.7388505507060374,1.1808834254668919e-23,2.2303780319107833e-22,ENSG00000143512.12
ENSG00000164287.12,29659.720254139935,-6.323262686640861,1.3339200504512238e-23,2.5114929134571154e-22,ENSG00000164287.12
ENSG00000204060.6,35578.550226537045,-1.7723381757191998,1.4601393486124997e-23,2.746255800016151e-22,ENSG00000204060.6
ENSG00000115884.10,2148124.37118918,-1.9737102457644395,1.614931432624202e-23,3.0247092584108616e-22,ENSG00000115884.10
ENSG00000146477.5,15265.712176730309,2.712035163551206,1.6485022963404073e-23,3.0833096919468766e-22,ENSG00000146477.5
ENSG00000106852.15,41536.64158608638,1.8316182562897683,1.6676286663878663e-23,3.1136588096771576e-22,ENSG00000106852.15
ENSG00000164946.19,35591.43343254214,2.7266589202080413,1.805968675072102e-23,3.3684507210830276e-22,ENSG00000164946.19
ENSG00000139618.14,68573.7677335386,-1.7190859975338755,1.998786335746471e-23,3.7203551060476065e-22,ENSG00000139618.14
ENSG00000083067.22,1952.8852439947923,3.0069336059643996,2.01407234099677e-23,3.74492228129586e-22,ENSG00000083067.22
ENSG00000160801.13,13970.225659666032,2.1976722360658654,2.0253412951296213e-23,3.761977107506293e-22,ENSG00000160801.13
ENSG00000180509.11,6803.188788990389,2.8884500863399563,2.1737886875756562e-23,4.025210569780186e-22,ENSG00000180509.11
ENSG00000154529.14,21151.479045760352,2.7939685686082907,2.1801351875294497e-23,4.032800584519682e-22,ENSG00000154529.14
ENSG00000184113.9,83635.64651378607,2.4431913910282708,2.2963990175596164e-23,4.223007082859207e-22,ENSG00000184113.9
ENSG00000173404.4,17718.260508442603,-5.088467684090548,2.2970823791286775e-23,4.223007082859207e-22,ENSG00000173404.4
ENSG00000133110.14,6429286.605560856,-2.1064029484242397,2.4579034129599655e-23,4.514038990659228e-22,ENSG00000133110.14
ENSG00000105464.3,25590.226210591947,-2.3373713147580673,2.544451904037192e-23,4.665832511284913e-22,ENSG00000105464.3
ENSG00000166670.9,28793.51193419861,-3.708775833302218,2.5457560210376916e-23,4.665832511284913e-22,ENSG00000166670.9
ENSG00000189334.8,1079251.530357656,-2.5140165419343026,2.743986615218112e-23,5.018894172972333e-22,ENSG00000189334.8
ENSG00000135074.15,136288.290302791,-1.7575509235139697,2.7698676324317804e-23,5.061072803332326e-22,ENSG00000135074.15
ENSG00000154188.9,44404.20730809639,2.583383743241967,2.826474839136072e-23,5.159251072087339e-22,ENSG00000154188.9
ENSG00000152104.11,399737.19563496404,1.5840347427638106,2.8344668802314547e-23,5.1685812227635155e-22,ENSG00000152104.11
ENSG00000178773.14,45411.52759629088,-2.7164109448012326,2.9662394081767353e-23,5.403373979788341e-22,ENSG00000178773.14
ENSG00000145335.15,18213.871465383312,1.6388237203172693,2.9933264758854337e-23,5.447186303936342e-22,ENSG00000145335.15
ENSG00000122121.10,9855.878068054819,2.8652389679891677,3.0865475401218577e-23,5.611137032665299e-22,ENSG00000122121.10
ENSG00000072657.8,7271.593306291787,4.0367698984098785,3.116414651332753e-23,5.659699199277691e-22,ENSG00000072657.8
ENSG00000196139.13,166839.66735383074,2.393008081281207,3.506370901828317e-23,6.329458057495521e-22,ENSG00000196139.13
ENSG00000197576.13,13840.658886823936,2.1147966560648084,3.69778627007834e-23,6.65490261223828e-22,ENSG00000197576.13
ENSG00000133561.15,146308.87772620172,1.567226610187261,3.6950393930177196e-23,6.65490261223828e-22,ENSG00000133561.15
ENSG00000137033.11,104862.02034231226,2.7680279053572376,3.890494971162984e-23,6.980715126757742e-22,ENSG00000137033.11
ENSG00000129654.7,33398.55984909356,-4.412746538249352,4.076610926860775e-23,7.300062860345597e-22,ENSG00000129654.7
ENSG00000101230.5,86717.89668677337,2.1174959740747923,4.6101328434305184e-23,8.239005339608943e-22,ENSG00000101230.5
ENSG00000165795.23,625164.7107874391,2.024097639335073,4.8719195610409823e-23,8.698194296891377e-22,ENSG00000165795.23
ENSG00000090971.4,115291.54785129547,-1.6544320899126868,5.000260463016072e-23,8.918456609134928e-22,ENSG00000090971.4
ENSG00000094963.13,194104.29535202475,2.963358374244671,5.1325394930081407e-23,9.145298522645985e-22,ENSG00000094963.13
ENSG00000197191.4,12299.091832566248,-2.30198336003786,5.8803034746308e-23,1.04465628955743e-21,ENSG00000197191.4
ENSG00000079819.18,471319.4425967234,1.5521082102471304,5.947283180584508e-23,1.05446741214652e-21,ENSG00000079819.18
ENSG00000241684.5,5969.792442840875,2.828564778102897,6.104332279796099e-23,1.0812441667954727e-21,ENSG00000241684.5
ENSG00000151623.14,58139.592205667104,1.9826675705897463,6.276734026192635e-23,1.1095905283938368e-21,ENSG00000151623.14
ENSG00000152154.10,15497.722316588379,2.234357913068852,6.426359967272279e-23,1.134923000913056e-21,ENSG00000152154.10
ENSG00000117632.22,1180227.4785054422,-1.7136469137251158,7.136448280215759e-23,1.2578515863645516e-21,ENSG00000117632.22
ENSG00000263586.1,1121.0382215563416,2.272640541429097,7.217149770082129e-23,1.2708274614777588e-21,ENSG00000263586.1
ENSG00000104951.15,95323.02802059958,-1.690240379817186,7.397593768905026e-23,1.3000492164100183e-21,ENSG00000104951.15
ENSG00000128271.21,101944.30427887796,-2.3510791735814607,7.490535676359531e-23,1.3150947322986208e-21,ENSG00000128271.21
ENSG00000116771.5,13089.383524899595,-1.5555579366078944,7.503349088575443e-23,1.3160566245973525e-21,ENSG00000116771.5
ENSG00000130032.15,10033.28600383818,2.8910622082476056,8.026931528822121e-23,1.4010431169421723e-21,ENSG00000130032.15
ENSG00000119714.10,70160.54144009932,-1.5387374332590973,8.500249793597858e-23,1.480776524723557e-21,ENSG00000119714.10
ENSG00000146197.8,118115.06540335488,-3.083453521663352,9.536910161709319e-23,1.6565419073722198e-21,ENSG00000146197.8
ENSG00000134121.9,84469.4048516432,2.8635710288262204,9.72426284693179e-23,1.6874511437378832e-21,ENSG00000134121.9
ENSG00000184785.5,22299.105905522025,1.517484441852652,1.040050181916355e-22,1.7978439705322887e-21,ENSG00000184785.5
ENSG00000166265.11,144054.68241170706,1.7777214235946766,1.0458861288419605e-22,1.8061919932445906e-21,ENSG00000166265.11
ENSG00000149554.12,97925.88268190657,-1.545205819893515,1.1783012297779137e-22,2.0270622210839027e-21,ENSG00000149554.12
ENSG00000227964.1,585.5803642616714,-4.258810428564507,1.236419326950393e-22,2.1250068949684774e-21,ENSG00000227964.1
ENSG00000020577.13,110221.77696992792,1.6224840448610973,1.3139599587447478e-22,2.251803585459122e-21,ENSG00000020577.13
ENSG00000169783.12,135271.81795315206,-2.5858828216768956,1.4874298717613902e-22,2.5369728316553826e-21,ENSG00000169783.12
ENSG00000174099.10,288204.3939273553,1.6987725120211687,1.5177292774193813e-22,2.583739698741552e-21,ENSG00000174099.10
ENSG00000147889.17,121370.78277049035,-2.8909796924943034,1.529341442649998e-22,2.6010401426984754e-21,ENSG00000147889.17
ENSG00000258545.5,10824.908424231982,3.41822779922388,1.588428081722542e-22,2.696420536456724e-21,ENSG00000258545.5
ENSG00000163704.11,102189.01298500778,-1.9190764922047947,1.63599063371974e-22,2.7745349660522964e-21,ENSG00000163704.11
ENSG00000197859.9,52025.78709284632,-1.7354292545143255,1.774074542016235e-22,3.000209190141122e-21,ENSG00000197859.9
ENSG00000103269.13,25953.333711447187,-2.6417558794049825,1.830195347336825e-22,3.092202930062585e-21,ENSG00000103269.13
ENSG00000182916.7,13835.704146026754,2.0188360753175605,1.8699509527493007e-22,3.1563998066962088e-21,ENSG00000182916.7
ENSG00000165457.13,68920.60905353728,2.0916486994360937,2.051343387578722e-22,3.452838124139307e-21,ENSG00000165457.13
ENSG00000176194.17,55316.19527876579,5.033181564088828,2.1225942901269546e-22,3.566077654283516e-21,ENSG00000176194.17
ENSG00000130477.15,13210.642994646707,-3.1510224658600596,2.1851930935121586e-22,3.664385016531651e-21,ENSG00000130477.15
ENSG00000137309.19,758270.6290753442,-1.6906352002452374,2.2236912757860226e-22,3.7254614903294684e-21,ENSG00000137309.19
ENSG00000134668.12,28486.480779359008,-2.5918397793901655,2.598137880617485e-22,4.344677352462212e-21,ENSG00000134668.12
ENSG00000171462.14,12222.125477962158,1.7242187239255007,2.7793747352713936e-22,4.6434190758821805e-21,ENSG00000171462.14
ENSG00000168309.16,82918.746670478,2.854491941094201,3.0267593128512566e-22,5.037953835852513e-21,ENSG00000168309.16
ENSG00000174944.8,14253.561815362882,1.833024528637105,3.274647764251346e-22,5.4455055453162106e-21,ENSG00000174944.8
ENSG00000079337.15,120252.85503269549,1.6889717356980258,3.57635209140199e-22,5.941711627409806e-21,ENSG00000079337.15
ENSG00000181804.14,47725.73571339526,1.538700650322827,3.6359026040368326e-22,6.035060168754199e-21,ENSG00000181804.14
ENSG00000152969.17,11030.601545737605,-2.7681117146048155,3.83496739460814e-22,6.359595190522538e-21,ENSG00000152969.17
ENSG00000187151.7,1718.9683828810953,4.3631647003229395,3.9649478588996564e-22,6.563012862752448e-21,ENSG00000187151.7
ENSG00000109846.7,627924.8542632101,2.9510998459039497,3.992162474868494e-22,6.601969703830912e-21,ENSG00000109846.7
ENSG00000229314.5,18070.896468105828,-5.04765294862494,4.40408873203462e-22,7.2764792006351e-21,ENSG00000229314.5
ENSG00000221932.6,8682.89791957063,4.805103668867532,4.835545836787005e-22,7.967327727223989e-21,ENSG00000221932.6
ENSG00000173457.10,316935.2949164557,-1.5703909604783723,5.371621885577028e-22,8.8343731890842e-21,ENSG00000173457.10
ENSG00000160973.7,102017.4698247403,-1.9596861667722991,5.467622296499622e-22,8.984024438286878e-21,ENSG00000160973.7
ENSG00000136244.11,24013.108774048094,3.0768989334311962,5.540292398057982e-22,9.095102149895183e-21,ENSG00000136244.11
ENSG00000123096.11,235604.40690430577,1.538543830450767,5.569375056546378e-22,9.134487809836533e-21,ENSG00000123096.11
ENSG00000129048.6,18422.606824957107,1.6917596244639743,5.881924230566174e-22,9.629504239876721e-21,ENSG00000129048.6
ENSG00000143578.15,695496.8340084004,-1.622424291005615,6.325922663187679e-22,1.0328119230716698e-20,ENSG00000143578.15
ENSG00000176177.9,2200.1218792742507,-3.368274894092122,6.474128888408101e-22,1.0560481331336959e-20,ENSG00000176177.9
ENSG00000174807.3,314859.1370442141,1.6194971777629747,6.521595970830531e-22,1.0628246730664143e-20,ENSG00000174807.3
ENSG00000180660.7,11400.45220544242,2.4062985826133336,6.966755034240722e-22,1.132287007059613e-20,ENSG00000180660.7
ENSG00000154920.14,128866.96045945089,-1.5902034997098098,6.999611919509974e-22,1.136597616939072e-20,ENSG00000154920.14
ENSG00000178796.12,4493.5755789150035,-3.6877518275557426,7.011765944732866e-22,1.1375417391170145e-20,ENSG00000178796.12
ENSG00000136541.14,11741.072769790375,-2.663615471857464,7.136727991381777e-22,1.1546826902557548e-20,ENSG00000136541.14
ENSG00000188483.7,128100.99633822477,-1.787811675193187,7.501778221581247e-22,1.2126523119804712e-20,ENSG00000188483.7
ENSG00000272143.1,9394.75197653383,2.054893218252289,8.269711791336971e-22,1.3343834412945978e-20,ENSG00000272143.1
ENSG00000006210.6,536944.817012535,2.2918872074193186,8.773564599007755e-22,1.4068281465593937e-20,ENSG00000006210.6
ENSG00000204936.9,17563.795635465332,-4.034833598328109,9.529093873926089e-22,1.5266118873201413e-20,ENSG00000204936.9
ENSG00000164056.10,285977.7519958852,1.7232881827606348,9.609884161879986e-22,1.5381815478734398e-20,ENSG00000164056.10
ENSG00000223979.2,1075.7938672207322,-2.7880534317882812,1.0267424077089498e-21,1.641964262167708e-20,ENSG00000223979.2
ENSG00000111981.4,9307.803943619007,-3.076186273554203,1.0288522292142634e-21,1.6438731566154523e-20,ENSG00000111981.4
ENSG00000142224.15,2147.1459633314657,-5.068400421152465,1.0854853113606042e-21,1.7312767059327397e-20,ENSG00000142224.15
ENSG00000077264.14,23108.210331448863,2.5323673834632374,1.1786301715999906e-21,1.8731763657235282e-20,ENSG00000077264.14
ENSG00000120738.7,1980223.366784906,2.4039766150452966,1.225203117451572e-21,1.9437506221426663e-20,ENSG00000120738.7
ENSG00000005102.12,49575.793832835865,2.7489118662848817,1.295617861572091e-21,2.053645873691522e-20,ENSG00000005102.12
ENSG00000167105.7,7782.652354144985,-2.640350341469841,1.5245742307117264e-21,2.4017063583547415e-20,ENSG00000167105.7
ENSG00000227528.5,1012.3426934383325,-2.7673573096128883,1.5547372050246729e-21,2.4470745324348866e-20,ENSG00000227528.5
ENSG00000182463.15,162762.6203537623,2.244857995351775,1.6191320704082294e-21,2.5439655638646987e-20,ENSG00000182463.15
ENSG00000145911.5,201734.07364974203,-1.7659015855674622,1.6355315893301744e-21,2.5674841038802552e-20,ENSG00000145911.5
ENSG00000198885.9,19055.8000244885,2.074051996507615,1.6402628885426524e-21,2.5704137125869705e-20,ENSG00000198885.9
ENSG00000216490.3,1045098.1458910158,-1.6328546065874634,1.705144894430491e-21,2.6651058223664025e-20,ENSG00000216490.3
ENSG00000144476.5,202424.0938537888,1.8327690724806311,1.7276648354462016e-21,2.6979538853273453e-20,ENSG00000144476.5
ENSG00000226237.1,5615.9675310360635,2.0868842966765166,1.7348912017286123e-21,2.7068828550101296e-20,ENSG00000226237.1
ENSG00000152611.11,6986.002489069427,-4.199341149730198,1.76912414639803e-21,2.757897007716755e-20,ENSG00000152611.11
ENSG00000101306.10,2172.20371795227,-2.348477360911686,1.9102952363159463e-21,2.967656054131344e-20,ENSG00000101306.10
ENSG00000130294.15,114710.99282303781,-4.841559137349961,2.116609599568338e-21,3.2824828042398177e-20,ENSG00000130294.15
ENSG00000170122.5,3817.3510073753596,-2.05147946812179,2.2567445162977807e-21,3.487749083198198e-20,ENSG00000170122.5
ENSG00000267365.1,3182.110017637653,1.9317855949901732,2.2608511649258768e-21,3.491088851313684e-20,ENSG00000267365.1
ENSG00000162814.10,33340.50954597029,-1.7901674572439887,2.302032596445673e-21,3.5516226034415056e-20,ENSG00000162814.10
ENSG00000267795.5,284001.0659814687,-2.3578220206352962,2.4975225930374912e-21,3.846613552521176e-20,ENSG00000267795.5
ENSG00000105784.15,13415.986220359411,1.704025452109835,2.5567931830992086e-21,3.93452316332325e-20,ENSG00000105784.15
ENSG00000135678.11,253300.26702482786,1.7839359464263058,2.6130508711095882e-21,4.0176496812612977e-20,ENSG00000135678.11
ENSG00000138435.15,7842.421123724196,-2.3443822026732364,2.65589344734809e-21,4.0765351690134113e-20,ENSG00000138435.15
ENSG00000173894.10,138621.0339293128,-2.5779104415736773,2.677595408798331e-21,4.1063328564161074e-20,ENSG00000173894.10
ENSG00000188263.10,5925.283840281895,-3.6810457386003974,2.758366030242966e-21,4.222983078553715e-20,ENSG00000188263.10
ENSG00000013588.7,1842677.4429461355,-2.1633384390722243,2.833748014246273e-21,4.3346922949378405e-20,ENSG00000013588.7
ENSG00000162878.12,63469.75332959212,2.0564771804553734,3.405039375687843e-21,5.1732956408100735e-20,ENSG00000162878.12
ENSG00000157404.15,330485.4895052982,2.6529416296150417,3.4465208049567886e-21,5.227466001972921e-20,ENSG00000157404.15
ENSG00000157152.16,24376.05133356841,2.6969483011477813,3.495925581137045e-21,5.297921680941047e-20,ENSG00000157152.16
ENSG00000128655.16,17229.235788109447,2.3140464675424184,3.528528592973805e-21,5.3428175986269185e-20,ENSG00000128655.16
ENSG00000240204.2,19759.816639405286,-2.100255727076827,3.635822231354592e-21,5.5006372931868e-20,ENSG00000240204.2
ENSG00000162975.4,50902.479762414616,-3.76385266582688,4.031407371219004e-21,6.07351322097251e-20,ENSG00000162975.4
ENSG00000277631.4,1184.3431773696177,3.75827838184957,4.2401798760196835e-21,6.371988904139127e-20,ENSG00000277631.4
ENSG00000170153.10,110134.6271906623,2.3308912304704137,4.760968878662368e-21,7.148624651869362e-20,ENSG00000170153.10
ENSG00000153956.15,88987.44939421114,1.7921212738271854,4.849663885204525e-21,7.275712298681003e-20,ENSG00000153956.15
ENSG00000224940.8,8338.914629803048,3.0812941675783234,4.855056077065168e-21,7.277716891460343e-20,ENSG00000224940.8
ENSG00000124249.6,136185.4957455213,-2.8132521201950333,4.925432121521495e-21,7.37704745880302e-20,ENSG00000124249.6
ENSG00000134028.14,62366.043000617494,-3.1697218369791536,4.985727874632163e-21,7.461127210552535e-20,ENSG00000134028.14
ENSG00000118785.13,1398022.1115153383,-2.512931783182818,5.2164840146825706e-21,7.786969440553192e-20,ENSG00000118785.13
ENSG00000171659.13,54842.44262146275,1.7275847952321208,5.244455173162951e-21,7.822216057528082e-20,ENSG00000171659.13
ENSG00000140263.13,469161.79472483805,-1.9277061460021254,5.281316934986986e-21,7.870653634922882e-20,ENSG00000140263.13
ENSG00000055813.5,24323.788267682135,2.2191092457296127,5.386005555338966e-21,8.02000810617818e-20,ENSG00000055813.5
ENSG00000169692.12,350925.7398499074,1.594239619620864,5.895708953467992e-21,8.757177628483128e-20,ENSG00000169692.12
ENSG00000163239.12,5619.374851441554,2.034195587589444,5.9617561163453114e-21,8.847956161752185e-20,ENSG00000163239.12
ENSG00000000971.15,385777.3004818564,1.5564479877533923,6.221468917827034e-21,9.202952744647195e-20,ENSG00000000971.15
ENSG00000168356.11,4085.0422119282875,2.230858195556348,6.557258136098316e-21,9.675730488158888e-20,ENSG00000168356.11
ENSG00000182272.11,168617.2905483186,-1.9070909898946051,6.784654472502974e-21,9.986632912233049e-20,ENSG00000182272.11
ENSG00000168490.13,11851.031752269551,2.15932629623203,7.795615252261158e-21,1.1399896044932514e-19,ENSG00000168490.13
ENSG00000138755.5,661857.7789665931,-3.190511038010646,8.561328626714629e-21,1.2478953659556506e-19,ENSG00000138755.5
ENSG00000147676.13,1805439.8057160527,-1.650973587563391,8.716320550074313e-21,1.2694556788148004e-19,ENSG00000147676.13
ENSG00000154553.13,240621.22650041844,1.810187971653733,9.174859645992571e-21,1.3340721768885308e-19,ENSG00000154553.13
ENSG00000123407.3,35161.570180568546,-4.89140113886928,9.381828233919147e-21,1.3619590938609324e-19,ENSG00000123407.3
ENSG00000186458.4,10649.86222564278,4.719446610201969,9.76854060110257e-21,1.4169516896166807e-19,ENSG00000186458.4
ENSG00000259134.5,3246.110631601756,2.4173311809688696,9.968367792367942e-21,1.4436030936114446e-19,ENSG00000259134.5
ENSG00000116833.13,28046.07138706827,1.5994690503045375,1.02063899291853e-20,1.475691011276163e-19,ENSG00000116833.13
ENSG00000011422.11,206630.34610169494,-1.6315131803978127,1.1323766578517035e-20,1.6332985829447842e-19,ENSG00000011422.11
ENSG00000134765.9,3976.6445201857596,2.7754917924127867,1.2025643329706469e-20,1.7331415121680576e-19,ENSG00000134765.9
ENSG00000124212.5,179525.34578524827,1.9610445917498762,1.2081435776368304e-20,1.739784928855349e-19,ENSG00000124212.5
ENSG00000182054.9,1293149.512157497,-1.5243609164156775,1.2486160445977201e-20,1.7951857121968663e-19,ENSG00000182054.9
ENSG00000140285.9,75915.70041025596,1.8394077726744908,1.2952655190208734e-20,1.860764548261932e-19,ENSG00000140285.9
ENSG00000197587.10,3781.4691190784556,-3.4651887463565827,1.3946814614224242e-20,2.0003812519826187e-19,ENSG00000197587.10
ENSG00000167880.7,284969.77100748476,-1.6723570722111136,1.407528445952663e-20,2.0171951202658653e-19,ENSG00000167880.7
ENSG00000187134.13,182650.23124570548,3.1856031723887996,1.4788220343108066e-20,2.1159891356968742e-19,ENSG00000187134.13
ENSG00000109255.11,8018.370234144754,-3.866134356024034,1.4920966964004934e-20,2.1298879095874346e-19,ENSG00000109255.11
ENSG00000025708.13,577439.2937805211,-1.7736611591314593,1.5519611735265168e-20,2.2135802334329323e-19,ENSG00000025708.13
ENSG00000130720.12,16895.769260313973,-3.881598507993125,1.5735026011611813e-20,2.2408764878088996e-19,ENSG00000130720.12
ENSG00000170421.12,6103137.745734449,-1.8130743527729567,1.6025145906740513e-20,2.278440515092274e-19,ENSG00000170421.12
ENSG00000003096.14,75950.47621752105,2.5004010560816163,1.604134883862368e-20,2.2789384181427134e-19,ENSG00000003096.14
ENSG00000177398.18,8086.969967426135,-3.072404219813516,1.6210475851545327e-20,2.299324649836188e-19,ENSG00000177398.18
ENSG00000169282.17,33685.99946052033,1.6571086626553473,1.6526805692031218e-20,2.3423418209487847e-19,ENSG00000169282.17
ENSG00000168334.8,11724.797972082428,-3.3049406556369108,1.750825295466441e-20,2.4736266359491615e-19,ENSG00000168334.8
ENSG00000137573.13,1680187.5897982805,-1.8375358363368612,2.0163239446431194e-20,2.8397881113604e-19,ENSG00000137573.13
ENSG00000126709.14,2056241.2562462261,-2.59213073228476,2.0190042927472853e-20,2.841332864687415e-19,ENSG00000126709.14
ENSG00000008311.14,39798.74204242742,1.7183640006114096,2.277906155520483e-20,3.193161730351877e-19,ENSG00000008311.14
ENSG00000184613.10,256552.40294213154,-3.2317711117049632,2.2903373301186386e-20,3.2080813984636016e-19,ENSG00000184613.10
ENSG00000147804.9,137901.47879438306,-2.0054931624357697,2.3135543507382374e-20,3.238073768743853e-19,ENSG00000147804.9
ENSG00000197110.8,337.3244470890363,-6.537568075525479,2.3274570465962324e-20,3.252458083105623e-19,ENSG00000197110.8
ENSG00000018625.14,72722.27538080025,3.6236021274460324,2.3648819188854194e-20,3.3021849237790725e-19,ENSG00000018625.14
ENSG00000003436.15,150636.18456823876,1.8799311043926927,2.3675362236977722e-20,3.3033205646818914e-19,ENSG00000003436.15
ENSG00000180818.4,227997.38328106783,-2.6247370929642266,2.65998677729952e-20,3.7027263572603016e-19,ENSG00000180818.4
ENSG00000246022.2,2344.030127377928,5.07871914988656,2.865791334218094e-20,3.983028188216519e-19,ENSG00000246022.2
ENSG00000049283.17,283201.93694479106,-2.1102934794814363,2.9287828156551324e-20,4.066185215161438e-19,ENSG00000049283.17
ENSG00000254726.2,274392.1344198059,-2.2280928193837495,3.009702392619723e-20,4.1701227822992807e-19,ENSG00000254726.2
ENSG00000140009.18,5071.31371240091,1.6924466125269484,3.107576799031959e-20,4.2957820111733776e-19,ENSG00000140009.18
ENSG00000069702.10,442261.4618932689,2.346028533401628,3.304024848873756e-20,4.5638273951764285e-19,ENSG00000069702.10
ENSG00000165164.13,5794.103103450474,-3.3746320492700748,3.456456545515132e-20,4.767040722227364e-19,ENSG00000165164.13
ENSG00000169554.18,276550.07166572113,1.508727186370515,4.0354834067502674e-20,5.557074348988491e-19,ENSG00000169554.18
ENSG00000261359.2,66365.59120557198,-2.1797208995439536,4.2440490703181124e-20,5.8397985022022925e-19,ENSG00000261359.2
ENSG00000162989.4,342399.8332234948,-5.091127871733852,4.4057409334225056e-20,6.057640579954025e-19,ENSG00000162989.4
ENSG00000167094.15,7446.834357575849,-1.65198150010443,4.4857528691634526e-20,6.16292984160795e-19,ENSG00000167094.15
ENSG00000167646.13,33163.97324510459,-2.3691541366640383,5.196686065010552e-20,7.10160990590132e-19,ENSG00000167646.13
ENSG00000184384.13,190167.69711611074,1.7417771466273348,5.55817906854357e-20,7.584061370865192e-19,ENSG00000184384.13
ENSG00000175426.10,63244.09690271018,-4.397671067783501,6.399501463688823e-20,8.705553810687532e-19,ENSG00000175426.10
ENSG00000182253.14,768200.7222814305,2.7886890662307526,6.614062470984085e-20,8.990615372489956e-19,ENSG00000182253.14
ENSG00000178175.11,15962.765540791792,1.763493210932757,7.013515365938367e-20,9.52638199932113e-19,ENSG00000178175.11
ENSG00000248144.5,29579.937298544482,3.7497100884123946,7.02597925393736e-20,9.536092719621638e-19,ENSG00000248144.5
ENSG00000105519.15,288099.92211209063,-2.071432252371051,7.051339906078411e-20,9.56327981366326e-19,ENSG00000105519.15
ENSG00000185090.14,147451.1083783353,-1.7045199134497997,7.20508607193503e-20,9.757045991602284e-19,ENSG00000185090.14
ENSG00000239642.5,1234.4606914353546,-2.2961016453440095,7.565451837732304e-20,1.0229608313822964e-18,ENSG00000239642.5
ENSG00000167641.10,24908.880908513027,2.254270087381941,7.738509095635674e-20,1.0455728064984255e-18,ENSG00000167641.10
ENSG00000227392.1,12638.822134163653,-2.1736907814753192,8.085427859443858e-20,1.0899837121112031e-18,ENSG00000227392.1
ENSG00000211452.10,72627.50565941799,-3.9230382504127497,8.154412689919162e-20,1.0978283128343102e-18,ENSG00000211452.10
ENSG00000169683.7,151414.8174318536,-1.5429965231085834,8.318894209054761e-20,1.1172598712056106e-18,ENSG00000169683.7
ENSG00000186564.5,13821.601450499955,-1.8146710438836215,8.717354852266744e-20,1.1690246495831255e-18,ENSG00000186564.5
ENSG00000168350.7,555899.3884346572,-2.039715277606916,9.088308770029123e-20,1.2151380347290056e-18,ENSG00000168350.7
ENSG00000100362.12,57659.23049188126,-4.834590695200926,9.190292609090203e-20,1.2278586767304953e-18,ENSG00000100362.12
ENSG00000228288.6,29624.142159632356,-1.6379505723951147,9.301399212568386e-20,1.241778318981507e-18,ENSG00000228288.6
ENSG00000146122.16,162043.3195756014,1.6247251674612724,1.0161324597856954e-19,1.353560855674442e-18,ENSG00000146122.16
ENSG00000260001.6,3520.0075295574125,-2.7861951985318574,1.0375486378371089e-19,1.3810634427827333e-18,ENSG00000260001.6
ENSG00000166173.10,70642.26810060669,1.5610424515104029,1.1271729104614116e-19,1.4981380394377117e-18,ENSG00000166173.10
ENSG00000140534.13,63491.68040136896,-1.7754053199389246,1.1476870177397167e-19,1.5231470532029392e-18,ENSG00000140534.13
ENSG00000101542.9,2173.4474791784132,2.911678085452262,1.2003802011096064e-19,1.5895514353143666e-18,ENSG00000101542.9
ENSG00000121904.17,19877.374546417144,-2.1211393899236395,1.3513997679244008e-19,1.7816433531129702e-18,ENSG00000121904.17
ENSG00000131730.15,10785.963467924223,2.058261526036635,1.445975987201693e-19,1.902136886976538e-18,ENSG00000131730.15
ENSG00000139352.3,14894.511287489464,-6.4653176797864935,1.447655891258628e-19,1.902951623212715e-18,ENSG00000139352.3
ENSG00000107165.12,6404.137095206147,-3.931486119219842,1.7117896619565644e-19,2.2403094022236786e-18,ENSG00000107165.12
ENSG00000185499.16,3050683.044486122,-2.327657543390378,1.7348431824579507e-19,2.2671734321080124e-18,ENSG00000185499.16
ENSG00000164530.13,107949.1595188956,3.6257764269309902,1.7430873465450398e-19,2.2746339097496472e-18,ENSG00000164530.13
ENSG00000197614.10,353313.68385804474,2.0893384631188643,1.7649704251897641e-19,2.3015163037194723e-18,ENSG00000197614.10
ENSG00000181788.3,611879.9095701791,-1.5924649535286979,1.7859812698532907e-19,2.3255342470956163e-18,ENSG00000181788.3
ENSG00000136014.11,3768.129628016399,2.180167558732535,1.8446462990861372e-19,2.3974408809575638e-18,ENSG00000136014.11
ENSG00000107105.14,18536.834832033142,-2.7309749790419864,1.845213095135928e-19,2.3974408809575638e-18,ENSG00000107105.14
ENSG00000259527.2,8988.224596905065,-7.080213766271668,1.9027237674360593e-19,2.4703742806877864e-18,ENSG00000259527.2
ENSG00000101210.10,545635.1227903435,-3.2895677725110892,1.9477655826940334e-19,2.5270251518639944e-18,ENSG00000101210.10
ENSG00000092009.10,5611.118979249788,2.98249939478863,1.9906970580009332e-19,2.578994751748068e-18,ENSG00000092009.10
ENSG00000268089.2,7139.665332544392,-4.561808624749501,1.9972227490296685e-19,2.5855820913303997e-18,ENSG00000268089.2
ENSG00000154134.14,27094.075978997276,1.7297693511988255,2.0234465914825165e-19,2.6176425516201005e-18,ENSG00000154134.14
ENSG00000158578.18,754.7718460990675,3.2899077269117827,2.1083783468001303e-19,2.7196716518069546e-18,ENSG00000158578.18
ENSG00000196366.3,5655.585106375095,-1.5443828239494173,2.1218167228175203e-19,2.7350400472352563e-18,ENSG00000196366.3
ENSG00000105141.5,94111.41032640301,-6.090204650289948,2.286056687769498e-19,2.9425190207064635e-18,ENSG00000105141.5
ENSG00000149968.11,93768.44904080202,-2.7277452386262624,2.3123804741070835e-19,2.9721377397495274e-18,ENSG00000149968.11
ENSG00000078596.10,185876.8410149014,2.0901509134233414,2.317077366164919e-19,2.976042890558135e-18,ENSG00000078596.10
ENSG00000164638.10,60789.51729172141,1.9735284050018174,2.344215555601661e-19,3.0044471224400434e-18,ENSG00000164638.10
ENSG00000177494.5,7151.490271451244,-2.994965477632128,2.695991852694545e-19,3.438108160120698e-18,ENSG00000177494.5
ENSG00000186439.12,8382.781993209348,4.652906054843438,2.8264105751522263e-19,3.5993105003517665e-18,ENSG00000186439.12
ENSG00000170231.15,5194.416177853618,-4.817458733512439,3.2080225345227485e-19,4.079486062150367e-18,ENSG00000170231.15
ENSG00000153162.8,30502.141372914335,2.0265334793108662,3.2403502872133917e-19,4.1118532675721276e-18,ENSG00000153162.8
ENSG00000105290.11,93028.52216696298,-2.9013428002852977,3.359372990626307e-19,4.259874881329175e-18,ENSG00000105290.11
ENSG00000114631.10,282037.85306279093,-1.886691644953602,3.507883256241649e-19,4.4356553394463636e-18,ENSG00000114631.10
ENSG00000204262.11,2837864.7561655575,-1.756727648486538,3.521146799799743e-19,4.449291340056816e-18,ENSG00000204262.11
ENSG00000130675.14,9912.594620420925,-3.6226618931505263,3.595421437339634e-19,4.536754349520749e-18,ENSG00000130675.14
ENSG00000234906.9,36316.458853340984,-1.8647834740945706,3.6149789272735207e-19,4.5582267668354725e-18,ENSG00000234906.9
ENSG00000108576.9,63235.93365952788,-3.927386694890395,3.649614296401325e-19,4.598667789348944e-18,ENSG00000108576.9
ENSG00000125740.13,600311.1862530311,3.069017666156475,3.8244232606342898e-19,4.815552741442881e-18,ENSG00000125740.13
ENSG00000122877.15,155463.54368996221,1.9909136806628749,3.896888597736131e-19,4.903357090405287e-18,ENSG00000122877.15
ENSG00000139155.8,2430.309228111062,1.88415916050199,4.118284785859233e-19,5.167439434452603e-18,ENSG00000139155.8
ENSG00000261236.7,350840.0185116512,-1.6359075539515844,4.2004610079487066e-19,5.266867356088305e-18,ENSG00000261236.7
ENSG00000175294.5,2575.998443485162,-1.6760739537362404,4.313586087922537e-19,5.401163654961206e-18,ENSG00000175294.5
ENSG00000145777.14,4989.618938705306,2.941517275418309,4.360646226311742e-19,5.4524791107116086e-18,ENSG00000145777.14
ENSG00000165309.13,14177.019527356895,-3.025468430522226,4.359439834102407e-19,5.4524791107116086e-18,ENSG00000165309.13
ENSG00000162444.11,86548.58359319919,2.020815554567886,4.56688350706348e-19,5.702407151512876e-18,ENSG00000162444.11
ENSG00000103490.13,254025.77756142276,-1.8688837186128,5.240865185839329e-19,6.521279058912281e-18,ENSG00000103490.13
ENSG00000169313.9,9923.409044372893,2.2403303109188646,5.669632240222083e-19,7.040153030194108e-18,ENSG00000169313.9
ENSG00000099139.13,72177.43177434137,1.6223751194421459,6.075753723530385e-19,7.523619672967957e-18,ENSG00000099139.13
ENSG00000174343.5,3353.131575716266,-4.4259345990091346,6.1150059340732095e-19,7.567003550005214e-18,ENSG00000174343.5
ENSG00000204052.4,15108.849429097689,-2.0274364376115606,6.426279884489532e-19,7.924861853429256e-18,ENSG00000204052.4
ENSG00000174611.11,3180.6054690356314,3.0609785873715563,6.506261844830758e-19,8.012481556746621e-18,ENSG00000174611.11
ENSG00000105289.14,311933.1744228691,-1.6590459757082383,7.854620842417464e-19,9.60705260909997e-18,ENSG00000105289.14
ENSG00000009709.11,9138.470255581395,-7.480939173962968,7.950464558401235e-19,9.717655692874208e-18,ENSG00000009709.11
ENSG00000178896.8,149775.7031237257,-1.5096338620408956,7.983614862002362e-19,9.751531754180285e-18,ENSG00000178896.8
ENSG00000149243.15,42442.53766297051,-1.8865401488101718,8.028846671304863e-19,9.800108559402937e-18,ENSG00000149243.15
ENSG00000159263.15,50619.73890215967,-2.511319830804415,8.115366733303035e-19,9.898982005143192e-18,ENSG00000159263.15
ENSG00000136531.15,17787.26279356995,2.7221980752193353,8.269024691531565e-19,1.007955910598851e-17,ENSG00000136531.15
ENSG00000175264.7,148585.977194404,-2.697409721448705,8.535559276294633e-19,1.0397389008455845e-17,ENSG00000175264.7
ENSG00000169900.7,31510.613014354713,-4.8984007988888,8.91927439282276e-19,1.0850070537655511e-17,ENSG00000169900.7
ENSG00000159409.14,2360.6133892305484,-4.205520044198211,8.978604882808726e-19,1.0914844675625811e-17,ENSG00000159409.14
ENSG00000254703.2,3619.629228223413,1.536615331205487,9.104074866304183e-19,1.1059879168997695e-17,ENSG00000254703.2
ENSG00000145283.7,4108.242125735159,1.9692461994113142,9.504112924543504e-19,1.1538044533496894e-17,ENSG00000145283.7
ENSG00000104899.7,13865.217531219505,-2.994867538317789,1.0999616117871728e-18,1.3299603234701645e-17,ENSG00000104899.7
ENSG00000145936.8,63033.225006423236,2.1793919218589632,1.1921342474523e-18,1.4375312366960092e-17,ENSG00000145936.8
ENSG00000099849.14,169048.9109352052,-1.6224779246573136,1.2343880863500675e-18,1.4874832393135837e-17,ENSG00000099849.14
ENSG00000143590.13,135635.38427763974,-1.9406950350763386,1.3105636521183488e-18,1.5761021186299954e-17,ENSG00000143590.13
ENSG00000171819.4,7347.595423958088,4.349228076240379,1.3690105250535485e-18,1.6430873478953728e-17,ENSG00000171819.4
ENSG00000120129.5,1079314.7480222688,1.9160787648687092,1.5625122043520211e-18,1.8715725288844e-17,ENSG00000120129.5
ENSG00000176956.12,3751.048912564603,-2.4071657795900196,1.5777988638373809e-18,1.8886220823104818e-17,ENSG00000176956.12
ENSG00000159184.7,28859.040104654254,-6.182257876363688,1.5826958516225702e-18,1.8932207777109186e-17,ENSG00000159184.7
ENSG00000214530.8,1270742.2640438806,-1.925059376251307,1.704366030447904e-18,2.0333404045430014e-17,ENSG00000214530.8
ENSG00000167968.12,11905.164242624376,-2.128048718494355,1.8213410038832018e-18,2.165693945174042e-17,ENSG00000167968.12
ENSG00000106089.11,47825.95110575925,-1.5275133441924196,1.8926681468642714e-18,2.2475277669877976e-17,ENSG00000106089.11
ENSG00000091986.15,1585812.1923314913,1.8444957457943478,1.9798366153862343e-18,2.349484681870053e-17,ENSG00000091986.15
ENSG00000171345.13,8309955.144682781,-1.94092437490521,2.0125436830550184e-18,2.3867198483183208e-17,ENSG00000171345.13
ENSG00000179314.13,15184.248347868885,1.7276358420873006,2.0807542313932828e-18,2.464354664943213e-17,ENSG00000179314.13
ENSG00000004838.13,79690.64349188581,-2.324454740240334,2.1074699615815123e-18,2.4943491768243455e-17,ENSG00000004838.13
ENSG00000152766.5,37837.69249034151,-1.955139616344784,2.1751894698776147e-18,2.5711083437426906e-17,ENSG00000152766.5
ENSG00000141977.9,3209.4104065439315,-3.0207013511407363,2.208099340494512e-18,2.6065741096376993e-17,ENSG00000141977.9
ENSG00000149575.5,9004.916861161715,2.9050008130273812,2.5077159091876927e-18,2.948620351150378e-17,ENSG00000149575.5
ENSG00000135114.12,105256.85587088557,-2.1758097261502813,2.5128101728908967e-18,2.952675372114038e-17,ENSG00000135114.12
ENSG00000140092.14,385625.42982651875,1.7438620824565199,2.5649994602566076e-18,3.0080905434891705e-17,ENSG00000140092.14
ENSG00000141682.11,90224.00198786457,-1.7310237296548443,2.5905622523264628e-18,3.03410303482335e-17,ENSG00000141682.11
ENSG00000174945.13,24481.199814228592,-2.6503872983477885,2.600466007550174e-18,3.0437156929858295e-17,ENSG00000174945.13
ENSG00000167749.11,18125.604963438615,-2.63912979155109,2.6869912443950836e-18,3.138846607954491e-17,ENSG00000167749.11
ENSG00000106004.4,28243.35593850859,2.16518203581224,2.7867003468007036e-18,3.251090007974319e-17,ENSG00000106004.4
ENSG00000255248.7,86488.25161271359,1.6072343845574468,2.8315574133557794e-18,3.301275806877371e-17,ENSG00000255248.7
ENSG00000185697.16,99185.04872312292,-2.106489039863081,2.8599420081571187e-18,3.331207591739063e-17,ENSG00000185697.16
ENSG00000169436.16,39004.84431325927,-2.7310522906397114,2.860943487081255e-18,3.331207591739063e-17,ENSG00000169436.16
ENSG00000128683.13,14505.140009281622,-3.4759923070739105,2.886844268035402e-18,3.359185907999949e-17,ENSG00000128683.13
ENSG00000115353.10,26838.43454410317,2.5878532470834563,2.9986333620077225e-18,3.484746011302109e-17,ENSG00000115353.10
ENSG00000260428.2,6786.988090847307,-2.443356149006865,3.210673851013674e-18,3.7263338233336577e-17,ENSG00000260428.2
ENSG00000170044.8,9744.18462341365,-3.4859800033189012,3.3024955357743658e-18,3.825479496345994e-17,ENSG00000170044.8
ENSG00000106511.5,46819.658301481344,2.4190777368990934,3.498421979863362e-18,4.041995208286434e-17,ENSG00000106511.5
ENSG00000248309.7,2975.684876266073,1.7254464085524601,3.855406399986944e-18,4.445858421270292e-17,ENSG00000248309.7
ENSG00000129538.13,702671.1075801237,1.6545692848142648,4.023279960081084e-18,4.633486028481059e-17,ENSG00000129538.13
ENSG00000107736.19,46424.718527286044,1.6770249914229811,4.2797247059953514e-18,4.913058246940153e-17,ENSG00000107736.19
ENSG00000111057.10,3678337.8714591763,-1.6720894917227154,4.414236170581567e-18,5.0545398601624156e-17,ENSG00000111057.10
ENSG00000253250.2,8510.134824185126,1.8695386004433052,4.626269304900504e-18,5.280480288666015e-17,ENSG00000253250.2
ENSG00000017427.15,191733.23222766886,2.158772441725345,4.981650156242932e-18,5.668088062997269e-17,ENSG00000017427.15
ENSG00000266402.3,3569.2932373110457,-2.0205228365379213,5.125899169594712e-18,5.813780581544748e-17,ENSG00000266402.3
ENSG00000143797.11,514934.0613156142,-1.5394679425845756,5.35065846752385e-18,6.064868280655745e-17,ENSG00000143797.11
ENSG00000254211.5,3013.8983096772113,3.790681674053825,5.548112082652223e-18,6.280742908456078e-17,ENSG00000254211.5
ENSG00000170345.9,1879010.8637413317,2.3603320522448232,5.818028976118006e-18,6.582149679601852e-17,ENSG00000170345.9
ENSG00000139547.7,15302.8822596419,-2.3980700824872767,5.826129419645698e-18,6.58716069166369e-17,ENSG00000139547.7
ENSG00000088305.18,51917.062259283986,-1.585439165765831,5.959670235638992e-18,6.733901954538441e-17,ENSG00000088305.18
ENSG00000175946.8,9459.93738432951,-2.211385778151611,6.171907466347496e-18,6.964939350231014e-17,ENSG00000175946.8
ENSG00000119547.5,21664.217701151625,-3.7336673392338846,6.613538496625457e-18,7.458624842548748e-17,ENSG00000119547.5
ENSG00000135773.12,48658.97423118251,-2.6381930734218213,7.460409657314825e-18,8.37685422285356e-17,ENSG00000135773.12
ENSG00000102385.12,6351.5838610106575,-1.863955893868346,7.918899254716138e-18,8.88055058296073e-17,ENSG00000102385.12
ENSG00000250334.5,1250.8243353874466,2.133837256610189,8.007868310747677e-18,8.969112428198848e-17,ENSG00000250334.5
ENSG00000233493.3,26223.036468048744,-1.900444776938754,8.058244593406188e-18,9.014281966302196e-17,ENSG00000233493.3
ENSG00000130513.6,128866.39178506222,-2.6659356509732386,9.424859518494715e-18,1.0503742505611843e-16,ENSG00000130513.6
ENSG00000136770.10,522530.45212841884,-1.5654853123887542,1.4487341374797934e-17,1.5986861395325913e-16,ENSG00000136770.10
ENSG00000143320.8,2636933.7794851074,-2.0500716975217683,1.4622204181359905e-17,1.611586054214624e-16,ENSG00000143320.8
ENSG00000105707.13,242035.64806569478,-2.2354878411517465,1.5620809137599494e-17,1.717427563455562e-16,ENSG00000105707.13
ENSG00000141052.17,6627.557381031599,2.3998051109782548,1.5647335090786422e-17,1.7192904686710396e-16,ENSG00000141052.17
ENSG00000129991.12,9622.077952979977,-3.98740805771879,1.568723450069576e-17,1.722619636756328e-16,ENSG00000129991.12
ENSG00000170577.7,51164.4585094097,-2.5031191744836376,1.581084163870516e-17,1.7351310796531297e-16,ENSG00000170577.7
ENSG00000004846.16,5530.366105505313,3.5360535706440253,1.6916475784143877e-17,1.8496790066721122e-16,ENSG00000004846.16
ENSG00000178662.15,26258.426991996428,2.055404137191801,1.6909479583571672e-17,1.8496790066721122e-16,ENSG00000178662.15
ENSG00000162772.16,290398.9187297273,2.0672357127426624,1.7532987905816393e-17,1.9147559464033081e-16,ENSG00000162772.16
ENSG00000105509.10,6672.717984783097,3.009040291149821,1.82678745862178e-17,1.9937985018278952e-16,ENSG00000105509.10
ENSG00000198774.4,25144.22128474938,1.967655323035801,1.8580118439998503e-17,2.025413518644551e-16,ENSG00000198774.4
ENSG00000136982.5,59572.099248735336,-1.511952914277999,1.8651970246093607e-17,2.0307785323158833e-16,ENSG00000136982.5
ENSG00000131188.11,19264.00726780666,-1.8668630188146578,1.8748525258801052e-17,2.0400532972629915e-16,ENSG00000131188.11
ENSG00000151012.13,55476.73061939589,-2.190005723505658,1.9513528939008467e-17,2.1194385578246304e-16,ENSG00000151012.13
ENSG00000121753.12,198187.65057873575,-2.1777529673950045,1.9957248137107216e-17,2.1650115074009358e-16,ENSG00000121753.12
ENSG00000117394.20,715742.6382506142,-1.5840950161573266,2.0293791376648574e-17,2.1988617069517234e-16,ENSG00000117394.20
ENSG00000172379.20,388193.5770178471,-2.018472084055609,2.137287750670562e-17,2.314384677747851e-16,ENSG00000172379.20
ENSG00000147852.15,159391.59636466397,1.6311016883999443,2.1431067843918068e-17,2.319286190129203e-16,ENSG00000147852.15
ENSG00000225376.5,386.1081459491775,2.6431838271505335,2.239917678206405e-17,2.4211351144612967e-16,ENSG00000225376.5
ENSG00000170419.10,90695.74114125491,-6.671970692206762,2.256972361107114e-17,2.438100847401863e-16,ENSG00000170419.10
ENSG00000078549.14,22390.91782001701,2.3019084996455277,2.3388176941039698e-17,2.520518051062783e-16,ENSG00000078549.14
ENSG00000101222.12,15725.524381970372,-2.3892807895248707,2.3687896812895504e-17,2.5512120799146697e-16,ENSG00000101222.12
ENSG00000155367.15,72274.29068403596,-1.9231096206992466,2.527064799260105e-17,2.7151571073726985e-16,ENSG00000155367.15
ENSG00000142910.15,258786.2622662078,1.6888484503236785,2.628107896127189e-17,2.8186575003114256e-16,ENSG00000142910.15
ENSG00000178947.8,26159.77740610591,2.082323837337565,2.7751265262958997e-17,2.9727818066464076e-16,ENSG00000178947.8
ENSG00000198865.9,1497020.1765156651,1.5778973351636971,2.927082121675379e-17,3.1318207817066983e-16,ENSG00000198865.9
ENSG00000153132.12,109172.92071684146,-2.585710616604251,2.9562760347278544e-17,3.1611716860024966e-16,ENSG00000153132.12
ENSG00000249835.2,208925.52310572143,-1.5978888909420328,3.2041037239444953e-17,3.4180281283434054e-16,ENSG00000249835.2
ENSG00000169962.4,15150.588589860092,-2.1759294822148165,3.4128030873404974e-17,3.6363376363509824e-16,ENSG00000169962.4
ENSG00000113389.15,114903.49903483375,2.395735600079234,3.415424699686795e-17,3.636971239553719e-16,ENSG00000113389.15
ENSG00000189184.11,178526.65886590182,1.6592211601370503,3.495681108160187e-17,3.718020517114299e-16,ENSG00000189184.11
ENSG00000080166.15,3655.9917026351404,3.4268582638351504,3.813182384065352e-17,4.046122502500568e-16,ENSG00000080166.15
ENSG00000167771.5,27814.290457513045,-2.2784389251063044,3.881336264015658e-17,4.116005708347101e-16,ENSG00000167771.5
ENSG00000183196.8,20321.105990300995,-2.384482775152786,4.0194941647371866e-17,4.2549724954501083e-16,ENSG00000183196.8
ENSG00000186907.7,39807.665529547616,-1.5218977950390686,4.083890578474459e-17,4.3155034540381165e-16,ENSG00000186907.7
ENSG00000177238.13,5595.752293572324,-3.172057632393367,4.140307684492073e-17,4.369972987225957e-16,ENSG00000177238.13
ENSG00000184937.13,15933.466479188766,-3.6129289067940027,4.164352334143099e-17,4.392767426897685e-16,ENSG00000184937.13
ENSG00000165644.10,53556.07783996019,-1.7252349210817146,4.5100143234297345e-17,4.74901332190726e-16,ENSG00000165644.10
ENSG00000182791.4,11710.377862109532,-1.661504047371973,4.5696139072689205e-17,4.808949110740542e-16,ENSG00000182791.4
ENSG00000185269.11,4502.03031812467,-2.7317779153891126,4.808819662842521e-17,5.048838572872052e-16,ENSG00000185269.11
ENSG00000128011.4,40597.22105469694,-1.5819165284910581,4.996209830058208e-17,5.239450203432755e-16,ENSG00000128011.4
ENSG00000178803.10,13363.613661198691,-2.0114580312170967,5.24665212268265e-17,5.495661356526257e-16,ENSG00000178803.10
ENSG00000170498.8,1538.6668887018643,-2.779825895344047,5.5168394337420797e-17,5.768569344967024e-16,ENSG00000170498.8
ENSG00000143473.12,42257.261648737,-2.862380612827167,5.601879600421962e-17,5.847267345571335e-16,ENSG00000143473.12
ENSG00000127129.9,36653.06575069163,-2.389111929037916,5.651862180088588e-17,5.896009482402881e-16,ENSG00000127129.9
ENSG00000179292.4,2812.5403700926145,-4.042143721248114,5.805674032162463e-17,6.049431426195765e-16,ENSG00000179292.4
ENSG00000266524.2,16998.89812130042,3.055942459981653,5.861650686957831e-17,6.093603608116128e-16,ENSG00000266524.2
ENSG00000204832.9,33502.28920011258,-3.478740348533622,5.861631718960741e-17,6.093603608116128e-16,ENSG00000204832.9
ENSG00000141294.9,31795.117326469564,-1.8357666044955854,5.872266510009466e-17,6.101104689583083e-16,ENSG00000141294.9
ENSG00000213231.12,2338.742054207929,-6.075406479061717,6.358562637437241e-17,6.583478903839378e-16,ENSG00000213231.12
ENSG00000281852.1,3207.506336324651,1.6893690310220895,6.412485246121529e-17,6.627835413085173e-16,ENSG00000281852.1
ENSG00000073282.12,125295.38750654238,2.5221152965344396,6.667671630156903e-17,6.879702821156142e-16,ENSG00000073282.12
ENSG00000170684.8,36121.54337632883,-1.6396728215523695,6.854966640231277e-17,7.060773043953491e-16,ENSG00000170684.8
ENSG00000143412.9,217815.12500958558,-2.0163708847572694,7.159336362194572e-17,7.361602999819897e-16,ENSG00000143412.9
ENSG00000101194.17,58816.401844575674,-2.161790863229044,8.367406059704903e-17,8.554778742409405e-16,ENSG00000101194.17
ENSG00000223573.6,92749.96809105555,-2.5442234690917083,8.956079084721627e-17,9.135811655324625e-16,ENSG00000223573.6
ENSG00000123119.11,19512.96586944014,2.0505190888823432,9.407159975232143e-17,9.58504664597333e-16,ENSG00000123119.11
ENSG00000185518.11,18101.998374550887,2.0509096332209085,9.630523873549242e-17,9.790396026237621e-16,ENSG00000185518.11
ENSG00000139890.9,9939.515778363993,-1.8624810988193166,9.751710831165038e-17,9.907981168946447e-16,ENSG00000139890.9
ENSG00000167644.11,124046.12421591746,-2.6317550878543288,1.0711998838753144e-16,1.0852930274632844e-15,ENSG00000167644.11
ENSG00000183734.4,26002.31310440125,-2.393595750632755,1.1519136613992366e-16,1.1624739497461475e-15,ENSG00000183734.4
ENSG00000205364.3,15219.990034577206,2.232327222678508,1.1674316425069482e-16,1.1761496890231427e-15,ENSG00000205364.3
ENSG00000130822.15,15418.444529507215,-2.4340204409164774,1.1990951381070938e-16,1.20737172071019e-15,ENSG00000130822.15
ENSG00000198125.12,144912.75476543664,-1.823899435674811,1.2362414843589414e-16,1.2433789772338836e-15,ENSG00000198125.12
ENSG00000188833.9,20381.62511676758,-2.6190222828289853,1.2388011039231755e-16,1.2452553617755483e-15,ENSG00000188833.9
ENSG00000163618.17,5380.303855588554,-2.265608231931759,1.341934115994246e-16,1.346662407342548e-15,ENSG00000163618.17
ENSG00000168427.8,4422.183647190904,2.354346115044038,1.4557201239768444e-16,1.4543422151735254e-15,ENSG00000168427.8
ENSG00000277893.1,3892.6155196847976,-2.6870153780341477,1.4550311005659636e-16,1.4543422151735254e-15,ENSG00000277893.1
ENSG00000080293.9,663.1881442828917,2.7854990353543285,1.4682365999366157e-16,1.4652152009267351e-15,ENSG00000080293.9
ENSG00000187037.8,7463.791011598177,-1.992374381389169,1.5043086901714708e-16,1.4995450459859278e-15,ENSG00000187037.8
ENSG00000235875.3,813.308329953745,2.324758259185611,1.5222100608052704e-16,1.516547202722319e-15,ENSG00000235875.3
ENSG00000109339.19,56616.44506862505,1.987152943627155,1.545404242490466e-16,1.538800683851633e-15,ENSG00000109339.19
ENSG00000065618.18,351338.22211296606,2.839799765543121,1.559247749785237e-16,1.551723925368636e-15,ENSG00000065618.18
ENSG00000109610.5,139005.63075710807,2.133070279661326,1.5930862876280138e-16,1.5836425074188063e-15,ENSG00000109610.5
ENSG00000099617.3,641.7711663874621,-5.456553462843492,1.7483867111620297e-16,1.73035315821182e-15,ENSG00000099617.3
ENSG00000187559.5,879.5404541764028,-2.0901959287634355,1.8870303594233967e-16,1.864481593564648e-15,ENSG00000187559.5
ENSG00000100276.9,6412.683550195244,1.7954251858571066,2.0271451546206331e-16,1.99742259798781e-15,ENSG00000100276.9
ENSG00000185739.13,5921.268335830637,1.6722538620243868,2.080971764723485e-16,2.045965828736082e-15,ENSG00000185739.13
ENSG00000159217.9,2177.960670051809,-3.160950536610156,2.0834222404372044e-16,2.047253300118552e-15,ENSG00000159217.9
ENSG00000091704.9,1542.4346018924455,4.146265959262544,2.1159103869458507e-16,2.0769026298123306e-15,ENSG00000091704.9
ENSG00000238078.1,1135.3690646244338,1.840455827875948,2.2007830949428748e-16,2.1566712764915346e-15,ENSG00000238078.1
ENSG00000197766.7,318072.8768309035,2.655554291169829,2.7241270159143027e-16,2.6478337511674072e-15,ENSG00000197766.7
ENSG00000224577.1,4984.873131479522,-2.3204990994034795,2.748270854590698e-16,2.668410386575806e-15,ENSG00000224577.1
ENSG00000140937.13,810817.1887818879,-1.5017545591677626,2.7608664644105785e-16,2.6791902093520285e-15,ENSG00000140937.13
ENSG00000152580.8,86184.82860319708,2.2307719391543173,2.8100080495544517e-16,2.7239316279392505e-15,ENSG00000152580.8
ENSG00000061656.9,29930.555253722545,-1.6472979647063632,2.8091032817453924e-16,2.7239316279392505e-15,ENSG00000061656.9
ENSG00000116741.7,231115.62407012717,1.947630333479999,2.9563761841267203e-16,2.8565566974574984e-15,ENSG00000116741.7
ENSG00000101883.4,970.0392310181401,2.599691723793008,2.9733022225963537e-16,2.8698204292655394e-15,ENSG00000101883.4
ENSG00000162746.14,24465.96829053882,-2.7316436818022707,3.0039692019285295e-16,2.8947486246081422e-15,ENSG00000162746.14
ENSG00000127528.5,200146.6373672273,1.5285669357914204,3.106241564885518e-16,2.9884875280826194e-15,ENSG00000127528.5
ENSG00000160349.9,200.03419108881639,-4.745351939497171,3.1595927852348603e-16,3.036559900667868e-15,ENSG00000160349.9
ENSG00000130701.3,46304.49620730157,-1.5732515597587506,3.3211046899148166e-16,3.176470226606693e-15,ENSG00000130701.3
ENSG00000171126.7,3268.0163139541983,-2.841161661992194,3.744761318851638e-16,3.570257829126192e-15,ENSG00000171126.7
ENSG00000168743.12,1051018.4800860276,-1.967511268314293,3.978721057126026e-16,3.783264013143205e-15,ENSG00000168743.12
ENSG00000157111.12,2578.7829351858363,-2.7030550762274563,4.056506259204355e-16,3.855184947505494e-15,ENSG00000157111.12
ENSG00000145244.11,36106.303196119035,-2.0380066426720655,4.142324399849923e-16,3.933918447798399e-15,ENSG00000145244.11
ENSG00000177380.13,89225.58948478139,-1.6030142389778943,4.1776095508342267e-16,3.957700536991475e-15,ENSG00000177380.13
ENSG00000189056.13,32457.62046398283,2.80726078858655,4.2208049854558825e-16,3.99229856900553e-15,ENSG00000189056.13
ENSG00000157193.15,84401.61293428746,-1.661030720211464,4.4229098203865595e-16,4.1768563635366335e-15,ENSG00000157193.15
ENSG00000099769.5,27303.983635464796,-2.8993916395589348,4.42173287391894e-16,4.1768563635366335e-15,ENSG00000099769.5
ENSG00000186417.13,26196.129002989066,2.189827008361045,4.816260665862344e-16,4.536386620869714e-15,ENSG00000186417.13
ENSG00000182379.9,41210.551154975976,-2.721565595465486,4.870680774661984e-16,4.585237415517312e-15,ENSG00000182379.9
ENSG00000108342.12,2511.2824481876905,4.895521296855266,4.888779645587075e-16,4.599862253842102e-15,ENSG00000108342.12
ENSG00000172318.5,4670.214886735443,2.896406442140106,5.201371723299976e-16,4.8862938655063604e-15,ENSG00000172318.5
ENSG00000213937.3,8105.168631168663,-2.5244789386477837,5.253023212454214e-16,4.929654576415584e-15,ENSG00000213937.3
ENSG00000057593.13,46568.36754356883,-2.813592748177609,5.78583168287811e-16,5.42115811414527e-15,ENSG00000057593.13
ENSG00000137142.4,2758.4307590876456,-3.047840556855102,5.792912452068676e-16,5.424959714377257e-15,ENSG00000137142.4
ENSG00000162891.10,25110.576021902285,-3.7334389648438884,5.823206281132864e-16,5.45048462714486e-15,ENSG00000162891.10
ENSG00000127084.17,336476.6276005043,-2.03628556383989,6.17194189597015e-16,5.764870038489974e-15,ENSG00000127084.17
ENSG00000204866.8,7864.683968237754,-2.5715060383550803,6.310383725510377e-16,5.891114213674958e-15,ENSG00000204866.8
ENSG00000117472.9,582755.732745876,-2.6052302581350095,6.406184545038806e-16,5.971229573591236e-15,ENSG00000117472.9
ENSG00000164488.11,5230.857246975969,3.0919180204412875,6.536750915926e-16,6.083450294837149e-15,ENSG00000164488.11
ENSG00000184986.10,30046.338578448765,-1.763384165720768,6.618462721836345e-16,6.156302572208892e-15,ENSG00000184986.10
ENSG00000206538.8,115354.43558946475,1.7588943510509976,6.820429793315982e-16,6.3343153095998274e-15,ENSG00000206538.8
ENSG00000052344.15,1221423.8275791428,-1.518939157243509,6.944139098628945e-16,6.4458710732901785e-15,ENSG00000052344.15
ENSG00000183242.11,4381.947305025269,-4.094237856056216,6.991067832048571e-16,6.486077048110005e-15,ENSG00000183242.11
ENSG00000161328.10,53564.96691143656,-1.6507629546641578,7.075305274862139e-16,6.550681245967562e-15,ENSG00000161328.10
ENSG00000167861.15,899320.9422305136,-1.5590871219648201,7.760272105435729e-16,7.166369654546232e-15,ENSG00000167861.15
ENSG00000095587.8,5938.676900309317,-1.805031524953088,7.919441888125401e-16,7.309595977295991e-15,ENSG00000095587.8
ENSG00000124343.12,32537.437273981275,1.8188650982249983,8.2312435749947e-16,7.58957880093165e-15,ENSG00000124343.12
ENSG00000187140.5,4641.442972867732,-3.960363188706379,8.361058702336681e-16,7.701359152773464e-15,ENSG00000187140.5
ENSG00000163623.9,9735.902625602046,-2.5667103759392185,8.548717946122379e-16,7.867435762221656e-15,ENSG00000163623.9
ENSG00000139874.5,4003.0250846381236,2.3909795448846953,9.805971080372383e-16,8.999925273407758e-15,ENSG00000139874.5
ENSG00000196569.11,284306.03692618635,1.7722987728439834,9.9497740553837e-16,9.1225751597215e-15,ENSG00000196569.11
ENSG00000125845.6,19050.040742935784,2.153211968994286,1.0569173191708026e-15,9.665783617676713e-15,ENSG00000125845.6
ENSG00000122711.8,2557.4493268476313,-4.370171878787343,1.0782324266821797e-15,9.845661288528423e-15,ENSG00000122711.8
ENSG00000249917.2,3474.2740590321414,-2.644813044202046,1.1711364932698156e-15,1.065603554702855e-14,ENSG00000249917.2
ENSG00000198838.13,18170.162490011302,1.963025733269826,1.1786911223743286e-15,1.0719338473777282e-14,ENSG00000198838.13
ENSG00000100290.2,76155.13645084861,-1.5932645859601007,1.1891399962179248e-15,1.0808884980819769e-14,ENSG00000100290.2
ENSG00000265766.3,11516.876181267477,-3.7282998478220293,1.2289961505637846e-15,1.1159857251804649e-14,ENSG00000265766.3
ENSG00000143556.8,142659.18312367477,-5.518481728720209,1.330645158850378e-15,1.2052380658885578e-14,ENSG00000143556.8
ENSG00000152049.6,418590.0326880413,-2.579904499968312,1.4150108225775156e-15,1.2790699843581039e-14,ENSG00000152049.6
ENSG00000171502.14,17433.247568942224,-1.5129388987196213,1.4529975777914709e-15,1.3127459989079738e-14,ENSG00000171502.14
ENSG00000176887.6,87734.93082558572,-3.038862196634294,1.4876401230765485e-15,1.3426924913663234e-14,ENSG00000176887.6
ENSG00000236404.8,20138.12983428884,1.7024177719356408,1.5737571845896516e-15,1.4175665242516124e-14,ENSG00000236404.8
ENSG00000198681.6,5399.94560866599,-7.670090477469046,1.6170047817209797e-15,1.452875152649952e-14,ENSG00000198681.6
ENSG00000128578.9,19855.24507031957,-1.5411090450819587,1.6358916769527093e-15,1.4691093273054285e-14,ENSG00000128578.9
ENSG00000153976.2,8440.396339770432,-1.6872719765311501,1.9305502924145685e-15,1.72681275657002e-14,ENSG00000153976.2
ENSG00000138678.10,34225.68397302151,1.852677607678024,1.9462697551339383e-15,1.7391393534047935e-14,ENSG00000138678.10
ENSG00000127585.11,182088.8665845357,-1.9444625599599277,1.96765724720275e-15,1.7538834568583676e-14,ENSG00000127585.11
ENSG00000228630.5,40679.33232559037,-2.9605254958143443,1.9858711742734294e-15,1.7692396464740883e-14,ENSG00000228630.5
ENSG00000268964.1,1704.206819565555,-6.077876025417954,1.9882348727150055e-15,1.7704664179218532e-14,ENSG00000268964.1
ENSG00000132821.11,34402.85842918375,-2.8814432512753765,2.0958478216942937e-15,1.864442115253382e-14,ENSG00000132821.11
ENSG00000102854.15,53318.59967153849,-3.8087886449533217,2.1506662711265555e-15,1.9122599059873035e-14,ENSG00000102854.15
ENSG00000075886.10,29128.958150041304,-2.922615436835803,2.1928405822569924e-15,1.9478286419523372e-14,ENSG00000075886.10
ENSG00000106714.17,18254.868535778838,2.304370688696132,2.215710033771409e-15,1.9661960997013053e-14,ENSG00000106714.17
ENSG00000233198.3,2675.2323459129916,-2.089639400995682,2.2153853428487632e-15,1.9661960997013053e-14,ENSG00000233198.3
ENSG00000175315.2,21279.42287255963,-2.504151297593247,2.3072361733260635e-15,2.0443821559501016e-14,ENSG00000175315.2
ENSG00000154451.14,162460.32280613226,-2.353708624074777,2.3431331054894686e-15,2.0741409625948463e-14,ENSG00000154451.14
ENSG00000101445.9,84540.75243051343,1.7124882263326033,2.3957015987491088e-15,2.1196288849287603e-14,ENSG00000101445.9
ENSG00000183287.13,11599.834941239915,2.0421314504420174,2.4070288827804067e-15,2.1286012441463203e-14,ENSG00000183287.13
ENSG00000253161.5,6018.00047614948,-1.9324899922125607,2.448208182168058e-15,2.162885249268413e-14,ENSG00000253161.5
ENSG00000108813.10,11519.54451924877,-2.2129753725972976,2.460674416351961e-15,2.1728287919588207e-14,ENSG00000108813.10
ENSG00000139572.3,10874.231588969198,-1.7226730845749554,2.5021001241546686e-15,2.2050679041113565e-14,ENSG00000139572.3
ENSG00000101850.12,30931.987266577777,-1.772796855565044,2.5020726932144488e-15,2.2050679041113565e-14,ENSG00000101850.12
ENSG00000038427.15,2599471.002493603,-1.613272561823496,2.5553819428584858e-15,2.249814435756124e-14,ENSG00000038427.15
ENSG00000164935.6,5754.7137562369135,-2.3046524336323415,2.565734091329564e-15,2.257820833777654e-14,ENSG00000164935.6
ENSG00000182732.16,9483.895252537715,2.454969342329355,2.5966676273065797e-15,2.2828029023401256e-14,ENSG00000182732.16
ENSG00000170271.10,195956.82922529324,1.8424380568733307,2.612008890575891e-15,2.2940418758493984e-14,ENSG00000170271.10
ENSG00000235304.1,1027.493195577745,-4.044125088702185,2.6821780959365843e-15,2.3545167111247617e-14,ENSG00000235304.1
ENSG00000159261.10,3861.140829914919,-2.0547507768494464,2.786784195772876e-15,2.4427586138130294e-14,ENSG00000159261.10
ENSG00000128045.6,50082.96252846525,-1.7082194750070117,2.8892235360403306e-15,2.530079936904424e-14,ENSG00000128045.6
ENSG00000213145.9,1683618.8017573745,-2.0943236572053636,3.1761679729572018e-15,2.7624809471047538e-14,ENSG00000213145.9
ENSG00000108688.11,3046.5677267559554,-4.486006932773849,3.1746616022923993e-15,2.7624809471047538e-14,ENSG00000108688.11
ENSG00000197696.9,36022.13974760207,1.6550900614216213,3.2981999439066864e-15,2.867228759375856e-14,ENSG00000197696.9
ENSG00000154118.12,8633.222205544538,-2.415266959999216,3.708182789722875e-15,3.2111932333975656e-14,ENSG00000154118.12
ENSG00000182566.13,1407.1075433545436,3.7375949342003842,3.883984830246584e-15,3.36181089286611e-14,ENSG00000182566.13
ENSG00000157168.18,39677.61310037857,2.3179170315956843,3.9335901433160305e-15,3.401465442964797e-14,ENSG00000157168.18
ENSG00000101098.12,208858.93756797013,-2.9630322269635423,4.057584199009967e-15,3.503620465969001e-14,ENSG00000101098.12
ENSG00000074370.17,612485.4090573753,-1.7833137955724092,4.075113289515884e-15,3.5153729689318995e-14,ENSG00000074370.17
ENSG00000149488.12,1609.8307270750697,2.2719490200776082,4.096084373854795e-15,3.531765589624055e-14,ENSG00000149488.12
ENSG00000229637.3,1833.2907127785152,-6.354310187708793,4.208408818337583e-15,3.625131033482058e-14,ENSG00000229637.3
ENSG00000135638.13,15053.927979673459,-3.40534988407755,4.2952248517817894e-15,3.6910545744981155e-14,ENSG00000135638.13
ENSG00000163462.17,30304.34854377969,-1.6423422648981667,4.2990757746135824e-15,3.692595338625731e-14,ENSG00000163462.17
ENSG00000235904.2,973.3586477065863,2.5656650929042075,4.3384457179930875e-15,3.7228470357699657e-14,ENSG00000235904.2
ENSG00000077935.16,12750.037343679416,-2.792503197363445,4.539676334701956e-15,3.893662164127973e-14,ENSG00000077935.16
ENSG00000154175.16,204779.16024616154,1.9885054896191643,4.6916092359526165e-15,4.0086449771760854e-14,ENSG00000154175.16
ENSG00000166257.8,10289.340843836802,2.072176660748899,4.833980980237001e-15,4.126361595071004e-14,ENSG00000166257.8
ENSG00000070886.11,5638.334932746658,-3.6057891269208997,5.134402213301566e-15,4.3703310679919356e-14,ENSG00000070886.11
ENSG00000204140.9,11363.24876575497,-3.006738118726819,5.158345789540494e-15,4.3865496920248854e-14,ENSG00000204140.9
ENSG00000115295.19,122357.47624239039,1.6181093789721155,5.3899568773473096e-15,4.574834259708741e-14,ENSG00000115295.19
ENSG00000117152.13,79165.7978301566,-1.901977162345343,5.455132211901178e-15,4.6257768089859563e-14,ENSG00000117152.13
ENSG00000112902.11,285903.4057972209,1.5107140406373791,5.543322566380115e-15,4.696120718062248e-14,ENSG00000112902.11
ENSG00000156564.8,5330.497579938156,-2.6004278121390176,5.606190059907331e-15,4.7448994455149645e-14,ENSG00000156564.8
ENSG00000105613.9,11749.007253191794,-2.3731898820704074,5.735934762144854e-15,4.847851033309708e-14,ENSG00000105613.9
ENSG00000233532.5,1782.7852853037857,-2.738257251859801,5.730535125863203e-15,4.847851033309708e-14,ENSG00000233532.5
ENSG00000211897.8,3159433.4354309705,-3.0749003890580244,5.78877882672849e-15,4.890209909980663e-14,ENSG00000211897.8
ENSG00000160472.4,1556.08558305435,-2.285964145863097,5.850263318364916e-15,4.9373257187733146e-14,ENSG00000160472.4
ENSG00000261456.5,3776.259825052208,-1.8629961941174713,5.989905416786302e-15,5.0482326394268024e-14,ENSG00000261456.5
ENSG00000260314.2,94977.12965190232,2.0100589885673177,6.136953186192861e-15,5.167308823081112e-14,ENSG00000260314.2
ENSG00000105255.10,4416.224239332415,-2.9493727232804146,6.478312989487387e-15,5.447065134506663e-14,ENSG00000105255.10
ENSG00000273514.1,765.890288149176,-2.3074808872880417,6.4839075062589294e-15,5.449215568374893e-14,ENSG00000273514.1
ENSG00000251493.4,13234.584951165934,-2.991706912886831,6.640255727990568e-15,5.575391133707757e-14,ENSG00000251493.4
ENSG00000055163.19,280859.9612025736,-1.5841533731250252,6.8235663755731126e-15,5.723948175638539e-14,ENSG00000055163.19
ENSG00000121743.3,1881.6078799691109,-2.4838446257766456,7.757473429536267e-15,6.48009058408609e-14,ENSG00000121743.3
ENSG00000111339.10,4121.752918350178,2.6371147838555142,7.920981149857121e-15,6.613595382591268e-14,ENSG00000111339.10
ENSG00000178445.9,37241.01012005957,-3.1693571060326153,9.284379949325506e-15,7.708913902394612e-14,ENSG00000178445.9
ENSG00000161270.19,1690.6468529523463,-3.255613745308947,9.665550349743624e-15,8.010575978080824e-14,ENSG00000161270.19
ENSG00000176532.3,204138.47005699237,-2.1488446049989482,9.759512919561652e-15,8.080984786141887e-14,ENSG00000176532.3
ENSG00000079102.16,48763.990305231935,1.6007797744471202,9.802982370256786e-15,8.109493437967613e-14,ENSG00000079102.16
ENSG00000158458.19,13178.454305935402,2.40587481410636,1.018563482689802e-14,8.406662635650007e-14,ENSG00000158458.19
ENSG00000138315.12,1459.4373232830537,-2.084894737295736,1.0386311629061166e-14,8.560477242087483e-14,ENSG00000138315.12
ENSG00000111404.6,12227.236258479952,2.895459378212765,1.0393101597300279e-14,8.562140585875065e-14,ENSG00000111404.6
ENSG00000231651.1,1917.9807407351839,-1.8134209882394927,1.0767893887636532e-14,8.854643447564725e-14,ENSG00000231651.1
ENSG00000039537.13,19236.770693571638,3.3531580022823055,1.0925085160433303e-14,8.975677794581261e-14,ENSG00000039537.13
ENSG00000162006.9,1353.8629568115396,-4.164448639522863,1.1048550386098512e-14,9.068807848937127e-14,ENSG00000162006.9
ENSG00000177301.14,6900.832911812246,2.5921656332830514,1.1198193905509637e-14,9.187434533450363e-14,ENSG00000177301.14
ENSG00000256508.2,840.6882836461683,2.3519869214742752,1.2308652672049228e-14,1.0070868896241647e-13,ENSG00000256508.2
ENSG00000115380.19,776254.9252722994,1.8151658091531975,1.297055549515461e-14,1.059311230084475e-13,ENSG00000115380.19
ENSG00000188133.5,1840.4977707018097,-3.8092249347773848,1.2997460329321461e-14,1.0610256173294584e-13,ENSG00000188133.5
ENSG00000116329.10,19076.919506906648,-2.6232067585767447,1.3224055322172277e-14,1.0775623280914494e-13,ENSG00000116329.10
ENSG00000168243.10,65214.17074992958,-3.047393592990274,1.3812386094451807e-14,1.1219359153134847e-13,ENSG00000168243.10
ENSG00000183709.7,338.1948082600057,-5.894224611062924,1.4148248438308873e-14,1.1486969308985345e-13,ENSG00000183709.7
ENSG00000116147.16,5169.053723195503,-2.3094379632642497,1.4219392055974636e-14,1.1539509346917813e-13,ENSG00000116147.16
ENSG00000163145.12,20722.509450283567,2.2799321095046885,1.4513341977574417e-14,1.1767415052129137e-13,ENSG00000163145.12
ENSG00000002726.20,14422.284003084484,-2.801648476866049,1.4520247097121886e-14,1.176769619077046e-13,ENSG00000002726.20
ENSG00000117707.15,22602.854421661217,2.126273217004914,1.5137068752026945e-14,1.2217922834800696e-13,ENSG00000117707.15
ENSG00000188624.2,1879.225376515568,-4.094407807951243,1.5505622527641416e-14,1.2487315305811038e-13,ENSG00000188624.2
ENSG00000141741.11,511796.2873510179,-1.772090970997453,1.7582714980685573e-14,1.410942105985873e-13,ENSG00000141741.11
ENSG00000112530.11,4076.9238370493867,1.7508063774491216,1.760204056950238e-14,1.4118614838559732e-13,ENSG00000112530.11
ENSG00000164619.8,12335.070221076136,2.3567864541769947,1.799130951331997e-14,1.442439975860144e-13,ENSG00000164619.8
ENSG00000114378.16,18011.91294167707,1.6119690852451338,1.821329754154745e-14,1.4576324611417747e-13,ENSG00000114378.16
ENSG00000106211.8,2870484.028985521,-1.7087002727050182,1.8792786143454856e-14,1.5033391073205993e-13,ENSG00000106211.8
ENSG00000130226.16,4719.316353220766,3.1812788056179553,1.908579555862545e-14,1.524060657358329e-13,ENSG00000130226.16
ENSG00000205864.1,64.86140620581416,-6.465381931080701,1.9323412131826594e-14,1.5416628896459074e-13,ENSG00000205864.1
ENSG00000133687.15,239952.46530226915,1.971336645105927,1.9851551882546282e-14,1.5830950907934577e-13,ENSG00000133687.15
ENSG00000120471.15,5996.343511926858,2.3072237968700753,2.0718091683366456e-14,1.6485353395771368e-13,ENSG00000120471.15
ENSG00000170689.9,11001.496653824499,-2.1553671381134727,2.1335185466408384e-14,1.696133065236002e-13,ENSG00000170689.9
ENSG00000170298.15,9966.526243429254,-2.2291376635791007,2.233920607240893e-14,1.7735945776868738e-13,ENSG00000170298.15
ENSG00000278249.1,6223.536709806817,-3.297662249796621,2.369356432119032e-14,1.877798695296457e-13,ENSG00000278249.1
ENSG00000188783.5,472375.1576193199,1.9430343342763012,2.3953096629302812e-14,1.8975294164219883e-13,ENSG00000188783.5
ENSG00000149596.6,41181.60701881625,2.027341406960075,2.4662979366837028e-14,1.9520416355498756e-13,ENSG00000149596.6
ENSG00000260220.6,4019.2014025481367,-3.1920111104601925,2.6590269786300006e-14,2.1008771940800573e-13,ENSG00000260220.6
ENSG00000198010.12,1613.7378000514452,2.132149903198841,2.8092782262216495e-14,2.2137408525733447e-13,ENSG00000198010.12
ENSG00000224958.5,1008.2088730326678,3.8195327667271384,2.8578803066698843e-14,2.2500634639130205e-13,ENSG00000224958.5
ENSG00000010030.13,36347.491091873,-1.7513888670861155,2.9158961376494277e-14,2.2937275053855186e-13,ENSG00000010030.13
ENSG00000137571.10,9572.844260832553,-2.2985787613587663,2.963262203797377e-14,2.329965544379331e-13,ENSG00000137571.10
ENSG00000185933.6,1491.8535926344327,-2.8016638863409105,3.2549812344110284e-14,2.5515128129767185e-13,ENSG00000185933.6
ENSG00000153294.11,3391.938451850309,-3.2645373256333405,3.4464113444497406e-14,2.698034849627474e-13,ENSG00000153294.11
ENSG00000269416.5,6445.21115473379,-3.4949585212622933,4.10096113667949e-14,3.1881952199064163e-13,ENSG00000269416.5
ENSG00000197635.9,73685.80318640967,1.6650319520235453,4.131484067451759e-14,3.209143663302464e-13,ENSG00000197635.9
ENSG00000116996.9,252.14781794749982,-6.968750568194899,4.16061406229984e-14,3.2303720519189106e-13,ENSG00000116996.9
ENSG00000154928.16,35660.29774868019,2.1092300910383357,4.1902360154805636e-14,3.2519638765470484e-13,ENSG00000154928.16
ENSG00000181847.11,41675.32924205599,-2.132376736426165,4.2260816393430416e-14,3.276948265113751e-13,ENSG00000181847.11
ENSG00000120645.11,14655.998852124836,1.7738543964125224,4.269039676918624e-14,3.308828463194422e-13,ENSG00000120645.11
ENSG00000111674.8,279285.20304716326,-1.5961719783171286,4.374060528240555e-14,3.388763733083777e-13,ENSG00000111674.8
ENSG00000107593.16,2198.4872903638466,-1.6774486749693616,4.408429519456695e-14,3.412443954599287e-13,ENSG00000107593.16
ENSG00000185897.6,1209.2170330062538,2.4331227033243996,4.420155183046011e-14,3.420045038783725e-13,ENSG00000185897.6
ENSG00000215386.11,22840.61190982641,1.7791897524135816,4.481264448473856e-14,3.4643398534668847e-13,ENSG00000215386.11
ENSG00000204176.13,17870.17125302423,1.527796560929658,4.64816201006902e-14,3.5887250837637015e-13,ENSG00000204176.13
ENSG00000053747.15,376067.24831740774,1.8558620745047014,4.7430472553916604e-14,3.6556914477445257e-13,ENSG00000053747.15
ENSG00000124140.13,7801.897450227077,-2.09392651568972,4.8518945960210826e-14,3.7331708720585884e-13,ENSG00000124140.13
ENSG00000147257.13,247289.36475758592,2.3865486209450184,4.9304307371223114e-14,3.791972512481167e-13,ENSG00000147257.13
ENSG00000162706.12,35876.350308074885,2.4003386739344634,5.0605195044786573e-14,3.887024891646428e-13,ENSG00000162706.12
ENSG00000187193.8,228672.0765073011,1.7455583785656965,5.3738241088215703e-14,4.117101878077943e-13,ENSG00000187193.8
ENSG00000188816.3,880.6373191378193,-6.6012302276970924,5.617618291125041e-14,4.29837633252267e-13,ENSG00000188816.3
ENSG00000146005.3,3973.5647690968212,1.9891584449063409,5.735854573723543e-14,4.386975218087022e-13,ENSG00000146005.3
ENSG00000186086.18,30470.85068260586,-3.303814821614969,5.86997276771338e-14,4.481070488386996e-13,ENSG00000186086.18
ENSG00000130055.13,3058.088259613673,-2.6852914877460665,6.652566091323434e-14,5.051502047254184e-13,ENSG00000130055.13
ENSG00000067715.13,199206.05206764018,-2.9588427860306523,6.751589859679156e-14,5.122358429269475e-13,ENSG00000067715.13
ENSG00000162482.4,203877.76936003633,-2.545271544463061,6.915212151118073e-14,5.237638312685166e-13,ENSG00000162482.4
ENSG00000148357.16,26027.99420202663,1.9384291029848728,7.06156619342611e-14,5.341723533248089e-13,ENSG00000148357.16
ENSG00000168124.2,166.01992761275375,-9.419901310255591,7.267004185769288e-14,5.483257195343075e-13,ENSG00000168124.2
ENSG00000118495.18,99068.553499861,1.535868393997051,7.306151880362549e-14,5.510478486311274e-13,ENSG00000118495.18
ENSG00000277027.1,50355.090171750766,-3.4944917646764155,7.542865454548533e-14,5.684234979040921e-13,ENSG00000277027.1
ENSG00000117525.13,168531.23384590517,1.6652105280705893,7.713833457232399e-14,5.805759803822187e-13,ENSG00000117525.13
ENSG00000147614.3,9471.091007292689,-2.2133446643084334,7.864449282204632e-14,5.91663788136678e-13,ENSG00000147614.3
ENSG00000111799.20,3321691.186725514,-1.5666132885210906,7.986005324395407e-14,6.000539930302629e-13,ENSG00000111799.20
ENSG00000164362.18,2270.312794910508,-2.627481590185262,8.459455157106522e-14,6.343000580190654e-13,ENSG00000164362.18
ENSG00000167011.8,320.82815670969325,-5.434786163743423,8.620709071594016e-14,6.450432980467532e-13,ENSG00000167011.8
ENSG00000055118.14,34236.47501872709,-2.6001947849284623,8.672545887217743e-14,6.483812118931165e-13,ENSG00000055118.14
ENSG00000157542.9,5239.647603394324,-2.8869143371821653,8.904370345181964e-14,6.643289692457379e-13,ENSG00000157542.9
ENSG00000169515.5,110711.75311677843,1.6858602522970707,9.2101816910096e-14,6.857190459825114e-13,ENSG00000169515.5
ENSG00000167653.4,52266.27319438414,-2.9835735341062954,9.411010888727448e-14,6.992205729873151e-13,ENSG00000167653.4
ENSG00000206113.10,8861.52405255175,-2.1355578163360627,9.43816429463442e-14,7.009477729247741e-13,ENSG00000206113.10
ENSG00000105976.14,190428.29698783555,1.6806658862877604,9.549851956344707e-14,7.086558877282592e-13,ENSG00000105976.14
ENSG00000146469.12,897.4967000204035,1.9686470107812564,1.0173098209694279e-13,7.512047531418262e-13,ENSG00000146469.12
ENSG00000143452.15,14532.924142063404,-4.250956216107639,1.105111697568248e-13,8.133313859502491e-13,ENSG00000143452.15
ENSG00000179636.14,2027.8970404454758,2.098075291522707,1.116518363386421e-13,8.213894626585713e-13,ENSG00000179636.14
ENSG00000137563.11,198489.94914129935,-1.754501744200872,1.1817770563999027e-13,8.679748556276485e-13,ENSG00000137563.11
ENSG00000180549.7,5366.784381449616,-1.920370545487249,1.2177770233583165e-13,8.925887716551583e-13,ENSG00000180549.7
ENSG00000089692.8,32879.33270490751,-2.0136401756694013,1.287731516474776e-13,9.407885423496297e-13,ENSG00000089692.8
ENSG00000198759.11,53255.26702360604,2.3742045095312014,1.3594312460517028e-13,9.903481464841943e-13,ENSG00000198759.11
ENSG00000237512.6,1878.7456014041275,-1.9330006249803664,1.3870400026569294e-13,1.009181456144038e-12,ENSG00000237512.6
ENSG00000154027.18,112522.51291574584,2.365033285848771,1.4542446953404103e-13,1.0568453855201695e-12,ENSG00000154027.18
ENSG00000278558.4,5929.686913026643,-1.556686045388958,1.5216810354235494e-13,1.1040648127215828e-12,ENSG00000278558.4
ENSG00000172987.12,11458.200859734758,2.867305403147628,1.6419299981259706e-13,1.1879495950150923e-12,ENSG00000172987.12
ENSG00000228278.3,17012.623855478178,-3.53021510422844,1.7484328097050518e-13,1.2594191049593636e-12,ENSG00000228278.3
ENSG00000125813.13,4833.936090898436,-3.383689518898445,1.7894564750199858e-13,1.2863869203238625e-12,ENSG00000125813.13
ENSG00000185070.10,109143.37791271211,1.622565097615575,1.8703029553003326e-13,1.3412808124282122e-12,ENSG00000185070.10
ENSG00000185352.8,72772.93915493881,-2.8316489740233735,1.9739645192930454e-13,1.413925962861282e-12,ENSG00000185352.8
ENSG00000124171.8,306266.14157872036,-1.9546424860367344,2.0851329638073532e-13,1.4899856937313954e-12,ENSG00000124171.8
ENSG00000113763.10,44973.111903656725,-2.421304432055051,2.1363104106085601e-13,1.5247341964021237e-12,ENSG00000113763.10
ENSG00000102109.8,26050.042519257808,-3.3814656513923347,2.169834844127111e-13,1.5474303103407294e-12,ENSG00000102109.8
ENSG00000181778.4,714.284090733321,3.196516118350118,2.28312732073239e-13,1.623708026789587e-12,ENSG00000181778.4
ENSG00000234965.2,823.2738874692888,-3.280472009171749,2.323300565291761e-13,1.6516236942563417e-12,ENSG00000234965.2
ENSG00000137648.17,50727.2172475868,-3.2703963911128646,2.430426480932971e-13,1.7230004878459226e-12,ENSG00000137648.17
ENSG00000153291.15,23178.32941555436,1.7390811775394168,2.462171827437037e-13,1.7441274812357975e-12,ENSG00000153291.15
ENSG00000109906.13,36705.93361441464,2.7793491608481187,2.467281611874086e-13,1.747057378131678e-12,ENSG00000109906.13
ENSG00000119508.17,46022.97965721905,1.905702117697618,2.4872227159534517e-13,1.759788532821482e-12,ENSG00000119508.17
ENSG00000169495.4,4092.284138510245,-1.9540517851939523,2.600876365242595e-13,1.835858561036502e-12,ENSG00000169495.4
ENSG00000272573.5,13828.981299119352,1.5588663097824607,2.6324314685481556e-13,1.8559417618923204e-12,ENSG00000272573.5
ENSG00000146216.11,4141.622993677501,-1.8801785581154926,2.6436571365549524e-13,1.8631241163081507e-12,ENSG00000146216.11
ENSG00000275896.5,3917.7669601116013,-3.7424092115965872,2.672826709306825e-13,1.8822028903097474e-12,ENSG00000275896.5
ENSG00000168824.14,22280.882550586728,2.122298317216205,2.7086142552699345e-13,1.9066561625071963e-12,ENSG00000168824.14
ENSG00000213088.9,186685.78483571263,2.462923351806254,2.8504954107413557e-13,2.0033857875022384e-12,ENSG00000213088.9
ENSG00000166268.10,6771.182176631576,-2.0893511046157176,2.985695150203459e-13,2.095943978094705e-12,ENSG00000166268.10
ENSG00000137077.7,91243.2163888843,2.586207343726615,3.0813960318920435e-13,2.1614342846066822e-12,ENSG00000137077.7
ENSG00000122756.14,45922.26156454715,2.6266423868704667,3.10199316276307e-13,2.1750317827064384e-12,ENSG00000122756.14
ENSG00000068078.17,176679.3444925819,-2.1488258793860058,3.273959083990837e-13,2.2911329112343052e-12,ENSG00000068078.17
ENSG00000151882.11,207599.16185816866,2.2229665966367653,3.3580501945885623e-13,2.3481486610094535e-12,ENSG00000151882.11
ENSG00000175175.5,20510.90991049742,-2.033046784401525,3.457825463421946e-13,2.414154174715174e-12,ENSG00000175175.5
ENSG00000198569.9,1555.3567874446987,-2.066218201440411,3.5679581600804557e-13,2.4862086705368398e-12,ENSG00000198569.9
ENSG00000170558.8,47635.65837405404,-2.064004753870055,3.578309810798701e-13,2.4905202845291347e-12,ENSG00000170558.8
ENSG00000186603.5,15718.1711441994,-2.4791407489787125,3.7089357709215504e-13,2.575442513066772e-12,ENSG00000186603.5
ENSG00000181418.7,3464.3290985852764,-2.5036785990628925,4.051606220126139e-13,2.8047056484461154e-12,ENSG00000181418.7
ENSG00000128591.15,90576.7818822193,1.5156179563770091,4.066724179000658e-13,2.814085304427644e-12,ENSG00000128591.15
ENSG00000008056.13,17109.15195935892,-2.0637582623189448,4.4884980686593274e-13,3.0940115576624783e-12,ENSG00000008056.13
ENSG00000090932.10,4259.313180725111,-3.293842213997162,4.671194041992432e-13,3.2162407787977818e-12,ENSG00000090932.10
ENSG00000251191.7,1533.740773228752,-3.15253552514403,5.054770199315293e-13,3.4670390552872444e-12,ENSG00000251191.7
ENSG00000213199.7,12263.745972776125,-1.7148835730345904,5.514529531117963e-13,3.7679818498419505e-12,ENSG00000213199.7
ENSG00000081138.13,8123.907228807477,-3.770495388398309,5.944833194873775e-13,4.051201747649834e-12,ENSG00000081138.13
ENSG00000241158.5,9786.683067385959,1.9710392188960604,6.05735999291734e-13,4.1263177810522334e-12,ENSG00000241158.5
ENSG00000105894.11,237879.33299972917,2.3074356730540457,6.193303788685481e-13,4.214124000014546e-12,ENSG00000105894.11
ENSG00000164796.17,3839.355626210937,-3.874338637604366,6.200808372821566e-13,4.217630956540461e-12,ENSG00000164796.17
ENSG00000122584.12,27346.378932109772,-5.150028888490732,6.268245066216626e-13,4.258656615794204e-12,ENSG00000122584.12
ENSG00000151025.9,16767.31735705486,-2.6425912361122523,6.503960938718039e-13,4.412119891244528e-12,ENSG00000151025.9
ENSG00000142611.16,8610.71325649063,1.5625327907042437,6.524095599679299e-13,4.424106097696359e-12,ENSG00000142611.16
ENSG00000052850.5,20885.51618657541,2.3628037787357257,6.686713778576099e-13,4.532667371703473e-12,ENSG00000052850.5
ENSG00000003137.8,46485.145879684605,1.8591075705861118,6.923924904606719e-13,4.677559659764998e-12,ENSG00000003137.8
ENSG00000115593.14,14568.569892855421,4.062193740880668,7.040512082828594e-13,4.7509555585631236e-12,ENSG00000115593.14
ENSG00000017483.14,44762.648289085046,-1.5580554230064099,7.317412420936394e-13,4.932243841805474e-12,ENSG00000017483.14
ENSG00000152578.12,16401.318886078872,3.11949706286017,7.605465012584239e-13,5.1206325974033396e-12,ENSG00000152578.12
ENSG00000139219.17,364946.9390278846,-3.7516508981270578,7.839764460485551e-13,5.268497891928548e-12,ENSG00000139219.17
ENSG00000135750.14,160959.96725737958,-1.9501347536572127,8.170681317820061e-13,5.484718850940717e-12,ENSG00000135750.14
ENSG00000047936.10,2224.967727461785,-3.828980187494138,8.306270570661879e-13,5.5736504431333625e-12,ENSG00000047936.10
ENSG00000109061.9,4783.101224388904,2.7052519140550033,8.483846643947259e-13,5.686427356456693e-12,ENSG00000109061.9
ENSG00000188064.9,121171.09594112911,-1.800538498569885,9.332347148149778e-13,6.227233353635235e-12,ENSG00000188064.9
ENSG00000167371.17,52947.77006584777,-1.7936953349372826,9.513863673102132e-13,6.343636413469772e-12,ENSG00000167371.17
ENSG00000075213.10,23218.19812096065,1.5955294358389813,9.726950643955487e-13,6.4784957462692384e-12,ENSG00000075213.10
ENSG00000168546.10,9511.136734208334,2.084310506622148,9.90311177028987e-13,6.581167944233745e-12,ENSG00000168546.10
ENSG00000170382.11,175274.1076659472,-1.5383440075351,1.1409398175859718e-12,7.548629478962053e-12,ENSG00000170382.11
ENSG00000132677.12,5714.32631787961,-2.2363929496999657,1.1748526628367333e-12,7.764413012625969e-12,ENSG00000132677.12
ENSG00000166959.7,6481.318421976815,-3.6554359443311086,1.1790863663658315e-12,7.786656853773322e-12,ENSG00000166959.7
ENSG00000146648.17,393957.5185862367,1.919067695566619,1.1951278464887954e-12,7.886788874420175e-12,ENSG00000146648.17
ENSG00000105880.4,11025.131669381708,-2.147449665665422,1.4934404363956123e-12,9.779854653374625e-12,ENSG00000105880.4
ENSG00000231806.2,4761.04521694934,-2.0451851423140552,1.5188372491653419e-12,9.942538037859806e-12,ENSG00000231806.2
ENSG00000175920.16,48018.292692983385,-2.399763396033164,1.6402833390897838e-12,1.0714089535234071e-11,ENSG00000175920.16
ENSG00000263639.5,35002.115156101936,-3.272629861223123,1.674681092027108e-12,1.0926837394269963e-11,ENSG00000263639.5
ENSG00000164007.10,8972.59977522268,3.195076715784703,1.7256455272003393e-12,1.1238932012542899e-11,ENSG00000164007.10
ENSG00000124491.15,355761.3911017957,1.6303085352419444,1.7783288986846929e-12,1.1561070807644727e-11,ENSG00000124491.15
ENSG00000182759.3,804.8055237293415,-3.309505523127833,1.785607789804537e-12,1.1599985725004636e-11,ENSG00000182759.3
ENSG00000148965.9,8227.409411837782,2.5938570067279056,1.82675916908743e-12,1.1858733636373283e-11,ENSG00000148965.9
ENSG00000152669.8,67904.45616906154,-2.368129795766843,1.849946800769458e-12,1.1996239770945567e-11,ENSG00000152669.8
ENSG00000162755.13,60403.95193654209,-1.6028753340284765,1.8649366992276157e-12,1.2089074853410806e-11,ENSG00000162755.13
ENSG00000160781.15,34326.680688907065,-1.6467365187168672,2.03783355363897e-12,1.315251829783177e-11,ENSG00000160781.15
ENSG00000139515.5,356.6200617347104,-10.33219976137944,2.0609230163023754e-12,1.3282737672957443e-11,ENSG00000139515.5
ENSG00000182898.3,306.15427587478416,-13.40139645013423,2.103376238153806e-12,1.3532047271851467e-11,ENSG00000182898.3
ENSG00000166396.12,6260.557477180911,-3.0812387839216346,2.271457485532054e-12,1.4566537185050264e-11,ENSG00000166396.12
ENSG00000173157.16,903.6970880805899,-4.5014190733530155,2.273485206461826e-12,1.4574185444638996e-11,ENSG00000173157.16
ENSG00000139044.10,175022.47579520996,-1.6914229321737395,2.2965407856997043e-12,1.4711471373727167e-11,ENSG00000139044.10
ENSG00000159200.17,438772.3818670911,1.528584713761295,2.3270018912259106e-12,1.4885345787617295e-11,ENSG00000159200.17
ENSG00000143382.14,102249.34594885746,1.584734840101408,2.3367589888745032e-12,1.4942432835842913e-11,ENSG00000143382.14
ENSG00000069696.6,4052.4959819249257,-1.6609424282246956,2.3383186080693695e-12,1.4947079011253545e-11,ENSG00000069696.6
ENSG00000135549.14,305239.89922747394,-1.7852292609675646,2.4020366723113038e-12,1.534891168492939e-11,ENSG00000135549.14
ENSG00000088992.17,20687.841698728756,1.911140281092678,2.4511379207218493e-12,1.565151875854525e-11,ENSG00000088992.17
ENSG00000172382.9,24986.589732387274,-1.6560183788884508,2.4661386402851557e-12,1.5736104417722812e-11,ENSG00000172382.9
ENSG00000170370.11,8358.246758095325,1.5146467212432044,2.5956408043823113e-12,1.654478968136121e-11,ENSG00000170370.11
ENSG00000148798.10,4175.892662213593,-3.878140901741578,2.7992232370058974e-12,1.7772987452794343e-11,ENSG00000148798.10
ENSG00000203760.8,61248.133204665115,-1.6686665061999035,2.8311464178038664e-12,1.7969317359269466e-11,ENSG00000203760.8
ENSG00000258479.5,1002.9243748721627,2.1873972166552265,2.9034131466980257e-12,1.8414967158431485e-11,ENSG00000258479.5
ENSG00000196557.12,215211.17785587095,-2.27875772807276,2.9736375482136983e-12,1.8853702659928757e-11,ENSG00000196557.12
ENSG00000114529.12,93578.84926601396,-1.5182313370279779,3.09879407544818e-12,1.9619499680933908e-11,ENSG00000114529.12
ENSG00000041515.15,7104.601686342758,1.950292620269591,3.381878800167428e-12,2.1329213071099793e-11,ENSG00000041515.15
ENSG00000196565.13,783.4049891981076,2.2953806987683767,3.4292672120837747e-12,2.1620288681103008e-11,ENSG00000196565.13
ENSG00000214575.9,13320.587126292477,1.529740860633824,3.431101088603652e-12,2.1624252487817117e-11,ENSG00000214575.9
ENSG00000187550.8,754.5938904187178,-4.691578687034209,3.523674271363363e-12,2.2168754365733808e-11,ENSG00000187550.8
ENSG00000175985.9,30829.265643525825,-2.29684501663046,3.555562799879787e-12,2.235370123274107e-11,ENSG00000175985.9
ENSG00000164438.5,693.2763560488545,-10.04957053884886,3.813609732752565e-12,2.3950857345039997e-11,ENSG00000164438.5
ENSG00000231768.1,4581.765613883731,2.0556593839690738,3.8703881186476105e-12,2.429044211713679e-11,ENSG00000231768.1
ENSG00000171916.16,5310.648520409834,-2.012492672582024,3.8732237583368756e-12,2.4299739124419077e-11,ENSG00000171916.16
ENSG00000108932.11,229283.27112345205,-2.0775557807057092,3.8753672879543115e-12,2.430468900655862e-11,ENSG00000108932.11
ENSG00000112996.10,716409.9228737617,-1.6416685582427237,3.939932750078152e-12,2.470098299603504e-11,ENSG00000112996.10
ENSG00000269113.3,41745.964556922234,1.7578375746723842,3.950211248678664e-12,2.475677276808986e-11,ENSG00000269113.3
ENSG00000234577.1,1259.3555723417883,1.9171490859268747,4.0062360977039335e-12,2.5099125105133265e-11,ENSG00000234577.1
ENSG00000160307.9,87632.9656231546,2.541627569678286,4.054290572556939e-12,2.5386037611558045e-11,ENSG00000160307.9
ENSG00000197408.8,4536.522769342432,-3.6969489836056493,4.054861717367517e-12,2.5386037611558045e-11,ENSG00000197408.8
ENSG00000261390.5,1610.969383413442,1.9661086475219545,4.091223691929942e-12,2.5595825210703958e-11,ENSG00000261390.5
ENSG00000198033.11,1564.7547202556075,-4.086204502343495,4.091111775192058e-12,2.5595825210703958e-11,ENSG00000198033.11
ENSG00000163499.11,754.0958621648565,-4.605961969005145,4.140721253731804e-12,2.5887443015926747e-11,ENSG00000163499.11
ENSG00000160188.9,44821.897913066845,-1.6310383510522604,4.266983141184321e-12,2.665824460385455e-11,ENSG00000160188.9
ENSG00000174145.7,3652.323032545371,3.7208162429077762,4.332427679582232e-12,2.702007294221202e-11,ENSG00000174145.7
ENSG00000187017.15,137575.67666111665,-1.641620272078582,4.4707173044115035e-12,2.7843832208627426e-11,ENSG00000187017.15
ENSG00000238120.1,600.0480625341363,2.5115952551561436,4.6164704494648205e-12,2.872168144061972e-11,ENSG00000238120.1
ENSG00000197599.12,10737.978635731097,-1.7920861986721996,4.669405426675947e-12,2.904095028452219e-11,ENSG00000197599.12
ENSG00000127472.10,6567.1029446208495,1.5252799451101398,4.8693867044046865e-12,3.0232320289665497e-11,ENSG00000127472.10
ENSG00000238057.8,5023.849181252456,1.5328907877143934,4.881706058949558e-12,3.027895852223765e-11,ENSG00000238057.8
ENSG00000171855.6,263.44252909075027,-5.12946904667692,5.439806107019795e-12,3.364579144372843e-11,ENSG00000171855.6
ENSG00000165935.9,1415.401582403741,-1.640693537257857,5.6792750444765766e-12,3.50664941923755e-11,ENSG00000165935.9
ENSG00000159387.7,14192.219803170176,2.328731651125561,5.7712299146538606e-12,3.5597517483201865e-11,ENSG00000159387.7
ENSG00000172548.14,4771.795111048346,-2.2918716802453525,5.84825710799851e-12,3.606023274529803e-11,ENSG00000172548.14
ENSG00000133665.12,6798.000856662652,-2.2404858429507697,5.9010151625758206e-12,3.6360547754841325e-11,ENSG00000133665.12
ENSG00000078401.6,77402.99294141932,1.577231126989658,5.951338302944112e-12,3.665803747673402e-11,ENSG00000078401.6
ENSG00000184925.11,14103.331639710404,-1.9474458386875526,5.9629530402589546e-12,3.6716975429432536e-11,ENSG00000184925.11
ENSG00000163492.14,4010.654997973229,1.923708762426346,6.102893321074994e-12,3.7565768391097293e-11,ENSG00000163492.14
ENSG00000153093.18,3193.708523694659,-1.8003831442054303,6.165285772333013e-12,3.791080281458919e-11,ENSG00000153093.18
ENSG00000198216.10,3434.5640848333564,-1.9761036057243977,6.344034710864265e-12,3.8916586262235047e-11,ENSG00000198216.10
ENSG00000141736.13,4393178.393095609,-1.868614595785824,6.44213090356332e-12,3.947785341620105e-11,ENSG00000141736.13
ENSG00000125999.10,132207.45857431667,-2.991795658172173,6.655346285068206e-12,4.070104921369421e-11,ENSG00000125999.10
ENSG00000188282.12,6931.919140426202,-2.206846320402412,6.717998012538194e-12,4.1056211968314985e-11,ENSG00000188282.12
ENSG00000064787.13,244833.9922506389,-2.2455923414192895,6.749578655234369e-12,4.12351684749303e-11,ENSG00000064787.13
ENSG00000144230.16,3141.064637108772,2.1097353288754275,6.7920554599911e-12,4.14664345418919e-11,ENSG00000144230.16
ENSG00000153993.13,37913.56086464296,1.9460104320968188,7.425595425976734e-12,4.5149935184107264e-11,ENSG00000153993.13
ENSG00000235621.8,3443.7604434195327,-2.383457704008942,7.59107912377923e-12,4.610925278198061e-11,ENSG00000235621.8
ENSG00000154438.7,170.87904908117605,-8.472511740219772,7.718426942260068e-12,4.683521630874954e-11,ENSG00000154438.7
ENSG00000156885.5,765.0979739696616,-3.31236278367212,7.783104732511202e-12,4.71957580991715e-11,ENSG00000156885.5
ENSG00000123358.19,664524.1790565206,1.7970018540479817,7.993961858234479e-12,4.8425272661141545e-11,ENSG00000123358.19
ENSG00000183813.6,21449.78307170916,-1.794495465153056,8.057476678149026e-12,4.877709312956409e-11,ENSG00000183813.6
ENSG00000115705.20,14710.723524736914,1.5812719134876383,8.27713575563048e-12,4.9955145261781936e-11,ENSG00000115705.20
ENSG00000137261.13,8943.354773334118,-2.4336860050380413,8.380765715805637e-12,5.0529596518380556e-11,ENSG00000137261.13
ENSG00000226031.5,1266.1592460543743,2.5958449891243034,9.0586115956348e-12,5.443357932366886e-11,ENSG00000226031.5
ENSG00000073150.13,32197.352481445763,-1.7414109805785374,9.766127032613199e-12,5.852826230667289e-11,ENSG00000073150.13
ENSG00000107485.15,3153401.111200721,-1.7145813028485521,1.0385967668474377e-11,6.205641620893631e-11,ENSG00000107485.15
ENSG00000184524.5,1331.3488910879246,-1.765203323118892,1.0504160730183955e-11,6.26999853565172e-11,ENSG00000184524.5
ENSG00000135824.12,1937.860162738473,-2.0551618460147423,1.0538144579312925e-11,6.288191825294706e-11,ENSG00000135824.12
ENSG00000102683.7,8931.22763244768,2.8542213142226114,1.0748763615295591e-11,6.409606698213652e-11,ENSG00000102683.7
ENSG00000149970.14,10257.042715664957,1.914972906715169,1.0785729063744657e-11,6.429512843547188e-11,ENSG00000149970.14
ENSG00000198099.8,1237.0467155102854,3.6218640885585933,1.0865874170024871e-11,6.472987391525772e-11,ENSG00000198099.8
ENSG00000237125.8,9902.845293326074,1.5100270663490298,1.1311548025402315e-11,6.729545962194752e-11,ENSG00000237125.8
ENSG00000106236.3,16979.013236751372,-1.9017539347983539,1.1575944270787821e-11,6.882278596777531e-11,ENSG00000106236.3
ENSG00000163734.4,3114.9645444894977,2.151650059342185,1.1732352773581204e-11,6.970649199217468e-11,ENSG00000163734.4
ENSG00000178372.7,506870.2865273846,-3.4974427816483384,1.1921888521959033e-11,7.076230425058251e-11,ENSG00000178372.7
ENSG00000129521.13,282313.550222914,-1.684544580991614,1.2136140335405485e-11,7.198636893824153e-11,ENSG00000129521.13
ENSG00000046653.14,116348.76556424744,1.5724335445361062,1.2275218300123227e-11,7.276321174731122e-11,ENSG00000046653.14
ENSG00000046774.9,1830.3403846036376,-7.728224891953924,1.2663942839024311e-11,7.499311101010337e-11,ENSG00000046774.9
ENSG00000234661.2,1269.8183079768144,2.655084007431249,1.2673885584410934e-11,7.502722832104433e-11,ENSG00000234661.2
ENSG00000173530.5,24757.322825114457,1.5136034570250834,1.2788522043120502e-11,7.567027838001201e-11,ENSG00000173530.5
ENSG00000179796.11,1604.30499788647,3.5612628470435115,1.3451490338394889e-11,7.939476682296694e-11,ENSG00000179796.11
ENSG00000104369.4,51521.423995600846,-1.5369062085244038,1.3475929654336166e-11,7.951285951586775e-11,ENSG00000104369.4
ENSG00000223850.1,51.55135351866851,-6.7993609528916785,1.354860166458867e-11,7.991537135690812e-11,ENSG00000223850.1
ENSG00000249231.7,2342.375200846884,-3.738693266514728,1.3553410333438659e-11,7.991746355993751e-11,ENSG00000249231.7
ENSG00000137392.9,1099.3372726603661,-3.18898080281276,1.3768329636510232e-11,8.113140842952482e-11,ENSG00000137392.9
ENSG00000213420.7,15292.527508453793,-1.9076309234852922,1.3828044873586258e-11,8.145653616768163e-11,ENSG00000213420.7
ENSG00000147862.15,796511.8819704963,1.5162195668070102,1.384271822482483e-11,8.151621040631175e-11,ENSG00000147862.15
ENSG00000131015.4,7738.279449340565,-1.8517538048454916,1.3999294801245203e-11,8.235716282581727e-11,ENSG00000131015.4
ENSG00000186326.3,2212.113085027018,-1.7723408708714459,1.4074009750001132e-11,8.274244985067835e-11,ENSG00000186326.3
ENSG00000227507.2,50305.420766707444,-2.059861395772667,1.4366793657562796e-11,8.432560634532197e-11,ENSG00000227507.2
ENSG00000217442.3,4849.287169423586,-1.7567436613194065,1.4411599547265857e-11,8.456093220294024e-11,ENSG00000217442.3
ENSG00000126231.13,1601.1146064793318,-2.094453772184532,1.469570627392429e-11,8.614343602516287e-11,ENSG00000126231.13
ENSG00000182885.16,3796.738727333545,1.8661103796511447,1.486911527420484e-11,8.710301513713922e-11,ENSG00000182885.16
ENSG00000147234.10,25810.56727468155,-1.869578325147406,1.5195835575016215e-11,8.88429057421036e-11,ENSG00000147234.10
ENSG00000197308.9,93201.05818206955,-2.3478018171566157,1.5719747145614233e-11,9.175648114305667e-11,ENSG00000197308.9
ENSG00000138675.16,964.9673839948238,-2.9647165997510574,1.586793004847342e-11,9.256120574114388e-11,ENSG00000138675.16
ENSG00000198054.11,943.8725470265344,-5.621537341246921,1.608028203726024e-11,9.367808460862353e-11,ENSG00000198054.11
ENSG00000071909.18,18436.539184704478,-2.575399788633778,1.687999869402777e-11,9.811396714186597e-11,ENSG00000071909.18
ENSG00000109107.13,134280.46998123513,1.6413714372366055,1.8520640308691706e-11,1.0723325235845603e-10,ENSG00000109107.13
ENSG00000183873.15,4164.1568646861515,2.0093337177309465,1.86642814460374e-11,1.0803006515685453e-10,ENSG00000183873.15
ENSG00000173826.14,1696.8078563026666,-3.730019505867341,1.9442208975090475e-11,1.1242396250082127e-10,ENSG00000173826.14
ENSG00000144229.11,13885.040903818293,1.787940762512339,1.9693392911369884e-11,1.1369322683677923e-10,ENSG00000144229.11
ENSG00000270885.1,34935.51951591277,1.8286968902487026,2.0199365444506034e-11,1.1642698816921675e-10,ENSG00000270885.1
ENSG00000151632.17,216492.08165337102,2.7058176310793947,2.0493151318021647e-11,1.1804449890827043e-10,ENSG00000151632.17
ENSG00000185760.15,27257.717501186813,-2.06088937780892,2.2373944618880002e-11,1.2858926595021264e-10,ENSG00000185760.15
ENSG00000140297.12,2963.7950793873265,-2.2032963502763048,2.2814221289346822e-11,1.3099378323032e-10,ENSG00000140297.12
ENSG00000184226.14,28501.231162838052,2.3013245189207994,2.4149522233917075e-11,1.3827949944647204e-10,ENSG00000184226.14
ENSG00000128573.24,19936.269307512423,1.7636776947404202,2.4264351401368877e-11,1.3887568012592083e-10,ENSG00000128573.24
ENSG00000027869.11,24698.47252099993,-1.6011475373450534,2.4618484080960556e-11,1.4085760837521534e-10,ENSG00000027869.11
ENSG00000148408.12,5693.840847948443,-2.6618025286844205,2.5415193450765808e-11,1.451845960162658e-10,ENSG00000148408.12
ENSG00000105996.6,5163.349779935834,1.8611503369620703,2.594043676479583e-11,1.479025283987072e-10,ENSG00000105996.6
ENSG00000225950.8,6187.125217669971,2.2975274134548425,2.6747681559917064e-11,1.5240827254035944e-10,ENSG00000225950.8
ENSG00000167992.12,6222.642008644908,1.5897740672358829,2.714181080960075e-11,1.5440884951067416e-10,ENSG00000167992.12
ENSG00000185467.7,2669.3219893260703,-2.3835507175897575,2.741214076633352e-11,1.5584792198045702e-10,ENSG00000185467.7
ENSG00000167889.12,16483.79757461397,-2.2159265425266237,2.7446710558731824e-11,1.559950356526212e-10,ENSG00000167889.12
ENSG00000171695.10,744.5314444183307,-3.1550580542478173,2.7512414222831886e-11,1.5627842260220518e-10,ENSG00000171695.10
ENSG00000108878.4,9793.316140448775,-2.695397316933864,2.7902076700276755e-11,1.5843258298514742e-10,ENSG00000108878.4
ENSG00000130487.5,94618.78090456508,-2.3332289769051537,2.8194490369039692e-11,1.598400444523473e-10,ENSG00000130487.5
ENSG00000167772.11,129846.40486979148,1.9051864664017095,2.840650260704536e-11,1.6088948114842642e-10,ENSG00000167772.11
ENSG00000186442.7,510.13173157172747,-2.2634251187916994,2.8442020190990708e-11,1.6103981328082873e-10,ENSG00000186442.7
ENSG00000147689.16,37085.19037250924,-2.696612975173741,2.9491421793557995e-11,1.6682363847471975e-10,ENSG00000147689.16
ENSG00000129910.7,1753.5499701030155,-1.8374199631905057,3.08897755356629e-11,1.7429410139509417e-10,ENSG00000129910.7
ENSG00000150667.6,93565.64077081837,-2.1929193987970907,3.1031521636077044e-11,1.7492886984484146e-10,ENSG00000150667.6
ENSG00000143502.14,188550.2409405893,-1.6618974237751174,3.1198655586562495e-11,1.7576058938451834e-10,ENSG00000143502.14
ENSG00000130988.12,14018.076902743946,1.9052861439645934,3.2343362165436126e-11,1.818667964069008e-10,ENSG00000130988.12
ENSG00000157851.16,4955.261248133339,-4.474811098241932,3.260690298211902e-11,1.8329124693238142e-10,ENSG00000157851.16
ENSG00000086570.12,97046.22119504644,2.164771588000477,3.3691863955767504e-11,1.890938739312907e-10,ENSG00000086570.12
ENSG00000143369.14,835728.523266951,-2.0282778356985633,3.4074636635109034e-11,1.9112260242068188e-10,ENSG00000143369.14
ENSG00000139144.9,36060.24179058108,2.446309358612866,3.483472865973101e-11,1.9508100385192055e-10,ENSG00000139144.9
ENSG00000188389.10,11782.326540910048,-1.9238095834454414,3.486529688285665e-11,1.9519127050517843e-10,ENSG00000188389.10
ENSG00000134824.13,1016475.8887179141,-1.8801983936378344,3.754185629291254e-11,2.096525139943136e-10,ENSG00000134824.13
ENSG00000261210.7,742.8116050397535,-2.087383592095584,3.860734569389914e-11,2.1533466079752326e-10,ENSG00000261210.7
ENSG00000166535.19,47408.86356266928,-2.9890395243625063,3.956850047800426e-11,2.2048993915429517e-10,ENSG00000166535.19
ENSG00000156234.7,192057.3211827392,-2.7535848533157843,4.1196507430715643e-11,2.2927696427708773e-10,ENSG00000156234.7
ENSG00000158104.11,4413.8846460754185,2.1782255557557213,4.2391033348177804e-11,2.357057054125672e-10,ENSG00000158104.11
ENSG00000189001.10,10117.48680877006,-3.8305034230704877,4.4210697819655405e-11,2.4544323978282083e-10,ENSG00000189001.10
ENSG00000174939.10,34070.98823400558,-1.9146887563739978,4.44971692433583e-11,2.468808620079091e-10,ENSG00000174939.10
ENSG00000145721.11,865.8120258555466,-3.0675727405377176,4.55771690135963e-11,2.525605755438414e-10,ENSG00000145721.11
ENSG00000196159.11,95707.27605239811,1.519443060605002,4.6161124705521545e-11,2.555597224903342e-10,ENSG00000196159.11
ENSG00000187045.16,48923.530454449545,-2.4387623011149393,4.9295665587371097e-11,2.7199019914950786e-10,ENSG00000187045.16
ENSG00000183779.6,1072571.9160040212,-1.5922772652787998,5.2354641166079355e-11,2.8824772213653327e-10,ENSG00000183779.6
ENSG00000184254.16,218481.1374411155,1.523063115849151,5.291213117559237e-11,2.9113841449974056e-10,ENSG00000184254.16
ENSG00000130433.7,4047.3790150394675,-4.172103803390786,5.330797013032519e-11,2.9295709281728173e-10,ENSG00000130433.7
ENSG00000233932.4,605.2206321667859,-3.0012048922123746,5.3384508606313087e-11,2.932878866880207e-10,ENSG00000233932.4
ENSG00000175084.11,37712.325543015664,2.686967787623968,5.361830239862391e-11,2.9448215486333295e-10,ENSG00000175084.11
ENSG00000170454.5,6994.750510336066,-3.2026316749033135,5.432256176072895e-11,2.9798524172202984e-10,ENSG00000170454.5
ENSG00000016602.9,3566.1338780580854,3.216723125797048,5.4629504935692066e-11,2.993029639881291e-10,ENSG00000016602.9
ENSG00000105997.22,25095.552276825023,1.543906546611389,5.641432416799818e-11,3.085163726139565e-10,ENSG00000105997.22
ENSG00000204065.2,6858.590765626742,1.5616460391007088,5.951398018263153e-11,3.248735462175107e-10,ENSG00000204065.2
ENSG00000147570.9,5997.447717594129,-1.6786823796660064,6.008170987956542e-11,3.277732199358596e-10,ENSG00000147570.9
ENSG00000119121.21,6608.633547820273,1.9642334060909514,6.062873054630074e-11,3.3055646070868254e-10,ENSG00000119121.21
ENSG00000117215.14,35113.58212028635,-2.612383819134712,6.16070867048581e-11,3.354828396798995e-10,ENSG00000117215.14
ENSG00000141576.14,56907.56506618404,1.5838790025038436,6.573526220078288e-11,3.568798213823441e-10,ENSG00000141576.14
ENSG00000169427.6,1119.2061661906055,-2.2282238559565437,6.696425079369858e-11,3.6300288579798596e-10,ENSG00000169427.6
ENSG00000105641.3,2610.817735205135,-2.5404333005909727,6.743478215724639e-11,3.65163027096641e-10,ENSG00000105641.3
ENSG00000083454.21,15150.347920468126,-1.7897937906966186,6.82211205361031e-11,3.6892452253746165e-10,ENSG00000083454.21
ENSG00000174175.16,60175.76162346983,1.824452512288124,6.872168804594585e-11,3.7140760500253205e-10,ENSG00000174175.16
ENSG00000010282.14,916.1181841491547,3.2912050103142136,6.898368742140429e-11,3.7271132291546433e-10,ENSG00000010282.14
ENSG00000163600.12,13426.278108047196,-1.9597345799620574,7.294220979166487e-11,3.927977401836263e-10,ENSG00000163600.12
ENSG00000129514.5,1640359.0666385426,-1.705387273416427,7.50344386752307e-11,4.0321741034730897e-10,ENSG00000129514.5
ENSG00000144452.14,156009.67876163108,-2.443840974961308,7.519630655898284e-11,4.0384535426154717e-10,ENSG00000144452.14
ENSG00000170835.14,15578.497130643738,-1.9938439487277115,7.712096891724881e-11,4.1393405482566425e-10,ENSG00000170835.14
ENSG00000179674.3,484.75305971516224,-4.95468337880397,8.081123070285702e-11,4.3270543494519947e-10,ENSG00000179674.3
ENSG00000151023.16,4056.215325222701,-1.802926923386369,8.26151000057767e-11,4.4183688208752646e-10,ENSG00000151023.16
ENSG00000169583.12,33291.79308074022,-1.9151773063499993,8.345204177471816e-11,4.461799718604791e-10,ENSG00000169583.12
ENSG00000165349.11,5627.761771932018,3.0234469830399404,8.401967111857621e-11,4.4868004728589665e-10,ENSG00000165349.11
ENSG00000236081.1,2667.3979997726497,-3.7504479245507083,8.867354457434347e-11,4.722675601951454e-10,ENSG00000236081.1
ENSG00000065325.12,3885.079385834278,2.8904505985575613,8.931253749978489e-11,4.751066885142722e-10,ENSG00000065325.12
ENSG00000178401.14,92728.4762673993,-1.5551896101822824,8.960984874844138e-11,4.764947714730418e-10,ENSG00000178401.14
ENSG00000274736.4,1465.0244179562085,2.00375610474937,9.00577582875244e-11,4.785035110906279e-10,ENSG00000274736.4
ENSG00000273079.5,4387.035618837445,2.6723264067701353,9.10738071836782e-11,4.836156621180047e-10,ENSG00000273079.5
ENSG00000214548.14,142688.31036770868,1.585398336730139,9.42008382838194e-11,4.994815724960317e-10,ENSG00000214548.14
ENSG00000239677.6,3837.388835123575,1.6113370176967003,9.628181814338648e-11,5.099128284966893e-10,ENSG00000239677.6
ENSG00000153060.7,3385.9946797458224,-1.642629070062113,1.0382919900532476e-10,5.487503145073762e-10,ENSG00000153060.7
ENSG00000181215.14,2229.088044102685,-2.435901097893991,1.0470640435383129e-10,5.532235021557111e-10,ENSG00000181215.14
ENSG00000096006.11,97723.94458878737,-3.5488637792098396,1.0736626488079097e-10,5.656115357475139e-10,ENSG00000096006.11
ENSG00000102287.18,77660.009912168,2.137362536724437,1.1026685189671875e-10,5.800404935745601e-10,ENSG00000102287.18
ENSG00000170054.14,4296.552150431675,-2.7812775637775644,1.1078607350887796e-10,5.824302715997062e-10,ENSG00000170054.14
ENSG00000125820.5,6696.284563461536,-5.641514763287616,1.1397966865329815e-10,5.983432400954152e-10,ENSG00000125820.5
ENSG00000011677.12,3251.113752552777,-4.613296011037751,1.1468112931390868e-10,6.018495183619373e-10,ENSG00000011677.12
ENSG00000267206.5,2421.0496363548564,2.3836026700371162,1.1512398545775173e-10,6.039969798445729e-10,ENSG00000267206.5
ENSG00000166897.14,7783.033850509425,-2.442946211909194,1.1887574393740764e-10,6.227700652463956e-10,ENSG00000166897.14
ENSG00000148053.15,682448.008651367,2.1370472793293036,1.212140106238169e-10,6.344641168678958e-10,ENSG00000148053.15
ENSG00000145920.14,9713.687199240449,-5.911250371961373,1.2269247872290166e-10,6.412674470506917e-10,ENSG00000145920.14
ENSG00000172137.18,89236.96637120542,2.1978085570542314,1.2729874942286937e-10,6.641818728975124e-10,ENSG00000172137.18
ENSG00000163568.14,13488.637342776943,-1.9426733968245975,1.3693033977802665e-10,7.127766424824869e-10,ENSG00000163568.14
ENSG00000130287.13,4280.633296567422,-3.9627681853686414,1.3823493647697633e-10,7.191503233419502e-10,ENSG00000130287.13
ENSG00000268606.5,825.213583059381,-8.434600695730229,1.3957434692952672e-10,7.251740848045634e-10,ENSG00000268606.5
ENSG00000158477.6,9887.630546752058,-2.8063502323398293,1.3979121817035328e-10,7.257736769764609e-10,ENSG00000158477.6
ENSG00000101842.13,5349.24257177675,-1.667864008761886,1.4291543151380126e-10,7.409221576573638e-10,ENSG00000101842.13
ENSG00000138039.14,1327.7135642287035,4.326474977623086,1.529811233917583e-10,7.912048859576142e-10,ENSG00000138039.14
ENSG00000170482.16,9519.069356591479,-1.6267463622797285,1.5297518430345822e-10,7.912048859576142e-10,ENSG00000170482.16
ENSG00000108551.4,149043.31997714468,1.7180578941948514,1.5386136852011004e-10,7.95371516956593e-10,ENSG00000108551.4
ENSG00000177181.14,35130.62197136963,-1.6440124161435135,1.565380274825623e-10,8.087422479469091e-10,ENSG00000177181.14
ENSG00000167104.11,234.2417883216862,-6.94654287526587,1.7387224654080397e-10,8.945840504510728e-10,ENSG00000167104.11
ENSG00000204950.3,19173.359679445908,-1.8644010634861832,1.7488189523449638e-10,8.993711224398305e-10,ENSG00000204950.3
ENSG00000215182.8,2448.459414460867,-3.5824712051959873,1.840413774719808e-10,9.437709162560022e-10,ENSG00000215182.8
ENSG00000070985.13,775.4687342161574,-2.5295657640049707,1.8901408030413526e-10,9.681643285461316e-10,ENSG00000070985.13
ENSG00000166509.10,788497.2741033509,-5.046559743288117,1.9799252162764566e-10,1.0127080432054862e-09,ENSG00000166509.10
ENSG00000162571.13,1996.9737784590366,1.5048585299858817,2.0019523490221103e-10,1.0233911965385677e-09,ENSG00000162571.13
ENSG00000125879.4,2036.4766567973759,-3.486927586953775,2.0212083970592053e-10,1.0329405374090948e-09,ENSG00000125879.4
ENSG00000064300.8,120242.65095869054,1.8197603392416994,2.0408669355935226e-10,1.0418001543486364e-09,ENSG00000064300.8
ENSG00000213373.7,277.98358594495954,2.73454527585677,2.0583063255578108e-10,1.0492099545307897e-09,ENSG00000213373.7
ENSG00000262406.2,36470.8674291761,-2.62152259187249,2.0809920110948315e-10,1.0595697972495618e-09,ENSG00000262406.2
ENSG00000134940.13,1173.9992434634346,-1.6153334840778053,2.0968794544997064e-10,1.066849763343996e-09,ENSG00000134940.13
ENSG00000165799.4,3033.196328708112,2.586982443379217,2.134371679627931e-10,1.0839804995064806e-09,ENSG00000165799.4
ENSG00000118160.13,6298.919343798311,-2.258446706298808,2.1892105203041964e-10,1.109319524592437e-09,ENSG00000118160.13
ENSG00000136231.13,10275.164744377105,-2.0649478576586375,2.2481080053060105e-10,1.1372371564478644e-09,ENSG00000136231.13
ENSG00000169618.6,2614.8057665729284,3.019913897617553,2.2635185141524233e-10,1.1443875091416437e-09,ENSG00000169618.6
ENSG00000179388.8,220590.36376485298,1.809118801367022,2.2661119724048813e-10,1.145375975235515e-09,ENSG00000179388.8
ENSG00000169891.17,433246.6876295682,-1.5752415013822127,2.2864310026918745e-10,1.1553205148211857e-09,ENSG00000169891.17
ENSG00000126251.6,872.3890902118286,2.1925660670424536,2.3006020419160204e-10,1.1611730643628455e-09,ENSG00000126251.6
ENSG00000173805.15,7182.168772641674,1.8380426324629582,2.344217359971401e-10,1.1818570410218277e-09,ENSG00000173805.15
ENSG00000159337.6,1906.3346117668368,-2.408720489227533,2.36611977118627e-10,1.1922293472169402e-09,ENSG00000159337.6
ENSG00000162949.16,219504.6616039831,-1.7828792659425883,2.39648741860727e-10,1.2068530382281855e-09,ENSG00000162949.16
ENSG00000188778.5,589.5703976581714,3.2936021835317293,2.3997706756472817e-10,1.2081673746672047e-09,ENSG00000188778.5
ENSG00000234068.6,1006.6966881555379,-5.293281478779962,2.4426219662457176e-10,1.228706642566496e-09,ENSG00000234068.6
ENSG00000145087.12,2497.049339444734,-2.9674179986075337,2.4938399872963086e-10,1.2530655528439558e-09,ENSG00000145087.12
ENSG00000075461.5,500975.5395124078,-1.9726354109487099,2.5007933573137874e-10,1.2562075926730484e-09,ENSG00000075461.5
ENSG00000150471.16,24773.646899643536,1.9601296001954067,2.5328402523106734e-10,1.271237836285606e-09,ENSG00000150471.16
ENSG00000183305.13,1059.9061776575397,-8.17985176516126,2.6497816866548456e-10,1.3269615630378984e-09,ENSG00000183305.13
ENSG00000157601.13,1190177.7256400208,-1.6558320095758954,2.746454965323179e-10,1.3723097032245557e-09,ENSG00000157601.13
ENSG00000162383.11,6721.593279182118,1.5950070286627613,2.7615751478037796e-10,1.379480592345301e-09,ENSG00000162383.11
ENSG00000157303.10,293250.29105033976,-1.8633172320657967,2.7720087918743606e-10,1.3843070902477497e-09,ENSG00000157303.10
ENSG00000114771.13,4079.4046716603957,3.951338639353135,2.9082137847838284e-10,1.4486973886834045e-09,ENSG00000114771.13
ENSG00000223572.9,77431.00259181594,-1.821831073078617,3.0754796925891327e-10,1.5303198037750084e-09,ENSG00000223572.9
ENSG00000106688.11,301406.95466234325,-2.2709749013416864,3.165802490284861e-10,1.5730820848291684e-09,ENSG00000106688.11
ENSG00000123999.4,8521.760608018903,-1.8309151499300673,3.1819999084822616e-10,1.5806928116804325e-09,ENSG00000123999.4
ENSG00000205002.3,282488.0873712628,-2.1266015904267537,3.2251443298562735e-10,1.6016818353338253e-09,ENSG00000205002.3
ENSG00000143125.5,1930.5845173248283,2.9564761737963834,3.332443012373456e-10,1.6513124819391583e-09,ENSG00000143125.5
ENSG00000050730.15,4063.924154606346,-2.163167128204814,3.438591946389374e-10,1.700624456837501e-09,ENSG00000050730.15
ENSG00000183378.11,2241.1273321025615,3.0605202036405985,3.7183528987391497e-10,1.8336136349783459e-09,ENSG00000183378.11
ENSG00000102468.10,5242.743710438081,2.1608274970572596,3.7712329901635534e-10,1.858989932486391e-09,ENSG00000102468.10
ENSG00000181195.10,11611.605240070196,2.8510161080612093,3.776190234699658e-10,1.8609223120355936e-09,ENSG00000181195.10
ENSG00000124256.14,21848.10812805417,-1.6859370415248365,3.802954525760806e-10,1.8730829825892436e-09,ENSG00000124256.14
ENSG00000160200.17,84311.72284907382,-1.830166951989801,3.870527917457944e-10,1.9042742644076745e-09,ENSG00000160200.17
ENSG00000234602.7,9882.549279566234,-2.5972888363268765,4.0916264997092163e-10,2.007548654205154e-09,ENSG00000234602.7
ENSG00000249464.5,2075.667052872915,1.5799094907543823,4.1553885977256223e-10,2.037718983574497e-09,ENSG00000249464.5
ENSG00000151365.2,123229.1408859194,2.3778021990531575,4.361291773229718e-10,2.1305379332170117e-09,ENSG00000151365.2
ENSG00000077522.12,9503.892262269017,-2.5506110707299534,4.3875524421254185e-10,2.142783164644975e-09,ENSG00000077522.12
ENSG00000235770.5,8059.91075197357,-1.665405239745821,4.44750294723938e-10,2.1708799070270997e-09,ENSG00000235770.5
ENSG00000103485.17,169433.13831213542,-1.5037550888232238,4.464128213540128e-10,2.178402299035913e-09,ENSG00000103485.17
ENSG00000137675.4,1624.140044010946,2.530949456839731,4.528748264213945e-10,2.206335327309009e-09,ENSG00000137675.4
ENSG00000225383.7,2131.891434804447,1.7551077721403563,4.6454607806012485e-10,2.261353846617694e-09,ENSG00000225383.7
ENSG00000183850.13,7366.363688043448,-1.6613407538672922,4.724536008342579e-10,2.296731227247112e-09,ENSG00000183850.13
ENSG00000269526.1,1704.0123461091205,-3.7767029992611625,5.066046723040783e-10,2.4560950108489803e-09,ENSG00000269526.1
ENSG00000174938.14,471194.03529084666,-1.5973588378389638,5.381349579235828e-10,2.602629528308045e-09,ENSG00000174938.14
ENSG00000106006.6,4918.153965787916,1.8327525192685248,5.440058716342515e-10,2.628189917806509e-09,ENSG00000106006.6
ENSG00000183862.5,867.7508704556334,-5.86953815017172,5.530374322393859e-10,2.6696665716091746e-09,ENSG00000183862.5
ENSG00000053108.16,25612.979632838895,-1.7278119761125488,5.797409123731751e-10,2.7925613934796998e-09,ENSG00000053108.16
ENSG00000184659.5,1432.189081410985,-1.928273903810822,5.953153653291301e-10,2.8660433592971776e-09,ENSG00000184659.5
ENSG00000238099.2,578.0976730600975,3.128156331682106,6.112426769791645e-10,2.9411443692778625e-09,ENSG00000238099.2
ENSG00000069482.6,18124.688809374697,-2.406523847211265,6.186167476976514e-10,2.9758284997155388e-09,ENSG00000069482.6
ENSG00000187546.13,4370.611875839671,1.9630344112177271,6.330909236897512e-10,3.0389380534417352e-09,ENSG00000187546.13
ENSG00000124391.4,451.6624366112198,-3.5330816184677794,6.587189911240534e-10,3.157733063782765e-09,ENSG00000124391.4
ENSG00000105610.4,746.4792800275799,-1.6892764924710635,6.677155727758284e-10,3.196590320788871e-09,ENSG00000105610.4
ENSG00000181449.3,11867.554922881493,-3.660114439150702,6.788868543466876e-10,3.2474718281905133e-09,ENSG00000181449.3
ENSG00000170893.3,27958.159113859692,-3.378195819051485,6.92391063243257e-10,3.3103045157937013e-09,ENSG00000170893.3
ENSG00000125780.11,6740.86858300697,-2.5621825010533,6.934093250146791e-10,3.31428969598785e-09,ENSG00000125780.11
ENSG00000253117.4,155.50734592816548,-6.602644162846223,7.114652343187131e-10,3.3978761510196083e-09,ENSG00000253117.4
ENSG00000125337.16,3133.9244848338153,1.7786550987600973,7.203769376771387e-10,3.4395219246250394e-09,ENSG00000125337.16
ENSG00000090382.6,1443396.8042756985,-1.8431705981552677,7.441326333604629e-10,3.5510563405284007e-09,ENSG00000090382.6
ENSG00000173267.13,146951.94284184216,1.8787661731533205,7.462558694311538e-10,3.559295338969482e-09,ENSG00000173267.13
ENSG00000165215.6,447075.45539619686,-1.5337298809383884,8.056119336557225e-10,3.8271365966599496e-09,ENSG00000165215.6
ENSG00000164220.6,182032.42034134516,-1.5398447600309766,8.290045537875275e-10,3.929941534639262e-09,ENSG00000164220.6
ENSG00000146839.18,1516.0259701876898,-2.8057412538961515,8.396199424242681e-10,3.9771120979193884e-09,ENSG00000146839.18
ENSG00000237330.2,19760.905242651545,-1.6485306863764537,8.612500552411773e-10,4.0741918642743065e-09,ENSG00000237330.2
ENSG00000152592.13,537.6346332155014,-2.9958177120825504,8.657356000945373e-10,4.0932526673244485e-09,ENSG00000152592.13
ENSG00000000005.5,15696.745884674368,3.0410221247500413,8.757621329260705e-10,4.136299013185702e-09,ENSG00000000005.5
ENSG00000164403.14,342872.06952782266,-2.0094433735036845,8.937723892157216e-10,4.2147064335604974e-09,ENSG00000164403.14
ENSG00000230873.8,61558.53854873999,-2.3536020804882365,9.175757080657042e-10,4.320141939077127e-09,ENSG00000230873.8
ENSG00000131096.10,4127.212278165789,-2.4520153100124134,9.26258094081962e-10,4.356447963856525e-09,ENSG00000131096.10
ENSG00000137441.7,28951.80088875712,2.132365513006339,9.614216601286137e-10,4.517095796723675e-09,ENSG00000137441.7
ENSG00000090534.17,14083.765982270861,-1.7894478347449507,1.0535605689565531e-09,4.933203885382942e-09,ENSG00000090534.17
ENSG00000188257.10,95056.71773744769,2.573702105793516,1.1579970256334723e-09,5.40529152730005e-09,ENSG00000188257.10
ENSG00000106541.11,3056798.9096193765,-2.104565124654926,1.1799589685157833e-09,5.499221758981481e-09,ENSG00000106541.11
ENSG00000007908.15,65982.4742687566,1.7520718791798175,1.1946676122359055e-09,5.56343653421979e-09,ENSG00000007908.15
ENSG00000131914.10,1667.9677259093298,-4.399913211720824,1.2041776538138973e-09,5.604814433821728e-09,ENSG00000131914.10
ENSG00000171236.9,271748.03336191975,-1.9659257042822378,1.215740947978453e-09,5.655701278085918e-09,ENSG00000171236.9
ENSG00000108176.14,254196.37158286743,-1.8814254429803434,1.2284391379349048e-09,5.710332500509325e-09,ENSG00000108176.14
ENSG00000152779.13,6233.62419324735,2.196115760825617,1.2409829994897504e-09,5.765654572719987e-09,ENSG00000152779.13
ENSG00000119915.4,5790.708117122736,1.8400459954272337,1.2656475594338562e-09,5.877203457277868e-09,ENSG00000119915.4
ENSG00000169064.12,1737.0558425983868,-3.3354731372234117,1.2680086358390743e-09,5.885121301826309e-09,ENSG00000169064.12
ENSG00000132874.14,6615.991150621148,2.094193339489925,1.3154439886505842e-09,6.09109973893095e-09,ENSG00000132874.14
ENSG00000175874.9,2448.8372636390345,-1.5690314629671192,1.317479917757457e-09,6.0989530867703955e-09,ENSG00000175874.9
ENSG00000272398.5,7135255.22343473,-1.5802173252246083,1.3470846189894851e-09,6.227966843217813e-09,ENSG00000272398.5
ENSG00000113302.4,1895.7914447576563,-2.2871585276866755,1.3687321794752667e-09,6.323162074233962e-09,ENSG00000113302.4
ENSG00000189186.10,77.66994608124216,-7.829435466488018,1.4453631525058728e-09,6.658318625266463e-09,ENSG00000189186.10
ENSG00000102970.10,5016.578958509816,-1.7900175193721664,1.556241767344585e-09,7.1357137604419905e-09,ENSG00000102970.10
ENSG00000140465.13,5345.917845139879,3.8247225292375293,1.5615974610580156e-09,7.155194903923385e-09,ENSG00000140465.13
ENSG00000171124.12,40159.96749866161,-2.5043564594313428,1.609547416263193e-09,7.354242243445497e-09,ENSG00000171124.12
ENSG00000178776.4,21480.370950283977,-1.9503034331937155,1.6708356665538997e-09,7.620692517787653e-09,ENSG00000178776.4
ENSG00000241935.8,6113.595626843914,1.8272868919256757,1.6731021801195743e-09,7.62909083046646e-09,ENSG00000241935.8
ENSG00000118733.16,446.1133890131073,-5.849837782039259,1.675703736513433e-09,7.639012231773508e-09,ENSG00000118733.16
ENSG00000273313.1,1963.7583014481506,-2.0337984631277095,1.7160749309131996e-09,7.807183693046537e-09,ENSG00000273313.1
ENSG00000100448.3,13460.345005364727,1.9333662685870092,1.746396452363931e-09,7.937079925219355e-09,ENSG00000100448.3
ENSG00000180176.14,3325.77730622702,-3.043135498388476,1.8278470058474799e-09,8.294653218493002e-09,ENSG00000180176.14
ENSG00000186810.7,27560.584212302063,-1.6236734350576814,1.9064117068083056e-09,8.631527947328142e-09,ENSG00000186810.7
ENSG00000164303.10,5834.052452473527,1.511473437184714,1.977967430320026e-09,8.928470340184207e-09,ENSG00000164303.10
ENSG00000179455.7,9258.962751264971,-3.0846565470513956,2.0430015197656823e-09,9.212761062868972e-09,ENSG00000179455.7
ENSG00000187955.11,792940.0992469229,1.5138573434323421,2.0908509962326687e-09,9.419065886367757e-09,ENSG00000187955.11
ENSG00000256870.2,29207.473676382415,-3.956131921771868,2.158096958353095e-09,9.714684827829799e-09,ENSG00000256870.2
ENSG00000237289.9,183950.03937743112,-1.719112715994169,2.1623981911377566e-09,9.731605403457429e-09,ENSG00000237289.9
ENSG00000054356.13,9186.528723894293,-2.0367068351472364,2.179327163099603e-09,9.805332820335049e-09,ENSG00000054356.13
ENSG00000186471.12,873.6108578455982,-2.2992093119854107,2.2084040733093053e-09,9.928688120117481e-09,ENSG00000186471.12
ENSG00000230115.1,27779.877974149204,-2.5175995238776014,2.24749637947627e-09,1.0099380800636792e-08,ENSG00000230115.1
ENSG00000101251.11,574.4729811660197,3.254984785023397,2.296629665842214e-09,1.0307260153628526e-08,ENSG00000101251.11
ENSG00000136542.8,119792.9374180246,-1.7458635974617671,2.3172231152085317e-09,1.0389288944574383e-08,ENSG00000136542.8
ENSG00000171773.2,448.87028931222426,3.0254341307196126,2.4069994538677186e-09,1.077295864323983e-08,ENSG00000171773.2
ENSG00000162490.6,14024.74295128408,-1.6295721610200704,2.4472740538176164e-09,1.0945024513372256e-08,ENSG00000162490.6
ENSG00000134532.15,26486.52498524251,1.5601843175026897,2.4672239901007922e-09,1.1023256985652021e-08,ENSG00000134532.15
ENSG00000197172.10,5778.658185168732,-7.455056041077187,2.490735694720355e-09,1.1120433170997852e-08,ENSG00000197172.10
ENSG00000136928.6,8620.257511758911,-2.3961992918578687,2.495394073933988e-09,1.1138023847909837e-08,ENSG00000136928.6
ENSG00000205502.3,12278.379491306674,1.9839201607635297,2.688767024575203e-09,1.1953554688293574e-08,ENSG00000205502.3
ENSG00000180616.8,91438.42381307782,-1.7410070078537525,2.745516379685011e-09,1.2190744964288085e-08,ENSG00000180616.8
ENSG00000254369.6,40794.36178387202,1.5392955549515555,2.773162069991461e-09,1.2310452009365853e-08,ENSG00000254369.6
ENSG00000176601.12,2021.0922376551027,-2.2770513346366066,2.78778516674576e-09,1.2366187700103627e-08,ENSG00000176601.12
ENSG00000117983.17,565151.917867585,-2.5295358325197155,2.795838242210164e-09,1.2398844681160891e-08,ENSG00000117983.17
ENSG00000235029.1,982.1285824649857,-2.7249279321031024,2.846277241519327e-09,1.2613176721309283e-08,ENSG00000235029.1
ENSG00000171611.9,1072.30192386233,-1.798123772171353,2.9693411502163524e-09,1.3116417591908424e-08,ENSG00000171611.9
ENSG00000139055.6,114144.42464532334,-1.601513444415508,3.009776854433862e-09,1.328849067399281e-08,ENSG00000139055.6
ENSG00000262117.5,447.05133983830933,-3.6863039827304385,3.027295858909134e-09,1.3362550946225484e-08,ENSG00000262117.5
ENSG00000130711.3,819.2679702892767,-1.9696231713901997,3.066760890800213e-09,1.3523443269508042e-08,ENSG00000130711.3
ENSG00000130427.2,2249.639748562076,-2.4042487840856013,3.1287604372269198e-09,1.3773147331982977e-08,ENSG00000130427.2
ENSG00000116748.21,3944.6142964070227,2.2826521591318722,3.1897969882109964e-09,1.4028070431242624e-08,ENSG00000116748.21
ENSG00000237412.6,75.22754142421064,-7.494822603832949,3.2217130984315884e-09,1.415909440686098e-08,ENSG00000237412.6
ENSG00000228607.2,397.74539422746784,-4.094197295923165,3.3261179976504314e-09,1.4588251095536957e-08,ENSG00000228607.2
ENSG00000145934.16,43459.37470527744,1.7689994659951855,3.4355746753637305e-09,1.5046257359055755e-08,ENSG00000145934.16
ENSG00000185008.17,57540.851127442125,-2.4207874731055465,3.4368827289604207e-09,1.5048313032146615e-08,ENSG00000185008.17
ENSG00000167800.9,1911.3863114319413,-4.520324795638708,3.493196687716516e-09,1.5272521483357078e-08,ENSG00000167800.9
ENSG00000167080.8,12232.252670278544,-2.561040777710282,3.753790953551052e-09,1.6348124048438477e-08,ENSG00000167080.8
ENSG00000106113.18,1340.9132232395516,1.534489998226812,3.832210848247545e-09,1.667346247577733e-08,ENSG00000106113.18
ENSG00000178734.5,259.84393904019026,3.4889869792717345,3.876023922029984e-09,1.6859999329208242e-08,ENSG00000178734.5
ENSG00000186479.4,3505.171995726009,1.8969562247818108,3.962710924798093e-09,1.7228718711812986e-08,ENSG00000186479.4
ENSG00000120498.13,1508.5244171055308,-1.5911667779875973,4.155216739519979e-09,1.8008950231209415e-08,ENSG00000120498.13
ENSG00000186462.8,17351.55717340599,1.5465944399221545,4.231308537507813e-09,1.831219707875125e-08,ENSG00000186462.8
ENSG00000183273.6,1435.3853298793165,-3.8327370060842196,4.498885070250547e-09,1.9414019917149008e-08,ENSG00000183273.6
ENSG00000256713.7,817.418852510128,2.973547532443412,4.51790847244877e-09,1.9482055208158684e-08,ENSG00000256713.7
ENSG00000143867.6,58737.35407335693,1.9465059632695703,4.547994791129715e-09,1.9607080859500356e-08,ENSG00000143867.6
ENSG00000257017.8,16324.564851957131,2.4490919015809878,4.5586005579030644e-09,1.964808306760862e-08,ENSG00000257017.8
ENSG00000166342.18,4934.851760385097,-2.256956912750973,4.579943166207222e-09,1.9730593092738583e-08,ENSG00000166342.18
ENSG00000172201.11,180696.5985506253,1.7295284564317066,4.6342347812168805e-09,1.9940545486660547e-08,ENSG00000172201.11
ENSG00000143171.12,3142.1885932638706,2.113297693563522,4.818792549440122e-09,2.0690020271501345e-08,ENSG00000143171.12
ENSG00000146006.7,7270.027729663179,1.8283647914990693,4.822955180195687e-09,2.070293894695005e-08,ENSG00000146006.7
ENSG00000181378.13,5624.238951219352,-2.3928083500321327,4.9034186953290166e-09,2.1038269165540065e-08,ENSG00000181378.13
ENSG00000269404.6,27383.694647655877,-2.1615121641520765,4.918985711072669e-09,2.1094971466007867e-08,ENSG00000269404.6
ENSG00000185290.3,22236.02242665135,-1.796392634787004,4.954594089194328e-09,2.1242600177398764e-08,ENSG00000185290.3
ENSG00000078081.7,80207.76174536644,-1.7066629965287399,5.296300351153595e-09,2.2626551714464033e-08,ENSG00000078081.7
ENSG00000177455.12,10287.866761601592,-2.1473935959134747,5.3725394896620795e-09,2.292396557458217e-08,ENSG00000177455.12
ENSG00000153002.11,2893738.8819039194,-3.6665507543251445,5.548043768382174e-09,2.364012095371203e-08,ENSG00000153002.11
ENSG00000128253.13,852.1564899173395,-1.78757603542072,5.665954247628061e-09,2.4113903478460697e-08,ENSG00000128253.13
ENSG00000115009.11,5286.973206564671,-1.9392782114061908,5.7341609589404454e-09,2.4398399356478166e-08,ENSG00000115009.11
ENSG00000189377.8,151477.21601260384,-2.6020380737544095,5.7668659338467664e-09,2.4517744254059694e-08,ENSG00000189377.8
ENSG00000269067.1,1661.984519786856,1.8819868518714626,5.8836468796166136e-09,2.4998881354714872e-08,ENSG00000269067.1
ENSG00000234264.1,363.0162630139387,-3.1248269072132473,6.306943301271067e-09,2.6696268849895438e-08,ENSG00000234264.1
ENSG00000205231.1,643.7110045880187,1.9906020141815823,6.445429621128756e-09,2.7237480850662568e-08,ENSG00000205231.1
ENSG00000269096.6,190.65545024208544,-12.09134672614369,6.855369340643233e-09,2.892214720883177e-08,ENSG00000269096.6
ENSG00000137872.16,73802.68177630498,1.5451746839171248,7.110825380987285e-09,2.994356719339471e-08,ENSG00000137872.16
ENSG00000050438.16,161810.1357176041,-1.532236767366165,7.178569131685451e-09,3.020756705671484e-08,ENSG00000050438.16
ENSG00000112936.18,158020.01630444347,2.061866844701605,7.250611911888087e-09,3.0496420425458964e-08,ENSG00000112936.18
ENSG00000196878.14,454794.75959682866,1.5544693258987585,7.691763592388917e-09,3.222727896805193e-08,ENSG00000196878.14
ENSG00000120251.18,98226.04959719226,-3.242960933706015,7.997837911594759e-09,3.3466699078298685e-08,ENSG00000120251.18
ENSG00000162460.6,578.3401156049996,-4.114370536137057,8.121889011948004e-09,3.397786303133202e-08,ENSG00000162460.6
ENSG00000138684.7,296.4825551077577,-4.6276118260832035,8.196278134441776e-09,3.4273087524187554e-08,ENSG00000138684.7
ENSG00000171540.7,381.55474219609454,-4.184280173597398,8.331483315071167e-09,3.480600817749056e-08,ENSG00000171540.7
ENSG00000170959.14,26800.043538555554,-1.9147853022332701,8.6182737850353e-09,3.5970617940192693e-08,ENSG00000170959.14
ENSG00000092758.15,64383.63105864842,-1.9901179882705373,8.625886066959772e-09,3.599401713940911e-08,ENSG00000092758.15
ENSG00000130700.6,5916.348191900859,-3.7384257382144326,8.69379366676628e-09,3.626051598391152e-08,ENSG00000130700.6
ENSG00000188306.6,1251.067016857508,-2.2343981376905275,8.91959448265013e-09,3.713324450166851e-08,ENSG00000188306.6
ENSG00000115297.10,843.1971517204735,-2.435802544597787,9.048806608772289e-09,3.76275172609968e-08,ENSG00000115297.10
ENSG00000260903.2,1131.071907665871,-2.9579920647265476,9.222188875435989e-09,3.828638014621655e-08,ENSG00000260903.2
ENSG00000267978.5,984.0174853563835,-6.1517689009223595,9.229961469861433e-09,3.830978456019517e-08,ENSG00000267978.5
ENSG00000122592.7,44043.295513006255,1.5362264567904373,9.684309785949838e-09,4.0075085444948787e-08,ENSG00000122592.7
ENSG00000116544.11,5626.866709193952,-1.6166249635164287,1.0171791755536668e-08,4.2014838736094485e-08,ENSG00000116544.11
ENSG00000228723.6,1225.8946271957993,-4.501385943673673,1.0174347518054506e-08,4.2015723248895746e-08,ENSG00000228723.6
ENSG00000270547.5,27690.289255970965,1.5638734626102595,1.0348570729447073e-08,4.270570482945465e-08,ENSG00000270547.5
ENSG00000149948.13,3734.9949909559564,-1.8586456645134308,1.0513932667710822e-08,4.3358192106811144e-08,ENSG00000149948.13
ENSG00000073756.11,38496.59310971835,1.8958093952105588,1.1049802499897998e-08,4.549486146298068e-08,ENSG00000073756.11
ENSG00000240990.9,4701.606416148549,-1.7719412886267252,1.1102286739041626e-08,4.5700465923061227e-08,ENSG00000240990.9
ENSG00000104332.11,1585031.6031926936,2.17451588547642,1.1207946838474885e-08,4.6114237588340944e-08,ENSG00000104332.11
ENSG00000074410.13,2406852.216443617,-1.5659420721700423,1.161555875597715e-08,4.772566310018274e-08,ENSG00000074410.13
ENSG00000118137.9,1966.5345108162687,-2.035329339887602,1.181238994953743e-08,4.846780536577867e-08,ENSG00000118137.9
ENSG00000173114.12,20458.402639682405,1.7349367642380191,1.2058682796351614e-08,4.9421869669926225e-08,ENSG00000173114.12
ENSG00000154162.14,4504.451136647192,1.5305495999955896,1.2136927958266364e-08,4.970849083660657e-08,ENSG00000154162.14
ENSG00000115361.7,13339.911180608764,2.6480319504215,1.2394919397327216e-08,5.067259939536164e-08,ENSG00000115361.7
ENSG00000151640.12,23497.31355517436,-1.6946426237155707,1.258399440989653e-08,5.1375338270028085e-08,ENSG00000151640.12
ENSG00000177627.9,787.0326535971153,1.5511000746096464,1.2653743783054672e-08,5.164214427862938e-08,ENSG00000177627.9
ENSG00000165078.12,8945.183628261027,-2.55212371773775,1.2749279947503489e-08,5.201462712552413e-08,ENSG00000165078.12
ENSG00000148671.13,661010.5934544129,1.5157136605974262,1.2905757006533779e-08,5.261713200823349e-08,ENSG00000148671.13
ENSG00000142484.6,55.73192605856533,-7.603843943903821,1.3345996173253186e-08,5.432559195478265e-08,ENSG00000142484.6
ENSG00000122420.9,26042.19946515544,1.8515551575322131,1.3430348502758836e-08,5.465655322862368e-08,ENSG00000122420.9
ENSG00000180440.3,848.6885600861524,3.9019244797614108,1.3841488502602479e-08,5.6278683027916676e-08,ENSG00000180440.3
ENSG00000196542.8,153302.2885227526,-2.048982793300283,1.4330279608837209e-08,5.816064397678489e-08,ENSG00000196542.8
ENSG00000143546.9,222344.57203897994,-2.516344756750277,1.4478345936129448e-08,5.872173624140386e-08,ENSG00000143546.9
ENSG00000107984.9,42070.13490666818,-2.4407604846483286,1.4784742903534773e-08,5.992379532824135e-08,ENSG00000107984.9
ENSG00000075891.21,11194.64582742873,-2.6065984758027136,1.5148708665460892e-08,6.130204771862083e-08,ENSG00000075891.21
ENSG00000173467.8,622837.596249521,-2.2918803182336815,1.5698374624060037e-08,6.341196215207322e-08,ENSG00000173467.8
ENSG00000163220.10,786739.3499202718,-2.435417419497717,1.5763048151980795e-08,6.365463894643737e-08,ENSG00000163220.10
ENSG00000275152.4,605.9480857078973,2.4779297366637008,1.663795708267473e-08,6.70111928023418e-08,ENSG00000275152.4
ENSG00000187922.13,3968.7375154471706,1.9093971900021225,1.678969214110938e-08,6.754651257576808e-08,ENSG00000187922.13
ENSG00000138653.9,1480.3330653864289,-4.885544225504736,1.701762824842001e-08,6.840217375927426e-08,ENSG00000138653.9
ENSG00000188883.4,30985.89095926555,-1.7505899494367945,1.7143649471163892e-08,6.887785545479035e-08,ENSG00000188883.4
ENSG00000182836.9,11027.967869254458,2.104215309502074,1.7861212636157625e-08,7.161647783923492e-08,ENSG00000182836.9
ENSG00000183960.8,6331.060064705159,2.0569032717749716,1.8622500534822555e-08,7.445265755265623e-08,ENSG00000183960.8
ENSG00000228221.5,6236.258199520985,-1.9230595909566928,1.956953220193577e-08,7.801291186388215e-08,ENSG00000228221.5
ENSG00000113396.12,25720.133699978673,2.0397332692952093,1.969864038196751e-08,7.847528960338433e-08,ENSG00000113396.12
ENSG00000184564.8,420806.4027626182,-2.3333007198263354,2.0634943798222476e-08,8.204139077587102e-08,ENSG00000184564.8
ENSG00000102021.10,50.2241437654881,-7.195970615465398,2.065967634269158e-08,8.212152694216106e-08,ENSG00000102021.10
ENSG00000169218.13,13283.352220195497,1.8126554093701133,2.148720140065881e-08,8.533529321204537e-08,ENSG00000169218.13
ENSG00000130035.6,11641.094767845787,1.5848715969722649,2.157998773797799e-08,8.568482407225914e-08,ENSG00000130035.6
ENSG00000267603.1,420.4772860939892,4.698670708052361,2.1586928395902396e-08,8.569341951497272e-08,ENSG00000267603.1
ENSG00000177108.5,1276.912632608045,-3.289679154826621,2.262901901314286e-08,8.959234072215851e-08,ENSG00000177108.5
ENSG00000170627.10,2843.235870497114,-1.526855588518627,2.3177784385072148e-08,9.164367237138597e-08,ENSG00000170627.10
ENSG00000143847.15,28878.96861460854,-1.5394285662156673,2.3425507951845164e-08,9.25619663466104e-08,ENSG00000143847.15
ENSG00000187398.11,13328.666446489015,1.9677227287305632,2.351708838419549e-08,9.284204991806813e-08,ENSG00000187398.11
ENSG00000152977.9,24679.688121318482,-2.869319611229554,2.40973885013213e-08,9.500756798048957e-08,ENSG00000152977.9
ENSG00000163631.16,45184.92020081696,2.387413443038194,2.414382723211139e-08,9.514884516270035e-08,ENSG00000163631.16
ENSG00000159625.14,1546.1645224757783,-2.409714401768316,2.4793766587444393e-08,9.764586345006908e-08,ENSG00000159625.14
ENSG00000165379.13,8132.435768021842,1.6757299316747614,2.482491545310456e-08,9.77470831632774e-08,ENSG00000165379.13
ENSG00000175766.11,1046.9390529859518,-4.546437932060337,2.4949009412054682e-08,9.817106927203886e-08,ENSG00000175766.11
ENSG00000116176.6,18887.030476213262,-2.19047417712873,2.5581247735702065e-08,1.0054859323586027e-07,ENSG00000116176.6
ENSG00000134323.11,15236.995516394361,-1.6548989242105698,2.5769599297288973e-08,1.0124456321244932e-07,ENSG00000134323.11
ENSG00000204983.13,1399.4247748533542,-3.958828820866219,2.687657290581261e-08,1.0540903773748539e-07,ENSG00000204983.13
ENSG00000043355.11,11637.454221138098,-2.747462590321557,2.7269278264825615e-08,1.0690248195450426e-07,ENSG00000043355.11
ENSG00000009765.14,16699.723639075164,-2.594485021268392,2.7976676398752872e-08,1.0955598093034107e-07,ENSG00000009765.14
ENSG00000147485.12,29486.062565891636,-1.8840678721952195,2.8764088552701168e-08,1.1241865408432086e-07,ENSG00000147485.12
ENSG00000133169.5,45610.50920763583,-2.647075944825385,3.067954108552985e-08,1.194106303031805e-07,ENSG00000133169.5
ENSG00000127743.5,7085.490497575215,1.9783512042664326,3.072429632980733e-08,1.1955889157357037e-07,ENSG00000127743.5
ENSG00000189410.11,1275.9776272571103,-1.884706664988007,3.1448061355422444e-08,1.221633610955499e-07,ENSG00000189410.11
ENSG00000138083.4,8902.126871301296,-2.4460879231066386,3.159448598118163e-08,1.2267904392130319e-07,ENSG00000138083.4
ENSG00000178597.6,534.7602590091292,-6.739577839525239,3.223903918709436e-08,1.2507353083979115e-07,ENSG00000178597.6
ENSG00000188886.3,1899.0350436024694,-1.5177809488394902,3.2921380518172805e-08,1.2755524306576866e-07,ENSG00000188886.3
ENSG00000026559.13,30872.078739751967,-2.263681171082646,3.3092335764690486e-08,1.281346095437724e-07,ENSG00000026559.13
ENSG00000177202.2,1402.7537868019497,-1.9065625740948282,3.316486593300515e-08,1.283821789183685e-07,ENSG00000177202.2
ENSG00000100253.12,944.4213340033806,-1.8711539838077098,3.377418709225623e-08,1.3052126620640826e-07,ENSG00000100253.12
ENSG00000183206.17,3574.4561896812434,-3.9993274972157673,3.3900256928583607e-08,1.3098025625959855e-07,ENSG00000183206.17
ENSG00000069812.11,34731.75891638577,-1.8184003134986317,3.422252819747241e-08,1.3214005238804548e-07,ENSG00000069812.11
ENSG00000172752.14,1094.3275626943382,-2.8328801048082015,3.457139649740106e-08,1.333436301274435e-07,ENSG00000172752.14
ENSG00000145198.14,7215.980995391368,-1.7527630887969767,3.495412283496729e-08,1.3467507537638352e-07,ENSG00000145198.14
ENSG00000134115.12,1843.7385469446037,1.9403310944754248,3.528083297815511e-08,1.3584634895429983e-07,ENSG00000134115.12
ENSG00000100285.9,48342.553719123796,-1.743762831094428,3.538536352940227e-08,1.3619038563021557e-07,ENSG00000100285.9
ENSG00000114757.18,17899.086921668073,-2.0717292792320414,3.620198752137918e-08,1.3927364110122354e-07,ENSG00000114757.18
ENSG00000180999.10,496.5260142617461,-3.0196784895250244,3.626139020461722e-08,1.3947226676129622e-07,ENSG00000180999.10
ENSG00000101188.4,1691.023505441514,-2.501865917035715,3.899263893633702e-08,1.4920983587858716e-07,ENSG00000101188.4
ENSG00000166105.15,3433.218384736355,1.9668422734114772,3.919131849239012e-08,1.499061666401526e-07,ENSG00000166105.15
ENSG00000184330.11,13829.961663127338,-5.441569170209008,3.987050946026364e-08,1.5237413232066252e-07,ENSG00000184330.11
ENSG00000163017.13,414691.3286916502,2.012853887487156,4.040516432136178e-08,1.542859892356234e-07,ENSG00000163017.13
ENSG00000108309.13,11462.622676490064,-1.8216551349343226,4.1287607447395996e-08,1.5742106681441272e-07,ENSG00000108309.13
ENSG00000187772.7,407.81831761288953,-7.938449751998736,4.1472314833892564e-08,1.580917240417536e-07,ENSG00000187772.7
ENSG00000237515.8,46237.01968229791,-1.9972674237545467,4.165768951785126e-08,1.5876463955369693e-07,ENSG00000237515.8
ENSG00000229613.1,95.82560821953264,-5.820487836579712,4.204445672885093e-08,1.6010265006064776e-07,ENSG00000229613.1
ENSG00000116183.10,10525.142284367617,1.9482935616081989,4.210063986062853e-08,1.6028257607028595e-07,ENSG00000116183.10
ENSG00000182040.8,1880.3241512496509,-2.1907002232721644,4.2550433342450626e-08,1.6192628323724105e-07,ENSG00000182040.8
ENSG00000168907.13,32456.632673536962,-1.5075339177360212,4.3544061643860646e-08,1.6560218272060015e-07,ENSG00000168907.13
ENSG00000259823.5,4215.207860025127,-2.7671423492750615,4.665515759434444e-08,1.7694641570816367e-07,ENSG00000259823.5
ENSG00000189252.4,49.94830761993746,-7.497372390026243,4.956640187045526e-08,1.8747258616390784e-07,ENSG00000189252.4
ENSG00000089012.14,14754.173082770749,-1.576988993575707,5.062539787202962e-08,1.913166625985315e-07,ENSG00000089012.14
ENSG00000151655.18,10742.291464755972,2.2746989863335245,5.087666331925322e-08,1.9222572540268698e-07,ENSG00000151655.18
ENSG00000177614.10,44164.38208155403,-1.623030534620453,5.125706365964136e-08,1.935814551136487e-07,ENSG00000177614.10
ENSG00000114113.6,1576.2520659167537,-1.9903846186578649,5.2363450616646274e-08,1.975935634941081e-07,ENSG00000114113.6
ENSG00000171509.15,1278.4932523250743,-1.8202294548978584,5.371451263873053e-08,2.0226642188389128e-07,ENSG00000171509.15
ENSG00000163040.14,277756.08386004274,-1.6439714629754683,5.562652596111211e-08,2.092905756595166e-07,ENSG00000163040.14
ENSG00000101074.3,295.8833064254126,-3.830419676576657,5.693165653798484e-08,2.1388708401613526e-07,ENSG00000101074.3
ENSG00000259125.1,8939.38706573495,1.5572921344933963,6.015640574827612e-08,2.2534162595852156e-07,ENSG00000259125.1
ENSG00000132464.11,111164.82452275294,1.8577852252170575,6.07271209242592e-08,2.2724227961292656e-07,ENSG00000132464.11
ENSG00000066032.18,3373.5348004290504,-3.1094122624621905,6.096371651066378e-08,2.280800594976731e-07,ENSG00000066032.18
ENSG00000107187.15,44.27333631165398,-7.348170949428705,6.425672222679944e-08,2.396006581287328e-07,ENSG00000107187.15
ENSG00000258498.8,10752.642857566034,1.6929526782115387,6.491491173501775e-08,2.4200462523611543e-07,ENSG00000258498.8
ENSG00000154080.13,25421.512648086384,2.062314775873637,6.532734421437586e-08,2.4344102538702934e-07,ENSG00000154080.13
ENSG00000140873.15,18873.330558863447,1.7789435352290883,6.990791102621416e-08,2.600243879650416e-07,ENSG00000140873.15
ENSG00000172399.5,1013.5411387983113,1.7304752392522642,7.002104956735267e-08,2.603912315827998e-07,ENSG00000172399.5
ENSG00000118526.6,409.1409195021293,2.657742402313714,7.05092174884912e-08,2.621522771230828e-07,ENSG00000118526.6
ENSG00000227234.1,459.2619995743895,-4.743940599098291,7.250124386707256e-08,2.692238863217887e-07,ENSG00000227234.1
ENSG00000186297.11,726.8429146748762,-4.273863114903038,7.306415491137597e-08,2.712019304043895e-07,ENSG00000186297.11
ENSG00000153822.13,10047.069373992892,2.7388799563345207,7.525254059479207e-08,2.7897858179594094e-07,ENSG00000153822.13
ENSG00000160180.15,1372673.8105680465,-2.1387356940603968,7.59672228502618e-08,2.813955160202823e-07,ENSG00000160180.15
ENSG00000126259.19,3949.0272756883514,-2.5240870901302643,7.599513404189867e-08,2.8144080291306246e-07,ENSG00000126259.19
ENSG00000163064.6,70109.27047428685,-2.0475375588602476,7.994807211458345e-08,2.954702900004059e-07,ENSG00000163064.6
ENSG00000064195.7,29473.836815565122,-1.5041677677150505,8.207750186372004e-08,3.028411712812521e-07,ENSG00000064195.7
ENSG00000253898.1,175.5863455504803,-9.269000479918194,8.226017582581955e-08,3.03452782656801e-07,ENSG00000253898.1
ENSG00000013293.5,632.2667741814644,2.891941229468152,8.504241649000605e-08,3.1326546480808426e-07,ENSG00000013293.5
ENSG00000178395.6,889.9516841256695,-2.698613247985354,8.530385854759127e-08,3.141640258455316e-07,ENSG00000178395.6
ENSG00000196167.9,23961.127610899417,1.7190789118420529,8.738549401748742e-08,3.2163239367297985e-07,ENSG00000196167.9
ENSG00000143355.15,1078.021814284044,-3.72605958514909,9.193394102196037e-08,3.378191078756983e-07,ENSG00000143355.15
ENSG00000231133.6,1925.7087283576896,-2.399932608638379,9.225458659954697e-08,3.3892793762401136e-07,ENSG00000231133.6
ENSG00000100121.12,18296.12305546211,-1.5819784315915268,9.602167233842124e-08,3.520861895477909e-07,ENSG00000100121.12
ENSG00000230461.8,898.1608526225499,2.2821275446482336,9.895956356363275e-08,3.6229982636650937e-07,ENSG00000230461.8
ENSG00000160868.14,646.1928678692949,1.9727536635790532,1.008050353543158e-07,3.683797860208734e-07,ENSG00000160868.14
ENSG00000156219.16,12838.071636795114,-2.67329513345987,1.0265204764032942e-07,3.7471893232834226e-07,ENSG00000156219.16
ENSG00000155495.8,1288.9820994654397,-4.195734015809788,1.0859086923004274e-07,3.9530248865787315e-07,ENSG00000155495.8
ENSG00000131203.12,93365.04997522084,-1.8704982898694136,1.116964768799762e-07,4.061957609763707e-07,ENSG00000131203.12
ENSG00000133055.8,1385.7755764994256,-1.652767646511698,1.1235565101838492e-07,4.0842735944547825e-07,ENSG00000133055.8
ENSG00000005073.5,7777.038606040621,-1.6047077332524284,1.1550179457206169e-07,4.193542492931005e-07,ENSG00000005073.5
ENSG00000099957.16,3689.6848469080237,1.5458942052794646,1.1697168852620489e-07,4.2426177627363945e-07,ENSG00000099957.16
ENSG00000178343.4,2671.6927020144067,2.1677530024357865,1.220822809673749e-07,4.419048552345386e-07,ENSG00000178343.4
ENSG00000170608.2,7053.910423740571,-2.4188474063867393,1.224709533430226e-07,4.4322233074502906e-07,ENSG00000170608.2
ENSG00000203972.9,575.3503966920422,-8.171349795984984,1.2314739245406432e-07,4.452213707038638e-07,ENSG00000203972.9
ENSG00000161031.12,41973.84344682032,-2.295637243646083,1.233320816095847e-07,4.457992627559988e-07,ENSG00000161031.12
ENSG00000171951.4,20466.144292947076,-1.5118763693118404,1.2500991246565414e-07,4.517729827535211e-07,ENSG00000171951.4
ENSG00000197106.6,15375.251440555174,-1.767238806983472,1.2807606820533815e-07,4.627605501023726e-07,ENSG00000197106.6
ENSG00000166573.5,468.8903835030183,3.1921719992581297,1.2958858778817739e-07,4.679428518179245e-07,ENSG00000166573.5
ENSG00000063015.19,3635.480693407242,-2.557950879963933,1.333347298771633e-07,4.80406638189948e-07,ENSG00000063015.19
ENSG00000089250.18,1161.5109989870543,2.180456607803609,1.3729396867020484e-07,4.940765503107672e-07,ENSG00000089250.18
ENSG00000188505.4,74058.3028978532,-2.1994297687859983,1.4241290202735666e-07,5.119845123375798e-07,ENSG00000188505.4
ENSG00000162631.18,19874.21171224676,-2.4810730947178916,1.4287172417311822e-07,5.135311191583053e-07,ENSG00000162631.18
ENSG00000204022.9,632.4718126397171,1.5864654414156238,1.429237905819957e-07,5.136153764095231e-07,ENSG00000204022.9
ENSG00000147724.11,11750.394539585943,-2.216912981546479,1.4856095918756164e-07,5.32593264875608e-07,ENSG00000147724.11
ENSG00000132465.10,1416129.477505107,1.7702997512790528,1.520688726301769e-07,5.444077776542825e-07,ENSG00000132465.10
ENSG00000170788.13,536.924617464469,-2.760136411162838,1.5222716681102216e-07,5.448657598424438e-07,ENSG00000170788.13
ENSG00000163440.11,51.01690304293931,-7.2556190052464515,1.581627788199791e-07,5.64759152311818e-07,ENSG00000163440.11
ENSG00000154478.3,7429.026136257033,-2.9984531047427603,1.5823182905790254e-07,5.648932966147922e-07,ENSG00000154478.3
ENSG00000135298.13,2916.8422284725625,1.769658847615026,1.617865295437018e-07,5.771156444188716e-07,ENSG00000135298.13
ENSG00000162761.14,2063.0401368074645,2.2058096787307826,1.620349188554496e-07,5.777807132399309e-07,ENSG00000162761.14
ENSG00000154493.17,6317.871916430718,2.326834399328336,1.6747063970950465e-07,5.960971411044717e-07,ENSG00000154493.17
ENSG00000197444.9,8498.47633209516,-2.259148981546811,1.678441795328001e-07,5.97308233509923e-07,ENSG00000197444.9
ENSG00000157064.10,33665.09923471987,1.665850474880188,1.7025295822412893e-07,6.055200851170556e-07,ENSG00000157064.10
ENSG00000181374.7,11404.245916668051,1.8721446622944151,1.71142116394501e-07,6.08320719981484e-07,ENSG00000181374.7
ENSG00000249306.5,18020.56108442919,-2.5706025161724333,1.7168610039324837e-07,6.097711202209136e-07,ENSG00000249306.5
ENSG00000170786.12,108024.20986888676,-1.9978932761576318,1.763539138140025e-07,6.256066183401832e-07,ENSG00000170786.12
ENSG00000123838.10,8412.463501334132,2.5599205627084274,1.7713101353219013e-07,6.279908665892289e-07,ENSG00000123838.10
ENSG00000105523.3,58170.463870447216,-1.7917886614821608,1.7789077516805871e-07,6.304353503536396e-07,ENSG00000105523.3
ENSG00000140955.10,2932.115938441578,1.738805171716946,1.8016718513593932e-07,6.381247143494195e-07,ENSG00000140955.10
ENSG00000144354.13,61622.72759278519,-1.6193562872014133,1.8215897947713026e-07,6.446661325707004e-07,ENSG00000144354.13
ENSG00000091831.22,3012539.842914049,-1.776775396983538,1.8710138726992817e-07,6.609884213003193e-07,ENSG00000091831.22
ENSG00000203985.10,6744.962379533929,-2.020172445909738,1.922558956372549e-07,6.786636898326313e-07,ENSG00000203985.10
ENSG00000251533.2,1454.3350731707794,-1.9660355153205207,1.9557519774825186e-07,6.899736085719393e-07,ENSG00000251533.2
ENSG00000214652.5,5102.988763620455,1.5037502312785351,1.9787344627353816e-07,6.975330543194686e-07,ENSG00000214652.5
ENSG00000172867.3,821.3122434919272,-1.7350854868160672,1.9889014101422696e-07,7.008416732557491e-07,ENSG00000172867.3
ENSG00000114200.9,11529.94136408811,1.699415114466797,2.0109471204316763e-07,7.083318449529951e-07,ENSG00000114200.9
ENSG00000100867.14,887964.475583596,-2.6351143304380833,2.0130925990575632e-07,7.089483906749727e-07,ENSG00000100867.14
ENSG00000261787.1,751.7439906850632,-3.142781766924705,2.071899063748022e-07,7.285143033672499e-07,ENSG00000261787.1
ENSG00000185610.6,1892.096687721332,1.9052883524543947,2.0980268337243454e-07,7.371234673490489e-07,ENSG00000185610.6
ENSG00000197079.8,334.5490558552199,-2.1034543252158615,2.106901855838712e-07,7.400967110280738e-07,ENSG00000197079.8
ENSG00000184709.7,38902.97513647843,-1.906235958069772,2.135536187191027e-07,7.497148465421365e-07,ENSG00000184709.7
ENSG00000229859.9,1066.388237613553,2.856181282920984,2.1494816048714164e-07,7.541679396990189e-07,ENSG00000229859.9
ENSG00000178473.6,143.06649841927904,-8.474022949463714,2.1894751507021368e-07,7.677497093814431e-07,ENSG00000178473.6
ENSG00000169174.10,7411.6209815870925,-1.7255867095601665,2.3687532818801731e-07,8.265760431111619e-07,ENSG00000169174.10
ENSG00000156006.4,4591.5668966894955,-1.9517026281534144,2.409027404614078e-07,8.401395281047697e-07,ENSG00000156006.4
ENSG00000203756.7,530.0863584519194,-1.7726333348689962,2.416306687606902e-07,8.425143975073969e-07,ENSG00000203756.7
ENSG00000180875.4,16535.52105552759,1.6830789264929578,2.4290983059601787e-07,8.463167165794852e-07,ENSG00000180875.4
ENSG00000169836.4,1175.7538743366451,-3.2874575306139007,2.4976606219330345e-07,8.6902316345442e-07,ENSG00000169836.4
ENSG00000148123.14,3505.728444543286,2.3725008467023687,2.5601248376675856e-07,8.892047998890725e-07,ENSG00000148123.14
ENSG00000169347.16,212857.43571612716,-2.593643332771827,2.603485903882841e-07,9.035026782107585e-07,ENSG00000169347.16
ENSG00000229522.1,32.85727644367041,-6.644240408118661,2.8574890627436057e-07,9.859985817847792e-07,ENSG00000229522.1
ENSG00000066813.14,342.5289777486377,3.4738865350886967,2.880016736875202e-07,9.931989296511965e-07,ENSG00000066813.14
ENSG00000173702.7,2826.8583349681726,-2.6582445586505314,2.966228076567224e-07,1.0215552855632572e-06,ENSG00000173702.7
ENSG00000172554.11,3579.6414819968163,1.8953984970067668,3.02261102195919e-07,1.0405738596894427e-06,ENSG00000172554.11
ENSG00000162897.14,1221.4259897265335,-2.9251340714217293,3.064877660796848e-07,1.0545177347589233e-06,ENSG00000162897.14
ENSG00000205777.17,216.21277808197232,-10.85946870294279,3.104744163162826e-07,1.0668024611189313e-06,ENSG00000205777.17
ENSG00000205634.6,1136.7229385403282,-3.042318524583388,3.198625849177138e-07,1.0971696350943488e-06,ENSG00000205634.6
ENSG00000204091.7,365.2397533502098,-3.3715025850042615,3.317769979874234e-07,1.1343511194528083e-06,ENSG00000204091.7
ENSG00000105668.7,7118.414371020019,-2.143212966387968,3.5488595080725315e-07,1.209902833998583e-06,ENSG00000105668.7
ENSG00000129151.8,45805.539624185716,2.0254961014248845,3.5899696590662365e-07,1.2229889043597016e-06,ENSG00000129151.8
ENSG00000165973.18,6249.230595505626,-3.693134188890388,3.649809549684082e-07,1.2424309002083377e-06,ENSG00000165973.18
ENSG00000160856.20,14158.684265664546,-1.724878488228199,3.736039770233221e-07,1.2703384801458154e-06,ENSG00000160856.20
ENSG00000256124.5,17075.880837366632,2.15661496569526,3.79643688940106e-07,1.2896529175790083e-06,ENSG00000256124.5
ENSG00000152092.15,9975.009141781176,1.8183231657375174,3.804521082039178e-07,1.2919099503222742e-06,ENSG00000152092.15
ENSG00000128285.4,7212.275775752227,-1.5686955248962184,3.9063020486247594e-07,1.3244666980059346e-06,ENSG00000128285.4
ENSG00000145808.9,12420.863610260807,-2.156934456399007,3.94911440730683e-07,1.3382239813089036e-06,ENSG00000145808.9
ENSG00000187855.5,1166.2665102684339,-2.859669704681494,3.957106117375323e-07,1.3406789098199664e-06,ENSG00000187855.5
ENSG00000185306.12,1778.6498334316277,-2.56874617244686,3.978669042690652e-07,1.3474756253869077e-06,ENSG00000185306.12
ENSG00000124721.17,1496.6611973736237,-1.6979080045832573,4.02441701094427e-07,1.3616842245403174e-06,ENSG00000124721.17
ENSG00000198768.10,32885.25096101415,1.5540516691628103,4.0521294543710765e-07,1.3708023906444236e-06,ENSG00000198768.10
ENSG00000205846.3,796.6436230348908,-2.9183457929719725,4.074625003470807e-07,1.3776332473577668e-06,ENSG00000205846.3
ENSG00000183747.11,326.8631976747569,3.735862343557333,4.1119114521158257e-07,1.3886698133881848e-06,ENSG00000183747.11
ENSG00000230316.6,1163.907515924236,-2.9296449862436744,4.217479814068599e-07,1.4216464456853819e-06,ENSG00000230316.6
ENSG00000147432.6,29.13866260380117,-6.319378778527512,4.21746292080068e-07,1.4216464456853819e-06,ENSG00000147432.6
ENSG00000158164.6,14754.205366322987,-1.6618062313737962,4.464211873447671e-07,1.5003063053993548e-06,ENSG00000158164.6
ENSG00000100095.18,21608.629658668913,-2.0407203152576967,4.51831415904986e-07,1.517920070320757e-06,ENSG00000100095.18
ENSG00000111262.5,4891.6050000000405,2.029734456744162,4.7219779931517907e-07,1.5845605223699753e-06,ENSG00000111262.5
ENSG00000166405.14,30404.45228670162,1.5778033544822576,4.812925119932091e-07,1.6125874142013127e-06,ENSG00000166405.14
ENSG00000182901.16,2733.7686757209867,-2.132091145946698,4.872390768369362e-07,1.6304607899450104e-06,ENSG00000182901.16
ENSG00000071677.1,204.71098548254378,-3.20493347266791,4.934495609222692e-07,1.6503197524004242e-06,ENSG00000071677.1
ENSG00000163218.14,1960.7903714012748,-3.1487849471240654,5.367062258894567e-07,1.7869956970002824e-06,ENSG00000163218.14
ENSG00000236036.1,295.4649985138037,3.6425511724432207,5.47309916260827e-07,1.8202746668152027e-06,ENSG00000236036.1
ENSG00000204779.2,1043.6018210243603,-1.6531910375986751,5.548796812703822e-07,1.843400503801975e-06,ENSG00000204779.2
ENSG00000231439.4,7250.123867278102,-1.6569770899548393,5.617208970030532e-07,1.8650921641239422e-06,ENSG00000231439.4
ENSG00000143194.12,1888.2958761709867,-1.857931045051645,5.683836440653148e-07,1.886516412405465e-06,ENSG00000143194.12
ENSG00000197891.11,435.548249666358,4.837864303344612,5.877956965175198e-07,1.947344568429442e-06,ENSG00000197891.11
ENSG00000197584.11,1416.0639682994542,1.7609227386834498,6.004526857450287e-07,1.987075348639441e-06,ENSG00000197584.11
ENSG00000101198.14,1414.288845567755,-1.7727208290379541,6.176180921484894e-07,2.039742578210997e-06,ENSG00000101198.14
ENSG00000198944.5,52208.503894983995,-1.7861977432679628,6.255943456149505e-07,2.064564896702052e-06,ENSG00000198944.5
ENSG00000100721.10,7549.049585564241,-2.299454009245998,6.521426213302218e-07,2.1470449641336093e-06,ENSG00000100721.10
ENSG00000261678.2,699.7666351724758,-1.9864248597175052,6.740984519108345e-07,2.2156710977534535e-06,ENSG00000261678.2
ENSG00000022355.16,183.6879134567395,-5.270658609413801,6.755381850633464e-07,2.2191837522137723e-06,ENSG00000022355.16
ENSG00000147488.11,2041.4545831805792,-1.5147962300508486,7.00775830495746e-07,2.296624790243867e-06,ENSG00000147488.11
ENSG00000125931.10,40026.90646553305,1.9282105627494035,7.09836037731098e-07,2.324194895074652e-06,ENSG00000125931.10
ENSG00000120563.8,161.3300710472756,-3.933828284417908,7.147822514220296e-07,2.3399631339656045e-06,ENSG00000120563.8
ENSG00000176406.22,23970.117441272796,-1.8501379827852198,7.287187868890148e-07,2.3825439491890655e-06,ENSG00000176406.22
ENSG00000189139.5,52.64060101093591,-7.596840017091267,7.411315649149375e-07,2.422244748500678e-06,ENSG00000189139.5
ENSG00000137699.16,413430.0117057929,1.6828705518532767,7.672378650438016e-07,2.5030089113601697e-06,ENSG00000137699.16
ENSG00000089199.9,39290.30652710805,-2.88732599365912,8.630577638828177e-07,2.7957836175030505e-06,ENSG00000089199.9
ENSG00000164326.4,13961.73270570481,-5.524871051215532,8.67764034760754e-07,2.8090005548822316e-06,ENSG00000164326.4
ENSG00000137090.11,799.8862966638553,-4.432598631058362,8.880173180860351e-07,2.86990179006083e-06,ENSG00000137090.11
ENSG00000147381.11,2683.463702616381,-5.585898066302328,8.936609768039278e-07,2.887100991500338e-06,ENSG00000147381.11
ENSG00000188517.14,10300.123040429906,1.7339188149166016,9.070994503240558e-07,2.925774840403475e-06,ENSG00000188517.14
ENSG00000120075.5,32763.53489781936,-1.7410602563964022,9.334457225151532e-07,3.005889554754019e-06,ENSG00000120075.5
ENSG00000155918.7,4690.219650227121,-1.8805673685017534,9.420349817703236e-07,3.029742548468349e-06,ENSG00000155918.7
ENSG00000164175.14,828.1601783666688,-1.5190146148419224,9.790619662004221e-07,3.1443187505878245e-06,ENSG00000164175.14
ENSG00000197261.11,73422.2804553068,-1.565289264433526,1.0053232139960135e-06,3.2223141173151965e-06,ENSG00000197261.11
ENSG00000261701.6,1176.4227134543316,2.363486004964102,1.0421359498999543e-06,3.333163163824399e-06,ENSG00000261701.6
ENSG00000130540.13,9910.0193518384,-1.9588955953041163,1.05413164986953e-06,3.3679280971525957e-06,ENSG00000130540.13
ENSG00000152192.7,2342.4119348286094,-3.9397785238343337,1.0626671064076633e-06,3.3933859922179577e-06,ENSG00000152192.7
ENSG00000170442.11,39212.94910073766,-1.7225141659948764,1.1219317308428085e-06,3.5749992979066793e-06,ENSG00000170442.11
ENSG00000171759.9,10209.955186576346,-2.206430657768569,1.1763707901793702e-06,3.7391711405116812e-06,ENSG00000171759.9
ENSG00000150361.11,2188.650445738531,-6.987331549945191,1.196576093073741e-06,3.8013747942673752e-06,ENSG00000150361.11
ENSG00000163075.12,7351.592595572255,-1.542173725082022,1.2397327906563223e-06,3.931517402394201e-06,ENSG00000163075.12
ENSG00000205358.3,1424.9806007231598,-1.8682668703234677,1.248567511412931e-06,3.957436293460912e-06,ENSG00000205358.3
ENSG00000139151.14,536.122821503349,2.9590498842154886,1.25275689551575e-06,3.967210902971956e-06,ENSG00000139151.14
ENSG00000160867.14,111407.06818255511,-1.6033762032618317,1.2728075664371252e-06,4.027153264782461e-06,ENSG00000160867.14
ENSG00000188162.10,230.19359991366244,-4.071177785992933,1.283398206671624e-06,4.055655868670121e-06,ENSG00000188162.10
ENSG00000178171.10,638.9771457534421,-4.375003323738912,1.3423637469043056e-06,4.231558803707652e-06,ENSG00000178171.10
ENSG00000162494.5,426.002148451006,2.7802255571016192,1.3681595783040628e-06,4.3098467895909054e-06,ENSG00000162494.5
ENSG00000170819.4,1974.6835157849487,-1.7315989303884505,1.3873805185430768e-06,4.366561768850803e-06,ENSG00000170819.4
ENSG00000185742.6,442.0296611812511,2.8177055232031445,1.4098036501503133e-06,4.430917305070428e-06,ENSG00000185742.6
ENSG00000161055.3,59774.20912550117,2.283556982267722,1.4548498310362675e-06,4.564499128918298e-06,ENSG00000161055.3
ENSG00000173627.7,723.2881323491633,-3.9669600113774375,1.4871981648226933e-06,4.6610998552687485e-06,ENSG00000173627.7
ENSG00000108511.9,51442.86493694225,-1.532751345061151,1.517821801947278e-06,4.755417599500612e-06,ENSG00000108511.9
ENSG00000261949.5,408.9237971397465,-3.4543342741198306,1.5375254371133152e-06,4.8146280834422706e-06,ENSG00000261949.5
ENSG00000178828.6,1790.256750203734,2.8331585729426694,1.635032401142506e-06,5.1039294317501714e-06,ENSG00000178828.6
ENSG00000269235.1,3702.91102680393,-1.5358055747973758,1.6423191317512475e-06,5.1240014225374075e-06,ENSG00000269235.1
ENSG00000133454.15,6177.605970547442,-1.787168461035975,1.7141888128941766e-06,5.3333951568857655e-06,ENSG00000133454.15
ENSG00000149735.6,494.52512551591536,-2.7590765517260385,1.7328057341550972e-06,5.386648178784635e-06,ENSG00000149735.6
ENSG00000229630.1,231.50608084837623,-2.7256270137833893,1.7853183460940943e-06,5.539333751334313e-06,ENSG00000229630.1
ENSG00000180269.7,2039.483180348216,-4.557204435146439,1.8199366487275015e-06,5.635051473359372e-06,ENSG00000180269.7
ENSG00000249853.7,1084.1432007238466,-2.7542153446546536,1.8487230271674933e-06,5.721220640991089e-06,ENSG00000249853.7
ENSG00000204544.5,558.8111468274445,-3.5244126459567977,1.878890707953039e-06,5.8085692578913475e-06,ENSG00000204544.5
ENSG00000187833.7,35.96841194153543,-7.0497680682336314,1.8785113850567296e-06,5.8085692578913475e-06,ENSG00000187833.7
ENSG00000188100.8,2018.760276922368,-3.2003387943123895,1.8986866362118886e-06,5.865725604950055e-06,ENSG00000188100.8
ENSG00000196406.4,58.113883123615274,-7.567811260592122,1.9609943439427416e-06,6.048843306406157e-06,ENSG00000196406.4
ENSG00000170743.16,53092.428183706535,-1.869561255120975,2.0213103187341298e-06,6.225261079479315e-06,ENSG00000170743.16
ENSG00000156920.10,341.5172160247287,3.7983342750374676,2.0273458588767123e-06,6.242777886704111e-06,ENSG00000156920.10
ENSG00000258986.6,5816.674174814688,-2.915471105634651,2.0333045220564918e-06,6.256831253517344e-06,ENSG00000258986.6
ENSG00000165061.14,12635.723857948138,-2.070942725514174,2.0803589714283636e-06,6.396091688039927e-06,ENSG00000165061.14
ENSG00000214814.7,1707.4044140435053,-1.812902622832603,2.1798991668254038e-06,6.688428650880339e-06,ENSG00000214814.7
ENSG00000167751.12,2814.536309187493,2.188944467753459,2.2255826943518084e-06,6.823928620087919e-06,ENSG00000167751.12
ENSG00000204978.2,226.23262314619745,2.3614780274969727,2.3000733326491047e-06,7.033960798180735e-06,ENSG00000204978.2
ENSG00000197616.11,455.1213281016769,-3.080536760903132,2.3117996011656506e-06,7.066545186322874e-06,ENSG00000197616.11
ENSG00000164893.8,2508.033241886194,-1.983975629632427,2.333168650488362e-06,7.128221538517398e-06,ENSG00000164893.8
ENSG00000179826.6,3037.517458307643,2.468624528718081,2.3880171418693545e-06,7.282153565017306e-06,ENSG00000179826.6
ENSG00000163283.6,158.6327415464362,-4.814598957056903,2.389478254155693e-06,7.285370996485234e-06,ENSG00000163283.6
ENSG00000253868.3,189.98931353162084,-3.3431752166984663,2.3994452302002735e-06,7.313274293440379e-06,ENSG00000253868.3
ENSG00000150722.10,3146.371547544275,-2.057885616738428,2.415114241182297e-06,7.3597817305594354e-06,ENSG00000150722.10
ENSG00000105251.10,585.0491385060517,-2.491076406836555,2.4651842216795114e-06,7.507264169992443e-06,ENSG00000105251.10
ENSG00000152785.6,2862.3993601041807,2.340707763914214,2.502136896203979e-06,7.610754759889471e-06,ENSG00000152785.6
ENSG00000170423.12,654.8460724254815,-1.9152967252648792,2.522907227861131e-06,7.671331026861934e-06,ENSG00000170423.12
ENSG00000198573.6,93.9910776915597,-5.643799303038417,2.673795671973657e-06,8.109519226204078e-06,ENSG00000198573.6
ENSG00000175267.14,4979.235199510735,-1.7319567056745129,2.701336082074746e-06,8.183365409533543e-06,ENSG00000175267.14
ENSG00000204538.3,2887.9516562224567,-1.822491301436429,2.701025718479237e-06,8.183365409533543e-06,ENSG00000204538.3
ENSG00000124003.12,335.9354939175724,2.67604718638835,2.7815967619126155e-06,8.413720616823678e-06,ENSG00000124003.12
ENSG00000186847.5,1253867.5034777417,2.003983428531018,2.862473569631192e-06,8.651063375424031e-06,ENSG00000186847.5
ENSG00000170324.20,4839.099637343222,1.6583363818314,2.90731109492806e-06,8.78065695611752e-06,ENSG00000170324.20
ENSG00000161992.5,138.7682952230212,-3.686519250910132,2.920352571427154e-06,8.816969906108546e-06,ENSG00000161992.5
ENSG00000114248.9,28284.302355763517,-2.3373340737457267,2.957592566124016e-06,8.922004608938e-06,ENSG00000114248.9
ENSG00000131142.13,637.8833906045705,-2.033809974970081,3.1819847427109763e-06,9.558739701734981e-06,ENSG00000131142.13
ENSG00000142515.14,4349.972868125475,3.0483718113655622,3.193062803694409e-06,9.590412769783861e-06,ENSG00000142515.14
ENSG00000281128.1,255.74755080443862,2.9257963977374035,3.392082607118292e-06,1.0154177213801054e-05,ENSG00000281128.1
ENSG00000204740.10,17633.031538898864,-2.0441005716110583,3.4445056974859403e-06,1.0300794288331704e-05,ENSG00000204740.10
ENSG00000196092.12,14533.167523757542,-1.9251705490536735,3.452013890303814e-06,1.0321527284406155e-05,ENSG00000196092.12
ENSG00000169509.5,102.50394711052688,-8.232498393887694,3.541319249584767e-06,1.0576213597752909e-05,ENSG00000169509.5
ENSG00000168671.9,4873.736169598783,-1.8299003046283655,3.5739841719961894e-06,1.0668440858114727e-05,ENSG00000168671.9
ENSG00000170516.16,239.0882170740845,-9.766280370680295,3.6390849370623746e-06,1.0857349688345559e-05,ENSG00000170516.16
ENSG00000109758.8,1730.6650882913802,-1.7097253925013378,3.815389659697185e-06,1.136069310719326e-05,ENSG00000109758.8
ENSG00000126467.10,1213.9447502054968,1.5345091891382505,3.867655324012759e-06,1.1501050626244769e-05,ENSG00000126467.10
ENSG00000091138.12,22797.18658189135,2.2289313338810004,3.89527892063263e-06,1.158127417943849e-05,ENSG00000091138.12
ENSG00000158786.4,311.4817136096595,-3.102123057121845,4.0299643200593166e-06,1.1959915612772796e-05,ENSG00000158786.4
ENSG00000204335.3,14308.690355016803,-1.9593192171210072,4.059920209560788e-06,1.203702048247247e-05,ENSG00000204335.3
ENSG00000238141.2,435.16875479781436,-1.5254782516609917,4.193958871312234e-06,1.2403527942633165e-05,ENSG00000238141.2
ENSG00000078725.12,22012.012310780516,1.8495628471772003,4.365575154880116e-06,1.2870771443314808e-05,ENSG00000078725.12
ENSG00000186081.11,1620738.6844253433,1.8513812170132267,4.440338509881691e-06,1.3076151958445294e-05,ENSG00000186081.11
ENSG00000105143.12,3882.1146774105623,-3.279247346899082,4.703796119021774e-06,1.3802160877123088e-05,ENSG00000105143.12
ENSG00000175664.9,237.21858510978925,3.1838121778072086,4.784912451389349e-06,1.4022011604030871e-05,ENSG00000175664.9
ENSG00000182687.3,399.329639187976,-1.7931859871589986,4.869243751238586e-06,1.4259644300387457e-05,ENSG00000182687.3
ENSG00000136695.14,932.4215195942005,-3.3764312376246486,4.877052033764718e-06,1.428018026139692e-05,ENSG00000136695.14
ENSG00000163060.7,1421.7726319033504,-1.7039805906299799,4.944198251349932e-06,1.446498438349451e-05,ENSG00000163060.7
ENSG00000174502.18,2853.6285246843986,-2.160827622764352,5.068165365849235e-06,1.4791491730551859e-05,ENSG00000174502.18
ENSG00000152932.7,14281.237478119992,1.5592684289630718,5.107011531742354e-06,1.4892752789542185e-05,ENSG00000152932.7
ENSG00000141255.12,1699.322217273354,1.5667803498692243,5.130331529703829e-06,1.4958326070438057e-05,ENSG00000141255.12
ENSG00000183072.9,5681.394775353105,-3.5540408719934,5.205917751786804e-06,1.5166387761050598e-05,ENSG00000183072.9
ENSG00000110169.10,122932.67943482063,-1.5508518305573353,5.414247816723192e-06,1.57324451134355e-05,ENSG00000110169.10
ENSG00000198535.5,21696.150008857043,-1.9838195110959642,5.5280843483077525e-06,1.6055425293247977e-05,ENSG00000198535.5
ENSG00000256463.8,518.5675343028254,-2.617085731058563,5.605077891870245e-06,1.6260616429074828e-05,ENSG00000256463.8
ENSG00000168621.14,2722.8950165012307,-1.6083779022458273,5.616904628945028e-06,1.628702646366526e-05,ENSG00000168621.14
ENSG00000270816.5,666.4198259977447,-3.9970993121410885,5.693645155084974e-06,1.6496217506489534e-05,ENSG00000270816.5
ENSG00000188001.9,365467.9366397842,-1.6291854544995552,5.699753550078023e-06,1.6511249265264765e-05,ENSG00000188001.9
ENSG00000176165.10,694.4246853319389,-3.9290307039155627,5.719758656340032e-06,1.6561179533759752e-05,ENSG00000176165.10
ENSG00000125788.5,74.56333561123961,-7.963132731286361,5.977093274433885e-06,1.7250600711463278e-05,ENSG00000125788.5
ENSG00000160182.2,951160.1261887316,-2.2292868783382023,6.136450631049117e-06,1.769344908772526e-05,ENSG00000160182.2
ENSG00000167634.12,2585.1702249068685,-1.5754762120628367,6.3414378197411615e-06,1.8272750730627214e-05,ENSG00000167634.12
ENSG00000166736.11,1731.577364206206,-2.4050536967625082,6.4869974068771645e-06,1.865921681173404e-05,ENSG00000166736.11
ENSG00000048540.14,58773.172299197206,1.5357063168090914,7.106348944474749e-06,2.0294321042608695e-05,ENSG00000048540.14
ENSG00000111537.4,2876.23969865696,-2.001989616978953,7.184568623028269e-06,2.0507908813712415e-05,ENSG00000111537.4
ENSG00000259803.6,2343.6655018574656,-2.084810925426747,7.302422129802187e-06,2.0827747619621785e-05,ENSG00000259803.6
ENSG00000238269.8,581.5657818106564,-2.598298788994063,7.34718599272565e-06,2.094876184132788e-05,ENSG00000238269.8
ENSG00000165186.11,29527.73336005416,1.844094748319151,7.427613661644014e-06,2.1167991094485156e-05,ENSG00000165186.11
ENSG00000147223.5,430.17949384204064,1.61692072504202,7.5821107587800505e-06,2.158087140621676e-05,ENSG00000147223.5
ENSG00000130643.8,1219.8719418755481,-2.135420091980666,7.719926316304935e-06,2.1941808631943522e-05,ENSG00000130643.8
ENSG00000129744.2,257.0408892166481,-2.579715686327516,7.718768434088045e-06,2.1941808631943522e-05,ENSG00000129744.2
ENSG00000231165.3,161.20685129428838,3.193038322898063,7.728497887119069e-06,2.196269204760492e-05,ENSG00000231165.3
ENSG00000163207.6,4118.432584300292,-3.4198769940040226,7.752264608942013e-06,2.2026743290300324e-05,ENSG00000163207.6
ENSG00000088386.16,6130.119532526871,-2.052362183680924,7.796786642233677e-06,2.2146231236599473e-05,ENSG00000088386.16
ENSG00000007350.16,468.8307753608539,1.7966551379057452,8.138338424716623e-06,2.3068910956507168e-05,ENSG00000007350.16
ENSG00000224743.6,841.8879832151624,1.7216324439260242,8.179497216784571e-06,2.318191732123923e-05,ENSG00000224743.6
ENSG00000144771.7,101.45102161052264,-5.157419012805149,8.201805870285993e-06,2.3241472320047626e-05,ENSG00000144771.7
ENSG00000230978.1,4906.703384407815,-1.5284299917546225,8.397892334866725e-06,2.375210942063582e-05,ENSG00000230978.1
ENSG00000169856.8,143.573934889677,-4.075615747331496,8.42891545375707e-06,2.3824831440888958e-05,ENSG00000169856.8
ENSG00000162670.10,31711.841291792112,-3.136560776444803,9.118507495188338e-06,2.5689021822289893e-05,ENSG00000162670.10
ENSG00000197870.12,1829.019900393189,-1.9527695728065733,9.142442098896827e-06,2.5748365810784142e-05,ENSG00000197870.12
ENSG00000091513.14,187420.49087043587,1.864116129433951,9.299618255745292e-06,2.6154083128971436e-05,ENSG00000091513.14
ENSG00000060709.14,3758.8656576832905,1.5368297731611225,9.31090261171077e-06,2.617761290534728e-05,ENSG00000060709.14
ENSG00000159556.9,1381.4892768376826,-2.584412391929322,9.699523845899331e-06,2.7185029110742223e-05,ENSG00000159556.9
ENSG00000171450.5,633.1671771228638,-3.114343647818424,1.0202759018447586e-05,2.8510840222396047e-05,ENSG00000171450.5
ENSG00000140798.15,11356.423506275578,-2.407544174004561,1.039828773614594e-05,2.9007536823642198e-05,ENSG00000140798.15
ENSG00000119919.10,598.8152994462326,-4.371528868376613,1.0436594145801246e-05,2.910534795743111e-05,ENSG00000119919.10
ENSG00000132185.16,9933.747836072287,-1.507687776201289,1.054635045583829e-05,2.9397726616297407e-05,ENSG00000132185.16
ENSG00000188523.8,2088.0264219019164,-1.854904204489858,1.0696444772651315e-05,2.977448162514467e-05,ENSG00000188523.8
ENSG00000153820.12,5451.503421087224,2.9076795772503425,1.1326486786943275e-05,3.146110926674677e-05,ENSG00000153820.12
ENSG00000233718.6,438.70008989489736,-2.3915356555693883,1.1328664491581724e-05,3.146110926674677e-05,ENSG00000233718.6
ENSG00000117971.11,2269.611161045938,-2.0135412804778716,1.1528638812666836e-05,3.196698597058894e-05,ENSG00000117971.11
ENSG00000151033.8,698.0504811550404,-3.530587648262834,1.1821006573715575e-05,3.27270978170311e-05,ENSG00000151033.8
ENSG00000180264.11,7534.060859854373,3.0322274061894805,1.1961626006040858e-05,3.3111301361677124e-05,ENSG00000180264.11
ENSG00000179046.8,482.7221202784401,-2.464020541851129,1.200404236520591e-05,3.3218465786380263e-05,ENSG00000179046.8
ENSG00000102924.11,4794.73505171103,1.5255128721602,1.2269098282999439e-05,3.391010944113662e-05,ENSG00000102924.11
ENSG00000227145.1,568.8240181529465,-2.458381508192808,1.2338380100712211e-05,3.407535079991984e-05,ENSG00000227145.1
ENSG00000196468.7,2182.853099334542,1.7292726257962336,1.2798678587415406e-05,3.529225294206157e-05,ENSG00000196468.7
ENSG00000215454.6,41.06465187977707,-7.111545473400483,1.3007058313234645e-05,3.582831552262347e-05,ENSG00000215454.6
ENSG00000249487.6,124.20244686307014,3.338986416151334,1.3268278487928492e-05,3.650302375174807e-05,ENSG00000249487.6
ENSG00000276027.1,603.4369671845117,-3.763977236770026,1.3345579233452987e-05,3.669318544067529e-05,ENSG00000276027.1
ENSG00000118113.11,2075.5092397369976,-2.2812380544676905,1.3635827765155058e-05,3.740523736281565e-05,ENSG00000118113.11
ENSG00000163285.7,363.18862099493776,2.826509152955761,1.3695419226962918e-05,3.755148337246266e-05,ENSG00000163285.7
ENSG00000234323.6,1178.02925178186,-1.6257257037345505,1.3753164008591009e-05,3.768102333274522e-05,ENSG00000234323.6
ENSG00000163661.3,28715.123561293312,1.5638546988888895,1.3843427361183006e-05,3.7887830558527564e-05,ENSG00000163661.3
ENSG00000075035.9,10592.700248052004,1.5084643835767457,1.4000309412384043e-05,3.8299672478488626e-05,ENSG00000075035.9
ENSG00000092054.12,625.3595192166482,-2.7070697433538387,1.4337159616953783e-05,3.914954421047051e-05,ENSG00000092054.12
ENSG00000171346.15,1171666.1790811105,1.592580883516197,1.515641920558837e-05,4.1292382296670534e-05,ENSG00000171346.15
ENSG00000197658.9,235.5683531646404,-4.1578639888722435,1.5513152969092033e-05,4.218740583880242e-05,ENSG00000197658.9
ENSG00000140557.11,15583.653810267233,1.572664828618837,1.551664902119411e-05,4.219051877364539e-05,ENSG00000140557.11
ENSG00000184478.6,235.17806173204238,-5.931489138313757,1.6108813265911455e-05,4.370791417363515e-05,ENSG00000184478.6
ENSG00000248859.2,64.30941233936122,-7.8455090847538305,1.658220898546309e-05,4.4958382566661264e-05,ENSG00000248859.2
ENSG00000188676.13,938.1792823158837,-1.8069577730499498,1.6689249902620135e-05,4.5214436207566525e-05,ENSG00000188676.13
ENSG00000133067.17,66746.6821274869,1.5169410163786334,1.676080932898999e-05,4.538774551615868e-05,ENSG00000133067.17
ENSG00000171402.14,131.21343094175415,4.34370181827035,1.6821909473028928e-05,4.553945710237749e-05,ENSG00000171402.14
ENSG00000169760.17,8881.050078816073,1.7158102834012328,1.7071231731800147e-05,4.617261244553663e-05,ENSG00000169760.17
ENSG00000172782.11,594.9484918939999,-2.842680425209896,1.8124363590750425e-05,4.877837946735187e-05,ENSG00000172782.11
ENSG00000196071.4,739.8745556347768,2.588256759008923,1.9570841262144986e-05,5.249807217321984e-05,ENSG00000196071.4
ENSG00000163736.3,560.9798360108895,2.906477220955694,1.981127393525658e-05,5.309691170296124e-05,ENSG00000163736.3
ENSG00000205426.10,329772.4241832655,-2.0328423204241357,2.0358405125664444e-05,5.445600226144859e-05,ENSG00000205426.10
ENSG00000169933.13,760.4980284726818,2.0987232479531155,2.06518366225991e-05,5.518330670428825e-05,ENSG00000169933.13
ENSG00000240423.1,210.48802163244804,2.7648096969615774,2.0667206323740594e-05,5.5207932569134656e-05,ENSG00000240423.1
ENSG00000182747.4,689.0497241742153,-2.1888446919105533,2.124649256773238e-05,5.667099987257649e-05,ENSG00000182747.4
ENSG00000227674.1,208.07596599844453,-5.493817613497061,2.203188289841163e-05,5.860036686128074e-05,ENSG00000227674.1
ENSG00000121270.15,387784.9077842616,-1.5068589619758808,2.2074663083859473e-05,5.870545126925901e-05,ENSG00000121270.15
ENSG00000077327.15,32891.291140001944,-2.204647434954719,2.2281411736074684e-05,5.9246498337342625e-05,ENSG00000077327.15
ENSG00000185028.3,3162.3476317708223,-1.5122373152878636,2.264647882972831e-05,6.012811033468704e-05,ENSG00000185028.3
ENSG00000116745.6,580.8507097231809,2.380842365983268,2.5418396640182737e-05,6.708078995658169e-05,ENSG00000116745.6
ENSG00000179840.5,575.5922192212585,-1.5857197789645066,2.5625082528831794e-05,6.758648475890473e-05,ENSG00000179840.5
ENSG00000147647.12,1134.7640118282911,1.5588658460504912,2.587359177569085e-05,6.819181216674808e-05,ENSG00000147647.12
ENSG00000176840.11,450.7064744200574,-4.887578837008598,2.6019164451566015e-05,6.852515305363995e-05,ENSG00000176840.11
ENSG00000198077.10,32307.640785838634,-2.578667219691137,2.602979112674835e-05,6.854307927608537e-05,ENSG00000198077.10
ENSG00000185985.8,2673.8868814765992,1.596508778775019,2.6759808613864244e-05,7.035183090968003e-05,ENSG00000185985.8
ENSG00000163833.7,268.52871792644464,2.800899601598071,2.938378995430254e-05,7.67890100713735e-05,ENSG00000163833.7
ENSG00000187492.8,3295.484033765922,-2.2121100249471706,3.000576149673775e-05,7.832315660982912e-05,ENSG00000187492.8
ENSG00000113889.11,217.9760416378883,-2.6776001641326945,3.071972611782925e-05,8.00586849284256e-05,ENSG00000113889.11
ENSG00000110243.11,238.00919078007232,-3.355880031204251,3.127957983168384e-05,8.147038770792614e-05,ENSG00000110243.11
ENSG00000168830.7,532.446286468665,-3.491423864562391,3.211826316716672e-05,8.347305851802904e-05,ENSG00000168830.7
ENSG00000004939.13,522.6937921818756,2.263816719456211,3.275061101850113e-05,8.500567242947575e-05,ENSG00000004939.13
ENSG00000196361.9,589.428178258662,-2.465074676370872,3.327803719971542e-05,8.623740922508574e-05,ENSG00000196361.9
ENSG00000229876.1,67.38173518947458,-4.993786983394542,3.330572644349703e-05,8.629670029973534e-05,ENSG00000229876.1
ENSG00000180777.13,73280.00654666092,-1.813888016637587,3.3415734284205885e-05,8.65242051726508e-05,ENSG00000180777.13
ENSG00000142619.4,8610.75870634387,-2.036894762558898,3.350746914482106e-05,8.671924403079825e-05,ENSG00000142619.4
ENSG00000043591.5,8767.258804669322,1.647999385718054,3.351609791713756e-05,8.672906618505902e-05,ENSG00000043591.5
ENSG00000183463.5,214.42874701125461,4.009008446191745,3.3727116472982474e-05,8.724994966475267e-05,ENSG00000183463.5
ENSG00000230778.1,41.658742034545185,-4.750467957075377,3.388177518770967e-05,8.762477546743652e-05,ENSG00000230778.1
ENSG00000198443.6,123.3004795000142,-7.165949739743005,3.4949033269060155e-05,9.021586878819541e-05,ENSG00000198443.6
ENSG00000229373.8,220.9122545873754,-2.2896868169517868,3.519787081582458e-05,9.084513752133781e-05,ENSG00000229373.8
ENSG00000122180.4,348.4067458536684,-2.9399790041795018,3.534314499523646e-05,9.116763235329613e-05,ENSG00000122180.4
ENSG00000106178.6,974.9538645071551,2.3639414255206934,3.5436367245486474e-05,9.13686934165489e-05,ENSG00000106178.6
ENSG00000087250.8,870.9630251022862,-2.0684907430553725,3.644178182883138e-05,9.383968015997724e-05,ENSG00000087250.8
ENSG00000175535.6,95.96774868192166,-6.601944360574443,3.736730813634939e-05,9.607130103030766e-05,ENSG00000175535.6
ENSG00000234840.1,3595.4876506794135,1.5879000134775945,3.751787233996163e-05,9.643076685230362e-05,ENSG00000234840.1
ENSG00000146166.16,357.46384290095693,-2.384251018269453,3.77618187227445e-05,9.702997470173344e-05,ENSG00000146166.16
ENSG00000160963.13,6008.654304065651,-1.5109862613348857,3.8632896610604025e-05,9.918301100072514e-05,ENSG00000160963.13
ENSG00000226321.5,1691.6706532970818,-2.0449706596880284,3.903758604931955e-05,0.00010015032978023174,ENSG00000226321.5
ENSG00000172927.7,36995.938615781924,1.5740039874753533,3.934610989031161e-05,0.00010089856363610993,ENSG00000172927.7
ENSG00000243543.8,2254.7115905871633,-2.52031171340033,3.979509076283382e-05,0.00010197705135068941,ENSG00000243543.8
ENSG00000270141.3,335.9979634697634,-2.0888397900533935,4.0289372132574254e-05,0.0001031552802760816,ENSG00000270141.3
ENSG00000138650.8,17789.65571733489,-1.9355102240525792,4.057473217368535e-05,0.00010382664281124306,ENSG00000138650.8
ENSG00000177938.4,608.995472436456,2.7976962951726176,4.176232740291584e-05,0.00010678943146508748,ENSG00000177938.4
ENSG00000229183.8,580.0650901769787,2.813879401587595,4.364061938874804e-05,0.00011130684203160001,ENSG00000229183.8
ENSG00000165553.4,488.28911284771,-2.46103963079447,4.5090907522174654e-05,0.00011482630622628154,ENSG00000165553.4
ENSG00000158014.14,11326.142699663367,-1.5641958100117375,4.6760303329926274e-05,0.00011884137714573188,ENSG00000158014.14
ENSG00000189023.10,43.96358689196509,-7.337100568538969,4.7058256730885915e-05,0.00011954782677648111,ENSG00000189023.10
ENSG00000196119.6,50.1394224626983,-8.04199182411238,4.9509643510420335e-05,0.00012540253155102655,ENSG00000196119.6
ENSG00000156284.5,90098.7810895556,1.5204214509516372,5.046556491982942e-05,0.0001276795870497038,ENSG00000156284.5
ENSG00000196104.10,1488.8672763030129,2.105406530672342,5.201906105153881e-05,0.00013146169189405082,ENSG00000196104.10
ENSG00000077080.9,351.6508498475297,-3.001486378759947,5.203574526662695e-05,0.0001314668230525327,ENSG00000077080.9
ENSG00000230522.5,31.665025036741266,-6.8508328141035815,5.2645395741003554e-05,0.00013295092692200235,ENSG00000230522.5
ENSG00000183760.10,1220.8347677713118,-2.004263666387511,5.326920866918958e-05,0.00013446952886202429,ENSG00000183760.10
ENSG00000183695.2,264.5674888837427,3.377008247947064,5.417934945803695e-05,0.0001366132753408596,ENSG00000183695.2
ENSG00000228308.1,40.8503233043411,-6.290118606160878,5.4235012318926205e-05,0.00013673441422488308,ENSG00000228308.1
ENSG00000142025.15,1505.9496376844336,-3.1023073179878895,5.448402294465537e-05,0.00013734290863949862,ENSG00000142025.15
ENSG00000187537.13,427.8619171362217,-1.654925437717404,5.495943768667513e-05,0.00013848296452914085,ENSG00000187537.13
ENSG00000188056.11,316.57814381400794,-2.823535387689715,5.532446898680087e-05,0.00013938317144484248,ENSG00000188056.11
ENSG00000188817.7,1730.9312277990846,-2.1306013494930776,5.571722877510073e-05,0.0001403529742961719,ENSG00000188817.7
ENSG00000184486.9,760.8090925916455,-2.005439338433936,5.58623993488095e-05,0.0001406791623179914,ENSG00000184486.9
ENSG00000248211.1,69.49444897716249,-4.558145159335094,5.600796132946243e-05,0.0001410061526777809,ENSG00000248211.1
ENSG00000166317.11,19661.3617840189,-1.7621734088270782,5.7697285633321384e-05,0.00014505568111513041,ENSG00000166317.11
ENSG00000179914.4,552.6670593890505,2.7501265926280345,5.9573208289754334e-05,0.00014954142086500587,ENSG00000179914.4
ENSG00000156395.12,1308.1942503091263,-2.2656935193769243,5.961952622481598e-05,0.00014963675465825614,ENSG00000156395.12
ENSG00000107295.9,4130.2694295940155,-1.7537141400632168,5.988251670569222e-05,0.0001502127774710241,ENSG00000107295.9
ENSG00000092345.13,628.3001509222196,-2.336949746265737,6.0357628291617875e-05,0.00015131995590841128,ENSG00000092345.13
ENSG00000188393.8,57.37966839874348,-5.216624718464332,6.039179778905712e-05,0.00015138446880819388,ENSG00000188393.8
ENSG00000159212.12,555851.6023613418,-1.7129188214054172,6.063180100484881e-05,0.0001519012015400729,ENSG00000159212.12
ENSG00000115850.9,2952.2400151472084,-1.7634210068803362,6.182000566891917e-05,0.0001547915659667062,ENSG00000115850.9
ENSG00000196811.11,296.0588122485188,-1.7431543462792165,6.235581125231647e-05,0.00015604606991636186,ENSG00000196811.11
ENSG00000174963.17,6931.267307026462,-1.9465607866609724,6.256195870318777e-05,0.00015649647637129487,ENSG00000174963.17
ENSG00000152430.17,308.3182661846305,-2.1069120279717626,6.301380994638005e-05,0.00015756086843198122,ENSG00000152430.17
ENSG00000117322.17,20667.617007921286,-1.8759629872317443,6.514997932605086e-05,0.00016247200542700911,ENSG00000117322.17
ENSG00000250266.1,244.0317847928312,3.3805731260296996,6.533914510960782e-05,0.000162875837830188,ENSG00000250266.1
ENSG00000198610.10,316.3991786019985,1.6614709892171704,6.998698509720184e-05,0.0001737858391363261,ENSG00000198610.10
ENSG00000165953.9,3481.4987306992575,-1.8270192820026268,7.144789262676388e-05,0.0001772417444216818,ENSG00000165953.9
ENSG00000170279.2,51.3236851709546,-5.104592345182414,7.195815584036335e-05,0.0001783879505549531,ENSG00000170279.2
ENSG00000205409.3,110.47489989054544,-5.222736573329455,7.468242908061636e-05,0.00018462755924407543,ENSG00000205409.3
ENSG00000150676.12,880.1343856920357,-1.7769641031677288,7.522651992302549e-05,0.00018584461613367016,ENSG00000150676.12
ENSG00000156738.17,46107.11831098432,-1.588562253991983,7.945705138842187e-05,0.00019567634821060303,ENSG00000156738.17
ENSG00000112183.14,68107.7817598237,-1.525814369685224,7.969382656457228e-05,0.0001962055886454611,ENSG00000112183.14
ENSG00000164651.16,121.01894617786031,-6.232557170993762,8.009478158237937e-05,0.00019705754366277704,ENSG00000164651.16
ENSG00000162896.5,506667.640634885,1.841976706025957,8.07200903924893e-05,0.00019845085025700835,ENSG00000162896.5
ENSG00000115844.10,17983.62064470353,-1.9180448629866087,8.14687976322833e-05,0.00020016358153033813,ENSG00000115844.10
ENSG00000158516.11,647.0579404341644,1.8686933917082396,8.31465882018623e-05,0.00020406226673587956,ENSG00000158516.11
ENSG00000122136.13,6222.190364238912,-1.624022873008261,8.390124569401691e-05,0.00020580178420885107,ENSG00000122136.13
ENSG00000236502.1,777.8925273596734,-2.9450155864198684,8.911026820340235e-05,0.00021786422433214996,ENSG00000236502.1
ENSG00000124302.12,62030.46578534282,-1.5659517561108705,9.15355879481707e-05,0.00022330700945669975,ENSG00000124302.12
ENSG00000183304.10,52.63800637453847,-7.596840017091267,9.173951614747468e-05,0.0002237740807822374,ENSG00000183304.10
ENSG00000111218.11,1179.7310456925406,-2.018696750446784,9.384852267829047e-05,0.0002286076625599465,ENSG00000111218.11
ENSG00000166796.11,4380.344515415506,-1.5574890736073612,9.826331384863738e-05,0.00023861667889918804,ENSG00000166796.11
ENSG00000174576.9,704.5174191016127,1.50626461765753,9.901493553940643e-05,0.00024031177984357765,ENSG00000174576.9
ENSG00000175202.3,211.5317223130674,-1.5544589202438002,9.991645812677446e-05,0.0002424014343116163,ENSG00000175202.3
ENSG00000188729.6,234.7936214194458,2.599697924816343,0.00010085944245909259,0.00024458994134930376,ENSG00000188729.6
ENSG00000179059.9,834.9438295374357,-3.2008527637634847,0.00010154828242832144,0.0002462184713937815,ENSG00000179059.9
ENSG00000180210.14,246.59490335488226,-1.9380484188676492,0.00010370882400205008,0.000251058746501455,ENSG00000180210.14
ENSG00000126583.10,547.0628775083047,-1.6398247657745315,0.00010575329486874402,0.0002557664604164812,ENSG00000126583.10
ENSG00000238284.1,21.141608513986117,-5.800754737235026,0.00010642705206839176,0.00025718795895800044,ENSG00000238284.1
ENSG00000121853.3,53.651577773541746,-5.37697062229775,0.0001077136568601916,0.00026008695263657886,ENSG00000121853.3
ENSG00000180532.10,314.57443415829437,1.8325090056718287,0.00010830640364793028,0.00026137751185673346,ENSG00000180532.10
ENSG00000113327.15,540.3440320149158,-3.973981628232233,0.00011005188609443053,0.00026534009569905494,ENSG00000113327.15
ENSG00000182255.6,496.4834650756894,3.13917542377933,0.00011033531692487678,0.00026598771887452157,ENSG00000182255.6
ENSG00000251576.1,245.83196842351995,2.1039397725199187,0.00011521822078651564,0.0002770518005323573,ENSG00000251576.1
ENSG00000228980.3,22.29624314986059,-6.3535838388756805,0.00011548166831098351,0.0002775983332713663,ENSG00000228980.3
ENSG00000074803.17,11159.604261855406,-1.6097093172547254,0.0001265634176007146,0.0003026692525669228,ENSG00000074803.17
ENSG00000169594.13,8431.739556016897,1.54477619200492,0.0001275338908838307,0.0003048275748139835,ENSG00000169594.13
ENSG00000127318.10,16.98699259903242,-5.811135924581978,0.00012842443402161208,0.0003069152396976273,ENSG00000127318.10
ENSG00000167910.3,358.38899405543816,1.5842060194790486,0.00013287063125637735,0.00031707643790838925,ENSG00000167910.3
ENSG00000249550.6,840.894900657916,-2.665762513839201,0.00013290053485980993,0.0003171056245996768,ENSG00000249550.6
ENSG00000146678.9,1856.7648700968832,2.4463910064403716,0.0001336364651773929,0.00031877680067508125,ENSG00000146678.9
ENSG00000137948.18,2191.4642835992786,-2.0114597763855606,0.00013700779355570067,0.0003264715590663927,ENSG00000137948.18
ENSG00000233642.1,435.9033134805445,-2.8245787122378054,0.0001371742977491692,0.00032682491362546047,ENSG00000233642.1
ENSG00000244302.1,47.837748288370406,-4.194223277321516,0.00014139504580643487,0.00033625597175677415,ENSG00000244302.1
ENSG00000128422.15,1267669.4260172457,1.50572578392444,0.0001442393717242667,0.00034279298633755196,ENSG00000128422.15
ENSG00000146857.3,678.2540693109447,-3.385070802848992,0.00014760257108151786,0.00035050727010530375,ENSG00000146857.3
ENSG00000250331.1,205.53155724577118,1.8655804652484722,0.00014961356306573262,0.00035490694898049184,ENSG00000250331.1
ENSG00000126233.1,2438.236216299,-2.3212011517729403,0.00015133993399132854,0.00035885984347910774,ENSG00000126233.1
ENSG00000196634.3,14.084427215399671,-6.459705646686833,0.00015205374896131143,0.0003602667922372654,ENSG00000196634.3
ENSG00000188910.7,23615.21695457288,-1.5987392801862579,0.00015411840379863924,0.0003648695763766966,ENSG00000188910.7
ENSG00000119125.16,892.0088271451264,2.256493574955091,0.00015602872159762248,0.00036909998043851554,ENSG00000119125.16
ENSG00000268940.5,152.14690927186297,-8.514616789849288,0.0001566341792861021,0.00037043456951766577,ENSG00000268940.5
ENSG00000198643.6,17937.24549710563,1.5677951659936518,0.0001631247705711262,0.0003845175720385861,ENSG00000198643.6
ENSG00000136535.14,576.1069922675991,-2.589974409189662,0.0001634893468617679,0.00038527572245084077,ENSG00000136535.14
ENSG00000166111.9,733.6395141440605,-2.9613715484242302,0.0001636083458867838,0.0003855055220284388,ENSG00000166111.9
ENSG00000122375.11,504.2174783900669,1.5763422621405625,0.0001676661009978042,0.00039454857051850504,ENSG00000122375.11
ENSG00000114349.9,220.68049172677988,-1.714474568032732,0.00017575875121092523,0.0004126179867823671,ENSG00000114349.9
ENSG00000171798.17,20756.471488085368,-1.5793674418775054,0.0001805871682562564,0.000422681393167494,ENSG00000171798.17
ENSG00000141744.3,21426.048533066736,-1.6433857744170421,0.00018258315573516982,0.0004269076835230847,ENSG00000141744.3
ENSG00000265962.1,1039.1175622111189,-2.240339651167026,0.0001829873430044663,0.0004277437871134179,ENSG00000265962.1
ENSG00000144355.14,16799.774905838072,-1.6871127943212236,0.00018481279933692965,0.00043178937110887634,ENSG00000144355.14
ENSG00000179133.12,979.7747453539503,-1.7955252528278205,0.000185179284146947,0.00043258324377667875,ENSG00000179133.12
ENSG00000156925.11,424.70658125058765,-3.534111039700201,0.00018632013995040477,0.000435021765924543,ENSG00000156925.11
ENSG00000101435.4,2243.3526698282685,-3.03368897932984,0.00019359559219377727,0.00045095231867232845,ENSG00000101435.4
ENSG00000124196.5,233.21310411423448,-2.1933439515271673,0.00020190651942632602,0.00046891129666924253,ENSG00000124196.5
ENSG00000036473.6,191.67373951478712,3.076011162277306,0.00020946231522438638,0.0004852029850337161,ENSG00000036473.6
ENSG00000134193.14,602.4099982133414,-1.9091929132511423,0.0002221994981538028,0.0005129197987101098,ENSG00000134193.14
ENSG00000078898.6,52482.386182532704,-1.9193359261167382,0.00022471469639935563,0.0005182590999349149,ENSG00000078898.6
ENSG00000188620.9,653.3637717039782,-3.843092478893569,0.0002276967790941271,0.0005246646086151179,ENSG00000188620.9
ENSG00000131050.10,178.46785272881607,-3.568993254861404,0.00023160129456062996,0.000533113794522307,ENSG00000131050.10
ENSG00000276040.4,77.71367761927955,-5.752762106328615,0.00023480634790183636,0.0005396605995135967,ENSG00000276040.4
ENSG00000110148.9,2162.5984285272325,-2.7060920221807665,0.0002380536471702989,0.0005467037746290379,ENSG00000110148.9
ENSG00000187026.2,26.763350715446837,-6.130080017404911,0.0002411950014290399,0.000553563815635874,ENSG00000187026.2
ENSG00000224559.2,57095.24777859246,-1.7048163775548422,0.00024159999961633014,0.0005543515080710757,ENSG00000224559.2
ENSG00000196990.8,161.05871351761502,-2.619306672793701,0.00025397235038548,0.00058095689481982,ENSG00000196990.8
ENSG00000139304.12,11131.55399247735,2.0415385076728247,0.0002600985810345233,0.0005940617158226135,ENSG00000139304.12
ENSG00000211804.3,1408.7162428071692,-1.518521407851777,0.00026252840387534586,0.0005993825105910843,ENSG00000211804.3
ENSG00000056487.15,11151.069775269138,-1.690651657332629,0.0002630516660231211,0.0006004243790170285,ENSG00000056487.15
ENSG00000104938.16,344.94225595456055,2.3878571427092155,0.00026592902171780885,0.0006063749442982138,ENSG00000104938.16
ENSG00000205628.2,413.56058660273163,-3.9076737165774125,0.00027374156617838595,0.0006235552776360009,ENSG00000205628.2
ENSG00000126752.7,337.34868962862566,-5.0160129929613415,0.0002763266783476568,0.0006292042626385795,ENSG00000126752.7
ENSG00000265933.5,3001.1876795990224,-3.1478039933088753,0.00028037154135237283,0.0006374438122764351,ENSG00000265933.5
ENSG00000164746.13,1079.02393946368,-1.7213538406482616,0.0002816723153940664,0.0006402389606176505,ENSG00000164746.13
ENSG00000170950.5,171.25424044342623,-3.8384936820585405,0.0002867469174760557,0.0006511960435733283,ENSG00000170950.5
ENSG00000189127.7,1508.3622379736787,-1.9197724062073975,0.0002992047401098637,0.0006778574055292026,ENSG00000189127.7
ENSG00000006377.10,2621.2138462219077,-1.8388230708760038,0.00030088250849972934,0.0006813143425051291,ENSG00000006377.10
ENSG00000036565.14,617.0651435997623,-1.7664418924250345,0.00030309821623103315,0.0006858987632530493,ENSG00000036565.14
ENSG00000144339.11,334.43675351632504,2.2416227496690726,0.00030644420815046096,0.0006926843571231697,ENSG00000144339.11
ENSG00000139445.17,1889.179759200089,-1.8522482711531567,0.00031172641985865453,0.0007036491573183845,ENSG00000139445.17
ENSG00000213892.11,428.0253540221755,-1.8026852900037562,0.00031867408548226283,0.0007186404574831209,ENSG00000213892.11
ENSG00000178235.7,3268.0570074080233,-2.8944159901048976,0.00032255440428308305,0.0007269933018529531,ENSG00000178235.7
ENSG00000168135.4,241.85859113575552,-2.847834287310381,0.0003237849964493009,0.0007294004006641314,ENSG00000168135.4
ENSG00000187689.9,1509.9564423587033,-2.611826027660054,0.0003286381250100714,0.0007392147966495409,ENSG00000187689.9
ENSG00000139800.8,3204.7890352509166,-3.1564701117228773,0.00033058869019621874,0.0007431411761702272,ENSG00000139800.8
ENSG00000269058.5,363.23495908312316,-1.6063937856940054,0.00033563610717159424,0.0007534491018365964,ENSG00000269058.5
ENSG00000229558.2,405.7799006088193,2.4275091442743597,0.0003404597407747961,0.0007637041041032838,ENSG00000229558.2
ENSG00000180287.16,3427.7283888191387,1.558697448933864,0.00034492515080987316,0.0007728511464762179,ENSG00000180287.16
ENSG00000235026.5,1723.558295685046,-3.6512385452501706,0.0003559142336153444,0.0007959826864963385,ENSG00000235026.5
ENSG00000248330.5,32.837800545111655,-8.46283807464314,0.0003611393439906101,0.0008070647962664737,ENSG00000248330.5
ENSG00000179520.10,329.67584386223774,-2.5580721061422476,0.00036252459676048237,0.0008099587647457771,ENSG00000179520.10
ENSG00000006128.11,3406.7487461653473,1.6797468057861757,0.0003796560424571803,0.0008452870542014128,ENSG00000006128.11
ENSG00000204949.8,863.6329171159873,-1.942129804804085,0.00038645961395314036,0.0008590491641676408,ENSG00000204949.8
ENSG00000141750.6,371368.60874435375,1.6723867427456414,0.0004007449745267923,0.0008889315215643756,ENSG00000141750.6
ENSG00000163737.3,207.7031301753745,2.7414066893839544,0.00040350975471983483,0.0008946219608226859,ENSG00000163737.3
ENSG00000121742.16,5539.454991027694,-1.9705434774201747,0.0004052783633208017,0.0008978774753753728,ENSG00000121742.16
ENSG00000229154.1,23.572552476612778,-5.0319620113122285,0.0004064649226600946,0.0009003950749740837,ENSG00000229154.1
ENSG00000249484.8,129.95743665980385,-3.6534710473627547,0.0004149548704269426,0.0009179552755604278,ENSG00000249484.8
ENSG00000063515.2,17.14750553768657,-6.3364636960835865,0.00041648772657597224,0.0009210055802258651,ENSG00000063515.2
ENSG00000140505.6,89.78246543780644,3.1612481296552226,0.0004298972700559692,0.0009485546872373653,ENSG00000140505.6
ENSG00000165643.10,407.0897403374245,-2.7229643300284936,0.0004343546201297886,0.0009576830854004419,ENSG00000165643.10
ENSG00000188293.5,3740.618030145203,-1.6848683252102832,0.00043452626135435,0.0009579438146554986,ENSG00000188293.5
ENSG00000170178.6,85.0747792119262,-3.882139458223717,0.00043757960141085553,0.0009643196742956254,ENSG00000170178.6
ENSG00000176635.17,208.63760957334213,2.1976502939900664,0.0004384145144335291,0.00096592235172898,ENSG00000176635.17
ENSG00000163295.4,26.79674443762937,-6.577296839674763,0.0004417319052903665,0.0009728729074045718,ENSG00000163295.4
ENSG00000233041.8,15716.914574053504,-2.1095277836079993,0.00044326441468780186,0.0009758887598457949,ENSG00000233041.8
ENSG00000171872.4,1342.7005658976366,-1.6010669513655034,0.0004447134589007955,0.0009787187039196584,ENSG00000171872.4
ENSG00000169548.3,519.7218767387536,-3.1512633703265704,0.0004454146389640334,0.0009800214429100736,ENSG00000169548.3
ENSG00000105278.10,2789.378430454653,-1.5902143578604764,0.0004474624296545857,0.0009844063726449524,ENSG00000105278.10
ENSG00000211945.2,278390.30634049186,-1.5046795712046386,0.00044757244726639024,0.0009844871820476804,ENSG00000211945.2
ENSG00000167858.12,2081.9589701097802,-1.7686487952933556,0.0004488781822269025,0.0009870369146687881,ENSG00000167858.12
ENSG00000204019.4,4786.543618865042,-5.518259176867099,0.00045241503165404593,0.0009944484764141304,ENSG00000204019.4
ENSG00000120094.6,1189.3736585825225,-1.9394573475334533,0.0004690350833438657,0.0010288382029876506,ENSG00000120094.6
ENSG00000168634.4,369.06200831786583,-1.8811393676855828,0.0004745191329905018,0.0010400392765920422,ENSG00000168634.4
ENSG00000230223.6,345.62895399306245,-7.717011473679348,0.000486082902659914,0.0010636323807837605,ENSG00000230223.6
ENSG00000211821.2,588.7371894785782,-1.7528228300768822,0.0004970743305359281,0.001086358673910616,ENSG00000211821.2
ENSG00000241359.1,1096.5664684906255,-1.6780393044423687,0.0005044164598338416,0.0011017339669870505,ENSG00000241359.1
ENSG00000168348.3,170.27670908533275,-2.410954098216503,0.0005048720900881798,0.0011023265894928463,ENSG00000168348.3
ENSG00000175336.9,4449.7984792842635,-1.5799165296316173,0.0005185692090374443,0.0011309939610743727,ENSG00000175336.9
ENSG00000235914.1,166.3114140892534,-3.165493711972379,0.0005224981660286441,0.001138870820341589,ENSG00000235914.1
ENSG00000179676.6,20.839748644101913,-6.229160144947176,0.0005332490372352694,0.0011608938940927491,ENSG00000179676.6
ENSG00000142700.11,622.5173307149547,-2.463213250500902,0.0005523148142130927,0.001198846665731297,ENSG00000142700.11
ENSG00000145526.11,1187.6716914682165,-2.55848401494278,0.0005568449370123148,0.0012078661393631483,ENSG00000145526.11
ENSG00000162624.14,958.388164968609,-2.242233130422754,0.0005800065471697634,0.0012534093069814603,ENSG00000162624.14
ENSG00000186790.5,392.0078725773785,-1.9793704807357304,0.0005879876429345953,0.00126912814593714,ENSG00000186790.5
ENSG00000072080.10,35.572578490443206,-4.354052986961536,0.0005911464505516186,0.001275792730604726,ENSG00000072080.10
ENSG00000184302.6,125.29106429498306,-2.9650992743409863,0.0005923795791043405,0.001278300275149631,ENSG00000184302.6
ENSG00000176566.4,233.33109096110607,-5.788222247290384,0.0006058214299056046,0.0013053756729897114,ENSG00000176566.4
ENSG00000074317.10,375.7100507810683,-1.8143210995280903,0.0006195816072204592,0.0013341116978707187,ENSG00000074317.10
ENSG00000253301.5,902.2228711962592,-2.9619053029612474,0.0006197023060111841,0.0013342114802926176,ENSG00000253301.5
ENSG00000267339.5,141.30257485858013,3.353449442416425,0.0006198982409641729,0.0013344732018740436,ENSG00000267339.5
ENSG00000131668.13,5503.613782075791,-1.5165256454320297,0.0006486838358795439,0.0013922648405725665,ENSG00000131668.13
ENSG00000184221.12,1680.1598416010227,-2.204089985692656,0.0006570001577698558,0.0014082611194438563,ENSG00000184221.12
ENSG00000124205.15,23471.189836378875,2.016511746539777,0.0006599894097314111,0.0014139928332908309,ENSG00000124205.15
ENSG00000125823.12,252.240519980953,-2.400042657893635,0.0006627148045925026,0.0014191540444925734,ENSG00000125823.12
ENSG00000187848.12,3476.248875793687,-1.6526166233205266,0.0006648719179740348,0.0014230939787913763,ENSG00000187848.12
ENSG00000159527.3,225.1594424609917,-3.4869447182497773,0.0006652491671459511,0.00142373160855198,ENSG00000159527.3
ENSG00000004848.7,6362.462469900773,-1.8139771432126124,0.0006956207322603998,0.0014860724846944102,ENSG00000004848.7
ENSG00000167360.4,57.31734056170367,-3.909412805070731,0.0006964667852386951,0.0014876260463618728,ENSG00000167360.4
ENSG00000108018.15,63238.25984092112,-1.5912716061962957,0.0007008906393070254,0.0014960838378641397,ENSG00000108018.15
ENSG00000173237.4,952.6283075501525,-3.062667765993444,0.0007153724131447922,0.0015259067057842375,ENSG00000173237.4
ENSG00000232416.3,11.846754542408634,-6.210639138592304,0.0007228227951485711,0.0015401507437775575,ENSG00000232416.3
ENSG00000160339.15,4705.322768015922,1.5782487794671771,0.0007283774532076229,0.0015501454919824905,ENSG00000160339.15
ENSG00000100078.3,8338.659371844076,-1.8354447963313214,0.0007424754249367897,0.0015784640461659737,ENSG00000100078.3
ENSG00000068985.4,30.343697235863235,-6.776232093804813,0.0007495559992032185,0.001592384950710792,ENSG00000068985.4
ENSG00000121351.7,38.73377609846708,-7.149235695298656,0.0007536445343706665,0.0016001235215019369,ENSG00000121351.7
ENSG00000109182.11,6282.665561651903,-1.7836853248103313,0.0007703444088851318,0.0016337974110691407,ENSG00000109182.11
ENSG00000255974.7,64605.91676621881,-1.8656705765685868,0.0007704151978518642,0.0016337974110691407,ENSG00000255974.7
ENSG00000214866.8,177.61635313547387,2.222580168710191,0.0007780534962087992,0.0016490212476345952,ENSG00000214866.8
ENSG00000142182.8,287.6861101962769,-1.6140215519860115,0.0007894288352680995,0.001671945419170858,ENSG00000142182.8
ENSG00000280924.1,543.56269497516,-1.5266672769304612,0.0007900178008434786,0.0016724739679902163,ENSG00000280924.1
ENSG00000186160.4,523228.4576818583,-1.6319181928980582,0.0007972991946526245,0.0016866233729842068,ENSG00000186160.4
ENSG00000180974.3,20.502159390788854,-6.074811243067103,0.000816617965103114,0.0017256596570304056,ENSG00000180974.3
ENSG00000118492.16,830.1451424012878,-1.6808895472151728,0.0008222275812313568,0.0017371046143923507,ENSG00000118492.16
ENSG00000134595.8,330.48795374769475,-3.381456235566326,0.0008250967645281732,0.001742604752800456,ENSG00000134595.8
ENSG00000186335.8,217.07091722389268,2.2438681406120455,0.0008445290480585945,0.0017804470343455955,ENSG00000186335.8
ENSG00000227188.1,182.09751576907888,1.8936060939916552,0.0008455576066412505,0.001782196656403613,ENSG00000227188.1
ENSG00000276747.1,139.10258540513658,-1.935267835149473,0.0008501360052107159,0.0017905846157408002,ENSG00000276747.1
ENSG00000182111.8,447.690873513668,-2.60344272164275,0.000852303248957157,0.0017949386380326606,ENSG00000182111.8
ENSG00000150201.14,227.13875160997705,-1.9989909767984966,0.0008696911360952733,0.001828552619516931,ENSG00000150201.14
ENSG00000133863.7,1679.5348264008499,-3.0683118840433847,0.0008804743393123725,0.0018498258155406535,ENSG00000133863.7
ENSG00000165566.12,615.9970312343465,-2.685726996467832,0.0008881158846463388,0.00186510572544584,ENSG00000165566.12
ENSG00000166558.10,201.94270572549618,-1.8759407562346913,0.000902670095294329,0.0018930118653419992,ENSG00000166558.10
ENSG00000112238.11,685.0393151608383,-4.38369086493302,0.00090333547003431,0.0018941858523811646,ENSG00000112238.11
ENSG00000159339.13,958.3331784031705,1.5537878373832454,0.0009095849948576965,0.0019068446737623144,ENSG00000159339.13
ENSG00000176746.6,60.94842564343457,-5.040968960851356,0.0009626194830613013,0.002009339388619001,ENSG00000176746.6
ENSG00000258791.7,314.9137079958045,-1.9401757368227779,0.0009629722491074124,0.002009841929246749,ENSG00000258791.7
ENSG00000175868.13,715.9792170920332,-2.029713698547951,0.0009893521535350189,0.0020608249002645514,ENSG00000175868.13
ENSG00000095627.9,26100.902080254156,-1.6127741252802352,0.0009961255970502019,0.0020734929061567388,ENSG00000095627.9
ENSG00000187021.14,73.1750830872047,-2.8035650704006856,0.0010062995641268997,0.0020915131563916324,ENSG00000187021.14
ENSG00000186895.2,77.0385654082747,-3.290078143424258,0.0010464200728367665,0.0021723840526333567,ENSG00000186895.2
ENSG00000183128.7,375.7844172163677,-1.8456050544513645,0.001055629055219857,0.002190234983558036,ENSG00000183128.7
ENSG00000108702.3,157.14964882207954,-2.538149697464509,0.0010742859118876152,0.002225598905091731,ENSG00000108702.3
ENSG00000136696.10,53.54256638231987,-4.433130311353518,0.0010942974231346505,0.0022628764161928125,ENSG00000136696.10
ENSG00000164690.7,836.2383128145589,-1.5565038218584382,0.0011069889840665886,0.002285959643354448,ENSG00000164690.7
ENSG00000206013.2,448.8683318723345,-2.4528445081430057,0.001123847331825222,0.0023183711973947985,ENSG00000206013.2
ENSG00000153779.10,37.80889948003613,-7.056183410848231,0.001134773513311151,0.0023392970070475624,ENSG00000153779.10
ENSG00000237247.6,17.29159938460901,-5.697240041017751,0.0011458376475104004,0.0023607492145228054,ENSG00000237247.6
ENSG00000146360.8,344.89209525942283,-3.32102546487787,0.0011483535130708984,0.002365117893139478,ENSG00000146360.8
ENSG00000144834.13,842.0540760624435,-2.020623255767995,0.0011902013054850705,0.0024448519775980104,ENSG00000144834.13
ENSG00000224141.5,206.2738488537813,-3.330663122530783,0.001208030678948392,0.0024794891869561885,ENSG00000224141.5
ENSG00000159182.4,17.916654670686835,-6.330002481017887,0.0012568073878592484,0.0025722476286481684,ENSG00000159182.4
ENSG00000126890.13,901.9090679983349,-3.3181797971463896,0.0012598165559700113,0.0025778182761740124,ENSG00000126890.13
ENSG00000198283.2,14.142678814646404,-6.465993477416767,0.0012610636401953227,0.0025797816550022436,ENSG00000198283.2
ENSG00000109158.10,403.6566795800048,3.145287738517084,0.0012656604385096264,0.002586531349450823,ENSG00000109158.10
ENSG00000171102.14,35141.14360826403,-1.5768939524709338,0.0012752377180116911,0.0026049169369630892,ENSG00000171102.14
ENSG00000163630.10,130.2815124894409,-2.5758541468432137,0.001287849158833157,0.0026294808212270525,ENSG00000163630.10
ENSG00000259518.1,124.12079925633142,-2.4388830036617164,0.001296696382535716,0.002646039257572882,ENSG00000259518.1
ENSG00000186971.3,50.26282589190512,5.720666760258558,0.0013001601813063467,0.002651599696883357,ENSG00000186971.3
ENSG00000185149.5,17657.561823304077,2.807452015491062,0.001303077996857819,0.0026572483802272816,ENSG00000185149.5
ENSG00000074771.3,18.81927742667771,-5.802107809289813,0.0013117992313575457,0.002672906382948949,ENSG00000074771.3
ENSG00000154165.4,1906.69331684728,1.5791944721764772,0.001316412875945529,0.0026820025244794626,ENSG00000154165.4
ENSG00000174992.7,537.0715119699829,-2.2670369798663343,0.0013567470874882139,0.0027572899525202203,ENSG00000174992.7
ENSG00000151834.15,5040.654998415464,1.5511347880993165,0.0013632629304136555,0.0027693240487538973,ENSG00000151834.15
ENSG00000182156.9,242.10047242145217,-1.7458886558147757,0.0013632859233485579,0.0027693240487538973,ENSG00000182156.9
ENSG00000128610.11,272.201765409193,-2.451333529483287,0.001379331644393328,0.002799383293219034,ENSG00000128610.11
ENSG00000224405.1,12.251033892509431,-6.2592185956329445,0.0013806819984115517,0.0028014901161934266,ENSG00000224405.1
ENSG00000182601.6,5995.244256882687,2.172667453945039,0.0014107673971672935,0.002856720393564242,ENSG00000182601.6
ENSG00000281880.1,28.952691766843458,-6.726498280272301,0.0014310339844961668,0.0028941662290142833,ENSG00000281880.1
ENSG00000216588.8,611.789919548999,-1.7016994276275097,0.0014318438931171836,0.0028954778512568042,ENSG00000216588.8
ENSG00000137634.9,528.9840561280027,1.626787704823857,0.0014885398379037955,0.0030040344518623106,ENSG00000137634.9
ENSG00000214381.4,32.357786876389795,-5.022651461810497,0.0014940340991762763,0.003013766592638553,ENSG00000214381.4
ENSG00000166930.6,13.855383101891405,-6.094543874370901,0.0016856811571640759,0.0033666715274927664,ENSG00000166930.6
ENSG00000185433.8,403.054171214149,-1.5235880799626713,0.0016899408207126268,0.0033740523140143165,ENSG00000185433.8
ENSG00000237281.1,139.65731780833642,-1.6945527683907264,0.0016904319158133007,0.0033742818851304987,ENSG00000237281.1
ENSG00000169906.5,1332.6467115351147,-2.7281420501641143,0.0016936510748534728,0.0033795797638006965,ENSG00000169906.5
ENSG00000183668.17,628.8843902513194,-2.1008910554354325,0.0017049064511364337,0.0034005265065296833,ENSG00000183668.17
ENSG00000248131.5,105.48186485720531,-6.342632487516801,0.0017194600310753252,0.0034261267448733547,ENSG00000248131.5
ENSG00000148704.12,621.1426039802946,-3.776079159504609,0.0017228466131651735,0.0034323590843390686,ENSG00000148704.12
ENSG00000133488.14,2042.3535627930655,-1.7754620031440282,0.0018715670566426855,0.003707932311303268,ENSG00000133488.14
ENSG00000163221.8,830.0275017962811,1.6407649277936807,0.0018776972885833137,0.003719121586162976,ENSG00000163221.8
ENSG00000261706.1,544.8299984368446,1.7017922471464828,0.001917502656922918,0.0037904318798246024,ENSG00000261706.1
ENSG00000243550.2,286.79106365624557,-1.6928818342455285,0.0019493517596868369,0.0038504203681264766,ENSG00000243550.2
ENSG00000123307.3,88.39550141127441,-7.730716063922215,0.001968275973320948,0.0038848064887578673,ENSG00000123307.3
ENSG00000101076.16,256.0059586509557,-2.1158190356154254,0.0020062368082668686,0.003953207451211555,ENSG00000101076.16
ENSG00000204960.6,9.29000964782801,-5.8600433259526925,0.0020274289956771583,0.003991459125459211,ENSG00000204960.6
ENSG00000258551.5,742.6564719145485,-1.9462125010014444,0.002066640057416953,0.004064641296748042,ENSG00000258551.5
ENSG00000134249.6,13.700571343037847,-6.420496204886654,0.002076387505203951,0.004082469976536762,ENSG00000134249.6
ENSG00000152591.12,142.68454600288027,-2.672659439712046,0.002113904775078617,0.004153503436184365,ENSG00000152591.12
ENSG00000230657.6,81.91130369187593,-3.487729311738992,0.0021256836425253556,0.004174818476120015,ENSG00000230657.6
ENSG00000198062.14,1512.3896987776218,-1.6455926613707663,0.0021527657710376977,0.004223384674144917,ENSG00000198062.14
ENSG00000126550.8,343.2103956826402,-6.161210033132169,0.002154268539389666,0.004225408876505113,ENSG00000126550.8
ENSG00000164270.17,258.9511644607709,1.5890383382614257,0.0022084910485749673,0.004323254951405262,ENSG00000164270.17
ENSG00000189167.11,124.85222905329402,-1.7867020679937948,0.0022608958417331304,0.004418223229992295,ENSG00000189167.11
ENSG00000137204.14,268.7535786257147,-1.6668426991463465,0.0022759554007046002,0.004446104273798872,ENSG00000137204.14
ENSG00000139287.12,148.27123778540658,-2.2619809034565743,0.002311378851494309,0.00451088435200809,ENSG00000139287.12
ENSG00000164399.4,12.661663652785428,-6.306662877646798,0.002363049728662189,0.004602214401539744,ENSG00000164399.4
ENSG00000265537.1,65.47478011148581,-1.8805129273106196,0.0023868379290456743,0.004645014420918279,ENSG00000265537.1
ENSG00000237136.7,151.5706750856021,-1.5877271046718942,0.0024202848430416495,0.004705512074839779,ENSG00000237136.7
ENSG00000112280.15,2845.460237375826,-1.5487462468345279,0.002486626305602138,0.004827170377736575,ENSG00000112280.15
ENSG00000237556.1,57.77806416677221,-3.1291071561713415,0.002497197007791291,0.004845069843295755,ENSG00000237556.1
ENSG00000158748.3,626.7688387088991,-1.5133582095059341,0.002536187829638966,0.004915935856887973,ENSG00000158748.3
ENSG00000174156.14,1015.425681495368,-1.9279205226801233,0.0025541722666255215,0.004949993896343943,ENSG00000174156.14
ENSG00000147160.9,691.5781263461926,-1.908361522482653,0.0026500775420415616,0.005123407104498625,ENSG00000147160.9
ENSG00000180869.4,248.83382497640181,-1.8332377934888129,0.002680864400760115,0.005179578975216835,ENSG00000180869.4
ENSG00000182447.4,15.867158378117573,-6.070440279438234,0.0026919967436286885,0.0051982885892089496,ENSG00000182447.4
ENSG00000103546.18,4302.572948926009,1.605484428822125,0.0026964042190756,0.005205679029790563,ENSG00000103546.18
ENSG00000186474.15,3758.424184336691,-2.1435568004025827,0.002822511384795133,0.005431026464062099,ENSG00000186474.15
ENSG00000184029.9,22.905248200681058,-6.434073234469088,0.0028589181425331136,0.005493421314143463,ENSG00000184029.9
ENSG00000142698.14,261.7590308888247,-3.243661310992931,0.0028650885378430388,0.005503509649343501,ENSG00000142698.14
ENSG00000081051.7,14774.775152818782,1.6283832206457869,0.0029046174615338363,0.00557287757830428,ENSG00000081051.7
ENSG00000149972.10,1729.7518757382713,-1.8235803218528406,0.0030888423449731825,0.005900468241866689,ENSG00000149972.10
ENSG00000084453.16,5930.185296465144,1.871135033806271,0.0030996540730725605,0.005919230846439012,ENSG00000084453.16
ENSG00000233997.5,13.993975699386466,-6.45080941769083,0.003153565930991257,0.006014501860095251,ENSG00000233997.5
ENSG00000173335.4,48123.21084337664,-2.1653974839917125,0.0031606959630208448,0.006026178691369994,ENSG00000173335.4
ENSG00000196734.8,11.574862384836626,-6.177301050768208,0.0031934134037663125,0.006083386421465012,ENSG00000196734.8
ENSG00000224659.2,33.16422811750758,-6.986559054942725,0.0031980267060633377,0.006090881348784043,ENSG00000224659.2
ENSG00000125571.9,182.2341840271604,-1.6487996176000381,0.0032515446134431304,0.006184932152974673,ENSG00000125571.9
ENSG00000128310.2,113.89282145108118,-2.0301187697991545,0.0032544676540252077,0.006189836030970353,ENSG00000128310.2
ENSG00000162456.9,74.69187167670243,-3.31646781455218,0.0032671383744513277,0.006212618042897433,ENSG00000162456.9
ENSG00000211693.2,9.619982066358876,-5.9104582713980305,0.003276942065936144,0.006228619861132651,ENSG00000211693.2
ENSG00000101180.15,468.2666499359589,-1.8077660358748613,0.0032884849465771556,0.006247912473150561,ENSG00000101180.15
ENSG00000109193.10,2290.256278517099,-1.9948078714358828,0.003314238879652552,0.0062921794749344765,ENSG00000109193.10
ENSG00000163421.8,505.6787062506344,1.6868370664160692,0.00333612293641372,0.006329039315719114,ENSG00000163421.8
ENSG00000206102.2,8.953169346407666,-5.8061557467154845,0.0033443092176010905,0.006343228360614838,ENSG00000206102.2
ENSG00000132972.18,249.59933882609732,2.2236826855503,0.0033486075680319925,0.006349367599408014,ENSG00000132972.18
ENSG00000179002.5,29.722098184657938,-4.284843775496898,0.0033926002303341436,0.006425992392366255,ENSG00000179002.5
ENSG00000273540.3,210.08426195671004,-2.0410930714006748,0.003422759700441749,0.006479697964235735,ENSG00000273540.3
ENSG00000230448.5,329.0992274644664,-1.7312866138902745,0.003448671617217692,0.006523934088322303,ENSG00000230448.5
ENSG00000112494.9,258.81503790352747,-2.533429606973553,0.0034828741017372427,0.006583776865515313,ENSG00000112494.9
ENSG00000182583.12,376.88005980401437,-2.1290849278143744,0.0035217372167073045,0.006651634829408333,ENSG00000182583.12
ENSG00000235221.1,15.632595301736947,-7.146106738230457,0.003682746323837493,0.006942584291722646,ENSG00000235221.1
ENSG00000139610.1,170.4893714090003,-1.657324809406478,0.0037220017708879233,0.007009223108211797,ENSG00000139610.1
ENSG00000253658.5,181.3155676396909,-1.8217601372652088,0.003729931236019301,0.0070234186344731156,ENSG00000253658.5
ENSG00000188991.3,675.0554415611061,1.7516893533711921,0.003803716861322503,0.007150350093526419,ENSG00000188991.3
ENSG00000139915.18,1754.1649902546212,-2.113159114475737,0.0038115737152011825,0.007162868367391581,ENSG00000139915.18
ENSG00000187871.2,75.34045740097498,3.032178016115321,0.003867804559135857,0.007257897636956148,ENSG00000187871.2
ENSG00000225764.1,319.0125691752332,1.7933964669639049,0.003873748291347887,0.007266011456372061,ENSG00000225764.1
ENSG00000226759.7,19.160362610552298,-4.217457169766349,0.0038786206415836856,0.00727210973583449,ENSG00000226759.7
ENSG00000158639.12,425.64551406552334,-2.381382431166813,0.003977277775824725,0.007438429761478324,ENSG00000158639.12
ENSG00000230257.2,2072.658369287784,-1.855897794391814,0.004029625127598221,0.007526916891994055,ENSG00000230257.2
ENSG00000171360.3,136.35639537673777,-2.4706242786499883,0.004138110901195784,0.00770869226538164,ENSG00000171360.3
ENSG00000176136.6,493.07262776570167,-1.7976013473302082,0.0041504232426488276,0.0077300232761934725,ENSG00000176136.6
ENSG00000185960.13,260.5465269927415,1.9187880331245213,0.00425415770940513,0.007910088267342616,ENSG00000185960.13
ENSG00000236398.2,15.492983238046568,-6.597461210326279,0.004280626648838386,0.007953534633955385,ENSG00000236398.2
ENSG00000229404.5,977.1727014958419,-2.7547471067123346,0.004353590707231028,0.008078229375371906,ENSG00000229404.5
ENSG00000253877.5,17.93065901674363,-6.030224890817126,0.004416630430745256,0.008187581342996398,ENSG00000253877.5
ENSG00000149635.2,215.14775588199967,-2.1023006703521117,0.0044659787715721315,0.008273080435506789,ENSG00000149635.2
ENSG00000225882.1,311.2169237640135,-3.700752469346369,0.00447813635106375,0.008293889404122302,ENSG00000225882.1
ENSG00000152936.10,256.7088223149678,-1.7101343610973676,0.004507618079571157,0.008345046554038924,ENSG00000152936.10
ENSG00000234452.5,117.45567763207549,2.058152218158227,0.004512951875045927,0.008353896231242983,ENSG00000234452.5
ENSG00000185247.14,365.3143623802855,-2.3796152011448863,0.004515173134477998,0.008356446782046284,ENSG00000185247.14
ENSG00000112273.6,112.65876581659576,-2.438492125426193,0.004639266031358262,0.008569677166782492,ENSG00000112273.6
ENSG00000120160.10,180.9329464217732,1.6592821193704237,0.004663665523409531,0.008611726920503984,ENSG00000120160.10
ENSG00000198914.3,2720.43888077418,1.7579790541330416,0.00469460075307845,0.008663501112052517,ENSG00000198914.3
ENSG00000236289.2,571.4829049396659,-1.5801529233289244,0.004799911149310495,0.008840567209205319,ENSG00000236289.2
ENSG00000198812.4,11.680333395613346,-6.190272417901434,0.004887677774428273,0.008987456682370006,ENSG00000198812.4
ENSG00000214782.7,1172.8776308654872,-1.7524933621307683,0.004906488992802978,0.009019273844674094,ENSG00000214782.7
ENSG00000176774.5,18.830665896473594,-5.852549932478921,0.005035846864961722,0.009240024572861048,ENSG00000176774.5
ENSG00000159224.4,50.6992953862935,-2.422079740416089,0.005057727777791164,0.009277326673165697,ENSG00000159224.4
ENSG00000175065.11,327.27963602774383,1.7241914886169896,0.005207910506361839,0.009533313427428126,ENSG00000175065.11
ENSG00000198178.10,968.8513130946269,-1.6429701959051606,0.00524155398248728,0.009593920545523745,ENSG00000198178.10
ENSG00000249500.1,52.880613994003795,-3.0913907280368758,0.00531024088958945,0.009711716673316023,ENSG00000249500.1
ENSG00000204195.3,292.7258567833246,-1.9540234699551833,0.005421144729521325,0.009898076684973802,ENSG00000204195.3
ENSG00000180861.9,397.0327623031685,-1.794997877785676,0.005467289000820895,0.009975550797409936,ENSG00000180861.9
ENSG00000184471.7,14.816653379969015,-5.731822009622052,0.005526404936161828,0.010074193210357785,ENSG00000184471.7
ENSG00000236301.5,14.270309548988315,-6.479176640473466,0.005530175757950173,0.01008004303381755,ENSG00000236301.5
ENSG00000112539.14,593.6691582503612,-2.2971132477407408,0.005576159976342742,0.010156637747996937,ENSG00000112539.14
ENSG00000132446.6,34.245865105480014,-6.443060940022673,0.005600072321759173,0.01019915729489696,ENSG00000132446.6
ENSG00000165370.1,17.568974381815377,-6.778815059261065,0.005612801690631949,0.010219228892441305,ENSG00000165370.1
ENSG00000196772.3,22.094524497337698,-5.850156758808596,0.005629086287428575,0.010244720078641944,ENSG00000196772.3
ENSG00000133980.4,293.25084013605243,-2.6931039619572132,0.005631015333056596,0.010246163441464642,ENSG00000133980.4
ENSG00000144962.6,25.697608844111144,-4.62209039053382,0.005787407987663532,0.010507082387777058,ENSG00000144962.6
ENSG00000170925.3,80.3913398548564,-3.2616875092903705,0.005939271289874377,0.010756873398023212,ENSG00000170925.3
ENSG00000165066.12,230.8363483310319,-2.115201988926964,0.006091551194203091,0.011009337538032439,ENSG00000165066.12
ENSG00000171133.2,77.00424822015778,-2.515611018366114,0.0061724720930675485,0.011148849080522551,ENSG00000171133.2
ENSG00000196188.10,1395.8092100101112,-1.667778974760462,0.006204192808046698,0.01120276054692381,ENSG00000196188.10
ENSG00000274391.4,295.03185581009956,-2.0359917666340026,0.00621544596643462,0.011220821710004667,ENSG00000274391.4
ENSG00000181903.4,52.89742926004719,-3.3459854897256416,0.006275261662862476,0.01131969639255468,ENSG00000181903.4
ENSG00000233515.1,70.61863349599685,-4.47241262981932,0.006321562095021143,0.01139519677224878,ENSG00000233515.1
ENSG00000163515.6,29.090213527028002,-3.3925575427792016,0.006373324537455121,0.01147927747194913,ENSG00000163515.6
ENSG00000203923.4,17.88024301380707,-5.9472894315095575,0.006446623503297893,0.011600818926855291,ENSG00000203923.4
ENSG00000103355.13,1303.18580129316,-2.0425610476153198,0.006466017487653607,0.011631052810122172,ENSG00000103355.13
ENSG00000175497.16,4425.901306489604,-1.9133483925568893,0.006533945297736991,0.011743822546057782,ENSG00000175497.16
ENSG00000164532.10,1726.1147526294592,-1.909589575137809,0.006583002174895151,0.01182488817941172,ENSG00000164532.10
ENSG00000249139.1,894.9206902355493,-1.7152130269230927,0.006779649223731214,0.012157430144054484,ENSG00000249139.1
ENSG00000250799.9,26.022278615452933,-3.4926283139555117,0.006790146350993523,0.012172604253759295,ENSG00000250799.9
ENSG00000234520.5,40.30355415142325,-3.775336469085636,0.006856339927388772,0.012282678446199754,ENSG00000234520.5
ENSG00000182533.6,334.1184313160947,1.5120584463610955,0.006916614787129865,0.012378298336871252,ENSG00000182533.6
ENSG00000277932.1,30.694326697576017,-4.565276393299547,0.006967142771950414,0.012463753016660646,ENSG00000277932.1
ENSG00000118702.9,1854.1519482120932,-1.8753127939521173,0.0071683068764749475,0.012798102515879602,ENSG00000118702.9
ENSG00000144285.17,1825.4210834830903,-1.633703770436893,0.007232344547282188,0.012906012751057613,ENSG00000144285.17
ENSG00000183631.4,61.31508477063427,-3.4312959906098297,0.007300537455899421,0.01301642767276648,ENSG00000183631.4
ENSG00000269586.7,109.82603291152463,-3.624669563549822,0.007485248196743262,0.013318902062094838,ENSG00000269586.7
ENSG00000164113.10,14.585613533632134,-4.853720731205049,0.007571036047450299,0.013456098543059573,ENSG00000164113.10
ENSG00000182698.11,6.904063965824921,-5.431421254324449,0.007646525972811858,0.013580284621415736,ENSG00000182698.11
ENSG00000132872.11,2112.9193845364603,-3.1504718062294734,0.007674337684925814,0.013628329481455252,ENSG00000132872.11
ENSG00000205858.9,8.688717188865466,-4.9804385905366715,0.007744221036024897,0.013738833107513816,ENSG00000205858.9
ENSG00000154143.2,125.02638604022475,-2.6205494053986635,0.007824687206563794,0.013872814246066472,ENSG00000154143.2
ENSG00000161634.11,24249.526564746353,-2.3493563311535786,0.007840115167088354,0.013895217941827966,ENSG00000161634.11
ENSG00000257138.1,19.922242317390815,-4.976953617417808,0.007924023060054157,0.014032841074472141,ENSG00000257138.1
ENSG00000225298.5,158.5163474762086,-2.6147426152036917,0.008048783913383017,0.014244028427538252,ENSG00000225298.5
ENSG00000143921.6,397.7205476234144,1.5215124665757749,0.008124696021987232,0.014362701549016444,ENSG00000143921.6
ENSG00000260737.5,74.40589810880923,-2.057964838957254,0.00813055367173826,0.014371640678947847,ENSG00000260737.5
ENSG00000179813.6,421.8658757866574,-1.7140325002556183,0.008231002830668433,0.014529157283884278,ENSG00000179813.6
ENSG00000163202.4,15.472601833279839,-5.525216909812793,0.008287005820127199,0.014616508938419575,ENSG00000163202.4
ENSG00000166091.19,2219.239773017394,1.55829433556048,0.008473577963160416,0.01491772070182372,ENSG00000166091.19
ENSG00000147246.9,254.32533428143202,-3.11870487592566,0.008478245383908118,0.014924473356564638,ENSG00000147246.9
ENSG00000070748.18,15.236489206849944,-5.7126020870386744,0.008595716012844876,0.015119393433827627,ENSG00000070748.18
ENSG00000112116.9,14.252351762590466,-5.077968304490449,0.008609604399102206,0.01514233794678405,ENSG00000112116.9
ENSG00000180016.2,86.61069540637988,2.642785771748677,0.008656409123363561,0.015218689878553045,ENSG00000180016.2
ENSG00000158764.6,235.29205752229586,-1.9344427222397746,0.008702971011696653,0.01529455522653017,ENSG00000158764.6
ENSG00000206177.6,94.40484074343931,2.5230988774234895,0.008810289749444356,0.015466493393433136,ENSG00000206177.6
ENSG00000282815.1,762.7907717744043,-2.9014282278746584,0.008856380744585427,0.015542844258616618,ENSG00000282815.1
ENSG00000198183.11,493.7449908398156,-3.2782965034530265,0.009238876103979117,0.016166681678729988,ENSG00000198183.11
ENSG00000245832.6,210.63804600353419,-2.180746176369945,0.009452977789828149,0.016510734983246032,ENSG00000245832.6
ENSG00000154620.5,12.035379533283129,-6.233077203592413,0.00948952708127841,0.01656812147702428,ENSG00000154620.5
ENSG00000145192.12,83.57715968508428,-2.8719111479174395,0.009612978977849771,0.016768975481193705,ENSG00000145192.12
ENSG00000273111.5,229.80377222286194,-1.9905386390200195,0.009689365212226984,0.016895654033332243,ENSG00000273111.5
ENSG00000261097.1,232.20647308597398,-1.6926339330438733,0.010174395291273048,0.017662458853648637,ENSG00000261097.1
ENSG00000224382.1,34.02231560408118,-4.226403695690495,0.010430872020621087,0.01807272466840519,ENSG00000224382.1
ENSG00000274274.1,104.51978566976965,-8.259369129811471,0.01047365239561857,0.018136339020901757,ENSG00000274274.1
ENSG00000268651.2,1101.4054519412402,-1.8417430795105911,0.010667638225045262,0.018441991778782845,ENSG00000268651.2
ENSG00000205927.4,131.14884433990852,-2.628649723642343,0.010674506838169779,0.018448882659214502,ENSG00000205927.4
ENSG00000134438.9,129.01733923425382,-2.549942519782428,0.010773336475015698,0.018606793374839413,ENSG00000134438.9
ENSG00000257057.2,70.63960696737196,-3.0215254107106637,0.010976691995340163,0.018932498747706288,ENSG00000257057.2
ENSG00000162009.8,216.06355808566568,-2.286958743540803,0.01110853098254203,0.01915068902956876,ENSG00000162009.8
ENSG00000147256.11,25250.694006236572,1.9131173443491931,0.011136259205255503,0.019192426008977078,ENSG00000147256.11
ENSG00000263417.4,112.8240998848305,-2.0130933800309907,0.01147362994039875,0.019725145350251487,ENSG00000263417.4
ENSG00000118271.9,282.52910264306,-1.6191869312550253,0.011698735488949402,0.020094812452442955,ENSG00000118271.9
ENSG00000236027.2,16.05459404411001,-4.050875715548389,0.011742072412327408,0.02015767367914186,ENSG00000236027.2
ENSG00000179136.6,112.71495556528055,2.0276630238889055,0.011776183302140305,0.02020849818193415,ENSG00000179136.6
ENSG00000186038.9,126.8691342383206,-1.9376916882697235,0.0120645632100809,0.02064610945908265,ENSG00000186038.9
ENSG00000234056.1,8.857793926488782,-5.7911871652192115,0.012471126633006457,0.02129669691330303,ENSG00000234056.1
ENSG00000186960.10,41.12819460349013,-3.6501354402479387,0.012532304817211974,0.021383334474632414,ENSG00000186960.10
ENSG00000196778.2,9.620188537918255,-5.910127827959679,0.012586299867296312,0.021465257914542128,ENSG00000196778.2
ENSG00000226516.7,49.669897126529946,2.5396981790461393,0.012620705009517126,0.02151545245583126,ENSG00000226516.7
ENSG00000204595.1,60.31920603190473,2.616893483103739,0.012696913190292237,0.02163334093375877,ENSG00000204595.1
ENSG00000185231.4,19.7294621240072,-6.040060845663711,0.012788769089946203,0.021775373294828686,ENSG00000185231.4
ENSG00000231163.5,14.540124519567776,-6.506107999357246,0.013035632210270608,0.022162056921440736,ENSG00000231163.5
ENSG00000125851.9,5133.597691387245,-1.797394029628918,0.013665500387386597,0.023147368399025554,ENSG00000125851.9
ENSG00000169059.12,276.38979791360117,-2.0229424073752535,0.014195704744376572,0.023971961015514583,ENSG00000169059.12
ENSG00000101204.16,510.8056860431318,-1.8227254420548569,0.014493849680582191,0.024430544370003405,ENSG00000101204.16
ENSG00000183733.6,192.1444974798387,1.6587715945535788,0.014505559227016669,0.024446264492368367,ENSG00000183733.6
ENSG00000135413.8,3602.3559722055934,-2.6043262864760255,0.014561860315743474,0.02453365818266527,ENSG00000135413.8
ENSG00000196289.7,148.95114245104165,-2.064834235934042,0.014849115820265577,0.02497541105765141,ENSG00000196289.7
ENSG00000258548.5,461.03752756649124,2.5987537364211524,0.015003306390361648,0.025225292968727425,ENSG00000258548.5
ENSG00000226757.2,66.66695400933384,-1.79393213146364,0.015033522541040397,0.02527372762614896,ENSG00000226757.2
ENSG00000130368.5,196.18821303833894,1.7846270736392749,0.015044624895884024,0.025290022906768506,ENSG00000130368.5
ENSG00000197953.5,640.5149779475805,1.6019724947455203,0.015153759386826678,0.025461551145035215,ENSG00000197953.5
ENSG00000242107.2,17.764035308013383,-4.153837081221733,0.015263971413250832,0.025627532428928575,ENSG00000242107.2
ENSG00000166862.6,52.533836867676605,2.563748785754369,0.01542848403767552,0.025886785962971,ENSG00000166862.6
ENSG00000260596.5,22.29752642103536,-2.1569826058147754,0.015451808284009015,0.02591864971861024,ENSG00000260596.5
ENSG00000138136.6,273.7254843250225,-2.5954767754283936,0.015521446814279137,0.026025728454220215,ENSG00000138136.6
ENSG00000165556.9,304.9148893155552,-2.3925189803378912,0.01557020530581958,0.026090417799992598,ENSG00000165556.9
ENSG00000176204.13,476.19167080259285,1.6317753521085316,0.01564283970315118,0.026202340626740254,ENSG00000176204.13
ENSG00000232258.6,54.74442835783185,-2.562364707009259,0.015684291765018198,0.02625951732198577,ENSG00000232258.6
ENSG00000181552.3,993.1989629321141,-1.516296355337281,0.015773811938483928,0.026402006307109805,ENSG00000181552.3
ENSG00000006116.3,41.29816370207045,-3.4836622690487364,0.015951469921588135,0.026684432668567584,ENSG00000006116.3
ENSG00000281591.1,8.953667438501263,-5.806052613134367,0.016021132266779828,0.026788479756111306,ENSG00000281591.1
ENSG00000147588.6,660.6574675392849,2.1594395651787206,0.016058934404980043,0.0268466840611718,ENSG00000147588.6
ENSG00000143006.7,18.499832954986324,-6.0799587043496395,0.01606379490582968,0.026852307806530834,ENSG00000143006.7
ENSG00000205835.8,187.60561667794542,2.5242972193400535,0.016122495410613516,0.026935375712536156,ENSG00000205835.8
ENSG00000182271.12,17.479568924592215,-3.656964613263298,0.016164824452333398,0.02699352677042514,ENSG00000182271.12
ENSG00000215853.3,161.68410083985347,-3.3755981713329817,0.01650578316060966,0.027521909418345796,ENSG00000215853.3
ENSG00000173976.15,72.29182007598712,2.627240648780869,0.01672302881088599,0.027847917025867967,ENSG00000173976.15
ENSG00000197838.4,980.6238793087169,-1.7108643372374788,0.016775452003640886,0.027927438792106924,ENSG00000197838.4
ENSG00000137440.4,12194.079245196397,1.6104079227190895,0.016843908414670906,0.028023203401431624,ENSG00000137440.4
ENSG00000223404.3,9.222062301873228,-5.849248451860718,0.01743116556821735,0.028933154837236255,ENSG00000223404.3
ENSG00000228836.8,26.10984111024564,-7.070644523379943,0.017718524051711433,0.029361237260792226,ENSG00000228836.8
ENSG00000236076.1,8.087410091997514,-5.659506167402079,0.01802520883385581,0.029817121978968825,ENSG00000236076.1
ENSG00000178403.3,2953.641546133064,1.5494416075086204,0.01815270224287236,0.03000589003628363,ENSG00000178403.3
ENSG00000253521.1,143.42992069080157,-1.6835877871717493,0.018380302436563238,0.030345764319033325,ENSG00000253521.1
ENSG00000124812.14,234.60341887730482,-2.1030852119131693,0.01865996199461668,0.030762192031367794,ENSG00000124812.14
ENSG00000163530.4,45.1116821486664,-5.548680058837546,0.018683514263402687,0.030798189841822178,ENSG00000163530.4
ENSG00000188691.5,18.550694303819537,-4.211725693026122,0.01908498341210411,0.031405159332665446,ENSG00000188691.5
ENSG00000143032.7,80.17477595588333,-3.2542428885230983,0.01923168443818741,0.031629158008652306,ENSG00000143032.7
ENSG00000090402.7,20.714472920453023,-3.9918888326386974,0.01948433165970004,0.03199188899798663,ENSG00000090402.7
ENSG00000245870.3,21.433561376190802,-3.5874908744319334,0.01991567858505213,0.0326284715898092,ENSG00000245870.3
ENSG00000197849.5,8.251123075022178,-5.688908268909031,0.019918479897124624,0.032630081693974904,ENSG00000197849.5
ENSG00000162763.3,281.9840098365991,-1.6791813663862243,0.020060722325846284,0.0328349161760095,ENSG00000162763.3
ENSG00000183185.9,171.85435120443643,-2.1671313317910488,0.020358647908731924,0.03328430245342842,ENSG00000183185.9
ENSG00000147613.7,132.39545804126337,-2.0310436059910506,0.02098433843731585,0.03424795202662891,ENSG00000147613.7
ENSG00000203737.3,130.1525795296938,-1.564375651364508,0.021101609237057554,0.03441743246436903,ENSG00000203737.3
ENSG00000100341.11,163.88517705235412,-2.5356299366210573,0.021481356799200026,0.03500499364708438,ENSG00000100341.11
ENSG00000137707.13,131.66850516069297,-1.745359581603423,0.021494278854905124,0.03502287009567405,ENSG00000137707.13
ENSG00000164299.6,21.269666229483093,-4.624902256292637,0.021829766266307265,0.03552112960155539,ENSG00000164299.6
ENSG00000169777.6,128.87689830029845,-1.8895515084883536,0.022064649838183754,0.035870799315623,ENSG00000169777.6
ENSG00000205293.3,69.86733197460808,-2.4628676991672274,0.0220902944073975,0.03590273120941425,ENSG00000205293.3
ENSG00000261082.1,48.62150889323587,1.6597863470403975,0.022132117454055477,0.03596093303251992,ENSG00000261082.1
ENSG00000158874.11,158.5821603367392,-1.560090664619455,0.022154823510336992,0.03599130812548453,ENSG00000158874.11
ENSG00000168843.13,952.2488023630614,-1.8748986338504752,0.02221092739768395,0.03607265299571353,ENSG00000168843.13
ENSG00000263878.1,28.260760869049385,-2.71814876623716,0.0222632583563318,0.036151099066756696,ENSG00000263878.1
ENSG00000104755.14,384.13311086068705,-2.5076203091932925,0.022278148883448506,0.03616873194134243,ENSG00000104755.14
ENSG00000125831.9,155.020137763547,-2.205681810310363,0.022602619396602436,0.03664246474821445,ENSG00000125831.9
ENSG00000095981.10,85.41849822910035,-2.5904486882954454,0.022637855070754213,0.036692656209056915,ENSG00000095981.10
ENSG00000177338.13,45.282893830236155,-2.76715777117207,0.023300180291034464,0.037647468254122594,ENSG00000177338.13
ENSG00000227213.1,83.46485044545601,-1.75335122940874,0.023512218165725452,0.03796272208653035,ENSG00000227213.1
ENSG00000177689.10,9.781727470574278,-5.934433249873043,0.023608812850331347,0.038094687857328724,ENSG00000177689.10
ENSG00000233338.1,171.2324250661362,-1.588457877016423,0.024294142884327394,0.03910557152359258,ENSG00000233338.1
ENSG00000225174.1,53.486899773840506,-3.3767706979990417,0.024330610496873174,0.03915724676162843,ENSG00000225174.1
ENSG00000204006.8,31.50388362717169,2.664191631622445,0.024384750196422035,0.03923382108809187,ENSG00000204006.8
ENSG00000280809.2,20.817576580739726,-4.237557476561757,0.024472375321551932,0.03935363240675805,ENSG00000280809.2
ENSG00000196570.2,17.708961795188785,-3.023268959361904,0.0249893857665361,0.04011671725945757,ENSG00000196570.2
ENSG00000157884.10,267.85643490968744,-1.5603451391860794,0.02531887375487272,0.040609327950628514,ENSG00000157884.10
ENSG00000105550.8,94.07984287411638,-2.933578092520752,0.026212944643391876,0.04195333741293198,ENSG00000105550.8
ENSG00000258453.2,7.235182321349011,-5.4992389574687515,0.02631820709024422,0.04210678464736978,ENSG00000258453.2
ENSG00000241128.1,8.839228116305904,-5.787716704251846,0.026672846735222154,0.042624767453695325,ENSG00000241128.1
ENSG00000215474.7,7.138317728347501,-5.4798879994624565,0.026903329156447844,0.042954834939859736,ENSG00000215474.7
ENSG00000123171.6,82.60535956156058,-1.9738152879105546,0.027001407598336514,0.043103759478376524,ENSG00000123171.6
ENSG00000237665.1,11.033029992731713,-6.1073642882728425,0.027062103923866723,0.04319680906555828,ENSG00000237665.1
ENSG00000263724.1,90.49320409499082,-2.2182223305651094,0.027177136581627213,0.04334957433408632,ENSG00000263724.1
ENSG00000110680.12,309.8237989666031,-1.8112940615602535,0.027373995105329684,0.043624797422056175,ENSG00000110680.12
ENSG00000227418.6,9.566550369795403,-5.9021883993386055,0.027709264090331826,0.04411600049448305,ENSG00000227418.6
ENSG00000166569.8,127.85223586733929,-1.69617180287038,0.02807548904947845,0.044651524553695435,ENSG00000166569.8
ENSG00000135902.9,108.32310310783275,-1.9429791630863609,0.02822579581279332,0.04487068789483038,ENSG00000135902.9
ENSG00000177504.10,107.10755297527278,-1.7291302611155128,0.028416785578099825,0.04514630632440634,ENSG00000177504.10
ENSG00000188937.5,86.35653439037767,-1.5918900393954023,0.029044914979743867,0.04608386551868336,ENSG00000188937.5
ENSG00000105605.7,65.94847234280826,-1.9696683026176773,0.02904544586472664,0.04608386551868336,ENSG00000105605.7
ENSG00000134640.2,92.92861483270065,-2.738504744317648,0.02906787228278771,0.04611129275661391,ENSG00000134640.2
ENSG00000205857.2,28.871665105159348,-3.4671956114102747,0.0290952395012182,0.046146546660510754,ENSG00000205857.2
ENSG00000136688.10,215.66673896152204,-1.6468823524386083,0.029610941013712044,0.046885731963381146,ENSG00000136688.10
ENSG00000180305.4,61.86078808363882,-2.5762917950942748,0.02967190225279561,0.04697811189640092,ENSG00000180305.4
ENSG00000259764.1,68.98224959253774,-1.9004698951515,0.0300940139571695,0.04759602401352951,ENSG00000259764.1
ENSG00000237338.1,94.95484640906344,-1.515055021934495,0.030551803491799517,0.048256250884978764,ENSG00000237338.1
ENSG00000166368.2,14.31005813896763,-5.362664456599063,0.031407919046126186,0.04947346953249426,ENSG00000166368.2
